"location","age_group","forecast_date","target_end_date","target","type","quantile","value","pathogen"
"DE","00+",2021-12-19,2021-12-19,"0 day ahead inc hosp","mean",NA,8132,"COVID-19"
"DE","00+",2021-12-19,2021-12-19,"0 day ahead inc hosp","quantile",0.025,6253,"COVID-19"
"DE","00+",2021-12-19,2021-12-19,"0 day ahead inc hosp","quantile",0.1,6790,"COVID-19"
"DE","00+",2021-12-19,2021-12-19,"0 day ahead inc hosp","quantile",0.25,7340,"COVID-19"
"DE","00+",2021-12-19,2021-12-19,"0 day ahead inc hosp","quantile",0.5,8033,"COVID-19"
"DE","00+",2021-12-19,2021-12-19,"0 day ahead inc hosp","quantile",0.75,8816,"COVID-19"
"DE","00+",2021-12-19,2021-12-19,"0 day ahead inc hosp","quantile",0.9,9602,"COVID-19"
"DE","00+",2021-12-19,2021-12-19,"0 day ahead inc hosp","quantile",0.975,10574,"COVID-19"
"DE","00+",2021-12-19,2021-12-18,"-1 day ahead inc hosp","mean",NA,8569,"COVID-19"
"DE","00+",2021-12-19,2021-12-18,"-1 day ahead inc hosp","quantile",0.025,6645,"COVID-19"
"DE","00+",2021-12-19,2021-12-18,"-1 day ahead inc hosp","quantile",0.1,7185,"COVID-19"
"DE","00+",2021-12-19,2021-12-18,"-1 day ahead inc hosp","quantile",0.25,7745,"COVID-19"
"DE","00+",2021-12-19,2021-12-18,"-1 day ahead inc hosp","quantile",0.5,8459,"COVID-19"
"DE","00+",2021-12-19,2021-12-18,"-1 day ahead inc hosp","quantile",0.75,9272,"COVID-19"
"DE","00+",2021-12-19,2021-12-18,"-1 day ahead inc hosp","quantile",0.9,10095,"COVID-19"
"DE","00+",2021-12-19,2021-12-18,"-1 day ahead inc hosp","quantile",0.975,11118,"COVID-19"
"DE","00+",2021-12-19,2021-12-17,"-2 day ahead inc hosp","mean",NA,8800,"COVID-19"
"DE","00+",2021-12-19,2021-12-17,"-2 day ahead inc hosp","quantile",0.025,7056,"COVID-19"
"DE","00+",2021-12-19,2021-12-17,"-2 day ahead inc hosp","quantile",0.1,7546,"COVID-19"
"DE","00+",2021-12-19,2021-12-17,"-2 day ahead inc hosp","quantile",0.25,8054,"COVID-19"
"DE","00+",2021-12-19,2021-12-17,"-2 day ahead inc hosp","quantile",0.5,8700,"COVID-19"
"DE","00+",2021-12-19,2021-12-17,"-2 day ahead inc hosp","quantile",0.75,9438,"COVID-19"
"DE","00+",2021-12-19,2021-12-17,"-2 day ahead inc hosp","quantile",0.9,10183,"COVID-19"
"DE","00+",2021-12-19,2021-12-17,"-2 day ahead inc hosp","quantile",0.975,11111,"COVID-19"
"DE","00+",2021-12-19,2021-12-16,"-3 day ahead inc hosp","mean",NA,8990,"COVID-19"
"DE","00+",2021-12-19,2021-12-16,"-3 day ahead inc hosp","quantile",0.025,7443,"COVID-19"
"DE","00+",2021-12-19,2021-12-16,"-3 day ahead inc hosp","quantile",0.1,7879,"COVID-19"
"DE","00+",2021-12-19,2021-12-16,"-3 day ahead inc hosp","quantile",0.25,8329,"COVID-19"
"DE","00+",2021-12-19,2021-12-16,"-3 day ahead inc hosp","quantile",0.5,8903,"COVID-19"
"DE","00+",2021-12-19,2021-12-16,"-3 day ahead inc hosp","quantile",0.75,9556,"COVID-19"
"DE","00+",2021-12-19,2021-12-16,"-3 day ahead inc hosp","quantile",0.9,10215,"COVID-19"
"DE","00+",2021-12-19,2021-12-16,"-3 day ahead inc hosp","quantile",0.975,11035,"COVID-19"
"DE","00+",2021-12-19,2021-12-15,"-4 day ahead inc hosp","mean",NA,9249,"COVID-19"
"DE","00+",2021-12-19,2021-12-15,"-4 day ahead inc hosp","quantile",0.025,7865,"COVID-19"
"DE","00+",2021-12-19,2021-12-15,"-4 day ahead inc hosp","quantile",0.1,8253,"COVID-19"
"DE","00+",2021-12-19,2021-12-15,"-4 day ahead inc hosp","quantile",0.25,8656,"COVID-19"
"DE","00+",2021-12-19,2021-12-15,"-4 day ahead inc hosp","quantile",0.5,9170,"COVID-19"
"DE","00+",2021-12-19,2021-12-15,"-4 day ahead inc hosp","quantile",0.75,9756,"COVID-19"
"DE","00+",2021-12-19,2021-12-15,"-4 day ahead inc hosp","quantile",0.9,10348,"COVID-19"
"DE","00+",2021-12-19,2021-12-15,"-4 day ahead inc hosp","quantile",0.975,11085,"COVID-19"
"DE","00+",2021-12-19,2021-12-14,"-5 day ahead inc hosp","mean",NA,9323,"COVID-19"
"DE","00+",2021-12-19,2021-12-14,"-5 day ahead inc hosp","quantile",0.025,8134,"COVID-19"
"DE","00+",2021-12-19,2021-12-14,"-5 day ahead inc hosp","quantile",0.1,8465,"COVID-19"
"DE","00+",2021-12-19,2021-12-14,"-5 day ahead inc hosp","quantile",0.25,8811,"COVID-19"
"DE","00+",2021-12-19,2021-12-14,"-5 day ahead inc hosp","quantile",0.5,9253,"COVID-19"
"DE","00+",2021-12-19,2021-12-14,"-5 day ahead inc hosp","quantile",0.75,9759,"COVID-19"
"DE","00+",2021-12-19,2021-12-14,"-5 day ahead inc hosp","quantile",0.9,10271,"COVID-19"
"DE","00+",2021-12-19,2021-12-14,"-5 day ahead inc hosp","quantile",0.975,10910,"COVID-19"
"DE","00+",2021-12-19,2021-12-13,"-6 day ahead inc hosp","mean",NA,9530,"COVID-19"
"DE","00+",2021-12-19,2021-12-13,"-6 day ahead inc hosp","quantile",0.025,8437,"COVID-19"
"DE","00+",2021-12-19,2021-12-13,"-6 day ahead inc hosp","quantile",0.1,8736,"COVID-19"
"DE","00+",2021-12-19,2021-12-13,"-6 day ahead inc hosp","quantile",0.25,9052,"COVID-19"
"DE","00+",2021-12-19,2021-12-13,"-6 day ahead inc hosp","quantile",0.5,9460,"COVID-19"
"DE","00+",2021-12-19,2021-12-13,"-6 day ahead inc hosp","quantile",0.75,9931,"COVID-19"
"DE","00+",2021-12-19,2021-12-13,"-6 day ahead inc hosp","quantile",0.9,10412,"COVID-19"
"DE","00+",2021-12-19,2021-12-13,"-6 day ahead inc hosp","quantile",0.975,11015,"COVID-19"
"DE","00+",2021-12-19,2021-12-12,"-7 day ahead inc hosp","mean",NA,9762,"COVID-19"
"DE","00+",2021-12-19,2021-12-12,"-7 day ahead inc hosp","quantile",0.025,8650,"COVID-19"
"DE","00+",2021-12-19,2021-12-12,"-7 day ahead inc hosp","quantile",0.1,8949,"COVID-19"
"DE","00+",2021-12-19,2021-12-12,"-7 day ahead inc hosp","quantile",0.25,9268,"COVID-19"
"DE","00+",2021-12-19,2021-12-12,"-7 day ahead inc hosp","quantile",0.5,9686,"COVID-19"
"DE","00+",2021-12-19,2021-12-12,"-7 day ahead inc hosp","quantile",0.75,10173,"COVID-19"
"DE","00+",2021-12-19,2021-12-12,"-7 day ahead inc hosp","quantile",0.9,10675,"COVID-19"
"DE","00+",2021-12-19,2021-12-12,"-7 day ahead inc hosp","quantile",0.975,11309,"COVID-19"
"DE","00+",2021-12-19,2021-12-11,"-8 day ahead inc hosp","mean",NA,9882,"COVID-19"
"DE","00+",2021-12-19,2021-12-11,"-8 day ahead inc hosp","quantile",0.025,8801,"COVID-19"
"DE","00+",2021-12-19,2021-12-11,"-8 day ahead inc hosp","quantile",0.1,9085,"COVID-19"
"DE","00+",2021-12-19,2021-12-11,"-8 day ahead inc hosp","quantile",0.25,9393,"COVID-19"
"DE","00+",2021-12-19,2021-12-11,"-8 day ahead inc hosp","quantile",0.5,9801,"COVID-19"
"DE","00+",2021-12-19,2021-12-11,"-8 day ahead inc hosp","quantile",0.75,10283,"COVID-19"
"DE","00+",2021-12-19,2021-12-11,"-8 day ahead inc hosp","quantile",0.9,10782,"COVID-19"
"DE","00+",2021-12-19,2021-12-11,"-8 day ahead inc hosp","quantile",0.975,11419,"COVID-19"
"DE","00+",2021-12-19,2021-12-10,"-9 day ahead inc hosp","mean",NA,10117,"COVID-19"
"DE","00+",2021-12-19,2021-12-10,"-9 day ahead inc hosp","quantile",0.025,9095,"COVID-19"
"DE","00+",2021-12-19,2021-12-10,"-9 day ahead inc hosp","quantile",0.1,9358,"COVID-19"
"DE","00+",2021-12-19,2021-12-10,"-9 day ahead inc hosp","quantile",0.25,9648,"COVID-19"
"DE","00+",2021-12-19,2021-12-10,"-9 day ahead inc hosp","quantile",0.5,10036,"COVID-19"
"DE","00+",2021-12-19,2021-12-10,"-9 day ahead inc hosp","quantile",0.75,10498,"COVID-19"
"DE","00+",2021-12-19,2021-12-10,"-9 day ahead inc hosp","quantile",0.9,10981,"COVID-19"
"DE","00+",2021-12-19,2021-12-10,"-9 day ahead inc hosp","quantile",0.975,11600,"COVID-19"
"DE","00+",2021-12-19,2021-12-09,"-10 day ahead inc hosp","mean",NA,10335,"COVID-19"
"DE","00+",2021-12-19,2021-12-09,"-10 day ahead inc hosp","quantile",0.025,9383,"COVID-19"
"DE","00+",2021-12-19,2021-12-09,"-10 day ahead inc hosp","quantile",0.1,9624,"COVID-19"
"DE","00+",2021-12-19,2021-12-09,"-10 day ahead inc hosp","quantile",0.25,9892,"COVID-19"
"DE","00+",2021-12-19,2021-12-09,"-10 day ahead inc hosp","quantile",0.5,10255,"COVID-19"
"DE","00+",2021-12-19,2021-12-09,"-10 day ahead inc hosp","quantile",0.75,10690,"COVID-19"
"DE","00+",2021-12-19,2021-12-09,"-10 day ahead inc hosp","quantile",0.9,11149,"COVID-19"
"DE","00+",2021-12-19,2021-12-09,"-10 day ahead inc hosp","quantile",0.975,11739,"COVID-19"
"DE","00+",2021-12-19,2021-12-08,"-11 day ahead inc hosp","mean",NA,10496,"COVID-19"
"DE","00+",2021-12-19,2021-12-08,"-11 day ahead inc hosp","quantile",0.025,9630,"COVID-19"
"DE","00+",2021-12-19,2021-12-08,"-11 day ahead inc hosp","quantile",0.1,9845,"COVID-19"
"DE","00+",2021-12-19,2021-12-08,"-11 day ahead inc hosp","quantile",0.25,10088,"COVID-19"
"DE","00+",2021-12-19,2021-12-08,"-11 day ahead inc hosp","quantile",0.5,10419,"COVID-19"
"DE","00+",2021-12-19,2021-12-08,"-11 day ahead inc hosp","quantile",0.75,10820,"COVID-19"
"DE","00+",2021-12-19,2021-12-08,"-11 day ahead inc hosp","quantile",0.9,11245,"COVID-19"
"DE","00+",2021-12-19,2021-12-08,"-11 day ahead inc hosp","quantile",0.975,11795,"COVID-19"
"DE","00+",2021-12-19,2021-12-07,"-12 day ahead inc hosp","mean",NA,10437,"COVID-19"
"DE","00+",2021-12-19,2021-12-07,"-12 day ahead inc hosp","quantile",0.025,9675,"COVID-19"
"DE","00+",2021-12-19,2021-12-07,"-12 day ahead inc hosp","quantile",0.1,9862,"COVID-19"
"DE","00+",2021-12-19,2021-12-07,"-12 day ahead inc hosp","quantile",0.25,10074,"COVID-19"
"DE","00+",2021-12-19,2021-12-07,"-12 day ahead inc hosp","quantile",0.5,10367,"COVID-19"
"DE","00+",2021-12-19,2021-12-07,"-12 day ahead inc hosp","quantile",0.75,10724,"COVID-19"
"DE","00+",2021-12-19,2021-12-07,"-12 day ahead inc hosp","quantile",0.9,11104,"COVID-19"
"DE","00+",2021-12-19,2021-12-07,"-12 day ahead inc hosp","quantile",0.975,11597,"COVID-19"
"DE","00+",2021-12-19,2021-12-06,"-13 day ahead inc hosp","mean",NA,10310,"COVID-19"
"DE","00+",2021-12-19,2021-12-06,"-13 day ahead inc hosp","quantile",0.025,9633,"COVID-19"
"DE","00+",2021-12-19,2021-12-06,"-13 day ahead inc hosp","quantile",0.1,9796,"COVID-19"
"DE","00+",2021-12-19,2021-12-06,"-13 day ahead inc hosp","quantile",0.25,9984,"COVID-19"
"DE","00+",2021-12-19,2021-12-06,"-13 day ahead inc hosp","quantile",0.5,10245,"COVID-19"
"DE","00+",2021-12-19,2021-12-06,"-13 day ahead inc hosp","quantile",0.75,10566,"COVID-19"
"DE","00+",2021-12-19,2021-12-06,"-13 day ahead inc hosp","quantile",0.9,10909,"COVID-19"
"DE","00+",2021-12-19,2021-12-06,"-13 day ahead inc hosp","quantile",0.975,11358,"COVID-19"
"DE","00+",2021-12-19,2021-12-05,"-14 day ahead inc hosp","mean",NA,10238,"COVID-19"
"DE","00+",2021-12-19,2021-12-05,"-14 day ahead inc hosp","quantile",0.025,9587,"COVID-19"
"DE","00+",2021-12-19,2021-12-05,"-14 day ahead inc hosp","quantile",0.1,9740,"COVID-19"
"DE","00+",2021-12-19,2021-12-05,"-14 day ahead inc hosp","quantile",0.25,9920,"COVID-19"
"DE","00+",2021-12-19,2021-12-05,"-14 day ahead inc hosp","quantile",0.5,10172,"COVID-19"
"DE","00+",2021-12-19,2021-12-05,"-14 day ahead inc hosp","quantile",0.75,10485,"COVID-19"
"DE","00+",2021-12-19,2021-12-05,"-14 day ahead inc hosp","quantile",0.9,10822,"COVID-19"
"DE","00+",2021-12-19,2021-12-05,"-14 day ahead inc hosp","quantile",0.975,11265,"COVID-19"
"DE","00+",2021-12-19,2021-12-04,"-15 day ahead inc hosp","mean",NA,10192,"COVID-19"
"DE","00+",2021-12-19,2021-12-04,"-15 day ahead inc hosp","quantile",0.025,9573,"COVID-19"
"DE","00+",2021-12-19,2021-12-04,"-15 day ahead inc hosp","quantile",0.1,9715,"COVID-19"
"DE","00+",2021-12-19,2021-12-04,"-15 day ahead inc hosp","quantile",0.25,9885,"COVID-19"
"DE","00+",2021-12-19,2021-12-04,"-15 day ahead inc hosp","quantile",0.5,10125,"COVID-19"
"DE","00+",2021-12-19,2021-12-04,"-15 day ahead inc hosp","quantile",0.75,10427,"COVID-19"
"DE","00+",2021-12-19,2021-12-04,"-15 day ahead inc hosp","quantile",0.9,10755,"COVID-19"
"DE","00+",2021-12-19,2021-12-04,"-15 day ahead inc hosp","quantile",0.975,11188,"COVID-19"
"DE","00+",2021-12-19,2021-12-03,"-16 day ahead inc hosp","mean",NA,10206,"COVID-19"
"DE","00+",2021-12-19,2021-12-03,"-16 day ahead inc hosp","quantile",0.025,9639,"COVID-19"
"DE","00+",2021-12-19,2021-12-03,"-16 day ahead inc hosp","quantile",0.1,9767,"COVID-19"
"DE","00+",2021-12-19,2021-12-03,"-16 day ahead inc hosp","quantile",0.25,9921,"COVID-19"
"DE","00+",2021-12-19,2021-12-03,"-16 day ahead inc hosp","quantile",0.5,10142,"COVID-19"
"DE","00+",2021-12-19,2021-12-03,"-16 day ahead inc hosp","quantile",0.75,10422,"COVID-19"
"DE","00+",2021-12-19,2021-12-03,"-16 day ahead inc hosp","quantile",0.9,10726,"COVID-19"
"DE","00+",2021-12-19,2021-12-03,"-16 day ahead inc hosp","quantile",0.975,11131,"COVID-19"
"DE","00+",2021-12-19,2021-12-02,"-17 day ahead inc hosp","mean",NA,10223,"COVID-19"
"DE","00+",2021-12-19,2021-12-02,"-17 day ahead inc hosp","quantile",0.025,9711,"COVID-19"
"DE","00+",2021-12-19,2021-12-02,"-17 day ahead inc hosp","quantile",0.1,9826,"COVID-19"
"DE","00+",2021-12-19,2021-12-02,"-17 day ahead inc hosp","quantile",0.25,9964,"COVID-19"
"DE","00+",2021-12-19,2021-12-02,"-17 day ahead inc hosp","quantile",0.5,10164,"COVID-19"
"DE","00+",2021-12-19,2021-12-02,"-17 day ahead inc hosp","quantile",0.75,10418,"COVID-19"
"DE","00+",2021-12-19,2021-12-02,"-17 day ahead inc hosp","quantile",0.9,10696,"COVID-19"
"DE","00+",2021-12-19,2021-12-02,"-17 day ahead inc hosp","quantile",0.975,11065,"COVID-19"
"DE","00+",2021-12-19,2021-12-01,"-18 day ahead inc hosp","mean",NA,10206,"COVID-19"
"DE","00+",2021-12-19,2021-12-01,"-18 day ahead inc hosp","quantile",0.025,9749,"COVID-19"
"DE","00+",2021-12-19,2021-12-01,"-18 day ahead inc hosp","quantile",0.1,9850,"COVID-19"
"DE","00+",2021-12-19,2021-12-01,"-18 day ahead inc hosp","quantile",0.25,9973,"COVID-19"
"DE","00+",2021-12-19,2021-12-01,"-18 day ahead inc hosp","quantile",0.5,10152,"COVID-19"
"DE","00+",2021-12-19,2021-12-01,"-18 day ahead inc hosp","quantile",0.75,10380,"COVID-19"
"DE","00+",2021-12-19,2021-12-01,"-18 day ahead inc hosp","quantile",0.9,10631,"COVID-19"
"DE","00+",2021-12-19,2021-12-01,"-18 day ahead inc hosp","quantile",0.975,10966,"COVID-19"
"DE","00+",2021-12-19,2021-11-30,"-19 day ahead inc hosp","mean",NA,10435,"COVID-19"
"DE","00+",2021-12-19,2021-11-30,"-19 day ahead inc hosp","quantile",0.025,10018,"COVID-19"
"DE","00+",2021-12-19,2021-11-30,"-19 day ahead inc hosp","quantile",0.1,10109,"COVID-19"
"DE","00+",2021-12-19,2021-11-30,"-19 day ahead inc hosp","quantile",0.25,10221,"COVID-19"
"DE","00+",2021-12-19,2021-11-30,"-19 day ahead inc hosp","quantile",0.5,10385,"COVID-19"
"DE","00+",2021-12-19,2021-11-30,"-19 day ahead inc hosp","quantile",0.75,10594,"COVID-19"
"DE","00+",2021-12-19,2021-11-30,"-19 day ahead inc hosp","quantile",0.9,10826,"COVID-19"
"DE","00+",2021-12-19,2021-11-30,"-19 day ahead inc hosp","quantile",0.975,11135,"COVID-19"
"DE","00+",2021-12-19,2021-11-29,"-20 day ahead inc hosp","mean",NA,10513,"COVID-19"
"DE","00+",2021-12-19,2021-11-29,"-20 day ahead inc hosp","quantile",0.025,10134,"COVID-19"
"DE","00+",2021-12-19,2021-11-29,"-20 day ahead inc hosp","quantile",0.1,10216,"COVID-19"
"DE","00+",2021-12-19,2021-11-29,"-20 day ahead inc hosp","quantile",0.25,10317,"COVID-19"
"DE","00+",2021-12-19,2021-11-29,"-20 day ahead inc hosp","quantile",0.5,10466,"COVID-19"
"DE","00+",2021-12-19,2021-11-29,"-20 day ahead inc hosp","quantile",0.75,10659,"COVID-19"
"DE","00+",2021-12-19,2021-11-29,"-20 day ahead inc hosp","quantile",0.9,10871,"COVID-19"
"DE","00+",2021-12-19,2021-11-29,"-20 day ahead inc hosp","quantile",0.975,11157,"COVID-19"
"DE","00+",2021-12-19,2021-11-28,"-21 day ahead inc hosp","mean",NA,10595,"COVID-19"
"DE","00+",2021-12-19,2021-11-28,"-21 day ahead inc hosp","quantile",0.025,10229,"COVID-19"
"DE","00+",2021-12-19,2021-11-28,"-21 day ahead inc hosp","quantile",0.1,10306,"COVID-19"
"DE","00+",2021-12-19,2021-11-28,"-21 day ahead inc hosp","quantile",0.25,10404,"COVID-19"
"DE","00+",2021-12-19,2021-11-28,"-21 day ahead inc hosp","quantile",0.5,10548,"COVID-19"
"DE","00+",2021-12-19,2021-11-28,"-21 day ahead inc hosp","quantile",0.75,10735,"COVID-19"
"DE","00+",2021-12-19,2021-11-28,"-21 day ahead inc hosp","quantile",0.9,10943,"COVID-19"
"DE","00+",2021-12-19,2021-11-28,"-21 day ahead inc hosp","quantile",0.975,11222,"COVID-19"
"DE","00+",2021-12-19,2021-11-27,"-22 day ahead inc hosp","mean",NA,10517,"COVID-19"
"DE","00+",2021-12-19,2021-11-27,"-22 day ahead inc hosp","quantile",0.025,10172,"COVID-19"
"DE","00+",2021-12-19,2021-11-27,"-22 day ahead inc hosp","quantile",0.1,10244,"COVID-19"
"DE","00+",2021-12-19,2021-11-27,"-22 day ahead inc hosp","quantile",0.25,10335,"COVID-19"
"DE","00+",2021-12-19,2021-11-27,"-22 day ahead inc hosp","quantile",0.5,10472,"COVID-19"
"DE","00+",2021-12-19,2021-11-27,"-22 day ahead inc hosp","quantile",0.75,10650,"COVID-19"
"DE","00+",2021-12-19,2021-11-27,"-22 day ahead inc hosp","quantile",0.9,10850,"COVID-19"
"DE","00+",2021-12-19,2021-11-27,"-22 day ahead inc hosp","quantile",0.975,11119,"COVID-19"
"DE","00+",2021-12-19,2021-11-26,"-23 day ahead inc hosp","mean",NA,10535,"COVID-19"
"DE","00+",2021-12-19,2021-11-26,"-23 day ahead inc hosp","quantile",0.025,10218,"COVID-19"
"DE","00+",2021-12-19,2021-11-26,"-23 day ahead inc hosp","quantile",0.1,10283,"COVID-19"
"DE","00+",2021-12-19,2021-11-26,"-23 day ahead inc hosp","quantile",0.25,10366,"COVID-19"
"DE","00+",2021-12-19,2021-11-26,"-23 day ahead inc hosp","quantile",0.5,10492,"COVID-19"
"DE","00+",2021-12-19,2021-11-26,"-23 day ahead inc hosp","quantile",0.75,10658,"COVID-19"
"DE","00+",2021-12-19,2021-11-26,"-23 day ahead inc hosp","quantile",0.9,10845,"COVID-19"
"DE","00+",2021-12-19,2021-11-26,"-23 day ahead inc hosp","quantile",0.975,11098,"COVID-19"
"DE","00+",2021-12-19,2021-11-25,"-24 day ahead inc hosp","mean",NA,10496,"COVID-19"
"DE","00+",2021-12-19,2021-11-25,"-24 day ahead inc hosp","quantile",0.025,10208,"COVID-19"
"DE","00+",2021-12-19,2021-11-25,"-24 day ahead inc hosp","quantile",0.1,10265,"COVID-19"
"DE","00+",2021-12-19,2021-11-25,"-24 day ahead inc hosp","quantile",0.25,10340,"COVID-19"
"DE","00+",2021-12-19,2021-11-25,"-24 day ahead inc hosp","quantile",0.5,10455,"COVID-19"
"DE","00+",2021-12-19,2021-11-25,"-24 day ahead inc hosp","quantile",0.75,10608,"COVID-19"
"DE","00+",2021-12-19,2021-11-25,"-24 day ahead inc hosp","quantile",0.9,10781,"COVID-19"
"DE","00+",2021-12-19,2021-11-25,"-24 day ahead inc hosp","quantile",0.975,11017,"COVID-19"
"DE","00+",2021-12-19,2021-11-24,"-25 day ahead inc hosp","mean",NA,10346,"COVID-19"
"DE","00+",2021-12-19,2021-11-24,"-25 day ahead inc hosp","quantile",0.025,10091,"COVID-19"
"DE","00+",2021-12-19,2021-11-24,"-25 day ahead inc hosp","quantile",0.1,10141,"COVID-19"
"DE","00+",2021-12-19,2021-11-24,"-25 day ahead inc hosp","quantile",0.25,10207,"COVID-19"
"DE","00+",2021-12-19,2021-11-24,"-25 day ahead inc hosp","quantile",0.5,10309,"COVID-19"
"DE","00+",2021-12-19,2021-11-24,"-25 day ahead inc hosp","quantile",0.75,10445,"COVID-19"
"DE","00+",2021-12-19,2021-11-24,"-25 day ahead inc hosp","quantile",0.9,10601,"COVID-19"
"DE","00+",2021-12-19,2021-11-24,"-25 day ahead inc hosp","quantile",0.975,10814,"COVID-19"
"DE","00+",2021-12-19,2021-11-23,"-26 day ahead inc hosp","mean",NA,10258,"COVID-19"
"DE","00+",2021-12-19,2021-11-23,"-26 day ahead inc hosp","quantile",0.025,10035,"COVID-19"
"DE","00+",2021-12-19,2021-11-23,"-26 day ahead inc hosp","quantile",0.1,10078,"COVID-19"
"DE","00+",2021-12-19,2021-11-23,"-26 day ahead inc hosp","quantile",0.25,10135,"COVID-19"
"DE","00+",2021-12-19,2021-11-23,"-26 day ahead inc hosp","quantile",0.5,10225,"COVID-19"
"DE","00+",2021-12-19,2021-11-23,"-26 day ahead inc hosp","quantile",0.75,10345,"COVID-19"
"DE","00+",2021-12-19,2021-11-23,"-26 day ahead inc hosp","quantile",0.9,10484,"COVID-19"
"DE","00+",2021-12-19,2021-11-23,"-26 day ahead inc hosp","quantile",0.975,10673,"COVID-19"
"DE","00+",2021-12-19,2021-11-22,"-27 day ahead inc hosp","mean",NA,10039,"COVID-19"
"DE","00+",2021-12-19,2021-11-22,"-27 day ahead inc hosp","quantile",0.025,9840,"COVID-19"
"DE","00+",2021-12-19,2021-11-22,"-27 day ahead inc hosp","quantile",0.1,9878,"COVID-19"
"DE","00+",2021-12-19,2021-11-22,"-27 day ahead inc hosp","quantile",0.25,9928,"COVID-19"
"DE","00+",2021-12-19,2021-11-22,"-27 day ahead inc hosp","quantile",0.5,10008,"COVID-19"
"DE","00+",2021-12-19,2021-11-22,"-27 day ahead inc hosp","quantile",0.75,10116,"COVID-19"
"DE","00+",2021-12-19,2021-11-22,"-27 day ahead inc hosp","quantile",0.9,10239,"COVID-19"
"DE","00+",2021-12-19,2021-11-22,"-27 day ahead inc hosp","quantile",0.975,10409,"COVID-19"
"DE","00+",2021-12-19,2021-11-21,"-28 day ahead inc hosp","mean",NA,9916,"COVID-19"
"DE","00+",2021-12-19,2021-11-21,"-28 day ahead inc hosp","quantile",0.025,9729,"COVID-19"
"DE","00+",2021-12-19,2021-11-21,"-28 day ahead inc hosp","quantile",0.1,9764,"COVID-19"
"DE","00+",2021-12-19,2021-11-21,"-28 day ahead inc hosp","quantile",0.25,9812,"COVID-19"
"DE","00+",2021-12-19,2021-11-21,"-28 day ahead inc hosp","quantile",0.5,9887,"COVID-19"
"DE","00+",2021-12-19,2021-11-21,"-28 day ahead inc hosp","quantile",0.75,9990,"COVID-19"
"DE","00+",2021-12-19,2021-11-21,"-28 day ahead inc hosp","quantile",0.9,10107,"COVID-19"
"DE","00+",2021-12-19,2021-11-21,"-28 day ahead inc hosp","quantile",0.975,10269,"COVID-19"
"DE","00-04",2021-12-19,2021-12-19,"0 day ahead inc hosp","mean",NA,143,"COVID-19"
"DE","00-04",2021-12-19,2021-12-19,"0 day ahead inc hosp","quantile",0.025,118,"COVID-19"
"DE","00-04",2021-12-19,2021-12-19,"0 day ahead inc hosp","quantile",0.1,125,"COVID-19"
"DE","00-04",2021-12-19,2021-12-19,"0 day ahead inc hosp","quantile",0.25,132,"COVID-19"
"DE","00-04",2021-12-19,2021-12-19,"0 day ahead inc hosp","quantile",0.5,141,"COVID-19"
"DE","00-04",2021-12-19,2021-12-19,"0 day ahead inc hosp","quantile",0.75,152,"COVID-19"
"DE","00-04",2021-12-19,2021-12-19,"0 day ahead inc hosp","quantile",0.9,162,"COVID-19"
"DE","00-04",2021-12-19,2021-12-19,"0 day ahead inc hosp","quantile",0.975,176,"COVID-19"
"DE","00-04",2021-12-19,2021-12-18,"-1 day ahead inc hosp","mean",NA,140,"COVID-19"
"DE","00-04",2021-12-19,2021-12-18,"-1 day ahead inc hosp","quantile",0.025,120,"COVID-19"
"DE","00-04",2021-12-19,2021-12-18,"-1 day ahead inc hosp","quantile",0.1,126,"COVID-19"
"DE","00-04",2021-12-19,2021-12-18,"-1 day ahead inc hosp","quantile",0.25,132,"COVID-19"
"DE","00-04",2021-12-19,2021-12-18,"-1 day ahead inc hosp","quantile",0.5,139,"COVID-19"
"DE","00-04",2021-12-19,2021-12-18,"-1 day ahead inc hosp","quantile",0.75,148,"COVID-19"
"DE","00-04",2021-12-19,2021-12-18,"-1 day ahead inc hosp","quantile",0.9,156,"COVID-19"
"DE","00-04",2021-12-19,2021-12-18,"-1 day ahead inc hosp","quantile",0.975,167,"COVID-19"
"DE","00-04",2021-12-19,2021-12-17,"-2 day ahead inc hosp","mean",NA,160,"COVID-19"
"DE","00-04",2021-12-19,2021-12-17,"-2 day ahead inc hosp","quantile",0.025,139,"COVID-19"
"DE","00-04",2021-12-19,2021-12-17,"-2 day ahead inc hosp","quantile",0.1,145,"COVID-19"
"DE","00-04",2021-12-19,2021-12-17,"-2 day ahead inc hosp","quantile",0.25,151,"COVID-19"
"DE","00-04",2021-12-19,2021-12-17,"-2 day ahead inc hosp","quantile",0.5,159,"COVID-19"
"DE","00-04",2021-12-19,2021-12-17,"-2 day ahead inc hosp","quantile",0.75,168,"COVID-19"
"DE","00-04",2021-12-19,2021-12-17,"-2 day ahead inc hosp","quantile",0.9,177,"COVID-19"
"DE","00-04",2021-12-19,2021-12-17,"-2 day ahead inc hosp","quantile",0.975,189,"COVID-19"
"DE","00-04",2021-12-19,2021-12-16,"-3 day ahead inc hosp","mean",NA,153,"COVID-19"
"DE","00-04",2021-12-19,2021-12-16,"-3 day ahead inc hosp","quantile",0.025,135,"COVID-19"
"DE","00-04",2021-12-19,2021-12-16,"-3 day ahead inc hosp","quantile",0.1,140,"COVID-19"
"DE","00-04",2021-12-19,2021-12-16,"-3 day ahead inc hosp","quantile",0.25,145,"COVID-19"
"DE","00-04",2021-12-19,2021-12-16,"-3 day ahead inc hosp","quantile",0.5,151,"COVID-19"
"DE","00-04",2021-12-19,2021-12-16,"-3 day ahead inc hosp","quantile",0.75,159,"COVID-19"
"DE","00-04",2021-12-19,2021-12-16,"-3 day ahead inc hosp","quantile",0.9,167,"COVID-19"
"DE","00-04",2021-12-19,2021-12-16,"-3 day ahead inc hosp","quantile",0.975,177,"COVID-19"
"DE","00-04",2021-12-19,2021-12-15,"-4 day ahead inc hosp","mean",NA,155,"COVID-19"
"DE","00-04",2021-12-19,2021-12-15,"-4 day ahead inc hosp","quantile",0.025,139,"COVID-19"
"DE","00-04",2021-12-19,2021-12-15,"-4 day ahead inc hosp","quantile",0.1,143,"COVID-19"
"DE","00-04",2021-12-19,2021-12-15,"-4 day ahead inc hosp","quantile",0.25,148,"COVID-19"
"DE","00-04",2021-12-19,2021-12-15,"-4 day ahead inc hosp","quantile",0.5,153,"COVID-19"
"DE","00-04",2021-12-19,2021-12-15,"-4 day ahead inc hosp","quantile",0.75,160,"COVID-19"
"DE","00-04",2021-12-19,2021-12-15,"-4 day ahead inc hosp","quantile",0.9,167,"COVID-19"
"DE","00-04",2021-12-19,2021-12-15,"-4 day ahead inc hosp","quantile",0.975,176,"COVID-19"
"DE","00-04",2021-12-19,2021-12-14,"-5 day ahead inc hosp","mean",NA,140,"COVID-19"
"DE","00-04",2021-12-19,2021-12-14,"-5 day ahead inc hosp","quantile",0.025,128,"COVID-19"
"DE","00-04",2021-12-19,2021-12-14,"-5 day ahead inc hosp","quantile",0.1,131,"COVID-19"
"DE","00-04",2021-12-19,2021-12-14,"-5 day ahead inc hosp","quantile",0.25,135,"COVID-19"
"DE","00-04",2021-12-19,2021-12-14,"-5 day ahead inc hosp","quantile",0.5,139,"COVID-19"
"DE","00-04",2021-12-19,2021-12-14,"-5 day ahead inc hosp","quantile",0.75,145,"COVID-19"
"DE","00-04",2021-12-19,2021-12-14,"-5 day ahead inc hosp","quantile",0.9,151,"COVID-19"
"DE","00-04",2021-12-19,2021-12-14,"-5 day ahead inc hosp","quantile",0.975,159,"COVID-19"
"DE","00-04",2021-12-19,2021-12-13,"-6 day ahead inc hosp","mean",NA,137,"COVID-19"
"DE","00-04",2021-12-19,2021-12-13,"-6 day ahead inc hosp","quantile",0.025,126,"COVID-19"
"DE","00-04",2021-12-19,2021-12-13,"-6 day ahead inc hosp","quantile",0.1,129,"COVID-19"
"DE","00-04",2021-12-19,2021-12-13,"-6 day ahead inc hosp","quantile",0.25,132,"COVID-19"
"DE","00-04",2021-12-19,2021-12-13,"-6 day ahead inc hosp","quantile",0.5,136,"COVID-19"
"DE","00-04",2021-12-19,2021-12-13,"-6 day ahead inc hosp","quantile",0.75,141,"COVID-19"
"DE","00-04",2021-12-19,2021-12-13,"-6 day ahead inc hosp","quantile",0.9,147,"COVID-19"
"DE","00-04",2021-12-19,2021-12-13,"-6 day ahead inc hosp","quantile",0.975,154,"COVID-19"
"DE","00-04",2021-12-19,2021-12-12,"-7 day ahead inc hosp","mean",NA,132,"COVID-19"
"DE","00-04",2021-12-19,2021-12-12,"-7 day ahead inc hosp","quantile",0.025,122,"COVID-19"
"DE","00-04",2021-12-19,2021-12-12,"-7 day ahead inc hosp","quantile",0.1,124,"COVID-19"
"DE","00-04",2021-12-19,2021-12-12,"-7 day ahead inc hosp","quantile",0.25,127,"COVID-19"
"DE","00-04",2021-12-19,2021-12-12,"-7 day ahead inc hosp","quantile",0.5,131,"COVID-19"
"DE","00-04",2021-12-19,2021-12-12,"-7 day ahead inc hosp","quantile",0.75,136,"COVID-19"
"DE","00-04",2021-12-19,2021-12-12,"-7 day ahead inc hosp","quantile",0.9,141,"COVID-19"
"DE","00-04",2021-12-19,2021-12-12,"-7 day ahead inc hosp","quantile",0.975,147,"COVID-19"
"DE","00-04",2021-12-19,2021-12-11,"-8 day ahead inc hosp","mean",NA,137,"COVID-19"
"DE","00-04",2021-12-19,2021-12-11,"-8 day ahead inc hosp","quantile",0.025,128,"COVID-19"
"DE","00-04",2021-12-19,2021-12-11,"-8 day ahead inc hosp","quantile",0.1,130,"COVID-19"
"DE","00-04",2021-12-19,2021-12-11,"-8 day ahead inc hosp","quantile",0.25,132,"COVID-19"
"DE","00-04",2021-12-19,2021-12-11,"-8 day ahead inc hosp","quantile",0.5,136,"COVID-19"
"DE","00-04",2021-12-19,2021-12-11,"-8 day ahead inc hosp","quantile",0.75,141,"COVID-19"
"DE","00-04",2021-12-19,2021-12-11,"-8 day ahead inc hosp","quantile",0.9,145,"COVID-19"
"DE","00-04",2021-12-19,2021-12-11,"-8 day ahead inc hosp","quantile",0.975,152,"COVID-19"
"DE","00-04",2021-12-19,2021-12-10,"-9 day ahead inc hosp","mean",NA,128,"COVID-19"
"DE","00-04",2021-12-19,2021-12-10,"-9 day ahead inc hosp","quantile",0.025,120,"COVID-19"
"DE","00-04",2021-12-19,2021-12-10,"-9 day ahead inc hosp","quantile",0.1,122,"COVID-19"
"DE","00-04",2021-12-19,2021-12-10,"-9 day ahead inc hosp","quantile",0.25,124,"COVID-19"
"DE","00-04",2021-12-19,2021-12-10,"-9 day ahead inc hosp","quantile",0.5,127,"COVID-19"
"DE","00-04",2021-12-19,2021-12-10,"-9 day ahead inc hosp","quantile",0.75,131,"COVID-19"
"DE","00-04",2021-12-19,2021-12-10,"-9 day ahead inc hosp","quantile",0.9,135,"COVID-19"
"DE","00-04",2021-12-19,2021-12-10,"-9 day ahead inc hosp","quantile",0.975,141,"COVID-19"
"DE","00-04",2021-12-19,2021-12-09,"-10 day ahead inc hosp","mean",NA,127,"COVID-19"
"DE","00-04",2021-12-19,2021-12-09,"-10 day ahead inc hosp","quantile",0.025,119,"COVID-19"
"DE","00-04",2021-12-19,2021-12-09,"-10 day ahead inc hosp","quantile",0.1,121,"COVID-19"
"DE","00-04",2021-12-19,2021-12-09,"-10 day ahead inc hosp","quantile",0.25,123,"COVID-19"
"DE","00-04",2021-12-19,2021-12-09,"-10 day ahead inc hosp","quantile",0.5,126,"COVID-19"
"DE","00-04",2021-12-19,2021-12-09,"-10 day ahead inc hosp","quantile",0.75,130,"COVID-19"
"DE","00-04",2021-12-19,2021-12-09,"-10 day ahead inc hosp","quantile",0.9,134,"COVID-19"
"DE","00-04",2021-12-19,2021-12-09,"-10 day ahead inc hosp","quantile",0.975,139,"COVID-19"
"DE","00-04",2021-12-19,2021-12-08,"-11 day ahead inc hosp","mean",NA,141,"COVID-19"
"DE","00-04",2021-12-19,2021-12-08,"-11 day ahead inc hosp","quantile",0.025,133,"COVID-19"
"DE","00-04",2021-12-19,2021-12-08,"-11 day ahead inc hosp","quantile",0.1,135,"COVID-19"
"DE","00-04",2021-12-19,2021-12-08,"-11 day ahead inc hosp","quantile",0.25,137,"COVID-19"
"DE","00-04",2021-12-19,2021-12-08,"-11 day ahead inc hosp","quantile",0.5,140,"COVID-19"
"DE","00-04",2021-12-19,2021-12-08,"-11 day ahead inc hosp","quantile",0.75,143,"COVID-19"
"DE","00-04",2021-12-19,2021-12-08,"-11 day ahead inc hosp","quantile",0.9,148,"COVID-19"
"DE","00-04",2021-12-19,2021-12-08,"-11 day ahead inc hosp","quantile",0.975,154,"COVID-19"
"DE","00-04",2021-12-19,2021-12-07,"-12 day ahead inc hosp","mean",NA,145,"COVID-19"
"DE","00-04",2021-12-19,2021-12-07,"-12 day ahead inc hosp","quantile",0.025,138,"COVID-19"
"DE","00-04",2021-12-19,2021-12-07,"-12 day ahead inc hosp","quantile",0.1,139,"COVID-19"
"DE","00-04",2021-12-19,2021-12-07,"-12 day ahead inc hosp","quantile",0.25,141,"COVID-19"
"DE","00-04",2021-12-19,2021-12-07,"-12 day ahead inc hosp","quantile",0.5,144,"COVID-19"
"DE","00-04",2021-12-19,2021-12-07,"-12 day ahead inc hosp","quantile",0.75,148,"COVID-19"
"DE","00-04",2021-12-19,2021-12-07,"-12 day ahead inc hosp","quantile",0.9,152,"COVID-19"
"DE","00-04",2021-12-19,2021-12-07,"-12 day ahead inc hosp","quantile",0.975,158,"COVID-19"
"DE","00-04",2021-12-19,2021-12-06,"-13 day ahead inc hosp","mean",NA,153,"COVID-19"
"DE","00-04",2021-12-19,2021-12-06,"-13 day ahead inc hosp","quantile",0.025,146,"COVID-19"
"DE","00-04",2021-12-19,2021-12-06,"-13 day ahead inc hosp","quantile",0.1,147,"COVID-19"
"DE","00-04",2021-12-19,2021-12-06,"-13 day ahead inc hosp","quantile",0.25,149,"COVID-19"
"DE","00-04",2021-12-19,2021-12-06,"-13 day ahead inc hosp","quantile",0.5,152,"COVID-19"
"DE","00-04",2021-12-19,2021-12-06,"-13 day ahead inc hosp","quantile",0.75,156,"COVID-19"
"DE","00-04",2021-12-19,2021-12-06,"-13 day ahead inc hosp","quantile",0.9,161,"COVID-19"
"DE","00-04",2021-12-19,2021-12-06,"-13 day ahead inc hosp","quantile",0.975,168,"COVID-19"
"DE","00-04",2021-12-19,2021-12-05,"-14 day ahead inc hosp","mean",NA,157,"COVID-19"
"DE","00-04",2021-12-19,2021-12-05,"-14 day ahead inc hosp","quantile",0.025,150,"COVID-19"
"DE","00-04",2021-12-19,2021-12-05,"-14 day ahead inc hosp","quantile",0.1,151,"COVID-19"
"DE","00-04",2021-12-19,2021-12-05,"-14 day ahead inc hosp","quantile",0.25,153,"COVID-19"
"DE","00-04",2021-12-19,2021-12-05,"-14 day ahead inc hosp","quantile",0.5,156,"COVID-19"
"DE","00-04",2021-12-19,2021-12-05,"-14 day ahead inc hosp","quantile",0.75,160,"COVID-19"
"DE","00-04",2021-12-19,2021-12-05,"-14 day ahead inc hosp","quantile",0.9,166,"COVID-19"
"DE","00-04",2021-12-19,2021-12-05,"-14 day ahead inc hosp","quantile",0.975,173,"COVID-19"
"DE","00-04",2021-12-19,2021-12-04,"-15 day ahead inc hosp","mean",NA,142,"COVID-19"
"DE","00-04",2021-12-19,2021-12-04,"-15 day ahead inc hosp","quantile",0.025,136,"COVID-19"
"DE","00-04",2021-12-19,2021-12-04,"-15 day ahead inc hosp","quantile",0.1,136,"COVID-19"
"DE","00-04",2021-12-19,2021-12-04,"-15 day ahead inc hosp","quantile",0.25,138,"COVID-19"
"DE","00-04",2021-12-19,2021-12-04,"-15 day ahead inc hosp","quantile",0.5,140,"COVID-19"
"DE","00-04",2021-12-19,2021-12-04,"-15 day ahead inc hosp","quantile",0.75,145,"COVID-19"
"DE","00-04",2021-12-19,2021-12-04,"-15 day ahead inc hosp","quantile",0.9,151,"COVID-19"
"DE","00-04",2021-12-19,2021-12-04,"-15 day ahead inc hosp","quantile",0.975,159,"COVID-19"
"DE","00-04",2021-12-19,2021-12-03,"-16 day ahead inc hosp","mean",NA,149,"COVID-19"
"DE","00-04",2021-12-19,2021-12-03,"-16 day ahead inc hosp","quantile",0.025,143,"COVID-19"
"DE","00-04",2021-12-19,2021-12-03,"-16 day ahead inc hosp","quantile",0.1,143,"COVID-19"
"DE","00-04",2021-12-19,2021-12-03,"-16 day ahead inc hosp","quantile",0.25,144,"COVID-19"
"DE","00-04",2021-12-19,2021-12-03,"-16 day ahead inc hosp","quantile",0.5,147,"COVID-19"
"DE","00-04",2021-12-19,2021-12-03,"-16 day ahead inc hosp","quantile",0.75,152,"COVID-19"
"DE","00-04",2021-12-19,2021-12-03,"-16 day ahead inc hosp","quantile",0.9,158,"COVID-19"
"DE","00-04",2021-12-19,2021-12-03,"-16 day ahead inc hosp","quantile",0.975,167,"COVID-19"
"DE","00-04",2021-12-19,2021-12-02,"-17 day ahead inc hosp","mean",NA,152,"COVID-19"
"DE","00-04",2021-12-19,2021-12-02,"-17 day ahead inc hosp","quantile",0.025,146,"COVID-19"
"DE","00-04",2021-12-19,2021-12-02,"-17 day ahead inc hosp","quantile",0.1,146,"COVID-19"
"DE","00-04",2021-12-19,2021-12-02,"-17 day ahead inc hosp","quantile",0.25,147,"COVID-19"
"DE","00-04",2021-12-19,2021-12-02,"-17 day ahead inc hosp","quantile",0.5,149,"COVID-19"
"DE","00-04",2021-12-19,2021-12-02,"-17 day ahead inc hosp","quantile",0.75,154,"COVID-19"
"DE","00-04",2021-12-19,2021-12-02,"-17 day ahead inc hosp","quantile",0.9,161,"COVID-19"
"DE","00-04",2021-12-19,2021-12-02,"-17 day ahead inc hosp","quantile",0.975,171,"COVID-19"
"DE","00-04",2021-12-19,2021-12-01,"-18 day ahead inc hosp","mean",NA,139,"COVID-19"
"DE","00-04",2021-12-19,2021-12-01,"-18 day ahead inc hosp","quantile",0.025,134,"COVID-19"
"DE","00-04",2021-12-19,2021-12-01,"-18 day ahead inc hosp","quantile",0.1,134,"COVID-19"
"DE","00-04",2021-12-19,2021-12-01,"-18 day ahead inc hosp","quantile",0.25,134,"COVID-19"
"DE","00-04",2021-12-19,2021-12-01,"-18 day ahead inc hosp","quantile",0.5,137,"COVID-19"
"DE","00-04",2021-12-19,2021-12-01,"-18 day ahead inc hosp","quantile",0.75,141,"COVID-19"
"DE","00-04",2021-12-19,2021-12-01,"-18 day ahead inc hosp","quantile",0.9,147,"COVID-19"
"DE","00-04",2021-12-19,2021-12-01,"-18 day ahead inc hosp","quantile",0.975,157,"COVID-19"
"DE","00-04",2021-12-19,2021-11-30,"-19 day ahead inc hosp","mean",NA,149,"COVID-19"
"DE","00-04",2021-12-19,2021-11-30,"-19 day ahead inc hosp","quantile",0.025,144,"COVID-19"
"DE","00-04",2021-12-19,2021-11-30,"-19 day ahead inc hosp","quantile",0.1,144,"COVID-19"
"DE","00-04",2021-12-19,2021-11-30,"-19 day ahead inc hosp","quantile",0.25,144,"COVID-19"
"DE","00-04",2021-12-19,2021-11-30,"-19 day ahead inc hosp","quantile",0.5,146,"COVID-19"
"DE","00-04",2021-12-19,2021-11-30,"-19 day ahead inc hosp","quantile",0.75,150,"COVID-19"
"DE","00-04",2021-12-19,2021-11-30,"-19 day ahead inc hosp","quantile",0.9,157,"COVID-19"
"DE","00-04",2021-12-19,2021-11-30,"-19 day ahead inc hosp","quantile",0.975,167,"COVID-19"
"DE","00-04",2021-12-19,2021-11-29,"-20 day ahead inc hosp","mean",NA,142,"COVID-19"
"DE","00-04",2021-12-19,2021-11-29,"-20 day ahead inc hosp","quantile",0.025,138,"COVID-19"
"DE","00-04",2021-12-19,2021-11-29,"-20 day ahead inc hosp","quantile",0.1,138,"COVID-19"
"DE","00-04",2021-12-19,2021-11-29,"-20 day ahead inc hosp","quantile",0.25,138,"COVID-19"
"DE","00-04",2021-12-19,2021-11-29,"-20 day ahead inc hosp","quantile",0.5,140,"COVID-19"
"DE","00-04",2021-12-19,2021-11-29,"-20 day ahead inc hosp","quantile",0.75,143,"COVID-19"
"DE","00-04",2021-12-19,2021-11-29,"-20 day ahead inc hosp","quantile",0.9,149,"COVID-19"
"DE","00-04",2021-12-19,2021-11-29,"-20 day ahead inc hosp","quantile",0.975,158,"COVID-19"
"DE","00-04",2021-12-19,2021-11-28,"-21 day ahead inc hosp","mean",NA,137,"COVID-19"
"DE","00-04",2021-12-19,2021-11-28,"-21 day ahead inc hosp","quantile",0.025,133,"COVID-19"
"DE","00-04",2021-12-19,2021-11-28,"-21 day ahead inc hosp","quantile",0.1,133,"COVID-19"
"DE","00-04",2021-12-19,2021-11-28,"-21 day ahead inc hosp","quantile",0.25,133,"COVID-19"
"DE","00-04",2021-12-19,2021-11-28,"-21 day ahead inc hosp","quantile",0.5,134,"COVID-19"
"DE","00-04",2021-12-19,2021-11-28,"-21 day ahead inc hosp","quantile",0.75,138,"COVID-19"
"DE","00-04",2021-12-19,2021-11-28,"-21 day ahead inc hosp","quantile",0.9,144,"COVID-19"
"DE","00-04",2021-12-19,2021-11-28,"-21 day ahead inc hosp","quantile",0.975,154,"COVID-19"
"DE","00-04",2021-12-19,2021-11-27,"-22 day ahead inc hosp","mean",NA,146,"COVID-19"
"DE","00-04",2021-12-19,2021-11-27,"-22 day ahead inc hosp","quantile",0.025,142,"COVID-19"
"DE","00-04",2021-12-19,2021-11-27,"-22 day ahead inc hosp","quantile",0.1,142,"COVID-19"
"DE","00-04",2021-12-19,2021-11-27,"-22 day ahead inc hosp","quantile",0.25,142,"COVID-19"
"DE","00-04",2021-12-19,2021-11-27,"-22 day ahead inc hosp","quantile",0.5,143,"COVID-19"
"DE","00-04",2021-12-19,2021-11-27,"-22 day ahead inc hosp","quantile",0.75,147,"COVID-19"
"DE","00-04",2021-12-19,2021-11-27,"-22 day ahead inc hosp","quantile",0.9,153,"COVID-19"
"DE","00-04",2021-12-19,2021-11-27,"-22 day ahead inc hosp","quantile",0.975,165,"COVID-19"
"DE","00-04",2021-12-19,2021-11-26,"-23 day ahead inc hosp","mean",NA,136,"COVID-19"
"DE","00-04",2021-12-19,2021-11-26,"-23 day ahead inc hosp","quantile",0.025,133,"COVID-19"
"DE","00-04",2021-12-19,2021-11-26,"-23 day ahead inc hosp","quantile",0.1,133,"COVID-19"
"DE","00-04",2021-12-19,2021-11-26,"-23 day ahead inc hosp","quantile",0.25,133,"COVID-19"
"DE","00-04",2021-12-19,2021-11-26,"-23 day ahead inc hosp","quantile",0.5,134,"COVID-19"
"DE","00-04",2021-12-19,2021-11-26,"-23 day ahead inc hosp","quantile",0.75,137,"COVID-19"
"DE","00-04",2021-12-19,2021-11-26,"-23 day ahead inc hosp","quantile",0.9,143,"COVID-19"
"DE","00-04",2021-12-19,2021-11-26,"-23 day ahead inc hosp","quantile",0.975,155,"COVID-19"
"DE","00-04",2021-12-19,2021-11-25,"-24 day ahead inc hosp","mean",NA,139,"COVID-19"
"DE","00-04",2021-12-19,2021-11-25,"-24 day ahead inc hosp","quantile",0.025,136,"COVID-19"
"DE","00-04",2021-12-19,2021-11-25,"-24 day ahead inc hosp","quantile",0.1,136,"COVID-19"
"DE","00-04",2021-12-19,2021-11-25,"-24 day ahead inc hosp","quantile",0.25,136,"COVID-19"
"DE","00-04",2021-12-19,2021-11-25,"-24 day ahead inc hosp","quantile",0.5,136,"COVID-19"
"DE","00-04",2021-12-19,2021-11-25,"-24 day ahead inc hosp","quantile",0.75,139,"COVID-19"
"DE","00-04",2021-12-19,2021-11-25,"-24 day ahead inc hosp","quantile",0.9,146,"COVID-19"
"DE","00-04",2021-12-19,2021-11-25,"-24 day ahead inc hosp","quantile",0.975,158,"COVID-19"
"DE","00-04",2021-12-19,2021-11-24,"-25 day ahead inc hosp","mean",NA,140,"COVID-19"
"DE","00-04",2021-12-19,2021-11-24,"-25 day ahead inc hosp","quantile",0.025,137,"COVID-19"
"DE","00-04",2021-12-19,2021-11-24,"-25 day ahead inc hosp","quantile",0.1,137,"COVID-19"
"DE","00-04",2021-12-19,2021-11-24,"-25 day ahead inc hosp","quantile",0.25,137,"COVID-19"
"DE","00-04",2021-12-19,2021-11-24,"-25 day ahead inc hosp","quantile",0.5,137,"COVID-19"
"DE","00-04",2021-12-19,2021-11-24,"-25 day ahead inc hosp","quantile",0.75,140,"COVID-19"
"DE","00-04",2021-12-19,2021-11-24,"-25 day ahead inc hosp","quantile",0.9,147,"COVID-19"
"DE","00-04",2021-12-19,2021-11-24,"-25 day ahead inc hosp","quantile",0.975,159,"COVID-19"
"DE","00-04",2021-12-19,2021-11-23,"-26 day ahead inc hosp","mean",NA,123,"COVID-19"
"DE","00-04",2021-12-19,2021-11-23,"-26 day ahead inc hosp","quantile",0.025,120,"COVID-19"
"DE","00-04",2021-12-19,2021-11-23,"-26 day ahead inc hosp","quantile",0.1,120,"COVID-19"
"DE","00-04",2021-12-19,2021-11-23,"-26 day ahead inc hosp","quantile",0.25,120,"COVID-19"
"DE","00-04",2021-12-19,2021-11-23,"-26 day ahead inc hosp","quantile",0.5,120,"COVID-19"
"DE","00-04",2021-12-19,2021-11-23,"-26 day ahead inc hosp","quantile",0.75,123,"COVID-19"
"DE","00-04",2021-12-19,2021-11-23,"-26 day ahead inc hosp","quantile",0.9,128,"COVID-19"
"DE","00-04",2021-12-19,2021-11-23,"-26 day ahead inc hosp","quantile",0.975,138,"COVID-19"
"DE","00-04",2021-12-19,2021-11-22,"-27 day ahead inc hosp","mean",NA,135,"COVID-19"
"DE","00-04",2021-12-19,2021-11-22,"-27 day ahead inc hosp","quantile",0.025,132,"COVID-19"
"DE","00-04",2021-12-19,2021-11-22,"-27 day ahead inc hosp","quantile",0.1,132,"COVID-19"
"DE","00-04",2021-12-19,2021-11-22,"-27 day ahead inc hosp","quantile",0.25,132,"COVID-19"
"DE","00-04",2021-12-19,2021-11-22,"-27 day ahead inc hosp","quantile",0.5,132,"COVID-19"
"DE","00-04",2021-12-19,2021-11-22,"-27 day ahead inc hosp","quantile",0.75,135,"COVID-19"
"DE","00-04",2021-12-19,2021-11-22,"-27 day ahead inc hosp","quantile",0.9,140,"COVID-19"
"DE","00-04",2021-12-19,2021-11-22,"-27 day ahead inc hosp","quantile",0.975,150,"COVID-19"
"DE","00-04",2021-12-19,2021-11-21,"-28 day ahead inc hosp","mean",NA,130,"COVID-19"
"DE","00-04",2021-12-19,2021-11-21,"-28 day ahead inc hosp","quantile",0.025,128,"COVID-19"
"DE","00-04",2021-12-19,2021-11-21,"-28 day ahead inc hosp","quantile",0.1,128,"COVID-19"
"DE","00-04",2021-12-19,2021-11-21,"-28 day ahead inc hosp","quantile",0.25,128,"COVID-19"
"DE","00-04",2021-12-19,2021-11-21,"-28 day ahead inc hosp","quantile",0.5,128,"COVID-19"
"DE","00-04",2021-12-19,2021-11-21,"-28 day ahead inc hosp","quantile",0.75,130,"COVID-19"
"DE","00-04",2021-12-19,2021-11-21,"-28 day ahead inc hosp","quantile",0.9,135,"COVID-19"
"DE","00-04",2021-12-19,2021-11-21,"-28 day ahead inc hosp","quantile",0.975,145,"COVID-19"
"DE","05-14",2021-12-19,2021-12-19,"0 day ahead inc hosp","mean",NA,139,"COVID-19"
"DE","05-14",2021-12-19,2021-12-19,"0 day ahead inc hosp","quantile",0.025,105,"COVID-19"
"DE","05-14",2021-12-19,2021-12-19,"0 day ahead inc hosp","quantile",0.1,114,"COVID-19"
"DE","05-14",2021-12-19,2021-12-19,"0 day ahead inc hosp","quantile",0.25,124,"COVID-19"
"DE","05-14",2021-12-19,2021-12-19,"0 day ahead inc hosp","quantile",0.5,136,"COVID-19"
"DE","05-14",2021-12-19,2021-12-19,"0 day ahead inc hosp","quantile",0.75,152,"COVID-19"
"DE","05-14",2021-12-19,2021-12-19,"0 day ahead inc hosp","quantile",0.9,167,"COVID-19"
"DE","05-14",2021-12-19,2021-12-19,"0 day ahead inc hosp","quantile",0.975,187,"COVID-19"
"DE","05-14",2021-12-19,2021-12-18,"-1 day ahead inc hosp","mean",NA,152,"COVID-19"
"DE","05-14",2021-12-19,2021-12-18,"-1 day ahead inc hosp","quantile",0.025,120,"COVID-19"
"DE","05-14",2021-12-19,2021-12-18,"-1 day ahead inc hosp","quantile",0.1,129,"COVID-19"
"DE","05-14",2021-12-19,2021-12-18,"-1 day ahead inc hosp","quantile",0.25,138,"COVID-19"
"DE","05-14",2021-12-19,2021-12-18,"-1 day ahead inc hosp","quantile",0.5,150,"COVID-19"
"DE","05-14",2021-12-19,2021-12-18,"-1 day ahead inc hosp","quantile",0.75,163,"COVID-19"
"DE","05-14",2021-12-19,2021-12-18,"-1 day ahead inc hosp","quantile",0.9,178,"COVID-19"
"DE","05-14",2021-12-19,2021-12-18,"-1 day ahead inc hosp","quantile",0.975,196,"COVID-19"
"DE","05-14",2021-12-19,2021-12-17,"-2 day ahead inc hosp","mean",NA,168,"COVID-19"
"DE","05-14",2021-12-19,2021-12-17,"-2 day ahead inc hosp","quantile",0.025,139,"COVID-19"
"DE","05-14",2021-12-19,2021-12-17,"-2 day ahead inc hosp","quantile",0.1,147,"COVID-19"
"DE","05-14",2021-12-19,2021-12-17,"-2 day ahead inc hosp","quantile",0.25,155,"COVID-19"
"DE","05-14",2021-12-19,2021-12-17,"-2 day ahead inc hosp","quantile",0.5,166,"COVID-19"
"DE","05-14",2021-12-19,2021-12-17,"-2 day ahead inc hosp","quantile",0.75,179,"COVID-19"
"DE","05-14",2021-12-19,2021-12-17,"-2 day ahead inc hosp","quantile",0.9,192,"COVID-19"
"DE","05-14",2021-12-19,2021-12-17,"-2 day ahead inc hosp","quantile",0.975,209,"COVID-19"
"DE","05-14",2021-12-19,2021-12-16,"-3 day ahead inc hosp","mean",NA,181,"COVID-19"
"DE","05-14",2021-12-19,2021-12-16,"-3 day ahead inc hosp","quantile",0.025,153,"COVID-19"
"DE","05-14",2021-12-19,2021-12-16,"-3 day ahead inc hosp","quantile",0.1,160,"COVID-19"
"DE","05-14",2021-12-19,2021-12-16,"-3 day ahead inc hosp","quantile",0.25,168,"COVID-19"
"DE","05-14",2021-12-19,2021-12-16,"-3 day ahead inc hosp","quantile",0.5,179,"COVID-19"
"DE","05-14",2021-12-19,2021-12-16,"-3 day ahead inc hosp","quantile",0.75,191,"COVID-19"
"DE","05-14",2021-12-19,2021-12-16,"-3 day ahead inc hosp","quantile",0.9,203,"COVID-19"
"DE","05-14",2021-12-19,2021-12-16,"-3 day ahead inc hosp","quantile",0.975,219,"COVID-19"
"DE","05-14",2021-12-19,2021-12-15,"-4 day ahead inc hosp","mean",NA,175,"COVID-19"
"DE","05-14",2021-12-19,2021-12-15,"-4 day ahead inc hosp","quantile",0.025,150,"COVID-19"
"DE","05-14",2021-12-19,2021-12-15,"-4 day ahead inc hosp","quantile",0.1,157,"COVID-19"
"DE","05-14",2021-12-19,2021-12-15,"-4 day ahead inc hosp","quantile",0.25,164,"COVID-19"
"DE","05-14",2021-12-19,2021-12-15,"-4 day ahead inc hosp","quantile",0.5,173,"COVID-19"
"DE","05-14",2021-12-19,2021-12-15,"-4 day ahead inc hosp","quantile",0.75,184,"COVID-19"
"DE","05-14",2021-12-19,2021-12-15,"-4 day ahead inc hosp","quantile",0.9,194,"COVID-19"
"DE","05-14",2021-12-19,2021-12-15,"-4 day ahead inc hosp","quantile",0.975,208,"COVID-19"
"DE","05-14",2021-12-19,2021-12-14,"-5 day ahead inc hosp","mean",NA,164,"COVID-19"
"DE","05-14",2021-12-19,2021-12-14,"-5 day ahead inc hosp","quantile",0.025,143,"COVID-19"
"DE","05-14",2021-12-19,2021-12-14,"-5 day ahead inc hosp","quantile",0.1,149,"COVID-19"
"DE","05-14",2021-12-19,2021-12-14,"-5 day ahead inc hosp","quantile",0.25,155,"COVID-19"
"DE","05-14",2021-12-19,2021-12-14,"-5 day ahead inc hosp","quantile",0.5,163,"COVID-19"
"DE","05-14",2021-12-19,2021-12-14,"-5 day ahead inc hosp","quantile",0.75,172,"COVID-19"
"DE","05-14",2021-12-19,2021-12-14,"-5 day ahead inc hosp","quantile",0.9,181,"COVID-19"
"DE","05-14",2021-12-19,2021-12-14,"-5 day ahead inc hosp","quantile",0.975,194,"COVID-19"
"DE","05-14",2021-12-19,2021-12-13,"-6 day ahead inc hosp","mean",NA,166,"COVID-19"
"DE","05-14",2021-12-19,2021-12-13,"-6 day ahead inc hosp","quantile",0.025,145,"COVID-19"
"DE","05-14",2021-12-19,2021-12-13,"-6 day ahead inc hosp","quantile",0.1,151,"COVID-19"
"DE","05-14",2021-12-19,2021-12-13,"-6 day ahead inc hosp","quantile",0.25,157,"COVID-19"
"DE","05-14",2021-12-19,2021-12-13,"-6 day ahead inc hosp","quantile",0.5,165,"COVID-19"
"DE","05-14",2021-12-19,2021-12-13,"-6 day ahead inc hosp","quantile",0.75,174,"COVID-19"
"DE","05-14",2021-12-19,2021-12-13,"-6 day ahead inc hosp","quantile",0.9,184,"COVID-19"
"DE","05-14",2021-12-19,2021-12-13,"-6 day ahead inc hosp","quantile",0.975,197,"COVID-19"
"DE","05-14",2021-12-19,2021-12-12,"-7 day ahead inc hosp","mean",NA,181,"COVID-19"
"DE","05-14",2021-12-19,2021-12-12,"-7 day ahead inc hosp","quantile",0.025,157,"COVID-19"
"DE","05-14",2021-12-19,2021-12-12,"-7 day ahead inc hosp","quantile",0.1,163,"COVID-19"
"DE","05-14",2021-12-19,2021-12-12,"-7 day ahead inc hosp","quantile",0.25,170,"COVID-19"
"DE","05-14",2021-12-19,2021-12-12,"-7 day ahead inc hosp","quantile",0.5,179,"COVID-19"
"DE","05-14",2021-12-19,2021-12-12,"-7 day ahead inc hosp","quantile",0.75,189,"COVID-19"
"DE","05-14",2021-12-19,2021-12-12,"-7 day ahead inc hosp","quantile",0.9,201,"COVID-19"
"DE","05-14",2021-12-19,2021-12-12,"-7 day ahead inc hosp","quantile",0.975,216,"COVID-19"
"DE","05-14",2021-12-19,2021-12-11,"-8 day ahead inc hosp","mean",NA,169,"COVID-19"
"DE","05-14",2021-12-19,2021-12-11,"-8 day ahead inc hosp","quantile",0.025,147,"COVID-19"
"DE","05-14",2021-12-19,2021-12-11,"-8 day ahead inc hosp","quantile",0.1,152,"COVID-19"
"DE","05-14",2021-12-19,2021-12-11,"-8 day ahead inc hosp","quantile",0.25,158,"COVID-19"
"DE","05-14",2021-12-19,2021-12-11,"-8 day ahead inc hosp","quantile",0.5,166,"COVID-19"
"DE","05-14",2021-12-19,2021-12-11,"-8 day ahead inc hosp","quantile",0.75,177,"COVID-19"
"DE","05-14",2021-12-19,2021-12-11,"-8 day ahead inc hosp","quantile",0.9,188,"COVID-19"
"DE","05-14",2021-12-19,2021-12-11,"-8 day ahead inc hosp","quantile",0.975,203,"COVID-19"
"DE","05-14",2021-12-19,2021-12-10,"-9 day ahead inc hosp","mean",NA,173,"COVID-19"
"DE","05-14",2021-12-19,2021-12-10,"-9 day ahead inc hosp","quantile",0.025,153,"COVID-19"
"DE","05-14",2021-12-19,2021-12-10,"-9 day ahead inc hosp","quantile",0.1,157,"COVID-19"
"DE","05-14",2021-12-19,2021-12-10,"-9 day ahead inc hosp","quantile",0.25,163,"COVID-19"
"DE","05-14",2021-12-19,2021-12-10,"-9 day ahead inc hosp","quantile",0.5,171,"COVID-19"
"DE","05-14",2021-12-19,2021-12-10,"-9 day ahead inc hosp","quantile",0.75,181,"COVID-19"
"DE","05-14",2021-12-19,2021-12-10,"-9 day ahead inc hosp","quantile",0.9,192,"COVID-19"
"DE","05-14",2021-12-19,2021-12-10,"-9 day ahead inc hosp","quantile",0.975,206,"COVID-19"
"DE","05-14",2021-12-19,2021-12-09,"-10 day ahead inc hosp","mean",NA,182,"COVID-19"
"DE","05-14",2021-12-19,2021-12-09,"-10 day ahead inc hosp","quantile",0.025,163,"COVID-19"
"DE","05-14",2021-12-19,2021-12-09,"-10 day ahead inc hosp","quantile",0.1,167,"COVID-19"
"DE","05-14",2021-12-19,2021-12-09,"-10 day ahead inc hosp","quantile",0.25,172,"COVID-19"
"DE","05-14",2021-12-19,2021-12-09,"-10 day ahead inc hosp","quantile",0.5,180,"COVID-19"
"DE","05-14",2021-12-19,2021-12-09,"-10 day ahead inc hosp","quantile",0.75,189,"COVID-19"
"DE","05-14",2021-12-19,2021-12-09,"-10 day ahead inc hosp","quantile",0.9,200,"COVID-19"
"DE","05-14",2021-12-19,2021-12-09,"-10 day ahead inc hosp","quantile",0.975,214,"COVID-19"
"DE","05-14",2021-12-19,2021-12-08,"-11 day ahead inc hosp","mean",NA,191,"COVID-19"
"DE","05-14",2021-12-19,2021-12-08,"-11 day ahead inc hosp","quantile",0.025,172,"COVID-19"
"DE","05-14",2021-12-19,2021-12-08,"-11 day ahead inc hosp","quantile",0.1,176,"COVID-19"
"DE","05-14",2021-12-19,2021-12-08,"-11 day ahead inc hosp","quantile",0.25,181,"COVID-19"
"DE","05-14",2021-12-19,2021-12-08,"-11 day ahead inc hosp","quantile",0.5,188,"COVID-19"
"DE","05-14",2021-12-19,2021-12-08,"-11 day ahead inc hosp","quantile",0.75,198,"COVID-19"
"DE","05-14",2021-12-19,2021-12-08,"-11 day ahead inc hosp","quantile",0.9,208,"COVID-19"
"DE","05-14",2021-12-19,2021-12-08,"-11 day ahead inc hosp","quantile",0.975,221,"COVID-19"
"DE","05-14",2021-12-19,2021-12-07,"-12 day ahead inc hosp","mean",NA,195,"COVID-19"
"DE","05-14",2021-12-19,2021-12-07,"-12 day ahead inc hosp","quantile",0.025,177,"COVID-19"
"DE","05-14",2021-12-19,2021-12-07,"-12 day ahead inc hosp","quantile",0.1,181,"COVID-19"
"DE","05-14",2021-12-19,2021-12-07,"-12 day ahead inc hosp","quantile",0.25,186,"COVID-19"
"DE","05-14",2021-12-19,2021-12-07,"-12 day ahead inc hosp","quantile",0.5,193,"COVID-19"
"DE","05-14",2021-12-19,2021-12-07,"-12 day ahead inc hosp","quantile",0.75,201,"COVID-19"
"DE","05-14",2021-12-19,2021-12-07,"-12 day ahead inc hosp","quantile",0.9,211,"COVID-19"
"DE","05-14",2021-12-19,2021-12-07,"-12 day ahead inc hosp","quantile",0.975,225,"COVID-19"
"DE","05-14",2021-12-19,2021-12-06,"-13 day ahead inc hosp","mean",NA,197,"COVID-19"
"DE","05-14",2021-12-19,2021-12-06,"-13 day ahead inc hosp","quantile",0.025,179,"COVID-19"
"DE","05-14",2021-12-19,2021-12-06,"-13 day ahead inc hosp","quantile",0.1,183,"COVID-19"
"DE","05-14",2021-12-19,2021-12-06,"-13 day ahead inc hosp","quantile",0.25,187,"COVID-19"
"DE","05-14",2021-12-19,2021-12-06,"-13 day ahead inc hosp","quantile",0.5,194,"COVID-19"
"DE","05-14",2021-12-19,2021-12-06,"-13 day ahead inc hosp","quantile",0.75,203,"COVID-19"
"DE","05-14",2021-12-19,2021-12-06,"-13 day ahead inc hosp","quantile",0.9,214,"COVID-19"
"DE","05-14",2021-12-19,2021-12-06,"-13 day ahead inc hosp","quantile",0.975,228,"COVID-19"
"DE","05-14",2021-12-19,2021-12-05,"-14 day ahead inc hosp","mean",NA,185,"COVID-19"
"DE","05-14",2021-12-19,2021-12-05,"-14 day ahead inc hosp","quantile",0.025,170,"COVID-19"
"DE","05-14",2021-12-19,2021-12-05,"-14 day ahead inc hosp","quantile",0.1,172,"COVID-19"
"DE","05-14",2021-12-19,2021-12-05,"-14 day ahead inc hosp","quantile",0.25,176,"COVID-19"
"DE","05-14",2021-12-19,2021-12-05,"-14 day ahead inc hosp","quantile",0.5,183,"COVID-19"
"DE","05-14",2021-12-19,2021-12-05,"-14 day ahead inc hosp","quantile",0.75,192,"COVID-19"
"DE","05-14",2021-12-19,2021-12-05,"-14 day ahead inc hosp","quantile",0.9,202,"COVID-19"
"DE","05-14",2021-12-19,2021-12-05,"-14 day ahead inc hosp","quantile",0.975,216,"COVID-19"
"DE","05-14",2021-12-19,2021-12-04,"-15 day ahead inc hosp","mean",NA,188,"COVID-19"
"DE","05-14",2021-12-19,2021-12-04,"-15 day ahead inc hosp","quantile",0.025,172,"COVID-19"
"DE","05-14",2021-12-19,2021-12-04,"-15 day ahead inc hosp","quantile",0.1,175,"COVID-19"
"DE","05-14",2021-12-19,2021-12-04,"-15 day ahead inc hosp","quantile",0.25,179,"COVID-19"
"DE","05-14",2021-12-19,2021-12-04,"-15 day ahead inc hosp","quantile",0.5,185,"COVID-19"
"DE","05-14",2021-12-19,2021-12-04,"-15 day ahead inc hosp","quantile",0.75,194,"COVID-19"
"DE","05-14",2021-12-19,2021-12-04,"-15 day ahead inc hosp","quantile",0.9,204,"COVID-19"
"DE","05-14",2021-12-19,2021-12-04,"-15 day ahead inc hosp","quantile",0.975,218,"COVID-19"
"DE","05-14",2021-12-19,2021-12-03,"-16 day ahead inc hosp","mean",NA,179,"COVID-19"
"DE","05-14",2021-12-19,2021-12-03,"-16 day ahead inc hosp","quantile",0.025,166,"COVID-19"
"DE","05-14",2021-12-19,2021-12-03,"-16 day ahead inc hosp","quantile",0.1,168,"COVID-19"
"DE","05-14",2021-12-19,2021-12-03,"-16 day ahead inc hosp","quantile",0.25,172,"COVID-19"
"DE","05-14",2021-12-19,2021-12-03,"-16 day ahead inc hosp","quantile",0.5,177,"COVID-19"
"DE","05-14",2021-12-19,2021-12-03,"-16 day ahead inc hosp","quantile",0.75,185,"COVID-19"
"DE","05-14",2021-12-19,2021-12-03,"-16 day ahead inc hosp","quantile",0.9,193,"COVID-19"
"DE","05-14",2021-12-19,2021-12-03,"-16 day ahead inc hosp","quantile",0.975,206,"COVID-19"
"DE","05-14",2021-12-19,2021-12-02,"-17 day ahead inc hosp","mean",NA,173,"COVID-19"
"DE","05-14",2021-12-19,2021-12-02,"-17 day ahead inc hosp","quantile",0.025,162,"COVID-19"
"DE","05-14",2021-12-19,2021-12-02,"-17 day ahead inc hosp","quantile",0.1,164,"COVID-19"
"DE","05-14",2021-12-19,2021-12-02,"-17 day ahead inc hosp","quantile",0.25,166,"COVID-19"
"DE","05-14",2021-12-19,2021-12-02,"-17 day ahead inc hosp","quantile",0.5,171,"COVID-19"
"DE","05-14",2021-12-19,2021-12-02,"-17 day ahead inc hosp","quantile",0.75,177,"COVID-19"
"DE","05-14",2021-12-19,2021-12-02,"-17 day ahead inc hosp","quantile",0.9,184,"COVID-19"
"DE","05-14",2021-12-19,2021-12-02,"-17 day ahead inc hosp","quantile",0.975,195,"COVID-19"
"DE","05-14",2021-12-19,2021-12-01,"-18 day ahead inc hosp","mean",NA,173,"COVID-19"
"DE","05-14",2021-12-19,2021-12-01,"-18 day ahead inc hosp","quantile",0.025,164,"COVID-19"
"DE","05-14",2021-12-19,2021-12-01,"-18 day ahead inc hosp","quantile",0.1,165,"COVID-19"
"DE","05-14",2021-12-19,2021-12-01,"-18 day ahead inc hosp","quantile",0.25,168,"COVID-19"
"DE","05-14",2021-12-19,2021-12-01,"-18 day ahead inc hosp","quantile",0.5,171,"COVID-19"
"DE","05-14",2021-12-19,2021-12-01,"-18 day ahead inc hosp","quantile",0.75,177,"COVID-19"
"DE","05-14",2021-12-19,2021-12-01,"-18 day ahead inc hosp","quantile",0.9,183,"COVID-19"
"DE","05-14",2021-12-19,2021-12-01,"-18 day ahead inc hosp","quantile",0.975,192,"COVID-19"
"DE","05-14",2021-12-19,2021-11-30,"-19 day ahead inc hosp","mean",NA,173,"COVID-19"
"DE","05-14",2021-12-19,2021-11-30,"-19 day ahead inc hosp","quantile",0.025,164,"COVID-19"
"DE","05-14",2021-12-19,2021-11-30,"-19 day ahead inc hosp","quantile",0.1,166,"COVID-19"
"DE","05-14",2021-12-19,2021-11-30,"-19 day ahead inc hosp","quantile",0.25,168,"COVID-19"
"DE","05-14",2021-12-19,2021-11-30,"-19 day ahead inc hosp","quantile",0.5,171,"COVID-19"
"DE","05-14",2021-12-19,2021-11-30,"-19 day ahead inc hosp","quantile",0.75,176,"COVID-19"
"DE","05-14",2021-12-19,2021-11-30,"-19 day ahead inc hosp","quantile",0.9,181,"COVID-19"
"DE","05-14",2021-12-19,2021-11-30,"-19 day ahead inc hosp","quantile",0.975,189,"COVID-19"
"DE","05-14",2021-12-19,2021-11-29,"-20 day ahead inc hosp","mean",NA,171,"COVID-19"
"DE","05-14",2021-12-19,2021-11-29,"-20 day ahead inc hosp","quantile",0.025,163,"COVID-19"
"DE","05-14",2021-12-19,2021-11-29,"-20 day ahead inc hosp","quantile",0.1,165,"COVID-19"
"DE","05-14",2021-12-19,2021-11-29,"-20 day ahead inc hosp","quantile",0.25,166,"COVID-19"
"DE","05-14",2021-12-19,2021-11-29,"-20 day ahead inc hosp","quantile",0.5,169,"COVID-19"
"DE","05-14",2021-12-19,2021-11-29,"-20 day ahead inc hosp","quantile",0.75,174,"COVID-19"
"DE","05-14",2021-12-19,2021-11-29,"-20 day ahead inc hosp","quantile",0.9,178,"COVID-19"
"DE","05-14",2021-12-19,2021-11-29,"-20 day ahead inc hosp","quantile",0.975,185,"COVID-19"
"DE","05-14",2021-12-19,2021-11-28,"-21 day ahead inc hosp","mean",NA,183,"COVID-19"
"DE","05-14",2021-12-19,2021-11-28,"-21 day ahead inc hosp","quantile",0.025,175,"COVID-19"
"DE","05-14",2021-12-19,2021-11-28,"-21 day ahead inc hosp","quantile",0.1,177,"COVID-19"
"DE","05-14",2021-12-19,2021-11-28,"-21 day ahead inc hosp","quantile",0.25,178,"COVID-19"
"DE","05-14",2021-12-19,2021-11-28,"-21 day ahead inc hosp","quantile",0.5,181,"COVID-19"
"DE","05-14",2021-12-19,2021-11-28,"-21 day ahead inc hosp","quantile",0.75,185,"COVID-19"
"DE","05-14",2021-12-19,2021-11-28,"-21 day ahead inc hosp","quantile",0.9,190,"COVID-19"
"DE","05-14",2021-12-19,2021-11-28,"-21 day ahead inc hosp","quantile",0.975,197,"COVID-19"
"DE","05-14",2021-12-19,2021-11-27,"-22 day ahead inc hosp","mean",NA,184,"COVID-19"
"DE","05-14",2021-12-19,2021-11-27,"-22 day ahead inc hosp","quantile",0.025,177,"COVID-19"
"DE","05-14",2021-12-19,2021-11-27,"-22 day ahead inc hosp","quantile",0.1,178,"COVID-19"
"DE","05-14",2021-12-19,2021-11-27,"-22 day ahead inc hosp","quantile",0.25,180,"COVID-19"
"DE","05-14",2021-12-19,2021-11-27,"-22 day ahead inc hosp","quantile",0.5,183,"COVID-19"
"DE","05-14",2021-12-19,2021-11-27,"-22 day ahead inc hosp","quantile",0.75,187,"COVID-19"
"DE","05-14",2021-12-19,2021-11-27,"-22 day ahead inc hosp","quantile",0.9,192,"COVID-19"
"DE","05-14",2021-12-19,2021-11-27,"-22 day ahead inc hosp","quantile",0.975,199,"COVID-19"
"DE","05-14",2021-12-19,2021-11-26,"-23 day ahead inc hosp","mean",NA,188,"COVID-19"
"DE","05-14",2021-12-19,2021-11-26,"-23 day ahead inc hosp","quantile",0.025,182,"COVID-19"
"DE","05-14",2021-12-19,2021-11-26,"-23 day ahead inc hosp","quantile",0.1,182,"COVID-19"
"DE","05-14",2021-12-19,2021-11-26,"-23 day ahead inc hosp","quantile",0.25,184,"COVID-19"
"DE","05-14",2021-12-19,2021-11-26,"-23 day ahead inc hosp","quantile",0.5,186,"COVID-19"
"DE","05-14",2021-12-19,2021-11-26,"-23 day ahead inc hosp","quantile",0.75,191,"COVID-19"
"DE","05-14",2021-12-19,2021-11-26,"-23 day ahead inc hosp","quantile",0.9,196,"COVID-19"
"DE","05-14",2021-12-19,2021-11-26,"-23 day ahead inc hosp","quantile",0.975,203,"COVID-19"
"DE","05-14",2021-12-19,2021-11-25,"-24 day ahead inc hosp","mean",NA,192,"COVID-19"
"DE","05-14",2021-12-19,2021-11-25,"-24 day ahead inc hosp","quantile",0.025,187,"COVID-19"
"DE","05-14",2021-12-19,2021-11-25,"-24 day ahead inc hosp","quantile",0.1,187,"COVID-19"
"DE","05-14",2021-12-19,2021-11-25,"-24 day ahead inc hosp","quantile",0.25,188,"COVID-19"
"DE","05-14",2021-12-19,2021-11-25,"-24 day ahead inc hosp","quantile",0.5,190,"COVID-19"
"DE","05-14",2021-12-19,2021-11-25,"-24 day ahead inc hosp","quantile",0.75,194,"COVID-19"
"DE","05-14",2021-12-19,2021-11-25,"-24 day ahead inc hosp","quantile",0.9,200,"COVID-19"
"DE","05-14",2021-12-19,2021-11-25,"-24 day ahead inc hosp","quantile",0.975,208,"COVID-19"
"DE","05-14",2021-12-19,2021-11-24,"-25 day ahead inc hosp","mean",NA,197,"COVID-19"
"DE","05-14",2021-12-19,2021-11-24,"-25 day ahead inc hosp","quantile",0.025,193,"COVID-19"
"DE","05-14",2021-12-19,2021-11-24,"-25 day ahead inc hosp","quantile",0.1,193,"COVID-19"
"DE","05-14",2021-12-19,2021-11-24,"-25 day ahead inc hosp","quantile",0.25,194,"COVID-19"
"DE","05-14",2021-12-19,2021-11-24,"-25 day ahead inc hosp","quantile",0.5,196,"COVID-19"
"DE","05-14",2021-12-19,2021-11-24,"-25 day ahead inc hosp","quantile",0.75,199,"COVID-19"
"DE","05-14",2021-12-19,2021-11-24,"-25 day ahead inc hosp","quantile",0.9,204,"COVID-19"
"DE","05-14",2021-12-19,2021-11-24,"-25 day ahead inc hosp","quantile",0.975,212,"COVID-19"
"DE","05-14",2021-12-19,2021-11-23,"-26 day ahead inc hosp","mean",NA,210,"COVID-19"
"DE","05-14",2021-12-19,2021-11-23,"-26 day ahead inc hosp","quantile",0.025,206,"COVID-19"
"DE","05-14",2021-12-19,2021-11-23,"-26 day ahead inc hosp","quantile",0.1,206,"COVID-19"
"DE","05-14",2021-12-19,2021-11-23,"-26 day ahead inc hosp","quantile",0.25,206,"COVID-19"
"DE","05-14",2021-12-19,2021-11-23,"-26 day ahead inc hosp","quantile",0.5,208,"COVID-19"
"DE","05-14",2021-12-19,2021-11-23,"-26 day ahead inc hosp","quantile",0.75,211,"COVID-19"
"DE","05-14",2021-12-19,2021-11-23,"-26 day ahead inc hosp","quantile",0.9,217,"COVID-19"
"DE","05-14",2021-12-19,2021-11-23,"-26 day ahead inc hosp","quantile",0.975,225,"COVID-19"
"DE","05-14",2021-12-19,2021-11-22,"-27 day ahead inc hosp","mean",NA,210,"COVID-19"
"DE","05-14",2021-12-19,2021-11-22,"-27 day ahead inc hosp","quantile",0.025,206,"COVID-19"
"DE","05-14",2021-12-19,2021-11-22,"-27 day ahead inc hosp","quantile",0.1,206,"COVID-19"
"DE","05-14",2021-12-19,2021-11-22,"-27 day ahead inc hosp","quantile",0.25,206,"COVID-19"
"DE","05-14",2021-12-19,2021-11-22,"-27 day ahead inc hosp","quantile",0.5,208,"COVID-19"
"DE","05-14",2021-12-19,2021-11-22,"-27 day ahead inc hosp","quantile",0.75,211,"COVID-19"
"DE","05-14",2021-12-19,2021-11-22,"-27 day ahead inc hosp","quantile",0.9,216,"COVID-19"
"DE","05-14",2021-12-19,2021-11-22,"-27 day ahead inc hosp","quantile",0.975,225,"COVID-19"
"DE","05-14",2021-12-19,2021-11-21,"-28 day ahead inc hosp","mean",NA,200,"COVID-19"
"DE","05-14",2021-12-19,2021-11-21,"-28 day ahead inc hosp","quantile",0.025,197,"COVID-19"
"DE","05-14",2021-12-19,2021-11-21,"-28 day ahead inc hosp","quantile",0.1,197,"COVID-19"
"DE","05-14",2021-12-19,2021-11-21,"-28 day ahead inc hosp","quantile",0.25,197,"COVID-19"
"DE","05-14",2021-12-19,2021-11-21,"-28 day ahead inc hosp","quantile",0.5,198,"COVID-19"
"DE","05-14",2021-12-19,2021-11-21,"-28 day ahead inc hosp","quantile",0.75,201,"COVID-19"
"DE","05-14",2021-12-19,2021-11-21,"-28 day ahead inc hosp","quantile",0.9,206,"COVID-19"
"DE","05-14",2021-12-19,2021-11-21,"-28 day ahead inc hosp","quantile",0.975,215,"COVID-19"
"DE","15-34",2021-12-19,2021-12-19,"0 day ahead inc hosp","mean",NA,708,"COVID-19"
"DE","15-34",2021-12-19,2021-12-19,"0 day ahead inc hosp","quantile",0.025,518,"COVID-19"
"DE","15-34",2021-12-19,2021-12-19,"0 day ahead inc hosp","quantile",0.1,569,"COVID-19"
"DE","15-34",2021-12-19,2021-12-19,"0 day ahead inc hosp","quantile",0.25,624,"COVID-19"
"DE","15-34",2021-12-19,2021-12-19,"0 day ahead inc hosp","quantile",0.5,695,"COVID-19"
"DE","15-34",2021-12-19,2021-12-19,"0 day ahead inc hosp","quantile",0.75,779,"COVID-19"
"DE","15-34",2021-12-19,2021-12-19,"0 day ahead inc hosp","quantile",0.9,865,"COVID-19"
"DE","15-34",2021-12-19,2021-12-19,"0 day ahead inc hosp","quantile",0.975,974,"COVID-19"
"DE","15-34",2021-12-19,2021-12-18,"-1 day ahead inc hosp","mean",NA,733,"COVID-19"
"DE","15-34",2021-12-19,2021-12-18,"-1 day ahead inc hosp","quantile",0.025,554,"COVID-19"
"DE","15-34",2021-12-19,2021-12-18,"-1 day ahead inc hosp","quantile",0.1,601,"COVID-19"
"DE","15-34",2021-12-19,2021-12-18,"-1 day ahead inc hosp","quantile",0.25,653,"COVID-19"
"DE","15-34",2021-12-19,2021-12-18,"-1 day ahead inc hosp","quantile",0.5,721,"COVID-19"
"DE","15-34",2021-12-19,2021-12-18,"-1 day ahead inc hosp","quantile",0.75,800,"COVID-19"
"DE","15-34",2021-12-19,2021-12-18,"-1 day ahead inc hosp","quantile",0.9,882,"COVID-19"
"DE","15-34",2021-12-19,2021-12-18,"-1 day ahead inc hosp","quantile",0.975,986,"COVID-19"
"DE","15-34",2021-12-19,2021-12-17,"-2 day ahead inc hosp","mean",NA,730,"COVID-19"
"DE","15-34",2021-12-19,2021-12-17,"-2 day ahead inc hosp","quantile",0.025,570,"COVID-19"
"DE","15-34",2021-12-19,2021-12-17,"-2 day ahead inc hosp","quantile",0.1,612,"COVID-19"
"DE","15-34",2021-12-19,2021-12-17,"-2 day ahead inc hosp","quantile",0.25,658,"COVID-19"
"DE","15-34",2021-12-19,2021-12-17,"-2 day ahead inc hosp","quantile",0.5,718,"COVID-19"
"DE","15-34",2021-12-19,2021-12-17,"-2 day ahead inc hosp","quantile",0.75,789,"COVID-19"
"DE","15-34",2021-12-19,2021-12-17,"-2 day ahead inc hosp","quantile",0.9,862,"COVID-19"
"DE","15-34",2021-12-19,2021-12-17,"-2 day ahead inc hosp","quantile",0.975,955,"COVID-19"
"DE","15-34",2021-12-19,2021-12-16,"-3 day ahead inc hosp","mean",NA,747,"COVID-19"
"DE","15-34",2021-12-19,2021-12-16,"-3 day ahead inc hosp","quantile",0.025,605,"COVID-19"
"DE","15-34",2021-12-19,2021-12-16,"-3 day ahead inc hosp","quantile",0.1,642,"COVID-19"
"DE","15-34",2021-12-19,2021-12-16,"-3 day ahead inc hosp","quantile",0.25,683,"COVID-19"
"DE","15-34",2021-12-19,2021-12-16,"-3 day ahead inc hosp","quantile",0.5,736,"COVID-19"
"DE","15-34",2021-12-19,2021-12-16,"-3 day ahead inc hosp","quantile",0.75,799,"COVID-19"
"DE","15-34",2021-12-19,2021-12-16,"-3 day ahead inc hosp","quantile",0.9,865,"COVID-19"
"DE","15-34",2021-12-19,2021-12-16,"-3 day ahead inc hosp","quantile",0.975,948,"COVID-19"
"DE","15-34",2021-12-19,2021-12-15,"-4 day ahead inc hosp","mean",NA,761,"COVID-19"
"DE","15-34",2021-12-19,2021-12-15,"-4 day ahead inc hosp","quantile",0.025,639,"COVID-19"
"DE","15-34",2021-12-19,2021-12-15,"-4 day ahead inc hosp","quantile",0.1,671,"COVID-19"
"DE","15-34",2021-12-19,2021-12-15,"-4 day ahead inc hosp","quantile",0.25,705,"COVID-19"
"DE","15-34",2021-12-19,2021-12-15,"-4 day ahead inc hosp","quantile",0.5,752,"COVID-19"
"DE","15-34",2021-12-19,2021-12-15,"-4 day ahead inc hosp","quantile",0.75,807,"COVID-19"
"DE","15-34",2021-12-19,2021-12-15,"-4 day ahead inc hosp","quantile",0.9,864,"COVID-19"
"DE","15-34",2021-12-19,2021-12-15,"-4 day ahead inc hosp","quantile",0.975,938,"COVID-19"
"DE","15-34",2021-12-19,2021-12-14,"-5 day ahead inc hosp","mean",NA,799,"COVID-19"
"DE","15-34",2021-12-19,2021-12-14,"-5 day ahead inc hosp","quantile",0.025,686,"COVID-19"
"DE","15-34",2021-12-19,2021-12-14,"-5 day ahead inc hosp","quantile",0.1,714,"COVID-19"
"DE","15-34",2021-12-19,2021-12-14,"-5 day ahead inc hosp","quantile",0.25,746,"COVID-19"
"DE","15-34",2021-12-19,2021-12-14,"-5 day ahead inc hosp","quantile",0.5,789,"COVID-19"
"DE","15-34",2021-12-19,2021-12-14,"-5 day ahead inc hosp","quantile",0.75,841,"COVID-19"
"DE","15-34",2021-12-19,2021-12-14,"-5 day ahead inc hosp","quantile",0.9,896,"COVID-19"
"DE","15-34",2021-12-19,2021-12-14,"-5 day ahead inc hosp","quantile",0.975,966,"COVID-19"
"DE","15-34",2021-12-19,2021-12-13,"-6 day ahead inc hosp","mean",NA,799,"COVID-19"
"DE","15-34",2021-12-19,2021-12-13,"-6 day ahead inc hosp","quantile",0.025,698,"COVID-19"
"DE","15-34",2021-12-19,2021-12-13,"-6 day ahead inc hosp","quantile",0.1,723,"COVID-19"
"DE","15-34",2021-12-19,2021-12-13,"-6 day ahead inc hosp","quantile",0.25,751,"COVID-19"
"DE","15-34",2021-12-19,2021-12-13,"-6 day ahead inc hosp","quantile",0.5,789,"COVID-19"
"DE","15-34",2021-12-19,2021-12-13,"-6 day ahead inc hosp","quantile",0.75,836,"COVID-19"
"DE","15-34",2021-12-19,2021-12-13,"-6 day ahead inc hosp","quantile",0.9,887,"COVID-19"
"DE","15-34",2021-12-19,2021-12-13,"-6 day ahead inc hosp","quantile",0.975,952,"COVID-19"
"DE","15-34",2021-12-19,2021-12-12,"-7 day ahead inc hosp","mean",NA,812,"COVID-19"
"DE","15-34",2021-12-19,2021-12-12,"-7 day ahead inc hosp","quantile",0.025,709,"COVID-19"
"DE","15-34",2021-12-19,2021-12-12,"-7 day ahead inc hosp","quantile",0.1,733,"COVID-19"
"DE","15-34",2021-12-19,2021-12-12,"-7 day ahead inc hosp","quantile",0.25,762,"COVID-19"
"DE","15-34",2021-12-19,2021-12-12,"-7 day ahead inc hosp","quantile",0.5,802,"COVID-19"
"DE","15-34",2021-12-19,2021-12-12,"-7 day ahead inc hosp","quantile",0.75,852,"COVID-19"
"DE","15-34",2021-12-19,2021-12-12,"-7 day ahead inc hosp","quantile",0.9,905,"COVID-19"
"DE","15-34",2021-12-19,2021-12-12,"-7 day ahead inc hosp","quantile",0.975,976,"COVID-19"
"DE","15-34",2021-12-19,2021-12-11,"-8 day ahead inc hosp","mean",NA,815,"COVID-19"
"DE","15-34",2021-12-19,2021-12-11,"-8 day ahead inc hosp","quantile",0.025,716,"COVID-19"
"DE","15-34",2021-12-19,2021-12-11,"-8 day ahead inc hosp","quantile",0.1,738,"COVID-19"
"DE","15-34",2021-12-19,2021-12-11,"-8 day ahead inc hosp","quantile",0.25,765,"COVID-19"
"DE","15-34",2021-12-19,2021-12-11,"-8 day ahead inc hosp","quantile",0.5,804,"COVID-19"
"DE","15-34",2021-12-19,2021-12-11,"-8 day ahead inc hosp","quantile",0.75,853,"COVID-19"
"DE","15-34",2021-12-19,2021-12-11,"-8 day ahead inc hosp","quantile",0.9,906,"COVID-19"
"DE","15-34",2021-12-19,2021-12-11,"-8 day ahead inc hosp","quantile",0.975,978,"COVID-19"
"DE","15-34",2021-12-19,2021-12-10,"-9 day ahead inc hosp","mean",NA,838,"COVID-19"
"DE","15-34",2021-12-19,2021-12-10,"-9 day ahead inc hosp","quantile",0.025,744,"COVID-19"
"DE","15-34",2021-12-19,2021-12-10,"-9 day ahead inc hosp","quantile",0.1,764,"COVID-19"
"DE","15-34",2021-12-19,2021-12-10,"-9 day ahead inc hosp","quantile",0.25,789,"COVID-19"
"DE","15-34",2021-12-19,2021-12-10,"-9 day ahead inc hosp","quantile",0.5,826,"COVID-19"
"DE","15-34",2021-12-19,2021-12-10,"-9 day ahead inc hosp","quantile",0.75,874,"COVID-19"
"DE","15-34",2021-12-19,2021-12-10,"-9 day ahead inc hosp","quantile",0.9,928,"COVID-19"
"DE","15-34",2021-12-19,2021-12-10,"-9 day ahead inc hosp","quantile",0.975,999,"COVID-19"
"DE","15-34",2021-12-19,2021-12-09,"-10 day ahead inc hosp","mean",NA,826,"COVID-19"
"DE","15-34",2021-12-19,2021-12-09,"-10 day ahead inc hosp","quantile",0.025,743,"COVID-19"
"DE","15-34",2021-12-19,2021-12-09,"-10 day ahead inc hosp","quantile",0.1,760,"COVID-19"
"DE","15-34",2021-12-19,2021-12-09,"-10 day ahead inc hosp","quantile",0.25,782,"COVID-19"
"DE","15-34",2021-12-19,2021-12-09,"-10 day ahead inc hosp","quantile",0.5,815,"COVID-19"
"DE","15-34",2021-12-19,2021-12-09,"-10 day ahead inc hosp","quantile",0.75,858,"COVID-19"
"DE","15-34",2021-12-19,2021-12-09,"-10 day ahead inc hosp","quantile",0.9,907,"COVID-19"
"DE","15-34",2021-12-19,2021-12-09,"-10 day ahead inc hosp","quantile",0.975,973,"COVID-19"
"DE","15-34",2021-12-19,2021-12-08,"-11 day ahead inc hosp","mean",NA,795,"COVID-19"
"DE","15-34",2021-12-19,2021-12-08,"-11 day ahead inc hosp","quantile",0.025,725,"COVID-19"
"DE","15-34",2021-12-19,2021-12-08,"-11 day ahead inc hosp","quantile",0.1,738,"COVID-19"
"DE","15-34",2021-12-19,2021-12-08,"-11 day ahead inc hosp","quantile",0.25,757,"COVID-19"
"DE","15-34",2021-12-19,2021-12-08,"-11 day ahead inc hosp","quantile",0.5,785,"COVID-19"
"DE","15-34",2021-12-19,2021-12-08,"-11 day ahead inc hosp","quantile",0.75,823,"COVID-19"
"DE","15-34",2021-12-19,2021-12-08,"-11 day ahead inc hosp","quantile",0.9,866,"COVID-19"
"DE","15-34",2021-12-19,2021-12-08,"-11 day ahead inc hosp","quantile",0.975,925,"COVID-19"
"DE","15-34",2021-12-19,2021-12-07,"-12 day ahead inc hosp","mean",NA,788,"COVID-19"
"DE","15-34",2021-12-19,2021-12-07,"-12 day ahead inc hosp","quantile",0.025,727,"COVID-19"
"DE","15-34",2021-12-19,2021-12-07,"-12 day ahead inc hosp","quantile",0.1,738,"COVID-19"
"DE","15-34",2021-12-19,2021-12-07,"-12 day ahead inc hosp","quantile",0.25,754,"COVID-19"
"DE","15-34",2021-12-19,2021-12-07,"-12 day ahead inc hosp","quantile",0.5,779,"COVID-19"
"DE","15-34",2021-12-19,2021-12-07,"-12 day ahead inc hosp","quantile",0.75,812,"COVID-19"
"DE","15-34",2021-12-19,2021-12-07,"-12 day ahead inc hosp","quantile",0.9,851,"COVID-19"
"DE","15-34",2021-12-19,2021-12-07,"-12 day ahead inc hosp","quantile",0.975,904,"COVID-19"
"DE","15-34",2021-12-19,2021-12-06,"-13 day ahead inc hosp","mean",NA,776,"COVID-19"
"DE","15-34",2021-12-19,2021-12-06,"-13 day ahead inc hosp","quantile",0.025,722,"COVID-19"
"DE","15-34",2021-12-19,2021-12-06,"-13 day ahead inc hosp","quantile",0.1,732,"COVID-19"
"DE","15-34",2021-12-19,2021-12-06,"-13 day ahead inc hosp","quantile",0.25,745,"COVID-19"
"DE","15-34",2021-12-19,2021-12-06,"-13 day ahead inc hosp","quantile",0.5,767,"COVID-19"
"DE","15-34",2021-12-19,2021-12-06,"-13 day ahead inc hosp","quantile",0.75,797,"COVID-19"
"DE","15-34",2021-12-19,2021-12-06,"-13 day ahead inc hosp","quantile",0.9,832,"COVID-19"
"DE","15-34",2021-12-19,2021-12-06,"-13 day ahead inc hosp","quantile",0.975,881,"COVID-19"
"DE","15-34",2021-12-19,2021-12-05,"-14 day ahead inc hosp","mean",NA,786,"COVID-19"
"DE","15-34",2021-12-19,2021-12-05,"-14 day ahead inc hosp","quantile",0.025,733,"COVID-19"
"DE","15-34",2021-12-19,2021-12-05,"-14 day ahead inc hosp","quantile",0.1,742,"COVID-19"
"DE","15-34",2021-12-19,2021-12-05,"-14 day ahead inc hosp","quantile",0.25,755,"COVID-19"
"DE","15-34",2021-12-19,2021-12-05,"-14 day ahead inc hosp","quantile",0.5,776,"COVID-19"
"DE","15-34",2021-12-19,2021-12-05,"-14 day ahead inc hosp","quantile",0.75,806,"COVID-19"
"DE","15-34",2021-12-19,2021-12-05,"-14 day ahead inc hosp","quantile",0.9,842,"COVID-19"
"DE","15-34",2021-12-19,2021-12-05,"-14 day ahead inc hosp","quantile",0.975,891,"COVID-19"
"DE","15-34",2021-12-19,2021-12-04,"-15 day ahead inc hosp","mean",NA,772,"COVID-19"
"DE","15-34",2021-12-19,2021-12-04,"-15 day ahead inc hosp","quantile",0.025,722,"COVID-19"
"DE","15-34",2021-12-19,2021-12-04,"-15 day ahead inc hosp","quantile",0.1,730,"COVID-19"
"DE","15-34",2021-12-19,2021-12-04,"-15 day ahead inc hosp","quantile",0.25,742,"COVID-19"
"DE","15-34",2021-12-19,2021-12-04,"-15 day ahead inc hosp","quantile",0.5,762,"COVID-19"
"DE","15-34",2021-12-19,2021-12-04,"-15 day ahead inc hosp","quantile",0.75,791,"COVID-19"
"DE","15-34",2021-12-19,2021-12-04,"-15 day ahead inc hosp","quantile",0.9,825,"COVID-19"
"DE","15-34",2021-12-19,2021-12-04,"-15 day ahead inc hosp","quantile",0.975,873,"COVID-19"
"DE","15-34",2021-12-19,2021-12-03,"-16 day ahead inc hosp","mean",NA,763,"COVID-19"
"DE","15-34",2021-12-19,2021-12-03,"-16 day ahead inc hosp","quantile",0.025,718,"COVID-19"
"DE","15-34",2021-12-19,2021-12-03,"-16 day ahead inc hosp","quantile",0.1,725,"COVID-19"
"DE","15-34",2021-12-19,2021-12-03,"-16 day ahead inc hosp","quantile",0.25,736,"COVID-19"
"DE","15-34",2021-12-19,2021-12-03,"-16 day ahead inc hosp","quantile",0.5,754,"COVID-19"
"DE","15-34",2021-12-19,2021-12-03,"-16 day ahead inc hosp","quantile",0.75,781,"COVID-19"
"DE","15-34",2021-12-19,2021-12-03,"-16 day ahead inc hosp","quantile",0.9,812,"COVID-19"
"DE","15-34",2021-12-19,2021-12-03,"-16 day ahead inc hosp","quantile",0.975,857,"COVID-19"
"DE","15-34",2021-12-19,2021-12-02,"-17 day ahead inc hosp","mean",NA,759,"COVID-19"
"DE","15-34",2021-12-19,2021-12-02,"-17 day ahead inc hosp","quantile",0.025,718,"COVID-19"
"DE","15-34",2021-12-19,2021-12-02,"-17 day ahead inc hosp","quantile",0.1,724,"COVID-19"
"DE","15-34",2021-12-19,2021-12-02,"-17 day ahead inc hosp","quantile",0.25,734,"COVID-19"
"DE","15-34",2021-12-19,2021-12-02,"-17 day ahead inc hosp","quantile",0.5,750,"COVID-19"
"DE","15-34",2021-12-19,2021-12-02,"-17 day ahead inc hosp","quantile",0.75,775,"COVID-19"
"DE","15-34",2021-12-19,2021-12-02,"-17 day ahead inc hosp","quantile",0.9,804,"COVID-19"
"DE","15-34",2021-12-19,2021-12-02,"-17 day ahead inc hosp","quantile",0.975,845,"COVID-19"
"DE","15-34",2021-12-19,2021-12-01,"-18 day ahead inc hosp","mean",NA,755,"COVID-19"
"DE","15-34",2021-12-19,2021-12-01,"-18 day ahead inc hosp","quantile",0.025,719,"COVID-19"
"DE","15-34",2021-12-19,2021-12-01,"-18 day ahead inc hosp","quantile",0.1,724,"COVID-19"
"DE","15-34",2021-12-19,2021-12-01,"-18 day ahead inc hosp","quantile",0.25,732,"COVID-19"
"DE","15-34",2021-12-19,2021-12-01,"-18 day ahead inc hosp","quantile",0.5,747,"COVID-19"
"DE","15-34",2021-12-19,2021-12-01,"-18 day ahead inc hosp","quantile",0.75,769,"COVID-19"
"DE","15-34",2021-12-19,2021-12-01,"-18 day ahead inc hosp","quantile",0.9,796,"COVID-19"
"DE","15-34",2021-12-19,2021-12-01,"-18 day ahead inc hosp","quantile",0.975,835,"COVID-19"
"DE","15-34",2021-12-19,2021-11-30,"-19 day ahead inc hosp","mean",NA,749,"COVID-19"
"DE","15-34",2021-12-19,2021-11-30,"-19 day ahead inc hosp","quantile",0.025,717,"COVID-19"
"DE","15-34",2021-12-19,2021-11-30,"-19 day ahead inc hosp","quantile",0.1,721,"COVID-19"
"DE","15-34",2021-12-19,2021-11-30,"-19 day ahead inc hosp","quantile",0.25,728,"COVID-19"
"DE","15-34",2021-12-19,2021-11-30,"-19 day ahead inc hosp","quantile",0.5,742,"COVID-19"
"DE","15-34",2021-12-19,2021-11-30,"-19 day ahead inc hosp","quantile",0.75,762,"COVID-19"
"DE","15-34",2021-12-19,2021-11-30,"-19 day ahead inc hosp","quantile",0.9,787,"COVID-19"
"DE","15-34",2021-12-19,2021-11-30,"-19 day ahead inc hosp","quantile",0.975,823,"COVID-19"
"DE","15-34",2021-12-19,2021-11-29,"-20 day ahead inc hosp","mean",NA,746,"COVID-19"
"DE","15-34",2021-12-19,2021-11-29,"-20 day ahead inc hosp","quantile",0.025,716,"COVID-19"
"DE","15-34",2021-12-19,2021-11-29,"-20 day ahead inc hosp","quantile",0.1,720,"COVID-19"
"DE","15-34",2021-12-19,2021-11-29,"-20 day ahead inc hosp","quantile",0.25,727,"COVID-19"
"DE","15-34",2021-12-19,2021-11-29,"-20 day ahead inc hosp","quantile",0.5,739,"COVID-19"
"DE","15-34",2021-12-19,2021-11-29,"-20 day ahead inc hosp","quantile",0.75,758,"COVID-19"
"DE","15-34",2021-12-19,2021-11-29,"-20 day ahead inc hosp","quantile",0.9,781,"COVID-19"
"DE","15-34",2021-12-19,2021-11-29,"-20 day ahead inc hosp","quantile",0.975,814,"COVID-19"
"DE","15-34",2021-12-19,2021-11-28,"-21 day ahead inc hosp","mean",NA,740,"COVID-19"
"DE","15-34",2021-12-19,2021-11-28,"-21 day ahead inc hosp","quantile",0.025,712,"COVID-19"
"DE","15-34",2021-12-19,2021-11-28,"-21 day ahead inc hosp","quantile",0.1,715,"COVID-19"
"DE","15-34",2021-12-19,2021-11-28,"-21 day ahead inc hosp","quantile",0.25,721,"COVID-19"
"DE","15-34",2021-12-19,2021-11-28,"-21 day ahead inc hosp","quantile",0.5,733,"COVID-19"
"DE","15-34",2021-12-19,2021-11-28,"-21 day ahead inc hosp","quantile",0.75,751,"COVID-19"
"DE","15-34",2021-12-19,2021-11-28,"-21 day ahead inc hosp","quantile",0.9,774,"COVID-19"
"DE","15-34",2021-12-19,2021-11-28,"-21 day ahead inc hosp","quantile",0.975,807,"COVID-19"
"DE","15-34",2021-12-19,2021-11-27,"-22 day ahead inc hosp","mean",NA,738,"COVID-19"
"DE","15-34",2021-12-19,2021-11-27,"-22 day ahead inc hosp","quantile",0.025,712,"COVID-19"
"DE","15-34",2021-12-19,2021-11-27,"-22 day ahead inc hosp","quantile",0.1,715,"COVID-19"
"DE","15-34",2021-12-19,2021-11-27,"-22 day ahead inc hosp","quantile",0.25,720,"COVID-19"
"DE","15-34",2021-12-19,2021-11-27,"-22 day ahead inc hosp","quantile",0.5,731,"COVID-19"
"DE","15-34",2021-12-19,2021-11-27,"-22 day ahead inc hosp","quantile",0.75,749,"COVID-19"
"DE","15-34",2021-12-19,2021-11-27,"-22 day ahead inc hosp","quantile",0.9,771,"COVID-19"
"DE","15-34",2021-12-19,2021-11-27,"-22 day ahead inc hosp","quantile",0.975,803,"COVID-19"
"DE","15-34",2021-12-19,2021-11-26,"-23 day ahead inc hosp","mean",NA,744,"COVID-19"
"DE","15-34",2021-12-19,2021-11-26,"-23 day ahead inc hosp","quantile",0.025,720,"COVID-19"
"DE","15-34",2021-12-19,2021-11-26,"-23 day ahead inc hosp","quantile",0.1,722,"COVID-19"
"DE","15-34",2021-12-19,2021-11-26,"-23 day ahead inc hosp","quantile",0.25,727,"COVID-19"
"DE","15-34",2021-12-19,2021-11-26,"-23 day ahead inc hosp","quantile",0.5,738,"COVID-19"
"DE","15-34",2021-12-19,2021-11-26,"-23 day ahead inc hosp","quantile",0.75,754,"COVID-19"
"DE","15-34",2021-12-19,2021-11-26,"-23 day ahead inc hosp","quantile",0.9,775,"COVID-19"
"DE","15-34",2021-12-19,2021-11-26,"-23 day ahead inc hosp","quantile",0.975,807,"COVID-19"
"DE","15-34",2021-12-19,2021-11-25,"-24 day ahead inc hosp","mean",NA,744,"COVID-19"
"DE","15-34",2021-12-19,2021-11-25,"-24 day ahead inc hosp","quantile",0.025,721,"COVID-19"
"DE","15-34",2021-12-19,2021-11-25,"-24 day ahead inc hosp","quantile",0.1,724,"COVID-19"
"DE","15-34",2021-12-19,2021-11-25,"-24 day ahead inc hosp","quantile",0.25,728,"COVID-19"
"DE","15-34",2021-12-19,2021-11-25,"-24 day ahead inc hosp","quantile",0.5,738,"COVID-19"
"DE","15-34",2021-12-19,2021-11-25,"-24 day ahead inc hosp","quantile",0.75,753,"COVID-19"
"DE","15-34",2021-12-19,2021-11-25,"-24 day ahead inc hosp","quantile",0.9,773,"COVID-19"
"DE","15-34",2021-12-19,2021-11-25,"-24 day ahead inc hosp","quantile",0.975,802,"COVID-19"
"DE","15-34",2021-12-19,2021-11-24,"-25 day ahead inc hosp","mean",NA,751,"COVID-19"
"DE","15-34",2021-12-19,2021-11-24,"-25 day ahead inc hosp","quantile",0.025,730,"COVID-19"
"DE","15-34",2021-12-19,2021-11-24,"-25 day ahead inc hosp","quantile",0.1,732,"COVID-19"
"DE","15-34",2021-12-19,2021-11-24,"-25 day ahead inc hosp","quantile",0.25,736,"COVID-19"
"DE","15-34",2021-12-19,2021-11-24,"-25 day ahead inc hosp","quantile",0.5,745,"COVID-19"
"DE","15-34",2021-12-19,2021-11-24,"-25 day ahead inc hosp","quantile",0.75,759,"COVID-19"
"DE","15-34",2021-12-19,2021-11-24,"-25 day ahead inc hosp","quantile",0.9,777,"COVID-19"
"DE","15-34",2021-12-19,2021-11-24,"-25 day ahead inc hosp","quantile",0.975,804,"COVID-19"
"DE","15-34",2021-12-19,2021-11-23,"-26 day ahead inc hosp","mean",NA,780,"COVID-19"
"DE","15-34",2021-12-19,2021-11-23,"-26 day ahead inc hosp","quantile",0.025,761,"COVID-19"
"DE","15-34",2021-12-19,2021-11-23,"-26 day ahead inc hosp","quantile",0.1,763,"COVID-19"
"DE","15-34",2021-12-19,2021-11-23,"-26 day ahead inc hosp","quantile",0.25,767,"COVID-19"
"DE","15-34",2021-12-19,2021-11-23,"-26 day ahead inc hosp","quantile",0.5,775,"COVID-19"
"DE","15-34",2021-12-19,2021-11-23,"-26 day ahead inc hosp","quantile",0.75,788,"COVID-19"
"DE","15-34",2021-12-19,2021-11-23,"-26 day ahead inc hosp","quantile",0.9,805,"COVID-19"
"DE","15-34",2021-12-19,2021-11-23,"-26 day ahead inc hosp","quantile",0.975,830,"COVID-19"
"DE","15-34",2021-12-19,2021-11-22,"-27 day ahead inc hosp","mean",NA,766,"COVID-19"
"DE","15-34",2021-12-19,2021-11-22,"-27 day ahead inc hosp","quantile",0.025,748,"COVID-19"
"DE","15-34",2021-12-19,2021-11-22,"-27 day ahead inc hosp","quantile",0.1,750,"COVID-19"
"DE","15-34",2021-12-19,2021-11-22,"-27 day ahead inc hosp","quantile",0.25,753,"COVID-19"
"DE","15-34",2021-12-19,2021-11-22,"-27 day ahead inc hosp","quantile",0.5,761,"COVID-19"
"DE","15-34",2021-12-19,2021-11-22,"-27 day ahead inc hosp","quantile",0.75,772,"COVID-19"
"DE","15-34",2021-12-19,2021-11-22,"-27 day ahead inc hosp","quantile",0.9,788,"COVID-19"
"DE","15-34",2021-12-19,2021-11-22,"-27 day ahead inc hosp","quantile",0.975,811,"COVID-19"
"DE","15-34",2021-12-19,2021-11-21,"-28 day ahead inc hosp","mean",NA,765,"COVID-19"
"DE","15-34",2021-12-19,2021-11-21,"-28 day ahead inc hosp","quantile",0.025,748,"COVID-19"
"DE","15-34",2021-12-19,2021-11-21,"-28 day ahead inc hosp","quantile",0.1,750,"COVID-19"
"DE","15-34",2021-12-19,2021-11-21,"-28 day ahead inc hosp","quantile",0.25,753,"COVID-19"
"DE","15-34",2021-12-19,2021-11-21,"-28 day ahead inc hosp","quantile",0.5,760,"COVID-19"
"DE","15-34",2021-12-19,2021-11-21,"-28 day ahead inc hosp","quantile",0.75,771,"COVID-19"
"DE","15-34",2021-12-19,2021-11-21,"-28 day ahead inc hosp","quantile",0.9,786,"COVID-19"
"DE","15-34",2021-12-19,2021-11-21,"-28 day ahead inc hosp","quantile",0.975,807,"COVID-19"
"DE","35-59",2021-12-19,2021-12-19,"0 day ahead inc hosp","mean",NA,1946,"COVID-19"
"DE","35-59",2021-12-19,2021-12-19,"0 day ahead inc hosp","quantile",0.025,1396,"COVID-19"
"DE","35-59",2021-12-19,2021-12-19,"0 day ahead inc hosp","quantile",0.1,1551,"COVID-19"
"DE","35-59",2021-12-19,2021-12-19,"0 day ahead inc hosp","quantile",0.25,1711,"COVID-19"
"DE","35-59",2021-12-19,2021-12-19,"0 day ahead inc hosp","quantile",0.5,1915,"COVID-19"
"DE","35-59",2021-12-19,2021-12-19,"0 day ahead inc hosp","quantile",0.75,2146,"COVID-19"
"DE","35-59",2021-12-19,2021-12-19,"0 day ahead inc hosp","quantile",0.9,2380,"COVID-19"
"DE","35-59",2021-12-19,2021-12-19,"0 day ahead inc hosp","quantile",0.975,2670,"COVID-19"
"DE","35-59",2021-12-19,2021-12-18,"-1 day ahead inc hosp","mean",NA,2000,"COVID-19"
"DE","35-59",2021-12-19,2021-12-18,"-1 day ahead inc hosp","quantile",0.025,1466,"COVID-19"
"DE","35-59",2021-12-19,2021-12-18,"-1 day ahead inc hosp","quantile",0.1,1615,"COVID-19"
"DE","35-59",2021-12-19,2021-12-18,"-1 day ahead inc hosp","quantile",0.25,1771,"COVID-19"
"DE","35-59",2021-12-19,2021-12-18,"-1 day ahead inc hosp","quantile",0.5,1969,"COVID-19"
"DE","35-59",2021-12-19,2021-12-18,"-1 day ahead inc hosp","quantile",0.75,2195,"COVID-19"
"DE","35-59",2021-12-19,2021-12-18,"-1 day ahead inc hosp","quantile",0.9,2424,"COVID-19"
"DE","35-59",2021-12-19,2021-12-18,"-1 day ahead inc hosp","quantile",0.975,2709,"COVID-19"
"DE","35-59",2021-12-19,2021-12-17,"-2 day ahead inc hosp","mean",NA,2087,"COVID-19"
"DE","35-59",2021-12-19,2021-12-17,"-2 day ahead inc hosp","quantile",0.025,1599,"COVID-19"
"DE","35-59",2021-12-19,2021-12-17,"-2 day ahead inc hosp","quantile",0.1,1737,"COVID-19"
"DE","35-59",2021-12-19,2021-12-17,"-2 day ahead inc hosp","quantile",0.25,1879,"COVID-19"
"DE","35-59",2021-12-19,2021-12-17,"-2 day ahead inc hosp","quantile",0.5,2059,"COVID-19"
"DE","35-59",2021-12-19,2021-12-17,"-2 day ahead inc hosp","quantile",0.75,2265,"COVID-19"
"DE","35-59",2021-12-19,2021-12-17,"-2 day ahead inc hosp","quantile",0.9,2472,"COVID-19"
"DE","35-59",2021-12-19,2021-12-17,"-2 day ahead inc hosp","quantile",0.975,2730,"COVID-19"
"DE","35-59",2021-12-19,2021-12-16,"-3 day ahead inc hosp","mean",NA,2092,"COVID-19"
"DE","35-59",2021-12-19,2021-12-16,"-3 day ahead inc hosp","quantile",0.025,1672,"COVID-19"
"DE","35-59",2021-12-19,2021-12-16,"-3 day ahead inc hosp","quantile",0.1,1791,"COVID-19"
"DE","35-59",2021-12-19,2021-12-16,"-3 day ahead inc hosp","quantile",0.25,1914,"COVID-19"
"DE","35-59",2021-12-19,2021-12-16,"-3 day ahead inc hosp","quantile",0.5,2069,"COVID-19"
"DE","35-59",2021-12-19,2021-12-16,"-3 day ahead inc hosp","quantile",0.75,2245,"COVID-19"
"DE","35-59",2021-12-19,2021-12-16,"-3 day ahead inc hosp","quantile",0.9,2423,"COVID-19"
"DE","35-59",2021-12-19,2021-12-16,"-3 day ahead inc hosp","quantile",0.975,2643,"COVID-19"
"DE","35-59",2021-12-19,2021-12-15,"-4 day ahead inc hosp","mean",NA,2163,"COVID-19"
"DE","35-59",2021-12-19,2021-12-15,"-4 day ahead inc hosp","quantile",0.025,1801,"COVID-19"
"DE","35-59",2021-12-19,2021-12-15,"-4 day ahead inc hosp","quantile",0.1,1905,"COVID-19"
"DE","35-59",2021-12-19,2021-12-15,"-4 day ahead inc hosp","quantile",0.25,2011,"COVID-19"
"DE","35-59",2021-12-19,2021-12-15,"-4 day ahead inc hosp","quantile",0.5,2144,"COVID-19"
"DE","35-59",2021-12-19,2021-12-15,"-4 day ahead inc hosp","quantile",0.75,2295,"COVID-19"
"DE","35-59",2021-12-19,2021-12-15,"-4 day ahead inc hosp","quantile",0.9,2447,"COVID-19"
"DE","35-59",2021-12-19,2021-12-15,"-4 day ahead inc hosp","quantile",0.975,2634,"COVID-19"
"DE","35-59",2021-12-19,2021-12-14,"-5 day ahead inc hosp","mean",NA,2229,"COVID-19"
"DE","35-59",2021-12-19,2021-12-14,"-5 day ahead inc hosp","quantile",0.025,1927,"COVID-19"
"DE","35-59",2021-12-19,2021-12-14,"-5 day ahead inc hosp","quantile",0.1,2014,"COVID-19"
"DE","35-59",2021-12-19,2021-12-14,"-5 day ahead inc hosp","quantile",0.25,2103,"COVID-19"
"DE","35-59",2021-12-19,2021-12-14,"-5 day ahead inc hosp","quantile",0.5,2214,"COVID-19"
"DE","35-59",2021-12-19,2021-12-14,"-5 day ahead inc hosp","quantile",0.75,2339,"COVID-19"
"DE","35-59",2021-12-19,2021-12-14,"-5 day ahead inc hosp","quantile",0.9,2465,"COVID-19"
"DE","35-59",2021-12-19,2021-12-14,"-5 day ahead inc hosp","quantile",0.975,2620,"COVID-19"
"DE","35-59",2021-12-19,2021-12-13,"-6 day ahead inc hosp","mean",NA,2280,"COVID-19"
"DE","35-59",2021-12-19,2021-12-13,"-6 day ahead inc hosp","quantile",0.025,2004,"COVID-19"
"DE","35-59",2021-12-19,2021-12-13,"-6 day ahead inc hosp","quantile",0.1,2083,"COVID-19"
"DE","35-59",2021-12-19,2021-12-13,"-6 day ahead inc hosp","quantile",0.25,2163,"COVID-19"
"DE","35-59",2021-12-19,2021-12-13,"-6 day ahead inc hosp","quantile",0.5,2265,"COVID-19"
"DE","35-59",2021-12-19,2021-12-13,"-6 day ahead inc hosp","quantile",0.75,2380,"COVID-19"
"DE","35-59",2021-12-19,2021-12-13,"-6 day ahead inc hosp","quantile",0.9,2496,"COVID-19"
"DE","35-59",2021-12-19,2021-12-13,"-6 day ahead inc hosp","quantile",0.975,2640,"COVID-19"
"DE","35-59",2021-12-19,2021-12-12,"-7 day ahead inc hosp","mean",NA,2333,"COVID-19"
"DE","35-59",2021-12-19,2021-12-12,"-7 day ahead inc hosp","quantile",0.025,2054,"COVID-19"
"DE","35-59",2021-12-19,2021-12-12,"-7 day ahead inc hosp","quantile",0.1,2132,"COVID-19"
"DE","35-59",2021-12-19,2021-12-12,"-7 day ahead inc hosp","quantile",0.25,2213,"COVID-19"
"DE","35-59",2021-12-19,2021-12-12,"-7 day ahead inc hosp","quantile",0.5,2316,"COVID-19"
"DE","35-59",2021-12-19,2021-12-12,"-7 day ahead inc hosp","quantile",0.75,2435,"COVID-19"
"DE","35-59",2021-12-19,2021-12-12,"-7 day ahead inc hosp","quantile",0.9,2556,"COVID-19"
"DE","35-59",2021-12-19,2021-12-12,"-7 day ahead inc hosp","quantile",0.975,2706,"COVID-19"
"DE","35-59",2021-12-19,2021-12-11,"-8 day ahead inc hosp","mean",NA,2412,"COVID-19"
"DE","35-59",2021-12-19,2021-12-11,"-8 day ahead inc hosp","quantile",0.025,2140,"COVID-19"
"DE","35-59",2021-12-19,2021-12-11,"-8 day ahead inc hosp","quantile",0.1,2215,"COVID-19"
"DE","35-59",2021-12-19,2021-12-11,"-8 day ahead inc hosp","quantile",0.25,2294,"COVID-19"
"DE","35-59",2021-12-19,2021-12-11,"-8 day ahead inc hosp","quantile",0.5,2395,"COVID-19"
"DE","35-59",2021-12-19,2021-12-11,"-8 day ahead inc hosp","quantile",0.75,2512,"COVID-19"
"DE","35-59",2021-12-19,2021-12-11,"-8 day ahead inc hosp","quantile",0.9,2632,"COVID-19"
"DE","35-59",2021-12-19,2021-12-11,"-8 day ahead inc hosp","quantile",0.975,2782,"COVID-19"
"DE","35-59",2021-12-19,2021-12-10,"-9 day ahead inc hosp","mean",NA,2482,"COVID-19"
"DE","35-59",2021-12-19,2021-12-10,"-9 day ahead inc hosp","quantile",0.025,2225,"COVID-19"
"DE","35-59",2021-12-19,2021-12-10,"-9 day ahead inc hosp","quantile",0.1,2294,"COVID-19"
"DE","35-59",2021-12-19,2021-12-10,"-9 day ahead inc hosp","quantile",0.25,2368,"COVID-19"
"DE","35-59",2021-12-19,2021-12-10,"-9 day ahead inc hosp","quantile",0.5,2465,"COVID-19"
"DE","35-59",2021-12-19,2021-12-10,"-9 day ahead inc hosp","quantile",0.75,2577,"COVID-19"
"DE","35-59",2021-12-19,2021-12-10,"-9 day ahead inc hosp","quantile",0.9,2693,"COVID-19"
"DE","35-59",2021-12-19,2021-12-10,"-9 day ahead inc hosp","quantile",0.975,2839,"COVID-19"
"DE","35-59",2021-12-19,2021-12-09,"-10 day ahead inc hosp","mean",NA,2604,"COVID-19"
"DE","35-59",2021-12-19,2021-12-09,"-10 day ahead inc hosp","quantile",0.025,2359,"COVID-19"
"DE","35-59",2021-12-19,2021-12-09,"-10 day ahead inc hosp","quantile",0.1,2424,"COVID-19"
"DE","35-59",2021-12-19,2021-12-09,"-10 day ahead inc hosp","quantile",0.25,2494,"COVID-19"
"DE","35-59",2021-12-19,2021-12-09,"-10 day ahead inc hosp","quantile",0.5,2587,"COVID-19"
"DE","35-59",2021-12-19,2021-12-09,"-10 day ahead inc hosp","quantile",0.75,2695,"COVID-19"
"DE","35-59",2021-12-19,2021-12-09,"-10 day ahead inc hosp","quantile",0.9,2808,"COVID-19"
"DE","35-59",2021-12-19,2021-12-09,"-10 day ahead inc hosp","quantile",0.975,2950,"COVID-19"
"DE","35-59",2021-12-19,2021-12-08,"-11 day ahead inc hosp","mean",NA,2690,"COVID-19"
"DE","35-59",2021-12-19,2021-12-08,"-11 day ahead inc hosp","quantile",0.025,2461,"COVID-19"
"DE","35-59",2021-12-19,2021-12-08,"-11 day ahead inc hosp","quantile",0.1,2520,"COVID-19"
"DE","35-59",2021-12-19,2021-12-08,"-11 day ahead inc hosp","quantile",0.25,2585,"COVID-19"
"DE","35-59",2021-12-19,2021-12-08,"-11 day ahead inc hosp","quantile",0.5,2672,"COVID-19"
"DE","35-59",2021-12-19,2021-12-08,"-11 day ahead inc hosp","quantile",0.75,2776,"COVID-19"
"DE","35-59",2021-12-19,2021-12-08,"-11 day ahead inc hosp","quantile",0.9,2883,"COVID-19"
"DE","35-59",2021-12-19,2021-12-08,"-11 day ahead inc hosp","quantile",0.975,3022,"COVID-19"
"DE","35-59",2021-12-19,2021-12-07,"-12 day ahead inc hosp","mean",NA,2637,"COVID-19"
"DE","35-59",2021-12-19,2021-12-07,"-12 day ahead inc hosp","quantile",0.025,2435,"COVID-19"
"DE","35-59",2021-12-19,2021-12-07,"-12 day ahead inc hosp","quantile",0.1,2486,"COVID-19"
"DE","35-59",2021-12-19,2021-12-07,"-12 day ahead inc hosp","quantile",0.25,2543,"COVID-19"
"DE","35-59",2021-12-19,2021-12-07,"-12 day ahead inc hosp","quantile",0.5,2620,"COVID-19"
"DE","35-59",2021-12-19,2021-12-07,"-12 day ahead inc hosp","quantile",0.75,2713,"COVID-19"
"DE","35-59",2021-12-19,2021-12-07,"-12 day ahead inc hosp","quantile",0.9,2810,"COVID-19"
"DE","35-59",2021-12-19,2021-12-07,"-12 day ahead inc hosp","quantile",0.975,2936,"COVID-19"
"DE","35-59",2021-12-19,2021-12-06,"-13 day ahead inc hosp","mean",NA,2651,"COVID-19"
"DE","35-59",2021-12-19,2021-12-06,"-13 day ahead inc hosp","quantile",0.025,2467,"COVID-19"
"DE","35-59",2021-12-19,2021-12-06,"-13 day ahead inc hosp","quantile",0.1,2512,"COVID-19"
"DE","35-59",2021-12-19,2021-12-06,"-13 day ahead inc hosp","quantile",0.25,2564,"COVID-19"
"DE","35-59",2021-12-19,2021-12-06,"-13 day ahead inc hosp","quantile",0.5,2635,"COVID-19"
"DE","35-59",2021-12-19,2021-12-06,"-13 day ahead inc hosp","quantile",0.75,2721,"COVID-19"
"DE","35-59",2021-12-19,2021-12-06,"-13 day ahead inc hosp","quantile",0.9,2812,"COVID-19"
"DE","35-59",2021-12-19,2021-12-06,"-13 day ahead inc hosp","quantile",0.975,2930,"COVID-19"
"DE","35-59",2021-12-19,2021-12-05,"-14 day ahead inc hosp","mean",NA,2635,"COVID-19"
"DE","35-59",2021-12-19,2021-12-05,"-14 day ahead inc hosp","quantile",0.025,2455,"COVID-19"
"DE","35-59",2021-12-19,2021-12-05,"-14 day ahead inc hosp","quantile",0.1,2498,"COVID-19"
"DE","35-59",2021-12-19,2021-12-05,"-14 day ahead inc hosp","quantile",0.25,2548,"COVID-19"
"DE","35-59",2021-12-19,2021-12-05,"-14 day ahead inc hosp","quantile",0.5,2618,"COVID-19"
"DE","35-59",2021-12-19,2021-12-05,"-14 day ahead inc hosp","quantile",0.75,2703,"COVID-19"
"DE","35-59",2021-12-19,2021-12-05,"-14 day ahead inc hosp","quantile",0.9,2795,"COVID-19"
"DE","35-59",2021-12-19,2021-12-05,"-14 day ahead inc hosp","quantile",0.975,2915,"COVID-19"
"DE","35-59",2021-12-19,2021-12-04,"-15 day ahead inc hosp","mean",NA,2609,"COVID-19"
"DE","35-59",2021-12-19,2021-12-04,"-15 day ahead inc hosp","quantile",0.025,2439,"COVID-19"
"DE","35-59",2021-12-19,2021-12-04,"-15 day ahead inc hosp","quantile",0.1,2479,"COVID-19"
"DE","35-59",2021-12-19,2021-12-04,"-15 day ahead inc hosp","quantile",0.25,2526,"COVID-19"
"DE","35-59",2021-12-19,2021-12-04,"-15 day ahead inc hosp","quantile",0.5,2592,"COVID-19"
"DE","35-59",2021-12-19,2021-12-04,"-15 day ahead inc hosp","quantile",0.75,2674,"COVID-19"
"DE","35-59",2021-12-19,2021-12-04,"-15 day ahead inc hosp","quantile",0.9,2763,"COVID-19"
"DE","35-59",2021-12-19,2021-12-04,"-15 day ahead inc hosp","quantile",0.975,2879,"COVID-19"
"DE","35-59",2021-12-19,2021-12-03,"-16 day ahead inc hosp","mean",NA,2605,"COVID-19"
"DE","35-59",2021-12-19,2021-12-03,"-16 day ahead inc hosp","quantile",0.025,2450,"COVID-19"
"DE","35-59",2021-12-19,2021-12-03,"-16 day ahead inc hosp","quantile",0.1,2486,"COVID-19"
"DE","35-59",2021-12-19,2021-12-03,"-16 day ahead inc hosp","quantile",0.25,2529,"COVID-19"
"DE","35-59",2021-12-19,2021-12-03,"-16 day ahead inc hosp","quantile",0.5,2589,"COVID-19"
"DE","35-59",2021-12-19,2021-12-03,"-16 day ahead inc hosp","quantile",0.75,2664,"COVID-19"
"DE","35-59",2021-12-19,2021-12-03,"-16 day ahead inc hosp","quantile",0.9,2746,"COVID-19"
"DE","35-59",2021-12-19,2021-12-03,"-16 day ahead inc hosp","quantile",0.975,2854,"COVID-19"
"DE","35-59",2021-12-19,2021-12-02,"-17 day ahead inc hosp","mean",NA,2602,"COVID-19"
"DE","35-59",2021-12-19,2021-12-02,"-17 day ahead inc hosp","quantile",0.025,2463,"COVID-19"
"DE","35-59",2021-12-19,2021-12-02,"-17 day ahead inc hosp","quantile",0.1,2495,"COVID-19"
"DE","35-59",2021-12-19,2021-12-02,"-17 day ahead inc hosp","quantile",0.25,2532,"COVID-19"
"DE","35-59",2021-12-19,2021-12-02,"-17 day ahead inc hosp","quantile",0.5,2586,"COVID-19"
"DE","35-59",2021-12-19,2021-12-02,"-17 day ahead inc hosp","quantile",0.75,2654,"COVID-19"
"DE","35-59",2021-12-19,2021-12-02,"-17 day ahead inc hosp","quantile",0.9,2728,"COVID-19"
"DE","35-59",2021-12-19,2021-12-02,"-17 day ahead inc hosp","quantile",0.975,2826,"COVID-19"
"DE","35-59",2021-12-19,2021-12-01,"-18 day ahead inc hosp","mean",NA,2591,"COVID-19"
"DE","35-59",2021-12-19,2021-12-01,"-18 day ahead inc hosp","quantile",0.025,2469,"COVID-19"
"DE","35-59",2021-12-19,2021-12-01,"-18 day ahead inc hosp","quantile",0.1,2496,"COVID-19"
"DE","35-59",2021-12-19,2021-12-01,"-18 day ahead inc hosp","quantile",0.25,2529,"COVID-19"
"DE","35-59",2021-12-19,2021-12-01,"-18 day ahead inc hosp","quantile",0.5,2577,"COVID-19"
"DE","35-59",2021-12-19,2021-12-01,"-18 day ahead inc hosp","quantile",0.75,2637,"COVID-19"
"DE","35-59",2021-12-19,2021-12-01,"-18 day ahead inc hosp","quantile",0.9,2703,"COVID-19"
"DE","35-59",2021-12-19,2021-12-01,"-18 day ahead inc hosp","quantile",0.975,2791,"COVID-19"
"DE","35-59",2021-12-19,2021-11-30,"-19 day ahead inc hosp","mean",NA,2628,"COVID-19"
"DE","35-59",2021-12-19,2021-11-30,"-19 day ahead inc hosp","quantile",0.025,2518,"COVID-19"
"DE","35-59",2021-12-19,2021-11-30,"-19 day ahead inc hosp","quantile",0.1,2543,"COVID-19"
"DE","35-59",2021-12-19,2021-11-30,"-19 day ahead inc hosp","quantile",0.25,2572,"COVID-19"
"DE","35-59",2021-12-19,2021-11-30,"-19 day ahead inc hosp","quantile",0.5,2616,"COVID-19"
"DE","35-59",2021-12-19,2021-11-30,"-19 day ahead inc hosp","quantile",0.75,2670,"COVID-19"
"DE","35-59",2021-12-19,2021-11-30,"-19 day ahead inc hosp","quantile",0.9,2731,"COVID-19"
"DE","35-59",2021-12-19,2021-11-30,"-19 day ahead inc hosp","quantile",0.975,2811,"COVID-19"
"DE","35-59",2021-12-19,2021-11-29,"-20 day ahead inc hosp","mean",NA,2596,"COVID-19"
"DE","35-59",2021-12-19,2021-11-29,"-20 day ahead inc hosp","quantile",0.025,2497,"COVID-19"
"DE","35-59",2021-12-19,2021-11-29,"-20 day ahead inc hosp","quantile",0.1,2519,"COVID-19"
"DE","35-59",2021-12-19,2021-11-29,"-20 day ahead inc hosp","quantile",0.25,2545,"COVID-19"
"DE","35-59",2021-12-19,2021-11-29,"-20 day ahead inc hosp","quantile",0.5,2584,"COVID-19"
"DE","35-59",2021-12-19,2021-11-29,"-20 day ahead inc hosp","quantile",0.75,2634,"COVID-19"
"DE","35-59",2021-12-19,2021-11-29,"-20 day ahead inc hosp","quantile",0.9,2689,"COVID-19"
"DE","35-59",2021-12-19,2021-11-29,"-20 day ahead inc hosp","quantile",0.975,2763,"COVID-19"
"DE","35-59",2021-12-19,2021-11-28,"-21 day ahead inc hosp","mean",NA,2623,"COVID-19"
"DE","35-59",2021-12-19,2021-11-28,"-21 day ahead inc hosp","quantile",0.025,2527,"COVID-19"
"DE","35-59",2021-12-19,2021-11-28,"-21 day ahead inc hosp","quantile",0.1,2548,"COVID-19"
"DE","35-59",2021-12-19,2021-11-28,"-21 day ahead inc hosp","quantile",0.25,2573,"COVID-19"
"DE","35-59",2021-12-19,2021-11-28,"-21 day ahead inc hosp","quantile",0.5,2611,"COVID-19"
"DE","35-59",2021-12-19,2021-11-28,"-21 day ahead inc hosp","quantile",0.75,2660,"COVID-19"
"DE","35-59",2021-12-19,2021-11-28,"-21 day ahead inc hosp","quantile",0.9,2714,"COVID-19"
"DE","35-59",2021-12-19,2021-11-28,"-21 day ahead inc hosp","quantile",0.975,2787,"COVID-19"
"DE","35-59",2021-12-19,2021-11-27,"-22 day ahead inc hosp","mean",NA,2595,"COVID-19"
"DE","35-59",2021-12-19,2021-11-27,"-22 day ahead inc hosp","quantile",0.025,2504,"COVID-19"
"DE","35-59",2021-12-19,2021-11-27,"-22 day ahead inc hosp","quantile",0.1,2523,"COVID-19"
"DE","35-59",2021-12-19,2021-11-27,"-22 day ahead inc hosp","quantile",0.25,2547,"COVID-19"
"DE","35-59",2021-12-19,2021-11-27,"-22 day ahead inc hosp","quantile",0.5,2583,"COVID-19"
"DE","35-59",2021-12-19,2021-11-27,"-22 day ahead inc hosp","quantile",0.75,2630,"COVID-19"
"DE","35-59",2021-12-19,2021-11-27,"-22 day ahead inc hosp","quantile",0.9,2682,"COVID-19"
"DE","35-59",2021-12-19,2021-11-27,"-22 day ahead inc hosp","quantile",0.975,2752,"COVID-19"
"DE","35-59",2021-12-19,2021-11-26,"-23 day ahead inc hosp","mean",NA,2608,"COVID-19"
"DE","35-59",2021-12-19,2021-11-26,"-23 day ahead inc hosp","quantile",0.025,2524,"COVID-19"
"DE","35-59",2021-12-19,2021-11-26,"-23 day ahead inc hosp","quantile",0.1,2541,"COVID-19"
"DE","35-59",2021-12-19,2021-11-26,"-23 day ahead inc hosp","quantile",0.25,2563,"COVID-19"
"DE","35-59",2021-12-19,2021-11-26,"-23 day ahead inc hosp","quantile",0.5,2597,"COVID-19"
"DE","35-59",2021-12-19,2021-11-26,"-23 day ahead inc hosp","quantile",0.75,2641,"COVID-19"
"DE","35-59",2021-12-19,2021-11-26,"-23 day ahead inc hosp","quantile",0.9,2690,"COVID-19"
"DE","35-59",2021-12-19,2021-11-26,"-23 day ahead inc hosp","quantile",0.975,2758,"COVID-19"
"DE","35-59",2021-12-19,2021-11-25,"-24 day ahead inc hosp","mean",NA,2554,"COVID-19"
"DE","35-59",2021-12-19,2021-11-25,"-24 day ahead inc hosp","quantile",0.025,2478,"COVID-19"
"DE","35-59",2021-12-19,2021-11-25,"-24 day ahead inc hosp","quantile",0.1,2493,"COVID-19"
"DE","35-59",2021-12-19,2021-11-25,"-24 day ahead inc hosp","quantile",0.25,2513,"COVID-19"
"DE","35-59",2021-12-19,2021-11-25,"-24 day ahead inc hosp","quantile",0.5,2543,"COVID-19"
"DE","35-59",2021-12-19,2021-11-25,"-24 day ahead inc hosp","quantile",0.75,2584,"COVID-19"
"DE","35-59",2021-12-19,2021-11-25,"-24 day ahead inc hosp","quantile",0.9,2629,"COVID-19"
"DE","35-59",2021-12-19,2021-11-25,"-24 day ahead inc hosp","quantile",0.975,2691,"COVID-19"
"DE","35-59",2021-12-19,2021-11-24,"-25 day ahead inc hosp","mean",NA,2512,"COVID-19"
"DE","35-59",2021-12-19,2021-11-24,"-25 day ahead inc hosp","quantile",0.025,2444,"COVID-19"
"DE","35-59",2021-12-19,2021-11-24,"-25 day ahead inc hosp","quantile",0.1,2457,"COVID-19"
"DE","35-59",2021-12-19,2021-11-24,"-25 day ahead inc hosp","quantile",0.25,2475,"COVID-19"
"DE","35-59",2021-12-19,2021-11-24,"-25 day ahead inc hosp","quantile",0.5,2502,"COVID-19"
"DE","35-59",2021-12-19,2021-11-24,"-25 day ahead inc hosp","quantile",0.75,2539,"COVID-19"
"DE","35-59",2021-12-19,2021-11-24,"-25 day ahead inc hosp","quantile",0.9,2580,"COVID-19"
"DE","35-59",2021-12-19,2021-11-24,"-25 day ahead inc hosp","quantile",0.975,2638,"COVID-19"
"DE","35-59",2021-12-19,2021-11-23,"-26 day ahead inc hosp","mean",NA,2491,"COVID-19"
"DE","35-59",2021-12-19,2021-11-23,"-26 day ahead inc hosp","quantile",0.025,2430,"COVID-19"
"DE","35-59",2021-12-19,2021-11-23,"-26 day ahead inc hosp","quantile",0.1,2442,"COVID-19"
"DE","35-59",2021-12-19,2021-11-23,"-26 day ahead inc hosp","quantile",0.25,2457,"COVID-19"
"DE","35-59",2021-12-19,2021-11-23,"-26 day ahead inc hosp","quantile",0.5,2482,"COVID-19"
"DE","35-59",2021-12-19,2021-11-23,"-26 day ahead inc hosp","quantile",0.75,2515,"COVID-19"
"DE","35-59",2021-12-19,2021-11-23,"-26 day ahead inc hosp","quantile",0.9,2554,"COVID-19"
"DE","35-59",2021-12-19,2021-11-23,"-26 day ahead inc hosp","quantile",0.975,2606,"COVID-19"
"DE","35-59",2021-12-19,2021-11-22,"-27 day ahead inc hosp","mean",NA,2453,"COVID-19"
"DE","35-59",2021-12-19,2021-11-22,"-27 day ahead inc hosp","quantile",0.025,2398,"COVID-19"
"DE","35-59",2021-12-19,2021-11-22,"-27 day ahead inc hosp","quantile",0.1,2408,"COVID-19"
"DE","35-59",2021-12-19,2021-11-22,"-27 day ahead inc hosp","quantile",0.25,2422,"COVID-19"
"DE","35-59",2021-12-19,2021-11-22,"-27 day ahead inc hosp","quantile",0.5,2445,"COVID-19"
"DE","35-59",2021-12-19,2021-11-22,"-27 day ahead inc hosp","quantile",0.75,2475,"COVID-19"
"DE","35-59",2021-12-19,2021-11-22,"-27 day ahead inc hosp","quantile",0.9,2510,"COVID-19"
"DE","35-59",2021-12-19,2021-11-22,"-27 day ahead inc hosp","quantile",0.975,2559,"COVID-19"
"DE","35-59",2021-12-19,2021-11-21,"-28 day ahead inc hosp","mean",NA,2400,"COVID-19"
"DE","35-59",2021-12-19,2021-11-21,"-28 day ahead inc hosp","quantile",0.025,2347,"COVID-19"
"DE","35-59",2021-12-19,2021-11-21,"-28 day ahead inc hosp","quantile",0.1,2357,"COVID-19"
"DE","35-59",2021-12-19,2021-11-21,"-28 day ahead inc hosp","quantile",0.25,2370,"COVID-19"
"DE","35-59",2021-12-19,2021-11-21,"-28 day ahead inc hosp","quantile",0.5,2392,"COVID-19"
"DE","35-59",2021-12-19,2021-11-21,"-28 day ahead inc hosp","quantile",0.75,2421,"COVID-19"
"DE","35-59",2021-12-19,2021-11-21,"-28 day ahead inc hosp","quantile",0.9,2455,"COVID-19"
"DE","35-59",2021-12-19,2021-11-21,"-28 day ahead inc hosp","quantile",0.975,2503,"COVID-19"
"DE","60-79",2021-12-19,2021-12-19,"0 day ahead inc hosp","mean",NA,2900,"COVID-19"
"DE","60-79",2021-12-19,2021-12-19,"0 day ahead inc hosp","quantile",0.025,2229,"COVID-19"
"DE","60-79",2021-12-19,2021-12-19,"0 day ahead inc hosp","quantile",0.1,2421,"COVID-19"
"DE","60-79",2021-12-19,2021-12-19,"0 day ahead inc hosp","quantile",0.25,2618,"COVID-19"
"DE","60-79",2021-12-19,2021-12-19,"0 day ahead inc hosp","quantile",0.5,2865,"COVID-19"
"DE","60-79",2021-12-19,2021-12-19,"0 day ahead inc hosp","quantile",0.75,3144,"COVID-19"
"DE","60-79",2021-12-19,2021-12-19,"0 day ahead inc hosp","quantile",0.9,3424,"COVID-19"
"DE","60-79",2021-12-19,2021-12-19,"0 day ahead inc hosp","quantile",0.975,3769,"COVID-19"
"DE","60-79",2021-12-19,2021-12-18,"-1 day ahead inc hosp","mean",NA,3107,"COVID-19"
"DE","60-79",2021-12-19,2021-12-18,"-1 day ahead inc hosp","quantile",0.025,2398,"COVID-19"
"DE","60-79",2021-12-19,2021-12-18,"-1 day ahead inc hosp","quantile",0.1,2597,"COVID-19"
"DE","60-79",2021-12-19,2021-12-18,"-1 day ahead inc hosp","quantile",0.25,2804,"COVID-19"
"DE","60-79",2021-12-19,2021-12-18,"-1 day ahead inc hosp","quantile",0.5,3067,"COVID-19"
"DE","60-79",2021-12-19,2021-12-18,"-1 day ahead inc hosp","quantile",0.75,3367,"COVID-19"
"DE","60-79",2021-12-19,2021-12-18,"-1 day ahead inc hosp","quantile",0.9,3670,"COVID-19"
"DE","60-79",2021-12-19,2021-12-18,"-1 day ahead inc hosp","quantile",0.975,4047,"COVID-19"
"DE","60-79",2021-12-19,2021-12-17,"-2 day ahead inc hosp","mean",NA,3109,"COVID-19"
"DE","60-79",2021-12-19,2021-12-17,"-2 day ahead inc hosp","quantile",0.025,2487,"COVID-19"
"DE","60-79",2021-12-19,2021-12-17,"-2 day ahead inc hosp","quantile",0.1,2662,"COVID-19"
"DE","60-79",2021-12-19,2021-12-17,"-2 day ahead inc hosp","quantile",0.25,2843,"COVID-19"
"DE","60-79",2021-12-19,2021-12-17,"-2 day ahead inc hosp","quantile",0.5,3073,"COVID-19"
"DE","60-79",2021-12-19,2021-12-17,"-2 day ahead inc hosp","quantile",0.75,3336,"COVID-19"
"DE","60-79",2021-12-19,2021-12-17,"-2 day ahead inc hosp","quantile",0.9,3601,"COVID-19"
"DE","60-79",2021-12-19,2021-12-17,"-2 day ahead inc hosp","quantile",0.975,3930,"COVID-19"
"DE","60-79",2021-12-19,2021-12-16,"-3 day ahead inc hosp","mean",NA,3177,"COVID-19"
"DE","60-79",2021-12-19,2021-12-16,"-3 day ahead inc hosp","quantile",0.025,2624,"COVID-19"
"DE","60-79",2021-12-19,2021-12-16,"-3 day ahead inc hosp","quantile",0.1,2780,"COVID-19"
"DE","60-79",2021-12-19,2021-12-16,"-3 day ahead inc hosp","quantile",0.25,2941,"COVID-19"
"DE","60-79",2021-12-19,2021-12-16,"-3 day ahead inc hosp","quantile",0.5,3146,"COVID-19"
"DE","60-79",2021-12-19,2021-12-16,"-3 day ahead inc hosp","quantile",0.75,3379,"COVID-19"
"DE","60-79",2021-12-19,2021-12-16,"-3 day ahead inc hosp","quantile",0.9,3614,"COVID-19"
"DE","60-79",2021-12-19,2021-12-16,"-3 day ahead inc hosp","quantile",0.975,3906,"COVID-19"
"DE","60-79",2021-12-19,2021-12-15,"-4 day ahead inc hosp","mean",NA,3331,"COVID-19"
"DE","60-79",2021-12-19,2021-12-15,"-4 day ahead inc hosp","quantile",0.025,2815,"COVID-19"
"DE","60-79",2021-12-19,2021-12-15,"-4 day ahead inc hosp","quantile",0.1,2960,"COVID-19"
"DE","60-79",2021-12-19,2021-12-15,"-4 day ahead inc hosp","quantile",0.25,3110,"COVID-19"
"DE","60-79",2021-12-19,2021-12-15,"-4 day ahead inc hosp","quantile",0.5,3301,"COVID-19"
"DE","60-79",2021-12-19,2021-12-15,"-4 day ahead inc hosp","quantile",0.75,3520,"COVID-19"
"DE","60-79",2021-12-19,2021-12-15,"-4 day ahead inc hosp","quantile",0.9,3741,"COVID-19"
"DE","60-79",2021-12-19,2021-12-15,"-4 day ahead inc hosp","quantile",0.975,4016,"COVID-19"
"DE","60-79",2021-12-19,2021-12-14,"-5 day ahead inc hosp","mean",NA,3352,"COVID-19"
"DE","60-79",2021-12-19,2021-12-14,"-5 day ahead inc hosp","quantile",0.025,2900,"COVID-19"
"DE","60-79",2021-12-19,2021-12-14,"-5 day ahead inc hosp","quantile",0.1,3025,"COVID-19"
"DE","60-79",2021-12-19,2021-12-14,"-5 day ahead inc hosp","quantile",0.25,3156,"COVID-19"
"DE","60-79",2021-12-19,2021-12-14,"-5 day ahead inc hosp","quantile",0.5,3325,"COVID-19"
"DE","60-79",2021-12-19,2021-12-14,"-5 day ahead inc hosp","quantile",0.75,3518,"COVID-19"
"DE","60-79",2021-12-19,2021-12-14,"-5 day ahead inc hosp","quantile",0.9,3715,"COVID-19"
"DE","60-79",2021-12-19,2021-12-14,"-5 day ahead inc hosp","quantile",0.975,3961,"COVID-19"
"DE","60-79",2021-12-19,2021-12-13,"-6 day ahead inc hosp","mean",NA,3422,"COVID-19"
"DE","60-79",2021-12-19,2021-12-13,"-6 day ahead inc hosp","quantile",0.025,3005,"COVID-19"
"DE","60-79",2021-12-19,2021-12-13,"-6 day ahead inc hosp","quantile",0.1,3119,"COVID-19"
"DE","60-79",2021-12-19,2021-12-13,"-6 day ahead inc hosp","quantile",0.25,3239,"COVID-19"
"DE","60-79",2021-12-19,2021-12-13,"-6 day ahead inc hosp","quantile",0.5,3395,"COVID-19"
"DE","60-79",2021-12-19,2021-12-13,"-6 day ahead inc hosp","quantile",0.75,3576,"COVID-19"
"DE","60-79",2021-12-19,2021-12-13,"-6 day ahead inc hosp","quantile",0.9,3761,"COVID-19"
"DE","60-79",2021-12-19,2021-12-13,"-6 day ahead inc hosp","quantile",0.975,3995,"COVID-19"
"DE","60-79",2021-12-19,2021-12-12,"-7 day ahead inc hosp","mean",NA,3475,"COVID-19"
"DE","60-79",2021-12-19,2021-12-12,"-7 day ahead inc hosp","quantile",0.025,3054,"COVID-19"
"DE","60-79",2021-12-19,2021-12-12,"-7 day ahead inc hosp","quantile",0.1,3165,"COVID-19"
"DE","60-79",2021-12-19,2021-12-12,"-7 day ahead inc hosp","quantile",0.25,3285,"COVID-19"
"DE","60-79",2021-12-19,2021-12-12,"-7 day ahead inc hosp","quantile",0.5,3444,"COVID-19"
"DE","60-79",2021-12-19,2021-12-12,"-7 day ahead inc hosp","quantile",0.75,3630,"COVID-19"
"DE","60-79",2021-12-19,2021-12-12,"-7 day ahead inc hosp","quantile",0.9,3823,"COVID-19"
"DE","60-79",2021-12-19,2021-12-12,"-7 day ahead inc hosp","quantile",0.975,4069,"COVID-19"
"DE","60-79",2021-12-19,2021-12-11,"-8 day ahead inc hosp","mean",NA,3497,"COVID-19"
"DE","60-79",2021-12-19,2021-12-11,"-8 day ahead inc hosp","quantile",0.025,3082,"COVID-19"
"DE","60-79",2021-12-19,2021-12-11,"-8 day ahead inc hosp","quantile",0.1,3188,"COVID-19"
"DE","60-79",2021-12-19,2021-12-11,"-8 day ahead inc hosp","quantile",0.25,3305,"COVID-19"
"DE","60-79",2021-12-19,2021-12-11,"-8 day ahead inc hosp","quantile",0.5,3463,"COVID-19"
"DE","60-79",2021-12-19,2021-12-11,"-8 day ahead inc hosp","quantile",0.75,3651,"COVID-19"
"DE","60-79",2021-12-19,2021-12-11,"-8 day ahead inc hosp","quantile",0.9,3849,"COVID-19"
"DE","60-79",2021-12-19,2021-12-11,"-8 day ahead inc hosp","quantile",0.975,4103,"COVID-19"
"DE","60-79",2021-12-19,2021-12-10,"-9 day ahead inc hosp","mean",NA,3603,"COVID-19"
"DE","60-79",2021-12-19,2021-12-10,"-9 day ahead inc hosp","quantile",0.025,3200,"COVID-19"
"DE","60-79",2021-12-19,2021-12-10,"-9 day ahead inc hosp","quantile",0.1,3300,"COVID-19"
"DE","60-79",2021-12-19,2021-12-10,"-9 day ahead inc hosp","quantile",0.25,3412,"COVID-19"
"DE","60-79",2021-12-19,2021-12-10,"-9 day ahead inc hosp","quantile",0.5,3567,"COVID-19"
"DE","60-79",2021-12-19,2021-12-10,"-9 day ahead inc hosp","quantile",0.75,3754,"COVID-19"
"DE","60-79",2021-12-19,2021-12-10,"-9 day ahead inc hosp","quantile",0.9,3953,"COVID-19"
"DE","60-79",2021-12-19,2021-12-10,"-9 day ahead inc hosp","quantile",0.975,4211,"COVID-19"
"DE","60-79",2021-12-19,2021-12-09,"-10 day ahead inc hosp","mean",NA,3676,"COVID-19"
"DE","60-79",2021-12-19,2021-12-09,"-10 day ahead inc hosp","quantile",0.025,3300,"COVID-19"
"DE","60-79",2021-12-19,2021-12-09,"-10 day ahead inc hosp","quantile",0.1,3390,"COVID-19"
"DE","60-79",2021-12-19,2021-12-09,"-10 day ahead inc hosp","quantile",0.25,3495,"COVID-19"
"DE","60-79",2021-12-19,2021-12-09,"-10 day ahead inc hosp","quantile",0.5,3640,"COVID-19"
"DE","60-79",2021-12-19,2021-12-09,"-10 day ahead inc hosp","quantile",0.75,3819,"COVID-19"
"DE","60-79",2021-12-19,2021-12-09,"-10 day ahead inc hosp","quantile",0.9,4010,"COVID-19"
"DE","60-79",2021-12-19,2021-12-09,"-10 day ahead inc hosp","quantile",0.975,4260,"COVID-19"
"DE","60-79",2021-12-19,2021-12-08,"-11 day ahead inc hosp","mean",NA,3735,"COVID-19"
"DE","60-79",2021-12-19,2021-12-08,"-11 day ahead inc hosp","quantile",0.025,3394,"COVID-19"
"DE","60-79",2021-12-19,2021-12-08,"-11 day ahead inc hosp","quantile",0.1,3474,"COVID-19"
"DE","60-79",2021-12-19,2021-12-08,"-11 day ahead inc hosp","quantile",0.25,3568,"COVID-19"
"DE","60-79",2021-12-19,2021-12-08,"-11 day ahead inc hosp","quantile",0.5,3700,"COVID-19"
"DE","60-79",2021-12-19,2021-12-08,"-11 day ahead inc hosp","quantile",0.75,3864,"COVID-19"
"DE","60-79",2021-12-19,2021-12-08,"-11 day ahead inc hosp","quantile",0.9,4041,"COVID-19"
"DE","60-79",2021-12-19,2021-12-08,"-11 day ahead inc hosp","quantile",0.975,4274,"COVID-19"
"DE","60-79",2021-12-19,2021-12-07,"-12 day ahead inc hosp","mean",NA,3687,"COVID-19"
"DE","60-79",2021-12-19,2021-12-07,"-12 day ahead inc hosp","quantile",0.025,3394,"COVID-19"
"DE","60-79",2021-12-19,2021-12-07,"-12 day ahead inc hosp","quantile",0.1,3462,"COVID-19"
"DE","60-79",2021-12-19,2021-12-07,"-12 day ahead inc hosp","quantile",0.25,3542,"COVID-19"
"DE","60-79",2021-12-19,2021-12-07,"-12 day ahead inc hosp","quantile",0.5,3656,"COVID-19"
"DE","60-79",2021-12-19,2021-12-07,"-12 day ahead inc hosp","quantile",0.75,3799,"COVID-19"
"DE","60-79",2021-12-19,2021-12-07,"-12 day ahead inc hosp","quantile",0.9,3953,"COVID-19"
"DE","60-79",2021-12-19,2021-12-07,"-12 day ahead inc hosp","quantile",0.975,4156,"COVID-19"
"DE","60-79",2021-12-19,2021-12-06,"-13 day ahead inc hosp","mean",NA,3609,"COVID-19"
"DE","60-79",2021-12-19,2021-12-06,"-13 day ahead inc hosp","quantile",0.025,3353,"COVID-19"
"DE","60-79",2021-12-19,2021-12-06,"-13 day ahead inc hosp","quantile",0.1,3411,"COVID-19"
"DE","60-79",2021-12-19,2021-12-06,"-13 day ahead inc hosp","quantile",0.25,3481,"COVID-19"
"DE","60-79",2021-12-19,2021-12-06,"-13 day ahead inc hosp","quantile",0.5,3581,"COVID-19"
"DE","60-79",2021-12-19,2021-12-06,"-13 day ahead inc hosp","quantile",0.75,3707,"COVID-19"
"DE","60-79",2021-12-19,2021-12-06,"-13 day ahead inc hosp","quantile",0.9,3844,"COVID-19"
"DE","60-79",2021-12-19,2021-12-06,"-13 day ahead inc hosp","quantile",0.975,4026,"COVID-19"
"DE","60-79",2021-12-19,2021-12-05,"-14 day ahead inc hosp","mean",NA,3583,"COVID-19"
"DE","60-79",2021-12-19,2021-12-05,"-14 day ahead inc hosp","quantile",0.025,3340,"COVID-19"
"DE","60-79",2021-12-19,2021-12-05,"-14 day ahead inc hosp","quantile",0.1,3394,"COVID-19"
"DE","60-79",2021-12-19,2021-12-05,"-14 day ahead inc hosp","quantile",0.25,3460,"COVID-19"
"DE","60-79",2021-12-19,2021-12-05,"-14 day ahead inc hosp","quantile",0.5,3555,"COVID-19"
"DE","60-79",2021-12-19,2021-12-05,"-14 day ahead inc hosp","quantile",0.75,3676,"COVID-19"
"DE","60-79",2021-12-19,2021-12-05,"-14 day ahead inc hosp","quantile",0.9,3808,"COVID-19"
"DE","60-79",2021-12-19,2021-12-05,"-14 day ahead inc hosp","quantile",0.975,3983,"COVID-19"
"DE","60-79",2021-12-19,2021-12-04,"-15 day ahead inc hosp","mean",NA,3565,"COVID-19"
"DE","60-79",2021-12-19,2021-12-04,"-15 day ahead inc hosp","quantile",0.025,3341,"COVID-19"
"DE","60-79",2021-12-19,2021-12-04,"-15 day ahead inc hosp","quantile",0.1,3391,"COVID-19"
"DE","60-79",2021-12-19,2021-12-04,"-15 day ahead inc hosp","quantile",0.25,3451,"COVID-19"
"DE","60-79",2021-12-19,2021-12-04,"-15 day ahead inc hosp","quantile",0.5,3539,"COVID-19"
"DE","60-79",2021-12-19,2021-12-04,"-15 day ahead inc hosp","quantile",0.75,3651,"COVID-19"
"DE","60-79",2021-12-19,2021-12-04,"-15 day ahead inc hosp","quantile",0.9,3774,"COVID-19"
"DE","60-79",2021-12-19,2021-12-04,"-15 day ahead inc hosp","quantile",0.975,3937,"COVID-19"
"DE","60-79",2021-12-19,2021-12-03,"-16 day ahead inc hosp","mean",NA,3594,"COVID-19"
"DE","60-79",2021-12-19,2021-12-03,"-16 day ahead inc hosp","quantile",0.025,3388,"COVID-19"
"DE","60-79",2021-12-19,2021-12-03,"-16 day ahead inc hosp","quantile",0.1,3433,"COVID-19"
"DE","60-79",2021-12-19,2021-12-03,"-16 day ahead inc hosp","quantile",0.25,3489,"COVID-19"
"DE","60-79",2021-12-19,2021-12-03,"-16 day ahead inc hosp","quantile",0.5,3569,"COVID-19"
"DE","60-79",2021-12-19,2021-12-03,"-16 day ahead inc hosp","quantile",0.75,3673,"COVID-19"
"DE","60-79",2021-12-19,2021-12-03,"-16 day ahead inc hosp","quantile",0.9,3786,"COVID-19"
"DE","60-79",2021-12-19,2021-12-03,"-16 day ahead inc hosp","quantile",0.975,3937,"COVID-19"
"DE","60-79",2021-12-19,2021-12-02,"-17 day ahead inc hosp","mean",NA,3608,"COVID-19"
"DE","60-79",2021-12-19,2021-12-02,"-17 day ahead inc hosp","quantile",0.025,3423,"COVID-19"
"DE","60-79",2021-12-19,2021-12-02,"-17 day ahead inc hosp","quantile",0.1,3464,"COVID-19"
"DE","60-79",2021-12-19,2021-12-02,"-17 day ahead inc hosp","quantile",0.25,3514,"COVID-19"
"DE","60-79",2021-12-19,2021-12-02,"-17 day ahead inc hosp","quantile",0.5,3586,"COVID-19"
"DE","60-79",2021-12-19,2021-12-02,"-17 day ahead inc hosp","quantile",0.75,3678,"COVID-19"
"DE","60-79",2021-12-19,2021-12-02,"-17 day ahead inc hosp","quantile",0.9,3780,"COVID-19"
"DE","60-79",2021-12-19,2021-12-02,"-17 day ahead inc hosp","quantile",0.975,3915,"COVID-19"
"DE","60-79",2021-12-19,2021-12-01,"-18 day ahead inc hosp","mean",NA,3588,"COVID-19"
"DE","60-79",2021-12-19,2021-12-01,"-18 day ahead inc hosp","quantile",0.025,3426,"COVID-19"
"DE","60-79",2021-12-19,2021-12-01,"-18 day ahead inc hosp","quantile",0.1,3462,"COVID-19"
"DE","60-79",2021-12-19,2021-12-01,"-18 day ahead inc hosp","quantile",0.25,3506,"COVID-19"
"DE","60-79",2021-12-19,2021-12-01,"-18 day ahead inc hosp","quantile",0.5,3569,"COVID-19"
"DE","60-79",2021-12-19,2021-12-01,"-18 day ahead inc hosp","quantile",0.75,3650,"COVID-19"
"DE","60-79",2021-12-19,2021-12-01,"-18 day ahead inc hosp","quantile",0.9,3739,"COVID-19"
"DE","60-79",2021-12-19,2021-12-01,"-18 day ahead inc hosp","quantile",0.975,3858,"COVID-19"
"DE","60-79",2021-12-19,2021-11-30,"-19 day ahead inc hosp","mean",NA,3688,"COVID-19"
"DE","60-79",2021-12-19,2021-11-30,"-19 day ahead inc hosp","quantile",0.025,3540,"COVID-19"
"DE","60-79",2021-12-19,2021-11-30,"-19 day ahead inc hosp","quantile",0.1,3573,"COVID-19"
"DE","60-79",2021-12-19,2021-11-30,"-19 day ahead inc hosp","quantile",0.25,3613,"COVID-19"
"DE","60-79",2021-12-19,2021-11-30,"-19 day ahead inc hosp","quantile",0.5,3671,"COVID-19"
"DE","60-79",2021-12-19,2021-11-30,"-19 day ahead inc hosp","quantile",0.75,3745,"COVID-19"
"DE","60-79",2021-12-19,2021-11-30,"-19 day ahead inc hosp","quantile",0.9,3827,"COVID-19"
"DE","60-79",2021-12-19,2021-11-30,"-19 day ahead inc hosp","quantile",0.975,3936,"COVID-19"
"DE","60-79",2021-12-19,2021-11-29,"-20 day ahead inc hosp","mean",NA,3706,"COVID-19"
"DE","60-79",2021-12-19,2021-11-29,"-20 day ahead inc hosp","quantile",0.025,3573,"COVID-19"
"DE","60-79",2021-12-19,2021-11-29,"-20 day ahead inc hosp","quantile",0.1,3602,"COVID-19"
"DE","60-79",2021-12-19,2021-11-29,"-20 day ahead inc hosp","quantile",0.25,3638,"COVID-19"
"DE","60-79",2021-12-19,2021-11-29,"-20 day ahead inc hosp","quantile",0.5,3691,"COVID-19"
"DE","60-79",2021-12-19,2021-11-29,"-20 day ahead inc hosp","quantile",0.75,3757,"COVID-19"
"DE","60-79",2021-12-19,2021-11-29,"-20 day ahead inc hosp","quantile",0.9,3830,"COVID-19"
"DE","60-79",2021-12-19,2021-11-29,"-20 day ahead inc hosp","quantile",0.975,3927,"COVID-19"
"DE","60-79",2021-12-19,2021-11-28,"-21 day ahead inc hosp","mean",NA,3711,"COVID-19"
"DE","60-79",2021-12-19,2021-11-28,"-21 day ahead inc hosp","quantile",0.025,3584,"COVID-19"
"DE","60-79",2021-12-19,2021-11-28,"-21 day ahead inc hosp","quantile",0.1,3612,"COVID-19"
"DE","60-79",2021-12-19,2021-11-28,"-21 day ahead inc hosp","quantile",0.25,3646,"COVID-19"
"DE","60-79",2021-12-19,2021-11-28,"-21 day ahead inc hosp","quantile",0.5,3696,"COVID-19"
"DE","60-79",2021-12-19,2021-11-28,"-21 day ahead inc hosp","quantile",0.75,3759,"COVID-19"
"DE","60-79",2021-12-19,2021-11-28,"-21 day ahead inc hosp","quantile",0.9,3829,"COVID-19"
"DE","60-79",2021-12-19,2021-11-28,"-21 day ahead inc hosp","quantile",0.975,3921,"COVID-19"
"DE","60-79",2021-12-19,2021-11-27,"-22 day ahead inc hosp","mean",NA,3679,"COVID-19"
"DE","60-79",2021-12-19,2021-11-27,"-22 day ahead inc hosp","quantile",0.025,3560,"COVID-19"
"DE","60-79",2021-12-19,2021-11-27,"-22 day ahead inc hosp","quantile",0.1,3586,"COVID-19"
"DE","60-79",2021-12-19,2021-11-27,"-22 day ahead inc hosp","quantile",0.25,3618,"COVID-19"
"DE","60-79",2021-12-19,2021-11-27,"-22 day ahead inc hosp","quantile",0.5,3665,"COVID-19"
"DE","60-79",2021-12-19,2021-11-27,"-22 day ahead inc hosp","quantile",0.75,3725,"COVID-19"
"DE","60-79",2021-12-19,2021-11-27,"-22 day ahead inc hosp","quantile",0.9,3791,"COVID-19"
"DE","60-79",2021-12-19,2021-11-27,"-22 day ahead inc hosp","quantile",0.975,3879,"COVID-19"
"DE","60-79",2021-12-19,2021-11-26,"-23 day ahead inc hosp","mean",NA,3664,"COVID-19"
"DE","60-79",2021-12-19,2021-11-26,"-23 day ahead inc hosp","quantile",0.025,3557,"COVID-19"
"DE","60-79",2021-12-19,2021-11-26,"-23 day ahead inc hosp","quantile",0.1,3580,"COVID-19"
"DE","60-79",2021-12-19,2021-11-26,"-23 day ahead inc hosp","quantile",0.25,3609,"COVID-19"
"DE","60-79",2021-12-19,2021-11-26,"-23 day ahead inc hosp","quantile",0.5,3651,"COVID-19"
"DE","60-79",2021-12-19,2021-11-26,"-23 day ahead inc hosp","quantile",0.75,3705,"COVID-19"
"DE","60-79",2021-12-19,2021-11-26,"-23 day ahead inc hosp","quantile",0.9,3765,"COVID-19"
"DE","60-79",2021-12-19,2021-11-26,"-23 day ahead inc hosp","quantile",0.975,3846,"COVID-19"
"DE","60-79",2021-12-19,2021-11-25,"-24 day ahead inc hosp","mean",NA,3607,"COVID-19"
"DE","60-79",2021-12-19,2021-11-25,"-24 day ahead inc hosp","quantile",0.025,3511,"COVID-19"
"DE","60-79",2021-12-19,2021-11-25,"-24 day ahead inc hosp","quantile",0.1,3531,"COVID-19"
"DE","60-79",2021-12-19,2021-11-25,"-24 day ahead inc hosp","quantile",0.25,3557,"COVID-19"
"DE","60-79",2021-12-19,2021-11-25,"-24 day ahead inc hosp","quantile",0.5,3594,"COVID-19"
"DE","60-79",2021-12-19,2021-11-25,"-24 day ahead inc hosp","quantile",0.75,3643,"COVID-19"
"DE","60-79",2021-12-19,2021-11-25,"-24 day ahead inc hosp","quantile",0.9,3697,"COVID-19"
"DE","60-79",2021-12-19,2021-11-25,"-24 day ahead inc hosp","quantile",0.975,3770,"COVID-19"
"DE","60-79",2021-12-19,2021-11-24,"-25 day ahead inc hosp","mean",NA,3523,"COVID-19"
"DE","60-79",2021-12-19,2021-11-24,"-25 day ahead inc hosp","quantile",0.025,3440,"COVID-19"
"DE","60-79",2021-12-19,2021-11-24,"-25 day ahead inc hosp","quantile",0.1,3458,"COVID-19"
"DE","60-79",2021-12-19,2021-11-24,"-25 day ahead inc hosp","quantile",0.25,3480,"COVID-19"
"DE","60-79",2021-12-19,2021-11-24,"-25 day ahead inc hosp","quantile",0.5,3512,"COVID-19"
"DE","60-79",2021-12-19,2021-11-24,"-25 day ahead inc hosp","quantile",0.75,3555,"COVID-19"
"DE","60-79",2021-12-19,2021-11-24,"-25 day ahead inc hosp","quantile",0.9,3602,"COVID-19"
"DE","60-79",2021-12-19,2021-11-24,"-25 day ahead inc hosp","quantile",0.975,3666,"COVID-19"
"DE","60-79",2021-12-19,2021-11-23,"-26 day ahead inc hosp","mean",NA,3483,"COVID-19"
"DE","60-79",2021-12-19,2021-11-23,"-26 day ahead inc hosp","quantile",0.025,3412,"COVID-19"
"DE","60-79",2021-12-19,2021-11-23,"-26 day ahead inc hosp","quantile",0.1,3427,"COVID-19"
"DE","60-79",2021-12-19,2021-11-23,"-26 day ahead inc hosp","quantile",0.25,3445,"COVID-19"
"DE","60-79",2021-12-19,2021-11-23,"-26 day ahead inc hosp","quantile",0.5,3474,"COVID-19"
"DE","60-79",2021-12-19,2021-11-23,"-26 day ahead inc hosp","quantile",0.75,3511,"COVID-19"
"DE","60-79",2021-12-19,2021-11-23,"-26 day ahead inc hosp","quantile",0.9,3553,"COVID-19"
"DE","60-79",2021-12-19,2021-11-23,"-26 day ahead inc hosp","quantile",0.975,3609,"COVID-19"
"DE","60-79",2021-12-19,2021-11-22,"-27 day ahead inc hosp","mean",NA,3414,"COVID-19"
"DE","60-79",2021-12-19,2021-11-22,"-27 day ahead inc hosp","quantile",0.025,3351,"COVID-19"
"DE","60-79",2021-12-19,2021-11-22,"-27 day ahead inc hosp","quantile",0.1,3364,"COVID-19"
"DE","60-79",2021-12-19,2021-11-22,"-27 day ahead inc hosp","quantile",0.25,3380,"COVID-19"
"DE","60-79",2021-12-19,2021-11-22,"-27 day ahead inc hosp","quantile",0.5,3406,"COVID-19"
"DE","60-79",2021-12-19,2021-11-22,"-27 day ahead inc hosp","quantile",0.75,3439,"COVID-19"
"DE","60-79",2021-12-19,2021-11-22,"-27 day ahead inc hosp","quantile",0.9,3476,"COVID-19"
"DE","60-79",2021-12-19,2021-11-22,"-27 day ahead inc hosp","quantile",0.975,3527,"COVID-19"
"DE","60-79",2021-12-19,2021-11-21,"-28 day ahead inc hosp","mean",NA,3410,"COVID-19"
"DE","60-79",2021-12-19,2021-11-21,"-28 day ahead inc hosp","quantile",0.025,3350,"COVID-19"
"DE","60-79",2021-12-19,2021-11-21,"-28 day ahead inc hosp","quantile",0.1,3362,"COVID-19"
"DE","60-79",2021-12-19,2021-11-21,"-28 day ahead inc hosp","quantile",0.25,3377,"COVID-19"
"DE","60-79",2021-12-19,2021-11-21,"-28 day ahead inc hosp","quantile",0.5,3402,"COVID-19"
"DE","60-79",2021-12-19,2021-11-21,"-28 day ahead inc hosp","quantile",0.75,3433,"COVID-19"
"DE","60-79",2021-12-19,2021-11-21,"-28 day ahead inc hosp","quantile",0.9,3469,"COVID-19"
"DE","60-79",2021-12-19,2021-11-21,"-28 day ahead inc hosp","quantile",0.975,3518,"COVID-19"
"DE","80+",2021-12-19,2021-12-19,"0 day ahead inc hosp","mean",NA,2275,"COVID-19"
"DE","80+",2021-12-19,2021-12-19,"0 day ahead inc hosp","quantile",0.025,1821,"COVID-19"
"DE","80+",2021-12-19,2021-12-19,"0 day ahead inc hosp","quantile",0.1,1952,"COVID-19"
"DE","80+",2021-12-19,2021-12-19,"0 day ahead inc hosp","quantile",0.25,2086,"COVID-19"
"DE","80+",2021-12-19,2021-12-19,"0 day ahead inc hosp","quantile",0.5,2252,"COVID-19"
"DE","80+",2021-12-19,2021-12-19,"0 day ahead inc hosp","quantile",0.75,2439,"COVID-19"
"DE","80+",2021-12-19,2021-12-19,"0 day ahead inc hosp","quantile",0.9,2626,"COVID-19"
"DE","80+",2021-12-19,2021-12-19,"0 day ahead inc hosp","quantile",0.975,2855,"COVID-19"
"DE","80+",2021-12-19,2021-12-18,"-1 day ahead inc hosp","mean",NA,2414,"COVID-19"
"DE","80+",2021-12-19,2021-12-18,"-1 day ahead inc hosp","quantile",0.025,1943,"COVID-19"
"DE","80+",2021-12-19,2021-12-18,"-1 day ahead inc hosp","quantile",0.1,2077,"COVID-19"
"DE","80+",2021-12-19,2021-12-18,"-1 day ahead inc hosp","quantile",0.25,2215,"COVID-19"
"DE","80+",2021-12-19,2021-12-18,"-1 day ahead inc hosp","quantile",0.5,2388,"COVID-19"
"DE","80+",2021-12-19,2021-12-18,"-1 day ahead inc hosp","quantile",0.75,2585,"COVID-19"
"DE","80+",2021-12-19,2021-12-18,"-1 day ahead inc hosp","quantile",0.9,2783,"COVID-19"
"DE","80+",2021-12-19,2021-12-18,"-1 day ahead inc hosp","quantile",0.975,3028,"COVID-19"
"DE","80+",2021-12-19,2021-12-17,"-2 day ahead inc hosp","mean",NA,2521,"COVID-19"
"DE","80+",2021-12-19,2021-12-17,"-2 day ahead inc hosp","quantile",0.025,2096,"COVID-19"
"DE","80+",2021-12-19,2021-12-17,"-2 day ahead inc hosp","quantile",0.1,2217,"COVID-19"
"DE","80+",2021-12-19,2021-12-17,"-2 day ahead inc hosp","quantile",0.25,2341,"COVID-19"
"DE","80+",2021-12-19,2021-12-17,"-2 day ahead inc hosp","quantile",0.5,2499,"COVID-19"
"DE","80+",2021-12-19,2021-12-17,"-2 day ahead inc hosp","quantile",0.75,2677,"COVID-19"
"DE","80+",2021-12-19,2021-12-17,"-2 day ahead inc hosp","quantile",0.9,2855,"COVID-19"
"DE","80+",2021-12-19,2021-12-17,"-2 day ahead inc hosp","quantile",0.975,3077,"COVID-19"
"DE","80+",2021-12-19,2021-12-16,"-3 day ahead inc hosp","mean",NA,2618,"COVID-19"
"DE","80+",2021-12-19,2021-12-16,"-3 day ahead inc hosp","quantile",0.025,2237,"COVID-19"
"DE","80+",2021-12-19,2021-12-16,"-3 day ahead inc hosp","quantile",0.1,2346,"COVID-19"
"DE","80+",2021-12-19,2021-12-16,"-3 day ahead inc hosp","quantile",0.25,2457,"COVID-19"
"DE","80+",2021-12-19,2021-12-16,"-3 day ahead inc hosp","quantile",0.5,2598,"COVID-19"
"DE","80+",2021-12-19,2021-12-16,"-3 day ahead inc hosp","quantile",0.75,2756,"COVID-19"
"DE","80+",2021-12-19,2021-12-16,"-3 day ahead inc hosp","quantile",0.9,2915,"COVID-19"
"DE","80+",2021-12-19,2021-12-16,"-3 day ahead inc hosp","quantile",0.975,3112,"COVID-19"
"DE","80+",2021-12-19,2021-12-15,"-4 day ahead inc hosp","mean",NA,2649,"COVID-19"
"DE","80+",2021-12-19,2021-12-15,"-4 day ahead inc hosp","quantile",0.025,2314,"COVID-19"
"DE","80+",2021-12-19,2021-12-15,"-4 day ahead inc hosp","quantile",0.1,2409,"COVID-19"
"DE","80+",2021-12-19,2021-12-15,"-4 day ahead inc hosp","quantile",0.25,2507,"COVID-19"
"DE","80+",2021-12-19,2021-12-15,"-4 day ahead inc hosp","quantile",0.5,2631,"COVID-19"
"DE","80+",2021-12-19,2021-12-15,"-4 day ahead inc hosp","quantile",0.75,2771,"COVID-19"
"DE","80+",2021-12-19,2021-12-15,"-4 day ahead inc hosp","quantile",0.9,2912,"COVID-19"
"DE","80+",2021-12-19,2021-12-15,"-4 day ahead inc hosp","quantile",0.975,3086,"COVID-19"
"DE","80+",2021-12-19,2021-12-14,"-5 day ahead inc hosp","mean",NA,2631,"COVID-19"
"DE","80+",2021-12-19,2021-12-14,"-5 day ahead inc hosp","quantile",0.025,2347,"COVID-19"
"DE","80+",2021-12-19,2021-12-14,"-5 day ahead inc hosp","quantile",0.1,2428,"COVID-19"
"DE","80+",2021-12-19,2021-12-14,"-5 day ahead inc hosp","quantile",0.25,2511,"COVID-19"
"DE","80+",2021-12-19,2021-12-14,"-5 day ahead inc hosp","quantile",0.5,2616,"COVID-19"
"DE","80+",2021-12-19,2021-12-14,"-5 day ahead inc hosp","quantile",0.75,2735,"COVID-19"
"DE","80+",2021-12-19,2021-12-14,"-5 day ahead inc hosp","quantile",0.9,2854,"COVID-19"
"DE","80+",2021-12-19,2021-12-14,"-5 day ahead inc hosp","quantile",0.975,3002,"COVID-19"
"DE","80+",2021-12-19,2021-12-13,"-6 day ahead inc hosp","mean",NA,2722,"COVID-19"
"DE","80+",2021-12-19,2021-12-13,"-6 day ahead inc hosp","quantile",0.025,2456,"COVID-19"
"DE","80+",2021-12-19,2021-12-13,"-6 day ahead inc hosp","quantile",0.1,2531,"COVID-19"
"DE","80+",2021-12-19,2021-12-13,"-6 day ahead inc hosp","quantile",0.25,2608,"COVID-19"
"DE","80+",2021-12-19,2021-12-13,"-6 day ahead inc hosp","quantile",0.5,2706,"COVID-19"
"DE","80+",2021-12-19,2021-12-13,"-6 day ahead inc hosp","quantile",0.75,2819,"COVID-19"
"DE","80+",2021-12-19,2021-12-13,"-6 day ahead inc hosp","quantile",0.9,2932,"COVID-19"
"DE","80+",2021-12-19,2021-12-13,"-6 day ahead inc hosp","quantile",0.975,3074,"COVID-19"
"DE","80+",2021-12-19,2021-12-12,"-7 day ahead inc hosp","mean",NA,2826,"COVID-19"
"DE","80+",2021-12-19,2021-12-12,"-7 day ahead inc hosp","quantile",0.025,2552,"COVID-19"
"DE","80+",2021-12-19,2021-12-12,"-7 day ahead inc hosp","quantile",0.1,2628,"COVID-19"
"DE","80+",2021-12-19,2021-12-12,"-7 day ahead inc hosp","quantile",0.25,2707,"COVID-19"
"DE","80+",2021-12-19,2021-12-12,"-7 day ahead inc hosp","quantile",0.5,2809,"COVID-19"
"DE","80+",2021-12-19,2021-12-12,"-7 day ahead inc hosp","quantile",0.75,2926,"COVID-19"
"DE","80+",2021-12-19,2021-12-12,"-7 day ahead inc hosp","quantile",0.9,3045,"COVID-19"
"DE","80+",2021-12-19,2021-12-12,"-7 day ahead inc hosp","quantile",0.975,3194,"COVID-19"
"DE","80+",2021-12-19,2021-12-11,"-8 day ahead inc hosp","mean",NA,2850,"COVID-19"
"DE","80+",2021-12-19,2021-12-11,"-8 day ahead inc hosp","quantile",0.025,2585,"COVID-19"
"DE","80+",2021-12-19,2021-12-11,"-8 day ahead inc hosp","quantile",0.1,2657,"COVID-19"
"DE","80+",2021-12-19,2021-12-11,"-8 day ahead inc hosp","quantile",0.25,2734,"COVID-19"
"DE","80+",2021-12-19,2021-12-11,"-8 day ahead inc hosp","quantile",0.5,2833,"COVID-19"
"DE","80+",2021-12-19,2021-12-11,"-8 day ahead inc hosp","quantile",0.75,2947,"COVID-19"
"DE","80+",2021-12-19,2021-12-11,"-8 day ahead inc hosp","quantile",0.9,3064,"COVID-19"
"DE","80+",2021-12-19,2021-12-11,"-8 day ahead inc hosp","quantile",0.975,3211,"COVID-19"
"DE","80+",2021-12-19,2021-12-10,"-9 day ahead inc hosp","mean",NA,2894,"COVID-19"
"DE","80+",2021-12-19,2021-12-10,"-9 day ahead inc hosp","quantile",0.025,2651,"COVID-19"
"DE","80+",2021-12-19,2021-12-10,"-9 day ahead inc hosp","quantile",0.1,2718,"COVID-19"
"DE","80+",2021-12-19,2021-12-10,"-9 day ahead inc hosp","quantile",0.25,2788,"COVID-19"
"DE","80+",2021-12-19,2021-12-10,"-9 day ahead inc hosp","quantile",0.5,2879,"COVID-19"
"DE","80+",2021-12-19,2021-12-10,"-9 day ahead inc hosp","quantile",0.75,2984,"COVID-19"
"DE","80+",2021-12-19,2021-12-10,"-9 day ahead inc hosp","quantile",0.9,3091,"COVID-19"
"DE","80+",2021-12-19,2021-12-10,"-9 day ahead inc hosp","quantile",0.975,3226,"COVID-19"
"DE","80+",2021-12-19,2021-12-09,"-10 day ahead inc hosp","mean",NA,2920,"COVID-19"
"DE","80+",2021-12-19,2021-12-09,"-10 day ahead inc hosp","quantile",0.025,2696,"COVID-19"
"DE","80+",2021-12-19,2021-12-09,"-10 day ahead inc hosp","quantile",0.1,2757,"COVID-19"
"DE","80+",2021-12-19,2021-12-09,"-10 day ahead inc hosp","quantile",0.25,2821,"COVID-19"
"DE","80+",2021-12-19,2021-12-09,"-10 day ahead inc hosp","quantile",0.5,2905,"COVID-19"
"DE","80+",2021-12-19,2021-12-09,"-10 day ahead inc hosp","quantile",0.75,3003,"COVID-19"
"DE","80+",2021-12-19,2021-12-09,"-10 day ahead inc hosp","quantile",0.9,3103,"COVID-19"
"DE","80+",2021-12-19,2021-12-09,"-10 day ahead inc hosp","quantile",0.975,3229,"COVID-19"
"DE","80+",2021-12-19,2021-12-08,"-11 day ahead inc hosp","mean",NA,2945,"COVID-19"
"DE","80+",2021-12-19,2021-12-08,"-11 day ahead inc hosp","quantile",0.025,2746,"COVID-19"
"DE","80+",2021-12-19,2021-12-08,"-11 day ahead inc hosp","quantile",0.1,2800,"COVID-19"
"DE","80+",2021-12-19,2021-12-08,"-11 day ahead inc hosp","quantile",0.25,2857,"COVID-19"
"DE","80+",2021-12-19,2021-12-08,"-11 day ahead inc hosp","quantile",0.5,2932,"COVID-19"
"DE","80+",2021-12-19,2021-12-08,"-11 day ahead inc hosp","quantile",0.75,3019,"COVID-19"
"DE","80+",2021-12-19,2021-12-08,"-11 day ahead inc hosp","quantile",0.9,3108,"COVID-19"
"DE","80+",2021-12-19,2021-12-08,"-11 day ahead inc hosp","quantile",0.975,3220,"COVID-19"
"DE","80+",2021-12-19,2021-12-07,"-12 day ahead inc hosp","mean",NA,2983,"COVID-19"
"DE","80+",2021-12-19,2021-12-07,"-12 day ahead inc hosp","quantile",0.025,2803,"COVID-19"
"DE","80+",2021-12-19,2021-12-07,"-12 day ahead inc hosp","quantile",0.1,2852,"COVID-19"
"DE","80+",2021-12-19,2021-12-07,"-12 day ahead inc hosp","quantile",0.25,2904,"COVID-19"
"DE","80+",2021-12-19,2021-12-07,"-12 day ahead inc hosp","quantile",0.5,2971,"COVID-19"
"DE","80+",2021-12-19,2021-12-07,"-12 day ahead inc hosp","quantile",0.75,3049,"COVID-19"
"DE","80+",2021-12-19,2021-12-07,"-12 day ahead inc hosp","quantile",0.9,3130,"COVID-19"
"DE","80+",2021-12-19,2021-12-07,"-12 day ahead inc hosp","quantile",0.975,3231,"COVID-19"
"DE","80+",2021-12-19,2021-12-06,"-13 day ahead inc hosp","mean",NA,2917,"COVID-19"
"DE","80+",2021-12-19,2021-12-06,"-13 day ahead inc hosp","quantile",0.025,2762,"COVID-19"
"DE","80+",2021-12-19,2021-12-06,"-13 day ahead inc hosp","quantile",0.1,2804,"COVID-19"
"DE","80+",2021-12-19,2021-12-06,"-13 day ahead inc hosp","quantile",0.25,2848,"COVID-19"
"DE","80+",2021-12-19,2021-12-06,"-13 day ahead inc hosp","quantile",0.5,2907,"COVID-19"
"DE","80+",2021-12-19,2021-12-06,"-13 day ahead inc hosp","quantile",0.75,2975,"COVID-19"
"DE","80+",2021-12-19,2021-12-06,"-13 day ahead inc hosp","quantile",0.9,3045,"COVID-19"
"DE","80+",2021-12-19,2021-12-06,"-13 day ahead inc hosp","quantile",0.975,3134,"COVID-19"
"DE","80+",2021-12-19,2021-12-05,"-14 day ahead inc hosp","mean",NA,2885,"COVID-19"
"DE","80+",2021-12-19,2021-12-05,"-14 day ahead inc hosp","quantile",0.025,2735,"COVID-19"
"DE","80+",2021-12-19,2021-12-05,"-14 day ahead inc hosp","quantile",0.1,2774,"COVID-19"
"DE","80+",2021-12-19,2021-12-05,"-14 day ahead inc hosp","quantile",0.25,2818,"COVID-19"
"DE","80+",2021-12-19,2021-12-05,"-14 day ahead inc hosp","quantile",0.5,2874,"COVID-19"
"DE","80+",2021-12-19,2021-12-05,"-14 day ahead inc hosp","quantile",0.75,2941,"COVID-19"
"DE","80+",2021-12-19,2021-12-05,"-14 day ahead inc hosp","quantile",0.9,3011,"COVID-19"
"DE","80+",2021-12-19,2021-12-05,"-14 day ahead inc hosp","quantile",0.975,3099,"COVID-19"
"DE","80+",2021-12-19,2021-12-04,"-15 day ahead inc hosp","mean",NA,2908,"COVID-19"
"DE","80+",2021-12-19,2021-12-04,"-15 day ahead inc hosp","quantile",0.025,2758,"COVID-19"
"DE","80+",2021-12-19,2021-12-04,"-15 day ahead inc hosp","quantile",0.1,2797,"COVID-19"
"DE","80+",2021-12-19,2021-12-04,"-15 day ahead inc hosp","quantile",0.25,2839,"COVID-19"
"DE","80+",2021-12-19,2021-12-04,"-15 day ahead inc hosp","quantile",0.5,2896,"COVID-19"
"DE","80+",2021-12-19,2021-12-04,"-15 day ahead inc hosp","quantile",0.75,2964,"COVID-19"
"DE","80+",2021-12-19,2021-12-04,"-15 day ahead inc hosp","quantile",0.9,3036,"COVID-19"
"DE","80+",2021-12-19,2021-12-04,"-15 day ahead inc hosp","quantile",0.975,3127,"COVID-19"
"DE","80+",2021-12-19,2021-12-03,"-16 day ahead inc hosp","mean",NA,2907,"COVID-19"
"DE","80+",2021-12-19,2021-12-03,"-16 day ahead inc hosp","quantile",0.025,2766,"COVID-19"
"DE","80+",2021-12-19,2021-12-03,"-16 day ahead inc hosp","quantile",0.1,2801,"COVID-19"
"DE","80+",2021-12-19,2021-12-03,"-16 day ahead inc hosp","quantile",0.25,2841,"COVID-19"
"DE","80+",2021-12-19,2021-12-03,"-16 day ahead inc hosp","quantile",0.5,2895,"COVID-19"
"DE","80+",2021-12-19,2021-12-03,"-16 day ahead inc hosp","quantile",0.75,2960,"COVID-19"
"DE","80+",2021-12-19,2021-12-03,"-16 day ahead inc hosp","quantile",0.9,3029,"COVID-19"
"DE","80+",2021-12-19,2021-12-03,"-16 day ahead inc hosp","quantile",0.975,3119,"COVID-19"
"DE","80+",2021-12-19,2021-12-02,"-17 day ahead inc hosp","mean",NA,2923,"COVID-19"
"DE","80+",2021-12-19,2021-12-02,"-17 day ahead inc hosp","quantile",0.025,2794,"COVID-19"
"DE","80+",2021-12-19,2021-12-02,"-17 day ahead inc hosp","quantile",0.1,2826,"COVID-19"
"DE","80+",2021-12-19,2021-12-02,"-17 day ahead inc hosp","quantile",0.25,2862,"COVID-19"
"DE","80+",2021-12-19,2021-12-02,"-17 day ahead inc hosp","quantile",0.5,2912,"COVID-19"
"DE","80+",2021-12-19,2021-12-02,"-17 day ahead inc hosp","quantile",0.75,2972,"COVID-19"
"DE","80+",2021-12-19,2021-12-02,"-17 day ahead inc hosp","quantile",0.9,3035,"COVID-19"
"DE","80+",2021-12-19,2021-12-02,"-17 day ahead inc hosp","quantile",0.975,3118,"COVID-19"
"DE","80+",2021-12-19,2021-12-01,"-18 day ahead inc hosp","mean",NA,2952,"COVID-19"
"DE","80+",2021-12-19,2021-12-01,"-18 day ahead inc hosp","quantile",0.025,2833,"COVID-19"
"DE","80+",2021-12-19,2021-12-01,"-18 day ahead inc hosp","quantile",0.1,2862,"COVID-19"
"DE","80+",2021-12-19,2021-12-01,"-18 day ahead inc hosp","quantile",0.25,2895,"COVID-19"
"DE","80+",2021-12-19,2021-12-01,"-18 day ahead inc hosp","quantile",0.5,2941,"COVID-19"
"DE","80+",2021-12-19,2021-12-01,"-18 day ahead inc hosp","quantile",0.75,2997,"COVID-19"
"DE","80+",2021-12-19,2021-12-01,"-18 day ahead inc hosp","quantile",0.9,3057,"COVID-19"
"DE","80+",2021-12-19,2021-12-01,"-18 day ahead inc hosp","quantile",0.975,3136,"COVID-19"
"DE","80+",2021-12-19,2021-11-30,"-19 day ahead inc hosp","mean",NA,3040,"COVID-19"
"DE","80+",2021-12-19,2021-11-30,"-19 day ahead inc hosp","quantile",0.025,2930,"COVID-19"
"DE","80+",2021-12-19,2021-11-30,"-19 day ahead inc hosp","quantile",0.1,2957,"COVID-19"
"DE","80+",2021-12-19,2021-11-30,"-19 day ahead inc hosp","quantile",0.25,2987,"COVID-19"
"DE","80+",2021-12-19,2021-11-30,"-19 day ahead inc hosp","quantile",0.5,3029,"COVID-19"
"DE","80+",2021-12-19,2021-11-30,"-19 day ahead inc hosp","quantile",0.75,3081,"COVID-19"
"DE","80+",2021-12-19,2021-11-30,"-19 day ahead inc hosp","quantile",0.9,3137,"COVID-19"
"DE","80+",2021-12-19,2021-11-30,"-19 day ahead inc hosp","quantile",0.975,3209,"COVID-19"
"DE","80+",2021-12-19,2021-11-29,"-20 day ahead inc hosp","mean",NA,3149,"COVID-19"
"DE","80+",2021-12-19,2021-11-29,"-20 day ahead inc hosp","quantile",0.025,3046,"COVID-19"
"DE","80+",2021-12-19,2021-11-29,"-20 day ahead inc hosp","quantile",0.1,3070,"COVID-19"
"DE","80+",2021-12-19,2021-11-29,"-20 day ahead inc hosp","quantile",0.25,3099,"COVID-19"
"DE","80+",2021-12-19,2021-11-29,"-20 day ahead inc hosp","quantile",0.5,3139,"COVID-19"
"DE","80+",2021-12-19,2021-11-29,"-20 day ahead inc hosp","quantile",0.75,3188,"COVID-19"
"DE","80+",2021-12-19,2021-11-29,"-20 day ahead inc hosp","quantile",0.9,3242,"COVID-19"
"DE","80+",2021-12-19,2021-11-29,"-20 day ahead inc hosp","quantile",0.975,3312,"COVID-19"
"DE","80+",2021-12-19,2021-11-28,"-21 day ahead inc hosp","mean",NA,3196,"COVID-19"
"DE","80+",2021-12-19,2021-11-28,"-21 day ahead inc hosp","quantile",0.025,3095,"COVID-19"
"DE","80+",2021-12-19,2021-11-28,"-21 day ahead inc hosp","quantile",0.1,3119,"COVID-19"
"DE","80+",2021-12-19,2021-11-28,"-21 day ahead inc hosp","quantile",0.25,3146,"COVID-19"
"DE","80+",2021-12-19,2021-11-28,"-21 day ahead inc hosp","quantile",0.5,3186,"COVID-19"
"DE","80+",2021-12-19,2021-11-28,"-21 day ahead inc hosp","quantile",0.75,3235,"COVID-19"
"DE","80+",2021-12-19,2021-11-28,"-21 day ahead inc hosp","quantile",0.9,3288,"COVID-19"
"DE","80+",2021-12-19,2021-11-28,"-21 day ahead inc hosp","quantile",0.975,3359,"COVID-19"
"DE","80+",2021-12-19,2021-11-27,"-22 day ahead inc hosp","mean",NA,3171,"COVID-19"
"DE","80+",2021-12-19,2021-11-27,"-22 day ahead inc hosp","quantile",0.025,3075,"COVID-19"
"DE","80+",2021-12-19,2021-11-27,"-22 day ahead inc hosp","quantile",0.1,3097,"COVID-19"
"DE","80+",2021-12-19,2021-11-27,"-22 day ahead inc hosp","quantile",0.25,3123,"COVID-19"
"DE","80+",2021-12-19,2021-11-27,"-22 day ahead inc hosp","quantile",0.5,3160,"COVID-19"
"DE","80+",2021-12-19,2021-11-27,"-22 day ahead inc hosp","quantile",0.75,3208,"COVID-19"
"DE","80+",2021-12-19,2021-11-27,"-22 day ahead inc hosp","quantile",0.9,3259,"COVID-19"
"DE","80+",2021-12-19,2021-11-27,"-22 day ahead inc hosp","quantile",0.975,3328,"COVID-19"
"DE","80+",2021-12-19,2021-11-26,"-23 day ahead inc hosp","mean",NA,3189,"COVID-19"
"DE","80+",2021-12-19,2021-11-26,"-23 day ahead inc hosp","quantile",0.025,3099,"COVID-19"
"DE","80+",2021-12-19,2021-11-26,"-23 day ahead inc hosp","quantile",0.1,3119,"COVID-19"
"DE","80+",2021-12-19,2021-11-26,"-23 day ahead inc hosp","quantile",0.25,3143,"COVID-19"
"DE","80+",2021-12-19,2021-11-26,"-23 day ahead inc hosp","quantile",0.5,3179,"COVID-19"
"DE","80+",2021-12-19,2021-11-26,"-23 day ahead inc hosp","quantile",0.75,3224,"COVID-19"
"DE","80+",2021-12-19,2021-11-26,"-23 day ahead inc hosp","quantile",0.9,3273,"COVID-19"
"DE","80+",2021-12-19,2021-11-26,"-23 day ahead inc hosp","quantile",0.975,3339,"COVID-19"
"DE","80+",2021-12-19,2021-11-25,"-24 day ahead inc hosp","mean",NA,3256,"COVID-19"
"DE","80+",2021-12-19,2021-11-25,"-24 day ahead inc hosp","quantile",0.025,3171,"COVID-19"
"DE","80+",2021-12-19,2021-11-25,"-24 day ahead inc hosp","quantile",0.1,3189,"COVID-19"
"DE","80+",2021-12-19,2021-11-25,"-24 day ahead inc hosp","quantile",0.25,3211,"COVID-19"
"DE","80+",2021-12-19,2021-11-25,"-24 day ahead inc hosp","quantile",0.5,3245,"COVID-19"
"DE","80+",2021-12-19,2021-11-25,"-24 day ahead inc hosp","quantile",0.75,3288,"COVID-19"
"DE","80+",2021-12-19,2021-11-25,"-24 day ahead inc hosp","quantile",0.9,3337,"COVID-19"
"DE","80+",2021-12-19,2021-11-25,"-24 day ahead inc hosp","quantile",0.975,3402,"COVID-19"
"DE","80+",2021-12-19,2021-11-24,"-25 day ahead inc hosp","mean",NA,3219,"COVID-19"
"DE","80+",2021-12-19,2021-11-24,"-25 day ahead inc hosp","quantile",0.025,3144,"COVID-19"
"DE","80+",2021-12-19,2021-11-24,"-25 day ahead inc hosp","quantile",0.1,3160,"COVID-19"
"DE","80+",2021-12-19,2021-11-24,"-25 day ahead inc hosp","quantile",0.25,3180,"COVID-19"
"DE","80+",2021-12-19,2021-11-24,"-25 day ahead inc hosp","quantile",0.5,3209,"COVID-19"
"DE","80+",2021-12-19,2021-11-24,"-25 day ahead inc hosp","quantile",0.75,3248,"COVID-19"
"DE","80+",2021-12-19,2021-11-24,"-25 day ahead inc hosp","quantile",0.9,3291,"COVID-19"
"DE","80+",2021-12-19,2021-11-24,"-25 day ahead inc hosp","quantile",0.975,3348,"COVID-19"
"DE","80+",2021-12-19,2021-11-23,"-26 day ahead inc hosp","mean",NA,3167,"COVID-19"
"DE","80+",2021-12-19,2021-11-23,"-26 day ahead inc hosp","quantile",0.025,3102,"COVID-19"
"DE","80+",2021-12-19,2021-11-23,"-26 day ahead inc hosp","quantile",0.1,3116,"COVID-19"
"DE","80+",2021-12-19,2021-11-23,"-26 day ahead inc hosp","quantile",0.25,3133,"COVID-19"
"DE","80+",2021-12-19,2021-11-23,"-26 day ahead inc hosp","quantile",0.5,3159,"COVID-19"
"DE","80+",2021-12-19,2021-11-23,"-26 day ahead inc hosp","quantile",0.75,3192,"COVID-19"
"DE","80+",2021-12-19,2021-11-23,"-26 day ahead inc hosp","quantile",0.9,3229,"COVID-19"
"DE","80+",2021-12-19,2021-11-23,"-26 day ahead inc hosp","quantile",0.975,3279,"COVID-19"
"DE","80+",2021-12-19,2021-11-22,"-27 day ahead inc hosp","mean",NA,3054,"COVID-19"
"DE","80+",2021-12-19,2021-11-22,"-27 day ahead inc hosp","quantile",0.025,2997,"COVID-19"
"DE","80+",2021-12-19,2021-11-22,"-27 day ahead inc hosp","quantile",0.1,3009,"COVID-19"
"DE","80+",2021-12-19,2021-11-22,"-27 day ahead inc hosp","quantile",0.25,3024,"COVID-19"
"DE","80+",2021-12-19,2021-11-22,"-27 day ahead inc hosp","quantile",0.5,3046,"COVID-19"
"DE","80+",2021-12-19,2021-11-22,"-27 day ahead inc hosp","quantile",0.75,3075,"COVID-19"
"DE","80+",2021-12-19,2021-11-22,"-27 day ahead inc hosp","quantile",0.9,3108,"COVID-19"
"DE","80+",2021-12-19,2021-11-22,"-27 day ahead inc hosp","quantile",0.975,3151,"COVID-19"
"DE","80+",2021-12-19,2021-11-21,"-28 day ahead inc hosp","mean",NA,3004,"COVID-19"
"DE","80+",2021-12-19,2021-11-21,"-28 day ahead inc hosp","quantile",0.025,2951,"COVID-19"
"DE","80+",2021-12-19,2021-11-21,"-28 day ahead inc hosp","quantile",0.1,2962,"COVID-19"
"DE","80+",2021-12-19,2021-11-21,"-28 day ahead inc hosp","quantile",0.25,2976,"COVID-19"
"DE","80+",2021-12-19,2021-11-21,"-28 day ahead inc hosp","quantile",0.5,2997,"COVID-19"
"DE","80+",2021-12-19,2021-11-21,"-28 day ahead inc hosp","quantile",0.75,3025,"COVID-19"
"DE","80+",2021-12-19,2021-11-21,"-28 day ahead inc hosp","quantile",0.9,3056,"COVID-19"
"DE","80+",2021-12-19,2021-11-21,"-28 day ahead inc hosp","quantile",0.975,3098,"COVID-19"
"DE-BB","00+",2021-12-19,2021-12-19,"0 day ahead inc hosp","mean",NA,379,"COVID-19"
"DE-BB","00+",2021-12-19,2021-12-19,"0 day ahead inc hosp","quantile",0.025,216,"COVID-19"
"DE-BB","00+",2021-12-19,2021-12-19,"0 day ahead inc hosp","quantile",0.1,253,"COVID-19"
"DE-BB","00+",2021-12-19,2021-12-19,"0 day ahead inc hosp","quantile",0.25,297,"COVID-19"
"DE-BB","00+",2021-12-19,2021-12-19,"0 day ahead inc hosp","quantile",0.5,361,"COVID-19"
"DE-BB","00+",2021-12-19,2021-12-19,"0 day ahead inc hosp","quantile",0.75,441,"COVID-19"
"DE-BB","00+",2021-12-19,2021-12-19,"0 day ahead inc hosp","quantile",0.9,530,"COVID-19"
"DE-BB","00+",2021-12-19,2021-12-19,"0 day ahead inc hosp","quantile",0.975,647,"COVID-19"
"DE-BB","00+",2021-12-19,2021-12-18,"-1 day ahead inc hosp","mean",NA,352,"COVID-19"
"DE-BB","00+",2021-12-19,2021-12-18,"-1 day ahead inc hosp","quantile",0.025,208,"COVID-19"
"DE-BB","00+",2021-12-19,2021-12-18,"-1 day ahead inc hosp","quantile",0.1,241,"COVID-19"
"DE-BB","00+",2021-12-19,2021-12-18,"-1 day ahead inc hosp","quantile",0.25,280,"COVID-19"
"DE-BB","00+",2021-12-19,2021-12-18,"-1 day ahead inc hosp","quantile",0.5,336,"COVID-19"
"DE-BB","00+",2021-12-19,2021-12-18,"-1 day ahead inc hosp","quantile",0.75,407,"COVID-19"
"DE-BB","00+",2021-12-19,2021-12-18,"-1 day ahead inc hosp","quantile",0.9,485,"COVID-19"
"DE-BB","00+",2021-12-19,2021-12-18,"-1 day ahead inc hosp","quantile",0.975,589,"COVID-19"
"DE-BB","00+",2021-12-19,2021-12-17,"-2 day ahead inc hosp","mean",NA,338,"COVID-19"
"DE-BB","00+",2021-12-19,2021-12-17,"-2 day ahead inc hosp","quantile",0.025,216,"COVID-19"
"DE-BB","00+",2021-12-19,2021-12-17,"-2 day ahead inc hosp","quantile",0.1,244,"COVID-19"
"DE-BB","00+",2021-12-19,2021-12-17,"-2 day ahead inc hosp","quantile",0.25,277,"COVID-19"
"DE-BB","00+",2021-12-19,2021-12-17,"-2 day ahead inc hosp","quantile",0.5,325,"COVID-19"
"DE-BB","00+",2021-12-19,2021-12-17,"-2 day ahead inc hosp","quantile",0.75,385,"COVID-19"
"DE-BB","00+",2021-12-19,2021-12-17,"-2 day ahead inc hosp","quantile",0.9,449,"COVID-19"
"DE-BB","00+",2021-12-19,2021-12-17,"-2 day ahead inc hosp","quantile",0.975,535,"COVID-19"
"DE-BB","00+",2021-12-19,2021-12-16,"-3 day ahead inc hosp","mean",NA,347,"COVID-19"
"DE-BB","00+",2021-12-19,2021-12-16,"-3 day ahead inc hosp","quantile",0.025,234,"COVID-19"
"DE-BB","00+",2021-12-19,2021-12-16,"-3 day ahead inc hosp","quantile",0.1,260,"COVID-19"
"DE-BB","00+",2021-12-19,2021-12-16,"-3 day ahead inc hosp","quantile",0.25,291,"COVID-19"
"DE-BB","00+",2021-12-19,2021-12-16,"-3 day ahead inc hosp","quantile",0.5,335,"COVID-19"
"DE-BB","00+",2021-12-19,2021-12-16,"-3 day ahead inc hosp","quantile",0.75,391,"COVID-19"
"DE-BB","00+",2021-12-19,2021-12-16,"-3 day ahead inc hosp","quantile",0.9,451,"COVID-19"
"DE-BB","00+",2021-12-19,2021-12-16,"-3 day ahead inc hosp","quantile",0.975,531,"COVID-19"
"DE-BB","00+",2021-12-19,2021-12-15,"-4 day ahead inc hosp","mean",NA,355,"COVID-19"
"DE-BB","00+",2021-12-19,2021-12-15,"-4 day ahead inc hosp","quantile",0.025,251,"COVID-19"
"DE-BB","00+",2021-12-19,2021-12-15,"-4 day ahead inc hosp","quantile",0.1,275,"COVID-19"
"DE-BB","00+",2021-12-19,2021-12-15,"-4 day ahead inc hosp","quantile",0.25,304,"COVID-19"
"DE-BB","00+",2021-12-19,2021-12-15,"-4 day ahead inc hosp","quantile",0.5,344,"COVID-19"
"DE-BB","00+",2021-12-19,2021-12-15,"-4 day ahead inc hosp","quantile",0.75,395,"COVID-19"
"DE-BB","00+",2021-12-19,2021-12-15,"-4 day ahead inc hosp","quantile",0.9,450,"COVID-19"
"DE-BB","00+",2021-12-19,2021-12-15,"-4 day ahead inc hosp","quantile",0.975,523,"COVID-19"
"DE-BB","00+",2021-12-19,2021-12-14,"-5 day ahead inc hosp","mean",NA,331,"COVID-19"
"DE-BB","00+",2021-12-19,2021-12-14,"-5 day ahead inc hosp","quantile",0.025,248,"COVID-19"
"DE-BB","00+",2021-12-19,2021-12-14,"-5 day ahead inc hosp","quantile",0.1,267,"COVID-19"
"DE-BB","00+",2021-12-19,2021-12-14,"-5 day ahead inc hosp","quantile",0.25,289,"COVID-19"
"DE-BB","00+",2021-12-19,2021-12-14,"-5 day ahead inc hosp","quantile",0.5,322,"COVID-19"
"DE-BB","00+",2021-12-19,2021-12-14,"-5 day ahead inc hosp","quantile",0.75,363,"COVID-19"
"DE-BB","00+",2021-12-19,2021-12-14,"-5 day ahead inc hosp","quantile",0.9,408,"COVID-19"
"DE-BB","00+",2021-12-19,2021-12-14,"-5 day ahead inc hosp","quantile",0.975,468,"COVID-19"
"DE-BB","00+",2021-12-19,2021-12-13,"-6 day ahead inc hosp","mean",NA,319,"COVID-19"
"DE-BB","00+",2021-12-19,2021-12-13,"-6 day ahead inc hosp","quantile",0.025,248,"COVID-19"
"DE-BB","00+",2021-12-19,2021-12-13,"-6 day ahead inc hosp","quantile",0.1,263,"COVID-19"
"DE-BB","00+",2021-12-19,2021-12-13,"-6 day ahead inc hosp","quantile",0.25,282,"COVID-19"
"DE-BB","00+",2021-12-19,2021-12-13,"-6 day ahead inc hosp","quantile",0.5,310,"COVID-19"
"DE-BB","00+",2021-12-19,2021-12-13,"-6 day ahead inc hosp","quantile",0.75,346,"COVID-19"
"DE-BB","00+",2021-12-19,2021-12-13,"-6 day ahead inc hosp","quantile",0.9,386,"COVID-19"
"DE-BB","00+",2021-12-19,2021-12-13,"-6 day ahead inc hosp","quantile",0.975,440,"COVID-19"
"DE-BB","00+",2021-12-19,2021-12-12,"-7 day ahead inc hosp","mean",NA,322,"COVID-19"
"DE-BB","00+",2021-12-19,2021-12-12,"-7 day ahead inc hosp","quantile",0.025,249,"COVID-19"
"DE-BB","00+",2021-12-19,2021-12-12,"-7 day ahead inc hosp","quantile",0.1,263,"COVID-19"
"DE-BB","00+",2021-12-19,2021-12-12,"-7 day ahead inc hosp","quantile",0.25,282,"COVID-19"
"DE-BB","00+",2021-12-19,2021-12-12,"-7 day ahead inc hosp","quantile",0.5,312,"COVID-19"
"DE-BB","00+",2021-12-19,2021-12-12,"-7 day ahead inc hosp","quantile",0.75,351,"COVID-19"
"DE-BB","00+",2021-12-19,2021-12-12,"-7 day ahead inc hosp","quantile",0.9,395,"COVID-19"
"DE-BB","00+",2021-12-19,2021-12-12,"-7 day ahead inc hosp","quantile",0.975,455,"COVID-19"
"DE-BB","00+",2021-12-19,2021-12-11,"-8 day ahead inc hosp","mean",NA,343,"COVID-19"
"DE-BB","00+",2021-12-19,2021-12-11,"-8 day ahead inc hosp","quantile",0.025,264,"COVID-19"
"DE-BB","00+",2021-12-19,2021-12-11,"-8 day ahead inc hosp","quantile",0.1,278,"COVID-19"
"DE-BB","00+",2021-12-19,2021-12-11,"-8 day ahead inc hosp","quantile",0.25,298,"COVID-19"
"DE-BB","00+",2021-12-19,2021-12-11,"-8 day ahead inc hosp","quantile",0.5,330,"COVID-19"
"DE-BB","00+",2021-12-19,2021-12-11,"-8 day ahead inc hosp","quantile",0.75,374,"COVID-19"
"DE-BB","00+",2021-12-19,2021-12-11,"-8 day ahead inc hosp","quantile",0.9,425,"COVID-19"
"DE-BB","00+",2021-12-19,2021-12-11,"-8 day ahead inc hosp","quantile",0.975,496,"COVID-19"
"DE-BB","00+",2021-12-19,2021-12-10,"-9 day ahead inc hosp","mean",NA,349,"COVID-19"
"DE-BB","00+",2021-12-19,2021-12-10,"-9 day ahead inc hosp","quantile",0.025,274,"COVID-19"
"DE-BB","00+",2021-12-19,2021-12-10,"-9 day ahead inc hosp","quantile",0.1,286,"COVID-19"
"DE-BB","00+",2021-12-19,2021-12-10,"-9 day ahead inc hosp","quantile",0.25,304,"COVID-19"
"DE-BB","00+",2021-12-19,2021-12-10,"-9 day ahead inc hosp","quantile",0.5,335,"COVID-19"
"DE-BB","00+",2021-12-19,2021-12-10,"-9 day ahead inc hosp","quantile",0.75,378,"COVID-19"
"DE-BB","00+",2021-12-19,2021-12-10,"-9 day ahead inc hosp","quantile",0.9,430,"COVID-19"
"DE-BB","00+",2021-12-19,2021-12-10,"-9 day ahead inc hosp","quantile",0.975,503,"COVID-19"
"DE-BB","00+",2021-12-19,2021-12-09,"-10 day ahead inc hosp","mean",NA,341,"COVID-19"
"DE-BB","00+",2021-12-19,2021-12-09,"-10 day ahead inc hosp","quantile",0.025,276,"COVID-19"
"DE-BB","00+",2021-12-19,2021-12-09,"-10 day ahead inc hosp","quantile",0.1,285,"COVID-19"
"DE-BB","00+",2021-12-19,2021-12-09,"-10 day ahead inc hosp","quantile",0.25,301,"COVID-19"
"DE-BB","00+",2021-12-19,2021-12-09,"-10 day ahead inc hosp","quantile",0.5,328,"COVID-19"
"DE-BB","00+",2021-12-19,2021-12-09,"-10 day ahead inc hosp","quantile",0.75,367,"COVID-19"
"DE-BB","00+",2021-12-19,2021-12-09,"-10 day ahead inc hosp","quantile",0.9,415,"COVID-19"
"DE-BB","00+",2021-12-19,2021-12-09,"-10 day ahead inc hosp","quantile",0.975,482,"COVID-19"
"DE-BB","00+",2021-12-19,2021-12-08,"-11 day ahead inc hosp","mean",NA,333,"COVID-19"
"DE-BB","00+",2021-12-19,2021-12-08,"-11 day ahead inc hosp","quantile",0.025,276,"COVID-19"
"DE-BB","00+",2021-12-19,2021-12-08,"-11 day ahead inc hosp","quantile",0.1,283,"COVID-19"
"DE-BB","00+",2021-12-19,2021-12-08,"-11 day ahead inc hosp","quantile",0.25,296,"COVID-19"
"DE-BB","00+",2021-12-19,2021-12-08,"-11 day ahead inc hosp","quantile",0.5,320,"COVID-19"
"DE-BB","00+",2021-12-19,2021-12-08,"-11 day ahead inc hosp","quantile",0.75,355,"COVID-19"
"DE-BB","00+",2021-12-19,2021-12-08,"-11 day ahead inc hosp","quantile",0.9,399,"COVID-19"
"DE-BB","00+",2021-12-19,2021-12-08,"-11 day ahead inc hosp","quantile",0.975,463,"COVID-19"
"DE-BB","00+",2021-12-19,2021-12-07,"-12 day ahead inc hosp","mean",NA,322,"COVID-19"
"DE-BB","00+",2021-12-19,2021-12-07,"-12 day ahead inc hosp","quantile",0.025,273,"COVID-19"
"DE-BB","00+",2021-12-19,2021-12-07,"-12 day ahead inc hosp","quantile",0.1,278,"COVID-19"
"DE-BB","00+",2021-12-19,2021-12-07,"-12 day ahead inc hosp","quantile",0.25,289,"COVID-19"
"DE-BB","00+",2021-12-19,2021-12-07,"-12 day ahead inc hosp","quantile",0.5,309,"COVID-19"
"DE-BB","00+",2021-12-19,2021-12-07,"-12 day ahead inc hosp","quantile",0.75,341,"COVID-19"
"DE-BB","00+",2021-12-19,2021-12-07,"-12 day ahead inc hosp","quantile",0.9,382,"COVID-19"
"DE-BB","00+",2021-12-19,2021-12-07,"-12 day ahead inc hosp","quantile",0.975,442,"COVID-19"
"DE-BB","00+",2021-12-19,2021-12-06,"-13 day ahead inc hosp","mean",NA,323,"COVID-19"
"DE-BB","00+",2021-12-19,2021-12-06,"-13 day ahead inc hosp","quantile",0.025,280,"COVID-19"
"DE-BB","00+",2021-12-19,2021-12-06,"-13 day ahead inc hosp","quantile",0.1,283,"COVID-19"
"DE-BB","00+",2021-12-19,2021-12-06,"-13 day ahead inc hosp","quantile",0.25,291,"COVID-19"
"DE-BB","00+",2021-12-19,2021-12-06,"-13 day ahead inc hosp","quantile",0.5,310,"COVID-19"
"DE-BB","00+",2021-12-19,2021-12-06,"-13 day ahead inc hosp","quantile",0.75,341,"COVID-19"
"DE-BB","00+",2021-12-19,2021-12-06,"-13 day ahead inc hosp","quantile",0.9,382,"COVID-19"
"DE-BB","00+",2021-12-19,2021-12-06,"-13 day ahead inc hosp","quantile",0.975,445,"COVID-19"
"DE-BB","00+",2021-12-19,2021-12-05,"-14 day ahead inc hosp","mean",NA,318,"COVID-19"
"DE-BB","00+",2021-12-19,2021-12-05,"-14 day ahead inc hosp","quantile",0.025,276,"COVID-19"
"DE-BB","00+",2021-12-19,2021-12-05,"-14 day ahead inc hosp","quantile",0.1,278,"COVID-19"
"DE-BB","00+",2021-12-19,2021-12-05,"-14 day ahead inc hosp","quantile",0.25,285,"COVID-19"
"DE-BB","00+",2021-12-19,2021-12-05,"-14 day ahead inc hosp","quantile",0.5,302,"COVID-19"
"DE-BB","00+",2021-12-19,2021-12-05,"-14 day ahead inc hosp","quantile",0.75,335,"COVID-19"
"DE-BB","00+",2021-12-19,2021-12-05,"-14 day ahead inc hosp","quantile",0.9,380,"COVID-19"
"DE-BB","00+",2021-12-19,2021-12-05,"-14 day ahead inc hosp","quantile",0.975,450,"COVID-19"
"DE-BB","00+",2021-12-19,2021-12-04,"-15 day ahead inc hosp","mean",NA,313,"COVID-19"
"DE-BB","00+",2021-12-19,2021-12-04,"-15 day ahead inc hosp","quantile",0.025,274,"COVID-19"
"DE-BB","00+",2021-12-19,2021-12-04,"-15 day ahead inc hosp","quantile",0.1,275,"COVID-19"
"DE-BB","00+",2021-12-19,2021-12-04,"-15 day ahead inc hosp","quantile",0.25,280,"COVID-19"
"DE-BB","00+",2021-12-19,2021-12-04,"-15 day ahead inc hosp","quantile",0.5,296,"COVID-19"
"DE-BB","00+",2021-12-19,2021-12-04,"-15 day ahead inc hosp","quantile",0.75,328,"COVID-19"
"DE-BB","00+",2021-12-19,2021-12-04,"-15 day ahead inc hosp","quantile",0.9,375,"COVID-19"
"DE-BB","00+",2021-12-19,2021-12-04,"-15 day ahead inc hosp","quantile",0.975,450,"COVID-19"
"DE-BB","00+",2021-12-19,2021-12-03,"-16 day ahead inc hosp","mean",NA,315,"COVID-19"
"DE-BB","00+",2021-12-19,2021-12-03,"-16 day ahead inc hosp","quantile",0.025,279,"COVID-19"
"DE-BB","00+",2021-12-19,2021-12-03,"-16 day ahead inc hosp","quantile",0.1,280,"COVID-19"
"DE-BB","00+",2021-12-19,2021-12-03,"-16 day ahead inc hosp","quantile",0.25,284,"COVID-19"
"DE-BB","00+",2021-12-19,2021-12-03,"-16 day ahead inc hosp","quantile",0.5,298,"COVID-19"
"DE-BB","00+",2021-12-19,2021-12-03,"-16 day ahead inc hosp","quantile",0.75,328,"COVID-19"
"DE-BB","00+",2021-12-19,2021-12-03,"-16 day ahead inc hosp","quantile",0.9,374,"COVID-19"
"DE-BB","00+",2021-12-19,2021-12-03,"-16 day ahead inc hosp","quantile",0.975,449,"COVID-19"
"DE-BB","00+",2021-12-19,2021-12-02,"-17 day ahead inc hosp","mean",NA,317,"COVID-19"
"DE-BB","00+",2021-12-19,2021-12-02,"-17 day ahead inc hosp","quantile",0.025,284,"COVID-19"
"DE-BB","00+",2021-12-19,2021-12-02,"-17 day ahead inc hosp","quantile",0.1,284,"COVID-19"
"DE-BB","00+",2021-12-19,2021-12-02,"-17 day ahead inc hosp","quantile",0.25,287,"COVID-19"
"DE-BB","00+",2021-12-19,2021-12-02,"-17 day ahead inc hosp","quantile",0.5,299,"COVID-19"
"DE-BB","00+",2021-12-19,2021-12-02,"-17 day ahead inc hosp","quantile",0.75,328,"COVID-19"
"DE-BB","00+",2021-12-19,2021-12-02,"-17 day ahead inc hosp","quantile",0.9,374,"COVID-19"
"DE-BB","00+",2021-12-19,2021-12-02,"-17 day ahead inc hosp","quantile",0.975,450,"COVID-19"
"DE-BB","00+",2021-12-19,2021-12-01,"-18 day ahead inc hosp","mean",NA,315,"COVID-19"
"DE-BB","00+",2021-12-19,2021-12-01,"-18 day ahead inc hosp","quantile",0.025,285,"COVID-19"
"DE-BB","00+",2021-12-19,2021-12-01,"-18 day ahead inc hosp","quantile",0.1,285,"COVID-19"
"DE-BB","00+",2021-12-19,2021-12-01,"-18 day ahead inc hosp","quantile",0.25,287,"COVID-19"
"DE-BB","00+",2021-12-19,2021-12-01,"-18 day ahead inc hosp","quantile",0.5,297,"COVID-19"
"DE-BB","00+",2021-12-19,2021-12-01,"-18 day ahead inc hosp","quantile",0.75,324,"COVID-19"
"DE-BB","00+",2021-12-19,2021-12-01,"-18 day ahead inc hosp","quantile",0.9,369,"COVID-19"
"DE-BB","00+",2021-12-19,2021-12-01,"-18 day ahead inc hosp","quantile",0.975,444,"COVID-19"
"DE-BB","00+",2021-12-19,2021-11-30,"-19 day ahead inc hosp","mean",NA,333,"COVID-19"
"DE-BB","00+",2021-12-19,2021-11-30,"-19 day ahead inc hosp","quantile",0.025,304,"COVID-19"
"DE-BB","00+",2021-12-19,2021-11-30,"-19 day ahead inc hosp","quantile",0.1,304,"COVID-19"
"DE-BB","00+",2021-12-19,2021-11-30,"-19 day ahead inc hosp","quantile",0.25,306,"COVID-19"
"DE-BB","00+",2021-12-19,2021-11-30,"-19 day ahead inc hosp","quantile",0.5,315,"COVID-19"
"DE-BB","00+",2021-12-19,2021-11-30,"-19 day ahead inc hosp","quantile",0.75,341,"COVID-19"
"DE-BB","00+",2021-12-19,2021-11-30,"-19 day ahead inc hosp","quantile",0.9,386,"COVID-19"
"DE-BB","00+",2021-12-19,2021-11-30,"-19 day ahead inc hosp","quantile",0.975,465,"COVID-19"
"DE-BB","00+",2021-12-19,2021-11-29,"-20 day ahead inc hosp","mean",NA,321,"COVID-19"
"DE-BB","00+",2021-12-19,2021-11-29,"-20 day ahead inc hosp","quantile",0.025,295,"COVID-19"
"DE-BB","00+",2021-12-19,2021-11-29,"-20 day ahead inc hosp","quantile",0.1,295,"COVID-19"
"DE-BB","00+",2021-12-19,2021-11-29,"-20 day ahead inc hosp","quantile",0.25,296,"COVID-19"
"DE-BB","00+",2021-12-19,2021-11-29,"-20 day ahead inc hosp","quantile",0.5,304,"COVID-19"
"DE-BB","00+",2021-12-19,2021-11-29,"-20 day ahead inc hosp","quantile",0.75,327,"COVID-19"
"DE-BB","00+",2021-12-19,2021-11-29,"-20 day ahead inc hosp","quantile",0.9,368,"COVID-19"
"DE-BB","00+",2021-12-19,2021-11-29,"-20 day ahead inc hosp","quantile",0.975,442,"COVID-19"
"DE-BB","00+",2021-12-19,2021-11-28,"-21 day ahead inc hosp","mean",NA,332,"COVID-19"
"DE-BB","00+",2021-12-19,2021-11-28,"-21 day ahead inc hosp","quantile",0.025,306,"COVID-19"
"DE-BB","00+",2021-12-19,2021-11-28,"-21 day ahead inc hosp","quantile",0.1,306,"COVID-19"
"DE-BB","00+",2021-12-19,2021-11-28,"-21 day ahead inc hosp","quantile",0.25,307,"COVID-19"
"DE-BB","00+",2021-12-19,2021-11-28,"-21 day ahead inc hosp","quantile",0.5,314,"COVID-19"
"DE-BB","00+",2021-12-19,2021-11-28,"-21 day ahead inc hosp","quantile",0.75,338,"COVID-19"
"DE-BB","00+",2021-12-19,2021-11-28,"-21 day ahead inc hosp","quantile",0.9,381,"COVID-19"
"DE-BB","00+",2021-12-19,2021-11-28,"-21 day ahead inc hosp","quantile",0.975,458,"COVID-19"
"DE-BB","00+",2021-12-19,2021-11-27,"-22 day ahead inc hosp","mean",NA,333,"COVID-19"
"DE-BB","00+",2021-12-19,2021-11-27,"-22 day ahead inc hosp","quantile",0.025,308,"COVID-19"
"DE-BB","00+",2021-12-19,2021-11-27,"-22 day ahead inc hosp","quantile",0.1,308,"COVID-19"
"DE-BB","00+",2021-12-19,2021-11-27,"-22 day ahead inc hosp","quantile",0.25,309,"COVID-19"
"DE-BB","00+",2021-12-19,2021-11-27,"-22 day ahead inc hosp","quantile",0.5,316,"COVID-19"
"DE-BB","00+",2021-12-19,2021-11-27,"-22 day ahead inc hosp","quantile",0.75,339,"COVID-19"
"DE-BB","00+",2021-12-19,2021-11-27,"-22 day ahead inc hosp","quantile",0.9,380,"COVID-19"
"DE-BB","00+",2021-12-19,2021-11-27,"-22 day ahead inc hosp","quantile",0.975,455,"COVID-19"
"DE-BB","00+",2021-12-19,2021-11-26,"-23 day ahead inc hosp","mean",NA,309,"COVID-19"
"DE-BB","00+",2021-12-19,2021-11-26,"-23 day ahead inc hosp","quantile",0.025,287,"COVID-19"
"DE-BB","00+",2021-12-19,2021-11-26,"-23 day ahead inc hosp","quantile",0.1,287,"COVID-19"
"DE-BB","00+",2021-12-19,2021-11-26,"-23 day ahead inc hosp","quantile",0.25,288,"COVID-19"
"DE-BB","00+",2021-12-19,2021-11-26,"-23 day ahead inc hosp","quantile",0.5,294,"COVID-19"
"DE-BB","00+",2021-12-19,2021-11-26,"-23 day ahead inc hosp","quantile",0.75,313,"COVID-19"
"DE-BB","00+",2021-12-19,2021-11-26,"-23 day ahead inc hosp","quantile",0.9,349,"COVID-19"
"DE-BB","00+",2021-12-19,2021-11-26,"-23 day ahead inc hosp","quantile",0.975,415,"COVID-19"
"DE-BB","00+",2021-12-19,2021-11-25,"-24 day ahead inc hosp","mean",NA,303,"COVID-19"
"DE-BB","00+",2021-12-19,2021-11-25,"-24 day ahead inc hosp","quantile",0.025,284,"COVID-19"
"DE-BB","00+",2021-12-19,2021-11-25,"-24 day ahead inc hosp","quantile",0.1,284,"COVID-19"
"DE-BB","00+",2021-12-19,2021-11-25,"-24 day ahead inc hosp","quantile",0.25,285,"COVID-19"
"DE-BB","00+",2021-12-19,2021-11-25,"-24 day ahead inc hosp","quantile",0.5,290,"COVID-19"
"DE-BB","00+",2021-12-19,2021-11-25,"-24 day ahead inc hosp","quantile",0.75,308,"COVID-19"
"DE-BB","00+",2021-12-19,2021-11-25,"-24 day ahead inc hosp","quantile",0.9,339,"COVID-19"
"DE-BB","00+",2021-12-19,2021-11-25,"-24 day ahead inc hosp","quantile",0.975,397,"COVID-19"
"DE-BB","00+",2021-12-19,2021-11-24,"-25 day ahead inc hosp","mean",NA,306,"COVID-19"
"DE-BB","00+",2021-12-19,2021-11-24,"-25 day ahead inc hosp","quantile",0.025,288,"COVID-19"
"DE-BB","00+",2021-12-19,2021-11-24,"-25 day ahead inc hosp","quantile",0.1,288,"COVID-19"
"DE-BB","00+",2021-12-19,2021-11-24,"-25 day ahead inc hosp","quantile",0.25,289,"COVID-19"
"DE-BB","00+",2021-12-19,2021-11-24,"-25 day ahead inc hosp","quantile",0.5,294,"COVID-19"
"DE-BB","00+",2021-12-19,2021-11-24,"-25 day ahead inc hosp","quantile",0.75,310,"COVID-19"
"DE-BB","00+",2021-12-19,2021-11-24,"-25 day ahead inc hosp","quantile",0.9,338,"COVID-19"
"DE-BB","00+",2021-12-19,2021-11-24,"-25 day ahead inc hosp","quantile",0.975,388,"COVID-19"
"DE-BB","00+",2021-12-19,2021-11-23,"-26 day ahead inc hosp","mean",NA,286,"COVID-19"
"DE-BB","00+",2021-12-19,2021-11-23,"-26 day ahead inc hosp","quantile",0.025,271,"COVID-19"
"DE-BB","00+",2021-12-19,2021-11-23,"-26 day ahead inc hosp","quantile",0.1,271,"COVID-19"
"DE-BB","00+",2021-12-19,2021-11-23,"-26 day ahead inc hosp","quantile",0.25,272,"COVID-19"
"DE-BB","00+",2021-12-19,2021-11-23,"-26 day ahead inc hosp","quantile",0.5,276,"COVID-19"
"DE-BB","00+",2021-12-19,2021-11-23,"-26 day ahead inc hosp","quantile",0.75,290,"COVID-19"
"DE-BB","00+",2021-12-19,2021-11-23,"-26 day ahead inc hosp","quantile",0.9,313,"COVID-19"
"DE-BB","00+",2021-12-19,2021-11-23,"-26 day ahead inc hosp","quantile",0.975,353,"COVID-19"
"DE-BB","00+",2021-12-19,2021-11-22,"-27 day ahead inc hosp","mean",NA,276,"COVID-19"
"DE-BB","00+",2021-12-19,2021-11-22,"-27 day ahead inc hosp","quantile",0.025,263,"COVID-19"
"DE-BB","00+",2021-12-19,2021-11-22,"-27 day ahead inc hosp","quantile",0.1,263,"COVID-19"
"DE-BB","00+",2021-12-19,2021-11-22,"-27 day ahead inc hosp","quantile",0.25,264,"COVID-19"
"DE-BB","00+",2021-12-19,2021-11-22,"-27 day ahead inc hosp","quantile",0.5,268,"COVID-19"
"DE-BB","00+",2021-12-19,2021-11-22,"-27 day ahead inc hosp","quantile",0.75,280,"COVID-19"
"DE-BB","00+",2021-12-19,2021-11-22,"-27 day ahead inc hosp","quantile",0.9,300,"COVID-19"
"DE-BB","00+",2021-12-19,2021-11-22,"-27 day ahead inc hosp","quantile",0.975,334,"COVID-19"
"DE-BB","00+",2021-12-19,2021-11-21,"-28 day ahead inc hosp","mean",NA,262,"COVID-19"
"DE-BB","00+",2021-12-19,2021-11-21,"-28 day ahead inc hosp","quantile",0.025,250,"COVID-19"
"DE-BB","00+",2021-12-19,2021-11-21,"-28 day ahead inc hosp","quantile",0.1,250,"COVID-19"
"DE-BB","00+",2021-12-19,2021-11-21,"-28 day ahead inc hosp","quantile",0.25,251,"COVID-19"
"DE-BB","00+",2021-12-19,2021-11-21,"-28 day ahead inc hosp","quantile",0.5,255,"COVID-19"
"DE-BB","00+",2021-12-19,2021-11-21,"-28 day ahead inc hosp","quantile",0.75,265,"COVID-19"
"DE-BB","00+",2021-12-19,2021-11-21,"-28 day ahead inc hosp","quantile",0.9,283,"COVID-19"
"DE-BB","00+",2021-12-19,2021-11-21,"-28 day ahead inc hosp","quantile",0.975,313,"COVID-19"
"DE-BE","00+",2021-12-19,2021-12-19,"0 day ahead inc hosp","mean",NA,345,"COVID-19"
"DE-BE","00+",2021-12-19,2021-12-19,"0 day ahead inc hosp","quantile",0.025,260,"COVID-19"
"DE-BE","00+",2021-12-19,2021-12-19,"0 day ahead inc hosp","quantile",0.1,283,"COVID-19"
"DE-BE","00+",2021-12-19,2021-12-19,"0 day ahead inc hosp","quantile",0.25,307,"COVID-19"
"DE-BE","00+",2021-12-19,2021-12-19,"0 day ahead inc hosp","quantile",0.5,339,"COVID-19"
"DE-BE","00+",2021-12-19,2021-12-19,"0 day ahead inc hosp","quantile",0.75,377,"COVID-19"
"DE-BE","00+",2021-12-19,2021-12-19,"0 day ahead inc hosp","quantile",0.9,415,"COVID-19"
"DE-BE","00+",2021-12-19,2021-12-19,"0 day ahead inc hosp","quantile",0.975,463,"COVID-19"
"DE-BE","00+",2021-12-19,2021-12-18,"-1 day ahead inc hosp","mean",NA,349,"COVID-19"
"DE-BE","00+",2021-12-19,2021-12-18,"-1 day ahead inc hosp","quantile",0.025,262,"COVID-19"
"DE-BE","00+",2021-12-19,2021-12-18,"-1 day ahead inc hosp","quantile",0.1,286,"COVID-19"
"DE-BE","00+",2021-12-19,2021-12-18,"-1 day ahead inc hosp","quantile",0.25,311,"COVID-19"
"DE-BE","00+",2021-12-19,2021-12-18,"-1 day ahead inc hosp","quantile",0.5,343,"COVID-19"
"DE-BE","00+",2021-12-19,2021-12-18,"-1 day ahead inc hosp","quantile",0.75,381,"COVID-19"
"DE-BE","00+",2021-12-19,2021-12-18,"-1 day ahead inc hosp","quantile",0.9,420,"COVID-19"
"DE-BE","00+",2021-12-19,2021-12-18,"-1 day ahead inc hosp","quantile",0.975,470,"COVID-19"
"DE-BE","00+",2021-12-19,2021-12-17,"-2 day ahead inc hosp","mean",NA,340,"COVID-19"
"DE-BE","00+",2021-12-19,2021-12-17,"-2 day ahead inc hosp","quantile",0.025,263,"COVID-19"
"DE-BE","00+",2021-12-19,2021-12-17,"-2 day ahead inc hosp","quantile",0.1,284,"COVID-19"
"DE-BE","00+",2021-12-19,2021-12-17,"-2 day ahead inc hosp","quantile",0.25,306,"COVID-19"
"DE-BE","00+",2021-12-19,2021-12-17,"-2 day ahead inc hosp","quantile",0.5,335,"COVID-19"
"DE-BE","00+",2021-12-19,2021-12-17,"-2 day ahead inc hosp","quantile",0.75,369,"COVID-19"
"DE-BE","00+",2021-12-19,2021-12-17,"-2 day ahead inc hosp","quantile",0.9,403,"COVID-19"
"DE-BE","00+",2021-12-19,2021-12-17,"-2 day ahead inc hosp","quantile",0.975,447,"COVID-19"
"DE-BE","00+",2021-12-19,2021-12-16,"-3 day ahead inc hosp","mean",NA,340,"COVID-19"
"DE-BE","00+",2021-12-19,2021-12-16,"-3 day ahead inc hosp","quantile",0.025,277,"COVID-19"
"DE-BE","00+",2021-12-19,2021-12-16,"-3 day ahead inc hosp","quantile",0.1,295,"COVID-19"
"DE-BE","00+",2021-12-19,2021-12-16,"-3 day ahead inc hosp","quantile",0.25,313,"COVID-19"
"DE-BE","00+",2021-12-19,2021-12-16,"-3 day ahead inc hosp","quantile",0.5,337,"COVID-19"
"DE-BE","00+",2021-12-19,2021-12-16,"-3 day ahead inc hosp","quantile",0.75,364,"COVID-19"
"DE-BE","00+",2021-12-19,2021-12-16,"-3 day ahead inc hosp","quantile",0.9,391,"COVID-19"
"DE-BE","00+",2021-12-19,2021-12-16,"-3 day ahead inc hosp","quantile",0.975,426,"COVID-19"
"DE-BE","00+",2021-12-19,2021-12-15,"-4 day ahead inc hosp","mean",NA,344,"COVID-19"
"DE-BE","00+",2021-12-19,2021-12-15,"-4 day ahead inc hosp","quantile",0.025,290,"COVID-19"
"DE-BE","00+",2021-12-19,2021-12-15,"-4 day ahead inc hosp","quantile",0.1,305,"COVID-19"
"DE-BE","00+",2021-12-19,2021-12-15,"-4 day ahead inc hosp","quantile",0.25,321,"COVID-19"
"DE-BE","00+",2021-12-19,2021-12-15,"-4 day ahead inc hosp","quantile",0.5,341,"COVID-19"
"DE-BE","00+",2021-12-19,2021-12-15,"-4 day ahead inc hosp","quantile",0.75,364,"COVID-19"
"DE-BE","00+",2021-12-19,2021-12-15,"-4 day ahead inc hosp","quantile",0.9,387,"COVID-19"
"DE-BE","00+",2021-12-19,2021-12-15,"-4 day ahead inc hosp","quantile",0.975,416,"COVID-19"
"DE-BE","00+",2021-12-19,2021-12-14,"-5 day ahead inc hosp","mean",NA,309,"COVID-19"
"DE-BE","00+",2021-12-19,2021-12-14,"-5 day ahead inc hosp","quantile",0.025,266,"COVID-19"
"DE-BE","00+",2021-12-19,2021-12-14,"-5 day ahead inc hosp","quantile",0.1,278,"COVID-19"
"DE-BE","00+",2021-12-19,2021-12-14,"-5 day ahead inc hosp","quantile",0.25,291,"COVID-19"
"DE-BE","00+",2021-12-19,2021-12-14,"-5 day ahead inc hosp","quantile",0.5,307,"COVID-19"
"DE-BE","00+",2021-12-19,2021-12-14,"-5 day ahead inc hosp","quantile",0.75,325,"COVID-19"
"DE-BE","00+",2021-12-19,2021-12-14,"-5 day ahead inc hosp","quantile",0.9,344,"COVID-19"
"DE-BE","00+",2021-12-19,2021-12-14,"-5 day ahead inc hosp","quantile",0.975,367,"COVID-19"
"DE-BE","00+",2021-12-19,2021-12-13,"-6 day ahead inc hosp","mean",NA,291,"COVID-19"
"DE-BE","00+",2021-12-19,2021-12-13,"-6 day ahead inc hosp","quantile",0.025,256,"COVID-19"
"DE-BE","00+",2021-12-19,2021-12-13,"-6 day ahead inc hosp","quantile",0.1,265,"COVID-19"
"DE-BE","00+",2021-12-19,2021-12-13,"-6 day ahead inc hosp","quantile",0.25,276,"COVID-19"
"DE-BE","00+",2021-12-19,2021-12-13,"-6 day ahead inc hosp","quantile",0.5,289,"COVID-19"
"DE-BE","00+",2021-12-19,2021-12-13,"-6 day ahead inc hosp","quantile",0.75,305,"COVID-19"
"DE-BE","00+",2021-12-19,2021-12-13,"-6 day ahead inc hosp","quantile",0.9,320,"COVID-19"
"DE-BE","00+",2021-12-19,2021-12-13,"-6 day ahead inc hosp","quantile",0.975,340,"COVID-19"
"DE-BE","00+",2021-12-19,2021-12-12,"-7 day ahead inc hosp","mean",NA,289,"COVID-19"
"DE-BE","00+",2021-12-19,2021-12-12,"-7 day ahead inc hosp","quantile",0.025,252,"COVID-19"
"DE-BE","00+",2021-12-19,2021-12-12,"-7 day ahead inc hosp","quantile",0.1,262,"COVID-19"
"DE-BE","00+",2021-12-19,2021-12-12,"-7 day ahead inc hosp","quantile",0.25,273,"COVID-19"
"DE-BE","00+",2021-12-19,2021-12-12,"-7 day ahead inc hosp","quantile",0.5,286,"COVID-19"
"DE-BE","00+",2021-12-19,2021-12-12,"-7 day ahead inc hosp","quantile",0.75,302,"COVID-19"
"DE-BE","00+",2021-12-19,2021-12-12,"-7 day ahead inc hosp","quantile",0.9,319,"COVID-19"
"DE-BE","00+",2021-12-19,2021-12-12,"-7 day ahead inc hosp","quantile",0.975,340,"COVID-19"
"DE-BE","00+",2021-12-19,2021-12-11,"-8 day ahead inc hosp","mean",NA,288,"COVID-19"
"DE-BE","00+",2021-12-19,2021-12-11,"-8 day ahead inc hosp","quantile",0.025,250,"COVID-19"
"DE-BE","00+",2021-12-19,2021-12-11,"-8 day ahead inc hosp","quantile",0.1,259,"COVID-19"
"DE-BE","00+",2021-12-19,2021-12-11,"-8 day ahead inc hosp","quantile",0.25,270,"COVID-19"
"DE-BE","00+",2021-12-19,2021-12-11,"-8 day ahead inc hosp","quantile",0.5,285,"COVID-19"
"DE-BE","00+",2021-12-19,2021-12-11,"-8 day ahead inc hosp","quantile",0.75,302,"COVID-19"
"DE-BE","00+",2021-12-19,2021-12-11,"-8 day ahead inc hosp","quantile",0.9,321,"COVID-19"
"DE-BE","00+",2021-12-19,2021-12-11,"-8 day ahead inc hosp","quantile",0.975,344,"COVID-19"
"DE-BE","00+",2021-12-19,2021-12-10,"-9 day ahead inc hosp","mean",NA,298,"COVID-19"
"DE-BE","00+",2021-12-19,2021-12-10,"-9 day ahead inc hosp","quantile",0.025,259,"COVID-19"
"DE-BE","00+",2021-12-19,2021-12-10,"-9 day ahead inc hosp","quantile",0.1,268,"COVID-19"
"DE-BE","00+",2021-12-19,2021-12-10,"-9 day ahead inc hosp","quantile",0.25,279,"COVID-19"
"DE-BE","00+",2021-12-19,2021-12-10,"-9 day ahead inc hosp","quantile",0.5,294,"COVID-19"
"DE-BE","00+",2021-12-19,2021-12-10,"-9 day ahead inc hosp","quantile",0.75,313,"COVID-19"
"DE-BE","00+",2021-12-19,2021-12-10,"-9 day ahead inc hosp","quantile",0.9,332,"COVID-19"
"DE-BE","00+",2021-12-19,2021-12-10,"-9 day ahead inc hosp","quantile",0.975,358,"COVID-19"
"DE-BE","00+",2021-12-19,2021-12-09,"-10 day ahead inc hosp","mean",NA,273,"COVID-19"
"DE-BE","00+",2021-12-19,2021-12-09,"-10 day ahead inc hosp","quantile",0.025,238,"COVID-19"
"DE-BE","00+",2021-12-19,2021-12-09,"-10 day ahead inc hosp","quantile",0.1,246,"COVID-19"
"DE-BE","00+",2021-12-19,2021-12-09,"-10 day ahead inc hosp","quantile",0.25,255,"COVID-19"
"DE-BE","00+",2021-12-19,2021-12-09,"-10 day ahead inc hosp","quantile",0.5,269,"COVID-19"
"DE-BE","00+",2021-12-19,2021-12-09,"-10 day ahead inc hosp","quantile",0.75,286,"COVID-19"
"DE-BE","00+",2021-12-19,2021-12-09,"-10 day ahead inc hosp","quantile",0.9,304,"COVID-19"
"DE-BE","00+",2021-12-19,2021-12-09,"-10 day ahead inc hosp","quantile",0.975,328,"COVID-19"
"DE-BE","00+",2021-12-19,2021-12-08,"-11 day ahead inc hosp","mean",NA,245,"COVID-19"
"DE-BE","00+",2021-12-19,2021-12-08,"-11 day ahead inc hosp","quantile",0.025,217,"COVID-19"
"DE-BE","00+",2021-12-19,2021-12-08,"-11 day ahead inc hosp","quantile",0.1,223,"COVID-19"
"DE-BE","00+",2021-12-19,2021-12-08,"-11 day ahead inc hosp","quantile",0.25,231,"COVID-19"
"DE-BE","00+",2021-12-19,2021-12-08,"-11 day ahead inc hosp","quantile",0.5,242,"COVID-19"
"DE-BE","00+",2021-12-19,2021-12-08,"-11 day ahead inc hosp","quantile",0.75,256,"COVID-19"
"DE-BE","00+",2021-12-19,2021-12-08,"-11 day ahead inc hosp","quantile",0.9,271,"COVID-19"
"DE-BE","00+",2021-12-19,2021-12-08,"-11 day ahead inc hosp","quantile",0.975,291,"COVID-19"
"DE-BE","00+",2021-12-19,2021-12-07,"-12 day ahead inc hosp","mean",NA,247,"COVID-19"
"DE-BE","00+",2021-12-19,2021-12-07,"-12 day ahead inc hosp","quantile",0.025,221,"COVID-19"
"DE-BE","00+",2021-12-19,2021-12-07,"-12 day ahead inc hosp","quantile",0.1,227,"COVID-19"
"DE-BE","00+",2021-12-19,2021-12-07,"-12 day ahead inc hosp","quantile",0.25,234,"COVID-19"
"DE-BE","00+",2021-12-19,2021-12-07,"-12 day ahead inc hosp","quantile",0.5,244,"COVID-19"
"DE-BE","00+",2021-12-19,2021-12-07,"-12 day ahead inc hosp","quantile",0.75,257,"COVID-19"
"DE-BE","00+",2021-12-19,2021-12-07,"-12 day ahead inc hosp","quantile",0.9,272,"COVID-19"
"DE-BE","00+",2021-12-19,2021-12-07,"-12 day ahead inc hosp","quantile",0.975,291,"COVID-19"
"DE-BE","00+",2021-12-19,2021-12-06,"-13 day ahead inc hosp","mean",NA,270,"COVID-19"
"DE-BE","00+",2021-12-19,2021-12-06,"-13 day ahead inc hosp","quantile",0.025,245,"COVID-19"
"DE-BE","00+",2021-12-19,2021-12-06,"-13 day ahead inc hosp","quantile",0.1,250,"COVID-19"
"DE-BE","00+",2021-12-19,2021-12-06,"-13 day ahead inc hosp","quantile",0.25,256,"COVID-19"
"DE-BE","00+",2021-12-19,2021-12-06,"-13 day ahead inc hosp","quantile",0.5,266,"COVID-19"
"DE-BE","00+",2021-12-19,2021-12-06,"-13 day ahead inc hosp","quantile",0.75,279,"COVID-19"
"DE-BE","00+",2021-12-19,2021-12-06,"-13 day ahead inc hosp","quantile",0.9,294,"COVID-19"
"DE-BE","00+",2021-12-19,2021-12-06,"-13 day ahead inc hosp","quantile",0.975,313,"COVID-19"
"DE-BE","00+",2021-12-19,2021-12-05,"-14 day ahead inc hosp","mean",NA,275,"COVID-19"
"DE-BE","00+",2021-12-19,2021-12-05,"-14 day ahead inc hosp","quantile",0.025,250,"COVID-19"
"DE-BE","00+",2021-12-19,2021-12-05,"-14 day ahead inc hosp","quantile",0.1,255,"COVID-19"
"DE-BE","00+",2021-12-19,2021-12-05,"-14 day ahead inc hosp","quantile",0.25,261,"COVID-19"
"DE-BE","00+",2021-12-19,2021-12-05,"-14 day ahead inc hosp","quantile",0.5,272,"COVID-19"
"DE-BE","00+",2021-12-19,2021-12-05,"-14 day ahead inc hosp","quantile",0.75,285,"COVID-19"
"DE-BE","00+",2021-12-19,2021-12-05,"-14 day ahead inc hosp","quantile",0.9,300,"COVID-19"
"DE-BE","00+",2021-12-19,2021-12-05,"-14 day ahead inc hosp","quantile",0.975,322,"COVID-19"
"DE-BE","00+",2021-12-19,2021-12-04,"-15 day ahead inc hosp","mean",NA,279,"COVID-19"
"DE-BE","00+",2021-12-19,2021-12-04,"-15 day ahead inc hosp","quantile",0.025,253,"COVID-19"
"DE-BE","00+",2021-12-19,2021-12-04,"-15 day ahead inc hosp","quantile",0.1,258,"COVID-19"
"DE-BE","00+",2021-12-19,2021-12-04,"-15 day ahead inc hosp","quantile",0.25,264,"COVID-19"
"DE-BE","00+",2021-12-19,2021-12-04,"-15 day ahead inc hosp","quantile",0.5,275,"COVID-19"
"DE-BE","00+",2021-12-19,2021-12-04,"-15 day ahead inc hosp","quantile",0.75,290,"COVID-19"
"DE-BE","00+",2021-12-19,2021-12-04,"-15 day ahead inc hosp","quantile",0.9,307,"COVID-19"
"DE-BE","00+",2021-12-19,2021-12-04,"-15 day ahead inc hosp","quantile",0.975,331,"COVID-19"
"DE-BE","00+",2021-12-19,2021-12-03,"-16 day ahead inc hosp","mean",NA,272,"COVID-19"
"DE-BE","00+",2021-12-19,2021-12-03,"-16 day ahead inc hosp","quantile",0.025,248,"COVID-19"
"DE-BE","00+",2021-12-19,2021-12-03,"-16 day ahead inc hosp","quantile",0.1,251,"COVID-19"
"DE-BE","00+",2021-12-19,2021-12-03,"-16 day ahead inc hosp","quantile",0.25,257,"COVID-19"
"DE-BE","00+",2021-12-19,2021-12-03,"-16 day ahead inc hosp","quantile",0.5,267,"COVID-19"
"DE-BE","00+",2021-12-19,2021-12-03,"-16 day ahead inc hosp","quantile",0.75,282,"COVID-19"
"DE-BE","00+",2021-12-19,2021-12-03,"-16 day ahead inc hosp","quantile",0.9,299,"COVID-19"
"DE-BE","00+",2021-12-19,2021-12-03,"-16 day ahead inc hosp","quantile",0.975,323,"COVID-19"
"DE-BE","00+",2021-12-19,2021-12-02,"-17 day ahead inc hosp","mean",NA,271,"COVID-19"
"DE-BE","00+",2021-12-19,2021-12-02,"-17 day ahead inc hosp","quantile",0.025,248,"COVID-19"
"DE-BE","00+",2021-12-19,2021-12-02,"-17 day ahead inc hosp","quantile",0.1,251,"COVID-19"
"DE-BE","00+",2021-12-19,2021-12-02,"-17 day ahead inc hosp","quantile",0.25,257,"COVID-19"
"DE-BE","00+",2021-12-19,2021-12-02,"-17 day ahead inc hosp","quantile",0.5,266,"COVID-19"
"DE-BE","00+",2021-12-19,2021-12-02,"-17 day ahead inc hosp","quantile",0.75,280,"COVID-19"
"DE-BE","00+",2021-12-19,2021-12-02,"-17 day ahead inc hosp","quantile",0.9,297,"COVID-19"
"DE-BE","00+",2021-12-19,2021-12-02,"-17 day ahead inc hosp","quantile",0.975,322,"COVID-19"
"DE-BE","00+",2021-12-19,2021-12-01,"-18 day ahead inc hosp","mean",NA,277,"COVID-19"
"DE-BE","00+",2021-12-19,2021-12-01,"-18 day ahead inc hosp","quantile",0.025,256,"COVID-19"
"DE-BE","00+",2021-12-19,2021-12-01,"-18 day ahead inc hosp","quantile",0.1,258,"COVID-19"
"DE-BE","00+",2021-12-19,2021-12-01,"-18 day ahead inc hosp","quantile",0.25,263,"COVID-19"
"DE-BE","00+",2021-12-19,2021-12-01,"-18 day ahead inc hosp","quantile",0.5,272,"COVID-19"
"DE-BE","00+",2021-12-19,2021-12-01,"-18 day ahead inc hosp","quantile",0.75,285,"COVID-19"
"DE-BE","00+",2021-12-19,2021-12-01,"-18 day ahead inc hosp","quantile",0.9,302,"COVID-19"
"DE-BE","00+",2021-12-19,2021-12-01,"-18 day ahead inc hosp","quantile",0.975,326,"COVID-19"
"DE-BE","00+",2021-12-19,2021-11-30,"-19 day ahead inc hosp","mean",NA,277,"COVID-19"
"DE-BE","00+",2021-12-19,2021-11-30,"-19 day ahead inc hosp","quantile",0.025,258,"COVID-19"
"DE-BE","00+",2021-12-19,2021-11-30,"-19 day ahead inc hosp","quantile",0.1,260,"COVID-19"
"DE-BE","00+",2021-12-19,2021-11-30,"-19 day ahead inc hosp","quantile",0.25,264,"COVID-19"
"DE-BE","00+",2021-12-19,2021-11-30,"-19 day ahead inc hosp","quantile",0.5,272,"COVID-19"
"DE-BE","00+",2021-12-19,2021-11-30,"-19 day ahead inc hosp","quantile",0.75,285,"COVID-19"
"DE-BE","00+",2021-12-19,2021-11-30,"-19 day ahead inc hosp","quantile",0.9,300,"COVID-19"
"DE-BE","00+",2021-12-19,2021-11-30,"-19 day ahead inc hosp","quantile",0.975,323,"COVID-19"
"DE-BE","00+",2021-12-19,2021-11-29,"-20 day ahead inc hosp","mean",NA,248,"COVID-19"
"DE-BE","00+",2021-12-19,2021-11-29,"-20 day ahead inc hosp","quantile",0.025,233,"COVID-19"
"DE-BE","00+",2021-12-19,2021-11-29,"-20 day ahead inc hosp","quantile",0.1,235,"COVID-19"
"DE-BE","00+",2021-12-19,2021-11-29,"-20 day ahead inc hosp","quantile",0.25,238,"COVID-19"
"DE-BE","00+",2021-12-19,2021-11-29,"-20 day ahead inc hosp","quantile",0.5,244,"COVID-19"
"DE-BE","00+",2021-12-19,2021-11-29,"-20 day ahead inc hosp","quantile",0.75,254,"COVID-19"
"DE-BE","00+",2021-12-19,2021-11-29,"-20 day ahead inc hosp","quantile",0.9,266,"COVID-19"
"DE-BE","00+",2021-12-19,2021-11-29,"-20 day ahead inc hosp","quantile",0.975,283,"COVID-19"
"DE-BE","00+",2021-12-19,2021-11-28,"-21 day ahead inc hosp","mean",NA,242,"COVID-19"
"DE-BE","00+",2021-12-19,2021-11-28,"-21 day ahead inc hosp","quantile",0.025,228,"COVID-19"
"DE-BE","00+",2021-12-19,2021-11-28,"-21 day ahead inc hosp","quantile",0.1,230,"COVID-19"
"DE-BE","00+",2021-12-19,2021-11-28,"-21 day ahead inc hosp","quantile",0.25,233,"COVID-19"
"DE-BE","00+",2021-12-19,2021-11-28,"-21 day ahead inc hosp","quantile",0.5,239,"COVID-19"
"DE-BE","00+",2021-12-19,2021-11-28,"-21 day ahead inc hosp","quantile",0.75,248,"COVID-19"
"DE-BE","00+",2021-12-19,2021-11-28,"-21 day ahead inc hosp","quantile",0.9,259,"COVID-19"
"DE-BE","00+",2021-12-19,2021-11-28,"-21 day ahead inc hosp","quantile",0.975,275,"COVID-19"
"DE-BE","00+",2021-12-19,2021-11-27,"-22 day ahead inc hosp","mean",NA,239,"COVID-19"
"DE-BE","00+",2021-12-19,2021-11-27,"-22 day ahead inc hosp","quantile",0.025,225,"COVID-19"
"DE-BE","00+",2021-12-19,2021-11-27,"-22 day ahead inc hosp","quantile",0.1,227,"COVID-19"
"DE-BE","00+",2021-12-19,2021-11-27,"-22 day ahead inc hosp","quantile",0.25,230,"COVID-19"
"DE-BE","00+",2021-12-19,2021-11-27,"-22 day ahead inc hosp","quantile",0.5,235,"COVID-19"
"DE-BE","00+",2021-12-19,2021-11-27,"-22 day ahead inc hosp","quantile",0.75,244,"COVID-19"
"DE-BE","00+",2021-12-19,2021-11-27,"-22 day ahead inc hosp","quantile",0.9,255,"COVID-19"
"DE-BE","00+",2021-12-19,2021-11-27,"-22 day ahead inc hosp","quantile",0.975,271,"COVID-19"
"DE-BE","00+",2021-12-19,2021-11-26,"-23 day ahead inc hosp","mean",NA,239,"COVID-19"
"DE-BE","00+",2021-12-19,2021-11-26,"-23 day ahead inc hosp","quantile",0.025,227,"COVID-19"
"DE-BE","00+",2021-12-19,2021-11-26,"-23 day ahead inc hosp","quantile",0.1,228,"COVID-19"
"DE-BE","00+",2021-12-19,2021-11-26,"-23 day ahead inc hosp","quantile",0.25,231,"COVID-19"
"DE-BE","00+",2021-12-19,2021-11-26,"-23 day ahead inc hosp","quantile",0.5,236,"COVID-19"
"DE-BE","00+",2021-12-19,2021-11-26,"-23 day ahead inc hosp","quantile",0.75,244,"COVID-19"
"DE-BE","00+",2021-12-19,2021-11-26,"-23 day ahead inc hosp","quantile",0.9,254,"COVID-19"
"DE-BE","00+",2021-12-19,2021-11-26,"-23 day ahead inc hosp","quantile",0.975,268,"COVID-19"
"DE-BE","00+",2021-12-19,2021-11-25,"-24 day ahead inc hosp","mean",NA,245,"COVID-19"
"DE-BE","00+",2021-12-19,2021-11-25,"-24 day ahead inc hosp","quantile",0.025,234,"COVID-19"
"DE-BE","00+",2021-12-19,2021-11-25,"-24 day ahead inc hosp","quantile",0.1,235,"COVID-19"
"DE-BE","00+",2021-12-19,2021-11-25,"-24 day ahead inc hosp","quantile",0.25,238,"COVID-19"
"DE-BE","00+",2021-12-19,2021-11-25,"-24 day ahead inc hosp","quantile",0.5,243,"COVID-19"
"DE-BE","00+",2021-12-19,2021-11-25,"-24 day ahead inc hosp","quantile",0.75,250,"COVID-19"
"DE-BE","00+",2021-12-19,2021-11-25,"-24 day ahead inc hosp","quantile",0.9,259,"COVID-19"
"DE-BE","00+",2021-12-19,2021-11-25,"-24 day ahead inc hosp","quantile",0.975,272,"COVID-19"
"DE-BE","00+",2021-12-19,2021-11-24,"-25 day ahead inc hosp","mean",NA,241,"COVID-19"
"DE-BE","00+",2021-12-19,2021-11-24,"-25 day ahead inc hosp","quantile",0.025,231,"COVID-19"
"DE-BE","00+",2021-12-19,2021-11-24,"-25 day ahead inc hosp","quantile",0.1,232,"COVID-19"
"DE-BE","00+",2021-12-19,2021-11-24,"-25 day ahead inc hosp","quantile",0.25,234,"COVID-19"
"DE-BE","00+",2021-12-19,2021-11-24,"-25 day ahead inc hosp","quantile",0.5,239,"COVID-19"
"DE-BE","00+",2021-12-19,2021-11-24,"-25 day ahead inc hosp","quantile",0.75,245,"COVID-19"
"DE-BE","00+",2021-12-19,2021-11-24,"-25 day ahead inc hosp","quantile",0.9,253,"COVID-19"
"DE-BE","00+",2021-12-19,2021-11-24,"-25 day ahead inc hosp","quantile",0.975,265,"COVID-19"
"DE-BE","00+",2021-12-19,2021-11-23,"-26 day ahead inc hosp","mean",NA,256,"COVID-19"
"DE-BE","00+",2021-12-19,2021-11-23,"-26 day ahead inc hosp","quantile",0.025,247,"COVID-19"
"DE-BE","00+",2021-12-19,2021-11-23,"-26 day ahead inc hosp","quantile",0.1,248,"COVID-19"
"DE-BE","00+",2021-12-19,2021-11-23,"-26 day ahead inc hosp","quantile",0.25,250,"COVID-19"
"DE-BE","00+",2021-12-19,2021-11-23,"-26 day ahead inc hosp","quantile",0.5,254,"COVID-19"
"DE-BE","00+",2021-12-19,2021-11-23,"-26 day ahead inc hosp","quantile",0.75,260,"COVID-19"
"DE-BE","00+",2021-12-19,2021-11-23,"-26 day ahead inc hosp","quantile",0.9,268,"COVID-19"
"DE-BE","00+",2021-12-19,2021-11-23,"-26 day ahead inc hosp","quantile",0.975,278,"COVID-19"
"DE-BE","00+",2021-12-19,2021-11-22,"-27 day ahead inc hosp","mean",NA,249,"COVID-19"
"DE-BE","00+",2021-12-19,2021-11-22,"-27 day ahead inc hosp","quantile",0.025,241,"COVID-19"
"DE-BE","00+",2021-12-19,2021-11-22,"-27 day ahead inc hosp","quantile",0.1,242,"COVID-19"
"DE-BE","00+",2021-12-19,2021-11-22,"-27 day ahead inc hosp","quantile",0.25,244,"COVID-19"
"DE-BE","00+",2021-12-19,2021-11-22,"-27 day ahead inc hosp","quantile",0.5,247,"COVID-19"
"DE-BE","00+",2021-12-19,2021-11-22,"-27 day ahead inc hosp","quantile",0.75,252,"COVID-19"
"DE-BE","00+",2021-12-19,2021-11-22,"-27 day ahead inc hosp","quantile",0.9,258,"COVID-19"
"DE-BE","00+",2021-12-19,2021-11-22,"-27 day ahead inc hosp","quantile",0.975,268,"COVID-19"
"DE-BE","00+",2021-12-19,2021-11-21,"-28 day ahead inc hosp","mean",NA,249,"COVID-19"
"DE-BE","00+",2021-12-19,2021-11-21,"-28 day ahead inc hosp","quantile",0.025,241,"COVID-19"
"DE-BE","00+",2021-12-19,2021-11-21,"-28 day ahead inc hosp","quantile",0.1,242,"COVID-19"
"DE-BE","00+",2021-12-19,2021-11-21,"-28 day ahead inc hosp","quantile",0.25,244,"COVID-19"
"DE-BE","00+",2021-12-19,2021-11-21,"-28 day ahead inc hosp","quantile",0.5,247,"COVID-19"
"DE-BE","00+",2021-12-19,2021-11-21,"-28 day ahead inc hosp","quantile",0.75,252,"COVID-19"
"DE-BE","00+",2021-12-19,2021-11-21,"-28 day ahead inc hosp","quantile",0.9,258,"COVID-19"
"DE-BE","00+",2021-12-19,2021-11-21,"-28 day ahead inc hosp","quantile",0.975,267,"COVID-19"
"DE-BW","00+",2021-12-19,2021-12-19,"0 day ahead inc hosp","mean",NA,1114,"COVID-19"
"DE-BW","00+",2021-12-19,2021-12-19,"0 day ahead inc hosp","quantile",0.025,818,"COVID-19"
"DE-BW","00+",2021-12-19,2021-12-19,"0 day ahead inc hosp","quantile",0.1,901,"COVID-19"
"DE-BW","00+",2021-12-19,2021-12-19,"0 day ahead inc hosp","quantile",0.25,987,"COVID-19"
"DE-BW","00+",2021-12-19,2021-12-19,"0 day ahead inc hosp","quantile",0.5,1097,"COVID-19"
"DE-BW","00+",2021-12-19,2021-12-19,"0 day ahead inc hosp","quantile",0.75,1223,"COVID-19"
"DE-BW","00+",2021-12-19,2021-12-19,"0 day ahead inc hosp","quantile",0.9,1350,"COVID-19"
"DE-BW","00+",2021-12-19,2021-12-19,"0 day ahead inc hosp","quantile",0.975,1509,"COVID-19"
"DE-BW","00+",2021-12-19,2021-12-18,"-1 day ahead inc hosp","mean",NA,1169,"COVID-19"
"DE-BW","00+",2021-12-19,2021-12-18,"-1 day ahead inc hosp","quantile",0.025,868,"COVID-19"
"DE-BW","00+",2021-12-19,2021-12-18,"-1 day ahead inc hosp","quantile",0.1,950,"COVID-19"
"DE-BW","00+",2021-12-19,2021-12-18,"-1 day ahead inc hosp","quantile",0.25,1037,"COVID-19"
"DE-BW","00+",2021-12-19,2021-12-18,"-1 day ahead inc hosp","quantile",0.5,1150,"COVID-19"
"DE-BW","00+",2021-12-19,2021-12-18,"-1 day ahead inc hosp","quantile",0.75,1280,"COVID-19"
"DE-BW","00+",2021-12-19,2021-12-18,"-1 day ahead inc hosp","quantile",0.9,1413,"COVID-19"
"DE-BW","00+",2021-12-19,2021-12-18,"-1 day ahead inc hosp","quantile",0.975,1581,"COVID-19"
"DE-BW","00+",2021-12-19,2021-12-17,"-2 day ahead inc hosp","mean",NA,1198,"COVID-19"
"DE-BW","00+",2021-12-19,2021-12-17,"-2 day ahead inc hosp","quantile",0.025,929,"COVID-19"
"DE-BW","00+",2021-12-19,2021-12-17,"-2 day ahead inc hosp","quantile",0.1,1003,"COVID-19"
"DE-BW","00+",2021-12-19,2021-12-17,"-2 day ahead inc hosp","quantile",0.25,1080,"COVID-19"
"DE-BW","00+",2021-12-19,2021-12-17,"-2 day ahead inc hosp","quantile",0.5,1181,"COVID-19"
"DE-BW","00+",2021-12-19,2021-12-17,"-2 day ahead inc hosp","quantile",0.75,1297,"COVID-19"
"DE-BW","00+",2021-12-19,2021-12-17,"-2 day ahead inc hosp","quantile",0.9,1415,"COVID-19"
"DE-BW","00+",2021-12-19,2021-12-17,"-2 day ahead inc hosp","quantile",0.975,1564,"COVID-19"
"DE-BW","00+",2021-12-19,2021-12-16,"-3 day ahead inc hosp","mean",NA,1181,"COVID-19"
"DE-BW","00+",2021-12-19,2021-12-16,"-3 day ahead inc hosp","quantile",0.025,954,"COVID-19"
"DE-BW","00+",2021-12-19,2021-12-16,"-3 day ahead inc hosp","quantile",0.1,1017,"COVID-19"
"DE-BW","00+",2021-12-19,2021-12-16,"-3 day ahead inc hosp","quantile",0.25,1082,"COVID-19"
"DE-BW","00+",2021-12-19,2021-12-16,"-3 day ahead inc hosp","quantile",0.5,1167,"COVID-19"
"DE-BW","00+",2021-12-19,2021-12-16,"-3 day ahead inc hosp","quantile",0.75,1264,"COVID-19"
"DE-BW","00+",2021-12-19,2021-12-16,"-3 day ahead inc hosp","quantile",0.9,1363,"COVID-19"
"DE-BW","00+",2021-12-19,2021-12-16,"-3 day ahead inc hosp","quantile",0.975,1488,"COVID-19"
"DE-BW","00+",2021-12-19,2021-12-15,"-4 day ahead inc hosp","mean",NA,1202,"COVID-19"
"DE-BW","00+",2021-12-19,2021-12-15,"-4 day ahead inc hosp","quantile",0.025,1006,"COVID-19"
"DE-BW","00+",2021-12-19,2021-12-15,"-4 day ahead inc hosp","quantile",0.1,1059,"COVID-19"
"DE-BW","00+",2021-12-19,2021-12-15,"-4 day ahead inc hosp","quantile",0.25,1116,"COVID-19"
"DE-BW","00+",2021-12-19,2021-12-15,"-4 day ahead inc hosp","quantile",0.5,1189,"COVID-19"
"DE-BW","00+",2021-12-19,2021-12-15,"-4 day ahead inc hosp","quantile",0.75,1274,"COVID-19"
"DE-BW","00+",2021-12-19,2021-12-15,"-4 day ahead inc hosp","quantile",0.9,1360,"COVID-19"
"DE-BW","00+",2021-12-19,2021-12-15,"-4 day ahead inc hosp","quantile",0.975,1468,"COVID-19"
"DE-BW","00+",2021-12-19,2021-12-14,"-5 day ahead inc hosp","mean",NA,1267,"COVID-19"
"DE-BW","00+",2021-12-19,2021-12-14,"-5 day ahead inc hosp","quantile",0.025,1096,"COVID-19"
"DE-BW","00+",2021-12-19,2021-12-14,"-5 day ahead inc hosp","quantile",0.1,1143,"COVID-19"
"DE-BW","00+",2021-12-19,2021-12-14,"-5 day ahead inc hosp","quantile",0.25,1192,"COVID-19"
"DE-BW","00+",2021-12-19,2021-12-14,"-5 day ahead inc hosp","quantile",0.5,1256,"COVID-19"
"DE-BW","00+",2021-12-19,2021-12-14,"-5 day ahead inc hosp","quantile",0.75,1330,"COVID-19"
"DE-BW","00+",2021-12-19,2021-12-14,"-5 day ahead inc hosp","quantile",0.9,1406,"COVID-19"
"DE-BW","00+",2021-12-19,2021-12-14,"-5 day ahead inc hosp","quantile",0.975,1500,"COVID-19"
"DE-BW","00+",2021-12-19,2021-12-13,"-6 day ahead inc hosp","mean",NA,1328,"COVID-19"
"DE-BW","00+",2021-12-19,2021-12-13,"-6 day ahead inc hosp","quantile",0.025,1172,"COVID-19"
"DE-BW","00+",2021-12-19,2021-12-13,"-6 day ahead inc hosp","quantile",0.1,1214,"COVID-19"
"DE-BW","00+",2021-12-19,2021-12-13,"-6 day ahead inc hosp","quantile",0.25,1259,"COVID-19"
"DE-BW","00+",2021-12-19,2021-12-13,"-6 day ahead inc hosp","quantile",0.5,1318,"COVID-19"
"DE-BW","00+",2021-12-19,2021-12-13,"-6 day ahead inc hosp","quantile",0.75,1386,"COVID-19"
"DE-BW","00+",2021-12-19,2021-12-13,"-6 day ahead inc hosp","quantile",0.9,1456,"COVID-19"
"DE-BW","00+",2021-12-19,2021-12-13,"-6 day ahead inc hosp","quantile",0.975,1544,"COVID-19"
"DE-BW","00+",2021-12-19,2021-12-12,"-7 day ahead inc hosp","mean",NA,1391,"COVID-19"
"DE-BW","00+",2021-12-19,2021-12-12,"-7 day ahead inc hosp","quantile",0.025,1230,"COVID-19"
"DE-BW","00+",2021-12-19,2021-12-12,"-7 day ahead inc hosp","quantile",0.1,1273,"COVID-19"
"DE-BW","00+",2021-12-19,2021-12-12,"-7 day ahead inc hosp","quantile",0.25,1319,"COVID-19"
"DE-BW","00+",2021-12-19,2021-12-12,"-7 day ahead inc hosp","quantile",0.5,1379,"COVID-19"
"DE-BW","00+",2021-12-19,2021-12-12,"-7 day ahead inc hosp","quantile",0.75,1450,"COVID-19"
"DE-BW","00+",2021-12-19,2021-12-12,"-7 day ahead inc hosp","quantile",0.9,1523,"COVID-19"
"DE-BW","00+",2021-12-19,2021-12-12,"-7 day ahead inc hosp","quantile",0.975,1616,"COVID-19"
"DE-BW","00+",2021-12-19,2021-12-11,"-8 day ahead inc hosp","mean",NA,1428,"COVID-19"
"DE-BW","00+",2021-12-19,2021-12-11,"-8 day ahead inc hosp","quantile",0.025,1276,"COVID-19"
"DE-BW","00+",2021-12-19,2021-12-11,"-8 day ahead inc hosp","quantile",0.1,1316,"COVID-19"
"DE-BW","00+",2021-12-19,2021-12-11,"-8 day ahead inc hosp","quantile",0.25,1359,"COVID-19"
"DE-BW","00+",2021-12-19,2021-12-11,"-8 day ahead inc hosp","quantile",0.5,1417,"COVID-19"
"DE-BW","00+",2021-12-19,2021-12-11,"-8 day ahead inc hosp","quantile",0.75,1484,"COVID-19"
"DE-BW","00+",2021-12-19,2021-12-11,"-8 day ahead inc hosp","quantile",0.9,1555,"COVID-19"
"DE-BW","00+",2021-12-19,2021-12-11,"-8 day ahead inc hosp","quantile",0.975,1644,"COVID-19"
"DE-BW","00+",2021-12-19,2021-12-10,"-9 day ahead inc hosp","mean",NA,1492,"COVID-19"
"DE-BW","00+",2021-12-19,2021-12-10,"-9 day ahead inc hosp","quantile",0.025,1353,"COVID-19"
"DE-BW","00+",2021-12-19,2021-12-10,"-9 day ahead inc hosp","quantile",0.1,1389,"COVID-19"
"DE-BW","00+",2021-12-19,2021-12-10,"-9 day ahead inc hosp","quantile",0.25,1428,"COVID-19"
"DE-BW","00+",2021-12-19,2021-12-10,"-9 day ahead inc hosp","quantile",0.5,1481,"COVID-19"
"DE-BW","00+",2021-12-19,2021-12-10,"-9 day ahead inc hosp","quantile",0.75,1543,"COVID-19"
"DE-BW","00+",2021-12-19,2021-12-10,"-9 day ahead inc hosp","quantile",0.9,1608,"COVID-19"
"DE-BW","00+",2021-12-19,2021-12-10,"-9 day ahead inc hosp","quantile",0.975,1690,"COVID-19"
"DE-BW","00+",2021-12-19,2021-12-09,"-10 day ahead inc hosp","mean",NA,1585,"COVID-19"
"DE-BW","00+",2021-12-19,2021-12-09,"-10 day ahead inc hosp","quantile",0.025,1458,"COVID-19"
"DE-BW","00+",2021-12-19,2021-12-09,"-10 day ahead inc hosp","quantile",0.1,1491,"COVID-19"
"DE-BW","00+",2021-12-19,2021-12-09,"-10 day ahead inc hosp","quantile",0.25,1527,"COVID-19"
"DE-BW","00+",2021-12-19,2021-12-09,"-10 day ahead inc hosp","quantile",0.5,1575,"COVID-19"
"DE-BW","00+",2021-12-19,2021-12-09,"-10 day ahead inc hosp","quantile",0.75,1632,"COVID-19"
"DE-BW","00+",2021-12-19,2021-12-09,"-10 day ahead inc hosp","quantile",0.9,1691,"COVID-19"
"DE-BW","00+",2021-12-19,2021-12-09,"-10 day ahead inc hosp","quantile",0.975,1766,"COVID-19"
"DE-BW","00+",2021-12-19,2021-12-08,"-11 day ahead inc hosp","mean",NA,1698,"COVID-19"
"DE-BW","00+",2021-12-19,2021-12-08,"-11 day ahead inc hosp","quantile",0.025,1581,"COVID-19"
"DE-BW","00+",2021-12-19,2021-12-08,"-11 day ahead inc hosp","quantile",0.1,1612,"COVID-19"
"DE-BW","00+",2021-12-19,2021-12-08,"-11 day ahead inc hosp","quantile",0.25,1645,"COVID-19"
"DE-BW","00+",2021-12-19,2021-12-08,"-11 day ahead inc hosp","quantile",0.5,1689,"COVID-19"
"DE-BW","00+",2021-12-19,2021-12-08,"-11 day ahead inc hosp","quantile",0.75,1741,"COVID-19"
"DE-BW","00+",2021-12-19,2021-12-08,"-11 day ahead inc hosp","quantile",0.9,1794,"COVID-19"
"DE-BW","00+",2021-12-19,2021-12-08,"-11 day ahead inc hosp","quantile",0.975,1863,"COVID-19"
"DE-BW","00+",2021-12-19,2021-12-07,"-12 day ahead inc hosp","mean",NA,1700,"COVID-19"
"DE-BW","00+",2021-12-19,2021-12-07,"-12 day ahead inc hosp","quantile",0.025,1600,"COVID-19"
"DE-BW","00+",2021-12-19,2021-12-07,"-12 day ahead inc hosp","quantile",0.1,1626,"COVID-19"
"DE-BW","00+",2021-12-19,2021-12-07,"-12 day ahead inc hosp","quantile",0.25,1655,"COVID-19"
"DE-BW","00+",2021-12-19,2021-12-07,"-12 day ahead inc hosp","quantile",0.5,1693,"COVID-19"
"DE-BW","00+",2021-12-19,2021-12-07,"-12 day ahead inc hosp","quantile",0.75,1737,"COVID-19"
"DE-BW","00+",2021-12-19,2021-12-07,"-12 day ahead inc hosp","quantile",0.9,1783,"COVID-19"
"DE-BW","00+",2021-12-19,2021-12-07,"-12 day ahead inc hosp","quantile",0.975,1841,"COVID-19"
"DE-BW","00+",2021-12-19,2021-12-06,"-13 day ahead inc hosp","mean",NA,1661,"COVID-19"
"DE-BW","00+",2021-12-19,2021-12-06,"-13 day ahead inc hosp","quantile",0.025,1576,"COVID-19"
"DE-BW","00+",2021-12-19,2021-12-06,"-13 day ahead inc hosp","quantile",0.1,1598,"COVID-19"
"DE-BW","00+",2021-12-19,2021-12-06,"-13 day ahead inc hosp","quantile",0.25,1623,"COVID-19"
"DE-BW","00+",2021-12-19,2021-12-06,"-13 day ahead inc hosp","quantile",0.5,1655,"COVID-19"
"DE-BW","00+",2021-12-19,2021-12-06,"-13 day ahead inc hosp","quantile",0.75,1693,"COVID-19"
"DE-BW","00+",2021-12-19,2021-12-06,"-13 day ahead inc hosp","quantile",0.9,1732,"COVID-19"
"DE-BW","00+",2021-12-19,2021-12-06,"-13 day ahead inc hosp","quantile",0.975,1782,"COVID-19"
"DE-BW","00+",2021-12-19,2021-12-05,"-14 day ahead inc hosp","mean",NA,1652,"COVID-19"
"DE-BW","00+",2021-12-19,2021-12-05,"-14 day ahead inc hosp","quantile",0.025,1572,"COVID-19"
"DE-BW","00+",2021-12-19,2021-12-05,"-14 day ahead inc hosp","quantile",0.1,1594,"COVID-19"
"DE-BW","00+",2021-12-19,2021-12-05,"-14 day ahead inc hosp","quantile",0.25,1616,"COVID-19"
"DE-BW","00+",2021-12-19,2021-12-05,"-14 day ahead inc hosp","quantile",0.5,1646,"COVID-19"
"DE-BW","00+",2021-12-19,2021-12-05,"-14 day ahead inc hosp","quantile",0.75,1682,"COVID-19"
"DE-BW","00+",2021-12-19,2021-12-05,"-14 day ahead inc hosp","quantile",0.9,1718,"COVID-19"
"DE-BW","00+",2021-12-19,2021-12-05,"-14 day ahead inc hosp","quantile",0.975,1764,"COVID-19"
"DE-BW","00+",2021-12-19,2021-12-04,"-15 day ahead inc hosp","mean",NA,1649,"COVID-19"
"DE-BW","00+",2021-12-19,2021-12-04,"-15 day ahead inc hosp","quantile",0.025,1574,"COVID-19"
"DE-BW","00+",2021-12-19,2021-12-04,"-15 day ahead inc hosp","quantile",0.1,1594,"COVID-19"
"DE-BW","00+",2021-12-19,2021-12-04,"-15 day ahead inc hosp","quantile",0.25,1615,"COVID-19"
"DE-BW","00+",2021-12-19,2021-12-04,"-15 day ahead inc hosp","quantile",0.5,1643,"COVID-19"
"DE-BW","00+",2021-12-19,2021-12-04,"-15 day ahead inc hosp","quantile",0.75,1677,"COVID-19"
"DE-BW","00+",2021-12-19,2021-12-04,"-15 day ahead inc hosp","quantile",0.9,1711,"COVID-19"
"DE-BW","00+",2021-12-19,2021-12-04,"-15 day ahead inc hosp","quantile",0.975,1755,"COVID-19"
"DE-BW","00+",2021-12-19,2021-12-03,"-16 day ahead inc hosp","mean",NA,1624,"COVID-19"
"DE-BW","00+",2021-12-19,2021-12-03,"-16 day ahead inc hosp","quantile",0.025,1558,"COVID-19"
"DE-BW","00+",2021-12-19,2021-12-03,"-16 day ahead inc hosp","quantile",0.1,1576,"COVID-19"
"DE-BW","00+",2021-12-19,2021-12-03,"-16 day ahead inc hosp","quantile",0.25,1594,"COVID-19"
"DE-BW","00+",2021-12-19,2021-12-03,"-16 day ahead inc hosp","quantile",0.5,1619,"COVID-19"
"DE-BW","00+",2021-12-19,2021-12-03,"-16 day ahead inc hosp","quantile",0.75,1648,"COVID-19"
"DE-BW","00+",2021-12-19,2021-12-03,"-16 day ahead inc hosp","quantile",0.9,1678,"COVID-19"
"DE-BW","00+",2021-12-19,2021-12-03,"-16 day ahead inc hosp","quantile",0.975,1716,"COVID-19"
"DE-BW","00+",2021-12-19,2021-12-02,"-17 day ahead inc hosp","mean",NA,1624,"COVID-19"
"DE-BW","00+",2021-12-19,2021-12-02,"-17 day ahead inc hosp","quantile",0.025,1565,"COVID-19"
"DE-BW","00+",2021-12-19,2021-12-02,"-17 day ahead inc hosp","quantile",0.1,1580,"COVID-19"
"DE-BW","00+",2021-12-19,2021-12-02,"-17 day ahead inc hosp","quantile",0.25,1597,"COVID-19"
"DE-BW","00+",2021-12-19,2021-12-02,"-17 day ahead inc hosp","quantile",0.5,1620,"COVID-19"
"DE-BW","00+",2021-12-19,2021-12-02,"-17 day ahead inc hosp","quantile",0.75,1646,"COVID-19"
"DE-BW","00+",2021-12-19,2021-12-02,"-17 day ahead inc hosp","quantile",0.9,1672,"COVID-19"
"DE-BW","00+",2021-12-19,2021-12-02,"-17 day ahead inc hosp","quantile",0.975,1707,"COVID-19"
"DE-BW","00+",2021-12-19,2021-12-01,"-18 day ahead inc hosp","mean",NA,1530,"COVID-19"
"DE-BW","00+",2021-12-19,2021-12-01,"-18 day ahead inc hosp","quantile",0.025,1479,"COVID-19"
"DE-BW","00+",2021-12-19,2021-12-01,"-18 day ahead inc hosp","quantile",0.1,1492,"COVID-19"
"DE-BW","00+",2021-12-19,2021-12-01,"-18 day ahead inc hosp","quantile",0.25,1507,"COVID-19"
"DE-BW","00+",2021-12-19,2021-12-01,"-18 day ahead inc hosp","quantile",0.5,1526,"COVID-19"
"DE-BW","00+",2021-12-19,2021-12-01,"-18 day ahead inc hosp","quantile",0.75,1549,"COVID-19"
"DE-BW","00+",2021-12-19,2021-12-01,"-18 day ahead inc hosp","quantile",0.9,1572,"COVID-19"
"DE-BW","00+",2021-12-19,2021-12-01,"-18 day ahead inc hosp","quantile",0.975,1602,"COVID-19"
"DE-BW","00+",2021-12-19,2021-11-30,"-19 day ahead inc hosp","mean",NA,1542,"COVID-19"
"DE-BW","00+",2021-12-19,2021-11-30,"-19 day ahead inc hosp","quantile",0.025,1495,"COVID-19"
"DE-BW","00+",2021-12-19,2021-11-30,"-19 day ahead inc hosp","quantile",0.1,1507,"COVID-19"
"DE-BW","00+",2021-12-19,2021-11-30,"-19 day ahead inc hosp","quantile",0.25,1521,"COVID-19"
"DE-BW","00+",2021-12-19,2021-11-30,"-19 day ahead inc hosp","quantile",0.5,1538,"COVID-19"
"DE-BW","00+",2021-12-19,2021-11-30,"-19 day ahead inc hosp","quantile",0.75,1559,"COVID-19"
"DE-BW","00+",2021-12-19,2021-11-30,"-19 day ahead inc hosp","quantile",0.9,1580,"COVID-19"
"DE-BW","00+",2021-12-19,2021-11-30,"-19 day ahead inc hosp","quantile",0.975,1608,"COVID-19"
"DE-BW","00+",2021-12-19,2021-11-29,"-20 day ahead inc hosp","mean",NA,1555,"COVID-19"
"DE-BW","00+",2021-12-19,2021-11-29,"-20 day ahead inc hosp","quantile",0.025,1510,"COVID-19"
"DE-BW","00+",2021-12-19,2021-11-29,"-20 day ahead inc hosp","quantile",0.1,1522,"COVID-19"
"DE-BW","00+",2021-12-19,2021-11-29,"-20 day ahead inc hosp","quantile",0.25,1534,"COVID-19"
"DE-BW","00+",2021-12-19,2021-11-29,"-20 day ahead inc hosp","quantile",0.5,1551,"COVID-19"
"DE-BW","00+",2021-12-19,2021-11-29,"-20 day ahead inc hosp","quantile",0.75,1571,"COVID-19"
"DE-BW","00+",2021-12-19,2021-11-29,"-20 day ahead inc hosp","quantile",0.9,1592,"COVID-19"
"DE-BW","00+",2021-12-19,2021-11-29,"-20 day ahead inc hosp","quantile",0.975,1619,"COVID-19"
"DE-BW","00+",2021-12-19,2021-11-28,"-21 day ahead inc hosp","mean",NA,1529,"COVID-19"
"DE-BW","00+",2021-12-19,2021-11-28,"-21 day ahead inc hosp","quantile",0.025,1487,"COVID-19"
"DE-BW","00+",2021-12-19,2021-11-28,"-21 day ahead inc hosp","quantile",0.1,1497,"COVID-19"
"DE-BW","00+",2021-12-19,2021-11-28,"-21 day ahead inc hosp","quantile",0.25,1509,"COVID-19"
"DE-BW","00+",2021-12-19,2021-11-28,"-21 day ahead inc hosp","quantile",0.5,1525,"COVID-19"
"DE-BW","00+",2021-12-19,2021-11-28,"-21 day ahead inc hosp","quantile",0.75,1544,"COVID-19"
"DE-BW","00+",2021-12-19,2021-11-28,"-21 day ahead inc hosp","quantile",0.9,1565,"COVID-19"
"DE-BW","00+",2021-12-19,2021-11-28,"-21 day ahead inc hosp","quantile",0.975,1590,"COVID-19"
"DE-BW","00+",2021-12-19,2021-11-27,"-22 day ahead inc hosp","mean",NA,1513,"COVID-19"
"DE-BW","00+",2021-12-19,2021-11-27,"-22 day ahead inc hosp","quantile",0.025,1473,"COVID-19"
"DE-BW","00+",2021-12-19,2021-11-27,"-22 day ahead inc hosp","quantile",0.1,1483,"COVID-19"
"DE-BW","00+",2021-12-19,2021-11-27,"-22 day ahead inc hosp","quantile",0.25,1494,"COVID-19"
"DE-BW","00+",2021-12-19,2021-11-27,"-22 day ahead inc hosp","quantile",0.5,1509,"COVID-19"
"DE-BW","00+",2021-12-19,2021-11-27,"-22 day ahead inc hosp","quantile",0.75,1528,"COVID-19"
"DE-BW","00+",2021-12-19,2021-11-27,"-22 day ahead inc hosp","quantile",0.9,1547,"COVID-19"
"DE-BW","00+",2021-12-19,2021-11-27,"-22 day ahead inc hosp","quantile",0.975,1572,"COVID-19"
"DE-BW","00+",2021-12-19,2021-11-26,"-23 day ahead inc hosp","mean",NA,1524,"COVID-19"
"DE-BW","00+",2021-12-19,2021-11-26,"-23 day ahead inc hosp","quantile",0.025,1486,"COVID-19"
"DE-BW","00+",2021-12-19,2021-11-26,"-23 day ahead inc hosp","quantile",0.1,1496,"COVID-19"
"DE-BW","00+",2021-12-19,2021-11-26,"-23 day ahead inc hosp","quantile",0.25,1506,"COVID-19"
"DE-BW","00+",2021-12-19,2021-11-26,"-23 day ahead inc hosp","quantile",0.5,1521,"COVID-19"
"DE-BW","00+",2021-12-19,2021-11-26,"-23 day ahead inc hosp","quantile",0.75,1538,"COVID-19"
"DE-BW","00+",2021-12-19,2021-11-26,"-23 day ahead inc hosp","quantile",0.9,1556,"COVID-19"
"DE-BW","00+",2021-12-19,2021-11-26,"-23 day ahead inc hosp","quantile",0.975,1580,"COVID-19"
"DE-BW","00+",2021-12-19,2021-11-25,"-24 day ahead inc hosp","mean",NA,1486,"COVID-19"
"DE-BW","00+",2021-12-19,2021-11-25,"-24 day ahead inc hosp","quantile",0.025,1453,"COVID-19"
"DE-BW","00+",2021-12-19,2021-11-25,"-24 day ahead inc hosp","quantile",0.1,1461,"COVID-19"
"DE-BW","00+",2021-12-19,2021-11-25,"-24 day ahead inc hosp","quantile",0.25,1470,"COVID-19"
"DE-BW","00+",2021-12-19,2021-11-25,"-24 day ahead inc hosp","quantile",0.5,1483,"COVID-19"
"DE-BW","00+",2021-12-19,2021-11-25,"-24 day ahead inc hosp","quantile",0.75,1499,"COVID-19"
"DE-BW","00+",2021-12-19,2021-11-25,"-24 day ahead inc hosp","quantile",0.9,1516,"COVID-19"
"DE-BW","00+",2021-12-19,2021-11-25,"-24 day ahead inc hosp","quantile",0.975,1537,"COVID-19"
"DE-BW","00+",2021-12-19,2021-11-24,"-25 day ahead inc hosp","mean",NA,1513,"COVID-19"
"DE-BW","00+",2021-12-19,2021-11-24,"-25 day ahead inc hosp","quantile",0.025,1482,"COVID-19"
"DE-BW","00+",2021-12-19,2021-11-24,"-25 day ahead inc hosp","quantile",0.1,1489,"COVID-19"
"DE-BW","00+",2021-12-19,2021-11-24,"-25 day ahead inc hosp","quantile",0.25,1498,"COVID-19"
"DE-BW","00+",2021-12-19,2021-11-24,"-25 day ahead inc hosp","quantile",0.5,1510,"COVID-19"
"DE-BW","00+",2021-12-19,2021-11-24,"-25 day ahead inc hosp","quantile",0.75,1524,"COVID-19"
"DE-BW","00+",2021-12-19,2021-11-24,"-25 day ahead inc hosp","quantile",0.9,1540,"COVID-19"
"DE-BW","00+",2021-12-19,2021-11-24,"-25 day ahead inc hosp","quantile",0.975,1559,"COVID-19"
"DE-BW","00+",2021-12-19,2021-11-23,"-26 day ahead inc hosp","mean",NA,1467,"COVID-19"
"DE-BW","00+",2021-12-19,2021-11-23,"-26 day ahead inc hosp","quantile",0.025,1440,"COVID-19"
"DE-BW","00+",2021-12-19,2021-11-23,"-26 day ahead inc hosp","quantile",0.1,1447,"COVID-19"
"DE-BW","00+",2021-12-19,2021-11-23,"-26 day ahead inc hosp","quantile",0.25,1454,"COVID-19"
"DE-BW","00+",2021-12-19,2021-11-23,"-26 day ahead inc hosp","quantile",0.5,1464,"COVID-19"
"DE-BW","00+",2021-12-19,2021-11-23,"-26 day ahead inc hosp","quantile",0.75,1477,"COVID-19"
"DE-BW","00+",2021-12-19,2021-11-23,"-26 day ahead inc hosp","quantile",0.9,1490,"COVID-19"
"DE-BW","00+",2021-12-19,2021-11-23,"-26 day ahead inc hosp","quantile",0.975,1507,"COVID-19"
"DE-BW","00+",2021-12-19,2021-11-22,"-27 day ahead inc hosp","mean",NA,1432,"COVID-19"
"DE-BW","00+",2021-12-19,2021-11-22,"-27 day ahead inc hosp","quantile",0.025,1409,"COVID-19"
"DE-BW","00+",2021-12-19,2021-11-22,"-27 day ahead inc hosp","quantile",0.1,1415,"COVID-19"
"DE-BW","00+",2021-12-19,2021-11-22,"-27 day ahead inc hosp","quantile",0.25,1421,"COVID-19"
"DE-BW","00+",2021-12-19,2021-11-22,"-27 day ahead inc hosp","quantile",0.5,1430,"COVID-19"
"DE-BW","00+",2021-12-19,2021-11-22,"-27 day ahead inc hosp","quantile",0.75,1441,"COVID-19"
"DE-BW","00+",2021-12-19,2021-11-22,"-27 day ahead inc hosp","quantile",0.9,1452,"COVID-19"
"DE-BW","00+",2021-12-19,2021-11-22,"-27 day ahead inc hosp","quantile",0.975,1467,"COVID-19"
"DE-BW","00+",2021-12-19,2021-11-21,"-28 day ahead inc hosp","mean",NA,1449,"COVID-19"
"DE-BW","00+",2021-12-19,2021-11-21,"-28 day ahead inc hosp","quantile",0.025,1426,"COVID-19"
"DE-BW","00+",2021-12-19,2021-11-21,"-28 day ahead inc hosp","quantile",0.1,1432,"COVID-19"
"DE-BW","00+",2021-12-19,2021-11-21,"-28 day ahead inc hosp","quantile",0.25,1439,"COVID-19"
"DE-BW","00+",2021-12-19,2021-11-21,"-28 day ahead inc hosp","quantile",0.5,1447,"COVID-19"
"DE-BW","00+",2021-12-19,2021-11-21,"-28 day ahead inc hosp","quantile",0.75,1458,"COVID-19"
"DE-BW","00+",2021-12-19,2021-11-21,"-28 day ahead inc hosp","quantile",0.9,1469,"COVID-19"
"DE-BW","00+",2021-12-19,2021-11-21,"-28 day ahead inc hosp","quantile",0.975,1483,"COVID-19"
"DE-BY","00+",2021-12-19,2021-12-19,"0 day ahead inc hosp","mean",NA,1331,"COVID-19"
"DE-BY","00+",2021-12-19,2021-12-19,"0 day ahead inc hosp","quantile",0.025,1028,"COVID-19"
"DE-BY","00+",2021-12-19,2021-12-19,"0 day ahead inc hosp","quantile",0.1,1116,"COVID-19"
"DE-BY","00+",2021-12-19,2021-12-19,"0 day ahead inc hosp","quantile",0.25,1205,"COVID-19"
"DE-BY","00+",2021-12-19,2021-12-19,"0 day ahead inc hosp","quantile",0.5,1316,"COVID-19"
"DE-BY","00+",2021-12-19,2021-12-19,"0 day ahead inc hosp","quantile",0.75,1441,"COVID-19"
"DE-BY","00+",2021-12-19,2021-12-19,"0 day ahead inc hosp","quantile",0.9,1565,"COVID-19"
"DE-BY","00+",2021-12-19,2021-12-19,"0 day ahead inc hosp","quantile",0.975,1716,"COVID-19"
"DE-BY","00+",2021-12-19,2021-12-18,"-1 day ahead inc hosp","mean",NA,1410,"COVID-19"
"DE-BY","00+",2021-12-19,2021-12-18,"-1 day ahead inc hosp","quantile",0.025,1125,"COVID-19"
"DE-BY","00+",2021-12-19,2021-12-18,"-1 day ahead inc hosp","quantile",0.1,1208,"COVID-19"
"DE-BY","00+",2021-12-19,2021-12-18,"-1 day ahead inc hosp","quantile",0.25,1292,"COVID-19"
"DE-BY","00+",2021-12-19,2021-12-18,"-1 day ahead inc hosp","quantile",0.5,1397,"COVID-19"
"DE-BY","00+",2021-12-19,2021-12-18,"-1 day ahead inc hosp","quantile",0.75,1514,"COVID-19"
"DE-BY","00+",2021-12-19,2021-12-18,"-1 day ahead inc hosp","quantile",0.9,1630,"COVID-19"
"DE-BY","00+",2021-12-19,2021-12-18,"-1 day ahead inc hosp","quantile",0.975,1772,"COVID-19"
"DE-BY","00+",2021-12-19,2021-12-17,"-2 day ahead inc hosp","mean",NA,1412,"COVID-19"
"DE-BY","00+",2021-12-19,2021-12-17,"-2 day ahead inc hosp","quantile",0.025,1173,"COVID-19"
"DE-BY","00+",2021-12-19,2021-12-17,"-2 day ahead inc hosp","quantile",0.1,1244,"COVID-19"
"DE-BY","00+",2021-12-19,2021-12-17,"-2 day ahead inc hosp","quantile",0.25,1314,"COVID-19"
"DE-BY","00+",2021-12-19,2021-12-17,"-2 day ahead inc hosp","quantile",0.5,1401,"COVID-19"
"DE-BY","00+",2021-12-19,2021-12-17,"-2 day ahead inc hosp","quantile",0.75,1498,"COVID-19"
"DE-BY","00+",2021-12-19,2021-12-17,"-2 day ahead inc hosp","quantile",0.9,1594,"COVID-19"
"DE-BY","00+",2021-12-19,2021-12-17,"-2 day ahead inc hosp","quantile",0.975,1710,"COVID-19"
"DE-BY","00+",2021-12-19,2021-12-16,"-3 day ahead inc hosp","mean",NA,1472,"COVID-19"
"DE-BY","00+",2021-12-19,2021-12-16,"-3 day ahead inc hosp","quantile",0.025,1277,"COVID-19"
"DE-BY","00+",2021-12-19,2021-12-16,"-3 day ahead inc hosp","quantile",0.1,1335,"COVID-19"
"DE-BY","00+",2021-12-19,2021-12-16,"-3 day ahead inc hosp","quantile",0.25,1393,"COVID-19"
"DE-BY","00+",2021-12-19,2021-12-16,"-3 day ahead inc hosp","quantile",0.5,1464,"COVID-19"
"DE-BY","00+",2021-12-19,2021-12-16,"-3 day ahead inc hosp","quantile",0.75,1542,"COVID-19"
"DE-BY","00+",2021-12-19,2021-12-16,"-3 day ahead inc hosp","quantile",0.9,1617,"COVID-19"
"DE-BY","00+",2021-12-19,2021-12-16,"-3 day ahead inc hosp","quantile",0.975,1709,"COVID-19"
"DE-BY","00+",2021-12-19,2021-12-15,"-4 day ahead inc hosp","mean",NA,1589,"COVID-19"
"DE-BY","00+",2021-12-19,2021-12-15,"-4 day ahead inc hosp","quantile",0.025,1427,"COVID-19"
"DE-BY","00+",2021-12-19,2021-12-15,"-4 day ahead inc hosp","quantile",0.1,1477,"COVID-19"
"DE-BY","00+",2021-12-19,2021-12-15,"-4 day ahead inc hosp","quantile",0.25,1525,"COVID-19"
"DE-BY","00+",2021-12-19,2021-12-15,"-4 day ahead inc hosp","quantile",0.5,1584,"COVID-19"
"DE-BY","00+",2021-12-19,2021-12-15,"-4 day ahead inc hosp","quantile",0.75,1647,"COVID-19"
"DE-BY","00+",2021-12-19,2021-12-15,"-4 day ahead inc hosp","quantile",0.9,1708,"COVID-19"
"DE-BY","00+",2021-12-19,2021-12-15,"-4 day ahead inc hosp","quantile",0.975,1781,"COVID-19"
"DE-BY","00+",2021-12-19,2021-12-14,"-5 day ahead inc hosp","mean",NA,1661,"COVID-19"
"DE-BY","00+",2021-12-19,2021-12-14,"-5 day ahead inc hosp","quantile",0.025,1539,"COVID-19"
"DE-BY","00+",2021-12-19,2021-12-14,"-5 day ahead inc hosp","quantile",0.1,1578,"COVID-19"
"DE-BY","00+",2021-12-19,2021-12-14,"-5 day ahead inc hosp","quantile",0.25,1614,"COVID-19"
"DE-BY","00+",2021-12-19,2021-12-14,"-5 day ahead inc hosp","quantile",0.5,1658,"COVID-19"
"DE-BY","00+",2021-12-19,2021-12-14,"-5 day ahead inc hosp","quantile",0.75,1705,"COVID-19"
"DE-BY","00+",2021-12-19,2021-12-14,"-5 day ahead inc hosp","quantile",0.9,1749,"COVID-19"
"DE-BY","00+",2021-12-19,2021-12-14,"-5 day ahead inc hosp","quantile",0.975,1802,"COVID-19"
"DE-BY","00+",2021-12-19,2021-12-13,"-6 day ahead inc hosp","mean",NA,1672,"COVID-19"
"DE-BY","00+",2021-12-19,2021-12-13,"-6 day ahead inc hosp","quantile",0.025,1570,"COVID-19"
"DE-BY","00+",2021-12-19,2021-12-13,"-6 day ahead inc hosp","quantile",0.1,1602,"COVID-19"
"DE-BY","00+",2021-12-19,2021-12-13,"-6 day ahead inc hosp","quantile",0.25,1633,"COVID-19"
"DE-BY","00+",2021-12-19,2021-12-13,"-6 day ahead inc hosp","quantile",0.5,1669,"COVID-19"
"DE-BY","00+",2021-12-19,2021-12-13,"-6 day ahead inc hosp","quantile",0.75,1708,"COVID-19"
"DE-BY","00+",2021-12-19,2021-12-13,"-6 day ahead inc hosp","quantile",0.9,1745,"COVID-19"
"DE-BY","00+",2021-12-19,2021-12-13,"-6 day ahead inc hosp","quantile",0.975,1788,"COVID-19"
"DE-BY","00+",2021-12-19,2021-12-12,"-7 day ahead inc hosp","mean",NA,1725,"COVID-19"
"DE-BY","00+",2021-12-19,2021-12-12,"-7 day ahead inc hosp","quantile",0.025,1620,"COVID-19"
"DE-BY","00+",2021-12-19,2021-12-12,"-7 day ahead inc hosp","quantile",0.1,1653,"COVID-19"
"DE-BY","00+",2021-12-19,2021-12-12,"-7 day ahead inc hosp","quantile",0.25,1684,"COVID-19"
"DE-BY","00+",2021-12-19,2021-12-12,"-7 day ahead inc hosp","quantile",0.5,1722,"COVID-19"
"DE-BY","00+",2021-12-19,2021-12-12,"-7 day ahead inc hosp","quantile",0.75,1762,"COVID-19"
"DE-BY","00+",2021-12-19,2021-12-12,"-7 day ahead inc hosp","quantile",0.9,1801,"COVID-19"
"DE-BY","00+",2021-12-19,2021-12-12,"-7 day ahead inc hosp","quantile",0.975,1847,"COVID-19"
"DE-BY","00+",2021-12-19,2021-12-11,"-8 day ahead inc hosp","mean",NA,1779,"COVID-19"
"DE-BY","00+",2021-12-19,2021-12-11,"-8 day ahead inc hosp","quantile",0.025,1675,"COVID-19"
"DE-BY","00+",2021-12-19,2021-12-11,"-8 day ahead inc hosp","quantile",0.1,1707,"COVID-19"
"DE-BY","00+",2021-12-19,2021-12-11,"-8 day ahead inc hosp","quantile",0.25,1738,"COVID-19"
"DE-BY","00+",2021-12-19,2021-12-11,"-8 day ahead inc hosp","quantile",0.5,1775,"COVID-19"
"DE-BY","00+",2021-12-19,2021-12-11,"-8 day ahead inc hosp","quantile",0.75,1815,"COVID-19"
"DE-BY","00+",2021-12-19,2021-12-11,"-8 day ahead inc hosp","quantile",0.9,1854,"COVID-19"
"DE-BY","00+",2021-12-19,2021-12-11,"-8 day ahead inc hosp","quantile",0.975,1900,"COVID-19"
"DE-BY","00+",2021-12-19,2021-12-10,"-9 day ahead inc hosp","mean",NA,1872,"COVID-19"
"DE-BY","00+",2021-12-19,2021-12-10,"-9 day ahead inc hosp","quantile",0.025,1773,"COVID-19"
"DE-BY","00+",2021-12-19,2021-12-10,"-9 day ahead inc hosp","quantile",0.1,1804,"COVID-19"
"DE-BY","00+",2021-12-19,2021-12-10,"-9 day ahead inc hosp","quantile",0.25,1833,"COVID-19"
"DE-BY","00+",2021-12-19,2021-12-10,"-9 day ahead inc hosp","quantile",0.5,1869,"COVID-19"
"DE-BY","00+",2021-12-19,2021-12-10,"-9 day ahead inc hosp","quantile",0.75,1907,"COVID-19"
"DE-BY","00+",2021-12-19,2021-12-10,"-9 day ahead inc hosp","quantile",0.9,1944,"COVID-19"
"DE-BY","00+",2021-12-19,2021-12-10,"-9 day ahead inc hosp","quantile",0.975,1987,"COVID-19"
"DE-BY","00+",2021-12-19,2021-12-09,"-10 day ahead inc hosp","mean",NA,1939,"COVID-19"
"DE-BY","00+",2021-12-19,2021-12-09,"-10 day ahead inc hosp","quantile",0.025,1845,"COVID-19"
"DE-BY","00+",2021-12-19,2021-12-09,"-10 day ahead inc hosp","quantile",0.1,1874,"COVID-19"
"DE-BY","00+",2021-12-19,2021-12-09,"-10 day ahead inc hosp","quantile",0.25,1902,"COVID-19"
"DE-BY","00+",2021-12-19,2021-12-09,"-10 day ahead inc hosp","quantile",0.5,1936,"COVID-19"
"DE-BY","00+",2021-12-19,2021-12-09,"-10 day ahead inc hosp","quantile",0.75,1973,"COVID-19"
"DE-BY","00+",2021-12-19,2021-12-09,"-10 day ahead inc hosp","quantile",0.9,2008,"COVID-19"
"DE-BY","00+",2021-12-19,2021-12-09,"-10 day ahead inc hosp","quantile",0.975,2051,"COVID-19"
"DE-BY","00+",2021-12-19,2021-12-08,"-11 day ahead inc hosp","mean",NA,2017,"COVID-19"
"DE-BY","00+",2021-12-19,2021-12-08,"-11 day ahead inc hosp","quantile",0.025,1930,"COVID-19"
"DE-BY","00+",2021-12-19,2021-12-08,"-11 day ahead inc hosp","quantile",0.1,1957,"COVID-19"
"DE-BY","00+",2021-12-19,2021-12-08,"-11 day ahead inc hosp","quantile",0.25,1983,"COVID-19"
"DE-BY","00+",2021-12-19,2021-12-08,"-11 day ahead inc hosp","quantile",0.5,2014,"COVID-19"
"DE-BY","00+",2021-12-19,2021-12-08,"-11 day ahead inc hosp","quantile",0.75,2048,"COVID-19"
"DE-BY","00+",2021-12-19,2021-12-08,"-11 day ahead inc hosp","quantile",0.9,2081,"COVID-19"
"DE-BY","00+",2021-12-19,2021-12-08,"-11 day ahead inc hosp","quantile",0.975,2120,"COVID-19"
"DE-BY","00+",2021-12-19,2021-12-07,"-12 day ahead inc hosp","mean",NA,2067,"COVID-19"
"DE-BY","00+",2021-12-19,2021-12-07,"-12 day ahead inc hosp","quantile",0.025,1990,"COVID-19"
"DE-BY","00+",2021-12-19,2021-12-07,"-12 day ahead inc hosp","quantile",0.1,2014,"COVID-19"
"DE-BY","00+",2021-12-19,2021-12-07,"-12 day ahead inc hosp","quantile",0.25,2037,"COVID-19"
"DE-BY","00+",2021-12-19,2021-12-07,"-12 day ahead inc hosp","quantile",0.5,2064,"COVID-19"
"DE-BY","00+",2021-12-19,2021-12-07,"-12 day ahead inc hosp","quantile",0.75,2094,"COVID-19"
"DE-BY","00+",2021-12-19,2021-12-07,"-12 day ahead inc hosp","quantile",0.9,2124,"COVID-19"
"DE-BY","00+",2021-12-19,2021-12-07,"-12 day ahead inc hosp","quantile",0.975,2159,"COVID-19"
"DE-BY","00+",2021-12-19,2021-12-06,"-13 day ahead inc hosp","mean",NA,2143,"COVID-19"
"DE-BY","00+",2021-12-19,2021-12-06,"-13 day ahead inc hosp","quantile",0.025,2066,"COVID-19"
"DE-BY","00+",2021-12-19,2021-12-06,"-13 day ahead inc hosp","quantile",0.1,2089,"COVID-19"
"DE-BY","00+",2021-12-19,2021-12-06,"-13 day ahead inc hosp","quantile",0.25,2112,"COVID-19"
"DE-BY","00+",2021-12-19,2021-12-06,"-13 day ahead inc hosp","quantile",0.5,2140,"COVID-19"
"DE-BY","00+",2021-12-19,2021-12-06,"-13 day ahead inc hosp","quantile",0.75,2171,"COVID-19"
"DE-BY","00+",2021-12-19,2021-12-06,"-13 day ahead inc hosp","quantile",0.9,2201,"COVID-19"
"DE-BY","00+",2021-12-19,2021-12-06,"-13 day ahead inc hosp","quantile",0.975,2237,"COVID-19"
"DE-BY","00+",2021-12-19,2021-12-05,"-14 day ahead inc hosp","mean",NA,2165,"COVID-19"
"DE-BY","00+",2021-12-19,2021-12-05,"-14 day ahead inc hosp","quantile",0.025,2084,"COVID-19"
"DE-BY","00+",2021-12-19,2021-12-05,"-14 day ahead inc hosp","quantile",0.1,2108,"COVID-19"
"DE-BY","00+",2021-12-19,2021-12-05,"-14 day ahead inc hosp","quantile",0.25,2132,"COVID-19"
"DE-BY","00+",2021-12-19,2021-12-05,"-14 day ahead inc hosp","quantile",0.5,2161,"COVID-19"
"DE-BY","00+",2021-12-19,2021-12-05,"-14 day ahead inc hosp","quantile",0.75,2194,"COVID-19"
"DE-BY","00+",2021-12-19,2021-12-05,"-14 day ahead inc hosp","quantile",0.9,2226,"COVID-19"
"DE-BY","00+",2021-12-19,2021-12-05,"-14 day ahead inc hosp","quantile",0.975,2265,"COVID-19"
"DE-BY","00+",2021-12-19,2021-12-04,"-15 day ahead inc hosp","mean",NA,2192,"COVID-19"
"DE-BY","00+",2021-12-19,2021-12-04,"-15 day ahead inc hosp","quantile",0.025,2108,"COVID-19"
"DE-BY","00+",2021-12-19,2021-12-04,"-15 day ahead inc hosp","quantile",0.1,2132,"COVID-19"
"DE-BY","00+",2021-12-19,2021-12-04,"-15 day ahead inc hosp","quantile",0.25,2157,"COVID-19"
"DE-BY","00+",2021-12-19,2021-12-04,"-15 day ahead inc hosp","quantile",0.5,2188,"COVID-19"
"DE-BY","00+",2021-12-19,2021-12-04,"-15 day ahead inc hosp","quantile",0.75,2222,"COVID-19"
"DE-BY","00+",2021-12-19,2021-12-04,"-15 day ahead inc hosp","quantile",0.9,2257,"COVID-19"
"DE-BY","00+",2021-12-19,2021-12-04,"-15 day ahead inc hosp","quantile",0.975,2300,"COVID-19"
"DE-BY","00+",2021-12-19,2021-12-03,"-16 day ahead inc hosp","mean",NA,2226,"COVID-19"
"DE-BY","00+",2021-12-19,2021-12-03,"-16 day ahead inc hosp","quantile",0.025,2147,"COVID-19"
"DE-BY","00+",2021-12-19,2021-12-03,"-16 day ahead inc hosp","quantile",0.1,2169,"COVID-19"
"DE-BY","00+",2021-12-19,2021-12-03,"-16 day ahead inc hosp","quantile",0.25,2193,"COVID-19"
"DE-BY","00+",2021-12-19,2021-12-03,"-16 day ahead inc hosp","quantile",0.5,2222,"COVID-19"
"DE-BY","00+",2021-12-19,2021-12-03,"-16 day ahead inc hosp","quantile",0.75,2255,"COVID-19"
"DE-BY","00+",2021-12-19,2021-12-03,"-16 day ahead inc hosp","quantile",0.9,2289,"COVID-19"
"DE-BY","00+",2021-12-19,2021-12-03,"-16 day ahead inc hosp","quantile",0.975,2330,"COVID-19"
"DE-BY","00+",2021-12-19,2021-12-02,"-17 day ahead inc hosp","mean",NA,2290,"COVID-19"
"DE-BY","00+",2021-12-19,2021-12-02,"-17 day ahead inc hosp","quantile",0.025,2217,"COVID-19"
"DE-BY","00+",2021-12-19,2021-12-02,"-17 day ahead inc hosp","quantile",0.1,2238,"COVID-19"
"DE-BY","00+",2021-12-19,2021-12-02,"-17 day ahead inc hosp","quantile",0.25,2259,"COVID-19"
"DE-BY","00+",2021-12-19,2021-12-02,"-17 day ahead inc hosp","quantile",0.5,2287,"COVID-19"
"DE-BY","00+",2021-12-19,2021-12-02,"-17 day ahead inc hosp","quantile",0.75,2317,"COVID-19"
"DE-BY","00+",2021-12-19,2021-12-02,"-17 day ahead inc hosp","quantile",0.9,2348,"COVID-19"
"DE-BY","00+",2021-12-19,2021-12-02,"-17 day ahead inc hosp","quantile",0.975,2386,"COVID-19"
"DE-BY","00+",2021-12-19,2021-12-01,"-18 day ahead inc hosp","mean",NA,2356,"COVID-19"
"DE-BY","00+",2021-12-19,2021-12-01,"-18 day ahead inc hosp","quantile",0.025,2289,"COVID-19"
"DE-BY","00+",2021-12-19,2021-12-01,"-18 day ahead inc hosp","quantile",0.1,2308,"COVID-19"
"DE-BY","00+",2021-12-19,2021-12-01,"-18 day ahead inc hosp","quantile",0.25,2327,"COVID-19"
"DE-BY","00+",2021-12-19,2021-12-01,"-18 day ahead inc hosp","quantile",0.5,2352,"COVID-19"
"DE-BY","00+",2021-12-19,2021-12-01,"-18 day ahead inc hosp","quantile",0.75,2381,"COVID-19"
"DE-BY","00+",2021-12-19,2021-12-01,"-18 day ahead inc hosp","quantile",0.9,2409,"COVID-19"
"DE-BY","00+",2021-12-19,2021-12-01,"-18 day ahead inc hosp","quantile",0.975,2444,"COVID-19"
"DE-BY","00+",2021-12-19,2021-11-30,"-19 day ahead inc hosp","mean",NA,2447,"COVID-19"
"DE-BY","00+",2021-12-19,2021-11-30,"-19 day ahead inc hosp","quantile",0.025,2384,"COVID-19"
"DE-BY","00+",2021-12-19,2021-11-30,"-19 day ahead inc hosp","quantile",0.1,2402,"COVID-19"
"DE-BY","00+",2021-12-19,2021-11-30,"-19 day ahead inc hosp","quantile",0.25,2421,"COVID-19"
"DE-BY","00+",2021-12-19,2021-11-30,"-19 day ahead inc hosp","quantile",0.5,2444,"COVID-19"
"DE-BY","00+",2021-12-19,2021-11-30,"-19 day ahead inc hosp","quantile",0.75,2470,"COVID-19"
"DE-BY","00+",2021-12-19,2021-11-30,"-19 day ahead inc hosp","quantile",0.9,2497,"COVID-19"
"DE-BY","00+",2021-12-19,2021-11-30,"-19 day ahead inc hosp","quantile",0.975,2530,"COVID-19"
"DE-BY","00+",2021-12-19,2021-11-29,"-20 day ahead inc hosp","mean",NA,2488,"COVID-19"
"DE-BY","00+",2021-12-19,2021-11-29,"-20 day ahead inc hosp","quantile",0.025,2429,"COVID-19"
"DE-BY","00+",2021-12-19,2021-11-29,"-20 day ahead inc hosp","quantile",0.1,2446,"COVID-19"
"DE-BY","00+",2021-12-19,2021-11-29,"-20 day ahead inc hosp","quantile",0.25,2463,"COVID-19"
"DE-BY","00+",2021-12-19,2021-11-29,"-20 day ahead inc hosp","quantile",0.5,2485,"COVID-19"
"DE-BY","00+",2021-12-19,2021-11-29,"-20 day ahead inc hosp","quantile",0.75,2510,"COVID-19"
"DE-BY","00+",2021-12-19,2021-11-29,"-20 day ahead inc hosp","quantile",0.9,2535,"COVID-19"
"DE-BY","00+",2021-12-19,2021-11-29,"-20 day ahead inc hosp","quantile",0.975,2566,"COVID-19"
"DE-BY","00+",2021-12-19,2021-11-28,"-21 day ahead inc hosp","mean",NA,2530,"COVID-19"
"DE-BY","00+",2021-12-19,2021-11-28,"-21 day ahead inc hosp","quantile",0.025,2473,"COVID-19"
"DE-BY","00+",2021-12-19,2021-11-28,"-21 day ahead inc hosp","quantile",0.1,2489,"COVID-19"
"DE-BY","00+",2021-12-19,2021-11-28,"-21 day ahead inc hosp","quantile",0.25,2505,"COVID-19"
"DE-BY","00+",2021-12-19,2021-11-28,"-21 day ahead inc hosp","quantile",0.5,2527,"COVID-19"
"DE-BY","00+",2021-12-19,2021-11-28,"-21 day ahead inc hosp","quantile",0.75,2551,"COVID-19"
"DE-BY","00+",2021-12-19,2021-11-28,"-21 day ahead inc hosp","quantile",0.9,2575,"COVID-19"
"DE-BY","00+",2021-12-19,2021-11-28,"-21 day ahead inc hosp","quantile",0.975,2605,"COVID-19"
"DE-BY","00+",2021-12-19,2021-11-27,"-22 day ahead inc hosp","mean",NA,2497,"COVID-19"
"DE-BY","00+",2021-12-19,2021-11-27,"-22 day ahead inc hosp","quantile",0.025,2443,"COVID-19"
"DE-BY","00+",2021-12-19,2021-11-27,"-22 day ahead inc hosp","quantile",0.1,2458,"COVID-19"
"DE-BY","00+",2021-12-19,2021-11-27,"-22 day ahead inc hosp","quantile",0.25,2474,"COVID-19"
"DE-BY","00+",2021-12-19,2021-11-27,"-22 day ahead inc hosp","quantile",0.5,2494,"COVID-19"
"DE-BY","00+",2021-12-19,2021-11-27,"-22 day ahead inc hosp","quantile",0.75,2517,"COVID-19"
"DE-BY","00+",2021-12-19,2021-11-27,"-22 day ahead inc hosp","quantile",0.9,2541,"COVID-19"
"DE-BY","00+",2021-12-19,2021-11-27,"-22 day ahead inc hosp","quantile",0.975,2570,"COVID-19"
"DE-BY","00+",2021-12-19,2021-11-26,"-23 day ahead inc hosp","mean",NA,2576,"COVID-19"
"DE-BY","00+",2021-12-19,2021-11-26,"-23 day ahead inc hosp","quantile",0.025,2522,"COVID-19"
"DE-BY","00+",2021-12-19,2021-11-26,"-23 day ahead inc hosp","quantile",0.1,2536,"COVID-19"
"DE-BY","00+",2021-12-19,2021-11-26,"-23 day ahead inc hosp","quantile",0.25,2552,"COVID-19"
"DE-BY","00+",2021-12-19,2021-11-26,"-23 day ahead inc hosp","quantile",0.5,2572,"COVID-19"
"DE-BY","00+",2021-12-19,2021-11-26,"-23 day ahead inc hosp","quantile",0.75,2596,"COVID-19"
"DE-BY","00+",2021-12-19,2021-11-26,"-23 day ahead inc hosp","quantile",0.9,2619,"COVID-19"
"DE-BY","00+",2021-12-19,2021-11-26,"-23 day ahead inc hosp","quantile",0.975,2650,"COVID-19"
"DE-BY","00+",2021-12-19,2021-11-25,"-24 day ahead inc hosp","mean",NA,2619,"COVID-19"
"DE-BY","00+",2021-12-19,2021-11-25,"-24 day ahead inc hosp","quantile",0.025,2568,"COVID-19"
"DE-BY","00+",2021-12-19,2021-11-25,"-24 day ahead inc hosp","quantile",0.1,2582,"COVID-19"
"DE-BY","00+",2021-12-19,2021-11-25,"-24 day ahead inc hosp","quantile",0.25,2596,"COVID-19"
"DE-BY","00+",2021-12-19,2021-11-25,"-24 day ahead inc hosp","quantile",0.5,2616,"COVID-19"
"DE-BY","00+",2021-12-19,2021-11-25,"-24 day ahead inc hosp","quantile",0.75,2638,"COVID-19"
"DE-BY","00+",2021-12-19,2021-11-25,"-24 day ahead inc hosp","quantile",0.9,2662,"COVID-19"
"DE-BY","00+",2021-12-19,2021-11-25,"-24 day ahead inc hosp","quantile",0.975,2691,"COVID-19"
"DE-BY","00+",2021-12-19,2021-11-24,"-25 day ahead inc hosp","mean",NA,2666,"COVID-19"
"DE-BY","00+",2021-12-19,2021-11-24,"-25 day ahead inc hosp","quantile",0.025,2618,"COVID-19"
"DE-BY","00+",2021-12-19,2021-11-24,"-25 day ahead inc hosp","quantile",0.1,2630,"COVID-19"
"DE-BY","00+",2021-12-19,2021-11-24,"-25 day ahead inc hosp","quantile",0.25,2644,"COVID-19"
"DE-BY","00+",2021-12-19,2021-11-24,"-25 day ahead inc hosp","quantile",0.5,2663,"COVID-19"
"DE-BY","00+",2021-12-19,2021-11-24,"-25 day ahead inc hosp","quantile",0.75,2685,"COVID-19"
"DE-BY","00+",2021-12-19,2021-11-24,"-25 day ahead inc hosp","quantile",0.9,2708,"COVID-19"
"DE-BY","00+",2021-12-19,2021-11-24,"-25 day ahead inc hosp","quantile",0.975,2737,"COVID-19"
"DE-BY","00+",2021-12-19,2021-11-23,"-26 day ahead inc hosp","mean",NA,2712,"COVID-19"
"DE-BY","00+",2021-12-19,2021-11-23,"-26 day ahead inc hosp","quantile",0.025,2666,"COVID-19"
"DE-BY","00+",2021-12-19,2021-11-23,"-26 day ahead inc hosp","quantile",0.1,2677,"COVID-19"
"DE-BY","00+",2021-12-19,2021-11-23,"-26 day ahead inc hosp","quantile",0.25,2690,"COVID-19"
"DE-BY","00+",2021-12-19,2021-11-23,"-26 day ahead inc hosp","quantile",0.5,2708,"COVID-19"
"DE-BY","00+",2021-12-19,2021-11-23,"-26 day ahead inc hosp","quantile",0.75,2729,"COVID-19"
"DE-BY","00+",2021-12-19,2021-11-23,"-26 day ahead inc hosp","quantile",0.9,2752,"COVID-19"
"DE-BY","00+",2021-12-19,2021-11-23,"-26 day ahead inc hosp","quantile",0.975,2781,"COVID-19"
"DE-BY","00+",2021-12-19,2021-11-22,"-27 day ahead inc hosp","mean",NA,2690,"COVID-19"
"DE-BY","00+",2021-12-19,2021-11-22,"-27 day ahead inc hosp","quantile",0.025,2646,"COVID-19"
"DE-BY","00+",2021-12-19,2021-11-22,"-27 day ahead inc hosp","quantile",0.1,2657,"COVID-19"
"DE-BY","00+",2021-12-19,2021-11-22,"-27 day ahead inc hosp","quantile",0.25,2669,"COVID-19"
"DE-BY","00+",2021-12-19,2021-11-22,"-27 day ahead inc hosp","quantile",0.5,2686,"COVID-19"
"DE-BY","00+",2021-12-19,2021-11-22,"-27 day ahead inc hosp","quantile",0.75,2707,"COVID-19"
"DE-BY","00+",2021-12-19,2021-11-22,"-27 day ahead inc hosp","quantile",0.9,2729,"COVID-19"
"DE-BY","00+",2021-12-19,2021-11-22,"-27 day ahead inc hosp","quantile",0.975,2757,"COVID-19"
"DE-BY","00+",2021-12-19,2021-11-21,"-28 day ahead inc hosp","mean",NA,2702,"COVID-19"
"DE-BY","00+",2021-12-19,2021-11-21,"-28 day ahead inc hosp","quantile",0.025,2659,"COVID-19"
"DE-BY","00+",2021-12-19,2021-11-21,"-28 day ahead inc hosp","quantile",0.1,2669,"COVID-19"
"DE-BY","00+",2021-12-19,2021-11-21,"-28 day ahead inc hosp","quantile",0.25,2681,"COVID-19"
"DE-BY","00+",2021-12-19,2021-11-21,"-28 day ahead inc hosp","quantile",0.5,2698,"COVID-19"
"DE-BY","00+",2021-12-19,2021-11-21,"-28 day ahead inc hosp","quantile",0.75,2719,"COVID-19"
"DE-BY","00+",2021-12-19,2021-11-21,"-28 day ahead inc hosp","quantile",0.9,2741,"COVID-19"
"DE-BY","00+",2021-12-19,2021-11-21,"-28 day ahead inc hosp","quantile",0.975,2770,"COVID-19"
"DE-HB","00+",2021-12-19,2021-12-19,"0 day ahead inc hosp","mean",NA,46,"COVID-19"
"DE-HB","00+",2021-12-19,2021-12-19,"0 day ahead inc hosp","quantile",0.025,36,"COVID-19"
"DE-HB","00+",2021-12-19,2021-12-19,"0 day ahead inc hosp","quantile",0.1,38,"COVID-19"
"DE-HB","00+",2021-12-19,2021-12-19,"0 day ahead inc hosp","quantile",0.25,41,"COVID-19"
"DE-HB","00+",2021-12-19,2021-12-19,"0 day ahead inc hosp","quantile",0.5,45,"COVID-19"
"DE-HB","00+",2021-12-19,2021-12-19,"0 day ahead inc hosp","quantile",0.75,50,"COVID-19"
"DE-HB","00+",2021-12-19,2021-12-19,"0 day ahead inc hosp","quantile",0.9,56,"COVID-19"
"DE-HB","00+",2021-12-19,2021-12-19,"0 day ahead inc hosp","quantile",0.975,63,"COVID-19"
"DE-HB","00+",2021-12-19,2021-12-18,"-1 day ahead inc hosp","mean",NA,46,"COVID-19"
"DE-HB","00+",2021-12-19,2021-12-18,"-1 day ahead inc hosp","quantile",0.025,37,"COVID-19"
"DE-HB","00+",2021-12-19,2021-12-18,"-1 day ahead inc hosp","quantile",0.1,39,"COVID-19"
"DE-HB","00+",2021-12-19,2021-12-18,"-1 day ahead inc hosp","quantile",0.25,41,"COVID-19"
"DE-HB","00+",2021-12-19,2021-12-18,"-1 day ahead inc hosp","quantile",0.5,45,"COVID-19"
"DE-HB","00+",2021-12-19,2021-12-18,"-1 day ahead inc hosp","quantile",0.75,49,"COVID-19"
"DE-HB","00+",2021-12-19,2021-12-18,"-1 day ahead inc hosp","quantile",0.9,54,"COVID-19"
"DE-HB","00+",2021-12-19,2021-12-18,"-1 day ahead inc hosp","quantile",0.975,61,"COVID-19"
"DE-HB","00+",2021-12-19,2021-12-17,"-2 day ahead inc hosp","mean",NA,51,"COVID-19"
"DE-HB","00+",2021-12-19,2021-12-17,"-2 day ahead inc hosp","quantile",0.025,43,"COVID-19"
"DE-HB","00+",2021-12-19,2021-12-17,"-2 day ahead inc hosp","quantile",0.1,45,"COVID-19"
"DE-HB","00+",2021-12-19,2021-12-17,"-2 day ahead inc hosp","quantile",0.25,47,"COVID-19"
"DE-HB","00+",2021-12-19,2021-12-17,"-2 day ahead inc hosp","quantile",0.5,51,"COVID-19"
"DE-HB","00+",2021-12-19,2021-12-17,"-2 day ahead inc hosp","quantile",0.75,55,"COVID-19"
"DE-HB","00+",2021-12-19,2021-12-17,"-2 day ahead inc hosp","quantile",0.9,59,"COVID-19"
"DE-HB","00+",2021-12-19,2021-12-17,"-2 day ahead inc hosp","quantile",0.975,65,"COVID-19"
"DE-HB","00+",2021-12-19,2021-12-16,"-3 day ahead inc hosp","mean",NA,50,"COVID-19"
"DE-HB","00+",2021-12-19,2021-12-16,"-3 day ahead inc hosp","quantile",0.025,43,"COVID-19"
"DE-HB","00+",2021-12-19,2021-12-16,"-3 day ahead inc hosp","quantile",0.1,44,"COVID-19"
"DE-HB","00+",2021-12-19,2021-12-16,"-3 day ahead inc hosp","quantile",0.25,47,"COVID-19"
"DE-HB","00+",2021-12-19,2021-12-16,"-3 day ahead inc hosp","quantile",0.5,50,"COVID-19"
"DE-HB","00+",2021-12-19,2021-12-16,"-3 day ahead inc hosp","quantile",0.75,53,"COVID-19"
"DE-HB","00+",2021-12-19,2021-12-16,"-3 day ahead inc hosp","quantile",0.9,57,"COVID-19"
"DE-HB","00+",2021-12-19,2021-12-16,"-3 day ahead inc hosp","quantile",0.975,63,"COVID-19"
"DE-HB","00+",2021-12-19,2021-12-15,"-4 day ahead inc hosp","mean",NA,48,"COVID-19"
"DE-HB","00+",2021-12-19,2021-12-15,"-4 day ahead inc hosp","quantile",0.025,42,"COVID-19"
"DE-HB","00+",2021-12-19,2021-12-15,"-4 day ahead inc hosp","quantile",0.1,43,"COVID-19"
"DE-HB","00+",2021-12-19,2021-12-15,"-4 day ahead inc hosp","quantile",0.25,45,"COVID-19"
"DE-HB","00+",2021-12-19,2021-12-15,"-4 day ahead inc hosp","quantile",0.5,48,"COVID-19"
"DE-HB","00+",2021-12-19,2021-12-15,"-4 day ahead inc hosp","quantile",0.75,51,"COVID-19"
"DE-HB","00+",2021-12-19,2021-12-15,"-4 day ahead inc hosp","quantile",0.9,54,"COVID-19"
"DE-HB","00+",2021-12-19,2021-12-15,"-4 day ahead inc hosp","quantile",0.975,59,"COVID-19"
"DE-HB","00+",2021-12-19,2021-12-14,"-5 day ahead inc hosp","mean",NA,45,"COVID-19"
"DE-HB","00+",2021-12-19,2021-12-14,"-5 day ahead inc hosp","quantile",0.025,40,"COVID-19"
"DE-HB","00+",2021-12-19,2021-12-14,"-5 day ahead inc hosp","quantile",0.1,41,"COVID-19"
"DE-HB","00+",2021-12-19,2021-12-14,"-5 day ahead inc hosp","quantile",0.25,42,"COVID-19"
"DE-HB","00+",2021-12-19,2021-12-14,"-5 day ahead inc hosp","quantile",0.5,44,"COVID-19"
"DE-HB","00+",2021-12-19,2021-12-14,"-5 day ahead inc hosp","quantile",0.75,47,"COVID-19"
"DE-HB","00+",2021-12-19,2021-12-14,"-5 day ahead inc hosp","quantile",0.9,50,"COVID-19"
"DE-HB","00+",2021-12-19,2021-12-14,"-5 day ahead inc hosp","quantile",0.975,53,"COVID-19"
"DE-HB","00+",2021-12-19,2021-12-13,"-6 day ahead inc hosp","mean",NA,40,"COVID-19"
"DE-HB","00+",2021-12-19,2021-12-13,"-6 day ahead inc hosp","quantile",0.025,36,"COVID-19"
"DE-HB","00+",2021-12-19,2021-12-13,"-6 day ahead inc hosp","quantile",0.1,37,"COVID-19"
"DE-HB","00+",2021-12-19,2021-12-13,"-6 day ahead inc hosp","quantile",0.25,38,"COVID-19"
"DE-HB","00+",2021-12-19,2021-12-13,"-6 day ahead inc hosp","quantile",0.5,40,"COVID-19"
"DE-HB","00+",2021-12-19,2021-12-13,"-6 day ahead inc hosp","quantile",0.75,42,"COVID-19"
"DE-HB","00+",2021-12-19,2021-12-13,"-6 day ahead inc hosp","quantile",0.9,44,"COVID-19"
"DE-HB","00+",2021-12-19,2021-12-13,"-6 day ahead inc hosp","quantile",0.975,47,"COVID-19"
"DE-HB","00+",2021-12-19,2021-12-12,"-7 day ahead inc hosp","mean",NA,42,"COVID-19"
"DE-HB","00+",2021-12-19,2021-12-12,"-7 day ahead inc hosp","quantile",0.025,38,"COVID-19"
"DE-HB","00+",2021-12-19,2021-12-12,"-7 day ahead inc hosp","quantile",0.1,39,"COVID-19"
"DE-HB","00+",2021-12-19,2021-12-12,"-7 day ahead inc hosp","quantile",0.25,40,"COVID-19"
"DE-HB","00+",2021-12-19,2021-12-12,"-7 day ahead inc hosp","quantile",0.5,41,"COVID-19"
"DE-HB","00+",2021-12-19,2021-12-12,"-7 day ahead inc hosp","quantile",0.75,43,"COVID-19"
"DE-HB","00+",2021-12-19,2021-12-12,"-7 day ahead inc hosp","quantile",0.9,46,"COVID-19"
"DE-HB","00+",2021-12-19,2021-12-12,"-7 day ahead inc hosp","quantile",0.975,49,"COVID-19"
"DE-HB","00+",2021-12-19,2021-12-11,"-8 day ahead inc hosp","mean",NA,48,"COVID-19"
"DE-HB","00+",2021-12-19,2021-12-11,"-8 day ahead inc hosp","quantile",0.025,44,"COVID-19"
"DE-HB","00+",2021-12-19,2021-12-11,"-8 day ahead inc hosp","quantile",0.1,45,"COVID-19"
"DE-HB","00+",2021-12-19,2021-12-11,"-8 day ahead inc hosp","quantile",0.25,46,"COVID-19"
"DE-HB","00+",2021-12-19,2021-12-11,"-8 day ahead inc hosp","quantile",0.5,47,"COVID-19"
"DE-HB","00+",2021-12-19,2021-12-11,"-8 day ahead inc hosp","quantile",0.75,49,"COVID-19"
"DE-HB","00+",2021-12-19,2021-12-11,"-8 day ahead inc hosp","quantile",0.9,52,"COVID-19"
"DE-HB","00+",2021-12-19,2021-12-11,"-8 day ahead inc hosp","quantile",0.975,55,"COVID-19"
"DE-HB","00+",2021-12-19,2021-12-10,"-9 day ahead inc hosp","mean",NA,44,"COVID-19"
"DE-HB","00+",2021-12-19,2021-12-10,"-9 day ahead inc hosp","quantile",0.025,41,"COVID-19"
"DE-HB","00+",2021-12-19,2021-12-10,"-9 day ahead inc hosp","quantile",0.1,41,"COVID-19"
"DE-HB","00+",2021-12-19,2021-12-10,"-9 day ahead inc hosp","quantile",0.25,42,"COVID-19"
"DE-HB","00+",2021-12-19,2021-12-10,"-9 day ahead inc hosp","quantile",0.5,43,"COVID-19"
"DE-HB","00+",2021-12-19,2021-12-10,"-9 day ahead inc hosp","quantile",0.75,45,"COVID-19"
"DE-HB","00+",2021-12-19,2021-12-10,"-9 day ahead inc hosp","quantile",0.9,47,"COVID-19"
"DE-HB","00+",2021-12-19,2021-12-10,"-9 day ahead inc hosp","quantile",0.975,49,"COVID-19"
"DE-HB","00+",2021-12-19,2021-12-09,"-10 day ahead inc hosp","mean",NA,44,"COVID-19"
"DE-HB","00+",2021-12-19,2021-12-09,"-10 day ahead inc hosp","quantile",0.025,42,"COVID-19"
"DE-HB","00+",2021-12-19,2021-12-09,"-10 day ahead inc hosp","quantile",0.1,42,"COVID-19"
"DE-HB","00+",2021-12-19,2021-12-09,"-10 day ahead inc hosp","quantile",0.25,43,"COVID-19"
"DE-HB","00+",2021-12-19,2021-12-09,"-10 day ahead inc hosp","quantile",0.5,44,"COVID-19"
"DE-HB","00+",2021-12-19,2021-12-09,"-10 day ahead inc hosp","quantile",0.75,46,"COVID-19"
"DE-HB","00+",2021-12-19,2021-12-09,"-10 day ahead inc hosp","quantile",0.9,47,"COVID-19"
"DE-HB","00+",2021-12-19,2021-12-09,"-10 day ahead inc hosp","quantile",0.975,50,"COVID-19"
"DE-HB","00+",2021-12-19,2021-12-08,"-11 day ahead inc hosp","mean",NA,42,"COVID-19"
"DE-HB","00+",2021-12-19,2021-12-08,"-11 day ahead inc hosp","quantile",0.025,40,"COVID-19"
"DE-HB","00+",2021-12-19,2021-12-08,"-11 day ahead inc hosp","quantile",0.1,40,"COVID-19"
"DE-HB","00+",2021-12-19,2021-12-08,"-11 day ahead inc hosp","quantile",0.25,40,"COVID-19"
"DE-HB","00+",2021-12-19,2021-12-08,"-11 day ahead inc hosp","quantile",0.5,41,"COVID-19"
"DE-HB","00+",2021-12-19,2021-12-08,"-11 day ahead inc hosp","quantile",0.75,43,"COVID-19"
"DE-HB","00+",2021-12-19,2021-12-08,"-11 day ahead inc hosp","quantile",0.9,44,"COVID-19"
"DE-HB","00+",2021-12-19,2021-12-08,"-11 day ahead inc hosp","quantile",0.975,47,"COVID-19"
"DE-HB","00+",2021-12-19,2021-12-07,"-12 day ahead inc hosp","mean",NA,44,"COVID-19"
"DE-HB","00+",2021-12-19,2021-12-07,"-12 day ahead inc hosp","quantile",0.025,42,"COVID-19"
"DE-HB","00+",2021-12-19,2021-12-07,"-12 day ahead inc hosp","quantile",0.1,42,"COVID-19"
"DE-HB","00+",2021-12-19,2021-12-07,"-12 day ahead inc hosp","quantile",0.25,42,"COVID-19"
"DE-HB","00+",2021-12-19,2021-12-07,"-12 day ahead inc hosp","quantile",0.5,43,"COVID-19"
"DE-HB","00+",2021-12-19,2021-12-07,"-12 day ahead inc hosp","quantile",0.75,44,"COVID-19"
"DE-HB","00+",2021-12-19,2021-12-07,"-12 day ahead inc hosp","quantile",0.9,46,"COVID-19"
"DE-HB","00+",2021-12-19,2021-12-07,"-12 day ahead inc hosp","quantile",0.975,48,"COVID-19"
"DE-HB","00+",2021-12-19,2021-12-06,"-13 day ahead inc hosp","mean",NA,42,"COVID-19"
"DE-HB","00+",2021-12-19,2021-12-06,"-13 day ahead inc hosp","quantile",0.025,41,"COVID-19"
"DE-HB","00+",2021-12-19,2021-12-06,"-13 day ahead inc hosp","quantile",0.1,41,"COVID-19"
"DE-HB","00+",2021-12-19,2021-12-06,"-13 day ahead inc hosp","quantile",0.25,41,"COVID-19"
"DE-HB","00+",2021-12-19,2021-12-06,"-13 day ahead inc hosp","quantile",0.5,42,"COVID-19"
"DE-HB","00+",2021-12-19,2021-12-06,"-13 day ahead inc hosp","quantile",0.75,43,"COVID-19"
"DE-HB","00+",2021-12-19,2021-12-06,"-13 day ahead inc hosp","quantile",0.9,44,"COVID-19"
"DE-HB","00+",2021-12-19,2021-12-06,"-13 day ahead inc hosp","quantile",0.975,46,"COVID-19"
"DE-HB","00+",2021-12-19,2021-12-05,"-14 day ahead inc hosp","mean",NA,44,"COVID-19"
"DE-HB","00+",2021-12-19,2021-12-05,"-14 day ahead inc hosp","quantile",0.025,43,"COVID-19"
"DE-HB","00+",2021-12-19,2021-12-05,"-14 day ahead inc hosp","quantile",0.1,43,"COVID-19"
"DE-HB","00+",2021-12-19,2021-12-05,"-14 day ahead inc hosp","quantile",0.25,43,"COVID-19"
"DE-HB","00+",2021-12-19,2021-12-05,"-14 day ahead inc hosp","quantile",0.5,44,"COVID-19"
"DE-HB","00+",2021-12-19,2021-12-05,"-14 day ahead inc hosp","quantile",0.75,45,"COVID-19"
"DE-HB","00+",2021-12-19,2021-12-05,"-14 day ahead inc hosp","quantile",0.9,46,"COVID-19"
"DE-HB","00+",2021-12-19,2021-12-05,"-14 day ahead inc hosp","quantile",0.975,48,"COVID-19"
"DE-HB","00+",2021-12-19,2021-12-04,"-15 day ahead inc hosp","mean",NA,40,"COVID-19"
"DE-HB","00+",2021-12-19,2021-12-04,"-15 day ahead inc hosp","quantile",0.025,39,"COVID-19"
"DE-HB","00+",2021-12-19,2021-12-04,"-15 day ahead inc hosp","quantile",0.1,39,"COVID-19"
"DE-HB","00+",2021-12-19,2021-12-04,"-15 day ahead inc hosp","quantile",0.25,39,"COVID-19"
"DE-HB","00+",2021-12-19,2021-12-04,"-15 day ahead inc hosp","quantile",0.5,40,"COVID-19"
"DE-HB","00+",2021-12-19,2021-12-04,"-15 day ahead inc hosp","quantile",0.75,40,"COVID-19"
"DE-HB","00+",2021-12-19,2021-12-04,"-15 day ahead inc hosp","quantile",0.9,41,"COVID-19"
"DE-HB","00+",2021-12-19,2021-12-04,"-15 day ahead inc hosp","quantile",0.975,42,"COVID-19"
"DE-HB","00+",2021-12-19,2021-12-03,"-16 day ahead inc hosp","mean",NA,46,"COVID-19"
"DE-HB","00+",2021-12-19,2021-12-03,"-16 day ahead inc hosp","quantile",0.025,45,"COVID-19"
"DE-HB","00+",2021-12-19,2021-12-03,"-16 day ahead inc hosp","quantile",0.1,45,"COVID-19"
"DE-HB","00+",2021-12-19,2021-12-03,"-16 day ahead inc hosp","quantile",0.25,45,"COVID-19"
"DE-HB","00+",2021-12-19,2021-12-03,"-16 day ahead inc hosp","quantile",0.5,45,"COVID-19"
"DE-HB","00+",2021-12-19,2021-12-03,"-16 day ahead inc hosp","quantile",0.75,46,"COVID-19"
"DE-HB","00+",2021-12-19,2021-12-03,"-16 day ahead inc hosp","quantile",0.9,47,"COVID-19"
"DE-HB","00+",2021-12-19,2021-12-03,"-16 day ahead inc hosp","quantile",0.975,48,"COVID-19"
"DE-HB","00+",2021-12-19,2021-12-02,"-17 day ahead inc hosp","mean",NA,55,"COVID-19"
"DE-HB","00+",2021-12-19,2021-12-02,"-17 day ahead inc hosp","quantile",0.025,54,"COVID-19"
"DE-HB","00+",2021-12-19,2021-12-02,"-17 day ahead inc hosp","quantile",0.1,54,"COVID-19"
"DE-HB","00+",2021-12-19,2021-12-02,"-17 day ahead inc hosp","quantile",0.25,54,"COVID-19"
"DE-HB","00+",2021-12-19,2021-12-02,"-17 day ahead inc hosp","quantile",0.5,54,"COVID-19"
"DE-HB","00+",2021-12-19,2021-12-02,"-17 day ahead inc hosp","quantile",0.75,55,"COVID-19"
"DE-HB","00+",2021-12-19,2021-12-02,"-17 day ahead inc hosp","quantile",0.9,56,"COVID-19"
"DE-HB","00+",2021-12-19,2021-12-02,"-17 day ahead inc hosp","quantile",0.975,56,"COVID-19"
"DE-HB","00+",2021-12-19,2021-12-01,"-18 day ahead inc hosp","mean",NA,57,"COVID-19"
"DE-HB","00+",2021-12-19,2021-12-01,"-18 day ahead inc hosp","quantile",0.025,57,"COVID-19"
"DE-HB","00+",2021-12-19,2021-12-01,"-18 day ahead inc hosp","quantile",0.1,57,"COVID-19"
"DE-HB","00+",2021-12-19,2021-12-01,"-18 day ahead inc hosp","quantile",0.25,57,"COVID-19"
"DE-HB","00+",2021-12-19,2021-12-01,"-18 day ahead inc hosp","quantile",0.5,57,"COVID-19"
"DE-HB","00+",2021-12-19,2021-12-01,"-18 day ahead inc hosp","quantile",0.75,58,"COVID-19"
"DE-HB","00+",2021-12-19,2021-12-01,"-18 day ahead inc hosp","quantile",0.9,58,"COVID-19"
"DE-HB","00+",2021-12-19,2021-12-01,"-18 day ahead inc hosp","quantile",0.975,59,"COVID-19"
"DE-HB","00+",2021-12-19,2021-11-30,"-19 day ahead inc hosp","mean",NA,61,"COVID-19"
"DE-HB","00+",2021-12-19,2021-11-30,"-19 day ahead inc hosp","quantile",0.025,61,"COVID-19"
"DE-HB","00+",2021-12-19,2021-11-30,"-19 day ahead inc hosp","quantile",0.1,61,"COVID-19"
"DE-HB","00+",2021-12-19,2021-11-30,"-19 day ahead inc hosp","quantile",0.25,61,"COVID-19"
"DE-HB","00+",2021-12-19,2021-11-30,"-19 day ahead inc hosp","quantile",0.5,61,"COVID-19"
"DE-HB","00+",2021-12-19,2021-11-30,"-19 day ahead inc hosp","quantile",0.75,61,"COVID-19"
"DE-HB","00+",2021-12-19,2021-11-30,"-19 day ahead inc hosp","quantile",0.9,62,"COVID-19"
"DE-HB","00+",2021-12-19,2021-11-30,"-19 day ahead inc hosp","quantile",0.975,63,"COVID-19"
"DE-HB","00+",2021-12-19,2021-11-29,"-20 day ahead inc hosp","mean",NA,65,"COVID-19"
"DE-HB","00+",2021-12-19,2021-11-29,"-20 day ahead inc hosp","quantile",0.025,65,"COVID-19"
"DE-HB","00+",2021-12-19,2021-11-29,"-20 day ahead inc hosp","quantile",0.1,65,"COVID-19"
"DE-HB","00+",2021-12-19,2021-11-29,"-20 day ahead inc hosp","quantile",0.25,65,"COVID-19"
"DE-HB","00+",2021-12-19,2021-11-29,"-20 day ahead inc hosp","quantile",0.5,65,"COVID-19"
"DE-HB","00+",2021-12-19,2021-11-29,"-20 day ahead inc hosp","quantile",0.75,65,"COVID-19"
"DE-HB","00+",2021-12-19,2021-11-29,"-20 day ahead inc hosp","quantile",0.9,66,"COVID-19"
"DE-HB","00+",2021-12-19,2021-11-29,"-20 day ahead inc hosp","quantile",0.975,66,"COVID-19"
"DE-HB","00+",2021-12-19,2021-11-28,"-21 day ahead inc hosp","mean",NA,63,"COVID-19"
"DE-HB","00+",2021-12-19,2021-11-28,"-21 day ahead inc hosp","quantile",0.025,63,"COVID-19"
"DE-HB","00+",2021-12-19,2021-11-28,"-21 day ahead inc hosp","quantile",0.1,63,"COVID-19"
"DE-HB","00+",2021-12-19,2021-11-28,"-21 day ahead inc hosp","quantile",0.25,63,"COVID-19"
"DE-HB","00+",2021-12-19,2021-11-28,"-21 day ahead inc hosp","quantile",0.5,63,"COVID-19"
"DE-HB","00+",2021-12-19,2021-11-28,"-21 day ahead inc hosp","quantile",0.75,63,"COVID-19"
"DE-HB","00+",2021-12-19,2021-11-28,"-21 day ahead inc hosp","quantile",0.9,64,"COVID-19"
"DE-HB","00+",2021-12-19,2021-11-28,"-21 day ahead inc hosp","quantile",0.975,64,"COVID-19"
"DE-HB","00+",2021-12-19,2021-11-27,"-22 day ahead inc hosp","mean",NA,67,"COVID-19"
"DE-HB","00+",2021-12-19,2021-11-27,"-22 day ahead inc hosp","quantile",0.025,67,"COVID-19"
"DE-HB","00+",2021-12-19,2021-11-27,"-22 day ahead inc hosp","quantile",0.1,67,"COVID-19"
"DE-HB","00+",2021-12-19,2021-11-27,"-22 day ahead inc hosp","quantile",0.25,67,"COVID-19"
"DE-HB","00+",2021-12-19,2021-11-27,"-22 day ahead inc hosp","quantile",0.5,67,"COVID-19"
"DE-HB","00+",2021-12-19,2021-11-27,"-22 day ahead inc hosp","quantile",0.75,67,"COVID-19"
"DE-HB","00+",2021-12-19,2021-11-27,"-22 day ahead inc hosp","quantile",0.9,67,"COVID-19"
"DE-HB","00+",2021-12-19,2021-11-27,"-22 day ahead inc hosp","quantile",0.975,68,"COVID-19"
"DE-HB","00+",2021-12-19,2021-11-26,"-23 day ahead inc hosp","mean",NA,64,"COVID-19"
"DE-HB","00+",2021-12-19,2021-11-26,"-23 day ahead inc hosp","quantile",0.025,64,"COVID-19"
"DE-HB","00+",2021-12-19,2021-11-26,"-23 day ahead inc hosp","quantile",0.1,64,"COVID-19"
"DE-HB","00+",2021-12-19,2021-11-26,"-23 day ahead inc hosp","quantile",0.25,64,"COVID-19"
"DE-HB","00+",2021-12-19,2021-11-26,"-23 day ahead inc hosp","quantile",0.5,64,"COVID-19"
"DE-HB","00+",2021-12-19,2021-11-26,"-23 day ahead inc hosp","quantile",0.75,64,"COVID-19"
"DE-HB","00+",2021-12-19,2021-11-26,"-23 day ahead inc hosp","quantile",0.9,64,"COVID-19"
"DE-HB","00+",2021-12-19,2021-11-26,"-23 day ahead inc hosp","quantile",0.975,64,"COVID-19"
"DE-HB","00+",2021-12-19,2021-11-25,"-24 day ahead inc hosp","mean",NA,60,"COVID-19"
"DE-HB","00+",2021-12-19,2021-11-25,"-24 day ahead inc hosp","quantile",0.025,60,"COVID-19"
"DE-HB","00+",2021-12-19,2021-11-25,"-24 day ahead inc hosp","quantile",0.1,60,"COVID-19"
"DE-HB","00+",2021-12-19,2021-11-25,"-24 day ahead inc hosp","quantile",0.25,60,"COVID-19"
"DE-HB","00+",2021-12-19,2021-11-25,"-24 day ahead inc hosp","quantile",0.5,60,"COVID-19"
"DE-HB","00+",2021-12-19,2021-11-25,"-24 day ahead inc hosp","quantile",0.75,60,"COVID-19"
"DE-HB","00+",2021-12-19,2021-11-25,"-24 day ahead inc hosp","quantile",0.9,60,"COVID-19"
"DE-HB","00+",2021-12-19,2021-11-25,"-24 day ahead inc hosp","quantile",0.975,60,"COVID-19"
"DE-HB","00+",2021-12-19,2021-11-24,"-25 day ahead inc hosp","mean",NA,55,"COVID-19"
"DE-HB","00+",2021-12-19,2021-11-24,"-25 day ahead inc hosp","quantile",0.025,55,"COVID-19"
"DE-HB","00+",2021-12-19,2021-11-24,"-25 day ahead inc hosp","quantile",0.1,55,"COVID-19"
"DE-HB","00+",2021-12-19,2021-11-24,"-25 day ahead inc hosp","quantile",0.25,55,"COVID-19"
"DE-HB","00+",2021-12-19,2021-11-24,"-25 day ahead inc hosp","quantile",0.5,55,"COVID-19"
"DE-HB","00+",2021-12-19,2021-11-24,"-25 day ahead inc hosp","quantile",0.75,55,"COVID-19"
"DE-HB","00+",2021-12-19,2021-11-24,"-25 day ahead inc hosp","quantile",0.9,55,"COVID-19"
"DE-HB","00+",2021-12-19,2021-11-24,"-25 day ahead inc hosp","quantile",0.975,55,"COVID-19"
"DE-HB","00+",2021-12-19,2021-11-23,"-26 day ahead inc hosp","mean",NA,48,"COVID-19"
"DE-HB","00+",2021-12-19,2021-11-23,"-26 day ahead inc hosp","quantile",0.025,48,"COVID-19"
"DE-HB","00+",2021-12-19,2021-11-23,"-26 day ahead inc hosp","quantile",0.1,48,"COVID-19"
"DE-HB","00+",2021-12-19,2021-11-23,"-26 day ahead inc hosp","quantile",0.25,48,"COVID-19"
"DE-HB","00+",2021-12-19,2021-11-23,"-26 day ahead inc hosp","quantile",0.5,48,"COVID-19"
"DE-HB","00+",2021-12-19,2021-11-23,"-26 day ahead inc hosp","quantile",0.75,48,"COVID-19"
"DE-HB","00+",2021-12-19,2021-11-23,"-26 day ahead inc hosp","quantile",0.9,48,"COVID-19"
"DE-HB","00+",2021-12-19,2021-11-23,"-26 day ahead inc hosp","quantile",0.975,48,"COVID-19"
"DE-HB","00+",2021-12-19,2021-11-22,"-27 day ahead inc hosp","mean",NA,45,"COVID-19"
"DE-HB","00+",2021-12-19,2021-11-22,"-27 day ahead inc hosp","quantile",0.025,45,"COVID-19"
"DE-HB","00+",2021-12-19,2021-11-22,"-27 day ahead inc hosp","quantile",0.1,45,"COVID-19"
"DE-HB","00+",2021-12-19,2021-11-22,"-27 day ahead inc hosp","quantile",0.25,45,"COVID-19"
"DE-HB","00+",2021-12-19,2021-11-22,"-27 day ahead inc hosp","quantile",0.5,45,"COVID-19"
"DE-HB","00+",2021-12-19,2021-11-22,"-27 day ahead inc hosp","quantile",0.75,45,"COVID-19"
"DE-HB","00+",2021-12-19,2021-11-22,"-27 day ahead inc hosp","quantile",0.9,45,"COVID-19"
"DE-HB","00+",2021-12-19,2021-11-22,"-27 day ahead inc hosp","quantile",0.975,45,"COVID-19"
"DE-HB","00+",2021-12-19,2021-11-21,"-28 day ahead inc hosp","mean",NA,45,"COVID-19"
"DE-HB","00+",2021-12-19,2021-11-21,"-28 day ahead inc hosp","quantile",0.025,45,"COVID-19"
"DE-HB","00+",2021-12-19,2021-11-21,"-28 day ahead inc hosp","quantile",0.1,45,"COVID-19"
"DE-HB","00+",2021-12-19,2021-11-21,"-28 day ahead inc hosp","quantile",0.25,45,"COVID-19"
"DE-HB","00+",2021-12-19,2021-11-21,"-28 day ahead inc hosp","quantile",0.5,45,"COVID-19"
"DE-HB","00+",2021-12-19,2021-11-21,"-28 day ahead inc hosp","quantile",0.75,45,"COVID-19"
"DE-HB","00+",2021-12-19,2021-11-21,"-28 day ahead inc hosp","quantile",0.9,45,"COVID-19"
"DE-HB","00+",2021-12-19,2021-11-21,"-28 day ahead inc hosp","quantile",0.975,45,"COVID-19"
"DE-HE","00+",2021-12-19,2021-12-19,"0 day ahead inc hosp","mean",NA,435,"COVID-19"
"DE-HE","00+",2021-12-19,2021-12-19,"0 day ahead inc hosp","quantile",0.025,325,"COVID-19"
"DE-HE","00+",2021-12-19,2021-12-19,"0 day ahead inc hosp","quantile",0.1,354,"COVID-19"
"DE-HE","00+",2021-12-19,2021-12-19,"0 day ahead inc hosp","quantile",0.25,385,"COVID-19"
"DE-HE","00+",2021-12-19,2021-12-19,"0 day ahead inc hosp","quantile",0.5,427,"COVID-19"
"DE-HE","00+",2021-12-19,2021-12-19,"0 day ahead inc hosp","quantile",0.75,475,"COVID-19"
"DE-HE","00+",2021-12-19,2021-12-19,"0 day ahead inc hosp","quantile",0.9,525,"COVID-19"
"DE-HE","00+",2021-12-19,2021-12-19,"0 day ahead inc hosp","quantile",0.975,589,"COVID-19"
"DE-HE","00+",2021-12-19,2021-12-18,"-1 day ahead inc hosp","mean",NA,457,"COVID-19"
"DE-HE","00+",2021-12-19,2021-12-18,"-1 day ahead inc hosp","quantile",0.025,356,"COVID-19"
"DE-HE","00+",2021-12-19,2021-12-18,"-1 day ahead inc hosp","quantile",0.1,383,"COVID-19"
"DE-HE","00+",2021-12-19,2021-12-18,"-1 day ahead inc hosp","quantile",0.25,411,"COVID-19"
"DE-HE","00+",2021-12-19,2021-12-18,"-1 day ahead inc hosp","quantile",0.5,449,"COVID-19"
"DE-HE","00+",2021-12-19,2021-12-18,"-1 day ahead inc hosp","quantile",0.75,494,"COVID-19"
"DE-HE","00+",2021-12-19,2021-12-18,"-1 day ahead inc hosp","quantile",0.9,540,"COVID-19"
"DE-HE","00+",2021-12-19,2021-12-18,"-1 day ahead inc hosp","quantile",0.975,598,"COVID-19"
"DE-HE","00+",2021-12-19,2021-12-17,"-2 day ahead inc hosp","mean",NA,463,"COVID-19"
"DE-HE","00+",2021-12-19,2021-12-17,"-2 day ahead inc hosp","quantile",0.025,380,"COVID-19"
"DE-HE","00+",2021-12-19,2021-12-17,"-2 day ahead inc hosp","quantile",0.1,403,"COVID-19"
"DE-HE","00+",2021-12-19,2021-12-17,"-2 day ahead inc hosp","quantile",0.25,427,"COVID-19"
"DE-HE","00+",2021-12-19,2021-12-17,"-2 day ahead inc hosp","quantile",0.5,458,"COVID-19"
"DE-HE","00+",2021-12-19,2021-12-17,"-2 day ahead inc hosp","quantile",0.75,494,"COVID-19"
"DE-HE","00+",2021-12-19,2021-12-17,"-2 day ahead inc hosp","quantile",0.9,531,"COVID-19"
"DE-HE","00+",2021-12-19,2021-12-17,"-2 day ahead inc hosp","quantile",0.975,577,"COVID-19"
"DE-HE","00+",2021-12-19,2021-12-16,"-3 day ahead inc hosp","mean",NA,478,"COVID-19"
"DE-HE","00+",2021-12-19,2021-12-16,"-3 day ahead inc hosp","quantile",0.025,409,"COVID-19"
"DE-HE","00+",2021-12-19,2021-12-16,"-3 day ahead inc hosp","quantile",0.1,428,"COVID-19"
"DE-HE","00+",2021-12-19,2021-12-16,"-3 day ahead inc hosp","quantile",0.25,448,"COVID-19"
"DE-HE","00+",2021-12-19,2021-12-16,"-3 day ahead inc hosp","quantile",0.5,474,"COVID-19"
"DE-HE","00+",2021-12-19,2021-12-16,"-3 day ahead inc hosp","quantile",0.75,504,"COVID-19"
"DE-HE","00+",2021-12-19,2021-12-16,"-3 day ahead inc hosp","quantile",0.9,535,"COVID-19"
"DE-HE","00+",2021-12-19,2021-12-16,"-3 day ahead inc hosp","quantile",0.975,574,"COVID-19"
"DE-HE","00+",2021-12-19,2021-12-15,"-4 day ahead inc hosp","mean",NA,489,"COVID-19"
"DE-HE","00+",2021-12-19,2021-12-15,"-4 day ahead inc hosp","quantile",0.025,429,"COVID-19"
"DE-HE","00+",2021-12-19,2021-12-15,"-4 day ahead inc hosp","quantile",0.1,446,"COVID-19"
"DE-HE","00+",2021-12-19,2021-12-15,"-4 day ahead inc hosp","quantile",0.25,463,"COVID-19"
"DE-HE","00+",2021-12-19,2021-12-15,"-4 day ahead inc hosp","quantile",0.5,485,"COVID-19"
"DE-HE","00+",2021-12-19,2021-12-15,"-4 day ahead inc hosp","quantile",0.75,511,"COVID-19"
"DE-HE","00+",2021-12-19,2021-12-15,"-4 day ahead inc hosp","quantile",0.9,538,"COVID-19"
"DE-HE","00+",2021-12-19,2021-12-15,"-4 day ahead inc hosp","quantile",0.975,572,"COVID-19"
"DE-HE","00+",2021-12-19,2021-12-14,"-5 day ahead inc hosp","mean",NA,515,"COVID-19"
"DE-HE","00+",2021-12-19,2021-12-14,"-5 day ahead inc hosp","quantile",0.025,462,"COVID-19"
"DE-HE","00+",2021-12-19,2021-12-14,"-5 day ahead inc hosp","quantile",0.1,476,"COVID-19"
"DE-HE","00+",2021-12-19,2021-12-14,"-5 day ahead inc hosp","quantile",0.25,491,"COVID-19"
"DE-HE","00+",2021-12-19,2021-12-14,"-5 day ahead inc hosp","quantile",0.5,511,"COVID-19"
"DE-HE","00+",2021-12-19,2021-12-14,"-5 day ahead inc hosp","quantile",0.75,534,"COVID-19"
"DE-HE","00+",2021-12-19,2021-12-14,"-5 day ahead inc hosp","quantile",0.9,558,"COVID-19"
"DE-HE","00+",2021-12-19,2021-12-14,"-5 day ahead inc hosp","quantile",0.975,589,"COVID-19"
"DE-HE","00+",2021-12-19,2021-12-13,"-6 day ahead inc hosp","mean",NA,520,"COVID-19"
"DE-HE","00+",2021-12-19,2021-12-13,"-6 day ahead inc hosp","quantile",0.025,475,"COVID-19"
"DE-HE","00+",2021-12-19,2021-12-13,"-6 day ahead inc hosp","quantile",0.1,487,"COVID-19"
"DE-HE","00+",2021-12-19,2021-12-13,"-6 day ahead inc hosp","quantile",0.25,500,"COVID-19"
"DE-HE","00+",2021-12-19,2021-12-13,"-6 day ahead inc hosp","quantile",0.5,517,"COVID-19"
"DE-HE","00+",2021-12-19,2021-12-13,"-6 day ahead inc hosp","quantile",0.75,537,"COVID-19"
"DE-HE","00+",2021-12-19,2021-12-13,"-6 day ahead inc hosp","quantile",0.9,558,"COVID-19"
"DE-HE","00+",2021-12-19,2021-12-13,"-6 day ahead inc hosp","quantile",0.975,585,"COVID-19"
"DE-HE","00+",2021-12-19,2021-12-12,"-7 day ahead inc hosp","mean",NA,529,"COVID-19"
"DE-HE","00+",2021-12-19,2021-12-12,"-7 day ahead inc hosp","quantile",0.025,485,"COVID-19"
"DE-HE","00+",2021-12-19,2021-12-12,"-7 day ahead inc hosp","quantile",0.1,497,"COVID-19"
"DE-HE","00+",2021-12-19,2021-12-12,"-7 day ahead inc hosp","quantile",0.25,509,"COVID-19"
"DE-HE","00+",2021-12-19,2021-12-12,"-7 day ahead inc hosp","quantile",0.5,526,"COVID-19"
"DE-HE","00+",2021-12-19,2021-12-12,"-7 day ahead inc hosp","quantile",0.75,546,"COVID-19"
"DE-HE","00+",2021-12-19,2021-12-12,"-7 day ahead inc hosp","quantile",0.9,567,"COVID-19"
"DE-HE","00+",2021-12-19,2021-12-12,"-7 day ahead inc hosp","quantile",0.975,594,"COVID-19"
"DE-HE","00+",2021-12-19,2021-12-11,"-8 day ahead inc hosp","mean",NA,543,"COVID-19"
"DE-HE","00+",2021-12-19,2021-12-11,"-8 day ahead inc hosp","quantile",0.025,501,"COVID-19"
"DE-HE","00+",2021-12-19,2021-12-11,"-8 day ahead inc hosp","quantile",0.1,511,"COVID-19"
"DE-HE","00+",2021-12-19,2021-12-11,"-8 day ahead inc hosp","quantile",0.25,523,"COVID-19"
"DE-HE","00+",2021-12-19,2021-12-11,"-8 day ahead inc hosp","quantile",0.5,539,"COVID-19"
"DE-HE","00+",2021-12-19,2021-12-11,"-8 day ahead inc hosp","quantile",0.75,558,"COVID-19"
"DE-HE","00+",2021-12-19,2021-12-11,"-8 day ahead inc hosp","quantile",0.9,579,"COVID-19"
"DE-HE","00+",2021-12-19,2021-12-11,"-8 day ahead inc hosp","quantile",0.975,606,"COVID-19"
"DE-HE","00+",2021-12-19,2021-12-10,"-9 day ahead inc hosp","mean",NA,564,"COVID-19"
"DE-HE","00+",2021-12-19,2021-12-10,"-9 day ahead inc hosp","quantile",0.025,525,"COVID-19"
"DE-HE","00+",2021-12-19,2021-12-10,"-9 day ahead inc hosp","quantile",0.1,534,"COVID-19"
"DE-HE","00+",2021-12-19,2021-12-10,"-9 day ahead inc hosp","quantile",0.25,545,"COVID-19"
"DE-HE","00+",2021-12-19,2021-12-10,"-9 day ahead inc hosp","quantile",0.5,560,"COVID-19"
"DE-HE","00+",2021-12-19,2021-12-10,"-9 day ahead inc hosp","quantile",0.75,579,"COVID-19"
"DE-HE","00+",2021-12-19,2021-12-10,"-9 day ahead inc hosp","quantile",0.9,598,"COVID-19"
"DE-HE","00+",2021-12-19,2021-12-10,"-9 day ahead inc hosp","quantile",0.975,624,"COVID-19"
"DE-HE","00+",2021-12-19,2021-12-09,"-10 day ahead inc hosp","mean",NA,535,"COVID-19"
"DE-HE","00+",2021-12-19,2021-12-09,"-10 day ahead inc hosp","quantile",0.025,502,"COVID-19"
"DE-HE","00+",2021-12-19,2021-12-09,"-10 day ahead inc hosp","quantile",0.1,510,"COVID-19"
"DE-HE","00+",2021-12-19,2021-12-09,"-10 day ahead inc hosp","quantile",0.25,519,"COVID-19"
"DE-HE","00+",2021-12-19,2021-12-09,"-10 day ahead inc hosp","quantile",0.5,532,"COVID-19"
"DE-HE","00+",2021-12-19,2021-12-09,"-10 day ahead inc hosp","quantile",0.75,548,"COVID-19"
"DE-HE","00+",2021-12-19,2021-12-09,"-10 day ahead inc hosp","quantile",0.9,566,"COVID-19"
"DE-HE","00+",2021-12-19,2021-12-09,"-10 day ahead inc hosp","quantile",0.975,588,"COVID-19"
"DE-HE","00+",2021-12-19,2021-12-08,"-11 day ahead inc hosp","mean",NA,537,"COVID-19"
"DE-HE","00+",2021-12-19,2021-12-08,"-11 day ahead inc hosp","quantile",0.025,507,"COVID-19"
"DE-HE","00+",2021-12-19,2021-12-08,"-11 day ahead inc hosp","quantile",0.1,514,"COVID-19"
"DE-HE","00+",2021-12-19,2021-12-08,"-11 day ahead inc hosp","quantile",0.25,523,"COVID-19"
"DE-HE","00+",2021-12-19,2021-12-08,"-11 day ahead inc hosp","quantile",0.5,534,"COVID-19"
"DE-HE","00+",2021-12-19,2021-12-08,"-11 day ahead inc hosp","quantile",0.75,549,"COVID-19"
"DE-HE","00+",2021-12-19,2021-12-08,"-11 day ahead inc hosp","quantile",0.9,564,"COVID-19"
"DE-HE","00+",2021-12-19,2021-12-08,"-11 day ahead inc hosp","quantile",0.975,584,"COVID-19"
"DE-HE","00+",2021-12-19,2021-12-07,"-12 day ahead inc hosp","mean",NA,525,"COVID-19"
"DE-HE","00+",2021-12-19,2021-12-07,"-12 day ahead inc hosp","quantile",0.025,499,"COVID-19"
"DE-HE","00+",2021-12-19,2021-12-07,"-12 day ahead inc hosp","quantile",0.1,505,"COVID-19"
"DE-HE","00+",2021-12-19,2021-12-07,"-12 day ahead inc hosp","quantile",0.25,512,"COVID-19"
"DE-HE","00+",2021-12-19,2021-12-07,"-12 day ahead inc hosp","quantile",0.5,522,"COVID-19"
"DE-HE","00+",2021-12-19,2021-12-07,"-12 day ahead inc hosp","quantile",0.75,534,"COVID-19"
"DE-HE","00+",2021-12-19,2021-12-07,"-12 day ahead inc hosp","quantile",0.9,548,"COVID-19"
"DE-HE","00+",2021-12-19,2021-12-07,"-12 day ahead inc hosp","quantile",0.975,566,"COVID-19"
"DE-HE","00+",2021-12-19,2021-12-06,"-13 day ahead inc hosp","mean",NA,508,"COVID-19"
"DE-HE","00+",2021-12-19,2021-12-06,"-13 day ahead inc hosp","quantile",0.025,486,"COVID-19"
"DE-HE","00+",2021-12-19,2021-12-06,"-13 day ahead inc hosp","quantile",0.1,491,"COVID-19"
"DE-HE","00+",2021-12-19,2021-12-06,"-13 day ahead inc hosp","quantile",0.25,497,"COVID-19"
"DE-HE","00+",2021-12-19,2021-12-06,"-13 day ahead inc hosp","quantile",0.5,506,"COVID-19"
"DE-HE","00+",2021-12-19,2021-12-06,"-13 day ahead inc hosp","quantile",0.75,517,"COVID-19"
"DE-HE","00+",2021-12-19,2021-12-06,"-13 day ahead inc hosp","quantile",0.9,529,"COVID-19"
"DE-HE","00+",2021-12-19,2021-12-06,"-13 day ahead inc hosp","quantile",0.975,545,"COVID-19"
"DE-HE","00+",2021-12-19,2021-12-05,"-14 day ahead inc hosp","mean",NA,512,"COVID-19"
"DE-HE","00+",2021-12-19,2021-12-05,"-14 day ahead inc hosp","quantile",0.025,490,"COVID-19"
"DE-HE","00+",2021-12-19,2021-12-05,"-14 day ahead inc hosp","quantile",0.1,495,"COVID-19"
"DE-HE","00+",2021-12-19,2021-12-05,"-14 day ahead inc hosp","quantile",0.25,501,"COVID-19"
"DE-HE","00+",2021-12-19,2021-12-05,"-14 day ahead inc hosp","quantile",0.5,509,"COVID-19"
"DE-HE","00+",2021-12-19,2021-12-05,"-14 day ahead inc hosp","quantile",0.75,520,"COVID-19"
"DE-HE","00+",2021-12-19,2021-12-05,"-14 day ahead inc hosp","quantile",0.9,532,"COVID-19"
"DE-HE","00+",2021-12-19,2021-12-05,"-14 day ahead inc hosp","quantile",0.975,547,"COVID-19"
"DE-HE","00+",2021-12-19,2021-12-04,"-15 day ahead inc hosp","mean",NA,487,"COVID-19"
"DE-HE","00+",2021-12-19,2021-12-04,"-15 day ahead inc hosp","quantile",0.025,468,"COVID-19"
"DE-HE","00+",2021-12-19,2021-12-04,"-15 day ahead inc hosp","quantile",0.1,472,"COVID-19"
"DE-HE","00+",2021-12-19,2021-12-04,"-15 day ahead inc hosp","quantile",0.25,477,"COVID-19"
"DE-HE","00+",2021-12-19,2021-12-04,"-15 day ahead inc hosp","quantile",0.5,485,"COVID-19"
"DE-HE","00+",2021-12-19,2021-12-04,"-15 day ahead inc hosp","quantile",0.75,495,"COVID-19"
"DE-HE","00+",2021-12-19,2021-12-04,"-15 day ahead inc hosp","quantile",0.9,505,"COVID-19"
"DE-HE","00+",2021-12-19,2021-12-04,"-15 day ahead inc hosp","quantile",0.975,519,"COVID-19"
"DE-HE","00+",2021-12-19,2021-12-03,"-16 day ahead inc hosp","mean",NA,476,"COVID-19"
"DE-HE","00+",2021-12-19,2021-12-03,"-16 day ahead inc hosp","quantile",0.025,459,"COVID-19"
"DE-HE","00+",2021-12-19,2021-12-03,"-16 day ahead inc hosp","quantile",0.1,463,"COVID-19"
"DE-HE","00+",2021-12-19,2021-12-03,"-16 day ahead inc hosp","quantile",0.25,467,"COVID-19"
"DE-HE","00+",2021-12-19,2021-12-03,"-16 day ahead inc hosp","quantile",0.5,474,"COVID-19"
"DE-HE","00+",2021-12-19,2021-12-03,"-16 day ahead inc hosp","quantile",0.75,483,"COVID-19"
"DE-HE","00+",2021-12-19,2021-12-03,"-16 day ahead inc hosp","quantile",0.9,492,"COVID-19"
"DE-HE","00+",2021-12-19,2021-12-03,"-16 day ahead inc hosp","quantile",0.975,505,"COVID-19"
"DE-HE","00+",2021-12-19,2021-12-02,"-17 day ahead inc hosp","mean",NA,494,"COVID-19"
"DE-HE","00+",2021-12-19,2021-12-02,"-17 day ahead inc hosp","quantile",0.025,477,"COVID-19"
"DE-HE","00+",2021-12-19,2021-12-02,"-17 day ahead inc hosp","quantile",0.1,481,"COVID-19"
"DE-HE","00+",2021-12-19,2021-12-02,"-17 day ahead inc hosp","quantile",0.25,485,"COVID-19"
"DE-HE","00+",2021-12-19,2021-12-02,"-17 day ahead inc hosp","quantile",0.5,492,"COVID-19"
"DE-HE","00+",2021-12-19,2021-12-02,"-17 day ahead inc hosp","quantile",0.75,500,"COVID-19"
"DE-HE","00+",2021-12-19,2021-12-02,"-17 day ahead inc hosp","quantile",0.9,510,"COVID-19"
"DE-HE","00+",2021-12-19,2021-12-02,"-17 day ahead inc hosp","quantile",0.975,522,"COVID-19"
"DE-HE","00+",2021-12-19,2021-12-01,"-18 day ahead inc hosp","mean",NA,502,"COVID-19"
"DE-HE","00+",2021-12-19,2021-12-01,"-18 day ahead inc hosp","quantile",0.025,487,"COVID-19"
"DE-HE","00+",2021-12-19,2021-12-01,"-18 day ahead inc hosp","quantile",0.1,490,"COVID-19"
"DE-HE","00+",2021-12-19,2021-12-01,"-18 day ahead inc hosp","quantile",0.25,494,"COVID-19"
"DE-HE","00+",2021-12-19,2021-12-01,"-18 day ahead inc hosp","quantile",0.5,500,"COVID-19"
"DE-HE","00+",2021-12-19,2021-12-01,"-18 day ahead inc hosp","quantile",0.75,508,"COVID-19"
"DE-HE","00+",2021-12-19,2021-12-01,"-18 day ahead inc hosp","quantile",0.9,517,"COVID-19"
"DE-HE","00+",2021-12-19,2021-12-01,"-18 day ahead inc hosp","quantile",0.975,529,"COVID-19"
"DE-HE","00+",2021-12-19,2021-11-30,"-19 day ahead inc hosp","mean",NA,505,"COVID-19"
"DE-HE","00+",2021-12-19,2021-11-30,"-19 day ahead inc hosp","quantile",0.025,491,"COVID-19"
"DE-HE","00+",2021-12-19,2021-11-30,"-19 day ahead inc hosp","quantile",0.1,493,"COVID-19"
"DE-HE","00+",2021-12-19,2021-11-30,"-19 day ahead inc hosp","quantile",0.25,497,"COVID-19"
"DE-HE","00+",2021-12-19,2021-11-30,"-19 day ahead inc hosp","quantile",0.5,503,"COVID-19"
"DE-HE","00+",2021-12-19,2021-11-30,"-19 day ahead inc hosp","quantile",0.75,510,"COVID-19"
"DE-HE","00+",2021-12-19,2021-11-30,"-19 day ahead inc hosp","quantile",0.9,519,"COVID-19"
"DE-HE","00+",2021-12-19,2021-11-30,"-19 day ahead inc hosp","quantile",0.975,531,"COVID-19"
"DE-HE","00+",2021-12-19,2021-11-29,"-20 day ahead inc hosp","mean",NA,515,"COVID-19"
"DE-HE","00+",2021-12-19,2021-11-29,"-20 day ahead inc hosp","quantile",0.025,501,"COVID-19"
"DE-HE","00+",2021-12-19,2021-11-29,"-20 day ahead inc hosp","quantile",0.1,504,"COVID-19"
"DE-HE","00+",2021-12-19,2021-11-29,"-20 day ahead inc hosp","quantile",0.25,507,"COVID-19"
"DE-HE","00+",2021-12-19,2021-11-29,"-20 day ahead inc hosp","quantile",0.5,512,"COVID-19"
"DE-HE","00+",2021-12-19,2021-11-29,"-20 day ahead inc hosp","quantile",0.75,520,"COVID-19"
"DE-HE","00+",2021-12-19,2021-11-29,"-20 day ahead inc hosp","quantile",0.9,528,"COVID-19"
"DE-HE","00+",2021-12-19,2021-11-29,"-20 day ahead inc hosp","quantile",0.975,540,"COVID-19"
"DE-HE","00+",2021-12-19,2021-11-28,"-21 day ahead inc hosp","mean",NA,503,"COVID-19"
"DE-HE","00+",2021-12-19,2021-11-28,"-21 day ahead inc hosp","quantile",0.025,491,"COVID-19"
"DE-HE","00+",2021-12-19,2021-11-28,"-21 day ahead inc hosp","quantile",0.1,493,"COVID-19"
"DE-HE","00+",2021-12-19,2021-11-28,"-21 day ahead inc hosp","quantile",0.25,496,"COVID-19"
"DE-HE","00+",2021-12-19,2021-11-28,"-21 day ahead inc hosp","quantile",0.5,501,"COVID-19"
"DE-HE","00+",2021-12-19,2021-11-28,"-21 day ahead inc hosp","quantile",0.75,508,"COVID-19"
"DE-HE","00+",2021-12-19,2021-11-28,"-21 day ahead inc hosp","quantile",0.9,517,"COVID-19"
"DE-HE","00+",2021-12-19,2021-11-28,"-21 day ahead inc hosp","quantile",0.975,529,"COVID-19"
"DE-HE","00+",2021-12-19,2021-11-27,"-22 day ahead inc hosp","mean",NA,525,"COVID-19"
"DE-HE","00+",2021-12-19,2021-11-27,"-22 day ahead inc hosp","quantile",0.025,512,"COVID-19"
"DE-HE","00+",2021-12-19,2021-11-27,"-22 day ahead inc hosp","quantile",0.1,514,"COVID-19"
"DE-HE","00+",2021-12-19,2021-11-27,"-22 day ahead inc hosp","quantile",0.25,517,"COVID-19"
"DE-HE","00+",2021-12-19,2021-11-27,"-22 day ahead inc hosp","quantile",0.5,522,"COVID-19"
"DE-HE","00+",2021-12-19,2021-11-27,"-22 day ahead inc hosp","quantile",0.75,530,"COVID-19"
"DE-HE","00+",2021-12-19,2021-11-27,"-22 day ahead inc hosp","quantile",0.9,538,"COVID-19"
"DE-HE","00+",2021-12-19,2021-11-27,"-22 day ahead inc hosp","quantile",0.975,551,"COVID-19"
"DE-HE","00+",2021-12-19,2021-11-26,"-23 day ahead inc hosp","mean",NA,527,"COVID-19"
"DE-HE","00+",2021-12-19,2021-11-26,"-23 day ahead inc hosp","quantile",0.025,516,"COVID-19"
"DE-HE","00+",2021-12-19,2021-11-26,"-23 day ahead inc hosp","quantile",0.1,518,"COVID-19"
"DE-HE","00+",2021-12-19,2021-11-26,"-23 day ahead inc hosp","quantile",0.25,520,"COVID-19"
"DE-HE","00+",2021-12-19,2021-11-26,"-23 day ahead inc hosp","quantile",0.5,525,"COVID-19"
"DE-HE","00+",2021-12-19,2021-11-26,"-23 day ahead inc hosp","quantile",0.75,532,"COVID-19"
"DE-HE","00+",2021-12-19,2021-11-26,"-23 day ahead inc hosp","quantile",0.9,541,"COVID-19"
"DE-HE","00+",2021-12-19,2021-11-26,"-23 day ahead inc hosp","quantile",0.975,553,"COVID-19"
"DE-HE","00+",2021-12-19,2021-11-25,"-24 day ahead inc hosp","mean",NA,541,"COVID-19"
"DE-HE","00+",2021-12-19,2021-11-25,"-24 day ahead inc hosp","quantile",0.025,531,"COVID-19"
"DE-HE","00+",2021-12-19,2021-11-25,"-24 day ahead inc hosp","quantile",0.1,532,"COVID-19"
"DE-HE","00+",2021-12-19,2021-11-25,"-24 day ahead inc hosp","quantile",0.25,534,"COVID-19"
"DE-HE","00+",2021-12-19,2021-11-25,"-24 day ahead inc hosp","quantile",0.5,539,"COVID-19"
"DE-HE","00+",2021-12-19,2021-11-25,"-24 day ahead inc hosp","quantile",0.75,545,"COVID-19"
"DE-HE","00+",2021-12-19,2021-11-25,"-24 day ahead inc hosp","quantile",0.9,554,"COVID-19"
"DE-HE","00+",2021-12-19,2021-11-25,"-24 day ahead inc hosp","quantile",0.975,566,"COVID-19"
"DE-HE","00+",2021-12-19,2021-11-24,"-25 day ahead inc hosp","mean",NA,527,"COVID-19"
"DE-HE","00+",2021-12-19,2021-11-24,"-25 day ahead inc hosp","quantile",0.025,518,"COVID-19"
"DE-HE","00+",2021-12-19,2021-11-24,"-25 day ahead inc hosp","quantile",0.1,519,"COVID-19"
"DE-HE","00+",2021-12-19,2021-11-24,"-25 day ahead inc hosp","quantile",0.25,520,"COVID-19"
"DE-HE","00+",2021-12-19,2021-11-24,"-25 day ahead inc hosp","quantile",0.5,524,"COVID-19"
"DE-HE","00+",2021-12-19,2021-11-24,"-25 day ahead inc hosp","quantile",0.75,530,"COVID-19"
"DE-HE","00+",2021-12-19,2021-11-24,"-25 day ahead inc hosp","quantile",0.9,538,"COVID-19"
"DE-HE","00+",2021-12-19,2021-11-24,"-25 day ahead inc hosp","quantile",0.975,549,"COVID-19"
"DE-HE","00+",2021-12-19,2021-11-23,"-26 day ahead inc hosp","mean",NA,538,"COVID-19"
"DE-HE","00+",2021-12-19,2021-11-23,"-26 day ahead inc hosp","quantile",0.025,531,"COVID-19"
"DE-HE","00+",2021-12-19,2021-11-23,"-26 day ahead inc hosp","quantile",0.1,531,"COVID-19"
"DE-HE","00+",2021-12-19,2021-11-23,"-26 day ahead inc hosp","quantile",0.25,533,"COVID-19"
"DE-HE","00+",2021-12-19,2021-11-23,"-26 day ahead inc hosp","quantile",0.5,536,"COVID-19"
"DE-HE","00+",2021-12-19,2021-11-23,"-26 day ahead inc hosp","quantile",0.75,542,"COVID-19"
"DE-HE","00+",2021-12-19,2021-11-23,"-26 day ahead inc hosp","quantile",0.9,549,"COVID-19"
"DE-HE","00+",2021-12-19,2021-11-23,"-26 day ahead inc hosp","quantile",0.975,559,"COVID-19"
"DE-HE","00+",2021-12-19,2021-11-22,"-27 day ahead inc hosp","mean",NA,535,"COVID-19"
"DE-HE","00+",2021-12-19,2021-11-22,"-27 day ahead inc hosp","quantile",0.025,528,"COVID-19"
"DE-HE","00+",2021-12-19,2021-11-22,"-27 day ahead inc hosp","quantile",0.1,528,"COVID-19"
"DE-HE","00+",2021-12-19,2021-11-22,"-27 day ahead inc hosp","quantile",0.25,530,"COVID-19"
"DE-HE","00+",2021-12-19,2021-11-22,"-27 day ahead inc hosp","quantile",0.5,533,"COVID-19"
"DE-HE","00+",2021-12-19,2021-11-22,"-27 day ahead inc hosp","quantile",0.75,538,"COVID-19"
"DE-HE","00+",2021-12-19,2021-11-22,"-27 day ahead inc hosp","quantile",0.9,544,"COVID-19"
"DE-HE","00+",2021-12-19,2021-11-22,"-27 day ahead inc hosp","quantile",0.975,553,"COVID-19"
"DE-HE","00+",2021-12-19,2021-11-21,"-28 day ahead inc hosp","mean",NA,535,"COVID-19"
"DE-HE","00+",2021-12-19,2021-11-21,"-28 day ahead inc hosp","quantile",0.025,529,"COVID-19"
"DE-HE","00+",2021-12-19,2021-11-21,"-28 day ahead inc hosp","quantile",0.1,529,"COVID-19"
"DE-HE","00+",2021-12-19,2021-11-21,"-28 day ahead inc hosp","quantile",0.25,531,"COVID-19"
"DE-HE","00+",2021-12-19,2021-11-21,"-28 day ahead inc hosp","quantile",0.5,534,"COVID-19"
"DE-HE","00+",2021-12-19,2021-11-21,"-28 day ahead inc hosp","quantile",0.75,538,"COVID-19"
"DE-HE","00+",2021-12-19,2021-11-21,"-28 day ahead inc hosp","quantile",0.9,544,"COVID-19"
"DE-HE","00+",2021-12-19,2021-11-21,"-28 day ahead inc hosp","quantile",0.975,553,"COVID-19"
"DE-HH","00+",2021-12-19,2021-12-19,"0 day ahead inc hosp","mean",NA,181,"COVID-19"
"DE-HH","00+",2021-12-19,2021-12-19,"0 day ahead inc hosp","quantile",0.025,95,"COVID-19"
"DE-HH","00+",2021-12-19,2021-12-19,"0 day ahead inc hosp","quantile",0.1,114,"COVID-19"
"DE-HH","00+",2021-12-19,2021-12-19,"0 day ahead inc hosp","quantile",0.25,137,"COVID-19"
"DE-HH","00+",2021-12-19,2021-12-19,"0 day ahead inc hosp","quantile",0.5,171,"COVID-19"
"DE-HH","00+",2021-12-19,2021-12-19,"0 day ahead inc hosp","quantile",0.75,214,"COVID-19"
"DE-HH","00+",2021-12-19,2021-12-19,"0 day ahead inc hosp","quantile",0.9,262,"COVID-19"
"DE-HH","00+",2021-12-19,2021-12-19,"0 day ahead inc hosp","quantile",0.975,325,"COVID-19"
"DE-HH","00+",2021-12-19,2021-12-18,"-1 day ahead inc hosp","mean",NA,199,"COVID-19"
"DE-HH","00+",2021-12-19,2021-12-18,"-1 day ahead inc hosp","quantile",0.025,123,"COVID-19"
"DE-HH","00+",2021-12-19,2021-12-18,"-1 day ahead inc hosp","quantile",0.1,142,"COVID-19"
"DE-HH","00+",2021-12-19,2021-12-18,"-1 day ahead inc hosp","quantile",0.25,163,"COVID-19"
"DE-HH","00+",2021-12-19,2021-12-18,"-1 day ahead inc hosp","quantile",0.5,193,"COVID-19"
"DE-HH","00+",2021-12-19,2021-12-18,"-1 day ahead inc hosp","quantile",0.75,228,"COVID-19"
"DE-HH","00+",2021-12-19,2021-12-18,"-1 day ahead inc hosp","quantile",0.9,265,"COVID-19"
"DE-HH","00+",2021-12-19,2021-12-18,"-1 day ahead inc hosp","quantile",0.975,313,"COVID-19"
"DE-HH","00+",2021-12-19,2021-12-17,"-2 day ahead inc hosp","mean",NA,187,"COVID-19"
"DE-HH","00+",2021-12-19,2021-12-17,"-2 day ahead inc hosp","quantile",0.025,127,"COVID-19"
"DE-HH","00+",2021-12-19,2021-12-17,"-2 day ahead inc hosp","quantile",0.1,142,"COVID-19"
"DE-HH","00+",2021-12-19,2021-12-17,"-2 day ahead inc hosp","quantile",0.25,159,"COVID-19"
"DE-HH","00+",2021-12-19,2021-12-17,"-2 day ahead inc hosp","quantile",0.5,182,"COVID-19"
"DE-HH","00+",2021-12-19,2021-12-17,"-2 day ahead inc hosp","quantile",0.75,210,"COVID-19"
"DE-HH","00+",2021-12-19,2021-12-17,"-2 day ahead inc hosp","quantile",0.9,239,"COVID-19"
"DE-HH","00+",2021-12-19,2021-12-17,"-2 day ahead inc hosp","quantile",0.975,276,"COVID-19"
"DE-HH","00+",2021-12-19,2021-12-16,"-3 day ahead inc hosp","mean",NA,207,"COVID-19"
"DE-HH","00+",2021-12-19,2021-12-16,"-3 day ahead inc hosp","quantile",0.025,147,"COVID-19"
"DE-HH","00+",2021-12-19,2021-12-16,"-3 day ahead inc hosp","quantile",0.1,163,"COVID-19"
"DE-HH","00+",2021-12-19,2021-12-16,"-3 day ahead inc hosp","quantile",0.25,180,"COVID-19"
"DE-HH","00+",2021-12-19,2021-12-16,"-3 day ahead inc hosp","quantile",0.5,202,"COVID-19"
"DE-HH","00+",2021-12-19,2021-12-16,"-3 day ahead inc hosp","quantile",0.75,230,"COVID-19"
"DE-HH","00+",2021-12-19,2021-12-16,"-3 day ahead inc hosp","quantile",0.9,258,"COVID-19"
"DE-HH","00+",2021-12-19,2021-12-16,"-3 day ahead inc hosp","quantile",0.975,295,"COVID-19"
"DE-HH","00+",2021-12-19,2021-12-15,"-4 day ahead inc hosp","mean",NA,198,"COVID-19"
"DE-HH","00+",2021-12-19,2021-12-15,"-4 day ahead inc hosp","quantile",0.025,147,"COVID-19"
"DE-HH","00+",2021-12-19,2021-12-15,"-4 day ahead inc hosp","quantile",0.1,160,"COVID-19"
"DE-HH","00+",2021-12-19,2021-12-15,"-4 day ahead inc hosp","quantile",0.25,175,"COVID-19"
"DE-HH","00+",2021-12-19,2021-12-15,"-4 day ahead inc hosp","quantile",0.5,194,"COVID-19"
"DE-HH","00+",2021-12-19,2021-12-15,"-4 day ahead inc hosp","quantile",0.75,217,"COVID-19"
"DE-HH","00+",2021-12-19,2021-12-15,"-4 day ahead inc hosp","quantile",0.9,242,"COVID-19"
"DE-HH","00+",2021-12-19,2021-12-15,"-4 day ahead inc hosp","quantile",0.975,273,"COVID-19"
"DE-HH","00+",2021-12-19,2021-12-14,"-5 day ahead inc hosp","mean",NA,198,"COVID-19"
"DE-HH","00+",2021-12-19,2021-12-14,"-5 day ahead inc hosp","quantile",0.025,153,"COVID-19"
"DE-HH","00+",2021-12-19,2021-12-14,"-5 day ahead inc hosp","quantile",0.1,164,"COVID-19"
"DE-HH","00+",2021-12-19,2021-12-14,"-5 day ahead inc hosp","quantile",0.25,177,"COVID-19"
"DE-HH","00+",2021-12-19,2021-12-14,"-5 day ahead inc hosp","quantile",0.5,194,"COVID-19"
"DE-HH","00+",2021-12-19,2021-12-14,"-5 day ahead inc hosp","quantile",0.75,215,"COVID-19"
"DE-HH","00+",2021-12-19,2021-12-14,"-5 day ahead inc hosp","quantile",0.9,237,"COVID-19"
"DE-HH","00+",2021-12-19,2021-12-14,"-5 day ahead inc hosp","quantile",0.975,265,"COVID-19"
"DE-HH","00+",2021-12-19,2021-12-13,"-6 day ahead inc hosp","mean",NA,182,"COVID-19"
"DE-HH","00+",2021-12-19,2021-12-13,"-6 day ahead inc hosp","quantile",0.025,145,"COVID-19"
"DE-HH","00+",2021-12-19,2021-12-13,"-6 day ahead inc hosp","quantile",0.1,154,"COVID-19"
"DE-HH","00+",2021-12-19,2021-12-13,"-6 day ahead inc hosp","quantile",0.25,164,"COVID-19"
"DE-HH","00+",2021-12-19,2021-12-13,"-6 day ahead inc hosp","quantile",0.5,179,"COVID-19"
"DE-HH","00+",2021-12-19,2021-12-13,"-6 day ahead inc hosp","quantile",0.75,196,"COVID-19"
"DE-HH","00+",2021-12-19,2021-12-13,"-6 day ahead inc hosp","quantile",0.9,215,"COVID-19"
"DE-HH","00+",2021-12-19,2021-12-13,"-6 day ahead inc hosp","quantile",0.975,238,"COVID-19"
"DE-HH","00+",2021-12-19,2021-12-12,"-7 day ahead inc hosp","mean",NA,185,"COVID-19"
"DE-HH","00+",2021-12-19,2021-12-12,"-7 day ahead inc hosp","quantile",0.025,149,"COVID-19"
"DE-HH","00+",2021-12-19,2021-12-12,"-7 day ahead inc hosp","quantile",0.1,158,"COVID-19"
"DE-HH","00+",2021-12-19,2021-12-12,"-7 day ahead inc hosp","quantile",0.25,168,"COVID-19"
"DE-HH","00+",2021-12-19,2021-12-12,"-7 day ahead inc hosp","quantile",0.5,181,"COVID-19"
"DE-HH","00+",2021-12-19,2021-12-12,"-7 day ahead inc hosp","quantile",0.75,198,"COVID-19"
"DE-HH","00+",2021-12-19,2021-12-12,"-7 day ahead inc hosp","quantile",0.9,216,"COVID-19"
"DE-HH","00+",2021-12-19,2021-12-12,"-7 day ahead inc hosp","quantile",0.975,239,"COVID-19"
"DE-HH","00+",2021-12-19,2021-12-11,"-8 day ahead inc hosp","mean",NA,175,"COVID-19"
"DE-HH","00+",2021-12-19,2021-12-11,"-8 day ahead inc hosp","quantile",0.025,142,"COVID-19"
"DE-HH","00+",2021-12-19,2021-12-11,"-8 day ahead inc hosp","quantile",0.1,150,"COVID-19"
"DE-HH","00+",2021-12-19,2021-12-11,"-8 day ahead inc hosp","quantile",0.25,159,"COVID-19"
"DE-HH","00+",2021-12-19,2021-12-11,"-8 day ahead inc hosp","quantile",0.5,172,"COVID-19"
"DE-HH","00+",2021-12-19,2021-12-11,"-8 day ahead inc hosp","quantile",0.75,187,"COVID-19"
"DE-HH","00+",2021-12-19,2021-12-11,"-8 day ahead inc hosp","quantile",0.9,204,"COVID-19"
"DE-HH","00+",2021-12-19,2021-12-11,"-8 day ahead inc hosp","quantile",0.975,226,"COVID-19"
"DE-HH","00+",2021-12-19,2021-12-10,"-9 day ahead inc hosp","mean",NA,163,"COVID-19"
"DE-HH","00+",2021-12-19,2021-12-10,"-9 day ahead inc hosp","quantile",0.025,135,"COVID-19"
"DE-HH","00+",2021-12-19,2021-12-10,"-9 day ahead inc hosp","quantile",0.1,142,"COVID-19"
"DE-HH","00+",2021-12-19,2021-12-10,"-9 day ahead inc hosp","quantile",0.25,149,"COVID-19"
"DE-HH","00+",2021-12-19,2021-12-10,"-9 day ahead inc hosp","quantile",0.5,160,"COVID-19"
"DE-HH","00+",2021-12-19,2021-12-10,"-9 day ahead inc hosp","quantile",0.75,174,"COVID-19"
"DE-HH","00+",2021-12-19,2021-12-10,"-9 day ahead inc hosp","quantile",0.9,188,"COVID-19"
"DE-HH","00+",2021-12-19,2021-12-10,"-9 day ahead inc hosp","quantile",0.975,207,"COVID-19"
"DE-HH","00+",2021-12-19,2021-12-09,"-10 day ahead inc hosp","mean",NA,173,"COVID-19"
"DE-HH","00+",2021-12-19,2021-12-09,"-10 day ahead inc hosp","quantile",0.025,146,"COVID-19"
"DE-HH","00+",2021-12-19,2021-12-09,"-10 day ahead inc hosp","quantile",0.1,152,"COVID-19"
"DE-HH","00+",2021-12-19,2021-12-09,"-10 day ahead inc hosp","quantile",0.25,160,"COVID-19"
"DE-HH","00+",2021-12-19,2021-12-09,"-10 day ahead inc hosp","quantile",0.5,170,"COVID-19"
"DE-HH","00+",2021-12-19,2021-12-09,"-10 day ahead inc hosp","quantile",0.75,183,"COVID-19"
"DE-HH","00+",2021-12-19,2021-12-09,"-10 day ahead inc hosp","quantile",0.9,197,"COVID-19"
"DE-HH","00+",2021-12-19,2021-12-09,"-10 day ahead inc hosp","quantile",0.975,215,"COVID-19"
"DE-HH","00+",2021-12-19,2021-12-08,"-11 day ahead inc hosp","mean",NA,176,"COVID-19"
"DE-HH","00+",2021-12-19,2021-12-08,"-11 day ahead inc hosp","quantile",0.025,151,"COVID-19"
"DE-HH","00+",2021-12-19,2021-12-08,"-11 day ahead inc hosp","quantile",0.1,157,"COVID-19"
"DE-HH","00+",2021-12-19,2021-12-08,"-11 day ahead inc hosp","quantile",0.25,163,"COVID-19"
"DE-HH","00+",2021-12-19,2021-12-08,"-11 day ahead inc hosp","quantile",0.5,173,"COVID-19"
"DE-HH","00+",2021-12-19,2021-12-08,"-11 day ahead inc hosp","quantile",0.75,185,"COVID-19"
"DE-HH","00+",2021-12-19,2021-12-08,"-11 day ahead inc hosp","quantile",0.9,199,"COVID-19"
"DE-HH","00+",2021-12-19,2021-12-08,"-11 day ahead inc hosp","quantile",0.975,217,"COVID-19"
"DE-HH","00+",2021-12-19,2021-12-07,"-12 day ahead inc hosp","mean",NA,158,"COVID-19"
"DE-HH","00+",2021-12-19,2021-12-07,"-12 day ahead inc hosp","quantile",0.025,137,"COVID-19"
"DE-HH","00+",2021-12-19,2021-12-07,"-12 day ahead inc hosp","quantile",0.1,142,"COVID-19"
"DE-HH","00+",2021-12-19,2021-12-07,"-12 day ahead inc hosp","quantile",0.25,147,"COVID-19"
"DE-HH","00+",2021-12-19,2021-12-07,"-12 day ahead inc hosp","quantile",0.5,155,"COVID-19"
"DE-HH","00+",2021-12-19,2021-12-07,"-12 day ahead inc hosp","quantile",0.75,166,"COVID-19"
"DE-HH","00+",2021-12-19,2021-12-07,"-12 day ahead inc hosp","quantile",0.9,178,"COVID-19"
"DE-HH","00+",2021-12-19,2021-12-07,"-12 day ahead inc hosp","quantile",0.975,194,"COVID-19"
"DE-HH","00+",2021-12-19,2021-12-06,"-13 day ahead inc hosp","mean",NA,146,"COVID-19"
"DE-HH","00+",2021-12-19,2021-12-06,"-13 day ahead inc hosp","quantile",0.025,128,"COVID-19"
"DE-HH","00+",2021-12-19,2021-12-06,"-13 day ahead inc hosp","quantile",0.1,132,"COVID-19"
"DE-HH","00+",2021-12-19,2021-12-06,"-13 day ahead inc hosp","quantile",0.25,136,"COVID-19"
"DE-HH","00+",2021-12-19,2021-12-06,"-13 day ahead inc hosp","quantile",0.5,144,"COVID-19"
"DE-HH","00+",2021-12-19,2021-12-06,"-13 day ahead inc hosp","quantile",0.75,154,"COVID-19"
"DE-HH","00+",2021-12-19,2021-12-06,"-13 day ahead inc hosp","quantile",0.9,165,"COVID-19"
"DE-HH","00+",2021-12-19,2021-12-06,"-13 day ahead inc hosp","quantile",0.975,180,"COVID-19"
"DE-HH","00+",2021-12-19,2021-12-05,"-14 day ahead inc hosp","mean",NA,131,"COVID-19"
"DE-HH","00+",2021-12-19,2021-12-05,"-14 day ahead inc hosp","quantile",0.025,115,"COVID-19"
"DE-HH","00+",2021-12-19,2021-12-05,"-14 day ahead inc hosp","quantile",0.1,118,"COVID-19"
"DE-HH","00+",2021-12-19,2021-12-05,"-14 day ahead inc hosp","quantile",0.25,122,"COVID-19"
"DE-HH","00+",2021-12-19,2021-12-05,"-14 day ahead inc hosp","quantile",0.5,128,"COVID-19"
"DE-HH","00+",2021-12-19,2021-12-05,"-14 day ahead inc hosp","quantile",0.75,137,"COVID-19"
"DE-HH","00+",2021-12-19,2021-12-05,"-14 day ahead inc hosp","quantile",0.9,147,"COVID-19"
"DE-HH","00+",2021-12-19,2021-12-05,"-14 day ahead inc hosp","quantile",0.975,160,"COVID-19"
"DE-HH","00+",2021-12-19,2021-12-04,"-15 day ahead inc hosp","mean",NA,131,"COVID-19"
"DE-HH","00+",2021-12-19,2021-12-04,"-15 day ahead inc hosp","quantile",0.025,116,"COVID-19"
"DE-HH","00+",2021-12-19,2021-12-04,"-15 day ahead inc hosp","quantile",0.1,119,"COVID-19"
"DE-HH","00+",2021-12-19,2021-12-04,"-15 day ahead inc hosp","quantile",0.25,122,"COVID-19"
"DE-HH","00+",2021-12-19,2021-12-04,"-15 day ahead inc hosp","quantile",0.5,129,"COVID-19"
"DE-HH","00+",2021-12-19,2021-12-04,"-15 day ahead inc hosp","quantile",0.75,137,"COVID-19"
"DE-HH","00+",2021-12-19,2021-12-04,"-15 day ahead inc hosp","quantile",0.9,147,"COVID-19"
"DE-HH","00+",2021-12-19,2021-12-04,"-15 day ahead inc hosp","quantile",0.975,161,"COVID-19"
"DE-HH","00+",2021-12-19,2021-12-03,"-16 day ahead inc hosp","mean",NA,137,"COVID-19"
"DE-HH","00+",2021-12-19,2021-12-03,"-16 day ahead inc hosp","quantile",0.025,122,"COVID-19"
"DE-HH","00+",2021-12-19,2021-12-03,"-16 day ahead inc hosp","quantile",0.1,125,"COVID-19"
"DE-HH","00+",2021-12-19,2021-12-03,"-16 day ahead inc hosp","quantile",0.25,129,"COVID-19"
"DE-HH","00+",2021-12-19,2021-12-03,"-16 day ahead inc hosp","quantile",0.5,135,"COVID-19"
"DE-HH","00+",2021-12-19,2021-12-03,"-16 day ahead inc hosp","quantile",0.75,143,"COVID-19"
"DE-HH","00+",2021-12-19,2021-12-03,"-16 day ahead inc hosp","quantile",0.9,153,"COVID-19"
"DE-HH","00+",2021-12-19,2021-12-03,"-16 day ahead inc hosp","quantile",0.975,166,"COVID-19"
"DE-HH","00+",2021-12-19,2021-12-02,"-17 day ahead inc hosp","mean",NA,104,"COVID-19"
"DE-HH","00+",2021-12-19,2021-12-02,"-17 day ahead inc hosp","quantile",0.025,94,"COVID-19"
"DE-HH","00+",2021-12-19,2021-12-02,"-17 day ahead inc hosp","quantile",0.1,95,"COVID-19"
"DE-HH","00+",2021-12-19,2021-12-02,"-17 day ahead inc hosp","quantile",0.25,98,"COVID-19"
"DE-HH","00+",2021-12-19,2021-12-02,"-17 day ahead inc hosp","quantile",0.5,102,"COVID-19"
"DE-HH","00+",2021-12-19,2021-12-02,"-17 day ahead inc hosp","quantile",0.75,108,"COVID-19"
"DE-HH","00+",2021-12-19,2021-12-02,"-17 day ahead inc hosp","quantile",0.9,115,"COVID-19"
"DE-HH","00+",2021-12-19,2021-12-02,"-17 day ahead inc hosp","quantile",0.975,125,"COVID-19"
"DE-HH","00+",2021-12-19,2021-12-01,"-18 day ahead inc hosp","mean",NA,94,"COVID-19"
"DE-HH","00+",2021-12-19,2021-12-01,"-18 day ahead inc hosp","quantile",0.025,86,"COVID-19"
"DE-HH","00+",2021-12-19,2021-12-01,"-18 day ahead inc hosp","quantile",0.1,87,"COVID-19"
"DE-HH","00+",2021-12-19,2021-12-01,"-18 day ahead inc hosp","quantile",0.25,89,"COVID-19"
"DE-HH","00+",2021-12-19,2021-12-01,"-18 day ahead inc hosp","quantile",0.5,93,"COVID-19"
"DE-HH","00+",2021-12-19,2021-12-01,"-18 day ahead inc hosp","quantile",0.75,97,"COVID-19"
"DE-HH","00+",2021-12-19,2021-12-01,"-18 day ahead inc hosp","quantile",0.9,103,"COVID-19"
"DE-HH","00+",2021-12-19,2021-12-01,"-18 day ahead inc hosp","quantile",0.975,111,"COVID-19"
"DE-HH","00+",2021-12-19,2021-11-30,"-19 day ahead inc hosp","mean",NA,101,"COVID-19"
"DE-HH","00+",2021-12-19,2021-11-30,"-19 day ahead inc hosp","quantile",0.025,93,"COVID-19"
"DE-HH","00+",2021-12-19,2021-11-30,"-19 day ahead inc hosp","quantile",0.1,94,"COVID-19"
"DE-HH","00+",2021-12-19,2021-11-30,"-19 day ahead inc hosp","quantile",0.25,96,"COVID-19"
"DE-HH","00+",2021-12-19,2021-11-30,"-19 day ahead inc hosp","quantile",0.5,99,"COVID-19"
"DE-HH","00+",2021-12-19,2021-11-30,"-19 day ahead inc hosp","quantile",0.75,104,"COVID-19"
"DE-HH","00+",2021-12-19,2021-11-30,"-19 day ahead inc hosp","quantile",0.9,110,"COVID-19"
"DE-HH","00+",2021-12-19,2021-11-30,"-19 day ahead inc hosp","quantile",0.975,118,"COVID-19"
"DE-HH","00+",2021-12-19,2021-11-29,"-20 day ahead inc hosp","mean",NA,102,"COVID-19"
"DE-HH","00+",2021-12-19,2021-11-29,"-20 day ahead inc hosp","quantile",0.025,95,"COVID-19"
"DE-HH","00+",2021-12-19,2021-11-29,"-20 day ahead inc hosp","quantile",0.1,96,"COVID-19"
"DE-HH","00+",2021-12-19,2021-11-29,"-20 day ahead inc hosp","quantile",0.25,98,"COVID-19"
"DE-HH","00+",2021-12-19,2021-11-29,"-20 day ahead inc hosp","quantile",0.5,101,"COVID-19"
"DE-HH","00+",2021-12-19,2021-11-29,"-20 day ahead inc hosp","quantile",0.75,105,"COVID-19"
"DE-HH","00+",2021-12-19,2021-11-29,"-20 day ahead inc hosp","quantile",0.9,111,"COVID-19"
"DE-HH","00+",2021-12-19,2021-11-29,"-20 day ahead inc hosp","quantile",0.975,120,"COVID-19"
"DE-HH","00+",2021-12-19,2021-11-28,"-21 day ahead inc hosp","mean",NA,122,"COVID-19"
"DE-HH","00+",2021-12-19,2021-11-28,"-21 day ahead inc hosp","quantile",0.025,114,"COVID-19"
"DE-HH","00+",2021-12-19,2021-11-28,"-21 day ahead inc hosp","quantile",0.1,115,"COVID-19"
"DE-HH","00+",2021-12-19,2021-11-28,"-21 day ahead inc hosp","quantile",0.25,117,"COVID-19"
"DE-HH","00+",2021-12-19,2021-11-28,"-21 day ahead inc hosp","quantile",0.5,120,"COVID-19"
"DE-HH","00+",2021-12-19,2021-11-28,"-21 day ahead inc hosp","quantile",0.75,126,"COVID-19"
"DE-HH","00+",2021-12-19,2021-11-28,"-21 day ahead inc hosp","quantile",0.9,132,"COVID-19"
"DE-HH","00+",2021-12-19,2021-11-28,"-21 day ahead inc hosp","quantile",0.975,142,"COVID-19"
"DE-HH","00+",2021-12-19,2021-11-27,"-22 day ahead inc hosp","mean",NA,128,"COVID-19"
"DE-HH","00+",2021-12-19,2021-11-27,"-22 day ahead inc hosp","quantile",0.025,120,"COVID-19"
"DE-HH","00+",2021-12-19,2021-11-27,"-22 day ahead inc hosp","quantile",0.1,121,"COVID-19"
"DE-HH","00+",2021-12-19,2021-11-27,"-22 day ahead inc hosp","quantile",0.25,123,"COVID-19"
"DE-HH","00+",2021-12-19,2021-11-27,"-22 day ahead inc hosp","quantile",0.5,126,"COVID-19"
"DE-HH","00+",2021-12-19,2021-11-27,"-22 day ahead inc hosp","quantile",0.75,132,"COVID-19"
"DE-HH","00+",2021-12-19,2021-11-27,"-22 day ahead inc hosp","quantile",0.9,138,"COVID-19"
"DE-HH","00+",2021-12-19,2021-11-27,"-22 day ahead inc hosp","quantile",0.975,148,"COVID-19"
"DE-HH","00+",2021-12-19,2021-11-26,"-23 day ahead inc hosp","mean",NA,124,"COVID-19"
"DE-HH","00+",2021-12-19,2021-11-26,"-23 day ahead inc hosp","quantile",0.025,117,"COVID-19"
"DE-HH","00+",2021-12-19,2021-11-26,"-23 day ahead inc hosp","quantile",0.1,118,"COVID-19"
"DE-HH","00+",2021-12-19,2021-11-26,"-23 day ahead inc hosp","quantile",0.25,119,"COVID-19"
"DE-HH","00+",2021-12-19,2021-11-26,"-23 day ahead inc hosp","quantile",0.5,123,"COVID-19"
"DE-HH","00+",2021-12-19,2021-11-26,"-23 day ahead inc hosp","quantile",0.75,127,"COVID-19"
"DE-HH","00+",2021-12-19,2021-11-26,"-23 day ahead inc hosp","quantile",0.9,133,"COVID-19"
"DE-HH","00+",2021-12-19,2021-11-26,"-23 day ahead inc hosp","quantile",0.975,142,"COVID-19"
"DE-HH","00+",2021-12-19,2021-11-25,"-24 day ahead inc hosp","mean",NA,137,"COVID-19"
"DE-HH","00+",2021-12-19,2021-11-25,"-24 day ahead inc hosp","quantile",0.025,129,"COVID-19"
"DE-HH","00+",2021-12-19,2021-11-25,"-24 day ahead inc hosp","quantile",0.1,130,"COVID-19"
"DE-HH","00+",2021-12-19,2021-11-25,"-24 day ahead inc hosp","quantile",0.25,131,"COVID-19"
"DE-HH","00+",2021-12-19,2021-11-25,"-24 day ahead inc hosp","quantile",0.5,135,"COVID-19"
"DE-HH","00+",2021-12-19,2021-11-25,"-24 day ahead inc hosp","quantile",0.75,140,"COVID-19"
"DE-HH","00+",2021-12-19,2021-11-25,"-24 day ahead inc hosp","quantile",0.9,146,"COVID-19"
"DE-HH","00+",2021-12-19,2021-11-25,"-24 day ahead inc hosp","quantile",0.975,156,"COVID-19"
"DE-HH","00+",2021-12-19,2021-11-24,"-25 day ahead inc hosp","mean",NA,134,"COVID-19"
"DE-HH","00+",2021-12-19,2021-11-24,"-25 day ahead inc hosp","quantile",0.025,127,"COVID-19"
"DE-HH","00+",2021-12-19,2021-11-24,"-25 day ahead inc hosp","quantile",0.1,128,"COVID-19"
"DE-HH","00+",2021-12-19,2021-11-24,"-25 day ahead inc hosp","quantile",0.25,129,"COVID-19"
"DE-HH","00+",2021-12-19,2021-11-24,"-25 day ahead inc hosp","quantile",0.5,132,"COVID-19"
"DE-HH","00+",2021-12-19,2021-11-24,"-25 day ahead inc hosp","quantile",0.75,137,"COVID-19"
"DE-HH","00+",2021-12-19,2021-11-24,"-25 day ahead inc hosp","quantile",0.9,143,"COVID-19"
"DE-HH","00+",2021-12-19,2021-11-24,"-25 day ahead inc hosp","quantile",0.975,151,"COVID-19"
"DE-HH","00+",2021-12-19,2021-11-23,"-26 day ahead inc hosp","mean",NA,127,"COVID-19"
"DE-HH","00+",2021-12-19,2021-11-23,"-26 day ahead inc hosp","quantile",0.025,121,"COVID-19"
"DE-HH","00+",2021-12-19,2021-11-23,"-26 day ahead inc hosp","quantile",0.1,122,"COVID-19"
"DE-HH","00+",2021-12-19,2021-11-23,"-26 day ahead inc hosp","quantile",0.25,123,"COVID-19"
"DE-HH","00+",2021-12-19,2021-11-23,"-26 day ahead inc hosp","quantile",0.5,126,"COVID-19"
"DE-HH","00+",2021-12-19,2021-11-23,"-26 day ahead inc hosp","quantile",0.75,130,"COVID-19"
"DE-HH","00+",2021-12-19,2021-11-23,"-26 day ahead inc hosp","quantile",0.9,135,"COVID-19"
"DE-HH","00+",2021-12-19,2021-11-23,"-26 day ahead inc hosp","quantile",0.975,143,"COVID-19"
"DE-HH","00+",2021-12-19,2021-11-22,"-27 day ahead inc hosp","mean",NA,135,"COVID-19"
"DE-HH","00+",2021-12-19,2021-11-22,"-27 day ahead inc hosp","quantile",0.025,129,"COVID-19"
"DE-HH","00+",2021-12-19,2021-11-22,"-27 day ahead inc hosp","quantile",0.1,130,"COVID-19"
"DE-HH","00+",2021-12-19,2021-11-22,"-27 day ahead inc hosp","quantile",0.25,131,"COVID-19"
"DE-HH","00+",2021-12-19,2021-11-22,"-27 day ahead inc hosp","quantile",0.5,134,"COVID-19"
"DE-HH","00+",2021-12-19,2021-11-22,"-27 day ahead inc hosp","quantile",0.75,138,"COVID-19"
"DE-HH","00+",2021-12-19,2021-11-22,"-27 day ahead inc hosp","quantile",0.9,143,"COVID-19"
"DE-HH","00+",2021-12-19,2021-11-22,"-27 day ahead inc hosp","quantile",0.975,151,"COVID-19"
"DE-HH","00+",2021-12-19,2021-11-21,"-28 day ahead inc hosp","mean",NA,117,"COVID-19"
"DE-HH","00+",2021-12-19,2021-11-21,"-28 day ahead inc hosp","quantile",0.025,112,"COVID-19"
"DE-HH","00+",2021-12-19,2021-11-21,"-28 day ahead inc hosp","quantile",0.1,112,"COVID-19"
"DE-HH","00+",2021-12-19,2021-11-21,"-28 day ahead inc hosp","quantile",0.25,114,"COVID-19"
"DE-HH","00+",2021-12-19,2021-11-21,"-28 day ahead inc hosp","quantile",0.5,116,"COVID-19"
"DE-HH","00+",2021-12-19,2021-11-21,"-28 day ahead inc hosp","quantile",0.75,119,"COVID-19"
"DE-HH","00+",2021-12-19,2021-11-21,"-28 day ahead inc hosp","quantile",0.9,123,"COVID-19"
"DE-HH","00+",2021-12-19,2021-11-21,"-28 day ahead inc hosp","quantile",0.975,130,"COVID-19"
"DE-MV","00+",2021-12-19,2021-12-19,"0 day ahead inc hosp","mean",NA,290,"COVID-19"
"DE-MV","00+",2021-12-19,2021-12-19,"0 day ahead inc hosp","quantile",0.025,192,"COVID-19"
"DE-MV","00+",2021-12-19,2021-12-19,"0 day ahead inc hosp","quantile",0.1,215,"COVID-19"
"DE-MV","00+",2021-12-19,2021-12-19,"0 day ahead inc hosp","quantile",0.25,243,"COVID-19"
"DE-MV","00+",2021-12-19,2021-12-19,"0 day ahead inc hosp","quantile",0.5,280,"COVID-19"
"DE-MV","00+",2021-12-19,2021-12-19,"0 day ahead inc hosp","quantile",0.75,327,"COVID-19"
"DE-MV","00+",2021-12-19,2021-12-19,"0 day ahead inc hosp","quantile",0.9,376,"COVID-19"
"DE-MV","00+",2021-12-19,2021-12-19,"0 day ahead inc hosp","quantile",0.975,441,"COVID-19"
"DE-MV","00+",2021-12-19,2021-12-18,"-1 day ahead inc hosp","mean",NA,307,"COVID-19"
"DE-MV","00+",2021-12-19,2021-12-18,"-1 day ahead inc hosp","quantile",0.025,211,"COVID-19"
"DE-MV","00+",2021-12-19,2021-12-18,"-1 day ahead inc hosp","quantile",0.1,234,"COVID-19"
"DE-MV","00+",2021-12-19,2021-12-18,"-1 day ahead inc hosp","quantile",0.25,260,"COVID-19"
"DE-MV","00+",2021-12-19,2021-12-18,"-1 day ahead inc hosp","quantile",0.5,297,"COVID-19"
"DE-MV","00+",2021-12-19,2021-12-18,"-1 day ahead inc hosp","quantile",0.75,342,"COVID-19"
"DE-MV","00+",2021-12-19,2021-12-18,"-1 day ahead inc hosp","quantile",0.9,391,"COVID-19"
"DE-MV","00+",2021-12-19,2021-12-18,"-1 day ahead inc hosp","quantile",0.975,455,"COVID-19"
"DE-MV","00+",2021-12-19,2021-12-17,"-2 day ahead inc hosp","mean",NA,326,"COVID-19"
"DE-MV","00+",2021-12-19,2021-12-17,"-2 day ahead inc hosp","quantile",0.025,237,"COVID-19"
"DE-MV","00+",2021-12-19,2021-12-17,"-2 day ahead inc hosp","quantile",0.1,258,"COVID-19"
"DE-MV","00+",2021-12-19,2021-12-17,"-2 day ahead inc hosp","quantile",0.25,283,"COVID-19"
"DE-MV","00+",2021-12-19,2021-12-17,"-2 day ahead inc hosp","quantile",0.5,317,"COVID-19"
"DE-MV","00+",2021-12-19,2021-12-17,"-2 day ahead inc hosp","quantile",0.75,360,"COVID-19"
"DE-MV","00+",2021-12-19,2021-12-17,"-2 day ahead inc hosp","quantile",0.9,406,"COVID-19"
"DE-MV","00+",2021-12-19,2021-12-17,"-2 day ahead inc hosp","quantile",0.975,466,"COVID-19"
"DE-MV","00+",2021-12-19,2021-12-16,"-3 day ahead inc hosp","mean",NA,297,"COVID-19"
"DE-MV","00+",2021-12-19,2021-12-16,"-3 day ahead inc hosp","quantile",0.025,227,"COVID-19"
"DE-MV","00+",2021-12-19,2021-12-16,"-3 day ahead inc hosp","quantile",0.1,243,"COVID-19"
"DE-MV","00+",2021-12-19,2021-12-16,"-3 day ahead inc hosp","quantile",0.25,262,"COVID-19"
"DE-MV","00+",2021-12-19,2021-12-16,"-3 day ahead inc hosp","quantile",0.5,289,"COVID-19"
"DE-MV","00+",2021-12-19,2021-12-16,"-3 day ahead inc hosp","quantile",0.75,323,"COVID-19"
"DE-MV","00+",2021-12-19,2021-12-16,"-3 day ahead inc hosp","quantile",0.9,360,"COVID-19"
"DE-MV","00+",2021-12-19,2021-12-16,"-3 day ahead inc hosp","quantile",0.975,409,"COVID-19"
"DE-MV","00+",2021-12-19,2021-12-15,"-4 day ahead inc hosp","mean",NA,305,"COVID-19"
"DE-MV","00+",2021-12-19,2021-12-15,"-4 day ahead inc hosp","quantile",0.025,242,"COVID-19"
"DE-MV","00+",2021-12-19,2021-12-15,"-4 day ahead inc hosp","quantile",0.1,256,"COVID-19"
"DE-MV","00+",2021-12-19,2021-12-15,"-4 day ahead inc hosp","quantile",0.25,273,"COVID-19"
"DE-MV","00+",2021-12-19,2021-12-15,"-4 day ahead inc hosp","quantile",0.5,298,"COVID-19"
"DE-MV","00+",2021-12-19,2021-12-15,"-4 day ahead inc hosp","quantile",0.75,329,"COVID-19"
"DE-MV","00+",2021-12-19,2021-12-15,"-4 day ahead inc hosp","quantile",0.9,362,"COVID-19"
"DE-MV","00+",2021-12-19,2021-12-15,"-4 day ahead inc hosp","quantile",0.975,407,"COVID-19"
"DE-MV","00+",2021-12-19,2021-12-14,"-5 day ahead inc hosp","mean",NA,300,"COVID-19"
"DE-MV","00+",2021-12-19,2021-12-14,"-5 day ahead inc hosp","quantile",0.025,249,"COVID-19"
"DE-MV","00+",2021-12-19,2021-12-14,"-5 day ahead inc hosp","quantile",0.1,260,"COVID-19"
"DE-MV","00+",2021-12-19,2021-12-14,"-5 day ahead inc hosp","quantile",0.25,274,"COVID-19"
"DE-MV","00+",2021-12-19,2021-12-14,"-5 day ahead inc hosp","quantile",0.5,294,"COVID-19"
"DE-MV","00+",2021-12-19,2021-12-14,"-5 day ahead inc hosp","quantile",0.75,319,"COVID-19"
"DE-MV","00+",2021-12-19,2021-12-14,"-5 day ahead inc hosp","quantile",0.9,347,"COVID-19"
"DE-MV","00+",2021-12-19,2021-12-14,"-5 day ahead inc hosp","quantile",0.975,384,"COVID-19"
"DE-MV","00+",2021-12-19,2021-12-13,"-6 day ahead inc hosp","mean",NA,303,"COVID-19"
"DE-MV","00+",2021-12-19,2021-12-13,"-6 day ahead inc hosp","quantile",0.025,255,"COVID-19"
"DE-MV","00+",2021-12-19,2021-12-13,"-6 day ahead inc hosp","quantile",0.1,265,"COVID-19"
"DE-MV","00+",2021-12-19,2021-12-13,"-6 day ahead inc hosp","quantile",0.25,278,"COVID-19"
"DE-MV","00+",2021-12-19,2021-12-13,"-6 day ahead inc hosp","quantile",0.5,297,"COVID-19"
"DE-MV","00+",2021-12-19,2021-12-13,"-6 day ahead inc hosp","quantile",0.75,321,"COVID-19"
"DE-MV","00+",2021-12-19,2021-12-13,"-6 day ahead inc hosp","quantile",0.9,348,"COVID-19"
"DE-MV","00+",2021-12-19,2021-12-13,"-6 day ahead inc hosp","quantile",0.975,383,"COVID-19"
"DE-MV","00+",2021-12-19,2021-12-12,"-7 day ahead inc hosp","mean",NA,298,"COVID-19"
"DE-MV","00+",2021-12-19,2021-12-12,"-7 day ahead inc hosp","quantile",0.025,254,"COVID-19"
"DE-MV","00+",2021-12-19,2021-12-12,"-7 day ahead inc hosp","quantile",0.1,264,"COVID-19"
"DE-MV","00+",2021-12-19,2021-12-12,"-7 day ahead inc hosp","quantile",0.25,275,"COVID-19"
"DE-MV","00+",2021-12-19,2021-12-12,"-7 day ahead inc hosp","quantile",0.5,292,"COVID-19"
"DE-MV","00+",2021-12-19,2021-12-12,"-7 day ahead inc hosp","quantile",0.75,314,"COVID-19"
"DE-MV","00+",2021-12-19,2021-12-12,"-7 day ahead inc hosp","quantile",0.9,338,"COVID-19"
"DE-MV","00+",2021-12-19,2021-12-12,"-7 day ahead inc hosp","quantile",0.975,370,"COVID-19"
"DE-MV","00+",2021-12-19,2021-12-11,"-8 day ahead inc hosp","mean",NA,300,"COVID-19"
"DE-MV","00+",2021-12-19,2021-12-11,"-8 day ahead inc hosp","quantile",0.025,260,"COVID-19"
"DE-MV","00+",2021-12-19,2021-12-11,"-8 day ahead inc hosp","quantile",0.1,268,"COVID-19"
"DE-MV","00+",2021-12-19,2021-12-11,"-8 day ahead inc hosp","quantile",0.25,279,"COVID-19"
"DE-MV","00+",2021-12-19,2021-12-11,"-8 day ahead inc hosp","quantile",0.5,294,"COVID-19"
"DE-MV","00+",2021-12-19,2021-12-11,"-8 day ahead inc hosp","quantile",0.75,315,"COVID-19"
"DE-MV","00+",2021-12-19,2021-12-11,"-8 day ahead inc hosp","quantile",0.9,338,"COVID-19"
"DE-MV","00+",2021-12-19,2021-12-11,"-8 day ahead inc hosp","quantile",0.975,369,"COVID-19"
"DE-MV","00+",2021-12-19,2021-12-10,"-9 day ahead inc hosp","mean",NA,280,"COVID-19"
"DE-MV","00+",2021-12-19,2021-12-10,"-9 day ahead inc hosp","quantile",0.025,247,"COVID-19"
"DE-MV","00+",2021-12-19,2021-12-10,"-9 day ahead inc hosp","quantile",0.1,254,"COVID-19"
"DE-MV","00+",2021-12-19,2021-12-10,"-9 day ahead inc hosp","quantile",0.25,262,"COVID-19"
"DE-MV","00+",2021-12-19,2021-12-10,"-9 day ahead inc hosp","quantile",0.5,275,"COVID-19"
"DE-MV","00+",2021-12-19,2021-12-10,"-9 day ahead inc hosp","quantile",0.75,293,"COVID-19"
"DE-MV","00+",2021-12-19,2021-12-10,"-9 day ahead inc hosp","quantile",0.9,312,"COVID-19"
"DE-MV","00+",2021-12-19,2021-12-10,"-9 day ahead inc hosp","quantile",0.975,338,"COVID-19"
"DE-MV","00+",2021-12-19,2021-12-09,"-10 day ahead inc hosp","mean",NA,287,"COVID-19"
"DE-MV","00+",2021-12-19,2021-12-09,"-10 day ahead inc hosp","quantile",0.025,257,"COVID-19"
"DE-MV","00+",2021-12-19,2021-12-09,"-10 day ahead inc hosp","quantile",0.1,263,"COVID-19"
"DE-MV","00+",2021-12-19,2021-12-09,"-10 day ahead inc hosp","quantile",0.25,271,"COVID-19"
"DE-MV","00+",2021-12-19,2021-12-09,"-10 day ahead inc hosp","quantile",0.5,283,"COVID-19"
"DE-MV","00+",2021-12-19,2021-12-09,"-10 day ahead inc hosp","quantile",0.75,298,"COVID-19"
"DE-MV","00+",2021-12-19,2021-12-09,"-10 day ahead inc hosp","quantile",0.9,315,"COVID-19"
"DE-MV","00+",2021-12-19,2021-12-09,"-10 day ahead inc hosp","quantile",0.975,338,"COVID-19"
"DE-MV","00+",2021-12-19,2021-12-08,"-11 day ahead inc hosp","mean",NA,290,"COVID-19"
"DE-MV","00+",2021-12-19,2021-12-08,"-11 day ahead inc hosp","quantile",0.025,265,"COVID-19"
"DE-MV","00+",2021-12-19,2021-12-08,"-11 day ahead inc hosp","quantile",0.1,271,"COVID-19"
"DE-MV","00+",2021-12-19,2021-12-08,"-11 day ahead inc hosp","quantile",0.25,277,"COVID-19"
"DE-MV","00+",2021-12-19,2021-12-08,"-11 day ahead inc hosp","quantile",0.5,287,"COVID-19"
"DE-MV","00+",2021-12-19,2021-12-08,"-11 day ahead inc hosp","quantile",0.75,300,"COVID-19"
"DE-MV","00+",2021-12-19,2021-12-08,"-11 day ahead inc hosp","quantile",0.9,314,"COVID-19"
"DE-MV","00+",2021-12-19,2021-12-08,"-11 day ahead inc hosp","quantile",0.975,334,"COVID-19"
"DE-MV","00+",2021-12-19,2021-12-07,"-12 day ahead inc hosp","mean",NA,273,"COVID-19"
"DE-MV","00+",2021-12-19,2021-12-07,"-12 day ahead inc hosp","quantile",0.025,253,"COVID-19"
"DE-MV","00+",2021-12-19,2021-12-07,"-12 day ahead inc hosp","quantile",0.1,257,"COVID-19"
"DE-MV","00+",2021-12-19,2021-12-07,"-12 day ahead inc hosp","quantile",0.25,262,"COVID-19"
"DE-MV","00+",2021-12-19,2021-12-07,"-12 day ahead inc hosp","quantile",0.5,270,"COVID-19"
"DE-MV","00+",2021-12-19,2021-12-07,"-12 day ahead inc hosp","quantile",0.75,281,"COVID-19"
"DE-MV","00+",2021-12-19,2021-12-07,"-12 day ahead inc hosp","quantile",0.9,292,"COVID-19"
"DE-MV","00+",2021-12-19,2021-12-07,"-12 day ahead inc hosp","quantile",0.975,308,"COVID-19"
"DE-MV","00+",2021-12-19,2021-12-06,"-13 day ahead inc hosp","mean",NA,276,"COVID-19"
"DE-MV","00+",2021-12-19,2021-12-06,"-13 day ahead inc hosp","quantile",0.025,257,"COVID-19"
"DE-MV","00+",2021-12-19,2021-12-06,"-13 day ahead inc hosp","quantile",0.1,261,"COVID-19"
"DE-MV","00+",2021-12-19,2021-12-06,"-13 day ahead inc hosp","quantile",0.25,266,"COVID-19"
"DE-MV","00+",2021-12-19,2021-12-06,"-13 day ahead inc hosp","quantile",0.5,273,"COVID-19"
"DE-MV","00+",2021-12-19,2021-12-06,"-13 day ahead inc hosp","quantile",0.75,283,"COVID-19"
"DE-MV","00+",2021-12-19,2021-12-06,"-13 day ahead inc hosp","quantile",0.9,294,"COVID-19"
"DE-MV","00+",2021-12-19,2021-12-06,"-13 day ahead inc hosp","quantile",0.975,310,"COVID-19"
"DE-MV","00+",2021-12-19,2021-12-05,"-14 day ahead inc hosp","mean",NA,280,"COVID-19"
"DE-MV","00+",2021-12-19,2021-12-05,"-14 day ahead inc hosp","quantile",0.025,261,"COVID-19"
"DE-MV","00+",2021-12-19,2021-12-05,"-14 day ahead inc hosp","quantile",0.1,265,"COVID-19"
"DE-MV","00+",2021-12-19,2021-12-05,"-14 day ahead inc hosp","quantile",0.25,270,"COVID-19"
"DE-MV","00+",2021-12-19,2021-12-05,"-14 day ahead inc hosp","quantile",0.5,277,"COVID-19"
"DE-MV","00+",2021-12-19,2021-12-05,"-14 day ahead inc hosp","quantile",0.75,287,"COVID-19"
"DE-MV","00+",2021-12-19,2021-12-05,"-14 day ahead inc hosp","quantile",0.9,298,"COVID-19"
"DE-MV","00+",2021-12-19,2021-12-05,"-14 day ahead inc hosp","quantile",0.975,313,"COVID-19"
"DE-MV","00+",2021-12-19,2021-12-04,"-15 day ahead inc hosp","mean",NA,269,"COVID-19"
"DE-MV","00+",2021-12-19,2021-12-04,"-15 day ahead inc hosp","quantile",0.025,253,"COVID-19"
"DE-MV","00+",2021-12-19,2021-12-04,"-15 day ahead inc hosp","quantile",0.1,256,"COVID-19"
"DE-MV","00+",2021-12-19,2021-12-04,"-15 day ahead inc hosp","quantile",0.25,260,"COVID-19"
"DE-MV","00+",2021-12-19,2021-12-04,"-15 day ahead inc hosp","quantile",0.5,266,"COVID-19"
"DE-MV","00+",2021-12-19,2021-12-04,"-15 day ahead inc hosp","quantile",0.75,275,"COVID-19"
"DE-MV","00+",2021-12-19,2021-12-04,"-15 day ahead inc hosp","quantile",0.9,285,"COVID-19"
"DE-MV","00+",2021-12-19,2021-12-04,"-15 day ahead inc hosp","quantile",0.975,298,"COVID-19"
"DE-MV","00+",2021-12-19,2021-12-03,"-16 day ahead inc hosp","mean",NA,279,"COVID-19"
"DE-MV","00+",2021-12-19,2021-12-03,"-16 day ahead inc hosp","quantile",0.025,265,"COVID-19"
"DE-MV","00+",2021-12-19,2021-12-03,"-16 day ahead inc hosp","quantile",0.1,268,"COVID-19"
"DE-MV","00+",2021-12-19,2021-12-03,"-16 day ahead inc hosp","quantile",0.25,271,"COVID-19"
"DE-MV","00+",2021-12-19,2021-12-03,"-16 day ahead inc hosp","quantile",0.5,277,"COVID-19"
"DE-MV","00+",2021-12-19,2021-12-03,"-16 day ahead inc hosp","quantile",0.75,285,"COVID-19"
"DE-MV","00+",2021-12-19,2021-12-03,"-16 day ahead inc hosp","quantile",0.9,294,"COVID-19"
"DE-MV","00+",2021-12-19,2021-12-03,"-16 day ahead inc hosp","quantile",0.975,306,"COVID-19"
"DE-MV","00+",2021-12-19,2021-12-02,"-17 day ahead inc hosp","mean",NA,275,"COVID-19"
"DE-MV","00+",2021-12-19,2021-12-02,"-17 day ahead inc hosp","quantile",0.025,262,"COVID-19"
"DE-MV","00+",2021-12-19,2021-12-02,"-17 day ahead inc hosp","quantile",0.1,265,"COVID-19"
"DE-MV","00+",2021-12-19,2021-12-02,"-17 day ahead inc hosp","quantile",0.25,268,"COVID-19"
"DE-MV","00+",2021-12-19,2021-12-02,"-17 day ahead inc hosp","quantile",0.5,273,"COVID-19"
"DE-MV","00+",2021-12-19,2021-12-02,"-17 day ahead inc hosp","quantile",0.75,280,"COVID-19"
"DE-MV","00+",2021-12-19,2021-12-02,"-17 day ahead inc hosp","quantile",0.9,289,"COVID-19"
"DE-MV","00+",2021-12-19,2021-12-02,"-17 day ahead inc hosp","quantile",0.975,300,"COVID-19"
"DE-MV","00+",2021-12-19,2021-12-01,"-18 day ahead inc hosp","mean",NA,265,"COVID-19"
"DE-MV","00+",2021-12-19,2021-12-01,"-18 day ahead inc hosp","quantile",0.025,254,"COVID-19"
"DE-MV","00+",2021-12-19,2021-12-01,"-18 day ahead inc hosp","quantile",0.1,256,"COVID-19"
"DE-MV","00+",2021-12-19,2021-12-01,"-18 day ahead inc hosp","quantile",0.25,259,"COVID-19"
"DE-MV","00+",2021-12-19,2021-12-01,"-18 day ahead inc hosp","quantile",0.5,263,"COVID-19"
"DE-MV","00+",2021-12-19,2021-12-01,"-18 day ahead inc hosp","quantile",0.75,269,"COVID-19"
"DE-MV","00+",2021-12-19,2021-12-01,"-18 day ahead inc hosp","quantile",0.9,276,"COVID-19"
"DE-MV","00+",2021-12-19,2021-12-01,"-18 day ahead inc hosp","quantile",0.975,286,"COVID-19"
"DE-MV","00+",2021-12-19,2021-11-30,"-19 day ahead inc hosp","mean",NA,303,"COVID-19"
"DE-MV","00+",2021-12-19,2021-11-30,"-19 day ahead inc hosp","quantile",0.025,292,"COVID-19"
"DE-MV","00+",2021-12-19,2021-11-30,"-19 day ahead inc hosp","quantile",0.1,294,"COVID-19"
"DE-MV","00+",2021-12-19,2021-11-30,"-19 day ahead inc hosp","quantile",0.25,297,"COVID-19"
"DE-MV","00+",2021-12-19,2021-11-30,"-19 day ahead inc hosp","quantile",0.5,302,"COVID-19"
"DE-MV","00+",2021-12-19,2021-11-30,"-19 day ahead inc hosp","quantile",0.75,308,"COVID-19"
"DE-MV","00+",2021-12-19,2021-11-30,"-19 day ahead inc hosp","quantile",0.9,315,"COVID-19"
"DE-MV","00+",2021-12-19,2021-11-30,"-19 day ahead inc hosp","quantile",0.975,325,"COVID-19"
"DE-MV","00+",2021-12-19,2021-11-29,"-20 day ahead inc hosp","mean",NA,315,"COVID-19"
"DE-MV","00+",2021-12-19,2021-11-29,"-20 day ahead inc hosp","quantile",0.025,304,"COVID-19"
"DE-MV","00+",2021-12-19,2021-11-29,"-20 day ahead inc hosp","quantile",0.1,306,"COVID-19"
"DE-MV","00+",2021-12-19,2021-11-29,"-20 day ahead inc hosp","quantile",0.25,309,"COVID-19"
"DE-MV","00+",2021-12-19,2021-11-29,"-20 day ahead inc hosp","quantile",0.5,313,"COVID-19"
"DE-MV","00+",2021-12-19,2021-11-29,"-20 day ahead inc hosp","quantile",0.75,319,"COVID-19"
"DE-MV","00+",2021-12-19,2021-11-29,"-20 day ahead inc hosp","quantile",0.9,326,"COVID-19"
"DE-MV","00+",2021-12-19,2021-11-29,"-20 day ahead inc hosp","quantile",0.975,336,"COVID-19"
"DE-MV","00+",2021-12-19,2021-11-28,"-21 day ahead inc hosp","mean",NA,306,"COVID-19"
"DE-MV","00+",2021-12-19,2021-11-28,"-21 day ahead inc hosp","quantile",0.025,296,"COVID-19"
"DE-MV","00+",2021-12-19,2021-11-28,"-21 day ahead inc hosp","quantile",0.1,297,"COVID-19"
"DE-MV","00+",2021-12-19,2021-11-28,"-21 day ahead inc hosp","quantile",0.25,300,"COVID-19"
"DE-MV","00+",2021-12-19,2021-11-28,"-21 day ahead inc hosp","quantile",0.5,304,"COVID-19"
"DE-MV","00+",2021-12-19,2021-11-28,"-21 day ahead inc hosp","quantile",0.75,310,"COVID-19"
"DE-MV","00+",2021-12-19,2021-11-28,"-21 day ahead inc hosp","quantile",0.9,316,"COVID-19"
"DE-MV","00+",2021-12-19,2021-11-28,"-21 day ahead inc hosp","quantile",0.975,325,"COVID-19"
"DE-MV","00+",2021-12-19,2021-11-27,"-22 day ahead inc hosp","mean",NA,298,"COVID-19"
"DE-MV","00+",2021-12-19,2021-11-27,"-22 day ahead inc hosp","quantile",0.025,288,"COVID-19"
"DE-MV","00+",2021-12-19,2021-11-27,"-22 day ahead inc hosp","quantile",0.1,290,"COVID-19"
"DE-MV","00+",2021-12-19,2021-11-27,"-22 day ahead inc hosp","quantile",0.25,292,"COVID-19"
"DE-MV","00+",2021-12-19,2021-11-27,"-22 day ahead inc hosp","quantile",0.5,296,"COVID-19"
"DE-MV","00+",2021-12-19,2021-11-27,"-22 day ahead inc hosp","quantile",0.75,302,"COVID-19"
"DE-MV","00+",2021-12-19,2021-11-27,"-22 day ahead inc hosp","quantile",0.9,308,"COVID-19"
"DE-MV","00+",2021-12-19,2021-11-27,"-22 day ahead inc hosp","quantile",0.975,317,"COVID-19"
"DE-MV","00+",2021-12-19,2021-11-26,"-23 day ahead inc hosp","mean",NA,293,"COVID-19"
"DE-MV","00+",2021-12-19,2021-11-26,"-23 day ahead inc hosp","quantile",0.025,284,"COVID-19"
"DE-MV","00+",2021-12-19,2021-11-26,"-23 day ahead inc hosp","quantile",0.1,285,"COVID-19"
"DE-MV","00+",2021-12-19,2021-11-26,"-23 day ahead inc hosp","quantile",0.25,287,"COVID-19"
"DE-MV","00+",2021-12-19,2021-11-26,"-23 day ahead inc hosp","quantile",0.5,291,"COVID-19"
"DE-MV","00+",2021-12-19,2021-11-26,"-23 day ahead inc hosp","quantile",0.75,296,"COVID-19"
"DE-MV","00+",2021-12-19,2021-11-26,"-23 day ahead inc hosp","quantile",0.9,303,"COVID-19"
"DE-MV","00+",2021-12-19,2021-11-26,"-23 day ahead inc hosp","quantile",0.975,312,"COVID-19"
"DE-MV","00+",2021-12-19,2021-11-25,"-24 day ahead inc hosp","mean",NA,290,"COVID-19"
"DE-MV","00+",2021-12-19,2021-11-25,"-24 day ahead inc hosp","quantile",0.025,282,"COVID-19"
"DE-MV","00+",2021-12-19,2021-11-25,"-24 day ahead inc hosp","quantile",0.1,283,"COVID-19"
"DE-MV","00+",2021-12-19,2021-11-25,"-24 day ahead inc hosp","quantile",0.25,285,"COVID-19"
"DE-MV","00+",2021-12-19,2021-11-25,"-24 day ahead inc hosp","quantile",0.5,288,"COVID-19"
"DE-MV","00+",2021-12-19,2021-11-25,"-24 day ahead inc hosp","quantile",0.75,293,"COVID-19"
"DE-MV","00+",2021-12-19,2021-11-25,"-24 day ahead inc hosp","quantile",0.9,299,"COVID-19"
"DE-MV","00+",2021-12-19,2021-11-25,"-24 day ahead inc hosp","quantile",0.975,307,"COVID-19"
"DE-MV","00+",2021-12-19,2021-11-24,"-25 day ahead inc hosp","mean",NA,294,"COVID-19"
"DE-MV","00+",2021-12-19,2021-11-24,"-25 day ahead inc hosp","quantile",0.025,287,"COVID-19"
"DE-MV","00+",2021-12-19,2021-11-24,"-25 day ahead inc hosp","quantile",0.1,288,"COVID-19"
"DE-MV","00+",2021-12-19,2021-11-24,"-25 day ahead inc hosp","quantile",0.25,290,"COVID-19"
"DE-MV","00+",2021-12-19,2021-11-24,"-25 day ahead inc hosp","quantile",0.5,293,"COVID-19"
"DE-MV","00+",2021-12-19,2021-11-24,"-25 day ahead inc hosp","quantile",0.75,297,"COVID-19"
"DE-MV","00+",2021-12-19,2021-11-24,"-25 day ahead inc hosp","quantile",0.9,302,"COVID-19"
"DE-MV","00+",2021-12-19,2021-11-24,"-25 day ahead inc hosp","quantile",0.975,309,"COVID-19"
"DE-MV","00+",2021-12-19,2021-11-23,"-26 day ahead inc hosp","mean",NA,259,"COVID-19"
"DE-MV","00+",2021-12-19,2021-11-23,"-26 day ahead inc hosp","quantile",0.025,253,"COVID-19"
"DE-MV","00+",2021-12-19,2021-11-23,"-26 day ahead inc hosp","quantile",0.1,254,"COVID-19"
"DE-MV","00+",2021-12-19,2021-11-23,"-26 day ahead inc hosp","quantile",0.25,256,"COVID-19"
"DE-MV","00+",2021-12-19,2021-11-23,"-26 day ahead inc hosp","quantile",0.5,258,"COVID-19"
"DE-MV","00+",2021-12-19,2021-11-23,"-26 day ahead inc hosp","quantile",0.75,261,"COVID-19"
"DE-MV","00+",2021-12-19,2021-11-23,"-26 day ahead inc hosp","quantile",0.9,264,"COVID-19"
"DE-MV","00+",2021-12-19,2021-11-23,"-26 day ahead inc hosp","quantile",0.975,268,"COVID-19"
"DE-MV","00+",2021-12-19,2021-11-22,"-27 day ahead inc hosp","mean",NA,231,"COVID-19"
"DE-MV","00+",2021-12-19,2021-11-22,"-27 day ahead inc hosp","quantile",0.025,226,"COVID-19"
"DE-MV","00+",2021-12-19,2021-11-22,"-27 day ahead inc hosp","quantile",0.1,227,"COVID-19"
"DE-MV","00+",2021-12-19,2021-11-22,"-27 day ahead inc hosp","quantile",0.25,228,"COVID-19"
"DE-MV","00+",2021-12-19,2021-11-22,"-27 day ahead inc hosp","quantile",0.5,230,"COVID-19"
"DE-MV","00+",2021-12-19,2021-11-22,"-27 day ahead inc hosp","quantile",0.75,232,"COVID-19"
"DE-MV","00+",2021-12-19,2021-11-22,"-27 day ahead inc hosp","quantile",0.9,235,"COVID-19"
"DE-MV","00+",2021-12-19,2021-11-22,"-27 day ahead inc hosp","quantile",0.975,239,"COVID-19"
"DE-MV","00+",2021-12-19,2021-11-21,"-28 day ahead inc hosp","mean",NA,229,"COVID-19"
"DE-MV","00+",2021-12-19,2021-11-21,"-28 day ahead inc hosp","quantile",0.025,225,"COVID-19"
"DE-MV","00+",2021-12-19,2021-11-21,"-28 day ahead inc hosp","quantile",0.1,226,"COVID-19"
"DE-MV","00+",2021-12-19,2021-11-21,"-28 day ahead inc hosp","quantile",0.25,227,"COVID-19"
"DE-MV","00+",2021-12-19,2021-11-21,"-28 day ahead inc hosp","quantile",0.5,229,"COVID-19"
"DE-MV","00+",2021-12-19,2021-11-21,"-28 day ahead inc hosp","quantile",0.75,231,"COVID-19"
"DE-MV","00+",2021-12-19,2021-11-21,"-28 day ahead inc hosp","quantile",0.9,234,"COVID-19"
"DE-MV","00+",2021-12-19,2021-11-21,"-28 day ahead inc hosp","quantile",0.975,237,"COVID-19"
"DE-NI","00+",2021-12-19,2021-12-19,"0 day ahead inc hosp","mean",NA,408,"COVID-19"
"DE-NI","00+",2021-12-19,2021-12-19,"0 day ahead inc hosp","quantile",0.025,301,"COVID-19"
"DE-NI","00+",2021-12-19,2021-12-19,"0 day ahead inc hosp","quantile",0.1,328,"COVID-19"
"DE-NI","00+",2021-12-19,2021-12-19,"0 day ahead inc hosp","quantile",0.25,359,"COVID-19"
"DE-NI","00+",2021-12-19,2021-12-19,"0 day ahead inc hosp","quantile",0.5,400,"COVID-19"
"DE-NI","00+",2021-12-19,2021-12-19,"0 day ahead inc hosp","quantile",0.75,448,"COVID-19"
"DE-NI","00+",2021-12-19,2021-12-19,"0 day ahead inc hosp","quantile",0.9,499,"COVID-19"
"DE-NI","00+",2021-12-19,2021-12-19,"0 day ahead inc hosp","quantile",0.975,565,"COVID-19"
"DE-NI","00+",2021-12-19,2021-12-18,"-1 day ahead inc hosp","mean",NA,434,"COVID-19"
"DE-NI","00+",2021-12-19,2021-12-18,"-1 day ahead inc hosp","quantile",0.025,338,"COVID-19"
"DE-NI","00+",2021-12-19,2021-12-18,"-1 day ahead inc hosp","quantile",0.1,364,"COVID-19"
"DE-NI","00+",2021-12-19,2021-12-18,"-1 day ahead inc hosp","quantile",0.25,391,"COVID-19"
"DE-NI","00+",2021-12-19,2021-12-18,"-1 day ahead inc hosp","quantile",0.5,427,"COVID-19"
"DE-NI","00+",2021-12-19,2021-12-18,"-1 day ahead inc hosp","quantile",0.75,470,"COVID-19"
"DE-NI","00+",2021-12-19,2021-12-18,"-1 day ahead inc hosp","quantile",0.9,514,"COVID-19"
"DE-NI","00+",2021-12-19,2021-12-18,"-1 day ahead inc hosp","quantile",0.975,571,"COVID-19"
"DE-NI","00+",2021-12-19,2021-12-17,"-2 day ahead inc hosp","mean",NA,457,"COVID-19"
"DE-NI","00+",2021-12-19,2021-12-17,"-2 day ahead inc hosp","quantile",0.025,378,"COVID-19"
"DE-NI","00+",2021-12-19,2021-12-17,"-2 day ahead inc hosp","quantile",0.1,400,"COVID-19"
"DE-NI","00+",2021-12-19,2021-12-17,"-2 day ahead inc hosp","quantile",0.25,422,"COVID-19"
"DE-NI","00+",2021-12-19,2021-12-17,"-2 day ahead inc hosp","quantile",0.5,452,"COVID-19"
"DE-NI","00+",2021-12-19,2021-12-17,"-2 day ahead inc hosp","quantile",0.75,487,"COVID-19"
"DE-NI","00+",2021-12-19,2021-12-17,"-2 day ahead inc hosp","quantile",0.9,522,"COVID-19"
"DE-NI","00+",2021-12-19,2021-12-17,"-2 day ahead inc hosp","quantile",0.975,567,"COVID-19"
"DE-NI","00+",2021-12-19,2021-12-16,"-3 day ahead inc hosp","mean",NA,472,"COVID-19"
"DE-NI","00+",2021-12-19,2021-12-16,"-3 day ahead inc hosp","quantile",0.025,402,"COVID-19"
"DE-NI","00+",2021-12-19,2021-12-16,"-3 day ahead inc hosp","quantile",0.1,422,"COVID-19"
"DE-NI","00+",2021-12-19,2021-12-16,"-3 day ahead inc hosp","quantile",0.25,442,"COVID-19"
"DE-NI","00+",2021-12-19,2021-12-16,"-3 day ahead inc hosp","quantile",0.5,467,"COVID-19"
"DE-NI","00+",2021-12-19,2021-12-16,"-3 day ahead inc hosp","quantile",0.75,497,"COVID-19"
"DE-NI","00+",2021-12-19,2021-12-16,"-3 day ahead inc hosp","quantile",0.9,527,"COVID-19"
"DE-NI","00+",2021-12-19,2021-12-16,"-3 day ahead inc hosp","quantile",0.975,564,"COVID-19"
"DE-NI","00+",2021-12-19,2021-12-15,"-4 day ahead inc hosp","mean",NA,439,"COVID-19"
"DE-NI","00+",2021-12-19,2021-12-15,"-4 day ahead inc hosp","quantile",0.025,386,"COVID-19"
"DE-NI","00+",2021-12-19,2021-12-15,"-4 day ahead inc hosp","quantile",0.1,401,"COVID-19"
"DE-NI","00+",2021-12-19,2021-12-15,"-4 day ahead inc hosp","quantile",0.25,416,"COVID-19"
"DE-NI","00+",2021-12-19,2021-12-15,"-4 day ahead inc hosp","quantile",0.5,436,"COVID-19"
"DE-NI","00+",2021-12-19,2021-12-15,"-4 day ahead inc hosp","quantile",0.75,459,"COVID-19"
"DE-NI","00+",2021-12-19,2021-12-15,"-4 day ahead inc hosp","quantile",0.9,482,"COVID-19"
"DE-NI","00+",2021-12-19,2021-12-15,"-4 day ahead inc hosp","quantile",0.975,511,"COVID-19"
"DE-NI","00+",2021-12-19,2021-12-14,"-5 day ahead inc hosp","mean",NA,421,"COVID-19"
"DE-NI","00+",2021-12-19,2021-12-14,"-5 day ahead inc hosp","quantile",0.025,380,"COVID-19"
"DE-NI","00+",2021-12-19,2021-12-14,"-5 day ahead inc hosp","quantile",0.1,391,"COVID-19"
"DE-NI","00+",2021-12-19,2021-12-14,"-5 day ahead inc hosp","quantile",0.25,403,"COVID-19"
"DE-NI","00+",2021-12-19,2021-12-14,"-5 day ahead inc hosp","quantile",0.5,418,"COVID-19"
"DE-NI","00+",2021-12-19,2021-12-14,"-5 day ahead inc hosp","quantile",0.75,436,"COVID-19"
"DE-NI","00+",2021-12-19,2021-12-14,"-5 day ahead inc hosp","quantile",0.9,454,"COVID-19"
"DE-NI","00+",2021-12-19,2021-12-14,"-5 day ahead inc hosp","quantile",0.975,477,"COVID-19"
"DE-NI","00+",2021-12-19,2021-12-13,"-6 day ahead inc hosp","mean",NA,424,"COVID-19"
"DE-NI","00+",2021-12-19,2021-12-13,"-6 day ahead inc hosp","quantile",0.025,388,"COVID-19"
"DE-NI","00+",2021-12-19,2021-12-13,"-6 day ahead inc hosp","quantile",0.1,397,"COVID-19"
"DE-NI","00+",2021-12-19,2021-12-13,"-6 day ahead inc hosp","quantile",0.25,408,"COVID-19"
"DE-NI","00+",2021-12-19,2021-12-13,"-6 day ahead inc hosp","quantile",0.5,422,"COVID-19"
"DE-NI","00+",2021-12-19,2021-12-13,"-6 day ahead inc hosp","quantile",0.75,438,"COVID-19"
"DE-NI","00+",2021-12-19,2021-12-13,"-6 day ahead inc hosp","quantile",0.9,454,"COVID-19"
"DE-NI","00+",2021-12-19,2021-12-13,"-6 day ahead inc hosp","quantile",0.975,476,"COVID-19"
"DE-NI","00+",2021-12-19,2021-12-12,"-7 day ahead inc hosp","mean",NA,441,"COVID-19"
"DE-NI","00+",2021-12-19,2021-12-12,"-7 day ahead inc hosp","quantile",0.025,404,"COVID-19"
"DE-NI","00+",2021-12-19,2021-12-12,"-7 day ahead inc hosp","quantile",0.1,414,"COVID-19"
"DE-NI","00+",2021-12-19,2021-12-12,"-7 day ahead inc hosp","quantile",0.25,424,"COVID-19"
"DE-NI","00+",2021-12-19,2021-12-12,"-7 day ahead inc hosp","quantile",0.5,438,"COVID-19"
"DE-NI","00+",2021-12-19,2021-12-12,"-7 day ahead inc hosp","quantile",0.75,455,"COVID-19"
"DE-NI","00+",2021-12-19,2021-12-12,"-7 day ahead inc hosp","quantile",0.9,473,"COVID-19"
"DE-NI","00+",2021-12-19,2021-12-12,"-7 day ahead inc hosp","quantile",0.975,495,"COVID-19"
"DE-NI","00+",2021-12-19,2021-12-11,"-8 day ahead inc hosp","mean",NA,427,"COVID-19"
"DE-NI","00+",2021-12-19,2021-12-11,"-8 day ahead inc hosp","quantile",0.025,395,"COVID-19"
"DE-NI","00+",2021-12-19,2021-12-11,"-8 day ahead inc hosp","quantile",0.1,404,"COVID-19"
"DE-NI","00+",2021-12-19,2021-12-11,"-8 day ahead inc hosp","quantile",0.25,412,"COVID-19"
"DE-NI","00+",2021-12-19,2021-12-11,"-8 day ahead inc hosp","quantile",0.5,424,"COVID-19"
"DE-NI","00+",2021-12-19,2021-12-11,"-8 day ahead inc hosp","quantile",0.75,438,"COVID-19"
"DE-NI","00+",2021-12-19,2021-12-11,"-8 day ahead inc hosp","quantile",0.9,453,"COVID-19"
"DE-NI","00+",2021-12-19,2021-12-11,"-8 day ahead inc hosp","quantile",0.975,471,"COVID-19"
"DE-NI","00+",2021-12-19,2021-12-10,"-9 day ahead inc hosp","mean",NA,402,"COVID-19"
"DE-NI","00+",2021-12-19,2021-12-10,"-9 day ahead inc hosp","quantile",0.025,377,"COVID-19"
"DE-NI","00+",2021-12-19,2021-12-10,"-9 day ahead inc hosp","quantile",0.1,383,"COVID-19"
"DE-NI","00+",2021-12-19,2021-12-10,"-9 day ahead inc hosp","quantile",0.25,390,"COVID-19"
"DE-NI","00+",2021-12-19,2021-12-10,"-9 day ahead inc hosp","quantile",0.5,400,"COVID-19"
"DE-NI","00+",2021-12-19,2021-12-10,"-9 day ahead inc hosp","quantile",0.75,411,"COVID-19"
"DE-NI","00+",2021-12-19,2021-12-10,"-9 day ahead inc hosp","quantile",0.9,422,"COVID-19"
"DE-NI","00+",2021-12-19,2021-12-10,"-9 day ahead inc hosp","quantile",0.975,437,"COVID-19"
"DE-NI","00+",2021-12-19,2021-12-09,"-10 day ahead inc hosp","mean",NA,413,"COVID-19"
"DE-NI","00+",2021-12-19,2021-12-09,"-10 day ahead inc hosp","quantile",0.025,393,"COVID-19"
"DE-NI","00+",2021-12-19,2021-12-09,"-10 day ahead inc hosp","quantile",0.1,398,"COVID-19"
"DE-NI","00+",2021-12-19,2021-12-09,"-10 day ahead inc hosp","quantile",0.25,404,"COVID-19"
"DE-NI","00+",2021-12-19,2021-12-09,"-10 day ahead inc hosp","quantile",0.5,412,"COVID-19"
"DE-NI","00+",2021-12-19,2021-12-09,"-10 day ahead inc hosp","quantile",0.75,421,"COVID-19"
"DE-NI","00+",2021-12-19,2021-12-09,"-10 day ahead inc hosp","quantile",0.9,430,"COVID-19"
"DE-NI","00+",2021-12-19,2021-12-09,"-10 day ahead inc hosp","quantile",0.975,442,"COVID-19"
"DE-NI","00+",2021-12-19,2021-12-08,"-11 day ahead inc hosp","mean",NA,421,"COVID-19"
"DE-NI","00+",2021-12-19,2021-12-08,"-11 day ahead inc hosp","quantile",0.025,405,"COVID-19"
"DE-NI","00+",2021-12-19,2021-12-08,"-11 day ahead inc hosp","quantile",0.1,409,"COVID-19"
"DE-NI","00+",2021-12-19,2021-12-08,"-11 day ahead inc hosp","quantile",0.25,414,"COVID-19"
"DE-NI","00+",2021-12-19,2021-12-08,"-11 day ahead inc hosp","quantile",0.5,420,"COVID-19"
"DE-NI","00+",2021-12-19,2021-12-08,"-11 day ahead inc hosp","quantile",0.75,427,"COVID-19"
"DE-NI","00+",2021-12-19,2021-12-08,"-11 day ahead inc hosp","quantile",0.9,434,"COVID-19"
"DE-NI","00+",2021-12-19,2021-12-08,"-11 day ahead inc hosp","quantile",0.975,442,"COVID-19"
"DE-NI","00+",2021-12-19,2021-12-07,"-12 day ahead inc hosp","mean",NA,410,"COVID-19"
"DE-NI","00+",2021-12-19,2021-12-07,"-12 day ahead inc hosp","quantile",0.025,398,"COVID-19"
"DE-NI","00+",2021-12-19,2021-12-07,"-12 day ahead inc hosp","quantile",0.1,401,"COVID-19"
"DE-NI","00+",2021-12-19,2021-12-07,"-12 day ahead inc hosp","quantile",0.25,405,"COVID-19"
"DE-NI","00+",2021-12-19,2021-12-07,"-12 day ahead inc hosp","quantile",0.5,410,"COVID-19"
"DE-NI","00+",2021-12-19,2021-12-07,"-12 day ahead inc hosp","quantile",0.75,415,"COVID-19"
"DE-NI","00+",2021-12-19,2021-12-07,"-12 day ahead inc hosp","quantile",0.9,421,"COVID-19"
"DE-NI","00+",2021-12-19,2021-12-07,"-12 day ahead inc hosp","quantile",0.975,428,"COVID-19"
"DE-NI","00+",2021-12-19,2021-12-06,"-13 day ahead inc hosp","mean",NA,398,"COVID-19"
"DE-NI","00+",2021-12-19,2021-12-06,"-13 day ahead inc hosp","quantile",0.025,388,"COVID-19"
"DE-NI","00+",2021-12-19,2021-12-06,"-13 day ahead inc hosp","quantile",0.1,390,"COVID-19"
"DE-NI","00+",2021-12-19,2021-12-06,"-13 day ahead inc hosp","quantile",0.25,394,"COVID-19"
"DE-NI","00+",2021-12-19,2021-12-06,"-13 day ahead inc hosp","quantile",0.5,398,"COVID-19"
"DE-NI","00+",2021-12-19,2021-12-06,"-13 day ahead inc hosp","quantile",0.75,402,"COVID-19"
"DE-NI","00+",2021-12-19,2021-12-06,"-13 day ahead inc hosp","quantile",0.9,407,"COVID-19"
"DE-NI","00+",2021-12-19,2021-12-06,"-13 day ahead inc hosp","quantile",0.975,413,"COVID-19"
"DE-NI","00+",2021-12-19,2021-12-05,"-14 day ahead inc hosp","mean",NA,377,"COVID-19"
"DE-NI","00+",2021-12-19,2021-12-05,"-14 day ahead inc hosp","quantile",0.025,367,"COVID-19"
"DE-NI","00+",2021-12-19,2021-12-05,"-14 day ahead inc hosp","quantile",0.1,370,"COVID-19"
"DE-NI","00+",2021-12-19,2021-12-05,"-14 day ahead inc hosp","quantile",0.25,373,"COVID-19"
"DE-NI","00+",2021-12-19,2021-12-05,"-14 day ahead inc hosp","quantile",0.5,376,"COVID-19"
"DE-NI","00+",2021-12-19,2021-12-05,"-14 day ahead inc hosp","quantile",0.75,380,"COVID-19"
"DE-NI","00+",2021-12-19,2021-12-05,"-14 day ahead inc hosp","quantile",0.9,385,"COVID-19"
"DE-NI","00+",2021-12-19,2021-12-05,"-14 day ahead inc hosp","quantile",0.975,390,"COVID-19"
"DE-NI","00+",2021-12-19,2021-12-04,"-15 day ahead inc hosp","mean",NA,371,"COVID-19"
"DE-NI","00+",2021-12-19,2021-12-04,"-15 day ahead inc hosp","quantile",0.025,362,"COVID-19"
"DE-NI","00+",2021-12-19,2021-12-04,"-15 day ahead inc hosp","quantile",0.1,364,"COVID-19"
"DE-NI","00+",2021-12-19,2021-12-04,"-15 day ahead inc hosp","quantile",0.25,367,"COVID-19"
"DE-NI","00+",2021-12-19,2021-12-04,"-15 day ahead inc hosp","quantile",0.5,370,"COVID-19"
"DE-NI","00+",2021-12-19,2021-12-04,"-15 day ahead inc hosp","quantile",0.75,375,"COVID-19"
"DE-NI","00+",2021-12-19,2021-12-04,"-15 day ahead inc hosp","quantile",0.9,379,"COVID-19"
"DE-NI","00+",2021-12-19,2021-12-04,"-15 day ahead inc hosp","quantile",0.975,384,"COVID-19"
"DE-NI","00+",2021-12-19,2021-12-03,"-16 day ahead inc hosp","mean",NA,377,"COVID-19"
"DE-NI","00+",2021-12-19,2021-12-03,"-16 day ahead inc hosp","quantile",0.025,368,"COVID-19"
"DE-NI","00+",2021-12-19,2021-12-03,"-16 day ahead inc hosp","quantile",0.1,370,"COVID-19"
"DE-NI","00+",2021-12-19,2021-12-03,"-16 day ahead inc hosp","quantile",0.25,373,"COVID-19"
"DE-NI","00+",2021-12-19,2021-12-03,"-16 day ahead inc hosp","quantile",0.5,376,"COVID-19"
"DE-NI","00+",2021-12-19,2021-12-03,"-16 day ahead inc hosp","quantile",0.75,380,"COVID-19"
"DE-NI","00+",2021-12-19,2021-12-03,"-16 day ahead inc hosp","quantile",0.9,384,"COVID-19"
"DE-NI","00+",2021-12-19,2021-12-03,"-16 day ahead inc hosp","quantile",0.975,390,"COVID-19"
"DE-NI","00+",2021-12-19,2021-12-02,"-17 day ahead inc hosp","mean",NA,381,"COVID-19"
"DE-NI","00+",2021-12-19,2021-12-02,"-17 day ahead inc hosp","quantile",0.025,373,"COVID-19"
"DE-NI","00+",2021-12-19,2021-12-02,"-17 day ahead inc hosp","quantile",0.1,375,"COVID-19"
"DE-NI","00+",2021-12-19,2021-12-02,"-17 day ahead inc hosp","quantile",0.25,377,"COVID-19"
"DE-NI","00+",2021-12-19,2021-12-02,"-17 day ahead inc hosp","quantile",0.5,380,"COVID-19"
"DE-NI","00+",2021-12-19,2021-12-02,"-17 day ahead inc hosp","quantile",0.75,384,"COVID-19"
"DE-NI","00+",2021-12-19,2021-12-02,"-17 day ahead inc hosp","quantile",0.9,388,"COVID-19"
"DE-NI","00+",2021-12-19,2021-12-02,"-17 day ahead inc hosp","quantile",0.975,393,"COVID-19"
"DE-NI","00+",2021-12-19,2021-12-01,"-18 day ahead inc hosp","mean",NA,368,"COVID-19"
"DE-NI","00+",2021-12-19,2021-12-01,"-18 day ahead inc hosp","quantile",0.025,362,"COVID-19"
"DE-NI","00+",2021-12-19,2021-12-01,"-18 day ahead inc hosp","quantile",0.1,363,"COVID-19"
"DE-NI","00+",2021-12-19,2021-12-01,"-18 day ahead inc hosp","quantile",0.25,365,"COVID-19"
"DE-NI","00+",2021-12-19,2021-12-01,"-18 day ahead inc hosp","quantile",0.5,367,"COVID-19"
"DE-NI","00+",2021-12-19,2021-12-01,"-18 day ahead inc hosp","quantile",0.75,371,"COVID-19"
"DE-NI","00+",2021-12-19,2021-12-01,"-18 day ahead inc hosp","quantile",0.9,374,"COVID-19"
"DE-NI","00+",2021-12-19,2021-12-01,"-18 day ahead inc hosp","quantile",0.975,378,"COVID-19"
"DE-NI","00+",2021-12-19,2021-11-30,"-19 day ahead inc hosp","mean",NA,384,"COVID-19"
"DE-NI","00+",2021-12-19,2021-11-30,"-19 day ahead inc hosp","quantile",0.025,378,"COVID-19"
"DE-NI","00+",2021-12-19,2021-11-30,"-19 day ahead inc hosp","quantile",0.1,380,"COVID-19"
"DE-NI","00+",2021-12-19,2021-11-30,"-19 day ahead inc hosp","quantile",0.25,381,"COVID-19"
"DE-NI","00+",2021-12-19,2021-11-30,"-19 day ahead inc hosp","quantile",0.5,383,"COVID-19"
"DE-NI","00+",2021-12-19,2021-11-30,"-19 day ahead inc hosp","quantile",0.75,386,"COVID-19"
"DE-NI","00+",2021-12-19,2021-11-30,"-19 day ahead inc hosp","quantile",0.9,389,"COVID-19"
"DE-NI","00+",2021-12-19,2021-11-30,"-19 day ahead inc hosp","quantile",0.975,393,"COVID-19"
"DE-NI","00+",2021-12-19,2021-11-29,"-20 day ahead inc hosp","mean",NA,386,"COVID-19"
"DE-NI","00+",2021-12-19,2021-11-29,"-20 day ahead inc hosp","quantile",0.025,381,"COVID-19"
"DE-NI","00+",2021-12-19,2021-11-29,"-20 day ahead inc hosp","quantile",0.1,382,"COVID-19"
"DE-NI","00+",2021-12-19,2021-11-29,"-20 day ahead inc hosp","quantile",0.25,384,"COVID-19"
"DE-NI","00+",2021-12-19,2021-11-29,"-20 day ahead inc hosp","quantile",0.5,386,"COVID-19"
"DE-NI","00+",2021-12-19,2021-11-29,"-20 day ahead inc hosp","quantile",0.75,388,"COVID-19"
"DE-NI","00+",2021-12-19,2021-11-29,"-20 day ahead inc hosp","quantile",0.9,391,"COVID-19"
"DE-NI","00+",2021-12-19,2021-11-29,"-20 day ahead inc hosp","quantile",0.975,394,"COVID-19"
"DE-NI","00+",2021-12-19,2021-11-28,"-21 day ahead inc hosp","mean",NA,399,"COVID-19"
"DE-NI","00+",2021-12-19,2021-11-28,"-21 day ahead inc hosp","quantile",0.025,394,"COVID-19"
"DE-NI","00+",2021-12-19,2021-11-28,"-21 day ahead inc hosp","quantile",0.1,395,"COVID-19"
"DE-NI","00+",2021-12-19,2021-11-28,"-21 day ahead inc hosp","quantile",0.25,396,"COVID-19"
"DE-NI","00+",2021-12-19,2021-11-28,"-21 day ahead inc hosp","quantile",0.5,398,"COVID-19"
"DE-NI","00+",2021-12-19,2021-11-28,"-21 day ahead inc hosp","quantile",0.75,401,"COVID-19"
"DE-NI","00+",2021-12-19,2021-11-28,"-21 day ahead inc hosp","quantile",0.9,403,"COVID-19"
"DE-NI","00+",2021-12-19,2021-11-28,"-21 day ahead inc hosp","quantile",0.975,407,"COVID-19"
"DE-NI","00+",2021-12-19,2021-11-27,"-22 day ahead inc hosp","mean",NA,401,"COVID-19"
"DE-NI","00+",2021-12-19,2021-11-27,"-22 day ahead inc hosp","quantile",0.025,397,"COVID-19"
"DE-NI","00+",2021-12-19,2021-11-27,"-22 day ahead inc hosp","quantile",0.1,398,"COVID-19"
"DE-NI","00+",2021-12-19,2021-11-27,"-22 day ahead inc hosp","quantile",0.25,399,"COVID-19"
"DE-NI","00+",2021-12-19,2021-11-27,"-22 day ahead inc hosp","quantile",0.5,401,"COVID-19"
"DE-NI","00+",2021-12-19,2021-11-27,"-22 day ahead inc hosp","quantile",0.75,403,"COVID-19"
"DE-NI","00+",2021-12-19,2021-11-27,"-22 day ahead inc hosp","quantile",0.9,405,"COVID-19"
"DE-NI","00+",2021-12-19,2021-11-27,"-22 day ahead inc hosp","quantile",0.975,409,"COVID-19"
"DE-NI","00+",2021-12-19,2021-11-26,"-23 day ahead inc hosp","mean",NA,404,"COVID-19"
"DE-NI","00+",2021-12-19,2021-11-26,"-23 day ahead inc hosp","quantile",0.025,400,"COVID-19"
"DE-NI","00+",2021-12-19,2021-11-26,"-23 day ahead inc hosp","quantile",0.1,401,"COVID-19"
"DE-NI","00+",2021-12-19,2021-11-26,"-23 day ahead inc hosp","quantile",0.25,402,"COVID-19"
"DE-NI","00+",2021-12-19,2021-11-26,"-23 day ahead inc hosp","quantile",0.5,403,"COVID-19"
"DE-NI","00+",2021-12-19,2021-11-26,"-23 day ahead inc hosp","quantile",0.75,405,"COVID-19"
"DE-NI","00+",2021-12-19,2021-11-26,"-23 day ahead inc hosp","quantile",0.9,407,"COVID-19"
"DE-NI","00+",2021-12-19,2021-11-26,"-23 day ahead inc hosp","quantile",0.975,410,"COVID-19"
"DE-NI","00+",2021-12-19,2021-11-25,"-24 day ahead inc hosp","mean",NA,390,"COVID-19"
"DE-NI","00+",2021-12-19,2021-11-25,"-24 day ahead inc hosp","quantile",0.025,387,"COVID-19"
"DE-NI","00+",2021-12-19,2021-11-25,"-24 day ahead inc hosp","quantile",0.1,387,"COVID-19"
"DE-NI","00+",2021-12-19,2021-11-25,"-24 day ahead inc hosp","quantile",0.25,388,"COVID-19"
"DE-NI","00+",2021-12-19,2021-11-25,"-24 day ahead inc hosp","quantile",0.5,389,"COVID-19"
"DE-NI","00+",2021-12-19,2021-11-25,"-24 day ahead inc hosp","quantile",0.75,391,"COVID-19"
"DE-NI","00+",2021-12-19,2021-11-25,"-24 day ahead inc hosp","quantile",0.9,393,"COVID-19"
"DE-NI","00+",2021-12-19,2021-11-25,"-24 day ahead inc hosp","quantile",0.975,396,"COVID-19"
"DE-NI","00+",2021-12-19,2021-11-24,"-25 day ahead inc hosp","mean",NA,379,"COVID-19"
"DE-NI","00+",2021-12-19,2021-11-24,"-25 day ahead inc hosp","quantile",0.025,376,"COVID-19"
"DE-NI","00+",2021-12-19,2021-11-24,"-25 day ahead inc hosp","quantile",0.1,376,"COVID-19"
"DE-NI","00+",2021-12-19,2021-11-24,"-25 day ahead inc hosp","quantile",0.25,377,"COVID-19"
"DE-NI","00+",2021-12-19,2021-11-24,"-25 day ahead inc hosp","quantile",0.5,378,"COVID-19"
"DE-NI","00+",2021-12-19,2021-11-24,"-25 day ahead inc hosp","quantile",0.75,380,"COVID-19"
"DE-NI","00+",2021-12-19,2021-11-24,"-25 day ahead inc hosp","quantile",0.9,381,"COVID-19"
"DE-NI","00+",2021-12-19,2021-11-24,"-25 day ahead inc hosp","quantile",0.975,384,"COVID-19"
"DE-NI","00+",2021-12-19,2021-11-23,"-26 day ahead inc hosp","mean",NA,371,"COVID-19"
"DE-NI","00+",2021-12-19,2021-11-23,"-26 day ahead inc hosp","quantile",0.025,369,"COVID-19"
"DE-NI","00+",2021-12-19,2021-11-23,"-26 day ahead inc hosp","quantile",0.1,369,"COVID-19"
"DE-NI","00+",2021-12-19,2021-11-23,"-26 day ahead inc hosp","quantile",0.25,370,"COVID-19"
"DE-NI","00+",2021-12-19,2021-11-23,"-26 day ahead inc hosp","quantile",0.5,371,"COVID-19"
"DE-NI","00+",2021-12-19,2021-11-23,"-26 day ahead inc hosp","quantile",0.75,372,"COVID-19"
"DE-NI","00+",2021-12-19,2021-11-23,"-26 day ahead inc hosp","quantile",0.9,374,"COVID-19"
"DE-NI","00+",2021-12-19,2021-11-23,"-26 day ahead inc hosp","quantile",0.975,376,"COVID-19"
"DE-NI","00+",2021-12-19,2021-11-22,"-27 day ahead inc hosp","mean",NA,379,"COVID-19"
"DE-NI","00+",2021-12-19,2021-11-22,"-27 day ahead inc hosp","quantile",0.025,377,"COVID-19"
"DE-NI","00+",2021-12-19,2021-11-22,"-27 day ahead inc hosp","quantile",0.1,377,"COVID-19"
"DE-NI","00+",2021-12-19,2021-11-22,"-27 day ahead inc hosp","quantile",0.25,378,"COVID-19"
"DE-NI","00+",2021-12-19,2021-11-22,"-27 day ahead inc hosp","quantile",0.5,379,"COVID-19"
"DE-NI","00+",2021-12-19,2021-11-22,"-27 day ahead inc hosp","quantile",0.75,380,"COVID-19"
"DE-NI","00+",2021-12-19,2021-11-22,"-27 day ahead inc hosp","quantile",0.9,381,"COVID-19"
"DE-NI","00+",2021-12-19,2021-11-22,"-27 day ahead inc hosp","quantile",0.975,383,"COVID-19"
"DE-NI","00+",2021-12-19,2021-11-21,"-28 day ahead inc hosp","mean",NA,362,"COVID-19"
"DE-NI","00+",2021-12-19,2021-11-21,"-28 day ahead inc hosp","quantile",0.025,360,"COVID-19"
"DE-NI","00+",2021-12-19,2021-11-21,"-28 day ahead inc hosp","quantile",0.1,360,"COVID-19"
"DE-NI","00+",2021-12-19,2021-11-21,"-28 day ahead inc hosp","quantile",0.25,361,"COVID-19"
"DE-NI","00+",2021-12-19,2021-11-21,"-28 day ahead inc hosp","quantile",0.5,361,"COVID-19"
"DE-NI","00+",2021-12-19,2021-11-21,"-28 day ahead inc hosp","quantile",0.75,363,"COVID-19"
"DE-NI","00+",2021-12-19,2021-11-21,"-28 day ahead inc hosp","quantile",0.9,364,"COVID-19"
"DE-NI","00+",2021-12-19,2021-11-21,"-28 day ahead inc hosp","quantile",0.975,366,"COVID-19"
"DE-NW","00+",2021-12-19,2021-12-19,"0 day ahead inc hosp","mean",NA,1200,"COVID-19"
"DE-NW","00+",2021-12-19,2021-12-19,"0 day ahead inc hosp","quantile",0.025,829,"COVID-19"
"DE-NW","00+",2021-12-19,2021-12-19,"0 day ahead inc hosp","quantile",0.1,923,"COVID-19"
"DE-NW","00+",2021-12-19,2021-12-19,"0 day ahead inc hosp","quantile",0.25,1028,"COVID-19"
"DE-NW","00+",2021-12-19,2021-12-19,"0 day ahead inc hosp","quantile",0.5,1169,"COVID-19"
"DE-NW","00+",2021-12-19,2021-12-19,"0 day ahead inc hosp","quantile",0.75,1339,"COVID-19"
"DE-NW","00+",2021-12-19,2021-12-19,"0 day ahead inc hosp","quantile",0.9,1517,"COVID-19"
"DE-NW","00+",2021-12-19,2021-12-19,"0 day ahead inc hosp","quantile",0.975,1747,"COVID-19"
"DE-NW","00+",2021-12-19,2021-12-18,"-1 day ahead inc hosp","mean",NA,1285,"COVID-19"
"DE-NW","00+",2021-12-19,2021-12-18,"-1 day ahead inc hosp","quantile",0.025,904,"COVID-19"
"DE-NW","00+",2021-12-19,2021-12-18,"-1 day ahead inc hosp","quantile",0.1,996,"COVID-19"
"DE-NW","00+",2021-12-19,2021-12-18,"-1 day ahead inc hosp","quantile",0.25,1102,"COVID-19"
"DE-NW","00+",2021-12-19,2021-12-18,"-1 day ahead inc hosp","quantile",0.5,1249,"COVID-19"
"DE-NW","00+",2021-12-19,2021-12-18,"-1 day ahead inc hosp","quantile",0.75,1429,"COVID-19"
"DE-NW","00+",2021-12-19,2021-12-18,"-1 day ahead inc hosp","quantile",0.9,1620,"COVID-19"
"DE-NW","00+",2021-12-19,2021-12-18,"-1 day ahead inc hosp","quantile",0.975,1870,"COVID-19"
"DE-NW","00+",2021-12-19,2021-12-17,"-2 day ahead inc hosp","mean",NA,1333,"COVID-19"
"DE-NW","00+",2021-12-19,2021-12-17,"-2 day ahead inc hosp","quantile",0.025,986,"COVID-19"
"DE-NW","00+",2021-12-19,2021-12-17,"-2 day ahead inc hosp","quantile",0.1,1069,"COVID-19"
"DE-NW","00+",2021-12-19,2021-12-17,"-2 day ahead inc hosp","quantile",0.25,1165,"COVID-19"
"DE-NW","00+",2021-12-19,2021-12-17,"-2 day ahead inc hosp","quantile",0.5,1299,"COVID-19"
"DE-NW","00+",2021-12-19,2021-12-17,"-2 day ahead inc hosp","quantile",0.75,1463,"COVID-19"
"DE-NW","00+",2021-12-19,2021-12-17,"-2 day ahead inc hosp","quantile",0.9,1639,"COVID-19"
"DE-NW","00+",2021-12-19,2021-12-17,"-2 day ahead inc hosp","quantile",0.975,1870,"COVID-19"
"DE-NW","00+",2021-12-19,2021-12-16,"-3 day ahead inc hosp","mean",NA,1391,"COVID-19"
"DE-NW","00+",2021-12-19,2021-12-16,"-3 day ahead inc hosp","quantile",0.025,1080,"COVID-19"
"DE-NW","00+",2021-12-19,2021-12-16,"-3 day ahead inc hosp","quantile",0.1,1154,"COVID-19"
"DE-NW","00+",2021-12-19,2021-12-16,"-3 day ahead inc hosp","quantile",0.25,1239,"COVID-19"
"DE-NW","00+",2021-12-19,2021-12-16,"-3 day ahead inc hosp","quantile",0.5,1360,"COVID-19"
"DE-NW","00+",2021-12-19,2021-12-16,"-3 day ahead inc hosp","quantile",0.75,1508,"COVID-19"
"DE-NW","00+",2021-12-19,2021-12-16,"-3 day ahead inc hosp","quantile",0.9,1668,"COVID-19"
"DE-NW","00+",2021-12-19,2021-12-16,"-3 day ahead inc hosp","quantile",0.975,1877,"COVID-19"
"DE-NW","00+",2021-12-19,2021-12-15,"-4 day ahead inc hosp","mean",NA,1490,"COVID-19"
"DE-NW","00+",2021-12-19,2021-12-15,"-4 day ahead inc hosp","quantile",0.025,1196,"COVID-19"
"DE-NW","00+",2021-12-19,2021-12-15,"-4 day ahead inc hosp","quantile",0.1,1265,"COVID-19"
"DE-NW","00+",2021-12-19,2021-12-15,"-4 day ahead inc hosp","quantile",0.25,1345,"COVID-19"
"DE-NW","00+",2021-12-19,2021-12-15,"-4 day ahead inc hosp","quantile",0.5,1459,"COVID-19"
"DE-NW","00+",2021-12-19,2021-12-15,"-4 day ahead inc hosp","quantile",0.75,1601,"COVID-19"
"DE-NW","00+",2021-12-19,2021-12-15,"-4 day ahead inc hosp","quantile",0.9,1756,"COVID-19"
"DE-NW","00+",2021-12-19,2021-12-15,"-4 day ahead inc hosp","quantile",0.975,1959,"COVID-19"
"DE-NW","00+",2021-12-19,2021-12-14,"-5 day ahead inc hosp","mean",NA,1508,"COVID-19"
"DE-NW","00+",2021-12-19,2021-12-14,"-5 day ahead inc hosp","quantile",0.025,1252,"COVID-19"
"DE-NW","00+",2021-12-19,2021-12-14,"-5 day ahead inc hosp","quantile",0.1,1310,"COVID-19"
"DE-NW","00+",2021-12-19,2021-12-14,"-5 day ahead inc hosp","quantile",0.25,1379,"COVID-19"
"DE-NW","00+",2021-12-19,2021-12-14,"-5 day ahead inc hosp","quantile",0.5,1480,"COVID-19"
"DE-NW","00+",2021-12-19,2021-12-14,"-5 day ahead inc hosp","quantile",0.75,1606,"COVID-19"
"DE-NW","00+",2021-12-19,2021-12-14,"-5 day ahead inc hosp","quantile",0.9,1744,"COVID-19"
"DE-NW","00+",2021-12-19,2021-12-14,"-5 day ahead inc hosp","quantile",0.975,1927,"COVID-19"
"DE-NW","00+",2021-12-19,2021-12-13,"-6 day ahead inc hosp","mean",NA,1655,"COVID-19"
"DE-NW","00+",2021-12-19,2021-12-13,"-6 day ahead inc hosp","quantile",0.025,1407,"COVID-19"
"DE-NW","00+",2021-12-19,2021-12-13,"-6 day ahead inc hosp","quantile",0.1,1462,"COVID-19"
"DE-NW","00+",2021-12-19,2021-12-13,"-6 day ahead inc hosp","quantile",0.25,1528,"COVID-19"
"DE-NW","00+",2021-12-19,2021-12-13,"-6 day ahead inc hosp","quantile",0.5,1626,"COVID-19"
"DE-NW","00+",2021-12-19,2021-12-13,"-6 day ahead inc hosp","quantile",0.75,1750,"COVID-19"
"DE-NW","00+",2021-12-19,2021-12-13,"-6 day ahead inc hosp","quantile",0.9,1888,"COVID-19"
"DE-NW","00+",2021-12-19,2021-12-13,"-6 day ahead inc hosp","quantile",0.975,2072,"COVID-19"
"DE-NW","00+",2021-12-19,2021-12-12,"-7 day ahead inc hosp","mean",NA,1704,"COVID-19"
"DE-NW","00+",2021-12-19,2021-12-12,"-7 day ahead inc hosp","quantile",0.025,1455,"COVID-19"
"DE-NW","00+",2021-12-19,2021-12-12,"-7 day ahead inc hosp","quantile",0.1,1507,"COVID-19"
"DE-NW","00+",2021-12-19,2021-12-12,"-7 day ahead inc hosp","quantile",0.25,1574,"COVID-19"
"DE-NW","00+",2021-12-19,2021-12-12,"-7 day ahead inc hosp","quantile",0.5,1672,"COVID-19"
"DE-NW","00+",2021-12-19,2021-12-12,"-7 day ahead inc hosp","quantile",0.75,1800,"COVID-19"
"DE-NW","00+",2021-12-19,2021-12-12,"-7 day ahead inc hosp","quantile",0.9,1942,"COVID-19"
"DE-NW","00+",2021-12-19,2021-12-12,"-7 day ahead inc hosp","quantile",0.975,2134,"COVID-19"
"DE-NW","00+",2021-12-19,2021-12-11,"-8 day ahead inc hosp","mean",NA,1739,"COVID-19"
"DE-NW","00+",2021-12-19,2021-12-11,"-8 day ahead inc hosp","quantile",0.025,1502,"COVID-19"
"DE-NW","00+",2021-12-19,2021-12-11,"-8 day ahead inc hosp","quantile",0.1,1550,"COVID-19"
"DE-NW","00+",2021-12-19,2021-12-11,"-8 day ahead inc hosp","quantile",0.25,1612,"COVID-19"
"DE-NW","00+",2021-12-19,2021-12-11,"-8 day ahead inc hosp","quantile",0.5,1707,"COVID-19"
"DE-NW","00+",2021-12-19,2021-12-11,"-8 day ahead inc hosp","quantile",0.75,1831,"COVID-19"
"DE-NW","00+",2021-12-19,2021-12-11,"-8 day ahead inc hosp","quantile",0.9,1971,"COVID-19"
"DE-NW","00+",2021-12-19,2021-12-11,"-8 day ahead inc hosp","quantile",0.975,2161,"COVID-19"
"DE-NW","00+",2021-12-19,2021-12-10,"-9 day ahead inc hosp","mean",NA,1763,"COVID-19"
"DE-NW","00+",2021-12-19,2021-12-10,"-9 day ahead inc hosp","quantile",0.025,1544,"COVID-19"
"DE-NW","00+",2021-12-19,2021-12-10,"-9 day ahead inc hosp","quantile",0.1,1587,"COVID-19"
"DE-NW","00+",2021-12-19,2021-12-10,"-9 day ahead inc hosp","quantile",0.25,1643,"COVID-19"
"DE-NW","00+",2021-12-19,2021-12-10,"-9 day ahead inc hosp","quantile",0.5,1731,"COVID-19"
"DE-NW","00+",2021-12-19,2021-12-10,"-9 day ahead inc hosp","quantile",0.75,1848,"COVID-19"
"DE-NW","00+",2021-12-19,2021-12-10,"-9 day ahead inc hosp","quantile",0.9,1980,"COVID-19"
"DE-NW","00+",2021-12-19,2021-12-10,"-9 day ahead inc hosp","quantile",0.975,2162,"COVID-19"
"DE-NW","00+",2021-12-19,2021-12-09,"-10 day ahead inc hosp","mean",NA,1794,"COVID-19"
"DE-NW","00+",2021-12-19,2021-12-09,"-10 day ahead inc hosp","quantile",0.025,1595,"COVID-19"
"DE-NW","00+",2021-12-19,2021-12-09,"-10 day ahead inc hosp","quantile",0.1,1632,"COVID-19"
"DE-NW","00+",2021-12-19,2021-12-09,"-10 day ahead inc hosp","quantile",0.25,1682,"COVID-19"
"DE-NW","00+",2021-12-19,2021-12-09,"-10 day ahead inc hosp","quantile",0.5,1762,"COVID-19"
"DE-NW","00+",2021-12-19,2021-12-09,"-10 day ahead inc hosp","quantile",0.75,1871,"COVID-19"
"DE-NW","00+",2021-12-19,2021-12-09,"-10 day ahead inc hosp","quantile",0.9,1997,"COVID-19"
"DE-NW","00+",2021-12-19,2021-12-09,"-10 day ahead inc hosp","quantile",0.975,2170,"COVID-19"
"DE-NW","00+",2021-12-19,2021-12-08,"-11 day ahead inc hosp","mean",NA,1807,"COVID-19"
"DE-NW","00+",2021-12-19,2021-12-08,"-11 day ahead inc hosp","quantile",0.025,1629,"COVID-19"
"DE-NW","00+",2021-12-19,2021-12-08,"-11 day ahead inc hosp","quantile",0.1,1661,"COVID-19"
"DE-NW","00+",2021-12-19,2021-12-08,"-11 day ahead inc hosp","quantile",0.25,1705,"COVID-19"
"DE-NW","00+",2021-12-19,2021-12-08,"-11 day ahead inc hosp","quantile",0.5,1777,"COVID-19"
"DE-NW","00+",2021-12-19,2021-12-08,"-11 day ahead inc hosp","quantile",0.75,1876,"COVID-19"
"DE-NW","00+",2021-12-19,2021-12-08,"-11 day ahead inc hosp","quantile",0.9,1992,"COVID-19"
"DE-NW","00+",2021-12-19,2021-12-08,"-11 day ahead inc hosp","quantile",0.975,2153,"COVID-19"
"DE-NW","00+",2021-12-19,2021-12-07,"-12 day ahead inc hosp","mean",NA,1820,"COVID-19"
"DE-NW","00+",2021-12-19,2021-12-07,"-12 day ahead inc hosp","quantile",0.025,1662,"COVID-19"
"DE-NW","00+",2021-12-19,2021-12-07,"-12 day ahead inc hosp","quantile",0.1,1689,"COVID-19"
"DE-NW","00+",2021-12-19,2021-12-07,"-12 day ahead inc hosp","quantile",0.25,1728,"COVID-19"
"DE-NW","00+",2021-12-19,2021-12-07,"-12 day ahead inc hosp","quantile",0.5,1792,"COVID-19"
"DE-NW","00+",2021-12-19,2021-12-07,"-12 day ahead inc hosp","quantile",0.75,1882,"COVID-19"
"DE-NW","00+",2021-12-19,2021-12-07,"-12 day ahead inc hosp","quantile",0.9,1987,"COVID-19"
"DE-NW","00+",2021-12-19,2021-12-07,"-12 day ahead inc hosp","quantile",0.975,2133,"COVID-19"
"DE-NW","00+",2021-12-19,2021-12-06,"-13 day ahead inc hosp","mean",NA,1696,"COVID-19"
"DE-NW","00+",2021-12-19,2021-12-06,"-13 day ahead inc hosp","quantile",0.025,1568,"COVID-19"
"DE-NW","00+",2021-12-19,2021-12-06,"-13 day ahead inc hosp","quantile",0.1,1589,"COVID-19"
"DE-NW","00+",2021-12-19,2021-12-06,"-13 day ahead inc hosp","quantile",0.25,1620,"COVID-19"
"DE-NW","00+",2021-12-19,2021-12-06,"-13 day ahead inc hosp","quantile",0.5,1672,"COVID-19"
"DE-NW","00+",2021-12-19,2021-12-06,"-13 day ahead inc hosp","quantile",0.75,1746,"COVID-19"
"DE-NW","00+",2021-12-19,2021-12-06,"-13 day ahead inc hosp","quantile",0.9,1834,"COVID-19"
"DE-NW","00+",2021-12-19,2021-12-06,"-13 day ahead inc hosp","quantile",0.975,1957,"COVID-19"
"DE-NW","00+",2021-12-19,2021-12-05,"-14 day ahead inc hosp","mean",NA,1689,"COVID-19"
"DE-NW","00+",2021-12-19,2021-12-05,"-14 day ahead inc hosp","quantile",0.025,1567,"COVID-19"
"DE-NW","00+",2021-12-19,2021-12-05,"-14 day ahead inc hosp","quantile",0.1,1586,"COVID-19"
"DE-NW","00+",2021-12-19,2021-12-05,"-14 day ahead inc hosp","quantile",0.25,1615,"COVID-19"
"DE-NW","00+",2021-12-19,2021-12-05,"-14 day ahead inc hosp","quantile",0.5,1665,"COVID-19"
"DE-NW","00+",2021-12-19,2021-12-05,"-14 day ahead inc hosp","quantile",0.75,1737,"COVID-19"
"DE-NW","00+",2021-12-19,2021-12-05,"-14 day ahead inc hosp","quantile",0.9,1823,"COVID-19"
"DE-NW","00+",2021-12-19,2021-12-05,"-14 day ahead inc hosp","quantile",0.975,1945,"COVID-19"
"DE-NW","00+",2021-12-19,2021-12-04,"-15 day ahead inc hosp","mean",NA,1662,"COVID-19"
"DE-NW","00+",2021-12-19,2021-12-04,"-15 day ahead inc hosp","quantile",0.025,1551,"COVID-19"
"DE-NW","00+",2021-12-19,2021-12-04,"-15 day ahead inc hosp","quantile",0.1,1568,"COVID-19"
"DE-NW","00+",2021-12-19,2021-12-04,"-15 day ahead inc hosp","quantile",0.25,1594,"COVID-19"
"DE-NW","00+",2021-12-19,2021-12-04,"-15 day ahead inc hosp","quantile",0.5,1640,"COVID-19"
"DE-NW","00+",2021-12-19,2021-12-04,"-15 day ahead inc hosp","quantile",0.75,1706,"COVID-19"
"DE-NW","00+",2021-12-19,2021-12-04,"-15 day ahead inc hosp","quantile",0.9,1787,"COVID-19"
"DE-NW","00+",2021-12-19,2021-12-04,"-15 day ahead inc hosp","quantile",0.975,1901,"COVID-19"
"DE-NW","00+",2021-12-19,2021-12-03,"-16 day ahead inc hosp","mean",NA,1699,"COVID-19"
"DE-NW","00+",2021-12-19,2021-12-03,"-16 day ahead inc hosp","quantile",0.025,1597,"COVID-19"
"DE-NW","00+",2021-12-19,2021-12-03,"-16 day ahead inc hosp","quantile",0.1,1611,"COVID-19"
"DE-NW","00+",2021-12-19,2021-12-03,"-16 day ahead inc hosp","quantile",0.25,1635,"COVID-19"
"DE-NW","00+",2021-12-19,2021-12-03,"-16 day ahead inc hosp","quantile",0.5,1677,"COVID-19"
"DE-NW","00+",2021-12-19,2021-12-03,"-16 day ahead inc hosp","quantile",0.75,1739,"COVID-19"
"DE-NW","00+",2021-12-19,2021-12-03,"-16 day ahead inc hosp","quantile",0.9,1814,"COVID-19"
"DE-NW","00+",2021-12-19,2021-12-03,"-16 day ahead inc hosp","quantile",0.975,1922,"COVID-19"
"DE-NW","00+",2021-12-19,2021-12-02,"-17 day ahead inc hosp","mean",NA,1666,"COVID-19"
"DE-NW","00+",2021-12-19,2021-12-02,"-17 day ahead inc hosp","quantile",0.025,1578,"COVID-19"
"DE-NW","00+",2021-12-19,2021-12-02,"-17 day ahead inc hosp","quantile",0.1,1591,"COVID-19"
"DE-NW","00+",2021-12-19,2021-12-02,"-17 day ahead inc hosp","quantile",0.25,1611,"COVID-19"
"DE-NW","00+",2021-12-19,2021-12-02,"-17 day ahead inc hosp","quantile",0.5,1647,"COVID-19"
"DE-NW","00+",2021-12-19,2021-12-02,"-17 day ahead inc hosp","quantile",0.75,1701,"COVID-19"
"DE-NW","00+",2021-12-19,2021-12-02,"-17 day ahead inc hosp","quantile",0.9,1767,"COVID-19"
"DE-NW","00+",2021-12-19,2021-12-02,"-17 day ahead inc hosp","quantile",0.975,1861,"COVID-19"
"DE-NW","00+",2021-12-19,2021-12-01,"-18 day ahead inc hosp","mean",NA,1650,"COVID-19"
"DE-NW","00+",2021-12-19,2021-12-01,"-18 day ahead inc hosp","quantile",0.025,1574,"COVID-19"
"DE-NW","00+",2021-12-19,2021-12-01,"-18 day ahead inc hosp","quantile",0.1,1584,"COVID-19"
"DE-NW","00+",2021-12-19,2021-12-01,"-18 day ahead inc hosp","quantile",0.25,1602,"COVID-19"
"DE-NW","00+",2021-12-19,2021-12-01,"-18 day ahead inc hosp","quantile",0.5,1633,"COVID-19"
"DE-NW","00+",2021-12-19,2021-12-01,"-18 day ahead inc hosp","quantile",0.75,1681,"COVID-19"
"DE-NW","00+",2021-12-19,2021-12-01,"-18 day ahead inc hosp","quantile",0.9,1738,"COVID-19"
"DE-NW","00+",2021-12-19,2021-12-01,"-18 day ahead inc hosp","quantile",0.975,1822,"COVID-19"
"DE-NW","00+",2021-12-19,2021-11-30,"-19 day ahead inc hosp","mean",NA,1608,"COVID-19"
"DE-NW","00+",2021-12-19,2021-11-30,"-19 day ahead inc hosp","quantile",0.025,1542,"COVID-19"
"DE-NW","00+",2021-12-19,2021-11-30,"-19 day ahead inc hosp","quantile",0.1,1551,"COVID-19"
"DE-NW","00+",2021-12-19,2021-11-30,"-19 day ahead inc hosp","quantile",0.25,1566,"COVID-19"
"DE-NW","00+",2021-12-19,2021-11-30,"-19 day ahead inc hosp","quantile",0.5,1593,"COVID-19"
"DE-NW","00+",2021-12-19,2021-11-30,"-19 day ahead inc hosp","quantile",0.75,1634,"COVID-19"
"DE-NW","00+",2021-12-19,2021-11-30,"-19 day ahead inc hosp","quantile",0.9,1684,"COVID-19"
"DE-NW","00+",2021-12-19,2021-11-30,"-19 day ahead inc hosp","quantile",0.975,1756,"COVID-19"
"DE-NW","00+",2021-12-19,2021-11-29,"-20 day ahead inc hosp","mean",NA,1645,"COVID-19"
"DE-NW","00+",2021-12-19,2021-11-29,"-20 day ahead inc hosp","quantile",0.025,1586,"COVID-19"
"DE-NW","00+",2021-12-19,2021-11-29,"-20 day ahead inc hosp","quantile",0.1,1593,"COVID-19"
"DE-NW","00+",2021-12-19,2021-11-29,"-20 day ahead inc hosp","quantile",0.25,1607,"COVID-19"
"DE-NW","00+",2021-12-19,2021-11-29,"-20 day ahead inc hosp","quantile",0.5,1631,"COVID-19"
"DE-NW","00+",2021-12-19,2021-11-29,"-20 day ahead inc hosp","quantile",0.75,1669,"COVID-19"
"DE-NW","00+",2021-12-19,2021-11-29,"-20 day ahead inc hosp","quantile",0.9,1715,"COVID-19"
"DE-NW","00+",2021-12-19,2021-11-29,"-20 day ahead inc hosp","quantile",0.975,1782,"COVID-19"
"DE-NW","00+",2021-12-19,2021-11-28,"-21 day ahead inc hosp","mean",NA,1661,"COVID-19"
"DE-NW","00+",2021-12-19,2021-11-28,"-21 day ahead inc hosp","quantile",0.025,1604,"COVID-19"
"DE-NW","00+",2021-12-19,2021-11-28,"-21 day ahead inc hosp","quantile",0.1,1611,"COVID-19"
"DE-NW","00+",2021-12-19,2021-11-28,"-21 day ahead inc hosp","quantile",0.25,1624,"COVID-19"
"DE-NW","00+",2021-12-19,2021-11-28,"-21 day ahead inc hosp","quantile",0.5,1647,"COVID-19"
"DE-NW","00+",2021-12-19,2021-11-28,"-21 day ahead inc hosp","quantile",0.75,1684,"COVID-19"
"DE-NW","00+",2021-12-19,2021-11-28,"-21 day ahead inc hosp","quantile",0.9,1729,"COVID-19"
"DE-NW","00+",2021-12-19,2021-11-28,"-21 day ahead inc hosp","quantile",0.975,1795,"COVID-19"
"DE-NW","00+",2021-12-19,2021-11-27,"-22 day ahead inc hosp","mean",NA,1633,"COVID-19"
"DE-NW","00+",2021-12-19,2021-11-27,"-22 day ahead inc hosp","quantile",0.025,1580,"COVID-19"
"DE-NW","00+",2021-12-19,2021-11-27,"-22 day ahead inc hosp","quantile",0.1,1586,"COVID-19"
"DE-NW","00+",2021-12-19,2021-11-27,"-22 day ahead inc hosp","quantile",0.25,1598,"COVID-19"
"DE-NW","00+",2021-12-19,2021-11-27,"-22 day ahead inc hosp","quantile",0.5,1619,"COVID-19"
"DE-NW","00+",2021-12-19,2021-11-27,"-22 day ahead inc hosp","quantile",0.75,1654,"COVID-19"
"DE-NW","00+",2021-12-19,2021-11-27,"-22 day ahead inc hosp","quantile",0.9,1697,"COVID-19"
"DE-NW","00+",2021-12-19,2021-11-27,"-22 day ahead inc hosp","quantile",0.975,1760,"COVID-19"
"DE-NW","00+",2021-12-19,2021-11-26,"-23 day ahead inc hosp","mean",NA,1628,"COVID-19"
"DE-NW","00+",2021-12-19,2021-11-26,"-23 day ahead inc hosp","quantile",0.025,1582,"COVID-19"
"DE-NW","00+",2021-12-19,2021-11-26,"-23 day ahead inc hosp","quantile",0.1,1587,"COVID-19"
"DE-NW","00+",2021-12-19,2021-11-26,"-23 day ahead inc hosp","quantile",0.25,1596,"COVID-19"
"DE-NW","00+",2021-12-19,2021-11-26,"-23 day ahead inc hosp","quantile",0.5,1616,"COVID-19"
"DE-NW","00+",2021-12-19,2021-11-26,"-23 day ahead inc hosp","quantile",0.75,1647,"COVID-19"
"DE-NW","00+",2021-12-19,2021-11-26,"-23 day ahead inc hosp","quantile",0.9,1686,"COVID-19"
"DE-NW","00+",2021-12-19,2021-11-26,"-23 day ahead inc hosp","quantile",0.975,1744,"COVID-19"
"DE-NW","00+",2021-12-19,2021-11-25,"-24 day ahead inc hosp","mean",NA,1578,"COVID-19"
"DE-NW","00+",2021-12-19,2021-11-25,"-24 day ahead inc hosp","quantile",0.025,1537,"COVID-19"
"DE-NW","00+",2021-12-19,2021-11-25,"-24 day ahead inc hosp","quantile",0.1,1541,"COVID-19"
"DE-NW","00+",2021-12-19,2021-11-25,"-24 day ahead inc hosp","quantile",0.25,1549,"COVID-19"
"DE-NW","00+",2021-12-19,2021-11-25,"-24 day ahead inc hosp","quantile",0.5,1566,"COVID-19"
"DE-NW","00+",2021-12-19,2021-11-25,"-24 day ahead inc hosp","quantile",0.75,1594,"COVID-19"
"DE-NW","00+",2021-12-19,2021-11-25,"-24 day ahead inc hosp","quantile",0.9,1631,"COVID-19"
"DE-NW","00+",2021-12-19,2021-11-25,"-24 day ahead inc hosp","quantile",0.975,1685,"COVID-19"
"DE-NW","00+",2021-12-19,2021-11-24,"-25 day ahead inc hosp","mean",NA,1525,"COVID-19"
"DE-NW","00+",2021-12-19,2021-11-24,"-25 day ahead inc hosp","quantile",0.025,1490,"COVID-19"
"DE-NW","00+",2021-12-19,2021-11-24,"-25 day ahead inc hosp","quantile",0.1,1493,"COVID-19"
"DE-NW","00+",2021-12-19,2021-11-24,"-25 day ahead inc hosp","quantile",0.25,1500,"COVID-19"
"DE-NW","00+",2021-12-19,2021-11-24,"-25 day ahead inc hosp","quantile",0.5,1515,"COVID-19"
"DE-NW","00+",2021-12-19,2021-11-24,"-25 day ahead inc hosp","quantile",0.75,1540,"COVID-19"
"DE-NW","00+",2021-12-19,2021-11-24,"-25 day ahead inc hosp","quantile",0.9,1572,"COVID-19"
"DE-NW","00+",2021-12-19,2021-11-24,"-25 day ahead inc hosp","quantile",0.975,1620,"COVID-19"
"DE-NW","00+",2021-12-19,2021-11-23,"-26 day ahead inc hosp","mean",NA,1574,"COVID-19"
"DE-NW","00+",2021-12-19,2021-11-23,"-26 day ahead inc hosp","quantile",0.025,1541,"COVID-19"
"DE-NW","00+",2021-12-19,2021-11-23,"-26 day ahead inc hosp","quantile",0.1,1544,"COVID-19"
"DE-NW","00+",2021-12-19,2021-11-23,"-26 day ahead inc hosp","quantile",0.25,1550,"COVID-19"
"DE-NW","00+",2021-12-19,2021-11-23,"-26 day ahead inc hosp","quantile",0.5,1564,"COVID-19"
"DE-NW","00+",2021-12-19,2021-11-23,"-26 day ahead inc hosp","quantile",0.75,1588,"COVID-19"
"DE-NW","00+",2021-12-19,2021-11-23,"-26 day ahead inc hosp","quantile",0.9,1618,"COVID-19"
"DE-NW","00+",2021-12-19,2021-11-23,"-26 day ahead inc hosp","quantile",0.975,1664,"COVID-19"
"DE-NW","00+",2021-12-19,2021-11-22,"-27 day ahead inc hosp","mean",NA,1543,"COVID-19"
"DE-NW","00+",2021-12-19,2021-11-22,"-27 day ahead inc hosp","quantile",0.025,1513,"COVID-19"
"DE-NW","00+",2021-12-19,2021-11-22,"-27 day ahead inc hosp","quantile",0.1,1515,"COVID-19"
"DE-NW","00+",2021-12-19,2021-11-22,"-27 day ahead inc hosp","quantile",0.25,1521,"COVID-19"
"DE-NW","00+",2021-12-19,2021-11-22,"-27 day ahead inc hosp","quantile",0.5,1534,"COVID-19"
"DE-NW","00+",2021-12-19,2021-11-22,"-27 day ahead inc hosp","quantile",0.75,1556,"COVID-19"
"DE-NW","00+",2021-12-19,2021-11-22,"-27 day ahead inc hosp","quantile",0.9,1583,"COVID-19"
"DE-NW","00+",2021-12-19,2021-11-22,"-27 day ahead inc hosp","quantile",0.975,1625,"COVID-19"
"DE-NW","00+",2021-12-19,2021-11-21,"-28 day ahead inc hosp","mean",NA,1509,"COVID-19"
"DE-NW","00+",2021-12-19,2021-11-21,"-28 day ahead inc hosp","quantile",0.025,1479,"COVID-19"
"DE-NW","00+",2021-12-19,2021-11-21,"-28 day ahead inc hosp","quantile",0.1,1482,"COVID-19"
"DE-NW","00+",2021-12-19,2021-11-21,"-28 day ahead inc hosp","quantile",0.25,1488,"COVID-19"
"DE-NW","00+",2021-12-19,2021-11-21,"-28 day ahead inc hosp","quantile",0.5,1500,"COVID-19"
"DE-NW","00+",2021-12-19,2021-11-21,"-28 day ahead inc hosp","quantile",0.75,1521,"COVID-19"
"DE-NW","00+",2021-12-19,2021-11-21,"-28 day ahead inc hosp","quantile",0.9,1547,"COVID-19"
"DE-NW","00+",2021-12-19,2021-11-21,"-28 day ahead inc hosp","quantile",0.975,1586,"COVID-19"
"DE-RP","00+",2021-12-19,2021-12-19,"0 day ahead inc hosp","mean",NA,331,"COVID-19"
"DE-RP","00+",2021-12-19,2021-12-19,"0 day ahead inc hosp","quantile",0.025,235,"COVID-19"
"DE-RP","00+",2021-12-19,2021-12-19,"0 day ahead inc hosp","quantile",0.1,260,"COVID-19"
"DE-RP","00+",2021-12-19,2021-12-19,"0 day ahead inc hosp","quantile",0.25,288,"COVID-19"
"DE-RP","00+",2021-12-19,2021-12-19,"0 day ahead inc hosp","quantile",0.5,324,"COVID-19"
"DE-RP","00+",2021-12-19,2021-12-19,"0 day ahead inc hosp","quantile",0.75,366,"COVID-19"
"DE-RP","00+",2021-12-19,2021-12-19,"0 day ahead inc hosp","quantile",0.9,410,"COVID-19"
"DE-RP","00+",2021-12-19,2021-12-19,"0 day ahead inc hosp","quantile",0.975,466,"COVID-19"
"DE-RP","00+",2021-12-19,2021-12-18,"-1 day ahead inc hosp","mean",NA,363,"COVID-19"
"DE-RP","00+",2021-12-19,2021-12-18,"-1 day ahead inc hosp","quantile",0.025,266,"COVID-19"
"DE-RP","00+",2021-12-19,2021-12-18,"-1 day ahead inc hosp","quantile",0.1,292,"COVID-19"
"DE-RP","00+",2021-12-19,2021-12-18,"-1 day ahead inc hosp","quantile",0.25,320,"COVID-19"
"DE-RP","00+",2021-12-19,2021-12-18,"-1 day ahead inc hosp","quantile",0.5,356,"COVID-19"
"DE-RP","00+",2021-12-19,2021-12-18,"-1 day ahead inc hosp","quantile",0.75,398,"COVID-19"
"DE-RP","00+",2021-12-19,2021-12-18,"-1 day ahead inc hosp","quantile",0.9,442,"COVID-19"
"DE-RP","00+",2021-12-19,2021-12-18,"-1 day ahead inc hosp","quantile",0.975,497,"COVID-19"
"DE-RP","00+",2021-12-19,2021-12-17,"-2 day ahead inc hosp","mean",NA,383,"COVID-19"
"DE-RP","00+",2021-12-19,2021-12-17,"-2 day ahead inc hosp","quantile",0.025,290,"COVID-19"
"DE-RP","00+",2021-12-19,2021-12-17,"-2 day ahead inc hosp","quantile",0.1,314,"COVID-19"
"DE-RP","00+",2021-12-19,2021-12-17,"-2 day ahead inc hosp","quantile",0.25,341,"COVID-19"
"DE-RP","00+",2021-12-19,2021-12-17,"-2 day ahead inc hosp","quantile",0.5,376,"COVID-19"
"DE-RP","00+",2021-12-19,2021-12-17,"-2 day ahead inc hosp","quantile",0.75,417,"COVID-19"
"DE-RP","00+",2021-12-19,2021-12-17,"-2 day ahead inc hosp","quantile",0.9,459,"COVID-19"
"DE-RP","00+",2021-12-19,2021-12-17,"-2 day ahead inc hosp","quantile",0.975,513,"COVID-19"
"DE-RP","00+",2021-12-19,2021-12-16,"-3 day ahead inc hosp","mean",NA,410,"COVID-19"
"DE-RP","00+",2021-12-19,2021-12-16,"-3 day ahead inc hosp","quantile",0.025,325,"COVID-19"
"DE-RP","00+",2021-12-19,2021-12-16,"-3 day ahead inc hosp","quantile",0.1,348,"COVID-19"
"DE-RP","00+",2021-12-19,2021-12-16,"-3 day ahead inc hosp","quantile",0.25,373,"COVID-19"
"DE-RP","00+",2021-12-19,2021-12-16,"-3 day ahead inc hosp","quantile",0.5,405,"COVID-19"
"DE-RP","00+",2021-12-19,2021-12-16,"-3 day ahead inc hosp","quantile",0.75,442,"COVID-19"
"DE-RP","00+",2021-12-19,2021-12-16,"-3 day ahead inc hosp","quantile",0.9,480,"COVID-19"
"DE-RP","00+",2021-12-19,2021-12-16,"-3 day ahead inc hosp","quantile",0.975,527,"COVID-19"
"DE-RP","00+",2021-12-19,2021-12-15,"-4 day ahead inc hosp","mean",NA,409,"COVID-19"
"DE-RP","00+",2021-12-19,2021-12-15,"-4 day ahead inc hosp","quantile",0.025,338,"COVID-19"
"DE-RP","00+",2021-12-19,2021-12-15,"-4 day ahead inc hosp","quantile",0.1,358,"COVID-19"
"DE-RP","00+",2021-12-19,2021-12-15,"-4 day ahead inc hosp","quantile",0.25,378,"COVID-19"
"DE-RP","00+",2021-12-19,2021-12-15,"-4 day ahead inc hosp","quantile",0.5,405,"COVID-19"
"DE-RP","00+",2021-12-19,2021-12-15,"-4 day ahead inc hosp","quantile",0.75,436,"COVID-19"
"DE-RP","00+",2021-12-19,2021-12-15,"-4 day ahead inc hosp","quantile",0.9,467,"COVID-19"
"DE-RP","00+",2021-12-19,2021-12-15,"-4 day ahead inc hosp","quantile",0.975,505,"COVID-19"
"DE-RP","00+",2021-12-19,2021-12-14,"-5 day ahead inc hosp","mean",NA,383,"COVID-19"
"DE-RP","00+",2021-12-19,2021-12-14,"-5 day ahead inc hosp","quantile",0.025,325,"COVID-19"
"DE-RP","00+",2021-12-19,2021-12-14,"-5 day ahead inc hosp","quantile",0.1,341,"COVID-19"
"DE-RP","00+",2021-12-19,2021-12-14,"-5 day ahead inc hosp","quantile",0.25,358,"COVID-19"
"DE-RP","00+",2021-12-19,2021-12-14,"-5 day ahead inc hosp","quantile",0.5,379,"COVID-19"
"DE-RP","00+",2021-12-19,2021-12-14,"-5 day ahead inc hosp","quantile",0.75,404,"COVID-19"
"DE-RP","00+",2021-12-19,2021-12-14,"-5 day ahead inc hosp","quantile",0.9,429,"COVID-19"
"DE-RP","00+",2021-12-19,2021-12-14,"-5 day ahead inc hosp","quantile",0.975,460,"COVID-19"
"DE-RP","00+",2021-12-19,2021-12-13,"-6 day ahead inc hosp","mean",NA,371,"COVID-19"
"DE-RP","00+",2021-12-19,2021-12-13,"-6 day ahead inc hosp","quantile",0.025,320,"COVID-19"
"DE-RP","00+",2021-12-19,2021-12-13,"-6 day ahead inc hosp","quantile",0.1,334,"COVID-19"
"DE-RP","00+",2021-12-19,2021-12-13,"-6 day ahead inc hosp","quantile",0.25,348,"COVID-19"
"DE-RP","00+",2021-12-19,2021-12-13,"-6 day ahead inc hosp","quantile",0.5,367,"COVID-19"
"DE-RP","00+",2021-12-19,2021-12-13,"-6 day ahead inc hosp","quantile",0.75,389,"COVID-19"
"DE-RP","00+",2021-12-19,2021-12-13,"-6 day ahead inc hosp","quantile",0.9,412,"COVID-19"
"DE-RP","00+",2021-12-19,2021-12-13,"-6 day ahead inc hosp","quantile",0.975,440,"COVID-19"
"DE-RP","00+",2021-12-19,2021-12-12,"-7 day ahead inc hosp","mean",NA,375,"COVID-19"
"DE-RP","00+",2021-12-19,2021-12-12,"-7 day ahead inc hosp","quantile",0.025,322,"COVID-19"
"DE-RP","00+",2021-12-19,2021-12-12,"-7 day ahead inc hosp","quantile",0.1,336,"COVID-19"
"DE-RP","00+",2021-12-19,2021-12-12,"-7 day ahead inc hosp","quantile",0.25,351,"COVID-19"
"DE-RP","00+",2021-12-19,2021-12-12,"-7 day ahead inc hosp","quantile",0.5,371,"COVID-19"
"DE-RP","00+",2021-12-19,2021-12-12,"-7 day ahead inc hosp","quantile",0.75,394,"COVID-19"
"DE-RP","00+",2021-12-19,2021-12-12,"-7 day ahead inc hosp","quantile",0.9,418,"COVID-19"
"DE-RP","00+",2021-12-19,2021-12-12,"-7 day ahead inc hosp","quantile",0.975,449,"COVID-19"
"DE-RP","00+",2021-12-19,2021-12-11,"-8 day ahead inc hosp","mean",NA,357,"COVID-19"
"DE-RP","00+",2021-12-19,2021-12-11,"-8 day ahead inc hosp","quantile",0.025,308,"COVID-19"
"DE-RP","00+",2021-12-19,2021-12-11,"-8 day ahead inc hosp","quantile",0.1,321,"COVID-19"
"DE-RP","00+",2021-12-19,2021-12-11,"-8 day ahead inc hosp","quantile",0.25,335,"COVID-19"
"DE-RP","00+",2021-12-19,2021-12-11,"-8 day ahead inc hosp","quantile",0.5,353,"COVID-19"
"DE-RP","00+",2021-12-19,2021-12-11,"-8 day ahead inc hosp","quantile",0.75,375,"COVID-19"
"DE-RP","00+",2021-12-19,2021-12-11,"-8 day ahead inc hosp","quantile",0.9,397,"COVID-19"
"DE-RP","00+",2021-12-19,2021-12-11,"-8 day ahead inc hosp","quantile",0.975,425,"COVID-19"
"DE-RP","00+",2021-12-19,2021-12-10,"-9 day ahead inc hosp","mean",NA,367,"COVID-19"
"DE-RP","00+",2021-12-19,2021-12-10,"-9 day ahead inc hosp","quantile",0.025,320,"COVID-19"
"DE-RP","00+",2021-12-19,2021-12-10,"-9 day ahead inc hosp","quantile",0.1,332,"COVID-19"
"DE-RP","00+",2021-12-19,2021-12-10,"-9 day ahead inc hosp","quantile",0.25,345,"COVID-19"
"DE-RP","00+",2021-12-19,2021-12-10,"-9 day ahead inc hosp","quantile",0.5,363,"COVID-19"
"DE-RP","00+",2021-12-19,2021-12-10,"-9 day ahead inc hosp","quantile",0.75,384,"COVID-19"
"DE-RP","00+",2021-12-19,2021-12-10,"-9 day ahead inc hosp","quantile",0.9,405,"COVID-19"
"DE-RP","00+",2021-12-19,2021-12-10,"-9 day ahead inc hosp","quantile",0.975,433,"COVID-19"
"DE-RP","00+",2021-12-19,2021-12-09,"-10 day ahead inc hosp","mean",NA,374,"COVID-19"
"DE-RP","00+",2021-12-19,2021-12-09,"-10 day ahead inc hosp","quantile",0.025,331,"COVID-19"
"DE-RP","00+",2021-12-19,2021-12-09,"-10 day ahead inc hosp","quantile",0.1,342,"COVID-19"
"DE-RP","00+",2021-12-19,2021-12-09,"-10 day ahead inc hosp","quantile",0.25,354,"COVID-19"
"DE-RP","00+",2021-12-19,2021-12-09,"-10 day ahead inc hosp","quantile",0.5,370,"COVID-19"
"DE-RP","00+",2021-12-19,2021-12-09,"-10 day ahead inc hosp","quantile",0.75,390,"COVID-19"
"DE-RP","00+",2021-12-19,2021-12-09,"-10 day ahead inc hosp","quantile",0.9,410,"COVID-19"
"DE-RP","00+",2021-12-19,2021-12-09,"-10 day ahead inc hosp","quantile",0.975,436,"COVID-19"
"DE-RP","00+",2021-12-19,2021-12-08,"-11 day ahead inc hosp","mean",NA,366,"COVID-19"
"DE-RP","00+",2021-12-19,2021-12-08,"-11 day ahead inc hosp","quantile",0.025,328,"COVID-19"
"DE-RP","00+",2021-12-19,2021-12-08,"-11 day ahead inc hosp","quantile",0.1,338,"COVID-19"
"DE-RP","00+",2021-12-19,2021-12-08,"-11 day ahead inc hosp","quantile",0.25,348,"COVID-19"
"DE-RP","00+",2021-12-19,2021-12-08,"-11 day ahead inc hosp","quantile",0.5,363,"COVID-19"
"DE-RP","00+",2021-12-19,2021-12-08,"-11 day ahead inc hosp","quantile",0.75,380,"COVID-19"
"DE-RP","00+",2021-12-19,2021-12-08,"-11 day ahead inc hosp","quantile",0.9,398,"COVID-19"
"DE-RP","00+",2021-12-19,2021-12-08,"-11 day ahead inc hosp","quantile",0.975,421,"COVID-19"
"DE-RP","00+",2021-12-19,2021-12-07,"-12 day ahead inc hosp","mean",NA,359,"COVID-19"
"DE-RP","00+",2021-12-19,2021-12-07,"-12 day ahead inc hosp","quantile",0.025,327,"COVID-19"
"DE-RP","00+",2021-12-19,2021-12-07,"-12 day ahead inc hosp","quantile",0.1,335,"COVID-19"
"DE-RP","00+",2021-12-19,2021-12-07,"-12 day ahead inc hosp","quantile",0.25,344,"COVID-19"
"DE-RP","00+",2021-12-19,2021-12-07,"-12 day ahead inc hosp","quantile",0.5,356,"COVID-19"
"DE-RP","00+",2021-12-19,2021-12-07,"-12 day ahead inc hosp","quantile",0.75,371,"COVID-19"
"DE-RP","00+",2021-12-19,2021-12-07,"-12 day ahead inc hosp","quantile",0.9,386,"COVID-19"
"DE-RP","00+",2021-12-19,2021-12-07,"-12 day ahead inc hosp","quantile",0.975,405,"COVID-19"
"DE-RP","00+",2021-12-19,2021-12-06,"-13 day ahead inc hosp","mean",NA,368,"COVID-19"
"DE-RP","00+",2021-12-19,2021-12-06,"-13 day ahead inc hosp","quantile",0.025,339,"COVID-19"
"DE-RP","00+",2021-12-19,2021-12-06,"-13 day ahead inc hosp","quantile",0.1,347,"COVID-19"
"DE-RP","00+",2021-12-19,2021-12-06,"-13 day ahead inc hosp","quantile",0.25,355,"COVID-19"
"DE-RP","00+",2021-12-19,2021-12-06,"-13 day ahead inc hosp","quantile",0.5,366,"COVID-19"
"DE-RP","00+",2021-12-19,2021-12-06,"-13 day ahead inc hosp","quantile",0.75,379,"COVID-19"
"DE-RP","00+",2021-12-19,2021-12-06,"-13 day ahead inc hosp","quantile",0.9,393,"COVID-19"
"DE-RP","00+",2021-12-19,2021-12-06,"-13 day ahead inc hosp","quantile",0.975,411,"COVID-19"
"DE-RP","00+",2021-12-19,2021-12-05,"-14 day ahead inc hosp","mean",NA,374,"COVID-19"
"DE-RP","00+",2021-12-19,2021-12-05,"-14 day ahead inc hosp","quantile",0.025,345,"COVID-19"
"DE-RP","00+",2021-12-19,2021-12-05,"-14 day ahead inc hosp","quantile",0.1,352,"COVID-19"
"DE-RP","00+",2021-12-19,2021-12-05,"-14 day ahead inc hosp","quantile",0.25,360,"COVID-19"
"DE-RP","00+",2021-12-19,2021-12-05,"-14 day ahead inc hosp","quantile",0.5,371,"COVID-19"
"DE-RP","00+",2021-12-19,2021-12-05,"-14 day ahead inc hosp","quantile",0.75,384,"COVID-19"
"DE-RP","00+",2021-12-19,2021-12-05,"-14 day ahead inc hosp","quantile",0.9,398,"COVID-19"
"DE-RP","00+",2021-12-19,2021-12-05,"-14 day ahead inc hosp","quantile",0.975,416,"COVID-19"
"DE-RP","00+",2021-12-19,2021-12-04,"-15 day ahead inc hosp","mean",NA,394,"COVID-19"
"DE-RP","00+",2021-12-19,2021-12-04,"-15 day ahead inc hosp","quantile",0.025,364,"COVID-19"
"DE-RP","00+",2021-12-19,2021-12-04,"-15 day ahead inc hosp","quantile",0.1,372,"COVID-19"
"DE-RP","00+",2021-12-19,2021-12-04,"-15 day ahead inc hosp","quantile",0.25,380,"COVID-19"
"DE-RP","00+",2021-12-19,2021-12-04,"-15 day ahead inc hosp","quantile",0.5,391,"COVID-19"
"DE-RP","00+",2021-12-19,2021-12-04,"-15 day ahead inc hosp","quantile",0.75,405,"COVID-19"
"DE-RP","00+",2021-12-19,2021-12-04,"-15 day ahead inc hosp","quantile",0.9,419,"COVID-19"
"DE-RP","00+",2021-12-19,2021-12-04,"-15 day ahead inc hosp","quantile",0.975,438,"COVID-19"
"DE-RP","00+",2021-12-19,2021-12-03,"-16 day ahead inc hosp","mean",NA,391,"COVID-19"
"DE-RP","00+",2021-12-19,2021-12-03,"-16 day ahead inc hosp","quantile",0.025,364,"COVID-19"
"DE-RP","00+",2021-12-19,2021-12-03,"-16 day ahead inc hosp","quantile",0.1,371,"COVID-19"
"DE-RP","00+",2021-12-19,2021-12-03,"-16 day ahead inc hosp","quantile",0.25,378,"COVID-19"
"DE-RP","00+",2021-12-19,2021-12-03,"-16 day ahead inc hosp","quantile",0.5,389,"COVID-19"
"DE-RP","00+",2021-12-19,2021-12-03,"-16 day ahead inc hosp","quantile",0.75,401,"COVID-19"
"DE-RP","00+",2021-12-19,2021-12-03,"-16 day ahead inc hosp","quantile",0.9,415,"COVID-19"
"DE-RP","00+",2021-12-19,2021-12-03,"-16 day ahead inc hosp","quantile",0.975,432,"COVID-19"
"DE-RP","00+",2021-12-19,2021-12-02,"-17 day ahead inc hosp","mean",NA,390,"COVID-19"
"DE-RP","00+",2021-12-19,2021-12-02,"-17 day ahead inc hosp","quantile",0.025,365,"COVID-19"
"DE-RP","00+",2021-12-19,2021-12-02,"-17 day ahead inc hosp","quantile",0.1,371,"COVID-19"
"DE-RP","00+",2021-12-19,2021-12-02,"-17 day ahead inc hosp","quantile",0.25,378,"COVID-19"
"DE-RP","00+",2021-12-19,2021-12-02,"-17 day ahead inc hosp","quantile",0.5,388,"COVID-19"
"DE-RP","00+",2021-12-19,2021-12-02,"-17 day ahead inc hosp","quantile",0.75,400,"COVID-19"
"DE-RP","00+",2021-12-19,2021-12-02,"-17 day ahead inc hosp","quantile",0.9,413,"COVID-19"
"DE-RP","00+",2021-12-19,2021-12-02,"-17 day ahead inc hosp","quantile",0.975,429,"COVID-19"
"DE-RP","00+",2021-12-19,2021-12-01,"-18 day ahead inc hosp","mean",NA,415,"COVID-19"
"DE-RP","00+",2021-12-19,2021-12-01,"-18 day ahead inc hosp","quantile",0.025,390,"COVID-19"
"DE-RP","00+",2021-12-19,2021-12-01,"-18 day ahead inc hosp","quantile",0.1,396,"COVID-19"
"DE-RP","00+",2021-12-19,2021-12-01,"-18 day ahead inc hosp","quantile",0.25,403,"COVID-19"
"DE-RP","00+",2021-12-19,2021-12-01,"-18 day ahead inc hosp","quantile",0.5,413,"COVID-19"
"DE-RP","00+",2021-12-19,2021-12-01,"-18 day ahead inc hosp","quantile",0.75,424,"COVID-19"
"DE-RP","00+",2021-12-19,2021-12-01,"-18 day ahead inc hosp","quantile",0.9,437,"COVID-19"
"DE-RP","00+",2021-12-19,2021-12-01,"-18 day ahead inc hosp","quantile",0.975,453,"COVID-19"
"DE-RP","00+",2021-12-19,2021-11-30,"-19 day ahead inc hosp","mean",NA,424,"COVID-19"
"DE-RP","00+",2021-12-19,2021-11-30,"-19 day ahead inc hosp","quantile",0.025,400,"COVID-19"
"DE-RP","00+",2021-12-19,2021-11-30,"-19 day ahead inc hosp","quantile",0.1,406,"COVID-19"
"DE-RP","00+",2021-12-19,2021-11-30,"-19 day ahead inc hosp","quantile",0.25,412,"COVID-19"
"DE-RP","00+",2021-12-19,2021-11-30,"-19 day ahead inc hosp","quantile",0.5,421,"COVID-19"
"DE-RP","00+",2021-12-19,2021-11-30,"-19 day ahead inc hosp","quantile",0.75,432,"COVID-19"
"DE-RP","00+",2021-12-19,2021-11-30,"-19 day ahead inc hosp","quantile",0.9,444,"COVID-19"
"DE-RP","00+",2021-12-19,2021-11-30,"-19 day ahead inc hosp","quantile",0.975,460,"COVID-19"
"DE-RP","00+",2021-12-19,2021-11-29,"-20 day ahead inc hosp","mean",NA,421,"COVID-19"
"DE-RP","00+",2021-12-19,2021-11-29,"-20 day ahead inc hosp","quantile",0.025,400,"COVID-19"
"DE-RP","00+",2021-12-19,2021-11-29,"-20 day ahead inc hosp","quantile",0.1,405,"COVID-19"
"DE-RP","00+",2021-12-19,2021-11-29,"-20 day ahead inc hosp","quantile",0.25,411,"COVID-19"
"DE-RP","00+",2021-12-19,2021-11-29,"-20 day ahead inc hosp","quantile",0.5,419,"COVID-19"
"DE-RP","00+",2021-12-19,2021-11-29,"-20 day ahead inc hosp","quantile",0.75,429,"COVID-19"
"DE-RP","00+",2021-12-19,2021-11-29,"-20 day ahead inc hosp","quantile",0.9,440,"COVID-19"
"DE-RP","00+",2021-12-19,2021-11-29,"-20 day ahead inc hosp","quantile",0.975,454,"COVID-19"
"DE-RP","00+",2021-12-19,2021-11-28,"-21 day ahead inc hosp","mean",NA,424,"COVID-19"
"DE-RP","00+",2021-12-19,2021-11-28,"-21 day ahead inc hosp","quantile",0.025,404,"COVID-19"
"DE-RP","00+",2021-12-19,2021-11-28,"-21 day ahead inc hosp","quantile",0.1,409,"COVID-19"
"DE-RP","00+",2021-12-19,2021-11-28,"-21 day ahead inc hosp","quantile",0.25,414,"COVID-19"
"DE-RP","00+",2021-12-19,2021-11-28,"-21 day ahead inc hosp","quantile",0.5,422,"COVID-19"
"DE-RP","00+",2021-12-19,2021-11-28,"-21 day ahead inc hosp","quantile",0.75,432,"COVID-19"
"DE-RP","00+",2021-12-19,2021-11-28,"-21 day ahead inc hosp","quantile",0.9,443,"COVID-19"
"DE-RP","00+",2021-12-19,2021-11-28,"-21 day ahead inc hosp","quantile",0.975,457,"COVID-19"
"DE-RP","00+",2021-12-19,2021-11-27,"-22 day ahead inc hosp","mean",NA,405,"COVID-19"
"DE-RP","00+",2021-12-19,2021-11-27,"-22 day ahead inc hosp","quantile",0.025,386,"COVID-19"
"DE-RP","00+",2021-12-19,2021-11-27,"-22 day ahead inc hosp","quantile",0.1,390,"COVID-19"
"DE-RP","00+",2021-12-19,2021-11-27,"-22 day ahead inc hosp","quantile",0.25,395,"COVID-19"
"DE-RP","00+",2021-12-19,2021-11-27,"-22 day ahead inc hosp","quantile",0.5,403,"COVID-19"
"DE-RP","00+",2021-12-19,2021-11-27,"-22 day ahead inc hosp","quantile",0.75,412,"COVID-19"
"DE-RP","00+",2021-12-19,2021-11-27,"-22 day ahead inc hosp","quantile",0.9,422,"COVID-19"
"DE-RP","00+",2021-12-19,2021-11-27,"-22 day ahead inc hosp","quantile",0.975,436,"COVID-19"
"DE-RP","00+",2021-12-19,2021-11-26,"-23 day ahead inc hosp","mean",NA,389,"COVID-19"
"DE-RP","00+",2021-12-19,2021-11-26,"-23 day ahead inc hosp","quantile",0.025,372,"COVID-19"
"DE-RP","00+",2021-12-19,2021-11-26,"-23 day ahead inc hosp","quantile",0.1,376,"COVID-19"
"DE-RP","00+",2021-12-19,2021-11-26,"-23 day ahead inc hosp","quantile",0.25,381,"COVID-19"
"DE-RP","00+",2021-12-19,2021-11-26,"-23 day ahead inc hosp","quantile",0.5,387,"COVID-19"
"DE-RP","00+",2021-12-19,2021-11-26,"-23 day ahead inc hosp","quantile",0.75,396,"COVID-19"
"DE-RP","00+",2021-12-19,2021-11-26,"-23 day ahead inc hosp","quantile",0.9,404,"COVID-19"
"DE-RP","00+",2021-12-19,2021-11-26,"-23 day ahead inc hosp","quantile",0.975,416,"COVID-19"
"DE-RP","00+",2021-12-19,2021-11-25,"-24 day ahead inc hosp","mean",NA,392,"COVID-19"
"DE-RP","00+",2021-12-19,2021-11-25,"-24 day ahead inc hosp","quantile",0.025,376,"COVID-19"
"DE-RP","00+",2021-12-19,2021-11-25,"-24 day ahead inc hosp","quantile",0.1,380,"COVID-19"
"DE-RP","00+",2021-12-19,2021-11-25,"-24 day ahead inc hosp","quantile",0.25,384,"COVID-19"
"DE-RP","00+",2021-12-19,2021-11-25,"-24 day ahead inc hosp","quantile",0.5,390,"COVID-19"
"DE-RP","00+",2021-12-19,2021-11-25,"-24 day ahead inc hosp","quantile",0.75,398,"COVID-19"
"DE-RP","00+",2021-12-19,2021-11-25,"-24 day ahead inc hosp","quantile",0.9,406,"COVID-19"
"DE-RP","00+",2021-12-19,2021-11-25,"-24 day ahead inc hosp","quantile",0.975,417,"COVID-19"
"DE-RP","00+",2021-12-19,2021-11-24,"-25 day ahead inc hosp","mean",NA,357,"COVID-19"
"DE-RP","00+",2021-12-19,2021-11-24,"-25 day ahead inc hosp","quantile",0.025,345,"COVID-19"
"DE-RP","00+",2021-12-19,2021-11-24,"-25 day ahead inc hosp","quantile",0.1,348,"COVID-19"
"DE-RP","00+",2021-12-19,2021-11-24,"-25 day ahead inc hosp","quantile",0.25,351,"COVID-19"
"DE-RP","00+",2021-12-19,2021-11-24,"-25 day ahead inc hosp","quantile",0.5,356,"COVID-19"
"DE-RP","00+",2021-12-19,2021-11-24,"-25 day ahead inc hosp","quantile",0.75,362,"COVID-19"
"DE-RP","00+",2021-12-19,2021-11-24,"-25 day ahead inc hosp","quantile",0.9,369,"COVID-19"
"DE-RP","00+",2021-12-19,2021-11-24,"-25 day ahead inc hosp","quantile",0.975,377,"COVID-19"
"DE-RP","00+",2021-12-19,2021-11-23,"-26 day ahead inc hosp","mean",NA,356,"COVID-19"
"DE-RP","00+",2021-12-19,2021-11-23,"-26 day ahead inc hosp","quantile",0.025,344,"COVID-19"
"DE-RP","00+",2021-12-19,2021-11-23,"-26 day ahead inc hosp","quantile",0.1,347,"COVID-19"
"DE-RP","00+",2021-12-19,2021-11-23,"-26 day ahead inc hosp","quantile",0.25,350,"COVID-19"
"DE-RP","00+",2021-12-19,2021-11-23,"-26 day ahead inc hosp","quantile",0.5,354,"COVID-19"
"DE-RP","00+",2021-12-19,2021-11-23,"-26 day ahead inc hosp","quantile",0.75,360,"COVID-19"
"DE-RP","00+",2021-12-19,2021-11-23,"-26 day ahead inc hosp","quantile",0.9,366,"COVID-19"
"DE-RP","00+",2021-12-19,2021-11-23,"-26 day ahead inc hosp","quantile",0.975,373,"COVID-19"
"DE-RP","00+",2021-12-19,2021-11-22,"-27 day ahead inc hosp","mean",NA,342,"COVID-19"
"DE-RP","00+",2021-12-19,2021-11-22,"-27 day ahead inc hosp","quantile",0.025,332,"COVID-19"
"DE-RP","00+",2021-12-19,2021-11-22,"-27 day ahead inc hosp","quantile",0.1,334,"COVID-19"
"DE-RP","00+",2021-12-19,2021-11-22,"-27 day ahead inc hosp","quantile",0.25,337,"COVID-19"
"DE-RP","00+",2021-12-19,2021-11-22,"-27 day ahead inc hosp","quantile",0.5,341,"COVID-19"
"DE-RP","00+",2021-12-19,2021-11-22,"-27 day ahead inc hosp","quantile",0.75,346,"COVID-19"
"DE-RP","00+",2021-12-19,2021-11-22,"-27 day ahead inc hosp","quantile",0.9,352,"COVID-19"
"DE-RP","00+",2021-12-19,2021-11-22,"-27 day ahead inc hosp","quantile",0.975,359,"COVID-19"
"DE-RP","00+",2021-12-19,2021-11-21,"-28 day ahead inc hosp","mean",NA,338,"COVID-19"
"DE-RP","00+",2021-12-19,2021-11-21,"-28 day ahead inc hosp","quantile",0.025,328,"COVID-19"
"DE-RP","00+",2021-12-19,2021-11-21,"-28 day ahead inc hosp","quantile",0.1,330,"COVID-19"
"DE-RP","00+",2021-12-19,2021-11-21,"-28 day ahead inc hosp","quantile",0.25,333,"COVID-19"
"DE-RP","00+",2021-12-19,2021-11-21,"-28 day ahead inc hosp","quantile",0.5,337,"COVID-19"
"DE-RP","00+",2021-12-19,2021-11-21,"-28 day ahead inc hosp","quantile",0.75,342,"COVID-19"
"DE-RP","00+",2021-12-19,2021-11-21,"-28 day ahead inc hosp","quantile",0.9,347,"COVID-19"
"DE-RP","00+",2021-12-19,2021-11-21,"-28 day ahead inc hosp","quantile",0.975,355,"COVID-19"
"DE-SH","00+",2021-12-19,2021-12-19,"0 day ahead inc hosp","mean",NA,179,"COVID-19"
"DE-SH","00+",2021-12-19,2021-12-19,"0 day ahead inc hosp","quantile",0.025,141,"COVID-19"
"DE-SH","00+",2021-12-19,2021-12-19,"0 day ahead inc hosp","quantile",0.1,151,"COVID-19"
"DE-SH","00+",2021-12-19,2021-12-19,"0 day ahead inc hosp","quantile",0.25,162,"COVID-19"
"DE-SH","00+",2021-12-19,2021-12-19,"0 day ahead inc hosp","quantile",0.5,176,"COVID-19"
"DE-SH","00+",2021-12-19,2021-12-19,"0 day ahead inc hosp","quantile",0.75,192,"COVID-19"
"DE-SH","00+",2021-12-19,2021-12-19,"0 day ahead inc hosp","quantile",0.9,209,"COVID-19"
"DE-SH","00+",2021-12-19,2021-12-19,"0 day ahead inc hosp","quantile",0.975,230,"COVID-19"
"DE-SH","00+",2021-12-19,2021-12-18,"-1 day ahead inc hosp","mean",NA,190,"COVID-19"
"DE-SH","00+",2021-12-19,2021-12-18,"-1 day ahead inc hosp","quantile",0.025,153,"COVID-19"
"DE-SH","00+",2021-12-19,2021-12-18,"-1 day ahead inc hosp","quantile",0.1,163,"COVID-19"
"DE-SH","00+",2021-12-19,2021-12-18,"-1 day ahead inc hosp","quantile",0.25,174,"COVID-19"
"DE-SH","00+",2021-12-19,2021-12-18,"-1 day ahead inc hosp","quantile",0.5,188,"COVID-19"
"DE-SH","00+",2021-12-19,2021-12-18,"-1 day ahead inc hosp","quantile",0.75,204,"COVID-19"
"DE-SH","00+",2021-12-19,2021-12-18,"-1 day ahead inc hosp","quantile",0.9,220,"COVID-19"
"DE-SH","00+",2021-12-19,2021-12-18,"-1 day ahead inc hosp","quantile",0.975,241,"COVID-19"
"DE-SH","00+",2021-12-19,2021-12-17,"-2 day ahead inc hosp","mean",NA,175,"COVID-19"
"DE-SH","00+",2021-12-19,2021-12-17,"-2 day ahead inc hosp","quantile",0.025,146,"COVID-19"
"DE-SH","00+",2021-12-19,2021-12-17,"-2 day ahead inc hosp","quantile",0.1,154,"COVID-19"
"DE-SH","00+",2021-12-19,2021-12-17,"-2 day ahead inc hosp","quantile",0.25,163,"COVID-19"
"DE-SH","00+",2021-12-19,2021-12-17,"-2 day ahead inc hosp","quantile",0.5,174,"COVID-19"
"DE-SH","00+",2021-12-19,2021-12-17,"-2 day ahead inc hosp","quantile",0.75,186,"COVID-19"
"DE-SH","00+",2021-12-19,2021-12-17,"-2 day ahead inc hosp","quantile",0.9,199,"COVID-19"
"DE-SH","00+",2021-12-19,2021-12-17,"-2 day ahead inc hosp","quantile",0.975,215,"COVID-19"
"DE-SH","00+",2021-12-19,2021-12-16,"-3 day ahead inc hosp","mean",NA,161,"COVID-19"
"DE-SH","00+",2021-12-19,2021-12-16,"-3 day ahead inc hosp","quantile",0.025,139,"COVID-19"
"DE-SH","00+",2021-12-19,2021-12-16,"-3 day ahead inc hosp","quantile",0.1,145,"COVID-19"
"DE-SH","00+",2021-12-19,2021-12-16,"-3 day ahead inc hosp","quantile",0.25,151,"COVID-19"
"DE-SH","00+",2021-12-19,2021-12-16,"-3 day ahead inc hosp","quantile",0.5,159,"COVID-19"
"DE-SH","00+",2021-12-19,2021-12-16,"-3 day ahead inc hosp","quantile",0.75,168,"COVID-19"
"DE-SH","00+",2021-12-19,2021-12-16,"-3 day ahead inc hosp","quantile",0.9,177,"COVID-19"
"DE-SH","00+",2021-12-19,2021-12-16,"-3 day ahead inc hosp","quantile",0.975,189,"COVID-19"
"DE-SH","00+",2021-12-19,2021-12-15,"-4 day ahead inc hosp","mean",NA,144,"COVID-19"
"DE-SH","00+",2021-12-19,2021-12-15,"-4 day ahead inc hosp","quantile",0.025,128,"COVID-19"
"DE-SH","00+",2021-12-19,2021-12-15,"-4 day ahead inc hosp","quantile",0.1,133,"COVID-19"
"DE-SH","00+",2021-12-19,2021-12-15,"-4 day ahead inc hosp","quantile",0.25,138,"COVID-19"
"DE-SH","00+",2021-12-19,2021-12-15,"-4 day ahead inc hosp","quantile",0.5,144,"COVID-19"
"DE-SH","00+",2021-12-19,2021-12-15,"-4 day ahead inc hosp","quantile",0.75,150,"COVID-19"
"DE-SH","00+",2021-12-19,2021-12-15,"-4 day ahead inc hosp","quantile",0.9,157,"COVID-19"
"DE-SH","00+",2021-12-19,2021-12-15,"-4 day ahead inc hosp","quantile",0.975,164,"COVID-19"
"DE-SH","00+",2021-12-19,2021-12-14,"-5 day ahead inc hosp","mean",NA,152,"COVID-19"
"DE-SH","00+",2021-12-19,2021-12-14,"-5 day ahead inc hosp","quantile",0.025,139,"COVID-19"
"DE-SH","00+",2021-12-19,2021-12-14,"-5 day ahead inc hosp","quantile",0.1,143,"COVID-19"
"DE-SH","00+",2021-12-19,2021-12-14,"-5 day ahead inc hosp","quantile",0.25,147,"COVID-19"
"DE-SH","00+",2021-12-19,2021-12-14,"-5 day ahead inc hosp","quantile",0.5,152,"COVID-19"
"DE-SH","00+",2021-12-19,2021-12-14,"-5 day ahead inc hosp","quantile",0.75,157,"COVID-19"
"DE-SH","00+",2021-12-19,2021-12-14,"-5 day ahead inc hosp","quantile",0.9,163,"COVID-19"
"DE-SH","00+",2021-12-19,2021-12-14,"-5 day ahead inc hosp","quantile",0.975,169,"COVID-19"
"DE-SH","00+",2021-12-19,2021-12-13,"-6 day ahead inc hosp","mean",NA,155,"COVID-19"
"DE-SH","00+",2021-12-19,2021-12-13,"-6 day ahead inc hosp","quantile",0.025,144,"COVID-19"
"DE-SH","00+",2021-12-19,2021-12-13,"-6 day ahead inc hosp","quantile",0.1,147,"COVID-19"
"DE-SH","00+",2021-12-19,2021-12-13,"-6 day ahead inc hosp","quantile",0.25,150,"COVID-19"
"DE-SH","00+",2021-12-19,2021-12-13,"-6 day ahead inc hosp","quantile",0.5,155,"COVID-19"
"DE-SH","00+",2021-12-19,2021-12-13,"-6 day ahead inc hosp","quantile",0.75,160,"COVID-19"
"DE-SH","00+",2021-12-19,2021-12-13,"-6 day ahead inc hosp","quantile",0.9,164,"COVID-19"
"DE-SH","00+",2021-12-19,2021-12-13,"-6 day ahead inc hosp","quantile",0.975,170,"COVID-19"
"DE-SH","00+",2021-12-19,2021-12-12,"-7 day ahead inc hosp","mean",NA,160,"COVID-19"
"DE-SH","00+",2021-12-19,2021-12-12,"-7 day ahead inc hosp","quantile",0.025,148,"COVID-19"
"DE-SH","00+",2021-12-19,2021-12-12,"-7 day ahead inc hosp","quantile",0.1,151,"COVID-19"
"DE-SH","00+",2021-12-19,2021-12-12,"-7 day ahead inc hosp","quantile",0.25,155,"COVID-19"
"DE-SH","00+",2021-12-19,2021-12-12,"-7 day ahead inc hosp","quantile",0.5,160,"COVID-19"
"DE-SH","00+",2021-12-19,2021-12-12,"-7 day ahead inc hosp","quantile",0.75,165,"COVID-19"
"DE-SH","00+",2021-12-19,2021-12-12,"-7 day ahead inc hosp","quantile",0.9,171,"COVID-19"
"DE-SH","00+",2021-12-19,2021-12-12,"-7 day ahead inc hosp","quantile",0.975,177,"COVID-19"
"DE-SH","00+",2021-12-19,2021-12-11,"-8 day ahead inc hosp","mean",NA,160,"COVID-19"
"DE-SH","00+",2021-12-19,2021-12-11,"-8 day ahead inc hosp","quantile",0.025,147,"COVID-19"
"DE-SH","00+",2021-12-19,2021-12-11,"-8 day ahead inc hosp","quantile",0.1,150,"COVID-19"
"DE-SH","00+",2021-12-19,2021-12-11,"-8 day ahead inc hosp","quantile",0.25,154,"COVID-19"
"DE-SH","00+",2021-12-19,2021-12-11,"-8 day ahead inc hosp","quantile",0.5,159,"COVID-19"
"DE-SH","00+",2021-12-19,2021-12-11,"-8 day ahead inc hosp","quantile",0.75,164,"COVID-19"
"DE-SH","00+",2021-12-19,2021-12-11,"-8 day ahead inc hosp","quantile",0.9,170,"COVID-19"
"DE-SH","00+",2021-12-19,2021-12-11,"-8 day ahead inc hosp","quantile",0.975,178,"COVID-19"
"DE-SH","00+",2021-12-19,2021-12-10,"-9 day ahead inc hosp","mean",NA,161,"COVID-19"
"DE-SH","00+",2021-12-19,2021-12-10,"-9 day ahead inc hosp","quantile",0.025,150,"COVID-19"
"DE-SH","00+",2021-12-19,2021-12-10,"-9 day ahead inc hosp","quantile",0.1,152,"COVID-19"
"DE-SH","00+",2021-12-19,2021-12-10,"-9 day ahead inc hosp","quantile",0.25,156,"COVID-19"
"DE-SH","00+",2021-12-19,2021-12-10,"-9 day ahead inc hosp","quantile",0.5,160,"COVID-19"
"DE-SH","00+",2021-12-19,2021-12-10,"-9 day ahead inc hosp","quantile",0.75,165,"COVID-19"
"DE-SH","00+",2021-12-19,2021-12-10,"-9 day ahead inc hosp","quantile",0.9,171,"COVID-19"
"DE-SH","00+",2021-12-19,2021-12-10,"-9 day ahead inc hosp","quantile",0.975,178,"COVID-19"
"DE-SH","00+",2021-12-19,2021-12-09,"-10 day ahead inc hosp","mean",NA,164,"COVID-19"
"DE-SH","00+",2021-12-19,2021-12-09,"-10 day ahead inc hosp","quantile",0.025,154,"COVID-19"
"DE-SH","00+",2021-12-19,2021-12-09,"-10 day ahead inc hosp","quantile",0.1,156,"COVID-19"
"DE-SH","00+",2021-12-19,2021-12-09,"-10 day ahead inc hosp","quantile",0.25,159,"COVID-19"
"DE-SH","00+",2021-12-19,2021-12-09,"-10 day ahead inc hosp","quantile",0.5,163,"COVID-19"
"DE-SH","00+",2021-12-19,2021-12-09,"-10 day ahead inc hosp","quantile",0.75,168,"COVID-19"
"DE-SH","00+",2021-12-19,2021-12-09,"-10 day ahead inc hosp","quantile",0.9,174,"COVID-19"
"DE-SH","00+",2021-12-19,2021-12-09,"-10 day ahead inc hosp","quantile",0.975,181,"COVID-19"
"DE-SH","00+",2021-12-19,2021-12-08,"-11 day ahead inc hosp","mean",NA,168,"COVID-19"
"DE-SH","00+",2021-12-19,2021-12-08,"-11 day ahead inc hosp","quantile",0.025,158,"COVID-19"
"DE-SH","00+",2021-12-19,2021-12-08,"-11 day ahead inc hosp","quantile",0.1,160,"COVID-19"
"DE-SH","00+",2021-12-19,2021-12-08,"-11 day ahead inc hosp","quantile",0.25,163,"COVID-19"
"DE-SH","00+",2021-12-19,2021-12-08,"-11 day ahead inc hosp","quantile",0.5,167,"COVID-19"
"DE-SH","00+",2021-12-19,2021-12-08,"-11 day ahead inc hosp","quantile",0.75,172,"COVID-19"
"DE-SH","00+",2021-12-19,2021-12-08,"-11 day ahead inc hosp","quantile",0.9,178,"COVID-19"
"DE-SH","00+",2021-12-19,2021-12-08,"-11 day ahead inc hosp","quantile",0.975,186,"COVID-19"
"DE-SH","00+",2021-12-19,2021-12-07,"-12 day ahead inc hosp","mean",NA,154,"COVID-19"
"DE-SH","00+",2021-12-19,2021-12-07,"-12 day ahead inc hosp","quantile",0.025,147,"COVID-19"
"DE-SH","00+",2021-12-19,2021-12-07,"-12 day ahead inc hosp","quantile",0.1,148,"COVID-19"
"DE-SH","00+",2021-12-19,2021-12-07,"-12 day ahead inc hosp","quantile",0.25,150,"COVID-19"
"DE-SH","00+",2021-12-19,2021-12-07,"-12 day ahead inc hosp","quantile",0.5,153,"COVID-19"
"DE-SH","00+",2021-12-19,2021-12-07,"-12 day ahead inc hosp","quantile",0.75,157,"COVID-19"
"DE-SH","00+",2021-12-19,2021-12-07,"-12 day ahead inc hosp","quantile",0.9,161,"COVID-19"
"DE-SH","00+",2021-12-19,2021-12-07,"-12 day ahead inc hosp","quantile",0.975,167,"COVID-19"
"DE-SH","00+",2021-12-19,2021-12-06,"-13 day ahead inc hosp","mean",NA,158,"COVID-19"
"DE-SH","00+",2021-12-19,2021-12-06,"-13 day ahead inc hosp","quantile",0.025,152,"COVID-19"
"DE-SH","00+",2021-12-19,2021-12-06,"-13 day ahead inc hosp","quantile",0.1,153,"COVID-19"
"DE-SH","00+",2021-12-19,2021-12-06,"-13 day ahead inc hosp","quantile",0.25,155,"COVID-19"
"DE-SH","00+",2021-12-19,2021-12-06,"-13 day ahead inc hosp","quantile",0.5,157,"COVID-19"
"DE-SH","00+",2021-12-19,2021-12-06,"-13 day ahead inc hosp","quantile",0.75,161,"COVID-19"
"DE-SH","00+",2021-12-19,2021-12-06,"-13 day ahead inc hosp","quantile",0.9,165,"COVID-19"
"DE-SH","00+",2021-12-19,2021-12-06,"-13 day ahead inc hosp","quantile",0.975,171,"COVID-19"
"DE-SH","00+",2021-12-19,2021-12-05,"-14 day ahead inc hosp","mean",NA,149,"COVID-19"
"DE-SH","00+",2021-12-19,2021-12-05,"-14 day ahead inc hosp","quantile",0.025,144,"COVID-19"
"DE-SH","00+",2021-12-19,2021-12-05,"-14 day ahead inc hosp","quantile",0.1,145,"COVID-19"
"DE-SH","00+",2021-12-19,2021-12-05,"-14 day ahead inc hosp","quantile",0.25,146,"COVID-19"
"DE-SH","00+",2021-12-19,2021-12-05,"-14 day ahead inc hosp","quantile",0.5,148,"COVID-19"
"DE-SH","00+",2021-12-19,2021-12-05,"-14 day ahead inc hosp","quantile",0.75,152,"COVID-19"
"DE-SH","00+",2021-12-19,2021-12-05,"-14 day ahead inc hosp","quantile",0.9,156,"COVID-19"
"DE-SH","00+",2021-12-19,2021-12-05,"-14 day ahead inc hosp","quantile",0.975,161,"COVID-19"
"DE-SH","00+",2021-12-19,2021-12-04,"-15 day ahead inc hosp","mean",NA,147,"COVID-19"
"DE-SH","00+",2021-12-19,2021-12-04,"-15 day ahead inc hosp","quantile",0.025,142,"COVID-19"
"DE-SH","00+",2021-12-19,2021-12-04,"-15 day ahead inc hosp","quantile",0.1,142,"COVID-19"
"DE-SH","00+",2021-12-19,2021-12-04,"-15 day ahead inc hosp","quantile",0.25,143,"COVID-19"
"DE-SH","00+",2021-12-19,2021-12-04,"-15 day ahead inc hosp","quantile",0.5,145,"COVID-19"
"DE-SH","00+",2021-12-19,2021-12-04,"-15 day ahead inc hosp","quantile",0.75,149,"COVID-19"
"DE-SH","00+",2021-12-19,2021-12-04,"-15 day ahead inc hosp","quantile",0.9,153,"COVID-19"
"DE-SH","00+",2021-12-19,2021-12-04,"-15 day ahead inc hosp","quantile",0.975,159,"COVID-19"
"DE-SH","00+",2021-12-19,2021-12-03,"-16 day ahead inc hosp","mean",NA,142,"COVID-19"
"DE-SH","00+",2021-12-19,2021-12-03,"-16 day ahead inc hosp","quantile",0.025,138,"COVID-19"
"DE-SH","00+",2021-12-19,2021-12-03,"-16 day ahead inc hosp","quantile",0.1,138,"COVID-19"
"DE-SH","00+",2021-12-19,2021-12-03,"-16 day ahead inc hosp","quantile",0.25,139,"COVID-19"
"DE-SH","00+",2021-12-19,2021-12-03,"-16 day ahead inc hosp","quantile",0.5,141,"COVID-19"
"DE-SH","00+",2021-12-19,2021-12-03,"-16 day ahead inc hosp","quantile",0.75,144,"COVID-19"
"DE-SH","00+",2021-12-19,2021-12-03,"-16 day ahead inc hosp","quantile",0.9,147,"COVID-19"
"DE-SH","00+",2021-12-19,2021-12-03,"-16 day ahead inc hosp","quantile",0.975,153,"COVID-19"
"DE-SH","00+",2021-12-19,2021-12-02,"-17 day ahead inc hosp","mean",NA,140,"COVID-19"
"DE-SH","00+",2021-12-19,2021-12-02,"-17 day ahead inc hosp","quantile",0.025,137,"COVID-19"
"DE-SH","00+",2021-12-19,2021-12-02,"-17 day ahead inc hosp","quantile",0.1,137,"COVID-19"
"DE-SH","00+",2021-12-19,2021-12-02,"-17 day ahead inc hosp","quantile",0.25,138,"COVID-19"
"DE-SH","00+",2021-12-19,2021-12-02,"-17 day ahead inc hosp","quantile",0.5,139,"COVID-19"
"DE-SH","00+",2021-12-19,2021-12-02,"-17 day ahead inc hosp","quantile",0.75,142,"COVID-19"
"DE-SH","00+",2021-12-19,2021-12-02,"-17 day ahead inc hosp","quantile",0.9,145,"COVID-19"
"DE-SH","00+",2021-12-19,2021-12-02,"-17 day ahead inc hosp","quantile",0.975,150,"COVID-19"
"DE-SH","00+",2021-12-19,2021-12-01,"-18 day ahead inc hosp","mean",NA,156,"COVID-19"
"DE-SH","00+",2021-12-19,2021-12-01,"-18 day ahead inc hosp","quantile",0.025,153,"COVID-19"
"DE-SH","00+",2021-12-19,2021-12-01,"-18 day ahead inc hosp","quantile",0.1,153,"COVID-19"
"DE-SH","00+",2021-12-19,2021-12-01,"-18 day ahead inc hosp","quantile",0.25,153,"COVID-19"
"DE-SH","00+",2021-12-19,2021-12-01,"-18 day ahead inc hosp","quantile",0.5,155,"COVID-19"
"DE-SH","00+",2021-12-19,2021-12-01,"-18 day ahead inc hosp","quantile",0.75,157,"COVID-19"
"DE-SH","00+",2021-12-19,2021-12-01,"-18 day ahead inc hosp","quantile",0.9,161,"COVID-19"
"DE-SH","00+",2021-12-19,2021-12-01,"-18 day ahead inc hosp","quantile",0.975,166,"COVID-19"
"DE-SH","00+",2021-12-19,2021-11-30,"-19 day ahead inc hosp","mean",NA,175,"COVID-19"
"DE-SH","00+",2021-12-19,2021-11-30,"-19 day ahead inc hosp","quantile",0.025,172,"COVID-19"
"DE-SH","00+",2021-12-19,2021-11-30,"-19 day ahead inc hosp","quantile",0.1,172,"COVID-19"
"DE-SH","00+",2021-12-19,2021-11-30,"-19 day ahead inc hosp","quantile",0.25,172,"COVID-19"
"DE-SH","00+",2021-12-19,2021-11-30,"-19 day ahead inc hosp","quantile",0.5,174,"COVID-19"
"DE-SH","00+",2021-12-19,2021-11-30,"-19 day ahead inc hosp","quantile",0.75,176,"COVID-19"
"DE-SH","00+",2021-12-19,2021-11-30,"-19 day ahead inc hosp","quantile",0.9,180,"COVID-19"
"DE-SH","00+",2021-12-19,2021-11-30,"-19 day ahead inc hosp","quantile",0.975,185,"COVID-19"
"DE-SH","00+",2021-12-19,2021-11-29,"-20 day ahead inc hosp","mean",NA,171,"COVID-19"
"DE-SH","00+",2021-12-19,2021-11-29,"-20 day ahead inc hosp","quantile",0.025,168,"COVID-19"
"DE-SH","00+",2021-12-19,2021-11-29,"-20 day ahead inc hosp","quantile",0.1,168,"COVID-19"
"DE-SH","00+",2021-12-19,2021-11-29,"-20 day ahead inc hosp","quantile",0.25,168,"COVID-19"
"DE-SH","00+",2021-12-19,2021-11-29,"-20 day ahead inc hosp","quantile",0.5,169,"COVID-19"
"DE-SH","00+",2021-12-19,2021-11-29,"-20 day ahead inc hosp","quantile",0.75,172,"COVID-19"
"DE-SH","00+",2021-12-19,2021-11-29,"-20 day ahead inc hosp","quantile",0.9,175,"COVID-19"
"DE-SH","00+",2021-12-19,2021-11-29,"-20 day ahead inc hosp","quantile",0.975,179,"COVID-19"
"DE-SH","00+",2021-12-19,2021-11-28,"-21 day ahead inc hosp","mean",NA,180,"COVID-19"
"DE-SH","00+",2021-12-19,2021-11-28,"-21 day ahead inc hosp","quantile",0.025,177,"COVID-19"
"DE-SH","00+",2021-12-19,2021-11-28,"-21 day ahead inc hosp","quantile",0.1,177,"COVID-19"
"DE-SH","00+",2021-12-19,2021-11-28,"-21 day ahead inc hosp","quantile",0.25,177,"COVID-19"
"DE-SH","00+",2021-12-19,2021-11-28,"-21 day ahead inc hosp","quantile",0.5,178,"COVID-19"
"DE-SH","00+",2021-12-19,2021-11-28,"-21 day ahead inc hosp","quantile",0.75,181,"COVID-19"
"DE-SH","00+",2021-12-19,2021-11-28,"-21 day ahead inc hosp","quantile",0.9,184,"COVID-19"
"DE-SH","00+",2021-12-19,2021-11-28,"-21 day ahead inc hosp","quantile",0.975,189,"COVID-19"
"DE-SH","00+",2021-12-19,2021-11-27,"-22 day ahead inc hosp","mean",NA,179,"COVID-19"
"DE-SH","00+",2021-12-19,2021-11-27,"-22 day ahead inc hosp","quantile",0.025,177,"COVID-19"
"DE-SH","00+",2021-12-19,2021-11-27,"-22 day ahead inc hosp","quantile",0.1,177,"COVID-19"
"DE-SH","00+",2021-12-19,2021-11-27,"-22 day ahead inc hosp","quantile",0.25,177,"COVID-19"
"DE-SH","00+",2021-12-19,2021-11-27,"-22 day ahead inc hosp","quantile",0.5,178,"COVID-19"
"DE-SH","00+",2021-12-19,2021-11-27,"-22 day ahead inc hosp","quantile",0.75,180,"COVID-19"
"DE-SH","00+",2021-12-19,2021-11-27,"-22 day ahead inc hosp","quantile",0.9,184,"COVID-19"
"DE-SH","00+",2021-12-19,2021-11-27,"-22 day ahead inc hosp","quantile",0.975,189,"COVID-19"
"DE-SH","00+",2021-12-19,2021-11-26,"-23 day ahead inc hosp","mean",NA,190,"COVID-19"
"DE-SH","00+",2021-12-19,2021-11-26,"-23 day ahead inc hosp","quantile",0.025,188,"COVID-19"
"DE-SH","00+",2021-12-19,2021-11-26,"-23 day ahead inc hosp","quantile",0.1,188,"COVID-19"
"DE-SH","00+",2021-12-19,2021-11-26,"-23 day ahead inc hosp","quantile",0.25,188,"COVID-19"
"DE-SH","00+",2021-12-19,2021-11-26,"-23 day ahead inc hosp","quantile",0.5,189,"COVID-19"
"DE-SH","00+",2021-12-19,2021-11-26,"-23 day ahead inc hosp","quantile",0.75,191,"COVID-19"
"DE-SH","00+",2021-12-19,2021-11-26,"-23 day ahead inc hosp","quantile",0.9,194,"COVID-19"
"DE-SH","00+",2021-12-19,2021-11-26,"-23 day ahead inc hosp","quantile",0.975,199,"COVID-19"
"DE-SH","00+",2021-12-19,2021-11-25,"-24 day ahead inc hosp","mean",NA,202,"COVID-19"
"DE-SH","00+",2021-12-19,2021-11-25,"-24 day ahead inc hosp","quantile",0.025,200,"COVID-19"
"DE-SH","00+",2021-12-19,2021-11-25,"-24 day ahead inc hosp","quantile",0.1,200,"COVID-19"
"DE-SH","00+",2021-12-19,2021-11-25,"-24 day ahead inc hosp","quantile",0.25,200,"COVID-19"
"DE-SH","00+",2021-12-19,2021-11-25,"-24 day ahead inc hosp","quantile",0.5,201,"COVID-19"
"DE-SH","00+",2021-12-19,2021-11-25,"-24 day ahead inc hosp","quantile",0.75,203,"COVID-19"
"DE-SH","00+",2021-12-19,2021-11-25,"-24 day ahead inc hosp","quantile",0.9,206,"COVID-19"
"DE-SH","00+",2021-12-19,2021-11-25,"-24 day ahead inc hosp","quantile",0.975,211,"COVID-19"
"DE-SH","00+",2021-12-19,2021-11-24,"-25 day ahead inc hosp","mean",NA,194,"COVID-19"
"DE-SH","00+",2021-12-19,2021-11-24,"-25 day ahead inc hosp","quantile",0.025,192,"COVID-19"
"DE-SH","00+",2021-12-19,2021-11-24,"-25 day ahead inc hosp","quantile",0.1,192,"COVID-19"
"DE-SH","00+",2021-12-19,2021-11-24,"-25 day ahead inc hosp","quantile",0.25,192,"COVID-19"
"DE-SH","00+",2021-12-19,2021-11-24,"-25 day ahead inc hosp","quantile",0.5,193,"COVID-19"
"DE-SH","00+",2021-12-19,2021-11-24,"-25 day ahead inc hosp","quantile",0.75,195,"COVID-19"
"DE-SH","00+",2021-12-19,2021-11-24,"-25 day ahead inc hosp","quantile",0.9,198,"COVID-19"
"DE-SH","00+",2021-12-19,2021-11-24,"-25 day ahead inc hosp","quantile",0.975,202,"COVID-19"
"DE-SH","00+",2021-12-19,2021-11-23,"-26 day ahead inc hosp","mean",NA,181,"COVID-19"
"DE-SH","00+",2021-12-19,2021-11-23,"-26 day ahead inc hosp","quantile",0.025,179,"COVID-19"
"DE-SH","00+",2021-12-19,2021-11-23,"-26 day ahead inc hosp","quantile",0.1,179,"COVID-19"
"DE-SH","00+",2021-12-19,2021-11-23,"-26 day ahead inc hosp","quantile",0.25,179,"COVID-19"
"DE-SH","00+",2021-12-19,2021-11-23,"-26 day ahead inc hosp","quantile",0.5,180,"COVID-19"
"DE-SH","00+",2021-12-19,2021-11-23,"-26 day ahead inc hosp","quantile",0.75,181,"COVID-19"
"DE-SH","00+",2021-12-19,2021-11-23,"-26 day ahead inc hosp","quantile",0.9,184,"COVID-19"
"DE-SH","00+",2021-12-19,2021-11-23,"-26 day ahead inc hosp","quantile",0.975,187,"COVID-19"
"DE-SH","00+",2021-12-19,2021-11-22,"-27 day ahead inc hosp","mean",NA,168,"COVID-19"
"DE-SH","00+",2021-12-19,2021-11-22,"-27 day ahead inc hosp","quantile",0.025,167,"COVID-19"
"DE-SH","00+",2021-12-19,2021-11-22,"-27 day ahead inc hosp","quantile",0.1,167,"COVID-19"
"DE-SH","00+",2021-12-19,2021-11-22,"-27 day ahead inc hosp","quantile",0.25,167,"COVID-19"
"DE-SH","00+",2021-12-19,2021-11-22,"-27 day ahead inc hosp","quantile",0.5,168,"COVID-19"
"DE-SH","00+",2021-12-19,2021-11-22,"-27 day ahead inc hosp","quantile",0.75,169,"COVID-19"
"DE-SH","00+",2021-12-19,2021-11-22,"-27 day ahead inc hosp","quantile",0.9,171,"COVID-19"
"DE-SH","00+",2021-12-19,2021-11-22,"-27 day ahead inc hosp","quantile",0.975,174,"COVID-19"
"DE-SH","00+",2021-12-19,2021-11-21,"-28 day ahead inc hosp","mean",NA,160,"COVID-19"
"DE-SH","00+",2021-12-19,2021-11-21,"-28 day ahead inc hosp","quantile",0.025,159,"COVID-19"
"DE-SH","00+",2021-12-19,2021-11-21,"-28 day ahead inc hosp","quantile",0.1,159,"COVID-19"
"DE-SH","00+",2021-12-19,2021-11-21,"-28 day ahead inc hosp","quantile",0.25,159,"COVID-19"
"DE-SH","00+",2021-12-19,2021-11-21,"-28 day ahead inc hosp","quantile",0.5,160,"COVID-19"
"DE-SH","00+",2021-12-19,2021-11-21,"-28 day ahead inc hosp","quantile",0.75,161,"COVID-19"
"DE-SH","00+",2021-12-19,2021-11-21,"-28 day ahead inc hosp","quantile",0.9,163,"COVID-19"
"DE-SH","00+",2021-12-19,2021-11-21,"-28 day ahead inc hosp","quantile",0.975,166,"COVID-19"
"DE-SL","00+",2021-12-19,2021-12-19,"0 day ahead inc hosp","mean",NA,66,"COVID-19"
"DE-SL","00+",2021-12-19,2021-12-19,"0 day ahead inc hosp","quantile",0.025,53,"COVID-19"
"DE-SL","00+",2021-12-19,2021-12-19,"0 day ahead inc hosp","quantile",0.1,56,"COVID-19"
"DE-SL","00+",2021-12-19,2021-12-19,"0 day ahead inc hosp","quantile",0.25,60,"COVID-19"
"DE-SL","00+",2021-12-19,2021-12-19,"0 day ahead inc hosp","quantile",0.5,64,"COVID-19"
"DE-SL","00+",2021-12-19,2021-12-19,"0 day ahead inc hosp","quantile",0.75,70,"COVID-19"
"DE-SL","00+",2021-12-19,2021-12-19,"0 day ahead inc hosp","quantile",0.9,76,"COVID-19"
"DE-SL","00+",2021-12-19,2021-12-19,"0 day ahead inc hosp","quantile",0.975,84,"COVID-19"
"DE-SL","00+",2021-12-19,2021-12-18,"-1 day ahead inc hosp","mean",NA,71,"COVID-19"
"DE-SL","00+",2021-12-19,2021-12-18,"-1 day ahead inc hosp","quantile",0.025,59,"COVID-19"
"DE-SL","00+",2021-12-19,2021-12-18,"-1 day ahead inc hosp","quantile",0.1,62,"COVID-19"
"DE-SL","00+",2021-12-19,2021-12-18,"-1 day ahead inc hosp","quantile",0.25,65,"COVID-19"
"DE-SL","00+",2021-12-19,2021-12-18,"-1 day ahead inc hosp","quantile",0.5,70,"COVID-19"
"DE-SL","00+",2021-12-19,2021-12-18,"-1 day ahead inc hosp","quantile",0.75,76,"COVID-19"
"DE-SL","00+",2021-12-19,2021-12-18,"-1 day ahead inc hosp","quantile",0.9,81,"COVID-19"
"DE-SL","00+",2021-12-19,2021-12-18,"-1 day ahead inc hosp","quantile",0.975,89,"COVID-19"
"DE-SL","00+",2021-12-19,2021-12-17,"-2 day ahead inc hosp","mean",NA,78,"COVID-19"
"DE-SL","00+",2021-12-19,2021-12-17,"-2 day ahead inc hosp","quantile",0.025,65,"COVID-19"
"DE-SL","00+",2021-12-19,2021-12-17,"-2 day ahead inc hosp","quantile",0.1,68,"COVID-19"
"DE-SL","00+",2021-12-19,2021-12-17,"-2 day ahead inc hosp","quantile",0.25,72,"COVID-19"
"DE-SL","00+",2021-12-19,2021-12-17,"-2 day ahead inc hosp","quantile",0.5,77,"COVID-19"
"DE-SL","00+",2021-12-19,2021-12-17,"-2 day ahead inc hosp","quantile",0.75,83,"COVID-19"
"DE-SL","00+",2021-12-19,2021-12-17,"-2 day ahead inc hosp","quantile",0.9,89,"COVID-19"
"DE-SL","00+",2021-12-19,2021-12-17,"-2 day ahead inc hosp","quantile",0.975,97,"COVID-19"
"DE-SL","00+",2021-12-19,2021-12-16,"-3 day ahead inc hosp","mean",NA,78,"COVID-19"
"DE-SL","00+",2021-12-19,2021-12-16,"-3 day ahead inc hosp","quantile",0.025,66,"COVID-19"
"DE-SL","00+",2021-12-19,2021-12-16,"-3 day ahead inc hosp","quantile",0.1,69,"COVID-19"
"DE-SL","00+",2021-12-19,2021-12-16,"-3 day ahead inc hosp","quantile",0.25,73,"COVID-19"
"DE-SL","00+",2021-12-19,2021-12-16,"-3 day ahead inc hosp","quantile",0.5,77,"COVID-19"
"DE-SL","00+",2021-12-19,2021-12-16,"-3 day ahead inc hosp","quantile",0.75,83,"COVID-19"
"DE-SL","00+",2021-12-19,2021-12-16,"-3 day ahead inc hosp","quantile",0.9,89,"COVID-19"
"DE-SL","00+",2021-12-19,2021-12-16,"-3 day ahead inc hosp","quantile",0.975,96,"COVID-19"
"DE-SL","00+",2021-12-19,2021-12-15,"-4 day ahead inc hosp","mean",NA,90,"COVID-19"
"DE-SL","00+",2021-12-19,2021-12-15,"-4 day ahead inc hosp","quantile",0.025,77,"COVID-19"
"DE-SL","00+",2021-12-19,2021-12-15,"-4 day ahead inc hosp","quantile",0.1,80,"COVID-19"
"DE-SL","00+",2021-12-19,2021-12-15,"-4 day ahead inc hosp","quantile",0.25,84,"COVID-19"
"DE-SL","00+",2021-12-19,2021-12-15,"-4 day ahead inc hosp","quantile",0.5,89,"COVID-19"
"DE-SL","00+",2021-12-19,2021-12-15,"-4 day ahead inc hosp","quantile",0.75,95,"COVID-19"
"DE-SL","00+",2021-12-19,2021-12-15,"-4 day ahead inc hosp","quantile",0.9,101,"COVID-19"
"DE-SL","00+",2021-12-19,2021-12-15,"-4 day ahead inc hosp","quantile",0.975,109,"COVID-19"
"DE-SL","00+",2021-12-19,2021-12-14,"-5 day ahead inc hosp","mean",NA,87,"COVID-19"
"DE-SL","00+",2021-12-19,2021-12-14,"-5 day ahead inc hosp","quantile",0.025,76,"COVID-19"
"DE-SL","00+",2021-12-19,2021-12-14,"-5 day ahead inc hosp","quantile",0.1,79,"COVID-19"
"DE-SL","00+",2021-12-19,2021-12-14,"-5 day ahead inc hosp","quantile",0.25,82,"COVID-19"
"DE-SL","00+",2021-12-19,2021-12-14,"-5 day ahead inc hosp","quantile",0.5,86,"COVID-19"
"DE-SL","00+",2021-12-19,2021-12-14,"-5 day ahead inc hosp","quantile",0.75,92,"COVID-19"
"DE-SL","00+",2021-12-19,2021-12-14,"-5 day ahead inc hosp","quantile",0.9,98,"COVID-19"
"DE-SL","00+",2021-12-19,2021-12-14,"-5 day ahead inc hosp","quantile",0.975,105,"COVID-19"
"DE-SL","00+",2021-12-19,2021-12-13,"-6 day ahead inc hosp","mean",NA,85,"COVID-19"
"DE-SL","00+",2021-12-19,2021-12-13,"-6 day ahead inc hosp","quantile",0.025,75,"COVID-19"
"DE-SL","00+",2021-12-19,2021-12-13,"-6 day ahead inc hosp","quantile",0.1,77,"COVID-19"
"DE-SL","00+",2021-12-19,2021-12-13,"-6 day ahead inc hosp","quantile",0.25,80,"COVID-19"
"DE-SL","00+",2021-12-19,2021-12-13,"-6 day ahead inc hosp","quantile",0.5,84,"COVID-19"
"DE-SL","00+",2021-12-19,2021-12-13,"-6 day ahead inc hosp","quantile",0.75,89,"COVID-19"
"DE-SL","00+",2021-12-19,2021-12-13,"-6 day ahead inc hosp","quantile",0.9,95,"COVID-19"
"DE-SL","00+",2021-12-19,2021-12-13,"-6 day ahead inc hosp","quantile",0.975,103,"COVID-19"
"DE-SL","00+",2021-12-19,2021-12-12,"-7 day ahead inc hosp","mean",NA,87,"COVID-19"
"DE-SL","00+",2021-12-19,2021-12-12,"-7 day ahead inc hosp","quantile",0.025,77,"COVID-19"
"DE-SL","00+",2021-12-19,2021-12-12,"-7 day ahead inc hosp","quantile",0.1,79,"COVID-19"
"DE-SL","00+",2021-12-19,2021-12-12,"-7 day ahead inc hosp","quantile",0.25,82,"COVID-19"
"DE-SL","00+",2021-12-19,2021-12-12,"-7 day ahead inc hosp","quantile",0.5,86,"COVID-19"
"DE-SL","00+",2021-12-19,2021-12-12,"-7 day ahead inc hosp","quantile",0.75,91,"COVID-19"
"DE-SL","00+",2021-12-19,2021-12-12,"-7 day ahead inc hosp","quantile",0.9,97,"COVID-19"
"DE-SL","00+",2021-12-19,2021-12-12,"-7 day ahead inc hosp","quantile",0.975,106,"COVID-19"
"DE-SL","00+",2021-12-19,2021-12-11,"-8 day ahead inc hosp","mean",NA,85,"COVID-19"
"DE-SL","00+",2021-12-19,2021-12-11,"-8 day ahead inc hosp","quantile",0.025,76,"COVID-19"
"DE-SL","00+",2021-12-19,2021-12-11,"-8 day ahead inc hosp","quantile",0.1,77,"COVID-19"
"DE-SL","00+",2021-12-19,2021-12-11,"-8 day ahead inc hosp","quantile",0.25,80,"COVID-19"
"DE-SL","00+",2021-12-19,2021-12-11,"-8 day ahead inc hosp","quantile",0.5,84,"COVID-19"
"DE-SL","00+",2021-12-19,2021-12-11,"-8 day ahead inc hosp","quantile",0.75,89,"COVID-19"
"DE-SL","00+",2021-12-19,2021-12-11,"-8 day ahead inc hosp","quantile",0.9,95,"COVID-19"
"DE-SL","00+",2021-12-19,2021-12-11,"-8 day ahead inc hosp","quantile",0.975,103,"COVID-19"
"DE-SL","00+",2021-12-19,2021-12-10,"-9 day ahead inc hosp","mean",NA,85,"COVID-19"
"DE-SL","00+",2021-12-19,2021-12-10,"-9 day ahead inc hosp","quantile",0.025,76,"COVID-19"
"DE-SL","00+",2021-12-19,2021-12-10,"-9 day ahead inc hosp","quantile",0.1,78,"COVID-19"
"DE-SL","00+",2021-12-19,2021-12-10,"-9 day ahead inc hosp","quantile",0.25,80,"COVID-19"
"DE-SL","00+",2021-12-19,2021-12-10,"-9 day ahead inc hosp","quantile",0.5,84,"COVID-19"
"DE-SL","00+",2021-12-19,2021-12-10,"-9 day ahead inc hosp","quantile",0.75,89,"COVID-19"
"DE-SL","00+",2021-12-19,2021-12-10,"-9 day ahead inc hosp","quantile",0.9,95,"COVID-19"
"DE-SL","00+",2021-12-19,2021-12-10,"-9 day ahead inc hosp","quantile",0.975,104,"COVID-19"
"DE-SL","00+",2021-12-19,2021-12-09,"-10 day ahead inc hosp","mean",NA,86,"COVID-19"
"DE-SL","00+",2021-12-19,2021-12-09,"-10 day ahead inc hosp","quantile",0.025,78,"COVID-19"
"DE-SL","00+",2021-12-19,2021-12-09,"-10 day ahead inc hosp","quantile",0.1,80,"COVID-19"
"DE-SL","00+",2021-12-19,2021-12-09,"-10 day ahead inc hosp","quantile",0.25,82,"COVID-19"
"DE-SL","00+",2021-12-19,2021-12-09,"-10 day ahead inc hosp","quantile",0.5,85,"COVID-19"
"DE-SL","00+",2021-12-19,2021-12-09,"-10 day ahead inc hosp","quantile",0.75,89,"COVID-19"
"DE-SL","00+",2021-12-19,2021-12-09,"-10 day ahead inc hosp","quantile",0.9,95,"COVID-19"
"DE-SL","00+",2021-12-19,2021-12-09,"-10 day ahead inc hosp","quantile",0.975,102,"COVID-19"
"DE-SL","00+",2021-12-19,2021-12-08,"-11 day ahead inc hosp","mean",NA,87,"COVID-19"
"DE-SL","00+",2021-12-19,2021-12-08,"-11 day ahead inc hosp","quantile",0.025,80,"COVID-19"
"DE-SL","00+",2021-12-19,2021-12-08,"-11 day ahead inc hosp","quantile",0.1,81,"COVID-19"
"DE-SL","00+",2021-12-19,2021-12-08,"-11 day ahead inc hosp","quantile",0.25,83,"COVID-19"
"DE-SL","00+",2021-12-19,2021-12-08,"-11 day ahead inc hosp","quantile",0.5,86,"COVID-19"
"DE-SL","00+",2021-12-19,2021-12-08,"-11 day ahead inc hosp","quantile",0.75,89,"COVID-19"
"DE-SL","00+",2021-12-19,2021-12-08,"-11 day ahead inc hosp","quantile",0.9,93,"COVID-19"
"DE-SL","00+",2021-12-19,2021-12-08,"-11 day ahead inc hosp","quantile",0.975,99,"COVID-19"
"DE-SL","00+",2021-12-19,2021-12-07,"-12 day ahead inc hosp","mean",NA,83,"COVID-19"
"DE-SL","00+",2021-12-19,2021-12-07,"-12 day ahead inc hosp","quantile",0.025,78,"COVID-19"
"DE-SL","00+",2021-12-19,2021-12-07,"-12 day ahead inc hosp","quantile",0.1,79,"COVID-19"
"DE-SL","00+",2021-12-19,2021-12-07,"-12 day ahead inc hosp","quantile",0.25,81,"COVID-19"
"DE-SL","00+",2021-12-19,2021-12-07,"-12 day ahead inc hosp","quantile",0.5,83,"COVID-19"
"DE-SL","00+",2021-12-19,2021-12-07,"-12 day ahead inc hosp","quantile",0.75,85,"COVID-19"
"DE-SL","00+",2021-12-19,2021-12-07,"-12 day ahead inc hosp","quantile",0.9,88,"COVID-19"
"DE-SL","00+",2021-12-19,2021-12-07,"-12 day ahead inc hosp","quantile",0.975,91,"COVID-19"
"DE-SL","00+",2021-12-19,2021-12-06,"-13 day ahead inc hosp","mean",NA,82,"COVID-19"
"DE-SL","00+",2021-12-19,2021-12-06,"-13 day ahead inc hosp","quantile",0.025,79,"COVID-19"
"DE-SL","00+",2021-12-19,2021-12-06,"-13 day ahead inc hosp","quantile",0.1,80,"COVID-19"
"DE-SL","00+",2021-12-19,2021-12-06,"-13 day ahead inc hosp","quantile",0.25,81,"COVID-19"
"DE-SL","00+",2021-12-19,2021-12-06,"-13 day ahead inc hosp","quantile",0.5,82,"COVID-19"
"DE-SL","00+",2021-12-19,2021-12-06,"-13 day ahead inc hosp","quantile",0.75,84,"COVID-19"
"DE-SL","00+",2021-12-19,2021-12-06,"-13 day ahead inc hosp","quantile",0.9,85,"COVID-19"
"DE-SL","00+",2021-12-19,2021-12-06,"-13 day ahead inc hosp","quantile",0.975,87,"COVID-19"
"DE-SL","00+",2021-12-19,2021-12-05,"-14 day ahead inc hosp","mean",NA,73,"COVID-19"
"DE-SL","00+",2021-12-19,2021-12-05,"-14 day ahead inc hosp","quantile",0.025,70,"COVID-19"
"DE-SL","00+",2021-12-19,2021-12-05,"-14 day ahead inc hosp","quantile",0.1,71,"COVID-19"
"DE-SL","00+",2021-12-19,2021-12-05,"-14 day ahead inc hosp","quantile",0.25,72,"COVID-19"
"DE-SL","00+",2021-12-19,2021-12-05,"-14 day ahead inc hosp","quantile",0.5,73,"COVID-19"
"DE-SL","00+",2021-12-19,2021-12-05,"-14 day ahead inc hosp","quantile",0.75,75,"COVID-19"
"DE-SL","00+",2021-12-19,2021-12-05,"-14 day ahead inc hosp","quantile",0.9,76,"COVID-19"
"DE-SL","00+",2021-12-19,2021-12-05,"-14 day ahead inc hosp","quantile",0.975,77,"COVID-19"
"DE-SL","00+",2021-12-19,2021-12-04,"-15 day ahead inc hosp","mean",NA,76,"COVID-19"
"DE-SL","00+",2021-12-19,2021-12-04,"-15 day ahead inc hosp","quantile",0.025,73,"COVID-19"
"DE-SL","00+",2021-12-19,2021-12-04,"-15 day ahead inc hosp","quantile",0.1,74,"COVID-19"
"DE-SL","00+",2021-12-19,2021-12-04,"-15 day ahead inc hosp","quantile",0.25,75,"COVID-19"
"DE-SL","00+",2021-12-19,2021-12-04,"-15 day ahead inc hosp","quantile",0.5,76,"COVID-19"
"DE-SL","00+",2021-12-19,2021-12-04,"-15 day ahead inc hosp","quantile",0.75,77,"COVID-19"
"DE-SL","00+",2021-12-19,2021-12-04,"-15 day ahead inc hosp","quantile",0.9,79,"COVID-19"
"DE-SL","00+",2021-12-19,2021-12-04,"-15 day ahead inc hosp","quantile",0.975,80,"COVID-19"
"DE-SL","00+",2021-12-19,2021-12-03,"-16 day ahead inc hosp","mean",NA,79,"COVID-19"
"DE-SL","00+",2021-12-19,2021-12-03,"-16 day ahead inc hosp","quantile",0.025,76,"COVID-19"
"DE-SL","00+",2021-12-19,2021-12-03,"-16 day ahead inc hosp","quantile",0.1,77,"COVID-19"
"DE-SL","00+",2021-12-19,2021-12-03,"-16 day ahead inc hosp","quantile",0.25,78,"COVID-19"
"DE-SL","00+",2021-12-19,2021-12-03,"-16 day ahead inc hosp","quantile",0.5,79,"COVID-19"
"DE-SL","00+",2021-12-19,2021-12-03,"-16 day ahead inc hosp","quantile",0.75,80,"COVID-19"
"DE-SL","00+",2021-12-19,2021-12-03,"-16 day ahead inc hosp","quantile",0.9,82,"COVID-19"
"DE-SL","00+",2021-12-19,2021-12-03,"-16 day ahead inc hosp","quantile",0.975,83,"COVID-19"
"DE-SL","00+",2021-12-19,2021-12-02,"-17 day ahead inc hosp","mean",NA,84,"COVID-19"
"DE-SL","00+",2021-12-19,2021-12-02,"-17 day ahead inc hosp","quantile",0.025,81,"COVID-19"
"DE-SL","00+",2021-12-19,2021-12-02,"-17 day ahead inc hosp","quantile",0.1,81,"COVID-19"
"DE-SL","00+",2021-12-19,2021-12-02,"-17 day ahead inc hosp","quantile",0.25,82,"COVID-19"
"DE-SL","00+",2021-12-19,2021-12-02,"-17 day ahead inc hosp","quantile",0.5,83,"COVID-19"
"DE-SL","00+",2021-12-19,2021-12-02,"-17 day ahead inc hosp","quantile",0.75,85,"COVID-19"
"DE-SL","00+",2021-12-19,2021-12-02,"-17 day ahead inc hosp","quantile",0.9,87,"COVID-19"
"DE-SL","00+",2021-12-19,2021-12-02,"-17 day ahead inc hosp","quantile",0.975,89,"COVID-19"
"DE-SL","00+",2021-12-19,2021-12-01,"-18 day ahead inc hosp","mean",NA,75,"COVID-19"
"DE-SL","00+",2021-12-19,2021-12-01,"-18 day ahead inc hosp","quantile",0.025,73,"COVID-19"
"DE-SL","00+",2021-12-19,2021-12-01,"-18 day ahead inc hosp","quantile",0.1,73,"COVID-19"
"DE-SL","00+",2021-12-19,2021-12-01,"-18 day ahead inc hosp","quantile",0.25,74,"COVID-19"
"DE-SL","00+",2021-12-19,2021-12-01,"-18 day ahead inc hosp","quantile",0.5,75,"COVID-19"
"DE-SL","00+",2021-12-19,2021-12-01,"-18 day ahead inc hosp","quantile",0.75,76,"COVID-19"
"DE-SL","00+",2021-12-19,2021-12-01,"-18 day ahead inc hosp","quantile",0.9,78,"COVID-19"
"DE-SL","00+",2021-12-19,2021-12-01,"-18 day ahead inc hosp","quantile",0.975,80,"COVID-19"
"DE-SL","00+",2021-12-19,2021-11-30,"-19 day ahead inc hosp","mean",NA,79,"COVID-19"
"DE-SL","00+",2021-12-19,2021-11-30,"-19 day ahead inc hosp","quantile",0.025,77,"COVID-19"
"DE-SL","00+",2021-12-19,2021-11-30,"-19 day ahead inc hosp","quantile",0.1,77,"COVID-19"
"DE-SL","00+",2021-12-19,2021-11-30,"-19 day ahead inc hosp","quantile",0.25,77,"COVID-19"
"DE-SL","00+",2021-12-19,2021-11-30,"-19 day ahead inc hosp","quantile",0.5,78,"COVID-19"
"DE-SL","00+",2021-12-19,2021-11-30,"-19 day ahead inc hosp","quantile",0.75,80,"COVID-19"
"DE-SL","00+",2021-12-19,2021-11-30,"-19 day ahead inc hosp","quantile",0.9,81,"COVID-19"
"DE-SL","00+",2021-12-19,2021-11-30,"-19 day ahead inc hosp","quantile",0.975,84,"COVID-19"
"DE-SL","00+",2021-12-19,2021-11-29,"-20 day ahead inc hosp","mean",NA,73,"COVID-19"
"DE-SL","00+",2021-12-19,2021-11-29,"-20 day ahead inc hosp","quantile",0.025,71,"COVID-19"
"DE-SL","00+",2021-12-19,2021-11-29,"-20 day ahead inc hosp","quantile",0.1,71,"COVID-19"
"DE-SL","00+",2021-12-19,2021-11-29,"-20 day ahead inc hosp","quantile",0.25,71,"COVID-19"
"DE-SL","00+",2021-12-19,2021-11-29,"-20 day ahead inc hosp","quantile",0.5,72,"COVID-19"
"DE-SL","00+",2021-12-19,2021-11-29,"-20 day ahead inc hosp","quantile",0.75,73,"COVID-19"
"DE-SL","00+",2021-12-19,2021-11-29,"-20 day ahead inc hosp","quantile",0.9,75,"COVID-19"
"DE-SL","00+",2021-12-19,2021-11-29,"-20 day ahead inc hosp","quantile",0.975,76,"COVID-19"
"DE-SL","00+",2021-12-19,2021-11-28,"-21 day ahead inc hosp","mean",NA,69,"COVID-19"
"DE-SL","00+",2021-12-19,2021-11-28,"-21 day ahead inc hosp","quantile",0.025,68,"COVID-19"
"DE-SL","00+",2021-12-19,2021-11-28,"-21 day ahead inc hosp","quantile",0.1,68,"COVID-19"
"DE-SL","00+",2021-12-19,2021-11-28,"-21 day ahead inc hosp","quantile",0.25,69,"COVID-19"
"DE-SL","00+",2021-12-19,2021-11-28,"-21 day ahead inc hosp","quantile",0.5,69,"COVID-19"
"DE-SL","00+",2021-12-19,2021-11-28,"-21 day ahead inc hosp","quantile",0.75,70,"COVID-19"
"DE-SL","00+",2021-12-19,2021-11-28,"-21 day ahead inc hosp","quantile",0.9,71,"COVID-19"
"DE-SL","00+",2021-12-19,2021-11-28,"-21 day ahead inc hosp","quantile",0.975,72,"COVID-19"
"DE-SL","00+",2021-12-19,2021-11-27,"-22 day ahead inc hosp","mean",NA,64,"COVID-19"
"DE-SL","00+",2021-12-19,2021-11-27,"-22 day ahead inc hosp","quantile",0.025,63,"COVID-19"
"DE-SL","00+",2021-12-19,2021-11-27,"-22 day ahead inc hosp","quantile",0.1,63,"COVID-19"
"DE-SL","00+",2021-12-19,2021-11-27,"-22 day ahead inc hosp","quantile",0.25,63,"COVID-19"
"DE-SL","00+",2021-12-19,2021-11-27,"-22 day ahead inc hosp","quantile",0.5,64,"COVID-19"
"DE-SL","00+",2021-12-19,2021-11-27,"-22 day ahead inc hosp","quantile",0.75,65,"COVID-19"
"DE-SL","00+",2021-12-19,2021-11-27,"-22 day ahead inc hosp","quantile",0.9,66,"COVID-19"
"DE-SL","00+",2021-12-19,2021-11-27,"-22 day ahead inc hosp","quantile",0.975,67,"COVID-19"
"DE-SL","00+",2021-12-19,2021-11-26,"-23 day ahead inc hosp","mean",NA,58,"COVID-19"
"DE-SL","00+",2021-12-19,2021-11-26,"-23 day ahead inc hosp","quantile",0.025,57,"COVID-19"
"DE-SL","00+",2021-12-19,2021-11-26,"-23 day ahead inc hosp","quantile",0.1,57,"COVID-19"
"DE-SL","00+",2021-12-19,2021-11-26,"-23 day ahead inc hosp","quantile",0.25,57,"COVID-19"
"DE-SL","00+",2021-12-19,2021-11-26,"-23 day ahead inc hosp","quantile",0.5,58,"COVID-19"
"DE-SL","00+",2021-12-19,2021-11-26,"-23 day ahead inc hosp","quantile",0.75,59,"COVID-19"
"DE-SL","00+",2021-12-19,2021-11-26,"-23 day ahead inc hosp","quantile",0.9,60,"COVID-19"
"DE-SL","00+",2021-12-19,2021-11-26,"-23 day ahead inc hosp","quantile",0.975,61,"COVID-19"
"DE-SL","00+",2021-12-19,2021-11-25,"-24 day ahead inc hosp","mean",NA,52,"COVID-19"
"DE-SL","00+",2021-12-19,2021-11-25,"-24 day ahead inc hosp","quantile",0.025,51,"COVID-19"
"DE-SL","00+",2021-12-19,2021-11-25,"-24 day ahead inc hosp","quantile",0.1,51,"COVID-19"
"DE-SL","00+",2021-12-19,2021-11-25,"-24 day ahead inc hosp","quantile",0.25,51,"COVID-19"
"DE-SL","00+",2021-12-19,2021-11-25,"-24 day ahead inc hosp","quantile",0.5,52,"COVID-19"
"DE-SL","00+",2021-12-19,2021-11-25,"-24 day ahead inc hosp","quantile",0.75,53,"COVID-19"
"DE-SL","00+",2021-12-19,2021-11-25,"-24 day ahead inc hosp","quantile",0.9,53,"COVID-19"
"DE-SL","00+",2021-12-19,2021-11-25,"-24 day ahead inc hosp","quantile",0.975,54,"COVID-19"
"DE-SL","00+",2021-12-19,2021-11-24,"-25 day ahead inc hosp","mean",NA,47,"COVID-19"
"DE-SL","00+",2021-12-19,2021-11-24,"-25 day ahead inc hosp","quantile",0.025,46,"COVID-19"
"DE-SL","00+",2021-12-19,2021-11-24,"-25 day ahead inc hosp","quantile",0.1,46,"COVID-19"
"DE-SL","00+",2021-12-19,2021-11-24,"-25 day ahead inc hosp","quantile",0.25,46,"COVID-19"
"DE-SL","00+",2021-12-19,2021-11-24,"-25 day ahead inc hosp","quantile",0.5,47,"COVID-19"
"DE-SL","00+",2021-12-19,2021-11-24,"-25 day ahead inc hosp","quantile",0.75,48,"COVID-19"
"DE-SL","00+",2021-12-19,2021-11-24,"-25 day ahead inc hosp","quantile",0.9,48,"COVID-19"
"DE-SL","00+",2021-12-19,2021-11-24,"-25 day ahead inc hosp","quantile",0.975,49,"COVID-19"
"DE-SL","00+",2021-12-19,2021-11-23,"-26 day ahead inc hosp","mean",NA,40,"COVID-19"
"DE-SL","00+",2021-12-19,2021-11-23,"-26 day ahead inc hosp","quantile",0.025,39,"COVID-19"
"DE-SL","00+",2021-12-19,2021-11-23,"-26 day ahead inc hosp","quantile",0.1,39,"COVID-19"
"DE-SL","00+",2021-12-19,2021-11-23,"-26 day ahead inc hosp","quantile",0.25,39,"COVID-19"
"DE-SL","00+",2021-12-19,2021-11-23,"-26 day ahead inc hosp","quantile",0.5,40,"COVID-19"
"DE-SL","00+",2021-12-19,2021-11-23,"-26 day ahead inc hosp","quantile",0.75,40,"COVID-19"
"DE-SL","00+",2021-12-19,2021-11-23,"-26 day ahead inc hosp","quantile",0.9,41,"COVID-19"
"DE-SL","00+",2021-12-19,2021-11-23,"-26 day ahead inc hosp","quantile",0.975,42,"COVID-19"
"DE-SL","00+",2021-12-19,2021-11-22,"-27 day ahead inc hosp","mean",NA,40,"COVID-19"
"DE-SL","00+",2021-12-19,2021-11-22,"-27 day ahead inc hosp","quantile",0.025,39,"COVID-19"
"DE-SL","00+",2021-12-19,2021-11-22,"-27 day ahead inc hosp","quantile",0.1,39,"COVID-19"
"DE-SL","00+",2021-12-19,2021-11-22,"-27 day ahead inc hosp","quantile",0.25,39,"COVID-19"
"DE-SL","00+",2021-12-19,2021-11-22,"-27 day ahead inc hosp","quantile",0.5,39,"COVID-19"
"DE-SL","00+",2021-12-19,2021-11-22,"-27 day ahead inc hosp","quantile",0.75,40,"COVID-19"
"DE-SL","00+",2021-12-19,2021-11-22,"-27 day ahead inc hosp","quantile",0.9,41,"COVID-19"
"DE-SL","00+",2021-12-19,2021-11-22,"-27 day ahead inc hosp","quantile",0.975,42,"COVID-19"
"DE-SL","00+",2021-12-19,2021-11-21,"-28 day ahead inc hosp","mean",NA,40,"COVID-19"
"DE-SL","00+",2021-12-19,2021-11-21,"-28 day ahead inc hosp","quantile",0.025,39,"COVID-19"
"DE-SL","00+",2021-12-19,2021-11-21,"-28 day ahead inc hosp","quantile",0.1,39,"COVID-19"
"DE-SL","00+",2021-12-19,2021-11-21,"-28 day ahead inc hosp","quantile",0.25,39,"COVID-19"
"DE-SL","00+",2021-12-19,2021-11-21,"-28 day ahead inc hosp","quantile",0.5,39,"COVID-19"
"DE-SL","00+",2021-12-19,2021-11-21,"-28 day ahead inc hosp","quantile",0.75,40,"COVID-19"
"DE-SL","00+",2021-12-19,2021-11-21,"-28 day ahead inc hosp","quantile",0.9,41,"COVID-19"
"DE-SL","00+",2021-12-19,2021-11-21,"-28 day ahead inc hosp","quantile",0.975,42,"COVID-19"
"DE-SN","00+",2021-12-19,2021-12-19,"0 day ahead inc hosp","mean",NA,835,"COVID-19"
"DE-SN","00+",2021-12-19,2021-12-19,"0 day ahead inc hosp","quantile",0.025,337,"COVID-19"
"DE-SN","00+",2021-12-19,2021-12-19,"0 day ahead inc hosp","quantile",0.1,399,"COVID-19"
"DE-SN","00+",2021-12-19,2021-12-19,"0 day ahead inc hosp","quantile",0.25,509,"COVID-19"
"DE-SN","00+",2021-12-19,2021-12-19,"0 day ahead inc hosp","quantile",0.5,715,"COVID-19"
"DE-SN","00+",2021-12-19,2021-12-19,"0 day ahead inc hosp","quantile",0.75,1033,"COVID-19"
"DE-SN","00+",2021-12-19,2021-12-19,"0 day ahead inc hosp","quantile",0.9,1429,"COVID-19"
"DE-SN","00+",2021-12-19,2021-12-19,"0 day ahead inc hosp","quantile",0.975,2004,"COVID-19"
"DE-SN","00+",2021-12-19,2021-12-18,"-1 day ahead inc hosp","mean",NA,901,"COVID-19"
"DE-SN","00+",2021-12-19,2021-12-18,"-1 day ahead inc hosp","quantile",0.025,385,"COVID-19"
"DE-SN","00+",2021-12-19,2021-12-18,"-1 day ahead inc hosp","quantile",0.1,453,"COVID-19"
"DE-SN","00+",2021-12-19,2021-12-18,"-1 day ahead inc hosp","quantile",0.25,569,"COVID-19"
"DE-SN","00+",2021-12-19,2021-12-18,"-1 day ahead inc hosp","quantile",0.5,783,"COVID-19"
"DE-SN","00+",2021-12-19,2021-12-18,"-1 day ahead inc hosp","quantile",0.75,1107,"COVID-19"
"DE-SN","00+",2021-12-19,2021-12-18,"-1 day ahead inc hosp","quantile",0.9,1506,"COVID-19"
"DE-SN","00+",2021-12-19,2021-12-18,"-1 day ahead inc hosp","quantile",0.975,2084,"COVID-19"
"DE-SN","00+",2021-12-19,2021-12-17,"-2 day ahead inc hosp","mean",NA,955,"COVID-19"
"DE-SN","00+",2021-12-19,2021-12-17,"-2 day ahead inc hosp","quantile",0.025,456,"COVID-19"
"DE-SN","00+",2021-12-19,2021-12-17,"-2 day ahead inc hosp","quantile",0.1,520,"COVID-19"
"DE-SN","00+",2021-12-19,2021-12-17,"-2 day ahead inc hosp","quantile",0.25,631,"COVID-19"
"DE-SN","00+",2021-12-19,2021-12-17,"-2 day ahead inc hosp","quantile",0.5,838,"COVID-19"
"DE-SN","00+",2021-12-19,2021-12-17,"-2 day ahead inc hosp","quantile",0.75,1153,"COVID-19"
"DE-SN","00+",2021-12-19,2021-12-17,"-2 day ahead inc hosp","quantile",0.9,1544,"COVID-19"
"DE-SN","00+",2021-12-19,2021-12-17,"-2 day ahead inc hosp","quantile",0.975,2110,"COVID-19"
"DE-SN","00+",2021-12-19,2021-12-16,"-3 day ahead inc hosp","mean",NA,1001,"COVID-19"
"DE-SN","00+",2021-12-19,2021-12-16,"-3 day ahead inc hosp","quantile",0.025,509,"COVID-19"
"DE-SN","00+",2021-12-19,2021-12-16,"-3 day ahead inc hosp","quantile",0.1,573,"COVID-19"
"DE-SN","00+",2021-12-19,2021-12-16,"-3 day ahead inc hosp","quantile",0.25,683,"COVID-19"
"DE-SN","00+",2021-12-19,2021-12-16,"-3 day ahead inc hosp","quantile",0.5,887,"COVID-19"
"DE-SN","00+",2021-12-19,2021-12-16,"-3 day ahead inc hosp","quantile",0.75,1196,"COVID-19"
"DE-SN","00+",2021-12-19,2021-12-16,"-3 day ahead inc hosp","quantile",0.9,1578,"COVID-19"
"DE-SN","00+",2021-12-19,2021-12-16,"-3 day ahead inc hosp","quantile",0.975,2132,"COVID-19"
"DE-SN","00+",2021-12-19,2021-12-15,"-4 day ahead inc hosp","mean",NA,972,"COVID-19"
"DE-SN","00+",2021-12-19,2021-12-15,"-4 day ahead inc hosp","quantile",0.025,539,"COVID-19"
"DE-SN","00+",2021-12-19,2021-12-15,"-4 day ahead inc hosp","quantile",0.1,596,"COVID-19"
"DE-SN","00+",2021-12-19,2021-12-15,"-4 day ahead inc hosp","quantile",0.25,693,"COVID-19"
"DE-SN","00+",2021-12-19,2021-12-15,"-4 day ahead inc hosp","quantile",0.5,873,"COVID-19"
"DE-SN","00+",2021-12-19,2021-12-15,"-4 day ahead inc hosp","quantile",0.75,1144,"COVID-19"
"DE-SN","00+",2021-12-19,2021-12-15,"-4 day ahead inc hosp","quantile",0.9,1479,"COVID-19"
"DE-SN","00+",2021-12-19,2021-12-15,"-4 day ahead inc hosp","quantile",0.975,1962,"COVID-19"
"DE-SN","00+",2021-12-19,2021-12-14,"-5 day ahead inc hosp","mean",NA,933,"COVID-19"
"DE-SN","00+",2021-12-19,2021-12-14,"-5 day ahead inc hosp","quantile",0.025,564,"COVID-19"
"DE-SN","00+",2021-12-19,2021-12-14,"-5 day ahead inc hosp","quantile",0.1,613,"COVID-19"
"DE-SN","00+",2021-12-19,2021-12-14,"-5 day ahead inc hosp","quantile",0.25,696,"COVID-19"
"DE-SN","00+",2021-12-19,2021-12-14,"-5 day ahead inc hosp","quantile",0.5,848,"COVID-19"
"DE-SN","00+",2021-12-19,2021-12-14,"-5 day ahead inc hosp","quantile",0.75,1080,"COVID-19"
"DE-SN","00+",2021-12-19,2021-12-14,"-5 day ahead inc hosp","quantile",0.9,1364,"COVID-19"
"DE-SN","00+",2021-12-19,2021-12-14,"-5 day ahead inc hosp","quantile",0.975,1776,"COVID-19"
"DE-SN","00+",2021-12-19,2021-12-13,"-6 day ahead inc hosp","mean",NA,985,"COVID-19"
"DE-SN","00+",2021-12-19,2021-12-13,"-6 day ahead inc hosp","quantile",0.025,637,"COVID-19"
"DE-SN","00+",2021-12-19,2021-12-13,"-6 day ahead inc hosp","quantile",0.1,682,"COVID-19"
"DE-SN","00+",2021-12-19,2021-12-13,"-6 day ahead inc hosp","quantile",0.25,760,"COVID-19"
"DE-SN","00+",2021-12-19,2021-12-13,"-6 day ahead inc hosp","quantile",0.5,904,"COVID-19"
"DE-SN","00+",2021-12-19,2021-12-13,"-6 day ahead inc hosp","quantile",0.75,1124,"COVID-19"
"DE-SN","00+",2021-12-19,2021-12-13,"-6 day ahead inc hosp","quantile",0.9,1395,"COVID-19"
"DE-SN","00+",2021-12-19,2021-12-13,"-6 day ahead inc hosp","quantile",0.975,1787,"COVID-19"
"DE-SN","00+",2021-12-19,2021-12-12,"-7 day ahead inc hosp","mean",NA,1017,"COVID-19"
"DE-SN","00+",2021-12-19,2021-12-12,"-7 day ahead inc hosp","quantile",0.025,669,"COVID-19"
"DE-SN","00+",2021-12-19,2021-12-12,"-7 day ahead inc hosp","quantile",0.1,714,"COVID-19"
"DE-SN","00+",2021-12-19,2021-12-12,"-7 day ahead inc hosp","quantile",0.25,791,"COVID-19"
"DE-SN","00+",2021-12-19,2021-12-12,"-7 day ahead inc hosp","quantile",0.5,935,"COVID-19"
"DE-SN","00+",2021-12-19,2021-12-12,"-7 day ahead inc hosp","quantile",0.75,1155,"COVID-19"
"DE-SN","00+",2021-12-19,2021-12-12,"-7 day ahead inc hosp","quantile",0.9,1426,"COVID-19"
"DE-SN","00+",2021-12-19,2021-12-12,"-7 day ahead inc hosp","quantile",0.975,1820,"COVID-19"
"DE-SN","00+",2021-12-19,2021-12-11,"-8 day ahead inc hosp","mean",NA,1018,"COVID-19"
"DE-SN","00+",2021-12-19,2021-12-11,"-8 day ahead inc hosp","quantile",0.025,684,"COVID-19"
"DE-SN","00+",2021-12-19,2021-12-11,"-8 day ahead inc hosp","quantile",0.1,726,"COVID-19"
"DE-SN","00+",2021-12-19,2021-12-11,"-8 day ahead inc hosp","quantile",0.25,799,"COVID-19"
"DE-SN","00+",2021-12-19,2021-12-11,"-8 day ahead inc hosp","quantile",0.5,938,"COVID-19"
"DE-SN","00+",2021-12-19,2021-12-11,"-8 day ahead inc hosp","quantile",0.75,1151,"COVID-19"
"DE-SN","00+",2021-12-19,2021-12-11,"-8 day ahead inc hosp","quantile",0.9,1416,"COVID-19"
"DE-SN","00+",2021-12-19,2021-12-11,"-8 day ahead inc hosp","quantile",0.975,1801,"COVID-19"
"DE-SN","00+",2021-12-19,2021-12-10,"-9 day ahead inc hosp","mean",NA,1025,"COVID-19"
"DE-SN","00+",2021-12-19,2021-12-10,"-9 day ahead inc hosp","quantile",0.025,717,"COVID-19"
"DE-SN","00+",2021-12-19,2021-12-10,"-9 day ahead inc hosp","quantile",0.1,754,"COVID-19"
"DE-SN","00+",2021-12-19,2021-12-10,"-9 day ahead inc hosp","quantile",0.25,821,"COVID-19"
"DE-SN","00+",2021-12-19,2021-12-10,"-9 day ahead inc hosp","quantile",0.5,948,"COVID-19"
"DE-SN","00+",2021-12-19,2021-12-10,"-9 day ahead inc hosp","quantile",0.75,1147,"COVID-19"
"DE-SN","00+",2021-12-19,2021-12-10,"-9 day ahead inc hosp","quantile",0.9,1396,"COVID-19"
"DE-SN","00+",2021-12-19,2021-12-10,"-9 day ahead inc hosp","quantile",0.975,1759,"COVID-19"
"DE-SN","00+",2021-12-19,2021-12-09,"-10 day ahead inc hosp","mean",NA,1052,"COVID-19"
"DE-SN","00+",2021-12-19,2021-12-09,"-10 day ahead inc hosp","quantile",0.025,759,"COVID-19"
"DE-SN","00+",2021-12-19,2021-12-09,"-10 day ahead inc hosp","quantile",0.1,793,"COVID-19"
"DE-SN","00+",2021-12-19,2021-12-09,"-10 day ahead inc hosp","quantile",0.25,855,"COVID-19"
"DE-SN","00+",2021-12-19,2021-12-09,"-10 day ahead inc hosp","quantile",0.5,978,"COVID-19"
"DE-SN","00+",2021-12-19,2021-12-09,"-10 day ahead inc hosp","quantile",0.75,1169,"COVID-19"
"DE-SN","00+",2021-12-19,2021-12-09,"-10 day ahead inc hosp","quantile",0.9,1411,"COVID-19"
"DE-SN","00+",2021-12-19,2021-12-09,"-10 day ahead inc hosp","quantile",0.975,1764,"COVID-19"
"DE-SN","00+",2021-12-19,2021-12-08,"-11 day ahead inc hosp","mean",NA,1064,"COVID-19"
"DE-SN","00+",2021-12-19,2021-12-08,"-11 day ahead inc hosp","quantile",0.025,791,"COVID-19"
"DE-SN","00+",2021-12-19,2021-12-08,"-11 day ahead inc hosp","quantile",0.1,821,"COVID-19"
"DE-SN","00+",2021-12-19,2021-12-08,"-11 day ahead inc hosp","quantile",0.25,879,"COVID-19"
"DE-SN","00+",2021-12-19,2021-12-08,"-11 day ahead inc hosp","quantile",0.5,993,"COVID-19"
"DE-SN","00+",2021-12-19,2021-12-08,"-11 day ahead inc hosp","quantile",0.75,1173,"COVID-19"
"DE-SN","00+",2021-12-19,2021-12-08,"-11 day ahead inc hosp","quantile",0.9,1401,"COVID-19"
"DE-SN","00+",2021-12-19,2021-12-08,"-11 day ahead inc hosp","quantile",0.975,1738,"COVID-19"
"DE-SN","00+",2021-12-19,2021-12-07,"-12 day ahead inc hosp","mean",NA,1037,"COVID-19"
"DE-SN","00+",2021-12-19,2021-12-07,"-12 day ahead inc hosp","quantile",0.025,795,"COVID-19"
"DE-SN","00+",2021-12-19,2021-12-07,"-12 day ahead inc hosp","quantile",0.1,822,"COVID-19"
"DE-SN","00+",2021-12-19,2021-12-07,"-12 day ahead inc hosp","quantile",0.25,872,"COVID-19"
"DE-SN","00+",2021-12-19,2021-12-07,"-12 day ahead inc hosp","quantile",0.5,973,"COVID-19"
"DE-SN","00+",2021-12-19,2021-12-07,"-12 day ahead inc hosp","quantile",0.75,1134,"COVID-19"
"DE-SN","00+",2021-12-19,2021-12-07,"-12 day ahead inc hosp","quantile",0.9,1337,"COVID-19"
"DE-SN","00+",2021-12-19,2021-12-07,"-12 day ahead inc hosp","quantile",0.975,1638,"COVID-19"
"DE-SN","00+",2021-12-19,2021-12-06,"-13 day ahead inc hosp","mean",NA,963,"COVID-19"
"DE-SN","00+",2021-12-19,2021-12-06,"-13 day ahead inc hosp","quantile",0.025,764,"COVID-19"
"DE-SN","00+",2021-12-19,2021-12-06,"-13 day ahead inc hosp","quantile",0.1,785,"COVID-19"
"DE-SN","00+",2021-12-19,2021-12-06,"-13 day ahead inc hosp","quantile",0.25,827,"COVID-19"
"DE-SN","00+",2021-12-19,2021-12-06,"-13 day ahead inc hosp","quantile",0.5,910,"COVID-19"
"DE-SN","00+",2021-12-19,2021-12-06,"-13 day ahead inc hosp","quantile",0.75,1042,"COVID-19"
"DE-SN","00+",2021-12-19,2021-12-06,"-13 day ahead inc hosp","quantile",0.9,1211,"COVID-19"
"DE-SN","00+",2021-12-19,2021-12-06,"-13 day ahead inc hosp","quantile",0.975,1459,"COVID-19"
"DE-SN","00+",2021-12-19,2021-12-05,"-14 day ahead inc hosp","mean",NA,947,"COVID-19"
"DE-SN","00+",2021-12-19,2021-12-05,"-14 day ahead inc hosp","quantile",0.025,761,"COVID-19"
"DE-SN","00+",2021-12-19,2021-12-05,"-14 day ahead inc hosp","quantile",0.1,782,"COVID-19"
"DE-SN","00+",2021-12-19,2021-12-05,"-14 day ahead inc hosp","quantile",0.25,821,"COVID-19"
"DE-SN","00+",2021-12-19,2021-12-05,"-14 day ahead inc hosp","quantile",0.5,898,"COVID-19"
"DE-SN","00+",2021-12-19,2021-12-05,"-14 day ahead inc hosp","quantile",0.75,1021,"COVID-19"
"DE-SN","00+",2021-12-19,2021-12-05,"-14 day ahead inc hosp","quantile",0.9,1178,"COVID-19"
"DE-SN","00+",2021-12-19,2021-12-05,"-14 day ahead inc hosp","quantile",0.975,1409,"COVID-19"
"DE-SN","00+",2021-12-19,2021-12-04,"-15 day ahead inc hosp","mean",NA,936,"COVID-19"
"DE-SN","00+",2021-12-19,2021-12-04,"-15 day ahead inc hosp","quantile",0.025,762,"COVID-19"
"DE-SN","00+",2021-12-19,2021-12-04,"-15 day ahead inc hosp","quantile",0.1,782,"COVID-19"
"DE-SN","00+",2021-12-19,2021-12-04,"-15 day ahead inc hosp","quantile",0.25,819,"COVID-19"
"DE-SN","00+",2021-12-19,2021-12-04,"-15 day ahead inc hosp","quantile",0.5,891,"COVID-19"
"DE-SN","00+",2021-12-19,2021-12-04,"-15 day ahead inc hosp","quantile",0.75,1006,"COVID-19"
"DE-SN","00+",2021-12-19,2021-12-04,"-15 day ahead inc hosp","quantile",0.9,1151,"COVID-19"
"DE-SN","00+",2021-12-19,2021-12-04,"-15 day ahead inc hosp","quantile",0.975,1365,"COVID-19"
"DE-SN","00+",2021-12-19,2021-12-03,"-16 day ahead inc hosp","mean",NA,898,"COVID-19"
"DE-SN","00+",2021-12-19,2021-12-03,"-16 day ahead inc hosp","quantile",0.025,750,"COVID-19"
"DE-SN","00+",2021-12-19,2021-12-03,"-16 day ahead inc hosp","quantile",0.1,768,"COVID-19"
"DE-SN","00+",2021-12-19,2021-12-03,"-16 day ahead inc hosp","quantile",0.25,800,"COVID-19"
"DE-SN","00+",2021-12-19,2021-12-03,"-16 day ahead inc hosp","quantile",0.5,861,"COVID-19"
"DE-SN","00+",2021-12-19,2021-12-03,"-16 day ahead inc hosp","quantile",0.75,957,"COVID-19"
"DE-SN","00+",2021-12-19,2021-12-03,"-16 day ahead inc hosp","quantile",0.9,1078,"COVID-19"
"DE-SN","00+",2021-12-19,2021-12-03,"-16 day ahead inc hosp","quantile",0.975,1254,"COVID-19"
"DE-SN","00+",2021-12-19,2021-12-02,"-17 day ahead inc hosp","mean",NA,901,"COVID-19"
"DE-SN","00+",2021-12-19,2021-12-02,"-17 day ahead inc hosp","quantile",0.025,769,"COVID-19"
"DE-SN","00+",2021-12-19,2021-12-02,"-17 day ahead inc hosp","quantile",0.1,785,"COVID-19"
"DE-SN","00+",2021-12-19,2021-12-02,"-17 day ahead inc hosp","quantile",0.25,814,"COVID-19"
"DE-SN","00+",2021-12-19,2021-12-02,"-17 day ahead inc hosp","quantile",0.5,869,"COVID-19"
"DE-SN","00+",2021-12-19,2021-12-02,"-17 day ahead inc hosp","quantile",0.75,953,"COVID-19"
"DE-SN","00+",2021-12-19,2021-12-02,"-17 day ahead inc hosp","quantile",0.9,1058,"COVID-19"
"DE-SN","00+",2021-12-19,2021-12-02,"-17 day ahead inc hosp","quantile",0.975,1211,"COVID-19"
"DE-SN","00+",2021-12-19,2021-12-01,"-18 day ahead inc hosp","mean",NA,882,"COVID-19"
"DE-SN","00+",2021-12-19,2021-12-01,"-18 day ahead inc hosp","quantile",0.025,767,"COVID-19"
"DE-SN","00+",2021-12-19,2021-12-01,"-18 day ahead inc hosp","quantile",0.1,782,"COVID-19"
"DE-SN","00+",2021-12-19,2021-12-01,"-18 day ahead inc hosp","quantile",0.25,807,"COVID-19"
"DE-SN","00+",2021-12-19,2021-12-01,"-18 day ahead inc hosp","quantile",0.5,855,"COVID-19"
"DE-SN","00+",2021-12-19,2021-12-01,"-18 day ahead inc hosp","quantile",0.75,927,"COVID-19"
"DE-SN","00+",2021-12-19,2021-12-01,"-18 day ahead inc hosp","quantile",0.9,1016,"COVID-19"
"DE-SN","00+",2021-12-19,2021-12-01,"-18 day ahead inc hosp","quantile",0.975,1145,"COVID-19"
"DE-SN","00+",2021-12-19,2021-11-30,"-19 day ahead inc hosp","mean",NA,922,"COVID-19"
"DE-SN","00+",2021-12-19,2021-11-30,"-19 day ahead inc hosp","quantile",0.025,816,"COVID-19"
"DE-SN","00+",2021-12-19,2021-11-30,"-19 day ahead inc hosp","quantile",0.1,830,"COVID-19"
"DE-SN","00+",2021-12-19,2021-11-30,"-19 day ahead inc hosp","quantile",0.25,853,"COVID-19"
"DE-SN","00+",2021-12-19,2021-11-30,"-19 day ahead inc hosp","quantile",0.5,897,"COVID-19"
"DE-SN","00+",2021-12-19,2021-11-30,"-19 day ahead inc hosp","quantile",0.75,963,"COVID-19"
"DE-SN","00+",2021-12-19,2021-11-30,"-19 day ahead inc hosp","quantile",0.9,1045,"COVID-19"
"DE-SN","00+",2021-12-19,2021-11-30,"-19 day ahead inc hosp","quantile",0.975,1164,"COVID-19"
"DE-SN","00+",2021-12-19,2021-11-29,"-20 day ahead inc hosp","mean",NA,960,"COVID-19"
"DE-SN","00+",2021-12-19,2021-11-29,"-20 day ahead inc hosp","quantile",0.025,863,"COVID-19"
"DE-SN","00+",2021-12-19,2021-11-29,"-20 day ahead inc hosp","quantile",0.1,876,"COVID-19"
"DE-SN","00+",2021-12-19,2021-11-29,"-20 day ahead inc hosp","quantile",0.25,897,"COVID-19"
"DE-SN","00+",2021-12-19,2021-11-29,"-20 day ahead inc hosp","quantile",0.5,937,"COVID-19"
"DE-SN","00+",2021-12-19,2021-11-29,"-20 day ahead inc hosp","quantile",0.75,998,"COVID-19"
"DE-SN","00+",2021-12-19,2021-11-29,"-20 day ahead inc hosp","quantile",0.9,1073,"COVID-19"
"DE-SN","00+",2021-12-19,2021-11-29,"-20 day ahead inc hosp","quantile",0.975,1181,"COVID-19"
"DE-SN","00+",2021-12-19,2021-11-28,"-21 day ahead inc hosp","mean",NA,972,"COVID-19"
"DE-SN","00+",2021-12-19,2021-11-28,"-21 day ahead inc hosp","quantile",0.025,880,"COVID-19"
"DE-SN","00+",2021-12-19,2021-11-28,"-21 day ahead inc hosp","quantile",0.1,892,"COVID-19"
"DE-SN","00+",2021-12-19,2021-11-28,"-21 day ahead inc hosp","quantile",0.25,913,"COVID-19"
"DE-SN","00+",2021-12-19,2021-11-28,"-21 day ahead inc hosp","quantile",0.5,951,"COVID-19"
"DE-SN","00+",2021-12-19,2021-11-28,"-21 day ahead inc hosp","quantile",0.75,1008,"COVID-19"
"DE-SN","00+",2021-12-19,2021-11-28,"-21 day ahead inc hosp","quantile",0.9,1079,"COVID-19"
"DE-SN","00+",2021-12-19,2021-11-28,"-21 day ahead inc hosp","quantile",0.975,1182,"COVID-19"
"DE-SN","00+",2021-12-19,2021-11-27,"-22 day ahead inc hosp","mean",NA,988,"COVID-19"
"DE-SN","00+",2021-12-19,2021-11-27,"-22 day ahead inc hosp","quantile",0.025,901,"COVID-19"
"DE-SN","00+",2021-12-19,2021-11-27,"-22 day ahead inc hosp","quantile",0.1,912,"COVID-19"
"DE-SN","00+",2021-12-19,2021-11-27,"-22 day ahead inc hosp","quantile",0.25,931,"COVID-19"
"DE-SN","00+",2021-12-19,2021-11-27,"-22 day ahead inc hosp","quantile",0.5,968,"COVID-19"
"DE-SN","00+",2021-12-19,2021-11-27,"-22 day ahead inc hosp","quantile",0.75,1023,"COVID-19"
"DE-SN","00+",2021-12-19,2021-11-27,"-22 day ahead inc hosp","quantile",0.9,1092,"COVID-19"
"DE-SN","00+",2021-12-19,2021-11-27,"-22 day ahead inc hosp","quantile",0.975,1192,"COVID-19"
"DE-SN","00+",2021-12-19,2021-11-26,"-23 day ahead inc hosp","mean",NA,988,"COVID-19"
"DE-SN","00+",2021-12-19,2021-11-26,"-23 day ahead inc hosp","quantile",0.025,908,"COVID-19"
"DE-SN","00+",2021-12-19,2021-11-26,"-23 day ahead inc hosp","quantile",0.1,918,"COVID-19"
"DE-SN","00+",2021-12-19,2021-11-26,"-23 day ahead inc hosp","quantile",0.25,936,"COVID-19"
"DE-SN","00+",2021-12-19,2021-11-26,"-23 day ahead inc hosp","quantile",0.5,969,"COVID-19"
"DE-SN","00+",2021-12-19,2021-11-26,"-23 day ahead inc hosp","quantile",0.75,1020,"COVID-19"
"DE-SN","00+",2021-12-19,2021-11-26,"-23 day ahead inc hosp","quantile",0.9,1083,"COVID-19"
"DE-SN","00+",2021-12-19,2021-11-26,"-23 day ahead inc hosp","quantile",0.975,1176,"COVID-19"
"DE-SN","00+",2021-12-19,2021-11-25,"-24 day ahead inc hosp","mean",NA,993,"COVID-19"
"DE-SN","00+",2021-12-19,2021-11-25,"-24 day ahead inc hosp","quantile",0.025,922,"COVID-19"
"DE-SN","00+",2021-12-19,2021-11-25,"-24 day ahead inc hosp","quantile",0.1,930,"COVID-19"
"DE-SN","00+",2021-12-19,2021-11-25,"-24 day ahead inc hosp","quantile",0.25,946,"COVID-19"
"DE-SN","00+",2021-12-19,2021-11-25,"-24 day ahead inc hosp","quantile",0.5,976,"COVID-19"
"DE-SN","00+",2021-12-19,2021-11-25,"-24 day ahead inc hosp","quantile",0.75,1021,"COVID-19"
"DE-SN","00+",2021-12-19,2021-11-25,"-24 day ahead inc hosp","quantile",0.9,1078,"COVID-19"
"DE-SN","00+",2021-12-19,2021-11-25,"-24 day ahead inc hosp","quantile",0.975,1161,"COVID-19"
"DE-SN","00+",2021-12-19,2021-11-24,"-25 day ahead inc hosp","mean",NA,950,"COVID-19"
"DE-SN","00+",2021-12-19,2021-11-24,"-25 day ahead inc hosp","quantile",0.025,888,"COVID-19"
"DE-SN","00+",2021-12-19,2021-11-24,"-25 day ahead inc hosp","quantile",0.1,896,"COVID-19"
"DE-SN","00+",2021-12-19,2021-11-24,"-25 day ahead inc hosp","quantile",0.25,909,"COVID-19"
"DE-SN","00+",2021-12-19,2021-11-24,"-25 day ahead inc hosp","quantile",0.5,935,"COVID-19"
"DE-SN","00+",2021-12-19,2021-11-24,"-25 day ahead inc hosp","quantile",0.75,974,"COVID-19"
"DE-SN","00+",2021-12-19,2021-11-24,"-25 day ahead inc hosp","quantile",0.9,1022,"COVID-19"
"DE-SN","00+",2021-12-19,2021-11-24,"-25 day ahead inc hosp","quantile",0.975,1093,"COVID-19"
"DE-SN","00+",2021-12-19,2021-11-23,"-26 day ahead inc hosp","mean",NA,921,"COVID-19"
"DE-SN","00+",2021-12-19,2021-11-23,"-26 day ahead inc hosp","quantile",0.025,870,"COVID-19"
"DE-SN","00+",2021-12-19,2021-11-23,"-26 day ahead inc hosp","quantile",0.1,877,"COVID-19"
"DE-SN","00+",2021-12-19,2021-11-23,"-26 day ahead inc hosp","quantile",0.25,888,"COVID-19"
"DE-SN","00+",2021-12-19,2021-11-23,"-26 day ahead inc hosp","quantile",0.5,909,"COVID-19"
"DE-SN","00+",2021-12-19,2021-11-23,"-26 day ahead inc hosp","quantile",0.75,941,"COVID-19"
"DE-SN","00+",2021-12-19,2021-11-23,"-26 day ahead inc hosp","quantile",0.9,980,"COVID-19"
"DE-SN","00+",2021-12-19,2021-11-23,"-26 day ahead inc hosp","quantile",0.975,1036,"COVID-19"
"DE-SN","00+",2021-12-19,2021-11-22,"-27 day ahead inc hosp","mean",NA,873,"COVID-19"
"DE-SN","00+",2021-12-19,2021-11-22,"-27 day ahead inc hosp","quantile",0.025,833,"COVID-19"
"DE-SN","00+",2021-12-19,2021-11-22,"-27 day ahead inc hosp","quantile",0.1,838,"COVID-19"
"DE-SN","00+",2021-12-19,2021-11-22,"-27 day ahead inc hosp","quantile",0.25,848,"COVID-19"
"DE-SN","00+",2021-12-19,2021-11-22,"-27 day ahead inc hosp","quantile",0.5,865,"COVID-19"
"DE-SN","00+",2021-12-19,2021-11-22,"-27 day ahead inc hosp","quantile",0.75,890,"COVID-19"
"DE-SN","00+",2021-12-19,2021-11-22,"-27 day ahead inc hosp","quantile",0.9,920,"COVID-19"
"DE-SN","00+",2021-12-19,2021-11-22,"-27 day ahead inc hosp","quantile",0.975,964,"COVID-19"
"DE-SN","00+",2021-12-19,2021-11-21,"-28 day ahead inc hosp","mean",NA,844,"COVID-19"
"DE-SN","00+",2021-12-19,2021-11-21,"-28 day ahead inc hosp","quantile",0.025,807,"COVID-19"
"DE-SN","00+",2021-12-19,2021-11-21,"-28 day ahead inc hosp","quantile",0.1,812,"COVID-19"
"DE-SN","00+",2021-12-19,2021-11-21,"-28 day ahead inc hosp","quantile",0.25,821,"COVID-19"
"DE-SN","00+",2021-12-19,2021-11-21,"-28 day ahead inc hosp","quantile",0.5,836,"COVID-19"
"DE-SN","00+",2021-12-19,2021-11-21,"-28 day ahead inc hosp","quantile",0.75,858,"COVID-19"
"DE-SN","00+",2021-12-19,2021-11-21,"-28 day ahead inc hosp","quantile",0.9,885,"COVID-19"
"DE-SN","00+",2021-12-19,2021-11-21,"-28 day ahead inc hosp","quantile",0.975,924,"COVID-19"
"DE-ST","00+",2021-12-19,2021-12-19,"0 day ahead inc hosp","mean",NA,433,"COVID-19"
"DE-ST","00+",2021-12-19,2021-12-19,"0 day ahead inc hosp","quantile",0.025,265,"COVID-19"
"DE-ST","00+",2021-12-19,2021-12-19,"0 day ahead inc hosp","quantile",0.1,296,"COVID-19"
"DE-ST","00+",2021-12-19,2021-12-19,"0 day ahead inc hosp","quantile",0.25,339,"COVID-19"
"DE-ST","00+",2021-12-19,2021-12-19,"0 day ahead inc hosp","quantile",0.5,407,"COVID-19"
"DE-ST","00+",2021-12-19,2021-12-19,"0 day ahead inc hosp","quantile",0.75,499,"COVID-19"
"DE-ST","00+",2021-12-19,2021-12-19,"0 day ahead inc hosp","quantile",0.9,606,"COVID-19"
"DE-ST","00+",2021-12-19,2021-12-19,"0 day ahead inc hosp","quantile",0.975,752,"COVID-19"
"DE-ST","00+",2021-12-19,2021-12-18,"-1 day ahead inc hosp","mean",NA,466,"COVID-19"
"DE-ST","00+",2021-12-19,2021-12-18,"-1 day ahead inc hosp","quantile",0.025,302,"COVID-19"
"DE-ST","00+",2021-12-19,2021-12-18,"-1 day ahead inc hosp","quantile",0.1,334,"COVID-19"
"DE-ST","00+",2021-12-19,2021-12-18,"-1 day ahead inc hosp","quantile",0.25,376,"COVID-19"
"DE-ST","00+",2021-12-19,2021-12-18,"-1 day ahead inc hosp","quantile",0.5,442,"COVID-19"
"DE-ST","00+",2021-12-19,2021-12-18,"-1 day ahead inc hosp","quantile",0.75,530,"COVID-19"
"DE-ST","00+",2021-12-19,2021-12-18,"-1 day ahead inc hosp","quantile",0.9,632,"COVID-19"
"DE-ST","00+",2021-12-19,2021-12-18,"-1 day ahead inc hosp","quantile",0.975,771,"COVID-19"
"DE-ST","00+",2021-12-19,2021-12-17,"-2 day ahead inc hosp","mean",NA,503,"COVID-19"
"DE-ST","00+",2021-12-19,2021-12-17,"-2 day ahead inc hosp","quantile",0.025,337,"COVID-19"
"DE-ST","00+",2021-12-19,2021-12-17,"-2 day ahead inc hosp","quantile",0.1,369,"COVID-19"
"DE-ST","00+",2021-12-19,2021-12-17,"-2 day ahead inc hosp","quantile",0.25,412,"COVID-19"
"DE-ST","00+",2021-12-19,2021-12-17,"-2 day ahead inc hosp","quantile",0.5,479,"COVID-19"
"DE-ST","00+",2021-12-19,2021-12-17,"-2 day ahead inc hosp","quantile",0.75,568,"COVID-19"
"DE-ST","00+",2021-12-19,2021-12-17,"-2 day ahead inc hosp","quantile",0.9,669,"COVID-19"
"DE-ST","00+",2021-12-19,2021-12-17,"-2 day ahead inc hosp","quantile",0.975,808,"COVID-19"
"DE-ST","00+",2021-12-19,2021-12-16,"-3 day ahead inc hosp","mean",NA,490,"COVID-19"
"DE-ST","00+",2021-12-19,2021-12-16,"-3 day ahead inc hosp","quantile",0.025,352,"COVID-19"
"DE-ST","00+",2021-12-19,2021-12-16,"-3 day ahead inc hosp","quantile",0.1,380,"COVID-19"
"DE-ST","00+",2021-12-19,2021-12-16,"-3 day ahead inc hosp","quantile",0.25,415,"COVID-19"
"DE-ST","00+",2021-12-19,2021-12-16,"-3 day ahead inc hosp","quantile",0.5,471,"COVID-19"
"DE-ST","00+",2021-12-19,2021-12-16,"-3 day ahead inc hosp","quantile",0.75,544,"COVID-19"
"DE-ST","00+",2021-12-19,2021-12-16,"-3 day ahead inc hosp","quantile",0.9,626,"COVID-19"
"DE-ST","00+",2021-12-19,2021-12-16,"-3 day ahead inc hosp","quantile",0.975,739,"COVID-19"
"DE-ST","00+",2021-12-19,2021-12-15,"-4 day ahead inc hosp","mean",NA,524,"COVID-19"
"DE-ST","00+",2021-12-19,2021-12-15,"-4 day ahead inc hosp","quantile",0.025,398,"COVID-19"
"DE-ST","00+",2021-12-19,2021-12-15,"-4 day ahead inc hosp","quantile",0.1,424,"COVID-19"
"DE-ST","00+",2021-12-19,2021-12-15,"-4 day ahead inc hosp","quantile",0.25,457,"COVID-19"
"DE-ST","00+",2021-12-19,2021-12-15,"-4 day ahead inc hosp","quantile",0.5,507,"COVID-19"
"DE-ST","00+",2021-12-19,2021-12-15,"-4 day ahead inc hosp","quantile",0.75,573,"COVID-19"
"DE-ST","00+",2021-12-19,2021-12-15,"-4 day ahead inc hosp","quantile",0.9,647,"COVID-19"
"DE-ST","00+",2021-12-19,2021-12-15,"-4 day ahead inc hosp","quantile",0.975,747,"COVID-19"
"DE-ST","00+",2021-12-19,2021-12-14,"-5 day ahead inc hosp","mean",NA,519,"COVID-19"
"DE-ST","00+",2021-12-19,2021-12-14,"-5 day ahead inc hosp","quantile",0.025,416,"COVID-19"
"DE-ST","00+",2021-12-19,2021-12-14,"-5 day ahead inc hosp","quantile",0.1,438,"COVID-19"
"DE-ST","00+",2021-12-19,2021-12-14,"-5 day ahead inc hosp","quantile",0.25,465,"COVID-19"
"DE-ST","00+",2021-12-19,2021-12-14,"-5 day ahead inc hosp","quantile",0.5,506,"COVID-19"
"DE-ST","00+",2021-12-19,2021-12-14,"-5 day ahead inc hosp","quantile",0.75,558,"COVID-19"
"DE-ST","00+",2021-12-19,2021-12-14,"-5 day ahead inc hosp","quantile",0.9,617,"COVID-19"
"DE-ST","00+",2021-12-19,2021-12-14,"-5 day ahead inc hosp","quantile",0.975,695,"COVID-19"
"DE-ST","00+",2021-12-19,2021-12-13,"-6 day ahead inc hosp","mean",NA,497,"COVID-19"
"DE-ST","00+",2021-12-19,2021-12-13,"-6 day ahead inc hosp","quantile",0.025,413,"COVID-19"
"DE-ST","00+",2021-12-19,2021-12-13,"-6 day ahead inc hosp","quantile",0.1,431,"COVID-19"
"DE-ST","00+",2021-12-19,2021-12-13,"-6 day ahead inc hosp","quantile",0.25,453,"COVID-19"
"DE-ST","00+",2021-12-19,2021-12-13,"-6 day ahead inc hosp","quantile",0.5,487,"COVID-19"
"DE-ST","00+",2021-12-19,2021-12-13,"-6 day ahead inc hosp","quantile",0.75,529,"COVID-19"
"DE-ST","00+",2021-12-19,2021-12-13,"-6 day ahead inc hosp","quantile",0.9,577,"COVID-19"
"DE-ST","00+",2021-12-19,2021-12-13,"-6 day ahead inc hosp","quantile",0.975,641,"COVID-19"
"DE-ST","00+",2021-12-19,2021-12-12,"-7 day ahead inc hosp","mean",NA,508,"COVID-19"
"DE-ST","00+",2021-12-19,2021-12-12,"-7 day ahead inc hosp","quantile",0.025,429,"COVID-19"
"DE-ST","00+",2021-12-19,2021-12-12,"-7 day ahead inc hosp","quantile",0.1,446,"COVID-19"
"DE-ST","00+",2021-12-19,2021-12-12,"-7 day ahead inc hosp","quantile",0.25,467,"COVID-19"
"DE-ST","00+",2021-12-19,2021-12-12,"-7 day ahead inc hosp","quantile",0.5,499,"COVID-19"
"DE-ST","00+",2021-12-19,2021-12-12,"-7 day ahead inc hosp","quantile",0.75,539,"COVID-19"
"DE-ST","00+",2021-12-19,2021-12-12,"-7 day ahead inc hosp","quantile",0.9,583,"COVID-19"
"DE-ST","00+",2021-12-19,2021-12-12,"-7 day ahead inc hosp","quantile",0.975,643,"COVID-19"
"DE-ST","00+",2021-12-19,2021-12-11,"-8 day ahead inc hosp","mean",NA,520,"COVID-19"
"DE-ST","00+",2021-12-19,2021-12-11,"-8 day ahead inc hosp","quantile",0.025,447,"COVID-19"
"DE-ST","00+",2021-12-19,2021-12-11,"-8 day ahead inc hosp","quantile",0.1,463,"COVID-19"
"DE-ST","00+",2021-12-19,2021-12-11,"-8 day ahead inc hosp","quantile",0.25,482,"COVID-19"
"DE-ST","00+",2021-12-19,2021-12-11,"-8 day ahead inc hosp","quantile",0.5,511,"COVID-19"
"DE-ST","00+",2021-12-19,2021-12-11,"-8 day ahead inc hosp","quantile",0.75,548,"COVID-19"
"DE-ST","00+",2021-12-19,2021-12-11,"-8 day ahead inc hosp","quantile",0.9,589,"COVID-19"
"DE-ST","00+",2021-12-19,2021-12-11,"-8 day ahead inc hosp","quantile",0.975,643,"COVID-19"
"DE-ST","00+",2021-12-19,2021-12-10,"-9 day ahead inc hosp","mean",NA,564,"COVID-19"
"DE-ST","00+",2021-12-19,2021-12-10,"-9 day ahead inc hosp","quantile",0.025,495,"COVID-19"
"DE-ST","00+",2021-12-19,2021-12-10,"-9 day ahead inc hosp","quantile",0.1,511,"COVID-19"
"DE-ST","00+",2021-12-19,2021-12-10,"-9 day ahead inc hosp","quantile",0.25,529,"COVID-19"
"DE-ST","00+",2021-12-19,2021-12-10,"-9 day ahead inc hosp","quantile",0.5,556,"COVID-19"
"DE-ST","00+",2021-12-19,2021-12-10,"-9 day ahead inc hosp","quantile",0.75,590,"COVID-19"
"DE-ST","00+",2021-12-19,2021-12-10,"-9 day ahead inc hosp","quantile",0.9,628,"COVID-19"
"DE-ST","00+",2021-12-19,2021-12-10,"-9 day ahead inc hosp","quantile",0.975,678,"COVID-19"
"DE-ST","00+",2021-12-19,2021-12-09,"-10 day ahead inc hosp","mean",NA,548,"COVID-19"
"DE-ST","00+",2021-12-19,2021-12-09,"-10 day ahead inc hosp","quantile",0.025,489,"COVID-19"
"DE-ST","00+",2021-12-19,2021-12-09,"-10 day ahead inc hosp","quantile",0.1,503,"COVID-19"
"DE-ST","00+",2021-12-19,2021-12-09,"-10 day ahead inc hosp","quantile",0.25,519,"COVID-19"
"DE-ST","00+",2021-12-19,2021-12-09,"-10 day ahead inc hosp","quantile",0.5,541,"COVID-19"
"DE-ST","00+",2021-12-19,2021-12-09,"-10 day ahead inc hosp","quantile",0.75,570,"COVID-19"
"DE-ST","00+",2021-12-19,2021-12-09,"-10 day ahead inc hosp","quantile",0.9,602,"COVID-19"
"DE-ST","00+",2021-12-19,2021-12-09,"-10 day ahead inc hosp","quantile",0.975,644,"COVID-19"
"DE-ST","00+",2021-12-19,2021-12-08,"-11 day ahead inc hosp","mean",NA,518,"COVID-19"
"DE-ST","00+",2021-12-19,2021-12-08,"-11 day ahead inc hosp","quantile",0.025,472,"COVID-19"
"DE-ST","00+",2021-12-19,2021-12-08,"-11 day ahead inc hosp","quantile",0.1,483,"COVID-19"
"DE-ST","00+",2021-12-19,2021-12-08,"-11 day ahead inc hosp","quantile",0.25,496,"COVID-19"
"DE-ST","00+",2021-12-19,2021-12-08,"-11 day ahead inc hosp","quantile",0.5,514,"COVID-19"
"DE-ST","00+",2021-12-19,2021-12-08,"-11 day ahead inc hosp","quantile",0.75,536,"COVID-19"
"DE-ST","00+",2021-12-19,2021-12-08,"-11 day ahead inc hosp","quantile",0.9,560,"COVID-19"
"DE-ST","00+",2021-12-19,2021-12-08,"-11 day ahead inc hosp","quantile",0.975,592,"COVID-19"
"DE-ST","00+",2021-12-19,2021-12-07,"-12 day ahead inc hosp","mean",NA,518,"COVID-19"
"DE-ST","00+",2021-12-19,2021-12-07,"-12 day ahead inc hosp","quantile",0.025,478,"COVID-19"
"DE-ST","00+",2021-12-19,2021-12-07,"-12 day ahead inc hosp","quantile",0.1,487,"COVID-19"
"DE-ST","00+",2021-12-19,2021-12-07,"-12 day ahead inc hosp","quantile",0.25,498,"COVID-19"
"DE-ST","00+",2021-12-19,2021-12-07,"-12 day ahead inc hosp","quantile",0.5,514,"COVID-19"
"DE-ST","00+",2021-12-19,2021-12-07,"-12 day ahead inc hosp","quantile",0.75,533,"COVID-19"
"DE-ST","00+",2021-12-19,2021-12-07,"-12 day ahead inc hosp","quantile",0.9,554,"COVID-19"
"DE-ST","00+",2021-12-19,2021-12-07,"-12 day ahead inc hosp","quantile",0.975,582,"COVID-19"
"DE-ST","00+",2021-12-19,2021-12-06,"-13 day ahead inc hosp","mean",NA,508,"COVID-19"
"DE-ST","00+",2021-12-19,2021-12-06,"-13 day ahead inc hosp","quantile",0.025,472,"COVID-19"
"DE-ST","00+",2021-12-19,2021-12-06,"-13 day ahead inc hosp","quantile",0.1,480,"COVID-19"
"DE-ST","00+",2021-12-19,2021-12-06,"-13 day ahead inc hosp","quantile",0.25,490,"COVID-19"
"DE-ST","00+",2021-12-19,2021-12-06,"-13 day ahead inc hosp","quantile",0.5,504,"COVID-19"
"DE-ST","00+",2021-12-19,2021-12-06,"-13 day ahead inc hosp","quantile",0.75,522,"COVID-19"
"DE-ST","00+",2021-12-19,2021-12-06,"-13 day ahead inc hosp","quantile",0.9,542,"COVID-19"
"DE-ST","00+",2021-12-19,2021-12-06,"-13 day ahead inc hosp","quantile",0.975,567,"COVID-19"
"DE-ST","00+",2021-12-19,2021-12-05,"-14 day ahead inc hosp","mean",NA,485,"COVID-19"
"DE-ST","00+",2021-12-19,2021-12-05,"-14 day ahead inc hosp","quantile",0.025,450,"COVID-19"
"DE-ST","00+",2021-12-19,2021-12-05,"-14 day ahead inc hosp","quantile",0.1,458,"COVID-19"
"DE-ST","00+",2021-12-19,2021-12-05,"-14 day ahead inc hosp","quantile",0.25,467,"COVID-19"
"DE-ST","00+",2021-12-19,2021-12-05,"-14 day ahead inc hosp","quantile",0.5,481,"COVID-19"
"DE-ST","00+",2021-12-19,2021-12-05,"-14 day ahead inc hosp","quantile",0.75,498,"COVID-19"
"DE-ST","00+",2021-12-19,2021-12-05,"-14 day ahead inc hosp","quantile",0.9,517,"COVID-19"
"DE-ST","00+",2021-12-19,2021-12-05,"-14 day ahead inc hosp","quantile",0.975,542,"COVID-19"
"DE-ST","00+",2021-12-19,2021-12-04,"-15 day ahead inc hosp","mean",NA,474,"COVID-19"
"DE-ST","00+",2021-12-19,2021-12-04,"-15 day ahead inc hosp","quantile",0.025,442,"COVID-19"
"DE-ST","00+",2021-12-19,2021-12-04,"-15 day ahead inc hosp","quantile",0.1,449,"COVID-19"
"DE-ST","00+",2021-12-19,2021-12-04,"-15 day ahead inc hosp","quantile",0.25,457,"COVID-19"
"DE-ST","00+",2021-12-19,2021-12-04,"-15 day ahead inc hosp","quantile",0.5,470,"COVID-19"
"DE-ST","00+",2021-12-19,2021-12-04,"-15 day ahead inc hosp","quantile",0.75,487,"COVID-19"
"DE-ST","00+",2021-12-19,2021-12-04,"-15 day ahead inc hosp","quantile",0.9,505,"COVID-19"
"DE-ST","00+",2021-12-19,2021-12-04,"-15 day ahead inc hosp","quantile",0.975,530,"COVID-19"
"DE-ST","00+",2021-12-19,2021-12-03,"-16 day ahead inc hosp","mean",NA,450,"COVID-19"
"DE-ST","00+",2021-12-19,2021-12-03,"-16 day ahead inc hosp","quantile",0.025,422,"COVID-19"
"DE-ST","00+",2021-12-19,2021-12-03,"-16 day ahead inc hosp","quantile",0.1,427,"COVID-19"
"DE-ST","00+",2021-12-19,2021-12-03,"-16 day ahead inc hosp","quantile",0.25,435,"COVID-19"
"DE-ST","00+",2021-12-19,2021-12-03,"-16 day ahead inc hosp","quantile",0.5,446,"COVID-19"
"DE-ST","00+",2021-12-19,2021-12-03,"-16 day ahead inc hosp","quantile",0.75,461,"COVID-19"
"DE-ST","00+",2021-12-19,2021-12-03,"-16 day ahead inc hosp","quantile",0.9,478,"COVID-19"
"DE-ST","00+",2021-12-19,2021-12-03,"-16 day ahead inc hosp","quantile",0.975,501,"COVID-19"
"DE-ST","00+",2021-12-19,2021-12-02,"-17 day ahead inc hosp","mean",NA,449,"COVID-19"
"DE-ST","00+",2021-12-19,2021-12-02,"-17 day ahead inc hosp","quantile",0.025,422,"COVID-19"
"DE-ST","00+",2021-12-19,2021-12-02,"-17 day ahead inc hosp","quantile",0.1,427,"COVID-19"
"DE-ST","00+",2021-12-19,2021-12-02,"-17 day ahead inc hosp","quantile",0.25,434,"COVID-19"
"DE-ST","00+",2021-12-19,2021-12-02,"-17 day ahead inc hosp","quantile",0.5,445,"COVID-19"
"DE-ST","00+",2021-12-19,2021-12-02,"-17 day ahead inc hosp","quantile",0.75,460,"COVID-19"
"DE-ST","00+",2021-12-19,2021-12-02,"-17 day ahead inc hosp","quantile",0.9,477,"COVID-19"
"DE-ST","00+",2021-12-19,2021-12-02,"-17 day ahead inc hosp","quantile",0.975,501,"COVID-19"
"DE-ST","00+",2021-12-19,2021-12-01,"-18 day ahead inc hosp","mean",NA,447,"COVID-19"
"DE-ST","00+",2021-12-19,2021-12-01,"-18 day ahead inc hosp","quantile",0.025,421,"COVID-19"
"DE-ST","00+",2021-12-19,2021-12-01,"-18 day ahead inc hosp","quantile",0.1,426,"COVID-19"
"DE-ST","00+",2021-12-19,2021-12-01,"-18 day ahead inc hosp","quantile",0.25,432,"COVID-19"
"DE-ST","00+",2021-12-19,2021-12-01,"-18 day ahead inc hosp","quantile",0.5,442,"COVID-19"
"DE-ST","00+",2021-12-19,2021-12-01,"-18 day ahead inc hosp","quantile",0.75,457,"COVID-19"
"DE-ST","00+",2021-12-19,2021-12-01,"-18 day ahead inc hosp","quantile",0.9,473,"COVID-19"
"DE-ST","00+",2021-12-19,2021-12-01,"-18 day ahead inc hosp","quantile",0.975,496,"COVID-19"
"DE-ST","00+",2021-12-19,2021-11-30,"-19 day ahead inc hosp","mean",NA,469,"COVID-19"
"DE-ST","00+",2021-12-19,2021-11-30,"-19 day ahead inc hosp","quantile",0.025,445,"COVID-19"
"DE-ST","00+",2021-12-19,2021-11-30,"-19 day ahead inc hosp","quantile",0.1,449,"COVID-19"
"DE-ST","00+",2021-12-19,2021-11-30,"-19 day ahead inc hosp","quantile",0.25,455,"COVID-19"
"DE-ST","00+",2021-12-19,2021-11-30,"-19 day ahead inc hosp","quantile",0.5,465,"COVID-19"
"DE-ST","00+",2021-12-19,2021-11-30,"-19 day ahead inc hosp","quantile",0.75,479,"COVID-19"
"DE-ST","00+",2021-12-19,2021-11-30,"-19 day ahead inc hosp","quantile",0.9,495,"COVID-19"
"DE-ST","00+",2021-12-19,2021-11-30,"-19 day ahead inc hosp","quantile",0.975,517,"COVID-19"
"DE-ST","00+",2021-12-19,2021-11-29,"-20 day ahead inc hosp","mean",NA,477,"COVID-19"
"DE-ST","00+",2021-12-19,2021-11-29,"-20 day ahead inc hosp","quantile",0.025,454,"COVID-19"
"DE-ST","00+",2021-12-19,2021-11-29,"-20 day ahead inc hosp","quantile",0.1,457,"COVID-19"
"DE-ST","00+",2021-12-19,2021-11-29,"-20 day ahead inc hosp","quantile",0.25,463,"COVID-19"
"DE-ST","00+",2021-12-19,2021-11-29,"-20 day ahead inc hosp","quantile",0.5,472,"COVID-19"
"DE-ST","00+",2021-12-19,2021-11-29,"-20 day ahead inc hosp","quantile",0.75,486,"COVID-19"
"DE-ST","00+",2021-12-19,2021-11-29,"-20 day ahead inc hosp","quantile",0.9,502,"COVID-19"
"DE-ST","00+",2021-12-19,2021-11-29,"-20 day ahead inc hosp","quantile",0.975,525,"COVID-19"
"DE-ST","00+",2021-12-19,2021-11-28,"-21 day ahead inc hosp","mean",NA,476,"COVID-19"
"DE-ST","00+",2021-12-19,2021-11-28,"-21 day ahead inc hosp","quantile",0.025,453,"COVID-19"
"DE-ST","00+",2021-12-19,2021-11-28,"-21 day ahead inc hosp","quantile",0.1,457,"COVID-19"
"DE-ST","00+",2021-12-19,2021-11-28,"-21 day ahead inc hosp","quantile",0.25,462,"COVID-19"
"DE-ST","00+",2021-12-19,2021-11-28,"-21 day ahead inc hosp","quantile",0.5,471,"COVID-19"
"DE-ST","00+",2021-12-19,2021-11-28,"-21 day ahead inc hosp","quantile",0.75,485,"COVID-19"
"DE-ST","00+",2021-12-19,2021-11-28,"-21 day ahead inc hosp","quantile",0.9,502,"COVID-19"
"DE-ST","00+",2021-12-19,2021-11-28,"-21 day ahead inc hosp","quantile",0.975,525,"COVID-19"
"DE-ST","00+",2021-12-19,2021-11-27,"-22 day ahead inc hosp","mean",NA,466,"COVID-19"
"DE-ST","00+",2021-12-19,2021-11-27,"-22 day ahead inc hosp","quantile",0.025,445,"COVID-19"
"DE-ST","00+",2021-12-19,2021-11-27,"-22 day ahead inc hosp","quantile",0.1,447,"COVID-19"
"DE-ST","00+",2021-12-19,2021-11-27,"-22 day ahead inc hosp","quantile",0.25,452,"COVID-19"
"DE-ST","00+",2021-12-19,2021-11-27,"-22 day ahead inc hosp","quantile",0.5,461,"COVID-19"
"DE-ST","00+",2021-12-19,2021-11-27,"-22 day ahead inc hosp","quantile",0.75,475,"COVID-19"
"DE-ST","00+",2021-12-19,2021-11-27,"-22 day ahead inc hosp","quantile",0.9,492,"COVID-19"
"DE-ST","00+",2021-12-19,2021-11-27,"-22 day ahead inc hosp","quantile",0.975,517,"COVID-19"
"DE-ST","00+",2021-12-19,2021-11-26,"-23 day ahead inc hosp","mean",NA,469,"COVID-19"
"DE-ST","00+",2021-12-19,2021-11-26,"-23 day ahead inc hosp","quantile",0.025,448,"COVID-19"
"DE-ST","00+",2021-12-19,2021-11-26,"-23 day ahead inc hosp","quantile",0.1,451,"COVID-19"
"DE-ST","00+",2021-12-19,2021-11-26,"-23 day ahead inc hosp","quantile",0.25,455,"COVID-19"
"DE-ST","00+",2021-12-19,2021-11-26,"-23 day ahead inc hosp","quantile",0.5,463,"COVID-19"
"DE-ST","00+",2021-12-19,2021-11-26,"-23 day ahead inc hosp","quantile",0.75,477,"COVID-19"
"DE-ST","00+",2021-12-19,2021-11-26,"-23 day ahead inc hosp","quantile",0.9,494,"COVID-19"
"DE-ST","00+",2021-12-19,2021-11-26,"-23 day ahead inc hosp","quantile",0.975,519,"COVID-19"
"DE-ST","00+",2021-12-19,2021-11-25,"-24 day ahead inc hosp","mean",NA,466,"COVID-19"
"DE-ST","00+",2021-12-19,2021-11-25,"-24 day ahead inc hosp","quantile",0.025,447,"COVID-19"
"DE-ST","00+",2021-12-19,2021-11-25,"-24 day ahead inc hosp","quantile",0.1,449,"COVID-19"
"DE-ST","00+",2021-12-19,2021-11-25,"-24 day ahead inc hosp","quantile",0.25,453,"COVID-19"
"DE-ST","00+",2021-12-19,2021-11-25,"-24 day ahead inc hosp","quantile",0.5,461,"COVID-19"
"DE-ST","00+",2021-12-19,2021-11-25,"-24 day ahead inc hosp","quantile",0.75,474,"COVID-19"
"DE-ST","00+",2021-12-19,2021-11-25,"-24 day ahead inc hosp","quantile",0.9,490,"COVID-19"
"DE-ST","00+",2021-12-19,2021-11-25,"-24 day ahead inc hosp","quantile",0.975,514,"COVID-19"
"DE-ST","00+",2021-12-19,2021-11-24,"-25 day ahead inc hosp","mean",NA,469,"COVID-19"
"DE-ST","00+",2021-12-19,2021-11-24,"-25 day ahead inc hosp","quantile",0.025,451,"COVID-19"
"DE-ST","00+",2021-12-19,2021-11-24,"-25 day ahead inc hosp","quantile",0.1,453,"COVID-19"
"DE-ST","00+",2021-12-19,2021-11-24,"-25 day ahead inc hosp","quantile",0.25,456,"COVID-19"
"DE-ST","00+",2021-12-19,2021-11-24,"-25 day ahead inc hosp","quantile",0.5,464,"COVID-19"
"DE-ST","00+",2021-12-19,2021-11-24,"-25 day ahead inc hosp","quantile",0.75,476,"COVID-19"
"DE-ST","00+",2021-12-19,2021-11-24,"-25 day ahead inc hosp","quantile",0.9,492,"COVID-19"
"DE-ST","00+",2021-12-19,2021-11-24,"-25 day ahead inc hosp","quantile",0.975,516,"COVID-19"
"DE-ST","00+",2021-12-19,2021-11-23,"-26 day ahead inc hosp","mean",NA,428,"COVID-19"
"DE-ST","00+",2021-12-19,2021-11-23,"-26 day ahead inc hosp","quantile",0.025,413,"COVID-19"
"DE-ST","00+",2021-12-19,2021-11-23,"-26 day ahead inc hosp","quantile",0.1,414,"COVID-19"
"DE-ST","00+",2021-12-19,2021-11-23,"-26 day ahead inc hosp","quantile",0.25,417,"COVID-19"
"DE-ST","00+",2021-12-19,2021-11-23,"-26 day ahead inc hosp","quantile",0.5,424,"COVID-19"
"DE-ST","00+",2021-12-19,2021-11-23,"-26 day ahead inc hosp","quantile",0.75,434,"COVID-19"
"DE-ST","00+",2021-12-19,2021-11-23,"-26 day ahead inc hosp","quantile",0.9,448,"COVID-19"
"DE-ST","00+",2021-12-19,2021-11-23,"-26 day ahead inc hosp","quantile",0.975,468,"COVID-19"
"DE-ST","00+",2021-12-19,2021-11-22,"-27 day ahead inc hosp","mean",NA,425,"COVID-19"
"DE-ST","00+",2021-12-19,2021-11-22,"-27 day ahead inc hosp","quantile",0.025,411,"COVID-19"
"DE-ST","00+",2021-12-19,2021-11-22,"-27 day ahead inc hosp","quantile",0.1,412,"COVID-19"
"DE-ST","00+",2021-12-19,2021-11-22,"-27 day ahead inc hosp","quantile",0.25,415,"COVID-19"
"DE-ST","00+",2021-12-19,2021-11-22,"-27 day ahead inc hosp","quantile",0.5,421,"COVID-19"
"DE-ST","00+",2021-12-19,2021-11-22,"-27 day ahead inc hosp","quantile",0.75,431,"COVID-19"
"DE-ST","00+",2021-12-19,2021-11-22,"-27 day ahead inc hosp","quantile",0.9,444,"COVID-19"
"DE-ST","00+",2021-12-19,2021-11-22,"-27 day ahead inc hosp","quantile",0.975,464,"COVID-19"
"DE-ST","00+",2021-12-19,2021-11-21,"-28 day ahead inc hosp","mean",NA,419,"COVID-19"
"DE-ST","00+",2021-12-19,2021-11-21,"-28 day ahead inc hosp","quantile",0.025,405,"COVID-19"
"DE-ST","00+",2021-12-19,2021-11-21,"-28 day ahead inc hosp","quantile",0.1,406,"COVID-19"
"DE-ST","00+",2021-12-19,2021-11-21,"-28 day ahead inc hosp","quantile",0.25,409,"COVID-19"
"DE-ST","00+",2021-12-19,2021-11-21,"-28 day ahead inc hosp","quantile",0.5,414,"COVID-19"
"DE-ST","00+",2021-12-19,2021-11-21,"-28 day ahead inc hosp","quantile",0.75,424,"COVID-19"
"DE-ST","00+",2021-12-19,2021-11-21,"-28 day ahead inc hosp","quantile",0.9,437,"COVID-19"
"DE-ST","00+",2021-12-19,2021-11-21,"-28 day ahead inc hosp","quantile",0.975,457,"COVID-19"
"DE-TH","00+",2021-12-19,2021-12-19,"0 day ahead inc hosp","mean",NA,536,"COVID-19"
"DE-TH","00+",2021-12-19,2021-12-19,"0 day ahead inc hosp","quantile",0.025,441,"COVID-19"
"DE-TH","00+",2021-12-19,2021-12-19,"0 day ahead inc hosp","quantile",0.1,468,"COVID-19"
"DE-TH","00+",2021-12-19,2021-12-19,"0 day ahead inc hosp","quantile",0.25,496,"COVID-19"
"DE-TH","00+",2021-12-19,2021-12-19,"0 day ahead inc hosp","quantile",0.5,531,"COVID-19"
"DE-TH","00+",2021-12-19,2021-12-19,"0 day ahead inc hosp","quantile",0.75,571,"COVID-19"
"DE-TH","00+",2021-12-19,2021-12-19,"0 day ahead inc hosp","quantile",0.9,610,"COVID-19"
"DE-TH","00+",2021-12-19,2021-12-19,"0 day ahead inc hosp","quantile",0.975,658,"COVID-19"
"DE-TH","00+",2021-12-19,2021-12-18,"-1 day ahead inc hosp","mean",NA,574,"COVID-19"
"DE-TH","00+",2021-12-19,2021-12-18,"-1 day ahead inc hosp","quantile",0.025,477,"COVID-19"
"DE-TH","00+",2021-12-19,2021-12-18,"-1 day ahead inc hosp","quantile",0.1,504,"COVID-19"
"DE-TH","00+",2021-12-19,2021-12-18,"-1 day ahead inc hosp","quantile",0.25,533,"COVID-19"
"DE-TH","00+",2021-12-19,2021-12-18,"-1 day ahead inc hosp","quantile",0.5,569,"COVID-19"
"DE-TH","00+",2021-12-19,2021-12-18,"-1 day ahead inc hosp","quantile",0.75,609,"COVID-19"
"DE-TH","00+",2021-12-19,2021-12-18,"-1 day ahead inc hosp","quantile",0.9,650,"COVID-19"
"DE-TH","00+",2021-12-19,2021-12-18,"-1 day ahead inc hosp","quantile",0.975,701,"COVID-19"
"DE-TH","00+",2021-12-19,2021-12-17,"-2 day ahead inc hosp","mean",NA,598,"COVID-19"
"DE-TH","00+",2021-12-19,2021-12-17,"-2 day ahead inc hosp","quantile",0.025,509,"COVID-19"
"DE-TH","00+",2021-12-19,2021-12-17,"-2 day ahead inc hosp","quantile",0.1,534,"COVID-19"
"DE-TH","00+",2021-12-19,2021-12-17,"-2 day ahead inc hosp","quantile",0.25,560,"COVID-19"
"DE-TH","00+",2021-12-19,2021-12-17,"-2 day ahead inc hosp","quantile",0.5,593,"COVID-19"
"DE-TH","00+",2021-12-19,2021-12-17,"-2 day ahead inc hosp","quantile",0.75,631,"COVID-19"
"DE-TH","00+",2021-12-19,2021-12-17,"-2 day ahead inc hosp","quantile",0.9,669,"COVID-19"
"DE-TH","00+",2021-12-19,2021-12-17,"-2 day ahead inc hosp","quantile",0.975,715,"COVID-19"
"DE-TH","00+",2021-12-19,2021-12-16,"-3 day ahead inc hosp","mean",NA,639,"COVID-19"
"DE-TH","00+",2021-12-19,2021-12-16,"-3 day ahead inc hosp","quantile",0.025,553,"COVID-19"
"DE-TH","00+",2021-12-19,2021-12-16,"-3 day ahead inc hosp","quantile",0.1,577,"COVID-19"
"DE-TH","00+",2021-12-19,2021-12-16,"-3 day ahead inc hosp","quantile",0.25,602,"COVID-19"
"DE-TH","00+",2021-12-19,2021-12-16,"-3 day ahead inc hosp","quantile",0.5,634,"COVID-19"
"DE-TH","00+",2021-12-19,2021-12-16,"-3 day ahead inc hosp","quantile",0.75,670,"COVID-19"
"DE-TH","00+",2021-12-19,2021-12-16,"-3 day ahead inc hosp","quantile",0.9,707,"COVID-19"
"DE-TH","00+",2021-12-19,2021-12-16,"-3 day ahead inc hosp","quantile",0.975,752,"COVID-19"
"DE-TH","00+",2021-12-19,2021-12-15,"-4 day ahead inc hosp","mean",NA,672,"COVID-19"
"DE-TH","00+",2021-12-19,2021-12-15,"-4 day ahead inc hosp","quantile",0.025,596,"COVID-19"
"DE-TH","00+",2021-12-19,2021-12-15,"-4 day ahead inc hosp","quantile",0.1,617,"COVID-19"
"DE-TH","00+",2021-12-19,2021-12-15,"-4 day ahead inc hosp","quantile",0.25,639,"COVID-19"
"DE-TH","00+",2021-12-19,2021-12-15,"-4 day ahead inc hosp","quantile",0.5,667,"COVID-19"
"DE-TH","00+",2021-12-19,2021-12-15,"-4 day ahead inc hosp","quantile",0.75,700,"COVID-19"
"DE-TH","00+",2021-12-19,2021-12-15,"-4 day ahead inc hosp","quantile",0.9,733,"COVID-19"
"DE-TH","00+",2021-12-19,2021-12-15,"-4 day ahead inc hosp","quantile",0.975,774,"COVID-19"
"DE-TH","00+",2021-12-19,2021-12-14,"-5 day ahead inc hosp","mean",NA,704,"COVID-19"
"DE-TH","00+",2021-12-19,2021-12-14,"-5 day ahead inc hosp","quantile",0.025,639,"COVID-19"
"DE-TH","00+",2021-12-19,2021-12-14,"-5 day ahead inc hosp","quantile",0.1,657,"COVID-19"
"DE-TH","00+",2021-12-19,2021-12-14,"-5 day ahead inc hosp","quantile",0.25,676,"COVID-19"
"DE-TH","00+",2021-12-19,2021-12-14,"-5 day ahead inc hosp","quantile",0.5,700,"COVID-19"
"DE-TH","00+",2021-12-19,2021-12-14,"-5 day ahead inc hosp","quantile",0.75,728,"COVID-19"
"DE-TH","00+",2021-12-19,2021-12-14,"-5 day ahead inc hosp","quantile",0.9,756,"COVID-19"
"DE-TH","00+",2021-12-19,2021-12-14,"-5 day ahead inc hosp","quantile",0.975,791,"COVID-19"
"DE-TH","00+",2021-12-19,2021-12-13,"-6 day ahead inc hosp","mean",NA,714,"COVID-19"
"DE-TH","00+",2021-12-19,2021-12-13,"-6 day ahead inc hosp","quantile",0.025,660,"COVID-19"
"DE-TH","00+",2021-12-19,2021-12-13,"-6 day ahead inc hosp","quantile",0.1,675,"COVID-19"
"DE-TH","00+",2021-12-19,2021-12-13,"-6 day ahead inc hosp","quantile",0.25,691,"COVID-19"
"DE-TH","00+",2021-12-19,2021-12-13,"-6 day ahead inc hosp","quantile",0.5,711,"COVID-19"
"DE-TH","00+",2021-12-19,2021-12-13,"-6 day ahead inc hosp","quantile",0.75,734,"COVID-19"
"DE-TH","00+",2021-12-19,2021-12-13,"-6 day ahead inc hosp","quantile",0.9,758,"COVID-19"
"DE-TH","00+",2021-12-19,2021-12-13,"-6 day ahead inc hosp","quantile",0.975,788,"COVID-19"
"DE-TH","00+",2021-12-19,2021-12-12,"-7 day ahead inc hosp","mean",NA,705,"COVID-19"
"DE-TH","00+",2021-12-19,2021-12-12,"-7 day ahead inc hosp","quantile",0.025,652,"COVID-19"
"DE-TH","00+",2021-12-19,2021-12-12,"-7 day ahead inc hosp","quantile",0.1,666,"COVID-19"
"DE-TH","00+",2021-12-19,2021-12-12,"-7 day ahead inc hosp","quantile",0.25,681,"COVID-19"
"DE-TH","00+",2021-12-19,2021-12-12,"-7 day ahead inc hosp","quantile",0.5,701,"COVID-19"
"DE-TH","00+",2021-12-19,2021-12-12,"-7 day ahead inc hosp","quantile",0.75,724,"COVID-19"
"DE-TH","00+",2021-12-19,2021-12-12,"-7 day ahead inc hosp","quantile",0.9,748,"COVID-19"
"DE-TH","00+",2021-12-19,2021-12-12,"-7 day ahead inc hosp","quantile",0.975,777,"COVID-19"
"DE-TH","00+",2021-12-19,2021-12-11,"-8 day ahead inc hosp","mean",NA,692,"COVID-19"
"DE-TH","00+",2021-12-19,2021-12-11,"-8 day ahead inc hosp","quantile",0.025,645,"COVID-19"
"DE-TH","00+",2021-12-19,2021-12-11,"-8 day ahead inc hosp","quantile",0.1,658,"COVID-19"
"DE-TH","00+",2021-12-19,2021-12-11,"-8 day ahead inc hosp","quantile",0.25,671,"COVID-19"
"DE-TH","00+",2021-12-19,2021-12-11,"-8 day ahead inc hosp","quantile",0.5,689,"COVID-19"
"DE-TH","00+",2021-12-19,2021-12-11,"-8 day ahead inc hosp","quantile",0.75,710,"COVID-19"
"DE-TH","00+",2021-12-19,2021-12-11,"-8 day ahead inc hosp","quantile",0.9,731,"COVID-19"
"DE-TH","00+",2021-12-19,2021-12-11,"-8 day ahead inc hosp","quantile",0.975,758,"COVID-19"
"DE-TH","00+",2021-12-19,2021-12-10,"-9 day ahead inc hosp","mean",NA,706,"COVID-19"
"DE-TH","00+",2021-12-19,2021-12-10,"-9 day ahead inc hosp","quantile",0.025,663,"COVID-19"
"DE-TH","00+",2021-12-19,2021-12-10,"-9 day ahead inc hosp","quantile",0.1,675,"COVID-19"
"DE-TH","00+",2021-12-19,2021-12-10,"-9 day ahead inc hosp","quantile",0.25,687,"COVID-19"
"DE-TH","00+",2021-12-19,2021-12-10,"-9 day ahead inc hosp","quantile",0.5,703,"COVID-19"
"DE-TH","00+",2021-12-19,2021-12-10,"-9 day ahead inc hosp","quantile",0.75,721,"COVID-19"
"DE-TH","00+",2021-12-19,2021-12-10,"-9 day ahead inc hosp","quantile",0.9,740,"COVID-19"
"DE-TH","00+",2021-12-19,2021-12-10,"-9 day ahead inc hosp","quantile",0.975,764,"COVID-19"
"DE-TH","00+",2021-12-19,2021-12-09,"-10 day ahead inc hosp","mean",NA,743,"COVID-19"
"DE-TH","00+",2021-12-19,2021-12-09,"-10 day ahead inc hosp","quantile",0.025,707,"COVID-19"
"DE-TH","00+",2021-12-19,2021-12-09,"-10 day ahead inc hosp","quantile",0.1,717,"COVID-19"
"DE-TH","00+",2021-12-19,2021-12-09,"-10 day ahead inc hosp","quantile",0.25,727,"COVID-19"
"DE-TH","00+",2021-12-19,2021-12-09,"-10 day ahead inc hosp","quantile",0.5,741,"COVID-19"
"DE-TH","00+",2021-12-19,2021-12-09,"-10 day ahead inc hosp","quantile",0.75,756,"COVID-19"
"DE-TH","00+",2021-12-19,2021-12-09,"-10 day ahead inc hosp","quantile",0.9,772,"COVID-19"
"DE-TH","00+",2021-12-19,2021-12-09,"-10 day ahead inc hosp","quantile",0.975,791,"COVID-19"
"DE-TH","00+",2021-12-19,2021-12-08,"-11 day ahead inc hosp","mean",NA,743,"COVID-19"
"DE-TH","00+",2021-12-19,2021-12-08,"-11 day ahead inc hosp","quantile",0.025,714,"COVID-19"
"DE-TH","00+",2021-12-19,2021-12-08,"-11 day ahead inc hosp","quantile",0.1,722,"COVID-19"
"DE-TH","00+",2021-12-19,2021-12-08,"-11 day ahead inc hosp","quantile",0.25,730,"COVID-19"
"DE-TH","00+",2021-12-19,2021-12-08,"-11 day ahead inc hosp","quantile",0.5,741,"COVID-19"
"DE-TH","00+",2021-12-19,2021-12-08,"-11 day ahead inc hosp","quantile",0.75,753,"COVID-19"
"DE-TH","00+",2021-12-19,2021-12-08,"-11 day ahead inc hosp","quantile",0.9,765,"COVID-19"
"DE-TH","00+",2021-12-19,2021-12-08,"-11 day ahead inc hosp","quantile",0.975,780,"COVID-19"
"DE-TH","00+",2021-12-19,2021-12-07,"-12 day ahead inc hosp","mean",NA,735,"COVID-19"
"DE-TH","00+",2021-12-19,2021-12-07,"-12 day ahead inc hosp","quantile",0.025,712,"COVID-19"
"DE-TH","00+",2021-12-19,2021-12-07,"-12 day ahead inc hosp","quantile",0.1,718,"COVID-19"
"DE-TH","00+",2021-12-19,2021-12-07,"-12 day ahead inc hosp","quantile",0.25,725,"COVID-19"
"DE-TH","00+",2021-12-19,2021-12-07,"-12 day ahead inc hosp","quantile",0.5,733,"COVID-19"
"DE-TH","00+",2021-12-19,2021-12-07,"-12 day ahead inc hosp","quantile",0.75,743,"COVID-19"
"DE-TH","00+",2021-12-19,2021-12-07,"-12 day ahead inc hosp","quantile",0.9,752,"COVID-19"
"DE-TH","00+",2021-12-19,2021-12-07,"-12 day ahead inc hosp","quantile",0.975,764,"COVID-19"
"DE-TH","00+",2021-12-19,2021-12-06,"-13 day ahead inc hosp","mean",NA,770,"COVID-19"
"DE-TH","00+",2021-12-19,2021-12-06,"-13 day ahead inc hosp","quantile",0.025,751,"COVID-19"
"DE-TH","00+",2021-12-19,2021-12-06,"-13 day ahead inc hosp","quantile",0.1,757,"COVID-19"
"DE-TH","00+",2021-12-19,2021-12-06,"-13 day ahead inc hosp","quantile",0.25,762,"COVID-19"
"DE-TH","00+",2021-12-19,2021-12-06,"-13 day ahead inc hosp","quantile",0.5,769,"COVID-19"
"DE-TH","00+",2021-12-19,2021-12-06,"-13 day ahead inc hosp","quantile",0.75,776,"COVID-19"
"DE-TH","00+",2021-12-19,2021-12-06,"-13 day ahead inc hosp","quantile",0.9,784,"COVID-19"
"DE-TH","00+",2021-12-19,2021-12-06,"-13 day ahead inc hosp","quantile",0.975,793,"COVID-19"
"DE-TH","00+",2021-12-19,2021-12-05,"-14 day ahead inc hosp","mean",NA,773,"COVID-19"
"DE-TH","00+",2021-12-19,2021-12-05,"-14 day ahead inc hosp","quantile",0.025,754,"COVID-19"
"DE-TH","00+",2021-12-19,2021-12-05,"-14 day ahead inc hosp","quantile",0.1,759,"COVID-19"
"DE-TH","00+",2021-12-19,2021-12-05,"-14 day ahead inc hosp","quantile",0.25,765,"COVID-19"
"DE-TH","00+",2021-12-19,2021-12-05,"-14 day ahead inc hosp","quantile",0.5,772,"COVID-19"
"DE-TH","00+",2021-12-19,2021-12-05,"-14 day ahead inc hosp","quantile",0.75,780,"COVID-19"
"DE-TH","00+",2021-12-19,2021-12-05,"-14 day ahead inc hosp","quantile",0.9,788,"COVID-19"
"DE-TH","00+",2021-12-19,2021-12-05,"-14 day ahead inc hosp","quantile",0.975,797,"COVID-19"
"DE-TH","00+",2021-12-19,2021-12-04,"-15 day ahead inc hosp","mean",NA,780,"COVID-19"
"DE-TH","00+",2021-12-19,2021-12-04,"-15 day ahead inc hosp","quantile",0.025,759,"COVID-19"
"DE-TH","00+",2021-12-19,2021-12-04,"-15 day ahead inc hosp","quantile",0.1,765,"COVID-19"
"DE-TH","00+",2021-12-19,2021-12-04,"-15 day ahead inc hosp","quantile",0.25,771,"COVID-19"
"DE-TH","00+",2021-12-19,2021-12-04,"-15 day ahead inc hosp","quantile",0.5,778,"COVID-19"
"DE-TH","00+",2021-12-19,2021-12-04,"-15 day ahead inc hosp","quantile",0.75,787,"COVID-19"
"DE-TH","00+",2021-12-19,2021-12-04,"-15 day ahead inc hosp","quantile",0.9,796,"COVID-19"
"DE-TH","00+",2021-12-19,2021-12-04,"-15 day ahead inc hosp","quantile",0.975,807,"COVID-19"
"DE-TH","00+",2021-12-19,2021-12-03,"-16 day ahead inc hosp","mean",NA,796,"COVID-19"
"DE-TH","00+",2021-12-19,2021-12-03,"-16 day ahead inc hosp","quantile",0.025,776,"COVID-19"
"DE-TH","00+",2021-12-19,2021-12-03,"-16 day ahead inc hosp","quantile",0.1,782,"COVID-19"
"DE-TH","00+",2021-12-19,2021-12-03,"-16 day ahead inc hosp","quantile",0.25,787,"COVID-19"
"DE-TH","00+",2021-12-19,2021-12-03,"-16 day ahead inc hosp","quantile",0.5,795,"COVID-19"
"DE-TH","00+",2021-12-19,2021-12-03,"-16 day ahead inc hosp","quantile",0.75,804,"COVID-19"
"DE-TH","00+",2021-12-19,2021-12-03,"-16 day ahead inc hosp","quantile",0.9,813,"COVID-19"
"DE-TH","00+",2021-12-19,2021-12-03,"-16 day ahead inc hosp","quantile",0.975,825,"COVID-19"
"DE-TH","00+",2021-12-19,2021-12-02,"-17 day ahead inc hosp","mean",NA,780,"COVID-19"
"DE-TH","00+",2021-12-19,2021-12-02,"-17 day ahead inc hosp","quantile",0.025,762,"COVID-19"
"DE-TH","00+",2021-12-19,2021-12-02,"-17 day ahead inc hosp","quantile",0.1,766,"COVID-19"
"DE-TH","00+",2021-12-19,2021-12-02,"-17 day ahead inc hosp","quantile",0.25,772,"COVID-19"
"DE-TH","00+",2021-12-19,2021-12-02,"-17 day ahead inc hosp","quantile",0.5,778,"COVID-19"
"DE-TH","00+",2021-12-19,2021-12-02,"-17 day ahead inc hosp","quantile",0.75,787,"COVID-19"
"DE-TH","00+",2021-12-19,2021-12-02,"-17 day ahead inc hosp","quantile",0.9,795,"COVID-19"
"DE-TH","00+",2021-12-19,2021-12-02,"-17 day ahead inc hosp","quantile",0.975,806,"COVID-19"
"DE-TH","00+",2021-12-19,2021-12-01,"-18 day ahead inc hosp","mean",NA,815,"COVID-19"
"DE-TH","00+",2021-12-19,2021-12-01,"-18 day ahead inc hosp","quantile",0.025,798,"COVID-19"
"DE-TH","00+",2021-12-19,2021-12-01,"-18 day ahead inc hosp","quantile",0.1,802,"COVID-19"
"DE-TH","00+",2021-12-19,2021-12-01,"-18 day ahead inc hosp","quantile",0.25,807,"COVID-19"
"DE-TH","00+",2021-12-19,2021-12-01,"-18 day ahead inc hosp","quantile",0.5,813,"COVID-19"
"DE-TH","00+",2021-12-19,2021-12-01,"-18 day ahead inc hosp","quantile",0.75,821,"COVID-19"
"DE-TH","00+",2021-12-19,2021-12-01,"-18 day ahead inc hosp","quantile",0.9,829,"COVID-19"
"DE-TH","00+",2021-12-19,2021-12-01,"-18 day ahead inc hosp","quantile",0.975,839,"COVID-19"
"DE-TH","00+",2021-12-19,2021-11-30,"-19 day ahead inc hosp","mean",NA,807,"COVID-19"
"DE-TH","00+",2021-12-19,2021-11-30,"-19 day ahead inc hosp","quantile",0.025,792,"COVID-19"
"DE-TH","00+",2021-12-19,2021-11-30,"-19 day ahead inc hosp","quantile",0.1,796,"COVID-19"
"DE-TH","00+",2021-12-19,2021-11-30,"-19 day ahead inc hosp","quantile",0.25,800,"COVID-19"
"DE-TH","00+",2021-12-19,2021-11-30,"-19 day ahead inc hosp","quantile",0.5,806,"COVID-19"
"DE-TH","00+",2021-12-19,2021-11-30,"-19 day ahead inc hosp","quantile",0.75,813,"COVID-19"
"DE-TH","00+",2021-12-19,2021-11-30,"-19 day ahead inc hosp","quantile",0.9,820,"COVID-19"
"DE-TH","00+",2021-12-19,2021-11-30,"-19 day ahead inc hosp","quantile",0.975,829,"COVID-19"
"DE-TH","00+",2021-12-19,2021-11-29,"-20 day ahead inc hosp","mean",NA,776,"COVID-19"
"DE-TH","00+",2021-12-19,2021-11-29,"-20 day ahead inc hosp","quantile",0.025,763,"COVID-19"
"DE-TH","00+",2021-12-19,2021-11-29,"-20 day ahead inc hosp","quantile",0.1,766,"COVID-19"
"DE-TH","00+",2021-12-19,2021-11-29,"-20 day ahead inc hosp","quantile",0.25,770,"COVID-19"
"DE-TH","00+",2021-12-19,2021-11-29,"-20 day ahead inc hosp","quantile",0.5,774,"COVID-19"
"DE-TH","00+",2021-12-19,2021-11-29,"-20 day ahead inc hosp","quantile",0.75,780,"COVID-19"
"DE-TH","00+",2021-12-19,2021-11-29,"-20 day ahead inc hosp","quantile",0.9,786,"COVID-19"
"DE-TH","00+",2021-12-19,2021-11-29,"-20 day ahead inc hosp","quantile",0.975,794,"COVID-19"
"DE-TH","00+",2021-12-19,2021-11-28,"-21 day ahead inc hosp","mean",NA,789,"COVID-19"
"DE-TH","00+",2021-12-19,2021-11-28,"-21 day ahead inc hosp","quantile",0.025,777,"COVID-19"
"DE-TH","00+",2021-12-19,2021-11-28,"-21 day ahead inc hosp","quantile",0.1,780,"COVID-19"
"DE-TH","00+",2021-12-19,2021-11-28,"-21 day ahead inc hosp","quantile",0.25,783,"COVID-19"
"DE-TH","00+",2021-12-19,2021-11-28,"-21 day ahead inc hosp","quantile",0.5,788,"COVID-19"
"DE-TH","00+",2021-12-19,2021-11-28,"-21 day ahead inc hosp","quantile",0.75,793,"COVID-19"
"DE-TH","00+",2021-12-19,2021-11-28,"-21 day ahead inc hosp","quantile",0.9,799,"COVID-19"
"DE-TH","00+",2021-12-19,2021-11-28,"-21 day ahead inc hosp","quantile",0.975,807,"COVID-19"
"DE-TH","00+",2021-12-19,2021-11-27,"-22 day ahead inc hosp","mean",NA,784,"COVID-19"
"DE-TH","00+",2021-12-19,2021-11-27,"-22 day ahead inc hosp","quantile",0.025,773,"COVID-19"
"DE-TH","00+",2021-12-19,2021-11-27,"-22 day ahead inc hosp","quantile",0.1,775,"COVID-19"
"DE-TH","00+",2021-12-19,2021-11-27,"-22 day ahead inc hosp","quantile",0.25,779,"COVID-19"
"DE-TH","00+",2021-12-19,2021-11-27,"-22 day ahead inc hosp","quantile",0.5,783,"COVID-19"
"DE-TH","00+",2021-12-19,2021-11-27,"-22 day ahead inc hosp","quantile",0.75,789,"COVID-19"
"DE-TH","00+",2021-12-19,2021-11-27,"-22 day ahead inc hosp","quantile",0.9,795,"COVID-19"
"DE-TH","00+",2021-12-19,2021-11-27,"-22 day ahead inc hosp","quantile",0.975,803,"COVID-19"
"DE-TH","00+",2021-12-19,2021-11-26,"-23 day ahead inc hosp","mean",NA,758,"COVID-19"
"DE-TH","00+",2021-12-19,2021-11-26,"-23 day ahead inc hosp","quantile",0.025,747,"COVID-19"
"DE-TH","00+",2021-12-19,2021-11-26,"-23 day ahead inc hosp","quantile",0.1,749,"COVID-19"
"DE-TH","00+",2021-12-19,2021-11-26,"-23 day ahead inc hosp","quantile",0.25,752,"COVID-19"
"DE-TH","00+",2021-12-19,2021-11-26,"-23 day ahead inc hosp","quantile",0.5,756,"COVID-19"
"DE-TH","00+",2021-12-19,2021-11-26,"-23 day ahead inc hosp","quantile",0.75,762,"COVID-19"
"DE-TH","00+",2021-12-19,2021-11-26,"-23 day ahead inc hosp","quantile",0.9,768,"COVID-19"
"DE-TH","00+",2021-12-19,2021-11-26,"-23 day ahead inc hosp","quantile",0.975,775,"COVID-19"
"DE-TH","00+",2021-12-19,2021-11-25,"-24 day ahead inc hosp","mean",NA,748,"COVID-19"
"DE-TH","00+",2021-12-19,2021-11-25,"-24 day ahead inc hosp","quantile",0.025,738,"COVID-19"
"DE-TH","00+",2021-12-19,2021-11-25,"-24 day ahead inc hosp","quantile",0.1,740,"COVID-19"
"DE-TH","00+",2021-12-19,2021-11-25,"-24 day ahead inc hosp","quantile",0.25,743,"COVID-19"
"DE-TH","00+",2021-12-19,2021-11-25,"-24 day ahead inc hosp","quantile",0.5,747,"COVID-19"
"DE-TH","00+",2021-12-19,2021-11-25,"-24 day ahead inc hosp","quantile",0.75,752,"COVID-19"
"DE-TH","00+",2021-12-19,2021-11-25,"-24 day ahead inc hosp","quantile",0.9,757,"COVID-19"
"DE-TH","00+",2021-12-19,2021-11-25,"-24 day ahead inc hosp","quantile",0.975,765,"COVID-19"
"DE-TH","00+",2021-12-19,2021-11-24,"-25 day ahead inc hosp","mean",NA,698,"COVID-19"
"DE-TH","00+",2021-12-19,2021-11-24,"-25 day ahead inc hosp","quantile",0.025,690,"COVID-19"
"DE-TH","00+",2021-12-19,2021-11-24,"-25 day ahead inc hosp","quantile",0.1,691,"COVID-19"
"DE-TH","00+",2021-12-19,2021-11-24,"-25 day ahead inc hosp","quantile",0.25,694,"COVID-19"
"DE-TH","00+",2021-12-19,2021-11-24,"-25 day ahead inc hosp","quantile",0.5,697,"COVID-19"
"DE-TH","00+",2021-12-19,2021-11-24,"-25 day ahead inc hosp","quantile",0.75,701,"COVID-19"
"DE-TH","00+",2021-12-19,2021-11-24,"-25 day ahead inc hosp","quantile",0.9,706,"COVID-19"
"DE-TH","00+",2021-12-19,2021-11-24,"-25 day ahead inc hosp","quantile",0.975,713,"COVID-19"
"DE-TH","00+",2021-12-19,2021-11-23,"-26 day ahead inc hosp","mean",NA,700,"COVID-19"
"DE-TH","00+",2021-12-19,2021-11-23,"-26 day ahead inc hosp","quantile",0.025,692,"COVID-19"
"DE-TH","00+",2021-12-19,2021-11-23,"-26 day ahead inc hosp","quantile",0.1,694,"COVID-19"
"DE-TH","00+",2021-12-19,2021-11-23,"-26 day ahead inc hosp","quantile",0.25,696,"COVID-19"
"DE-TH","00+",2021-12-19,2021-11-23,"-26 day ahead inc hosp","quantile",0.5,699,"COVID-19"
"DE-TH","00+",2021-12-19,2021-11-23,"-26 day ahead inc hosp","quantile",0.75,703,"COVID-19"
"DE-TH","00+",2021-12-19,2021-11-23,"-26 day ahead inc hosp","quantile",0.9,707,"COVID-19"
"DE-TH","00+",2021-12-19,2021-11-23,"-26 day ahead inc hosp","quantile",0.975,714,"COVID-19"
"DE-TH","00+",2021-12-19,2021-11-22,"-27 day ahead inc hosp","mean",NA,677,"COVID-19"
"DE-TH","00+",2021-12-19,2021-11-22,"-27 day ahead inc hosp","quantile",0.025,670,"COVID-19"
"DE-TH","00+",2021-12-19,2021-11-22,"-27 day ahead inc hosp","quantile",0.1,671,"COVID-19"
"DE-TH","00+",2021-12-19,2021-11-22,"-27 day ahead inc hosp","quantile",0.25,673,"COVID-19"
"DE-TH","00+",2021-12-19,2021-11-22,"-27 day ahead inc hosp","quantile",0.5,676,"COVID-19"
"DE-TH","00+",2021-12-19,2021-11-22,"-27 day ahead inc hosp","quantile",0.75,679,"COVID-19"
"DE-TH","00+",2021-12-19,2021-11-22,"-27 day ahead inc hosp","quantile",0.9,684,"COVID-19"
"DE-TH","00+",2021-12-19,2021-11-22,"-27 day ahead inc hosp","quantile",0.975,689,"COVID-19"
"DE-TH","00+",2021-12-19,2021-11-21,"-28 day ahead inc hosp","mean",NA,659,"COVID-19"
"DE-TH","00+",2021-12-19,2021-11-21,"-28 day ahead inc hosp","quantile",0.025,653,"COVID-19"
"DE-TH","00+",2021-12-19,2021-11-21,"-28 day ahead inc hosp","quantile",0.1,654,"COVID-19"
"DE-TH","00+",2021-12-19,2021-11-21,"-28 day ahead inc hosp","quantile",0.25,656,"COVID-19"
"DE-TH","00+",2021-12-19,2021-11-21,"-28 day ahead inc hosp","quantile",0.5,658,"COVID-19"
"DE-TH","00+",2021-12-19,2021-11-21,"-28 day ahead inc hosp","quantile",0.75,662,"COVID-19"
"DE-TH","00+",2021-12-19,2021-11-21,"-28 day ahead inc hosp","quantile",0.9,666,"COVID-19"
"DE-TH","00+",2021-12-19,2021-11-21,"-28 day ahead inc hosp","quantile",0.975,671,"COVID-19"
