"location","age_group","forecast_date","target_end_date","target","type","quantile","value","pathogen"
"DE","00+",2022-01-11,2022-01-11,"0 day ahead inc hosp","mean",NA,5704,"COVID-19"
"DE","00+",2022-01-11,2022-01-11,"0 day ahead inc hosp","quantile",0.025,4325,"COVID-19"
"DE","00+",2022-01-11,2022-01-11,"0 day ahead inc hosp","quantile",0.1,4715,"COVID-19"
"DE","00+",2022-01-11,2022-01-11,"0 day ahead inc hosp","quantile",0.25,5118,"COVID-19"
"DE","00+",2022-01-11,2022-01-11,"0 day ahead inc hosp","quantile",0.5,5628,"COVID-19"
"DE","00+",2022-01-11,2022-01-11,"0 day ahead inc hosp","quantile",0.75,6207,"COVID-19"
"DE","00+",2022-01-11,2022-01-11,"0 day ahead inc hosp","quantile",0.9,6790,"COVID-19"
"DE","00+",2022-01-11,2022-01-11,"0 day ahead inc hosp","quantile",0.975,7513,"COVID-19"
"DE","00+",2022-01-11,2022-01-10,"-1 day ahead inc hosp","mean",NA,5678,"COVID-19"
"DE","00+",2022-01-11,2022-01-10,"-1 day ahead inc hosp","quantile",0.025,4507,"COVID-19"
"DE","00+",2022-01-11,2022-01-10,"-1 day ahead inc hosp","quantile",0.1,4835,"COVID-19"
"DE","00+",2022-01-11,2022-01-10,"-1 day ahead inc hosp","quantile",0.25,5176,"COVID-19"
"DE","00+",2022-01-11,2022-01-10,"-1 day ahead inc hosp","quantile",0.5,5610,"COVID-19"
"DE","00+",2022-01-11,2022-01-10,"-1 day ahead inc hosp","quantile",0.75,6107,"COVID-19"
"DE","00+",2022-01-11,2022-01-10,"-1 day ahead inc hosp","quantile",0.9,6610,"COVID-19"
"DE","00+",2022-01-11,2022-01-10,"-1 day ahead inc hosp","quantile",0.975,7237,"COVID-19"
"DE","00+",2022-01-11,2022-01-09,"-2 day ahead inc hosp","mean",NA,5720,"COVID-19"
"DE","00+",2022-01-11,2022-01-09,"-2 day ahead inc hosp","quantile",0.025,4637,"COVID-19"
"DE","00+",2022-01-11,2022-01-09,"-2 day ahead inc hosp","quantile",0.1,4942,"COVID-19"
"DE","00+",2022-01-11,2022-01-09,"-2 day ahead inc hosp","quantile",0.25,5258,"COVID-19"
"DE","00+",2022-01-11,2022-01-09,"-2 day ahead inc hosp","quantile",0.5,5659,"COVID-19"
"DE","00+",2022-01-11,2022-01-09,"-2 day ahead inc hosp","quantile",0.75,6115,"COVID-19"
"DE","00+",2022-01-11,2022-01-09,"-2 day ahead inc hosp","quantile",0.9,6576,"COVID-19"
"DE","00+",2022-01-11,2022-01-09,"-2 day ahead inc hosp","quantile",0.975,7148,"COVID-19"
"DE","00+",2022-01-11,2022-01-08,"-3 day ahead inc hosp","mean",NA,5575,"COVID-19"
"DE","00+",2022-01-11,2022-01-08,"-3 day ahead inc hosp","quantile",0.025,4620,"COVID-19"
"DE","00+",2022-01-11,2022-01-08,"-3 day ahead inc hosp","quantile",0.1,4892,"COVID-19"
"DE","00+",2022-01-11,2022-01-08,"-3 day ahead inc hosp","quantile",0.25,5171,"COVID-19"
"DE","00+",2022-01-11,2022-01-08,"-3 day ahead inc hosp","quantile",0.5,5524,"COVID-19"
"DE","00+",2022-01-11,2022-01-08,"-3 day ahead inc hosp","quantile",0.75,5923,"COVID-19"
"DE","00+",2022-01-11,2022-01-08,"-3 day ahead inc hosp","quantile",0.9,6324,"COVID-19"
"DE","00+",2022-01-11,2022-01-08,"-3 day ahead inc hosp","quantile",0.975,6820,"COVID-19"
"DE","00+",2022-01-11,2022-01-07,"-4 day ahead inc hosp","mean",NA,5297,"COVID-19"
"DE","00+",2022-01-11,2022-01-07,"-4 day ahead inc hosp","quantile",0.025,4503,"COVID-19"
"DE","00+",2022-01-11,2022-01-07,"-4 day ahead inc hosp","quantile",0.1,4731,"COVID-19"
"DE","00+",2022-01-11,2022-01-07,"-4 day ahead inc hosp","quantile",0.25,4964,"COVID-19"
"DE","00+",2022-01-11,2022-01-07,"-4 day ahead inc hosp","quantile",0.5,5256,"COVID-19"
"DE","00+",2022-01-11,2022-01-07,"-4 day ahead inc hosp","quantile",0.75,5585,"COVID-19"
"DE","00+",2022-01-11,2022-01-07,"-4 day ahead inc hosp","quantile",0.9,5915,"COVID-19"
"DE","00+",2022-01-11,2022-01-07,"-4 day ahead inc hosp","quantile",0.975,6322,"COVID-19"
"DE","00+",2022-01-11,2022-01-06,"-5 day ahead inc hosp","mean",NA,5504,"COVID-19"
"DE","00+",2022-01-11,2022-01-06,"-5 day ahead inc hosp","quantile",0.025,4801,"COVID-19"
"DE","00+",2022-01-11,2022-01-06,"-5 day ahead inc hosp","quantile",0.1,5005,"COVID-19"
"DE","00+",2022-01-11,2022-01-06,"-5 day ahead inc hosp","quantile",0.25,5211,"COVID-19"
"DE","00+",2022-01-11,2022-01-06,"-5 day ahead inc hosp","quantile",0.5,5469,"COVID-19"
"DE","00+",2022-01-11,2022-01-06,"-5 day ahead inc hosp","quantile",0.75,5759,"COVID-19"
"DE","00+",2022-01-11,2022-01-06,"-5 day ahead inc hosp","quantile",0.9,6047,"COVID-19"
"DE","00+",2022-01-11,2022-01-06,"-5 day ahead inc hosp","quantile",0.975,6403,"COVID-19"
"DE","00+",2022-01-11,2022-01-05,"-6 day ahead inc hosp","mean",NA,5532,"COVID-19"
"DE","00+",2022-01-11,2022-01-05,"-6 day ahead inc hosp","quantile",0.025,4927,"COVID-19"
"DE","00+",2022-01-11,2022-01-05,"-6 day ahead inc hosp","quantile",0.1,5102,"COVID-19"
"DE","00+",2022-01-11,2022-01-05,"-6 day ahead inc hosp","quantile",0.25,5280,"COVID-19"
"DE","00+",2022-01-11,2022-01-05,"-6 day ahead inc hosp","quantile",0.5,5502,"COVID-19"
"DE","00+",2022-01-11,2022-01-05,"-6 day ahead inc hosp","quantile",0.75,5751,"COVID-19"
"DE","00+",2022-01-11,2022-01-05,"-6 day ahead inc hosp","quantile",0.9,5999,"COVID-19"
"DE","00+",2022-01-11,2022-01-05,"-6 day ahead inc hosp","quantile",0.975,6305,"COVID-19"
"DE","00+",2022-01-11,2022-01-04,"-7 day ahead inc hosp","mean",NA,5486,"COVID-19"
"DE","00+",2022-01-11,2022-01-04,"-7 day ahead inc hosp","quantile",0.025,4969,"COVID-19"
"DE","00+",2022-01-11,2022-01-04,"-7 day ahead inc hosp","quantile",0.1,5118,"COVID-19"
"DE","00+",2022-01-11,2022-01-04,"-7 day ahead inc hosp","quantile",0.25,5269,"COVID-19"
"DE","00+",2022-01-11,2022-01-04,"-7 day ahead inc hosp","quantile",0.5,5460,"COVID-19"
"DE","00+",2022-01-11,2022-01-04,"-7 day ahead inc hosp","quantile",0.75,5674,"COVID-19"
"DE","00+",2022-01-11,2022-01-04,"-7 day ahead inc hosp","quantile",0.9,5889,"COVID-19"
"DE","00+",2022-01-11,2022-01-04,"-7 day ahead inc hosp","quantile",0.975,6155,"COVID-19"
"DE","00+",2022-01-11,2022-01-03,"-8 day ahead inc hosp","mean",NA,5373,"COVID-19"
"DE","00+",2022-01-11,2022-01-03,"-8 day ahead inc hosp","quantile",0.025,4930,"COVID-19"
"DE","00+",2022-01-11,2022-01-03,"-8 day ahead inc hosp","quantile",0.1,5056,"COVID-19"
"DE","00+",2022-01-11,2022-01-03,"-8 day ahead inc hosp","quantile",0.25,5185,"COVID-19"
"DE","00+",2022-01-11,2022-01-03,"-8 day ahead inc hosp","quantile",0.5,5349,"COVID-19"
"DE","00+",2022-01-11,2022-01-03,"-8 day ahead inc hosp","quantile",0.75,5534,"COVID-19"
"DE","00+",2022-01-11,2022-01-03,"-8 day ahead inc hosp","quantile",0.9,5720,"COVID-19"
"DE","00+",2022-01-11,2022-01-03,"-8 day ahead inc hosp","quantile",0.975,5951,"COVID-19"
"DE","00+",2022-01-11,2022-01-02,"-9 day ahead inc hosp","mean",NA,5341,"COVID-19"
"DE","00+",2022-01-11,2022-01-02,"-9 day ahead inc hosp","quantile",0.025,4913,"COVID-19"
"DE","00+",2022-01-11,2022-01-02,"-9 day ahead inc hosp","quantile",0.1,5033,"COVID-19"
"DE","00+",2022-01-11,2022-01-02,"-9 day ahead inc hosp","quantile",0.25,5158,"COVID-19"
"DE","00+",2022-01-11,2022-01-02,"-9 day ahead inc hosp","quantile",0.5,5317,"COVID-19"
"DE","00+",2022-01-11,2022-01-02,"-9 day ahead inc hosp","quantile",0.75,5498,"COVID-19"
"DE","00+",2022-01-11,2022-01-02,"-9 day ahead inc hosp","quantile",0.9,5681,"COVID-19"
"DE","00+",2022-01-11,2022-01-02,"-9 day ahead inc hosp","quantile",0.975,5909,"COVID-19"
"DE","00+",2022-01-11,2022-01-01,"-10 day ahead inc hosp","mean",NA,5324,"COVID-19"
"DE","00+",2022-01-11,2022-01-01,"-10 day ahead inc hosp","quantile",0.025,4906,"COVID-19"
"DE","00+",2022-01-11,2022-01-01,"-10 day ahead inc hosp","quantile",0.1,5022,"COVID-19"
"DE","00+",2022-01-11,2022-01-01,"-10 day ahead inc hosp","quantile",0.25,5143,"COVID-19"
"DE","00+",2022-01-11,2022-01-01,"-10 day ahead inc hosp","quantile",0.5,5299,"COVID-19"
"DE","00+",2022-01-11,2022-01-01,"-10 day ahead inc hosp","quantile",0.75,5477,"COVID-19"
"DE","00+",2022-01-11,2022-01-01,"-10 day ahead inc hosp","quantile",0.9,5658,"COVID-19"
"DE","00+",2022-01-11,2022-01-01,"-10 day ahead inc hosp","quantile",0.975,5884,"COVID-19"
"DE","00+",2022-01-11,2021-12-31,"-11 day ahead inc hosp","mean",NA,5277,"COVID-19"
"DE","00+",2022-01-11,2021-12-31,"-11 day ahead inc hosp","quantile",0.025,4882,"COVID-19"
"DE","00+",2022-01-11,2021-12-31,"-11 day ahead inc hosp","quantile",0.1,4991,"COVID-19"
"DE","00+",2022-01-11,2021-12-31,"-11 day ahead inc hosp","quantile",0.25,5106,"COVID-19"
"DE","00+",2022-01-11,2021-12-31,"-11 day ahead inc hosp","quantile",0.5,5253,"COVID-19"
"DE","00+",2022-01-11,2021-12-31,"-11 day ahead inc hosp","quantile",0.75,5423,"COVID-19"
"DE","00+",2022-01-11,2021-12-31,"-11 day ahead inc hosp","quantile",0.9,5595,"COVID-19"
"DE","00+",2022-01-11,2021-12-31,"-11 day ahead inc hosp","quantile",0.975,5812,"COVID-19"
"DE","00+",2022-01-11,2021-12-30,"-12 day ahead inc hosp","mean",NA,5212,"COVID-19"
"DE","00+",2022-01-11,2021-12-30,"-12 day ahead inc hosp","quantile",0.025,4864,"COVID-19"
"DE","00+",2022-01-11,2021-12-30,"-12 day ahead inc hosp","quantile",0.1,4959,"COVID-19"
"DE","00+",2022-01-11,2021-12-30,"-12 day ahead inc hosp","quantile",0.25,5060,"COVID-19"
"DE","00+",2022-01-11,2021-12-30,"-12 day ahead inc hosp","quantile",0.5,5190,"COVID-19"
"DE","00+",2022-01-11,2021-12-30,"-12 day ahead inc hosp","quantile",0.75,5340,"COVID-19"
"DE","00+",2022-01-11,2021-12-30,"-12 day ahead inc hosp","quantile",0.9,5494,"COVID-19"
"DE","00+",2022-01-11,2021-12-30,"-12 day ahead inc hosp","quantile",0.975,5687,"COVID-19"
"DE","00+",2022-01-11,2021-12-29,"-13 day ahead inc hosp","mean",NA,5219,"COVID-19"
"DE","00+",2022-01-11,2021-12-29,"-13 day ahead inc hosp","quantile",0.025,4913,"COVID-19"
"DE","00+",2022-01-11,2021-12-29,"-13 day ahead inc hosp","quantile",0.1,4996,"COVID-19"
"DE","00+",2022-01-11,2021-12-29,"-13 day ahead inc hosp","quantile",0.25,5084,"COVID-19"
"DE","00+",2022-01-11,2021-12-29,"-13 day ahead inc hosp","quantile",0.5,5199,"COVID-19"
"DE","00+",2022-01-11,2021-12-29,"-13 day ahead inc hosp","quantile",0.75,5332,"COVID-19"
"DE","00+",2022-01-11,2021-12-29,"-13 day ahead inc hosp","quantile",0.9,5469,"COVID-19"
"DE","00+",2022-01-11,2021-12-29,"-13 day ahead inc hosp","quantile",0.975,5641,"COVID-19"
"DE","00+",2022-01-11,2021-12-28,"-14 day ahead inc hosp","mean",NA,5307,"COVID-19"
"DE","00+",2022-01-11,2021-12-28,"-14 day ahead inc hosp","quantile",0.025,5038,"COVID-19"
"DE","00+",2022-01-11,2021-12-28,"-14 day ahead inc hosp","quantile",0.1,5110,"COVID-19"
"DE","00+",2022-01-11,2021-12-28,"-14 day ahead inc hosp","quantile",0.25,5188,"COVID-19"
"DE","00+",2022-01-11,2021-12-28,"-14 day ahead inc hosp","quantile",0.5,5289,"COVID-19"
"DE","00+",2022-01-11,2021-12-28,"-14 day ahead inc hosp","quantile",0.75,5407,"COVID-19"
"DE","00+",2022-01-11,2021-12-28,"-14 day ahead inc hosp","quantile",0.9,5529,"COVID-19"
"DE","00+",2022-01-11,2021-12-28,"-14 day ahead inc hosp","quantile",0.975,5683,"COVID-19"
"DE","00+",2022-01-11,2021-12-27,"-15 day ahead inc hosp","mean",NA,5410,"COVID-19"
"DE","00+",2022-01-11,2021-12-27,"-15 day ahead inc hosp","quantile",0.025,5165,"COVID-19"
"DE","00+",2022-01-11,2021-12-27,"-15 day ahead inc hosp","quantile",0.1,5230,"COVID-19"
"DE","00+",2022-01-11,2021-12-27,"-15 day ahead inc hosp","quantile",0.25,5300,"COVID-19"
"DE","00+",2022-01-11,2021-12-27,"-15 day ahead inc hosp","quantile",0.5,5392,"COVID-19"
"DE","00+",2022-01-11,2021-12-27,"-15 day ahead inc hosp","quantile",0.75,5501,"COVID-19"
"DE","00+",2022-01-11,2021-12-27,"-15 day ahead inc hosp","quantile",0.9,5613,"COVID-19"
"DE","00+",2022-01-11,2021-12-27,"-15 day ahead inc hosp","quantile",0.975,5756,"COVID-19"
"DE","00+",2022-01-11,2021-12-26,"-16 day ahead inc hosp","mean",NA,5497,"COVID-19"
"DE","00+",2022-01-11,2021-12-26,"-16 day ahead inc hosp","quantile",0.025,5257,"COVID-19"
"DE","00+",2022-01-11,2021-12-26,"-16 day ahead inc hosp","quantile",0.1,5320,"COVID-19"
"DE","00+",2022-01-11,2021-12-26,"-16 day ahead inc hosp","quantile",0.25,5388,"COVID-19"
"DE","00+",2022-01-11,2021-12-26,"-16 day ahead inc hosp","quantile",0.5,5479,"COVID-19"
"DE","00+",2022-01-11,2021-12-26,"-16 day ahead inc hosp","quantile",0.75,5586,"COVID-19"
"DE","00+",2022-01-11,2021-12-26,"-16 day ahead inc hosp","quantile",0.9,5698,"COVID-19"
"DE","00+",2022-01-11,2021-12-26,"-16 day ahead inc hosp","quantile",0.975,5840,"COVID-19"
"DE","00+",2022-01-11,2021-12-25,"-17 day ahead inc hosp","mean",NA,5900,"COVID-19"
"DE","00+",2022-01-11,2021-12-25,"-17 day ahead inc hosp","quantile",0.025,5654,"COVID-19"
"DE","00+",2022-01-11,2021-12-25,"-17 day ahead inc hosp","quantile",0.1,5718,"COVID-19"
"DE","00+",2022-01-11,2021-12-25,"-17 day ahead inc hosp","quantile",0.25,5788,"COVID-19"
"DE","00+",2022-01-11,2021-12-25,"-17 day ahead inc hosp","quantile",0.5,5881,"COVID-19"
"DE","00+",2022-01-11,2021-12-25,"-17 day ahead inc hosp","quantile",0.75,5991,"COVID-19"
"DE","00+",2022-01-11,2021-12-25,"-17 day ahead inc hosp","quantile",0.9,6105,"COVID-19"
"DE","00+",2022-01-11,2021-12-25,"-17 day ahead inc hosp","quantile",0.975,6252,"COVID-19"
"DE","00+",2022-01-11,2021-12-24,"-18 day ahead inc hosp","mean",NA,6520,"COVID-19"
"DE","00+",2022-01-11,2021-12-24,"-18 day ahead inc hosp","quantile",0.025,6266,"COVID-19"
"DE","00+",2022-01-11,2021-12-24,"-18 day ahead inc hosp","quantile",0.1,6331,"COVID-19"
"DE","00+",2022-01-11,2021-12-24,"-18 day ahead inc hosp","quantile",0.25,6403,"COVID-19"
"DE","00+",2022-01-11,2021-12-24,"-18 day ahead inc hosp","quantile",0.5,6500,"COVID-19"
"DE","00+",2022-01-11,2021-12-24,"-18 day ahead inc hosp","quantile",0.75,6614,"COVID-19"
"DE","00+",2022-01-11,2021-12-24,"-18 day ahead inc hosp","quantile",0.9,6734,"COVID-19"
"DE","00+",2022-01-11,2021-12-24,"-18 day ahead inc hosp","quantile",0.975,6887,"COVID-19"
"DE","00+",2022-01-11,2021-12-23,"-19 day ahead inc hosp","mean",NA,6848,"COVID-19"
"DE","00+",2022-01-11,2021-12-23,"-19 day ahead inc hosp","quantile",0.025,6605,"COVID-19"
"DE","00+",2022-01-11,2021-12-23,"-19 day ahead inc hosp","quantile",0.1,6668,"COVID-19"
"DE","00+",2022-01-11,2021-12-23,"-19 day ahead inc hosp","quantile",0.25,6736,"COVID-19"
"DE","00+",2022-01-11,2021-12-23,"-19 day ahead inc hosp","quantile",0.5,6828,"COVID-19"
"DE","00+",2022-01-11,2021-12-23,"-19 day ahead inc hosp","quantile",0.75,6938,"COVID-19"
"DE","00+",2022-01-11,2021-12-23,"-19 day ahead inc hosp","quantile",0.9,7053,"COVID-19"
"DE","00+",2022-01-11,2021-12-23,"-19 day ahead inc hosp","quantile",0.975,7201,"COVID-19"
"DE","00+",2022-01-11,2021-12-22,"-20 day ahead inc hosp","mean",NA,7189,"COVID-19"
"DE","00+",2022-01-11,2021-12-22,"-20 day ahead inc hosp","quantile",0.025,6959,"COVID-19"
"DE","00+",2022-01-11,2021-12-22,"-20 day ahead inc hosp","quantile",0.1,7017,"COVID-19"
"DE","00+",2022-01-11,2021-12-22,"-20 day ahead inc hosp","quantile",0.25,7083,"COVID-19"
"DE","00+",2022-01-11,2021-12-22,"-20 day ahead inc hosp","quantile",0.5,7170,"COVID-19"
"DE","00+",2022-01-11,2021-12-22,"-20 day ahead inc hosp","quantile",0.75,7274,"COVID-19"
"DE","00+",2022-01-11,2021-12-22,"-20 day ahead inc hosp","quantile",0.9,7384,"COVID-19"
"DE","00+",2022-01-11,2021-12-22,"-20 day ahead inc hosp","quantile",0.975,7525,"COVID-19"
"DE","00+",2022-01-11,2021-12-21,"-21 day ahead inc hosp","mean",NA,7575,"COVID-19"
"DE","00+",2022-01-11,2021-12-21,"-21 day ahead inc hosp","quantile",0.025,7362,"COVID-19"
"DE","00+",2022-01-11,2021-12-21,"-21 day ahead inc hosp","quantile",0.1,7416,"COVID-19"
"DE","00+",2022-01-11,2021-12-21,"-21 day ahead inc hosp","quantile",0.25,7476,"COVID-19"
"DE","00+",2022-01-11,2021-12-21,"-21 day ahead inc hosp","quantile",0.5,7557,"COVID-19"
"DE","00+",2022-01-11,2021-12-21,"-21 day ahead inc hosp","quantile",0.75,7654,"COVID-19"
"DE","00+",2022-01-11,2021-12-21,"-21 day ahead inc hosp","quantile",0.9,7756,"COVID-19"
"DE","00+",2022-01-11,2021-12-21,"-21 day ahead inc hosp","quantile",0.975,7886,"COVID-19"
"DE","00+",2022-01-11,2021-12-20,"-22 day ahead inc hosp","mean",NA,7770,"COVID-19"
"DE","00+",2022-01-11,2021-12-20,"-22 day ahead inc hosp","quantile",0.025,7571,"COVID-19"
"DE","00+",2022-01-11,2021-12-20,"-22 day ahead inc hosp","quantile",0.1,7622,"COVID-19"
"DE","00+",2022-01-11,2021-12-20,"-22 day ahead inc hosp","quantile",0.25,7678,"COVID-19"
"DE","00+",2022-01-11,2021-12-20,"-22 day ahead inc hosp","quantile",0.5,7754,"COVID-19"
"DE","00+",2022-01-11,2021-12-20,"-22 day ahead inc hosp","quantile",0.75,7845,"COVID-19"
"DE","00+",2022-01-11,2021-12-20,"-22 day ahead inc hosp","quantile",0.9,7940,"COVID-19"
"DE","00+",2022-01-11,2021-12-20,"-22 day ahead inc hosp","quantile",0.975,8063,"COVID-19"
"DE","00+",2022-01-11,2021-12-19,"-23 day ahead inc hosp","mean",NA,7857,"COVID-19"
"DE","00+",2022-01-11,2021-12-19,"-23 day ahead inc hosp","quantile",0.025,7662,"COVID-19"
"DE","00+",2022-01-11,2021-12-19,"-23 day ahead inc hosp","quantile",0.1,7711,"COVID-19"
"DE","00+",2022-01-11,2021-12-19,"-23 day ahead inc hosp","quantile",0.25,7766,"COVID-19"
"DE","00+",2022-01-11,2021-12-19,"-23 day ahead inc hosp","quantile",0.5,7841,"COVID-19"
"DE","00+",2022-01-11,2021-12-19,"-23 day ahead inc hosp","quantile",0.75,7930,"COVID-19"
"DE","00+",2022-01-11,2021-12-19,"-23 day ahead inc hosp","quantile",0.9,8024,"COVID-19"
"DE","00+",2022-01-11,2021-12-19,"-23 day ahead inc hosp","quantile",0.975,8146,"COVID-19"
"DE","00+",2022-01-11,2021-12-18,"-24 day ahead inc hosp","mean",NA,8083,"COVID-19"
"DE","00+",2022-01-11,2021-12-18,"-24 day ahead inc hosp","quantile",0.025,7895,"COVID-19"
"DE","00+",2022-01-11,2021-12-18,"-24 day ahead inc hosp","quantile",0.1,7942,"COVID-19"
"DE","00+",2022-01-11,2021-12-18,"-24 day ahead inc hosp","quantile",0.25,7995,"COVID-19"
"DE","00+",2022-01-11,2021-12-18,"-24 day ahead inc hosp","quantile",0.5,8067,"COVID-19"
"DE","00+",2022-01-11,2021-12-18,"-24 day ahead inc hosp","quantile",0.75,8153,"COVID-19"
"DE","00+",2022-01-11,2021-12-18,"-24 day ahead inc hosp","quantile",0.9,8244,"COVID-19"
"DE","00+",2022-01-11,2021-12-18,"-24 day ahead inc hosp","quantile",0.975,8361,"COVID-19"
"DE","00+",2022-01-11,2021-12-17,"-25 day ahead inc hosp","mean",NA,8305,"COVID-19"
"DE","00+",2022-01-11,2021-12-17,"-25 day ahead inc hosp","quantile",0.025,8130,"COVID-19"
"DE","00+",2022-01-11,2021-12-17,"-25 day ahead inc hosp","quantile",0.1,8174,"COVID-19"
"DE","00+",2022-01-11,2021-12-17,"-25 day ahead inc hosp","quantile",0.25,8223,"COVID-19"
"DE","00+",2022-01-11,2021-12-17,"-25 day ahead inc hosp","quantile",0.5,8290,"COVID-19"
"DE","00+",2022-01-11,2021-12-17,"-25 day ahead inc hosp","quantile",0.75,8371,"COVID-19"
"DE","00+",2022-01-11,2021-12-17,"-25 day ahead inc hosp","quantile",0.9,8456,"COVID-19"
"DE","00+",2022-01-11,2021-12-17,"-25 day ahead inc hosp","quantile",0.975,8566,"COVID-19"
"DE","00+",2022-01-11,2021-12-16,"-26 day ahead inc hosp","mean",NA,8604,"COVID-19"
"DE","00+",2022-01-11,2021-12-16,"-26 day ahead inc hosp","quantile",0.025,8438,"COVID-19"
"DE","00+",2022-01-11,2021-12-16,"-26 day ahead inc hosp","quantile",0.1,8479,"COVID-19"
"DE","00+",2022-01-11,2021-12-16,"-26 day ahead inc hosp","quantile",0.25,8526,"COVID-19"
"DE","00+",2022-01-11,2021-12-16,"-26 day ahead inc hosp","quantile",0.5,8589,"COVID-19"
"DE","00+",2022-01-11,2021-12-16,"-26 day ahead inc hosp","quantile",0.75,8666,"COVID-19"
"DE","00+",2022-01-11,2021-12-16,"-26 day ahead inc hosp","quantile",0.9,8747,"COVID-19"
"DE","00+",2022-01-11,2021-12-16,"-26 day ahead inc hosp","quantile",0.975,8852,"COVID-19"
"DE","00+",2022-01-11,2021-12-15,"-27 day ahead inc hosp","mean",NA,8902,"COVID-19"
"DE","00+",2022-01-11,2021-12-15,"-27 day ahead inc hosp","quantile",0.025,8747,"COVID-19"
"DE","00+",2022-01-11,2021-12-15,"-27 day ahead inc hosp","quantile",0.1,8786,"COVID-19"
"DE","00+",2022-01-11,2021-12-15,"-27 day ahead inc hosp","quantile",0.25,8829,"COVID-19"
"DE","00+",2022-01-11,2021-12-15,"-27 day ahead inc hosp","quantile",0.5,8888,"COVID-19"
"DE","00+",2022-01-11,2021-12-15,"-27 day ahead inc hosp","quantile",0.75,8960,"COVID-19"
"DE","00+",2022-01-11,2021-12-15,"-27 day ahead inc hosp","quantile",0.9,9036,"COVID-19"
"DE","00+",2022-01-11,2021-12-15,"-27 day ahead inc hosp","quantile",0.975,9134,"COVID-19"
"DE","00+",2022-01-11,2021-12-14,"-28 day ahead inc hosp","mean",NA,9103,"COVID-19"
"DE","00+",2022-01-11,2021-12-14,"-28 day ahead inc hosp","quantile",0.025,8962,"COVID-19"
"DE","00+",2022-01-11,2021-12-14,"-28 day ahead inc hosp","quantile",0.1,8998,"COVID-19"
"DE","00+",2022-01-11,2021-12-14,"-28 day ahead inc hosp","quantile",0.25,9037,"COVID-19"
"DE","00+",2022-01-11,2021-12-14,"-28 day ahead inc hosp","quantile",0.5,9091,"COVID-19"
"DE","00+",2022-01-11,2021-12-14,"-28 day ahead inc hosp","quantile",0.75,9156,"COVID-19"
"DE","00+",2022-01-11,2021-12-14,"-28 day ahead inc hosp","quantile",0.9,9225,"COVID-19"
"DE","00+",2022-01-11,2021-12-14,"-28 day ahead inc hosp","quantile",0.975,9314,"COVID-19"
"DE","00-04",2022-01-11,2022-01-11,"0 day ahead inc hosp","mean",NA,172,"COVID-19"
"DE","00-04",2022-01-11,2022-01-11,"0 day ahead inc hosp","quantile",0.025,137,"COVID-19"
"DE","00-04",2022-01-11,2022-01-11,"0 day ahead inc hosp","quantile",0.1,147,"COVID-19"
"DE","00-04",2022-01-11,2022-01-11,"0 day ahead inc hosp","quantile",0.25,157,"COVID-19"
"DE","00-04",2022-01-11,2022-01-11,"0 day ahead inc hosp","quantile",0.5,170,"COVID-19"
"DE","00-04",2022-01-11,2022-01-11,"0 day ahead inc hosp","quantile",0.75,185,"COVID-19"
"DE","00-04",2022-01-11,2022-01-11,"0 day ahead inc hosp","quantile",0.9,200,"COVID-19"
"DE","00-04",2022-01-11,2022-01-11,"0 day ahead inc hosp","quantile",0.975,219,"COVID-19"
"DE","00-04",2022-01-11,2022-01-10,"-1 day ahead inc hosp","mean",NA,162,"COVID-19"
"DE","00-04",2022-01-11,2022-01-10,"-1 day ahead inc hosp","quantile",0.025,139,"COVID-19"
"DE","00-04",2022-01-11,2022-01-10,"-1 day ahead inc hosp","quantile",0.1,145,"COVID-19"
"DE","00-04",2022-01-11,2022-01-10,"-1 day ahead inc hosp","quantile",0.25,152,"COVID-19"
"DE","00-04",2022-01-11,2022-01-10,"-1 day ahead inc hosp","quantile",0.5,160,"COVID-19"
"DE","00-04",2022-01-11,2022-01-10,"-1 day ahead inc hosp","quantile",0.75,170,"COVID-19"
"DE","00-04",2022-01-11,2022-01-10,"-1 day ahead inc hosp","quantile",0.9,181,"COVID-19"
"DE","00-04",2022-01-11,2022-01-10,"-1 day ahead inc hosp","quantile",0.975,193,"COVID-19"
"DE","00-04",2022-01-11,2022-01-09,"-2 day ahead inc hosp","mean",NA,171,"COVID-19"
"DE","00-04",2022-01-11,2022-01-09,"-2 day ahead inc hosp","quantile",0.025,148,"COVID-19"
"DE","00-04",2022-01-11,2022-01-09,"-2 day ahead inc hosp","quantile",0.1,154,"COVID-19"
"DE","00-04",2022-01-11,2022-01-09,"-2 day ahead inc hosp","quantile",0.25,161,"COVID-19"
"DE","00-04",2022-01-11,2022-01-09,"-2 day ahead inc hosp","quantile",0.5,170,"COVID-19"
"DE","00-04",2022-01-11,2022-01-09,"-2 day ahead inc hosp","quantile",0.75,180,"COVID-19"
"DE","00-04",2022-01-11,2022-01-09,"-2 day ahead inc hosp","quantile",0.9,191,"COVID-19"
"DE","00-04",2022-01-11,2022-01-09,"-2 day ahead inc hosp","quantile",0.975,205,"COVID-19"
"DE","00-04",2022-01-11,2022-01-08,"-3 day ahead inc hosp","mean",NA,159,"COVID-19"
"DE","00-04",2022-01-11,2022-01-08,"-3 day ahead inc hosp","quantile",0.025,139,"COVID-19"
"DE","00-04",2022-01-11,2022-01-08,"-3 day ahead inc hosp","quantile",0.1,144,"COVID-19"
"DE","00-04",2022-01-11,2022-01-08,"-3 day ahead inc hosp","quantile",0.25,150,"COVID-19"
"DE","00-04",2022-01-11,2022-01-08,"-3 day ahead inc hosp","quantile",0.5,157,"COVID-19"
"DE","00-04",2022-01-11,2022-01-08,"-3 day ahead inc hosp","quantile",0.75,166,"COVID-19"
"DE","00-04",2022-01-11,2022-01-08,"-3 day ahead inc hosp","quantile",0.9,176,"COVID-19"
"DE","00-04",2022-01-11,2022-01-08,"-3 day ahead inc hosp","quantile",0.975,187,"COVID-19"
"DE","00-04",2022-01-11,2022-01-07,"-4 day ahead inc hosp","mean",NA,146,"COVID-19"
"DE","00-04",2022-01-11,2022-01-07,"-4 day ahead inc hosp","quantile",0.025,129,"COVID-19"
"DE","00-04",2022-01-11,2022-01-07,"-4 day ahead inc hosp","quantile",0.1,133,"COVID-19"
"DE","00-04",2022-01-11,2022-01-07,"-4 day ahead inc hosp","quantile",0.25,138,"COVID-19"
"DE","00-04",2022-01-11,2022-01-07,"-4 day ahead inc hosp","quantile",0.5,144,"COVID-19"
"DE","00-04",2022-01-11,2022-01-07,"-4 day ahead inc hosp","quantile",0.75,152,"COVID-19"
"DE","00-04",2022-01-11,2022-01-07,"-4 day ahead inc hosp","quantile",0.9,160,"COVID-19"
"DE","00-04",2022-01-11,2022-01-07,"-4 day ahead inc hosp","quantile",0.975,169,"COVID-19"
"DE","00-04",2022-01-11,2022-01-06,"-5 day ahead inc hosp","mean",NA,137,"COVID-19"
"DE","00-04",2022-01-11,2022-01-06,"-5 day ahead inc hosp","quantile",0.025,123,"COVID-19"
"DE","00-04",2022-01-11,2022-01-06,"-5 day ahead inc hosp","quantile",0.1,126,"COVID-19"
"DE","00-04",2022-01-11,2022-01-06,"-5 day ahead inc hosp","quantile",0.25,130,"COVID-19"
"DE","00-04",2022-01-11,2022-01-06,"-5 day ahead inc hosp","quantile",0.5,136,"COVID-19"
"DE","00-04",2022-01-11,2022-01-06,"-5 day ahead inc hosp","quantile",0.75,142,"COVID-19"
"DE","00-04",2022-01-11,2022-01-06,"-5 day ahead inc hosp","quantile",0.9,148,"COVID-19"
"DE","00-04",2022-01-11,2022-01-06,"-5 day ahead inc hosp","quantile",0.975,157,"COVID-19"
"DE","00-04",2022-01-11,2022-01-05,"-6 day ahead inc hosp","mean",NA,120,"COVID-19"
"DE","00-04",2022-01-11,2022-01-05,"-6 day ahead inc hosp","quantile",0.025,109,"COVID-19"
"DE","00-04",2022-01-11,2022-01-05,"-6 day ahead inc hosp","quantile",0.1,112,"COVID-19"
"DE","00-04",2022-01-11,2022-01-05,"-6 day ahead inc hosp","quantile",0.25,115,"COVID-19"
"DE","00-04",2022-01-11,2022-01-05,"-6 day ahead inc hosp","quantile",0.5,119,"COVID-19"
"DE","00-04",2022-01-11,2022-01-05,"-6 day ahead inc hosp","quantile",0.75,124,"COVID-19"
"DE","00-04",2022-01-11,2022-01-05,"-6 day ahead inc hosp","quantile",0.9,129,"COVID-19"
"DE","00-04",2022-01-11,2022-01-05,"-6 day ahead inc hosp","quantile",0.975,136,"COVID-19"
"DE","00-04",2022-01-11,2022-01-04,"-7 day ahead inc hosp","mean",NA,120,"COVID-19"
"DE","00-04",2022-01-11,2022-01-04,"-7 day ahead inc hosp","quantile",0.025,111,"COVID-19"
"DE","00-04",2022-01-11,2022-01-04,"-7 day ahead inc hosp","quantile",0.1,113,"COVID-19"
"DE","00-04",2022-01-11,2022-01-04,"-7 day ahead inc hosp","quantile",0.25,116,"COVID-19"
"DE","00-04",2022-01-11,2022-01-04,"-7 day ahead inc hosp","quantile",0.5,120,"COVID-19"
"DE","00-04",2022-01-11,2022-01-04,"-7 day ahead inc hosp","quantile",0.75,124,"COVID-19"
"DE","00-04",2022-01-11,2022-01-04,"-7 day ahead inc hosp","quantile",0.9,129,"COVID-19"
"DE","00-04",2022-01-11,2022-01-04,"-7 day ahead inc hosp","quantile",0.975,134,"COVID-19"
"DE","00-04",2022-01-11,2022-01-03,"-8 day ahead inc hosp","mean",NA,107,"COVID-19"
"DE","00-04",2022-01-11,2022-01-03,"-8 day ahead inc hosp","quantile",0.025,100,"COVID-19"
"DE","00-04",2022-01-11,2022-01-03,"-8 day ahead inc hosp","quantile",0.1,101,"COVID-19"
"DE","00-04",2022-01-11,2022-01-03,"-8 day ahead inc hosp","quantile",0.25,104,"COVID-19"
"DE","00-04",2022-01-11,2022-01-03,"-8 day ahead inc hosp","quantile",0.5,106,"COVID-19"
"DE","00-04",2022-01-11,2022-01-03,"-8 day ahead inc hosp","quantile",0.75,110,"COVID-19"
"DE","00-04",2022-01-11,2022-01-03,"-8 day ahead inc hosp","quantile",0.9,113,"COVID-19"
"DE","00-04",2022-01-11,2022-01-03,"-8 day ahead inc hosp","quantile",0.975,117,"COVID-19"
"DE","00-04",2022-01-11,2022-01-02,"-9 day ahead inc hosp","mean",NA,96,"COVID-19"
"DE","00-04",2022-01-11,2022-01-02,"-9 day ahead inc hosp","quantile",0.025,90,"COVID-19"
"DE","00-04",2022-01-11,2022-01-02,"-9 day ahead inc hosp","quantile",0.1,91,"COVID-19"
"DE","00-04",2022-01-11,2022-01-02,"-9 day ahead inc hosp","quantile",0.25,93,"COVID-19"
"DE","00-04",2022-01-11,2022-01-02,"-9 day ahead inc hosp","quantile",0.5,96,"COVID-19"
"DE","00-04",2022-01-11,2022-01-02,"-9 day ahead inc hosp","quantile",0.75,98,"COVID-19"
"DE","00-04",2022-01-11,2022-01-02,"-9 day ahead inc hosp","quantile",0.9,101,"COVID-19"
"DE","00-04",2022-01-11,2022-01-02,"-9 day ahead inc hosp","quantile",0.975,104,"COVID-19"
"DE","00-04",2022-01-11,2022-01-01,"-10 day ahead inc hosp","mean",NA,95,"COVID-19"
"DE","00-04",2022-01-11,2022-01-01,"-10 day ahead inc hosp","quantile",0.025,90,"COVID-19"
"DE","00-04",2022-01-11,2022-01-01,"-10 day ahead inc hosp","quantile",0.1,91,"COVID-19"
"DE","00-04",2022-01-11,2022-01-01,"-10 day ahead inc hosp","quantile",0.25,93,"COVID-19"
"DE","00-04",2022-01-11,2022-01-01,"-10 day ahead inc hosp","quantile",0.5,95,"COVID-19"
"DE","00-04",2022-01-11,2022-01-01,"-10 day ahead inc hosp","quantile",0.75,98,"COVID-19"
"DE","00-04",2022-01-11,2022-01-01,"-10 day ahead inc hosp","quantile",0.9,100,"COVID-19"
"DE","00-04",2022-01-11,2022-01-01,"-10 day ahead inc hosp","quantile",0.975,104,"COVID-19"
"DE","00-04",2022-01-11,2021-12-31,"-11 day ahead inc hosp","mean",NA,97,"COVID-19"
"DE","00-04",2022-01-11,2021-12-31,"-11 day ahead inc hosp","quantile",0.025,92,"COVID-19"
"DE","00-04",2022-01-11,2021-12-31,"-11 day ahead inc hosp","quantile",0.1,93,"COVID-19"
"DE","00-04",2022-01-11,2021-12-31,"-11 day ahead inc hosp","quantile",0.25,95,"COVID-19"
"DE","00-04",2022-01-11,2021-12-31,"-11 day ahead inc hosp","quantile",0.5,97,"COVID-19"
"DE","00-04",2022-01-11,2021-12-31,"-11 day ahead inc hosp","quantile",0.75,99,"COVID-19"
"DE","00-04",2022-01-11,2021-12-31,"-11 day ahead inc hosp","quantile",0.9,102,"COVID-19"
"DE","00-04",2022-01-11,2021-12-31,"-11 day ahead inc hosp","quantile",0.975,105,"COVID-19"
"DE","00-04",2022-01-11,2021-12-30,"-12 day ahead inc hosp","mean",NA,89,"COVID-19"
"DE","00-04",2022-01-11,2021-12-30,"-12 day ahead inc hosp","quantile",0.025,84,"COVID-19"
"DE","00-04",2022-01-11,2021-12-30,"-12 day ahead inc hosp","quantile",0.1,85,"COVID-19"
"DE","00-04",2022-01-11,2021-12-30,"-12 day ahead inc hosp","quantile",0.25,87,"COVID-19"
"DE","00-04",2022-01-11,2021-12-30,"-12 day ahead inc hosp","quantile",0.5,89,"COVID-19"
"DE","00-04",2022-01-11,2021-12-30,"-12 day ahead inc hosp","quantile",0.75,91,"COVID-19"
"DE","00-04",2022-01-11,2021-12-30,"-12 day ahead inc hosp","quantile",0.9,93,"COVID-19"
"DE","00-04",2022-01-11,2021-12-30,"-12 day ahead inc hosp","quantile",0.975,96,"COVID-19"
"DE","00-04",2022-01-11,2021-12-29,"-13 day ahead inc hosp","mean",NA,91,"COVID-19"
"DE","00-04",2022-01-11,2021-12-29,"-13 day ahead inc hosp","quantile",0.025,86,"COVID-19"
"DE","00-04",2022-01-11,2021-12-29,"-13 day ahead inc hosp","quantile",0.1,87,"COVID-19"
"DE","00-04",2022-01-11,2021-12-29,"-13 day ahead inc hosp","quantile",0.25,88,"COVID-19"
"DE","00-04",2022-01-11,2021-12-29,"-13 day ahead inc hosp","quantile",0.5,90,"COVID-19"
"DE","00-04",2022-01-11,2021-12-29,"-13 day ahead inc hosp","quantile",0.75,92,"COVID-19"
"DE","00-04",2022-01-11,2021-12-29,"-13 day ahead inc hosp","quantile",0.9,95,"COVID-19"
"DE","00-04",2022-01-11,2021-12-29,"-13 day ahead inc hosp","quantile",0.975,97,"COVID-19"
"DE","00-04",2022-01-11,2021-12-28,"-14 day ahead inc hosp","mean",NA,89,"COVID-19"
"DE","00-04",2022-01-11,2021-12-28,"-14 day ahead inc hosp","quantile",0.025,84,"COVID-19"
"DE","00-04",2022-01-11,2021-12-28,"-14 day ahead inc hosp","quantile",0.1,86,"COVID-19"
"DE","00-04",2022-01-11,2021-12-28,"-14 day ahead inc hosp","quantile",0.25,87,"COVID-19"
"DE","00-04",2022-01-11,2021-12-28,"-14 day ahead inc hosp","quantile",0.5,88,"COVID-19"
"DE","00-04",2022-01-11,2021-12-28,"-14 day ahead inc hosp","quantile",0.75,91,"COVID-19"
"DE","00-04",2022-01-11,2021-12-28,"-14 day ahead inc hosp","quantile",0.9,93,"COVID-19"
"DE","00-04",2022-01-11,2021-12-28,"-14 day ahead inc hosp","quantile",0.975,96,"COVID-19"
"DE","00-04",2022-01-11,2021-12-27,"-15 day ahead inc hosp","mean",NA,97,"COVID-19"
"DE","00-04",2022-01-11,2021-12-27,"-15 day ahead inc hosp","quantile",0.025,92,"COVID-19"
"DE","00-04",2022-01-11,2021-12-27,"-15 day ahead inc hosp","quantile",0.1,93,"COVID-19"
"DE","00-04",2022-01-11,2021-12-27,"-15 day ahead inc hosp","quantile",0.25,95,"COVID-19"
"DE","00-04",2022-01-11,2021-12-27,"-15 day ahead inc hosp","quantile",0.5,96,"COVID-19"
"DE","00-04",2022-01-11,2021-12-27,"-15 day ahead inc hosp","quantile",0.75,99,"COVID-19"
"DE","00-04",2022-01-11,2021-12-27,"-15 day ahead inc hosp","quantile",0.9,101,"COVID-19"
"DE","00-04",2022-01-11,2021-12-27,"-15 day ahead inc hosp","quantile",0.975,104,"COVID-19"
"DE","00-04",2022-01-11,2021-12-26,"-16 day ahead inc hosp","mean",NA,98,"COVID-19"
"DE","00-04",2022-01-11,2021-12-26,"-16 day ahead inc hosp","quantile",0.025,93,"COVID-19"
"DE","00-04",2022-01-11,2021-12-26,"-16 day ahead inc hosp","quantile",0.1,94,"COVID-19"
"DE","00-04",2022-01-11,2021-12-26,"-16 day ahead inc hosp","quantile",0.25,95,"COVID-19"
"DE","00-04",2022-01-11,2021-12-26,"-16 day ahead inc hosp","quantile",0.5,97,"COVID-19"
"DE","00-04",2022-01-11,2021-12-26,"-16 day ahead inc hosp","quantile",0.75,99,"COVID-19"
"DE","00-04",2022-01-11,2021-12-26,"-16 day ahead inc hosp","quantile",0.9,102,"COVID-19"
"DE","00-04",2022-01-11,2021-12-26,"-16 day ahead inc hosp","quantile",0.975,105,"COVID-19"
"DE","00-04",2022-01-11,2021-12-25,"-17 day ahead inc hosp","mean",NA,102,"COVID-19"
"DE","00-04",2022-01-11,2021-12-25,"-17 day ahead inc hosp","quantile",0.025,97,"COVID-19"
"DE","00-04",2022-01-11,2021-12-25,"-17 day ahead inc hosp","quantile",0.1,98,"COVID-19"
"DE","00-04",2022-01-11,2021-12-25,"-17 day ahead inc hosp","quantile",0.25,99,"COVID-19"
"DE","00-04",2022-01-11,2021-12-25,"-17 day ahead inc hosp","quantile",0.5,101,"COVID-19"
"DE","00-04",2022-01-11,2021-12-25,"-17 day ahead inc hosp","quantile",0.75,103,"COVID-19"
"DE","00-04",2022-01-11,2021-12-25,"-17 day ahead inc hosp","quantile",0.9,106,"COVID-19"
"DE","00-04",2022-01-11,2021-12-25,"-17 day ahead inc hosp","quantile",0.975,109,"COVID-19"
"DE","00-04",2022-01-11,2021-12-24,"-18 day ahead inc hosp","mean",NA,107,"COVID-19"
"DE","00-04",2022-01-11,2021-12-24,"-18 day ahead inc hosp","quantile",0.025,102,"COVID-19"
"DE","00-04",2022-01-11,2021-12-24,"-18 day ahead inc hosp","quantile",0.1,103,"COVID-19"
"DE","00-04",2022-01-11,2021-12-24,"-18 day ahead inc hosp","quantile",0.25,104,"COVID-19"
"DE","00-04",2022-01-11,2021-12-24,"-18 day ahead inc hosp","quantile",0.5,106,"COVID-19"
"DE","00-04",2022-01-11,2021-12-24,"-18 day ahead inc hosp","quantile",0.75,108,"COVID-19"
"DE","00-04",2022-01-11,2021-12-24,"-18 day ahead inc hosp","quantile",0.9,111,"COVID-19"
"DE","00-04",2022-01-11,2021-12-24,"-18 day ahead inc hosp","quantile",0.975,114,"COVID-19"
"DE","00-04",2022-01-11,2021-12-23,"-19 day ahead inc hosp","mean",NA,119,"COVID-19"
"DE","00-04",2022-01-11,2021-12-23,"-19 day ahead inc hosp","quantile",0.025,114,"COVID-19"
"DE","00-04",2022-01-11,2021-12-23,"-19 day ahead inc hosp","quantile",0.1,115,"COVID-19"
"DE","00-04",2022-01-11,2021-12-23,"-19 day ahead inc hosp","quantile",0.25,117,"COVID-19"
"DE","00-04",2022-01-11,2021-12-23,"-19 day ahead inc hosp","quantile",0.5,118,"COVID-19"
"DE","00-04",2022-01-11,2021-12-23,"-19 day ahead inc hosp","quantile",0.75,120,"COVID-19"
"DE","00-04",2022-01-11,2021-12-23,"-19 day ahead inc hosp","quantile",0.9,123,"COVID-19"
"DE","00-04",2022-01-11,2021-12-23,"-19 day ahead inc hosp","quantile",0.975,126,"COVID-19"
"DE","00-04",2022-01-11,2021-12-22,"-20 day ahead inc hosp","mean",NA,120,"COVID-19"
"DE","00-04",2022-01-11,2021-12-22,"-20 day ahead inc hosp","quantile",0.025,115,"COVID-19"
"DE","00-04",2022-01-11,2021-12-22,"-20 day ahead inc hosp","quantile",0.1,116,"COVID-19"
"DE","00-04",2022-01-11,2021-12-22,"-20 day ahead inc hosp","quantile",0.25,117,"COVID-19"
"DE","00-04",2022-01-11,2021-12-22,"-20 day ahead inc hosp","quantile",0.5,119,"COVID-19"
"DE","00-04",2022-01-11,2021-12-22,"-20 day ahead inc hosp","quantile",0.75,121,"COVID-19"
"DE","00-04",2022-01-11,2021-12-22,"-20 day ahead inc hosp","quantile",0.9,123,"COVID-19"
"DE","00-04",2022-01-11,2021-12-22,"-20 day ahead inc hosp","quantile",0.975,126,"COVID-19"
"DE","00-04",2022-01-11,2021-12-21,"-21 day ahead inc hosp","mean",NA,127,"COVID-19"
"DE","00-04",2022-01-11,2021-12-21,"-21 day ahead inc hosp","quantile",0.025,123,"COVID-19"
"DE","00-04",2022-01-11,2021-12-21,"-21 day ahead inc hosp","quantile",0.1,124,"COVID-19"
"DE","00-04",2022-01-11,2021-12-21,"-21 day ahead inc hosp","quantile",0.25,125,"COVID-19"
"DE","00-04",2022-01-11,2021-12-21,"-21 day ahead inc hosp","quantile",0.5,127,"COVID-19"
"DE","00-04",2022-01-11,2021-12-21,"-21 day ahead inc hosp","quantile",0.75,129,"COVID-19"
"DE","00-04",2022-01-11,2021-12-21,"-21 day ahead inc hosp","quantile",0.9,131,"COVID-19"
"DE","00-04",2022-01-11,2021-12-21,"-21 day ahead inc hosp","quantile",0.975,134,"COVID-19"
"DE","00-04",2022-01-11,2021-12-20,"-22 day ahead inc hosp","mean",NA,126,"COVID-19"
"DE","00-04",2022-01-11,2021-12-20,"-22 day ahead inc hosp","quantile",0.025,122,"COVID-19"
"DE","00-04",2022-01-11,2021-12-20,"-22 day ahead inc hosp","quantile",0.1,123,"COVID-19"
"DE","00-04",2022-01-11,2021-12-20,"-22 day ahead inc hosp","quantile",0.25,124,"COVID-19"
"DE","00-04",2022-01-11,2021-12-20,"-22 day ahead inc hosp","quantile",0.5,125,"COVID-19"
"DE","00-04",2022-01-11,2021-12-20,"-22 day ahead inc hosp","quantile",0.75,127,"COVID-19"
"DE","00-04",2022-01-11,2021-12-20,"-22 day ahead inc hosp","quantile",0.9,130,"COVID-19"
"DE","00-04",2022-01-11,2021-12-20,"-22 day ahead inc hosp","quantile",0.975,132,"COVID-19"
"DE","00-04",2022-01-11,2021-12-19,"-23 day ahead inc hosp","mean",NA,137,"COVID-19"
"DE","00-04",2022-01-11,2021-12-19,"-23 day ahead inc hosp","quantile",0.025,133,"COVID-19"
"DE","00-04",2022-01-11,2021-12-19,"-23 day ahead inc hosp","quantile",0.1,134,"COVID-19"
"DE","00-04",2022-01-11,2021-12-19,"-23 day ahead inc hosp","quantile",0.25,135,"COVID-19"
"DE","00-04",2022-01-11,2021-12-19,"-23 day ahead inc hosp","quantile",0.5,137,"COVID-19"
"DE","00-04",2022-01-11,2021-12-19,"-23 day ahead inc hosp","quantile",0.75,139,"COVID-19"
"DE","00-04",2022-01-11,2021-12-19,"-23 day ahead inc hosp","quantile",0.9,141,"COVID-19"
"DE","00-04",2022-01-11,2021-12-19,"-23 day ahead inc hosp","quantile",0.975,144,"COVID-19"
"DE","00-04",2022-01-11,2021-12-18,"-24 day ahead inc hosp","mean",NA,139,"COVID-19"
"DE","00-04",2022-01-11,2021-12-18,"-24 day ahead inc hosp","quantile",0.025,135,"COVID-19"
"DE","00-04",2022-01-11,2021-12-18,"-24 day ahead inc hosp","quantile",0.1,136,"COVID-19"
"DE","00-04",2022-01-11,2021-12-18,"-24 day ahead inc hosp","quantile",0.25,137,"COVID-19"
"DE","00-04",2022-01-11,2021-12-18,"-24 day ahead inc hosp","quantile",0.5,138,"COVID-19"
"DE","00-04",2022-01-11,2021-12-18,"-24 day ahead inc hosp","quantile",0.75,141,"COVID-19"
"DE","00-04",2022-01-11,2021-12-18,"-24 day ahead inc hosp","quantile",0.9,143,"COVID-19"
"DE","00-04",2022-01-11,2021-12-18,"-24 day ahead inc hosp","quantile",0.975,146,"COVID-19"
"DE","00-04",2022-01-11,2021-12-17,"-25 day ahead inc hosp","mean",NA,150,"COVID-19"
"DE","00-04",2022-01-11,2021-12-17,"-25 day ahead inc hosp","quantile",0.025,146,"COVID-19"
"DE","00-04",2022-01-11,2021-12-17,"-25 day ahead inc hosp","quantile",0.1,147,"COVID-19"
"DE","00-04",2022-01-11,2021-12-17,"-25 day ahead inc hosp","quantile",0.25,148,"COVID-19"
"DE","00-04",2022-01-11,2021-12-17,"-25 day ahead inc hosp","quantile",0.5,150,"COVID-19"
"DE","00-04",2022-01-11,2021-12-17,"-25 day ahead inc hosp","quantile",0.75,152,"COVID-19"
"DE","00-04",2022-01-11,2021-12-17,"-25 day ahead inc hosp","quantile",0.9,154,"COVID-19"
"DE","00-04",2022-01-11,2021-12-17,"-25 day ahead inc hosp","quantile",0.975,158,"COVID-19"
"DE","00-04",2022-01-11,2021-12-16,"-26 day ahead inc hosp","mean",NA,148,"COVID-19"
"DE","00-04",2022-01-11,2021-12-16,"-26 day ahead inc hosp","quantile",0.025,144,"COVID-19"
"DE","00-04",2022-01-11,2021-12-16,"-26 day ahead inc hosp","quantile",0.1,145,"COVID-19"
"DE","00-04",2022-01-11,2021-12-16,"-26 day ahead inc hosp","quantile",0.25,146,"COVID-19"
"DE","00-04",2022-01-11,2021-12-16,"-26 day ahead inc hosp","quantile",0.5,147,"COVID-19"
"DE","00-04",2022-01-11,2021-12-16,"-26 day ahead inc hosp","quantile",0.75,149,"COVID-19"
"DE","00-04",2022-01-11,2021-12-16,"-26 day ahead inc hosp","quantile",0.9,152,"COVID-19"
"DE","00-04",2022-01-11,2021-12-16,"-26 day ahead inc hosp","quantile",0.975,155,"COVID-19"
"DE","00-04",2022-01-11,2021-12-15,"-27 day ahead inc hosp","mean",NA,152,"COVID-19"
"DE","00-04",2022-01-11,2021-12-15,"-27 day ahead inc hosp","quantile",0.025,148,"COVID-19"
"DE","00-04",2022-01-11,2021-12-15,"-27 day ahead inc hosp","quantile",0.1,149,"COVID-19"
"DE","00-04",2022-01-11,2021-12-15,"-27 day ahead inc hosp","quantile",0.25,150,"COVID-19"
"DE","00-04",2022-01-11,2021-12-15,"-27 day ahead inc hosp","quantile",0.5,151,"COVID-19"
"DE","00-04",2022-01-11,2021-12-15,"-27 day ahead inc hosp","quantile",0.75,153,"COVID-19"
"DE","00-04",2022-01-11,2021-12-15,"-27 day ahead inc hosp","quantile",0.9,155,"COVID-19"
"DE","00-04",2022-01-11,2021-12-15,"-27 day ahead inc hosp","quantile",0.975,158,"COVID-19"
"DE","00-04",2022-01-11,2021-12-14,"-28 day ahead inc hosp","mean",NA,145,"COVID-19"
"DE","00-04",2022-01-11,2021-12-14,"-28 day ahead inc hosp","quantile",0.025,142,"COVID-19"
"DE","00-04",2022-01-11,2021-12-14,"-28 day ahead inc hosp","quantile",0.1,142,"COVID-19"
"DE","00-04",2022-01-11,2021-12-14,"-28 day ahead inc hosp","quantile",0.25,143,"COVID-19"
"DE","00-04",2022-01-11,2021-12-14,"-28 day ahead inc hosp","quantile",0.5,145,"COVID-19"
"DE","00-04",2022-01-11,2021-12-14,"-28 day ahead inc hosp","quantile",0.75,146,"COVID-19"
"DE","00-04",2022-01-11,2021-12-14,"-28 day ahead inc hosp","quantile",0.9,148,"COVID-19"
"DE","00-04",2022-01-11,2021-12-14,"-28 day ahead inc hosp","quantile",0.975,151,"COVID-19"
"DE","05-14",2022-01-11,2022-01-11,"0 day ahead inc hosp","mean",NA,112,"COVID-19"
"DE","05-14",2022-01-11,2022-01-11,"0 day ahead inc hosp","quantile",0.025,80,"COVID-19"
"DE","05-14",2022-01-11,2022-01-11,"0 day ahead inc hosp","quantile",0.1,88,"COVID-19"
"DE","05-14",2022-01-11,2022-01-11,"0 day ahead inc hosp","quantile",0.25,97,"COVID-19"
"DE","05-14",2022-01-11,2022-01-11,"0 day ahead inc hosp","quantile",0.5,109,"COVID-19"
"DE","05-14",2022-01-11,2022-01-11,"0 day ahead inc hosp","quantile",0.75,124,"COVID-19"
"DE","05-14",2022-01-11,2022-01-11,"0 day ahead inc hosp","quantile",0.9,140,"COVID-19"
"DE","05-14",2022-01-11,2022-01-11,"0 day ahead inc hosp","quantile",0.975,160,"COVID-19"
"DE","05-14",2022-01-11,2022-01-10,"-1 day ahead inc hosp","mean",NA,114,"COVID-19"
"DE","05-14",2022-01-11,2022-01-10,"-1 day ahead inc hosp","quantile",0.025,87,"COVID-19"
"DE","05-14",2022-01-11,2022-01-10,"-1 day ahead inc hosp","quantile",0.1,93,"COVID-19"
"DE","05-14",2022-01-11,2022-01-10,"-1 day ahead inc hosp","quantile",0.25,101,"COVID-19"
"DE","05-14",2022-01-11,2022-01-10,"-1 day ahead inc hosp","quantile",0.5,111,"COVID-19"
"DE","05-14",2022-01-11,2022-01-10,"-1 day ahead inc hosp","quantile",0.75,124,"COVID-19"
"DE","05-14",2022-01-11,2022-01-10,"-1 day ahead inc hosp","quantile",0.9,138,"COVID-19"
"DE","05-14",2022-01-11,2022-01-10,"-1 day ahead inc hosp","quantile",0.975,155,"COVID-19"
"DE","05-14",2022-01-11,2022-01-09,"-2 day ahead inc hosp","mean",NA,108,"COVID-19"
"DE","05-14",2022-01-11,2022-01-09,"-2 day ahead inc hosp","quantile",0.025,85,"COVID-19"
"DE","05-14",2022-01-11,2022-01-09,"-2 day ahead inc hosp","quantile",0.1,90,"COVID-19"
"DE","05-14",2022-01-11,2022-01-09,"-2 day ahead inc hosp","quantile",0.25,97,"COVID-19"
"DE","05-14",2022-01-11,2022-01-09,"-2 day ahead inc hosp","quantile",0.5,106,"COVID-19"
"DE","05-14",2022-01-11,2022-01-09,"-2 day ahead inc hosp","quantile",0.75,117,"COVID-19"
"DE","05-14",2022-01-11,2022-01-09,"-2 day ahead inc hosp","quantile",0.9,128,"COVID-19"
"DE","05-14",2022-01-11,2022-01-09,"-2 day ahead inc hosp","quantile",0.975,142,"COVID-19"
"DE","05-14",2022-01-11,2022-01-08,"-3 day ahead inc hosp","mean",NA,93,"COVID-19"
"DE","05-14",2022-01-11,2022-01-08,"-3 day ahead inc hosp","quantile",0.025,74,"COVID-19"
"DE","05-14",2022-01-11,2022-01-08,"-3 day ahead inc hosp","quantile",0.1,79,"COVID-19"
"DE","05-14",2022-01-11,2022-01-08,"-3 day ahead inc hosp","quantile",0.25,85,"COVID-19"
"DE","05-14",2022-01-11,2022-01-08,"-3 day ahead inc hosp","quantile",0.5,92,"COVID-19"
"DE","05-14",2022-01-11,2022-01-08,"-3 day ahead inc hosp","quantile",0.75,100,"COVID-19"
"DE","05-14",2022-01-11,2022-01-08,"-3 day ahead inc hosp","quantile",0.9,109,"COVID-19"
"DE","05-14",2022-01-11,2022-01-08,"-3 day ahead inc hosp","quantile",0.975,120,"COVID-19"
"DE","05-14",2022-01-11,2022-01-07,"-4 day ahead inc hosp","mean",NA,81,"COVID-19"
"DE","05-14",2022-01-11,2022-01-07,"-4 day ahead inc hosp","quantile",0.025,66,"COVID-19"
"DE","05-14",2022-01-11,2022-01-07,"-4 day ahead inc hosp","quantile",0.1,70,"COVID-19"
"DE","05-14",2022-01-11,2022-01-07,"-4 day ahead inc hosp","quantile",0.25,74,"COVID-19"
"DE","05-14",2022-01-11,2022-01-07,"-4 day ahead inc hosp","quantile",0.5,80,"COVID-19"
"DE","05-14",2022-01-11,2022-01-07,"-4 day ahead inc hosp","quantile",0.75,86,"COVID-19"
"DE","05-14",2022-01-11,2022-01-07,"-4 day ahead inc hosp","quantile",0.9,93,"COVID-19"
"DE","05-14",2022-01-11,2022-01-07,"-4 day ahead inc hosp","quantile",0.975,102,"COVID-19"
"DE","05-14",2022-01-11,2022-01-06,"-5 day ahead inc hosp","mean",NA,72,"COVID-19"
"DE","05-14",2022-01-11,2022-01-06,"-5 day ahead inc hosp","quantile",0.025,60,"COVID-19"
"DE","05-14",2022-01-11,2022-01-06,"-5 day ahead inc hosp","quantile",0.1,63,"COVID-19"
"DE","05-14",2022-01-11,2022-01-06,"-5 day ahead inc hosp","quantile",0.25,67,"COVID-19"
"DE","05-14",2022-01-11,2022-01-06,"-5 day ahead inc hosp","quantile",0.5,71,"COVID-19"
"DE","05-14",2022-01-11,2022-01-06,"-5 day ahead inc hosp","quantile",0.75,77,"COVID-19"
"DE","05-14",2022-01-11,2022-01-06,"-5 day ahead inc hosp","quantile",0.9,82,"COVID-19"
"DE","05-14",2022-01-11,2022-01-06,"-5 day ahead inc hosp","quantile",0.975,90,"COVID-19"
"DE","05-14",2022-01-11,2022-01-05,"-6 day ahead inc hosp","mean",NA,78,"COVID-19"
"DE","05-14",2022-01-11,2022-01-05,"-6 day ahead inc hosp","quantile",0.025,66,"COVID-19"
"DE","05-14",2022-01-11,2022-01-05,"-6 day ahead inc hosp","quantile",0.1,69,"COVID-19"
"DE","05-14",2022-01-11,2022-01-05,"-6 day ahead inc hosp","quantile",0.25,72,"COVID-19"
"DE","05-14",2022-01-11,2022-01-05,"-6 day ahead inc hosp","quantile",0.5,77,"COVID-19"
"DE","05-14",2022-01-11,2022-01-05,"-6 day ahead inc hosp","quantile",0.75,82,"COVID-19"
"DE","05-14",2022-01-11,2022-01-05,"-6 day ahead inc hosp","quantile",0.9,88,"COVID-19"
"DE","05-14",2022-01-11,2022-01-05,"-6 day ahead inc hosp","quantile",0.975,95,"COVID-19"
"DE","05-14",2022-01-11,2022-01-04,"-7 day ahead inc hosp","mean",NA,83,"COVID-19"
"DE","05-14",2022-01-11,2022-01-04,"-7 day ahead inc hosp","quantile",0.025,71,"COVID-19"
"DE","05-14",2022-01-11,2022-01-04,"-7 day ahead inc hosp","quantile",0.1,74,"COVID-19"
"DE","05-14",2022-01-11,2022-01-04,"-7 day ahead inc hosp","quantile",0.25,78,"COVID-19"
"DE","05-14",2022-01-11,2022-01-04,"-7 day ahead inc hosp","quantile",0.5,82,"COVID-19"
"DE","05-14",2022-01-11,2022-01-04,"-7 day ahead inc hosp","quantile",0.75,88,"COVID-19"
"DE","05-14",2022-01-11,2022-01-04,"-7 day ahead inc hosp","quantile",0.9,94,"COVID-19"
"DE","05-14",2022-01-11,2022-01-04,"-7 day ahead inc hosp","quantile",0.975,102,"COVID-19"
"DE","05-14",2022-01-11,2022-01-03,"-8 day ahead inc hosp","mean",NA,74,"COVID-19"
"DE","05-14",2022-01-11,2022-01-03,"-8 day ahead inc hosp","quantile",0.025,64,"COVID-19"
"DE","05-14",2022-01-11,2022-01-03,"-8 day ahead inc hosp","quantile",0.1,67,"COVID-19"
"DE","05-14",2022-01-11,2022-01-03,"-8 day ahead inc hosp","quantile",0.25,69,"COVID-19"
"DE","05-14",2022-01-11,2022-01-03,"-8 day ahead inc hosp","quantile",0.5,73,"COVID-19"
"DE","05-14",2022-01-11,2022-01-03,"-8 day ahead inc hosp","quantile",0.75,78,"COVID-19"
"DE","05-14",2022-01-11,2022-01-03,"-8 day ahead inc hosp","quantile",0.9,83,"COVID-19"
"DE","05-14",2022-01-11,2022-01-03,"-8 day ahead inc hosp","quantile",0.975,90,"COVID-19"
"DE","05-14",2022-01-11,2022-01-02,"-9 day ahead inc hosp","mean",NA,73,"COVID-19"
"DE","05-14",2022-01-11,2022-01-02,"-9 day ahead inc hosp","quantile",0.025,64,"COVID-19"
"DE","05-14",2022-01-11,2022-01-02,"-9 day ahead inc hosp","quantile",0.1,66,"COVID-19"
"DE","05-14",2022-01-11,2022-01-02,"-9 day ahead inc hosp","quantile",0.25,69,"COVID-19"
"DE","05-14",2022-01-11,2022-01-02,"-9 day ahead inc hosp","quantile",0.5,73,"COVID-19"
"DE","05-14",2022-01-11,2022-01-02,"-9 day ahead inc hosp","quantile",0.75,77,"COVID-19"
"DE","05-14",2022-01-11,2022-01-02,"-9 day ahead inc hosp","quantile",0.9,82,"COVID-19"
"DE","05-14",2022-01-11,2022-01-02,"-9 day ahead inc hosp","quantile",0.975,88,"COVID-19"
"DE","05-14",2022-01-11,2022-01-01,"-10 day ahead inc hosp","mean",NA,80,"COVID-19"
"DE","05-14",2022-01-11,2022-01-01,"-10 day ahead inc hosp","quantile",0.025,70,"COVID-19"
"DE","05-14",2022-01-11,2022-01-01,"-10 day ahead inc hosp","quantile",0.1,73,"COVID-19"
"DE","05-14",2022-01-11,2022-01-01,"-10 day ahead inc hosp","quantile",0.25,75,"COVID-19"
"DE","05-14",2022-01-11,2022-01-01,"-10 day ahead inc hosp","quantile",0.5,79,"COVID-19"
"DE","05-14",2022-01-11,2022-01-01,"-10 day ahead inc hosp","quantile",0.75,84,"COVID-19"
"DE","05-14",2022-01-11,2022-01-01,"-10 day ahead inc hosp","quantile",0.9,89,"COVID-19"
"DE","05-14",2022-01-11,2022-01-01,"-10 day ahead inc hosp","quantile",0.975,95,"COVID-19"
"DE","05-14",2022-01-11,2021-12-31,"-11 day ahead inc hosp","mean",NA,80,"COVID-19"
"DE","05-14",2022-01-11,2021-12-31,"-11 day ahead inc hosp","quantile",0.025,71,"COVID-19"
"DE","05-14",2022-01-11,2021-12-31,"-11 day ahead inc hosp","quantile",0.1,73,"COVID-19"
"DE","05-14",2022-01-11,2021-12-31,"-11 day ahead inc hosp","quantile",0.25,76,"COVID-19"
"DE","05-14",2022-01-11,2021-12-31,"-11 day ahead inc hosp","quantile",0.5,80,"COVID-19"
"DE","05-14",2022-01-11,2021-12-31,"-11 day ahead inc hosp","quantile",0.75,84,"COVID-19"
"DE","05-14",2022-01-11,2021-12-31,"-11 day ahead inc hosp","quantile",0.9,88,"COVID-19"
"DE","05-14",2022-01-11,2021-12-31,"-11 day ahead inc hosp","quantile",0.975,94,"COVID-19"
"DE","05-14",2022-01-11,2021-12-30,"-12 day ahead inc hosp","mean",NA,85,"COVID-19"
"DE","05-14",2022-01-11,2021-12-30,"-12 day ahead inc hosp","quantile",0.025,76,"COVID-19"
"DE","05-14",2022-01-11,2021-12-30,"-12 day ahead inc hosp","quantile",0.1,78,"COVID-19"
"DE","05-14",2022-01-11,2021-12-30,"-12 day ahead inc hosp","quantile",0.25,81,"COVID-19"
"DE","05-14",2022-01-11,2021-12-30,"-12 day ahead inc hosp","quantile",0.5,84,"COVID-19"
"DE","05-14",2022-01-11,2021-12-30,"-12 day ahead inc hosp","quantile",0.75,88,"COVID-19"
"DE","05-14",2022-01-11,2021-12-30,"-12 day ahead inc hosp","quantile",0.9,92,"COVID-19"
"DE","05-14",2022-01-11,2021-12-30,"-12 day ahead inc hosp","quantile",0.975,97,"COVID-19"
"DE","05-14",2022-01-11,2021-12-29,"-13 day ahead inc hosp","mean",NA,94,"COVID-19"
"DE","05-14",2022-01-11,2021-12-29,"-13 day ahead inc hosp","quantile",0.025,86,"COVID-19"
"DE","05-14",2022-01-11,2021-12-29,"-13 day ahead inc hosp","quantile",0.1,88,"COVID-19"
"DE","05-14",2022-01-11,2021-12-29,"-13 day ahead inc hosp","quantile",0.25,90,"COVID-19"
"DE","05-14",2022-01-11,2021-12-29,"-13 day ahead inc hosp","quantile",0.5,93,"COVID-19"
"DE","05-14",2022-01-11,2021-12-29,"-13 day ahead inc hosp","quantile",0.75,97,"COVID-19"
"DE","05-14",2022-01-11,2021-12-29,"-13 day ahead inc hosp","quantile",0.9,101,"COVID-19"
"DE","05-14",2022-01-11,2021-12-29,"-13 day ahead inc hosp","quantile",0.975,106,"COVID-19"
"DE","05-14",2022-01-11,2021-12-28,"-14 day ahead inc hosp","mean",NA,101,"COVID-19"
"DE","05-14",2022-01-11,2021-12-28,"-14 day ahead inc hosp","quantile",0.025,94,"COVID-19"
"DE","05-14",2022-01-11,2021-12-28,"-14 day ahead inc hosp","quantile",0.1,96,"COVID-19"
"DE","05-14",2022-01-11,2021-12-28,"-14 day ahead inc hosp","quantile",0.25,98,"COVID-19"
"DE","05-14",2022-01-11,2021-12-28,"-14 day ahead inc hosp","quantile",0.5,101,"COVID-19"
"DE","05-14",2022-01-11,2021-12-28,"-14 day ahead inc hosp","quantile",0.75,104,"COVID-19"
"DE","05-14",2022-01-11,2021-12-28,"-14 day ahead inc hosp","quantile",0.9,108,"COVID-19"
"DE","05-14",2022-01-11,2021-12-28,"-14 day ahead inc hosp","quantile",0.975,112,"COVID-19"
"DE","05-14",2022-01-11,2021-12-27,"-15 day ahead inc hosp","mean",NA,115,"COVID-19"
"DE","05-14",2022-01-11,2021-12-27,"-15 day ahead inc hosp","quantile",0.025,107,"COVID-19"
"DE","05-14",2022-01-11,2021-12-27,"-15 day ahead inc hosp","quantile",0.1,109,"COVID-19"
"DE","05-14",2022-01-11,2021-12-27,"-15 day ahead inc hosp","quantile",0.25,111,"COVID-19"
"DE","05-14",2022-01-11,2021-12-27,"-15 day ahead inc hosp","quantile",0.5,114,"COVID-19"
"DE","05-14",2022-01-11,2021-12-27,"-15 day ahead inc hosp","quantile",0.75,117,"COVID-19"
"DE","05-14",2022-01-11,2021-12-27,"-15 day ahead inc hosp","quantile",0.9,121,"COVID-19"
"DE","05-14",2022-01-11,2021-12-27,"-15 day ahead inc hosp","quantile",0.975,126,"COVID-19"
"DE","05-14",2022-01-11,2021-12-26,"-16 day ahead inc hosp","mean",NA,118,"COVID-19"
"DE","05-14",2022-01-11,2021-12-26,"-16 day ahead inc hosp","quantile",0.025,111,"COVID-19"
"DE","05-14",2022-01-11,2021-12-26,"-16 day ahead inc hosp","quantile",0.1,113,"COVID-19"
"DE","05-14",2022-01-11,2021-12-26,"-16 day ahead inc hosp","quantile",0.25,115,"COVID-19"
"DE","05-14",2022-01-11,2021-12-26,"-16 day ahead inc hosp","quantile",0.5,118,"COVID-19"
"DE","05-14",2022-01-11,2021-12-26,"-16 day ahead inc hosp","quantile",0.75,121,"COVID-19"
"DE","05-14",2022-01-11,2021-12-26,"-16 day ahead inc hosp","quantile",0.9,125,"COVID-19"
"DE","05-14",2022-01-11,2021-12-26,"-16 day ahead inc hosp","quantile",0.975,129,"COVID-19"
"DE","05-14",2022-01-11,2021-12-25,"-17 day ahead inc hosp","mean",NA,124,"COVID-19"
"DE","05-14",2022-01-11,2021-12-25,"-17 day ahead inc hosp","quantile",0.025,117,"COVID-19"
"DE","05-14",2022-01-11,2021-12-25,"-17 day ahead inc hosp","quantile",0.1,119,"COVID-19"
"DE","05-14",2022-01-11,2021-12-25,"-17 day ahead inc hosp","quantile",0.25,121,"COVID-19"
"DE","05-14",2022-01-11,2021-12-25,"-17 day ahead inc hosp","quantile",0.5,124,"COVID-19"
"DE","05-14",2022-01-11,2021-12-25,"-17 day ahead inc hosp","quantile",0.75,127,"COVID-19"
"DE","05-14",2022-01-11,2021-12-25,"-17 day ahead inc hosp","quantile",0.9,130,"COVID-19"
"DE","05-14",2022-01-11,2021-12-25,"-17 day ahead inc hosp","quantile",0.975,134,"COVID-19"
"DE","05-14",2022-01-11,2021-12-24,"-18 day ahead inc hosp","mean",NA,143,"COVID-19"
"DE","05-14",2022-01-11,2021-12-24,"-18 day ahead inc hosp","quantile",0.025,135,"COVID-19"
"DE","05-14",2022-01-11,2021-12-24,"-18 day ahead inc hosp","quantile",0.1,137,"COVID-19"
"DE","05-14",2022-01-11,2021-12-24,"-18 day ahead inc hosp","quantile",0.25,140,"COVID-19"
"DE","05-14",2022-01-11,2021-12-24,"-18 day ahead inc hosp","quantile",0.5,142,"COVID-19"
"DE","05-14",2022-01-11,2021-12-24,"-18 day ahead inc hosp","quantile",0.75,146,"COVID-19"
"DE","05-14",2022-01-11,2021-12-24,"-18 day ahead inc hosp","quantile",0.9,149,"COVID-19"
"DE","05-14",2022-01-11,2021-12-24,"-18 day ahead inc hosp","quantile",0.975,153,"COVID-19"
"DE","05-14",2022-01-11,2021-12-23,"-19 day ahead inc hosp","mean",NA,149,"COVID-19"
"DE","05-14",2022-01-11,2021-12-23,"-19 day ahead inc hosp","quantile",0.025,143,"COVID-19"
"DE","05-14",2022-01-11,2021-12-23,"-19 day ahead inc hosp","quantile",0.1,144,"COVID-19"
"DE","05-14",2022-01-11,2021-12-23,"-19 day ahead inc hosp","quantile",0.25,146,"COVID-19"
"DE","05-14",2022-01-11,2021-12-23,"-19 day ahead inc hosp","quantile",0.5,149,"COVID-19"
"DE","05-14",2022-01-11,2021-12-23,"-19 day ahead inc hosp","quantile",0.75,152,"COVID-19"
"DE","05-14",2022-01-11,2021-12-23,"-19 day ahead inc hosp","quantile",0.9,155,"COVID-19"
"DE","05-14",2022-01-11,2021-12-23,"-19 day ahead inc hosp","quantile",0.975,158,"COVID-19"
"DE","05-14",2022-01-11,2021-12-22,"-20 day ahead inc hosp","mean",NA,150,"COVID-19"
"DE","05-14",2022-01-11,2021-12-22,"-20 day ahead inc hosp","quantile",0.025,144,"COVID-19"
"DE","05-14",2022-01-11,2021-12-22,"-20 day ahead inc hosp","quantile",0.1,146,"COVID-19"
"DE","05-14",2022-01-11,2021-12-22,"-20 day ahead inc hosp","quantile",0.25,148,"COVID-19"
"DE","05-14",2022-01-11,2021-12-22,"-20 day ahead inc hosp","quantile",0.5,150,"COVID-19"
"DE","05-14",2022-01-11,2021-12-22,"-20 day ahead inc hosp","quantile",0.75,153,"COVID-19"
"DE","05-14",2022-01-11,2021-12-22,"-20 day ahead inc hosp","quantile",0.9,155,"COVID-19"
"DE","05-14",2022-01-11,2021-12-22,"-20 day ahead inc hosp","quantile",0.975,158,"COVID-19"
"DE","05-14",2022-01-11,2021-12-21,"-21 day ahead inc hosp","mean",NA,166,"COVID-19"
"DE","05-14",2022-01-11,2021-12-21,"-21 day ahead inc hosp","quantile",0.025,161,"COVID-19"
"DE","05-14",2022-01-11,2021-12-21,"-21 day ahead inc hosp","quantile",0.1,162,"COVID-19"
"DE","05-14",2022-01-11,2021-12-21,"-21 day ahead inc hosp","quantile",0.25,164,"COVID-19"
"DE","05-14",2022-01-11,2021-12-21,"-21 day ahead inc hosp","quantile",0.5,166,"COVID-19"
"DE","05-14",2022-01-11,2021-12-21,"-21 day ahead inc hosp","quantile",0.75,168,"COVID-19"
"DE","05-14",2022-01-11,2021-12-21,"-21 day ahead inc hosp","quantile",0.9,170,"COVID-19"
"DE","05-14",2022-01-11,2021-12-21,"-21 day ahead inc hosp","quantile",0.975,173,"COVID-19"
"DE","05-14",2022-01-11,2021-12-20,"-22 day ahead inc hosp","mean",NA,156,"COVID-19"
"DE","05-14",2022-01-11,2021-12-20,"-22 day ahead inc hosp","quantile",0.025,151,"COVID-19"
"DE","05-14",2022-01-11,2021-12-20,"-22 day ahead inc hosp","quantile",0.1,152,"COVID-19"
"DE","05-14",2022-01-11,2021-12-20,"-22 day ahead inc hosp","quantile",0.25,154,"COVID-19"
"DE","05-14",2022-01-11,2021-12-20,"-22 day ahead inc hosp","quantile",0.5,156,"COVID-19"
"DE","05-14",2022-01-11,2021-12-20,"-22 day ahead inc hosp","quantile",0.75,158,"COVID-19"
"DE","05-14",2022-01-11,2021-12-20,"-22 day ahead inc hosp","quantile",0.9,160,"COVID-19"
"DE","05-14",2022-01-11,2021-12-20,"-22 day ahead inc hosp","quantile",0.975,162,"COVID-19"
"DE","05-14",2022-01-11,2021-12-19,"-23 day ahead inc hosp","mean",NA,152,"COVID-19"
"DE","05-14",2022-01-11,2021-12-19,"-23 day ahead inc hosp","quantile",0.025,148,"COVID-19"
"DE","05-14",2022-01-11,2021-12-19,"-23 day ahead inc hosp","quantile",0.1,149,"COVID-19"
"DE","05-14",2022-01-11,2021-12-19,"-23 day ahead inc hosp","quantile",0.25,151,"COVID-19"
"DE","05-14",2022-01-11,2021-12-19,"-23 day ahead inc hosp","quantile",0.5,152,"COVID-19"
"DE","05-14",2022-01-11,2021-12-19,"-23 day ahead inc hosp","quantile",0.75,154,"COVID-19"
"DE","05-14",2022-01-11,2021-12-19,"-23 day ahead inc hosp","quantile",0.9,156,"COVID-19"
"DE","05-14",2022-01-11,2021-12-19,"-23 day ahead inc hosp","quantile",0.975,158,"COVID-19"
"DE","05-14",2022-01-11,2021-12-18,"-24 day ahead inc hosp","mean",NA,169,"COVID-19"
"DE","05-14",2022-01-11,2021-12-18,"-24 day ahead inc hosp","quantile",0.025,164,"COVID-19"
"DE","05-14",2022-01-11,2021-12-18,"-24 day ahead inc hosp","quantile",0.1,165,"COVID-19"
"DE","05-14",2022-01-11,2021-12-18,"-24 day ahead inc hosp","quantile",0.25,167,"COVID-19"
"DE","05-14",2022-01-11,2021-12-18,"-24 day ahead inc hosp","quantile",0.5,169,"COVID-19"
"DE","05-14",2022-01-11,2021-12-18,"-24 day ahead inc hosp","quantile",0.75,171,"COVID-19"
"DE","05-14",2022-01-11,2021-12-18,"-24 day ahead inc hosp","quantile",0.9,173,"COVID-19"
"DE","05-14",2022-01-11,2021-12-18,"-24 day ahead inc hosp","quantile",0.975,175,"COVID-19"
"DE","05-14",2022-01-11,2021-12-17,"-25 day ahead inc hosp","mean",NA,172,"COVID-19"
"DE","05-14",2022-01-11,2021-12-17,"-25 day ahead inc hosp","quantile",0.025,167,"COVID-19"
"DE","05-14",2022-01-11,2021-12-17,"-25 day ahead inc hosp","quantile",0.1,168,"COVID-19"
"DE","05-14",2022-01-11,2021-12-17,"-25 day ahead inc hosp","quantile",0.25,170,"COVID-19"
"DE","05-14",2022-01-11,2021-12-17,"-25 day ahead inc hosp","quantile",0.5,172,"COVID-19"
"DE","05-14",2022-01-11,2021-12-17,"-25 day ahead inc hosp","quantile",0.75,174,"COVID-19"
"DE","05-14",2022-01-11,2021-12-17,"-25 day ahead inc hosp","quantile",0.9,176,"COVID-19"
"DE","05-14",2022-01-11,2021-12-17,"-25 day ahead inc hosp","quantile",0.975,179,"COVID-19"
"DE","05-14",2022-01-11,2021-12-16,"-26 day ahead inc hosp","mean",NA,186,"COVID-19"
"DE","05-14",2022-01-11,2021-12-16,"-26 day ahead inc hosp","quantile",0.025,180,"COVID-19"
"DE","05-14",2022-01-11,2021-12-16,"-26 day ahead inc hosp","quantile",0.1,182,"COVID-19"
"DE","05-14",2022-01-11,2021-12-16,"-26 day ahead inc hosp","quantile",0.25,183,"COVID-19"
"DE","05-14",2022-01-11,2021-12-16,"-26 day ahead inc hosp","quantile",0.5,186,"COVID-19"
"DE","05-14",2022-01-11,2021-12-16,"-26 day ahead inc hosp","quantile",0.75,188,"COVID-19"
"DE","05-14",2022-01-11,2021-12-16,"-26 day ahead inc hosp","quantile",0.9,191,"COVID-19"
"DE","05-14",2022-01-11,2021-12-16,"-26 day ahead inc hosp","quantile",0.975,194,"COVID-19"
"DE","05-14",2022-01-11,2021-12-15,"-27 day ahead inc hosp","mean",NA,182,"COVID-19"
"DE","05-14",2022-01-11,2021-12-15,"-27 day ahead inc hosp","quantile",0.025,177,"COVID-19"
"DE","05-14",2022-01-11,2021-12-15,"-27 day ahead inc hosp","quantile",0.1,178,"COVID-19"
"DE","05-14",2022-01-11,2021-12-15,"-27 day ahead inc hosp","quantile",0.25,180,"COVID-19"
"DE","05-14",2022-01-11,2021-12-15,"-27 day ahead inc hosp","quantile",0.5,182,"COVID-19"
"DE","05-14",2022-01-11,2021-12-15,"-27 day ahead inc hosp","quantile",0.75,184,"COVID-19"
"DE","05-14",2022-01-11,2021-12-15,"-27 day ahead inc hosp","quantile",0.9,187,"COVID-19"
"DE","05-14",2022-01-11,2021-12-15,"-27 day ahead inc hosp","quantile",0.975,191,"COVID-19"
"DE","05-14",2022-01-11,2021-12-14,"-28 day ahead inc hosp","mean",NA,166,"COVID-19"
"DE","05-14",2022-01-11,2021-12-14,"-28 day ahead inc hosp","quantile",0.025,161,"COVID-19"
"DE","05-14",2022-01-11,2021-12-14,"-28 day ahead inc hosp","quantile",0.1,162,"COVID-19"
"DE","05-14",2022-01-11,2021-12-14,"-28 day ahead inc hosp","quantile",0.25,164,"COVID-19"
"DE","05-14",2022-01-11,2021-12-14,"-28 day ahead inc hosp","quantile",0.5,166,"COVID-19"
"DE","05-14",2022-01-11,2021-12-14,"-28 day ahead inc hosp","quantile",0.75,168,"COVID-19"
"DE","05-14",2022-01-11,2021-12-14,"-28 day ahead inc hosp","quantile",0.9,171,"COVID-19"
"DE","05-14",2022-01-11,2021-12-14,"-28 day ahead inc hosp","quantile",0.975,174,"COVID-19"
"DE","15-34",2022-01-11,2022-01-11,"0 day ahead inc hosp","mean",NA,1045,"COVID-19"
"DE","15-34",2022-01-11,2022-01-11,"0 day ahead inc hosp","quantile",0.025,780,"COVID-19"
"DE","15-34",2022-01-11,2022-01-11,"0 day ahead inc hosp","quantile",0.1,852,"COVID-19"
"DE","15-34",2022-01-11,2022-01-11,"0 day ahead inc hosp","quantile",0.25,928,"COVID-19"
"DE","15-34",2022-01-11,2022-01-11,"0 day ahead inc hosp","quantile",0.5,1027,"COVID-19"
"DE","15-34",2022-01-11,2022-01-11,"0 day ahead inc hosp","quantile",0.75,1143,"COVID-19"
"DE","15-34",2022-01-11,2022-01-11,"0 day ahead inc hosp","quantile",0.9,1262,"COVID-19"
"DE","15-34",2022-01-11,2022-01-11,"0 day ahead inc hosp","quantile",0.975,1412,"COVID-19"
"DE","15-34",2022-01-11,2022-01-10,"-1 day ahead inc hosp","mean",NA,1021,"COVID-19"
"DE","15-34",2022-01-11,2022-01-10,"-1 day ahead inc hosp","quantile",0.025,804,"COVID-19"
"DE","15-34",2022-01-11,2022-01-10,"-1 day ahead inc hosp","quantile",0.1,862,"COVID-19"
"DE","15-34",2022-01-11,2022-01-10,"-1 day ahead inc hosp","quantile",0.25,925,"COVID-19"
"DE","15-34",2022-01-11,2022-01-10,"-1 day ahead inc hosp","quantile",0.5,1006,"COVID-19"
"DE","15-34",2022-01-11,2022-01-10,"-1 day ahead inc hosp","quantile",0.75,1101,"COVID-19"
"DE","15-34",2022-01-11,2022-01-10,"-1 day ahead inc hosp","quantile",0.9,1199,"COVID-19"
"DE","15-34",2022-01-11,2022-01-10,"-1 day ahead inc hosp","quantile",0.975,1323,"COVID-19"
"DE","15-34",2022-01-11,2022-01-09,"-2 day ahead inc hosp","mean",NA,1005,"COVID-19"
"DE","15-34",2022-01-11,2022-01-09,"-2 day ahead inc hosp","quantile",0.025,804,"COVID-19"
"DE","15-34",2022-01-11,2022-01-09,"-2 day ahead inc hosp","quantile",0.1,858,"COVID-19"
"DE","15-34",2022-01-11,2022-01-09,"-2 day ahead inc hosp","quantile",0.25,916,"COVID-19"
"DE","15-34",2022-01-11,2022-01-09,"-2 day ahead inc hosp","quantile",0.5,991,"COVID-19"
"DE","15-34",2022-01-11,2022-01-09,"-2 day ahead inc hosp","quantile",0.75,1080,"COVID-19"
"DE","15-34",2022-01-11,2022-01-09,"-2 day ahead inc hosp","quantile",0.9,1171,"COVID-19"
"DE","15-34",2022-01-11,2022-01-09,"-2 day ahead inc hosp","quantile",0.975,1286,"COVID-19"
"DE","15-34",2022-01-11,2022-01-08,"-3 day ahead inc hosp","mean",NA,968,"COVID-19"
"DE","15-34",2022-01-11,2022-01-08,"-3 day ahead inc hosp","quantile",0.025,789,"COVID-19"
"DE","15-34",2022-01-11,2022-01-08,"-3 day ahead inc hosp","quantile",0.1,837,"COVID-19"
"DE","15-34",2022-01-11,2022-01-08,"-3 day ahead inc hosp","quantile",0.25,888,"COVID-19"
"DE","15-34",2022-01-11,2022-01-08,"-3 day ahead inc hosp","quantile",0.5,955,"COVID-19"
"DE","15-34",2022-01-11,2022-01-08,"-3 day ahead inc hosp","quantile",0.75,1034,"COVID-19"
"DE","15-34",2022-01-11,2022-01-08,"-3 day ahead inc hosp","quantile",0.9,1115,"COVID-19"
"DE","15-34",2022-01-11,2022-01-08,"-3 day ahead inc hosp","quantile",0.975,1217,"COVID-19"
"DE","15-34",2022-01-11,2022-01-07,"-4 day ahead inc hosp","mean",NA,864,"COVID-19"
"DE","15-34",2022-01-11,2022-01-07,"-4 day ahead inc hosp","quantile",0.025,723,"COVID-19"
"DE","15-34",2022-01-11,2022-01-07,"-4 day ahead inc hosp","quantile",0.1,761,"COVID-19"
"DE","15-34",2022-01-11,2022-01-07,"-4 day ahead inc hosp","quantile",0.25,802,"COVID-19"
"DE","15-34",2022-01-11,2022-01-07,"-4 day ahead inc hosp","quantile",0.5,855,"COVID-19"
"DE","15-34",2022-01-11,2022-01-07,"-4 day ahead inc hosp","quantile",0.75,917,"COVID-19"
"DE","15-34",2022-01-11,2022-01-07,"-4 day ahead inc hosp","quantile",0.9,980,"COVID-19"
"DE","15-34",2022-01-11,2022-01-07,"-4 day ahead inc hosp","quantile",0.975,1061,"COVID-19"
"DE","15-34",2022-01-11,2022-01-06,"-5 day ahead inc hosp","mean",NA,836,"COVID-19"
"DE","15-34",2022-01-11,2022-01-06,"-5 day ahead inc hosp","quantile",0.025,720,"COVID-19"
"DE","15-34",2022-01-11,2022-01-06,"-5 day ahead inc hosp","quantile",0.1,752,"COVID-19"
"DE","15-34",2022-01-11,2022-01-06,"-5 day ahead inc hosp","quantile",0.25,785,"COVID-19"
"DE","15-34",2022-01-11,2022-01-06,"-5 day ahead inc hosp","quantile",0.5,828,"COVID-19"
"DE","15-34",2022-01-11,2022-01-06,"-5 day ahead inc hosp","quantile",0.75,878,"COVID-19"
"DE","15-34",2022-01-11,2022-01-06,"-5 day ahead inc hosp","quantile",0.9,929,"COVID-19"
"DE","15-34",2022-01-11,2022-01-06,"-5 day ahead inc hosp","quantile",0.975,993,"COVID-19"
"DE","15-34",2022-01-11,2022-01-05,"-6 day ahead inc hosp","mean",NA,783,"COVID-19"
"DE","15-34",2022-01-11,2022-01-05,"-6 day ahead inc hosp","quantile",0.025,694,"COVID-19"
"DE","15-34",2022-01-11,2022-01-05,"-6 day ahead inc hosp","quantile",0.1,718,"COVID-19"
"DE","15-34",2022-01-11,2022-01-05,"-6 day ahead inc hosp","quantile",0.25,744,"COVID-19"
"DE","15-34",2022-01-11,2022-01-05,"-6 day ahead inc hosp","quantile",0.5,777,"COVID-19"
"DE","15-34",2022-01-11,2022-01-05,"-6 day ahead inc hosp","quantile",0.75,815,"COVID-19"
"DE","15-34",2022-01-11,2022-01-05,"-6 day ahead inc hosp","quantile",0.9,854,"COVID-19"
"DE","15-34",2022-01-11,2022-01-05,"-6 day ahead inc hosp","quantile",0.975,902,"COVID-19"
"DE","15-34",2022-01-11,2022-01-04,"-7 day ahead inc hosp","mean",NA,706,"COVID-19"
"DE","15-34",2022-01-11,2022-01-04,"-7 day ahead inc hosp","quantile",0.025,640,"COVID-19"
"DE","15-34",2022-01-11,2022-01-04,"-7 day ahead inc hosp","quantile",0.1,658,"COVID-19"
"DE","15-34",2022-01-11,2022-01-04,"-7 day ahead inc hosp","quantile",0.25,678,"COVID-19"
"DE","15-34",2022-01-11,2022-01-04,"-7 day ahead inc hosp","quantile",0.5,702,"COVID-19"
"DE","15-34",2022-01-11,2022-01-04,"-7 day ahead inc hosp","quantile",0.75,731,"COVID-19"
"DE","15-34",2022-01-11,2022-01-04,"-7 day ahead inc hosp","quantile",0.9,759,"COVID-19"
"DE","15-34",2022-01-11,2022-01-04,"-7 day ahead inc hosp","quantile",0.975,795,"COVID-19"
"DE","15-34",2022-01-11,2022-01-03,"-8 day ahead inc hosp","mean",NA,654,"COVID-19"
"DE","15-34",2022-01-11,2022-01-03,"-8 day ahead inc hosp","quantile",0.025,601,"COVID-19"
"DE","15-34",2022-01-11,2022-01-03,"-8 day ahead inc hosp","quantile",0.1,615,"COVID-19"
"DE","15-34",2022-01-11,2022-01-03,"-8 day ahead inc hosp","quantile",0.25,631,"COVID-19"
"DE","15-34",2022-01-11,2022-01-03,"-8 day ahead inc hosp","quantile",0.5,650,"COVID-19"
"DE","15-34",2022-01-11,2022-01-03,"-8 day ahead inc hosp","quantile",0.75,673,"COVID-19"
"DE","15-34",2022-01-11,2022-01-03,"-8 day ahead inc hosp","quantile",0.9,696,"COVID-19"
"DE","15-34",2022-01-11,2022-01-03,"-8 day ahead inc hosp","quantile",0.975,725,"COVID-19"
"DE","15-34",2022-01-11,2022-01-02,"-9 day ahead inc hosp","mean",NA,641,"COVID-19"
"DE","15-34",2022-01-11,2022-01-02,"-9 day ahead inc hosp","quantile",0.025,593,"COVID-19"
"DE","15-34",2022-01-11,2022-01-02,"-9 day ahead inc hosp","quantile",0.1,606,"COVID-19"
"DE","15-34",2022-01-11,2022-01-02,"-9 day ahead inc hosp","quantile",0.25,620,"COVID-19"
"DE","15-34",2022-01-11,2022-01-02,"-9 day ahead inc hosp","quantile",0.5,638,"COVID-19"
"DE","15-34",2022-01-11,2022-01-02,"-9 day ahead inc hosp","quantile",0.75,659,"COVID-19"
"DE","15-34",2022-01-11,2022-01-02,"-9 day ahead inc hosp","quantile",0.9,681,"COVID-19"
"DE","15-34",2022-01-11,2022-01-02,"-9 day ahead inc hosp","quantile",0.975,707,"COVID-19"
"DE","15-34",2022-01-11,2022-01-01,"-10 day ahead inc hosp","mean",NA,610,"COVID-19"
"DE","15-34",2022-01-11,2022-01-01,"-10 day ahead inc hosp","quantile",0.025,566,"COVID-19"
"DE","15-34",2022-01-11,2022-01-01,"-10 day ahead inc hosp","quantile",0.1,578,"COVID-19"
"DE","15-34",2022-01-11,2022-01-01,"-10 day ahead inc hosp","quantile",0.25,591,"COVID-19"
"DE","15-34",2022-01-11,2022-01-01,"-10 day ahead inc hosp","quantile",0.5,607,"COVID-19"
"DE","15-34",2022-01-11,2022-01-01,"-10 day ahead inc hosp","quantile",0.75,626,"COVID-19"
"DE","15-34",2022-01-11,2022-01-01,"-10 day ahead inc hosp","quantile",0.9,646,"COVID-19"
"DE","15-34",2022-01-11,2022-01-01,"-10 day ahead inc hosp","quantile",0.975,671,"COVID-19"
"DE","15-34",2022-01-11,2021-12-31,"-11 day ahead inc hosp","mean",NA,586,"COVID-19"
"DE","15-34",2022-01-11,2021-12-31,"-11 day ahead inc hosp","quantile",0.025,545,"COVID-19"
"DE","15-34",2022-01-11,2021-12-31,"-11 day ahead inc hosp","quantile",0.1,556,"COVID-19"
"DE","15-34",2022-01-11,2021-12-31,"-11 day ahead inc hosp","quantile",0.25,568,"COVID-19"
"DE","15-34",2022-01-11,2021-12-31,"-11 day ahead inc hosp","quantile",0.5,583,"COVID-19"
"DE","15-34",2022-01-11,2021-12-31,"-11 day ahead inc hosp","quantile",0.75,601,"COVID-19"
"DE","15-34",2022-01-11,2021-12-31,"-11 day ahead inc hosp","quantile",0.9,620,"COVID-19"
"DE","15-34",2022-01-11,2021-12-31,"-11 day ahead inc hosp","quantile",0.975,643,"COVID-19"
"DE","15-34",2022-01-11,2021-12-30,"-12 day ahead inc hosp","mean",NA,560,"COVID-19"
"DE","15-34",2022-01-11,2021-12-30,"-12 day ahead inc hosp","quantile",0.025,525,"COVID-19"
"DE","15-34",2022-01-11,2021-12-30,"-12 day ahead inc hosp","quantile",0.1,534,"COVID-19"
"DE","15-34",2022-01-11,2021-12-30,"-12 day ahead inc hosp","quantile",0.25,544,"COVID-19"
"DE","15-34",2022-01-11,2021-12-30,"-12 day ahead inc hosp","quantile",0.5,557,"COVID-19"
"DE","15-34",2022-01-11,2021-12-30,"-12 day ahead inc hosp","quantile",0.75,573,"COVID-19"
"DE","15-34",2022-01-11,2021-12-30,"-12 day ahead inc hosp","quantile",0.9,590,"COVID-19"
"DE","15-34",2022-01-11,2021-12-30,"-12 day ahead inc hosp","quantile",0.975,611,"COVID-19"
"DE","15-34",2022-01-11,2021-12-29,"-13 day ahead inc hosp","mean",NA,534,"COVID-19"
"DE","15-34",2022-01-11,2021-12-29,"-13 day ahead inc hosp","quantile",0.025,504,"COVID-19"
"DE","15-34",2022-01-11,2021-12-29,"-13 day ahead inc hosp","quantile",0.1,512,"COVID-19"
"DE","15-34",2022-01-11,2021-12-29,"-13 day ahead inc hosp","quantile",0.25,520,"COVID-19"
"DE","15-34",2022-01-11,2021-12-29,"-13 day ahead inc hosp","quantile",0.5,532,"COVID-19"
"DE","15-34",2022-01-11,2021-12-29,"-13 day ahead inc hosp","quantile",0.75,545,"COVID-19"
"DE","15-34",2022-01-11,2021-12-29,"-13 day ahead inc hosp","quantile",0.9,560,"COVID-19"
"DE","15-34",2022-01-11,2021-12-29,"-13 day ahead inc hosp","quantile",0.975,578,"COVID-19"
"DE","15-34",2022-01-11,2021-12-28,"-14 day ahead inc hosp","mean",NA,506,"COVID-19"
"DE","15-34",2022-01-11,2021-12-28,"-14 day ahead inc hosp","quantile",0.025,481,"COVID-19"
"DE","15-34",2022-01-11,2021-12-28,"-14 day ahead inc hosp","quantile",0.1,487,"COVID-19"
"DE","15-34",2022-01-11,2021-12-28,"-14 day ahead inc hosp","quantile",0.25,494,"COVID-19"
"DE","15-34",2022-01-11,2021-12-28,"-14 day ahead inc hosp","quantile",0.5,504,"COVID-19"
"DE","15-34",2022-01-11,2021-12-28,"-14 day ahead inc hosp","quantile",0.75,515,"COVID-19"
"DE","15-34",2022-01-11,2021-12-28,"-14 day ahead inc hosp","quantile",0.9,527,"COVID-19"
"DE","15-34",2022-01-11,2021-12-28,"-14 day ahead inc hosp","quantile",0.975,543,"COVID-19"
"DE","15-34",2022-01-11,2021-12-27,"-15 day ahead inc hosp","mean",NA,499,"COVID-19"
"DE","15-34",2022-01-11,2021-12-27,"-15 day ahead inc hosp","quantile",0.025,478,"COVID-19"
"DE","15-34",2022-01-11,2021-12-27,"-15 day ahead inc hosp","quantile",0.1,483,"COVID-19"
"DE","15-34",2022-01-11,2021-12-27,"-15 day ahead inc hosp","quantile",0.25,489,"COVID-19"
"DE","15-34",2022-01-11,2021-12-27,"-15 day ahead inc hosp","quantile",0.5,497,"COVID-19"
"DE","15-34",2022-01-11,2021-12-27,"-15 day ahead inc hosp","quantile",0.75,508,"COVID-19"
"DE","15-34",2022-01-11,2021-12-27,"-15 day ahead inc hosp","quantile",0.9,518,"COVID-19"
"DE","15-34",2022-01-11,2021-12-27,"-15 day ahead inc hosp","quantile",0.975,532,"COVID-19"
"DE","15-34",2022-01-11,2021-12-26,"-16 day ahead inc hosp","mean",NA,493,"COVID-19"
"DE","15-34",2022-01-11,2021-12-26,"-16 day ahead inc hosp","quantile",0.025,473,"COVID-19"
"DE","15-34",2022-01-11,2021-12-26,"-16 day ahead inc hosp","quantile",0.1,478,"COVID-19"
"DE","15-34",2022-01-11,2021-12-26,"-16 day ahead inc hosp","quantile",0.25,484,"COVID-19"
"DE","15-34",2022-01-11,2021-12-26,"-16 day ahead inc hosp","quantile",0.5,491,"COVID-19"
"DE","15-34",2022-01-11,2021-12-26,"-16 day ahead inc hosp","quantile",0.75,501,"COVID-19"
"DE","15-34",2022-01-11,2021-12-26,"-16 day ahead inc hosp","quantile",0.9,510,"COVID-19"
"DE","15-34",2022-01-11,2021-12-26,"-16 day ahead inc hosp","quantile",0.975,523,"COVID-19"
"DE","15-34",2022-01-11,2021-12-25,"-17 day ahead inc hosp","mean",NA,520,"COVID-19"
"DE","15-34",2022-01-11,2021-12-25,"-17 day ahead inc hosp","quantile",0.025,500,"COVID-19"
"DE","15-34",2022-01-11,2021-12-25,"-17 day ahead inc hosp","quantile",0.1,505,"COVID-19"
"DE","15-34",2022-01-11,2021-12-25,"-17 day ahead inc hosp","quantile",0.25,511,"COVID-19"
"DE","15-34",2022-01-11,2021-12-25,"-17 day ahead inc hosp","quantile",0.5,518,"COVID-19"
"DE","15-34",2022-01-11,2021-12-25,"-17 day ahead inc hosp","quantile",0.75,527,"COVID-19"
"DE","15-34",2022-01-11,2021-12-25,"-17 day ahead inc hosp","quantile",0.9,537,"COVID-19"
"DE","15-34",2022-01-11,2021-12-25,"-17 day ahead inc hosp","quantile",0.975,549,"COVID-19"
"DE","15-34",2022-01-11,2021-12-24,"-18 day ahead inc hosp","mean",NA,566,"COVID-19"
"DE","15-34",2022-01-11,2021-12-24,"-18 day ahead inc hosp","quantile",0.025,546,"COVID-19"
"DE","15-34",2022-01-11,2021-12-24,"-18 day ahead inc hosp","quantile",0.1,551,"COVID-19"
"DE","15-34",2022-01-11,2021-12-24,"-18 day ahead inc hosp","quantile",0.25,557,"COVID-19"
"DE","15-34",2022-01-11,2021-12-24,"-18 day ahead inc hosp","quantile",0.5,565,"COVID-19"
"DE","15-34",2022-01-11,2021-12-24,"-18 day ahead inc hosp","quantile",0.75,574,"COVID-19"
"DE","15-34",2022-01-11,2021-12-24,"-18 day ahead inc hosp","quantile",0.9,583,"COVID-19"
"DE","15-34",2022-01-11,2021-12-24,"-18 day ahead inc hosp","quantile",0.975,596,"COVID-19"
"DE","15-34",2022-01-11,2021-12-23,"-19 day ahead inc hosp","mean",NA,590,"COVID-19"
"DE","15-34",2022-01-11,2021-12-23,"-19 day ahead inc hosp","quantile",0.025,572,"COVID-19"
"DE","15-34",2022-01-11,2021-12-23,"-19 day ahead inc hosp","quantile",0.1,577,"COVID-19"
"DE","15-34",2022-01-11,2021-12-23,"-19 day ahead inc hosp","quantile",0.25,582,"COVID-19"
"DE","15-34",2022-01-11,2021-12-23,"-19 day ahead inc hosp","quantile",0.5,589,"COVID-19"
"DE","15-34",2022-01-11,2021-12-23,"-19 day ahead inc hosp","quantile",0.75,597,"COVID-19"
"DE","15-34",2022-01-11,2021-12-23,"-19 day ahead inc hosp","quantile",0.9,606,"COVID-19"
"DE","15-34",2022-01-11,2021-12-23,"-19 day ahead inc hosp","quantile",0.975,617,"COVID-19"
"DE","15-34",2022-01-11,2021-12-22,"-20 day ahead inc hosp","mean",NA,620,"COVID-19"
"DE","15-34",2022-01-11,2021-12-22,"-20 day ahead inc hosp","quantile",0.025,603,"COVID-19"
"DE","15-34",2022-01-11,2021-12-22,"-20 day ahead inc hosp","quantile",0.1,607,"COVID-19"
"DE","15-34",2022-01-11,2021-12-22,"-20 day ahead inc hosp","quantile",0.25,612,"COVID-19"
"DE","15-34",2022-01-11,2021-12-22,"-20 day ahead inc hosp","quantile",0.5,619,"COVID-19"
"DE","15-34",2022-01-11,2021-12-22,"-20 day ahead inc hosp","quantile",0.75,626,"COVID-19"
"DE","15-34",2022-01-11,2021-12-22,"-20 day ahead inc hosp","quantile",0.9,634,"COVID-19"
"DE","15-34",2022-01-11,2021-12-22,"-20 day ahead inc hosp","quantile",0.975,644,"COVID-19"
"DE","15-34",2022-01-11,2021-12-21,"-21 day ahead inc hosp","mean",NA,635,"COVID-19"
"DE","15-34",2022-01-11,2021-12-21,"-21 day ahead inc hosp","quantile",0.025,619,"COVID-19"
"DE","15-34",2022-01-11,2021-12-21,"-21 day ahead inc hosp","quantile",0.1,623,"COVID-19"
"DE","15-34",2022-01-11,2021-12-21,"-21 day ahead inc hosp","quantile",0.25,628,"COVID-19"
"DE","15-34",2022-01-11,2021-12-21,"-21 day ahead inc hosp","quantile",0.5,634,"COVID-19"
"DE","15-34",2022-01-11,2021-12-21,"-21 day ahead inc hosp","quantile",0.75,641,"COVID-19"
"DE","15-34",2022-01-11,2021-12-21,"-21 day ahead inc hosp","quantile",0.9,648,"COVID-19"
"DE","15-34",2022-01-11,2021-12-21,"-21 day ahead inc hosp","quantile",0.975,657,"COVID-19"
"DE","15-34",2022-01-11,2021-12-20,"-22 day ahead inc hosp","mean",NA,660,"COVID-19"
"DE","15-34",2022-01-11,2021-12-20,"-22 day ahead inc hosp","quantile",0.025,645,"COVID-19"
"DE","15-34",2022-01-11,2021-12-20,"-22 day ahead inc hosp","quantile",0.1,649,"COVID-19"
"DE","15-34",2022-01-11,2021-12-20,"-22 day ahead inc hosp","quantile",0.25,653,"COVID-19"
"DE","15-34",2022-01-11,2021-12-20,"-22 day ahead inc hosp","quantile",0.5,659,"COVID-19"
"DE","15-34",2022-01-11,2021-12-20,"-22 day ahead inc hosp","quantile",0.75,666,"COVID-19"
"DE","15-34",2022-01-11,2021-12-20,"-22 day ahead inc hosp","quantile",0.9,673,"COVID-19"
"DE","15-34",2022-01-11,2021-12-20,"-22 day ahead inc hosp","quantile",0.975,682,"COVID-19"
"DE","15-34",2022-01-11,2021-12-19,"-23 day ahead inc hosp","mean",NA,659,"COVID-19"
"DE","15-34",2022-01-11,2021-12-19,"-23 day ahead inc hosp","quantile",0.025,644,"COVID-19"
"DE","15-34",2022-01-11,2021-12-19,"-23 day ahead inc hosp","quantile",0.1,648,"COVID-19"
"DE","15-34",2022-01-11,2021-12-19,"-23 day ahead inc hosp","quantile",0.25,652,"COVID-19"
"DE","15-34",2022-01-11,2021-12-19,"-23 day ahead inc hosp","quantile",0.5,658,"COVID-19"
"DE","15-34",2022-01-11,2021-12-19,"-23 day ahead inc hosp","quantile",0.75,665,"COVID-19"
"DE","15-34",2022-01-11,2021-12-19,"-23 day ahead inc hosp","quantile",0.9,672,"COVID-19"
"DE","15-34",2022-01-11,2021-12-19,"-23 day ahead inc hosp","quantile",0.975,681,"COVID-19"
"DE","15-34",2022-01-11,2021-12-18,"-24 day ahead inc hosp","mean",NA,674,"COVID-19"
"DE","15-34",2022-01-11,2021-12-18,"-24 day ahead inc hosp","quantile",0.025,660,"COVID-19"
"DE","15-34",2022-01-11,2021-12-18,"-24 day ahead inc hosp","quantile",0.1,663,"COVID-19"
"DE","15-34",2022-01-11,2021-12-18,"-24 day ahead inc hosp","quantile",0.25,667,"COVID-19"
"DE","15-34",2022-01-11,2021-12-18,"-24 day ahead inc hosp","quantile",0.5,673,"COVID-19"
"DE","15-34",2022-01-11,2021-12-18,"-24 day ahead inc hosp","quantile",0.75,680,"COVID-19"
"DE","15-34",2022-01-11,2021-12-18,"-24 day ahead inc hosp","quantile",0.9,687,"COVID-19"
"DE","15-34",2022-01-11,2021-12-18,"-24 day ahead inc hosp","quantile",0.975,696,"COVID-19"
"DE","15-34",2022-01-11,2021-12-17,"-25 day ahead inc hosp","mean",NA,673,"COVID-19"
"DE","15-34",2022-01-11,2021-12-17,"-25 day ahead inc hosp","quantile",0.025,660,"COVID-19"
"DE","15-34",2022-01-11,2021-12-17,"-25 day ahead inc hosp","quantile",0.1,663,"COVID-19"
"DE","15-34",2022-01-11,2021-12-17,"-25 day ahead inc hosp","quantile",0.25,667,"COVID-19"
"DE","15-34",2022-01-11,2021-12-17,"-25 day ahead inc hosp","quantile",0.5,672,"COVID-19"
"DE","15-34",2022-01-11,2021-12-17,"-25 day ahead inc hosp","quantile",0.75,678,"COVID-19"
"DE","15-34",2022-01-11,2021-12-17,"-25 day ahead inc hosp","quantile",0.9,685,"COVID-19"
"DE","15-34",2022-01-11,2021-12-17,"-25 day ahead inc hosp","quantile",0.975,693,"COVID-19"
"DE","15-34",2022-01-11,2021-12-16,"-26 day ahead inc hosp","mean",NA,694,"COVID-19"
"DE","15-34",2022-01-11,2021-12-16,"-26 day ahead inc hosp","quantile",0.025,681,"COVID-19"
"DE","15-34",2022-01-11,2021-12-16,"-26 day ahead inc hosp","quantile",0.1,684,"COVID-19"
"DE","15-34",2022-01-11,2021-12-16,"-26 day ahead inc hosp","quantile",0.25,688,"COVID-19"
"DE","15-34",2022-01-11,2021-12-16,"-26 day ahead inc hosp","quantile",0.5,692,"COVID-19"
"DE","15-34",2022-01-11,2021-12-16,"-26 day ahead inc hosp","quantile",0.75,698,"COVID-19"
"DE","15-34",2022-01-11,2021-12-16,"-26 day ahead inc hosp","quantile",0.9,704,"COVID-19"
"DE","15-34",2022-01-11,2021-12-16,"-26 day ahead inc hosp","quantile",0.975,712,"COVID-19"
"DE","15-34",2022-01-11,2021-12-15,"-27 day ahead inc hosp","mean",NA,719,"COVID-19"
"DE","15-34",2022-01-11,2021-12-15,"-27 day ahead inc hosp","quantile",0.025,708,"COVID-19"
"DE","15-34",2022-01-11,2021-12-15,"-27 day ahead inc hosp","quantile",0.1,711,"COVID-19"
"DE","15-34",2022-01-11,2021-12-15,"-27 day ahead inc hosp","quantile",0.25,714,"COVID-19"
"DE","15-34",2022-01-11,2021-12-15,"-27 day ahead inc hosp","quantile",0.5,718,"COVID-19"
"DE","15-34",2022-01-11,2021-12-15,"-27 day ahead inc hosp","quantile",0.75,724,"COVID-19"
"DE","15-34",2022-01-11,2021-12-15,"-27 day ahead inc hosp","quantile",0.9,729,"COVID-19"
"DE","15-34",2022-01-11,2021-12-15,"-27 day ahead inc hosp","quantile",0.975,737,"COVID-19"
"DE","15-34",2022-01-11,2021-12-14,"-28 day ahead inc hosp","mean",NA,753,"COVID-19"
"DE","15-34",2022-01-11,2021-12-14,"-28 day ahead inc hosp","quantile",0.025,743,"COVID-19"
"DE","15-34",2022-01-11,2021-12-14,"-28 day ahead inc hosp","quantile",0.1,745,"COVID-19"
"DE","15-34",2022-01-11,2021-12-14,"-28 day ahead inc hosp","quantile",0.25,748,"COVID-19"
"DE","15-34",2022-01-11,2021-12-14,"-28 day ahead inc hosp","quantile",0.5,752,"COVID-19"
"DE","15-34",2022-01-11,2021-12-14,"-28 day ahead inc hosp","quantile",0.75,757,"COVID-19"
"DE","15-34",2022-01-11,2021-12-14,"-28 day ahead inc hosp","quantile",0.9,763,"COVID-19"
"DE","15-34",2022-01-11,2021-12-14,"-28 day ahead inc hosp","quantile",0.975,770,"COVID-19"
"DE","35-59",2022-01-11,2022-01-11,"0 day ahead inc hosp","mean",NA,1657,"COVID-19"
"DE","35-59",2022-01-11,2022-01-11,"0 day ahead inc hosp","quantile",0.025,1182,"COVID-19"
"DE","35-59",2022-01-11,2022-01-11,"0 day ahead inc hosp","quantile",0.1,1315,"COVID-19"
"DE","35-59",2022-01-11,2022-01-11,"0 day ahead inc hosp","quantile",0.25,1454,"COVID-19"
"DE","35-59",2022-01-11,2022-01-11,"0 day ahead inc hosp","quantile",0.5,1630,"COVID-19"
"DE","35-59",2022-01-11,2022-01-11,"0 day ahead inc hosp","quantile",0.75,1831,"COVID-19"
"DE","35-59",2022-01-11,2022-01-11,"0 day ahead inc hosp","quantile",0.9,2034,"COVID-19"
"DE","35-59",2022-01-11,2022-01-11,"0 day ahead inc hosp","quantile",0.975,2286,"COVID-19"
"DE","35-59",2022-01-11,2022-01-10,"-1 day ahead inc hosp","mean",NA,1567,"COVID-19"
"DE","35-59",2022-01-11,2022-01-10,"-1 day ahead inc hosp","quantile",0.025,1178,"COVID-19"
"DE","35-59",2022-01-11,2022-01-10,"-1 day ahead inc hosp","quantile",0.1,1287,"COVID-19"
"DE","35-59",2022-01-11,2022-01-10,"-1 day ahead inc hosp","quantile",0.25,1400,"COVID-19"
"DE","35-59",2022-01-11,2022-01-10,"-1 day ahead inc hosp","quantile",0.5,1544,"COVID-19"
"DE","35-59",2022-01-11,2022-01-10,"-1 day ahead inc hosp","quantile",0.75,1709,"COVID-19"
"DE","35-59",2022-01-11,2022-01-10,"-1 day ahead inc hosp","quantile",0.9,1876,"COVID-19"
"DE","35-59",2022-01-11,2022-01-10,"-1 day ahead inc hosp","quantile",0.975,2084,"COVID-19"
"DE","35-59",2022-01-11,2022-01-09,"-2 day ahead inc hosp","mean",NA,1547,"COVID-19"
"DE","35-59",2022-01-11,2022-01-09,"-2 day ahead inc hosp","quantile",0.025,1197,"COVID-19"
"DE","35-59",2022-01-11,2022-01-09,"-2 day ahead inc hosp","quantile",0.1,1296,"COVID-19"
"DE","35-59",2022-01-11,2022-01-09,"-2 day ahead inc hosp","quantile",0.25,1398,"COVID-19"
"DE","35-59",2022-01-11,2022-01-09,"-2 day ahead inc hosp","quantile",0.5,1527,"COVID-19"
"DE","35-59",2022-01-11,2022-01-09,"-2 day ahead inc hosp","quantile",0.75,1674,"COVID-19"
"DE","35-59",2022-01-11,2022-01-09,"-2 day ahead inc hosp","quantile",0.9,1822,"COVID-19"
"DE","35-59",2022-01-11,2022-01-09,"-2 day ahead inc hosp","quantile",0.975,2006,"COVID-19"
"DE","35-59",2022-01-11,2022-01-08,"-3 day ahead inc hosp","mean",NA,1494,"COVID-19"
"DE","35-59",2022-01-11,2022-01-08,"-3 day ahead inc hosp","quantile",0.025,1190,"COVID-19"
"DE","35-59",2022-01-11,2022-01-08,"-3 day ahead inc hosp","quantile",0.1,1277,"COVID-19"
"DE","35-59",2022-01-11,2022-01-08,"-3 day ahead inc hosp","quantile",0.25,1366,"COVID-19"
"DE","35-59",2022-01-11,2022-01-08,"-3 day ahead inc hosp","quantile",0.5,1478,"COVID-19"
"DE","35-59",2022-01-11,2022-01-08,"-3 day ahead inc hosp","quantile",0.75,1604,"COVID-19"
"DE","35-59",2022-01-11,2022-01-08,"-3 day ahead inc hosp","quantile",0.9,1731,"COVID-19"
"DE","35-59",2022-01-11,2022-01-08,"-3 day ahead inc hosp","quantile",0.975,1887,"COVID-19"
"DE","35-59",2022-01-11,2022-01-07,"-4 day ahead inc hosp","mean",NA,1366,"COVID-19"
"DE","35-59",2022-01-11,2022-01-07,"-4 day ahead inc hosp","quantile",0.025,1130,"COVID-19"
"DE","35-59",2022-01-11,2022-01-07,"-4 day ahead inc hosp","quantile",0.1,1199,"COVID-19"
"DE","35-59",2022-01-11,2022-01-07,"-4 day ahead inc hosp","quantile",0.25,1268,"COVID-19"
"DE","35-59",2022-01-11,2022-01-07,"-4 day ahead inc hosp","quantile",0.5,1355,"COVID-19"
"DE","35-59",2022-01-11,2022-01-07,"-4 day ahead inc hosp","quantile",0.75,1452,"COVID-19"
"DE","35-59",2022-01-11,2022-01-07,"-4 day ahead inc hosp","quantile",0.9,1548,"COVID-19"
"DE","35-59",2022-01-11,2022-01-07,"-4 day ahead inc hosp","quantile",0.975,1667,"COVID-19"
"DE","35-59",2022-01-11,2022-01-06,"-5 day ahead inc hosp","mean",NA,1411,"COVID-19"
"DE","35-59",2022-01-11,2022-01-06,"-5 day ahead inc hosp","quantile",0.025,1211,"COVID-19"
"DE","35-59",2022-01-11,2022-01-06,"-5 day ahead inc hosp","quantile",0.1,1270,"COVID-19"
"DE","35-59",2022-01-11,2022-01-06,"-5 day ahead inc hosp","quantile",0.25,1329,"COVID-19"
"DE","35-59",2022-01-11,2022-01-06,"-5 day ahead inc hosp","quantile",0.5,1402,"COVID-19"
"DE","35-59",2022-01-11,2022-01-06,"-5 day ahead inc hosp","quantile",0.75,1483,"COVID-19"
"DE","35-59",2022-01-11,2022-01-06,"-5 day ahead inc hosp","quantile",0.9,1562,"COVID-19"
"DE","35-59",2022-01-11,2022-01-06,"-5 day ahead inc hosp","quantile",0.975,1660,"COVID-19"
"DE","35-59",2022-01-11,2022-01-05,"-6 day ahead inc hosp","mean",NA,1400,"COVID-19"
"DE","35-59",2022-01-11,2022-01-05,"-6 day ahead inc hosp","quantile",0.025,1240,"COVID-19"
"DE","35-59",2022-01-11,2022-01-05,"-6 day ahead inc hosp","quantile",0.1,1288,"COVID-19"
"DE","35-59",2022-01-11,2022-01-05,"-6 day ahead inc hosp","quantile",0.25,1335,"COVID-19"
"DE","35-59",2022-01-11,2022-01-05,"-6 day ahead inc hosp","quantile",0.5,1393,"COVID-19"
"DE","35-59",2022-01-11,2022-01-05,"-6 day ahead inc hosp","quantile",0.75,1458,"COVID-19"
"DE","35-59",2022-01-11,2022-01-05,"-6 day ahead inc hosp","quantile",0.9,1522,"COVID-19"
"DE","35-59",2022-01-11,2022-01-05,"-6 day ahead inc hosp","quantile",0.975,1599,"COVID-19"
"DE","35-59",2022-01-11,2022-01-04,"-7 day ahead inc hosp","mean",NA,1390,"COVID-19"
"DE","35-59",2022-01-11,2022-01-04,"-7 day ahead inc hosp","quantile",0.025,1259,"COVID-19"
"DE","35-59",2022-01-11,2022-01-04,"-7 day ahead inc hosp","quantile",0.1,1298,"COVID-19"
"DE","35-59",2022-01-11,2022-01-04,"-7 day ahead inc hosp","quantile",0.25,1337,"COVID-19"
"DE","35-59",2022-01-11,2022-01-04,"-7 day ahead inc hosp","quantile",0.5,1384,"COVID-19"
"DE","35-59",2022-01-11,2022-01-04,"-7 day ahead inc hosp","quantile",0.75,1437,"COVID-19"
"DE","35-59",2022-01-11,2022-01-04,"-7 day ahead inc hosp","quantile",0.9,1490,"COVID-19"
"DE","35-59",2022-01-11,2022-01-04,"-7 day ahead inc hosp","quantile",0.975,1554,"COVID-19"
"DE","35-59",2022-01-11,2022-01-03,"-8 day ahead inc hosp","mean",NA,1381,"COVID-19"
"DE","35-59",2022-01-11,2022-01-03,"-8 day ahead inc hosp","quantile",0.025,1270,"COVID-19"
"DE","35-59",2022-01-11,2022-01-03,"-8 day ahead inc hosp","quantile",0.1,1302,"COVID-19"
"DE","35-59",2022-01-11,2022-01-03,"-8 day ahead inc hosp","quantile",0.25,1335,"COVID-19"
"DE","35-59",2022-01-11,2022-01-03,"-8 day ahead inc hosp","quantile",0.5,1376,"COVID-19"
"DE","35-59",2022-01-11,2022-01-03,"-8 day ahead inc hosp","quantile",0.75,1422,"COVID-19"
"DE","35-59",2022-01-11,2022-01-03,"-8 day ahead inc hosp","quantile",0.9,1467,"COVID-19"
"DE","35-59",2022-01-11,2022-01-03,"-8 day ahead inc hosp","quantile",0.975,1522,"COVID-19"
"DE","35-59",2022-01-11,2022-01-02,"-9 day ahead inc hosp","mean",NA,1363,"COVID-19"
"DE","35-59",2022-01-11,2022-01-02,"-9 day ahead inc hosp","quantile",0.025,1256,"COVID-19"
"DE","35-59",2022-01-11,2022-01-02,"-9 day ahead inc hosp","quantile",0.1,1287,"COVID-19"
"DE","35-59",2022-01-11,2022-01-02,"-9 day ahead inc hosp","quantile",0.25,1319,"COVID-19"
"DE","35-59",2022-01-11,2022-01-02,"-9 day ahead inc hosp","quantile",0.5,1358,"COVID-19"
"DE","35-59",2022-01-11,2022-01-02,"-9 day ahead inc hosp","quantile",0.75,1402,"COVID-19"
"DE","35-59",2022-01-11,2022-01-02,"-9 day ahead inc hosp","quantile",0.9,1445,"COVID-19"
"DE","35-59",2022-01-11,2022-01-02,"-9 day ahead inc hosp","quantile",0.975,1499,"COVID-19"
"DE","35-59",2022-01-11,2022-01-01,"-10 day ahead inc hosp","mean",NA,1342,"COVID-19"
"DE","35-59",2022-01-11,2022-01-01,"-10 day ahead inc hosp","quantile",0.025,1239,"COVID-19"
"DE","35-59",2022-01-11,2022-01-01,"-10 day ahead inc hosp","quantile",0.1,1269,"COVID-19"
"DE","35-59",2022-01-11,2022-01-01,"-10 day ahead inc hosp","quantile",0.25,1299,"COVID-19"
"DE","35-59",2022-01-11,2022-01-01,"-10 day ahead inc hosp","quantile",0.5,1337,"COVID-19"
"DE","35-59",2022-01-11,2022-01-01,"-10 day ahead inc hosp","quantile",0.75,1380,"COVID-19"
"DE","35-59",2022-01-11,2022-01-01,"-10 day ahead inc hosp","quantile",0.9,1423,"COVID-19"
"DE","35-59",2022-01-11,2022-01-01,"-10 day ahead inc hosp","quantile",0.975,1476,"COVID-19"
"DE","35-59",2022-01-11,2021-12-31,"-11 day ahead inc hosp","mean",NA,1350,"COVID-19"
"DE","35-59",2022-01-11,2021-12-31,"-11 day ahead inc hosp","quantile",0.025,1248,"COVID-19"
"DE","35-59",2022-01-11,2021-12-31,"-11 day ahead inc hosp","quantile",0.1,1277,"COVID-19"
"DE","35-59",2022-01-11,2021-12-31,"-11 day ahead inc hosp","quantile",0.25,1306,"COVID-19"
"DE","35-59",2022-01-11,2021-12-31,"-11 day ahead inc hosp","quantile",0.5,1344,"COVID-19"
"DE","35-59",2022-01-11,2021-12-31,"-11 day ahead inc hosp","quantile",0.75,1387,"COVID-19"
"DE","35-59",2022-01-11,2021-12-31,"-11 day ahead inc hosp","quantile",0.9,1430,"COVID-19"
"DE","35-59",2022-01-11,2021-12-31,"-11 day ahead inc hosp","quantile",0.975,1484,"COVID-19"
"DE","35-59",2022-01-11,2021-12-30,"-12 day ahead inc hosp","mean",NA,1336,"COVID-19"
"DE","35-59",2022-01-11,2021-12-30,"-12 day ahead inc hosp","quantile",0.025,1245,"COVID-19"
"DE","35-59",2022-01-11,2021-12-30,"-12 day ahead inc hosp","quantile",0.1,1270,"COVID-19"
"DE","35-59",2022-01-11,2021-12-30,"-12 day ahead inc hosp","quantile",0.25,1297,"COVID-19"
"DE","35-59",2022-01-11,2021-12-30,"-12 day ahead inc hosp","quantile",0.5,1330,"COVID-19"
"DE","35-59",2022-01-11,2021-12-30,"-12 day ahead inc hosp","quantile",0.75,1369,"COVID-19"
"DE","35-59",2022-01-11,2021-12-30,"-12 day ahead inc hosp","quantile",0.9,1409,"COVID-19"
"DE","35-59",2022-01-11,2021-12-30,"-12 day ahead inc hosp","quantile",0.975,1458,"COVID-19"
"DE","35-59",2022-01-11,2021-12-29,"-13 day ahead inc hosp","mean",NA,1331,"COVID-19"
"DE","35-59",2022-01-11,2021-12-29,"-13 day ahead inc hosp","quantile",0.025,1253,"COVID-19"
"DE","35-59",2022-01-11,2021-12-29,"-13 day ahead inc hosp","quantile",0.1,1275,"COVID-19"
"DE","35-59",2022-01-11,2021-12-29,"-13 day ahead inc hosp","quantile",0.25,1297,"COVID-19"
"DE","35-59",2022-01-11,2021-12-29,"-13 day ahead inc hosp","quantile",0.5,1326,"COVID-19"
"DE","35-59",2022-01-11,2021-12-29,"-13 day ahead inc hosp","quantile",0.75,1360,"COVID-19"
"DE","35-59",2022-01-11,2021-12-29,"-13 day ahead inc hosp","quantile",0.9,1394,"COVID-19"
"DE","35-59",2022-01-11,2021-12-29,"-13 day ahead inc hosp","quantile",0.975,1437,"COVID-19"
"DE","35-59",2022-01-11,2021-12-28,"-14 day ahead inc hosp","mean",NA,1353,"COVID-19"
"DE","35-59",2022-01-11,2021-12-28,"-14 day ahead inc hosp","quantile",0.025,1287,"COVID-19"
"DE","35-59",2022-01-11,2021-12-28,"-14 day ahead inc hosp","quantile",0.1,1305,"COVID-19"
"DE","35-59",2022-01-11,2021-12-28,"-14 day ahead inc hosp","quantile",0.25,1324,"COVID-19"
"DE","35-59",2022-01-11,2021-12-28,"-14 day ahead inc hosp","quantile",0.5,1348,"COVID-19"
"DE","35-59",2022-01-11,2021-12-28,"-14 day ahead inc hosp","quantile",0.75,1377,"COVID-19"
"DE","35-59",2022-01-11,2021-12-28,"-14 day ahead inc hosp","quantile",0.9,1407,"COVID-19"
"DE","35-59",2022-01-11,2021-12-28,"-14 day ahead inc hosp","quantile",0.975,1444,"COVID-19"
"DE","35-59",2022-01-11,2021-12-27,"-15 day ahead inc hosp","mean",NA,1341,"COVID-19"
"DE","35-59",2022-01-11,2021-12-27,"-15 day ahead inc hosp","quantile",0.025,1282,"COVID-19"
"DE","35-59",2022-01-11,2021-12-27,"-15 day ahead inc hosp","quantile",0.1,1298,"COVID-19"
"DE","35-59",2022-01-11,2021-12-27,"-15 day ahead inc hosp","quantile",0.25,1315,"COVID-19"
"DE","35-59",2022-01-11,2021-12-27,"-15 day ahead inc hosp","quantile",0.5,1337,"COVID-19"
"DE","35-59",2022-01-11,2021-12-27,"-15 day ahead inc hosp","quantile",0.75,1363,"COVID-19"
"DE","35-59",2022-01-11,2021-12-27,"-15 day ahead inc hosp","quantile",0.9,1390,"COVID-19"
"DE","35-59",2022-01-11,2021-12-27,"-15 day ahead inc hosp","quantile",0.975,1424,"COVID-19"
"DE","35-59",2022-01-11,2021-12-26,"-16 day ahead inc hosp","mean",NA,1370,"COVID-19"
"DE","35-59",2022-01-11,2021-12-26,"-16 day ahead inc hosp","quantile",0.025,1310,"COVID-19"
"DE","35-59",2022-01-11,2021-12-26,"-16 day ahead inc hosp","quantile",0.1,1325,"COVID-19"
"DE","35-59",2022-01-11,2021-12-26,"-16 day ahead inc hosp","quantile",0.25,1342,"COVID-19"
"DE","35-59",2022-01-11,2021-12-26,"-16 day ahead inc hosp","quantile",0.5,1365,"COVID-19"
"DE","35-59",2022-01-11,2021-12-26,"-16 day ahead inc hosp","quantile",0.75,1392,"COVID-19"
"DE","35-59",2022-01-11,2021-12-26,"-16 day ahead inc hosp","quantile",0.9,1420,"COVID-19"
"DE","35-59",2022-01-11,2021-12-26,"-16 day ahead inc hosp","quantile",0.975,1456,"COVID-19"
"DE","35-59",2022-01-11,2021-12-25,"-17 day ahead inc hosp","mean",NA,1485,"COVID-19"
"DE","35-59",2022-01-11,2021-12-25,"-17 day ahead inc hosp","quantile",0.025,1424,"COVID-19"
"DE","35-59",2022-01-11,2021-12-25,"-17 day ahead inc hosp","quantile",0.1,1440,"COVID-19"
"DE","35-59",2022-01-11,2021-12-25,"-17 day ahead inc hosp","quantile",0.25,1457,"COVID-19"
"DE","35-59",2022-01-11,2021-12-25,"-17 day ahead inc hosp","quantile",0.5,1480,"COVID-19"
"DE","35-59",2022-01-11,2021-12-25,"-17 day ahead inc hosp","quantile",0.75,1508,"COVID-19"
"DE","35-59",2022-01-11,2021-12-25,"-17 day ahead inc hosp","quantile",0.9,1537,"COVID-19"
"DE","35-59",2022-01-11,2021-12-25,"-17 day ahead inc hosp","quantile",0.975,1574,"COVID-19"
"DE","35-59",2022-01-11,2021-12-24,"-18 day ahead inc hosp","mean",NA,1606,"COVID-19"
"DE","35-59",2022-01-11,2021-12-24,"-18 day ahead inc hosp","quantile",0.025,1545,"COVID-19"
"DE","35-59",2022-01-11,2021-12-24,"-18 day ahead inc hosp","quantile",0.1,1561,"COVID-19"
"DE","35-59",2022-01-11,2021-12-24,"-18 day ahead inc hosp","quantile",0.25,1578,"COVID-19"
"DE","35-59",2022-01-11,2021-12-24,"-18 day ahead inc hosp","quantile",0.5,1601,"COVID-19"
"DE","35-59",2022-01-11,2021-12-24,"-18 day ahead inc hosp","quantile",0.75,1629,"COVID-19"
"DE","35-59",2022-01-11,2021-12-24,"-18 day ahead inc hosp","quantile",0.9,1658,"COVID-19"
"DE","35-59",2022-01-11,2021-12-24,"-18 day ahead inc hosp","quantile",0.975,1695,"COVID-19"
"DE","35-59",2022-01-11,2021-12-23,"-19 day ahead inc hosp","mean",NA,1674,"COVID-19"
"DE","35-59",2022-01-11,2021-12-23,"-19 day ahead inc hosp","quantile",0.025,1617,"COVID-19"
"DE","35-59",2022-01-11,2021-12-23,"-19 day ahead inc hosp","quantile",0.1,1632,"COVID-19"
"DE","35-59",2022-01-11,2021-12-23,"-19 day ahead inc hosp","quantile",0.25,1648,"COVID-19"
"DE","35-59",2022-01-11,2021-12-23,"-19 day ahead inc hosp","quantile",0.5,1669,"COVID-19"
"DE","35-59",2022-01-11,2021-12-23,"-19 day ahead inc hosp","quantile",0.75,1695,"COVID-19"
"DE","35-59",2022-01-11,2021-12-23,"-19 day ahead inc hosp","quantile",0.9,1721,"COVID-19"
"DE","35-59",2022-01-11,2021-12-23,"-19 day ahead inc hosp","quantile",0.975,1756,"COVID-19"
"DE","35-59",2022-01-11,2021-12-22,"-20 day ahead inc hosp","mean",NA,1743,"COVID-19"
"DE","35-59",2022-01-11,2021-12-22,"-20 day ahead inc hosp","quantile",0.025,1692,"COVID-19"
"DE","35-59",2022-01-11,2021-12-22,"-20 day ahead inc hosp","quantile",0.1,1705,"COVID-19"
"DE","35-59",2022-01-11,2021-12-22,"-20 day ahead inc hosp","quantile",0.25,1719,"COVID-19"
"DE","35-59",2022-01-11,2021-12-22,"-20 day ahead inc hosp","quantile",0.5,1739,"COVID-19"
"DE","35-59",2022-01-11,2021-12-22,"-20 day ahead inc hosp","quantile",0.75,1762,"COVID-19"
"DE","35-59",2022-01-11,2021-12-22,"-20 day ahead inc hosp","quantile",0.9,1787,"COVID-19"
"DE","35-59",2022-01-11,2021-12-22,"-20 day ahead inc hosp","quantile",0.975,1819,"COVID-19"
"DE","35-59",2022-01-11,2021-12-21,"-21 day ahead inc hosp","mean",NA,1793,"COVID-19"
"DE","35-59",2022-01-11,2021-12-21,"-21 day ahead inc hosp","quantile",0.025,1748,"COVID-19"
"DE","35-59",2022-01-11,2021-12-21,"-21 day ahead inc hosp","quantile",0.1,1759,"COVID-19"
"DE","35-59",2022-01-11,2021-12-21,"-21 day ahead inc hosp","quantile",0.25,1772,"COVID-19"
"DE","35-59",2022-01-11,2021-12-21,"-21 day ahead inc hosp","quantile",0.5,1789,"COVID-19"
"DE","35-59",2022-01-11,2021-12-21,"-21 day ahead inc hosp","quantile",0.75,1810,"COVID-19"
"DE","35-59",2022-01-11,2021-12-21,"-21 day ahead inc hosp","quantile",0.9,1832,"COVID-19"
"DE","35-59",2022-01-11,2021-12-21,"-21 day ahead inc hosp","quantile",0.975,1861,"COVID-19"
"DE","35-59",2022-01-11,2021-12-20,"-22 day ahead inc hosp","mean",NA,1842,"COVID-19"
"DE","35-59",2022-01-11,2021-12-20,"-22 day ahead inc hosp","quantile",0.025,1799,"COVID-19"
"DE","35-59",2022-01-11,2021-12-20,"-22 day ahead inc hosp","quantile",0.1,1810,"COVID-19"
"DE","35-59",2022-01-11,2021-12-20,"-22 day ahead inc hosp","quantile",0.25,1822,"COVID-19"
"DE","35-59",2022-01-11,2021-12-20,"-22 day ahead inc hosp","quantile",0.5,1838,"COVID-19"
"DE","35-59",2022-01-11,2021-12-20,"-22 day ahead inc hosp","quantile",0.75,1858,"COVID-19"
"DE","35-59",2022-01-11,2021-12-20,"-22 day ahead inc hosp","quantile",0.9,1879,"COVID-19"
"DE","35-59",2022-01-11,2021-12-20,"-22 day ahead inc hosp","quantile",0.975,1906,"COVID-19"
"DE","35-59",2022-01-11,2021-12-19,"-23 day ahead inc hosp","mean",NA,1860,"COVID-19"
"DE","35-59",2022-01-11,2021-12-19,"-23 day ahead inc hosp","quantile",0.025,1818,"COVID-19"
"DE","35-59",2022-01-11,2021-12-19,"-23 day ahead inc hosp","quantile",0.1,1828,"COVID-19"
"DE","35-59",2022-01-11,2021-12-19,"-23 day ahead inc hosp","quantile",0.25,1840,"COVID-19"
"DE","35-59",2022-01-11,2021-12-19,"-23 day ahead inc hosp","quantile",0.5,1856,"COVID-19"
"DE","35-59",2022-01-11,2021-12-19,"-23 day ahead inc hosp","quantile",0.75,1875,"COVID-19"
"DE","35-59",2022-01-11,2021-12-19,"-23 day ahead inc hosp","quantile",0.9,1895,"COVID-19"
"DE","35-59",2022-01-11,2021-12-19,"-23 day ahead inc hosp","quantile",0.975,1922,"COVID-19"
"DE","35-59",2022-01-11,2021-12-18,"-24 day ahead inc hosp","mean",NA,1892,"COVID-19"
"DE","35-59",2022-01-11,2021-12-18,"-24 day ahead inc hosp","quantile",0.025,1852,"COVID-19"
"DE","35-59",2022-01-11,2021-12-18,"-24 day ahead inc hosp","quantile",0.1,1862,"COVID-19"
"DE","35-59",2022-01-11,2021-12-18,"-24 day ahead inc hosp","quantile",0.25,1873,"COVID-19"
"DE","35-59",2022-01-11,2021-12-18,"-24 day ahead inc hosp","quantile",0.5,1888,"COVID-19"
"DE","35-59",2022-01-11,2021-12-18,"-24 day ahead inc hosp","quantile",0.75,1906,"COVID-19"
"DE","35-59",2022-01-11,2021-12-18,"-24 day ahead inc hosp","quantile",0.9,1926,"COVID-19"
"DE","35-59",2022-01-11,2021-12-18,"-24 day ahead inc hosp","quantile",0.975,1951,"COVID-19"
"DE","35-59",2022-01-11,2021-12-17,"-25 day ahead inc hosp","mean",NA,1971,"COVID-19"
"DE","35-59",2022-01-11,2021-12-17,"-25 day ahead inc hosp","quantile",0.025,1933,"COVID-19"
"DE","35-59",2022-01-11,2021-12-17,"-25 day ahead inc hosp","quantile",0.1,1943,"COVID-19"
"DE","35-59",2022-01-11,2021-12-17,"-25 day ahead inc hosp","quantile",0.25,1953,"COVID-19"
"DE","35-59",2022-01-11,2021-12-17,"-25 day ahead inc hosp","quantile",0.5,1968,"COVID-19"
"DE","35-59",2022-01-11,2021-12-17,"-25 day ahead inc hosp","quantile",0.75,1986,"COVID-19"
"DE","35-59",2022-01-11,2021-12-17,"-25 day ahead inc hosp","quantile",0.9,2005,"COVID-19"
"DE","35-59",2022-01-11,2021-12-17,"-25 day ahead inc hosp","quantile",0.975,2030,"COVID-19"
"DE","35-59",2022-01-11,2021-12-16,"-26 day ahead inc hosp","mean",NA,2047,"COVID-19"
"DE","35-59",2022-01-11,2021-12-16,"-26 day ahead inc hosp","quantile",0.025,2011,"COVID-19"
"DE","35-59",2022-01-11,2021-12-16,"-26 day ahead inc hosp","quantile",0.1,2020,"COVID-19"
"DE","35-59",2022-01-11,2021-12-16,"-26 day ahead inc hosp","quantile",0.25,2030,"COVID-19"
"DE","35-59",2022-01-11,2021-12-16,"-26 day ahead inc hosp","quantile",0.5,2043,"COVID-19"
"DE","35-59",2022-01-11,2021-12-16,"-26 day ahead inc hosp","quantile",0.75,2060,"COVID-19"
"DE","35-59",2022-01-11,2021-12-16,"-26 day ahead inc hosp","quantile",0.9,2079,"COVID-19"
"DE","35-59",2022-01-11,2021-12-16,"-26 day ahead inc hosp","quantile",0.975,2102,"COVID-19"
"DE","35-59",2022-01-11,2021-12-15,"-27 day ahead inc hosp","mean",NA,2112,"COVID-19"
"DE","35-59",2022-01-11,2021-12-15,"-27 day ahead inc hosp","quantile",0.025,2079,"COVID-19"
"DE","35-59",2022-01-11,2021-12-15,"-27 day ahead inc hosp","quantile",0.1,2087,"COVID-19"
"DE","35-59",2022-01-11,2021-12-15,"-27 day ahead inc hosp","quantile",0.25,2096,"COVID-19"
"DE","35-59",2022-01-11,2021-12-15,"-27 day ahead inc hosp","quantile",0.5,2109,"COVID-19"
"DE","35-59",2022-01-11,2021-12-15,"-27 day ahead inc hosp","quantile",0.75,2125,"COVID-19"
"DE","35-59",2022-01-11,2021-12-15,"-27 day ahead inc hosp","quantile",0.9,2142,"COVID-19"
"DE","35-59",2022-01-11,2021-12-15,"-27 day ahead inc hosp","quantile",0.975,2165,"COVID-19"
"DE","35-59",2022-01-11,2021-12-14,"-28 day ahead inc hosp","mean",NA,2208,"COVID-19"
"DE","35-59",2022-01-11,2021-12-14,"-28 day ahead inc hosp","quantile",0.025,2177,"COVID-19"
"DE","35-59",2022-01-11,2021-12-14,"-28 day ahead inc hosp","quantile",0.1,2185,"COVID-19"
"DE","35-59",2022-01-11,2021-12-14,"-28 day ahead inc hosp","quantile",0.25,2193,"COVID-19"
"DE","35-59",2022-01-11,2021-12-14,"-28 day ahead inc hosp","quantile",0.5,2205,"COVID-19"
"DE","35-59",2022-01-11,2021-12-14,"-28 day ahead inc hosp","quantile",0.75,2220,"COVID-19"
"DE","35-59",2022-01-11,2021-12-14,"-28 day ahead inc hosp","quantile",0.9,2236,"COVID-19"
"DE","35-59",2022-01-11,2021-12-14,"-28 day ahead inc hosp","quantile",0.975,2258,"COVID-19"
"DE","60-79",2022-01-11,2022-01-11,"0 day ahead inc hosp","mean",NA,1543,"COVID-19"
"DE","60-79",2022-01-11,2022-01-11,"0 day ahead inc hosp","quantile",0.025,1170,"COVID-19"
"DE","60-79",2022-01-11,2022-01-11,"0 day ahead inc hosp","quantile",0.1,1276,"COVID-19"
"DE","60-79",2022-01-11,2022-01-11,"0 day ahead inc hosp","quantile",0.25,1385,"COVID-19"
"DE","60-79",2022-01-11,2022-01-11,"0 day ahead inc hosp","quantile",0.5,1523,"COVID-19"
"DE","60-79",2022-01-11,2022-01-11,"0 day ahead inc hosp","quantile",0.75,1679,"COVID-19"
"DE","60-79",2022-01-11,2022-01-11,"0 day ahead inc hosp","quantile",0.9,1837,"COVID-19"
"DE","60-79",2022-01-11,2022-01-11,"0 day ahead inc hosp","quantile",0.975,2032,"COVID-19"
"DE","60-79",2022-01-11,2022-01-10,"-1 day ahead inc hosp","mean",NA,1579,"COVID-19"
"DE","60-79",2022-01-11,2022-01-10,"-1 day ahead inc hosp","quantile",0.025,1259,"COVID-19"
"DE","60-79",2022-01-11,2022-01-10,"-1 day ahead inc hosp","quantile",0.1,1349,"COVID-19"
"DE","60-79",2022-01-11,2022-01-10,"-1 day ahead inc hosp","quantile",0.25,1442,"COVID-19"
"DE","60-79",2022-01-11,2022-01-10,"-1 day ahead inc hosp","quantile",0.5,1561,"COVID-19"
"DE","60-79",2022-01-11,2022-01-10,"-1 day ahead inc hosp","quantile",0.75,1696,"COVID-19"
"DE","60-79",2022-01-11,2022-01-10,"-1 day ahead inc hosp","quantile",0.9,1833,"COVID-19"
"DE","60-79",2022-01-11,2022-01-10,"-1 day ahead inc hosp","quantile",0.975,2003,"COVID-19"
"DE","60-79",2022-01-11,2022-01-09,"-2 day ahead inc hosp","mean",NA,1604,"COVID-19"
"DE","60-79",2022-01-11,2022-01-09,"-2 day ahead inc hosp","quantile",0.025,1307,"COVID-19"
"DE","60-79",2022-01-11,2022-01-09,"-2 day ahead inc hosp","quantile",0.1,1391,"COVID-19"
"DE","60-79",2022-01-11,2022-01-09,"-2 day ahead inc hosp","quantile",0.25,1478,"COVID-19"
"DE","60-79",2022-01-11,2022-01-09,"-2 day ahead inc hosp","quantile",0.5,1588,"COVID-19"
"DE","60-79",2022-01-11,2022-01-09,"-2 day ahead inc hosp","quantile",0.75,1713,"COVID-19"
"DE","60-79",2022-01-11,2022-01-09,"-2 day ahead inc hosp","quantile",0.9,1838,"COVID-19"
"DE","60-79",2022-01-11,2022-01-09,"-2 day ahead inc hosp","quantile",0.975,1992,"COVID-19"
"DE","60-79",2022-01-11,2022-01-08,"-3 day ahead inc hosp","mean",NA,1589,"COVID-19"
"DE","60-79",2022-01-11,2022-01-08,"-3 day ahead inc hosp","quantile",0.025,1321,"COVID-19"
"DE","60-79",2022-01-11,2022-01-08,"-3 day ahead inc hosp","quantile",0.1,1398,"COVID-19"
"DE","60-79",2022-01-11,2022-01-08,"-3 day ahead inc hosp","quantile",0.25,1477,"COVID-19"
"DE","60-79",2022-01-11,2022-01-08,"-3 day ahead inc hosp","quantile",0.5,1575,"COVID-19"
"DE","60-79",2022-01-11,2022-01-08,"-3 day ahead inc hosp","quantile",0.75,1686,"COVID-19"
"DE","60-79",2022-01-11,2022-01-08,"-3 day ahead inc hosp","quantile",0.9,1797,"COVID-19"
"DE","60-79",2022-01-11,2022-01-08,"-3 day ahead inc hosp","quantile",0.975,1934,"COVID-19"
"DE","60-79",2022-01-11,2022-01-07,"-4 day ahead inc hosp","mean",NA,1573,"COVID-19"
"DE","60-79",2022-01-11,2022-01-07,"-4 day ahead inc hosp","quantile",0.025,1334,"COVID-19"
"DE","60-79",2022-01-11,2022-01-07,"-4 day ahead inc hosp","quantile",0.1,1403,"COVID-19"
"DE","60-79",2022-01-11,2022-01-07,"-4 day ahead inc hosp","quantile",0.25,1473,"COVID-19"
"DE","60-79",2022-01-11,2022-01-07,"-4 day ahead inc hosp","quantile",0.5,1561,"COVID-19"
"DE","60-79",2022-01-11,2022-01-07,"-4 day ahead inc hosp","quantile",0.75,1660,"COVID-19"
"DE","60-79",2022-01-11,2022-01-07,"-4 day ahead inc hosp","quantile",0.9,1758,"COVID-19"
"DE","60-79",2022-01-11,2022-01-07,"-4 day ahead inc hosp","quantile",0.975,1880,"COVID-19"
"DE","60-79",2022-01-11,2022-01-06,"-5 day ahead inc hosp","mean",NA,1706,"COVID-19"
"DE","60-79",2022-01-11,2022-01-06,"-5 day ahead inc hosp","quantile",0.025,1479,"COVID-19"
"DE","60-79",2022-01-11,2022-01-06,"-5 day ahead inc hosp","quantile",0.1,1544,"COVID-19"
"DE","60-79",2022-01-11,2022-01-06,"-5 day ahead inc hosp","quantile",0.25,1611,"COVID-19"
"DE","60-79",2022-01-11,2022-01-06,"-5 day ahead inc hosp","quantile",0.5,1695,"COVID-19"
"DE","60-79",2022-01-11,2022-01-06,"-5 day ahead inc hosp","quantile",0.75,1788,"COVID-19"
"DE","60-79",2022-01-11,2022-01-06,"-5 day ahead inc hosp","quantile",0.9,1882,"COVID-19"
"DE","60-79",2022-01-11,2022-01-06,"-5 day ahead inc hosp","quantile",0.975,1997,"COVID-19"
"DE","60-79",2022-01-11,2022-01-05,"-6 day ahead inc hosp","mean",NA,1753,"COVID-19"
"DE","60-79",2022-01-11,2022-01-05,"-6 day ahead inc hosp","quantile",0.025,1549,"COVID-19"
"DE","60-79",2022-01-11,2022-01-05,"-6 day ahead inc hosp","quantile",0.1,1608,"COVID-19"
"DE","60-79",2022-01-11,2022-01-05,"-6 day ahead inc hosp","quantile",0.25,1668,"COVID-19"
"DE","60-79",2022-01-11,2022-01-05,"-6 day ahead inc hosp","quantile",0.5,1743,"COVID-19"
"DE","60-79",2022-01-11,2022-01-05,"-6 day ahead inc hosp","quantile",0.75,1827,"COVID-19"
"DE","60-79",2022-01-11,2022-01-05,"-6 day ahead inc hosp","quantile",0.9,1911,"COVID-19"
"DE","60-79",2022-01-11,2022-01-05,"-6 day ahead inc hosp","quantile",0.975,2015,"COVID-19"
"DE","60-79",2022-01-11,2022-01-04,"-7 day ahead inc hosp","mean",NA,1771,"COVID-19"
"DE","60-79",2022-01-11,2022-01-04,"-7 day ahead inc hosp","quantile",0.025,1590,"COVID-19"
"DE","60-79",2022-01-11,2022-01-04,"-7 day ahead inc hosp","quantile",0.1,1641,"COVID-19"
"DE","60-79",2022-01-11,2022-01-04,"-7 day ahead inc hosp","quantile",0.25,1694,"COVID-19"
"DE","60-79",2022-01-11,2022-01-04,"-7 day ahead inc hosp","quantile",0.5,1761,"COVID-19"
"DE","60-79",2022-01-11,2022-01-04,"-7 day ahead inc hosp","quantile",0.75,1837,"COVID-19"
"DE","60-79",2022-01-11,2022-01-04,"-7 day ahead inc hosp","quantile",0.9,1913,"COVID-19"
"DE","60-79",2022-01-11,2022-01-04,"-7 day ahead inc hosp","quantile",0.975,2008,"COVID-19"
"DE","60-79",2022-01-11,2022-01-03,"-8 day ahead inc hosp","mean",NA,1768,"COVID-19"
"DE","60-79",2022-01-11,2022-01-03,"-8 day ahead inc hosp","quantile",0.025,1606,"COVID-19"
"DE","60-79",2022-01-11,2022-01-03,"-8 day ahead inc hosp","quantile",0.1,1651,"COVID-19"
"DE","60-79",2022-01-11,2022-01-03,"-8 day ahead inc hosp","quantile",0.25,1698,"COVID-19"
"DE","60-79",2022-01-11,2022-01-03,"-8 day ahead inc hosp","quantile",0.5,1758,"COVID-19"
"DE","60-79",2022-01-11,2022-01-03,"-8 day ahead inc hosp","quantile",0.75,1827,"COVID-19"
"DE","60-79",2022-01-11,2022-01-03,"-8 day ahead inc hosp","quantile",0.9,1896,"COVID-19"
"DE","60-79",2022-01-11,2022-01-03,"-8 day ahead inc hosp","quantile",0.975,1983,"COVID-19"
"DE","60-79",2022-01-11,2022-01-02,"-9 day ahead inc hosp","mean",NA,1785,"COVID-19"
"DE","60-79",2022-01-11,2022-01-02,"-9 day ahead inc hosp","quantile",0.025,1622,"COVID-19"
"DE","60-79",2022-01-11,2022-01-02,"-9 day ahead inc hosp","quantile",0.1,1666,"COVID-19"
"DE","60-79",2022-01-11,2022-01-02,"-9 day ahead inc hosp","quantile",0.25,1714,"COVID-19"
"DE","60-79",2022-01-11,2022-01-02,"-9 day ahead inc hosp","quantile",0.5,1775,"COVID-19"
"DE","60-79",2022-01-11,2022-01-02,"-9 day ahead inc hosp","quantile",0.75,1845,"COVID-19"
"DE","60-79",2022-01-11,2022-01-02,"-9 day ahead inc hosp","quantile",0.9,1917,"COVID-19"
"DE","60-79",2022-01-11,2022-01-02,"-9 day ahead inc hosp","quantile",0.975,2008,"COVID-19"
"DE","60-79",2022-01-11,2022-01-01,"-10 day ahead inc hosp","mean",NA,1791,"COVID-19"
"DE","60-79",2022-01-11,2022-01-01,"-10 day ahead inc hosp","quantile",0.025,1629,"COVID-19"
"DE","60-79",2022-01-11,2022-01-01,"-10 day ahead inc hosp","quantile",0.1,1672,"COVID-19"
"DE","60-79",2022-01-11,2022-01-01,"-10 day ahead inc hosp","quantile",0.25,1719,"COVID-19"
"DE","60-79",2022-01-11,2022-01-01,"-10 day ahead inc hosp","quantile",0.5,1780,"COVID-19"
"DE","60-79",2022-01-11,2022-01-01,"-10 day ahead inc hosp","quantile",0.75,1850,"COVID-19"
"DE","60-79",2022-01-11,2022-01-01,"-10 day ahead inc hosp","quantile",0.9,1923,"COVID-19"
"DE","60-79",2022-01-11,2022-01-01,"-10 day ahead inc hosp","quantile",0.975,2014,"COVID-19"
"DE","60-79",2022-01-11,2021-12-31,"-11 day ahead inc hosp","mean",NA,1784,"COVID-19"
"DE","60-79",2022-01-11,2021-12-31,"-11 day ahead inc hosp","quantile",0.025,1634,"COVID-19"
"DE","60-79",2022-01-11,2021-12-31,"-11 day ahead inc hosp","quantile",0.1,1674,"COVID-19"
"DE","60-79",2022-01-11,2021-12-31,"-11 day ahead inc hosp","quantile",0.25,1717,"COVID-19"
"DE","60-79",2022-01-11,2021-12-31,"-11 day ahead inc hosp","quantile",0.5,1774,"COVID-19"
"DE","60-79",2022-01-11,2021-12-31,"-11 day ahead inc hosp","quantile",0.75,1840,"COVID-19"
"DE","60-79",2022-01-11,2021-12-31,"-11 day ahead inc hosp","quantile",0.9,1907,"COVID-19"
"DE","60-79",2022-01-11,2021-12-31,"-11 day ahead inc hosp","quantile",0.975,1992,"COVID-19"
"DE","60-79",2022-01-11,2021-12-30,"-12 day ahead inc hosp","mean",NA,1773,"COVID-19"
"DE","60-79",2022-01-11,2021-12-30,"-12 day ahead inc hosp","quantile",0.025,1645,"COVID-19"
"DE","60-79",2022-01-11,2021-12-30,"-12 day ahead inc hosp","quantile",0.1,1680,"COVID-19"
"DE","60-79",2022-01-11,2021-12-30,"-12 day ahead inc hosp","quantile",0.25,1717,"COVID-19"
"DE","60-79",2022-01-11,2021-12-30,"-12 day ahead inc hosp","quantile",0.5,1765,"COVID-19"
"DE","60-79",2022-01-11,2021-12-30,"-12 day ahead inc hosp","quantile",0.75,1821,"COVID-19"
"DE","60-79",2022-01-11,2021-12-30,"-12 day ahead inc hosp","quantile",0.9,1878,"COVID-19"
"DE","60-79",2022-01-11,2021-12-30,"-12 day ahead inc hosp","quantile",0.975,1950,"COVID-19"
"DE","60-79",2022-01-11,2021-12-29,"-13 day ahead inc hosp","mean",NA,1772,"COVID-19"
"DE","60-79",2022-01-11,2021-12-29,"-13 day ahead inc hosp","quantile",0.025,1659,"COVID-19"
"DE","60-79",2022-01-11,2021-12-29,"-13 day ahead inc hosp","quantile",0.1,1689,"COVID-19"
"DE","60-79",2022-01-11,2021-12-29,"-13 day ahead inc hosp","quantile",0.25,1722,"COVID-19"
"DE","60-79",2022-01-11,2021-12-29,"-13 day ahead inc hosp","quantile",0.5,1765,"COVID-19"
"DE","60-79",2022-01-11,2021-12-29,"-13 day ahead inc hosp","quantile",0.75,1815,"COVID-19"
"DE","60-79",2022-01-11,2021-12-29,"-13 day ahead inc hosp","quantile",0.9,1866,"COVID-19"
"DE","60-79",2022-01-11,2021-12-29,"-13 day ahead inc hosp","quantile",0.975,1931,"COVID-19"
"DE","60-79",2022-01-11,2021-12-28,"-14 day ahead inc hosp","mean",NA,1821,"COVID-19"
"DE","60-79",2022-01-11,2021-12-28,"-14 day ahead inc hosp","quantile",0.025,1717,"COVID-19"
"DE","60-79",2022-01-11,2021-12-28,"-14 day ahead inc hosp","quantile",0.1,1745,"COVID-19"
"DE","60-79",2022-01-11,2021-12-28,"-14 day ahead inc hosp","quantile",0.25,1774,"COVID-19"
"DE","60-79",2022-01-11,2021-12-28,"-14 day ahead inc hosp","quantile",0.5,1813,"COVID-19"
"DE","60-79",2022-01-11,2021-12-28,"-14 day ahead inc hosp","quantile",0.75,1859,"COVID-19"
"DE","60-79",2022-01-11,2021-12-28,"-14 day ahead inc hosp","quantile",0.9,1907,"COVID-19"
"DE","60-79",2022-01-11,2021-12-28,"-14 day ahead inc hosp","quantile",0.975,1968,"COVID-19"
"DE","60-79",2022-01-11,2021-12-27,"-15 day ahead inc hosp","mean",NA,1877,"COVID-19"
"DE","60-79",2022-01-11,2021-12-27,"-15 day ahead inc hosp","quantile",0.025,1782,"COVID-19"
"DE","60-79",2022-01-11,2021-12-27,"-15 day ahead inc hosp","quantile",0.1,1806,"COVID-19"
"DE","60-79",2022-01-11,2021-12-27,"-15 day ahead inc hosp","quantile",0.25,1834,"COVID-19"
"DE","60-79",2022-01-11,2021-12-27,"-15 day ahead inc hosp","quantile",0.5,1870,"COVID-19"
"DE","60-79",2022-01-11,2021-12-27,"-15 day ahead inc hosp","quantile",0.75,1913,"COVID-19"
"DE","60-79",2022-01-11,2021-12-27,"-15 day ahead inc hosp","quantile",0.9,1958,"COVID-19"
"DE","60-79",2022-01-11,2021-12-27,"-15 day ahead inc hosp","quantile",0.975,2016,"COVID-19"
"DE","60-79",2022-01-11,2021-12-26,"-16 day ahead inc hosp","mean",NA,1916,"COVID-19"
"DE","60-79",2022-01-11,2021-12-26,"-16 day ahead inc hosp","quantile",0.025,1821,"COVID-19"
"DE","60-79",2022-01-11,2021-12-26,"-16 day ahead inc hosp","quantile",0.1,1846,"COVID-19"
"DE","60-79",2022-01-11,2021-12-26,"-16 day ahead inc hosp","quantile",0.25,1873,"COVID-19"
"DE","60-79",2022-01-11,2021-12-26,"-16 day ahead inc hosp","quantile",0.5,1909,"COVID-19"
"DE","60-79",2022-01-11,2021-12-26,"-16 day ahead inc hosp","quantile",0.75,1952,"COVID-19"
"DE","60-79",2022-01-11,2021-12-26,"-16 day ahead inc hosp","quantile",0.9,1997,"COVID-19"
"DE","60-79",2022-01-11,2021-12-26,"-16 day ahead inc hosp","quantile",0.975,2056,"COVID-19"
"DE","60-79",2022-01-11,2021-12-25,"-17 day ahead inc hosp","mean",NA,2083,"COVID-19"
"DE","60-79",2022-01-11,2021-12-25,"-17 day ahead inc hosp","quantile",0.025,1984,"COVID-19"
"DE","60-79",2022-01-11,2021-12-25,"-17 day ahead inc hosp","quantile",0.1,2009,"COVID-19"
"DE","60-79",2022-01-11,2021-12-25,"-17 day ahead inc hosp","quantile",0.25,2037,"COVID-19"
"DE","60-79",2022-01-11,2021-12-25,"-17 day ahead inc hosp","quantile",0.5,2075,"COVID-19"
"DE","60-79",2022-01-11,2021-12-25,"-17 day ahead inc hosp","quantile",0.75,2120,"COVID-19"
"DE","60-79",2022-01-11,2021-12-25,"-17 day ahead inc hosp","quantile",0.9,2167,"COVID-19"
"DE","60-79",2022-01-11,2021-12-25,"-17 day ahead inc hosp","quantile",0.975,2229,"COVID-19"
"DE","60-79",2022-01-11,2021-12-24,"-18 day ahead inc hosp","mean",NA,2332,"COVID-19"
"DE","60-79",2022-01-11,2021-12-24,"-18 day ahead inc hosp","quantile",0.025,2230,"COVID-19"
"DE","60-79",2022-01-11,2021-12-24,"-18 day ahead inc hosp","quantile",0.1,2256,"COVID-19"
"DE","60-79",2022-01-11,2021-12-24,"-18 day ahead inc hosp","quantile",0.25,2285,"COVID-19"
"DE","60-79",2022-01-11,2021-12-24,"-18 day ahead inc hosp","quantile",0.5,2324,"COVID-19"
"DE","60-79",2022-01-11,2021-12-24,"-18 day ahead inc hosp","quantile",0.75,2370,"COVID-19"
"DE","60-79",2022-01-11,2021-12-24,"-18 day ahead inc hosp","quantile",0.9,2419,"COVID-19"
"DE","60-79",2022-01-11,2021-12-24,"-18 day ahead inc hosp","quantile",0.975,2482,"COVID-19"
"DE","60-79",2022-01-11,2021-12-23,"-19 day ahead inc hosp","mean",NA,2446,"COVID-19"
"DE","60-79",2022-01-11,2021-12-23,"-19 day ahead inc hosp","quantile",0.025,2349,"COVID-19"
"DE","60-79",2022-01-11,2021-12-23,"-19 day ahead inc hosp","quantile",0.1,2374,"COVID-19"
"DE","60-79",2022-01-11,2021-12-23,"-19 day ahead inc hosp","quantile",0.25,2401,"COVID-19"
"DE","60-79",2022-01-11,2021-12-23,"-19 day ahead inc hosp","quantile",0.5,2438,"COVID-19"
"DE","60-79",2022-01-11,2021-12-23,"-19 day ahead inc hosp","quantile",0.75,2482,"COVID-19"
"DE","60-79",2022-01-11,2021-12-23,"-19 day ahead inc hosp","quantile",0.9,2528,"COVID-19"
"DE","60-79",2022-01-11,2021-12-23,"-19 day ahead inc hosp","quantile",0.975,2587,"COVID-19"
"DE","60-79",2022-01-11,2021-12-22,"-20 day ahead inc hosp","mean",NA,2563,"COVID-19"
"DE","60-79",2022-01-11,2021-12-22,"-20 day ahead inc hosp","quantile",0.025,2471,"COVID-19"
"DE","60-79",2022-01-11,2021-12-22,"-20 day ahead inc hosp","quantile",0.1,2495,"COVID-19"
"DE","60-79",2022-01-11,2021-12-22,"-20 day ahead inc hosp","quantile",0.25,2521,"COVID-19"
"DE","60-79",2022-01-11,2021-12-22,"-20 day ahead inc hosp","quantile",0.5,2555,"COVID-19"
"DE","60-79",2022-01-11,2021-12-22,"-20 day ahead inc hosp","quantile",0.75,2597,"COVID-19"
"DE","60-79",2022-01-11,2021-12-22,"-20 day ahead inc hosp","quantile",0.9,2641,"COVID-19"
"DE","60-79",2022-01-11,2021-12-22,"-20 day ahead inc hosp","quantile",0.975,2697,"COVID-19"
"DE","60-79",2022-01-11,2021-12-21,"-21 day ahead inc hosp","mean",NA,2730,"COVID-19"
"DE","60-79",2022-01-11,2021-12-21,"-21 day ahead inc hosp","quantile",0.025,2645,"COVID-19"
"DE","60-79",2022-01-11,2021-12-21,"-21 day ahead inc hosp","quantile",0.1,2667,"COVID-19"
"DE","60-79",2022-01-11,2021-12-21,"-21 day ahead inc hosp","quantile",0.25,2691,"COVID-19"
"DE","60-79",2022-01-11,2021-12-21,"-21 day ahead inc hosp","quantile",0.5,2723,"COVID-19"
"DE","60-79",2022-01-11,2021-12-21,"-21 day ahead inc hosp","quantile",0.75,2761,"COVID-19"
"DE","60-79",2022-01-11,2021-12-21,"-21 day ahead inc hosp","quantile",0.9,2801,"COVID-19"
"DE","60-79",2022-01-11,2021-12-21,"-21 day ahead inc hosp","quantile",0.975,2852,"COVID-19"
"DE","60-79",2022-01-11,2021-12-20,"-22 day ahead inc hosp","mean",NA,2786,"COVID-19"
"DE","60-79",2022-01-11,2021-12-20,"-22 day ahead inc hosp","quantile",0.025,2708,"COVID-19"
"DE","60-79",2022-01-11,2021-12-20,"-22 day ahead inc hosp","quantile",0.1,2728,"COVID-19"
"DE","60-79",2022-01-11,2021-12-20,"-22 day ahead inc hosp","quantile",0.25,2750,"COVID-19"
"DE","60-79",2022-01-11,2021-12-20,"-22 day ahead inc hosp","quantile",0.5,2780,"COVID-19"
"DE","60-79",2022-01-11,2021-12-20,"-22 day ahead inc hosp","quantile",0.75,2815,"COVID-19"
"DE","60-79",2022-01-11,2021-12-20,"-22 day ahead inc hosp","quantile",0.9,2852,"COVID-19"
"DE","60-79",2022-01-11,2021-12-20,"-22 day ahead inc hosp","quantile",0.975,2899,"COVID-19"
"DE","60-79",2022-01-11,2021-12-19,"-23 day ahead inc hosp","mean",NA,2842,"COVID-19"
"DE","60-79",2022-01-11,2021-12-19,"-23 day ahead inc hosp","quantile",0.025,2765,"COVID-19"
"DE","60-79",2022-01-11,2021-12-19,"-23 day ahead inc hosp","quantile",0.1,2785,"COVID-19"
"DE","60-79",2022-01-11,2021-12-19,"-23 day ahead inc hosp","quantile",0.25,2806,"COVID-19"
"DE","60-79",2022-01-11,2021-12-19,"-23 day ahead inc hosp","quantile",0.5,2835,"COVID-19"
"DE","60-79",2022-01-11,2021-12-19,"-23 day ahead inc hosp","quantile",0.75,2870,"COVID-19"
"DE","60-79",2022-01-11,2021-12-19,"-23 day ahead inc hosp","quantile",0.9,2906,"COVID-19"
"DE","60-79",2022-01-11,2021-12-19,"-23 day ahead inc hosp","quantile",0.975,2953,"COVID-19"
"DE","60-79",2022-01-11,2021-12-18,"-24 day ahead inc hosp","mean",NA,2926,"COVID-19"
"DE","60-79",2022-01-11,2021-12-18,"-24 day ahead inc hosp","quantile",0.025,2853,"COVID-19"
"DE","60-79",2022-01-11,2021-12-18,"-24 day ahead inc hosp","quantile",0.1,2872,"COVID-19"
"DE","60-79",2022-01-11,2021-12-18,"-24 day ahead inc hosp","quantile",0.25,2892,"COVID-19"
"DE","60-79",2022-01-11,2021-12-18,"-24 day ahead inc hosp","quantile",0.5,2920,"COVID-19"
"DE","60-79",2022-01-11,2021-12-18,"-24 day ahead inc hosp","quantile",0.75,2954,"COVID-19"
"DE","60-79",2022-01-11,2021-12-18,"-24 day ahead inc hosp","quantile",0.9,2989,"COVID-19"
"DE","60-79",2022-01-11,2021-12-18,"-24 day ahead inc hosp","quantile",0.975,3034,"COVID-19"
"DE","60-79",2022-01-11,2021-12-17,"-25 day ahead inc hosp","mean",NA,2965,"COVID-19"
"DE","60-79",2022-01-11,2021-12-17,"-25 day ahead inc hosp","quantile",0.025,2897,"COVID-19"
"DE","60-79",2022-01-11,2021-12-17,"-25 day ahead inc hosp","quantile",0.1,2915,"COVID-19"
"DE","60-79",2022-01-11,2021-12-17,"-25 day ahead inc hosp","quantile",0.25,2934,"COVID-19"
"DE","60-79",2022-01-11,2021-12-17,"-25 day ahead inc hosp","quantile",0.5,2960,"COVID-19"
"DE","60-79",2022-01-11,2021-12-17,"-25 day ahead inc hosp","quantile",0.75,2991,"COVID-19"
"DE","60-79",2022-01-11,2021-12-17,"-25 day ahead inc hosp","quantile",0.9,3023,"COVID-19"
"DE","60-79",2022-01-11,2021-12-17,"-25 day ahead inc hosp","quantile",0.975,3065,"COVID-19"
"DE","60-79",2022-01-11,2021-12-16,"-26 day ahead inc hosp","mean",NA,3043,"COVID-19"
"DE","60-79",2022-01-11,2021-12-16,"-26 day ahead inc hosp","quantile",0.025,2979,"COVID-19"
"DE","60-79",2022-01-11,2021-12-16,"-26 day ahead inc hosp","quantile",0.1,2995,"COVID-19"
"DE","60-79",2022-01-11,2021-12-16,"-26 day ahead inc hosp","quantile",0.25,3013,"COVID-19"
"DE","60-79",2022-01-11,2021-12-16,"-26 day ahead inc hosp","quantile",0.5,3038,"COVID-19"
"DE","60-79",2022-01-11,2021-12-16,"-26 day ahead inc hosp","quantile",0.75,3067,"COVID-19"
"DE","60-79",2022-01-11,2021-12-16,"-26 day ahead inc hosp","quantile",0.9,3098,"COVID-19"
"DE","60-79",2022-01-11,2021-12-16,"-26 day ahead inc hosp","quantile",0.975,3137,"COVID-19"
"DE","60-79",2022-01-11,2021-12-15,"-27 day ahead inc hosp","mean",NA,3192,"COVID-19"
"DE","60-79",2022-01-11,2021-12-15,"-27 day ahead inc hosp","quantile",0.025,3132,"COVID-19"
"DE","60-79",2022-01-11,2021-12-15,"-27 day ahead inc hosp","quantile",0.1,3148,"COVID-19"
"DE","60-79",2022-01-11,2021-12-15,"-27 day ahead inc hosp","quantile",0.25,3164,"COVID-19"
"DE","60-79",2022-01-11,2021-12-15,"-27 day ahead inc hosp","quantile",0.5,3187,"COVID-19"
"DE","60-79",2022-01-11,2021-12-15,"-27 day ahead inc hosp","quantile",0.75,3215,"COVID-19"
"DE","60-79",2022-01-11,2021-12-15,"-27 day ahead inc hosp","quantile",0.9,3244,"COVID-19"
"DE","60-79",2022-01-11,2021-12-15,"-27 day ahead inc hosp","quantile",0.975,3281,"COVID-19"
"DE","60-79",2022-01-11,2021-12-14,"-28 day ahead inc hosp","mean",NA,3251,"COVID-19"
"DE","60-79",2022-01-11,2021-12-14,"-28 day ahead inc hosp","quantile",0.025,3196,"COVID-19"
"DE","60-79",2022-01-11,2021-12-14,"-28 day ahead inc hosp","quantile",0.1,3210,"COVID-19"
"DE","60-79",2022-01-11,2021-12-14,"-28 day ahead inc hosp","quantile",0.25,3225,"COVID-19"
"DE","60-79",2022-01-11,2021-12-14,"-28 day ahead inc hosp","quantile",0.5,3246,"COVID-19"
"DE","60-79",2022-01-11,2021-12-14,"-28 day ahead inc hosp","quantile",0.75,3271,"COVID-19"
"DE","60-79",2022-01-11,2021-12-14,"-28 day ahead inc hosp","quantile",0.9,3297,"COVID-19"
"DE","60-79",2022-01-11,2021-12-14,"-28 day ahead inc hosp","quantile",0.975,3331,"COVID-19"
"DE","80+",2022-01-11,2022-01-11,"0 day ahead inc hosp","mean",NA,1106,"COVID-19"
"DE","80+",2022-01-11,2022-01-11,"0 day ahead inc hosp","quantile",0.025,861,"COVID-19"
"DE","80+",2022-01-11,2022-01-11,"0 day ahead inc hosp","quantile",0.1,930,"COVID-19"
"DE","80+",2022-01-11,2022-01-11,"0 day ahead inc hosp","quantile",0.25,1002,"COVID-19"
"DE","80+",2022-01-11,2022-01-11,"0 day ahead inc hosp","quantile",0.5,1092,"COVID-19"
"DE","80+",2022-01-11,2022-01-11,"0 day ahead inc hosp","quantile",0.75,1195,"COVID-19"
"DE","80+",2022-01-11,2022-01-11,"0 day ahead inc hosp","quantile",0.9,1299,"COVID-19"
"DE","80+",2022-01-11,2022-01-11,"0 day ahead inc hosp","quantile",0.975,1428,"COVID-19"
"DE","80+",2022-01-11,2022-01-10,"-1 day ahead inc hosp","mean",NA,1166,"COVID-19"
"DE","80+",2022-01-11,2022-01-10,"-1 day ahead inc hosp","quantile",0.025,950,"COVID-19"
"DE","80+",2022-01-11,2022-01-10,"-1 day ahead inc hosp","quantile",0.1,1010,"COVID-19"
"DE","80+",2022-01-11,2022-01-10,"-1 day ahead inc hosp","quantile",0.25,1072,"COVID-19"
"DE","80+",2022-01-11,2022-01-10,"-1 day ahead inc hosp","quantile",0.5,1153,"COVID-19"
"DE","80+",2022-01-11,2022-01-10,"-1 day ahead inc hosp","quantile",0.75,1245,"COVID-19"
"DE","80+",2022-01-11,2022-01-10,"-1 day ahead inc hosp","quantile",0.9,1339,"COVID-19"
"DE","80+",2022-01-11,2022-01-10,"-1 day ahead inc hosp","quantile",0.975,1457,"COVID-19"
"DE","80+",2022-01-11,2022-01-09,"-2 day ahead inc hosp","mean",NA,1230,"COVID-19"
"DE","80+",2022-01-11,2022-01-09,"-2 day ahead inc hosp","quantile",0.025,1021,"COVID-19"
"DE","80+",2022-01-11,2022-01-09,"-2 day ahead inc hosp","quantile",0.1,1079,"COVID-19"
"DE","80+",2022-01-11,2022-01-09,"-2 day ahead inc hosp","quantile",0.25,1140,"COVID-19"
"DE","80+",2022-01-11,2022-01-09,"-2 day ahead inc hosp","quantile",0.5,1217,"COVID-19"
"DE","80+",2022-01-11,2022-01-09,"-2 day ahead inc hosp","quantile",0.75,1306,"COVID-19"
"DE","80+",2022-01-11,2022-01-09,"-2 day ahead inc hosp","quantile",0.9,1396,"COVID-19"
"DE","80+",2022-01-11,2022-01-09,"-2 day ahead inc hosp","quantile",0.975,1508,"COVID-19"
"DE","80+",2022-01-11,2022-01-08,"-3 day ahead inc hosp","mean",NA,1226,"COVID-19"
"DE","80+",2022-01-11,2022-01-08,"-3 day ahead inc hosp","quantile",0.025,1040,"COVID-19"
"DE","80+",2022-01-11,2022-01-08,"-3 day ahead inc hosp","quantile",0.1,1092,"COVID-19"
"DE","80+",2022-01-11,2022-01-08,"-3 day ahead inc hosp","quantile",0.25,1147,"COVID-19"
"DE","80+",2022-01-11,2022-01-08,"-3 day ahead inc hosp","quantile",0.5,1216,"COVID-19"
"DE","80+",2022-01-11,2022-01-08,"-3 day ahead inc hosp","quantile",0.75,1294,"COVID-19"
"DE","80+",2022-01-11,2022-01-08,"-3 day ahead inc hosp","quantile",0.9,1372,"COVID-19"
"DE","80+",2022-01-11,2022-01-08,"-3 day ahead inc hosp","quantile",0.975,1470,"COVID-19"
"DE","80+",2022-01-11,2022-01-07,"-4 day ahead inc hosp","mean",NA,1219,"COVID-19"
"DE","80+",2022-01-11,2022-01-07,"-4 day ahead inc hosp","quantile",0.025,1061,"COVID-19"
"DE","80+",2022-01-11,2022-01-07,"-4 day ahead inc hosp","quantile",0.1,1106,"COVID-19"
"DE","80+",2022-01-11,2022-01-07,"-4 day ahead inc hosp","quantile",0.25,1153,"COVID-19"
"DE","80+",2022-01-11,2022-01-07,"-4 day ahead inc hosp","quantile",0.5,1211,"COVID-19"
"DE","80+",2022-01-11,2022-01-07,"-4 day ahead inc hosp","quantile",0.75,1277,"COVID-19"
"DE","80+",2022-01-11,2022-01-07,"-4 day ahead inc hosp","quantile",0.9,1342,"COVID-19"
"DE","80+",2022-01-11,2022-01-07,"-4 day ahead inc hosp","quantile",0.975,1423,"COVID-19"
"DE","80+",2022-01-11,2022-01-06,"-5 day ahead inc hosp","mean",NA,1301,"COVID-19"
"DE","80+",2022-01-11,2022-01-06,"-5 day ahead inc hosp","quantile",0.025,1158,"COVID-19"
"DE","80+",2022-01-11,2022-01-06,"-5 day ahead inc hosp","quantile",0.1,1200,"COVID-19"
"DE","80+",2022-01-11,2022-01-06,"-5 day ahead inc hosp","quantile",0.25,1242,"COVID-19"
"DE","80+",2022-01-11,2022-01-06,"-5 day ahead inc hosp","quantile",0.5,1294,"COVID-19"
"DE","80+",2022-01-11,2022-01-06,"-5 day ahead inc hosp","quantile",0.75,1353,"COVID-19"
"DE","80+",2022-01-11,2022-01-06,"-5 day ahead inc hosp","quantile",0.9,1411,"COVID-19"
"DE","80+",2022-01-11,2022-01-06,"-5 day ahead inc hosp","quantile",0.975,1482,"COVID-19"
"DE","80+",2022-01-11,2022-01-05,"-6 day ahead inc hosp","mean",NA,1356,"COVID-19"
"DE","80+",2022-01-11,2022-01-05,"-6 day ahead inc hosp","quantile",0.025,1224,"COVID-19"
"DE","80+",2022-01-11,2022-01-05,"-6 day ahead inc hosp","quantile",0.1,1263,"COVID-19"
"DE","80+",2022-01-11,2022-01-05,"-6 day ahead inc hosp","quantile",0.25,1301,"COVID-19"
"DE","80+",2022-01-11,2022-01-05,"-6 day ahead inc hosp","quantile",0.5,1350,"COVID-19"
"DE","80+",2022-01-11,2022-01-05,"-6 day ahead inc hosp","quantile",0.75,1404,"COVID-19"
"DE","80+",2022-01-11,2022-01-05,"-6 day ahead inc hosp","quantile",0.9,1458,"COVID-19"
"DE","80+",2022-01-11,2022-01-05,"-6 day ahead inc hosp","quantile",0.975,1524,"COVID-19"
"DE","80+",2022-01-11,2022-01-04,"-7 day ahead inc hosp","mean",NA,1372,"COVID-19"
"DE","80+",2022-01-11,2022-01-04,"-7 day ahead inc hosp","quantile",0.025,1252,"COVID-19"
"DE","80+",2022-01-11,2022-01-04,"-7 day ahead inc hosp","quantile",0.1,1287,"COVID-19"
"DE","80+",2022-01-11,2022-01-04,"-7 day ahead inc hosp","quantile",0.25,1322,"COVID-19"
"DE","80+",2022-01-11,2022-01-04,"-7 day ahead inc hosp","quantile",0.5,1366,"COVID-19"
"DE","80+",2022-01-11,2022-01-04,"-7 day ahead inc hosp","quantile",0.75,1415,"COVID-19"
"DE","80+",2022-01-11,2022-01-04,"-7 day ahead inc hosp","quantile",0.9,1465,"COVID-19"
"DE","80+",2022-01-11,2022-01-04,"-7 day ahead inc hosp","quantile",0.975,1526,"COVID-19"
"DE","80+",2022-01-11,2022-01-03,"-8 day ahead inc hosp","mean",NA,1353,"COVID-19"
"DE","80+",2022-01-11,2022-01-03,"-8 day ahead inc hosp","quantile",0.025,1249,"COVID-19"
"DE","80+",2022-01-11,2022-01-03,"-8 day ahead inc hosp","quantile",0.1,1278,"COVID-19"
"DE","80+",2022-01-11,2022-01-03,"-8 day ahead inc hosp","quantile",0.25,1309,"COVID-19"
"DE","80+",2022-01-11,2022-01-03,"-8 day ahead inc hosp","quantile",0.5,1347,"COVID-19"
"DE","80+",2022-01-11,2022-01-03,"-8 day ahead inc hosp","quantile",0.75,1390,"COVID-19"
"DE","80+",2022-01-11,2022-01-03,"-8 day ahead inc hosp","quantile",0.9,1434,"COVID-19"
"DE","80+",2022-01-11,2022-01-03,"-8 day ahead inc hosp","quantile",0.975,1487,"COVID-19"
"DE","80+",2022-01-11,2022-01-02,"-9 day ahead inc hosp","mean",NA,1350,"COVID-19"
"DE","80+",2022-01-11,2022-01-02,"-9 day ahead inc hosp","quantile",0.025,1250,"COVID-19"
"DE","80+",2022-01-11,2022-01-02,"-9 day ahead inc hosp","quantile",0.1,1278,"COVID-19"
"DE","80+",2022-01-11,2022-01-02,"-9 day ahead inc hosp","quantile",0.25,1307,"COVID-19"
"DE","80+",2022-01-11,2022-01-02,"-9 day ahead inc hosp","quantile",0.5,1344,"COVID-19"
"DE","80+",2022-01-11,2022-01-02,"-9 day ahead inc hosp","quantile",0.75,1386,"COVID-19"
"DE","80+",2022-01-11,2022-01-02,"-9 day ahead inc hosp","quantile",0.9,1428,"COVID-19"
"DE","80+",2022-01-11,2022-01-02,"-9 day ahead inc hosp","quantile",0.975,1480,"COVID-19"
"DE","80+",2022-01-11,2022-01-01,"-10 day ahead inc hosp","mean",NA,1371,"COVID-19"
"DE","80+",2022-01-11,2022-01-01,"-10 day ahead inc hosp","quantile",0.025,1273,"COVID-19"
"DE","80+",2022-01-11,2022-01-01,"-10 day ahead inc hosp","quantile",0.1,1301,"COVID-19"
"DE","80+",2022-01-11,2022-01-01,"-10 day ahead inc hosp","quantile",0.25,1330,"COVID-19"
"DE","80+",2022-01-11,2022-01-01,"-10 day ahead inc hosp","quantile",0.5,1366,"COVID-19"
"DE","80+",2022-01-11,2022-01-01,"-10 day ahead inc hosp","quantile",0.75,1407,"COVID-19"
"DE","80+",2022-01-11,2022-01-01,"-10 day ahead inc hosp","quantile",0.9,1448,"COVID-19"
"DE","80+",2022-01-11,2022-01-01,"-10 day ahead inc hosp","quantile",0.975,1499,"COVID-19"
"DE","80+",2022-01-11,2021-12-31,"-11 day ahead inc hosp","mean",NA,1356,"COVID-19"
"DE","80+",2022-01-11,2021-12-31,"-11 day ahead inc hosp","quantile",0.025,1266,"COVID-19"
"DE","80+",2022-01-11,2021-12-31,"-11 day ahead inc hosp","quantile",0.1,1291,"COVID-19"
"DE","80+",2022-01-11,2021-12-31,"-11 day ahead inc hosp","quantile",0.25,1318,"COVID-19"
"DE","80+",2022-01-11,2021-12-31,"-11 day ahead inc hosp","quantile",0.5,1351,"COVID-19"
"DE","80+",2022-01-11,2021-12-31,"-11 day ahead inc hosp","quantile",0.75,1389,"COVID-19"
"DE","80+",2022-01-11,2021-12-31,"-11 day ahead inc hosp","quantile",0.9,1428,"COVID-19"
"DE","80+",2022-01-11,2021-12-31,"-11 day ahead inc hosp","quantile",0.975,1475,"COVID-19"
"DE","80+",2022-01-11,2021-12-30,"-12 day ahead inc hosp","mean",NA,1352,"COVID-19"
"DE","80+",2022-01-11,2021-12-30,"-12 day ahead inc hosp","quantile",0.025,1271,"COVID-19"
"DE","80+",2022-01-11,2021-12-30,"-12 day ahead inc hosp","quantile",0.1,1294,"COVID-19"
"DE","80+",2022-01-11,2021-12-30,"-12 day ahead inc hosp","quantile",0.25,1317,"COVID-19"
"DE","80+",2022-01-11,2021-12-30,"-12 day ahead inc hosp","quantile",0.5,1347,"COVID-19"
"DE","80+",2022-01-11,2021-12-30,"-12 day ahead inc hosp","quantile",0.75,1381,"COVID-19"
"DE","80+",2022-01-11,2021-12-30,"-12 day ahead inc hosp","quantile",0.9,1415,"COVID-19"
"DE","80+",2022-01-11,2021-12-30,"-12 day ahead inc hosp","quantile",0.975,1458,"COVID-19"
"DE","80+",2022-01-11,2021-12-29,"-13 day ahead inc hosp","mean",NA,1379,"COVID-19"
"DE","80+",2022-01-11,2021-12-29,"-13 day ahead inc hosp","quantile",0.025,1307,"COVID-19"
"DE","80+",2022-01-11,2021-12-29,"-13 day ahead inc hosp","quantile",0.1,1328,"COVID-19"
"DE","80+",2022-01-11,2021-12-29,"-13 day ahead inc hosp","quantile",0.25,1349,"COVID-19"
"DE","80+",2022-01-11,2021-12-29,"-13 day ahead inc hosp","quantile",0.5,1375,"COVID-19"
"DE","80+",2022-01-11,2021-12-29,"-13 day ahead inc hosp","quantile",0.75,1406,"COVID-19"
"DE","80+",2022-01-11,2021-12-29,"-13 day ahead inc hosp","quantile",0.9,1436,"COVID-19"
"DE","80+",2022-01-11,2021-12-29,"-13 day ahead inc hosp","quantile",0.975,1474,"COVID-19"
"DE","80+",2022-01-11,2021-12-28,"-14 day ahead inc hosp","mean",NA,1423,"COVID-19"
"DE","80+",2022-01-11,2021-12-28,"-14 day ahead inc hosp","quantile",0.025,1358,"COVID-19"
"DE","80+",2022-01-11,2021-12-28,"-14 day ahead inc hosp","quantile",0.1,1376,"COVID-19"
"DE","80+",2022-01-11,2021-12-28,"-14 day ahead inc hosp","quantile",0.25,1395,"COVID-19"
"DE","80+",2022-01-11,2021-12-28,"-14 day ahead inc hosp","quantile",0.5,1419,"COVID-19"
"DE","80+",2022-01-11,2021-12-28,"-14 day ahead inc hosp","quantile",0.75,1447,"COVID-19"
"DE","80+",2022-01-11,2021-12-28,"-14 day ahead inc hosp","quantile",0.9,1475,"COVID-19"
"DE","80+",2022-01-11,2021-12-28,"-14 day ahead inc hosp","quantile",0.975,1509,"COVID-19"
"DE","80+",2022-01-11,2021-12-27,"-15 day ahead inc hosp","mean",NA,1466,"COVID-19"
"DE","80+",2022-01-11,2021-12-27,"-15 day ahead inc hosp","quantile",0.025,1405,"COVID-19"
"DE","80+",2022-01-11,2021-12-27,"-15 day ahead inc hosp","quantile",0.1,1422,"COVID-19"
"DE","80+",2022-01-11,2021-12-27,"-15 day ahead inc hosp","quantile",0.25,1440,"COVID-19"
"DE","80+",2022-01-11,2021-12-27,"-15 day ahead inc hosp","quantile",0.5,1462,"COVID-19"
"DE","80+",2022-01-11,2021-12-27,"-15 day ahead inc hosp","quantile",0.75,1488,"COVID-19"
"DE","80+",2022-01-11,2021-12-27,"-15 day ahead inc hosp","quantile",0.9,1515,"COVID-19"
"DE","80+",2022-01-11,2021-12-27,"-15 day ahead inc hosp","quantile",0.975,1548,"COVID-19"
"DE","80+",2022-01-11,2021-12-26,"-16 day ahead inc hosp","mean",NA,1488,"COVID-19"
"DE","80+",2022-01-11,2021-12-26,"-16 day ahead inc hosp","quantile",0.025,1428,"COVID-19"
"DE","80+",2022-01-11,2021-12-26,"-16 day ahead inc hosp","quantile",0.1,1445,"COVID-19"
"DE","80+",2022-01-11,2021-12-26,"-16 day ahead inc hosp","quantile",0.25,1462,"COVID-19"
"DE","80+",2022-01-11,2021-12-26,"-16 day ahead inc hosp","quantile",0.5,1484,"COVID-19"
"DE","80+",2022-01-11,2021-12-26,"-16 day ahead inc hosp","quantile",0.75,1510,"COVID-19"
"DE","80+",2022-01-11,2021-12-26,"-16 day ahead inc hosp","quantile",0.9,1536,"COVID-19"
"DE","80+",2022-01-11,2021-12-26,"-16 day ahead inc hosp","quantile",0.975,1569,"COVID-19"
"DE","80+",2022-01-11,2021-12-25,"-17 day ahead inc hosp","mean",NA,1575,"COVID-19"
"DE","80+",2022-01-11,2021-12-25,"-17 day ahead inc hosp","quantile",0.025,1514,"COVID-19"
"DE","80+",2022-01-11,2021-12-25,"-17 day ahead inc hosp","quantile",0.1,1531,"COVID-19"
"DE","80+",2022-01-11,2021-12-25,"-17 day ahead inc hosp","quantile",0.25,1549,"COVID-19"
"DE","80+",2022-01-11,2021-12-25,"-17 day ahead inc hosp","quantile",0.5,1571,"COVID-19"
"DE","80+",2022-01-11,2021-12-25,"-17 day ahead inc hosp","quantile",0.75,1598,"COVID-19"
"DE","80+",2022-01-11,2021-12-25,"-17 day ahead inc hosp","quantile",0.9,1625,"COVID-19"
"DE","80+",2022-01-11,2021-12-25,"-17 day ahead inc hosp","quantile",0.975,1659,"COVID-19"
"DE","80+",2022-01-11,2021-12-24,"-18 day ahead inc hosp","mean",NA,1754,"COVID-19"
"DE","80+",2022-01-11,2021-12-24,"-18 day ahead inc hosp","quantile",0.025,1689,"COVID-19"
"DE","80+",2022-01-11,2021-12-24,"-18 day ahead inc hosp","quantile",0.1,1706,"COVID-19"
"DE","80+",2022-01-11,2021-12-24,"-18 day ahead inc hosp","quantile",0.25,1725,"COVID-19"
"DE","80+",2022-01-11,2021-12-24,"-18 day ahead inc hosp","quantile",0.5,1749,"COVID-19"
"DE","80+",2022-01-11,2021-12-24,"-18 day ahead inc hosp","quantile",0.75,1778,"COVID-19"
"DE","80+",2022-01-11,2021-12-24,"-18 day ahead inc hosp","quantile",0.9,1808,"COVID-19"
"DE","80+",2022-01-11,2021-12-24,"-18 day ahead inc hosp","quantile",0.975,1845,"COVID-19"
"DE","80+",2022-01-11,2021-12-23,"-19 day ahead inc hosp","mean",NA,1856,"COVID-19"
"DE","80+",2022-01-11,2021-12-23,"-19 day ahead inc hosp","quantile",0.025,1791,"COVID-19"
"DE","80+",2022-01-11,2021-12-23,"-19 day ahead inc hosp","quantile",0.1,1808,"COVID-19"
"DE","80+",2022-01-11,2021-12-23,"-19 day ahead inc hosp","quantile",0.25,1826,"COVID-19"
"DE","80+",2022-01-11,2021-12-23,"-19 day ahead inc hosp","quantile",0.5,1851,"COVID-19"
"DE","80+",2022-01-11,2021-12-23,"-19 day ahead inc hosp","quantile",0.75,1880,"COVID-19"
"DE","80+",2022-01-11,2021-12-23,"-19 day ahead inc hosp","quantile",0.9,1910,"COVID-19"
"DE","80+",2022-01-11,2021-12-23,"-19 day ahead inc hosp","quantile",0.975,1949,"COVID-19"
"DE","80+",2022-01-11,2021-12-22,"-20 day ahead inc hosp","mean",NA,1980,"COVID-19"
"DE","80+",2022-01-11,2021-12-22,"-20 day ahead inc hosp","quantile",0.025,1916,"COVID-19"
"DE","80+",2022-01-11,2021-12-22,"-20 day ahead inc hosp","quantile",0.1,1933,"COVID-19"
"DE","80+",2022-01-11,2021-12-22,"-20 day ahead inc hosp","quantile",0.25,1951,"COVID-19"
"DE","80+",2022-01-11,2021-12-22,"-20 day ahead inc hosp","quantile",0.5,1975,"COVID-19"
"DE","80+",2022-01-11,2021-12-22,"-20 day ahead inc hosp","quantile",0.75,2004,"COVID-19"
"DE","80+",2022-01-11,2021-12-22,"-20 day ahead inc hosp","quantile",0.9,2035,"COVID-19"
"DE","80+",2022-01-11,2021-12-22,"-20 day ahead inc hosp","quantile",0.975,2074,"COVID-19"
"DE","80+",2022-01-11,2021-12-21,"-21 day ahead inc hosp","mean",NA,2114,"COVID-19"
"DE","80+",2022-01-11,2021-12-21,"-21 day ahead inc hosp","quantile",0.025,2051,"COVID-19"
"DE","80+",2022-01-11,2021-12-21,"-21 day ahead inc hosp","quantile",0.1,2067,"COVID-19"
"DE","80+",2022-01-11,2021-12-21,"-21 day ahead inc hosp","quantile",0.25,2085,"COVID-19"
"DE","80+",2022-01-11,2021-12-21,"-21 day ahead inc hosp","quantile",0.5,2108,"COVID-19"
"DE","80+",2022-01-11,2021-12-21,"-21 day ahead inc hosp","quantile",0.75,2137,"COVID-19"
"DE","80+",2022-01-11,2021-12-21,"-21 day ahead inc hosp","quantile",0.9,2167,"COVID-19"
"DE","80+",2022-01-11,2021-12-21,"-21 day ahead inc hosp","quantile",0.975,2205,"COVID-19"
"DE","80+",2022-01-11,2021-12-20,"-22 day ahead inc hosp","mean",NA,2193,"COVID-19"
"DE","80+",2022-01-11,2021-12-20,"-22 day ahead inc hosp","quantile",0.025,2133,"COVID-19"
"DE","80+",2022-01-11,2021-12-20,"-22 day ahead inc hosp","quantile",0.1,2148,"COVID-19"
"DE","80+",2022-01-11,2021-12-20,"-22 day ahead inc hosp","quantile",0.25,2164,"COVID-19"
"DE","80+",2022-01-11,2021-12-20,"-22 day ahead inc hosp","quantile",0.5,2187,"COVID-19"
"DE","80+",2022-01-11,2021-12-20,"-22 day ahead inc hosp","quantile",0.75,2215,"COVID-19"
"DE","80+",2022-01-11,2021-12-20,"-22 day ahead inc hosp","quantile",0.9,2245,"COVID-19"
"DE","80+",2022-01-11,2021-12-20,"-22 day ahead inc hosp","quantile",0.975,2283,"COVID-19"
"DE","80+",2022-01-11,2021-12-19,"-23 day ahead inc hosp","mean",NA,2200,"COVID-19"
"DE","80+",2022-01-11,2021-12-19,"-23 day ahead inc hosp","quantile",0.025,2139,"COVID-19"
"DE","80+",2022-01-11,2021-12-19,"-23 day ahead inc hosp","quantile",0.1,2154,"COVID-19"
"DE","80+",2022-01-11,2021-12-19,"-23 day ahead inc hosp","quantile",0.25,2171,"COVID-19"
"DE","80+",2022-01-11,2021-12-19,"-23 day ahead inc hosp","quantile",0.5,2194,"COVID-19"
"DE","80+",2022-01-11,2021-12-19,"-23 day ahead inc hosp","quantile",0.75,2222,"COVID-19"
"DE","80+",2022-01-11,2021-12-19,"-23 day ahead inc hosp","quantile",0.9,2253,"COVID-19"
"DE","80+",2022-01-11,2021-12-19,"-23 day ahead inc hosp","quantile",0.975,2292,"COVID-19"
"DE","80+",2022-01-11,2021-12-18,"-24 day ahead inc hosp","mean",NA,2275,"COVID-19"
"DE","80+",2022-01-11,2021-12-18,"-24 day ahead inc hosp","quantile",0.025,2215,"COVID-19"
"DE","80+",2022-01-11,2021-12-18,"-24 day ahead inc hosp","quantile",0.1,2230,"COVID-19"
"DE","80+",2022-01-11,2021-12-18,"-24 day ahead inc hosp","quantile",0.25,2246,"COVID-19"
"DE","80+",2022-01-11,2021-12-18,"-24 day ahead inc hosp","quantile",0.5,2269,"COVID-19"
"DE","80+",2022-01-11,2021-12-18,"-24 day ahead inc hosp","quantile",0.75,2298,"COVID-19"
"DE","80+",2022-01-11,2021-12-18,"-24 day ahead inc hosp","quantile",0.9,2329,"COVID-19"
"DE","80+",2022-01-11,2021-12-18,"-24 day ahead inc hosp","quantile",0.975,2369,"COVID-19"
"DE","80+",2022-01-11,2021-12-17,"-25 day ahead inc hosp","mean",NA,2366,"COVID-19"
"DE","80+",2022-01-11,2021-12-17,"-25 day ahead inc hosp","quantile",0.025,2308,"COVID-19"
"DE","80+",2022-01-11,2021-12-17,"-25 day ahead inc hosp","quantile",0.1,2322,"COVID-19"
"DE","80+",2022-01-11,2021-12-17,"-25 day ahead inc hosp","quantile",0.25,2338,"COVID-19"
"DE","80+",2022-01-11,2021-12-17,"-25 day ahead inc hosp","quantile",0.5,2360,"COVID-19"
"DE","80+",2022-01-11,2021-12-17,"-25 day ahead inc hosp","quantile",0.75,2387,"COVID-19"
"DE","80+",2022-01-11,2021-12-17,"-25 day ahead inc hosp","quantile",0.9,2416,"COVID-19"
"DE","80+",2022-01-11,2021-12-17,"-25 day ahead inc hosp","quantile",0.975,2455,"COVID-19"
"DE","80+",2022-01-11,2021-12-16,"-26 day ahead inc hosp","mean",NA,2480,"COVID-19"
"DE","80+",2022-01-11,2021-12-16,"-26 day ahead inc hosp","quantile",0.025,2425,"COVID-19"
"DE","80+",2022-01-11,2021-12-16,"-26 day ahead inc hosp","quantile",0.1,2439,"COVID-19"
"DE","80+",2022-01-11,2021-12-16,"-26 day ahead inc hosp","quantile",0.25,2454,"COVID-19"
"DE","80+",2022-01-11,2021-12-16,"-26 day ahead inc hosp","quantile",0.5,2475,"COVID-19"
"DE","80+",2022-01-11,2021-12-16,"-26 day ahead inc hosp","quantile",0.75,2501,"COVID-19"
"DE","80+",2022-01-11,2021-12-16,"-26 day ahead inc hosp","quantile",0.9,2529,"COVID-19"
"DE","80+",2022-01-11,2021-12-16,"-26 day ahead inc hosp","quantile",0.975,2566,"COVID-19"
"DE","80+",2022-01-11,2021-12-15,"-27 day ahead inc hosp","mean",NA,2538,"COVID-19"
"DE","80+",2022-01-11,2021-12-15,"-27 day ahead inc hosp","quantile",0.025,2486,"COVID-19"
"DE","80+",2022-01-11,2021-12-15,"-27 day ahead inc hosp","quantile",0.1,2499,"COVID-19"
"DE","80+",2022-01-11,2021-12-15,"-27 day ahead inc hosp","quantile",0.25,2513,"COVID-19"
"DE","80+",2022-01-11,2021-12-15,"-27 day ahead inc hosp","quantile",0.5,2533,"COVID-19"
"DE","80+",2022-01-11,2021-12-15,"-27 day ahead inc hosp","quantile",0.75,2558,"COVID-19"
"DE","80+",2022-01-11,2021-12-15,"-27 day ahead inc hosp","quantile",0.9,2584,"COVID-19"
"DE","80+",2022-01-11,2021-12-15,"-27 day ahead inc hosp","quantile",0.975,2619,"COVID-19"
"DE","80+",2022-01-11,2021-12-14,"-28 day ahead inc hosp","mean",NA,2573,"COVID-19"
"DE","80+",2022-01-11,2021-12-14,"-28 day ahead inc hosp","quantile",0.025,2525,"COVID-19"
"DE","80+",2022-01-11,2021-12-14,"-28 day ahead inc hosp","quantile",0.1,2537,"COVID-19"
"DE","80+",2022-01-11,2021-12-14,"-28 day ahead inc hosp","quantile",0.25,2550,"COVID-19"
"DE","80+",2022-01-11,2021-12-14,"-28 day ahead inc hosp","quantile",0.5,2569,"COVID-19"
"DE","80+",2022-01-11,2021-12-14,"-28 day ahead inc hosp","quantile",0.75,2591,"COVID-19"
"DE","80+",2022-01-11,2021-12-14,"-28 day ahead inc hosp","quantile",0.9,2616,"COVID-19"
"DE","80+",2022-01-11,2021-12-14,"-28 day ahead inc hosp","quantile",0.975,2648,"COVID-19"
"DE-BB","00+",2022-01-11,2022-01-11,"0 day ahead inc hosp","mean",NA,232,"COVID-19"
"DE-BB","00+",2022-01-11,2022-01-11,"0 day ahead inc hosp","quantile",0.025,146,"COVID-19"
"DE-BB","00+",2022-01-11,2022-01-11,"0 day ahead inc hosp","quantile",0.1,166,"COVID-19"
"DE-BB","00+",2022-01-11,2022-01-11,"0 day ahead inc hosp","quantile",0.25,190,"COVID-19"
"DE-BB","00+",2022-01-11,2022-01-11,"0 day ahead inc hosp","quantile",0.5,223,"COVID-19"
"DE-BB","00+",2022-01-11,2022-01-11,"0 day ahead inc hosp","quantile",0.75,264,"COVID-19"
"DE-BB","00+",2022-01-11,2022-01-11,"0 day ahead inc hosp","quantile",0.9,309,"COVID-19"
"DE-BB","00+",2022-01-11,2022-01-11,"0 day ahead inc hosp","quantile",0.975,367,"COVID-19"
"DE-BB","00+",2022-01-11,2022-01-10,"-1 day ahead inc hosp","mean",NA,265,"COVID-19"
"DE-BB","00+",2022-01-11,2022-01-10,"-1 day ahead inc hosp","quantile",0.025,175,"COVID-19"
"DE-BB","00+",2022-01-11,2022-01-10,"-1 day ahead inc hosp","quantile",0.1,196,"COVID-19"
"DE-BB","00+",2022-01-11,2022-01-10,"-1 day ahead inc hosp","quantile",0.25,221,"COVID-19"
"DE-BB","00+",2022-01-11,2022-01-10,"-1 day ahead inc hosp","quantile",0.5,256,"COVID-19"
"DE-BB","00+",2022-01-11,2022-01-10,"-1 day ahead inc hosp","quantile",0.75,299,"COVID-19"
"DE-BB","00+",2022-01-11,2022-01-10,"-1 day ahead inc hosp","quantile",0.9,346,"COVID-19"
"DE-BB","00+",2022-01-11,2022-01-10,"-1 day ahead inc hosp","quantile",0.975,408,"COVID-19"
"DE-BB","00+",2022-01-11,2022-01-09,"-2 day ahead inc hosp","mean",NA,262,"COVID-19"
"DE-BB","00+",2022-01-11,2022-01-09,"-2 day ahead inc hosp","quantile",0.025,175,"COVID-19"
"DE-BB","00+",2022-01-11,2022-01-09,"-2 day ahead inc hosp","quantile",0.1,195,"COVID-19"
"DE-BB","00+",2022-01-11,2022-01-09,"-2 day ahead inc hosp","quantile",0.25,219,"COVID-19"
"DE-BB","00+",2022-01-11,2022-01-09,"-2 day ahead inc hosp","quantile",0.5,253,"COVID-19"
"DE-BB","00+",2022-01-11,2022-01-09,"-2 day ahead inc hosp","quantile",0.75,296,"COVID-19"
"DE-BB","00+",2022-01-11,2022-01-09,"-2 day ahead inc hosp","quantile",0.9,341,"COVID-19"
"DE-BB","00+",2022-01-11,2022-01-09,"-2 day ahead inc hosp","quantile",0.975,401,"COVID-19"
"DE-BB","00+",2022-01-11,2022-01-08,"-3 day ahead inc hosp","mean",NA,260,"COVID-19"
"DE-BB","00+",2022-01-11,2022-01-08,"-3 day ahead inc hosp","quantile",0.025,175,"COVID-19"
"DE-BB","00+",2022-01-11,2022-01-08,"-3 day ahead inc hosp","quantile",0.1,195,"COVID-19"
"DE-BB","00+",2022-01-11,2022-01-08,"-3 day ahead inc hosp","quantile",0.25,218,"COVID-19"
"DE-BB","00+",2022-01-11,2022-01-08,"-3 day ahead inc hosp","quantile",0.5,251,"COVID-19"
"DE-BB","00+",2022-01-11,2022-01-08,"-3 day ahead inc hosp","quantile",0.75,292,"COVID-19"
"DE-BB","00+",2022-01-11,2022-01-08,"-3 day ahead inc hosp","quantile",0.9,337,"COVID-19"
"DE-BB","00+",2022-01-11,2022-01-08,"-3 day ahead inc hosp","quantile",0.975,396,"COVID-19"
"DE-BB","00+",2022-01-11,2022-01-07,"-4 day ahead inc hosp","mean",NA,260,"COVID-19"
"DE-BB","00+",2022-01-11,2022-01-07,"-4 day ahead inc hosp","quantile",0.025,178,"COVID-19"
"DE-BB","00+",2022-01-11,2022-01-07,"-4 day ahead inc hosp","quantile",0.1,197,"COVID-19"
"DE-BB","00+",2022-01-11,2022-01-07,"-4 day ahead inc hosp","quantile",0.25,219,"COVID-19"
"DE-BB","00+",2022-01-11,2022-01-07,"-4 day ahead inc hosp","quantile",0.5,251,"COVID-19"
"DE-BB","00+",2022-01-11,2022-01-07,"-4 day ahead inc hosp","quantile",0.75,291,"COVID-19"
"DE-BB","00+",2022-01-11,2022-01-07,"-4 day ahead inc hosp","quantile",0.9,335,"COVID-19"
"DE-BB","00+",2022-01-11,2022-01-07,"-4 day ahead inc hosp","quantile",0.975,393,"COVID-19"
"DE-BB","00+",2022-01-11,2022-01-06,"-5 day ahead inc hosp","mean",NA,274,"COVID-19"
"DE-BB","00+",2022-01-11,2022-01-06,"-5 day ahead inc hosp","quantile",0.025,195,"COVID-19"
"DE-BB","00+",2022-01-11,2022-01-06,"-5 day ahead inc hosp","quantile",0.1,213,"COVID-19"
"DE-BB","00+",2022-01-11,2022-01-06,"-5 day ahead inc hosp","quantile",0.25,235,"COVID-19"
"DE-BB","00+",2022-01-11,2022-01-06,"-5 day ahead inc hosp","quantile",0.5,266,"COVID-19"
"DE-BB","00+",2022-01-11,2022-01-06,"-5 day ahead inc hosp","quantile",0.75,305,"COVID-19"
"DE-BB","00+",2022-01-11,2022-01-06,"-5 day ahead inc hosp","quantile",0.9,347,"COVID-19"
"DE-BB","00+",2022-01-11,2022-01-06,"-5 day ahead inc hosp","quantile",0.975,403,"COVID-19"
"DE-BB","00+",2022-01-11,2022-01-05,"-6 day ahead inc hosp","mean",NA,280,"COVID-19"
"DE-BB","00+",2022-01-11,2022-01-05,"-6 day ahead inc hosp","quantile",0.025,207,"COVID-19"
"DE-BB","00+",2022-01-11,2022-01-05,"-6 day ahead inc hosp","quantile",0.1,223,"COVID-19"
"DE-BB","00+",2022-01-11,2022-01-05,"-6 day ahead inc hosp","quantile",0.25,243,"COVID-19"
"DE-BB","00+",2022-01-11,2022-01-05,"-6 day ahead inc hosp","quantile",0.5,271,"COVID-19"
"DE-BB","00+",2022-01-11,2022-01-05,"-6 day ahead inc hosp","quantile",0.75,307,"COVID-19"
"DE-BB","00+",2022-01-11,2022-01-05,"-6 day ahead inc hosp","quantile",0.9,346,"COVID-19"
"DE-BB","00+",2022-01-11,2022-01-05,"-6 day ahead inc hosp","quantile",0.975,399,"COVID-19"
"DE-BB","00+",2022-01-11,2022-01-04,"-7 day ahead inc hosp","mean",NA,248,"COVID-19"
"DE-BB","00+",2022-01-11,2022-01-04,"-7 day ahead inc hosp","quantile",0.025,194,"COVID-19"
"DE-BB","00+",2022-01-11,2022-01-04,"-7 day ahead inc hosp","quantile",0.1,206,"COVID-19"
"DE-BB","00+",2022-01-11,2022-01-04,"-7 day ahead inc hosp","quantile",0.25,221,"COVID-19"
"DE-BB","00+",2022-01-11,2022-01-04,"-7 day ahead inc hosp","quantile",0.5,242,"COVID-19"
"DE-BB","00+",2022-01-11,2022-01-04,"-7 day ahead inc hosp","quantile",0.75,269,"COVID-19"
"DE-BB","00+",2022-01-11,2022-01-04,"-7 day ahead inc hosp","quantile",0.9,299,"COVID-19"
"DE-BB","00+",2022-01-11,2022-01-04,"-7 day ahead inc hosp","quantile",0.975,340,"COVID-19"
"DE-BB","00+",2022-01-11,2022-01-03,"-8 day ahead inc hosp","mean",NA,234,"COVID-19"
"DE-BB","00+",2022-01-11,2022-01-03,"-8 day ahead inc hosp","quantile",0.025,190,"COVID-19"
"DE-BB","00+",2022-01-11,2022-01-03,"-8 day ahead inc hosp","quantile",0.1,200,"COVID-19"
"DE-BB","00+",2022-01-11,2022-01-03,"-8 day ahead inc hosp","quantile",0.25,212,"COVID-19"
"DE-BB","00+",2022-01-11,2022-01-03,"-8 day ahead inc hosp","quantile",0.5,229,"COVID-19"
"DE-BB","00+",2022-01-11,2022-01-03,"-8 day ahead inc hosp","quantile",0.75,251,"COVID-19"
"DE-BB","00+",2022-01-11,2022-01-03,"-8 day ahead inc hosp","quantile",0.9,275,"COVID-19"
"DE-BB","00+",2022-01-11,2022-01-03,"-8 day ahead inc hosp","quantile",0.975,308,"COVID-19"
"DE-BB","00+",2022-01-11,2022-01-02,"-9 day ahead inc hosp","mean",NA,233,"COVID-19"
"DE-BB","00+",2022-01-11,2022-01-02,"-9 day ahead inc hosp","quantile",0.025,190,"COVID-19"
"DE-BB","00+",2022-01-11,2022-01-02,"-9 day ahead inc hosp","quantile",0.1,199,"COVID-19"
"DE-BB","00+",2022-01-11,2022-01-02,"-9 day ahead inc hosp","quantile",0.25,211,"COVID-19"
"DE-BB","00+",2022-01-11,2022-01-02,"-9 day ahead inc hosp","quantile",0.5,228,"COVID-19"
"DE-BB","00+",2022-01-11,2022-01-02,"-9 day ahead inc hosp","quantile",0.75,249,"COVID-19"
"DE-BB","00+",2022-01-11,2022-01-02,"-9 day ahead inc hosp","quantile",0.9,273,"COVID-19"
"DE-BB","00+",2022-01-11,2022-01-02,"-9 day ahead inc hosp","quantile",0.975,304,"COVID-19"
"DE-BB","00+",2022-01-11,2022-01-01,"-10 day ahead inc hosp","mean",NA,235,"COVID-19"
"DE-BB","00+",2022-01-11,2022-01-01,"-10 day ahead inc hosp","quantile",0.025,194,"COVID-19"
"DE-BB","00+",2022-01-11,2022-01-01,"-10 day ahead inc hosp","quantile",0.1,203,"COVID-19"
"DE-BB","00+",2022-01-11,2022-01-01,"-10 day ahead inc hosp","quantile",0.25,214,"COVID-19"
"DE-BB","00+",2022-01-11,2022-01-01,"-10 day ahead inc hosp","quantile",0.5,231,"COVID-19"
"DE-BB","00+",2022-01-11,2022-01-01,"-10 day ahead inc hosp","quantile",0.75,251,"COVID-19"
"DE-BB","00+",2022-01-11,2022-01-01,"-10 day ahead inc hosp","quantile",0.9,274,"COVID-19"
"DE-BB","00+",2022-01-11,2022-01-01,"-10 day ahead inc hosp","quantile",0.975,304,"COVID-19"
"DE-BB","00+",2022-01-11,2021-12-31,"-11 day ahead inc hosp","mean",NA,223,"COVID-19"
"DE-BB","00+",2022-01-11,2021-12-31,"-11 day ahead inc hosp","quantile",0.025,186,"COVID-19"
"DE-BB","00+",2022-01-11,2021-12-31,"-11 day ahead inc hosp","quantile",0.1,194,"COVID-19"
"DE-BB","00+",2022-01-11,2021-12-31,"-11 day ahead inc hosp","quantile",0.25,205,"COVID-19"
"DE-BB","00+",2022-01-11,2021-12-31,"-11 day ahead inc hosp","quantile",0.5,219,"COVID-19"
"DE-BB","00+",2022-01-11,2021-12-31,"-11 day ahead inc hosp","quantile",0.75,238,"COVID-19"
"DE-BB","00+",2022-01-11,2021-12-31,"-11 day ahead inc hosp","quantile",0.9,258,"COVID-19"
"DE-BB","00+",2022-01-11,2021-12-31,"-11 day ahead inc hosp","quantile",0.975,284,"COVID-19"
"DE-BB","00+",2022-01-11,2021-12-30,"-12 day ahead inc hosp","mean",NA,213,"COVID-19"
"DE-BB","00+",2022-01-11,2021-12-30,"-12 day ahead inc hosp","quantile",0.025,181,"COVID-19"
"DE-BB","00+",2022-01-11,2021-12-30,"-12 day ahead inc hosp","quantile",0.1,188,"COVID-19"
"DE-BB","00+",2022-01-11,2021-12-30,"-12 day ahead inc hosp","quantile",0.25,197,"COVID-19"
"DE-BB","00+",2022-01-11,2021-12-30,"-12 day ahead inc hosp","quantile",0.5,209,"COVID-19"
"DE-BB","00+",2022-01-11,2021-12-30,"-12 day ahead inc hosp","quantile",0.75,225,"COVID-19"
"DE-BB","00+",2022-01-11,2021-12-30,"-12 day ahead inc hosp","quantile",0.9,242,"COVID-19"
"DE-BB","00+",2022-01-11,2021-12-30,"-12 day ahead inc hosp","quantile",0.975,265,"COVID-19"
"DE-BB","00+",2022-01-11,2021-12-29,"-13 day ahead inc hosp","mean",NA,196,"COVID-19"
"DE-BB","00+",2022-01-11,2021-12-29,"-13 day ahead inc hosp","quantile",0.025,170,"COVID-19"
"DE-BB","00+",2022-01-11,2021-12-29,"-13 day ahead inc hosp","quantile",0.1,176,"COVID-19"
"DE-BB","00+",2022-01-11,2021-12-29,"-13 day ahead inc hosp","quantile",0.25,182,"COVID-19"
"DE-BB","00+",2022-01-11,2021-12-29,"-13 day ahead inc hosp","quantile",0.5,192,"COVID-19"
"DE-BB","00+",2022-01-11,2021-12-29,"-13 day ahead inc hosp","quantile",0.75,205,"COVID-19"
"DE-BB","00+",2022-01-11,2021-12-29,"-13 day ahead inc hosp","quantile",0.9,219,"COVID-19"
"DE-BB","00+",2022-01-11,2021-12-29,"-13 day ahead inc hosp","quantile",0.975,238,"COVID-19"
"DE-BB","00+",2022-01-11,2021-12-28,"-14 day ahead inc hosp","mean",NA,195,"COVID-19"
"DE-BB","00+",2022-01-11,2021-12-28,"-14 day ahead inc hosp","quantile",0.025,173,"COVID-19"
"DE-BB","00+",2022-01-11,2021-12-28,"-14 day ahead inc hosp","quantile",0.1,178,"COVID-19"
"DE-BB","00+",2022-01-11,2021-12-28,"-14 day ahead inc hosp","quantile",0.25,184,"COVID-19"
"DE-BB","00+",2022-01-11,2021-12-28,"-14 day ahead inc hosp","quantile",0.5,193,"COVID-19"
"DE-BB","00+",2022-01-11,2021-12-28,"-14 day ahead inc hosp","quantile",0.75,204,"COVID-19"
"DE-BB","00+",2022-01-11,2021-12-28,"-14 day ahead inc hosp","quantile",0.9,217,"COVID-19"
"DE-BB","00+",2022-01-11,2021-12-28,"-14 day ahead inc hosp","quantile",0.975,234,"COVID-19"
"DE-BB","00+",2022-01-11,2021-12-27,"-15 day ahead inc hosp","mean",NA,220,"COVID-19"
"DE-BB","00+",2022-01-11,2021-12-27,"-15 day ahead inc hosp","quantile",0.025,198,"COVID-19"
"DE-BB","00+",2022-01-11,2021-12-27,"-15 day ahead inc hosp","quantile",0.1,203,"COVID-19"
"DE-BB","00+",2022-01-11,2021-12-27,"-15 day ahead inc hosp","quantile",0.25,208,"COVID-19"
"DE-BB","00+",2022-01-11,2021-12-27,"-15 day ahead inc hosp","quantile",0.5,217,"COVID-19"
"DE-BB","00+",2022-01-11,2021-12-27,"-15 day ahead inc hosp","quantile",0.75,228,"COVID-19"
"DE-BB","00+",2022-01-11,2021-12-27,"-15 day ahead inc hosp","quantile",0.9,241,"COVID-19"
"DE-BB","00+",2022-01-11,2021-12-27,"-15 day ahead inc hosp","quantile",0.975,259,"COVID-19"
"DE-BB","00+",2022-01-11,2021-12-26,"-16 day ahead inc hosp","mean",NA,230,"COVID-19"
"DE-BB","00+",2022-01-11,2021-12-26,"-16 day ahead inc hosp","quantile",0.025,207,"COVID-19"
"DE-BB","00+",2022-01-11,2021-12-26,"-16 day ahead inc hosp","quantile",0.1,211,"COVID-19"
"DE-BB","00+",2022-01-11,2021-12-26,"-16 day ahead inc hosp","quantile",0.25,217,"COVID-19"
"DE-BB","00+",2022-01-11,2021-12-26,"-16 day ahead inc hosp","quantile",0.5,226,"COVID-19"
"DE-BB","00+",2022-01-11,2021-12-26,"-16 day ahead inc hosp","quantile",0.75,239,"COVID-19"
"DE-BB","00+",2022-01-11,2021-12-26,"-16 day ahead inc hosp","quantile",0.9,252,"COVID-19"
"DE-BB","00+",2022-01-11,2021-12-26,"-16 day ahead inc hosp","quantile",0.975,271,"COVID-19"
"DE-BB","00+",2022-01-11,2021-12-25,"-17 day ahead inc hosp","mean",NA,243,"COVID-19"
"DE-BB","00+",2022-01-11,2021-12-25,"-17 day ahead inc hosp","quantile",0.025,220,"COVID-19"
"DE-BB","00+",2022-01-11,2021-12-25,"-17 day ahead inc hosp","quantile",0.1,224,"COVID-19"
"DE-BB","00+",2022-01-11,2021-12-25,"-17 day ahead inc hosp","quantile",0.25,230,"COVID-19"
"DE-BB","00+",2022-01-11,2021-12-25,"-17 day ahead inc hosp","quantile",0.5,240,"COVID-19"
"DE-BB","00+",2022-01-11,2021-12-25,"-17 day ahead inc hosp","quantile",0.75,252,"COVID-19"
"DE-BB","00+",2022-01-11,2021-12-25,"-17 day ahead inc hosp","quantile",0.9,267,"COVID-19"
"DE-BB","00+",2022-01-11,2021-12-25,"-17 day ahead inc hosp","quantile",0.975,286,"COVID-19"
"DE-BB","00+",2022-01-11,2021-12-24,"-18 day ahead inc hosp","mean",NA,304,"COVID-19"
"DE-BB","00+",2022-01-11,2021-12-24,"-18 day ahead inc hosp","quantile",0.025,277,"COVID-19"
"DE-BB","00+",2022-01-11,2021-12-24,"-18 day ahead inc hosp","quantile",0.1,282,"COVID-19"
"DE-BB","00+",2022-01-11,2021-12-24,"-18 day ahead inc hosp","quantile",0.25,289,"COVID-19"
"DE-BB","00+",2022-01-11,2021-12-24,"-18 day ahead inc hosp","quantile",0.5,300,"COVID-19"
"DE-BB","00+",2022-01-11,2021-12-24,"-18 day ahead inc hosp","quantile",0.75,315,"COVID-19"
"DE-BB","00+",2022-01-11,2021-12-24,"-18 day ahead inc hosp","quantile",0.9,332,"COVID-19"
"DE-BB","00+",2022-01-11,2021-12-24,"-18 day ahead inc hosp","quantile",0.975,355,"COVID-19"
"DE-BB","00+",2022-01-11,2021-12-23,"-19 day ahead inc hosp","mean",NA,321,"COVID-19"
"DE-BB","00+",2022-01-11,2021-12-23,"-19 day ahead inc hosp","quantile",0.025,294,"COVID-19"
"DE-BB","00+",2022-01-11,2021-12-23,"-19 day ahead inc hosp","quantile",0.1,299,"COVID-19"
"DE-BB","00+",2022-01-11,2021-12-23,"-19 day ahead inc hosp","quantile",0.25,306,"COVID-19"
"DE-BB","00+",2022-01-11,2021-12-23,"-19 day ahead inc hosp","quantile",0.5,317,"COVID-19"
"DE-BB","00+",2022-01-11,2021-12-23,"-19 day ahead inc hosp","quantile",0.75,332,"COVID-19"
"DE-BB","00+",2022-01-11,2021-12-23,"-19 day ahead inc hosp","quantile",0.9,349,"COVID-19"
"DE-BB","00+",2022-01-11,2021-12-23,"-19 day ahead inc hosp","quantile",0.975,372,"COVID-19"
"DE-BB","00+",2022-01-11,2021-12-22,"-20 day ahead inc hosp","mean",NA,331,"COVID-19"
"DE-BB","00+",2022-01-11,2021-12-22,"-20 day ahead inc hosp","quantile",0.025,305,"COVID-19"
"DE-BB","00+",2022-01-11,2021-12-22,"-20 day ahead inc hosp","quantile",0.1,310,"COVID-19"
"DE-BB","00+",2022-01-11,2021-12-22,"-20 day ahead inc hosp","quantile",0.25,317,"COVID-19"
"DE-BB","00+",2022-01-11,2021-12-22,"-20 day ahead inc hosp","quantile",0.5,327,"COVID-19"
"DE-BB","00+",2022-01-11,2021-12-22,"-20 day ahead inc hosp","quantile",0.75,342,"COVID-19"
"DE-BB","00+",2022-01-11,2021-12-22,"-20 day ahead inc hosp","quantile",0.9,358,"COVID-19"
"DE-BB","00+",2022-01-11,2021-12-22,"-20 day ahead inc hosp","quantile",0.975,380,"COVID-19"
"DE-BB","00+",2022-01-11,2021-12-21,"-21 day ahead inc hosp","mean",NA,353,"COVID-19"
"DE-BB","00+",2022-01-11,2021-12-21,"-21 day ahead inc hosp","quantile",0.025,328,"COVID-19"
"DE-BB","00+",2022-01-11,2021-12-21,"-21 day ahead inc hosp","quantile",0.1,333,"COVID-19"
"DE-BB","00+",2022-01-11,2021-12-21,"-21 day ahead inc hosp","quantile",0.25,340,"COVID-19"
"DE-BB","00+",2022-01-11,2021-12-21,"-21 day ahead inc hosp","quantile",0.5,350,"COVID-19"
"DE-BB","00+",2022-01-11,2021-12-21,"-21 day ahead inc hosp","quantile",0.75,363,"COVID-19"
"DE-BB","00+",2022-01-11,2021-12-21,"-21 day ahead inc hosp","quantile",0.9,377,"COVID-19"
"DE-BB","00+",2022-01-11,2021-12-21,"-21 day ahead inc hosp","quantile",0.975,397,"COVID-19"
"DE-BB","00+",2022-01-11,2021-12-20,"-22 day ahead inc hosp","mean",NA,345,"COVID-19"
"DE-BB","00+",2022-01-11,2021-12-20,"-22 day ahead inc hosp","quantile",0.025,323,"COVID-19"
"DE-BB","00+",2022-01-11,2021-12-20,"-22 day ahead inc hosp","quantile",0.1,328,"COVID-19"
"DE-BB","00+",2022-01-11,2021-12-20,"-22 day ahead inc hosp","quantile",0.25,334,"COVID-19"
"DE-BB","00+",2022-01-11,2021-12-20,"-22 day ahead inc hosp","quantile",0.5,342,"COVID-19"
"DE-BB","00+",2022-01-11,2021-12-20,"-22 day ahead inc hosp","quantile",0.75,354,"COVID-19"
"DE-BB","00+",2022-01-11,2021-12-20,"-22 day ahead inc hosp","quantile",0.9,366,"COVID-19"
"DE-BB","00+",2022-01-11,2021-12-20,"-22 day ahead inc hosp","quantile",0.975,382,"COVID-19"
"DE-BB","00+",2022-01-11,2021-12-19,"-23 day ahead inc hosp","mean",NA,349,"COVID-19"
"DE-BB","00+",2022-01-11,2021-12-19,"-23 day ahead inc hosp","quantile",0.025,328,"COVID-19"
"DE-BB","00+",2022-01-11,2021-12-19,"-23 day ahead inc hosp","quantile",0.1,333,"COVID-19"
"DE-BB","00+",2022-01-11,2021-12-19,"-23 day ahead inc hosp","quantile",0.25,339,"COVID-19"
"DE-BB","00+",2022-01-11,2021-12-19,"-23 day ahead inc hosp","quantile",0.5,347,"COVID-19"
"DE-BB","00+",2022-01-11,2021-12-19,"-23 day ahead inc hosp","quantile",0.75,357,"COVID-19"
"DE-BB","00+",2022-01-11,2021-12-19,"-23 day ahead inc hosp","quantile",0.9,367,"COVID-19"
"DE-BB","00+",2022-01-11,2021-12-19,"-23 day ahead inc hosp","quantile",0.975,381,"COVID-19"
"DE-BB","00+",2022-01-11,2021-12-18,"-24 day ahead inc hosp","mean",NA,341,"COVID-19"
"DE-BB","00+",2022-01-11,2021-12-18,"-24 day ahead inc hosp","quantile",0.025,322,"COVID-19"
"DE-BB","00+",2022-01-11,2021-12-18,"-24 day ahead inc hosp","quantile",0.1,327,"COVID-19"
"DE-BB","00+",2022-01-11,2021-12-18,"-24 day ahead inc hosp","quantile",0.25,332,"COVID-19"
"DE-BB","00+",2022-01-11,2021-12-18,"-24 day ahead inc hosp","quantile",0.5,339,"COVID-19"
"DE-BB","00+",2022-01-11,2021-12-18,"-24 day ahead inc hosp","quantile",0.75,348,"COVID-19"
"DE-BB","00+",2022-01-11,2021-12-18,"-24 day ahead inc hosp","quantile",0.9,358,"COVID-19"
"DE-BB","00+",2022-01-11,2021-12-18,"-24 day ahead inc hosp","quantile",0.975,370,"COVID-19"
"DE-BB","00+",2022-01-11,2021-12-17,"-25 day ahead inc hosp","mean",NA,319,"COVID-19"
"DE-BB","00+",2022-01-11,2021-12-17,"-25 day ahead inc hosp","quantile",0.025,303,"COVID-19"
"DE-BB","00+",2022-01-11,2021-12-17,"-25 day ahead inc hosp","quantile",0.1,307,"COVID-19"
"DE-BB","00+",2022-01-11,2021-12-17,"-25 day ahead inc hosp","quantile",0.25,312,"COVID-19"
"DE-BB","00+",2022-01-11,2021-12-17,"-25 day ahead inc hosp","quantile",0.5,318,"COVID-19"
"DE-BB","00+",2022-01-11,2021-12-17,"-25 day ahead inc hosp","quantile",0.75,325,"COVID-19"
"DE-BB","00+",2022-01-11,2021-12-17,"-25 day ahead inc hosp","quantile",0.9,333,"COVID-19"
"DE-BB","00+",2022-01-11,2021-12-17,"-25 day ahead inc hosp","quantile",0.975,344,"COVID-19"
"DE-BB","00+",2022-01-11,2021-12-16,"-26 day ahead inc hosp","mean",NA,345,"COVID-19"
"DE-BB","00+",2022-01-11,2021-12-16,"-26 day ahead inc hosp","quantile",0.025,329,"COVID-19"
"DE-BB","00+",2022-01-11,2021-12-16,"-26 day ahead inc hosp","quantile",0.1,333,"COVID-19"
"DE-BB","00+",2022-01-11,2021-12-16,"-26 day ahead inc hosp","quantile",0.25,338,"COVID-19"
"DE-BB","00+",2022-01-11,2021-12-16,"-26 day ahead inc hosp","quantile",0.5,344,"COVID-19"
"DE-BB","00+",2022-01-11,2021-12-16,"-26 day ahead inc hosp","quantile",0.75,351,"COVID-19"
"DE-BB","00+",2022-01-11,2021-12-16,"-26 day ahead inc hosp","quantile",0.9,359,"COVID-19"
"DE-BB","00+",2022-01-11,2021-12-16,"-26 day ahead inc hosp","quantile",0.975,369,"COVID-19"
"DE-BB","00+",2022-01-11,2021-12-15,"-27 day ahead inc hosp","mean",NA,356,"COVID-19"
"DE-BB","00+",2022-01-11,2021-12-15,"-27 day ahead inc hosp","quantile",0.025,341,"COVID-19"
"DE-BB","00+",2022-01-11,2021-12-15,"-27 day ahead inc hosp","quantile",0.1,345,"COVID-19"
"DE-BB","00+",2022-01-11,2021-12-15,"-27 day ahead inc hosp","quantile",0.25,349,"COVID-19"
"DE-BB","00+",2022-01-11,2021-12-15,"-27 day ahead inc hosp","quantile",0.5,355,"COVID-19"
"DE-BB","00+",2022-01-11,2021-12-15,"-27 day ahead inc hosp","quantile",0.75,362,"COVID-19"
"DE-BB","00+",2022-01-11,2021-12-15,"-27 day ahead inc hosp","quantile",0.9,369,"COVID-19"
"DE-BB","00+",2022-01-11,2021-12-15,"-27 day ahead inc hosp","quantile",0.975,378,"COVID-19"
"DE-BB","00+",2022-01-11,2021-12-14,"-28 day ahead inc hosp","mean",NA,350,"COVID-19"
"DE-BB","00+",2022-01-11,2021-12-14,"-28 day ahead inc hosp","quantile",0.025,337,"COVID-19"
"DE-BB","00+",2022-01-11,2021-12-14,"-28 day ahead inc hosp","quantile",0.1,340,"COVID-19"
"DE-BB","00+",2022-01-11,2021-12-14,"-28 day ahead inc hosp","quantile",0.25,344,"COVID-19"
"DE-BB","00+",2022-01-11,2021-12-14,"-28 day ahead inc hosp","quantile",0.5,349,"COVID-19"
"DE-BB","00+",2022-01-11,2021-12-14,"-28 day ahead inc hosp","quantile",0.75,355,"COVID-19"
"DE-BB","00+",2022-01-11,2021-12-14,"-28 day ahead inc hosp","quantile",0.9,361,"COVID-19"
"DE-BB","00+",2022-01-11,2021-12-14,"-28 day ahead inc hosp","quantile",0.975,370,"COVID-19"
"DE-BE","00+",2022-01-11,2022-01-11,"0 day ahead inc hosp","mean",NA,179,"COVID-19"
"DE-BE","00+",2022-01-11,2022-01-11,"0 day ahead inc hosp","quantile",0.025,137,"COVID-19"
"DE-BE","00+",2022-01-11,2022-01-11,"0 day ahead inc hosp","quantile",0.1,147,"COVID-19"
"DE-BE","00+",2022-01-11,2022-01-11,"0 day ahead inc hosp","quantile",0.25,159,"COVID-19"
"DE-BE","00+",2022-01-11,2022-01-11,"0 day ahead inc hosp","quantile",0.5,175,"COVID-19"
"DE-BE","00+",2022-01-11,2022-01-11,"0 day ahead inc hosp","quantile",0.75,195,"COVID-19"
"DE-BE","00+",2022-01-11,2022-01-11,"0 day ahead inc hosp","quantile",0.9,216,"COVID-19"
"DE-BE","00+",2022-01-11,2022-01-11,"0 day ahead inc hosp","quantile",0.975,244,"COVID-19"
"DE-BE","00+",2022-01-11,2022-01-10,"-1 day ahead inc hosp","mean",NA,223,"COVID-19"
"DE-BE","00+",2022-01-11,2022-01-10,"-1 day ahead inc hosp","quantile",0.025,180,"COVID-19"
"DE-BE","00+",2022-01-11,2022-01-10,"-1 day ahead inc hosp","quantile",0.1,190,"COVID-19"
"DE-BE","00+",2022-01-11,2022-01-10,"-1 day ahead inc hosp","quantile",0.25,202,"COVID-19"
"DE-BE","00+",2022-01-11,2022-01-10,"-1 day ahead inc hosp","quantile",0.5,219,"COVID-19"
"DE-BE","00+",2022-01-11,2022-01-10,"-1 day ahead inc hosp","quantile",0.75,239,"COVID-19"
"DE-BE","00+",2022-01-11,2022-01-10,"-1 day ahead inc hosp","quantile",0.9,261,"COVID-19"
"DE-BE","00+",2022-01-11,2022-01-10,"-1 day ahead inc hosp","quantile",0.975,290,"COVID-19"
"DE-BE","00+",2022-01-11,2022-01-09,"-2 day ahead inc hosp","mean",NA,230,"COVID-19"
"DE-BE","00+",2022-01-11,2022-01-09,"-2 day ahead inc hosp","quantile",0.025,186,"COVID-19"
"DE-BE","00+",2022-01-11,2022-01-09,"-2 day ahead inc hosp","quantile",0.1,197,"COVID-19"
"DE-BE","00+",2022-01-11,2022-01-09,"-2 day ahead inc hosp","quantile",0.25,209,"COVID-19"
"DE-BE","00+",2022-01-11,2022-01-09,"-2 day ahead inc hosp","quantile",0.5,226,"COVID-19"
"DE-BE","00+",2022-01-11,2022-01-09,"-2 day ahead inc hosp","quantile",0.75,247,"COVID-19"
"DE-BE","00+",2022-01-11,2022-01-09,"-2 day ahead inc hosp","quantile",0.9,269,"COVID-19"
"DE-BE","00+",2022-01-11,2022-01-09,"-2 day ahead inc hosp","quantile",0.975,299,"COVID-19"
"DE-BE","00+",2022-01-11,2022-01-08,"-3 day ahead inc hosp","mean",NA,226,"COVID-19"
"DE-BE","00+",2022-01-11,2022-01-08,"-3 day ahead inc hosp","quantile",0.025,185,"COVID-19"
"DE-BE","00+",2022-01-11,2022-01-08,"-3 day ahead inc hosp","quantile",0.1,194,"COVID-19"
"DE-BE","00+",2022-01-11,2022-01-08,"-3 day ahead inc hosp","quantile",0.25,206,"COVID-19"
"DE-BE","00+",2022-01-11,2022-01-08,"-3 day ahead inc hosp","quantile",0.5,221,"COVID-19"
"DE-BE","00+",2022-01-11,2022-01-08,"-3 day ahead inc hosp","quantile",0.75,241,"COVID-19"
"DE-BE","00+",2022-01-11,2022-01-08,"-3 day ahead inc hosp","quantile",0.9,262,"COVID-19"
"DE-BE","00+",2022-01-11,2022-01-08,"-3 day ahead inc hosp","quantile",0.975,289,"COVID-19"
"DE-BE","00+",2022-01-11,2022-01-07,"-4 day ahead inc hosp","mean",NA,202,"COVID-19"
"DE-BE","00+",2022-01-11,2022-01-07,"-4 day ahead inc hosp","quantile",0.025,168,"COVID-19"
"DE-BE","00+",2022-01-11,2022-01-07,"-4 day ahead inc hosp","quantile",0.1,176,"COVID-19"
"DE-BE","00+",2022-01-11,2022-01-07,"-4 day ahead inc hosp","quantile",0.25,186,"COVID-19"
"DE-BE","00+",2022-01-11,2022-01-07,"-4 day ahead inc hosp","quantile",0.5,199,"COVID-19"
"DE-BE","00+",2022-01-11,2022-01-07,"-4 day ahead inc hosp","quantile",0.75,215,"COVID-19"
"DE-BE","00+",2022-01-11,2022-01-07,"-4 day ahead inc hosp","quantile",0.9,233,"COVID-19"
"DE-BE","00+",2022-01-11,2022-01-07,"-4 day ahead inc hosp","quantile",0.975,255,"COVID-19"
"DE-BE","00+",2022-01-11,2022-01-06,"-5 day ahead inc hosp","mean",NA,206,"COVID-19"
"DE-BE","00+",2022-01-11,2022-01-06,"-5 day ahead inc hosp","quantile",0.025,175,"COVID-19"
"DE-BE","00+",2022-01-11,2022-01-06,"-5 day ahead inc hosp","quantile",0.1,182,"COVID-19"
"DE-BE","00+",2022-01-11,2022-01-06,"-5 day ahead inc hosp","quantile",0.25,191,"COVID-19"
"DE-BE","00+",2022-01-11,2022-01-06,"-5 day ahead inc hosp","quantile",0.5,203,"COVID-19"
"DE-BE","00+",2022-01-11,2022-01-06,"-5 day ahead inc hosp","quantile",0.75,218,"COVID-19"
"DE-BE","00+",2022-01-11,2022-01-06,"-5 day ahead inc hosp","quantile",0.9,234,"COVID-19"
"DE-BE","00+",2022-01-11,2022-01-06,"-5 day ahead inc hosp","quantile",0.975,255,"COVID-19"
"DE-BE","00+",2022-01-11,2022-01-05,"-6 day ahead inc hosp","mean",NA,202,"COVID-19"
"DE-BE","00+",2022-01-11,2022-01-05,"-6 day ahead inc hosp","quantile",0.025,175,"COVID-19"
"DE-BE","00+",2022-01-11,2022-01-05,"-6 day ahead inc hosp","quantile",0.1,181,"COVID-19"
"DE-BE","00+",2022-01-11,2022-01-05,"-6 day ahead inc hosp","quantile",0.25,189,"COVID-19"
"DE-BE","00+",2022-01-11,2022-01-05,"-6 day ahead inc hosp","quantile",0.5,199,"COVID-19"
"DE-BE","00+",2022-01-11,2022-01-05,"-6 day ahead inc hosp","quantile",0.75,212,"COVID-19"
"DE-BE","00+",2022-01-11,2022-01-05,"-6 day ahead inc hosp","quantile",0.9,227,"COVID-19"
"DE-BE","00+",2022-01-11,2022-01-05,"-6 day ahead inc hosp","quantile",0.975,245,"COVID-19"
"DE-BE","00+",2022-01-11,2022-01-04,"-7 day ahead inc hosp","mean",NA,181,"COVID-19"
"DE-BE","00+",2022-01-11,2022-01-04,"-7 day ahead inc hosp","quantile",0.025,161,"COVID-19"
"DE-BE","00+",2022-01-11,2022-01-04,"-7 day ahead inc hosp","quantile",0.1,165,"COVID-19"
"DE-BE","00+",2022-01-11,2022-01-04,"-7 day ahead inc hosp","quantile",0.25,171,"COVID-19"
"DE-BE","00+",2022-01-11,2022-01-04,"-7 day ahead inc hosp","quantile",0.5,178,"COVID-19"
"DE-BE","00+",2022-01-11,2022-01-04,"-7 day ahead inc hosp","quantile",0.75,188,"COVID-19"
"DE-BE","00+",2022-01-11,2022-01-04,"-7 day ahead inc hosp","quantile",0.9,199,"COVID-19"
"DE-BE","00+",2022-01-11,2022-01-04,"-7 day ahead inc hosp","quantile",0.975,214,"COVID-19"
"DE-BE","00+",2022-01-11,2022-01-03,"-8 day ahead inc hosp","mean",NA,159,"COVID-19"
"DE-BE","00+",2022-01-11,2022-01-03,"-8 day ahead inc hosp","quantile",0.025,145,"COVID-19"
"DE-BE","00+",2022-01-11,2022-01-03,"-8 day ahead inc hosp","quantile",0.1,148,"COVID-19"
"DE-BE","00+",2022-01-11,2022-01-03,"-8 day ahead inc hosp","quantile",0.25,152,"COVID-19"
"DE-BE","00+",2022-01-11,2022-01-03,"-8 day ahead inc hosp","quantile",0.5,157,"COVID-19"
"DE-BE","00+",2022-01-11,2022-01-03,"-8 day ahead inc hosp","quantile",0.75,164,"COVID-19"
"DE-BE","00+",2022-01-11,2022-01-03,"-8 day ahead inc hosp","quantile",0.9,172,"COVID-19"
"DE-BE","00+",2022-01-11,2022-01-03,"-8 day ahead inc hosp","quantile",0.975,182,"COVID-19"
"DE-BE","00+",2022-01-11,2022-01-02,"-9 day ahead inc hosp","mean",NA,162,"COVID-19"
"DE-BE","00+",2022-01-11,2022-01-02,"-9 day ahead inc hosp","quantile",0.025,149,"COVID-19"
"DE-BE","00+",2022-01-11,2022-01-02,"-9 day ahead inc hosp","quantile",0.1,151,"COVID-19"
"DE-BE","00+",2022-01-11,2022-01-02,"-9 day ahead inc hosp","quantile",0.25,155,"COVID-19"
"DE-BE","00+",2022-01-11,2022-01-02,"-9 day ahead inc hosp","quantile",0.5,161,"COVID-19"
"DE-BE","00+",2022-01-11,2022-01-02,"-9 day ahead inc hosp","quantile",0.75,168,"COVID-19"
"DE-BE","00+",2022-01-11,2022-01-02,"-9 day ahead inc hosp","quantile",0.9,175,"COVID-19"
"DE-BE","00+",2022-01-11,2022-01-02,"-9 day ahead inc hosp","quantile",0.975,186,"COVID-19"
"DE-BE","00+",2022-01-11,2022-01-01,"-10 day ahead inc hosp","mean",NA,159,"COVID-19"
"DE-BE","00+",2022-01-11,2022-01-01,"-10 day ahead inc hosp","quantile",0.025,145,"COVID-19"
"DE-BE","00+",2022-01-11,2022-01-01,"-10 day ahead inc hosp","quantile",0.1,148,"COVID-19"
"DE-BE","00+",2022-01-11,2022-01-01,"-10 day ahead inc hosp","quantile",0.25,151,"COVID-19"
"DE-BE","00+",2022-01-11,2022-01-01,"-10 day ahead inc hosp","quantile",0.5,157,"COVID-19"
"DE-BE","00+",2022-01-11,2022-01-01,"-10 day ahead inc hosp","quantile",0.75,164,"COVID-19"
"DE-BE","00+",2022-01-11,2022-01-01,"-10 day ahead inc hosp","quantile",0.9,172,"COVID-19"
"DE-BE","00+",2022-01-11,2022-01-01,"-10 day ahead inc hosp","quantile",0.975,183,"COVID-19"
"DE-BE","00+",2022-01-11,2021-12-31,"-11 day ahead inc hosp","mean",NA,161,"COVID-19"
"DE-BE","00+",2022-01-11,2021-12-31,"-11 day ahead inc hosp","quantile",0.025,148,"COVID-19"
"DE-BE","00+",2022-01-11,2021-12-31,"-11 day ahead inc hosp","quantile",0.1,150,"COVID-19"
"DE-BE","00+",2022-01-11,2021-12-31,"-11 day ahead inc hosp","quantile",0.25,154,"COVID-19"
"DE-BE","00+",2022-01-11,2021-12-31,"-11 day ahead inc hosp","quantile",0.5,159,"COVID-19"
"DE-BE","00+",2022-01-11,2021-12-31,"-11 day ahead inc hosp","quantile",0.75,167,"COVID-19"
"DE-BE","00+",2022-01-11,2021-12-31,"-11 day ahead inc hosp","quantile",0.9,175,"COVID-19"
"DE-BE","00+",2022-01-11,2021-12-31,"-11 day ahead inc hosp","quantile",0.975,187,"COVID-19"
"DE-BE","00+",2022-01-11,2021-12-30,"-12 day ahead inc hosp","mean",NA,151,"COVID-19"
"DE-BE","00+",2022-01-11,2021-12-30,"-12 day ahead inc hosp","quantile",0.025,139,"COVID-19"
"DE-BE","00+",2022-01-11,2021-12-30,"-12 day ahead inc hosp","quantile",0.1,141,"COVID-19"
"DE-BE","00+",2022-01-11,2021-12-30,"-12 day ahead inc hosp","quantile",0.25,144,"COVID-19"
"DE-BE","00+",2022-01-11,2021-12-30,"-12 day ahead inc hosp","quantile",0.5,149,"COVID-19"
"DE-BE","00+",2022-01-11,2021-12-30,"-12 day ahead inc hosp","quantile",0.75,155,"COVID-19"
"DE-BE","00+",2022-01-11,2021-12-30,"-12 day ahead inc hosp","quantile",0.9,163,"COVID-19"
"DE-BE","00+",2022-01-11,2021-12-30,"-12 day ahead inc hosp","quantile",0.975,174,"COVID-19"
"DE-BE","00+",2022-01-11,2021-12-29,"-13 day ahead inc hosp","mean",NA,158,"COVID-19"
"DE-BE","00+",2022-01-11,2021-12-29,"-13 day ahead inc hosp","quantile",0.025,147,"COVID-19"
"DE-BE","00+",2022-01-11,2021-12-29,"-13 day ahead inc hosp","quantile",0.1,149,"COVID-19"
"DE-BE","00+",2022-01-11,2021-12-29,"-13 day ahead inc hosp","quantile",0.25,152,"COVID-19"
"DE-BE","00+",2022-01-11,2021-12-29,"-13 day ahead inc hosp","quantile",0.5,156,"COVID-19"
"DE-BE","00+",2022-01-11,2021-12-29,"-13 day ahead inc hosp","quantile",0.75,162,"COVID-19"
"DE-BE","00+",2022-01-11,2021-12-29,"-13 day ahead inc hosp","quantile",0.9,169,"COVID-19"
"DE-BE","00+",2022-01-11,2021-12-29,"-13 day ahead inc hosp","quantile",0.975,180,"COVID-19"
"DE-BE","00+",2022-01-11,2021-12-28,"-14 day ahead inc hosp","mean",NA,162,"COVID-19"
"DE-BE","00+",2022-01-11,2021-12-28,"-14 day ahead inc hosp","quantile",0.025,153,"COVID-19"
"DE-BE","00+",2022-01-11,2021-12-28,"-14 day ahead inc hosp","quantile",0.1,155,"COVID-19"
"DE-BE","00+",2022-01-11,2021-12-28,"-14 day ahead inc hosp","quantile",0.25,157,"COVID-19"
"DE-BE","00+",2022-01-11,2021-12-28,"-14 day ahead inc hosp","quantile",0.5,160,"COVID-19"
"DE-BE","00+",2022-01-11,2021-12-28,"-14 day ahead inc hosp","quantile",0.75,166,"COVID-19"
"DE-BE","00+",2022-01-11,2021-12-28,"-14 day ahead inc hosp","quantile",0.9,172,"COVID-19"
"DE-BE","00+",2022-01-11,2021-12-28,"-14 day ahead inc hosp","quantile",0.975,182,"COVID-19"
"DE-BE","00+",2022-01-11,2021-12-27,"-15 day ahead inc hosp","mean",NA,158,"COVID-19"
"DE-BE","00+",2022-01-11,2021-12-27,"-15 day ahead inc hosp","quantile",0.025,151,"COVID-19"
"DE-BE","00+",2022-01-11,2021-12-27,"-15 day ahead inc hosp","quantile",0.1,152,"COVID-19"
"DE-BE","00+",2022-01-11,2021-12-27,"-15 day ahead inc hosp","quantile",0.25,154,"COVID-19"
"DE-BE","00+",2022-01-11,2021-12-27,"-15 day ahead inc hosp","quantile",0.5,157,"COVID-19"
"DE-BE","00+",2022-01-11,2021-12-27,"-15 day ahead inc hosp","quantile",0.75,161,"COVID-19"
"DE-BE","00+",2022-01-11,2021-12-27,"-15 day ahead inc hosp","quantile",0.9,167,"COVID-19"
"DE-BE","00+",2022-01-11,2021-12-27,"-15 day ahead inc hosp","quantile",0.975,174,"COVID-19"
"DE-BE","00+",2022-01-11,2021-12-26,"-16 day ahead inc hosp","mean",NA,149,"COVID-19"
"DE-BE","00+",2022-01-11,2021-12-26,"-16 day ahead inc hosp","quantile",0.025,143,"COVID-19"
"DE-BE","00+",2022-01-11,2021-12-26,"-16 day ahead inc hosp","quantile",0.1,144,"COVID-19"
"DE-BE","00+",2022-01-11,2021-12-26,"-16 day ahead inc hosp","quantile",0.25,145,"COVID-19"
"DE-BE","00+",2022-01-11,2021-12-26,"-16 day ahead inc hosp","quantile",0.5,148,"COVID-19"
"DE-BE","00+",2022-01-11,2021-12-26,"-16 day ahead inc hosp","quantile",0.75,152,"COVID-19"
"DE-BE","00+",2022-01-11,2021-12-26,"-16 day ahead inc hosp","quantile",0.9,157,"COVID-19"
"DE-BE","00+",2022-01-11,2021-12-26,"-16 day ahead inc hosp","quantile",0.975,165,"COVID-19"
"DE-BE","00+",2022-01-11,2021-12-25,"-17 day ahead inc hosp","mean",NA,149,"COVID-19"
"DE-BE","00+",2022-01-11,2021-12-25,"-17 day ahead inc hosp","quantile",0.025,143,"COVID-19"
"DE-BE","00+",2022-01-11,2021-12-25,"-17 day ahead inc hosp","quantile",0.1,144,"COVID-19"
"DE-BE","00+",2022-01-11,2021-12-25,"-17 day ahead inc hosp","quantile",0.25,145,"COVID-19"
"DE-BE","00+",2022-01-11,2021-12-25,"-17 day ahead inc hosp","quantile",0.5,148,"COVID-19"
"DE-BE","00+",2022-01-11,2021-12-25,"-17 day ahead inc hosp","quantile",0.75,152,"COVID-19"
"DE-BE","00+",2022-01-11,2021-12-25,"-17 day ahead inc hosp","quantile",0.9,157,"COVID-19"
"DE-BE","00+",2022-01-11,2021-12-25,"-17 day ahead inc hosp","quantile",0.975,165,"COVID-19"
"DE-BE","00+",2022-01-11,2021-12-24,"-18 day ahead inc hosp","mean",NA,168,"COVID-19"
"DE-BE","00+",2022-01-11,2021-12-24,"-18 day ahead inc hosp","quantile",0.025,161,"COVID-19"
"DE-BE","00+",2022-01-11,2021-12-24,"-18 day ahead inc hosp","quantile",0.1,162,"COVID-19"
"DE-BE","00+",2022-01-11,2021-12-24,"-18 day ahead inc hosp","quantile",0.25,163,"COVID-19"
"DE-BE","00+",2022-01-11,2021-12-24,"-18 day ahead inc hosp","quantile",0.5,166,"COVID-19"
"DE-BE","00+",2022-01-11,2021-12-24,"-18 day ahead inc hosp","quantile",0.75,170,"COVID-19"
"DE-BE","00+",2022-01-11,2021-12-24,"-18 day ahead inc hosp","quantile",0.9,176,"COVID-19"
"DE-BE","00+",2022-01-11,2021-12-24,"-18 day ahead inc hosp","quantile",0.975,184,"COVID-19"
"DE-BE","00+",2022-01-11,2021-12-23,"-19 day ahead inc hosp","mean",NA,189,"COVID-19"
"DE-BE","00+",2022-01-11,2021-12-23,"-19 day ahead inc hosp","quantile",0.025,182,"COVID-19"
"DE-BE","00+",2022-01-11,2021-12-23,"-19 day ahead inc hosp","quantile",0.1,183,"COVID-19"
"DE-BE","00+",2022-01-11,2021-12-23,"-19 day ahead inc hosp","quantile",0.25,184,"COVID-19"
"DE-BE","00+",2022-01-11,2021-12-23,"-19 day ahead inc hosp","quantile",0.5,187,"COVID-19"
"DE-BE","00+",2022-01-11,2021-12-23,"-19 day ahead inc hosp","quantile",0.75,192,"COVID-19"
"DE-BE","00+",2022-01-11,2021-12-23,"-19 day ahead inc hosp","quantile",0.9,197,"COVID-19"
"DE-BE","00+",2022-01-11,2021-12-23,"-19 day ahead inc hosp","quantile",0.975,205,"COVID-19"
"DE-BE","00+",2022-01-11,2021-12-22,"-20 day ahead inc hosp","mean",NA,194,"COVID-19"
"DE-BE","00+",2022-01-11,2021-12-22,"-20 day ahead inc hosp","quantile",0.025,188,"COVID-19"
"DE-BE","00+",2022-01-11,2021-12-22,"-20 day ahead inc hosp","quantile",0.1,188,"COVID-19"
"DE-BE","00+",2022-01-11,2021-12-22,"-20 day ahead inc hosp","quantile",0.25,190,"COVID-19"
"DE-BE","00+",2022-01-11,2021-12-22,"-20 day ahead inc hosp","quantile",0.5,192,"COVID-19"
"DE-BE","00+",2022-01-11,2021-12-22,"-20 day ahead inc hosp","quantile",0.75,197,"COVID-19"
"DE-BE","00+",2022-01-11,2021-12-22,"-20 day ahead inc hosp","quantile",0.9,202,"COVID-19"
"DE-BE","00+",2022-01-11,2021-12-22,"-20 day ahead inc hosp","quantile",0.975,209,"COVID-19"
"DE-BE","00+",2022-01-11,2021-12-21,"-21 day ahead inc hosp","mean",NA,208,"COVID-19"
"DE-BE","00+",2022-01-11,2021-12-21,"-21 day ahead inc hosp","quantile",0.025,202,"COVID-19"
"DE-BE","00+",2022-01-11,2021-12-21,"-21 day ahead inc hosp","quantile",0.1,202,"COVID-19"
"DE-BE","00+",2022-01-11,2021-12-21,"-21 day ahead inc hosp","quantile",0.25,204,"COVID-19"
"DE-BE","00+",2022-01-11,2021-12-21,"-21 day ahead inc hosp","quantile",0.5,206,"COVID-19"
"DE-BE","00+",2022-01-11,2021-12-21,"-21 day ahead inc hosp","quantile",0.75,210,"COVID-19"
"DE-BE","00+",2022-01-11,2021-12-21,"-21 day ahead inc hosp","quantile",0.9,215,"COVID-19"
"DE-BE","00+",2022-01-11,2021-12-21,"-21 day ahead inc hosp","quantile",0.975,222,"COVID-19"
"DE-BE","00+",2022-01-11,2021-12-20,"-22 day ahead inc hosp","mean",NA,235,"COVID-19"
"DE-BE","00+",2022-01-11,2021-12-20,"-22 day ahead inc hosp","quantile",0.025,229,"COVID-19"
"DE-BE","00+",2022-01-11,2021-12-20,"-22 day ahead inc hosp","quantile",0.1,229,"COVID-19"
"DE-BE","00+",2022-01-11,2021-12-20,"-22 day ahead inc hosp","quantile",0.25,230,"COVID-19"
"DE-BE","00+",2022-01-11,2021-12-20,"-22 day ahead inc hosp","quantile",0.5,233,"COVID-19"
"DE-BE","00+",2022-01-11,2021-12-20,"-22 day ahead inc hosp","quantile",0.75,237,"COVID-19"
"DE-BE","00+",2022-01-11,2021-12-20,"-22 day ahead inc hosp","quantile",0.9,242,"COVID-19"
"DE-BE","00+",2022-01-11,2021-12-20,"-22 day ahead inc hosp","quantile",0.975,249,"COVID-19"
"DE-BE","00+",2022-01-11,2021-12-19,"-23 day ahead inc hosp","mean",NA,243,"COVID-19"
"DE-BE","00+",2022-01-11,2021-12-19,"-23 day ahead inc hosp","quantile",0.025,237,"COVID-19"
"DE-BE","00+",2022-01-11,2021-12-19,"-23 day ahead inc hosp","quantile",0.1,237,"COVID-19"
"DE-BE","00+",2022-01-11,2021-12-19,"-23 day ahead inc hosp","quantile",0.25,238,"COVID-19"
"DE-BE","00+",2022-01-11,2021-12-19,"-23 day ahead inc hosp","quantile",0.5,241,"COVID-19"
"DE-BE","00+",2022-01-11,2021-12-19,"-23 day ahead inc hosp","quantile",0.75,245,"COVID-19"
"DE-BE","00+",2022-01-11,2021-12-19,"-23 day ahead inc hosp","quantile",0.9,250,"COVID-19"
"DE-BE","00+",2022-01-11,2021-12-19,"-23 day ahead inc hosp","quantile",0.975,258,"COVID-19"
"DE-BE","00+",2022-01-11,2021-12-18,"-24 day ahead inc hosp","mean",NA,244,"COVID-19"
"DE-BE","00+",2022-01-11,2021-12-18,"-24 day ahead inc hosp","quantile",0.025,238,"COVID-19"
"DE-BE","00+",2022-01-11,2021-12-18,"-24 day ahead inc hosp","quantile",0.1,238,"COVID-19"
"DE-BE","00+",2022-01-11,2021-12-18,"-24 day ahead inc hosp","quantile",0.25,239,"COVID-19"
"DE-BE","00+",2022-01-11,2021-12-18,"-24 day ahead inc hosp","quantile",0.5,242,"COVID-19"
"DE-BE","00+",2022-01-11,2021-12-18,"-24 day ahead inc hosp","quantile",0.75,246,"COVID-19"
"DE-BE","00+",2022-01-11,2021-12-18,"-24 day ahead inc hosp","quantile",0.9,252,"COVID-19"
"DE-BE","00+",2022-01-11,2021-12-18,"-24 day ahead inc hosp","quantile",0.975,260,"COVID-19"
"DE-BE","00+",2022-01-11,2021-12-17,"-25 day ahead inc hosp","mean",NA,252,"COVID-19"
"DE-BE","00+",2022-01-11,2021-12-17,"-25 day ahead inc hosp","quantile",0.025,246,"COVID-19"
"DE-BE","00+",2022-01-11,2021-12-17,"-25 day ahead inc hosp","quantile",0.1,246,"COVID-19"
"DE-BE","00+",2022-01-11,2021-12-17,"-25 day ahead inc hosp","quantile",0.25,247,"COVID-19"
"DE-BE","00+",2022-01-11,2021-12-17,"-25 day ahead inc hosp","quantile",0.5,250,"COVID-19"
"DE-BE","00+",2022-01-11,2021-12-17,"-25 day ahead inc hosp","quantile",0.75,254,"COVID-19"
"DE-BE","00+",2022-01-11,2021-12-17,"-25 day ahead inc hosp","quantile",0.9,260,"COVID-19"
"DE-BE","00+",2022-01-11,2021-12-17,"-25 day ahead inc hosp","quantile",0.975,268,"COVID-19"
"DE-BE","00+",2022-01-11,2021-12-16,"-26 day ahead inc hosp","mean",NA,260,"COVID-19"
"DE-BE","00+",2022-01-11,2021-12-16,"-26 day ahead inc hosp","quantile",0.025,255,"COVID-19"
"DE-BE","00+",2022-01-11,2021-12-16,"-26 day ahead inc hosp","quantile",0.1,255,"COVID-19"
"DE-BE","00+",2022-01-11,2021-12-16,"-26 day ahead inc hosp","quantile",0.25,256,"COVID-19"
"DE-BE","00+",2022-01-11,2021-12-16,"-26 day ahead inc hosp","quantile",0.5,259,"COVID-19"
"DE-BE","00+",2022-01-11,2021-12-16,"-26 day ahead inc hosp","quantile",0.75,263,"COVID-19"
"DE-BE","00+",2022-01-11,2021-12-16,"-26 day ahead inc hosp","quantile",0.9,268,"COVID-19"
"DE-BE","00+",2022-01-11,2021-12-16,"-26 day ahead inc hosp","quantile",0.975,277,"COVID-19"
"DE-BE","00+",2022-01-11,2021-12-15,"-27 day ahead inc hosp","mean",NA,281,"COVID-19"
"DE-BE","00+",2022-01-11,2021-12-15,"-27 day ahead inc hosp","quantile",0.025,275,"COVID-19"
"DE-BE","00+",2022-01-11,2021-12-15,"-27 day ahead inc hosp","quantile",0.1,275,"COVID-19"
"DE-BE","00+",2022-01-11,2021-12-15,"-27 day ahead inc hosp","quantile",0.25,276,"COVID-19"
"DE-BE","00+",2022-01-11,2021-12-15,"-27 day ahead inc hosp","quantile",0.5,279,"COVID-19"
"DE-BE","00+",2022-01-11,2021-12-15,"-27 day ahead inc hosp","quantile",0.75,283,"COVID-19"
"DE-BE","00+",2022-01-11,2021-12-15,"-27 day ahead inc hosp","quantile",0.9,288,"COVID-19"
"DE-BE","00+",2022-01-11,2021-12-15,"-27 day ahead inc hosp","quantile",0.975,297,"COVID-19"
"DE-BE","00+",2022-01-11,2021-12-14,"-28 day ahead inc hosp","mean",NA,266,"COVID-19"
"DE-BE","00+",2022-01-11,2021-12-14,"-28 day ahead inc hosp","quantile",0.025,261,"COVID-19"
"DE-BE","00+",2022-01-11,2021-12-14,"-28 day ahead inc hosp","quantile",0.1,261,"COVID-19"
"DE-BE","00+",2022-01-11,2021-12-14,"-28 day ahead inc hosp","quantile",0.25,262,"COVID-19"
"DE-BE","00+",2022-01-11,2021-12-14,"-28 day ahead inc hosp","quantile",0.5,264,"COVID-19"
"DE-BE","00+",2022-01-11,2021-12-14,"-28 day ahead inc hosp","quantile",0.75,268,"COVID-19"
"DE-BE","00+",2022-01-11,2021-12-14,"-28 day ahead inc hosp","quantile",0.9,273,"COVID-19"
"DE-BE","00+",2022-01-11,2021-12-14,"-28 day ahead inc hosp","quantile",0.975,281,"COVID-19"
"DE-BW","00+",2022-01-11,2022-01-11,"0 day ahead inc hosp","mean",NA,596,"COVID-19"
"DE-BW","00+",2022-01-11,2022-01-11,"0 day ahead inc hosp","quantile",0.025,448,"COVID-19"
"DE-BW","00+",2022-01-11,2022-01-11,"0 day ahead inc hosp","quantile",0.1,489,"COVID-19"
"DE-BW","00+",2022-01-11,2022-01-11,"0 day ahead inc hosp","quantile",0.25,533,"COVID-19"
"DE-BW","00+",2022-01-11,2022-01-11,"0 day ahead inc hosp","quantile",0.5,587,"COVID-19"
"DE-BW","00+",2022-01-11,2022-01-11,"0 day ahead inc hosp","quantile",0.75,650,"COVID-19"
"DE-BW","00+",2022-01-11,2022-01-11,"0 day ahead inc hosp","quantile",0.9,713,"COVID-19"
"DE-BW","00+",2022-01-11,2022-01-11,"0 day ahead inc hosp","quantile",0.975,792,"COVID-19"
"DE-BW","00+",2022-01-11,2022-01-10,"-1 day ahead inc hosp","mean",NA,611,"COVID-19"
"DE-BW","00+",2022-01-11,2022-01-10,"-1 day ahead inc hosp","quantile",0.025,474,"COVID-19"
"DE-BW","00+",2022-01-11,2022-01-10,"-1 day ahead inc hosp","quantile",0.1,512,"COVID-19"
"DE-BW","00+",2022-01-11,2022-01-10,"-1 day ahead inc hosp","quantile",0.25,552,"COVID-19"
"DE-BW","00+",2022-01-11,2022-01-10,"-1 day ahead inc hosp","quantile",0.5,603,"COVID-19"
"DE-BW","00+",2022-01-11,2022-01-10,"-1 day ahead inc hosp","quantile",0.75,661,"COVID-19"
"DE-BW","00+",2022-01-11,2022-01-10,"-1 day ahead inc hosp","quantile",0.9,721,"COVID-19"
"DE-BW","00+",2022-01-11,2022-01-10,"-1 day ahead inc hosp","quantile",0.975,795,"COVID-19"
"DE-BW","00+",2022-01-11,2022-01-09,"-2 day ahead inc hosp","mean",NA,618,"COVID-19"
"DE-BW","00+",2022-01-11,2022-01-09,"-2 day ahead inc hosp","quantile",0.025,492,"COVID-19"
"DE-BW","00+",2022-01-11,2022-01-09,"-2 day ahead inc hosp","quantile",0.1,527,"COVID-19"
"DE-BW","00+",2022-01-11,2022-01-09,"-2 day ahead inc hosp","quantile",0.25,564,"COVID-19"
"DE-BW","00+",2022-01-11,2022-01-09,"-2 day ahead inc hosp","quantile",0.5,611,"COVID-19"
"DE-BW","00+",2022-01-11,2022-01-09,"-2 day ahead inc hosp","quantile",0.75,664,"COVID-19"
"DE-BW","00+",2022-01-11,2022-01-09,"-2 day ahead inc hosp","quantile",0.9,718,"COVID-19"
"DE-BW","00+",2022-01-11,2022-01-09,"-2 day ahead inc hosp","quantile",0.975,785,"COVID-19"
"DE-BW","00+",2022-01-11,2022-01-08,"-3 day ahead inc hosp","mean",NA,607,"COVID-19"
"DE-BW","00+",2022-01-11,2022-01-08,"-3 day ahead inc hosp","quantile",0.025,496,"COVID-19"
"DE-BW","00+",2022-01-11,2022-01-08,"-3 day ahead inc hosp","quantile",0.1,527,"COVID-19"
"DE-BW","00+",2022-01-11,2022-01-08,"-3 day ahead inc hosp","quantile",0.25,560,"COVID-19"
"DE-BW","00+",2022-01-11,2022-01-08,"-3 day ahead inc hosp","quantile",0.5,601,"COVID-19"
"DE-BW","00+",2022-01-11,2022-01-08,"-3 day ahead inc hosp","quantile",0.75,648,"COVID-19"
"DE-BW","00+",2022-01-11,2022-01-08,"-3 day ahead inc hosp","quantile",0.9,695,"COVID-19"
"DE-BW","00+",2022-01-11,2022-01-08,"-3 day ahead inc hosp","quantile",0.975,753,"COVID-19"
"DE-BW","00+",2022-01-11,2022-01-07,"-4 day ahead inc hosp","mean",NA,586,"COVID-19"
"DE-BW","00+",2022-01-11,2022-01-07,"-4 day ahead inc hosp","quantile",0.025,493,"COVID-19"
"DE-BW","00+",2022-01-11,2022-01-07,"-4 day ahead inc hosp","quantile",0.1,520,"COVID-19"
"DE-BW","00+",2022-01-11,2022-01-07,"-4 day ahead inc hosp","quantile",0.25,547,"COVID-19"
"DE-BW","00+",2022-01-11,2022-01-07,"-4 day ahead inc hosp","quantile",0.5,581,"COVID-19"
"DE-BW","00+",2022-01-11,2022-01-07,"-4 day ahead inc hosp","quantile",0.75,620,"COVID-19"
"DE-BW","00+",2022-01-11,2022-01-07,"-4 day ahead inc hosp","quantile",0.9,660,"COVID-19"
"DE-BW","00+",2022-01-11,2022-01-07,"-4 day ahead inc hosp","quantile",0.975,708,"COVID-19"
"DE-BW","00+",2022-01-11,2022-01-06,"-5 day ahead inc hosp","mean",NA,670,"COVID-19"
"DE-BW","00+",2022-01-11,2022-01-06,"-5 day ahead inc hosp","quantile",0.025,579,"COVID-19"
"DE-BW","00+",2022-01-11,2022-01-06,"-5 day ahead inc hosp","quantile",0.1,605,"COVID-19"
"DE-BW","00+",2022-01-11,2022-01-06,"-5 day ahead inc hosp","quantile",0.25,632,"COVID-19"
"DE-BW","00+",2022-01-11,2022-01-06,"-5 day ahead inc hosp","quantile",0.5,665,"COVID-19"
"DE-BW","00+",2022-01-11,2022-01-06,"-5 day ahead inc hosp","quantile",0.75,703,"COVID-19"
"DE-BW","00+",2022-01-11,2022-01-06,"-5 day ahead inc hosp","quantile",0.9,741,"COVID-19"
"DE-BW","00+",2022-01-11,2022-01-06,"-5 day ahead inc hosp","quantile",0.975,787,"COVID-19"
"DE-BW","00+",2022-01-11,2022-01-05,"-6 day ahead inc hosp","mean",NA,665,"COVID-19"
"DE-BW","00+",2022-01-11,2022-01-05,"-6 day ahead inc hosp","quantile",0.025,589,"COVID-19"
"DE-BW","00+",2022-01-11,2022-01-05,"-6 day ahead inc hosp","quantile",0.1,610,"COVID-19"
"DE-BW","00+",2022-01-11,2022-01-05,"-6 day ahead inc hosp","quantile",0.25,633,"COVID-19"
"DE-BW","00+",2022-01-11,2022-01-05,"-6 day ahead inc hosp","quantile",0.5,661,"COVID-19"
"DE-BW","00+",2022-01-11,2022-01-05,"-6 day ahead inc hosp","quantile",0.75,692,"COVID-19"
"DE-BW","00+",2022-01-11,2022-01-05,"-6 day ahead inc hosp","quantile",0.9,724,"COVID-19"
"DE-BW","00+",2022-01-11,2022-01-05,"-6 day ahead inc hosp","quantile",0.975,762,"COVID-19"
"DE-BW","00+",2022-01-11,2022-01-04,"-7 day ahead inc hosp","mean",NA,635,"COVID-19"
"DE-BW","00+",2022-01-11,2022-01-04,"-7 day ahead inc hosp","quantile",0.025,576,"COVID-19"
"DE-BW","00+",2022-01-11,2022-01-04,"-7 day ahead inc hosp","quantile",0.1,593,"COVID-19"
"DE-BW","00+",2022-01-11,2022-01-04,"-7 day ahead inc hosp","quantile",0.25,610,"COVID-19"
"DE-BW","00+",2022-01-11,2022-01-04,"-7 day ahead inc hosp","quantile",0.5,632,"COVID-19"
"DE-BW","00+",2022-01-11,2022-01-04,"-7 day ahead inc hosp","quantile",0.75,656,"COVID-19"
"DE-BW","00+",2022-01-11,2022-01-04,"-7 day ahead inc hosp","quantile",0.9,681,"COVID-19"
"DE-BW","00+",2022-01-11,2022-01-04,"-7 day ahead inc hosp","quantile",0.975,711,"COVID-19"
"DE-BW","00+",2022-01-11,2022-01-03,"-8 day ahead inc hosp","mean",NA,647,"COVID-19"
"DE-BW","00+",2022-01-11,2022-01-03,"-8 day ahead inc hosp","quantile",0.025,595,"COVID-19"
"DE-BW","00+",2022-01-11,2022-01-03,"-8 day ahead inc hosp","quantile",0.1,609,"COVID-19"
"DE-BW","00+",2022-01-11,2022-01-03,"-8 day ahead inc hosp","quantile",0.25,625,"COVID-19"
"DE-BW","00+",2022-01-11,2022-01-03,"-8 day ahead inc hosp","quantile",0.5,644,"COVID-19"
"DE-BW","00+",2022-01-11,2022-01-03,"-8 day ahead inc hosp","quantile",0.75,666,"COVID-19"
"DE-BW","00+",2022-01-11,2022-01-03,"-8 day ahead inc hosp","quantile",0.9,689,"COVID-19"
"DE-BW","00+",2022-01-11,2022-01-03,"-8 day ahead inc hosp","quantile",0.975,717,"COVID-19"
"DE-BW","00+",2022-01-11,2022-01-02,"-9 day ahead inc hosp","mean",NA,656,"COVID-19"
"DE-BW","00+",2022-01-11,2022-01-02,"-9 day ahead inc hosp","quantile",0.025,605,"COVID-19"
"DE-BW","00+",2022-01-11,2022-01-02,"-9 day ahead inc hosp","quantile",0.1,619,"COVID-19"
"DE-BW","00+",2022-01-11,2022-01-02,"-9 day ahead inc hosp","quantile",0.25,634,"COVID-19"
"DE-BW","00+",2022-01-11,2022-01-02,"-9 day ahead inc hosp","quantile",0.5,653,"COVID-19"
"DE-BW","00+",2022-01-11,2022-01-02,"-9 day ahead inc hosp","quantile",0.75,674,"COVID-19"
"DE-BW","00+",2022-01-11,2022-01-02,"-9 day ahead inc hosp","quantile",0.9,696,"COVID-19"
"DE-BW","00+",2022-01-11,2022-01-02,"-9 day ahead inc hosp","quantile",0.975,724,"COVID-19"
"DE-BW","00+",2022-01-11,2022-01-01,"-10 day ahead inc hosp","mean",NA,661,"COVID-19"
"DE-BW","00+",2022-01-11,2022-01-01,"-10 day ahead inc hosp","quantile",0.025,612,"COVID-19"
"DE-BW","00+",2022-01-11,2022-01-01,"-10 day ahead inc hosp","quantile",0.1,625,"COVID-19"
"DE-BW","00+",2022-01-11,2022-01-01,"-10 day ahead inc hosp","quantile",0.25,639,"COVID-19"
"DE-BW","00+",2022-01-11,2022-01-01,"-10 day ahead inc hosp","quantile",0.5,658,"COVID-19"
"DE-BW","00+",2022-01-11,2022-01-01,"-10 day ahead inc hosp","quantile",0.75,678,"COVID-19"
"DE-BW","00+",2022-01-11,2022-01-01,"-10 day ahead inc hosp","quantile",0.9,700,"COVID-19"
"DE-BW","00+",2022-01-11,2022-01-01,"-10 day ahead inc hosp","quantile",0.975,727,"COVID-19"
"DE-BW","00+",2022-01-11,2021-12-31,"-11 day ahead inc hosp","mean",NA,656,"COVID-19"
"DE-BW","00+",2022-01-11,2021-12-31,"-11 day ahead inc hosp","quantile",0.025,611,"COVID-19"
"DE-BW","00+",2022-01-11,2021-12-31,"-11 day ahead inc hosp","quantile",0.1,623,"COVID-19"
"DE-BW","00+",2022-01-11,2021-12-31,"-11 day ahead inc hosp","quantile",0.25,636,"COVID-19"
"DE-BW","00+",2022-01-11,2021-12-31,"-11 day ahead inc hosp","quantile",0.5,653,"COVID-19"
"DE-BW","00+",2022-01-11,2021-12-31,"-11 day ahead inc hosp","quantile",0.75,672,"COVID-19"
"DE-BW","00+",2022-01-11,2021-12-31,"-11 day ahead inc hosp","quantile",0.9,692,"COVID-19"
"DE-BW","00+",2022-01-11,2021-12-31,"-11 day ahead inc hosp","quantile",0.975,717,"COVID-19"
"DE-BW","00+",2022-01-11,2021-12-30,"-12 day ahead inc hosp","mean",NA,664,"COVID-19"
"DE-BW","00+",2022-01-11,2021-12-30,"-12 day ahead inc hosp","quantile",0.025,626,"COVID-19"
"DE-BW","00+",2022-01-11,2021-12-30,"-12 day ahead inc hosp","quantile",0.1,636,"COVID-19"
"DE-BW","00+",2022-01-11,2021-12-30,"-12 day ahead inc hosp","quantile",0.25,647,"COVID-19"
"DE-BW","00+",2022-01-11,2021-12-30,"-12 day ahead inc hosp","quantile",0.5,662,"COVID-19"
"DE-BW","00+",2022-01-11,2021-12-30,"-12 day ahead inc hosp","quantile",0.75,679,"COVID-19"
"DE-BW","00+",2022-01-11,2021-12-30,"-12 day ahead inc hosp","quantile",0.9,696,"COVID-19"
"DE-BW","00+",2022-01-11,2021-12-30,"-12 day ahead inc hosp","quantile",0.975,718,"COVID-19"
"DE-BW","00+",2022-01-11,2021-12-29,"-13 day ahead inc hosp","mean",NA,683,"COVID-19"
"DE-BW","00+",2022-01-11,2021-12-29,"-13 day ahead inc hosp","quantile",0.025,649,"COVID-19"
"DE-BW","00+",2022-01-11,2021-12-29,"-13 day ahead inc hosp","quantile",0.1,658,"COVID-19"
"DE-BW","00+",2022-01-11,2021-12-29,"-13 day ahead inc hosp","quantile",0.25,668,"COVID-19"
"DE-BW","00+",2022-01-11,2021-12-29,"-13 day ahead inc hosp","quantile",0.5,680,"COVID-19"
"DE-BW","00+",2022-01-11,2021-12-29,"-13 day ahead inc hosp","quantile",0.75,696,"COVID-19"
"DE-BW","00+",2022-01-11,2021-12-29,"-13 day ahead inc hosp","quantile",0.9,711,"COVID-19"
"DE-BW","00+",2022-01-11,2021-12-29,"-13 day ahead inc hosp","quantile",0.975,731,"COVID-19"
"DE-BW","00+",2022-01-11,2021-12-28,"-14 day ahead inc hosp","mean",NA,687,"COVID-19"
"DE-BW","00+",2022-01-11,2021-12-28,"-14 day ahead inc hosp","quantile",0.025,657,"COVID-19"
"DE-BW","00+",2022-01-11,2021-12-28,"-14 day ahead inc hosp","quantile",0.1,665,"COVID-19"
"DE-BW","00+",2022-01-11,2021-12-28,"-14 day ahead inc hosp","quantile",0.25,673,"COVID-19"
"DE-BW","00+",2022-01-11,2021-12-28,"-14 day ahead inc hosp","quantile",0.5,684,"COVID-19"
"DE-BW","00+",2022-01-11,2021-12-28,"-14 day ahead inc hosp","quantile",0.75,697,"COVID-19"
"DE-BW","00+",2022-01-11,2021-12-28,"-14 day ahead inc hosp","quantile",0.9,711,"COVID-19"
"DE-BW","00+",2022-01-11,2021-12-28,"-14 day ahead inc hosp","quantile",0.975,729,"COVID-19"
"DE-BW","00+",2022-01-11,2021-12-27,"-15 day ahead inc hosp","mean",NA,700,"COVID-19"
"DE-BW","00+",2022-01-11,2021-12-27,"-15 day ahead inc hosp","quantile",0.025,673,"COVID-19"
"DE-BW","00+",2022-01-11,2021-12-27,"-15 day ahead inc hosp","quantile",0.1,680,"COVID-19"
"DE-BW","00+",2022-01-11,2021-12-27,"-15 day ahead inc hosp","quantile",0.25,688,"COVID-19"
"DE-BW","00+",2022-01-11,2021-12-27,"-15 day ahead inc hosp","quantile",0.5,698,"COVID-19"
"DE-BW","00+",2022-01-11,2021-12-27,"-15 day ahead inc hosp","quantile",0.75,710,"COVID-19"
"DE-BW","00+",2022-01-11,2021-12-27,"-15 day ahead inc hosp","quantile",0.9,723,"COVID-19"
"DE-BW","00+",2022-01-11,2021-12-27,"-15 day ahead inc hosp","quantile",0.975,739,"COVID-19"
"DE-BW","00+",2022-01-11,2021-12-26,"-16 day ahead inc hosp","mean",NA,710,"COVID-19"
"DE-BW","00+",2022-01-11,2021-12-26,"-16 day ahead inc hosp","quantile",0.025,685,"COVID-19"
"DE-BW","00+",2022-01-11,2021-12-26,"-16 day ahead inc hosp","quantile",0.1,692,"COVID-19"
"DE-BW","00+",2022-01-11,2021-12-26,"-16 day ahead inc hosp","quantile",0.25,699,"COVID-19"
"DE-BW","00+",2022-01-11,2021-12-26,"-16 day ahead inc hosp","quantile",0.5,708,"COVID-19"
"DE-BW","00+",2022-01-11,2021-12-26,"-16 day ahead inc hosp","quantile",0.75,720,"COVID-19"
"DE-BW","00+",2022-01-11,2021-12-26,"-16 day ahead inc hosp","quantile",0.9,732,"COVID-19"
"DE-BW","00+",2022-01-11,2021-12-26,"-16 day ahead inc hosp","quantile",0.975,748,"COVID-19"
"DE-BW","00+",2022-01-11,2021-12-25,"-17 day ahead inc hosp","mean",NA,788,"COVID-19"
"DE-BW","00+",2022-01-11,2021-12-25,"-17 day ahead inc hosp","quantile",0.025,762,"COVID-19"
"DE-BW","00+",2022-01-11,2021-12-25,"-17 day ahead inc hosp","quantile",0.1,769,"COVID-19"
"DE-BW","00+",2022-01-11,2021-12-25,"-17 day ahead inc hosp","quantile",0.25,776,"COVID-19"
"DE-BW","00+",2022-01-11,2021-12-25,"-17 day ahead inc hosp","quantile",0.5,786,"COVID-19"
"DE-BW","00+",2022-01-11,2021-12-25,"-17 day ahead inc hosp","quantile",0.75,798,"COVID-19"
"DE-BW","00+",2022-01-11,2021-12-25,"-17 day ahead inc hosp","quantile",0.9,811,"COVID-19"
"DE-BW","00+",2022-01-11,2021-12-25,"-17 day ahead inc hosp","quantile",0.975,827,"COVID-19"
"DE-BW","00+",2022-01-11,2021-12-24,"-18 day ahead inc hosp","mean",NA,881,"COVID-19"
"DE-BW","00+",2022-01-11,2021-12-24,"-18 day ahead inc hosp","quantile",0.025,854,"COVID-19"
"DE-BW","00+",2022-01-11,2021-12-24,"-18 day ahead inc hosp","quantile",0.1,860,"COVID-19"
"DE-BW","00+",2022-01-11,2021-12-24,"-18 day ahead inc hosp","quantile",0.25,868,"COVID-19"
"DE-BW","00+",2022-01-11,2021-12-24,"-18 day ahead inc hosp","quantile",0.5,878,"COVID-19"
"DE-BW","00+",2022-01-11,2021-12-24,"-18 day ahead inc hosp","quantile",0.75,891,"COVID-19"
"DE-BW","00+",2022-01-11,2021-12-24,"-18 day ahead inc hosp","quantile",0.9,904,"COVID-19"
"DE-BW","00+",2022-01-11,2021-12-24,"-18 day ahead inc hosp","quantile",0.975,922,"COVID-19"
"DE-BW","00+",2022-01-11,2021-12-23,"-19 day ahead inc hosp","mean",NA,927,"COVID-19"
"DE-BW","00+",2022-01-11,2021-12-23,"-19 day ahead inc hosp","quantile",0.025,901,"COVID-19"
"DE-BW","00+",2022-01-11,2021-12-23,"-19 day ahead inc hosp","quantile",0.1,907,"COVID-19"
"DE-BW","00+",2022-01-11,2021-12-23,"-19 day ahead inc hosp","quantile",0.25,914,"COVID-19"
"DE-BW","00+",2022-01-11,2021-12-23,"-19 day ahead inc hosp","quantile",0.5,924,"COVID-19"
"DE-BW","00+",2022-01-11,2021-12-23,"-19 day ahead inc hosp","quantile",0.75,936,"COVID-19"
"DE-BW","00+",2022-01-11,2021-12-23,"-19 day ahead inc hosp","quantile",0.9,949,"COVID-19"
"DE-BW","00+",2022-01-11,2021-12-23,"-19 day ahead inc hosp","quantile",0.975,966,"COVID-19"
"DE-BW","00+",2022-01-11,2021-12-22,"-20 day ahead inc hosp","mean",NA,975,"COVID-19"
"DE-BW","00+",2022-01-11,2021-12-22,"-20 day ahead inc hosp","quantile",0.025,951,"COVID-19"
"DE-BW","00+",2022-01-11,2021-12-22,"-20 day ahead inc hosp","quantile",0.1,957,"COVID-19"
"DE-BW","00+",2022-01-11,2021-12-22,"-20 day ahead inc hosp","quantile",0.25,963,"COVID-19"
"DE-BW","00+",2022-01-11,2021-12-22,"-20 day ahead inc hosp","quantile",0.5,973,"COVID-19"
"DE-BW","00+",2022-01-11,2021-12-22,"-20 day ahead inc hosp","quantile",0.75,984,"COVID-19"
"DE-BW","00+",2022-01-11,2021-12-22,"-20 day ahead inc hosp","quantile",0.9,997,"COVID-19"
"DE-BW","00+",2022-01-11,2021-12-22,"-20 day ahead inc hosp","quantile",0.975,1013,"COVID-19"
"DE-BW","00+",2022-01-11,2021-12-21,"-21 day ahead inc hosp","mean",NA,1050,"COVID-19"
"DE-BW","00+",2022-01-11,2021-12-21,"-21 day ahead inc hosp","quantile",0.025,1026,"COVID-19"
"DE-BW","00+",2022-01-11,2021-12-21,"-21 day ahead inc hosp","quantile",0.1,1032,"COVID-19"
"DE-BW","00+",2022-01-11,2021-12-21,"-21 day ahead inc hosp","quantile",0.25,1038,"COVID-19"
"DE-BW","00+",2022-01-11,2021-12-21,"-21 day ahead inc hosp","quantile",0.5,1047,"COVID-19"
"DE-BW","00+",2022-01-11,2021-12-21,"-21 day ahead inc hosp","quantile",0.75,1058,"COVID-19"
"DE-BW","00+",2022-01-11,2021-12-21,"-21 day ahead inc hosp","quantile",0.9,1070,"COVID-19"
"DE-BW","00+",2022-01-11,2021-12-21,"-21 day ahead inc hosp","quantile",0.975,1086,"COVID-19"
"DE-BW","00+",2022-01-11,2021-12-20,"-22 day ahead inc hosp","mean",NA,1079,"COVID-19"
"DE-BW","00+",2022-01-11,2021-12-20,"-22 day ahead inc hosp","quantile",0.025,1056,"COVID-19"
"DE-BW","00+",2022-01-11,2021-12-20,"-22 day ahead inc hosp","quantile",0.1,1062,"COVID-19"
"DE-BW","00+",2022-01-11,2021-12-20,"-22 day ahead inc hosp","quantile",0.25,1068,"COVID-19"
"DE-BW","00+",2022-01-11,2021-12-20,"-22 day ahead inc hosp","quantile",0.5,1076,"COVID-19"
"DE-BW","00+",2022-01-11,2021-12-20,"-22 day ahead inc hosp","quantile",0.75,1087,"COVID-19"
"DE-BW","00+",2022-01-11,2021-12-20,"-22 day ahead inc hosp","quantile",0.9,1098,"COVID-19"
"DE-BW","00+",2022-01-11,2021-12-20,"-22 day ahead inc hosp","quantile",0.975,1113,"COVID-19"
"DE-BW","00+",2022-01-11,2021-12-19,"-23 day ahead inc hosp","mean",NA,1070,"COVID-19"
"DE-BW","00+",2022-01-11,2021-12-19,"-23 day ahead inc hosp","quantile",0.025,1049,"COVID-19"
"DE-BW","00+",2022-01-11,2021-12-19,"-23 day ahead inc hosp","quantile",0.1,1054,"COVID-19"
"DE-BW","00+",2022-01-11,2021-12-19,"-23 day ahead inc hosp","quantile",0.25,1060,"COVID-19"
"DE-BW","00+",2022-01-11,2021-12-19,"-23 day ahead inc hosp","quantile",0.5,1068,"COVID-19"
"DE-BW","00+",2022-01-11,2021-12-19,"-23 day ahead inc hosp","quantile",0.75,1078,"COVID-19"
"DE-BW","00+",2022-01-11,2021-12-19,"-23 day ahead inc hosp","quantile",0.9,1089,"COVID-19"
"DE-BW","00+",2022-01-11,2021-12-19,"-23 day ahead inc hosp","quantile",0.975,1104,"COVID-19"
"DE-BW","00+",2022-01-11,2021-12-18,"-24 day ahead inc hosp","mean",NA,1086,"COVID-19"
"DE-BW","00+",2022-01-11,2021-12-18,"-24 day ahead inc hosp","quantile",0.025,1066,"COVID-19"
"DE-BW","00+",2022-01-11,2021-12-18,"-24 day ahead inc hosp","quantile",0.1,1071,"COVID-19"
"DE-BW","00+",2022-01-11,2021-12-18,"-24 day ahead inc hosp","quantile",0.25,1076,"COVID-19"
"DE-BW","00+",2022-01-11,2021-12-18,"-24 day ahead inc hosp","quantile",0.5,1084,"COVID-19"
"DE-BW","00+",2022-01-11,2021-12-18,"-24 day ahead inc hosp","quantile",0.75,1093,"COVID-19"
"DE-BW","00+",2022-01-11,2021-12-18,"-24 day ahead inc hosp","quantile",0.9,1103,"COVID-19"
"DE-BW","00+",2022-01-11,2021-12-18,"-24 day ahead inc hosp","quantile",0.975,1117,"COVID-19"
"DE-BW","00+",2022-01-11,2021-12-17,"-25 day ahead inc hosp","mean",NA,1120,"COVID-19"
"DE-BW","00+",2022-01-11,2021-12-17,"-25 day ahead inc hosp","quantile",0.025,1101,"COVID-19"
"DE-BW","00+",2022-01-11,2021-12-17,"-25 day ahead inc hosp","quantile",0.1,1106,"COVID-19"
"DE-BW","00+",2022-01-11,2021-12-17,"-25 day ahead inc hosp","quantile",0.25,1111,"COVID-19"
"DE-BW","00+",2022-01-11,2021-12-17,"-25 day ahead inc hosp","quantile",0.5,1118,"COVID-19"
"DE-BW","00+",2022-01-11,2021-12-17,"-25 day ahead inc hosp","quantile",0.75,1127,"COVID-19"
"DE-BW","00+",2022-01-11,2021-12-17,"-25 day ahead inc hosp","quantile",0.9,1136,"COVID-19"
"DE-BW","00+",2022-01-11,2021-12-17,"-25 day ahead inc hosp","quantile",0.975,1148,"COVID-19"
"DE-BW","00+",2022-01-11,2021-12-16,"-26 day ahead inc hosp","mean",NA,1124,"COVID-19"
"DE-BW","00+",2022-01-11,2021-12-16,"-26 day ahead inc hosp","quantile",0.025,1107,"COVID-19"
"DE-BW","00+",2022-01-11,2021-12-16,"-26 day ahead inc hosp","quantile",0.1,1111,"COVID-19"
"DE-BW","00+",2022-01-11,2021-12-16,"-26 day ahead inc hosp","quantile",0.25,1116,"COVID-19"
"DE-BW","00+",2022-01-11,2021-12-16,"-26 day ahead inc hosp","quantile",0.5,1122,"COVID-19"
"DE-BW","00+",2022-01-11,2021-12-16,"-26 day ahead inc hosp","quantile",0.75,1130,"COVID-19"
"DE-BW","00+",2022-01-11,2021-12-16,"-26 day ahead inc hosp","quantile",0.9,1139,"COVID-19"
"DE-BW","00+",2022-01-11,2021-12-16,"-26 day ahead inc hosp","quantile",0.975,1150,"COVID-19"
"DE-BW","00+",2022-01-11,2021-12-15,"-27 day ahead inc hosp","mean",NA,1168,"COVID-19"
"DE-BW","00+",2022-01-11,2021-12-15,"-27 day ahead inc hosp","quantile",0.025,1153,"COVID-19"
"DE-BW","00+",2022-01-11,2021-12-15,"-27 day ahead inc hosp","quantile",0.1,1157,"COVID-19"
"DE-BW","00+",2022-01-11,2021-12-15,"-27 day ahead inc hosp","quantile",0.25,1161,"COVID-19"
"DE-BW","00+",2022-01-11,2021-12-15,"-27 day ahead inc hosp","quantile",0.5,1167,"COVID-19"
"DE-BW","00+",2022-01-11,2021-12-15,"-27 day ahead inc hosp","quantile",0.75,1174,"COVID-19"
"DE-BW","00+",2022-01-11,2021-12-15,"-27 day ahead inc hosp","quantile",0.9,1182,"COVID-19"
"DE-BW","00+",2022-01-11,2021-12-15,"-27 day ahead inc hosp","quantile",0.975,1193,"COVID-19"
"DE-BW","00+",2022-01-11,2021-12-14,"-28 day ahead inc hosp","mean",NA,1219,"COVID-19"
"DE-BW","00+",2022-01-11,2021-12-14,"-28 day ahead inc hosp","quantile",0.025,1205,"COVID-19"
"DE-BW","00+",2022-01-11,2021-12-14,"-28 day ahead inc hosp","quantile",0.1,1208,"COVID-19"
"DE-BW","00+",2022-01-11,2021-12-14,"-28 day ahead inc hosp","quantile",0.25,1212,"COVID-19"
"DE-BW","00+",2022-01-11,2021-12-14,"-28 day ahead inc hosp","quantile",0.5,1217,"COVID-19"
"DE-BW","00+",2022-01-11,2021-12-14,"-28 day ahead inc hosp","quantile",0.75,1224,"COVID-19"
"DE-BW","00+",2022-01-11,2021-12-14,"-28 day ahead inc hosp","quantile",0.9,1231,"COVID-19"
"DE-BW","00+",2022-01-11,2021-12-14,"-28 day ahead inc hosp","quantile",0.975,1241,"COVID-19"
"DE-BY","00+",2022-01-11,2022-01-11,"0 day ahead inc hosp","mean",NA,715,"COVID-19"
"DE-BY","00+",2022-01-11,2022-01-11,"0 day ahead inc hosp","quantile",0.025,521,"COVID-19"
"DE-BY","00+",2022-01-11,2022-01-11,"0 day ahead inc hosp","quantile",0.1,575,"COVID-19"
"DE-BY","00+",2022-01-11,2022-01-11,"0 day ahead inc hosp","quantile",0.25,632,"COVID-19"
"DE-BY","00+",2022-01-11,2022-01-11,"0 day ahead inc hosp","quantile",0.5,704,"COVID-19"
"DE-BY","00+",2022-01-11,2022-01-11,"0 day ahead inc hosp","quantile",0.75,787,"COVID-19"
"DE-BY","00+",2022-01-11,2022-01-11,"0 day ahead inc hosp","quantile",0.9,870,"COVID-19"
"DE-BY","00+",2022-01-11,2022-01-11,"0 day ahead inc hosp","quantile",0.975,975,"COVID-19"
"DE-BY","00+",2022-01-11,2022-01-10,"-1 day ahead inc hosp","mean",NA,673,"COVID-19"
"DE-BY","00+",2022-01-11,2022-01-10,"-1 day ahead inc hosp","quantile",0.025,522,"COVID-19"
"DE-BY","00+",2022-01-11,2022-01-10,"-1 day ahead inc hosp","quantile",0.1,564,"COVID-19"
"DE-BY","00+",2022-01-11,2022-01-10,"-1 day ahead inc hosp","quantile",0.25,608,"COVID-19"
"DE-BY","00+",2022-01-11,2022-01-10,"-1 day ahead inc hosp","quantile",0.5,664,"COVID-19"
"DE-BY","00+",2022-01-11,2022-01-10,"-1 day ahead inc hosp","quantile",0.75,728,"COVID-19"
"DE-BY","00+",2022-01-11,2022-01-10,"-1 day ahead inc hosp","quantile",0.9,792,"COVID-19"
"DE-BY","00+",2022-01-11,2022-01-10,"-1 day ahead inc hosp","quantile",0.975,873,"COVID-19"
"DE-BY","00+",2022-01-11,2022-01-09,"-2 day ahead inc hosp","mean",NA,657,"COVID-19"
"DE-BY","00+",2022-01-11,2022-01-09,"-2 day ahead inc hosp","quantile",0.025,531,"COVID-19"
"DE-BY","00+",2022-01-11,2022-01-09,"-2 day ahead inc hosp","quantile",0.1,567,"COVID-19"
"DE-BY","00+",2022-01-11,2022-01-09,"-2 day ahead inc hosp","quantile",0.25,604,"COVID-19"
"DE-BY","00+",2022-01-11,2022-01-09,"-2 day ahead inc hosp","quantile",0.5,650,"COVID-19"
"DE-BY","00+",2022-01-11,2022-01-09,"-2 day ahead inc hosp","quantile",0.75,703,"COVID-19"
"DE-BY","00+",2022-01-11,2022-01-09,"-2 day ahead inc hosp","quantile",0.9,757,"COVID-19"
"DE-BY","00+",2022-01-11,2022-01-09,"-2 day ahead inc hosp","quantile",0.975,823,"COVID-19"
"DE-BY","00+",2022-01-11,2022-01-08,"-3 day ahead inc hosp","mean",NA,634,"COVID-19"
"DE-BY","00+",2022-01-11,2022-01-08,"-3 day ahead inc hosp","quantile",0.025,529,"COVID-19"
"DE-BY","00+",2022-01-11,2022-01-08,"-3 day ahead inc hosp","quantile",0.1,559,"COVID-19"
"DE-BY","00+",2022-01-11,2022-01-08,"-3 day ahead inc hosp","quantile",0.25,590,"COVID-19"
"DE-BY","00+",2022-01-11,2022-01-08,"-3 day ahead inc hosp","quantile",0.5,629,"COVID-19"
"DE-BY","00+",2022-01-11,2022-01-08,"-3 day ahead inc hosp","quantile",0.75,672,"COVID-19"
"DE-BY","00+",2022-01-11,2022-01-08,"-3 day ahead inc hosp","quantile",0.9,715,"COVID-19"
"DE-BY","00+",2022-01-11,2022-01-08,"-3 day ahead inc hosp","quantile",0.975,769,"COVID-19"
"DE-BY","00+",2022-01-11,2022-01-07,"-4 day ahead inc hosp","mean",NA,597,"COVID-19"
"DE-BY","00+",2022-01-11,2022-01-07,"-4 day ahead inc hosp","quantile",0.025,517,"COVID-19"
"DE-BY","00+",2022-01-11,2022-01-07,"-4 day ahead inc hosp","quantile",0.1,540,"COVID-19"
"DE-BY","00+",2022-01-11,2022-01-07,"-4 day ahead inc hosp","quantile",0.25,564,"COVID-19"
"DE-BY","00+",2022-01-11,2022-01-07,"-4 day ahead inc hosp","quantile",0.5,593,"COVID-19"
"DE-BY","00+",2022-01-11,2022-01-07,"-4 day ahead inc hosp","quantile",0.75,626,"COVID-19"
"DE-BY","00+",2022-01-11,2022-01-07,"-4 day ahead inc hosp","quantile",0.9,658,"COVID-19"
"DE-BY","00+",2022-01-11,2022-01-07,"-4 day ahead inc hosp","quantile",0.975,698,"COVID-19"
"DE-BY","00+",2022-01-11,2022-01-06,"-5 day ahead inc hosp","mean",NA,656,"COVID-19"
"DE-BY","00+",2022-01-11,2022-01-06,"-5 day ahead inc hosp","quantile",0.025,584,"COVID-19"
"DE-BY","00+",2022-01-11,2022-01-06,"-5 day ahead inc hosp","quantile",0.1,606,"COVID-19"
"DE-BY","00+",2022-01-11,2022-01-06,"-5 day ahead inc hosp","quantile",0.25,627,"COVID-19"
"DE-BY","00+",2022-01-11,2022-01-06,"-5 day ahead inc hosp","quantile",0.5,653,"COVID-19"
"DE-BY","00+",2022-01-11,2022-01-06,"-5 day ahead inc hosp","quantile",0.75,682,"COVID-19"
"DE-BY","00+",2022-01-11,2022-01-06,"-5 day ahead inc hosp","quantile",0.9,710,"COVID-19"
"DE-BY","00+",2022-01-11,2022-01-06,"-5 day ahead inc hosp","quantile",0.975,744,"COVID-19"
"DE-BY","00+",2022-01-11,2022-01-05,"-6 day ahead inc hosp","mean",NA,684,"COVID-19"
"DE-BY","00+",2022-01-11,2022-01-05,"-6 day ahead inc hosp","quantile",0.025,619,"COVID-19"
"DE-BY","00+",2022-01-11,2022-01-05,"-6 day ahead inc hosp","quantile",0.1,638,"COVID-19"
"DE-BY","00+",2022-01-11,2022-01-05,"-6 day ahead inc hosp","quantile",0.25,658,"COVID-19"
"DE-BY","00+",2022-01-11,2022-01-05,"-6 day ahead inc hosp","quantile",0.5,681,"COVID-19"
"DE-BY","00+",2022-01-11,2022-01-05,"-6 day ahead inc hosp","quantile",0.75,707,"COVID-19"
"DE-BY","00+",2022-01-11,2022-01-05,"-6 day ahead inc hosp","quantile",0.9,733,"COVID-19"
"DE-BY","00+",2022-01-11,2022-01-05,"-6 day ahead inc hosp","quantile",0.975,764,"COVID-19"
"DE-BY","00+",2022-01-11,2022-01-04,"-7 day ahead inc hosp","mean",NA,676,"COVID-19"
"DE-BY","00+",2022-01-11,2022-01-04,"-7 day ahead inc hosp","quantile",0.025,617,"COVID-19"
"DE-BY","00+",2022-01-11,2022-01-04,"-7 day ahead inc hosp","quantile",0.1,634,"COVID-19"
"DE-BY","00+",2022-01-11,2022-01-04,"-7 day ahead inc hosp","quantile",0.25,652,"COVID-19"
"DE-BY","00+",2022-01-11,2022-01-04,"-7 day ahead inc hosp","quantile",0.5,674,"COVID-19"
"DE-BY","00+",2022-01-11,2022-01-04,"-7 day ahead inc hosp","quantile",0.75,698,"COVID-19"
"DE-BY","00+",2022-01-11,2022-01-04,"-7 day ahead inc hosp","quantile",0.9,722,"COVID-19"
"DE-BY","00+",2022-01-11,2022-01-04,"-7 day ahead inc hosp","quantile",0.975,751,"COVID-19"
"DE-BY","00+",2022-01-11,2022-01-03,"-8 day ahead inc hosp","mean",NA,680,"COVID-19"
"DE-BY","00+",2022-01-11,2022-01-03,"-8 day ahead inc hosp","quantile",0.025,623,"COVID-19"
"DE-BY","00+",2022-01-11,2022-01-03,"-8 day ahead inc hosp","quantile",0.1,639,"COVID-19"
"DE-BY","00+",2022-01-11,2022-01-03,"-8 day ahead inc hosp","quantile",0.25,656,"COVID-19"
"DE-BY","00+",2022-01-11,2022-01-03,"-8 day ahead inc hosp","quantile",0.5,677,"COVID-19"
"DE-BY","00+",2022-01-11,2022-01-03,"-8 day ahead inc hosp","quantile",0.75,700,"COVID-19"
"DE-BY","00+",2022-01-11,2022-01-03,"-8 day ahead inc hosp","quantile",0.9,724,"COVID-19"
"DE-BY","00+",2022-01-11,2022-01-03,"-8 day ahead inc hosp","quantile",0.975,753,"COVID-19"
"DE-BY","00+",2022-01-11,2022-01-02,"-9 day ahead inc hosp","mean",NA,680,"COVID-19"
"DE-BY","00+",2022-01-11,2022-01-02,"-9 day ahead inc hosp","quantile",0.025,623,"COVID-19"
"DE-BY","00+",2022-01-11,2022-01-02,"-9 day ahead inc hosp","quantile",0.1,639,"COVID-19"
"DE-BY","00+",2022-01-11,2022-01-02,"-9 day ahead inc hosp","quantile",0.25,655,"COVID-19"
"DE-BY","00+",2022-01-11,2022-01-02,"-9 day ahead inc hosp","quantile",0.5,676,"COVID-19"
"DE-BY","00+",2022-01-11,2022-01-02,"-9 day ahead inc hosp","quantile",0.75,700,"COVID-19"
"DE-BY","00+",2022-01-11,2022-01-02,"-9 day ahead inc hosp","quantile",0.9,725,"COVID-19"
"DE-BY","00+",2022-01-11,2022-01-02,"-9 day ahead inc hosp","quantile",0.975,755,"COVID-19"
"DE-BY","00+",2022-01-11,2022-01-01,"-10 day ahead inc hosp","mean",NA,675,"COVID-19"
"DE-BY","00+",2022-01-11,2022-01-01,"-10 day ahead inc hosp","quantile",0.025,619,"COVID-19"
"DE-BY","00+",2022-01-11,2022-01-01,"-10 day ahead inc hosp","quantile",0.1,634,"COVID-19"
"DE-BY","00+",2022-01-11,2022-01-01,"-10 day ahead inc hosp","quantile",0.25,650,"COVID-19"
"DE-BY","00+",2022-01-11,2022-01-01,"-10 day ahead inc hosp","quantile",0.5,671,"COVID-19"
"DE-BY","00+",2022-01-11,2022-01-01,"-10 day ahead inc hosp","quantile",0.75,695,"COVID-19"
"DE-BY","00+",2022-01-11,2022-01-01,"-10 day ahead inc hosp","quantile",0.9,720,"COVID-19"
"DE-BY","00+",2022-01-11,2022-01-01,"-10 day ahead inc hosp","quantile",0.975,752,"COVID-19"
"DE-BY","00+",2022-01-11,2021-12-31,"-11 day ahead inc hosp","mean",NA,684,"COVID-19"
"DE-BY","00+",2022-01-11,2021-12-31,"-11 day ahead inc hosp","quantile",0.025,628,"COVID-19"
"DE-BY","00+",2022-01-11,2021-12-31,"-11 day ahead inc hosp","quantile",0.1,643,"COVID-19"
"DE-BY","00+",2022-01-11,2021-12-31,"-11 day ahead inc hosp","quantile",0.25,659,"COVID-19"
"DE-BY","00+",2022-01-11,2021-12-31,"-11 day ahead inc hosp","quantile",0.5,680,"COVID-19"
"DE-BY","00+",2022-01-11,2021-12-31,"-11 day ahead inc hosp","quantile",0.75,705,"COVID-19"
"DE-BY","00+",2022-01-11,2021-12-31,"-11 day ahead inc hosp","quantile",0.9,731,"COVID-19"
"DE-BY","00+",2022-01-11,2021-12-31,"-11 day ahead inc hosp","quantile",0.975,764,"COVID-19"
"DE-BY","00+",2022-01-11,2021-12-30,"-12 day ahead inc hosp","mean",NA,694,"COVID-19"
"DE-BY","00+",2022-01-11,2021-12-30,"-12 day ahead inc hosp","quantile",0.025,642,"COVID-19"
"DE-BY","00+",2022-01-11,2021-12-30,"-12 day ahead inc hosp","quantile",0.1,656,"COVID-19"
"DE-BY","00+",2022-01-11,2021-12-30,"-12 day ahead inc hosp","quantile",0.25,670,"COVID-19"
"DE-BY","00+",2022-01-11,2021-12-30,"-12 day ahead inc hosp","quantile",0.5,690,"COVID-19"
"DE-BY","00+",2022-01-11,2021-12-30,"-12 day ahead inc hosp","quantile",0.75,714,"COVID-19"
"DE-BY","00+",2022-01-11,2021-12-30,"-12 day ahead inc hosp","quantile",0.9,739,"COVID-19"
"DE-BY","00+",2022-01-11,2021-12-30,"-12 day ahead inc hosp","quantile",0.975,771,"COVID-19"
"DE-BY","00+",2022-01-11,2021-12-29,"-13 day ahead inc hosp","mean",NA,704,"COVID-19"
"DE-BY","00+",2022-01-11,2021-12-29,"-13 day ahead inc hosp","quantile",0.025,655,"COVID-19"
"DE-BY","00+",2022-01-11,2021-12-29,"-13 day ahead inc hosp","quantile",0.1,667,"COVID-19"
"DE-BY","00+",2022-01-11,2021-12-29,"-13 day ahead inc hosp","quantile",0.25,681,"COVID-19"
"DE-BY","00+",2022-01-11,2021-12-29,"-13 day ahead inc hosp","quantile",0.5,699,"COVID-19"
"DE-BY","00+",2022-01-11,2021-12-29,"-13 day ahead inc hosp","quantile",0.75,722,"COVID-19"
"DE-BY","00+",2022-01-11,2021-12-29,"-13 day ahead inc hosp","quantile",0.9,745,"COVID-19"
"DE-BY","00+",2022-01-11,2021-12-29,"-13 day ahead inc hosp","quantile",0.975,776,"COVID-19"
"DE-BY","00+",2022-01-11,2021-12-28,"-14 day ahead inc hosp","mean",NA,729,"COVID-19"
"DE-BY","00+",2022-01-11,2021-12-28,"-14 day ahead inc hosp","quantile",0.025,685,"COVID-19"
"DE-BY","00+",2022-01-11,2021-12-28,"-14 day ahead inc hosp","quantile",0.1,696,"COVID-19"
"DE-BY","00+",2022-01-11,2021-12-28,"-14 day ahead inc hosp","quantile",0.25,708,"COVID-19"
"DE-BY","00+",2022-01-11,2021-12-28,"-14 day ahead inc hosp","quantile",0.5,725,"COVID-19"
"DE-BY","00+",2022-01-11,2021-12-28,"-14 day ahead inc hosp","quantile",0.75,746,"COVID-19"
"DE-BY","00+",2022-01-11,2021-12-28,"-14 day ahead inc hosp","quantile",0.9,768,"COVID-19"
"DE-BY","00+",2022-01-11,2021-12-28,"-14 day ahead inc hosp","quantile",0.975,797,"COVID-19"
"DE-BY","00+",2022-01-11,2021-12-27,"-15 day ahead inc hosp","mean",NA,721,"COVID-19"
"DE-BY","00+",2022-01-11,2021-12-27,"-15 day ahead inc hosp","quantile",0.025,680,"COVID-19"
"DE-BY","00+",2022-01-11,2021-12-27,"-15 day ahead inc hosp","quantile",0.1,690,"COVID-19"
"DE-BY","00+",2022-01-11,2021-12-27,"-15 day ahead inc hosp","quantile",0.25,701,"COVID-19"
"DE-BY","00+",2022-01-11,2021-12-27,"-15 day ahead inc hosp","quantile",0.5,717,"COVID-19"
"DE-BY","00+",2022-01-11,2021-12-27,"-15 day ahead inc hosp","quantile",0.75,736,"COVID-19"
"DE-BY","00+",2022-01-11,2021-12-27,"-15 day ahead inc hosp","quantile",0.9,757,"COVID-19"
"DE-BY","00+",2022-01-11,2021-12-27,"-15 day ahead inc hosp","quantile",0.975,784,"COVID-19"
"DE-BY","00+",2022-01-11,2021-12-26,"-16 day ahead inc hosp","mean",NA,741,"COVID-19"
"DE-BY","00+",2022-01-11,2021-12-26,"-16 day ahead inc hosp","quantile",0.025,701,"COVID-19"
"DE-BY","00+",2022-01-11,2021-12-26,"-16 day ahead inc hosp","quantile",0.1,710,"COVID-19"
"DE-BY","00+",2022-01-11,2021-12-26,"-16 day ahead inc hosp","quantile",0.25,721,"COVID-19"
"DE-BY","00+",2022-01-11,2021-12-26,"-16 day ahead inc hosp","quantile",0.5,737,"COVID-19"
"DE-BY","00+",2022-01-11,2021-12-26,"-16 day ahead inc hosp","quantile",0.75,756,"COVID-19"
"DE-BY","00+",2022-01-11,2021-12-26,"-16 day ahead inc hosp","quantile",0.9,776,"COVID-19"
"DE-BY","00+",2022-01-11,2021-12-26,"-16 day ahead inc hosp","quantile",0.975,804,"COVID-19"
"DE-BY","00+",2022-01-11,2021-12-25,"-17 day ahead inc hosp","mean",NA,815,"COVID-19"
"DE-BY","00+",2022-01-11,2021-12-25,"-17 day ahead inc hosp","quantile",0.025,774,"COVID-19"
"DE-BY","00+",2022-01-11,2021-12-25,"-17 day ahead inc hosp","quantile",0.1,784,"COVID-19"
"DE-BY","00+",2022-01-11,2021-12-25,"-17 day ahead inc hosp","quantile",0.25,795,"COVID-19"
"DE-BY","00+",2022-01-11,2021-12-25,"-17 day ahead inc hosp","quantile",0.5,811,"COVID-19"
"DE-BY","00+",2022-01-11,2021-12-25,"-17 day ahead inc hosp","quantile",0.75,830,"COVID-19"
"DE-BY","00+",2022-01-11,2021-12-25,"-17 day ahead inc hosp","quantile",0.9,852,"COVID-19"
"DE-BY","00+",2022-01-11,2021-12-25,"-17 day ahead inc hosp","quantile",0.975,880,"COVID-19"
"DE-BY","00+",2022-01-11,2021-12-24,"-18 day ahead inc hosp","mean",NA,880,"COVID-19"
"DE-BY","00+",2022-01-11,2021-12-24,"-18 day ahead inc hosp","quantile",0.025,839,"COVID-19"
"DE-BY","00+",2022-01-11,2021-12-24,"-18 day ahead inc hosp","quantile",0.1,849,"COVID-19"
"DE-BY","00+",2022-01-11,2021-12-24,"-18 day ahead inc hosp","quantile",0.25,860,"COVID-19"
"DE-BY","00+",2022-01-11,2021-12-24,"-18 day ahead inc hosp","quantile",0.5,876,"COVID-19"
"DE-BY","00+",2022-01-11,2021-12-24,"-18 day ahead inc hosp","quantile",0.75,895,"COVID-19"
"DE-BY","00+",2022-01-11,2021-12-24,"-18 day ahead inc hosp","quantile",0.9,917,"COVID-19"
"DE-BY","00+",2022-01-11,2021-12-24,"-18 day ahead inc hosp","quantile",0.975,945,"COVID-19"
"DE-BY","00+",2022-01-11,2021-12-23,"-19 day ahead inc hosp","mean",NA,938,"COVID-19"
"DE-BY","00+",2022-01-11,2021-12-23,"-19 day ahead inc hosp","quantile",0.025,899,"COVID-19"
"DE-BY","00+",2022-01-11,2021-12-23,"-19 day ahead inc hosp","quantile",0.1,908,"COVID-19"
"DE-BY","00+",2022-01-11,2021-12-23,"-19 day ahead inc hosp","quantile",0.25,919,"COVID-19"
"DE-BY","00+",2022-01-11,2021-12-23,"-19 day ahead inc hosp","quantile",0.5,934,"COVID-19"
"DE-BY","00+",2022-01-11,2021-12-23,"-19 day ahead inc hosp","quantile",0.75,953,"COVID-19"
"DE-BY","00+",2022-01-11,2021-12-23,"-19 day ahead inc hosp","quantile",0.9,973,"COVID-19"
"DE-BY","00+",2022-01-11,2021-12-23,"-19 day ahead inc hosp","quantile",0.975,1000,"COVID-19"
"DE-BY","00+",2022-01-11,2021-12-22,"-20 day ahead inc hosp","mean",NA,1008,"COVID-19"
"DE-BY","00+",2022-01-11,2021-12-22,"-20 day ahead inc hosp","quantile",0.025,970,"COVID-19"
"DE-BY","00+",2022-01-11,2021-12-22,"-20 day ahead inc hosp","quantile",0.1,979,"COVID-19"
"DE-BY","00+",2022-01-11,2021-12-22,"-20 day ahead inc hosp","quantile",0.25,989,"COVID-19"
"DE-BY","00+",2022-01-11,2021-12-22,"-20 day ahead inc hosp","quantile",0.5,1004,"COVID-19"
"DE-BY","00+",2022-01-11,2021-12-22,"-20 day ahead inc hosp","quantile",0.75,1022,"COVID-19"
"DE-BY","00+",2022-01-11,2021-12-22,"-20 day ahead inc hosp","quantile",0.9,1041,"COVID-19"
"DE-BY","00+",2022-01-11,2021-12-22,"-20 day ahead inc hosp","quantile",0.975,1066,"COVID-19"
"DE-BY","00+",2022-01-11,2021-12-21,"-21 day ahead inc hosp","mean",NA,1094,"COVID-19"
"DE-BY","00+",2022-01-11,2021-12-21,"-21 day ahead inc hosp","quantile",0.025,1059,"COVID-19"
"DE-BY","00+",2022-01-11,2021-12-21,"-21 day ahead inc hosp","quantile",0.1,1067,"COVID-19"
"DE-BY","00+",2022-01-11,2021-12-21,"-21 day ahead inc hosp","quantile",0.25,1077,"COVID-19"
"DE-BY","00+",2022-01-11,2021-12-21,"-21 day ahead inc hosp","quantile",0.5,1091,"COVID-19"
"DE-BY","00+",2022-01-11,2021-12-21,"-21 day ahead inc hosp","quantile",0.75,1108,"COVID-19"
"DE-BY","00+",2022-01-11,2021-12-21,"-21 day ahead inc hosp","quantile",0.9,1126,"COVID-19"
"DE-BY","00+",2022-01-11,2021-12-21,"-21 day ahead inc hosp","quantile",0.975,1150,"COVID-19"
"DE-BY","00+",2022-01-11,2021-12-20,"-22 day ahead inc hosp","mean",NA,1159,"COVID-19"
"DE-BY","00+",2022-01-11,2021-12-20,"-22 day ahead inc hosp","quantile",0.025,1124,"COVID-19"
"DE-BY","00+",2022-01-11,2021-12-20,"-22 day ahead inc hosp","quantile",0.1,1132,"COVID-19"
"DE-BY","00+",2022-01-11,2021-12-20,"-22 day ahead inc hosp","quantile",0.25,1142,"COVID-19"
"DE-BY","00+",2022-01-11,2021-12-20,"-22 day ahead inc hosp","quantile",0.5,1156,"COVID-19"
"DE-BY","00+",2022-01-11,2021-12-20,"-22 day ahead inc hosp","quantile",0.75,1173,"COVID-19"
"DE-BY","00+",2022-01-11,2021-12-20,"-22 day ahead inc hosp","quantile",0.9,1191,"COVID-19"
"DE-BY","00+",2022-01-11,2021-12-20,"-22 day ahead inc hosp","quantile",0.975,1215,"COVID-19"
"DE-BY","00+",2022-01-11,2021-12-19,"-23 day ahead inc hosp","mean",NA,1206,"COVID-19"
"DE-BY","00+",2022-01-11,2021-12-19,"-23 day ahead inc hosp","quantile",0.025,1170,"COVID-19"
"DE-BY","00+",2022-01-11,2021-12-19,"-23 day ahead inc hosp","quantile",0.1,1179,"COVID-19"
"DE-BY","00+",2022-01-11,2021-12-19,"-23 day ahead inc hosp","quantile",0.25,1188,"COVID-19"
"DE-BY","00+",2022-01-11,2021-12-19,"-23 day ahead inc hosp","quantile",0.5,1202,"COVID-19"
"DE-BY","00+",2022-01-11,2021-12-19,"-23 day ahead inc hosp","quantile",0.75,1219,"COVID-19"
"DE-BY","00+",2022-01-11,2021-12-19,"-23 day ahead inc hosp","quantile",0.9,1237,"COVID-19"
"DE-BY","00+",2022-01-11,2021-12-19,"-23 day ahead inc hosp","quantile",0.975,1261,"COVID-19"
"DE-BY","00+",2022-01-11,2021-12-18,"-24 day ahead inc hosp","mean",NA,1254,"COVID-19"
"DE-BY","00+",2022-01-11,2021-12-18,"-24 day ahead inc hosp","quantile",0.025,1220,"COVID-19"
"DE-BY","00+",2022-01-11,2021-12-18,"-24 day ahead inc hosp","quantile",0.1,1228,"COVID-19"
"DE-BY","00+",2022-01-11,2021-12-18,"-24 day ahead inc hosp","quantile",0.25,1238,"COVID-19"
"DE-BY","00+",2022-01-11,2021-12-18,"-24 day ahead inc hosp","quantile",0.5,1251,"COVID-19"
"DE-BY","00+",2022-01-11,2021-12-18,"-24 day ahead inc hosp","quantile",0.75,1267,"COVID-19"
"DE-BY","00+",2022-01-11,2021-12-18,"-24 day ahead inc hosp","quantile",0.9,1285,"COVID-19"
"DE-BY","00+",2022-01-11,2021-12-18,"-24 day ahead inc hosp","quantile",0.975,1309,"COVID-19"
"DE-BY","00+",2022-01-11,2021-12-17,"-25 day ahead inc hosp","mean",NA,1301,"COVID-19"
"DE-BY","00+",2022-01-11,2021-12-17,"-25 day ahead inc hosp","quantile",0.025,1268,"COVID-19"
"DE-BY","00+",2022-01-11,2021-12-17,"-25 day ahead inc hosp","quantile",0.1,1275,"COVID-19"
"DE-BY","00+",2022-01-11,2021-12-17,"-25 day ahead inc hosp","quantile",0.25,1284,"COVID-19"
"DE-BY","00+",2022-01-11,2021-12-17,"-25 day ahead inc hosp","quantile",0.5,1297,"COVID-19"
"DE-BY","00+",2022-01-11,2021-12-17,"-25 day ahead inc hosp","quantile",0.75,1313,"COVID-19"
"DE-BY","00+",2022-01-11,2021-12-17,"-25 day ahead inc hosp","quantile",0.9,1331,"COVID-19"
"DE-BY","00+",2022-01-11,2021-12-17,"-25 day ahead inc hosp","quantile",0.975,1354,"COVID-19"
"DE-BY","00+",2022-01-11,2021-12-16,"-26 day ahead inc hosp","mean",NA,1379,"COVID-19"
"DE-BY","00+",2022-01-11,2021-12-16,"-26 day ahead inc hosp","quantile",0.025,1348,"COVID-19"
"DE-BY","00+",2022-01-11,2021-12-16,"-26 day ahead inc hosp","quantile",0.1,1355,"COVID-19"
"DE-BY","00+",2022-01-11,2021-12-16,"-26 day ahead inc hosp","quantile",0.25,1364,"COVID-19"
"DE-BY","00+",2022-01-11,2021-12-16,"-26 day ahead inc hosp","quantile",0.5,1376,"COVID-19"
"DE-BY","00+",2022-01-11,2021-12-16,"-26 day ahead inc hosp","quantile",0.75,1391,"COVID-19"
"DE-BY","00+",2022-01-11,2021-12-16,"-26 day ahead inc hosp","quantile",0.9,1408,"COVID-19"
"DE-BY","00+",2022-01-11,2021-12-16,"-26 day ahead inc hosp","quantile",0.975,1430,"COVID-19"
"DE-BY","00+",2022-01-11,2021-12-15,"-27 day ahead inc hosp","mean",NA,1485,"COVID-19"
"DE-BY","00+",2022-01-11,2021-12-15,"-27 day ahead inc hosp","quantile",0.025,1454,"COVID-19"
"DE-BY","00+",2022-01-11,2021-12-15,"-27 day ahead inc hosp","quantile",0.1,1461,"COVID-19"
"DE-BY","00+",2022-01-11,2021-12-15,"-27 day ahead inc hosp","quantile",0.25,1469,"COVID-19"
"DE-BY","00+",2022-01-11,2021-12-15,"-27 day ahead inc hosp","quantile",0.5,1481,"COVID-19"
"DE-BY","00+",2022-01-11,2021-12-15,"-27 day ahead inc hosp","quantile",0.75,1496,"COVID-19"
"DE-BY","00+",2022-01-11,2021-12-15,"-27 day ahead inc hosp","quantile",0.9,1513,"COVID-19"
"DE-BY","00+",2022-01-11,2021-12-15,"-27 day ahead inc hosp","quantile",0.975,1534,"COVID-19"
"DE-BY","00+",2022-01-11,2021-12-14,"-28 day ahead inc hosp","mean",NA,1590,"COVID-19"
"DE-BY","00+",2022-01-11,2021-12-14,"-28 day ahead inc hosp","quantile",0.025,1562,"COVID-19"
"DE-BY","00+",2022-01-11,2021-12-14,"-28 day ahead inc hosp","quantile",0.1,1568,"COVID-19"
"DE-BY","00+",2022-01-11,2021-12-14,"-28 day ahead inc hosp","quantile",0.25,1576,"COVID-19"
"DE-BY","00+",2022-01-11,2021-12-14,"-28 day ahead inc hosp","quantile",0.5,1587,"COVID-19"
"DE-BY","00+",2022-01-11,2021-12-14,"-28 day ahead inc hosp","quantile",0.75,1601,"COVID-19"
"DE-BY","00+",2022-01-11,2021-12-14,"-28 day ahead inc hosp","quantile",0.9,1616,"COVID-19"
"DE-BY","00+",2022-01-11,2021-12-14,"-28 day ahead inc hosp","quantile",0.975,1637,"COVID-19"
"DE-HB","00+",2022-01-11,2022-01-11,"0 day ahead inc hosp","mean",NA,137,"COVID-19"
"DE-HB","00+",2022-01-11,2022-01-11,"0 day ahead inc hosp","quantile",0.025,104,"COVID-19"
"DE-HB","00+",2022-01-11,2022-01-11,"0 day ahead inc hosp","quantile",0.1,109,"COVID-19"
"DE-HB","00+",2022-01-11,2022-01-11,"0 day ahead inc hosp","quantile",0.25,116,"COVID-19"
"DE-HB","00+",2022-01-11,2022-01-11,"0 day ahead inc hosp","quantile",0.5,130,"COVID-19"
"DE-HB","00+",2022-01-11,2022-01-11,"0 day ahead inc hosp","quantile",0.75,151,"COVID-19"
"DE-HB","00+",2022-01-11,2022-01-11,"0 day ahead inc hosp","quantile",0.9,176,"COVID-19"
"DE-HB","00+",2022-01-11,2022-01-11,"0 day ahead inc hosp","quantile",0.975,211,"COVID-19"
"DE-HB","00+",2022-01-11,2022-01-10,"-1 day ahead inc hosp","mean",NA,122,"COVID-19"
"DE-HB","00+",2022-01-11,2022-01-10,"-1 day ahead inc hosp","quantile",0.025,98,"COVID-19"
"DE-HB","00+",2022-01-11,2022-01-10,"-1 day ahead inc hosp","quantile",0.1,101,"COVID-19"
"DE-HB","00+",2022-01-11,2022-01-10,"-1 day ahead inc hosp","quantile",0.25,107,"COVID-19"
"DE-HB","00+",2022-01-11,2022-01-10,"-1 day ahead inc hosp","quantile",0.5,116,"COVID-19"
"DE-HB","00+",2022-01-11,2022-01-10,"-1 day ahead inc hosp","quantile",0.75,132,"COVID-19"
"DE-HB","00+",2022-01-11,2022-01-10,"-1 day ahead inc hosp","quantile",0.9,150,"COVID-19"
"DE-HB","00+",2022-01-11,2022-01-10,"-1 day ahead inc hosp","quantile",0.975,177,"COVID-19"
"DE-HB","00+",2022-01-11,2022-01-09,"-2 day ahead inc hosp","mean",NA,124,"COVID-19"
"DE-HB","00+",2022-01-11,2022-01-09,"-2 day ahead inc hosp","quantile",0.025,101,"COVID-19"
"DE-HB","00+",2022-01-11,2022-01-09,"-2 day ahead inc hosp","quantile",0.1,104,"COVID-19"
"DE-HB","00+",2022-01-11,2022-01-09,"-2 day ahead inc hosp","quantile",0.25,109,"COVID-19"
"DE-HB","00+",2022-01-11,2022-01-09,"-2 day ahead inc hosp","quantile",0.5,119,"COVID-19"
"DE-HB","00+",2022-01-11,2022-01-09,"-2 day ahead inc hosp","quantile",0.75,133,"COVID-19"
"DE-HB","00+",2022-01-11,2022-01-09,"-2 day ahead inc hosp","quantile",0.9,150,"COVID-19"
"DE-HB","00+",2022-01-11,2022-01-09,"-2 day ahead inc hosp","quantile",0.975,174,"COVID-19"
"DE-HB","00+",2022-01-11,2022-01-08,"-3 day ahead inc hosp","mean",NA,128,"COVID-19"
"DE-HB","00+",2022-01-11,2022-01-08,"-3 day ahead inc hosp","quantile",0.025,106,"COVID-19"
"DE-HB","00+",2022-01-11,2022-01-08,"-3 day ahead inc hosp","quantile",0.1,110,"COVID-19"
"DE-HB","00+",2022-01-11,2022-01-08,"-3 day ahead inc hosp","quantile",0.25,115,"COVID-19"
"DE-HB","00+",2022-01-11,2022-01-08,"-3 day ahead inc hosp","quantile",0.5,124,"COVID-19"
"DE-HB","00+",2022-01-11,2022-01-08,"-3 day ahead inc hosp","quantile",0.75,137,"COVID-19"
"DE-HB","00+",2022-01-11,2022-01-08,"-3 day ahead inc hosp","quantile",0.9,152,"COVID-19"
"DE-HB","00+",2022-01-11,2022-01-08,"-3 day ahead inc hosp","quantile",0.975,174,"COVID-19"
"DE-HB","00+",2022-01-11,2022-01-07,"-4 day ahead inc hosp","mean",NA,101,"COVID-19"
"DE-HB","00+",2022-01-11,2022-01-07,"-4 day ahead inc hosp","quantile",0.025,85,"COVID-19"
"DE-HB","00+",2022-01-11,2022-01-07,"-4 day ahead inc hosp","quantile",0.1,88,"COVID-19"
"DE-HB","00+",2022-01-11,2022-01-07,"-4 day ahead inc hosp","quantile",0.25,92,"COVID-19"
"DE-HB","00+",2022-01-11,2022-01-07,"-4 day ahead inc hosp","quantile",0.5,98,"COVID-19"
"DE-HB","00+",2022-01-11,2022-01-07,"-4 day ahead inc hosp","quantile",0.75,107,"COVID-19"
"DE-HB","00+",2022-01-11,2022-01-07,"-4 day ahead inc hosp","quantile",0.9,118,"COVID-19"
"DE-HB","00+",2022-01-11,2022-01-07,"-4 day ahead inc hosp","quantile",0.975,133,"COVID-19"
"DE-HB","00+",2022-01-11,2022-01-06,"-5 day ahead inc hosp","mean",NA,95,"COVID-19"
"DE-HB","00+",2022-01-11,2022-01-06,"-5 day ahead inc hosp","quantile",0.025,82,"COVID-19"
"DE-HB","00+",2022-01-11,2022-01-06,"-5 day ahead inc hosp","quantile",0.1,84,"COVID-19"
"DE-HB","00+",2022-01-11,2022-01-06,"-5 day ahead inc hosp","quantile",0.25,88,"COVID-19"
"DE-HB","00+",2022-01-11,2022-01-06,"-5 day ahead inc hosp","quantile",0.5,93,"COVID-19"
"DE-HB","00+",2022-01-11,2022-01-06,"-5 day ahead inc hosp","quantile",0.75,101,"COVID-19"
"DE-HB","00+",2022-01-11,2022-01-06,"-5 day ahead inc hosp","quantile",0.9,109,"COVID-19"
"DE-HB","00+",2022-01-11,2022-01-06,"-5 day ahead inc hosp","quantile",0.975,121,"COVID-19"
"DE-HB","00+",2022-01-11,2022-01-05,"-6 day ahead inc hosp","mean",NA,85,"COVID-19"
"DE-HB","00+",2022-01-11,2022-01-05,"-6 day ahead inc hosp","quantile",0.025,75,"COVID-19"
"DE-HB","00+",2022-01-11,2022-01-05,"-6 day ahead inc hosp","quantile",0.1,76,"COVID-19"
"DE-HB","00+",2022-01-11,2022-01-05,"-6 day ahead inc hosp","quantile",0.25,79,"COVID-19"
"DE-HB","00+",2022-01-11,2022-01-05,"-6 day ahead inc hosp","quantile",0.5,83,"COVID-19"
"DE-HB","00+",2022-01-11,2022-01-05,"-6 day ahead inc hosp","quantile",0.75,89,"COVID-19"
"DE-HB","00+",2022-01-11,2022-01-05,"-6 day ahead inc hosp","quantile",0.9,95,"COVID-19"
"DE-HB","00+",2022-01-11,2022-01-05,"-6 day ahead inc hosp","quantile",0.975,104,"COVID-19"
"DE-HB","00+",2022-01-11,2022-01-04,"-7 day ahead inc hosp","mean",NA,81,"COVID-19"
"DE-HB","00+",2022-01-11,2022-01-04,"-7 day ahead inc hosp","quantile",0.025,72,"COVID-19"
"DE-HB","00+",2022-01-11,2022-01-04,"-7 day ahead inc hosp","quantile",0.1,74,"COVID-19"
"DE-HB","00+",2022-01-11,2022-01-04,"-7 day ahead inc hosp","quantile",0.25,76,"COVID-19"
"DE-HB","00+",2022-01-11,2022-01-04,"-7 day ahead inc hosp","quantile",0.5,79,"COVID-19"
"DE-HB","00+",2022-01-11,2022-01-04,"-7 day ahead inc hosp","quantile",0.75,84,"COVID-19"
"DE-HB","00+",2022-01-11,2022-01-04,"-7 day ahead inc hosp","quantile",0.9,90,"COVID-19"
"DE-HB","00+",2022-01-11,2022-01-04,"-7 day ahead inc hosp","quantile",0.975,97,"COVID-19"
"DE-HB","00+",2022-01-11,2022-01-03,"-8 day ahead inc hosp","mean",NA,85,"COVID-19"
"DE-HB","00+",2022-01-11,2022-01-03,"-8 day ahead inc hosp","quantile",0.025,77,"COVID-19"
"DE-HB","00+",2022-01-11,2022-01-03,"-8 day ahead inc hosp","quantile",0.1,79,"COVID-19"
"DE-HB","00+",2022-01-11,2022-01-03,"-8 day ahead inc hosp","quantile",0.25,81,"COVID-19"
"DE-HB","00+",2022-01-11,2022-01-03,"-8 day ahead inc hosp","quantile",0.5,84,"COVID-19"
"DE-HB","00+",2022-01-11,2022-01-03,"-8 day ahead inc hosp","quantile",0.75,88,"COVID-19"
"DE-HB","00+",2022-01-11,2022-01-03,"-8 day ahead inc hosp","quantile",0.9,93,"COVID-19"
"DE-HB","00+",2022-01-11,2022-01-03,"-8 day ahead inc hosp","quantile",0.975,100,"COVID-19"
"DE-HB","00+",2022-01-11,2022-01-02,"-9 day ahead inc hosp","mean",NA,82,"COVID-19"
"DE-HB","00+",2022-01-11,2022-01-02,"-9 day ahead inc hosp","quantile",0.025,74,"COVID-19"
"DE-HB","00+",2022-01-11,2022-01-02,"-9 day ahead inc hosp","quantile",0.1,76,"COVID-19"
"DE-HB","00+",2022-01-11,2022-01-02,"-9 day ahead inc hosp","quantile",0.25,77,"COVID-19"
"DE-HB","00+",2022-01-11,2022-01-02,"-9 day ahead inc hosp","quantile",0.5,80,"COVID-19"
"DE-HB","00+",2022-01-11,2022-01-02,"-9 day ahead inc hosp","quantile",0.75,84,"COVID-19"
"DE-HB","00+",2022-01-11,2022-01-02,"-9 day ahead inc hosp","quantile",0.9,89,"COVID-19"
"DE-HB","00+",2022-01-11,2022-01-02,"-9 day ahead inc hosp","quantile",0.975,96,"COVID-19"
"DE-HB","00+",2022-01-11,2022-01-01,"-10 day ahead inc hosp","mean",NA,74,"COVID-19"
"DE-HB","00+",2022-01-11,2022-01-01,"-10 day ahead inc hosp","quantile",0.025,67,"COVID-19"
"DE-HB","00+",2022-01-11,2022-01-01,"-10 day ahead inc hosp","quantile",0.1,68,"COVID-19"
"DE-HB","00+",2022-01-11,2022-01-01,"-10 day ahead inc hosp","quantile",0.25,70,"COVID-19"
"DE-HB","00+",2022-01-11,2022-01-01,"-10 day ahead inc hosp","quantile",0.5,72,"COVID-19"
"DE-HB","00+",2022-01-11,2022-01-01,"-10 day ahead inc hosp","quantile",0.75,76,"COVID-19"
"DE-HB","00+",2022-01-11,2022-01-01,"-10 day ahead inc hosp","quantile",0.9,80,"COVID-19"
"DE-HB","00+",2022-01-11,2022-01-01,"-10 day ahead inc hosp","quantile",0.975,86,"COVID-19"
"DE-HB","00+",2022-01-11,2021-12-31,"-11 day ahead inc hosp","mean",NA,71,"COVID-19"
"DE-HB","00+",2022-01-11,2021-12-31,"-11 day ahead inc hosp","quantile",0.025,65,"COVID-19"
"DE-HB","00+",2022-01-11,2021-12-31,"-11 day ahead inc hosp","quantile",0.1,66,"COVID-19"
"DE-HB","00+",2022-01-11,2021-12-31,"-11 day ahead inc hosp","quantile",0.25,67,"COVID-19"
"DE-HB","00+",2022-01-11,2021-12-31,"-11 day ahead inc hosp","quantile",0.5,70,"COVID-19"
"DE-HB","00+",2022-01-11,2021-12-31,"-11 day ahead inc hosp","quantile",0.75,74,"COVID-19"
"DE-HB","00+",2022-01-11,2021-12-31,"-11 day ahead inc hosp","quantile",0.9,78,"COVID-19"
"DE-HB","00+",2022-01-11,2021-12-31,"-11 day ahead inc hosp","quantile",0.975,84,"COVID-19"
"DE-HB","00+",2022-01-11,2021-12-30,"-12 day ahead inc hosp","mean",NA,65,"COVID-19"
"DE-HB","00+",2022-01-11,2021-12-30,"-12 day ahead inc hosp","quantile",0.025,60,"COVID-19"
"DE-HB","00+",2022-01-11,2021-12-30,"-12 day ahead inc hosp","quantile",0.1,61,"COVID-19"
"DE-HB","00+",2022-01-11,2021-12-30,"-12 day ahead inc hosp","quantile",0.25,62,"COVID-19"
"DE-HB","00+",2022-01-11,2021-12-30,"-12 day ahead inc hosp","quantile",0.5,64,"COVID-19"
"DE-HB","00+",2022-01-11,2021-12-30,"-12 day ahead inc hosp","quantile",0.75,67,"COVID-19"
"DE-HB","00+",2022-01-11,2021-12-30,"-12 day ahead inc hosp","quantile",0.9,71,"COVID-19"
"DE-HB","00+",2022-01-11,2021-12-30,"-12 day ahead inc hosp","quantile",0.975,76,"COVID-19"
"DE-HB","00+",2022-01-11,2021-12-29,"-13 day ahead inc hosp","mean",NA,55,"COVID-19"
"DE-HB","00+",2022-01-11,2021-12-29,"-13 day ahead inc hosp","quantile",0.025,51,"COVID-19"
"DE-HB","00+",2022-01-11,2021-12-29,"-13 day ahead inc hosp","quantile",0.1,51,"COVID-19"
"DE-HB","00+",2022-01-11,2021-12-29,"-13 day ahead inc hosp","quantile",0.25,52,"COVID-19"
"DE-HB","00+",2022-01-11,2021-12-29,"-13 day ahead inc hosp","quantile",0.5,54,"COVID-19"
"DE-HB","00+",2022-01-11,2021-12-29,"-13 day ahead inc hosp","quantile",0.75,56,"COVID-19"
"DE-HB","00+",2022-01-11,2021-12-29,"-13 day ahead inc hosp","quantile",0.9,59,"COVID-19"
"DE-HB","00+",2022-01-11,2021-12-29,"-13 day ahead inc hosp","quantile",0.975,64,"COVID-19"
"DE-HB","00+",2022-01-11,2021-12-28,"-14 day ahead inc hosp","mean",NA,54,"COVID-19"
"DE-HB","00+",2022-01-11,2021-12-28,"-14 day ahead inc hosp","quantile",0.025,51,"COVID-19"
"DE-HB","00+",2022-01-11,2021-12-28,"-14 day ahead inc hosp","quantile",0.1,51,"COVID-19"
"DE-HB","00+",2022-01-11,2021-12-28,"-14 day ahead inc hosp","quantile",0.25,52,"COVID-19"
"DE-HB","00+",2022-01-11,2021-12-28,"-14 day ahead inc hosp","quantile",0.5,53,"COVID-19"
"DE-HB","00+",2022-01-11,2021-12-28,"-14 day ahead inc hosp","quantile",0.75,55,"COVID-19"
"DE-HB","00+",2022-01-11,2021-12-28,"-14 day ahead inc hosp","quantile",0.9,58,"COVID-19"
"DE-HB","00+",2022-01-11,2021-12-28,"-14 day ahead inc hosp","quantile",0.975,62,"COVID-19"
"DE-HB","00+",2022-01-11,2021-12-27,"-15 day ahead inc hosp","mean",NA,52,"COVID-19"
"DE-HB","00+",2022-01-11,2021-12-27,"-15 day ahead inc hosp","quantile",0.025,50,"COVID-19"
"DE-HB","00+",2022-01-11,2021-12-27,"-15 day ahead inc hosp","quantile",0.1,50,"COVID-19"
"DE-HB","00+",2022-01-11,2021-12-27,"-15 day ahead inc hosp","quantile",0.25,50,"COVID-19"
"DE-HB","00+",2022-01-11,2021-12-27,"-15 day ahead inc hosp","quantile",0.5,51,"COVID-19"
"DE-HB","00+",2022-01-11,2021-12-27,"-15 day ahead inc hosp","quantile",0.75,53,"COVID-19"
"DE-HB","00+",2022-01-11,2021-12-27,"-15 day ahead inc hosp","quantile",0.9,55,"COVID-19"
"DE-HB","00+",2022-01-11,2021-12-27,"-15 day ahead inc hosp","quantile",0.975,59,"COVID-19"
"DE-HB","00+",2022-01-11,2021-12-26,"-16 day ahead inc hosp","mean",NA,56,"COVID-19"
"DE-HB","00+",2022-01-11,2021-12-26,"-16 day ahead inc hosp","quantile",0.025,54,"COVID-19"
"DE-HB","00+",2022-01-11,2021-12-26,"-16 day ahead inc hosp","quantile",0.1,54,"COVID-19"
"DE-HB","00+",2022-01-11,2021-12-26,"-16 day ahead inc hosp","quantile",0.25,54,"COVID-19"
"DE-HB","00+",2022-01-11,2021-12-26,"-16 day ahead inc hosp","quantile",0.5,55,"COVID-19"
"DE-HB","00+",2022-01-11,2021-12-26,"-16 day ahead inc hosp","quantile",0.75,57,"COVID-19"
"DE-HB","00+",2022-01-11,2021-12-26,"-16 day ahead inc hosp","quantile",0.9,60,"COVID-19"
"DE-HB","00+",2022-01-11,2021-12-26,"-16 day ahead inc hosp","quantile",0.975,64,"COVID-19"
"DE-HB","00+",2022-01-11,2021-12-25,"-17 day ahead inc hosp","mean",NA,61,"COVID-19"
"DE-HB","00+",2022-01-11,2021-12-25,"-17 day ahead inc hosp","quantile",0.025,59,"COVID-19"
"DE-HB","00+",2022-01-11,2021-12-25,"-17 day ahead inc hosp","quantile",0.1,59,"COVID-19"
"DE-HB","00+",2022-01-11,2021-12-25,"-17 day ahead inc hosp","quantile",0.25,59,"COVID-19"
"DE-HB","00+",2022-01-11,2021-12-25,"-17 day ahead inc hosp","quantile",0.5,60,"COVID-19"
"DE-HB","00+",2022-01-11,2021-12-25,"-17 day ahead inc hosp","quantile",0.75,62,"COVID-19"
"DE-HB","00+",2022-01-11,2021-12-25,"-17 day ahead inc hosp","quantile",0.9,65,"COVID-19"
"DE-HB","00+",2022-01-11,2021-12-25,"-17 day ahead inc hosp","quantile",0.975,71,"COVID-19"
"DE-HB","00+",2022-01-11,2021-12-24,"-18 day ahead inc hosp","mean",NA,71,"COVID-19"
"DE-HB","00+",2022-01-11,2021-12-24,"-18 day ahead inc hosp","quantile",0.025,69,"COVID-19"
"DE-HB","00+",2022-01-11,2021-12-24,"-18 day ahead inc hosp","quantile",0.1,69,"COVID-19"
"DE-HB","00+",2022-01-11,2021-12-24,"-18 day ahead inc hosp","quantile",0.25,69,"COVID-19"
"DE-HB","00+",2022-01-11,2021-12-24,"-18 day ahead inc hosp","quantile",0.5,70,"COVID-19"
"DE-HB","00+",2022-01-11,2021-12-24,"-18 day ahead inc hosp","quantile",0.75,72,"COVID-19"
"DE-HB","00+",2022-01-11,2021-12-24,"-18 day ahead inc hosp","quantile",0.9,76,"COVID-19"
"DE-HB","00+",2022-01-11,2021-12-24,"-18 day ahead inc hosp","quantile",0.975,84,"COVID-19"
"DE-HB","00+",2022-01-11,2021-12-23,"-19 day ahead inc hosp","mean",NA,66,"COVID-19"
"DE-HB","00+",2022-01-11,2021-12-23,"-19 day ahead inc hosp","quantile",0.025,64,"COVID-19"
"DE-HB","00+",2022-01-11,2021-12-23,"-19 day ahead inc hosp","quantile",0.1,64,"COVID-19"
"DE-HB","00+",2022-01-11,2021-12-23,"-19 day ahead inc hosp","quantile",0.25,64,"COVID-19"
"DE-HB","00+",2022-01-11,2021-12-23,"-19 day ahead inc hosp","quantile",0.5,64,"COVID-19"
"DE-HB","00+",2022-01-11,2021-12-23,"-19 day ahead inc hosp","quantile",0.75,66,"COVID-19"
"DE-HB","00+",2022-01-11,2021-12-23,"-19 day ahead inc hosp","quantile",0.9,71,"COVID-19"
"DE-HB","00+",2022-01-11,2021-12-23,"-19 day ahead inc hosp","quantile",0.975,79,"COVID-19"
"DE-HB","00+",2022-01-11,2021-12-22,"-20 day ahead inc hosp","mean",NA,68,"COVID-19"
"DE-HB","00+",2022-01-11,2021-12-22,"-20 day ahead inc hosp","quantile",0.025,66,"COVID-19"
"DE-HB","00+",2022-01-11,2021-12-22,"-20 day ahead inc hosp","quantile",0.1,66,"COVID-19"
"DE-HB","00+",2022-01-11,2021-12-22,"-20 day ahead inc hosp","quantile",0.25,66,"COVID-19"
"DE-HB","00+",2022-01-11,2021-12-22,"-20 day ahead inc hosp","quantile",0.5,66,"COVID-19"
"DE-HB","00+",2022-01-11,2021-12-22,"-20 day ahead inc hosp","quantile",0.75,68,"COVID-19"
"DE-HB","00+",2022-01-11,2021-12-22,"-20 day ahead inc hosp","quantile",0.9,72,"COVID-19"
"DE-HB","00+",2022-01-11,2021-12-22,"-20 day ahead inc hosp","quantile",0.975,83,"COVID-19"
"DE-HB","00+",2022-01-11,2021-12-21,"-21 day ahead inc hosp","mean",NA,64,"COVID-19"
"DE-HB","00+",2022-01-11,2021-12-21,"-21 day ahead inc hosp","quantile",0.025,62,"COVID-19"
"DE-HB","00+",2022-01-11,2021-12-21,"-21 day ahead inc hosp","quantile",0.1,62,"COVID-19"
"DE-HB","00+",2022-01-11,2021-12-21,"-21 day ahead inc hosp","quantile",0.25,62,"COVID-19"
"DE-HB","00+",2022-01-11,2021-12-21,"-21 day ahead inc hosp","quantile",0.5,62,"COVID-19"
"DE-HB","00+",2022-01-11,2021-12-21,"-21 day ahead inc hosp","quantile",0.75,63,"COVID-19"
"DE-HB","00+",2022-01-11,2021-12-21,"-21 day ahead inc hosp","quantile",0.9,68,"COVID-19"
"DE-HB","00+",2022-01-11,2021-12-21,"-21 day ahead inc hosp","quantile",0.975,78,"COVID-19"
"DE-HB","00+",2022-01-11,2021-12-20,"-22 day ahead inc hosp","mean",NA,59,"COVID-19"
"DE-HB","00+",2022-01-11,2021-12-20,"-22 day ahead inc hosp","quantile",0.025,57,"COVID-19"
"DE-HB","00+",2022-01-11,2021-12-20,"-22 day ahead inc hosp","quantile",0.1,57,"COVID-19"
"DE-HB","00+",2022-01-11,2021-12-20,"-22 day ahead inc hosp","quantile",0.25,57,"COVID-19"
"DE-HB","00+",2022-01-11,2021-12-20,"-22 day ahead inc hosp","quantile",0.5,57,"COVID-19"
"DE-HB","00+",2022-01-11,2021-12-20,"-22 day ahead inc hosp","quantile",0.75,58,"COVID-19"
"DE-HB","00+",2022-01-11,2021-12-20,"-22 day ahead inc hosp","quantile",0.9,62,"COVID-19"
"DE-HB","00+",2022-01-11,2021-12-20,"-22 day ahead inc hosp","quantile",0.975,71,"COVID-19"
"DE-HB","00+",2022-01-11,2021-12-19,"-23 day ahead inc hosp","mean",NA,55,"COVID-19"
"DE-HB","00+",2022-01-11,2021-12-19,"-23 day ahead inc hosp","quantile",0.025,54,"COVID-19"
"DE-HB","00+",2022-01-11,2021-12-19,"-23 day ahead inc hosp","quantile",0.1,54,"COVID-19"
"DE-HB","00+",2022-01-11,2021-12-19,"-23 day ahead inc hosp","quantile",0.25,54,"COVID-19"
"DE-HB","00+",2022-01-11,2021-12-19,"-23 day ahead inc hosp","quantile",0.5,54,"COVID-19"
"DE-HB","00+",2022-01-11,2021-12-19,"-23 day ahead inc hosp","quantile",0.75,55,"COVID-19"
"DE-HB","00+",2022-01-11,2021-12-19,"-23 day ahead inc hosp","quantile",0.9,58,"COVID-19"
"DE-HB","00+",2022-01-11,2021-12-19,"-23 day ahead inc hosp","quantile",0.975,66,"COVID-19"
"DE-HB","00+",2022-01-11,2021-12-18,"-24 day ahead inc hosp","mean",NA,52,"COVID-19"
"DE-HB","00+",2022-01-11,2021-12-18,"-24 day ahead inc hosp","quantile",0.025,51,"COVID-19"
"DE-HB","00+",2022-01-11,2021-12-18,"-24 day ahead inc hosp","quantile",0.1,51,"COVID-19"
"DE-HB","00+",2022-01-11,2021-12-18,"-24 day ahead inc hosp","quantile",0.25,51,"COVID-19"
"DE-HB","00+",2022-01-11,2021-12-18,"-24 day ahead inc hosp","quantile",0.5,51,"COVID-19"
"DE-HB","00+",2022-01-11,2021-12-18,"-24 day ahead inc hosp","quantile",0.75,52,"COVID-19"
"DE-HB","00+",2022-01-11,2021-12-18,"-24 day ahead inc hosp","quantile",0.9,55,"COVID-19"
"DE-HB","00+",2022-01-11,2021-12-18,"-24 day ahead inc hosp","quantile",0.975,62,"COVID-19"
"DE-HB","00+",2022-01-11,2021-12-17,"-25 day ahead inc hosp","mean",NA,49,"COVID-19"
"DE-HB","00+",2022-01-11,2021-12-17,"-25 day ahead inc hosp","quantile",0.025,48,"COVID-19"
"DE-HB","00+",2022-01-11,2021-12-17,"-25 day ahead inc hosp","quantile",0.1,48,"COVID-19"
"DE-HB","00+",2022-01-11,2021-12-17,"-25 day ahead inc hosp","quantile",0.25,48,"COVID-19"
"DE-HB","00+",2022-01-11,2021-12-17,"-25 day ahead inc hosp","quantile",0.5,48,"COVID-19"
"DE-HB","00+",2022-01-11,2021-12-17,"-25 day ahead inc hosp","quantile",0.75,49,"COVID-19"
"DE-HB","00+",2022-01-11,2021-12-17,"-25 day ahead inc hosp","quantile",0.9,51,"COVID-19"
"DE-HB","00+",2022-01-11,2021-12-17,"-25 day ahead inc hosp","quantile",0.975,57,"COVID-19"
"DE-HB","00+",2022-01-11,2021-12-16,"-26 day ahead inc hosp","mean",NA,50,"COVID-19"
"DE-HB","00+",2022-01-11,2021-12-16,"-26 day ahead inc hosp","quantile",0.025,49,"COVID-19"
"DE-HB","00+",2022-01-11,2021-12-16,"-26 day ahead inc hosp","quantile",0.1,49,"COVID-19"
"DE-HB","00+",2022-01-11,2021-12-16,"-26 day ahead inc hosp","quantile",0.25,49,"COVID-19"
"DE-HB","00+",2022-01-11,2021-12-16,"-26 day ahead inc hosp","quantile",0.5,49,"COVID-19"
"DE-HB","00+",2022-01-11,2021-12-16,"-26 day ahead inc hosp","quantile",0.75,50,"COVID-19"
"DE-HB","00+",2022-01-11,2021-12-16,"-26 day ahead inc hosp","quantile",0.9,52,"COVID-19"
"DE-HB","00+",2022-01-11,2021-12-16,"-26 day ahead inc hosp","quantile",0.975,58,"COVID-19"
"DE-HB","00+",2022-01-11,2021-12-15,"-27 day ahead inc hosp","mean",NA,48,"COVID-19"
"DE-HB","00+",2022-01-11,2021-12-15,"-27 day ahead inc hosp","quantile",0.025,47,"COVID-19"
"DE-HB","00+",2022-01-11,2021-12-15,"-27 day ahead inc hosp","quantile",0.1,47,"COVID-19"
"DE-HB","00+",2022-01-11,2021-12-15,"-27 day ahead inc hosp","quantile",0.25,47,"COVID-19"
"DE-HB","00+",2022-01-11,2021-12-15,"-27 day ahead inc hosp","quantile",0.5,47,"COVID-19"
"DE-HB","00+",2022-01-11,2021-12-15,"-27 day ahead inc hosp","quantile",0.75,48,"COVID-19"
"DE-HB","00+",2022-01-11,2021-12-15,"-27 day ahead inc hosp","quantile",0.9,50,"COVID-19"
"DE-HB","00+",2022-01-11,2021-12-15,"-27 day ahead inc hosp","quantile",0.975,55,"COVID-19"
"DE-HB","00+",2022-01-11,2021-12-14,"-28 day ahead inc hosp","mean",NA,46,"COVID-19"
"DE-HB","00+",2022-01-11,2021-12-14,"-28 day ahead inc hosp","quantile",0.025,45,"COVID-19"
"DE-HB","00+",2022-01-11,2021-12-14,"-28 day ahead inc hosp","quantile",0.1,45,"COVID-19"
"DE-HB","00+",2022-01-11,2021-12-14,"-28 day ahead inc hosp","quantile",0.25,45,"COVID-19"
"DE-HB","00+",2022-01-11,2021-12-14,"-28 day ahead inc hosp","quantile",0.5,45,"COVID-19"
"DE-HB","00+",2022-01-11,2021-12-14,"-28 day ahead inc hosp","quantile",0.75,46,"COVID-19"
"DE-HB","00+",2022-01-11,2021-12-14,"-28 day ahead inc hosp","quantile",0.9,48,"COVID-19"
"DE-HB","00+",2022-01-11,2021-12-14,"-28 day ahead inc hosp","quantile",0.975,52,"COVID-19"
"DE-HE","00+",2022-01-11,2022-01-11,"0 day ahead inc hosp","mean",NA,339,"COVID-19"
"DE-HE","00+",2022-01-11,2022-01-11,"0 day ahead inc hosp","quantile",0.025,263,"COVID-19"
"DE-HE","00+",2022-01-11,2022-01-11,"0 day ahead inc hosp","quantile",0.1,284,"COVID-19"
"DE-HE","00+",2022-01-11,2022-01-11,"0 day ahead inc hosp","quantile",0.25,306,"COVID-19"
"DE-HE","00+",2022-01-11,2022-01-11,"0 day ahead inc hosp","quantile",0.5,334,"COVID-19"
"DE-HE","00+",2022-01-11,2022-01-11,"0 day ahead inc hosp","quantile",0.75,367,"COVID-19"
"DE-HE","00+",2022-01-11,2022-01-11,"0 day ahead inc hosp","quantile",0.9,401,"COVID-19"
"DE-HE","00+",2022-01-11,2022-01-11,"0 day ahead inc hosp","quantile",0.975,444,"COVID-19"
"DE-HE","00+",2022-01-11,2022-01-10,"-1 day ahead inc hosp","mean",NA,356,"COVID-19"
"DE-HE","00+",2022-01-11,2022-01-10,"-1 day ahead inc hosp","quantile",0.025,297,"COVID-19"
"DE-HE","00+",2022-01-11,2022-01-10,"-1 day ahead inc hosp","quantile",0.1,314,"COVID-19"
"DE-HE","00+",2022-01-11,2022-01-10,"-1 day ahead inc hosp","quantile",0.25,331,"COVID-19"
"DE-HE","00+",2022-01-11,2022-01-10,"-1 day ahead inc hosp","quantile",0.5,352,"COVID-19"
"DE-HE","00+",2022-01-11,2022-01-10,"-1 day ahead inc hosp","quantile",0.75,377,"COVID-19"
"DE-HE","00+",2022-01-11,2022-01-10,"-1 day ahead inc hosp","quantile",0.9,402,"COVID-19"
"DE-HE","00+",2022-01-11,2022-01-10,"-1 day ahead inc hosp","quantile",0.975,434,"COVID-19"
"DE-HE","00+",2022-01-11,2022-01-09,"-2 day ahead inc hosp","mean",NA,369,"COVID-19"
"DE-HE","00+",2022-01-11,2022-01-09,"-2 day ahead inc hosp","quantile",0.025,321,"COVID-19"
"DE-HE","00+",2022-01-11,2022-01-09,"-2 day ahead inc hosp","quantile",0.1,335,"COVID-19"
"DE-HE","00+",2022-01-11,2022-01-09,"-2 day ahead inc hosp","quantile",0.25,349,"COVID-19"
"DE-HE","00+",2022-01-11,2022-01-09,"-2 day ahead inc hosp","quantile",0.5,367,"COVID-19"
"DE-HE","00+",2022-01-11,2022-01-09,"-2 day ahead inc hosp","quantile",0.75,386,"COVID-19"
"DE-HE","00+",2022-01-11,2022-01-09,"-2 day ahead inc hosp","quantile",0.9,406,"COVID-19"
"DE-HE","00+",2022-01-11,2022-01-09,"-2 day ahead inc hosp","quantile",0.975,430,"COVID-19"
"DE-HE","00+",2022-01-11,2022-01-08,"-3 day ahead inc hosp","mean",NA,365,"COVID-19"
"DE-HE","00+",2022-01-11,2022-01-08,"-3 day ahead inc hosp","quantile",0.025,324,"COVID-19"
"DE-HE","00+",2022-01-11,2022-01-08,"-3 day ahead inc hosp","quantile",0.1,337,"COVID-19"
"DE-HE","00+",2022-01-11,2022-01-08,"-3 day ahead inc hosp","quantile",0.25,349,"COVID-19"
"DE-HE","00+",2022-01-11,2022-01-08,"-3 day ahead inc hosp","quantile",0.5,363,"COVID-19"
"DE-HE","00+",2022-01-11,2022-01-08,"-3 day ahead inc hosp","quantile",0.75,380,"COVID-19"
"DE-HE","00+",2022-01-11,2022-01-08,"-3 day ahead inc hosp","quantile",0.9,395,"COVID-19"
"DE-HE","00+",2022-01-11,2022-01-08,"-3 day ahead inc hosp","quantile",0.975,414,"COVID-19"
"DE-HE","00+",2022-01-11,2022-01-07,"-4 day ahead inc hosp","mean",NA,359,"COVID-19"
"DE-HE","00+",2022-01-11,2022-01-07,"-4 day ahead inc hosp","quantile",0.025,326,"COVID-19"
"DE-HE","00+",2022-01-11,2022-01-07,"-4 day ahead inc hosp","quantile",0.1,336,"COVID-19"
"DE-HE","00+",2022-01-11,2022-01-07,"-4 day ahead inc hosp","quantile",0.25,346,"COVID-19"
"DE-HE","00+",2022-01-11,2022-01-07,"-4 day ahead inc hosp","quantile",0.5,358,"COVID-19"
"DE-HE","00+",2022-01-11,2022-01-07,"-4 day ahead inc hosp","quantile",0.75,371,"COVID-19"
"DE-HE","00+",2022-01-11,2022-01-07,"-4 day ahead inc hosp","quantile",0.9,384,"COVID-19"
"DE-HE","00+",2022-01-11,2022-01-07,"-4 day ahead inc hosp","quantile",0.975,399,"COVID-19"
"DE-HE","00+",2022-01-11,2022-01-06,"-5 day ahead inc hosp","mean",NA,366,"COVID-19"
"DE-HE","00+",2022-01-11,2022-01-06,"-5 day ahead inc hosp","quantile",0.025,340,"COVID-19"
"DE-HE","00+",2022-01-11,2022-01-06,"-5 day ahead inc hosp","quantile",0.1,348,"COVID-19"
"DE-HE","00+",2022-01-11,2022-01-06,"-5 day ahead inc hosp","quantile",0.25,356,"COVID-19"
"DE-HE","00+",2022-01-11,2022-01-06,"-5 day ahead inc hosp","quantile",0.5,365,"COVID-19"
"DE-HE","00+",2022-01-11,2022-01-06,"-5 day ahead inc hosp","quantile",0.75,375,"COVID-19"
"DE-HE","00+",2022-01-11,2022-01-06,"-5 day ahead inc hosp","quantile",0.9,385,"COVID-19"
"DE-HE","00+",2022-01-11,2022-01-06,"-5 day ahead inc hosp","quantile",0.975,396,"COVID-19"
"DE-HE","00+",2022-01-11,2022-01-05,"-6 day ahead inc hosp","mean",NA,376,"COVID-19"
"DE-HE","00+",2022-01-11,2022-01-05,"-6 day ahead inc hosp","quantile",0.025,356,"COVID-19"
"DE-HE","00+",2022-01-11,2022-01-05,"-6 day ahead inc hosp","quantile",0.1,362,"COVID-19"
"DE-HE","00+",2022-01-11,2022-01-05,"-6 day ahead inc hosp","quantile",0.25,368,"COVID-19"
"DE-HE","00+",2022-01-11,2022-01-05,"-6 day ahead inc hosp","quantile",0.5,376,"COVID-19"
"DE-HE","00+",2022-01-11,2022-01-05,"-6 day ahead inc hosp","quantile",0.75,383,"COVID-19"
"DE-HE","00+",2022-01-11,2022-01-05,"-6 day ahead inc hosp","quantile",0.9,391,"COVID-19"
"DE-HE","00+",2022-01-11,2022-01-05,"-6 day ahead inc hosp","quantile",0.975,400,"COVID-19"
"DE-HE","00+",2022-01-11,2022-01-04,"-7 day ahead inc hosp","mean",NA,378,"COVID-19"
"DE-HE","00+",2022-01-11,2022-01-04,"-7 day ahead inc hosp","quantile",0.025,360,"COVID-19"
"DE-HE","00+",2022-01-11,2022-01-04,"-7 day ahead inc hosp","quantile",0.1,366,"COVID-19"
"DE-HE","00+",2022-01-11,2022-01-04,"-7 day ahead inc hosp","quantile",0.25,371,"COVID-19"
"DE-HE","00+",2022-01-11,2022-01-04,"-7 day ahead inc hosp","quantile",0.5,378,"COVID-19"
"DE-HE","00+",2022-01-11,2022-01-04,"-7 day ahead inc hosp","quantile",0.75,384,"COVID-19"
"DE-HE","00+",2022-01-11,2022-01-04,"-7 day ahead inc hosp","quantile",0.9,391,"COVID-19"
"DE-HE","00+",2022-01-11,2022-01-04,"-7 day ahead inc hosp","quantile",0.975,399,"COVID-19"
"DE-HE","00+",2022-01-11,2022-01-03,"-8 day ahead inc hosp","mean",NA,355,"COVID-19"
"DE-HE","00+",2022-01-11,2022-01-03,"-8 day ahead inc hosp","quantile",0.025,338,"COVID-19"
"DE-HE","00+",2022-01-11,2022-01-03,"-8 day ahead inc hosp","quantile",0.1,343,"COVID-19"
"DE-HE","00+",2022-01-11,2022-01-03,"-8 day ahead inc hosp","quantile",0.25,349,"COVID-19"
"DE-HE","00+",2022-01-11,2022-01-03,"-8 day ahead inc hosp","quantile",0.5,355,"COVID-19"
"DE-HE","00+",2022-01-11,2022-01-03,"-8 day ahead inc hosp","quantile",0.75,362,"COVID-19"
"DE-HE","00+",2022-01-11,2022-01-03,"-8 day ahead inc hosp","quantile",0.9,368,"COVID-19"
"DE-HE","00+",2022-01-11,2022-01-03,"-8 day ahead inc hosp","quantile",0.975,376,"COVID-19"
"DE-HE","00+",2022-01-11,2022-01-02,"-9 day ahead inc hosp","mean",NA,341,"COVID-19"
"DE-HE","00+",2022-01-11,2022-01-02,"-9 day ahead inc hosp","quantile",0.025,324,"COVID-19"
"DE-HE","00+",2022-01-11,2022-01-02,"-9 day ahead inc hosp","quantile",0.1,329,"COVID-19"
"DE-HE","00+",2022-01-11,2022-01-02,"-9 day ahead inc hosp","quantile",0.25,334,"COVID-19"
"DE-HE","00+",2022-01-11,2022-01-02,"-9 day ahead inc hosp","quantile",0.5,340,"COVID-19"
"DE-HE","00+",2022-01-11,2022-01-02,"-9 day ahead inc hosp","quantile",0.75,347,"COVID-19"
"DE-HE","00+",2022-01-11,2022-01-02,"-9 day ahead inc hosp","quantile",0.9,354,"COVID-19"
"DE-HE","00+",2022-01-11,2022-01-02,"-9 day ahead inc hosp","quantile",0.975,362,"COVID-19"
"DE-HE","00+",2022-01-11,2022-01-01,"-10 day ahead inc hosp","mean",NA,346,"COVID-19"
"DE-HE","00+",2022-01-11,2022-01-01,"-10 day ahead inc hosp","quantile",0.025,328,"COVID-19"
"DE-HE","00+",2022-01-11,2022-01-01,"-10 day ahead inc hosp","quantile",0.1,334,"COVID-19"
"DE-HE","00+",2022-01-11,2022-01-01,"-10 day ahead inc hosp","quantile",0.25,339,"COVID-19"
"DE-HE","00+",2022-01-11,2022-01-01,"-10 day ahead inc hosp","quantile",0.5,345,"COVID-19"
"DE-HE","00+",2022-01-11,2022-01-01,"-10 day ahead inc hosp","quantile",0.75,353,"COVID-19"
"DE-HE","00+",2022-01-11,2022-01-01,"-10 day ahead inc hosp","quantile",0.9,360,"COVID-19"
"DE-HE","00+",2022-01-11,2022-01-01,"-10 day ahead inc hosp","quantile",0.975,369,"COVID-19"
"DE-HE","00+",2022-01-11,2021-12-31,"-11 day ahead inc hosp","mean",NA,344,"COVID-19"
"DE-HE","00+",2022-01-11,2021-12-31,"-11 day ahead inc hosp","quantile",0.025,327,"COVID-19"
"DE-HE","00+",2022-01-11,2021-12-31,"-11 day ahead inc hosp","quantile",0.1,332,"COVID-19"
"DE-HE","00+",2022-01-11,2021-12-31,"-11 day ahead inc hosp","quantile",0.25,337,"COVID-19"
"DE-HE","00+",2022-01-11,2021-12-31,"-11 day ahead inc hosp","quantile",0.5,343,"COVID-19"
"DE-HE","00+",2022-01-11,2021-12-31,"-11 day ahead inc hosp","quantile",0.75,351,"COVID-19"
"DE-HE","00+",2022-01-11,2021-12-31,"-11 day ahead inc hosp","quantile",0.9,358,"COVID-19"
"DE-HE","00+",2022-01-11,2021-12-31,"-11 day ahead inc hosp","quantile",0.975,367,"COVID-19"
"DE-HE","00+",2022-01-11,2021-12-30,"-12 day ahead inc hosp","mean",NA,311,"COVID-19"
"DE-HE","00+",2022-01-11,2021-12-30,"-12 day ahead inc hosp","quantile",0.025,296,"COVID-19"
"DE-HE","00+",2022-01-11,2021-12-30,"-12 day ahead inc hosp","quantile",0.1,300,"COVID-19"
"DE-HE","00+",2022-01-11,2021-12-30,"-12 day ahead inc hosp","quantile",0.25,304,"COVID-19"
"DE-HE","00+",2022-01-11,2021-12-30,"-12 day ahead inc hosp","quantile",0.5,310,"COVID-19"
"DE-HE","00+",2022-01-11,2021-12-30,"-12 day ahead inc hosp","quantile",0.75,316,"COVID-19"
"DE-HE","00+",2022-01-11,2021-12-30,"-12 day ahead inc hosp","quantile",0.9,323,"COVID-19"
"DE-HE","00+",2022-01-11,2021-12-30,"-12 day ahead inc hosp","quantile",0.975,332,"COVID-19"
"DE-HE","00+",2022-01-11,2021-12-29,"-13 day ahead inc hosp","mean",NA,292,"COVID-19"
"DE-HE","00+",2022-01-11,2021-12-29,"-13 day ahead inc hosp","quantile",0.025,279,"COVID-19"
"DE-HE","00+",2022-01-11,2021-12-29,"-13 day ahead inc hosp","quantile",0.1,282,"COVID-19"
"DE-HE","00+",2022-01-11,2021-12-29,"-13 day ahead inc hosp","quantile",0.25,286,"COVID-19"
"DE-HE","00+",2022-01-11,2021-12-29,"-13 day ahead inc hosp","quantile",0.5,291,"COVID-19"
"DE-HE","00+",2022-01-11,2021-12-29,"-13 day ahead inc hosp","quantile",0.75,297,"COVID-19"
"DE-HE","00+",2022-01-11,2021-12-29,"-13 day ahead inc hosp","quantile",0.9,303,"COVID-19"
"DE-HE","00+",2022-01-11,2021-12-29,"-13 day ahead inc hosp","quantile",0.975,310,"COVID-19"
"DE-HE","00+",2022-01-11,2021-12-28,"-14 day ahead inc hosp","mean",NA,278,"COVID-19"
"DE-HE","00+",2022-01-11,2021-12-28,"-14 day ahead inc hosp","quantile",0.025,267,"COVID-19"
"DE-HE","00+",2022-01-11,2021-12-28,"-14 day ahead inc hosp","quantile",0.1,269,"COVID-19"
"DE-HE","00+",2022-01-11,2021-12-28,"-14 day ahead inc hosp","quantile",0.25,273,"COVID-19"
"DE-HE","00+",2022-01-11,2021-12-28,"-14 day ahead inc hosp","quantile",0.5,277,"COVID-19"
"DE-HE","00+",2022-01-11,2021-12-28,"-14 day ahead inc hosp","quantile",0.75,282,"COVID-19"
"DE-HE","00+",2022-01-11,2021-12-28,"-14 day ahead inc hosp","quantile",0.9,287,"COVID-19"
"DE-HE","00+",2022-01-11,2021-12-28,"-14 day ahead inc hosp","quantile",0.975,295,"COVID-19"
"DE-HE","00+",2022-01-11,2021-12-27,"-15 day ahead inc hosp","mean",NA,281,"COVID-19"
"DE-HE","00+",2022-01-11,2021-12-27,"-15 day ahead inc hosp","quantile",0.025,271,"COVID-19"
"DE-HE","00+",2022-01-11,2021-12-27,"-15 day ahead inc hosp","quantile",0.1,273,"COVID-19"
"DE-HE","00+",2022-01-11,2021-12-27,"-15 day ahead inc hosp","quantile",0.25,276,"COVID-19"
"DE-HE","00+",2022-01-11,2021-12-27,"-15 day ahead inc hosp","quantile",0.5,280,"COVID-19"
"DE-HE","00+",2022-01-11,2021-12-27,"-15 day ahead inc hosp","quantile",0.75,285,"COVID-19"
"DE-HE","00+",2022-01-11,2021-12-27,"-15 day ahead inc hosp","quantile",0.9,290,"COVID-19"
"DE-HE","00+",2022-01-11,2021-12-27,"-15 day ahead inc hosp","quantile",0.975,297,"COVID-19"
"DE-HE","00+",2022-01-11,2021-12-26,"-16 day ahead inc hosp","mean",NA,287,"COVID-19"
"DE-HE","00+",2022-01-11,2021-12-26,"-16 day ahead inc hosp","quantile",0.025,277,"COVID-19"
"DE-HE","00+",2022-01-11,2021-12-26,"-16 day ahead inc hosp","quantile",0.1,280,"COVID-19"
"DE-HE","00+",2022-01-11,2021-12-26,"-16 day ahead inc hosp","quantile",0.25,282,"COVID-19"
"DE-HE","00+",2022-01-11,2021-12-26,"-16 day ahead inc hosp","quantile",0.5,286,"COVID-19"
"DE-HE","00+",2022-01-11,2021-12-26,"-16 day ahead inc hosp","quantile",0.75,291,"COVID-19"
"DE-HE","00+",2022-01-11,2021-12-26,"-16 day ahead inc hosp","quantile",0.9,297,"COVID-19"
"DE-HE","00+",2022-01-11,2021-12-26,"-16 day ahead inc hosp","quantile",0.975,304,"COVID-19"
"DE-HE","00+",2022-01-11,2021-12-25,"-17 day ahead inc hosp","mean",NA,305,"COVID-19"
"DE-HE","00+",2022-01-11,2021-12-25,"-17 day ahead inc hosp","quantile",0.025,295,"COVID-19"
"DE-HE","00+",2022-01-11,2021-12-25,"-17 day ahead inc hosp","quantile",0.1,297,"COVID-19"
"DE-HE","00+",2022-01-11,2021-12-25,"-17 day ahead inc hosp","quantile",0.25,300,"COVID-19"
"DE-HE","00+",2022-01-11,2021-12-25,"-17 day ahead inc hosp","quantile",0.5,304,"COVID-19"
"DE-HE","00+",2022-01-11,2021-12-25,"-17 day ahead inc hosp","quantile",0.75,309,"COVID-19"
"DE-HE","00+",2022-01-11,2021-12-25,"-17 day ahead inc hosp","quantile",0.9,314,"COVID-19"
"DE-HE","00+",2022-01-11,2021-12-25,"-17 day ahead inc hosp","quantile",0.975,321,"COVID-19"
"DE-HE","00+",2022-01-11,2021-12-24,"-18 day ahead inc hosp","mean",NA,318,"COVID-19"
"DE-HE","00+",2022-01-11,2021-12-24,"-18 day ahead inc hosp","quantile",0.025,309,"COVID-19"
"DE-HE","00+",2022-01-11,2021-12-24,"-18 day ahead inc hosp","quantile",0.1,311,"COVID-19"
"DE-HE","00+",2022-01-11,2021-12-24,"-18 day ahead inc hosp","quantile",0.25,313,"COVID-19"
"DE-HE","00+",2022-01-11,2021-12-24,"-18 day ahead inc hosp","quantile",0.5,317,"COVID-19"
"DE-HE","00+",2022-01-11,2021-12-24,"-18 day ahead inc hosp","quantile",0.75,322,"COVID-19"
"DE-HE","00+",2022-01-11,2021-12-24,"-18 day ahead inc hosp","quantile",0.9,327,"COVID-19"
"DE-HE","00+",2022-01-11,2021-12-24,"-18 day ahead inc hosp","quantile",0.975,334,"COVID-19"
"DE-HE","00+",2022-01-11,2021-12-23,"-19 day ahead inc hosp","mean",NA,349,"COVID-19"
"DE-HE","00+",2022-01-11,2021-12-23,"-19 day ahead inc hosp","quantile",0.025,339,"COVID-19"
"DE-HE","00+",2022-01-11,2021-12-23,"-19 day ahead inc hosp","quantile",0.1,341,"COVID-19"
"DE-HE","00+",2022-01-11,2021-12-23,"-19 day ahead inc hosp","quantile",0.25,344,"COVID-19"
"DE-HE","00+",2022-01-11,2021-12-23,"-19 day ahead inc hosp","quantile",0.5,348,"COVID-19"
"DE-HE","00+",2022-01-11,2021-12-23,"-19 day ahead inc hosp","quantile",0.75,352,"COVID-19"
"DE-HE","00+",2022-01-11,2021-12-23,"-19 day ahead inc hosp","quantile",0.9,358,"COVID-19"
"DE-HE","00+",2022-01-11,2021-12-23,"-19 day ahead inc hosp","quantile",0.975,365,"COVID-19"
"DE-HE","00+",2022-01-11,2021-12-22,"-20 day ahead inc hosp","mean",NA,362,"COVID-19"
"DE-HE","00+",2022-01-11,2021-12-22,"-20 day ahead inc hosp","quantile",0.025,353,"COVID-19"
"DE-HE","00+",2022-01-11,2021-12-22,"-20 day ahead inc hosp","quantile",0.1,355,"COVID-19"
"DE-HE","00+",2022-01-11,2021-12-22,"-20 day ahead inc hosp","quantile",0.25,357,"COVID-19"
"DE-HE","00+",2022-01-11,2021-12-22,"-20 day ahead inc hosp","quantile",0.5,360,"COVID-19"
"DE-HE","00+",2022-01-11,2021-12-22,"-20 day ahead inc hosp","quantile",0.75,365,"COVID-19"
"DE-HE","00+",2022-01-11,2021-12-22,"-20 day ahead inc hosp","quantile",0.9,370,"COVID-19"
"DE-HE","00+",2022-01-11,2021-12-22,"-20 day ahead inc hosp","quantile",0.975,377,"COVID-19"
"DE-HE","00+",2022-01-11,2021-12-21,"-21 day ahead inc hosp","mean",NA,384,"COVID-19"
"DE-HE","00+",2022-01-11,2021-12-21,"-21 day ahead inc hosp","quantile",0.025,376,"COVID-19"
"DE-HE","00+",2022-01-11,2021-12-21,"-21 day ahead inc hosp","quantile",0.1,377,"COVID-19"
"DE-HE","00+",2022-01-11,2021-12-21,"-21 day ahead inc hosp","quantile",0.25,379,"COVID-19"
"DE-HE","00+",2022-01-11,2021-12-21,"-21 day ahead inc hosp","quantile",0.5,383,"COVID-19"
"DE-HE","00+",2022-01-11,2021-12-21,"-21 day ahead inc hosp","quantile",0.75,387,"COVID-19"
"DE-HE","00+",2022-01-11,2021-12-21,"-21 day ahead inc hosp","quantile",0.9,392,"COVID-19"
"DE-HE","00+",2022-01-11,2021-12-21,"-21 day ahead inc hosp","quantile",0.975,399,"COVID-19"
"DE-HE","00+",2022-01-11,2021-12-20,"-22 day ahead inc hosp","mean",NA,404,"COVID-19"
"DE-HE","00+",2022-01-11,2021-12-20,"-22 day ahead inc hosp","quantile",0.025,396,"COVID-19"
"DE-HE","00+",2022-01-11,2021-12-20,"-22 day ahead inc hosp","quantile",0.1,398,"COVID-19"
"DE-HE","00+",2022-01-11,2021-12-20,"-22 day ahead inc hosp","quantile",0.25,400,"COVID-19"
"DE-HE","00+",2022-01-11,2021-12-20,"-22 day ahead inc hosp","quantile",0.5,403,"COVID-19"
"DE-HE","00+",2022-01-11,2021-12-20,"-22 day ahead inc hosp","quantile",0.75,407,"COVID-19"
"DE-HE","00+",2022-01-11,2021-12-20,"-22 day ahead inc hosp","quantile",0.9,412,"COVID-19"
"DE-HE","00+",2022-01-11,2021-12-20,"-22 day ahead inc hosp","quantile",0.975,419,"COVID-19"
"DE-HE","00+",2022-01-11,2021-12-19,"-23 day ahead inc hosp","mean",NA,410,"COVID-19"
"DE-HE","00+",2022-01-11,2021-12-19,"-23 day ahead inc hosp","quantile",0.025,402,"COVID-19"
"DE-HE","00+",2022-01-11,2021-12-19,"-23 day ahead inc hosp","quantile",0.1,404,"COVID-19"
"DE-HE","00+",2022-01-11,2021-12-19,"-23 day ahead inc hosp","quantile",0.25,406,"COVID-19"
"DE-HE","00+",2022-01-11,2021-12-19,"-23 day ahead inc hosp","quantile",0.5,409,"COVID-19"
"DE-HE","00+",2022-01-11,2021-12-19,"-23 day ahead inc hosp","quantile",0.75,413,"COVID-19"
"DE-HE","00+",2022-01-11,2021-12-19,"-23 day ahead inc hosp","quantile",0.9,418,"COVID-19"
"DE-HE","00+",2022-01-11,2021-12-19,"-23 day ahead inc hosp","quantile",0.975,425,"COVID-19"
"DE-HE","00+",2022-01-11,2021-12-18,"-24 day ahead inc hosp","mean",NA,427,"COVID-19"
"DE-HE","00+",2022-01-11,2021-12-18,"-24 day ahead inc hosp","quantile",0.025,420,"COVID-19"
"DE-HE","00+",2022-01-11,2021-12-18,"-24 day ahead inc hosp","quantile",0.1,421,"COVID-19"
"DE-HE","00+",2022-01-11,2021-12-18,"-24 day ahead inc hosp","quantile",0.25,423,"COVID-19"
"DE-HE","00+",2022-01-11,2021-12-18,"-24 day ahead inc hosp","quantile",0.5,426,"COVID-19"
"DE-HE","00+",2022-01-11,2021-12-18,"-24 day ahead inc hosp","quantile",0.75,430,"COVID-19"
"DE-HE","00+",2022-01-11,2021-12-18,"-24 day ahead inc hosp","quantile",0.9,435,"COVID-19"
"DE-HE","00+",2022-01-11,2021-12-18,"-24 day ahead inc hosp","quantile",0.975,442,"COVID-19"
"DE-HE","00+",2022-01-11,2021-12-17,"-25 day ahead inc hosp","mean",NA,452,"COVID-19"
"DE-HE","00+",2022-01-11,2021-12-17,"-25 day ahead inc hosp","quantile",0.025,445,"COVID-19"
"DE-HE","00+",2022-01-11,2021-12-17,"-25 day ahead inc hosp","quantile",0.1,446,"COVID-19"
"DE-HE","00+",2022-01-11,2021-12-17,"-25 day ahead inc hosp","quantile",0.25,448,"COVID-19"
"DE-HE","00+",2022-01-11,2021-12-17,"-25 day ahead inc hosp","quantile",0.5,451,"COVID-19"
"DE-HE","00+",2022-01-11,2021-12-17,"-25 day ahead inc hosp","quantile",0.75,455,"COVID-19"
"DE-HE","00+",2022-01-11,2021-12-17,"-25 day ahead inc hosp","quantile",0.9,459,"COVID-19"
"DE-HE","00+",2022-01-11,2021-12-17,"-25 day ahead inc hosp","quantile",0.975,465,"COVID-19"
"DE-HE","00+",2022-01-11,2021-12-16,"-26 day ahead inc hosp","mean",NA,473,"COVID-19"
"DE-HE","00+",2022-01-11,2021-12-16,"-26 day ahead inc hosp","quantile",0.025,467,"COVID-19"
"DE-HE","00+",2022-01-11,2021-12-16,"-26 day ahead inc hosp","quantile",0.1,468,"COVID-19"
"DE-HE","00+",2022-01-11,2021-12-16,"-26 day ahead inc hosp","quantile",0.25,470,"COVID-19"
"DE-HE","00+",2022-01-11,2021-12-16,"-26 day ahead inc hosp","quantile",0.5,472,"COVID-19"
"DE-HE","00+",2022-01-11,2021-12-16,"-26 day ahead inc hosp","quantile",0.75,476,"COVID-19"
"DE-HE","00+",2022-01-11,2021-12-16,"-26 day ahead inc hosp","quantile",0.9,480,"COVID-19"
"DE-HE","00+",2022-01-11,2021-12-16,"-26 day ahead inc hosp","quantile",0.975,486,"COVID-19"
"DE-HE","00+",2022-01-11,2021-12-15,"-27 day ahead inc hosp","mean",NA,486,"COVID-19"
"DE-HE","00+",2022-01-11,2021-12-15,"-27 day ahead inc hosp","quantile",0.025,480,"COVID-19"
"DE-HE","00+",2022-01-11,2021-12-15,"-27 day ahead inc hosp","quantile",0.1,481,"COVID-19"
"DE-HE","00+",2022-01-11,2021-12-15,"-27 day ahead inc hosp","quantile",0.25,483,"COVID-19"
"DE-HE","00+",2022-01-11,2021-12-15,"-27 day ahead inc hosp","quantile",0.5,485,"COVID-19"
"DE-HE","00+",2022-01-11,2021-12-15,"-27 day ahead inc hosp","quantile",0.75,488,"COVID-19"
"DE-HE","00+",2022-01-11,2021-12-15,"-27 day ahead inc hosp","quantile",0.9,492,"COVID-19"
"DE-HE","00+",2022-01-11,2021-12-15,"-27 day ahead inc hosp","quantile",0.975,497,"COVID-19"
"DE-HE","00+",2022-01-11,2021-12-14,"-28 day ahead inc hosp","mean",NA,511,"COVID-19"
"DE-HE","00+",2022-01-11,2021-12-14,"-28 day ahead inc hosp","quantile",0.025,505,"COVID-19"
"DE-HE","00+",2022-01-11,2021-12-14,"-28 day ahead inc hosp","quantile",0.1,506,"COVID-19"
"DE-HE","00+",2022-01-11,2021-12-14,"-28 day ahead inc hosp","quantile",0.25,507,"COVID-19"
"DE-HE","00+",2022-01-11,2021-12-14,"-28 day ahead inc hosp","quantile",0.5,510,"COVID-19"
"DE-HE","00+",2022-01-11,2021-12-14,"-28 day ahead inc hosp","quantile",0.75,513,"COVID-19"
"DE-HE","00+",2022-01-11,2021-12-14,"-28 day ahead inc hosp","quantile",0.9,516,"COVID-19"
"DE-HE","00+",2022-01-11,2021-12-14,"-28 day ahead inc hosp","quantile",0.975,521,"COVID-19"
"DE-HH","00+",2022-01-11,2022-01-11,"0 day ahead inc hosp","mean",NA,164,"COVID-19"
"DE-HH","00+",2022-01-11,2022-01-11,"0 day ahead inc hosp","quantile",0.025,108,"COVID-19"
"DE-HH","00+",2022-01-11,2022-01-11,"0 day ahead inc hosp","quantile",0.1,120,"COVID-19"
"DE-HH","00+",2022-01-11,2022-01-11,"0 day ahead inc hosp","quantile",0.25,136,"COVID-19"
"DE-HH","00+",2022-01-11,2022-01-11,"0 day ahead inc hosp","quantile",0.5,158,"COVID-19"
"DE-HH","00+",2022-01-11,2022-01-11,"0 day ahead inc hosp","quantile",0.75,185,"COVID-19"
"DE-HH","00+",2022-01-11,2022-01-11,"0 day ahead inc hosp","quantile",0.9,215,"COVID-19"
"DE-HH","00+",2022-01-11,2022-01-11,"0 day ahead inc hosp","quantile",0.975,254,"COVID-19"
"DE-HH","00+",2022-01-11,2022-01-10,"-1 day ahead inc hosp","mean",NA,191,"COVID-19"
"DE-HH","00+",2022-01-11,2022-01-10,"-1 day ahead inc hosp","quantile",0.025,126,"COVID-19"
"DE-HH","00+",2022-01-11,2022-01-10,"-1 day ahead inc hosp","quantile",0.1,141,"COVID-19"
"DE-HH","00+",2022-01-11,2022-01-10,"-1 day ahead inc hosp","quantile",0.25,158,"COVID-19"
"DE-HH","00+",2022-01-11,2022-01-10,"-1 day ahead inc hosp","quantile",0.5,184,"COVID-19"
"DE-HH","00+",2022-01-11,2022-01-10,"-1 day ahead inc hosp","quantile",0.75,216,"COVID-19"
"DE-HH","00+",2022-01-11,2022-01-10,"-1 day ahead inc hosp","quantile",0.9,252,"COVID-19"
"DE-HH","00+",2022-01-11,2022-01-10,"-1 day ahead inc hosp","quantile",0.975,301,"COVID-19"
"DE-HH","00+",2022-01-11,2022-01-09,"-2 day ahead inc hosp","mean",NA,206,"COVID-19"
"DE-HH","00+",2022-01-11,2022-01-09,"-2 day ahead inc hosp","quantile",0.025,140,"COVID-19"
"DE-HH","00+",2022-01-11,2022-01-09,"-2 day ahead inc hosp","quantile",0.1,155,"COVID-19"
"DE-HH","00+",2022-01-11,2022-01-09,"-2 day ahead inc hosp","quantile",0.25,173,"COVID-19"
"DE-HH","00+",2022-01-11,2022-01-09,"-2 day ahead inc hosp","quantile",0.5,199,"COVID-19"
"DE-HH","00+",2022-01-11,2022-01-09,"-2 day ahead inc hosp","quantile",0.75,232,"COVID-19"
"DE-HH","00+",2022-01-11,2022-01-09,"-2 day ahead inc hosp","quantile",0.9,267,"COVID-19"
"DE-HH","00+",2022-01-11,2022-01-09,"-2 day ahead inc hosp","quantile",0.975,315,"COVID-19"
"DE-HH","00+",2022-01-11,2022-01-08,"-3 day ahead inc hosp","mean",NA,213,"COVID-19"
"DE-HH","00+",2022-01-11,2022-01-08,"-3 day ahead inc hosp","quantile",0.025,148,"COVID-19"
"DE-HH","00+",2022-01-11,2022-01-08,"-3 day ahead inc hosp","quantile",0.1,162,"COVID-19"
"DE-HH","00+",2022-01-11,2022-01-08,"-3 day ahead inc hosp","quantile",0.25,180,"COVID-19"
"DE-HH","00+",2022-01-11,2022-01-08,"-3 day ahead inc hosp","quantile",0.5,206,"COVID-19"
"DE-HH","00+",2022-01-11,2022-01-08,"-3 day ahead inc hosp","quantile",0.75,237,"COVID-19"
"DE-HH","00+",2022-01-11,2022-01-08,"-3 day ahead inc hosp","quantile",0.9,272,"COVID-19"
"DE-HH","00+",2022-01-11,2022-01-08,"-3 day ahead inc hosp","quantile",0.975,318,"COVID-19"
"DE-HH","00+",2022-01-11,2022-01-07,"-4 day ahead inc hosp","mean",NA,148,"COVID-19"
"DE-HH","00+",2022-01-11,2022-01-07,"-4 day ahead inc hosp","quantile",0.025,110,"COVID-19"
"DE-HH","00+",2022-01-11,2022-01-07,"-4 day ahead inc hosp","quantile",0.1,118,"COVID-19"
"DE-HH","00+",2022-01-11,2022-01-07,"-4 day ahead inc hosp","quantile",0.25,129,"COVID-19"
"DE-HH","00+",2022-01-11,2022-01-07,"-4 day ahead inc hosp","quantile",0.5,144,"COVID-19"
"DE-HH","00+",2022-01-11,2022-01-07,"-4 day ahead inc hosp","quantile",0.75,163,"COVID-19"
"DE-HH","00+",2022-01-11,2022-01-07,"-4 day ahead inc hosp","quantile",0.9,184,"COVID-19"
"DE-HH","00+",2022-01-11,2022-01-07,"-4 day ahead inc hosp","quantile",0.975,211,"COVID-19"
"DE-HH","00+",2022-01-11,2022-01-06,"-5 day ahead inc hosp","mean",NA,145,"COVID-19"
"DE-HH","00+",2022-01-11,2022-01-06,"-5 day ahead inc hosp","quantile",0.025,112,"COVID-19"
"DE-HH","00+",2022-01-11,2022-01-06,"-5 day ahead inc hosp","quantile",0.1,119,"COVID-19"
"DE-HH","00+",2022-01-11,2022-01-06,"-5 day ahead inc hosp","quantile",0.25,128,"COVID-19"
"DE-HH","00+",2022-01-11,2022-01-06,"-5 day ahead inc hosp","quantile",0.5,141,"COVID-19"
"DE-HH","00+",2022-01-11,2022-01-06,"-5 day ahead inc hosp","quantile",0.75,158,"COVID-19"
"DE-HH","00+",2022-01-11,2022-01-06,"-5 day ahead inc hosp","quantile",0.9,176,"COVID-19"
"DE-HH","00+",2022-01-11,2022-01-06,"-5 day ahead inc hosp","quantile",0.975,200,"COVID-19"
"DE-HH","00+",2022-01-11,2022-01-05,"-6 day ahead inc hosp","mean",NA,149,"COVID-19"
"DE-HH","00+",2022-01-11,2022-01-05,"-6 day ahead inc hosp","quantile",0.025,120,"COVID-19"
"DE-HH","00+",2022-01-11,2022-01-05,"-6 day ahead inc hosp","quantile",0.1,126,"COVID-19"
"DE-HH","00+",2022-01-11,2022-01-05,"-6 day ahead inc hosp","quantile",0.25,134,"COVID-19"
"DE-HH","00+",2022-01-11,2022-01-05,"-6 day ahead inc hosp","quantile",0.5,146,"COVID-19"
"DE-HH","00+",2022-01-11,2022-01-05,"-6 day ahead inc hosp","quantile",0.75,160,"COVID-19"
"DE-HH","00+",2022-01-11,2022-01-05,"-6 day ahead inc hosp","quantile",0.9,177,"COVID-19"
"DE-HH","00+",2022-01-11,2022-01-05,"-6 day ahead inc hosp","quantile",0.975,199,"COVID-19"
"DE-HH","00+",2022-01-11,2022-01-04,"-7 day ahead inc hosp","mean",NA,140,"COVID-19"
"DE-HH","00+",2022-01-11,2022-01-04,"-7 day ahead inc hosp","quantile",0.025,117,"COVID-19"
"DE-HH","00+",2022-01-11,2022-01-04,"-7 day ahead inc hosp","quantile",0.1,122,"COVID-19"
"DE-HH","00+",2022-01-11,2022-01-04,"-7 day ahead inc hosp","quantile",0.25,128,"COVID-19"
"DE-HH","00+",2022-01-11,2022-01-04,"-7 day ahead inc hosp","quantile",0.5,137,"COVID-19"
"DE-HH","00+",2022-01-11,2022-01-04,"-7 day ahead inc hosp","quantile",0.75,149,"COVID-19"
"DE-HH","00+",2022-01-11,2022-01-04,"-7 day ahead inc hosp","quantile",0.9,162,"COVID-19"
"DE-HH","00+",2022-01-11,2022-01-04,"-7 day ahead inc hosp","quantile",0.975,180,"COVID-19"
"DE-HH","00+",2022-01-11,2022-01-03,"-8 day ahead inc hosp","mean",NA,137,"COVID-19"
"DE-HH","00+",2022-01-11,2022-01-03,"-8 day ahead inc hosp","quantile",0.025,118,"COVID-19"
"DE-HH","00+",2022-01-11,2022-01-03,"-8 day ahead inc hosp","quantile",0.1,121,"COVID-19"
"DE-HH","00+",2022-01-11,2022-01-03,"-8 day ahead inc hosp","quantile",0.25,126,"COVID-19"
"DE-HH","00+",2022-01-11,2022-01-03,"-8 day ahead inc hosp","quantile",0.5,134,"COVID-19"
"DE-HH","00+",2022-01-11,2022-01-03,"-8 day ahead inc hosp","quantile",0.75,144,"COVID-19"
"DE-HH","00+",2022-01-11,2022-01-03,"-8 day ahead inc hosp","quantile",0.9,155,"COVID-19"
"DE-HH","00+",2022-01-11,2022-01-03,"-8 day ahead inc hosp","quantile",0.975,171,"COVID-19"
"DE-HH","00+",2022-01-11,2022-01-02,"-9 day ahead inc hosp","mean",NA,135,"COVID-19"
"DE-HH","00+",2022-01-11,2022-01-02,"-9 day ahead inc hosp","quantile",0.025,118,"COVID-19"
"DE-HH","00+",2022-01-11,2022-01-02,"-9 day ahead inc hosp","quantile",0.1,121,"COVID-19"
"DE-HH","00+",2022-01-11,2022-01-02,"-9 day ahead inc hosp","quantile",0.25,125,"COVID-19"
"DE-HH","00+",2022-01-11,2022-01-02,"-9 day ahead inc hosp","quantile",0.5,132,"COVID-19"
"DE-HH","00+",2022-01-11,2022-01-02,"-9 day ahead inc hosp","quantile",0.75,142,"COVID-19"
"DE-HH","00+",2022-01-11,2022-01-02,"-9 day ahead inc hosp","quantile",0.9,153,"COVID-19"
"DE-HH","00+",2022-01-11,2022-01-02,"-9 day ahead inc hosp","quantile",0.975,170,"COVID-19"
"DE-HH","00+",2022-01-11,2022-01-01,"-10 day ahead inc hosp","mean",NA,134,"COVID-19"
"DE-HH","00+",2022-01-11,2022-01-01,"-10 day ahead inc hosp","quantile",0.025,117,"COVID-19"
"DE-HH","00+",2022-01-11,2022-01-01,"-10 day ahead inc hosp","quantile",0.1,120,"COVID-19"
"DE-HH","00+",2022-01-11,2022-01-01,"-10 day ahead inc hosp","quantile",0.25,124,"COVID-19"
"DE-HH","00+",2022-01-11,2022-01-01,"-10 day ahead inc hosp","quantile",0.5,131,"COVID-19"
"DE-HH","00+",2022-01-11,2022-01-01,"-10 day ahead inc hosp","quantile",0.75,140,"COVID-19"
"DE-HH","00+",2022-01-11,2022-01-01,"-10 day ahead inc hosp","quantile",0.9,151,"COVID-19"
"DE-HH","00+",2022-01-11,2022-01-01,"-10 day ahead inc hosp","quantile",0.975,166,"COVID-19"
"DE-HH","00+",2022-01-11,2021-12-31,"-11 day ahead inc hosp","mean",NA,137,"COVID-19"
"DE-HH","00+",2022-01-11,2021-12-31,"-11 day ahead inc hosp","quantile",0.025,121,"COVID-19"
"DE-HH","00+",2022-01-11,2021-12-31,"-11 day ahead inc hosp","quantile",0.1,124,"COVID-19"
"DE-HH","00+",2022-01-11,2021-12-31,"-11 day ahead inc hosp","quantile",0.25,128,"COVID-19"
"DE-HH","00+",2022-01-11,2021-12-31,"-11 day ahead inc hosp","quantile",0.5,134,"COVID-19"
"DE-HH","00+",2022-01-11,2021-12-31,"-11 day ahead inc hosp","quantile",0.75,143,"COVID-19"
"DE-HH","00+",2022-01-11,2021-12-31,"-11 day ahead inc hosp","quantile",0.9,154,"COVID-19"
"DE-HH","00+",2022-01-11,2021-12-31,"-11 day ahead inc hosp","quantile",0.975,169,"COVID-19"
"DE-HH","00+",2022-01-11,2021-12-30,"-12 day ahead inc hosp","mean",NA,129,"COVID-19"
"DE-HH","00+",2022-01-11,2021-12-30,"-12 day ahead inc hosp","quantile",0.025,116,"COVID-19"
"DE-HH","00+",2022-01-11,2021-12-30,"-12 day ahead inc hosp","quantile",0.1,118,"COVID-19"
"DE-HH","00+",2022-01-11,2021-12-30,"-12 day ahead inc hosp","quantile",0.25,121,"COVID-19"
"DE-HH","00+",2022-01-11,2021-12-30,"-12 day ahead inc hosp","quantile",0.5,126,"COVID-19"
"DE-HH","00+",2022-01-11,2021-12-30,"-12 day ahead inc hosp","quantile",0.75,134,"COVID-19"
"DE-HH","00+",2022-01-11,2021-12-30,"-12 day ahead inc hosp","quantile",0.9,144,"COVID-19"
"DE-HH","00+",2022-01-11,2021-12-30,"-12 day ahead inc hosp","quantile",0.975,157,"COVID-19"
"DE-HH","00+",2022-01-11,2021-12-29,"-13 day ahead inc hosp","mean",NA,112,"COVID-19"
"DE-HH","00+",2022-01-11,2021-12-29,"-13 day ahead inc hosp","quantile",0.025,101,"COVID-19"
"DE-HH","00+",2022-01-11,2021-12-29,"-13 day ahead inc hosp","quantile",0.1,103,"COVID-19"
"DE-HH","00+",2022-01-11,2021-12-29,"-13 day ahead inc hosp","quantile",0.25,105,"COVID-19"
"DE-HH","00+",2022-01-11,2021-12-29,"-13 day ahead inc hosp","quantile",0.5,110,"COVID-19"
"DE-HH","00+",2022-01-11,2021-12-29,"-13 day ahead inc hosp","quantile",0.75,116,"COVID-19"
"DE-HH","00+",2022-01-11,2021-12-29,"-13 day ahead inc hosp","quantile",0.9,123,"COVID-19"
"DE-HH","00+",2022-01-11,2021-12-29,"-13 day ahead inc hosp","quantile",0.975,133,"COVID-19"
"DE-HH","00+",2022-01-11,2021-12-28,"-14 day ahead inc hosp","mean",NA,111,"COVID-19"
"DE-HH","00+",2022-01-11,2021-12-28,"-14 day ahead inc hosp","quantile",0.025,102,"COVID-19"
"DE-HH","00+",2022-01-11,2021-12-28,"-14 day ahead inc hosp","quantile",0.1,103,"COVID-19"
"DE-HH","00+",2022-01-11,2021-12-28,"-14 day ahead inc hosp","quantile",0.25,105,"COVID-19"
"DE-HH","00+",2022-01-11,2021-12-28,"-14 day ahead inc hosp","quantile",0.5,109,"COVID-19"
"DE-HH","00+",2022-01-11,2021-12-28,"-14 day ahead inc hosp","quantile",0.75,114,"COVID-19"
"DE-HH","00+",2022-01-11,2021-12-28,"-14 day ahead inc hosp","quantile",0.9,120,"COVID-19"
"DE-HH","00+",2022-01-11,2021-12-28,"-14 day ahead inc hosp","quantile",0.975,129,"COVID-19"
"DE-HH","00+",2022-01-11,2021-12-27,"-15 day ahead inc hosp","mean",NA,117,"COVID-19"
"DE-HH","00+",2022-01-11,2021-12-27,"-15 day ahead inc hosp","quantile",0.025,109,"COVID-19"
"DE-HH","00+",2022-01-11,2021-12-27,"-15 day ahead inc hosp","quantile",0.1,110,"COVID-19"
"DE-HH","00+",2022-01-11,2021-12-27,"-15 day ahead inc hosp","quantile",0.25,112,"COVID-19"
"DE-HH","00+",2022-01-11,2021-12-27,"-15 day ahead inc hosp","quantile",0.5,115,"COVID-19"
"DE-HH","00+",2022-01-11,2021-12-27,"-15 day ahead inc hosp","quantile",0.75,120,"COVID-19"
"DE-HH","00+",2022-01-11,2021-12-27,"-15 day ahead inc hosp","quantile",0.9,125,"COVID-19"
"DE-HH","00+",2022-01-11,2021-12-27,"-15 day ahead inc hosp","quantile",0.975,133,"COVID-19"
"DE-HH","00+",2022-01-11,2021-12-26,"-16 day ahead inc hosp","mean",NA,110,"COVID-19"
"DE-HH","00+",2022-01-11,2021-12-26,"-16 day ahead inc hosp","quantile",0.025,103,"COVID-19"
"DE-HH","00+",2022-01-11,2021-12-26,"-16 day ahead inc hosp","quantile",0.1,104,"COVID-19"
"DE-HH","00+",2022-01-11,2021-12-26,"-16 day ahead inc hosp","quantile",0.25,105,"COVID-19"
"DE-HH","00+",2022-01-11,2021-12-26,"-16 day ahead inc hosp","quantile",0.5,108,"COVID-19"
"DE-HH","00+",2022-01-11,2021-12-26,"-16 day ahead inc hosp","quantile",0.75,112,"COVID-19"
"DE-HH","00+",2022-01-11,2021-12-26,"-16 day ahead inc hosp","quantile",0.9,117,"COVID-19"
"DE-HH","00+",2022-01-11,2021-12-26,"-16 day ahead inc hosp","quantile",0.975,124,"COVID-19"
"DE-HH","00+",2022-01-11,2021-12-25,"-17 day ahead inc hosp","mean",NA,108,"COVID-19"
"DE-HH","00+",2022-01-11,2021-12-25,"-17 day ahead inc hosp","quantile",0.025,102,"COVID-19"
"DE-HH","00+",2022-01-11,2021-12-25,"-17 day ahead inc hosp","quantile",0.1,103,"COVID-19"
"DE-HH","00+",2022-01-11,2021-12-25,"-17 day ahead inc hosp","quantile",0.25,104,"COVID-19"
"DE-HH","00+",2022-01-11,2021-12-25,"-17 day ahead inc hosp","quantile",0.5,107,"COVID-19"
"DE-HH","00+",2022-01-11,2021-12-25,"-17 day ahead inc hosp","quantile",0.75,111,"COVID-19"
"DE-HH","00+",2022-01-11,2021-12-25,"-17 day ahead inc hosp","quantile",0.9,115,"COVID-19"
"DE-HH","00+",2022-01-11,2021-12-25,"-17 day ahead inc hosp","quantile",0.975,122,"COVID-19"
"DE-HH","00+",2022-01-11,2021-12-24,"-18 day ahead inc hosp","mean",NA,118,"COVID-19"
"DE-HH","00+",2022-01-11,2021-12-24,"-18 day ahead inc hosp","quantile",0.025,112,"COVID-19"
"DE-HH","00+",2022-01-11,2021-12-24,"-18 day ahead inc hosp","quantile",0.1,113,"COVID-19"
"DE-HH","00+",2022-01-11,2021-12-24,"-18 day ahead inc hosp","quantile",0.25,114,"COVID-19"
"DE-HH","00+",2022-01-11,2021-12-24,"-18 day ahead inc hosp","quantile",0.5,117,"COVID-19"
"DE-HH","00+",2022-01-11,2021-12-24,"-18 day ahead inc hosp","quantile",0.75,120,"COVID-19"
"DE-HH","00+",2022-01-11,2021-12-24,"-18 day ahead inc hosp","quantile",0.9,125,"COVID-19"
"DE-HH","00+",2022-01-11,2021-12-24,"-18 day ahead inc hosp","quantile",0.975,131,"COVID-19"
"DE-HH","00+",2022-01-11,2021-12-23,"-19 day ahead inc hosp","mean",NA,119,"COVID-19"
"DE-HH","00+",2022-01-11,2021-12-23,"-19 day ahead inc hosp","quantile",0.025,114,"COVID-19"
"DE-HH","00+",2022-01-11,2021-12-23,"-19 day ahead inc hosp","quantile",0.1,115,"COVID-19"
"DE-HH","00+",2022-01-11,2021-12-23,"-19 day ahead inc hosp","quantile",0.25,116,"COVID-19"
"DE-HH","00+",2022-01-11,2021-12-23,"-19 day ahead inc hosp","quantile",0.5,118,"COVID-19"
"DE-HH","00+",2022-01-11,2021-12-23,"-19 day ahead inc hosp","quantile",0.75,121,"COVID-19"
"DE-HH","00+",2022-01-11,2021-12-23,"-19 day ahead inc hosp","quantile",0.9,126,"COVID-19"
"DE-HH","00+",2022-01-11,2021-12-23,"-19 day ahead inc hosp","quantile",0.975,132,"COVID-19"
"DE-HH","00+",2022-01-11,2021-12-22,"-20 day ahead inc hosp","mean",NA,129,"COVID-19"
"DE-HH","00+",2022-01-11,2021-12-22,"-20 day ahead inc hosp","quantile",0.025,124,"COVID-19"
"DE-HH","00+",2022-01-11,2021-12-22,"-20 day ahead inc hosp","quantile",0.1,124,"COVID-19"
"DE-HH","00+",2022-01-11,2021-12-22,"-20 day ahead inc hosp","quantile",0.25,126,"COVID-19"
"DE-HH","00+",2022-01-11,2021-12-22,"-20 day ahead inc hosp","quantile",0.5,128,"COVID-19"
"DE-HH","00+",2022-01-11,2021-12-22,"-20 day ahead inc hosp","quantile",0.75,131,"COVID-19"
"DE-HH","00+",2022-01-11,2021-12-22,"-20 day ahead inc hosp","quantile",0.9,135,"COVID-19"
"DE-HH","00+",2022-01-11,2021-12-22,"-20 day ahead inc hosp","quantile",0.975,141,"COVID-19"
"DE-HH","00+",2022-01-11,2021-12-21,"-21 day ahead inc hosp","mean",NA,123,"COVID-19"
"DE-HH","00+",2022-01-11,2021-12-21,"-21 day ahead inc hosp","quantile",0.025,119,"COVID-19"
"DE-HH","00+",2022-01-11,2021-12-21,"-21 day ahead inc hosp","quantile",0.1,119,"COVID-19"
"DE-HH","00+",2022-01-11,2021-12-21,"-21 day ahead inc hosp","quantile",0.25,120,"COVID-19"
"DE-HH","00+",2022-01-11,2021-12-21,"-21 day ahead inc hosp","quantile",0.5,122,"COVID-19"
"DE-HH","00+",2022-01-11,2021-12-21,"-21 day ahead inc hosp","quantile",0.75,125,"COVID-19"
"DE-HH","00+",2022-01-11,2021-12-21,"-21 day ahead inc hosp","quantile",0.9,129,"COVID-19"
"DE-HH","00+",2022-01-11,2021-12-21,"-21 day ahead inc hosp","quantile",0.975,134,"COVID-19"
"DE-HH","00+",2022-01-11,2021-12-20,"-22 day ahead inc hosp","mean",NA,116,"COVID-19"
"DE-HH","00+",2022-01-11,2021-12-20,"-22 day ahead inc hosp","quantile",0.025,113,"COVID-19"
"DE-HH","00+",2022-01-11,2021-12-20,"-22 day ahead inc hosp","quantile",0.1,113,"COVID-19"
"DE-HH","00+",2022-01-11,2021-12-20,"-22 day ahead inc hosp","quantile",0.25,114,"COVID-19"
"DE-HH","00+",2022-01-11,2021-12-20,"-22 day ahead inc hosp","quantile",0.5,115,"COVID-19"
"DE-HH","00+",2022-01-11,2021-12-20,"-22 day ahead inc hosp","quantile",0.75,118,"COVID-19"
"DE-HH","00+",2022-01-11,2021-12-20,"-22 day ahead inc hosp","quantile",0.9,121,"COVID-19"
"DE-HH","00+",2022-01-11,2021-12-20,"-22 day ahead inc hosp","quantile",0.975,125,"COVID-19"
"DE-HH","00+",2022-01-11,2021-12-19,"-23 day ahead inc hosp","mean",NA,123,"COVID-19"
"DE-HH","00+",2022-01-11,2021-12-19,"-23 day ahead inc hosp","quantile",0.025,120,"COVID-19"
"DE-HH","00+",2022-01-11,2021-12-19,"-23 day ahead inc hosp","quantile",0.1,120,"COVID-19"
"DE-HH","00+",2022-01-11,2021-12-19,"-23 day ahead inc hosp","quantile",0.25,121,"COVID-19"
"DE-HH","00+",2022-01-11,2021-12-19,"-23 day ahead inc hosp","quantile",0.5,122,"COVID-19"
"DE-HH","00+",2022-01-11,2021-12-19,"-23 day ahead inc hosp","quantile",0.75,125,"COVID-19"
"DE-HH","00+",2022-01-11,2021-12-19,"-23 day ahead inc hosp","quantile",0.9,128,"COVID-19"
"DE-HH","00+",2022-01-11,2021-12-19,"-23 day ahead inc hosp","quantile",0.975,132,"COVID-19"
"DE-HH","00+",2022-01-11,2021-12-18,"-24 day ahead inc hosp","mean",NA,128,"COVID-19"
"DE-HH","00+",2022-01-11,2021-12-18,"-24 day ahead inc hosp","quantile",0.025,125,"COVID-19"
"DE-HH","00+",2022-01-11,2021-12-18,"-24 day ahead inc hosp","quantile",0.1,125,"COVID-19"
"DE-HH","00+",2022-01-11,2021-12-18,"-24 day ahead inc hosp","quantile",0.25,126,"COVID-19"
"DE-HH","00+",2022-01-11,2021-12-18,"-24 day ahead inc hosp","quantile",0.5,127,"COVID-19"
"DE-HH","00+",2022-01-11,2021-12-18,"-24 day ahead inc hosp","quantile",0.75,130,"COVID-19"
"DE-HH","00+",2022-01-11,2021-12-18,"-24 day ahead inc hosp","quantile",0.9,132,"COVID-19"
"DE-HH","00+",2022-01-11,2021-12-18,"-24 day ahead inc hosp","quantile",0.975,137,"COVID-19"
"DE-HH","00+",2022-01-11,2021-12-17,"-25 day ahead inc hosp","mean",NA,131,"COVID-19"
"DE-HH","00+",2022-01-11,2021-12-17,"-25 day ahead inc hosp","quantile",0.025,128,"COVID-19"
"DE-HH","00+",2022-01-11,2021-12-17,"-25 day ahead inc hosp","quantile",0.1,128,"COVID-19"
"DE-HH","00+",2022-01-11,2021-12-17,"-25 day ahead inc hosp","quantile",0.25,129,"COVID-19"
"DE-HH","00+",2022-01-11,2021-12-17,"-25 day ahead inc hosp","quantile",0.5,130,"COVID-19"
"DE-HH","00+",2022-01-11,2021-12-17,"-25 day ahead inc hosp","quantile",0.75,132,"COVID-19"
"DE-HH","00+",2022-01-11,2021-12-17,"-25 day ahead inc hosp","quantile",0.9,135,"COVID-19"
"DE-HH","00+",2022-01-11,2021-12-17,"-25 day ahead inc hosp","quantile",0.975,139,"COVID-19"
"DE-HH","00+",2022-01-11,2021-12-16,"-26 day ahead inc hosp","mean",NA,141,"COVID-19"
"DE-HH","00+",2022-01-11,2021-12-16,"-26 day ahead inc hosp","quantile",0.025,138,"COVID-19"
"DE-HH","00+",2022-01-11,2021-12-16,"-26 day ahead inc hosp","quantile",0.1,138,"COVID-19"
"DE-HH","00+",2022-01-11,2021-12-16,"-26 day ahead inc hosp","quantile",0.25,139,"COVID-19"
"DE-HH","00+",2022-01-11,2021-12-16,"-26 day ahead inc hosp","quantile",0.5,140,"COVID-19"
"DE-HH","00+",2022-01-11,2021-12-16,"-26 day ahead inc hosp","quantile",0.75,142,"COVID-19"
"DE-HH","00+",2022-01-11,2021-12-16,"-26 day ahead inc hosp","quantile",0.9,145,"COVID-19"
"DE-HH","00+",2022-01-11,2021-12-16,"-26 day ahead inc hosp","quantile",0.975,149,"COVID-19"
"DE-HH","00+",2022-01-11,2021-12-15,"-27 day ahead inc hosp","mean",NA,144,"COVID-19"
"DE-HH","00+",2022-01-11,2021-12-15,"-27 day ahead inc hosp","quantile",0.025,141,"COVID-19"
"DE-HH","00+",2022-01-11,2021-12-15,"-27 day ahead inc hosp","quantile",0.1,141,"COVID-19"
"DE-HH","00+",2022-01-11,2021-12-15,"-27 day ahead inc hosp","quantile",0.25,142,"COVID-19"
"DE-HH","00+",2022-01-11,2021-12-15,"-27 day ahead inc hosp","quantile",0.5,143,"COVID-19"
"DE-HH","00+",2022-01-11,2021-12-15,"-27 day ahead inc hosp","quantile",0.75,145,"COVID-19"
"DE-HH","00+",2022-01-11,2021-12-15,"-27 day ahead inc hosp","quantile",0.9,147,"COVID-19"
"DE-HH","00+",2022-01-11,2021-12-15,"-27 day ahead inc hosp","quantile",0.975,151,"COVID-19"
"DE-HH","00+",2022-01-11,2021-12-14,"-28 day ahead inc hosp","mean",NA,151,"COVID-19"
"DE-HH","00+",2022-01-11,2021-12-14,"-28 day ahead inc hosp","quantile",0.025,148,"COVID-19"
"DE-HH","00+",2022-01-11,2021-12-14,"-28 day ahead inc hosp","quantile",0.1,148,"COVID-19"
"DE-HH","00+",2022-01-11,2021-12-14,"-28 day ahead inc hosp","quantile",0.25,149,"COVID-19"
"DE-HH","00+",2022-01-11,2021-12-14,"-28 day ahead inc hosp","quantile",0.5,150,"COVID-19"
"DE-HH","00+",2022-01-11,2021-12-14,"-28 day ahead inc hosp","quantile",0.75,152,"COVID-19"
"DE-HH","00+",2022-01-11,2021-12-14,"-28 day ahead inc hosp","quantile",0.9,154,"COVID-19"
"DE-HH","00+",2022-01-11,2021-12-14,"-28 day ahead inc hosp","quantile",0.975,157,"COVID-19"
"DE-MV","00+",2022-01-11,2022-01-11,"0 day ahead inc hosp","mean",NA,228,"COVID-19"
"DE-MV","00+",2022-01-11,2022-01-11,"0 day ahead inc hosp","quantile",0.025,156,"COVID-19"
"DE-MV","00+",2022-01-11,2022-01-11,"0 day ahead inc hosp","quantile",0.1,174,"COVID-19"
"DE-MV","00+",2022-01-11,2022-01-11,"0 day ahead inc hosp","quantile",0.25,194,"COVID-19"
"DE-MV","00+",2022-01-11,2022-01-11,"0 day ahead inc hosp","quantile",0.5,221,"COVID-19"
"DE-MV","00+",2022-01-11,2022-01-11,"0 day ahead inc hosp","quantile",0.75,255,"COVID-19"
"DE-MV","00+",2022-01-11,2022-01-11,"0 day ahead inc hosp","quantile",0.9,290,"COVID-19"
"DE-MV","00+",2022-01-11,2022-01-11,"0 day ahead inc hosp","quantile",0.975,335,"COVID-19"
"DE-MV","00+",2022-01-11,2022-01-10,"-1 day ahead inc hosp","mean",NA,197,"COVID-19"
"DE-MV","00+",2022-01-11,2022-01-10,"-1 day ahead inc hosp","quantile",0.025,149,"COVID-19"
"DE-MV","00+",2022-01-11,2022-01-10,"-1 day ahead inc hosp","quantile",0.1,161,"COVID-19"
"DE-MV","00+",2022-01-11,2022-01-10,"-1 day ahead inc hosp","quantile",0.25,174,"COVID-19"
"DE-MV","00+",2022-01-11,2022-01-10,"-1 day ahead inc hosp","quantile",0.5,193,"COVID-19"
"DE-MV","00+",2022-01-11,2022-01-10,"-1 day ahead inc hosp","quantile",0.75,215,"COVID-19"
"DE-MV","00+",2022-01-11,2022-01-10,"-1 day ahead inc hosp","quantile",0.9,238,"COVID-19"
"DE-MV","00+",2022-01-11,2022-01-10,"-1 day ahead inc hosp","quantile",0.975,268,"COVID-19"
"DE-MV","00+",2022-01-11,2022-01-09,"-2 day ahead inc hosp","mean",NA,204,"COVID-19"
"DE-MV","00+",2022-01-11,2022-01-09,"-2 day ahead inc hosp","quantile",0.025,160,"COVID-19"
"DE-MV","00+",2022-01-11,2022-01-09,"-2 day ahead inc hosp","quantile",0.1,171,"COVID-19"
"DE-MV","00+",2022-01-11,2022-01-09,"-2 day ahead inc hosp","quantile",0.25,184,"COVID-19"
"DE-MV","00+",2022-01-11,2022-01-09,"-2 day ahead inc hosp","quantile",0.5,200,"COVID-19"
"DE-MV","00+",2022-01-11,2022-01-09,"-2 day ahead inc hosp","quantile",0.75,220,"COVID-19"
"DE-MV","00+",2022-01-11,2022-01-09,"-2 day ahead inc hosp","quantile",0.9,240,"COVID-19"
"DE-MV","00+",2022-01-11,2022-01-09,"-2 day ahead inc hosp","quantile",0.975,266,"COVID-19"
"DE-MV","00+",2022-01-11,2022-01-08,"-3 day ahead inc hosp","mean",NA,194,"COVID-19"
"DE-MV","00+",2022-01-11,2022-01-08,"-3 day ahead inc hosp","quantile",0.025,155,"COVID-19"
"DE-MV","00+",2022-01-11,2022-01-08,"-3 day ahead inc hosp","quantile",0.1,166,"COVID-19"
"DE-MV","00+",2022-01-11,2022-01-08,"-3 day ahead inc hosp","quantile",0.25,177,"COVID-19"
"DE-MV","00+",2022-01-11,2022-01-08,"-3 day ahead inc hosp","quantile",0.5,191,"COVID-19"
"DE-MV","00+",2022-01-11,2022-01-08,"-3 day ahead inc hosp","quantile",0.75,208,"COVID-19"
"DE-MV","00+",2022-01-11,2022-01-08,"-3 day ahead inc hosp","quantile",0.9,226,"COVID-19"
"DE-MV","00+",2022-01-11,2022-01-08,"-3 day ahead inc hosp","quantile",0.975,248,"COVID-19"
"DE-MV","00+",2022-01-11,2022-01-07,"-4 day ahead inc hosp","mean",NA,191,"COVID-19"
"DE-MV","00+",2022-01-11,2022-01-07,"-4 day ahead inc hosp","quantile",0.025,158,"COVID-19"
"DE-MV","00+",2022-01-11,2022-01-07,"-4 day ahead inc hosp","quantile",0.1,167,"COVID-19"
"DE-MV","00+",2022-01-11,2022-01-07,"-4 day ahead inc hosp","quantile",0.25,176,"COVID-19"
"DE-MV","00+",2022-01-11,2022-01-07,"-4 day ahead inc hosp","quantile",0.5,189,"COVID-19"
"DE-MV","00+",2022-01-11,2022-01-07,"-4 day ahead inc hosp","quantile",0.75,203,"COVID-19"
"DE-MV","00+",2022-01-11,2022-01-07,"-4 day ahead inc hosp","quantile",0.9,218,"COVID-19"
"DE-MV","00+",2022-01-11,2022-01-07,"-4 day ahead inc hosp","quantile",0.975,237,"COVID-19"
"DE-MV","00+",2022-01-11,2022-01-06,"-5 day ahead inc hosp","mean",NA,189,"COVID-19"
"DE-MV","00+",2022-01-11,2022-01-06,"-5 day ahead inc hosp","quantile",0.025,162,"COVID-19"
"DE-MV","00+",2022-01-11,2022-01-06,"-5 day ahead inc hosp","quantile",0.1,169,"COVID-19"
"DE-MV","00+",2022-01-11,2022-01-06,"-5 day ahead inc hosp","quantile",0.25,177,"COVID-19"
"DE-MV","00+",2022-01-11,2022-01-06,"-5 day ahead inc hosp","quantile",0.5,187,"COVID-19"
"DE-MV","00+",2022-01-11,2022-01-06,"-5 day ahead inc hosp","quantile",0.75,199,"COVID-19"
"DE-MV","00+",2022-01-11,2022-01-06,"-5 day ahead inc hosp","quantile",0.9,212,"COVID-19"
"DE-MV","00+",2022-01-11,2022-01-06,"-5 day ahead inc hosp","quantile",0.975,228,"COVID-19"
"DE-MV","00+",2022-01-11,2022-01-05,"-6 day ahead inc hosp","mean",NA,169,"COVID-19"
"DE-MV","00+",2022-01-11,2022-01-05,"-6 day ahead inc hosp","quantile",0.025,148,"COVID-19"
"DE-MV","00+",2022-01-11,2022-01-05,"-6 day ahead inc hosp","quantile",0.1,153,"COVID-19"
"DE-MV","00+",2022-01-11,2022-01-05,"-6 day ahead inc hosp","quantile",0.25,159,"COVID-19"
"DE-MV","00+",2022-01-11,2022-01-05,"-6 day ahead inc hosp","quantile",0.5,167,"COVID-19"
"DE-MV","00+",2022-01-11,2022-01-05,"-6 day ahead inc hosp","quantile",0.75,177,"COVID-19"
"DE-MV","00+",2022-01-11,2022-01-05,"-6 day ahead inc hosp","quantile",0.9,187,"COVID-19"
"DE-MV","00+",2022-01-11,2022-01-05,"-6 day ahead inc hosp","quantile",0.975,199,"COVID-19"
"DE-MV","00+",2022-01-11,2022-01-04,"-7 day ahead inc hosp","mean",NA,172,"COVID-19"
"DE-MV","00+",2022-01-11,2022-01-04,"-7 day ahead inc hosp","quantile",0.025,153,"COVID-19"
"DE-MV","00+",2022-01-11,2022-01-04,"-7 day ahead inc hosp","quantile",0.1,158,"COVID-19"
"DE-MV","00+",2022-01-11,2022-01-04,"-7 day ahead inc hosp","quantile",0.25,163,"COVID-19"
"DE-MV","00+",2022-01-11,2022-01-04,"-7 day ahead inc hosp","quantile",0.5,170,"COVID-19"
"DE-MV","00+",2022-01-11,2022-01-04,"-7 day ahead inc hosp","quantile",0.75,179,"COVID-19"
"DE-MV","00+",2022-01-11,2022-01-04,"-7 day ahead inc hosp","quantile",0.9,188,"COVID-19"
"DE-MV","00+",2022-01-11,2022-01-04,"-7 day ahead inc hosp","quantile",0.975,200,"COVID-19"
"DE-MV","00+",2022-01-11,2022-01-03,"-8 day ahead inc hosp","mean",NA,165,"COVID-19"
"DE-MV","00+",2022-01-11,2022-01-03,"-8 day ahead inc hosp","quantile",0.025,149,"COVID-19"
"DE-MV","00+",2022-01-11,2022-01-03,"-8 day ahead inc hosp","quantile",0.1,153,"COVID-19"
"DE-MV","00+",2022-01-11,2022-01-03,"-8 day ahead inc hosp","quantile",0.25,158,"COVID-19"
"DE-MV","00+",2022-01-11,2022-01-03,"-8 day ahead inc hosp","quantile",0.5,164,"COVID-19"
"DE-MV","00+",2022-01-11,2022-01-03,"-8 day ahead inc hosp","quantile",0.75,171,"COVID-19"
"DE-MV","00+",2022-01-11,2022-01-03,"-8 day ahead inc hosp","quantile",0.9,180,"COVID-19"
"DE-MV","00+",2022-01-11,2022-01-03,"-8 day ahead inc hosp","quantile",0.975,190,"COVID-19"
"DE-MV","00+",2022-01-11,2022-01-02,"-9 day ahead inc hosp","mean",NA,151,"COVID-19"
"DE-MV","00+",2022-01-11,2022-01-02,"-9 day ahead inc hosp","quantile",0.025,138,"COVID-19"
"DE-MV","00+",2022-01-11,2022-01-02,"-9 day ahead inc hosp","quantile",0.1,141,"COVID-19"
"DE-MV","00+",2022-01-11,2022-01-02,"-9 day ahead inc hosp","quantile",0.25,145,"COVID-19"
"DE-MV","00+",2022-01-11,2022-01-02,"-9 day ahead inc hosp","quantile",0.5,150,"COVID-19"
"DE-MV","00+",2022-01-11,2022-01-02,"-9 day ahead inc hosp","quantile",0.75,157,"COVID-19"
"DE-MV","00+",2022-01-11,2022-01-02,"-9 day ahead inc hosp","quantile",0.9,164,"COVID-19"
"DE-MV","00+",2022-01-11,2022-01-02,"-9 day ahead inc hosp","quantile",0.975,173,"COVID-19"
"DE-MV","00+",2022-01-11,2022-01-01,"-10 day ahead inc hosp","mean",NA,169,"COVID-19"
"DE-MV","00+",2022-01-11,2022-01-01,"-10 day ahead inc hosp","quantile",0.025,155,"COVID-19"
"DE-MV","00+",2022-01-11,2022-01-01,"-10 day ahead inc hosp","quantile",0.1,158,"COVID-19"
"DE-MV","00+",2022-01-11,2022-01-01,"-10 day ahead inc hosp","quantile",0.25,162,"COVID-19"
"DE-MV","00+",2022-01-11,2022-01-01,"-10 day ahead inc hosp","quantile",0.5,167,"COVID-19"
"DE-MV","00+",2022-01-11,2022-01-01,"-10 day ahead inc hosp","quantile",0.75,174,"COVID-19"
"DE-MV","00+",2022-01-11,2022-01-01,"-10 day ahead inc hosp","quantile",0.9,181,"COVID-19"
"DE-MV","00+",2022-01-11,2022-01-01,"-10 day ahead inc hosp","quantile",0.975,191,"COVID-19"
"DE-MV","00+",2022-01-11,2021-12-31,"-11 day ahead inc hosp","mean",NA,158,"COVID-19"
"DE-MV","00+",2022-01-11,2021-12-31,"-11 day ahead inc hosp","quantile",0.025,147,"COVID-19"
"DE-MV","00+",2022-01-11,2021-12-31,"-11 day ahead inc hosp","quantile",0.1,150,"COVID-19"
"DE-MV","00+",2022-01-11,2021-12-31,"-11 day ahead inc hosp","quantile",0.25,153,"COVID-19"
"DE-MV","00+",2022-01-11,2021-12-31,"-11 day ahead inc hosp","quantile",0.5,157,"COVID-19"
"DE-MV","00+",2022-01-11,2021-12-31,"-11 day ahead inc hosp","quantile",0.75,162,"COVID-19"
"DE-MV","00+",2022-01-11,2021-12-31,"-11 day ahead inc hosp","quantile",0.9,168,"COVID-19"
"DE-MV","00+",2022-01-11,2021-12-31,"-11 day ahead inc hosp","quantile",0.975,176,"COVID-19"
"DE-MV","00+",2022-01-11,2021-12-30,"-12 day ahead inc hosp","mean",NA,151,"COVID-19"
"DE-MV","00+",2022-01-11,2021-12-30,"-12 day ahead inc hosp","quantile",0.025,142,"COVID-19"
"DE-MV","00+",2022-01-11,2021-12-30,"-12 day ahead inc hosp","quantile",0.1,144,"COVID-19"
"DE-MV","00+",2022-01-11,2021-12-30,"-12 day ahead inc hosp","quantile",0.25,147,"COVID-19"
"DE-MV","00+",2022-01-11,2021-12-30,"-12 day ahead inc hosp","quantile",0.5,150,"COVID-19"
"DE-MV","00+",2022-01-11,2021-12-30,"-12 day ahead inc hosp","quantile",0.75,154,"COVID-19"
"DE-MV","00+",2022-01-11,2021-12-30,"-12 day ahead inc hosp","quantile",0.9,159,"COVID-19"
"DE-MV","00+",2022-01-11,2021-12-30,"-12 day ahead inc hosp","quantile",0.975,165,"COVID-19"
"DE-MV","00+",2022-01-11,2021-12-29,"-13 day ahead inc hosp","mean",NA,158,"COVID-19"
"DE-MV","00+",2022-01-11,2021-12-29,"-13 day ahead inc hosp","quantile",0.025,151,"COVID-19"
"DE-MV","00+",2022-01-11,2021-12-29,"-13 day ahead inc hosp","quantile",0.1,152,"COVID-19"
"DE-MV","00+",2022-01-11,2021-12-29,"-13 day ahead inc hosp","quantile",0.25,154,"COVID-19"
"DE-MV","00+",2022-01-11,2021-12-29,"-13 day ahead inc hosp","quantile",0.5,157,"COVID-19"
"DE-MV","00+",2022-01-11,2021-12-29,"-13 day ahead inc hosp","quantile",0.75,161,"COVID-19"
"DE-MV","00+",2022-01-11,2021-12-29,"-13 day ahead inc hosp","quantile",0.9,165,"COVID-19"
"DE-MV","00+",2022-01-11,2021-12-29,"-13 day ahead inc hosp","quantile",0.975,170,"COVID-19"
"DE-MV","00+",2022-01-11,2021-12-28,"-14 day ahead inc hosp","mean",NA,183,"COVID-19"
"DE-MV","00+",2022-01-11,2021-12-28,"-14 day ahead inc hosp","quantile",0.025,176,"COVID-19"
"DE-MV","00+",2022-01-11,2021-12-28,"-14 day ahead inc hosp","quantile",0.1,178,"COVID-19"
"DE-MV","00+",2022-01-11,2021-12-28,"-14 day ahead inc hosp","quantile",0.25,179,"COVID-19"
"DE-MV","00+",2022-01-11,2021-12-28,"-14 day ahead inc hosp","quantile",0.5,182,"COVID-19"
"DE-MV","00+",2022-01-11,2021-12-28,"-14 day ahead inc hosp","quantile",0.75,185,"COVID-19"
"DE-MV","00+",2022-01-11,2021-12-28,"-14 day ahead inc hosp","quantile",0.9,188,"COVID-19"
"DE-MV","00+",2022-01-11,2021-12-28,"-14 day ahead inc hosp","quantile",0.975,193,"COVID-19"
"DE-MV","00+",2022-01-11,2021-12-27,"-15 day ahead inc hosp","mean",NA,190,"COVID-19"
"DE-MV","00+",2022-01-11,2021-12-27,"-15 day ahead inc hosp","quantile",0.025,184,"COVID-19"
"DE-MV","00+",2022-01-11,2021-12-27,"-15 day ahead inc hosp","quantile",0.1,185,"COVID-19"
"DE-MV","00+",2022-01-11,2021-12-27,"-15 day ahead inc hosp","quantile",0.25,187,"COVID-19"
"DE-MV","00+",2022-01-11,2021-12-27,"-15 day ahead inc hosp","quantile",0.5,189,"COVID-19"
"DE-MV","00+",2022-01-11,2021-12-27,"-15 day ahead inc hosp","quantile",0.75,192,"COVID-19"
"DE-MV","00+",2022-01-11,2021-12-27,"-15 day ahead inc hosp","quantile",0.9,195,"COVID-19"
"DE-MV","00+",2022-01-11,2021-12-27,"-15 day ahead inc hosp","quantile",0.975,199,"COVID-19"
"DE-MV","00+",2022-01-11,2021-12-26,"-16 day ahead inc hosp","mean",NA,198,"COVID-19"
"DE-MV","00+",2022-01-11,2021-12-26,"-16 day ahead inc hosp","quantile",0.025,192,"COVID-19"
"DE-MV","00+",2022-01-11,2021-12-26,"-16 day ahead inc hosp","quantile",0.1,193,"COVID-19"
"DE-MV","00+",2022-01-11,2021-12-26,"-16 day ahead inc hosp","quantile",0.25,195,"COVID-19"
"DE-MV","00+",2022-01-11,2021-12-26,"-16 day ahead inc hosp","quantile",0.5,197,"COVID-19"
"DE-MV","00+",2022-01-11,2021-12-26,"-16 day ahead inc hosp","quantile",0.75,200,"COVID-19"
"DE-MV","00+",2022-01-11,2021-12-26,"-16 day ahead inc hosp","quantile",0.9,203,"COVID-19"
"DE-MV","00+",2022-01-11,2021-12-26,"-16 day ahead inc hosp","quantile",0.975,207,"COVID-19"
"DE-MV","00+",2022-01-11,2021-12-25,"-17 day ahead inc hosp","mean",NA,200,"COVID-19"
"DE-MV","00+",2022-01-11,2021-12-25,"-17 day ahead inc hosp","quantile",0.025,194,"COVID-19"
"DE-MV","00+",2022-01-11,2021-12-25,"-17 day ahead inc hosp","quantile",0.1,196,"COVID-19"
"DE-MV","00+",2022-01-11,2021-12-25,"-17 day ahead inc hosp","quantile",0.25,197,"COVID-19"
"DE-MV","00+",2022-01-11,2021-12-25,"-17 day ahead inc hosp","quantile",0.5,199,"COVID-19"
"DE-MV","00+",2022-01-11,2021-12-25,"-17 day ahead inc hosp","quantile",0.75,202,"COVID-19"
"DE-MV","00+",2022-01-11,2021-12-25,"-17 day ahead inc hosp","quantile",0.9,205,"COVID-19"
"DE-MV","00+",2022-01-11,2021-12-25,"-17 day ahead inc hosp","quantile",0.975,209,"COVID-19"
"DE-MV","00+",2022-01-11,2021-12-24,"-18 day ahead inc hosp","mean",NA,218,"COVID-19"
"DE-MV","00+",2022-01-11,2021-12-24,"-18 day ahead inc hosp","quantile",0.025,212,"COVID-19"
"DE-MV","00+",2022-01-11,2021-12-24,"-18 day ahead inc hosp","quantile",0.1,213,"COVID-19"
"DE-MV","00+",2022-01-11,2021-12-24,"-18 day ahead inc hosp","quantile",0.25,215,"COVID-19"
"DE-MV","00+",2022-01-11,2021-12-24,"-18 day ahead inc hosp","quantile",0.5,217,"COVID-19"
"DE-MV","00+",2022-01-11,2021-12-24,"-18 day ahead inc hosp","quantile",0.75,220,"COVID-19"
"DE-MV","00+",2022-01-11,2021-12-24,"-18 day ahead inc hosp","quantile",0.9,223,"COVID-19"
"DE-MV","00+",2022-01-11,2021-12-24,"-18 day ahead inc hosp","quantile",0.975,227,"COVID-19"
"DE-MV","00+",2022-01-11,2021-12-23,"-19 day ahead inc hosp","mean",NA,253,"COVID-19"
"DE-MV","00+",2022-01-11,2021-12-23,"-19 day ahead inc hosp","quantile",0.025,247,"COVID-19"
"DE-MV","00+",2022-01-11,2021-12-23,"-19 day ahead inc hosp","quantile",0.1,248,"COVID-19"
"DE-MV","00+",2022-01-11,2021-12-23,"-19 day ahead inc hosp","quantile",0.25,250,"COVID-19"
"DE-MV","00+",2022-01-11,2021-12-23,"-19 day ahead inc hosp","quantile",0.5,252,"COVID-19"
"DE-MV","00+",2022-01-11,2021-12-23,"-19 day ahead inc hosp","quantile",0.75,255,"COVID-19"
"DE-MV","00+",2022-01-11,2021-12-23,"-19 day ahead inc hosp","quantile",0.9,258,"COVID-19"
"DE-MV","00+",2022-01-11,2021-12-23,"-19 day ahead inc hosp","quantile",0.975,263,"COVID-19"
"DE-MV","00+",2022-01-11,2021-12-22,"-20 day ahead inc hosp","mean",NA,263,"COVID-19"
"DE-MV","00+",2022-01-11,2021-12-22,"-20 day ahead inc hosp","quantile",0.025,258,"COVID-19"
"DE-MV","00+",2022-01-11,2021-12-22,"-20 day ahead inc hosp","quantile",0.1,259,"COVID-19"
"DE-MV","00+",2022-01-11,2021-12-22,"-20 day ahead inc hosp","quantile",0.25,260,"COVID-19"
"DE-MV","00+",2022-01-11,2021-12-22,"-20 day ahead inc hosp","quantile",0.5,262,"COVID-19"
"DE-MV","00+",2022-01-11,2021-12-22,"-20 day ahead inc hosp","quantile",0.75,265,"COVID-19"
"DE-MV","00+",2022-01-11,2021-12-22,"-20 day ahead inc hosp","quantile",0.9,269,"COVID-19"
"DE-MV","00+",2022-01-11,2021-12-22,"-20 day ahead inc hosp","quantile",0.975,273,"COVID-19"
"DE-MV","00+",2022-01-11,2021-12-21,"-21 day ahead inc hosp","mean",NA,252,"COVID-19"
"DE-MV","00+",2022-01-11,2021-12-21,"-21 day ahead inc hosp","quantile",0.025,248,"COVID-19"
"DE-MV","00+",2022-01-11,2021-12-21,"-21 day ahead inc hosp","quantile",0.1,248,"COVID-19"
"DE-MV","00+",2022-01-11,2021-12-21,"-21 day ahead inc hosp","quantile",0.25,249,"COVID-19"
"DE-MV","00+",2022-01-11,2021-12-21,"-21 day ahead inc hosp","quantile",0.5,251,"COVID-19"
"DE-MV","00+",2022-01-11,2021-12-21,"-21 day ahead inc hosp","quantile",0.75,253,"COVID-19"
"DE-MV","00+",2022-01-11,2021-12-21,"-21 day ahead inc hosp","quantile",0.9,256,"COVID-19"
"DE-MV","00+",2022-01-11,2021-12-21,"-21 day ahead inc hosp","quantile",0.975,261,"COVID-19"
"DE-MV","00+",2022-01-11,2021-12-20,"-22 day ahead inc hosp","mean",NA,247,"COVID-19"
"DE-MV","00+",2022-01-11,2021-12-20,"-22 day ahead inc hosp","quantile",0.025,244,"COVID-19"
"DE-MV","00+",2022-01-11,2021-12-20,"-22 day ahead inc hosp","quantile",0.1,244,"COVID-19"
"DE-MV","00+",2022-01-11,2021-12-20,"-22 day ahead inc hosp","quantile",0.25,245,"COVID-19"
"DE-MV","00+",2022-01-11,2021-12-20,"-22 day ahead inc hosp","quantile",0.5,247,"COVID-19"
"DE-MV","00+",2022-01-11,2021-12-20,"-22 day ahead inc hosp","quantile",0.75,249,"COVID-19"
"DE-MV","00+",2022-01-11,2021-12-20,"-22 day ahead inc hosp","quantile",0.9,252,"COVID-19"
"DE-MV","00+",2022-01-11,2021-12-20,"-22 day ahead inc hosp","quantile",0.975,256,"COVID-19"
"DE-MV","00+",2022-01-11,2021-12-19,"-23 day ahead inc hosp","mean",NA,255,"COVID-19"
"DE-MV","00+",2022-01-11,2021-12-19,"-23 day ahead inc hosp","quantile",0.025,252,"COVID-19"
"DE-MV","00+",2022-01-11,2021-12-19,"-23 day ahead inc hosp","quantile",0.1,252,"COVID-19"
"DE-MV","00+",2022-01-11,2021-12-19,"-23 day ahead inc hosp","quantile",0.25,253,"COVID-19"
"DE-MV","00+",2022-01-11,2021-12-19,"-23 day ahead inc hosp","quantile",0.5,254,"COVID-19"
"DE-MV","00+",2022-01-11,2021-12-19,"-23 day ahead inc hosp","quantile",0.75,257,"COVID-19"
"DE-MV","00+",2022-01-11,2021-12-19,"-23 day ahead inc hosp","quantile",0.9,260,"COVID-19"
"DE-MV","00+",2022-01-11,2021-12-19,"-23 day ahead inc hosp","quantile",0.975,264,"COVID-19"
"DE-MV","00+",2022-01-11,2021-12-18,"-24 day ahead inc hosp","mean",NA,262,"COVID-19"
"DE-MV","00+",2022-01-11,2021-12-18,"-24 day ahead inc hosp","quantile",0.025,259,"COVID-19"
"DE-MV","00+",2022-01-11,2021-12-18,"-24 day ahead inc hosp","quantile",0.1,259,"COVID-19"
"DE-MV","00+",2022-01-11,2021-12-18,"-24 day ahead inc hosp","quantile",0.25,260,"COVID-19"
"DE-MV","00+",2022-01-11,2021-12-18,"-24 day ahead inc hosp","quantile",0.5,261,"COVID-19"
"DE-MV","00+",2022-01-11,2021-12-18,"-24 day ahead inc hosp","quantile",0.75,263,"COVID-19"
"DE-MV","00+",2022-01-11,2021-12-18,"-24 day ahead inc hosp","quantile",0.9,266,"COVID-19"
"DE-MV","00+",2022-01-11,2021-12-18,"-24 day ahead inc hosp","quantile",0.975,271,"COVID-19"
"DE-MV","00+",2022-01-11,2021-12-17,"-25 day ahead inc hosp","mean",NA,275,"COVID-19"
"DE-MV","00+",2022-01-11,2021-12-17,"-25 day ahead inc hosp","quantile",0.025,272,"COVID-19"
"DE-MV","00+",2022-01-11,2021-12-17,"-25 day ahead inc hosp","quantile",0.1,272,"COVID-19"
"DE-MV","00+",2022-01-11,2021-12-17,"-25 day ahead inc hosp","quantile",0.25,272,"COVID-19"
"DE-MV","00+",2022-01-11,2021-12-17,"-25 day ahead inc hosp","quantile",0.5,274,"COVID-19"
"DE-MV","00+",2022-01-11,2021-12-17,"-25 day ahead inc hosp","quantile",0.75,276,"COVID-19"
"DE-MV","00+",2022-01-11,2021-12-17,"-25 day ahead inc hosp","quantile",0.9,279,"COVID-19"
"DE-MV","00+",2022-01-11,2021-12-17,"-25 day ahead inc hosp","quantile",0.975,283,"COVID-19"
"DE-MV","00+",2022-01-11,2021-12-16,"-26 day ahead inc hosp","mean",NA,257,"COVID-19"
"DE-MV","00+",2022-01-11,2021-12-16,"-26 day ahead inc hosp","quantile",0.025,255,"COVID-19"
"DE-MV","00+",2022-01-11,2021-12-16,"-26 day ahead inc hosp","quantile",0.1,255,"COVID-19"
"DE-MV","00+",2022-01-11,2021-12-16,"-26 day ahead inc hosp","quantile",0.25,255,"COVID-19"
"DE-MV","00+",2022-01-11,2021-12-16,"-26 day ahead inc hosp","quantile",0.5,256,"COVID-19"
"DE-MV","00+",2022-01-11,2021-12-16,"-26 day ahead inc hosp","quantile",0.75,258,"COVID-19"
"DE-MV","00+",2022-01-11,2021-12-16,"-26 day ahead inc hosp","quantile",0.9,260,"COVID-19"
"DE-MV","00+",2022-01-11,2021-12-16,"-26 day ahead inc hosp","quantile",0.975,263,"COVID-19"
"DE-MV","00+",2022-01-11,2021-12-15,"-27 day ahead inc hosp","mean",NA,260,"COVID-19"
"DE-MV","00+",2022-01-11,2021-12-15,"-27 day ahead inc hosp","quantile",0.025,258,"COVID-19"
"DE-MV","00+",2022-01-11,2021-12-15,"-27 day ahead inc hosp","quantile",0.1,258,"COVID-19"
"DE-MV","00+",2022-01-11,2021-12-15,"-27 day ahead inc hosp","quantile",0.25,258,"COVID-19"
"DE-MV","00+",2022-01-11,2021-12-15,"-27 day ahead inc hosp","quantile",0.5,259,"COVID-19"
"DE-MV","00+",2022-01-11,2021-12-15,"-27 day ahead inc hosp","quantile",0.75,260,"COVID-19"
"DE-MV","00+",2022-01-11,2021-12-15,"-27 day ahead inc hosp","quantile",0.9,262,"COVID-19"
"DE-MV","00+",2022-01-11,2021-12-15,"-27 day ahead inc hosp","quantile",0.975,265,"COVID-19"
"DE-MV","00+",2022-01-11,2021-12-14,"-28 day ahead inc hosp","mean",NA,263,"COVID-19"
"DE-MV","00+",2022-01-11,2021-12-14,"-28 day ahead inc hosp","quantile",0.025,262,"COVID-19"
"DE-MV","00+",2022-01-11,2021-12-14,"-28 day ahead inc hosp","quantile",0.1,262,"COVID-19"
"DE-MV","00+",2022-01-11,2021-12-14,"-28 day ahead inc hosp","quantile",0.25,262,"COVID-19"
"DE-MV","00+",2022-01-11,2021-12-14,"-28 day ahead inc hosp","quantile",0.5,263,"COVID-19"
"DE-MV","00+",2022-01-11,2021-12-14,"-28 day ahead inc hosp","quantile",0.75,264,"COVID-19"
"DE-MV","00+",2022-01-11,2021-12-14,"-28 day ahead inc hosp","quantile",0.9,266,"COVID-19"
"DE-MV","00+",2022-01-11,2021-12-14,"-28 day ahead inc hosp","quantile",0.975,268,"COVID-19"
"DE-NI","00+",2022-01-11,2022-01-11,"0 day ahead inc hosp","mean",NA,280,"COVID-19"
"DE-NI","00+",2022-01-11,2022-01-11,"0 day ahead inc hosp","quantile",0.025,199,"COVID-19"
"DE-NI","00+",2022-01-11,2022-01-11,"0 day ahead inc hosp","quantile",0.1,220,"COVID-19"
"DE-NI","00+",2022-01-11,2022-01-11,"0 day ahead inc hosp","quantile",0.25,242,"COVID-19"
"DE-NI","00+",2022-01-11,2022-01-11,"0 day ahead inc hosp","quantile",0.5,273,"COVID-19"
"DE-NI","00+",2022-01-11,2022-01-11,"0 day ahead inc hosp","quantile",0.75,310,"COVID-19"
"DE-NI","00+",2022-01-11,2022-01-11,"0 day ahead inc hosp","quantile",0.9,349,"COVID-19"
"DE-NI","00+",2022-01-11,2022-01-11,"0 day ahead inc hosp","quantile",0.975,399,"COVID-19"
"DE-NI","00+",2022-01-11,2022-01-10,"-1 day ahead inc hosp","mean",NA,270,"COVID-19"
"DE-NI","00+",2022-01-11,2022-01-10,"-1 day ahead inc hosp","quantile",0.025,215,"COVID-19"
"DE-NI","00+",2022-01-11,2022-01-10,"-1 day ahead inc hosp","quantile",0.1,230,"COVID-19"
"DE-NI","00+",2022-01-11,2022-01-10,"-1 day ahead inc hosp","quantile",0.25,246,"COVID-19"
"DE-NI","00+",2022-01-11,2022-01-10,"-1 day ahead inc hosp","quantile",0.5,266,"COVID-19"
"DE-NI","00+",2022-01-11,2022-01-10,"-1 day ahead inc hosp","quantile",0.75,291,"COVID-19"
"DE-NI","00+",2022-01-11,2022-01-10,"-1 day ahead inc hosp","quantile",0.9,316,"COVID-19"
"DE-NI","00+",2022-01-11,2022-01-10,"-1 day ahead inc hosp","quantile",0.975,348,"COVID-19"
"DE-NI","00+",2022-01-11,2022-01-09,"-2 day ahead inc hosp","mean",NA,272,"COVID-19"
"DE-NI","00+",2022-01-11,2022-01-09,"-2 day ahead inc hosp","quantile",0.025,225,"COVID-19"
"DE-NI","00+",2022-01-11,2022-01-09,"-2 day ahead inc hosp","quantile",0.1,238,"COVID-19"
"DE-NI","00+",2022-01-11,2022-01-09,"-2 day ahead inc hosp","quantile",0.25,252,"COVID-19"
"DE-NI","00+",2022-01-11,2022-01-09,"-2 day ahead inc hosp","quantile",0.5,269,"COVID-19"
"DE-NI","00+",2022-01-11,2022-01-09,"-2 day ahead inc hosp","quantile",0.75,289,"COVID-19"
"DE-NI","00+",2022-01-11,2022-01-09,"-2 day ahead inc hosp","quantile",0.9,309,"COVID-19"
"DE-NI","00+",2022-01-11,2022-01-09,"-2 day ahead inc hosp","quantile",0.975,335,"COVID-19"
"DE-NI","00+",2022-01-11,2022-01-08,"-3 day ahead inc hosp","mean",NA,251,"COVID-19"
"DE-NI","00+",2022-01-11,2022-01-08,"-3 day ahead inc hosp","quantile",0.025,215,"COVID-19"
"DE-NI","00+",2022-01-11,2022-01-08,"-3 day ahead inc hosp","quantile",0.1,225,"COVID-19"
"DE-NI","00+",2022-01-11,2022-01-08,"-3 day ahead inc hosp","quantile",0.25,236,"COVID-19"
"DE-NI","00+",2022-01-11,2022-01-08,"-3 day ahead inc hosp","quantile",0.5,249,"COVID-19"
"DE-NI","00+",2022-01-11,2022-01-08,"-3 day ahead inc hosp","quantile",0.75,264,"COVID-19"
"DE-NI","00+",2022-01-11,2022-01-08,"-3 day ahead inc hosp","quantile",0.9,278,"COVID-19"
"DE-NI","00+",2022-01-11,2022-01-08,"-3 day ahead inc hosp","quantile",0.975,297,"COVID-19"
"DE-NI","00+",2022-01-11,2022-01-07,"-4 day ahead inc hosp","mean",NA,234,"COVID-19"
"DE-NI","00+",2022-01-11,2022-01-07,"-4 day ahead inc hosp","quantile",0.025,206,"COVID-19"
"DE-NI","00+",2022-01-11,2022-01-07,"-4 day ahead inc hosp","quantile",0.1,214,"COVID-19"
"DE-NI","00+",2022-01-11,2022-01-07,"-4 day ahead inc hosp","quantile",0.25,222,"COVID-19"
"DE-NI","00+",2022-01-11,2022-01-07,"-4 day ahead inc hosp","quantile",0.5,233,"COVID-19"
"DE-NI","00+",2022-01-11,2022-01-07,"-4 day ahead inc hosp","quantile",0.75,245,"COVID-19"
"DE-NI","00+",2022-01-11,2022-01-07,"-4 day ahead inc hosp","quantile",0.9,256,"COVID-19"
"DE-NI","00+",2022-01-11,2022-01-07,"-4 day ahead inc hosp","quantile",0.975,271,"COVID-19"
"DE-NI","00+",2022-01-11,2022-01-06,"-5 day ahead inc hosp","mean",NA,245,"COVID-19"
"DE-NI","00+",2022-01-11,2022-01-06,"-5 day ahead inc hosp","quantile",0.025,220,"COVID-19"
"DE-NI","00+",2022-01-11,2022-01-06,"-5 day ahead inc hosp","quantile",0.1,227,"COVID-19"
"DE-NI","00+",2022-01-11,2022-01-06,"-5 day ahead inc hosp","quantile",0.25,234,"COVID-19"
"DE-NI","00+",2022-01-11,2022-01-06,"-5 day ahead inc hosp","quantile",0.5,244,"COVID-19"
"DE-NI","00+",2022-01-11,2022-01-06,"-5 day ahead inc hosp","quantile",0.75,254,"COVID-19"
"DE-NI","00+",2022-01-11,2022-01-06,"-5 day ahead inc hosp","quantile",0.9,264,"COVID-19"
"DE-NI","00+",2022-01-11,2022-01-06,"-5 day ahead inc hosp","quantile",0.975,277,"COVID-19"
"DE-NI","00+",2022-01-11,2022-01-05,"-6 day ahead inc hosp","mean",NA,254,"COVID-19"
"DE-NI","00+",2022-01-11,2022-01-05,"-6 day ahead inc hosp","quantile",0.025,232,"COVID-19"
"DE-NI","00+",2022-01-11,2022-01-05,"-6 day ahead inc hosp","quantile",0.1,238,"COVID-19"
"DE-NI","00+",2022-01-11,2022-01-05,"-6 day ahead inc hosp","quantile",0.25,245,"COVID-19"
"DE-NI","00+",2022-01-11,2022-01-05,"-6 day ahead inc hosp","quantile",0.5,253,"COVID-19"
"DE-NI","00+",2022-01-11,2022-01-05,"-6 day ahead inc hosp","quantile",0.75,263,"COVID-19"
"DE-NI","00+",2022-01-11,2022-01-05,"-6 day ahead inc hosp","quantile",0.9,272,"COVID-19"
"DE-NI","00+",2022-01-11,2022-01-05,"-6 day ahead inc hosp","quantile",0.975,283,"COVID-19"
"DE-NI","00+",2022-01-11,2022-01-04,"-7 day ahead inc hosp","mean",NA,248,"COVID-19"
"DE-NI","00+",2022-01-11,2022-01-04,"-7 day ahead inc hosp","quantile",0.025,230,"COVID-19"
"DE-NI","00+",2022-01-11,2022-01-04,"-7 day ahead inc hosp","quantile",0.1,235,"COVID-19"
"DE-NI","00+",2022-01-11,2022-01-04,"-7 day ahead inc hosp","quantile",0.25,241,"COVID-19"
"DE-NI","00+",2022-01-11,2022-01-04,"-7 day ahead inc hosp","quantile",0.5,247,"COVID-19"
"DE-NI","00+",2022-01-11,2022-01-04,"-7 day ahead inc hosp","quantile",0.75,255,"COVID-19"
"DE-NI","00+",2022-01-11,2022-01-04,"-7 day ahead inc hosp","quantile",0.9,263,"COVID-19"
"DE-NI","00+",2022-01-11,2022-01-04,"-7 day ahead inc hosp","quantile",0.975,272,"COVID-19"
"DE-NI","00+",2022-01-11,2022-01-03,"-8 day ahead inc hosp","mean",NA,240,"COVID-19"
"DE-NI","00+",2022-01-11,2022-01-03,"-8 day ahead inc hosp","quantile",0.025,226,"COVID-19"
"DE-NI","00+",2022-01-11,2022-01-03,"-8 day ahead inc hosp","quantile",0.1,230,"COVID-19"
"DE-NI","00+",2022-01-11,2022-01-03,"-8 day ahead inc hosp","quantile",0.25,234,"COVID-19"
"DE-NI","00+",2022-01-11,2022-01-03,"-8 day ahead inc hosp","quantile",0.5,239,"COVID-19"
"DE-NI","00+",2022-01-11,2022-01-03,"-8 day ahead inc hosp","quantile",0.75,245,"COVID-19"
"DE-NI","00+",2022-01-11,2022-01-03,"-8 day ahead inc hosp","quantile",0.9,251,"COVID-19"
"DE-NI","00+",2022-01-11,2022-01-03,"-8 day ahead inc hosp","quantile",0.975,258,"COVID-19"
"DE-NI","00+",2022-01-11,2022-01-02,"-9 day ahead inc hosp","mean",NA,239,"COVID-19"
"DE-NI","00+",2022-01-11,2022-01-02,"-9 day ahead inc hosp","quantile",0.025,226,"COVID-19"
"DE-NI","00+",2022-01-11,2022-01-02,"-9 day ahead inc hosp","quantile",0.1,230,"COVID-19"
"DE-NI","00+",2022-01-11,2022-01-02,"-9 day ahead inc hosp","quantile",0.25,234,"COVID-19"
"DE-NI","00+",2022-01-11,2022-01-02,"-9 day ahead inc hosp","quantile",0.5,239,"COVID-19"
"DE-NI","00+",2022-01-11,2022-01-02,"-9 day ahead inc hosp","quantile",0.75,244,"COVID-19"
"DE-NI","00+",2022-01-11,2022-01-02,"-9 day ahead inc hosp","quantile",0.9,250,"COVID-19"
"DE-NI","00+",2022-01-11,2022-01-02,"-9 day ahead inc hosp","quantile",0.975,257,"COVID-19"
"DE-NI","00+",2022-01-11,2022-01-01,"-10 day ahead inc hosp","mean",NA,243,"COVID-19"
"DE-NI","00+",2022-01-11,2022-01-01,"-10 day ahead inc hosp","quantile",0.025,231,"COVID-19"
"DE-NI","00+",2022-01-11,2022-01-01,"-10 day ahead inc hosp","quantile",0.1,234,"COVID-19"
"DE-NI","00+",2022-01-11,2022-01-01,"-10 day ahead inc hosp","quantile",0.25,238,"COVID-19"
"DE-NI","00+",2022-01-11,2022-01-01,"-10 day ahead inc hosp","quantile",0.5,242,"COVID-19"
"DE-NI","00+",2022-01-11,2022-01-01,"-10 day ahead inc hosp","quantile",0.75,248,"COVID-19"
"DE-NI","00+",2022-01-11,2022-01-01,"-10 day ahead inc hosp","quantile",0.9,253,"COVID-19"
"DE-NI","00+",2022-01-11,2022-01-01,"-10 day ahead inc hosp","quantile",0.975,260,"COVID-19"
"DE-NI","00+",2022-01-11,2021-12-31,"-11 day ahead inc hosp","mean",NA,237,"COVID-19"
"DE-NI","00+",2022-01-11,2021-12-31,"-11 day ahead inc hosp","quantile",0.025,226,"COVID-19"
"DE-NI","00+",2022-01-11,2021-12-31,"-11 day ahead inc hosp","quantile",0.1,229,"COVID-19"
"DE-NI","00+",2022-01-11,2021-12-31,"-11 day ahead inc hosp","quantile",0.25,233,"COVID-19"
"DE-NI","00+",2022-01-11,2021-12-31,"-11 day ahead inc hosp","quantile",0.5,237,"COVID-19"
"DE-NI","00+",2022-01-11,2021-12-31,"-11 day ahead inc hosp","quantile",0.75,241,"COVID-19"
"DE-NI","00+",2022-01-11,2021-12-31,"-11 day ahead inc hosp","quantile",0.9,246,"COVID-19"
"DE-NI","00+",2022-01-11,2021-12-31,"-11 day ahead inc hosp","quantile",0.975,251,"COVID-19"
"DE-NI","00+",2022-01-11,2021-12-30,"-12 day ahead inc hosp","mean",NA,236,"COVID-19"
"DE-NI","00+",2022-01-11,2021-12-30,"-12 day ahead inc hosp","quantile",0.025,227,"COVID-19"
"DE-NI","00+",2022-01-11,2021-12-30,"-12 day ahead inc hosp","quantile",0.1,229,"COVID-19"
"DE-NI","00+",2022-01-11,2021-12-30,"-12 day ahead inc hosp","quantile",0.25,232,"COVID-19"
"DE-NI","00+",2022-01-11,2021-12-30,"-12 day ahead inc hosp","quantile",0.5,235,"COVID-19"
"DE-NI","00+",2022-01-11,2021-12-30,"-12 day ahead inc hosp","quantile",0.75,239,"COVID-19"
"DE-NI","00+",2022-01-11,2021-12-30,"-12 day ahead inc hosp","quantile",0.9,243,"COVID-19"
"DE-NI","00+",2022-01-11,2021-12-30,"-12 day ahead inc hosp","quantile",0.975,248,"COVID-19"
"DE-NI","00+",2022-01-11,2021-12-29,"-13 day ahead inc hosp","mean",NA,233,"COVID-19"
"DE-NI","00+",2022-01-11,2021-12-29,"-13 day ahead inc hosp","quantile",0.025,225,"COVID-19"
"DE-NI","00+",2022-01-11,2021-12-29,"-13 day ahead inc hosp","quantile",0.1,227,"COVID-19"
"DE-NI","00+",2022-01-11,2021-12-29,"-13 day ahead inc hosp","quantile",0.25,230,"COVID-19"
"DE-NI","00+",2022-01-11,2021-12-29,"-13 day ahead inc hosp","quantile",0.5,233,"COVID-19"
"DE-NI","00+",2022-01-11,2021-12-29,"-13 day ahead inc hosp","quantile",0.75,236,"COVID-19"
"DE-NI","00+",2022-01-11,2021-12-29,"-13 day ahead inc hosp","quantile",0.9,239,"COVID-19"
"DE-NI","00+",2022-01-11,2021-12-29,"-13 day ahead inc hosp","quantile",0.975,243,"COVID-19"
"DE-NI","00+",2022-01-11,2021-12-28,"-14 day ahead inc hosp","mean",NA,246,"COVID-19"
"DE-NI","00+",2022-01-11,2021-12-28,"-14 day ahead inc hosp","quantile",0.025,239,"COVID-19"
"DE-NI","00+",2022-01-11,2021-12-28,"-14 day ahead inc hosp","quantile",0.1,241,"COVID-19"
"DE-NI","00+",2022-01-11,2021-12-28,"-14 day ahead inc hosp","quantile",0.25,243,"COVID-19"
"DE-NI","00+",2022-01-11,2021-12-28,"-14 day ahead inc hosp","quantile",0.5,245,"COVID-19"
"DE-NI","00+",2022-01-11,2021-12-28,"-14 day ahead inc hosp","quantile",0.75,248,"COVID-19"
"DE-NI","00+",2022-01-11,2021-12-28,"-14 day ahead inc hosp","quantile",0.9,251,"COVID-19"
"DE-NI","00+",2022-01-11,2021-12-28,"-14 day ahead inc hosp","quantile",0.975,254,"COVID-19"
"DE-NI","00+",2022-01-11,2021-12-27,"-15 day ahead inc hosp","mean",NA,245,"COVID-19"
"DE-NI","00+",2022-01-11,2021-12-27,"-15 day ahead inc hosp","quantile",0.025,239,"COVID-19"
"DE-NI","00+",2022-01-11,2021-12-27,"-15 day ahead inc hosp","quantile",0.1,241,"COVID-19"
"DE-NI","00+",2022-01-11,2021-12-27,"-15 day ahead inc hosp","quantile",0.25,242,"COVID-19"
"DE-NI","00+",2022-01-11,2021-12-27,"-15 day ahead inc hosp","quantile",0.5,245,"COVID-19"
"DE-NI","00+",2022-01-11,2021-12-27,"-15 day ahead inc hosp","quantile",0.75,247,"COVID-19"
"DE-NI","00+",2022-01-11,2021-12-27,"-15 day ahead inc hosp","quantile",0.9,250,"COVID-19"
"DE-NI","00+",2022-01-11,2021-12-27,"-15 day ahead inc hosp","quantile",0.975,253,"COVID-19"
"DE-NI","00+",2022-01-11,2021-12-26,"-16 day ahead inc hosp","mean",NA,247,"COVID-19"
"DE-NI","00+",2022-01-11,2021-12-26,"-16 day ahead inc hosp","quantile",0.025,240,"COVID-19"
"DE-NI","00+",2022-01-11,2021-12-26,"-16 day ahead inc hosp","quantile",0.1,242,"COVID-19"
"DE-NI","00+",2022-01-11,2021-12-26,"-16 day ahead inc hosp","quantile",0.25,244,"COVID-19"
"DE-NI","00+",2022-01-11,2021-12-26,"-16 day ahead inc hosp","quantile",0.5,246,"COVID-19"
"DE-NI","00+",2022-01-11,2021-12-26,"-16 day ahead inc hosp","quantile",0.75,249,"COVID-19"
"DE-NI","00+",2022-01-11,2021-12-26,"-16 day ahead inc hosp","quantile",0.9,252,"COVID-19"
"DE-NI","00+",2022-01-11,2021-12-26,"-16 day ahead inc hosp","quantile",0.975,255,"COVID-19"
"DE-NI","00+",2022-01-11,2021-12-25,"-17 day ahead inc hosp","mean",NA,265,"COVID-19"
"DE-NI","00+",2022-01-11,2021-12-25,"-17 day ahead inc hosp","quantile",0.025,259,"COVID-19"
"DE-NI","00+",2022-01-11,2021-12-25,"-17 day ahead inc hosp","quantile",0.1,260,"COVID-19"
"DE-NI","00+",2022-01-11,2021-12-25,"-17 day ahead inc hosp","quantile",0.25,262,"COVID-19"
"DE-NI","00+",2022-01-11,2021-12-25,"-17 day ahead inc hosp","quantile",0.5,264,"COVID-19"
"DE-NI","00+",2022-01-11,2021-12-25,"-17 day ahead inc hosp","quantile",0.75,267,"COVID-19"
"DE-NI","00+",2022-01-11,2021-12-25,"-17 day ahead inc hosp","quantile",0.9,270,"COVID-19"
"DE-NI","00+",2022-01-11,2021-12-25,"-17 day ahead inc hosp","quantile",0.975,273,"COVID-19"
"DE-NI","00+",2022-01-11,2021-12-24,"-18 day ahead inc hosp","mean",NA,296,"COVID-19"
"DE-NI","00+",2022-01-11,2021-12-24,"-18 day ahead inc hosp","quantile",0.025,289,"COVID-19"
"DE-NI","00+",2022-01-11,2021-12-24,"-18 day ahead inc hosp","quantile",0.1,291,"COVID-19"
"DE-NI","00+",2022-01-11,2021-12-24,"-18 day ahead inc hosp","quantile",0.25,293,"COVID-19"
"DE-NI","00+",2022-01-11,2021-12-24,"-18 day ahead inc hosp","quantile",0.5,295,"COVID-19"
"DE-NI","00+",2022-01-11,2021-12-24,"-18 day ahead inc hosp","quantile",0.75,298,"COVID-19"
"DE-NI","00+",2022-01-11,2021-12-24,"-18 day ahead inc hosp","quantile",0.9,301,"COVID-19"
"DE-NI","00+",2022-01-11,2021-12-24,"-18 day ahead inc hosp","quantile",0.975,304,"COVID-19"
"DE-NI","00+",2022-01-11,2021-12-23,"-19 day ahead inc hosp","mean",NA,301,"COVID-19"
"DE-NI","00+",2022-01-11,2021-12-23,"-19 day ahead inc hosp","quantile",0.025,295,"COVID-19"
"DE-NI","00+",2022-01-11,2021-12-23,"-19 day ahead inc hosp","quantile",0.1,297,"COVID-19"
"DE-NI","00+",2022-01-11,2021-12-23,"-19 day ahead inc hosp","quantile",0.25,299,"COVID-19"
"DE-NI","00+",2022-01-11,2021-12-23,"-19 day ahead inc hosp","quantile",0.5,301,"COVID-19"
"DE-NI","00+",2022-01-11,2021-12-23,"-19 day ahead inc hosp","quantile",0.75,303,"COVID-19"
"DE-NI","00+",2022-01-11,2021-12-23,"-19 day ahead inc hosp","quantile",0.9,306,"COVID-19"
"DE-NI","00+",2022-01-11,2021-12-23,"-19 day ahead inc hosp","quantile",0.975,309,"COVID-19"
"DE-NI","00+",2022-01-11,2021-12-22,"-20 day ahead inc hosp","mean",NA,359,"COVID-19"
"DE-NI","00+",2022-01-11,2021-12-22,"-20 day ahead inc hosp","quantile",0.025,354,"COVID-19"
"DE-NI","00+",2022-01-11,2021-12-22,"-20 day ahead inc hosp","quantile",0.1,355,"COVID-19"
"DE-NI","00+",2022-01-11,2021-12-22,"-20 day ahead inc hosp","quantile",0.25,357,"COVID-19"
"DE-NI","00+",2022-01-11,2021-12-22,"-20 day ahead inc hosp","quantile",0.5,359,"COVID-19"
"DE-NI","00+",2022-01-11,2021-12-22,"-20 day ahead inc hosp","quantile",0.75,361,"COVID-19"
"DE-NI","00+",2022-01-11,2021-12-22,"-20 day ahead inc hosp","quantile",0.9,364,"COVID-19"
"DE-NI","00+",2022-01-11,2021-12-22,"-20 day ahead inc hosp","quantile",0.975,366,"COVID-19"
"DE-NI","00+",2022-01-11,2021-12-21,"-21 day ahead inc hosp","mean",NA,380,"COVID-19"
"DE-NI","00+",2022-01-11,2021-12-21,"-21 day ahead inc hosp","quantile",0.025,375,"COVID-19"
"DE-NI","00+",2022-01-11,2021-12-21,"-21 day ahead inc hosp","quantile",0.1,376,"COVID-19"
"DE-NI","00+",2022-01-11,2021-12-21,"-21 day ahead inc hosp","quantile",0.25,378,"COVID-19"
"DE-NI","00+",2022-01-11,2021-12-21,"-21 day ahead inc hosp","quantile",0.5,380,"COVID-19"
"DE-NI","00+",2022-01-11,2021-12-21,"-21 day ahead inc hosp","quantile",0.75,382,"COVID-19"
"DE-NI","00+",2022-01-11,2021-12-21,"-21 day ahead inc hosp","quantile",0.9,384,"COVID-19"
"DE-NI","00+",2022-01-11,2021-12-21,"-21 day ahead inc hosp","quantile",0.975,386,"COVID-19"
"DE-NI","00+",2022-01-11,2021-12-20,"-22 day ahead inc hosp","mean",NA,386,"COVID-19"
"DE-NI","00+",2022-01-11,2021-12-20,"-22 day ahead inc hosp","quantile",0.025,382,"COVID-19"
"DE-NI","00+",2022-01-11,2021-12-20,"-22 day ahead inc hosp","quantile",0.1,383,"COVID-19"
"DE-NI","00+",2022-01-11,2021-12-20,"-22 day ahead inc hosp","quantile",0.25,384,"COVID-19"
"DE-NI","00+",2022-01-11,2021-12-20,"-22 day ahead inc hosp","quantile",0.5,386,"COVID-19"
"DE-NI","00+",2022-01-11,2021-12-20,"-22 day ahead inc hosp","quantile",0.75,388,"COVID-19"
"DE-NI","00+",2022-01-11,2021-12-20,"-22 day ahead inc hosp","quantile",0.9,390,"COVID-19"
"DE-NI","00+",2022-01-11,2021-12-20,"-22 day ahead inc hosp","quantile",0.975,392,"COVID-19"
"DE-NI","00+",2022-01-11,2021-12-19,"-23 day ahead inc hosp","mean",NA,388,"COVID-19"
"DE-NI","00+",2022-01-11,2021-12-19,"-23 day ahead inc hosp","quantile",0.025,383,"COVID-19"
"DE-NI","00+",2022-01-11,2021-12-19,"-23 day ahead inc hosp","quantile",0.1,385,"COVID-19"
"DE-NI","00+",2022-01-11,2021-12-19,"-23 day ahead inc hosp","quantile",0.25,386,"COVID-19"
"DE-NI","00+",2022-01-11,2021-12-19,"-23 day ahead inc hosp","quantile",0.5,388,"COVID-19"
"DE-NI","00+",2022-01-11,2021-12-19,"-23 day ahead inc hosp","quantile",0.75,390,"COVID-19"
"DE-NI","00+",2022-01-11,2021-12-19,"-23 day ahead inc hosp","quantile",0.9,392,"COVID-19"
"DE-NI","00+",2022-01-11,2021-12-19,"-23 day ahead inc hosp","quantile",0.975,394,"COVID-19"
"DE-NI","00+",2022-01-11,2021-12-18,"-24 day ahead inc hosp","mean",NA,406,"COVID-19"
"DE-NI","00+",2022-01-11,2021-12-18,"-24 day ahead inc hosp","quantile",0.025,401,"COVID-19"
"DE-NI","00+",2022-01-11,2021-12-18,"-24 day ahead inc hosp","quantile",0.1,403,"COVID-19"
"DE-NI","00+",2022-01-11,2021-12-18,"-24 day ahead inc hosp","quantile",0.25,404,"COVID-19"
"DE-NI","00+",2022-01-11,2021-12-18,"-24 day ahead inc hosp","quantile",0.5,406,"COVID-19"
"DE-NI","00+",2022-01-11,2021-12-18,"-24 day ahead inc hosp","quantile",0.75,408,"COVID-19"
"DE-NI","00+",2022-01-11,2021-12-18,"-24 day ahead inc hosp","quantile",0.9,410,"COVID-19"
"DE-NI","00+",2022-01-11,2021-12-18,"-24 day ahead inc hosp","quantile",0.975,412,"COVID-19"
"DE-NI","00+",2022-01-11,2021-12-17,"-25 day ahead inc hosp","mean",NA,431,"COVID-19"
"DE-NI","00+",2022-01-11,2021-12-17,"-25 day ahead inc hosp","quantile",0.025,426,"COVID-19"
"DE-NI","00+",2022-01-11,2021-12-17,"-25 day ahead inc hosp","quantile",0.1,428,"COVID-19"
"DE-NI","00+",2022-01-11,2021-12-17,"-25 day ahead inc hosp","quantile",0.25,429,"COVID-19"
"DE-NI","00+",2022-01-11,2021-12-17,"-25 day ahead inc hosp","quantile",0.5,431,"COVID-19"
"DE-NI","00+",2022-01-11,2021-12-17,"-25 day ahead inc hosp","quantile",0.75,433,"COVID-19"
"DE-NI","00+",2022-01-11,2021-12-17,"-25 day ahead inc hosp","quantile",0.9,434,"COVID-19"
"DE-NI","00+",2022-01-11,2021-12-17,"-25 day ahead inc hosp","quantile",0.975,436,"COVID-19"
"DE-NI","00+",2022-01-11,2021-12-16,"-26 day ahead inc hosp","mean",NA,447,"COVID-19"
"DE-NI","00+",2022-01-11,2021-12-16,"-26 day ahead inc hosp","quantile",0.025,442,"COVID-19"
"DE-NI","00+",2022-01-11,2021-12-16,"-26 day ahead inc hosp","quantile",0.1,443,"COVID-19"
"DE-NI","00+",2022-01-11,2021-12-16,"-26 day ahead inc hosp","quantile",0.25,445,"COVID-19"
"DE-NI","00+",2022-01-11,2021-12-16,"-26 day ahead inc hosp","quantile",0.5,447,"COVID-19"
"DE-NI","00+",2022-01-11,2021-12-16,"-26 day ahead inc hosp","quantile",0.75,448,"COVID-19"
"DE-NI","00+",2022-01-11,2021-12-16,"-26 day ahead inc hosp","quantile",0.9,450,"COVID-19"
"DE-NI","00+",2022-01-11,2021-12-16,"-26 day ahead inc hosp","quantile",0.975,452,"COVID-19"
"DE-NI","00+",2022-01-11,2021-12-15,"-27 day ahead inc hosp","mean",NA,421,"COVID-19"
"DE-NI","00+",2022-01-11,2021-12-15,"-27 day ahead inc hosp","quantile",0.025,417,"COVID-19"
"DE-NI","00+",2022-01-11,2021-12-15,"-27 day ahead inc hosp","quantile",0.1,418,"COVID-19"
"DE-NI","00+",2022-01-11,2021-12-15,"-27 day ahead inc hosp","quantile",0.25,419,"COVID-19"
"DE-NI","00+",2022-01-11,2021-12-15,"-27 day ahead inc hosp","quantile",0.5,421,"COVID-19"
"DE-NI","00+",2022-01-11,2021-12-15,"-27 day ahead inc hosp","quantile",0.75,422,"COVID-19"
"DE-NI","00+",2022-01-11,2021-12-15,"-27 day ahead inc hosp","quantile",0.9,424,"COVID-19"
"DE-NI","00+",2022-01-11,2021-12-15,"-27 day ahead inc hosp","quantile",0.975,426,"COVID-19"
"DE-NI","00+",2022-01-11,2021-12-14,"-28 day ahead inc hosp","mean",NA,413,"COVID-19"
"DE-NI","00+",2022-01-11,2021-12-14,"-28 day ahead inc hosp","quantile",0.025,409,"COVID-19"
"DE-NI","00+",2022-01-11,2021-12-14,"-28 day ahead inc hosp","quantile",0.1,410,"COVID-19"
"DE-NI","00+",2022-01-11,2021-12-14,"-28 day ahead inc hosp","quantile",0.25,412,"COVID-19"
"DE-NI","00+",2022-01-11,2021-12-14,"-28 day ahead inc hosp","quantile",0.5,413,"COVID-19"
"DE-NI","00+",2022-01-11,2021-12-14,"-28 day ahead inc hosp","quantile",0.75,415,"COVID-19"
"DE-NI","00+",2022-01-11,2021-12-14,"-28 day ahead inc hosp","quantile",0.9,416,"COVID-19"
"DE-NI","00+",2022-01-11,2021-12-14,"-28 day ahead inc hosp","quantile",0.975,418,"COVID-19"
"DE-NW","00+",2022-01-11,2022-01-11,"0 day ahead inc hosp","mean",NA,1011,"COVID-19"
"DE-NW","00+",2022-01-11,2022-01-11,"0 day ahead inc hosp","quantile",0.025,755,"COVID-19"
"DE-NW","00+",2022-01-11,2022-01-11,"0 day ahead inc hosp","quantile",0.1,826,"COVID-19"
"DE-NW","00+",2022-01-11,2022-01-11,"0 day ahead inc hosp","quantile",0.25,901,"COVID-19"
"DE-NW","00+",2022-01-11,2022-01-11,"0 day ahead inc hosp","quantile",0.5,996,"COVID-19"
"DE-NW","00+",2022-01-11,2022-01-11,"0 day ahead inc hosp","quantile",0.75,1105,"COVID-19"
"DE-NW","00+",2022-01-11,2022-01-11,"0 day ahead inc hosp","quantile",0.9,1215,"COVID-19"
"DE-NW","00+",2022-01-11,2022-01-11,"0 day ahead inc hosp","quantile",0.975,1354,"COVID-19"
"DE-NW","00+",2022-01-11,2022-01-10,"-1 day ahead inc hosp","mean",NA,1042,"COVID-19"
"DE-NW","00+",2022-01-11,2022-01-10,"-1 day ahead inc hosp","quantile",0.025,824,"COVID-19"
"DE-NW","00+",2022-01-11,2022-01-10,"-1 day ahead inc hosp","quantile",0.1,884,"COVID-19"
"DE-NW","00+",2022-01-11,2022-01-10,"-1 day ahead inc hosp","quantile",0.25,948,"COVID-19"
"DE-NW","00+",2022-01-11,2022-01-10,"-1 day ahead inc hosp","quantile",0.5,1029,"COVID-19"
"DE-NW","00+",2022-01-11,2022-01-10,"-1 day ahead inc hosp","quantile",0.75,1122,"COVID-19"
"DE-NW","00+",2022-01-11,2022-01-10,"-1 day ahead inc hosp","quantile",0.9,1217,"COVID-19"
"DE-NW","00+",2022-01-11,2022-01-10,"-1 day ahead inc hosp","quantile",0.975,1336,"COVID-19"
"DE-NW","00+",2022-01-11,2022-01-09,"-2 day ahead inc hosp","mean",NA,1075,"COVID-19"
"DE-NW","00+",2022-01-11,2022-01-09,"-2 day ahead inc hosp","quantile",0.025,873,"COVID-19"
"DE-NW","00+",2022-01-11,2022-01-09,"-2 day ahead inc hosp","quantile",0.1,930,"COVID-19"
"DE-NW","00+",2022-01-11,2022-01-09,"-2 day ahead inc hosp","quantile",0.25,988,"COVID-19"
"DE-NW","00+",2022-01-11,2022-01-09,"-2 day ahead inc hosp","quantile",0.5,1063,"COVID-19"
"DE-NW","00+",2022-01-11,2022-01-09,"-2 day ahead inc hosp","quantile",0.75,1148,"COVID-19"
"DE-NW","00+",2022-01-11,2022-01-09,"-2 day ahead inc hosp","quantile",0.9,1235,"COVID-19"
"DE-NW","00+",2022-01-11,2022-01-09,"-2 day ahead inc hosp","quantile",0.975,1342,"COVID-19"
"DE-NW","00+",2022-01-11,2022-01-08,"-3 day ahead inc hosp","mean",NA,1056,"COVID-19"
"DE-NW","00+",2022-01-11,2022-01-08,"-3 day ahead inc hosp","quantile",0.025,884,"COVID-19"
"DE-NW","00+",2022-01-11,2022-01-08,"-3 day ahead inc hosp","quantile",0.1,933,"COVID-19"
"DE-NW","00+",2022-01-11,2022-01-08,"-3 day ahead inc hosp","quantile",0.25,983,"COVID-19"
"DE-NW","00+",2022-01-11,2022-01-08,"-3 day ahead inc hosp","quantile",0.5,1047,"COVID-19"
"DE-NW","00+",2022-01-11,2022-01-08,"-3 day ahead inc hosp","quantile",0.75,1118,"COVID-19"
"DE-NW","00+",2022-01-11,2022-01-08,"-3 day ahead inc hosp","quantile",0.9,1190,"COVID-19"
"DE-NW","00+",2022-01-11,2022-01-08,"-3 day ahead inc hosp","quantile",0.975,1278,"COVID-19"
"DE-NW","00+",2022-01-11,2022-01-07,"-4 day ahead inc hosp","mean",NA,1026,"COVID-19"
"DE-NW","00+",2022-01-11,2022-01-07,"-4 day ahead inc hosp","quantile",0.025,884,"COVID-19"
"DE-NW","00+",2022-01-11,2022-01-07,"-4 day ahead inc hosp","quantile",0.1,925,"COVID-19"
"DE-NW","00+",2022-01-11,2022-01-07,"-4 day ahead inc hosp","quantile",0.25,967,"COVID-19"
"DE-NW","00+",2022-01-11,2022-01-07,"-4 day ahead inc hosp","quantile",0.5,1019,"COVID-19"
"DE-NW","00+",2022-01-11,2022-01-07,"-4 day ahead inc hosp","quantile",0.75,1077,"COVID-19"
"DE-NW","00+",2022-01-11,2022-01-07,"-4 day ahead inc hosp","quantile",0.9,1135,"COVID-19"
"DE-NW","00+",2022-01-11,2022-01-07,"-4 day ahead inc hosp","quantile",0.975,1206,"COVID-19"
"DE-NW","00+",2022-01-11,2022-01-06,"-5 day ahead inc hosp","mean",NA,1036,"COVID-19"
"DE-NW","00+",2022-01-11,2022-01-06,"-5 day ahead inc hosp","quantile",0.025,913,"COVID-19"
"DE-NW","00+",2022-01-11,2022-01-06,"-5 day ahead inc hosp","quantile",0.1,949,"COVID-19"
"DE-NW","00+",2022-01-11,2022-01-06,"-5 day ahead inc hosp","quantile",0.25,985,"COVID-19"
"DE-NW","00+",2022-01-11,2022-01-06,"-5 day ahead inc hosp","quantile",0.5,1030,"COVID-19"
"DE-NW","00+",2022-01-11,2022-01-06,"-5 day ahead inc hosp","quantile",0.75,1080,"COVID-19"
"DE-NW","00+",2022-01-11,2022-01-06,"-5 day ahead inc hosp","quantile",0.9,1130,"COVID-19"
"DE-NW","00+",2022-01-11,2022-01-06,"-5 day ahead inc hosp","quantile",0.975,1190,"COVID-19"
"DE-NW","00+",2022-01-11,2022-01-05,"-6 day ahead inc hosp","mean",NA,1057,"COVID-19"
"DE-NW","00+",2022-01-11,2022-01-05,"-6 day ahead inc hosp","quantile",0.025,948,"COVID-19"
"DE-NW","00+",2022-01-11,2022-01-05,"-6 day ahead inc hosp","quantile",0.1,980,"COVID-19"
"DE-NW","00+",2022-01-11,2022-01-05,"-6 day ahead inc hosp","quantile",0.25,1012,"COVID-19"
"DE-NW","00+",2022-01-11,2022-01-05,"-6 day ahead inc hosp","quantile",0.5,1052,"COVID-19"
"DE-NW","00+",2022-01-11,2022-01-05,"-6 day ahead inc hosp","quantile",0.75,1097,"COVID-19"
"DE-NW","00+",2022-01-11,2022-01-05,"-6 day ahead inc hosp","quantile",0.9,1141,"COVID-19"
"DE-NW","00+",2022-01-11,2022-01-05,"-6 day ahead inc hosp","quantile",0.975,1195,"COVID-19"
"DE-NW","00+",2022-01-11,2022-01-04,"-7 day ahead inc hosp","mean",NA,1068,"COVID-19"
"DE-NW","00+",2022-01-11,2022-01-04,"-7 day ahead inc hosp","quantile",0.025,970,"COVID-19"
"DE-NW","00+",2022-01-11,2022-01-04,"-7 day ahead inc hosp","quantile",0.1,999,"COVID-19"
"DE-NW","00+",2022-01-11,2022-01-04,"-7 day ahead inc hosp","quantile",0.25,1027,"COVID-19"
"DE-NW","00+",2022-01-11,2022-01-04,"-7 day ahead inc hosp","quantile",0.5,1063,"COVID-19"
"DE-NW","00+",2022-01-11,2022-01-04,"-7 day ahead inc hosp","quantile",0.75,1103,"COVID-19"
"DE-NW","00+",2022-01-11,2022-01-04,"-7 day ahead inc hosp","quantile",0.9,1143,"COVID-19"
"DE-NW","00+",2022-01-11,2022-01-04,"-7 day ahead inc hosp","quantile",0.975,1193,"COVID-19"
"DE-NW","00+",2022-01-11,2022-01-03,"-8 day ahead inc hosp","mean",NA,1044,"COVID-19"
"DE-NW","00+",2022-01-11,2022-01-03,"-8 day ahead inc hosp","quantile",0.025,961,"COVID-19"
"DE-NW","00+",2022-01-11,2022-01-03,"-8 day ahead inc hosp","quantile",0.1,985,"COVID-19"
"DE-NW","00+",2022-01-11,2022-01-03,"-8 day ahead inc hosp","quantile",0.25,1009,"COVID-19"
"DE-NW","00+",2022-01-11,2022-01-03,"-8 day ahead inc hosp","quantile",0.5,1040,"COVID-19"
"DE-NW","00+",2022-01-11,2022-01-03,"-8 day ahead inc hosp","quantile",0.75,1075,"COVID-19"
"DE-NW","00+",2022-01-11,2022-01-03,"-8 day ahead inc hosp","quantile",0.9,1109,"COVID-19"
"DE-NW","00+",2022-01-11,2022-01-03,"-8 day ahead inc hosp","quantile",0.975,1152,"COVID-19"
"DE-NW","00+",2022-01-11,2022-01-02,"-9 day ahead inc hosp","mean",NA,1042,"COVID-19"
"DE-NW","00+",2022-01-11,2022-01-02,"-9 day ahead inc hosp","quantile",0.025,960,"COVID-19"
"DE-NW","00+",2022-01-11,2022-01-02,"-9 day ahead inc hosp","quantile",0.1,983,"COVID-19"
"DE-NW","00+",2022-01-11,2022-01-02,"-9 day ahead inc hosp","quantile",0.25,1007,"COVID-19"
"DE-NW","00+",2022-01-11,2022-01-02,"-9 day ahead inc hosp","quantile",0.5,1037,"COVID-19"
"DE-NW","00+",2022-01-11,2022-01-02,"-9 day ahead inc hosp","quantile",0.75,1072,"COVID-19"
"DE-NW","00+",2022-01-11,2022-01-02,"-9 day ahead inc hosp","quantile",0.9,1106,"COVID-19"
"DE-NW","00+",2022-01-11,2022-01-02,"-9 day ahead inc hosp","quantile",0.975,1149,"COVID-19"
"DE-NW","00+",2022-01-11,2022-01-01,"-10 day ahead inc hosp","mean",NA,1038,"COVID-19"
"DE-NW","00+",2022-01-11,2022-01-01,"-10 day ahead inc hosp","quantile",0.025,955,"COVID-19"
"DE-NW","00+",2022-01-11,2022-01-01,"-10 day ahead inc hosp","quantile",0.1,978,"COVID-19"
"DE-NW","00+",2022-01-11,2022-01-01,"-10 day ahead inc hosp","quantile",0.25,1003,"COVID-19"
"DE-NW","00+",2022-01-11,2022-01-01,"-10 day ahead inc hosp","quantile",0.5,1033,"COVID-19"
"DE-NW","00+",2022-01-11,2022-01-01,"-10 day ahead inc hosp","quantile",0.75,1069,"COVID-19"
"DE-NW","00+",2022-01-11,2022-01-01,"-10 day ahead inc hosp","quantile",0.9,1105,"COVID-19"
"DE-NW","00+",2022-01-11,2022-01-01,"-10 day ahead inc hosp","quantile",0.975,1150,"COVID-19"
"DE-NW","00+",2022-01-11,2021-12-31,"-11 day ahead inc hosp","mean",NA,1032,"COVID-19"
"DE-NW","00+",2022-01-11,2021-12-31,"-11 day ahead inc hosp","quantile",0.025,950,"COVID-19"
"DE-NW","00+",2022-01-11,2021-12-31,"-11 day ahead inc hosp","quantile",0.1,972,"COVID-19"
"DE-NW","00+",2022-01-11,2021-12-31,"-11 day ahead inc hosp","quantile",0.25,996,"COVID-19"
"DE-NW","00+",2022-01-11,2021-12-31,"-11 day ahead inc hosp","quantile",0.5,1027,"COVID-19"
"DE-NW","00+",2022-01-11,2021-12-31,"-11 day ahead inc hosp","quantile",0.75,1062,"COVID-19"
"DE-NW","00+",2022-01-11,2021-12-31,"-11 day ahead inc hosp","quantile",0.9,1099,"COVID-19"
"DE-NW","00+",2022-01-11,2021-12-31,"-11 day ahead inc hosp","quantile",0.975,1145,"COVID-19"
"DE-NW","00+",2022-01-11,2021-12-30,"-12 day ahead inc hosp","mean",NA,1025,"COVID-19"
"DE-NW","00+",2022-01-11,2021-12-30,"-12 day ahead inc hosp","quantile",0.025,950,"COVID-19"
"DE-NW","00+",2022-01-11,2021-12-30,"-12 day ahead inc hosp","quantile",0.1,970,"COVID-19"
"DE-NW","00+",2022-01-11,2021-12-30,"-12 day ahead inc hosp","quantile",0.25,992,"COVID-19"
"DE-NW","00+",2022-01-11,2021-12-30,"-12 day ahead inc hosp","quantile",0.5,1020,"COVID-19"
"DE-NW","00+",2022-01-11,2021-12-30,"-12 day ahead inc hosp","quantile",0.75,1053,"COVID-19"
"DE-NW","00+",2022-01-11,2021-12-30,"-12 day ahead inc hosp","quantile",0.9,1087,"COVID-19"
"DE-NW","00+",2022-01-11,2021-12-30,"-12 day ahead inc hosp","quantile",0.975,1131,"COVID-19"
"DE-NW","00+",2022-01-11,2021-12-29,"-13 day ahead inc hosp","mean",NA,1011,"COVID-19"
"DE-NW","00+",2022-01-11,2021-12-29,"-13 day ahead inc hosp","quantile",0.025,942,"COVID-19"
"DE-NW","00+",2022-01-11,2021-12-29,"-13 day ahead inc hosp","quantile",0.1,960,"COVID-19"
"DE-NW","00+",2022-01-11,2021-12-29,"-13 day ahead inc hosp","quantile",0.25,980,"COVID-19"
"DE-NW","00+",2022-01-11,2021-12-29,"-13 day ahead inc hosp","quantile",0.5,1006,"COVID-19"
"DE-NW","00+",2022-01-11,2021-12-29,"-13 day ahead inc hosp","quantile",0.75,1037,"COVID-19"
"DE-NW","00+",2022-01-11,2021-12-29,"-13 day ahead inc hosp","quantile",0.9,1069,"COVID-19"
"DE-NW","00+",2022-01-11,2021-12-29,"-13 day ahead inc hosp","quantile",0.975,1110,"COVID-19"
"DE-NW","00+",2022-01-11,2021-12-28,"-14 day ahead inc hosp","mean",NA,985,"COVID-19"
"DE-NW","00+",2022-01-11,2021-12-28,"-14 day ahead inc hosp","quantile",0.025,925,"COVID-19"
"DE-NW","00+",2022-01-11,2021-12-28,"-14 day ahead inc hosp","quantile",0.1,940,"COVID-19"
"DE-NW","00+",2022-01-11,2021-12-28,"-14 day ahead inc hosp","quantile",0.25,957,"COVID-19"
"DE-NW","00+",2022-01-11,2021-12-28,"-14 day ahead inc hosp","quantile",0.5,980,"COVID-19"
"DE-NW","00+",2022-01-11,2021-12-28,"-14 day ahead inc hosp","quantile",0.75,1008,"COVID-19"
"DE-NW","00+",2022-01-11,2021-12-28,"-14 day ahead inc hosp","quantile",0.9,1037,"COVID-19"
"DE-NW","00+",2022-01-11,2021-12-28,"-14 day ahead inc hosp","quantile",0.975,1074,"COVID-19"
"DE-NW","00+",2022-01-11,2021-12-27,"-15 day ahead inc hosp","mean",NA,970,"COVID-19"
"DE-NW","00+",2022-01-11,2021-12-27,"-15 day ahead inc hosp","quantile",0.025,915,"COVID-19"
"DE-NW","00+",2022-01-11,2021-12-27,"-15 day ahead inc hosp","quantile",0.1,928,"COVID-19"
"DE-NW","00+",2022-01-11,2021-12-27,"-15 day ahead inc hosp","quantile",0.25,944,"COVID-19"
"DE-NW","00+",2022-01-11,2021-12-27,"-15 day ahead inc hosp","quantile",0.5,965,"COVID-19"
"DE-NW","00+",2022-01-11,2021-12-27,"-15 day ahead inc hosp","quantile",0.75,991,"COVID-19"
"DE-NW","00+",2022-01-11,2021-12-27,"-15 day ahead inc hosp","quantile",0.9,1018,"COVID-19"
"DE-NW","00+",2022-01-11,2021-12-27,"-15 day ahead inc hosp","quantile",0.975,1054,"COVID-19"
"DE-NW","00+",2022-01-11,2021-12-26,"-16 day ahead inc hosp","mean",NA,984,"COVID-19"
"DE-NW","00+",2022-01-11,2021-12-26,"-16 day ahead inc hosp","quantile",0.025,930,"COVID-19"
"DE-NW","00+",2022-01-11,2021-12-26,"-16 day ahead inc hosp","quantile",0.1,944,"COVID-19"
"DE-NW","00+",2022-01-11,2021-12-26,"-16 day ahead inc hosp","quantile",0.25,959,"COVID-19"
"DE-NW","00+",2022-01-11,2021-12-26,"-16 day ahead inc hosp","quantile",0.5,979,"COVID-19"
"DE-NW","00+",2022-01-11,2021-12-26,"-16 day ahead inc hosp","quantile",0.75,1004,"COVID-19"
"DE-NW","00+",2022-01-11,2021-12-26,"-16 day ahead inc hosp","quantile",0.9,1031,"COVID-19"
"DE-NW","00+",2022-01-11,2021-12-26,"-16 day ahead inc hosp","quantile",0.975,1066,"COVID-19"
"DE-NW","00+",2022-01-11,2021-12-25,"-17 day ahead inc hosp","mean",NA,1046,"COVID-19"
"DE-NW","00+",2022-01-11,2021-12-25,"-17 day ahead inc hosp","quantile",0.025,991,"COVID-19"
"DE-NW","00+",2022-01-11,2021-12-25,"-17 day ahead inc hosp","quantile",0.1,1005,"COVID-19"
"DE-NW","00+",2022-01-11,2021-12-25,"-17 day ahead inc hosp","quantile",0.25,1020,"COVID-19"
"DE-NW","00+",2022-01-11,2021-12-25,"-17 day ahead inc hosp","quantile",0.5,1041,"COVID-19"
"DE-NW","00+",2022-01-11,2021-12-25,"-17 day ahead inc hosp","quantile",0.75,1067,"COVID-19"
"DE-NW","00+",2022-01-11,2021-12-25,"-17 day ahead inc hosp","quantile",0.9,1094,"COVID-19"
"DE-NW","00+",2022-01-11,2021-12-25,"-17 day ahead inc hosp","quantile",0.975,1130,"COVID-19"
"DE-NW","00+",2022-01-11,2021-12-24,"-18 day ahead inc hosp","mean",NA,1136,"COVID-19"
"DE-NW","00+",2022-01-11,2021-12-24,"-18 day ahead inc hosp","quantile",0.025,1081,"COVID-19"
"DE-NW","00+",2022-01-11,2021-12-24,"-18 day ahead inc hosp","quantile",0.1,1095,"COVID-19"
"DE-NW","00+",2022-01-11,2021-12-24,"-18 day ahead inc hosp","quantile",0.25,1110,"COVID-19"
"DE-NW","00+",2022-01-11,2021-12-24,"-18 day ahead inc hosp","quantile",0.5,1131,"COVID-19"
"DE-NW","00+",2022-01-11,2021-12-24,"-18 day ahead inc hosp","quantile",0.75,1157,"COVID-19"
"DE-NW","00+",2022-01-11,2021-12-24,"-18 day ahead inc hosp","quantile",0.9,1184,"COVID-19"
"DE-NW","00+",2022-01-11,2021-12-24,"-18 day ahead inc hosp","quantile",0.975,1220,"COVID-19"
"DE-NW","00+",2022-01-11,2021-12-23,"-19 day ahead inc hosp","mean",NA,1159,"COVID-19"
"DE-NW","00+",2022-01-11,2021-12-23,"-19 day ahead inc hosp","quantile",0.025,1109,"COVID-19"
"DE-NW","00+",2022-01-11,2021-12-23,"-19 day ahead inc hosp","quantile",0.1,1121,"COVID-19"
"DE-NW","00+",2022-01-11,2021-12-23,"-19 day ahead inc hosp","quantile",0.25,1135,"COVID-19"
"DE-NW","00+",2022-01-11,2021-12-23,"-19 day ahead inc hosp","quantile",0.5,1155,"COVID-19"
"DE-NW","00+",2022-01-11,2021-12-23,"-19 day ahead inc hosp","quantile",0.75,1178,"COVID-19"
"DE-NW","00+",2022-01-11,2021-12-23,"-19 day ahead inc hosp","quantile",0.9,1204,"COVID-19"
"DE-NW","00+",2022-01-11,2021-12-23,"-19 day ahead inc hosp","quantile",0.975,1236,"COVID-19"
"DE-NW","00+",2022-01-11,2021-12-22,"-20 day ahead inc hosp","mean",NA,1164,"COVID-19"
"DE-NW","00+",2022-01-11,2021-12-22,"-20 day ahead inc hosp","quantile",0.025,1118,"COVID-19"
"DE-NW","00+",2022-01-11,2021-12-22,"-20 day ahead inc hosp","quantile",0.1,1129,"COVID-19"
"DE-NW","00+",2022-01-11,2021-12-22,"-20 day ahead inc hosp","quantile",0.25,1142,"COVID-19"
"DE-NW","00+",2022-01-11,2021-12-22,"-20 day ahead inc hosp","quantile",0.5,1160,"COVID-19"
"DE-NW","00+",2022-01-11,2021-12-22,"-20 day ahead inc hosp","quantile",0.75,1181,"COVID-19"
"DE-NW","00+",2022-01-11,2021-12-22,"-20 day ahead inc hosp","quantile",0.9,1204,"COVID-19"
"DE-NW","00+",2022-01-11,2021-12-22,"-20 day ahead inc hosp","quantile",0.975,1234,"COVID-19"
"DE-NW","00+",2022-01-11,2021-12-21,"-21 day ahead inc hosp","mean",NA,1211,"COVID-19"
"DE-NW","00+",2022-01-11,2021-12-21,"-21 day ahead inc hosp","quantile",0.025,1168,"COVID-19"
"DE-NW","00+",2022-01-11,2021-12-21,"-21 day ahead inc hosp","quantile",0.1,1179,"COVID-19"
"DE-NW","00+",2022-01-11,2021-12-21,"-21 day ahead inc hosp","quantile",0.25,1191,"COVID-19"
"DE-NW","00+",2022-01-11,2021-12-21,"-21 day ahead inc hosp","quantile",0.5,1207,"COVID-19"
"DE-NW","00+",2022-01-11,2021-12-21,"-21 day ahead inc hosp","quantile",0.75,1227,"COVID-19"
"DE-NW","00+",2022-01-11,2021-12-21,"-21 day ahead inc hosp","quantile",0.9,1248,"COVID-19"
"DE-NW","00+",2022-01-11,2021-12-21,"-21 day ahead inc hosp","quantile",0.975,1275,"COVID-19"
"DE-NW","00+",2022-01-11,2021-12-20,"-22 day ahead inc hosp","mean",NA,1231,"COVID-19"
"DE-NW","00+",2022-01-11,2021-12-20,"-22 day ahead inc hosp","quantile",0.025,1191,"COVID-19"
"DE-NW","00+",2022-01-11,2021-12-20,"-22 day ahead inc hosp","quantile",0.1,1201,"COVID-19"
"DE-NW","00+",2022-01-11,2021-12-20,"-22 day ahead inc hosp","quantile",0.25,1212,"COVID-19"
"DE-NW","00+",2022-01-11,2021-12-20,"-22 day ahead inc hosp","quantile",0.5,1227,"COVID-19"
"DE-NW","00+",2022-01-11,2021-12-20,"-22 day ahead inc hosp","quantile",0.75,1246,"COVID-19"
"DE-NW","00+",2022-01-11,2021-12-20,"-22 day ahead inc hosp","quantile",0.9,1266,"COVID-19"
"DE-NW","00+",2022-01-11,2021-12-20,"-22 day ahead inc hosp","quantile",0.975,1292,"COVID-19"
"DE-NW","00+",2022-01-11,2021-12-19,"-23 day ahead inc hosp","mean",NA,1211,"COVID-19"
"DE-NW","00+",2022-01-11,2021-12-19,"-23 day ahead inc hosp","quantile",0.025,1173,"COVID-19"
"DE-NW","00+",2022-01-11,2021-12-19,"-23 day ahead inc hosp","quantile",0.1,1183,"COVID-19"
"DE-NW","00+",2022-01-11,2021-12-19,"-23 day ahead inc hosp","quantile",0.25,1193,"COVID-19"
"DE-NW","00+",2022-01-11,2021-12-19,"-23 day ahead inc hosp","quantile",0.5,1208,"COVID-19"
"DE-NW","00+",2022-01-11,2021-12-19,"-23 day ahead inc hosp","quantile",0.75,1226,"COVID-19"
"DE-NW","00+",2022-01-11,2021-12-19,"-23 day ahead inc hosp","quantile",0.9,1245,"COVID-19"
"DE-NW","00+",2022-01-11,2021-12-19,"-23 day ahead inc hosp","quantile",0.975,1270,"COVID-19"
"DE-NW","00+",2022-01-11,2021-12-18,"-24 day ahead inc hosp","mean",NA,1263,"COVID-19"
"DE-NW","00+",2022-01-11,2021-12-18,"-24 day ahead inc hosp","quantile",0.025,1225,"COVID-19"
"DE-NW","00+",2022-01-11,2021-12-18,"-24 day ahead inc hosp","quantile",0.1,1234,"COVID-19"
"DE-NW","00+",2022-01-11,2021-12-18,"-24 day ahead inc hosp","quantile",0.25,1245,"COVID-19"
"DE-NW","00+",2022-01-11,2021-12-18,"-24 day ahead inc hosp","quantile",0.5,1259,"COVID-19"
"DE-NW","00+",2022-01-11,2021-12-18,"-24 day ahead inc hosp","quantile",0.75,1277,"COVID-19"
"DE-NW","00+",2022-01-11,2021-12-18,"-24 day ahead inc hosp","quantile",0.9,1296,"COVID-19"
"DE-NW","00+",2022-01-11,2021-12-18,"-24 day ahead inc hosp","quantile",0.975,1321,"COVID-19"
"DE-NW","00+",2022-01-11,2021-12-17,"-25 day ahead inc hosp","mean",NA,1309,"COVID-19"
"DE-NW","00+",2022-01-11,2021-12-17,"-25 day ahead inc hosp","quantile",0.025,1273,"COVID-19"
"DE-NW","00+",2022-01-11,2021-12-17,"-25 day ahead inc hosp","quantile",0.1,1282,"COVID-19"
"DE-NW","00+",2022-01-11,2021-12-17,"-25 day ahead inc hosp","quantile",0.25,1291,"COVID-19"
"DE-NW","00+",2022-01-11,2021-12-17,"-25 day ahead inc hosp","quantile",0.5,1305,"COVID-19"
"DE-NW","00+",2022-01-11,2021-12-17,"-25 day ahead inc hosp","quantile",0.75,1322,"COVID-19"
"DE-NW","00+",2022-01-11,2021-12-17,"-25 day ahead inc hosp","quantile",0.9,1340,"COVID-19"
"DE-NW","00+",2022-01-11,2021-12-17,"-25 day ahead inc hosp","quantile",0.975,1363,"COVID-19"
"DE-NW","00+",2022-01-11,2021-12-16,"-26 day ahead inc hosp","mean",NA,1390,"COVID-19"
"DE-NW","00+",2022-01-11,2021-12-16,"-26 day ahead inc hosp","quantile",0.025,1356,"COVID-19"
"DE-NW","00+",2022-01-11,2021-12-16,"-26 day ahead inc hosp","quantile",0.1,1364,"COVID-19"
"DE-NW","00+",2022-01-11,2021-12-16,"-26 day ahead inc hosp","quantile",0.25,1374,"COVID-19"
"DE-NW","00+",2022-01-11,2021-12-16,"-26 day ahead inc hosp","quantile",0.5,1387,"COVID-19"
"DE-NW","00+",2022-01-11,2021-12-16,"-26 day ahead inc hosp","quantile",0.75,1403,"COVID-19"
"DE-NW","00+",2022-01-11,2021-12-16,"-26 day ahead inc hosp","quantile",0.9,1420,"COVID-19"
"DE-NW","00+",2022-01-11,2021-12-16,"-26 day ahead inc hosp","quantile",0.975,1443,"COVID-19"
"DE-NW","00+",2022-01-11,2021-12-15,"-27 day ahead inc hosp","mean",NA,1492,"COVID-19"
"DE-NW","00+",2022-01-11,2021-12-15,"-27 day ahead inc hosp","quantile",0.025,1458,"COVID-19"
"DE-NW","00+",2022-01-11,2021-12-15,"-27 day ahead inc hosp","quantile",0.1,1466,"COVID-19"
"DE-NW","00+",2022-01-11,2021-12-15,"-27 day ahead inc hosp","quantile",0.25,1475,"COVID-19"
"DE-NW","00+",2022-01-11,2021-12-15,"-27 day ahead inc hosp","quantile",0.5,1488,"COVID-19"
"DE-NW","00+",2022-01-11,2021-12-15,"-27 day ahead inc hosp","quantile",0.75,1504,"COVID-19"
"DE-NW","00+",2022-01-11,2021-12-15,"-27 day ahead inc hosp","quantile",0.9,1522,"COVID-19"
"DE-NW","00+",2022-01-11,2021-12-15,"-27 day ahead inc hosp","quantile",0.975,1544,"COVID-19"
"DE-NW","00+",2022-01-11,2021-12-14,"-28 day ahead inc hosp","mean",NA,1525,"COVID-19"
"DE-NW","00+",2022-01-11,2021-12-14,"-28 day ahead inc hosp","quantile",0.025,1493,"COVID-19"
"DE-NW","00+",2022-01-11,2021-12-14,"-28 day ahead inc hosp","quantile",0.1,1501,"COVID-19"
"DE-NW","00+",2022-01-11,2021-12-14,"-28 day ahead inc hosp","quantile",0.25,1509,"COVID-19"
"DE-NW","00+",2022-01-11,2021-12-14,"-28 day ahead inc hosp","quantile",0.5,1521,"COVID-19"
"DE-NW","00+",2022-01-11,2021-12-14,"-28 day ahead inc hosp","quantile",0.75,1537,"COVID-19"
"DE-NW","00+",2022-01-11,2021-12-14,"-28 day ahead inc hosp","quantile",0.9,1553,"COVID-19"
"DE-NW","00+",2022-01-11,2021-12-14,"-28 day ahead inc hosp","quantile",0.975,1575,"COVID-19"
"DE-RP","00+",2022-01-11,2022-01-11,"0 day ahead inc hosp","mean",NA,252,"COVID-19"
"DE-RP","00+",2022-01-11,2022-01-11,"0 day ahead inc hosp","quantile",0.025,170,"COVID-19"
"DE-RP","00+",2022-01-11,2022-01-11,"0 day ahead inc hosp","quantile",0.1,192,"COVID-19"
"DE-RP","00+",2022-01-11,2022-01-11,"0 day ahead inc hosp","quantile",0.25,216,"COVID-19"
"DE-RP","00+",2022-01-11,2022-01-11,"0 day ahead inc hosp","quantile",0.5,247,"COVID-19"
"DE-RP","00+",2022-01-11,2022-01-11,"0 day ahead inc hosp","quantile",0.75,282,"COVID-19"
"DE-RP","00+",2022-01-11,2022-01-11,"0 day ahead inc hosp","quantile",0.9,319,"COVID-19"
"DE-RP","00+",2022-01-11,2022-01-11,"0 day ahead inc hosp","quantile",0.975,366,"COVID-19"
"DE-RP","00+",2022-01-11,2022-01-10,"-1 day ahead inc hosp","mean",NA,247,"COVID-19"
"DE-RP","00+",2022-01-11,2022-01-10,"-1 day ahead inc hosp","quantile",0.025,182,"COVID-19"
"DE-RP","00+",2022-01-11,2022-01-10,"-1 day ahead inc hosp","quantile",0.1,199,"COVID-19"
"DE-RP","00+",2022-01-11,2022-01-10,"-1 day ahead inc hosp","quantile",0.25,218,"COVID-19"
"DE-RP","00+",2022-01-11,2022-01-10,"-1 day ahead inc hosp","quantile",0.5,242,"COVID-19"
"DE-RP","00+",2022-01-11,2022-01-10,"-1 day ahead inc hosp","quantile",0.75,271,"COVID-19"
"DE-RP","00+",2022-01-11,2022-01-10,"-1 day ahead inc hosp","quantile",0.9,300,"COVID-19"
"DE-RP","00+",2022-01-11,2022-01-10,"-1 day ahead inc hosp","quantile",0.975,336,"COVID-19"
"DE-RP","00+",2022-01-11,2022-01-09,"-2 day ahead inc hosp","mean",NA,255,"COVID-19"
"DE-RP","00+",2022-01-11,2022-01-09,"-2 day ahead inc hosp","quantile",0.025,189,"COVID-19"
"DE-RP","00+",2022-01-11,2022-01-09,"-2 day ahead inc hosp","quantile",0.1,207,"COVID-19"
"DE-RP","00+",2022-01-11,2022-01-09,"-2 day ahead inc hosp","quantile",0.25,226,"COVID-19"
"DE-RP","00+",2022-01-11,2022-01-09,"-2 day ahead inc hosp","quantile",0.5,251,"COVID-19"
"DE-RP","00+",2022-01-11,2022-01-09,"-2 day ahead inc hosp","quantile",0.75,280,"COVID-19"
"DE-RP","00+",2022-01-11,2022-01-09,"-2 day ahead inc hosp","quantile",0.9,309,"COVID-19"
"DE-RP","00+",2022-01-11,2022-01-09,"-2 day ahead inc hosp","quantile",0.975,347,"COVID-19"
"DE-RP","00+",2022-01-11,2022-01-08,"-3 day ahead inc hosp","mean",NA,243,"COVID-19"
"DE-RP","00+",2022-01-11,2022-01-08,"-3 day ahead inc hosp","quantile",0.025,183,"COVID-19"
"DE-RP","00+",2022-01-11,2022-01-08,"-3 day ahead inc hosp","quantile",0.1,199,"COVID-19"
"DE-RP","00+",2022-01-11,2022-01-08,"-3 day ahead inc hosp","quantile",0.25,217,"COVID-19"
"DE-RP","00+",2022-01-11,2022-01-08,"-3 day ahead inc hosp","quantile",0.5,239,"COVID-19"
"DE-RP","00+",2022-01-11,2022-01-08,"-3 day ahead inc hosp","quantile",0.75,265,"COVID-19"
"DE-RP","00+",2022-01-11,2022-01-08,"-3 day ahead inc hosp","quantile",0.9,292,"COVID-19"
"DE-RP","00+",2022-01-11,2022-01-08,"-3 day ahead inc hosp","quantile",0.975,325,"COVID-19"
"DE-RP","00+",2022-01-11,2022-01-07,"-4 day ahead inc hosp","mean",NA,212,"COVID-19"
"DE-RP","00+",2022-01-11,2022-01-07,"-4 day ahead inc hosp","quantile",0.025,167,"COVID-19"
"DE-RP","00+",2022-01-11,2022-01-07,"-4 day ahead inc hosp","quantile",0.1,179,"COVID-19"
"DE-RP","00+",2022-01-11,2022-01-07,"-4 day ahead inc hosp","quantile",0.25,193,"COVID-19"
"DE-RP","00+",2022-01-11,2022-01-07,"-4 day ahead inc hosp","quantile",0.5,210,"COVID-19"
"DE-RP","00+",2022-01-11,2022-01-07,"-4 day ahead inc hosp","quantile",0.75,229,"COVID-19"
"DE-RP","00+",2022-01-11,2022-01-07,"-4 day ahead inc hosp","quantile",0.9,249,"COVID-19"
"DE-RP","00+",2022-01-11,2022-01-07,"-4 day ahead inc hosp","quantile",0.975,274,"COVID-19"
"DE-RP","00+",2022-01-11,2022-01-06,"-5 day ahead inc hosp","mean",NA,229,"COVID-19"
"DE-RP","00+",2022-01-11,2022-01-06,"-5 day ahead inc hosp","quantile",0.025,188,"COVID-19"
"DE-RP","00+",2022-01-11,2022-01-06,"-5 day ahead inc hosp","quantile",0.1,199,"COVID-19"
"DE-RP","00+",2022-01-11,2022-01-06,"-5 day ahead inc hosp","quantile",0.25,211,"COVID-19"
"DE-RP","00+",2022-01-11,2022-01-06,"-5 day ahead inc hosp","quantile",0.5,227,"COVID-19"
"DE-RP","00+",2022-01-11,2022-01-06,"-5 day ahead inc hosp","quantile",0.75,244,"COVID-19"
"DE-RP","00+",2022-01-11,2022-01-06,"-5 day ahead inc hosp","quantile",0.9,262,"COVID-19"
"DE-RP","00+",2022-01-11,2022-01-06,"-5 day ahead inc hosp","quantile",0.975,284,"COVID-19"
"DE-RP","00+",2022-01-11,2022-01-05,"-6 day ahead inc hosp","mean",NA,237,"COVID-19"
"DE-RP","00+",2022-01-11,2022-01-05,"-6 day ahead inc hosp","quantile",0.025,199,"COVID-19"
"DE-RP","00+",2022-01-11,2022-01-05,"-6 day ahead inc hosp","quantile",0.1,210,"COVID-19"
"DE-RP","00+",2022-01-11,2022-01-05,"-6 day ahead inc hosp","quantile",0.25,221,"COVID-19"
"DE-RP","00+",2022-01-11,2022-01-05,"-6 day ahead inc hosp","quantile",0.5,235,"COVID-19"
"DE-RP","00+",2022-01-11,2022-01-05,"-6 day ahead inc hosp","quantile",0.75,251,"COVID-19"
"DE-RP","00+",2022-01-11,2022-01-05,"-6 day ahead inc hosp","quantile",0.9,267,"COVID-19"
"DE-RP","00+",2022-01-11,2022-01-05,"-6 day ahead inc hosp","quantile",0.975,286,"COVID-19"
"DE-RP","00+",2022-01-11,2022-01-04,"-7 day ahead inc hosp","mean",NA,253,"COVID-19"
"DE-RP","00+",2022-01-11,2022-01-04,"-7 day ahead inc hosp","quantile",0.025,218,"COVID-19"
"DE-RP","00+",2022-01-11,2022-01-04,"-7 day ahead inc hosp","quantile",0.1,228,"COVID-19"
"DE-RP","00+",2022-01-11,2022-01-04,"-7 day ahead inc hosp","quantile",0.25,238,"COVID-19"
"DE-RP","00+",2022-01-11,2022-01-04,"-7 day ahead inc hosp","quantile",0.5,251,"COVID-19"
"DE-RP","00+",2022-01-11,2022-01-04,"-7 day ahead inc hosp","quantile",0.75,266,"COVID-19"
"DE-RP","00+",2022-01-11,2022-01-04,"-7 day ahead inc hosp","quantile",0.9,281,"COVID-19"
"DE-RP","00+",2022-01-11,2022-01-04,"-7 day ahead inc hosp","quantile",0.975,300,"COVID-19"
"DE-RP","00+",2022-01-11,2022-01-03,"-8 day ahead inc hosp","mean",NA,252,"COVID-19"
"DE-RP","00+",2022-01-11,2022-01-03,"-8 day ahead inc hosp","quantile",0.025,221,"COVID-19"
"DE-RP","00+",2022-01-11,2022-01-03,"-8 day ahead inc hosp","quantile",0.1,230,"COVID-19"
"DE-RP","00+",2022-01-11,2022-01-03,"-8 day ahead inc hosp","quantile",0.25,239,"COVID-19"
"DE-RP","00+",2022-01-11,2022-01-03,"-8 day ahead inc hosp","quantile",0.5,250,"COVID-19"
"DE-RP","00+",2022-01-11,2022-01-03,"-8 day ahead inc hosp","quantile",0.75,263,"COVID-19"
"DE-RP","00+",2022-01-11,2022-01-03,"-8 day ahead inc hosp","quantile",0.9,275,"COVID-19"
"DE-RP","00+",2022-01-11,2022-01-03,"-8 day ahead inc hosp","quantile",0.975,291,"COVID-19"
"DE-RP","00+",2022-01-11,2022-01-02,"-9 day ahead inc hosp","mean",NA,244,"COVID-19"
"DE-RP","00+",2022-01-11,2022-01-02,"-9 day ahead inc hosp","quantile",0.025,215,"COVID-19"
"DE-RP","00+",2022-01-11,2022-01-02,"-9 day ahead inc hosp","quantile",0.1,223,"COVID-19"
"DE-RP","00+",2022-01-11,2022-01-02,"-9 day ahead inc hosp","quantile",0.25,232,"COVID-19"
"DE-RP","00+",2022-01-11,2022-01-02,"-9 day ahead inc hosp","quantile",0.5,242,"COVID-19"
"DE-RP","00+",2022-01-11,2022-01-02,"-9 day ahead inc hosp","quantile",0.75,255,"COVID-19"
"DE-RP","00+",2022-01-11,2022-01-02,"-9 day ahead inc hosp","quantile",0.9,267,"COVID-19"
"DE-RP","00+",2022-01-11,2022-01-02,"-9 day ahead inc hosp","quantile",0.975,282,"COVID-19"
"DE-RP","00+",2022-01-11,2022-01-01,"-10 day ahead inc hosp","mean",NA,244,"COVID-19"
"DE-RP","00+",2022-01-11,2022-01-01,"-10 day ahead inc hosp","quantile",0.025,215,"COVID-19"
"DE-RP","00+",2022-01-11,2022-01-01,"-10 day ahead inc hosp","quantile",0.1,223,"COVID-19"
"DE-RP","00+",2022-01-11,2022-01-01,"-10 day ahead inc hosp","quantile",0.25,232,"COVID-19"
"DE-RP","00+",2022-01-11,2022-01-01,"-10 day ahead inc hosp","quantile",0.5,242,"COVID-19"
"DE-RP","00+",2022-01-11,2022-01-01,"-10 day ahead inc hosp","quantile",0.75,255,"COVID-19"
"DE-RP","00+",2022-01-11,2022-01-01,"-10 day ahead inc hosp","quantile",0.9,267,"COVID-19"
"DE-RP","00+",2022-01-11,2022-01-01,"-10 day ahead inc hosp","quantile",0.975,282,"COVID-19"
"DE-RP","00+",2022-01-11,2021-12-31,"-11 day ahead inc hosp","mean",NA,238,"COVID-19"
"DE-RP","00+",2022-01-11,2021-12-31,"-11 day ahead inc hosp","quantile",0.025,212,"COVID-19"
"DE-RP","00+",2022-01-11,2021-12-31,"-11 day ahead inc hosp","quantile",0.1,219,"COVID-19"
"DE-RP","00+",2022-01-11,2021-12-31,"-11 day ahead inc hosp","quantile",0.25,227,"COVID-19"
"DE-RP","00+",2022-01-11,2021-12-31,"-11 day ahead inc hosp","quantile",0.5,237,"COVID-19"
"DE-RP","00+",2022-01-11,2021-12-31,"-11 day ahead inc hosp","quantile",0.75,248,"COVID-19"
"DE-RP","00+",2022-01-11,2021-12-31,"-11 day ahead inc hosp","quantile",0.9,259,"COVID-19"
"DE-RP","00+",2022-01-11,2021-12-31,"-11 day ahead inc hosp","quantile",0.975,273,"COVID-19"
"DE-RP","00+",2022-01-11,2021-12-30,"-12 day ahead inc hosp","mean",NA,230,"COVID-19"
"DE-RP","00+",2022-01-11,2021-12-30,"-12 day ahead inc hosp","quantile",0.025,208,"COVID-19"
"DE-RP","00+",2022-01-11,2021-12-30,"-12 day ahead inc hosp","quantile",0.1,214,"COVID-19"
"DE-RP","00+",2022-01-11,2021-12-30,"-12 day ahead inc hosp","quantile",0.25,221,"COVID-19"
"DE-RP","00+",2022-01-11,2021-12-30,"-12 day ahead inc hosp","quantile",0.5,229,"COVID-19"
"DE-RP","00+",2022-01-11,2021-12-30,"-12 day ahead inc hosp","quantile",0.75,239,"COVID-19"
"DE-RP","00+",2022-01-11,2021-12-30,"-12 day ahead inc hosp","quantile",0.9,248,"COVID-19"
"DE-RP","00+",2022-01-11,2021-12-30,"-12 day ahead inc hosp","quantile",0.975,260,"COVID-19"
"DE-RP","00+",2022-01-11,2021-12-29,"-13 day ahead inc hosp","mean",NA,219,"COVID-19"
"DE-RP","00+",2022-01-11,2021-12-29,"-13 day ahead inc hosp","quantile",0.025,200,"COVID-19"
"DE-RP","00+",2022-01-11,2021-12-29,"-13 day ahead inc hosp","quantile",0.1,206,"COVID-19"
"DE-RP","00+",2022-01-11,2021-12-29,"-13 day ahead inc hosp","quantile",0.25,211,"COVID-19"
"DE-RP","00+",2022-01-11,2021-12-29,"-13 day ahead inc hosp","quantile",0.5,218,"COVID-19"
"DE-RP","00+",2022-01-11,2021-12-29,"-13 day ahead inc hosp","quantile",0.75,226,"COVID-19"
"DE-RP","00+",2022-01-11,2021-12-29,"-13 day ahead inc hosp","quantile",0.9,234,"COVID-19"
"DE-RP","00+",2022-01-11,2021-12-29,"-13 day ahead inc hosp","quantile",0.975,244,"COVID-19"
"DE-RP","00+",2022-01-11,2021-12-28,"-14 day ahead inc hosp","mean",NA,217,"COVID-19"
"DE-RP","00+",2022-01-11,2021-12-28,"-14 day ahead inc hosp","quantile",0.025,202,"COVID-19"
"DE-RP","00+",2022-01-11,2021-12-28,"-14 day ahead inc hosp","quantile",0.1,206,"COVID-19"
"DE-RP","00+",2022-01-11,2021-12-28,"-14 day ahead inc hosp","quantile",0.25,210,"COVID-19"
"DE-RP","00+",2022-01-11,2021-12-28,"-14 day ahead inc hosp","quantile",0.5,216,"COVID-19"
"DE-RP","00+",2022-01-11,2021-12-28,"-14 day ahead inc hosp","quantile",0.75,222,"COVID-19"
"DE-RP","00+",2022-01-11,2021-12-28,"-14 day ahead inc hosp","quantile",0.9,228,"COVID-19"
"DE-RP","00+",2022-01-11,2021-12-28,"-14 day ahead inc hosp","quantile",0.975,236,"COVID-19"
"DE-RP","00+",2022-01-11,2021-12-27,"-15 day ahead inc hosp","mean",NA,219,"COVID-19"
"DE-RP","00+",2022-01-11,2021-12-27,"-15 day ahead inc hosp","quantile",0.025,207,"COVID-19"
"DE-RP","00+",2022-01-11,2021-12-27,"-15 day ahead inc hosp","quantile",0.1,211,"COVID-19"
"DE-RP","00+",2022-01-11,2021-12-27,"-15 day ahead inc hosp","quantile",0.25,214,"COVID-19"
"DE-RP","00+",2022-01-11,2021-12-27,"-15 day ahead inc hosp","quantile",0.5,219,"COVID-19"
"DE-RP","00+",2022-01-11,2021-12-27,"-15 day ahead inc hosp","quantile",0.75,224,"COVID-19"
"DE-RP","00+",2022-01-11,2021-12-27,"-15 day ahead inc hosp","quantile",0.9,229,"COVID-19"
"DE-RP","00+",2022-01-11,2021-12-27,"-15 day ahead inc hosp","quantile",0.975,235,"COVID-19"
"DE-RP","00+",2022-01-11,2021-12-26,"-16 day ahead inc hosp","mean",NA,224,"COVID-19"
"DE-RP","00+",2022-01-11,2021-12-26,"-16 day ahead inc hosp","quantile",0.025,212,"COVID-19"
"DE-RP","00+",2022-01-11,2021-12-26,"-16 day ahead inc hosp","quantile",0.1,216,"COVID-19"
"DE-RP","00+",2022-01-11,2021-12-26,"-16 day ahead inc hosp","quantile",0.25,219,"COVID-19"
"DE-RP","00+",2022-01-11,2021-12-26,"-16 day ahead inc hosp","quantile",0.5,224,"COVID-19"
"DE-RP","00+",2022-01-11,2021-12-26,"-16 day ahead inc hosp","quantile",0.75,228,"COVID-19"
"DE-RP","00+",2022-01-11,2021-12-26,"-16 day ahead inc hosp","quantile",0.9,233,"COVID-19"
"DE-RP","00+",2022-01-11,2021-12-26,"-16 day ahead inc hosp","quantile",0.975,239,"COVID-19"
"DE-RP","00+",2022-01-11,2021-12-25,"-17 day ahead inc hosp","mean",NA,241,"COVID-19"
"DE-RP","00+",2022-01-11,2021-12-25,"-17 day ahead inc hosp","quantile",0.025,229,"COVID-19"
"DE-RP","00+",2022-01-11,2021-12-25,"-17 day ahead inc hosp","quantile",0.1,232,"COVID-19"
"DE-RP","00+",2022-01-11,2021-12-25,"-17 day ahead inc hosp","quantile",0.25,236,"COVID-19"
"DE-RP","00+",2022-01-11,2021-12-25,"-17 day ahead inc hosp","quantile",0.5,240,"COVID-19"
"DE-RP","00+",2022-01-11,2021-12-25,"-17 day ahead inc hosp","quantile",0.75,245,"COVID-19"
"DE-RP","00+",2022-01-11,2021-12-25,"-17 day ahead inc hosp","quantile",0.9,250,"COVID-19"
"DE-RP","00+",2022-01-11,2021-12-25,"-17 day ahead inc hosp","quantile",0.975,255,"COVID-19"
"DE-RP","00+",2022-01-11,2021-12-24,"-18 day ahead inc hosp","mean",NA,281,"COVID-19"
"DE-RP","00+",2022-01-11,2021-12-24,"-18 day ahead inc hosp","quantile",0.025,269,"COVID-19"
"DE-RP","00+",2022-01-11,2021-12-24,"-18 day ahead inc hosp","quantile",0.1,272,"COVID-19"
"DE-RP","00+",2022-01-11,2021-12-24,"-18 day ahead inc hosp","quantile",0.25,276,"COVID-19"
"DE-RP","00+",2022-01-11,2021-12-24,"-18 day ahead inc hosp","quantile",0.5,280,"COVID-19"
"DE-RP","00+",2022-01-11,2021-12-24,"-18 day ahead inc hosp","quantile",0.75,285,"COVID-19"
"DE-RP","00+",2022-01-11,2021-12-24,"-18 day ahead inc hosp","quantile",0.9,290,"COVID-19"
"DE-RP","00+",2022-01-11,2021-12-24,"-18 day ahead inc hosp","quantile",0.975,296,"COVID-19"
"DE-RP","00+",2022-01-11,2021-12-23,"-19 day ahead inc hosp","mean",NA,287,"COVID-19"
"DE-RP","00+",2022-01-11,2021-12-23,"-19 day ahead inc hosp","quantile",0.025,276,"COVID-19"
"DE-RP","00+",2022-01-11,2021-12-23,"-19 day ahead inc hosp","quantile",0.1,279,"COVID-19"
"DE-RP","00+",2022-01-11,2021-12-23,"-19 day ahead inc hosp","quantile",0.25,282,"COVID-19"
"DE-RP","00+",2022-01-11,2021-12-23,"-19 day ahead inc hosp","quantile",0.5,286,"COVID-19"
"DE-RP","00+",2022-01-11,2021-12-23,"-19 day ahead inc hosp","quantile",0.75,291,"COVID-19"
"DE-RP","00+",2022-01-11,2021-12-23,"-19 day ahead inc hosp","quantile",0.9,296,"COVID-19"
"DE-RP","00+",2022-01-11,2021-12-23,"-19 day ahead inc hosp","quantile",0.975,301,"COVID-19"
"DE-RP","00+",2022-01-11,2021-12-22,"-20 day ahead inc hosp","mean",NA,310,"COVID-19"
"DE-RP","00+",2022-01-11,2021-12-22,"-20 day ahead inc hosp","quantile",0.025,298,"COVID-19"
"DE-RP","00+",2022-01-11,2021-12-22,"-20 day ahead inc hosp","quantile",0.1,302,"COVID-19"
"DE-RP","00+",2022-01-11,2021-12-22,"-20 day ahead inc hosp","quantile",0.25,305,"COVID-19"
"DE-RP","00+",2022-01-11,2021-12-22,"-20 day ahead inc hosp","quantile",0.5,309,"COVID-19"
"DE-RP","00+",2022-01-11,2021-12-22,"-20 day ahead inc hosp","quantile",0.75,314,"COVID-19"
"DE-RP","00+",2022-01-11,2021-12-22,"-20 day ahead inc hosp","quantile",0.9,318,"COVID-19"
"DE-RP","00+",2022-01-11,2021-12-22,"-20 day ahead inc hosp","quantile",0.975,324,"COVID-19"
"DE-RP","00+",2022-01-11,2021-12-21,"-21 day ahead inc hosp","mean",NA,362,"COVID-19"
"DE-RP","00+",2022-01-11,2021-12-21,"-21 day ahead inc hosp","quantile",0.025,351,"COVID-19"
"DE-RP","00+",2022-01-11,2021-12-21,"-21 day ahead inc hosp","quantile",0.1,355,"COVID-19"
"DE-RP","00+",2022-01-11,2021-12-21,"-21 day ahead inc hosp","quantile",0.25,358,"COVID-19"
"DE-RP","00+",2022-01-11,2021-12-21,"-21 day ahead inc hosp","quantile",0.5,362,"COVID-19"
"DE-RP","00+",2022-01-11,2021-12-21,"-21 day ahead inc hosp","quantile",0.75,366,"COVID-19"
"DE-RP","00+",2022-01-11,2021-12-21,"-21 day ahead inc hosp","quantile",0.9,371,"COVID-19"
"DE-RP","00+",2022-01-11,2021-12-21,"-21 day ahead inc hosp","quantile",0.975,377,"COVID-19"
"DE-RP","00+",2022-01-11,2021-12-20,"-22 day ahead inc hosp","mean",NA,372,"COVID-19"
"DE-RP","00+",2022-01-11,2021-12-20,"-22 day ahead inc hosp","quantile",0.025,362,"COVID-19"
"DE-RP","00+",2022-01-11,2021-12-20,"-22 day ahead inc hosp","quantile",0.1,364,"COVID-19"
"DE-RP","00+",2022-01-11,2021-12-20,"-22 day ahead inc hosp","quantile",0.25,368,"COVID-19"
"DE-RP","00+",2022-01-11,2021-12-20,"-22 day ahead inc hosp","quantile",0.5,371,"COVID-19"
"DE-RP","00+",2022-01-11,2021-12-20,"-22 day ahead inc hosp","quantile",0.75,376,"COVID-19"
"DE-RP","00+",2022-01-11,2021-12-20,"-22 day ahead inc hosp","quantile",0.9,381,"COVID-19"
"DE-RP","00+",2022-01-11,2021-12-20,"-22 day ahead inc hosp","quantile",0.975,387,"COVID-19"
"DE-RP","00+",2022-01-11,2021-12-19,"-23 day ahead inc hosp","mean",NA,375,"COVID-19"
"DE-RP","00+",2022-01-11,2021-12-19,"-23 day ahead inc hosp","quantile",0.025,364,"COVID-19"
"DE-RP","00+",2022-01-11,2021-12-19,"-23 day ahead inc hosp","quantile",0.1,366,"COVID-19"
"DE-RP","00+",2022-01-11,2021-12-19,"-23 day ahead inc hosp","quantile",0.25,370,"COVID-19"
"DE-RP","00+",2022-01-11,2021-12-19,"-23 day ahead inc hosp","quantile",0.5,374,"COVID-19"
"DE-RP","00+",2022-01-11,2021-12-19,"-23 day ahead inc hosp","quantile",0.75,379,"COVID-19"
"DE-RP","00+",2022-01-11,2021-12-19,"-23 day ahead inc hosp","quantile",0.9,384,"COVID-19"
"DE-RP","00+",2022-01-11,2021-12-19,"-23 day ahead inc hosp","quantile",0.975,391,"COVID-19"
"DE-RP","00+",2022-01-11,2021-12-18,"-24 day ahead inc hosp","mean",NA,392,"COVID-19"
"DE-RP","00+",2022-01-11,2021-12-18,"-24 day ahead inc hosp","quantile",0.025,381,"COVID-19"
"DE-RP","00+",2022-01-11,2021-12-18,"-24 day ahead inc hosp","quantile",0.1,384,"COVID-19"
"DE-RP","00+",2022-01-11,2021-12-18,"-24 day ahead inc hosp","quantile",0.25,387,"COVID-19"
"DE-RP","00+",2022-01-11,2021-12-18,"-24 day ahead inc hosp","quantile",0.5,391,"COVID-19"
"DE-RP","00+",2022-01-11,2021-12-18,"-24 day ahead inc hosp","quantile",0.75,397,"COVID-19"
"DE-RP","00+",2022-01-11,2021-12-18,"-24 day ahead inc hosp","quantile",0.9,402,"COVID-19"
"DE-RP","00+",2022-01-11,2021-12-18,"-24 day ahead inc hosp","quantile",0.975,409,"COVID-19"
"DE-RP","00+",2022-01-11,2021-12-17,"-25 day ahead inc hosp","mean",NA,395,"COVID-19"
"DE-RP","00+",2022-01-11,2021-12-17,"-25 day ahead inc hosp","quantile",0.025,385,"COVID-19"
"DE-RP","00+",2022-01-11,2021-12-17,"-25 day ahead inc hosp","quantile",0.1,388,"COVID-19"
"DE-RP","00+",2022-01-11,2021-12-17,"-25 day ahead inc hosp","quantile",0.25,390,"COVID-19"
"DE-RP","00+",2022-01-11,2021-12-17,"-25 day ahead inc hosp","quantile",0.5,394,"COVID-19"
"DE-RP","00+",2022-01-11,2021-12-17,"-25 day ahead inc hosp","quantile",0.75,399,"COVID-19"
"DE-RP","00+",2022-01-11,2021-12-17,"-25 day ahead inc hosp","quantile",0.9,405,"COVID-19"
"DE-RP","00+",2022-01-11,2021-12-17,"-25 day ahead inc hosp","quantile",0.975,411,"COVID-19"
"DE-RP","00+",2022-01-11,2021-12-16,"-26 day ahead inc hosp","mean",NA,419,"COVID-19"
"DE-RP","00+",2022-01-11,2021-12-16,"-26 day ahead inc hosp","quantile",0.025,410,"COVID-19"
"DE-RP","00+",2022-01-11,2021-12-16,"-26 day ahead inc hosp","quantile",0.1,412,"COVID-19"
"DE-RP","00+",2022-01-11,2021-12-16,"-26 day ahead inc hosp","quantile",0.25,415,"COVID-19"
"DE-RP","00+",2022-01-11,2021-12-16,"-26 day ahead inc hosp","quantile",0.5,418,"COVID-19"
"DE-RP","00+",2022-01-11,2021-12-16,"-26 day ahead inc hosp","quantile",0.75,423,"COVID-19"
"DE-RP","00+",2022-01-11,2021-12-16,"-26 day ahead inc hosp","quantile",0.9,428,"COVID-19"
"DE-RP","00+",2022-01-11,2021-12-16,"-26 day ahead inc hosp","quantile",0.975,434,"COVID-19"
"DE-RP","00+",2022-01-11,2021-12-15,"-27 day ahead inc hosp","mean",NA,426,"COVID-19"
"DE-RP","00+",2022-01-11,2021-12-15,"-27 day ahead inc hosp","quantile",0.025,417,"COVID-19"
"DE-RP","00+",2022-01-11,2021-12-15,"-27 day ahead inc hosp","quantile",0.1,419,"COVID-19"
"DE-RP","00+",2022-01-11,2021-12-15,"-27 day ahead inc hosp","quantile",0.25,421,"COVID-19"
"DE-RP","00+",2022-01-11,2021-12-15,"-27 day ahead inc hosp","quantile",0.5,425,"COVID-19"
"DE-RP","00+",2022-01-11,2021-12-15,"-27 day ahead inc hosp","quantile",0.75,429,"COVID-19"
"DE-RP","00+",2022-01-11,2021-12-15,"-27 day ahead inc hosp","quantile",0.9,434,"COVID-19"
"DE-RP","00+",2022-01-11,2021-12-15,"-27 day ahead inc hosp","quantile",0.975,440,"COVID-19"
"DE-RP","00+",2022-01-11,2021-12-14,"-28 day ahead inc hosp","mean",NA,389,"COVID-19"
"DE-RP","00+",2022-01-11,2021-12-14,"-28 day ahead inc hosp","quantile",0.025,382,"COVID-19"
"DE-RP","00+",2022-01-11,2021-12-14,"-28 day ahead inc hosp","quantile",0.1,384,"COVID-19"
"DE-RP","00+",2022-01-11,2021-12-14,"-28 day ahead inc hosp","quantile",0.25,385,"COVID-19"
"DE-RP","00+",2022-01-11,2021-12-14,"-28 day ahead inc hosp","quantile",0.5,388,"COVID-19"
"DE-RP","00+",2022-01-11,2021-12-14,"-28 day ahead inc hosp","quantile",0.75,391,"COVID-19"
"DE-RP","00+",2022-01-11,2021-12-14,"-28 day ahead inc hosp","quantile",0.9,395,"COVID-19"
"DE-RP","00+",2022-01-11,2021-12-14,"-28 day ahead inc hosp","quantile",0.975,400,"COVID-19"
"DE-SH","00+",2022-01-11,2022-01-11,"0 day ahead inc hosp","mean",NA,163,"COVID-19"
"DE-SH","00+",2022-01-11,2022-01-11,"0 day ahead inc hosp","quantile",0.025,131,"COVID-19"
"DE-SH","00+",2022-01-11,2022-01-11,"0 day ahead inc hosp","quantile",0.1,140,"COVID-19"
"DE-SH","00+",2022-01-11,2022-01-11,"0 day ahead inc hosp","quantile",0.25,150,"COVID-19"
"DE-SH","00+",2022-01-11,2022-01-11,"0 day ahead inc hosp","quantile",0.5,162,"COVID-19"
"DE-SH","00+",2022-01-11,2022-01-11,"0 day ahead inc hosp","quantile",0.75,175,"COVID-19"
"DE-SH","00+",2022-01-11,2022-01-11,"0 day ahead inc hosp","quantile",0.9,189,"COVID-19"
"DE-SH","00+",2022-01-11,2022-01-11,"0 day ahead inc hosp","quantile",0.975,206,"COVID-19"
"DE-SH","00+",2022-01-11,2022-01-10,"-1 day ahead inc hosp","mean",NA,140,"COVID-19"
"DE-SH","00+",2022-01-11,2022-01-10,"-1 day ahead inc hosp","quantile",0.025,121,"COVID-19"
"DE-SH","00+",2022-01-11,2022-01-10,"-1 day ahead inc hosp","quantile",0.1,126,"COVID-19"
"DE-SH","00+",2022-01-11,2022-01-10,"-1 day ahead inc hosp","quantile",0.25,132,"COVID-19"
"DE-SH","00+",2022-01-11,2022-01-10,"-1 day ahead inc hosp","quantile",0.5,139,"COVID-19"
"DE-SH","00+",2022-01-11,2022-01-10,"-1 day ahead inc hosp","quantile",0.75,148,"COVID-19"
"DE-SH","00+",2022-01-11,2022-01-10,"-1 day ahead inc hosp","quantile",0.9,156,"COVID-19"
"DE-SH","00+",2022-01-11,2022-01-10,"-1 day ahead inc hosp","quantile",0.975,165,"COVID-19"
"DE-SH","00+",2022-01-11,2022-01-09,"-2 day ahead inc hosp","mean",NA,154,"COVID-19"
"DE-SH","00+",2022-01-11,2022-01-09,"-2 day ahead inc hosp","quantile",0.025,135,"COVID-19"
"DE-SH","00+",2022-01-11,2022-01-09,"-2 day ahead inc hosp","quantile",0.1,140,"COVID-19"
"DE-SH","00+",2022-01-11,2022-01-09,"-2 day ahead inc hosp","quantile",0.25,146,"COVID-19"
"DE-SH","00+",2022-01-11,2022-01-09,"-2 day ahead inc hosp","quantile",0.5,153,"COVID-19"
"DE-SH","00+",2022-01-11,2022-01-09,"-2 day ahead inc hosp","quantile",0.75,161,"COVID-19"
"DE-SH","00+",2022-01-11,2022-01-09,"-2 day ahead inc hosp","quantile",0.9,168,"COVID-19"
"DE-SH","00+",2022-01-11,2022-01-09,"-2 day ahead inc hosp","quantile",0.975,178,"COVID-19"
"DE-SH","00+",2022-01-11,2022-01-08,"-3 day ahead inc hosp","mean",NA,156,"COVID-19"
"DE-SH","00+",2022-01-11,2022-01-08,"-3 day ahead inc hosp","quantile",0.025,140,"COVID-19"
"DE-SH","00+",2022-01-11,2022-01-08,"-3 day ahead inc hosp","quantile",0.1,145,"COVID-19"
"DE-SH","00+",2022-01-11,2022-01-08,"-3 day ahead inc hosp","quantile",0.25,150,"COVID-19"
"DE-SH","00+",2022-01-11,2022-01-08,"-3 day ahead inc hosp","quantile",0.5,156,"COVID-19"
"DE-SH","00+",2022-01-11,2022-01-08,"-3 day ahead inc hosp","quantile",0.75,162,"COVID-19"
"DE-SH","00+",2022-01-11,2022-01-08,"-3 day ahead inc hosp","quantile",0.9,168,"COVID-19"
"DE-SH","00+",2022-01-11,2022-01-08,"-3 day ahead inc hosp","quantile",0.975,176,"COVID-19"
"DE-SH","00+",2022-01-11,2022-01-07,"-4 day ahead inc hosp","mean",NA,148,"COVID-19"
"DE-SH","00+",2022-01-11,2022-01-07,"-4 day ahead inc hosp","quantile",0.025,134,"COVID-19"
"DE-SH","00+",2022-01-11,2022-01-07,"-4 day ahead inc hosp","quantile",0.1,138,"COVID-19"
"DE-SH","00+",2022-01-11,2022-01-07,"-4 day ahead inc hosp","quantile",0.25,142,"COVID-19"
"DE-SH","00+",2022-01-11,2022-01-07,"-4 day ahead inc hosp","quantile",0.5,148,"COVID-19"
"DE-SH","00+",2022-01-11,2022-01-07,"-4 day ahead inc hosp","quantile",0.75,153,"COVID-19"
"DE-SH","00+",2022-01-11,2022-01-07,"-4 day ahead inc hosp","quantile",0.9,159,"COVID-19"
"DE-SH","00+",2022-01-11,2022-01-07,"-4 day ahead inc hosp","quantile",0.975,166,"COVID-19"
"DE-SH","00+",2022-01-11,2022-01-06,"-5 day ahead inc hosp","mean",NA,148,"COVID-19"
"DE-SH","00+",2022-01-11,2022-01-06,"-5 day ahead inc hosp","quantile",0.025,136,"COVID-19"
"DE-SH","00+",2022-01-11,2022-01-06,"-5 day ahead inc hosp","quantile",0.1,139,"COVID-19"
"DE-SH","00+",2022-01-11,2022-01-06,"-5 day ahead inc hosp","quantile",0.25,143,"COVID-19"
"DE-SH","00+",2022-01-11,2022-01-06,"-5 day ahead inc hosp","quantile",0.5,148,"COVID-19"
"DE-SH","00+",2022-01-11,2022-01-06,"-5 day ahead inc hosp","quantile",0.75,153,"COVID-19"
"DE-SH","00+",2022-01-11,2022-01-06,"-5 day ahead inc hosp","quantile",0.9,158,"COVID-19"
"DE-SH","00+",2022-01-11,2022-01-06,"-5 day ahead inc hosp","quantile",0.975,164,"COVID-19"
"DE-SH","00+",2022-01-11,2022-01-05,"-6 day ahead inc hosp","mean",NA,155,"COVID-19"
"DE-SH","00+",2022-01-11,2022-01-05,"-6 day ahead inc hosp","quantile",0.025,143,"COVID-19"
"DE-SH","00+",2022-01-11,2022-01-05,"-6 day ahead inc hosp","quantile",0.1,147,"COVID-19"
"DE-SH","00+",2022-01-11,2022-01-05,"-6 day ahead inc hosp","quantile",0.25,150,"COVID-19"
"DE-SH","00+",2022-01-11,2022-01-05,"-6 day ahead inc hosp","quantile",0.5,154,"COVID-19"
"DE-SH","00+",2022-01-11,2022-01-05,"-6 day ahead inc hosp","quantile",0.75,159,"COVID-19"
"DE-SH","00+",2022-01-11,2022-01-05,"-6 day ahead inc hosp","quantile",0.9,164,"COVID-19"
"DE-SH","00+",2022-01-11,2022-01-05,"-6 day ahead inc hosp","quantile",0.975,170,"COVID-19"
"DE-SH","00+",2022-01-11,2022-01-04,"-7 day ahead inc hosp","mean",NA,149,"COVID-19"
"DE-SH","00+",2022-01-11,2022-01-04,"-7 day ahead inc hosp","quantile",0.025,138,"COVID-19"
"DE-SH","00+",2022-01-11,2022-01-04,"-7 day ahead inc hosp","quantile",0.1,141,"COVID-19"
"DE-SH","00+",2022-01-11,2022-01-04,"-7 day ahead inc hosp","quantile",0.25,144,"COVID-19"
"DE-SH","00+",2022-01-11,2022-01-04,"-7 day ahead inc hosp","quantile",0.5,148,"COVID-19"
"DE-SH","00+",2022-01-11,2022-01-04,"-7 day ahead inc hosp","quantile",0.75,153,"COVID-19"
"DE-SH","00+",2022-01-11,2022-01-04,"-7 day ahead inc hosp","quantile",0.9,158,"COVID-19"
"DE-SH","00+",2022-01-11,2022-01-04,"-7 day ahead inc hosp","quantile",0.975,164,"COVID-19"
"DE-SH","00+",2022-01-11,2022-01-03,"-8 day ahead inc hosp","mean",NA,139,"COVID-19"
"DE-SH","00+",2022-01-11,2022-01-03,"-8 day ahead inc hosp","quantile",0.025,130,"COVID-19"
"DE-SH","00+",2022-01-11,2022-01-03,"-8 day ahead inc hosp","quantile",0.1,133,"COVID-19"
"DE-SH","00+",2022-01-11,2022-01-03,"-8 day ahead inc hosp","quantile",0.25,135,"COVID-19"
"DE-SH","00+",2022-01-11,2022-01-03,"-8 day ahead inc hosp","quantile",0.5,139,"COVID-19"
"DE-SH","00+",2022-01-11,2022-01-03,"-8 day ahead inc hosp","quantile",0.75,143,"COVID-19"
"DE-SH","00+",2022-01-11,2022-01-03,"-8 day ahead inc hosp","quantile",0.9,147,"COVID-19"
"DE-SH","00+",2022-01-11,2022-01-03,"-8 day ahead inc hosp","quantile",0.975,153,"COVID-19"
"DE-SH","00+",2022-01-11,2022-01-02,"-9 day ahead inc hosp","mean",NA,132,"COVID-19"
"DE-SH","00+",2022-01-11,2022-01-02,"-9 day ahead inc hosp","quantile",0.025,124,"COVID-19"
"DE-SH","00+",2022-01-11,2022-01-02,"-9 day ahead inc hosp","quantile",0.1,126,"COVID-19"
"DE-SH","00+",2022-01-11,2022-01-02,"-9 day ahead inc hosp","quantile",0.25,128,"COVID-19"
"DE-SH","00+",2022-01-11,2022-01-02,"-9 day ahead inc hosp","quantile",0.5,132,"COVID-19"
"DE-SH","00+",2022-01-11,2022-01-02,"-9 day ahead inc hosp","quantile",0.75,136,"COVID-19"
"DE-SH","00+",2022-01-11,2022-01-02,"-9 day ahead inc hosp","quantile",0.9,140,"COVID-19"
"DE-SH","00+",2022-01-11,2022-01-02,"-9 day ahead inc hosp","quantile",0.975,146,"COVID-19"
"DE-SH","00+",2022-01-11,2022-01-01,"-10 day ahead inc hosp","mean",NA,121,"COVID-19"
"DE-SH","00+",2022-01-11,2022-01-01,"-10 day ahead inc hosp","quantile",0.025,113,"COVID-19"
"DE-SH","00+",2022-01-11,2022-01-01,"-10 day ahead inc hosp","quantile",0.1,115,"COVID-19"
"DE-SH","00+",2022-01-11,2022-01-01,"-10 day ahead inc hosp","quantile",0.25,117,"COVID-19"
"DE-SH","00+",2022-01-11,2022-01-01,"-10 day ahead inc hosp","quantile",0.5,120,"COVID-19"
"DE-SH","00+",2022-01-11,2022-01-01,"-10 day ahead inc hosp","quantile",0.75,124,"COVID-19"
"DE-SH","00+",2022-01-11,2022-01-01,"-10 day ahead inc hosp","quantile",0.9,128,"COVID-19"
"DE-SH","00+",2022-01-11,2022-01-01,"-10 day ahead inc hosp","quantile",0.975,133,"COVID-19"
"DE-SH","00+",2022-01-11,2021-12-31,"-11 day ahead inc hosp","mean",NA,111,"COVID-19"
"DE-SH","00+",2022-01-11,2021-12-31,"-11 day ahead inc hosp","quantile",0.025,105,"COVID-19"
"DE-SH","00+",2022-01-11,2021-12-31,"-11 day ahead inc hosp","quantile",0.1,106,"COVID-19"
"DE-SH","00+",2022-01-11,2021-12-31,"-11 day ahead inc hosp","quantile",0.25,108,"COVID-19"
"DE-SH","00+",2022-01-11,2021-12-31,"-11 day ahead inc hosp","quantile",0.5,110,"COVID-19"
"DE-SH","00+",2022-01-11,2021-12-31,"-11 day ahead inc hosp","quantile",0.75,114,"COVID-19"
"DE-SH","00+",2022-01-11,2021-12-31,"-11 day ahead inc hosp","quantile",0.9,118,"COVID-19"
"DE-SH","00+",2022-01-11,2021-12-31,"-11 day ahead inc hosp","quantile",0.975,123,"COVID-19"
"DE-SH","00+",2022-01-11,2021-12-30,"-12 day ahead inc hosp","mean",NA,109,"COVID-19"
"DE-SH","00+",2022-01-11,2021-12-30,"-12 day ahead inc hosp","quantile",0.025,103,"COVID-19"
"DE-SH","00+",2022-01-11,2021-12-30,"-12 day ahead inc hosp","quantile",0.1,104,"COVID-19"
"DE-SH","00+",2022-01-11,2021-12-30,"-12 day ahead inc hosp","quantile",0.25,106,"COVID-19"
"DE-SH","00+",2022-01-11,2021-12-30,"-12 day ahead inc hosp","quantile",0.5,108,"COVID-19"
"DE-SH","00+",2022-01-11,2021-12-30,"-12 day ahead inc hosp","quantile",0.75,111,"COVID-19"
"DE-SH","00+",2022-01-11,2021-12-30,"-12 day ahead inc hosp","quantile",0.9,114,"COVID-19"
"DE-SH","00+",2022-01-11,2021-12-30,"-12 day ahead inc hosp","quantile",0.975,118,"COVID-19"
"DE-SH","00+",2022-01-11,2021-12-29,"-13 day ahead inc hosp","mean",NA,105,"COVID-19"
"DE-SH","00+",2022-01-11,2021-12-29,"-13 day ahead inc hosp","quantile",0.025,101,"COVID-19"
"DE-SH","00+",2022-01-11,2021-12-29,"-13 day ahead inc hosp","quantile",0.1,102,"COVID-19"
"DE-SH","00+",2022-01-11,2021-12-29,"-13 day ahead inc hosp","quantile",0.25,103,"COVID-19"
"DE-SH","00+",2022-01-11,2021-12-29,"-13 day ahead inc hosp","quantile",0.5,104,"COVID-19"
"DE-SH","00+",2022-01-11,2021-12-29,"-13 day ahead inc hosp","quantile",0.75,107,"COVID-19"
"DE-SH","00+",2022-01-11,2021-12-29,"-13 day ahead inc hosp","quantile",0.9,109,"COVID-19"
"DE-SH","00+",2022-01-11,2021-12-29,"-13 day ahead inc hosp","quantile",0.975,113,"COVID-19"
"DE-SH","00+",2022-01-11,2021-12-28,"-14 day ahead inc hosp","mean",NA,111,"COVID-19"
"DE-SH","00+",2022-01-11,2021-12-28,"-14 day ahead inc hosp","quantile",0.025,107,"COVID-19"
"DE-SH","00+",2022-01-11,2021-12-28,"-14 day ahead inc hosp","quantile",0.1,107,"COVID-19"
"DE-SH","00+",2022-01-11,2021-12-28,"-14 day ahead inc hosp","quantile",0.25,108,"COVID-19"
"DE-SH","00+",2022-01-11,2021-12-28,"-14 day ahead inc hosp","quantile",0.5,110,"COVID-19"
"DE-SH","00+",2022-01-11,2021-12-28,"-14 day ahead inc hosp","quantile",0.75,112,"COVID-19"
"DE-SH","00+",2022-01-11,2021-12-28,"-14 day ahead inc hosp","quantile",0.9,114,"COVID-19"
"DE-SH","00+",2022-01-11,2021-12-28,"-14 day ahead inc hosp","quantile",0.975,118,"COVID-19"
"DE-SH","00+",2022-01-11,2021-12-27,"-15 day ahead inc hosp","mean",NA,113,"COVID-19"
"DE-SH","00+",2022-01-11,2021-12-27,"-15 day ahead inc hosp","quantile",0.025,110,"COVID-19"
"DE-SH","00+",2022-01-11,2021-12-27,"-15 day ahead inc hosp","quantile",0.1,110,"COVID-19"
"DE-SH","00+",2022-01-11,2021-12-27,"-15 day ahead inc hosp","quantile",0.25,111,"COVID-19"
"DE-SH","00+",2022-01-11,2021-12-27,"-15 day ahead inc hosp","quantile",0.5,112,"COVID-19"
"DE-SH","00+",2022-01-11,2021-12-27,"-15 day ahead inc hosp","quantile",0.75,114,"COVID-19"
"DE-SH","00+",2022-01-11,2021-12-27,"-15 day ahead inc hosp","quantile",0.9,117,"COVID-19"
"DE-SH","00+",2022-01-11,2021-12-27,"-15 day ahead inc hosp","quantile",0.975,120,"COVID-19"
"DE-SH","00+",2022-01-11,2021-12-26,"-16 day ahead inc hosp","mean",NA,111,"COVID-19"
"DE-SH","00+",2022-01-11,2021-12-26,"-16 day ahead inc hosp","quantile",0.025,108,"COVID-19"
"DE-SH","00+",2022-01-11,2021-12-26,"-16 day ahead inc hosp","quantile",0.1,108,"COVID-19"
"DE-SH","00+",2022-01-11,2021-12-26,"-16 day ahead inc hosp","quantile",0.25,109,"COVID-19"
"DE-SH","00+",2022-01-11,2021-12-26,"-16 day ahead inc hosp","quantile",0.5,110,"COVID-19"
"DE-SH","00+",2022-01-11,2021-12-26,"-16 day ahead inc hosp","quantile",0.75,112,"COVID-19"
"DE-SH","00+",2022-01-11,2021-12-26,"-16 day ahead inc hosp","quantile",0.9,114,"COVID-19"
"DE-SH","00+",2022-01-11,2021-12-26,"-16 day ahead inc hosp","quantile",0.975,117,"COVID-19"
"DE-SH","00+",2022-01-11,2021-12-25,"-17 day ahead inc hosp","mean",NA,117,"COVID-19"
"DE-SH","00+",2022-01-11,2021-12-25,"-17 day ahead inc hosp","quantile",0.025,114,"COVID-19"
"DE-SH","00+",2022-01-11,2021-12-25,"-17 day ahead inc hosp","quantile",0.1,114,"COVID-19"
"DE-SH","00+",2022-01-11,2021-12-25,"-17 day ahead inc hosp","quantile",0.25,115,"COVID-19"
"DE-SH","00+",2022-01-11,2021-12-25,"-17 day ahead inc hosp","quantile",0.5,116,"COVID-19"
"DE-SH","00+",2022-01-11,2021-12-25,"-17 day ahead inc hosp","quantile",0.75,118,"COVID-19"
"DE-SH","00+",2022-01-11,2021-12-25,"-17 day ahead inc hosp","quantile",0.9,120,"COVID-19"
"DE-SH","00+",2022-01-11,2021-12-25,"-17 day ahead inc hosp","quantile",0.975,123,"COVID-19"
"DE-SH","00+",2022-01-11,2021-12-24,"-18 day ahead inc hosp","mean",NA,139,"COVID-19"
"DE-SH","00+",2022-01-11,2021-12-24,"-18 day ahead inc hosp","quantile",0.025,136,"COVID-19"
"DE-SH","00+",2022-01-11,2021-12-24,"-18 day ahead inc hosp","quantile",0.1,136,"COVID-19"
"DE-SH","00+",2022-01-11,2021-12-24,"-18 day ahead inc hosp","quantile",0.25,137,"COVID-19"
"DE-SH","00+",2022-01-11,2021-12-24,"-18 day ahead inc hosp","quantile",0.5,138,"COVID-19"
"DE-SH","00+",2022-01-11,2021-12-24,"-18 day ahead inc hosp","quantile",0.75,141,"COVID-19"
"DE-SH","00+",2022-01-11,2021-12-24,"-18 day ahead inc hosp","quantile",0.9,143,"COVID-19"
"DE-SH","00+",2022-01-11,2021-12-24,"-18 day ahead inc hosp","quantile",0.975,147,"COVID-19"
"DE-SH","00+",2022-01-11,2021-12-23,"-19 day ahead inc hosp","mean",NA,150,"COVID-19"
"DE-SH","00+",2022-01-11,2021-12-23,"-19 day ahead inc hosp","quantile",0.025,147,"COVID-19"
"DE-SH","00+",2022-01-11,2021-12-23,"-19 day ahead inc hosp","quantile",0.1,147,"COVID-19"
"DE-SH","00+",2022-01-11,2021-12-23,"-19 day ahead inc hosp","quantile",0.25,148,"COVID-19"
"DE-SH","00+",2022-01-11,2021-12-23,"-19 day ahead inc hosp","quantile",0.5,149,"COVID-19"
"DE-SH","00+",2022-01-11,2021-12-23,"-19 day ahead inc hosp","quantile",0.75,151,"COVID-19"
"DE-SH","00+",2022-01-11,2021-12-23,"-19 day ahead inc hosp","quantile",0.9,154,"COVID-19"
"DE-SH","00+",2022-01-11,2021-12-23,"-19 day ahead inc hosp","quantile",0.975,158,"COVID-19"
"DE-SH","00+",2022-01-11,2021-12-22,"-20 day ahead inc hosp","mean",NA,158,"COVID-19"
"DE-SH","00+",2022-01-11,2021-12-22,"-20 day ahead inc hosp","quantile",0.025,155,"COVID-19"
"DE-SH","00+",2022-01-11,2021-12-22,"-20 day ahead inc hosp","quantile",0.1,155,"COVID-19"
"DE-SH","00+",2022-01-11,2021-12-22,"-20 day ahead inc hosp","quantile",0.25,156,"COVID-19"
"DE-SH","00+",2022-01-11,2021-12-22,"-20 day ahead inc hosp","quantile",0.5,157,"COVID-19"
"DE-SH","00+",2022-01-11,2021-12-22,"-20 day ahead inc hosp","quantile",0.75,159,"COVID-19"
"DE-SH","00+",2022-01-11,2021-12-22,"-20 day ahead inc hosp","quantile",0.9,162,"COVID-19"
"DE-SH","00+",2022-01-11,2021-12-22,"-20 day ahead inc hosp","quantile",0.975,166,"COVID-19"
"DE-SH","00+",2022-01-11,2021-12-21,"-21 day ahead inc hosp","mean",NA,166,"COVID-19"
"DE-SH","00+",2022-01-11,2021-12-21,"-21 day ahead inc hosp","quantile",0.025,163,"COVID-19"
"DE-SH","00+",2022-01-11,2021-12-21,"-21 day ahead inc hosp","quantile",0.1,163,"COVID-19"
"DE-SH","00+",2022-01-11,2021-12-21,"-21 day ahead inc hosp","quantile",0.25,164,"COVID-19"
"DE-SH","00+",2022-01-11,2021-12-21,"-21 day ahead inc hosp","quantile",0.5,165,"COVID-19"
"DE-SH","00+",2022-01-11,2021-12-21,"-21 day ahead inc hosp","quantile",0.75,167,"COVID-19"
"DE-SH","00+",2022-01-11,2021-12-21,"-21 day ahead inc hosp","quantile",0.9,170,"COVID-19"
"DE-SH","00+",2022-01-11,2021-12-21,"-21 day ahead inc hosp","quantile",0.975,174,"COVID-19"
"DE-SH","00+",2022-01-11,2021-12-20,"-22 day ahead inc hosp","mean",NA,170,"COVID-19"
"DE-SH","00+",2022-01-11,2021-12-20,"-22 day ahead inc hosp","quantile",0.025,167,"COVID-19"
"DE-SH","00+",2022-01-11,2021-12-20,"-22 day ahead inc hosp","quantile",0.1,167,"COVID-19"
"DE-SH","00+",2022-01-11,2021-12-20,"-22 day ahead inc hosp","quantile",0.25,168,"COVID-19"
"DE-SH","00+",2022-01-11,2021-12-20,"-22 day ahead inc hosp","quantile",0.5,169,"COVID-19"
"DE-SH","00+",2022-01-11,2021-12-20,"-22 day ahead inc hosp","quantile",0.75,171,"COVID-19"
"DE-SH","00+",2022-01-11,2021-12-20,"-22 day ahead inc hosp","quantile",0.9,174,"COVID-19"
"DE-SH","00+",2022-01-11,2021-12-20,"-22 day ahead inc hosp","quantile",0.975,178,"COVID-19"
"DE-SH","00+",2022-01-11,2021-12-19,"-23 day ahead inc hosp","mean",NA,171,"COVID-19"
"DE-SH","00+",2022-01-11,2021-12-19,"-23 day ahead inc hosp","quantile",0.025,168,"COVID-19"
"DE-SH","00+",2022-01-11,2021-12-19,"-23 day ahead inc hosp","quantile",0.1,168,"COVID-19"
"DE-SH","00+",2022-01-11,2021-12-19,"-23 day ahead inc hosp","quantile",0.25,169,"COVID-19"
"DE-SH","00+",2022-01-11,2021-12-19,"-23 day ahead inc hosp","quantile",0.5,170,"COVID-19"
"DE-SH","00+",2022-01-11,2021-12-19,"-23 day ahead inc hosp","quantile",0.75,172,"COVID-19"
"DE-SH","00+",2022-01-11,2021-12-19,"-23 day ahead inc hosp","quantile",0.9,175,"COVID-19"
"DE-SH","00+",2022-01-11,2021-12-19,"-23 day ahead inc hosp","quantile",0.975,179,"COVID-19"
"DE-SH","00+",2022-01-11,2021-12-18,"-24 day ahead inc hosp","mean",NA,180,"COVID-19"
"DE-SH","00+",2022-01-11,2021-12-18,"-24 day ahead inc hosp","quantile",0.025,177,"COVID-19"
"DE-SH","00+",2022-01-11,2021-12-18,"-24 day ahead inc hosp","quantile",0.1,177,"COVID-19"
"DE-SH","00+",2022-01-11,2021-12-18,"-24 day ahead inc hosp","quantile",0.25,178,"COVID-19"
"DE-SH","00+",2022-01-11,2021-12-18,"-24 day ahead inc hosp","quantile",0.5,179,"COVID-19"
"DE-SH","00+",2022-01-11,2021-12-18,"-24 day ahead inc hosp","quantile",0.75,181,"COVID-19"
"DE-SH","00+",2022-01-11,2021-12-18,"-24 day ahead inc hosp","quantile",0.9,184,"COVID-19"
"DE-SH","00+",2022-01-11,2021-12-18,"-24 day ahead inc hosp","quantile",0.975,189,"COVID-19"
"DE-SH","00+",2022-01-11,2021-12-17,"-25 day ahead inc hosp","mean",NA,174,"COVID-19"
"DE-SH","00+",2022-01-11,2021-12-17,"-25 day ahead inc hosp","quantile",0.025,171,"COVID-19"
"DE-SH","00+",2022-01-11,2021-12-17,"-25 day ahead inc hosp","quantile",0.1,171,"COVID-19"
"DE-SH","00+",2022-01-11,2021-12-17,"-25 day ahead inc hosp","quantile",0.25,171,"COVID-19"
"DE-SH","00+",2022-01-11,2021-12-17,"-25 day ahead inc hosp","quantile",0.5,173,"COVID-19"
"DE-SH","00+",2022-01-11,2021-12-17,"-25 day ahead inc hosp","quantile",0.75,175,"COVID-19"
"DE-SH","00+",2022-01-11,2021-12-17,"-25 day ahead inc hosp","quantile",0.9,178,"COVID-19"
"DE-SH","00+",2022-01-11,2021-12-17,"-25 day ahead inc hosp","quantile",0.975,182,"COVID-19"
"DE-SH","00+",2022-01-11,2021-12-16,"-26 day ahead inc hosp","mean",NA,161,"COVID-19"
"DE-SH","00+",2022-01-11,2021-12-16,"-26 day ahead inc hosp","quantile",0.025,159,"COVID-19"
"DE-SH","00+",2022-01-11,2021-12-16,"-26 day ahead inc hosp","quantile",0.1,159,"COVID-19"
"DE-SH","00+",2022-01-11,2021-12-16,"-26 day ahead inc hosp","quantile",0.25,159,"COVID-19"
"DE-SH","00+",2022-01-11,2021-12-16,"-26 day ahead inc hosp","quantile",0.5,160,"COVID-19"
"DE-SH","00+",2022-01-11,2021-12-16,"-26 day ahead inc hosp","quantile",0.75,162,"COVID-19"
"DE-SH","00+",2022-01-11,2021-12-16,"-26 day ahead inc hosp","quantile",0.9,165,"COVID-19"
"DE-SH","00+",2022-01-11,2021-12-16,"-26 day ahead inc hosp","quantile",0.975,169,"COVID-19"
"DE-SH","00+",2022-01-11,2021-12-15,"-27 day ahead inc hosp","mean",NA,143,"COVID-19"
"DE-SH","00+",2022-01-11,2021-12-15,"-27 day ahead inc hosp","quantile",0.025,141,"COVID-19"
"DE-SH","00+",2022-01-11,2021-12-15,"-27 day ahead inc hosp","quantile",0.1,141,"COVID-19"
"DE-SH","00+",2022-01-11,2021-12-15,"-27 day ahead inc hosp","quantile",0.25,141,"COVID-19"
"DE-SH","00+",2022-01-11,2021-12-15,"-27 day ahead inc hosp","quantile",0.5,142,"COVID-19"
"DE-SH","00+",2022-01-11,2021-12-15,"-27 day ahead inc hosp","quantile",0.75,144,"COVID-19"
"DE-SH","00+",2022-01-11,2021-12-15,"-27 day ahead inc hosp","quantile",0.9,146,"COVID-19"
"DE-SH","00+",2022-01-11,2021-12-15,"-27 day ahead inc hosp","quantile",0.975,149,"COVID-19"
"DE-SH","00+",2022-01-11,2021-12-14,"-28 day ahead inc hosp","mean",NA,148,"COVID-19"
"DE-SH","00+",2022-01-11,2021-12-14,"-28 day ahead inc hosp","quantile",0.025,146,"COVID-19"
"DE-SH","00+",2022-01-11,2021-12-14,"-28 day ahead inc hosp","quantile",0.1,146,"COVID-19"
"DE-SH","00+",2022-01-11,2021-12-14,"-28 day ahead inc hosp","quantile",0.25,146,"COVID-19"
"DE-SH","00+",2022-01-11,2021-12-14,"-28 day ahead inc hosp","quantile",0.5,147,"COVID-19"
"DE-SH","00+",2022-01-11,2021-12-14,"-28 day ahead inc hosp","quantile",0.75,148,"COVID-19"
"DE-SH","00+",2022-01-11,2021-12-14,"-28 day ahead inc hosp","quantile",0.9,151,"COVID-19"
"DE-SH","00+",2022-01-11,2021-12-14,"-28 day ahead inc hosp","quantile",0.975,154,"COVID-19"
"DE-SL","00+",2022-01-11,2022-01-11,"0 day ahead inc hosp","mean",NA,50,"COVID-19"
"DE-SL","00+",2022-01-11,2022-01-11,"0 day ahead inc hosp","quantile",0.025,38,"COVID-19"
"DE-SL","00+",2022-01-11,2022-01-11,"0 day ahead inc hosp","quantile",0.1,41,"COVID-19"
"DE-SL","00+",2022-01-11,2022-01-11,"0 day ahead inc hosp","quantile",0.25,44,"COVID-19"
"DE-SL","00+",2022-01-11,2022-01-11,"0 day ahead inc hosp","quantile",0.5,49,"COVID-19"
"DE-SL","00+",2022-01-11,2022-01-11,"0 day ahead inc hosp","quantile",0.75,55,"COVID-19"
"DE-SL","00+",2022-01-11,2022-01-11,"0 day ahead inc hosp","quantile",0.9,61,"COVID-19"
"DE-SL","00+",2022-01-11,2022-01-11,"0 day ahead inc hosp","quantile",0.975,69,"COVID-19"
"DE-SL","00+",2022-01-11,2022-01-10,"-1 day ahead inc hosp","mean",NA,44,"COVID-19"
"DE-SL","00+",2022-01-11,2022-01-10,"-1 day ahead inc hosp","quantile",0.025,35,"COVID-19"
"DE-SL","00+",2022-01-11,2022-01-10,"-1 day ahead inc hosp","quantile",0.1,37,"COVID-19"
"DE-SL","00+",2022-01-11,2022-01-10,"-1 day ahead inc hosp","quantile",0.25,40,"COVID-19"
"DE-SL","00+",2022-01-11,2022-01-10,"-1 day ahead inc hosp","quantile",0.5,43,"COVID-19"
"DE-SL","00+",2022-01-11,2022-01-10,"-1 day ahead inc hosp","quantile",0.75,47,"COVID-19"
"DE-SL","00+",2022-01-11,2022-01-10,"-1 day ahead inc hosp","quantile",0.9,52,"COVID-19"
"DE-SL","00+",2022-01-11,2022-01-10,"-1 day ahead inc hosp","quantile",0.975,58,"COVID-19"
"DE-SL","00+",2022-01-11,2022-01-09,"-2 day ahead inc hosp","mean",NA,39,"COVID-19"
"DE-SL","00+",2022-01-11,2022-01-09,"-2 day ahead inc hosp","quantile",0.025,32,"COVID-19"
"DE-SL","00+",2022-01-11,2022-01-09,"-2 day ahead inc hosp","quantile",0.1,34,"COVID-19"
"DE-SL","00+",2022-01-11,2022-01-09,"-2 day ahead inc hosp","quantile",0.25,36,"COVID-19"
"DE-SL","00+",2022-01-11,2022-01-09,"-2 day ahead inc hosp","quantile",0.5,39,"COVID-19"
"DE-SL","00+",2022-01-11,2022-01-09,"-2 day ahead inc hosp","quantile",0.75,42,"COVID-19"
"DE-SL","00+",2022-01-11,2022-01-09,"-2 day ahead inc hosp","quantile",0.9,46,"COVID-19"
"DE-SL","00+",2022-01-11,2022-01-09,"-2 day ahead inc hosp","quantile",0.975,51,"COVID-19"
"DE-SL","00+",2022-01-11,2022-01-08,"-3 day ahead inc hosp","mean",NA,38,"COVID-19"
"DE-SL","00+",2022-01-11,2022-01-08,"-3 day ahead inc hosp","quantile",0.025,31,"COVID-19"
"DE-SL","00+",2022-01-11,2022-01-08,"-3 day ahead inc hosp","quantile",0.1,32,"COVID-19"
"DE-SL","00+",2022-01-11,2022-01-08,"-3 day ahead inc hosp","quantile",0.25,34,"COVID-19"
"DE-SL","00+",2022-01-11,2022-01-08,"-3 day ahead inc hosp","quantile",0.5,37,"COVID-19"
"DE-SL","00+",2022-01-11,2022-01-08,"-3 day ahead inc hosp","quantile",0.75,40,"COVID-19"
"DE-SL","00+",2022-01-11,2022-01-08,"-3 day ahead inc hosp","quantile",0.9,44,"COVID-19"
"DE-SL","00+",2022-01-11,2022-01-08,"-3 day ahead inc hosp","quantile",0.975,48,"COVID-19"
"DE-SL","00+",2022-01-11,2022-01-07,"-4 day ahead inc hosp","mean",NA,32,"COVID-19"
"DE-SL","00+",2022-01-11,2022-01-07,"-4 day ahead inc hosp","quantile",0.025,26,"COVID-19"
"DE-SL","00+",2022-01-11,2022-01-07,"-4 day ahead inc hosp","quantile",0.1,27,"COVID-19"
"DE-SL","00+",2022-01-11,2022-01-07,"-4 day ahead inc hosp","quantile",0.25,29,"COVID-19"
"DE-SL","00+",2022-01-11,2022-01-07,"-4 day ahead inc hosp","quantile",0.5,31,"COVID-19"
"DE-SL","00+",2022-01-11,2022-01-07,"-4 day ahead inc hosp","quantile",0.75,34,"COVID-19"
"DE-SL","00+",2022-01-11,2022-01-07,"-4 day ahead inc hosp","quantile",0.9,36,"COVID-19"
"DE-SL","00+",2022-01-11,2022-01-07,"-4 day ahead inc hosp","quantile",0.975,40,"COVID-19"
"DE-SL","00+",2022-01-11,2022-01-06,"-5 day ahead inc hosp","mean",NA,30,"COVID-19"
"DE-SL","00+",2022-01-11,2022-01-06,"-5 day ahead inc hosp","quantile",0.025,25,"COVID-19"
"DE-SL","00+",2022-01-11,2022-01-06,"-5 day ahead inc hosp","quantile",0.1,26,"COVID-19"
"DE-SL","00+",2022-01-11,2022-01-06,"-5 day ahead inc hosp","quantile",0.25,27,"COVID-19"
"DE-SL","00+",2022-01-11,2022-01-06,"-5 day ahead inc hosp","quantile",0.5,29,"COVID-19"
"DE-SL","00+",2022-01-11,2022-01-06,"-5 day ahead inc hosp","quantile",0.75,32,"COVID-19"
"DE-SL","00+",2022-01-11,2022-01-06,"-5 day ahead inc hosp","quantile",0.9,34,"COVID-19"
"DE-SL","00+",2022-01-11,2022-01-06,"-5 day ahead inc hosp","quantile",0.975,38,"COVID-19"
"DE-SL","00+",2022-01-11,2022-01-05,"-6 day ahead inc hosp","mean",NA,27,"COVID-19"
"DE-SL","00+",2022-01-11,2022-01-05,"-6 day ahead inc hosp","quantile",0.025,22,"COVID-19"
"DE-SL","00+",2022-01-11,2022-01-05,"-6 day ahead inc hosp","quantile",0.1,23,"COVID-19"
"DE-SL","00+",2022-01-11,2022-01-05,"-6 day ahead inc hosp","quantile",0.25,24,"COVID-19"
"DE-SL","00+",2022-01-11,2022-01-05,"-6 day ahead inc hosp","quantile",0.5,26,"COVID-19"
"DE-SL","00+",2022-01-11,2022-01-05,"-6 day ahead inc hosp","quantile",0.75,28,"COVID-19"
"DE-SL","00+",2022-01-11,2022-01-05,"-6 day ahead inc hosp","quantile",0.9,31,"COVID-19"
"DE-SL","00+",2022-01-11,2022-01-05,"-6 day ahead inc hosp","quantile",0.975,33,"COVID-19"
"DE-SL","00+",2022-01-11,2022-01-04,"-7 day ahead inc hosp","mean",NA,25,"COVID-19"
"DE-SL","00+",2022-01-11,2022-01-04,"-7 day ahead inc hosp","quantile",0.025,22,"COVID-19"
"DE-SL","00+",2022-01-11,2022-01-04,"-7 day ahead inc hosp","quantile",0.1,23,"COVID-19"
"DE-SL","00+",2022-01-11,2022-01-04,"-7 day ahead inc hosp","quantile",0.25,23,"COVID-19"
"DE-SL","00+",2022-01-11,2022-01-04,"-7 day ahead inc hosp","quantile",0.5,25,"COVID-19"
"DE-SL","00+",2022-01-11,2022-01-04,"-7 day ahead inc hosp","quantile",0.75,26,"COVID-19"
"DE-SL","00+",2022-01-11,2022-01-04,"-7 day ahead inc hosp","quantile",0.9,28,"COVID-19"
"DE-SL","00+",2022-01-11,2022-01-04,"-7 day ahead inc hosp","quantile",0.975,30,"COVID-19"
"DE-SL","00+",2022-01-11,2022-01-03,"-8 day ahead inc hosp","mean",NA,29,"COVID-19"
"DE-SL","00+",2022-01-11,2022-01-03,"-8 day ahead inc hosp","quantile",0.025,26,"COVID-19"
"DE-SL","00+",2022-01-11,2022-01-03,"-8 day ahead inc hosp","quantile",0.1,26,"COVID-19"
"DE-SL","00+",2022-01-11,2022-01-03,"-8 day ahead inc hosp","quantile",0.25,27,"COVID-19"
"DE-SL","00+",2022-01-11,2022-01-03,"-8 day ahead inc hosp","quantile",0.5,29,"COVID-19"
"DE-SL","00+",2022-01-11,2022-01-03,"-8 day ahead inc hosp","quantile",0.75,30,"COVID-19"
"DE-SL","00+",2022-01-11,2022-01-03,"-8 day ahead inc hosp","quantile",0.9,32,"COVID-19"
"DE-SL","00+",2022-01-11,2022-01-03,"-8 day ahead inc hosp","quantile",0.975,34,"COVID-19"
"DE-SL","00+",2022-01-11,2022-01-02,"-9 day ahead inc hosp","mean",NA,31,"COVID-19"
"DE-SL","00+",2022-01-11,2022-01-02,"-9 day ahead inc hosp","quantile",0.025,28,"COVID-19"
"DE-SL","00+",2022-01-11,2022-01-02,"-9 day ahead inc hosp","quantile",0.1,29,"COVID-19"
"DE-SL","00+",2022-01-11,2022-01-02,"-9 day ahead inc hosp","quantile",0.25,29,"COVID-19"
"DE-SL","00+",2022-01-11,2022-01-02,"-9 day ahead inc hosp","quantile",0.5,31,"COVID-19"
"DE-SL","00+",2022-01-11,2022-01-02,"-9 day ahead inc hosp","quantile",0.75,32,"COVID-19"
"DE-SL","00+",2022-01-11,2022-01-02,"-9 day ahead inc hosp","quantile",0.9,34,"COVID-19"
"DE-SL","00+",2022-01-11,2022-01-02,"-9 day ahead inc hosp","quantile",0.975,37,"COVID-19"
"DE-SL","00+",2022-01-11,2022-01-01,"-10 day ahead inc hosp","mean",NA,34,"COVID-19"
"DE-SL","00+",2022-01-11,2022-01-01,"-10 day ahead inc hosp","quantile",0.025,31,"COVID-19"
"DE-SL","00+",2022-01-11,2022-01-01,"-10 day ahead inc hosp","quantile",0.1,32,"COVID-19"
"DE-SL","00+",2022-01-11,2022-01-01,"-10 day ahead inc hosp","quantile",0.25,32,"COVID-19"
"DE-SL","00+",2022-01-11,2022-01-01,"-10 day ahead inc hosp","quantile",0.5,34,"COVID-19"
"DE-SL","00+",2022-01-11,2022-01-01,"-10 day ahead inc hosp","quantile",0.75,35,"COVID-19"
"DE-SL","00+",2022-01-11,2022-01-01,"-10 day ahead inc hosp","quantile",0.9,37,"COVID-19"
"DE-SL","00+",2022-01-11,2022-01-01,"-10 day ahead inc hosp","quantile",0.975,40,"COVID-19"
"DE-SL","00+",2022-01-11,2021-12-31,"-11 day ahead inc hosp","mean",NA,34,"COVID-19"
"DE-SL","00+",2022-01-11,2021-12-31,"-11 day ahead inc hosp","quantile",0.025,31,"COVID-19"
"DE-SL","00+",2022-01-11,2021-12-31,"-11 day ahead inc hosp","quantile",0.1,31,"COVID-19"
"DE-SL","00+",2022-01-11,2021-12-31,"-11 day ahead inc hosp","quantile",0.25,32,"COVID-19"
"DE-SL","00+",2022-01-11,2021-12-31,"-11 day ahead inc hosp","quantile",0.5,33,"COVID-19"
"DE-SL","00+",2022-01-11,2021-12-31,"-11 day ahead inc hosp","quantile",0.75,35,"COVID-19"
"DE-SL","00+",2022-01-11,2021-12-31,"-11 day ahead inc hosp","quantile",0.9,37,"COVID-19"
"DE-SL","00+",2022-01-11,2021-12-31,"-11 day ahead inc hosp","quantile",0.975,39,"COVID-19"
"DE-SL","00+",2022-01-11,2021-12-30,"-12 day ahead inc hosp","mean",NA,41,"COVID-19"
"DE-SL","00+",2022-01-11,2021-12-30,"-12 day ahead inc hosp","quantile",0.025,38,"COVID-19"
"DE-SL","00+",2022-01-11,2021-12-30,"-12 day ahead inc hosp","quantile",0.1,39,"COVID-19"
"DE-SL","00+",2022-01-11,2021-12-30,"-12 day ahead inc hosp","quantile",0.25,39,"COVID-19"
"DE-SL","00+",2022-01-11,2021-12-30,"-12 day ahead inc hosp","quantile",0.5,41,"COVID-19"
"DE-SL","00+",2022-01-11,2021-12-30,"-12 day ahead inc hosp","quantile",0.75,42,"COVID-19"
"DE-SL","00+",2022-01-11,2021-12-30,"-12 day ahead inc hosp","quantile",0.9,44,"COVID-19"
"DE-SL","00+",2022-01-11,2021-12-30,"-12 day ahead inc hosp","quantile",0.975,46,"COVID-19"
"DE-SL","00+",2022-01-11,2021-12-29,"-13 day ahead inc hosp","mean",NA,45,"COVID-19"
"DE-SL","00+",2022-01-11,2021-12-29,"-13 day ahead inc hosp","quantile",0.025,42,"COVID-19"
"DE-SL","00+",2022-01-11,2021-12-29,"-13 day ahead inc hosp","quantile",0.1,43,"COVID-19"
"DE-SL","00+",2022-01-11,2021-12-29,"-13 day ahead inc hosp","quantile",0.25,43,"COVID-19"
"DE-SL","00+",2022-01-11,2021-12-29,"-13 day ahead inc hosp","quantile",0.5,45,"COVID-19"
"DE-SL","00+",2022-01-11,2021-12-29,"-13 day ahead inc hosp","quantile",0.75,46,"COVID-19"
"DE-SL","00+",2022-01-11,2021-12-29,"-13 day ahead inc hosp","quantile",0.9,48,"COVID-19"
"DE-SL","00+",2022-01-11,2021-12-29,"-13 day ahead inc hosp","quantile",0.975,50,"COVID-19"
"DE-SL","00+",2022-01-11,2021-12-28,"-14 day ahead inc hosp","mean",NA,50,"COVID-19"
"DE-SL","00+",2022-01-11,2021-12-28,"-14 day ahead inc hosp","quantile",0.025,47,"COVID-19"
"DE-SL","00+",2022-01-11,2021-12-28,"-14 day ahead inc hosp","quantile",0.1,48,"COVID-19"
"DE-SL","00+",2022-01-11,2021-12-28,"-14 day ahead inc hosp","quantile",0.25,48,"COVID-19"
"DE-SL","00+",2022-01-11,2021-12-28,"-14 day ahead inc hosp","quantile",0.5,49,"COVID-19"
"DE-SL","00+",2022-01-11,2021-12-28,"-14 day ahead inc hosp","quantile",0.75,51,"COVID-19"
"DE-SL","00+",2022-01-11,2021-12-28,"-14 day ahead inc hosp","quantile",0.9,52,"COVID-19"
"DE-SL","00+",2022-01-11,2021-12-28,"-14 day ahead inc hosp","quantile",0.975,54,"COVID-19"
"DE-SL","00+",2022-01-11,2021-12-27,"-15 day ahead inc hosp","mean",NA,49,"COVID-19"
"DE-SL","00+",2022-01-11,2021-12-27,"-15 day ahead inc hosp","quantile",0.025,47,"COVID-19"
"DE-SL","00+",2022-01-11,2021-12-27,"-15 day ahead inc hosp","quantile",0.1,47,"COVID-19"
"DE-SL","00+",2022-01-11,2021-12-27,"-15 day ahead inc hosp","quantile",0.25,48,"COVID-19"
"DE-SL","00+",2022-01-11,2021-12-27,"-15 day ahead inc hosp","quantile",0.5,49,"COVID-19"
"DE-SL","00+",2022-01-11,2021-12-27,"-15 day ahead inc hosp","quantile",0.75,50,"COVID-19"
"DE-SL","00+",2022-01-11,2021-12-27,"-15 day ahead inc hosp","quantile",0.9,51,"COVID-19"
"DE-SL","00+",2022-01-11,2021-12-27,"-15 day ahead inc hosp","quantile",0.975,53,"COVID-19"
"DE-SL","00+",2022-01-11,2021-12-26,"-16 day ahead inc hosp","mean",NA,50,"COVID-19"
"DE-SL","00+",2022-01-11,2021-12-26,"-16 day ahead inc hosp","quantile",0.025,48,"COVID-19"
"DE-SL","00+",2022-01-11,2021-12-26,"-16 day ahead inc hosp","quantile",0.1,48,"COVID-19"
"DE-SL","00+",2022-01-11,2021-12-26,"-16 day ahead inc hosp","quantile",0.25,49,"COVID-19"
"DE-SL","00+",2022-01-11,2021-12-26,"-16 day ahead inc hosp","quantile",0.5,50,"COVID-19"
"DE-SL","00+",2022-01-11,2021-12-26,"-16 day ahead inc hosp","quantile",0.75,51,"COVID-19"
"DE-SL","00+",2022-01-11,2021-12-26,"-16 day ahead inc hosp","quantile",0.9,52,"COVID-19"
"DE-SL","00+",2022-01-11,2021-12-26,"-16 day ahead inc hosp","quantile",0.975,54,"COVID-19"
"DE-SL","00+",2022-01-11,2021-12-25,"-17 day ahead inc hosp","mean",NA,49,"COVID-19"
"DE-SL","00+",2022-01-11,2021-12-25,"-17 day ahead inc hosp","quantile",0.025,47,"COVID-19"
"DE-SL","00+",2022-01-11,2021-12-25,"-17 day ahead inc hosp","quantile",0.1,47,"COVID-19"
"DE-SL","00+",2022-01-11,2021-12-25,"-17 day ahead inc hosp","quantile",0.25,48,"COVID-19"
"DE-SL","00+",2022-01-11,2021-12-25,"-17 day ahead inc hosp","quantile",0.5,49,"COVID-19"
"DE-SL","00+",2022-01-11,2021-12-25,"-17 day ahead inc hosp","quantile",0.75,50,"COVID-19"
"DE-SL","00+",2022-01-11,2021-12-25,"-17 day ahead inc hosp","quantile",0.9,51,"COVID-19"
"DE-SL","00+",2022-01-11,2021-12-25,"-17 day ahead inc hosp","quantile",0.975,52,"COVID-19"
"DE-SL","00+",2022-01-11,2021-12-24,"-18 day ahead inc hosp","mean",NA,51,"COVID-19"
"DE-SL","00+",2022-01-11,2021-12-24,"-18 day ahead inc hosp","quantile",0.025,49,"COVID-19"
"DE-SL","00+",2022-01-11,2021-12-24,"-18 day ahead inc hosp","quantile",0.1,49,"COVID-19"
"DE-SL","00+",2022-01-11,2021-12-24,"-18 day ahead inc hosp","quantile",0.25,50,"COVID-19"
"DE-SL","00+",2022-01-11,2021-12-24,"-18 day ahead inc hosp","quantile",0.5,51,"COVID-19"
"DE-SL","00+",2022-01-11,2021-12-24,"-18 day ahead inc hosp","quantile",0.75,52,"COVID-19"
"DE-SL","00+",2022-01-11,2021-12-24,"-18 day ahead inc hosp","quantile",0.9,53,"COVID-19"
"DE-SL","00+",2022-01-11,2021-12-24,"-18 day ahead inc hosp","quantile",0.975,54,"COVID-19"
"DE-SL","00+",2022-01-11,2021-12-23,"-19 day ahead inc hosp","mean",NA,52,"COVID-19"
"DE-SL","00+",2022-01-11,2021-12-23,"-19 day ahead inc hosp","quantile",0.025,51,"COVID-19"
"DE-SL","00+",2022-01-11,2021-12-23,"-19 day ahead inc hosp","quantile",0.1,51,"COVID-19"
"DE-SL","00+",2022-01-11,2021-12-23,"-19 day ahead inc hosp","quantile",0.25,52,"COVID-19"
"DE-SL","00+",2022-01-11,2021-12-23,"-19 day ahead inc hosp","quantile",0.5,52,"COVID-19"
"DE-SL","00+",2022-01-11,2021-12-23,"-19 day ahead inc hosp","quantile",0.75,53,"COVID-19"
"DE-SL","00+",2022-01-11,2021-12-23,"-19 day ahead inc hosp","quantile",0.9,54,"COVID-19"
"DE-SL","00+",2022-01-11,2021-12-23,"-19 day ahead inc hosp","quantile",0.975,55,"COVID-19"
"DE-SL","00+",2022-01-11,2021-12-22,"-20 day ahead inc hosp","mean",NA,53,"COVID-19"
"DE-SL","00+",2022-01-11,2021-12-22,"-20 day ahead inc hosp","quantile",0.025,52,"COVID-19"
"DE-SL","00+",2022-01-11,2021-12-22,"-20 day ahead inc hosp","quantile",0.1,52,"COVID-19"
"DE-SL","00+",2022-01-11,2021-12-22,"-20 day ahead inc hosp","quantile",0.25,52,"COVID-19"
"DE-SL","00+",2022-01-11,2021-12-22,"-20 day ahead inc hosp","quantile",0.5,53,"COVID-19"
"DE-SL","00+",2022-01-11,2021-12-22,"-20 day ahead inc hosp","quantile",0.75,54,"COVID-19"
"DE-SL","00+",2022-01-11,2021-12-22,"-20 day ahead inc hosp","quantile",0.9,55,"COVID-19"
"DE-SL","00+",2022-01-11,2021-12-22,"-20 day ahead inc hosp","quantile",0.975,56,"COVID-19"
"DE-SL","00+",2022-01-11,2021-12-21,"-21 day ahead inc hosp","mean",NA,55,"COVID-19"
"DE-SL","00+",2022-01-11,2021-12-21,"-21 day ahead inc hosp","quantile",0.025,54,"COVID-19"
"DE-SL","00+",2022-01-11,2021-12-21,"-21 day ahead inc hosp","quantile",0.1,54,"COVID-19"
"DE-SL","00+",2022-01-11,2021-12-21,"-21 day ahead inc hosp","quantile",0.25,54,"COVID-19"
"DE-SL","00+",2022-01-11,2021-12-21,"-21 day ahead inc hosp","quantile",0.5,55,"COVID-19"
"DE-SL","00+",2022-01-11,2021-12-21,"-21 day ahead inc hosp","quantile",0.75,55,"COVID-19"
"DE-SL","00+",2022-01-11,2021-12-21,"-21 day ahead inc hosp","quantile",0.9,56,"COVID-19"
"DE-SL","00+",2022-01-11,2021-12-21,"-21 day ahead inc hosp","quantile",0.975,57,"COVID-19"
"DE-SL","00+",2022-01-11,2021-12-20,"-22 day ahead inc hosp","mean",NA,61,"COVID-19"
"DE-SL","00+",2022-01-11,2021-12-20,"-22 day ahead inc hosp","quantile",0.025,60,"COVID-19"
"DE-SL","00+",2022-01-11,2021-12-20,"-22 day ahead inc hosp","quantile",0.1,60,"COVID-19"
"DE-SL","00+",2022-01-11,2021-12-20,"-22 day ahead inc hosp","quantile",0.25,60,"COVID-19"
"DE-SL","00+",2022-01-11,2021-12-20,"-22 day ahead inc hosp","quantile",0.5,61,"COVID-19"
"DE-SL","00+",2022-01-11,2021-12-20,"-22 day ahead inc hosp","quantile",0.75,61,"COVID-19"
"DE-SL","00+",2022-01-11,2021-12-20,"-22 day ahead inc hosp","quantile",0.9,62,"COVID-19"
"DE-SL","00+",2022-01-11,2021-12-20,"-22 day ahead inc hosp","quantile",0.975,63,"COVID-19"
"DE-SL","00+",2022-01-11,2021-12-19,"-23 day ahead inc hosp","mean",NA,66,"COVID-19"
"DE-SL","00+",2022-01-11,2021-12-19,"-23 day ahead inc hosp","quantile",0.025,65,"COVID-19"
"DE-SL","00+",2022-01-11,2021-12-19,"-23 day ahead inc hosp","quantile",0.1,65,"COVID-19"
"DE-SL","00+",2022-01-11,2021-12-19,"-23 day ahead inc hosp","quantile",0.25,65,"COVID-19"
"DE-SL","00+",2022-01-11,2021-12-19,"-23 day ahead inc hosp","quantile",0.5,65,"COVID-19"
"DE-SL","00+",2022-01-11,2021-12-19,"-23 day ahead inc hosp","quantile",0.75,66,"COVID-19"
"DE-SL","00+",2022-01-11,2021-12-19,"-23 day ahead inc hosp","quantile",0.9,67,"COVID-19"
"DE-SL","00+",2022-01-11,2021-12-19,"-23 day ahead inc hosp","quantile",0.975,68,"COVID-19"
"DE-SL","00+",2022-01-11,2021-12-18,"-24 day ahead inc hosp","mean",NA,70,"COVID-19"
"DE-SL","00+",2022-01-11,2021-12-18,"-24 day ahead inc hosp","quantile",0.025,69,"COVID-19"
"DE-SL","00+",2022-01-11,2021-12-18,"-24 day ahead inc hosp","quantile",0.1,69,"COVID-19"
"DE-SL","00+",2022-01-11,2021-12-18,"-24 day ahead inc hosp","quantile",0.25,69,"COVID-19"
"DE-SL","00+",2022-01-11,2021-12-18,"-24 day ahead inc hosp","quantile",0.5,69,"COVID-19"
"DE-SL","00+",2022-01-11,2021-12-18,"-24 day ahead inc hosp","quantile",0.75,70,"COVID-19"
"DE-SL","00+",2022-01-11,2021-12-18,"-24 day ahead inc hosp","quantile",0.9,71,"COVID-19"
"DE-SL","00+",2022-01-11,2021-12-18,"-24 day ahead inc hosp","quantile",0.975,72,"COVID-19"
"DE-SL","00+",2022-01-11,2021-12-17,"-25 day ahead inc hosp","mean",NA,74,"COVID-19"
"DE-SL","00+",2022-01-11,2021-12-17,"-25 day ahead inc hosp","quantile",0.025,73,"COVID-19"
"DE-SL","00+",2022-01-11,2021-12-17,"-25 day ahead inc hosp","quantile",0.1,73,"COVID-19"
"DE-SL","00+",2022-01-11,2021-12-17,"-25 day ahead inc hosp","quantile",0.25,73,"COVID-19"
"DE-SL","00+",2022-01-11,2021-12-17,"-25 day ahead inc hosp","quantile",0.5,73,"COVID-19"
"DE-SL","00+",2022-01-11,2021-12-17,"-25 day ahead inc hosp","quantile",0.75,74,"COVID-19"
"DE-SL","00+",2022-01-11,2021-12-17,"-25 day ahead inc hosp","quantile",0.9,75,"COVID-19"
"DE-SL","00+",2022-01-11,2021-12-17,"-25 day ahead inc hosp","quantile",0.975,76,"COVID-19"
"DE-SL","00+",2022-01-11,2021-12-16,"-26 day ahead inc hosp","mean",NA,73,"COVID-19"
"DE-SL","00+",2022-01-11,2021-12-16,"-26 day ahead inc hosp","quantile",0.025,73,"COVID-19"
"DE-SL","00+",2022-01-11,2021-12-16,"-26 day ahead inc hosp","quantile",0.1,73,"COVID-19"
"DE-SL","00+",2022-01-11,2021-12-16,"-26 day ahead inc hosp","quantile",0.25,73,"COVID-19"
"DE-SL","00+",2022-01-11,2021-12-16,"-26 day ahead inc hosp","quantile",0.5,73,"COVID-19"
"DE-SL","00+",2022-01-11,2021-12-16,"-26 day ahead inc hosp","quantile",0.75,74,"COVID-19"
"DE-SL","00+",2022-01-11,2021-12-16,"-26 day ahead inc hosp","quantile",0.9,74,"COVID-19"
"DE-SL","00+",2022-01-11,2021-12-16,"-26 day ahead inc hosp","quantile",0.975,75,"COVID-19"
"DE-SL","00+",2022-01-11,2021-12-15,"-27 day ahead inc hosp","mean",NA,85,"COVID-19"
"DE-SL","00+",2022-01-11,2021-12-15,"-27 day ahead inc hosp","quantile",0.025,85,"COVID-19"
"DE-SL","00+",2022-01-11,2021-12-15,"-27 day ahead inc hosp","quantile",0.1,85,"COVID-19"
"DE-SL","00+",2022-01-11,2021-12-15,"-27 day ahead inc hosp","quantile",0.25,85,"COVID-19"
"DE-SL","00+",2022-01-11,2021-12-15,"-27 day ahead inc hosp","quantile",0.5,85,"COVID-19"
"DE-SL","00+",2022-01-11,2021-12-15,"-27 day ahead inc hosp","quantile",0.75,86,"COVID-19"
"DE-SL","00+",2022-01-11,2021-12-15,"-27 day ahead inc hosp","quantile",0.9,86,"COVID-19"
"DE-SL","00+",2022-01-11,2021-12-15,"-27 day ahead inc hosp","quantile",0.975,87,"COVID-19"
"DE-SL","00+",2022-01-11,2021-12-14,"-28 day ahead inc hosp","mean",NA,86,"COVID-19"
"DE-SL","00+",2022-01-11,2021-12-14,"-28 day ahead inc hosp","quantile",0.025,86,"COVID-19"
"DE-SL","00+",2022-01-11,2021-12-14,"-28 day ahead inc hosp","quantile",0.1,86,"COVID-19"
"DE-SL","00+",2022-01-11,2021-12-14,"-28 day ahead inc hosp","quantile",0.25,86,"COVID-19"
"DE-SL","00+",2022-01-11,2021-12-14,"-28 day ahead inc hosp","quantile",0.5,86,"COVID-19"
"DE-SL","00+",2022-01-11,2021-12-14,"-28 day ahead inc hosp","quantile",0.75,86,"COVID-19"
"DE-SL","00+",2022-01-11,2021-12-14,"-28 day ahead inc hosp","quantile",0.9,87,"COVID-19"
"DE-SL","00+",2022-01-11,2021-12-14,"-28 day ahead inc hosp","quantile",0.975,87,"COVID-19"
"DE-SN","00+",2022-01-11,2022-01-11,"0 day ahead inc hosp","mean",NA,538,"COVID-19"
"DE-SN","00+",2022-01-11,2022-01-11,"0 day ahead inc hosp","quantile",0.025,174,"COVID-19"
"DE-SN","00+",2022-01-11,2022-01-11,"0 day ahead inc hosp","quantile",0.1,216,"COVID-19"
"DE-SN","00+",2022-01-11,2022-01-11,"0 day ahead inc hosp","quantile",0.25,294,"COVID-19"
"DE-SN","00+",2022-01-11,2022-01-11,"0 day ahead inc hosp","quantile",0.5,445,"COVID-19"
"DE-SN","00+",2022-01-11,2022-01-11,"0 day ahead inc hosp","quantile",0.75,683,"COVID-19"
"DE-SN","00+",2022-01-11,2022-01-11,"0 day ahead inc hosp","quantile",0.9,983,"COVID-19"
"DE-SN","00+",2022-01-11,2022-01-11,"0 day ahead inc hosp","quantile",0.975,1423,"COVID-19"
"DE-SN","00+",2022-01-11,2022-01-10,"-1 day ahead inc hosp","mean",NA,474,"COVID-19"
"DE-SN","00+",2022-01-11,2022-01-10,"-1 day ahead inc hosp","quantile",0.025,216,"COVID-19"
"DE-SN","00+",2022-01-11,2022-01-10,"-1 day ahead inc hosp","quantile",0.1,246,"COVID-19"
"DE-SN","00+",2022-01-11,2022-01-10,"-1 day ahead inc hosp","quantile",0.25,301,"COVID-19"
"DE-SN","00+",2022-01-11,2022-01-10,"-1 day ahead inc hosp","quantile",0.5,408,"COVID-19"
"DE-SN","00+",2022-01-11,2022-01-10,"-1 day ahead inc hosp","quantile",0.75,577,"COVID-19"
"DE-SN","00+",2022-01-11,2022-01-10,"-1 day ahead inc hosp","quantile",0.9,790,"COVID-19"
"DE-SN","00+",2022-01-11,2022-01-10,"-1 day ahead inc hosp","quantile",0.975,1102,"COVID-19"
"DE-SN","00+",2022-01-11,2022-01-09,"-2 day ahead inc hosp","mean",NA,464,"COVID-19"
"DE-SN","00+",2022-01-11,2022-01-09,"-2 day ahead inc hosp","quantile",0.025,223,"COVID-19"
"DE-SN","00+",2022-01-11,2022-01-09,"-2 day ahead inc hosp","quantile",0.1,249,"COVID-19"
"DE-SN","00+",2022-01-11,2022-01-09,"-2 day ahead inc hosp","quantile",0.25,299,"COVID-19"
"DE-SN","00+",2022-01-11,2022-01-09,"-2 day ahead inc hosp","quantile",0.5,399,"COVID-19"
"DE-SN","00+",2022-01-11,2022-01-09,"-2 day ahead inc hosp","quantile",0.75,560,"COVID-19"
"DE-SN","00+",2022-01-11,2022-01-09,"-2 day ahead inc hosp","quantile",0.9,764,"COVID-19"
"DE-SN","00+",2022-01-11,2022-01-09,"-2 day ahead inc hosp","quantile",0.975,1066,"COVID-19"
"DE-SN","00+",2022-01-11,2022-01-08,"-3 day ahead inc hosp","mean",NA,485,"COVID-19"
"DE-SN","00+",2022-01-11,2022-01-08,"-3 day ahead inc hosp","quantile",0.025,241,"COVID-19"
"DE-SN","00+",2022-01-11,2022-01-08,"-3 day ahead inc hosp","quantile",0.1,267,"COVID-19"
"DE-SN","00+",2022-01-11,2022-01-08,"-3 day ahead inc hosp","quantile",0.25,317,"COVID-19"
"DE-SN","00+",2022-01-11,2022-01-08,"-3 day ahead inc hosp","quantile",0.5,419,"COVID-19"
"DE-SN","00+",2022-01-11,2022-01-08,"-3 day ahead inc hosp","quantile",0.75,582,"COVID-19"
"DE-SN","00+",2022-01-11,2022-01-08,"-3 day ahead inc hosp","quantile",0.9,791,"COVID-19"
"DE-SN","00+",2022-01-11,2022-01-08,"-3 day ahead inc hosp","quantile",0.975,1099,"COVID-19"
"DE-SN","00+",2022-01-11,2022-01-07,"-4 day ahead inc hosp","mean",NA,499,"COVID-19"
"DE-SN","00+",2022-01-11,2022-01-07,"-4 day ahead inc hosp","quantile",0.025,257,"COVID-19"
"DE-SN","00+",2022-01-11,2022-01-07,"-4 day ahead inc hosp","quantile",0.1,282,"COVID-19"
"DE-SN","00+",2022-01-11,2022-01-07,"-4 day ahead inc hosp","quantile",0.25,332,"COVID-19"
"DE-SN","00+",2022-01-11,2022-01-07,"-4 day ahead inc hosp","quantile",0.5,433,"COVID-19"
"DE-SN","00+",2022-01-11,2022-01-07,"-4 day ahead inc hosp","quantile",0.75,595,"COVID-19"
"DE-SN","00+",2022-01-11,2022-01-07,"-4 day ahead inc hosp","quantile",0.9,802,"COVID-19"
"DE-SN","00+",2022-01-11,2022-01-07,"-4 day ahead inc hosp","quantile",0.975,1110,"COVID-19"
"DE-SN","00+",2022-01-11,2022-01-06,"-5 day ahead inc hosp","mean",NA,494,"COVID-19"
"DE-SN","00+",2022-01-11,2022-01-06,"-5 day ahead inc hosp","quantile",0.025,273,"COVID-19"
"DE-SN","00+",2022-01-11,2022-01-06,"-5 day ahead inc hosp","quantile",0.1,295,"COVID-19"
"DE-SN","00+",2022-01-11,2022-01-06,"-5 day ahead inc hosp","quantile",0.25,340,"COVID-19"
"DE-SN","00+",2022-01-11,2022-01-06,"-5 day ahead inc hosp","quantile",0.5,433,"COVID-19"
"DE-SN","00+",2022-01-11,2022-01-06,"-5 day ahead inc hosp","quantile",0.75,582,"COVID-19"
"DE-SN","00+",2022-01-11,2022-01-06,"-5 day ahead inc hosp","quantile",0.9,774,"COVID-19"
"DE-SN","00+",2022-01-11,2022-01-06,"-5 day ahead inc hosp","quantile",0.975,1058,"COVID-19"
"DE-SN","00+",2022-01-11,2022-01-05,"-6 day ahead inc hosp","mean",NA,487,"COVID-19"
"DE-SN","00+",2022-01-11,2022-01-05,"-6 day ahead inc hosp","quantile",0.025,286,"COVID-19"
"DE-SN","00+",2022-01-11,2022-01-05,"-6 day ahead inc hosp","quantile",0.1,306,"COVID-19"
"DE-SN","00+",2022-01-11,2022-01-05,"-6 day ahead inc hosp","quantile",0.25,347,"COVID-19"
"DE-SN","00+",2022-01-11,2022-01-05,"-6 day ahead inc hosp","quantile",0.5,431,"COVID-19"
"DE-SN","00+",2022-01-11,2022-01-05,"-6 day ahead inc hosp","quantile",0.75,567,"COVID-19"
"DE-SN","00+",2022-01-11,2022-01-05,"-6 day ahead inc hosp","quantile",0.9,743,"COVID-19"
"DE-SN","00+",2022-01-11,2022-01-05,"-6 day ahead inc hosp","quantile",0.975,1005,"COVID-19"
"DE-SN","00+",2022-01-11,2022-01-04,"-7 day ahead inc hosp","mean",NA,477,"COVID-19"
"DE-SN","00+",2022-01-11,2022-01-04,"-7 day ahead inc hosp","quantile",0.025,302,"COVID-19"
"DE-SN","00+",2022-01-11,2022-01-04,"-7 day ahead inc hosp","quantile",0.1,319,"COVID-19"
"DE-SN","00+",2022-01-11,2022-01-04,"-7 day ahead inc hosp","quantile",0.25,354,"COVID-19"
"DE-SN","00+",2022-01-11,2022-01-04,"-7 day ahead inc hosp","quantile",0.5,427,"COVID-19"
"DE-SN","00+",2022-01-11,2022-01-04,"-7 day ahead inc hosp","quantile",0.75,546,"COVID-19"
"DE-SN","00+",2022-01-11,2022-01-04,"-7 day ahead inc hosp","quantile",0.9,699,"COVID-19"
"DE-SN","00+",2022-01-11,2022-01-04,"-7 day ahead inc hosp","quantile",0.975,928,"COVID-19"
"DE-SN","00+",2022-01-11,2022-01-03,"-8 day ahead inc hosp","mean",NA,468,"COVID-19"
"DE-SN","00+",2022-01-11,2022-01-03,"-8 day ahead inc hosp","quantile",0.025,318,"COVID-19"
"DE-SN","00+",2022-01-11,2022-01-03,"-8 day ahead inc hosp","quantile",0.1,333,"COVID-19"
"DE-SN","00+",2022-01-11,2022-01-03,"-8 day ahead inc hosp","quantile",0.25,363,"COVID-19"
"DE-SN","00+",2022-01-11,2022-01-03,"-8 day ahead inc hosp","quantile",0.5,426,"COVID-19"
"DE-SN","00+",2022-01-11,2022-01-03,"-8 day ahead inc hosp","quantile",0.75,527,"COVID-19"
"DE-SN","00+",2022-01-11,2022-01-03,"-8 day ahead inc hosp","quantile",0.9,658,"COVID-19"
"DE-SN","00+",2022-01-11,2022-01-03,"-8 day ahead inc hosp","quantile",0.975,853,"COVID-19"
"DE-SN","00+",2022-01-11,2022-01-02,"-9 day ahead inc hosp","mean",NA,481,"COVID-19"
"DE-SN","00+",2022-01-11,2022-01-02,"-9 day ahead inc hosp","quantile",0.025,334,"COVID-19"
"DE-SN","00+",2022-01-11,2022-01-02,"-9 day ahead inc hosp","quantile",0.1,348,"COVID-19"
"DE-SN","00+",2022-01-11,2022-01-02,"-9 day ahead inc hosp","quantile",0.25,378,"COVID-19"
"DE-SN","00+",2022-01-11,2022-01-02,"-9 day ahead inc hosp","quantile",0.5,439,"COVID-19"
"DE-SN","00+",2022-01-11,2022-01-02,"-9 day ahead inc hosp","quantile",0.75,539,"COVID-19"
"DE-SN","00+",2022-01-11,2022-01-02,"-9 day ahead inc hosp","quantile",0.9,668,"COVID-19"
"DE-SN","00+",2022-01-11,2022-01-02,"-9 day ahead inc hosp","quantile",0.975,861,"COVID-19"
"DE-SN","00+",2022-01-11,2022-01-01,"-10 day ahead inc hosp","mean",NA,471,"COVID-19"
"DE-SN","00+",2022-01-11,2022-01-01,"-10 day ahead inc hosp","quantile",0.025,334,"COVID-19"
"DE-SN","00+",2022-01-11,2022-01-01,"-10 day ahead inc hosp","quantile",0.1,347,"COVID-19"
"DE-SN","00+",2022-01-11,2022-01-01,"-10 day ahead inc hosp","quantile",0.25,375,"COVID-19"
"DE-SN","00+",2022-01-11,2022-01-01,"-10 day ahead inc hosp","quantile",0.5,433,"COVID-19"
"DE-SN","00+",2022-01-11,2022-01-01,"-10 day ahead inc hosp","quantile",0.75,526,"COVID-19"
"DE-SN","00+",2022-01-11,2022-01-01,"-10 day ahead inc hosp","quantile",0.9,647,"COVID-19"
"DE-SN","00+",2022-01-11,2022-01-01,"-10 day ahead inc hosp","quantile",0.975,827,"COVID-19"
"DE-SN","00+",2022-01-11,2021-12-31,"-11 day ahead inc hosp","mean",NA,472,"COVID-19"
"DE-SN","00+",2022-01-11,2021-12-31,"-11 day ahead inc hosp","quantile",0.025,340,"COVID-19"
"DE-SN","00+",2022-01-11,2021-12-31,"-11 day ahead inc hosp","quantile",0.1,353,"COVID-19"
"DE-SN","00+",2022-01-11,2021-12-31,"-11 day ahead inc hosp","quantile",0.25,380,"COVID-19"
"DE-SN","00+",2022-01-11,2021-12-31,"-11 day ahead inc hosp","quantile",0.5,435,"COVID-19"
"DE-SN","00+",2022-01-11,2021-12-31,"-11 day ahead inc hosp","quantile",0.75,525,"COVID-19"
"DE-SN","00+",2022-01-11,2021-12-31,"-11 day ahead inc hosp","quantile",0.9,640,"COVID-19"
"DE-SN","00+",2022-01-11,2021-12-31,"-11 day ahead inc hosp","quantile",0.975,813,"COVID-19"
"DE-SN","00+",2022-01-11,2021-12-30,"-12 day ahead inc hosp","mean",NA,478,"COVID-19"
"DE-SN","00+",2022-01-11,2021-12-30,"-12 day ahead inc hosp","quantile",0.025,356,"COVID-19"
"DE-SN","00+",2022-01-11,2021-12-30,"-12 day ahead inc hosp","quantile",0.1,368,"COVID-19"
"DE-SN","00+",2022-01-11,2021-12-30,"-12 day ahead inc hosp","quantile",0.25,392,"COVID-19"
"DE-SN","00+",2022-01-11,2021-12-30,"-12 day ahead inc hosp","quantile",0.5,443,"COVID-19"
"DE-SN","00+",2022-01-11,2021-12-30,"-12 day ahead inc hosp","quantile",0.75,527,"COVID-19"
"DE-SN","00+",2022-01-11,2021-12-30,"-12 day ahead inc hosp","quantile",0.9,635,"COVID-19"
"DE-SN","00+",2022-01-11,2021-12-30,"-12 day ahead inc hosp","quantile",0.975,797,"COVID-19"
"DE-SN","00+",2022-01-11,2021-12-29,"-13 day ahead inc hosp","mean",NA,517,"COVID-19"
"DE-SN","00+",2022-01-11,2021-12-29,"-13 day ahead inc hosp","quantile",0.025,398,"COVID-19"
"DE-SN","00+",2022-01-11,2021-12-29,"-13 day ahead inc hosp","quantile",0.1,409,"COVID-19"
"DE-SN","00+",2022-01-11,2021-12-29,"-13 day ahead inc hosp","quantile",0.25,433,"COVID-19"
"DE-SN","00+",2022-01-11,2021-12-29,"-13 day ahead inc hosp","quantile",0.5,483,"COVID-19"
"DE-SN","00+",2022-01-11,2021-12-29,"-13 day ahead inc hosp","quantile",0.75,564,"COVID-19"
"DE-SN","00+",2022-01-11,2021-12-29,"-13 day ahead inc hosp","quantile",0.9,669,"COVID-19"
"DE-SN","00+",2022-01-11,2021-12-29,"-13 day ahead inc hosp","quantile",0.975,825,"COVID-19"
"DE-SN","00+",2022-01-11,2021-12-28,"-14 day ahead inc hosp","mean",NA,577,"COVID-19"
"DE-SN","00+",2022-01-11,2021-12-28,"-14 day ahead inc hosp","quantile",0.025,462,"COVID-19"
"DE-SN","00+",2022-01-11,2021-12-28,"-14 day ahead inc hosp","quantile",0.1,474,"COVID-19"
"DE-SN","00+",2022-01-11,2021-12-28,"-14 day ahead inc hosp","quantile",0.25,497,"COVID-19"
"DE-SN","00+",2022-01-11,2021-12-28,"-14 day ahead inc hosp","quantile",0.5,545,"COVID-19"
"DE-SN","00+",2022-01-11,2021-12-28,"-14 day ahead inc hosp","quantile",0.75,623,"COVID-19"
"DE-SN","00+",2022-01-11,2021-12-28,"-14 day ahead inc hosp","quantile",0.9,724,"COVID-19"
"DE-SN","00+",2022-01-11,2021-12-28,"-14 day ahead inc hosp","quantile",0.975,873,"COVID-19"
"DE-SN","00+",2022-01-11,2021-12-27,"-15 day ahead inc hosp","mean",NA,591,"COVID-19"
"DE-SN","00+",2022-01-11,2021-12-27,"-15 day ahead inc hosp","quantile",0.025,487,"COVID-19"
"DE-SN","00+",2022-01-11,2021-12-27,"-15 day ahead inc hosp","quantile",0.1,498,"COVID-19"
"DE-SN","00+",2022-01-11,2021-12-27,"-15 day ahead inc hosp","quantile",0.25,519,"COVID-19"
"DE-SN","00+",2022-01-11,2021-12-27,"-15 day ahead inc hosp","quantile",0.5,562,"COVID-19"
"DE-SN","00+",2022-01-11,2021-12-27,"-15 day ahead inc hosp","quantile",0.75,632,"COVID-19"
"DE-SN","00+",2022-01-11,2021-12-27,"-15 day ahead inc hosp","quantile",0.9,721,"COVID-19"
"DE-SN","00+",2022-01-11,2021-12-27,"-15 day ahead inc hosp","quantile",0.975,854,"COVID-19"
"DE-SN","00+",2022-01-11,2021-12-26,"-16 day ahead inc hosp","mean",NA,586,"COVID-19"
"DE-SN","00+",2022-01-11,2021-12-26,"-16 day ahead inc hosp","quantile",0.025,488,"COVID-19"
"DE-SN","00+",2022-01-11,2021-12-26,"-16 day ahead inc hosp","quantile",0.1,499,"COVID-19"
"DE-SN","00+",2022-01-11,2021-12-26,"-16 day ahead inc hosp","quantile",0.25,520,"COVID-19"
"DE-SN","00+",2022-01-11,2021-12-26,"-16 day ahead inc hosp","quantile",0.5,560,"COVID-19"
"DE-SN","00+",2022-01-11,2021-12-26,"-16 day ahead inc hosp","quantile",0.75,625,"COVID-19"
"DE-SN","00+",2022-01-11,2021-12-26,"-16 day ahead inc hosp","quantile",0.9,706,"COVID-19"
"DE-SN","00+",2022-01-11,2021-12-26,"-16 day ahead inc hosp","quantile",0.975,825,"COVID-19"
"DE-SN","00+",2022-01-11,2021-12-25,"-17 day ahead inc hosp","mean",NA,609,"COVID-19"
"DE-SN","00+",2022-01-11,2021-12-25,"-17 day ahead inc hosp","quantile",0.025,513,"COVID-19"
"DE-SN","00+",2022-01-11,2021-12-25,"-17 day ahead inc hosp","quantile",0.1,525,"COVID-19"
"DE-SN","00+",2022-01-11,2021-12-25,"-17 day ahead inc hosp","quantile",0.25,545,"COVID-19"
"DE-SN","00+",2022-01-11,2021-12-25,"-17 day ahead inc hosp","quantile",0.5,585,"COVID-19"
"DE-SN","00+",2022-01-11,2021-12-25,"-17 day ahead inc hosp","quantile",0.75,647,"COVID-19"
"DE-SN","00+",2022-01-11,2021-12-25,"-17 day ahead inc hosp","quantile",0.9,725,"COVID-19"
"DE-SN","00+",2022-01-11,2021-12-25,"-17 day ahead inc hosp","quantile",0.975,839,"COVID-19"
"DE-SN","00+",2022-01-11,2021-12-24,"-18 day ahead inc hosp","mean",NA,688,"COVID-19"
"DE-SN","00+",2022-01-11,2021-12-24,"-18 day ahead inc hosp","quantile",0.025,588,"COVID-19"
"DE-SN","00+",2022-01-11,2021-12-24,"-18 day ahead inc hosp","quantile",0.1,600,"COVID-19"
"DE-SN","00+",2022-01-11,2021-12-24,"-18 day ahead inc hosp","quantile",0.25,622,"COVID-19"
"DE-SN","00+",2022-01-11,2021-12-24,"-18 day ahead inc hosp","quantile",0.5,664,"COVID-19"
"DE-SN","00+",2022-01-11,2021-12-24,"-18 day ahead inc hosp","quantile",0.75,728,"COVID-19"
"DE-SN","00+",2022-01-11,2021-12-24,"-18 day ahead inc hosp","quantile",0.9,808,"COVID-19"
"DE-SN","00+",2022-01-11,2021-12-24,"-18 day ahead inc hosp","quantile",0.975,925,"COVID-19"
"DE-SN","00+",2022-01-11,2021-12-23,"-19 day ahead inc hosp","mean",NA,699,"COVID-19"
"DE-SN","00+",2022-01-11,2021-12-23,"-19 day ahead inc hosp","quantile",0.025,605,"COVID-19"
"DE-SN","00+",2022-01-11,2021-12-23,"-19 day ahead inc hosp","quantile",0.1,617,"COVID-19"
"DE-SN","00+",2022-01-11,2021-12-23,"-19 day ahead inc hosp","quantile",0.25,638,"COVID-19"
"DE-SN","00+",2022-01-11,2021-12-23,"-19 day ahead inc hosp","quantile",0.5,677,"COVID-19"
"DE-SN","00+",2022-01-11,2021-12-23,"-19 day ahead inc hosp","quantile",0.75,737,"COVID-19"
"DE-SN","00+",2022-01-11,2021-12-23,"-19 day ahead inc hosp","quantile",0.9,811,"COVID-19"
"DE-SN","00+",2022-01-11,2021-12-23,"-19 day ahead inc hosp","quantile",0.975,917,"COVID-19"
"DE-SN","00+",2022-01-11,2021-12-22,"-20 day ahead inc hosp","mean",NA,729,"COVID-19"
"DE-SN","00+",2022-01-11,2021-12-22,"-20 day ahead inc hosp","quantile",0.025,642,"COVID-19"
"DE-SN","00+",2022-01-11,2021-12-22,"-20 day ahead inc hosp","quantile",0.1,653,"COVID-19"
"DE-SN","00+",2022-01-11,2021-12-22,"-20 day ahead inc hosp","quantile",0.25,673,"COVID-19"
"DE-SN","00+",2022-01-11,2021-12-22,"-20 day ahead inc hosp","quantile",0.5,709,"COVID-19"
"DE-SN","00+",2022-01-11,2021-12-22,"-20 day ahead inc hosp","quantile",0.75,764,"COVID-19"
"DE-SN","00+",2022-01-11,2021-12-22,"-20 day ahead inc hosp","quantile",0.9,832,"COVID-19"
"DE-SN","00+",2022-01-11,2021-12-22,"-20 day ahead inc hosp","quantile",0.975,930,"COVID-19"
"DE-SN","00+",2022-01-11,2021-12-21,"-21 day ahead inc hosp","mean",NA,739,"COVID-19"
"DE-SN","00+",2022-01-11,2021-12-21,"-21 day ahead inc hosp","quantile",0.025,663,"COVID-19"
"DE-SN","00+",2022-01-11,2021-12-21,"-21 day ahead inc hosp","quantile",0.1,674,"COVID-19"
"DE-SN","00+",2022-01-11,2021-12-21,"-21 day ahead inc hosp","quantile",0.25,691,"COVID-19"
"DE-SN","00+",2022-01-11,2021-12-21,"-21 day ahead inc hosp","quantile",0.5,722,"COVID-19"
"DE-SN","00+",2022-01-11,2021-12-21,"-21 day ahead inc hosp","quantile",0.75,770,"COVID-19"
"DE-SN","00+",2022-01-11,2021-12-21,"-21 day ahead inc hosp","quantile",0.9,828,"COVID-19"
"DE-SN","00+",2022-01-11,2021-12-21,"-21 day ahead inc hosp","quantile",0.975,911,"COVID-19"
"DE-SN","00+",2022-01-11,2021-12-20,"-22 day ahead inc hosp","mean",NA,753,"COVID-19"
"DE-SN","00+",2022-01-11,2021-12-20,"-22 day ahead inc hosp","quantile",0.025,684,"COVID-19"
"DE-SN","00+",2022-01-11,2021-12-20,"-22 day ahead inc hosp","quantile",0.1,693,"COVID-19"
"DE-SN","00+",2022-01-11,2021-12-20,"-22 day ahead inc hosp","quantile",0.25,709,"COVID-19"
"DE-SN","00+",2022-01-11,2021-12-20,"-22 day ahead inc hosp","quantile",0.5,737,"COVID-19"
"DE-SN","00+",2022-01-11,2021-12-20,"-22 day ahead inc hosp","quantile",0.75,780,"COVID-19"
"DE-SN","00+",2022-01-11,2021-12-20,"-22 day ahead inc hosp","quantile",0.9,832,"COVID-19"
"DE-SN","00+",2022-01-11,2021-12-20,"-22 day ahead inc hosp","quantile",0.975,907,"COVID-19"
"DE-SN","00+",2022-01-11,2021-12-19,"-23 day ahead inc hosp","mean",NA,757,"COVID-19"
"DE-SN","00+",2022-01-11,2021-12-19,"-23 day ahead inc hosp","quantile",0.025,691,"COVID-19"
"DE-SN","00+",2022-01-11,2021-12-19,"-23 day ahead inc hosp","quantile",0.1,700,"COVID-19"
"DE-SN","00+",2022-01-11,2021-12-19,"-23 day ahead inc hosp","quantile",0.25,715,"COVID-19"
"DE-SN","00+",2022-01-11,2021-12-19,"-23 day ahead inc hosp","quantile",0.5,743,"COVID-19"
"DE-SN","00+",2022-01-11,2021-12-19,"-23 day ahead inc hosp","quantile",0.75,784,"COVID-19"
"DE-SN","00+",2022-01-11,2021-12-19,"-23 day ahead inc hosp","quantile",0.9,834,"COVID-19"
"DE-SN","00+",2022-01-11,2021-12-19,"-23 day ahead inc hosp","quantile",0.975,906,"COVID-19"
"DE-SN","00+",2022-01-11,2021-12-18,"-24 day ahead inc hosp","mean",NA,783,"COVID-19"
"DE-SN","00+",2022-01-11,2021-12-18,"-24 day ahead inc hosp","quantile",0.025,718,"COVID-19"
"DE-SN","00+",2022-01-11,2021-12-18,"-24 day ahead inc hosp","quantile",0.1,727,"COVID-19"
"DE-SN","00+",2022-01-11,2021-12-18,"-24 day ahead inc hosp","quantile",0.25,742,"COVID-19"
"DE-SN","00+",2022-01-11,2021-12-18,"-24 day ahead inc hosp","quantile",0.5,769,"COVID-19"
"DE-SN","00+",2022-01-11,2021-12-18,"-24 day ahead inc hosp","quantile",0.75,809,"COVID-19"
"DE-SN","00+",2022-01-11,2021-12-18,"-24 day ahead inc hosp","quantile",0.9,858,"COVID-19"
"DE-SN","00+",2022-01-11,2021-12-18,"-24 day ahead inc hosp","quantile",0.975,929,"COVID-19"
"DE-SN","00+",2022-01-11,2021-12-17,"-25 day ahead inc hosp","mean",NA,831,"COVID-19"
"DE-SN","00+",2022-01-11,2021-12-17,"-25 day ahead inc hosp","quantile",0.025,769,"COVID-19"
"DE-SN","00+",2022-01-11,2021-12-17,"-25 day ahead inc hosp","quantile",0.1,778,"COVID-19"
"DE-SN","00+",2022-01-11,2021-12-17,"-25 day ahead inc hosp","quantile",0.25,793,"COVID-19"
"DE-SN","00+",2022-01-11,2021-12-17,"-25 day ahead inc hosp","quantile",0.5,818,"COVID-19"
"DE-SN","00+",2022-01-11,2021-12-17,"-25 day ahead inc hosp","quantile",0.75,856,"COVID-19"
"DE-SN","00+",2022-01-11,2021-12-17,"-25 day ahead inc hosp","quantile",0.9,901,"COVID-19"
"DE-SN","00+",2022-01-11,2021-12-17,"-25 day ahead inc hosp","quantile",0.975,966,"COVID-19"
"DE-SN","00+",2022-01-11,2021-12-16,"-26 day ahead inc hosp","mean",NA,885,"COVID-19"
"DE-SN","00+",2022-01-11,2021-12-16,"-26 day ahead inc hosp","quantile",0.025,824,"COVID-19"
"DE-SN","00+",2022-01-11,2021-12-16,"-26 day ahead inc hosp","quantile",0.1,833,"COVID-19"
"DE-SN","00+",2022-01-11,2021-12-16,"-26 day ahead inc hosp","quantile",0.25,848,"COVID-19"
"DE-SN","00+",2022-01-11,2021-12-16,"-26 day ahead inc hosp","quantile",0.5,873,"COVID-19"
"DE-SN","00+",2022-01-11,2021-12-16,"-26 day ahead inc hosp","quantile",0.75,909,"COVID-19"
"DE-SN","00+",2022-01-11,2021-12-16,"-26 day ahead inc hosp","quantile",0.9,952,"COVID-19"
"DE-SN","00+",2022-01-11,2021-12-16,"-26 day ahead inc hosp","quantile",0.975,1014,"COVID-19"
"DE-SN","00+",2022-01-11,2021-12-15,"-27 day ahead inc hosp","mean",NA,879,"COVID-19"
"DE-SN","00+",2022-01-11,2021-12-15,"-27 day ahead inc hosp","quantile",0.025,823,"COVID-19"
"DE-SN","00+",2022-01-11,2021-12-15,"-27 day ahead inc hosp","quantile",0.1,832,"COVID-19"
"DE-SN","00+",2022-01-11,2021-12-15,"-27 day ahead inc hosp","quantile",0.25,845,"COVID-19"
"DE-SN","00+",2022-01-11,2021-12-15,"-27 day ahead inc hosp","quantile",0.5,868,"COVID-19"
"DE-SN","00+",2022-01-11,2021-12-15,"-27 day ahead inc hosp","quantile",0.75,901,"COVID-19"
"DE-SN","00+",2022-01-11,2021-12-15,"-27 day ahead inc hosp","quantile",0.9,939,"COVID-19"
"DE-SN","00+",2022-01-11,2021-12-15,"-27 day ahead inc hosp","quantile",0.975,994,"COVID-19"
"DE-SN","00+",2022-01-11,2021-12-14,"-28 day ahead inc hosp","mean",NA,876,"COVID-19"
"DE-SN","00+",2022-01-11,2021-12-14,"-28 day ahead inc hosp","quantile",0.025,826,"COVID-19"
"DE-SN","00+",2022-01-11,2021-12-14,"-28 day ahead inc hosp","quantile",0.1,835,"COVID-19"
"DE-SN","00+",2022-01-11,2021-12-14,"-28 day ahead inc hosp","quantile",0.25,847,"COVID-19"
"DE-SN","00+",2022-01-11,2021-12-14,"-28 day ahead inc hosp","quantile",0.5,867,"COVID-19"
"DE-SN","00+",2022-01-11,2021-12-14,"-28 day ahead inc hosp","quantile",0.75,896,"COVID-19"
"DE-SN","00+",2022-01-11,2021-12-14,"-28 day ahead inc hosp","quantile",0.9,930,"COVID-19"
"DE-SN","00+",2022-01-11,2021-12-14,"-28 day ahead inc hosp","quantile",0.975,978,"COVID-19"
"DE-ST","00+",2022-01-11,2022-01-11,"0 day ahead inc hosp","mean",NA,242,"COVID-19"
"DE-ST","00+",2022-01-11,2022-01-11,"0 day ahead inc hosp","quantile",0.025,152,"COVID-19"
"DE-ST","00+",2022-01-11,2022-01-11,"0 day ahead inc hosp","quantile",0.1,172,"COVID-19"
"DE-ST","00+",2022-01-11,2022-01-11,"0 day ahead inc hosp","quantile",0.25,196,"COVID-19"
"DE-ST","00+",2022-01-11,2022-01-11,"0 day ahead inc hosp","quantile",0.5,231,"COVID-19"
"DE-ST","00+",2022-01-11,2022-01-11,"0 day ahead inc hosp","quantile",0.75,276,"COVID-19"
"DE-ST","00+",2022-01-11,2022-01-11,"0 day ahead inc hosp","quantile",0.9,325,"COVID-19"
"DE-ST","00+",2022-01-11,2022-01-11,"0 day ahead inc hosp","quantile",0.975,390,"COVID-19"
"DE-ST","00+",2022-01-11,2022-01-10,"-1 day ahead inc hosp","mean",NA,263,"COVID-19"
"DE-ST","00+",2022-01-11,2022-01-10,"-1 day ahead inc hosp","quantile",0.025,186,"COVID-19"
"DE-ST","00+",2022-01-11,2022-01-10,"-1 day ahead inc hosp","quantile",0.1,204,"COVID-19"
"DE-ST","00+",2022-01-11,2022-01-10,"-1 day ahead inc hosp","quantile",0.25,225,"COVID-19"
"DE-ST","00+",2022-01-11,2022-01-10,"-1 day ahead inc hosp","quantile",0.5,255,"COVID-19"
"DE-ST","00+",2022-01-11,2022-01-10,"-1 day ahead inc hosp","quantile",0.75,292,"COVID-19"
"DE-ST","00+",2022-01-11,2022-01-10,"-1 day ahead inc hosp","quantile",0.9,334,"COVID-19"
"DE-ST","00+",2022-01-11,2022-01-10,"-1 day ahead inc hosp","quantile",0.975,388,"COVID-19"
"DE-ST","00+",2022-01-11,2022-01-09,"-2 day ahead inc hosp","mean",NA,273,"COVID-19"
"DE-ST","00+",2022-01-11,2022-01-09,"-2 day ahead inc hosp","quantile",0.025,198,"COVID-19"
"DE-ST","00+",2022-01-11,2022-01-09,"-2 day ahead inc hosp","quantile",0.1,216,"COVID-19"
"DE-ST","00+",2022-01-11,2022-01-09,"-2 day ahead inc hosp","quantile",0.25,236,"COVID-19"
"DE-ST","00+",2022-01-11,2022-01-09,"-2 day ahead inc hosp","quantile",0.5,265,"COVID-19"
"DE-ST","00+",2022-01-11,2022-01-09,"-2 day ahead inc hosp","quantile",0.75,302,"COVID-19"
"DE-ST","00+",2022-01-11,2022-01-09,"-2 day ahead inc hosp","quantile",0.9,341,"COVID-19"
"DE-ST","00+",2022-01-11,2022-01-09,"-2 day ahead inc hosp","quantile",0.975,393,"COVID-19"
"DE-ST","00+",2022-01-11,2022-01-08,"-3 day ahead inc hosp","mean",NA,266,"COVID-19"
"DE-ST","00+",2022-01-11,2022-01-08,"-3 day ahead inc hosp","quantile",0.025,199,"COVID-19"
"DE-ST","00+",2022-01-11,2022-01-08,"-3 day ahead inc hosp","quantile",0.1,215,"COVID-19"
"DE-ST","00+",2022-01-11,2022-01-08,"-3 day ahead inc hosp","quantile",0.25,233,"COVID-19"
"DE-ST","00+",2022-01-11,2022-01-08,"-3 day ahead inc hosp","quantile",0.5,259,"COVID-19"
"DE-ST","00+",2022-01-11,2022-01-08,"-3 day ahead inc hosp","quantile",0.75,291,"COVID-19"
"DE-ST","00+",2022-01-11,2022-01-08,"-3 day ahead inc hosp","quantile",0.9,325,"COVID-19"
"DE-ST","00+",2022-01-11,2022-01-08,"-3 day ahead inc hosp","quantile",0.975,370,"COVID-19"
"DE-ST","00+",2022-01-11,2022-01-07,"-4 day ahead inc hosp","mean",NA,269,"COVID-19"
"DE-ST","00+",2022-01-11,2022-01-07,"-4 day ahead inc hosp","quantile",0.025,208,"COVID-19"
"DE-ST","00+",2022-01-11,2022-01-07,"-4 day ahead inc hosp","quantile",0.1,223,"COVID-19"
"DE-ST","00+",2022-01-11,2022-01-07,"-4 day ahead inc hosp","quantile",0.25,240,"COVID-19"
"DE-ST","00+",2022-01-11,2022-01-07,"-4 day ahead inc hosp","quantile",0.5,263,"COVID-19"
"DE-ST","00+",2022-01-11,2022-01-07,"-4 day ahead inc hosp","quantile",0.75,292,"COVID-19"
"DE-ST","00+",2022-01-11,2022-01-07,"-4 day ahead inc hosp","quantile",0.9,322,"COVID-19"
"DE-ST","00+",2022-01-11,2022-01-07,"-4 day ahead inc hosp","quantile",0.975,362,"COVID-19"
"DE-ST","00+",2022-01-11,2022-01-06,"-5 day ahead inc hosp","mean",NA,297,"COVID-19"
"DE-ST","00+",2022-01-11,2022-01-06,"-5 day ahead inc hosp","quantile",0.025,240,"COVID-19"
"DE-ST","00+",2022-01-11,2022-01-06,"-5 day ahead inc hosp","quantile",0.1,254,"COVID-19"
"DE-ST","00+",2022-01-11,2022-01-06,"-5 day ahead inc hosp","quantile",0.25,271,"COVID-19"
"DE-ST","00+",2022-01-11,2022-01-06,"-5 day ahead inc hosp","quantile",0.5,292,"COVID-19"
"DE-ST","00+",2022-01-11,2022-01-06,"-5 day ahead inc hosp","quantile",0.75,319,"COVID-19"
"DE-ST","00+",2022-01-11,2022-01-06,"-5 day ahead inc hosp","quantile",0.9,347,"COVID-19"
"DE-ST","00+",2022-01-11,2022-01-06,"-5 day ahead inc hosp","quantile",0.975,382,"COVID-19"
"DE-ST","00+",2022-01-11,2022-01-05,"-6 day ahead inc hosp","mean",NA,287,"COVID-19"
"DE-ST","00+",2022-01-11,2022-01-05,"-6 day ahead inc hosp","quantile",0.025,241,"COVID-19"
"DE-ST","00+",2022-01-11,2022-01-05,"-6 day ahead inc hosp","quantile",0.1,253,"COVID-19"
"DE-ST","00+",2022-01-11,2022-01-05,"-6 day ahead inc hosp","quantile",0.25,266,"COVID-19"
"DE-ST","00+",2022-01-11,2022-01-05,"-6 day ahead inc hosp","quantile",0.5,283,"COVID-19"
"DE-ST","00+",2022-01-11,2022-01-05,"-6 day ahead inc hosp","quantile",0.75,305,"COVID-19"
"DE-ST","00+",2022-01-11,2022-01-05,"-6 day ahead inc hosp","quantile",0.9,327,"COVID-19"
"DE-ST","00+",2022-01-11,2022-01-05,"-6 day ahead inc hosp","quantile",0.975,355,"COVID-19"
"DE-ST","00+",2022-01-11,2022-01-04,"-7 day ahead inc hosp","mean",NA,313,"COVID-19"
"DE-ST","00+",2022-01-11,2022-01-04,"-7 day ahead inc hosp","quantile",0.025,270,"COVID-19"
"DE-ST","00+",2022-01-11,2022-01-04,"-7 day ahead inc hosp","quantile",0.1,281,"COVID-19"
"DE-ST","00+",2022-01-11,2022-01-04,"-7 day ahead inc hosp","quantile",0.25,293,"COVID-19"
"DE-ST","00+",2022-01-11,2022-01-04,"-7 day ahead inc hosp","quantile",0.5,309,"COVID-19"
"DE-ST","00+",2022-01-11,2022-01-04,"-7 day ahead inc hosp","quantile",0.75,329,"COVID-19"
"DE-ST","00+",2022-01-11,2022-01-04,"-7 day ahead inc hosp","quantile",0.9,350,"COVID-19"
"DE-ST","00+",2022-01-11,2022-01-04,"-7 day ahead inc hosp","quantile",0.975,376,"COVID-19"
"DE-ST","00+",2022-01-11,2022-01-03,"-8 day ahead inc hosp","mean",NA,288,"COVID-19"
"DE-ST","00+",2022-01-11,2022-01-03,"-8 day ahead inc hosp","quantile",0.025,255,"COVID-19"
"DE-ST","00+",2022-01-11,2022-01-03,"-8 day ahead inc hosp","quantile",0.1,263,"COVID-19"
"DE-ST","00+",2022-01-11,2022-01-03,"-8 day ahead inc hosp","quantile",0.25,273,"COVID-19"
"DE-ST","00+",2022-01-11,2022-01-03,"-8 day ahead inc hosp","quantile",0.5,286,"COVID-19"
"DE-ST","00+",2022-01-11,2022-01-03,"-8 day ahead inc hosp","quantile",0.75,301,"COVID-19"
"DE-ST","00+",2022-01-11,2022-01-03,"-8 day ahead inc hosp","quantile",0.9,317,"COVID-19"
"DE-ST","00+",2022-01-11,2022-01-03,"-8 day ahead inc hosp","quantile",0.975,338,"COVID-19"
"DE-ST","00+",2022-01-11,2022-01-02,"-9 day ahead inc hosp","mean",NA,283,"COVID-19"
"DE-ST","00+",2022-01-11,2022-01-02,"-9 day ahead inc hosp","quantile",0.025,253,"COVID-19"
"DE-ST","00+",2022-01-11,2022-01-02,"-9 day ahead inc hosp","quantile",0.1,261,"COVID-19"
"DE-ST","00+",2022-01-11,2022-01-02,"-9 day ahead inc hosp","quantile",0.25,269,"COVID-19"
"DE-ST","00+",2022-01-11,2022-01-02,"-9 day ahead inc hosp","quantile",0.5,281,"COVID-19"
"DE-ST","00+",2022-01-11,2022-01-02,"-9 day ahead inc hosp","quantile",0.75,295,"COVID-19"
"DE-ST","00+",2022-01-11,2022-01-02,"-9 day ahead inc hosp","quantile",0.9,309,"COVID-19"
"DE-ST","00+",2022-01-11,2022-01-02,"-9 day ahead inc hosp","quantile",0.975,328,"COVID-19"
"DE-ST","00+",2022-01-11,2022-01-01,"-10 day ahead inc hosp","mean",NA,290,"COVID-19"
"DE-ST","00+",2022-01-11,2022-01-01,"-10 day ahead inc hosp","quantile",0.025,260,"COVID-19"
"DE-ST","00+",2022-01-11,2022-01-01,"-10 day ahead inc hosp","quantile",0.1,268,"COVID-19"
"DE-ST","00+",2022-01-11,2022-01-01,"-10 day ahead inc hosp","quantile",0.25,276,"COVID-19"
"DE-ST","00+",2022-01-11,2022-01-01,"-10 day ahead inc hosp","quantile",0.5,288,"COVID-19"
"DE-ST","00+",2022-01-11,2022-01-01,"-10 day ahead inc hosp","quantile",0.75,301,"COVID-19"
"DE-ST","00+",2022-01-11,2022-01-01,"-10 day ahead inc hosp","quantile",0.9,316,"COVID-19"
"DE-ST","00+",2022-01-11,2022-01-01,"-10 day ahead inc hosp","quantile",0.975,335,"COVID-19"
"DE-ST","00+",2022-01-11,2021-12-31,"-11 day ahead inc hosp","mean",NA,294,"COVID-19"
"DE-ST","00+",2022-01-11,2021-12-31,"-11 day ahead inc hosp","quantile",0.025,267,"COVID-19"
"DE-ST","00+",2022-01-11,2021-12-31,"-11 day ahead inc hosp","quantile",0.1,274,"COVID-19"
"DE-ST","00+",2022-01-11,2021-12-31,"-11 day ahead inc hosp","quantile",0.25,281,"COVID-19"
"DE-ST","00+",2022-01-11,2021-12-31,"-11 day ahead inc hosp","quantile",0.5,292,"COVID-19"
"DE-ST","00+",2022-01-11,2021-12-31,"-11 day ahead inc hosp","quantile",0.75,305,"COVID-19"
"DE-ST","00+",2022-01-11,2021-12-31,"-11 day ahead inc hosp","quantile",0.9,319,"COVID-19"
"DE-ST","00+",2022-01-11,2021-12-31,"-11 day ahead inc hosp","quantile",0.975,336,"COVID-19"
"DE-ST","00+",2022-01-11,2021-12-30,"-12 day ahead inc hosp","mean",NA,292,"COVID-19"
"DE-ST","00+",2022-01-11,2021-12-30,"-12 day ahead inc hosp","quantile",0.025,268,"COVID-19"
"DE-ST","00+",2022-01-11,2021-12-30,"-12 day ahead inc hosp","quantile",0.1,274,"COVID-19"
"DE-ST","00+",2022-01-11,2021-12-30,"-12 day ahead inc hosp","quantile",0.25,281,"COVID-19"
"DE-ST","00+",2022-01-11,2021-12-30,"-12 day ahead inc hosp","quantile",0.5,290,"COVID-19"
"DE-ST","00+",2022-01-11,2021-12-30,"-12 day ahead inc hosp","quantile",0.75,301,"COVID-19"
"DE-ST","00+",2022-01-11,2021-12-30,"-12 day ahead inc hosp","quantile",0.9,312,"COVID-19"
"DE-ST","00+",2022-01-11,2021-12-30,"-12 day ahead inc hosp","quantile",0.975,327,"COVID-19"
"DE-ST","00+",2022-01-11,2021-12-29,"-13 day ahead inc hosp","mean",NA,310,"COVID-19"
"DE-ST","00+",2022-01-11,2021-12-29,"-13 day ahead inc hosp","quantile",0.025,290,"COVID-19"
"DE-ST","00+",2022-01-11,2021-12-29,"-13 day ahead inc hosp","quantile",0.1,295,"COVID-19"
"DE-ST","00+",2022-01-11,2021-12-29,"-13 day ahead inc hosp","quantile",0.25,301,"COVID-19"
"DE-ST","00+",2022-01-11,2021-12-29,"-13 day ahead inc hosp","quantile",0.5,309,"COVID-19"
"DE-ST","00+",2022-01-11,2021-12-29,"-13 day ahead inc hosp","quantile",0.75,318,"COVID-19"
"DE-ST","00+",2022-01-11,2021-12-29,"-13 day ahead inc hosp","quantile",0.9,328,"COVID-19"
"DE-ST","00+",2022-01-11,2021-12-29,"-13 day ahead inc hosp","quantile",0.975,340,"COVID-19"
"DE-ST","00+",2022-01-11,2021-12-28,"-14 day ahead inc hosp","mean",NA,304,"COVID-19"
"DE-ST","00+",2022-01-11,2021-12-28,"-14 day ahead inc hosp","quantile",0.025,287,"COVID-19"
"DE-ST","00+",2022-01-11,2021-12-28,"-14 day ahead inc hosp","quantile",0.1,291,"COVID-19"
"DE-ST","00+",2022-01-11,2021-12-28,"-14 day ahead inc hosp","quantile",0.25,296,"COVID-19"
"DE-ST","00+",2022-01-11,2021-12-28,"-14 day ahead inc hosp","quantile",0.5,302,"COVID-19"
"DE-ST","00+",2022-01-11,2021-12-28,"-14 day ahead inc hosp","quantile",0.75,310,"COVID-19"
"DE-ST","00+",2022-01-11,2021-12-28,"-14 day ahead inc hosp","quantile",0.9,318,"COVID-19"
"DE-ST","00+",2022-01-11,2021-12-28,"-14 day ahead inc hosp","quantile",0.975,329,"COVID-19"
"DE-ST","00+",2022-01-11,2021-12-27,"-15 day ahead inc hosp","mean",NA,337,"COVID-19"
"DE-ST","00+",2022-01-11,2021-12-27,"-15 day ahead inc hosp","quantile",0.025,320,"COVID-19"
"DE-ST","00+",2022-01-11,2021-12-27,"-15 day ahead inc hosp","quantile",0.1,324,"COVID-19"
"DE-ST","00+",2022-01-11,2021-12-27,"-15 day ahead inc hosp","quantile",0.25,329,"COVID-19"
"DE-ST","00+",2022-01-11,2021-12-27,"-15 day ahead inc hosp","quantile",0.5,335,"COVID-19"
"DE-ST","00+",2022-01-11,2021-12-27,"-15 day ahead inc hosp","quantile",0.75,343,"COVID-19"
"DE-ST","00+",2022-01-11,2021-12-27,"-15 day ahead inc hosp","quantile",0.9,351,"COVID-19"
"DE-ST","00+",2022-01-11,2021-12-27,"-15 day ahead inc hosp","quantile",0.975,362,"COVID-19"
"DE-ST","00+",2022-01-11,2021-12-26,"-16 day ahead inc hosp","mean",NA,347,"COVID-19"
"DE-ST","00+",2022-01-11,2021-12-26,"-16 day ahead inc hosp","quantile",0.025,331,"COVID-19"
"DE-ST","00+",2022-01-11,2021-12-26,"-16 day ahead inc hosp","quantile",0.1,335,"COVID-19"
"DE-ST","00+",2022-01-11,2021-12-26,"-16 day ahead inc hosp","quantile",0.25,339,"COVID-19"
"DE-ST","00+",2022-01-11,2021-12-26,"-16 day ahead inc hosp","quantile",0.5,346,"COVID-19"
"DE-ST","00+",2022-01-11,2021-12-26,"-16 day ahead inc hosp","quantile",0.75,354,"COVID-19"
"DE-ST","00+",2022-01-11,2021-12-26,"-16 day ahead inc hosp","quantile",0.9,362,"COVID-19"
"DE-ST","00+",2022-01-11,2021-12-26,"-16 day ahead inc hosp","quantile",0.975,374,"COVID-19"
"DE-ST","00+",2022-01-11,2021-12-25,"-17 day ahead inc hosp","mean",NA,380,"COVID-19"
"DE-ST","00+",2022-01-11,2021-12-25,"-17 day ahead inc hosp","quantile",0.025,362,"COVID-19"
"DE-ST","00+",2022-01-11,2021-12-25,"-17 day ahead inc hosp","quantile",0.1,366,"COVID-19"
"DE-ST","00+",2022-01-11,2021-12-25,"-17 day ahead inc hosp","quantile",0.25,371,"COVID-19"
"DE-ST","00+",2022-01-11,2021-12-25,"-17 day ahead inc hosp","quantile",0.5,378,"COVID-19"
"DE-ST","00+",2022-01-11,2021-12-25,"-17 day ahead inc hosp","quantile",0.75,387,"COVID-19"
"DE-ST","00+",2022-01-11,2021-12-25,"-17 day ahead inc hosp","quantile",0.9,396,"COVID-19"
"DE-ST","00+",2022-01-11,2021-12-25,"-17 day ahead inc hosp","quantile",0.975,409,"COVID-19"
"DE-ST","00+",2022-01-11,2021-12-24,"-18 day ahead inc hosp","mean",NA,399,"COVID-19"
"DE-ST","00+",2022-01-11,2021-12-24,"-18 day ahead inc hosp","quantile",0.025,381,"COVID-19"
"DE-ST","00+",2022-01-11,2021-12-24,"-18 day ahead inc hosp","quantile",0.1,385,"COVID-19"
"DE-ST","00+",2022-01-11,2021-12-24,"-18 day ahead inc hosp","quantile",0.25,389,"COVID-19"
"DE-ST","00+",2022-01-11,2021-12-24,"-18 day ahead inc hosp","quantile",0.5,397,"COVID-19"
"DE-ST","00+",2022-01-11,2021-12-24,"-18 day ahead inc hosp","quantile",0.75,406,"COVID-19"
"DE-ST","00+",2022-01-11,2021-12-24,"-18 day ahead inc hosp","quantile",0.9,416,"COVID-19"
"DE-ST","00+",2022-01-11,2021-12-24,"-18 day ahead inc hosp","quantile",0.975,429,"COVID-19"
"DE-ST","00+",2022-01-11,2021-12-23,"-19 day ahead inc hosp","mean",NA,434,"COVID-19"
"DE-ST","00+",2022-01-11,2021-12-23,"-19 day ahead inc hosp","quantile",0.025,416,"COVID-19"
"DE-ST","00+",2022-01-11,2021-12-23,"-19 day ahead inc hosp","quantile",0.1,420,"COVID-19"
"DE-ST","00+",2022-01-11,2021-12-23,"-19 day ahead inc hosp","quantile",0.25,424,"COVID-19"
"DE-ST","00+",2022-01-11,2021-12-23,"-19 day ahead inc hosp","quantile",0.5,432,"COVID-19"
"DE-ST","00+",2022-01-11,2021-12-23,"-19 day ahead inc hosp","quantile",0.75,441,"COVID-19"
"DE-ST","00+",2022-01-11,2021-12-23,"-19 day ahead inc hosp","quantile",0.9,452,"COVID-19"
"DE-ST","00+",2022-01-11,2021-12-23,"-19 day ahead inc hosp","quantile",0.975,466,"COVID-19"
"DE-ST","00+",2022-01-11,2021-12-22,"-20 day ahead inc hosp","mean",NA,454,"COVID-19"
"DE-ST","00+",2022-01-11,2021-12-22,"-20 day ahead inc hosp","quantile",0.025,437,"COVID-19"
"DE-ST","00+",2022-01-11,2021-12-22,"-20 day ahead inc hosp","quantile",0.1,440,"COVID-19"
"DE-ST","00+",2022-01-11,2021-12-22,"-20 day ahead inc hosp","quantile",0.25,445,"COVID-19"
"DE-ST","00+",2022-01-11,2021-12-22,"-20 day ahead inc hosp","quantile",0.5,452,"COVID-19"
"DE-ST","00+",2022-01-11,2021-12-22,"-20 day ahead inc hosp","quantile",0.75,461,"COVID-19"
"DE-ST","00+",2022-01-11,2021-12-22,"-20 day ahead inc hosp","quantile",0.9,472,"COVID-19"
"DE-ST","00+",2022-01-11,2021-12-22,"-20 day ahead inc hosp","quantile",0.975,487,"COVID-19"
"DE-ST","00+",2022-01-11,2021-12-21,"-21 day ahead inc hosp","mean",NA,479,"COVID-19"
"DE-ST","00+",2022-01-11,2021-12-21,"-21 day ahead inc hosp","quantile",0.025,462,"COVID-19"
"DE-ST","00+",2022-01-11,2021-12-21,"-21 day ahead inc hosp","quantile",0.1,465,"COVID-19"
"DE-ST","00+",2022-01-11,2021-12-21,"-21 day ahead inc hosp","quantile",0.25,469,"COVID-19"
"DE-ST","00+",2022-01-11,2021-12-21,"-21 day ahead inc hosp","quantile",0.5,476,"COVID-19"
"DE-ST","00+",2022-01-11,2021-12-21,"-21 day ahead inc hosp","quantile",0.75,486,"COVID-19"
"DE-ST","00+",2022-01-11,2021-12-21,"-21 day ahead inc hosp","quantile",0.9,498,"COVID-19"
"DE-ST","00+",2022-01-11,2021-12-21,"-21 day ahead inc hosp","quantile",0.975,514,"COVID-19"
"DE-ST","00+",2022-01-11,2021-12-20,"-22 day ahead inc hosp","mean",NA,471,"COVID-19"
"DE-ST","00+",2022-01-11,2021-12-20,"-22 day ahead inc hosp","quantile",0.025,455,"COVID-19"
"DE-ST","00+",2022-01-11,2021-12-20,"-22 day ahead inc hosp","quantile",0.1,458,"COVID-19"
"DE-ST","00+",2022-01-11,2021-12-20,"-22 day ahead inc hosp","quantile",0.25,461,"COVID-19"
"DE-ST","00+",2022-01-11,2021-12-20,"-22 day ahead inc hosp","quantile",0.5,468,"COVID-19"
"DE-ST","00+",2022-01-11,2021-12-20,"-22 day ahead inc hosp","quantile",0.75,478,"COVID-19"
"DE-ST","00+",2022-01-11,2021-12-20,"-22 day ahead inc hosp","quantile",0.9,489,"COVID-19"
"DE-ST","00+",2022-01-11,2021-12-20,"-22 day ahead inc hosp","quantile",0.975,505,"COVID-19"
"DE-ST","00+",2022-01-11,2021-12-19,"-23 day ahead inc hosp","mean",NA,482,"COVID-19"
"DE-ST","00+",2022-01-11,2021-12-19,"-23 day ahead inc hosp","quantile",0.025,466,"COVID-19"
"DE-ST","00+",2022-01-11,2021-12-19,"-23 day ahead inc hosp","quantile",0.1,468,"COVID-19"
"DE-ST","00+",2022-01-11,2021-12-19,"-23 day ahead inc hosp","quantile",0.25,472,"COVID-19"
"DE-ST","00+",2022-01-11,2021-12-19,"-23 day ahead inc hosp","quantile",0.5,478,"COVID-19"
"DE-ST","00+",2022-01-11,2021-12-19,"-23 day ahead inc hosp","quantile",0.75,488,"COVID-19"
"DE-ST","00+",2022-01-11,2021-12-19,"-23 day ahead inc hosp","quantile",0.9,500,"COVID-19"
"DE-ST","00+",2022-01-11,2021-12-19,"-23 day ahead inc hosp","quantile",0.975,518,"COVID-19"
"DE-ST","00+",2022-01-11,2021-12-18,"-24 day ahead inc hosp","mean",NA,494,"COVID-19"
"DE-ST","00+",2022-01-11,2021-12-18,"-24 day ahead inc hosp","quantile",0.025,479,"COVID-19"
"DE-ST","00+",2022-01-11,2021-12-18,"-24 day ahead inc hosp","quantile",0.1,481,"COVID-19"
"DE-ST","00+",2022-01-11,2021-12-18,"-24 day ahead inc hosp","quantile",0.25,484,"COVID-19"
"DE-ST","00+",2022-01-11,2021-12-18,"-24 day ahead inc hosp","quantile",0.5,491,"COVID-19"
"DE-ST","00+",2022-01-11,2021-12-18,"-24 day ahead inc hosp","quantile",0.75,501,"COVID-19"
"DE-ST","00+",2022-01-11,2021-12-18,"-24 day ahead inc hosp","quantile",0.9,513,"COVID-19"
"DE-ST","00+",2022-01-11,2021-12-18,"-24 day ahead inc hosp","quantile",0.975,530,"COVID-19"
"DE-ST","00+",2022-01-11,2021-12-17,"-25 day ahead inc hosp","mean",NA,505,"COVID-19"
"DE-ST","00+",2022-01-11,2021-12-17,"-25 day ahead inc hosp","quantile",0.025,489,"COVID-19"
"DE-ST","00+",2022-01-11,2021-12-17,"-25 day ahead inc hosp","quantile",0.1,491,"COVID-19"
"DE-ST","00+",2022-01-11,2021-12-17,"-25 day ahead inc hosp","quantile",0.25,495,"COVID-19"
"DE-ST","00+",2022-01-11,2021-12-17,"-25 day ahead inc hosp","quantile",0.5,501,"COVID-19"
"DE-ST","00+",2022-01-11,2021-12-17,"-25 day ahead inc hosp","quantile",0.75,511,"COVID-19"
"DE-ST","00+",2022-01-11,2021-12-17,"-25 day ahead inc hosp","quantile",0.9,523,"COVID-19"
"DE-ST","00+",2022-01-11,2021-12-17,"-25 day ahead inc hosp","quantile",0.975,540,"COVID-19"
"DE-ST","00+",2022-01-11,2021-12-16,"-26 day ahead inc hosp","mean",NA,503,"COVID-19"
"DE-ST","00+",2022-01-11,2021-12-16,"-26 day ahead inc hosp","quantile",0.025,489,"COVID-19"
"DE-ST","00+",2022-01-11,2021-12-16,"-26 day ahead inc hosp","quantile",0.1,491,"COVID-19"
"DE-ST","00+",2022-01-11,2021-12-16,"-26 day ahead inc hosp","quantile",0.25,494,"COVID-19"
"DE-ST","00+",2022-01-11,2021-12-16,"-26 day ahead inc hosp","quantile",0.5,500,"COVID-19"
"DE-ST","00+",2022-01-11,2021-12-16,"-26 day ahead inc hosp","quantile",0.75,509,"COVID-19"
"DE-ST","00+",2022-01-11,2021-12-16,"-26 day ahead inc hosp","quantile",0.9,520,"COVID-19"
"DE-ST","00+",2022-01-11,2021-12-16,"-26 day ahead inc hosp","quantile",0.975,537,"COVID-19"
"DE-ST","00+",2022-01-11,2021-12-15,"-27 day ahead inc hosp","mean",NA,512,"COVID-19"
"DE-ST","00+",2022-01-11,2021-12-15,"-27 day ahead inc hosp","quantile",0.025,499,"COVID-19"
"DE-ST","00+",2022-01-11,2021-12-15,"-27 day ahead inc hosp","quantile",0.1,500,"COVID-19"
"DE-ST","00+",2022-01-11,2021-12-15,"-27 day ahead inc hosp","quantile",0.25,503,"COVID-19"
"DE-ST","00+",2022-01-11,2021-12-15,"-27 day ahead inc hosp","quantile",0.5,509,"COVID-19"
"DE-ST","00+",2022-01-11,2021-12-15,"-27 day ahead inc hosp","quantile",0.75,517,"COVID-19"
"DE-ST","00+",2022-01-11,2021-12-15,"-27 day ahead inc hosp","quantile",0.9,528,"COVID-19"
"DE-ST","00+",2022-01-11,2021-12-15,"-27 day ahead inc hosp","quantile",0.975,544,"COVID-19"
"DE-ST","00+",2022-01-11,2021-12-14,"-28 day ahead inc hosp","mean",NA,530,"COVID-19"
"DE-ST","00+",2022-01-11,2021-12-14,"-28 day ahead inc hosp","quantile",0.025,518,"COVID-19"
"DE-ST","00+",2022-01-11,2021-12-14,"-28 day ahead inc hosp","quantile",0.1,519,"COVID-19"
"DE-ST","00+",2022-01-11,2021-12-14,"-28 day ahead inc hosp","quantile",0.25,522,"COVID-19"
"DE-ST","00+",2022-01-11,2021-12-14,"-28 day ahead inc hosp","quantile",0.5,527,"COVID-19"
"DE-ST","00+",2022-01-11,2021-12-14,"-28 day ahead inc hosp","quantile",0.75,535,"COVID-19"
"DE-ST","00+",2022-01-11,2021-12-14,"-28 day ahead inc hosp","quantile",0.9,546,"COVID-19"
"DE-ST","00+",2022-01-11,2021-12-14,"-28 day ahead inc hosp","quantile",0.975,561,"COVID-19"
"DE-TH","00+",2022-01-11,2022-01-11,"0 day ahead inc hosp","mean",NA,250,"COVID-19"
"DE-TH","00+",2022-01-11,2022-01-11,"0 day ahead inc hosp","quantile",0.025,188,"COVID-19"
"DE-TH","00+",2022-01-11,2022-01-11,"0 day ahead inc hosp","quantile",0.1,204,"COVID-19"
"DE-TH","00+",2022-01-11,2022-01-11,"0 day ahead inc hosp","quantile",0.25,222,"COVID-19"
"DE-TH","00+",2022-01-11,2022-01-11,"0 day ahead inc hosp","quantile",0.5,246,"COVID-19"
"DE-TH","00+",2022-01-11,2022-01-11,"0 day ahead inc hosp","quantile",0.75,273,"COVID-19"
"DE-TH","00+",2022-01-11,2022-01-11,"0 day ahead inc hosp","quantile",0.9,301,"COVID-19"
"DE-TH","00+",2022-01-11,2022-01-11,"0 day ahead inc hosp","quantile",0.975,337,"COVID-19"
"DE-TH","00+",2022-01-11,2022-01-10,"-1 day ahead inc hosp","mean",NA,267,"COVID-19"
"DE-TH","00+",2022-01-11,2022-01-10,"-1 day ahead inc hosp","quantile",0.025,213,"COVID-19"
"DE-TH","00+",2022-01-11,2022-01-10,"-1 day ahead inc hosp","quantile",0.1,227,"COVID-19"
"DE-TH","00+",2022-01-11,2022-01-10,"-1 day ahead inc hosp","quantile",0.25,243,"COVID-19"
"DE-TH","00+",2022-01-11,2022-01-10,"-1 day ahead inc hosp","quantile",0.5,263,"COVID-19"
"DE-TH","00+",2022-01-11,2022-01-10,"-1 day ahead inc hosp","quantile",0.75,286,"COVID-19"
"DE-TH","00+",2022-01-11,2022-01-10,"-1 day ahead inc hosp","quantile",0.9,311,"COVID-19"
"DE-TH","00+",2022-01-11,2022-01-10,"-1 day ahead inc hosp","quantile",0.975,342,"COVID-19"
"DE-TH","00+",2022-01-11,2022-01-09,"-2 day ahead inc hosp","mean",NA,277,"COVID-19"
"DE-TH","00+",2022-01-11,2022-01-09,"-2 day ahead inc hosp","quantile",0.025,225,"COVID-19"
"DE-TH","00+",2022-01-11,2022-01-09,"-2 day ahead inc hosp","quantile",0.1,239,"COVID-19"
"DE-TH","00+",2022-01-11,2022-01-09,"-2 day ahead inc hosp","quantile",0.25,254,"COVID-19"
"DE-TH","00+",2022-01-11,2022-01-09,"-2 day ahead inc hosp","quantile",0.5,273,"COVID-19"
"DE-TH","00+",2022-01-11,2022-01-09,"-2 day ahead inc hosp","quantile",0.75,296,"COVID-19"
"DE-TH","00+",2022-01-11,2022-01-09,"-2 day ahead inc hosp","quantile",0.9,319,"COVID-19"
"DE-TH","00+",2022-01-11,2022-01-09,"-2 day ahead inc hosp","quantile",0.975,349,"COVID-19"
"DE-TH","00+",2022-01-11,2022-01-08,"-3 day ahead inc hosp","mean",NA,288,"COVID-19"
"DE-TH","00+",2022-01-11,2022-01-08,"-3 day ahead inc hosp","quantile",0.025,240,"COVID-19"
"DE-TH","00+",2022-01-11,2022-01-08,"-3 day ahead inc hosp","quantile",0.1,253,"COVID-19"
"DE-TH","00+",2022-01-11,2022-01-08,"-3 day ahead inc hosp","quantile",0.25,267,"COVID-19"
"DE-TH","00+",2022-01-11,2022-01-08,"-3 day ahead inc hosp","quantile",0.5,284,"COVID-19"
"DE-TH","00+",2022-01-11,2022-01-08,"-3 day ahead inc hosp","quantile",0.75,305,"COVID-19"
"DE-TH","00+",2022-01-11,2022-01-08,"-3 day ahead inc hosp","quantile",0.9,326,"COVID-19"
"DE-TH","00+",2022-01-11,2022-01-08,"-3 day ahead inc hosp","quantile",0.975,353,"COVID-19"
"DE-TH","00+",2022-01-11,2022-01-07,"-4 day ahead inc hosp","mean",NA,298,"COVID-19"
"DE-TH","00+",2022-01-11,2022-01-07,"-4 day ahead inc hosp","quantile",0.025,257,"COVID-19"
"DE-TH","00+",2022-01-11,2022-01-07,"-4 day ahead inc hosp","quantile",0.1,268,"COVID-19"
"DE-TH","00+",2022-01-11,2022-01-07,"-4 day ahead inc hosp","quantile",0.25,280,"COVID-19"
"DE-TH","00+",2022-01-11,2022-01-07,"-4 day ahead inc hosp","quantile",0.5,296,"COVID-19"
"DE-TH","00+",2022-01-11,2022-01-07,"-4 day ahead inc hosp","quantile",0.75,314,"COVID-19"
"DE-TH","00+",2022-01-11,2022-01-07,"-4 day ahead inc hosp","quantile",0.9,332,"COVID-19"
"DE-TH","00+",2022-01-11,2022-01-07,"-4 day ahead inc hosp","quantile",0.975,354,"COVID-19"
"DE-TH","00+",2022-01-11,2022-01-06,"-5 day ahead inc hosp","mean",NA,318,"COVID-19"
"DE-TH","00+",2022-01-11,2022-01-06,"-5 day ahead inc hosp","quantile",0.025,283,"COVID-19"
"DE-TH","00+",2022-01-11,2022-01-06,"-5 day ahead inc hosp","quantile",0.1,293,"COVID-19"
"DE-TH","00+",2022-01-11,2022-01-06,"-5 day ahead inc hosp","quantile",0.25,303,"COVID-19"
"DE-TH","00+",2022-01-11,2022-01-06,"-5 day ahead inc hosp","quantile",0.5,316,"COVID-19"
"DE-TH","00+",2022-01-11,2022-01-06,"-5 day ahead inc hosp","quantile",0.75,331,"COVID-19"
"DE-TH","00+",2022-01-11,2022-01-06,"-5 day ahead inc hosp","quantile",0.9,346,"COVID-19"
"DE-TH","00+",2022-01-11,2022-01-06,"-5 day ahead inc hosp","quantile",0.975,364,"COVID-19"
"DE-TH","00+",2022-01-11,2022-01-05,"-6 day ahead inc hosp","mean",NA,340,"COVID-19"
"DE-TH","00+",2022-01-11,2022-01-05,"-6 day ahead inc hosp","quantile",0.025,310,"COVID-19"
"DE-TH","00+",2022-01-11,2022-01-05,"-6 day ahead inc hosp","quantile",0.1,318,"COVID-19"
"DE-TH","00+",2022-01-11,2022-01-05,"-6 day ahead inc hosp","quantile",0.25,327,"COVID-19"
"DE-TH","00+",2022-01-11,2022-01-05,"-6 day ahead inc hosp","quantile",0.5,339,"COVID-19"
"DE-TH","00+",2022-01-11,2022-01-05,"-6 day ahead inc hosp","quantile",0.75,351,"COVID-19"
"DE-TH","00+",2022-01-11,2022-01-05,"-6 day ahead inc hosp","quantile",0.9,364,"COVID-19"
"DE-TH","00+",2022-01-11,2022-01-05,"-6 day ahead inc hosp","quantile",0.975,379,"COVID-19"
"DE-TH","00+",2022-01-11,2022-01-04,"-7 day ahead inc hosp","mean",NA,383,"COVID-19"
"DE-TH","00+",2022-01-11,2022-01-04,"-7 day ahead inc hosp","quantile",0.025,355,"COVID-19"
"DE-TH","00+",2022-01-11,2022-01-04,"-7 day ahead inc hosp","quantile",0.1,363,"COVID-19"
"DE-TH","00+",2022-01-11,2022-01-04,"-7 day ahead inc hosp","quantile",0.25,371,"COVID-19"
"DE-TH","00+",2022-01-11,2022-01-04,"-7 day ahead inc hosp","quantile",0.5,382,"COVID-19"
"DE-TH","00+",2022-01-11,2022-01-04,"-7 day ahead inc hosp","quantile",0.75,394,"COVID-19"
"DE-TH","00+",2022-01-11,2022-01-04,"-7 day ahead inc hosp","quantile",0.9,406,"COVID-19"
"DE-TH","00+",2022-01-11,2022-01-04,"-7 day ahead inc hosp","quantile",0.975,420,"COVID-19"
"DE-TH","00+",2022-01-11,2022-01-03,"-8 day ahead inc hosp","mean",NA,400,"COVID-19"
"DE-TH","00+",2022-01-11,2022-01-03,"-8 day ahead inc hosp","quantile",0.025,375,"COVID-19"
"DE-TH","00+",2022-01-11,2022-01-03,"-8 day ahead inc hosp","quantile",0.1,382,"COVID-19"
"DE-TH","00+",2022-01-11,2022-01-03,"-8 day ahead inc hosp","quantile",0.25,390,"COVID-19"
"DE-TH","00+",2022-01-11,2022-01-03,"-8 day ahead inc hosp","quantile",0.5,399,"COVID-19"
"DE-TH","00+",2022-01-11,2022-01-03,"-8 day ahead inc hosp","quantile",0.75,409,"COVID-19"
"DE-TH","00+",2022-01-11,2022-01-03,"-8 day ahead inc hosp","quantile",0.9,420,"COVID-19"
"DE-TH","00+",2022-01-11,2022-01-03,"-8 day ahead inc hosp","quantile",0.975,433,"COVID-19"
"DE-TH","00+",2022-01-11,2022-01-02,"-9 day ahead inc hosp","mean",NA,403,"COVID-19"
"DE-TH","00+",2022-01-11,2022-01-02,"-9 day ahead inc hosp","quantile",0.025,379,"COVID-19"
"DE-TH","00+",2022-01-11,2022-01-02,"-9 day ahead inc hosp","quantile",0.1,386,"COVID-19"
"DE-TH","00+",2022-01-11,2022-01-02,"-9 day ahead inc hosp","quantile",0.25,393,"COVID-19"
"DE-TH","00+",2022-01-11,2022-01-02,"-9 day ahead inc hosp","quantile",0.5,402,"COVID-19"
"DE-TH","00+",2022-01-11,2022-01-02,"-9 day ahead inc hosp","quantile",0.75,411,"COVID-19"
"DE-TH","00+",2022-01-11,2022-01-02,"-9 day ahead inc hosp","quantile",0.9,421,"COVID-19"
"DE-TH","00+",2022-01-11,2022-01-02,"-9 day ahead inc hosp","quantile",0.975,433,"COVID-19"
"DE-TH","00+",2022-01-11,2022-01-01,"-10 day ahead inc hosp","mean",NA,392,"COVID-19"
"DE-TH","00+",2022-01-11,2022-01-01,"-10 day ahead inc hosp","quantile",0.025,371,"COVID-19"
"DE-TH","00+",2022-01-11,2022-01-01,"-10 day ahead inc hosp","quantile",0.1,377,"COVID-19"
"DE-TH","00+",2022-01-11,2022-01-01,"-10 day ahead inc hosp","quantile",0.25,383,"COVID-19"
"DE-TH","00+",2022-01-11,2022-01-01,"-10 day ahead inc hosp","quantile",0.5,391,"COVID-19"
"DE-TH","00+",2022-01-11,2022-01-01,"-10 day ahead inc hosp","quantile",0.75,399,"COVID-19"
"DE-TH","00+",2022-01-11,2022-01-01,"-10 day ahead inc hosp","quantile",0.9,407,"COVID-19"
"DE-TH","00+",2022-01-11,2022-01-01,"-10 day ahead inc hosp","quantile",0.975,417,"COVID-19"
"DE-TH","00+",2022-01-11,2021-12-31,"-11 day ahead inc hosp","mean",NA,400,"COVID-19"
"DE-TH","00+",2022-01-11,2021-12-31,"-11 day ahead inc hosp","quantile",0.025,382,"COVID-19"
"DE-TH","00+",2022-01-11,2021-12-31,"-11 day ahead inc hosp","quantile",0.1,387,"COVID-19"
"DE-TH","00+",2022-01-11,2021-12-31,"-11 day ahead inc hosp","quantile",0.25,393,"COVID-19"
"DE-TH","00+",2022-01-11,2021-12-31,"-11 day ahead inc hosp","quantile",0.5,399,"COVID-19"
"DE-TH","00+",2022-01-11,2021-12-31,"-11 day ahead inc hosp","quantile",0.75,406,"COVID-19"
"DE-TH","00+",2022-01-11,2021-12-31,"-11 day ahead inc hosp","quantile",0.9,413,"COVID-19"
"DE-TH","00+",2022-01-11,2021-12-31,"-11 day ahead inc hosp","quantile",0.975,421,"COVID-19"
"DE-TH","00+",2022-01-11,2021-12-30,"-12 day ahead inc hosp","mean",NA,409,"COVID-19"
"DE-TH","00+",2022-01-11,2021-12-30,"-12 day ahead inc hosp","quantile",0.025,394,"COVID-19"
"DE-TH","00+",2022-01-11,2021-12-30,"-12 day ahead inc hosp","quantile",0.1,398,"COVID-19"
"DE-TH","00+",2022-01-11,2021-12-30,"-12 day ahead inc hosp","quantile",0.25,403,"COVID-19"
"DE-TH","00+",2022-01-11,2021-12-30,"-12 day ahead inc hosp","quantile",0.5,408,"COVID-19"
"DE-TH","00+",2022-01-11,2021-12-30,"-12 day ahead inc hosp","quantile",0.75,414,"COVID-19"
"DE-TH","00+",2022-01-11,2021-12-30,"-12 day ahead inc hosp","quantile",0.9,420,"COVID-19"
"DE-TH","00+",2022-01-11,2021-12-30,"-12 day ahead inc hosp","quantile",0.975,427,"COVID-19"
"DE-TH","00+",2022-01-11,2021-12-29,"-13 day ahead inc hosp","mean",NA,418,"COVID-19"
"DE-TH","00+",2022-01-11,2021-12-29,"-13 day ahead inc hosp","quantile",0.025,406,"COVID-19"
"DE-TH","00+",2022-01-11,2021-12-29,"-13 day ahead inc hosp","quantile",0.1,410,"COVID-19"
"DE-TH","00+",2022-01-11,2021-12-29,"-13 day ahead inc hosp","quantile",0.25,413,"COVID-19"
"DE-TH","00+",2022-01-11,2021-12-29,"-13 day ahead inc hosp","quantile",0.5,418,"COVID-19"
"DE-TH","00+",2022-01-11,2021-12-29,"-13 day ahead inc hosp","quantile",0.75,423,"COVID-19"
"DE-TH","00+",2022-01-11,2021-12-29,"-13 day ahead inc hosp","quantile",0.9,428,"COVID-19"
"DE-TH","00+",2022-01-11,2021-12-29,"-13 day ahead inc hosp","quantile",0.975,433,"COVID-19"
"DE-TH","00+",2022-01-11,2021-12-28,"-14 day ahead inc hosp","mean",NA,422,"COVID-19"
"DE-TH","00+",2022-01-11,2021-12-28,"-14 day ahead inc hosp","quantile",0.025,410,"COVID-19"
"DE-TH","00+",2022-01-11,2021-12-28,"-14 day ahead inc hosp","quantile",0.1,414,"COVID-19"
"DE-TH","00+",2022-01-11,2021-12-28,"-14 day ahead inc hosp","quantile",0.25,417,"COVID-19"
"DE-TH","00+",2022-01-11,2021-12-28,"-14 day ahead inc hosp","quantile",0.5,422,"COVID-19"
"DE-TH","00+",2022-01-11,2021-12-28,"-14 day ahead inc hosp","quantile",0.75,426,"COVID-19"
"DE-TH","00+",2022-01-11,2021-12-28,"-14 day ahead inc hosp","quantile",0.9,431,"COVID-19"
"DE-TH","00+",2022-01-11,2021-12-28,"-14 day ahead inc hosp","quantile",0.975,437,"COVID-19"
"DE-TH","00+",2022-01-11,2021-12-27,"-15 day ahead inc hosp","mean",NA,447,"COVID-19"
"DE-TH","00+",2022-01-11,2021-12-27,"-15 day ahead inc hosp","quantile",0.025,435,"COVID-19"
"DE-TH","00+",2022-01-11,2021-12-27,"-15 day ahead inc hosp","quantile",0.1,438,"COVID-19"
"DE-TH","00+",2022-01-11,2021-12-27,"-15 day ahead inc hosp","quantile",0.25,442,"COVID-19"
"DE-TH","00+",2022-01-11,2021-12-27,"-15 day ahead inc hosp","quantile",0.5,447,"COVID-19"
"DE-TH","00+",2022-01-11,2021-12-27,"-15 day ahead inc hosp","quantile",0.75,452,"COVID-19"
"DE-TH","00+",2022-01-11,2021-12-27,"-15 day ahead inc hosp","quantile",0.9,457,"COVID-19"
"DE-TH","00+",2022-01-11,2021-12-27,"-15 day ahead inc hosp","quantile",0.975,464,"COVID-19"
"DE-TH","00+",2022-01-11,2021-12-26,"-16 day ahead inc hosp","mean",NA,466,"COVID-19"
"DE-TH","00+",2022-01-11,2021-12-26,"-16 day ahead inc hosp","quantile",0.025,453,"COVID-19"
"DE-TH","00+",2022-01-11,2021-12-26,"-16 day ahead inc hosp","quantile",0.1,456,"COVID-19"
"DE-TH","00+",2022-01-11,2021-12-26,"-16 day ahead inc hosp","quantile",0.25,460,"COVID-19"
"DE-TH","00+",2022-01-11,2021-12-26,"-16 day ahead inc hosp","quantile",0.5,465,"COVID-19"
"DE-TH","00+",2022-01-11,2021-12-26,"-16 day ahead inc hosp","quantile",0.75,471,"COVID-19"
"DE-TH","00+",2022-01-11,2021-12-26,"-16 day ahead inc hosp","quantile",0.9,477,"COVID-19"
"DE-TH","00+",2022-01-11,2021-12-26,"-16 day ahead inc hosp","quantile",0.975,484,"COVID-19"
"DE-TH","00+",2022-01-11,2021-12-25,"-17 day ahead inc hosp","mean",NA,521,"COVID-19"
"DE-TH","00+",2022-01-11,2021-12-25,"-17 day ahead inc hosp","quantile",0.025,506,"COVID-19"
"DE-TH","00+",2022-01-11,2021-12-25,"-17 day ahead inc hosp","quantile",0.1,510,"COVID-19"
"DE-TH","00+",2022-01-11,2021-12-25,"-17 day ahead inc hosp","quantile",0.25,515,"COVID-19"
"DE-TH","00+",2022-01-11,2021-12-25,"-17 day ahead inc hosp","quantile",0.5,520,"COVID-19"
"DE-TH","00+",2022-01-11,2021-12-25,"-17 day ahead inc hosp","quantile",0.75,527,"COVID-19"
"DE-TH","00+",2022-01-11,2021-12-25,"-17 day ahead inc hosp","quantile",0.9,533,"COVID-19"
"DE-TH","00+",2022-01-11,2021-12-25,"-17 day ahead inc hosp","quantile",0.975,542,"COVID-19"
"DE-TH","00+",2022-01-11,2021-12-24,"-18 day ahead inc hosp","mean",NA,573,"COVID-19"
"DE-TH","00+",2022-01-11,2021-12-24,"-18 day ahead inc hosp","quantile",0.025,557,"COVID-19"
"DE-TH","00+",2022-01-11,2021-12-24,"-18 day ahead inc hosp","quantile",0.1,561,"COVID-19"
"DE-TH","00+",2022-01-11,2021-12-24,"-18 day ahead inc hosp","quantile",0.25,566,"COVID-19"
"DE-TH","00+",2022-01-11,2021-12-24,"-18 day ahead inc hosp","quantile",0.5,572,"COVID-19"
"DE-TH","00+",2022-01-11,2021-12-24,"-18 day ahead inc hosp","quantile",0.75,579,"COVID-19"
"DE-TH","00+",2022-01-11,2021-12-24,"-18 day ahead inc hosp","quantile",0.9,586,"COVID-19"
"DE-TH","00+",2022-01-11,2021-12-24,"-18 day ahead inc hosp","quantile",0.975,595,"COVID-19"
"DE-TH","00+",2022-01-11,2021-12-23,"-19 day ahead inc hosp","mean",NA,602,"COVID-19"
"DE-TH","00+",2022-01-11,2021-12-23,"-19 day ahead inc hosp","quantile",0.025,587,"COVID-19"
"DE-TH","00+",2022-01-11,2021-12-23,"-19 day ahead inc hosp","quantile",0.1,591,"COVID-19"
"DE-TH","00+",2022-01-11,2021-12-23,"-19 day ahead inc hosp","quantile",0.25,595,"COVID-19"
"DE-TH","00+",2022-01-11,2021-12-23,"-19 day ahead inc hosp","quantile",0.5,601,"COVID-19"
"DE-TH","00+",2022-01-11,2021-12-23,"-19 day ahead inc hosp","quantile",0.75,608,"COVID-19"
"DE-TH","00+",2022-01-11,2021-12-23,"-19 day ahead inc hosp","quantile",0.9,615,"COVID-19"
"DE-TH","00+",2022-01-11,2021-12-23,"-19 day ahead inc hosp","quantile",0.975,625,"COVID-19"
"DE-TH","00+",2022-01-11,2021-12-22,"-20 day ahead inc hosp","mean",NA,626,"COVID-19"
"DE-TH","00+",2022-01-11,2021-12-22,"-20 day ahead inc hosp","quantile",0.025,611,"COVID-19"
"DE-TH","00+",2022-01-11,2021-12-22,"-20 day ahead inc hosp","quantile",0.1,615,"COVID-19"
"DE-TH","00+",2022-01-11,2021-12-22,"-20 day ahead inc hosp","quantile",0.25,619,"COVID-19"
"DE-TH","00+",2022-01-11,2021-12-22,"-20 day ahead inc hosp","quantile",0.5,625,"COVID-19"
"DE-TH","00+",2022-01-11,2021-12-22,"-20 day ahead inc hosp","quantile",0.75,632,"COVID-19"
"DE-TH","00+",2022-01-11,2021-12-22,"-20 day ahead inc hosp","quantile",0.9,639,"COVID-19"
"DE-TH","00+",2022-01-11,2021-12-22,"-20 day ahead inc hosp","quantile",0.975,649,"COVID-19"
"DE-TH","00+",2022-01-11,2021-12-21,"-21 day ahead inc hosp","mean",NA,646,"COVID-19"
"DE-TH","00+",2022-01-11,2021-12-21,"-21 day ahead inc hosp","quantile",0.025,632,"COVID-19"
"DE-TH","00+",2022-01-11,2021-12-21,"-21 day ahead inc hosp","quantile",0.1,636,"COVID-19"
"DE-TH","00+",2022-01-11,2021-12-21,"-21 day ahead inc hosp","quantile",0.25,639,"COVID-19"
"DE-TH","00+",2022-01-11,2021-12-21,"-21 day ahead inc hosp","quantile",0.5,645,"COVID-19"
"DE-TH","00+",2022-01-11,2021-12-21,"-21 day ahead inc hosp","quantile",0.75,651,"COVID-19"
"DE-TH","00+",2022-01-11,2021-12-21,"-21 day ahead inc hosp","quantile",0.9,658,"COVID-19"
"DE-TH","00+",2022-01-11,2021-12-21,"-21 day ahead inc hosp","quantile",0.975,667,"COVID-19"
"DE-TH","00+",2022-01-11,2021-12-20,"-22 day ahead inc hosp","mean",NA,670,"COVID-19"
"DE-TH","00+",2022-01-11,2021-12-20,"-22 day ahead inc hosp","quantile",0.025,658,"COVID-19"
"DE-TH","00+",2022-01-11,2021-12-20,"-22 day ahead inc hosp","quantile",0.1,661,"COVID-19"
"DE-TH","00+",2022-01-11,2021-12-20,"-22 day ahead inc hosp","quantile",0.25,664,"COVID-19"
"DE-TH","00+",2022-01-11,2021-12-20,"-22 day ahead inc hosp","quantile",0.5,669,"COVID-19"
"DE-TH","00+",2022-01-11,2021-12-20,"-22 day ahead inc hosp","quantile",0.75,675,"COVID-19"
"DE-TH","00+",2022-01-11,2021-12-20,"-22 day ahead inc hosp","quantile",0.9,681,"COVID-19"
"DE-TH","00+",2022-01-11,2021-12-20,"-22 day ahead inc hosp","quantile",0.975,689,"COVID-19"
"DE-TH","00+",2022-01-11,2021-12-19,"-23 day ahead inc hosp","mean",NA,684,"COVID-19"
"DE-TH","00+",2022-01-11,2021-12-19,"-23 day ahead inc hosp","quantile",0.025,672,"COVID-19"
"DE-TH","00+",2022-01-11,2021-12-19,"-23 day ahead inc hosp","quantile",0.1,675,"COVID-19"
"DE-TH","00+",2022-01-11,2021-12-19,"-23 day ahead inc hosp","quantile",0.25,678,"COVID-19"
"DE-TH","00+",2022-01-11,2021-12-19,"-23 day ahead inc hosp","quantile",0.5,683,"COVID-19"
"DE-TH","00+",2022-01-11,2021-12-19,"-23 day ahead inc hosp","quantile",0.75,688,"COVID-19"
"DE-TH","00+",2022-01-11,2021-12-19,"-23 day ahead inc hosp","quantile",0.9,694,"COVID-19"
"DE-TH","00+",2022-01-11,2021-12-19,"-23 day ahead inc hosp","quantile",0.975,702,"COVID-19"
"DE-TH","00+",2022-01-11,2021-12-18,"-24 day ahead inc hosp","mean",NA,688,"COVID-19"
"DE-TH","00+",2022-01-11,2021-12-18,"-24 day ahead inc hosp","quantile",0.025,677,"COVID-19"
"DE-TH","00+",2022-01-11,2021-12-18,"-24 day ahead inc hosp","quantile",0.1,679,"COVID-19"
"DE-TH","00+",2022-01-11,2021-12-18,"-24 day ahead inc hosp","quantile",0.25,682,"COVID-19"
"DE-TH","00+",2022-01-11,2021-12-18,"-24 day ahead inc hosp","quantile",0.5,687,"COVID-19"
"DE-TH","00+",2022-01-11,2021-12-18,"-24 day ahead inc hosp","quantile",0.75,692,"COVID-19"
"DE-TH","00+",2022-01-11,2021-12-18,"-24 day ahead inc hosp","quantile",0.9,697,"COVID-19"
"DE-TH","00+",2022-01-11,2021-12-18,"-24 day ahead inc hosp","quantile",0.975,704,"COVID-19"
"DE-TH","00+",2022-01-11,2021-12-17,"-25 day ahead inc hosp","mean",NA,677,"COVID-19"
"DE-TH","00+",2022-01-11,2021-12-17,"-25 day ahead inc hosp","quantile",0.025,667,"COVID-19"
"DE-TH","00+",2022-01-11,2021-12-17,"-25 day ahead inc hosp","quantile",0.1,670,"COVID-19"
"DE-TH","00+",2022-01-11,2021-12-17,"-25 day ahead inc hosp","quantile",0.25,672,"COVID-19"
"DE-TH","00+",2022-01-11,2021-12-17,"-25 day ahead inc hosp","quantile",0.5,676,"COVID-19"
"DE-TH","00+",2022-01-11,2021-12-17,"-25 day ahead inc hosp","quantile",0.75,681,"COVID-19"
"DE-TH","00+",2022-01-11,2021-12-17,"-25 day ahead inc hosp","quantile",0.9,685,"COVID-19"
"DE-TH","00+",2022-01-11,2021-12-17,"-25 day ahead inc hosp","quantile",0.975,692,"COVID-19"
"DE-TH","00+",2022-01-11,2021-12-16,"-26 day ahead inc hosp","mean",NA,685,"COVID-19"
"DE-TH","00+",2022-01-11,2021-12-16,"-26 day ahead inc hosp","quantile",0.025,676,"COVID-19"
"DE-TH","00+",2022-01-11,2021-12-16,"-26 day ahead inc hosp","quantile",0.1,678,"COVID-19"
"DE-TH","00+",2022-01-11,2021-12-16,"-26 day ahead inc hosp","quantile",0.25,681,"COVID-19"
"DE-TH","00+",2022-01-11,2021-12-16,"-26 day ahead inc hosp","quantile",0.5,684,"COVID-19"
"DE-TH","00+",2022-01-11,2021-12-16,"-26 day ahead inc hosp","quantile",0.75,688,"COVID-19"
"DE-TH","00+",2022-01-11,2021-12-16,"-26 day ahead inc hosp","quantile",0.9,692,"COVID-19"
"DE-TH","00+",2022-01-11,2021-12-16,"-26 day ahead inc hosp","quantile",0.975,698,"COVID-19"
"DE-TH","00+",2022-01-11,2021-12-15,"-27 day ahead inc hosp","mean",NA,712,"COVID-19"
"DE-TH","00+",2022-01-11,2021-12-15,"-27 day ahead inc hosp","quantile",0.025,704,"COVID-19"
"DE-TH","00+",2022-01-11,2021-12-15,"-27 day ahead inc hosp","quantile",0.1,706,"COVID-19"
"DE-TH","00+",2022-01-11,2021-12-15,"-27 day ahead inc hosp","quantile",0.25,708,"COVID-19"
"DE-TH","00+",2022-01-11,2021-12-15,"-27 day ahead inc hosp","quantile",0.5,711,"COVID-19"
"DE-TH","00+",2022-01-11,2021-12-15,"-27 day ahead inc hosp","quantile",0.75,715,"COVID-19"
"DE-TH","00+",2022-01-11,2021-12-15,"-27 day ahead inc hosp","quantile",0.9,719,"COVID-19"
"DE-TH","00+",2022-01-11,2021-12-15,"-27 day ahead inc hosp","quantile",0.975,724,"COVID-19"
"DE-TH","00+",2022-01-11,2021-12-14,"-28 day ahead inc hosp","mean",NA,734,"COVID-19"
"DE-TH","00+",2022-01-11,2021-12-14,"-28 day ahead inc hosp","quantile",0.025,726,"COVID-19"
"DE-TH","00+",2022-01-11,2021-12-14,"-28 day ahead inc hosp","quantile",0.1,728,"COVID-19"
"DE-TH","00+",2022-01-11,2021-12-14,"-28 day ahead inc hosp","quantile",0.25,730,"COVID-19"
"DE-TH","00+",2022-01-11,2021-12-14,"-28 day ahead inc hosp","quantile",0.5,733,"COVID-19"
"DE-TH","00+",2022-01-11,2021-12-14,"-28 day ahead inc hosp","quantile",0.75,736,"COVID-19"
"DE-TH","00+",2022-01-11,2021-12-14,"-28 day ahead inc hosp","quantile",0.9,740,"COVID-19"
"DE-TH","00+",2022-01-11,2021-12-14,"-28 day ahead inc hosp","quantile",0.975,744,"COVID-19"
