"location","age_group","forecast_date","target_end_date","target","type","quantile","value","pathogen"
"DE","00+",2022-04-22,2022-04-22,"0 day ahead inc hosp","mean",NA,7873,"COVID-19"
"DE","00+",2022-04-22,2022-04-22,"0 day ahead inc hosp","quantile",0.025,5554,"COVID-19"
"DE","00+",2022-04-22,2022-04-22,"0 day ahead inc hosp","quantile",0.1,6170,"COVID-19"
"DE","00+",2022-04-22,2022-04-22,"0 day ahead inc hosp","quantile",0.25,6834,"COVID-19"
"DE","00+",2022-04-22,2022-04-22,"0 day ahead inc hosp","quantile",0.5,7706,"COVID-19"
"DE","00+",2022-04-22,2022-04-22,"0 day ahead inc hosp","quantile",0.75,8731,"COVID-19"
"DE","00+",2022-04-22,2022-04-22,"0 day ahead inc hosp","quantile",0.9,9790,"COVID-19"
"DE","00+",2022-04-22,2022-04-22,"0 day ahead inc hosp","quantile",0.975,11135,"COVID-19"
"DE","00+",2022-04-22,2022-04-21,"-1 day ahead inc hosp","mean",NA,7683,"COVID-19"
"DE","00+",2022-04-22,2022-04-21,"-1 day ahead inc hosp","quantile",0.025,5807,"COVID-19"
"DE","00+",2022-04-22,2022-04-21,"-1 day ahead inc hosp","quantile",0.1,6302,"COVID-19"
"DE","00+",2022-04-22,2022-04-21,"-1 day ahead inc hosp","quantile",0.25,6838,"COVID-19"
"DE","00+",2022-04-22,2022-04-21,"-1 day ahead inc hosp","quantile",0.5,7545,"COVID-19"
"DE","00+",2022-04-22,2022-04-21,"-1 day ahead inc hosp","quantile",0.75,8378,"COVID-19"
"DE","00+",2022-04-22,2022-04-21,"-1 day ahead inc hosp","quantile",0.9,9242,"COVID-19"
"DE","00+",2022-04-22,2022-04-21,"-1 day ahead inc hosp","quantile",0.975,10340,"COVID-19"
"DE","00+",2022-04-22,2022-04-20,"-2 day ahead inc hosp","mean",NA,7023,"COVID-19"
"DE","00+",2022-04-22,2022-04-20,"-2 day ahead inc hosp","quantile",0.025,5657,"COVID-19"
"DE","00+",2022-04-22,2022-04-20,"-2 day ahead inc hosp","quantile",0.1,6019,"COVID-19"
"DE","00+",2022-04-22,2022-04-20,"-2 day ahead inc hosp","quantile",0.25,6410,"COVID-19"
"DE","00+",2022-04-22,2022-04-20,"-2 day ahead inc hosp","quantile",0.5,6925,"COVID-19"
"DE","00+",2022-04-22,2022-04-20,"-2 day ahead inc hosp","quantile",0.75,7528,"COVID-19"
"DE","00+",2022-04-22,2022-04-20,"-2 day ahead inc hosp","quantile",0.9,8152,"COVID-19"
"DE","00+",2022-04-22,2022-04-20,"-2 day ahead inc hosp","quantile",0.975,8944,"COVID-19"
"DE","00+",2022-04-22,2022-04-19,"-3 day ahead inc hosp","mean",NA,6254,"COVID-19"
"DE","00+",2022-04-22,2022-04-19,"-3 day ahead inc hosp","quantile",0.025,5395,"COVID-19"
"DE","00+",2022-04-22,2022-04-19,"-3 day ahead inc hosp","quantile",0.1,5626,"COVID-19"
"DE","00+",2022-04-22,2022-04-19,"-3 day ahead inc hosp","quantile",0.25,5873,"COVID-19"
"DE","00+",2022-04-22,2022-04-19,"-3 day ahead inc hosp","quantile",0.5,6195,"COVID-19"
"DE","00+",2022-04-22,2022-04-19,"-3 day ahead inc hosp","quantile",0.75,6571,"COVID-19"
"DE","00+",2022-04-22,2022-04-19,"-3 day ahead inc hosp","quantile",0.9,6957,"COVID-19"
"DE","00+",2022-04-22,2022-04-19,"-3 day ahead inc hosp","quantile",0.975,7445,"COVID-19"
"DE","00+",2022-04-22,2022-04-18,"-4 day ahead inc hosp","mean",NA,7479,"COVID-19"
"DE","00+",2022-04-22,2022-04-18,"-4 day ahead inc hosp","quantile",0.025,6600,"COVID-19"
"DE","00+",2022-04-22,2022-04-18,"-4 day ahead inc hosp","quantile",0.1,6839,"COVID-19"
"DE","00+",2022-04-22,2022-04-18,"-4 day ahead inc hosp","quantile",0.25,7092,"COVID-19"
"DE","00+",2022-04-22,2022-04-18,"-4 day ahead inc hosp","quantile",0.5,7421,"COVID-19"
"DE","00+",2022-04-22,2022-04-18,"-4 day ahead inc hosp","quantile",0.75,7803,"COVID-19"
"DE","00+",2022-04-22,2022-04-18,"-4 day ahead inc hosp","quantile",0.9,8195,"COVID-19"
"DE","00+",2022-04-22,2022-04-18,"-4 day ahead inc hosp","quantile",0.975,8688,"COVID-19"
"DE","00+",2022-04-22,2022-04-17,"-5 day ahead inc hosp","mean",NA,7636,"COVID-19"
"DE","00+",2022-04-22,2022-04-17,"-5 day ahead inc hosp","quantile",0.025,6799,"COVID-19"
"DE","00+",2022-04-22,2022-04-17,"-5 day ahead inc hosp","quantile",0.1,7028,"COVID-19"
"DE","00+",2022-04-22,2022-04-17,"-5 day ahead inc hosp","quantile",0.25,7270,"COVID-19"
"DE","00+",2022-04-22,2022-04-17,"-5 day ahead inc hosp","quantile",0.5,7582,"COVID-19"
"DE","00+",2022-04-22,2022-04-17,"-5 day ahead inc hosp","quantile",0.75,7944,"COVID-19"
"DE","00+",2022-04-22,2022-04-17,"-5 day ahead inc hosp","quantile",0.9,8313,"COVID-19"
"DE","00+",2022-04-22,2022-04-17,"-5 day ahead inc hosp","quantile",0.975,8776,"COVID-19"
"DE","00+",2022-04-22,2022-04-16,"-6 day ahead inc hosp","mean",NA,7791,"COVID-19"
"DE","00+",2022-04-22,2022-04-16,"-6 day ahead inc hosp","quantile",0.025,6980,"COVID-19"
"DE","00+",2022-04-22,2022-04-16,"-6 day ahead inc hosp","quantile",0.1,7202,"COVID-19"
"DE","00+",2022-04-22,2022-04-16,"-6 day ahead inc hosp","quantile",0.25,7436,"COVID-19"
"DE","00+",2022-04-22,2022-04-16,"-6 day ahead inc hosp","quantile",0.5,7739,"COVID-19"
"DE","00+",2022-04-22,2022-04-16,"-6 day ahead inc hosp","quantile",0.75,8090,"COVID-19"
"DE","00+",2022-04-22,2022-04-16,"-6 day ahead inc hosp","quantile",0.9,8448,"COVID-19"
"DE","00+",2022-04-22,2022-04-16,"-6 day ahead inc hosp","quantile",0.975,8899,"COVID-19"
"DE","00+",2022-04-22,2022-04-15,"-7 day ahead inc hosp","mean",NA,8662,"COVID-19"
"DE","00+",2022-04-22,2022-04-15,"-7 day ahead inc hosp","quantile",0.025,7807,"COVID-19"
"DE","00+",2022-04-22,2022-04-15,"-7 day ahead inc hosp","quantile",0.1,8040,"COVID-19"
"DE","00+",2022-04-22,2022-04-15,"-7 day ahead inc hosp","quantile",0.25,8286,"COVID-19"
"DE","00+",2022-04-22,2022-04-15,"-7 day ahead inc hosp","quantile",0.5,8606,"COVID-19"
"DE","00+",2022-04-22,2022-04-15,"-7 day ahead inc hosp","quantile",0.75,8977,"COVID-19"
"DE","00+",2022-04-22,2022-04-15,"-7 day ahead inc hosp","quantile",0.9,9358,"COVID-19"
"DE","00+",2022-04-22,2022-04-15,"-7 day ahead inc hosp","quantile",0.975,9837,"COVID-19"
"DE","00+",2022-04-22,2022-04-14,"-8 day ahead inc hosp","mean",NA,8783,"COVID-19"
"DE","00+",2022-04-22,2022-04-14,"-8 day ahead inc hosp","quantile",0.025,7982,"COVID-19"
"DE","00+",2022-04-22,2022-04-14,"-8 day ahead inc hosp","quantile",0.1,8197,"COVID-19"
"DE","00+",2022-04-22,2022-04-14,"-8 day ahead inc hosp","quantile",0.25,8428,"COVID-19"
"DE","00+",2022-04-22,2022-04-14,"-8 day ahead inc hosp","quantile",0.5,8728,"COVID-19"
"DE","00+",2022-04-22,2022-04-14,"-8 day ahead inc hosp","quantile",0.75,9079,"COVID-19"
"DE","00+",2022-04-22,2022-04-14,"-8 day ahead inc hosp","quantile",0.9,9440,"COVID-19"
"DE","00+",2022-04-22,2022-04-14,"-8 day ahead inc hosp","quantile",0.975,9897,"COVID-19"
"DE","00+",2022-04-22,2022-04-13,"-9 day ahead inc hosp","mean",NA,9110,"COVID-19"
"DE","00+",2022-04-22,2022-04-13,"-9 day ahead inc hosp","quantile",0.025,8341,"COVID-19"
"DE","00+",2022-04-22,2022-04-13,"-9 day ahead inc hosp","quantile",0.1,8545,"COVID-19"
"DE","00+",2022-04-22,2022-04-13,"-9 day ahead inc hosp","quantile",0.25,8765,"COVID-19"
"DE","00+",2022-04-22,2022-04-13,"-9 day ahead inc hosp","quantile",0.5,9054,"COVID-19"
"DE","00+",2022-04-22,2022-04-13,"-9 day ahead inc hosp","quantile",0.75,9395,"COVID-19"
"DE","00+",2022-04-22,2022-04-13,"-9 day ahead inc hosp","quantile",0.9,9747,"COVID-19"
"DE","00+",2022-04-22,2022-04-13,"-9 day ahead inc hosp","quantile",0.975,10194,"COVID-19"
"DE","00+",2022-04-22,2022-04-12,"-10 day ahead inc hosp","mean",NA,9197,"COVID-19"
"DE","00+",2022-04-22,2022-04-12,"-10 day ahead inc hosp","quantile",0.025,8494,"COVID-19"
"DE","00+",2022-04-22,2022-04-12,"-10 day ahead inc hosp","quantile",0.1,8679,"COVID-19"
"DE","00+",2022-04-22,2022-04-12,"-10 day ahead inc hosp","quantile",0.25,8879,"COVID-19"
"DE","00+",2022-04-22,2022-04-12,"-10 day ahead inc hosp","quantile",0.5,9144,"COVID-19"
"DE","00+",2022-04-22,2022-04-12,"-10 day ahead inc hosp","quantile",0.75,9458,"COVID-19"
"DE","00+",2022-04-22,2022-04-12,"-10 day ahead inc hosp","quantile",0.9,9784,"COVID-19"
"DE","00+",2022-04-22,2022-04-12,"-10 day ahead inc hosp","quantile",0.975,10199,"COVID-19"
"DE","00+",2022-04-22,2022-04-11,"-11 day ahead inc hosp","mean",NA,9159,"COVID-19"
"DE","00+",2022-04-22,2022-04-11,"-11 day ahead inc hosp","quantile",0.025,8531,"COVID-19"
"DE","00+",2022-04-22,2022-04-11,"-11 day ahead inc hosp","quantile",0.1,8694,"COVID-19"
"DE","00+",2022-04-22,2022-04-11,"-11 day ahead inc hosp","quantile",0.25,8873,"COVID-19"
"DE","00+",2022-04-22,2022-04-11,"-11 day ahead inc hosp","quantile",0.5,9111,"COVID-19"
"DE","00+",2022-04-22,2022-04-11,"-11 day ahead inc hosp","quantile",0.75,9393,"COVID-19"
"DE","00+",2022-04-22,2022-04-11,"-11 day ahead inc hosp","quantile",0.9,9687,"COVID-19"
"DE","00+",2022-04-22,2022-04-11,"-11 day ahead inc hosp","quantile",0.975,10063,"COVID-19"
"DE","00+",2022-04-22,2022-04-10,"-12 day ahead inc hosp","mean",NA,9127,"COVID-19"
"DE","00+",2022-04-22,2022-04-10,"-12 day ahead inc hosp","quantile",0.025,8511,"COVID-19"
"DE","00+",2022-04-22,2022-04-10,"-12 day ahead inc hosp","quantile",0.1,8669,"COVID-19"
"DE","00+",2022-04-22,2022-04-10,"-12 day ahead inc hosp","quantile",0.25,8844,"COVID-19"
"DE","00+",2022-04-22,2022-04-10,"-12 day ahead inc hosp","quantile",0.5,9078,"COVID-19"
"DE","00+",2022-04-22,2022-04-10,"-12 day ahead inc hosp","quantile",0.75,9356,"COVID-19"
"DE","00+",2022-04-22,2022-04-10,"-12 day ahead inc hosp","quantile",0.9,9648,"COVID-19"
"DE","00+",2022-04-22,2022-04-10,"-12 day ahead inc hosp","quantile",0.975,10021,"COVID-19"
"DE","00+",2022-04-22,2022-04-09,"-13 day ahead inc hosp","mean",NA,9196,"COVID-19"
"DE","00+",2022-04-22,2022-04-09,"-13 day ahead inc hosp","quantile",0.025,8591,"COVID-19"
"DE","00+",2022-04-22,2022-04-09,"-13 day ahead inc hosp","quantile",0.1,8745,"COVID-19"
"DE","00+",2022-04-22,2022-04-09,"-13 day ahead inc hosp","quantile",0.25,8916,"COVID-19"
"DE","00+",2022-04-22,2022-04-09,"-13 day ahead inc hosp","quantile",0.5,9146,"COVID-19"
"DE","00+",2022-04-22,2022-04-09,"-13 day ahead inc hosp","quantile",0.75,9421,"COVID-19"
"DE","00+",2022-04-22,2022-04-09,"-13 day ahead inc hosp","quantile",0.9,9710,"COVID-19"
"DE","00+",2022-04-22,2022-04-09,"-13 day ahead inc hosp","quantile",0.975,10082,"COVID-19"
"DE","00+",2022-04-22,2022-04-08,"-14 day ahead inc hosp","mean",NA,9215,"COVID-19"
"DE","00+",2022-04-22,2022-04-08,"-14 day ahead inc hosp","quantile",0.025,8646,"COVID-19"
"DE","00+",2022-04-22,2022-04-08,"-14 day ahead inc hosp","quantile",0.1,8789,"COVID-19"
"DE","00+",2022-04-22,2022-04-08,"-14 day ahead inc hosp","quantile",0.25,8950,"COVID-19"
"DE","00+",2022-04-22,2022-04-08,"-14 day ahead inc hosp","quantile",0.5,9167,"COVID-19"
"DE","00+",2022-04-22,2022-04-08,"-14 day ahead inc hosp","quantile",0.75,9428,"COVID-19"
"DE","00+",2022-04-22,2022-04-08,"-14 day ahead inc hosp","quantile",0.9,9703,"COVID-19"
"DE","00+",2022-04-22,2022-04-08,"-14 day ahead inc hosp","quantile",0.975,10058,"COVID-19"
"DE","00+",2022-04-22,2022-04-07,"-15 day ahead inc hosp","mean",NA,9488,"COVID-19"
"DE","00+",2022-04-22,2022-04-07,"-15 day ahead inc hosp","quantile",0.025,8939,"COVID-19"
"DE","00+",2022-04-22,2022-04-07,"-15 day ahead inc hosp","quantile",0.1,9075,"COVID-19"
"DE","00+",2022-04-22,2022-04-07,"-15 day ahead inc hosp","quantile",0.25,9229,"COVID-19"
"DE","00+",2022-04-22,2022-04-07,"-15 day ahead inc hosp","quantile",0.5,9439,"COVID-19"
"DE","00+",2022-04-22,2022-04-07,"-15 day ahead inc hosp","quantile",0.75,9694,"COVID-19"
"DE","00+",2022-04-22,2022-04-07,"-15 day ahead inc hosp","quantile",0.9,9963,"COVID-19"
"DE","00+",2022-04-22,2022-04-07,"-15 day ahead inc hosp","quantile",0.975,10312,"COVID-19"
"DE","00+",2022-04-22,2022-04-06,"-16 day ahead inc hosp","mean",NA,9630,"COVID-19"
"DE","00+",2022-04-22,2022-04-06,"-16 day ahead inc hosp","quantile",0.025,9112,"COVID-19"
"DE","00+",2022-04-22,2022-04-06,"-16 day ahead inc hosp","quantile",0.1,9238,"COVID-19"
"DE","00+",2022-04-22,2022-04-06,"-16 day ahead inc hosp","quantile",0.25,9383,"COVID-19"
"DE","00+",2022-04-22,2022-04-06,"-16 day ahead inc hosp","quantile",0.5,9582,"COVID-19"
"DE","00+",2022-04-22,2022-04-06,"-16 day ahead inc hosp","quantile",0.75,9825,"COVID-19"
"DE","00+",2022-04-22,2022-04-06,"-16 day ahead inc hosp","quantile",0.9,10083,"COVID-19"
"DE","00+",2022-04-22,2022-04-06,"-16 day ahead inc hosp","quantile",0.975,10420,"COVID-19"
"DE","00+",2022-04-22,2022-04-05,"-17 day ahead inc hosp","mean",NA,9953,"COVID-19"
"DE","00+",2022-04-22,2022-04-05,"-17 day ahead inc hosp","quantile",0.025,9462,"COVID-19"
"DE","00+",2022-04-22,2022-04-05,"-17 day ahead inc hosp","quantile",0.1,9580,"COVID-19"
"DE","00+",2022-04-22,2022-04-05,"-17 day ahead inc hosp","quantile",0.25,9717,"COVID-19"
"DE","00+",2022-04-22,2022-04-05,"-17 day ahead inc hosp","quantile",0.5,9906,"COVID-19"
"DE","00+",2022-04-22,2022-04-05,"-17 day ahead inc hosp","quantile",0.75,10139,"COVID-19"
"DE","00+",2022-04-22,2022-04-05,"-17 day ahead inc hosp","quantile",0.9,10388,"COVID-19"
"DE","00+",2022-04-22,2022-04-05,"-17 day ahead inc hosp","quantile",0.975,10713,"COVID-19"
"DE","00+",2022-04-22,2022-04-04,"-18 day ahead inc hosp","mean",NA,10202,"COVID-19"
"DE","00+",2022-04-22,2022-04-04,"-18 day ahead inc hosp","quantile",0.025,9740,"COVID-19"
"DE","00+",2022-04-22,2022-04-04,"-18 day ahead inc hosp","quantile",0.1,9849,"COVID-19"
"DE","00+",2022-04-22,2022-04-04,"-18 day ahead inc hosp","quantile",0.25,9977,"COVID-19"
"DE","00+",2022-04-22,2022-04-04,"-18 day ahead inc hosp","quantile",0.5,10155,"COVID-19"
"DE","00+",2022-04-22,2022-04-04,"-18 day ahead inc hosp","quantile",0.75,10377,"COVID-19"
"DE","00+",2022-04-22,2022-04-04,"-18 day ahead inc hosp","quantile",0.9,10615,"COVID-19"
"DE","00+",2022-04-22,2022-04-04,"-18 day ahead inc hosp","quantile",0.975,10928,"COVID-19"
"DE","00+",2022-04-22,2022-04-03,"-19 day ahead inc hosp","mean",NA,10368,"COVID-19"
"DE","00+",2022-04-22,2022-04-03,"-19 day ahead inc hosp","quantile",0.025,9904,"COVID-19"
"DE","00+",2022-04-22,2022-04-03,"-19 day ahead inc hosp","quantile",0.1,10012,"COVID-19"
"DE","00+",2022-04-22,2022-04-03,"-19 day ahead inc hosp","quantile",0.25,10139,"COVID-19"
"DE","00+",2022-04-22,2022-04-03,"-19 day ahead inc hosp","quantile",0.5,10319,"COVID-19"
"DE","00+",2022-04-22,2022-04-03,"-19 day ahead inc hosp","quantile",0.75,10544,"COVID-19"
"DE","00+",2022-04-22,2022-04-03,"-19 day ahead inc hosp","quantile",0.9,10788,"COVID-19"
"DE","00+",2022-04-22,2022-04-03,"-19 day ahead inc hosp","quantile",0.975,11109,"COVID-19"
"DE","00+",2022-04-22,2022-04-02,"-20 day ahead inc hosp","mean",NA,10559,"COVID-19"
"DE","00+",2022-04-22,2022-04-02,"-20 day ahead inc hosp","quantile",0.025,10095,"COVID-19"
"DE","00+",2022-04-22,2022-04-02,"-20 day ahead inc hosp","quantile",0.1,10201,"COVID-19"
"DE","00+",2022-04-22,2022-04-02,"-20 day ahead inc hosp","quantile",0.25,10327,"COVID-19"
"DE","00+",2022-04-22,2022-04-02,"-20 day ahead inc hosp","quantile",0.5,10508,"COVID-19"
"DE","00+",2022-04-22,2022-04-02,"-20 day ahead inc hosp","quantile",0.75,10736,"COVID-19"
"DE","00+",2022-04-22,2022-04-02,"-20 day ahead inc hosp","quantile",0.9,10984,"COVID-19"
"DE","00+",2022-04-22,2022-04-02,"-20 day ahead inc hosp","quantile",0.975,11313,"COVID-19"
"DE","00+",2022-04-22,2022-04-01,"-21 day ahead inc hosp","mean",NA,10920,"COVID-19"
"DE","00+",2022-04-22,2022-04-01,"-21 day ahead inc hosp","quantile",0.025,10467,"COVID-19"
"DE","00+",2022-04-22,2022-04-01,"-21 day ahead inc hosp","quantile",0.1,10568,"COVID-19"
"DE","00+",2022-04-22,2022-04-01,"-21 day ahead inc hosp","quantile",0.25,10690,"COVID-19"
"DE","00+",2022-04-22,2022-04-01,"-21 day ahead inc hosp","quantile",0.5,10867,"COVID-19"
"DE","00+",2022-04-22,2022-04-01,"-21 day ahead inc hosp","quantile",0.75,11093,"COVID-19"
"DE","00+",2022-04-22,2022-04-01,"-21 day ahead inc hosp","quantile",0.9,11341,"COVID-19"
"DE","00+",2022-04-22,2022-04-01,"-21 day ahead inc hosp","quantile",0.975,11670,"COVID-19"
"DE","00+",2022-04-22,2022-03-31,"-22 day ahead inc hosp","mean",NA,11052,"COVID-19"
"DE","00+",2022-04-22,2022-03-31,"-22 day ahead inc hosp","quantile",0.025,10626,"COVID-19"
"DE","00+",2022-04-22,2022-03-31,"-22 day ahead inc hosp","quantile",0.1,10719,"COVID-19"
"DE","00+",2022-04-22,2022-03-31,"-22 day ahead inc hosp","quantile",0.25,10833,"COVID-19"
"DE","00+",2022-04-22,2022-03-31,"-22 day ahead inc hosp","quantile",0.5,11001,"COVID-19"
"DE","00+",2022-04-22,2022-03-31,"-22 day ahead inc hosp","quantile",0.75,11215,"COVID-19"
"DE","00+",2022-04-22,2022-03-31,"-22 day ahead inc hosp","quantile",0.9,11453,"COVID-19"
"DE","00+",2022-04-22,2022-03-31,"-22 day ahead inc hosp","quantile",0.975,11770,"COVID-19"
"DE","00+",2022-04-22,2022-03-30,"-23 day ahead inc hosp","mean",NA,11265,"COVID-19"
"DE","00+",2022-04-22,2022-03-30,"-23 day ahead inc hosp","quantile",0.025,10866,"COVID-19"
"DE","00+",2022-04-22,2022-03-30,"-23 day ahead inc hosp","quantile",0.1,10951,"COVID-19"
"DE","00+",2022-04-22,2022-03-30,"-23 day ahead inc hosp","quantile",0.25,11057,"COVID-19"
"DE","00+",2022-04-22,2022-03-30,"-23 day ahead inc hosp","quantile",0.5,11215,"COVID-19"
"DE","00+",2022-04-22,2022-03-30,"-23 day ahead inc hosp","quantile",0.75,11419,"COVID-19"
"DE","00+",2022-04-22,2022-03-30,"-23 day ahead inc hosp","quantile",0.9,11645,"COVID-19"
"DE","00+",2022-04-22,2022-03-30,"-23 day ahead inc hosp","quantile",0.975,11950,"COVID-19"
"DE","00+",2022-04-22,2022-03-29,"-24 day ahead inc hosp","mean",NA,11382,"COVID-19"
"DE","00+",2022-04-22,2022-03-29,"-24 day ahead inc hosp","quantile",0.025,11018,"COVID-19"
"DE","00+",2022-04-22,2022-03-29,"-24 day ahead inc hosp","quantile",0.1,11094,"COVID-19"
"DE","00+",2022-04-22,2022-03-29,"-24 day ahead inc hosp","quantile",0.25,11190,"COVID-19"
"DE","00+",2022-04-22,2022-03-29,"-24 day ahead inc hosp","quantile",0.5,11334,"COVID-19"
"DE","00+",2022-04-22,2022-03-29,"-24 day ahead inc hosp","quantile",0.75,11522,"COVID-19"
"DE","00+",2022-04-22,2022-03-29,"-24 day ahead inc hosp","quantile",0.9,11732,"COVID-19"
"DE","00+",2022-04-22,2022-03-29,"-24 day ahead inc hosp","quantile",0.975,12016,"COVID-19"
"DE","00+",2022-04-22,2022-03-28,"-25 day ahead inc hosp","mean",NA,11393,"COVID-19"
"DE","00+",2022-04-22,2022-03-28,"-25 day ahead inc hosp","quantile",0.025,11063,"COVID-19"
"DE","00+",2022-04-22,2022-03-28,"-25 day ahead inc hosp","quantile",0.1,11130,"COVID-19"
"DE","00+",2022-04-22,2022-03-28,"-25 day ahead inc hosp","quantile",0.25,11217,"COVID-19"
"DE","00+",2022-04-22,2022-03-28,"-25 day ahead inc hosp","quantile",0.5,11348,"COVID-19"
"DE","00+",2022-04-22,2022-03-28,"-25 day ahead inc hosp","quantile",0.75,11521,"COVID-19"
"DE","00+",2022-04-22,2022-03-28,"-25 day ahead inc hosp","quantile",0.9,11715,"COVID-19"
"DE","00+",2022-04-22,2022-03-28,"-25 day ahead inc hosp","quantile",0.975,11977,"COVID-19"
"DE","00+",2022-04-22,2022-03-27,"-26 day ahead inc hosp","mean",NA,11404,"COVID-19"
"DE","00+",2022-04-22,2022-03-27,"-26 day ahead inc hosp","quantile",0.025,11081,"COVID-19"
"DE","00+",2022-04-22,2022-03-27,"-26 day ahead inc hosp","quantile",0.1,11146,"COVID-19"
"DE","00+",2022-04-22,2022-03-27,"-26 day ahead inc hosp","quantile",0.25,11231,"COVID-19"
"DE","00+",2022-04-22,2022-03-27,"-26 day ahead inc hosp","quantile",0.5,11359,"COVID-19"
"DE","00+",2022-04-22,2022-03-27,"-26 day ahead inc hosp","quantile",0.75,11529,"COVID-19"
"DE","00+",2022-04-22,2022-03-27,"-26 day ahead inc hosp","quantile",0.9,11721,"COVID-19"
"DE","00+",2022-04-22,2022-03-27,"-26 day ahead inc hosp","quantile",0.975,11982,"COVID-19"
"DE","00+",2022-04-22,2022-03-26,"-27 day ahead inc hosp","mean",NA,11393,"COVID-19"
"DE","00+",2022-04-22,2022-03-26,"-27 day ahead inc hosp","quantile",0.025,11083,"COVID-19"
"DE","00+",2022-04-22,2022-03-26,"-27 day ahead inc hosp","quantile",0.1,11145,"COVID-19"
"DE","00+",2022-04-22,2022-03-26,"-27 day ahead inc hosp","quantile",0.25,11226,"COVID-19"
"DE","00+",2022-04-22,2022-03-26,"-27 day ahead inc hosp","quantile",0.5,11349,"COVID-19"
"DE","00+",2022-04-22,2022-03-26,"-27 day ahead inc hosp","quantile",0.75,11514,"COVID-19"
"DE","00+",2022-04-22,2022-03-26,"-27 day ahead inc hosp","quantile",0.9,11699,"COVID-19"
"DE","00+",2022-04-22,2022-03-26,"-27 day ahead inc hosp","quantile",0.975,11952,"COVID-19"
"DE","00+",2022-04-22,2022-03-25,"-28 day ahead inc hosp","mean",NA,11441,"COVID-19"
"DE","00+",2022-04-22,2022-03-25,"-28 day ahead inc hosp","quantile",0.025,11154,"COVID-19"
"DE","00+",2022-04-22,2022-03-25,"-28 day ahead inc hosp","quantile",0.1,11211,"COVID-19"
"DE","00+",2022-04-22,2022-03-25,"-28 day ahead inc hosp","quantile",0.25,11285,"COVID-19"
"DE","00+",2022-04-22,2022-03-25,"-28 day ahead inc hosp","quantile",0.5,11400,"COVID-19"
"DE","00+",2022-04-22,2022-03-25,"-28 day ahead inc hosp","quantile",0.75,11552,"COVID-19"
"DE","00+",2022-04-22,2022-03-25,"-28 day ahead inc hosp","quantile",0.9,11725,"COVID-19"
"DE","00+",2022-04-22,2022-03-25,"-28 day ahead inc hosp","quantile",0.975,11960,"COVID-19"
"DE","00-04",2022-04-22,2022-04-22,"0 day ahead inc hosp","mean",NA,218,"COVID-19"
"DE","00-04",2022-04-22,2022-04-22,"0 day ahead inc hosp","quantile",0.025,161,"COVID-19"
"DE","00-04",2022-04-22,2022-04-22,"0 day ahead inc hosp","quantile",0.1,175,"COVID-19"
"DE","00-04",2022-04-22,2022-04-22,"0 day ahead inc hosp","quantile",0.25,191,"COVID-19"
"DE","00-04",2022-04-22,2022-04-22,"0 day ahead inc hosp","quantile",0.5,213,"COVID-19"
"DE","00-04",2022-04-22,2022-04-22,"0 day ahead inc hosp","quantile",0.75,239,"COVID-19"
"DE","00-04",2022-04-22,2022-04-22,"0 day ahead inc hosp","quantile",0.9,267,"COVID-19"
"DE","00-04",2022-04-22,2022-04-22,"0 day ahead inc hosp","quantile",0.975,302,"COVID-19"
"DE","00-04",2022-04-22,2022-04-21,"-1 day ahead inc hosp","mean",NA,218,"COVID-19"
"DE","00-04",2022-04-22,2022-04-21,"-1 day ahead inc hosp","quantile",0.025,172,"COVID-19"
"DE","00-04",2022-04-22,2022-04-21,"-1 day ahead inc hosp","quantile",0.1,183,"COVID-19"
"DE","00-04",2022-04-22,2022-04-21,"-1 day ahead inc hosp","quantile",0.25,196,"COVID-19"
"DE","00-04",2022-04-22,2022-04-21,"-1 day ahead inc hosp","quantile",0.5,214,"COVID-19"
"DE","00-04",2022-04-22,2022-04-21,"-1 day ahead inc hosp","quantile",0.75,236,"COVID-19"
"DE","00-04",2022-04-22,2022-04-21,"-1 day ahead inc hosp","quantile",0.9,259,"COVID-19"
"DE","00-04",2022-04-22,2022-04-21,"-1 day ahead inc hosp","quantile",0.975,290,"COVID-19"
"DE","00-04",2022-04-22,2022-04-20,"-2 day ahead inc hosp","mean",NA,220,"COVID-19"
"DE","00-04",2022-04-22,2022-04-20,"-2 day ahead inc hosp","quantile",0.025,184,"COVID-19"
"DE","00-04",2022-04-22,2022-04-20,"-2 day ahead inc hosp","quantile",0.1,192,"COVID-19"
"DE","00-04",2022-04-22,2022-04-20,"-2 day ahead inc hosp","quantile",0.25,202,"COVID-19"
"DE","00-04",2022-04-22,2022-04-20,"-2 day ahead inc hosp","quantile",0.5,216,"COVID-19"
"DE","00-04",2022-04-22,2022-04-20,"-2 day ahead inc hosp","quantile",0.75,234,"COVID-19"
"DE","00-04",2022-04-22,2022-04-20,"-2 day ahead inc hosp","quantile",0.9,252,"COVID-19"
"DE","00-04",2022-04-22,2022-04-20,"-2 day ahead inc hosp","quantile",0.975,277,"COVID-19"
"DE","00-04",2022-04-22,2022-04-19,"-3 day ahead inc hosp","mean",NA,199,"COVID-19"
"DE","00-04",2022-04-22,2022-04-19,"-3 day ahead inc hosp","quantile",0.025,177,"COVID-19"
"DE","00-04",2022-04-22,2022-04-19,"-3 day ahead inc hosp","quantile",0.1,182,"COVID-19"
"DE","00-04",2022-04-22,2022-04-19,"-3 day ahead inc hosp","quantile",0.25,188,"COVID-19"
"DE","00-04",2022-04-22,2022-04-19,"-3 day ahead inc hosp","quantile",0.5,197,"COVID-19"
"DE","00-04",2022-04-22,2022-04-19,"-3 day ahead inc hosp","quantile",0.75,208,"COVID-19"
"DE","00-04",2022-04-22,2022-04-19,"-3 day ahead inc hosp","quantile",0.9,219,"COVID-19"
"DE","00-04",2022-04-22,2022-04-19,"-3 day ahead inc hosp","quantile",0.975,235,"COVID-19"
"DE","00-04",2022-04-22,2022-04-18,"-4 day ahead inc hosp","mean",NA,260,"COVID-19"
"DE","00-04",2022-04-22,2022-04-18,"-4 day ahead inc hosp","quantile",0.025,235,"COVID-19"
"DE","00-04",2022-04-22,2022-04-18,"-4 day ahead inc hosp","quantile",0.1,241,"COVID-19"
"DE","00-04",2022-04-22,2022-04-18,"-4 day ahead inc hosp","quantile",0.25,248,"COVID-19"
"DE","00-04",2022-04-22,2022-04-18,"-4 day ahead inc hosp","quantile",0.5,258,"COVID-19"
"DE","00-04",2022-04-22,2022-04-18,"-4 day ahead inc hosp","quantile",0.75,270,"COVID-19"
"DE","00-04",2022-04-22,2022-04-18,"-4 day ahead inc hosp","quantile",0.9,283,"COVID-19"
"DE","00-04",2022-04-22,2022-04-18,"-4 day ahead inc hosp","quantile",0.975,301,"COVID-19"
"DE","00-04",2022-04-22,2022-04-17,"-5 day ahead inc hosp","mean",NA,265,"COVID-19"
"DE","00-04",2022-04-22,2022-04-17,"-5 day ahead inc hosp","quantile",0.025,241,"COVID-19"
"DE","00-04",2022-04-22,2022-04-17,"-5 day ahead inc hosp","quantile",0.1,247,"COVID-19"
"DE","00-04",2022-04-22,2022-04-17,"-5 day ahead inc hosp","quantile",0.25,253,"COVID-19"
"DE","00-04",2022-04-22,2022-04-17,"-5 day ahead inc hosp","quantile",0.5,263,"COVID-19"
"DE","00-04",2022-04-22,2022-04-17,"-5 day ahead inc hosp","quantile",0.75,275,"COVID-19"
"DE","00-04",2022-04-22,2022-04-17,"-5 day ahead inc hosp","quantile",0.9,288,"COVID-19"
"DE","00-04",2022-04-22,2022-04-17,"-5 day ahead inc hosp","quantile",0.975,305,"COVID-19"
"DE","00-04",2022-04-22,2022-04-16,"-6 day ahead inc hosp","mean",NA,270,"COVID-19"
"DE","00-04",2022-04-22,2022-04-16,"-6 day ahead inc hosp","quantile",0.025,247,"COVID-19"
"DE","00-04",2022-04-22,2022-04-16,"-6 day ahead inc hosp","quantile",0.1,252,"COVID-19"
"DE","00-04",2022-04-22,2022-04-16,"-6 day ahead inc hosp","quantile",0.25,258,"COVID-19"
"DE","00-04",2022-04-22,2022-04-16,"-6 day ahead inc hosp","quantile",0.5,267,"COVID-19"
"DE","00-04",2022-04-22,2022-04-16,"-6 day ahead inc hosp","quantile",0.75,279,"COVID-19"
"DE","00-04",2022-04-22,2022-04-16,"-6 day ahead inc hosp","quantile",0.9,291,"COVID-19"
"DE","00-04",2022-04-22,2022-04-16,"-6 day ahead inc hosp","quantile",0.975,308,"COVID-19"
"DE","00-04",2022-04-22,2022-04-15,"-7 day ahead inc hosp","mean",NA,305,"COVID-19"
"DE","00-04",2022-04-22,2022-04-15,"-7 day ahead inc hosp","quantile",0.025,281,"COVID-19"
"DE","00-04",2022-04-22,2022-04-15,"-7 day ahead inc hosp","quantile",0.1,286,"COVID-19"
"DE","00-04",2022-04-22,2022-04-15,"-7 day ahead inc hosp","quantile",0.25,293,"COVID-19"
"DE","00-04",2022-04-22,2022-04-15,"-7 day ahead inc hosp","quantile",0.5,302,"COVID-19"
"DE","00-04",2022-04-22,2022-04-15,"-7 day ahead inc hosp","quantile",0.75,315,"COVID-19"
"DE","00-04",2022-04-22,2022-04-15,"-7 day ahead inc hosp","quantile",0.9,328,"COVID-19"
"DE","00-04",2022-04-22,2022-04-15,"-7 day ahead inc hosp","quantile",0.975,347,"COVID-19"
"DE","00-04",2022-04-22,2022-04-14,"-8 day ahead inc hosp","mean",NA,317,"COVID-19"
"DE","00-04",2022-04-22,2022-04-14,"-8 day ahead inc hosp","quantile",0.025,294,"COVID-19"
"DE","00-04",2022-04-22,2022-04-14,"-8 day ahead inc hosp","quantile",0.1,299,"COVID-19"
"DE","00-04",2022-04-22,2022-04-14,"-8 day ahead inc hosp","quantile",0.25,305,"COVID-19"
"DE","00-04",2022-04-22,2022-04-14,"-8 day ahead inc hosp","quantile",0.5,315,"COVID-19"
"DE","00-04",2022-04-22,2022-04-14,"-8 day ahead inc hosp","quantile",0.75,326,"COVID-19"
"DE","00-04",2022-04-22,2022-04-14,"-8 day ahead inc hosp","quantile",0.9,340,"COVID-19"
"DE","00-04",2022-04-22,2022-04-14,"-8 day ahead inc hosp","quantile",0.975,357,"COVID-19"
"DE","00-04",2022-04-22,2022-04-13,"-9 day ahead inc hosp","mean",NA,306,"COVID-19"
"DE","00-04",2022-04-22,2022-04-13,"-9 day ahead inc hosp","quantile",0.025,285,"COVID-19"
"DE","00-04",2022-04-22,2022-04-13,"-9 day ahead inc hosp","quantile",0.1,289,"COVID-19"
"DE","00-04",2022-04-22,2022-04-13,"-9 day ahead inc hosp","quantile",0.25,295,"COVID-19"
"DE","00-04",2022-04-22,2022-04-13,"-9 day ahead inc hosp","quantile",0.5,303,"COVID-19"
"DE","00-04",2022-04-22,2022-04-13,"-9 day ahead inc hosp","quantile",0.75,314,"COVID-19"
"DE","00-04",2022-04-22,2022-04-13,"-9 day ahead inc hosp","quantile",0.9,326,"COVID-19"
"DE","00-04",2022-04-22,2022-04-13,"-9 day ahead inc hosp","quantile",0.975,342,"COVID-19"
"DE","00-04",2022-04-22,2022-04-12,"-10 day ahead inc hosp","mean",NA,320,"COVID-19"
"DE","00-04",2022-04-22,2022-04-12,"-10 day ahead inc hosp","quantile",0.025,300,"COVID-19"
"DE","00-04",2022-04-22,2022-04-12,"-10 day ahead inc hosp","quantile",0.1,305,"COVID-19"
"DE","00-04",2022-04-22,2022-04-12,"-10 day ahead inc hosp","quantile",0.25,310,"COVID-19"
"DE","00-04",2022-04-22,2022-04-12,"-10 day ahead inc hosp","quantile",0.5,318,"COVID-19"
"DE","00-04",2022-04-22,2022-04-12,"-10 day ahead inc hosp","quantile",0.75,328,"COVID-19"
"DE","00-04",2022-04-22,2022-04-12,"-10 day ahead inc hosp","quantile",0.9,339,"COVID-19"
"DE","00-04",2022-04-22,2022-04-12,"-10 day ahead inc hosp","quantile",0.975,355,"COVID-19"
"DE","00-04",2022-04-22,2022-04-11,"-11 day ahead inc hosp","mean",NA,304,"COVID-19"
"DE","00-04",2022-04-22,2022-04-11,"-11 day ahead inc hosp","quantile",0.025,287,"COVID-19"
"DE","00-04",2022-04-22,2022-04-11,"-11 day ahead inc hosp","quantile",0.1,291,"COVID-19"
"DE","00-04",2022-04-22,2022-04-11,"-11 day ahead inc hosp","quantile",0.25,295,"COVID-19"
"DE","00-04",2022-04-22,2022-04-11,"-11 day ahead inc hosp","quantile",0.5,302,"COVID-19"
"DE","00-04",2022-04-22,2022-04-11,"-11 day ahead inc hosp","quantile",0.75,311,"COVID-19"
"DE","00-04",2022-04-22,2022-04-11,"-11 day ahead inc hosp","quantile",0.9,320,"COVID-19"
"DE","00-04",2022-04-22,2022-04-11,"-11 day ahead inc hosp","quantile",0.975,334,"COVID-19"
"DE","00-04",2022-04-22,2022-04-10,"-12 day ahead inc hosp","mean",NA,303,"COVID-19"
"DE","00-04",2022-04-22,2022-04-10,"-12 day ahead inc hosp","quantile",0.025,287,"COVID-19"
"DE","00-04",2022-04-22,2022-04-10,"-12 day ahead inc hosp","quantile",0.1,290,"COVID-19"
"DE","00-04",2022-04-22,2022-04-10,"-12 day ahead inc hosp","quantile",0.25,294,"COVID-19"
"DE","00-04",2022-04-22,2022-04-10,"-12 day ahead inc hosp","quantile",0.5,301,"COVID-19"
"DE","00-04",2022-04-22,2022-04-10,"-12 day ahead inc hosp","quantile",0.75,310,"COVID-19"
"DE","00-04",2022-04-22,2022-04-10,"-12 day ahead inc hosp","quantile",0.9,319,"COVID-19"
"DE","00-04",2022-04-22,2022-04-10,"-12 day ahead inc hosp","quantile",0.975,333,"COVID-19"
"DE","00-04",2022-04-22,2022-04-09,"-13 day ahead inc hosp","mean",NA,310,"COVID-19"
"DE","00-04",2022-04-22,2022-04-09,"-13 day ahead inc hosp","quantile",0.025,293,"COVID-19"
"DE","00-04",2022-04-22,2022-04-09,"-13 day ahead inc hosp","quantile",0.1,297,"COVID-19"
"DE","00-04",2022-04-22,2022-04-09,"-13 day ahead inc hosp","quantile",0.25,301,"COVID-19"
"DE","00-04",2022-04-22,2022-04-09,"-13 day ahead inc hosp","quantile",0.5,307,"COVID-19"
"DE","00-04",2022-04-22,2022-04-09,"-13 day ahead inc hosp","quantile",0.75,316,"COVID-19"
"DE","00-04",2022-04-22,2022-04-09,"-13 day ahead inc hosp","quantile",0.9,326,"COVID-19"
"DE","00-04",2022-04-22,2022-04-09,"-13 day ahead inc hosp","quantile",0.975,339,"COVID-19"
"DE","00-04",2022-04-22,2022-04-08,"-14 day ahead inc hosp","mean",NA,311,"COVID-19"
"DE","00-04",2022-04-22,2022-04-08,"-14 day ahead inc hosp","quantile",0.025,296,"COVID-19"
"DE","00-04",2022-04-22,2022-04-08,"-14 day ahead inc hosp","quantile",0.1,299,"COVID-19"
"DE","00-04",2022-04-22,2022-04-08,"-14 day ahead inc hosp","quantile",0.25,303,"COVID-19"
"DE","00-04",2022-04-22,2022-04-08,"-14 day ahead inc hosp","quantile",0.5,309,"COVID-19"
"DE","00-04",2022-04-22,2022-04-08,"-14 day ahead inc hosp","quantile",0.75,317,"COVID-19"
"DE","00-04",2022-04-22,2022-04-08,"-14 day ahead inc hosp","quantile",0.9,326,"COVID-19"
"DE","00-04",2022-04-22,2022-04-08,"-14 day ahead inc hosp","quantile",0.975,339,"COVID-19"
"DE","00-04",2022-04-22,2022-04-07,"-15 day ahead inc hosp","mean",NA,325,"COVID-19"
"DE","00-04",2022-04-22,2022-04-07,"-15 day ahead inc hosp","quantile",0.025,311,"COVID-19"
"DE","00-04",2022-04-22,2022-04-07,"-15 day ahead inc hosp","quantile",0.1,313,"COVID-19"
"DE","00-04",2022-04-22,2022-04-07,"-15 day ahead inc hosp","quantile",0.25,317,"COVID-19"
"DE","00-04",2022-04-22,2022-04-07,"-15 day ahead inc hosp","quantile",0.5,323,"COVID-19"
"DE","00-04",2022-04-22,2022-04-07,"-15 day ahead inc hosp","quantile",0.75,331,"COVID-19"
"DE","00-04",2022-04-22,2022-04-07,"-15 day ahead inc hosp","quantile",0.9,340,"COVID-19"
"DE","00-04",2022-04-22,2022-04-07,"-15 day ahead inc hosp","quantile",0.975,353,"COVID-19"
"DE","00-04",2022-04-22,2022-04-06,"-16 day ahead inc hosp","mean",NA,346,"COVID-19"
"DE","00-04",2022-04-22,2022-04-06,"-16 day ahead inc hosp","quantile",0.025,331,"COVID-19"
"DE","00-04",2022-04-22,2022-04-06,"-16 day ahead inc hosp","quantile",0.1,334,"COVID-19"
"DE","00-04",2022-04-22,2022-04-06,"-16 day ahead inc hosp","quantile",0.25,337,"COVID-19"
"DE","00-04",2022-04-22,2022-04-06,"-16 day ahead inc hosp","quantile",0.5,343,"COVID-19"
"DE","00-04",2022-04-22,2022-04-06,"-16 day ahead inc hosp","quantile",0.75,351,"COVID-19"
"DE","00-04",2022-04-22,2022-04-06,"-16 day ahead inc hosp","quantile",0.9,361,"COVID-19"
"DE","00-04",2022-04-22,2022-04-06,"-16 day ahead inc hosp","quantile",0.975,374,"COVID-19"
"DE","00-04",2022-04-22,2022-04-05,"-17 day ahead inc hosp","mean",NA,363,"COVID-19"
"DE","00-04",2022-04-22,2022-04-05,"-17 day ahead inc hosp","quantile",0.025,349,"COVID-19"
"DE","00-04",2022-04-22,2022-04-05,"-17 day ahead inc hosp","quantile",0.1,351,"COVID-19"
"DE","00-04",2022-04-22,2022-04-05,"-17 day ahead inc hosp","quantile",0.25,355,"COVID-19"
"DE","00-04",2022-04-22,2022-04-05,"-17 day ahead inc hosp","quantile",0.5,360,"COVID-19"
"DE","00-04",2022-04-22,2022-04-05,"-17 day ahead inc hosp","quantile",0.75,368,"COVID-19"
"DE","00-04",2022-04-22,2022-04-05,"-17 day ahead inc hosp","quantile",0.9,377,"COVID-19"
"DE","00-04",2022-04-22,2022-04-05,"-17 day ahead inc hosp","quantile",0.975,390,"COVID-19"
"DE","00-04",2022-04-22,2022-04-04,"-18 day ahead inc hosp","mean",NA,390,"COVID-19"
"DE","00-04",2022-04-22,2022-04-04,"-18 day ahead inc hosp","quantile",0.025,377,"COVID-19"
"DE","00-04",2022-04-22,2022-04-04,"-18 day ahead inc hosp","quantile",0.1,379,"COVID-19"
"DE","00-04",2022-04-22,2022-04-04,"-18 day ahead inc hosp","quantile",0.25,382,"COVID-19"
"DE","00-04",2022-04-22,2022-04-04,"-18 day ahead inc hosp","quantile",0.5,387,"COVID-19"
"DE","00-04",2022-04-22,2022-04-04,"-18 day ahead inc hosp","quantile",0.75,395,"COVID-19"
"DE","00-04",2022-04-22,2022-04-04,"-18 day ahead inc hosp","quantile",0.9,404,"COVID-19"
"DE","00-04",2022-04-22,2022-04-04,"-18 day ahead inc hosp","quantile",0.975,416,"COVID-19"
"DE","00-04",2022-04-22,2022-04-03,"-19 day ahead inc hosp","mean",NA,387,"COVID-19"
"DE","00-04",2022-04-22,2022-04-03,"-19 day ahead inc hosp","quantile",0.025,375,"COVID-19"
"DE","00-04",2022-04-22,2022-04-03,"-19 day ahead inc hosp","quantile",0.1,377,"COVID-19"
"DE","00-04",2022-04-22,2022-04-03,"-19 day ahead inc hosp","quantile",0.25,380,"COVID-19"
"DE","00-04",2022-04-22,2022-04-03,"-19 day ahead inc hosp","quantile",0.5,385,"COVID-19"
"DE","00-04",2022-04-22,2022-04-03,"-19 day ahead inc hosp","quantile",0.75,392,"COVID-19"
"DE","00-04",2022-04-22,2022-04-03,"-19 day ahead inc hosp","quantile",0.9,401,"COVID-19"
"DE","00-04",2022-04-22,2022-04-03,"-19 day ahead inc hosp","quantile",0.975,413,"COVID-19"
"DE","00-04",2022-04-22,2022-04-02,"-20 day ahead inc hosp","mean",NA,379,"COVID-19"
"DE","00-04",2022-04-22,2022-04-02,"-20 day ahead inc hosp","quantile",0.025,368,"COVID-19"
"DE","00-04",2022-04-22,2022-04-02,"-20 day ahead inc hosp","quantile",0.1,369,"COVID-19"
"DE","00-04",2022-04-22,2022-04-02,"-20 day ahead inc hosp","quantile",0.25,372,"COVID-19"
"DE","00-04",2022-04-22,2022-04-02,"-20 day ahead inc hosp","quantile",0.5,377,"COVID-19"
"DE","00-04",2022-04-22,2022-04-02,"-20 day ahead inc hosp","quantile",0.75,384,"COVID-19"
"DE","00-04",2022-04-22,2022-04-02,"-20 day ahead inc hosp","quantile",0.9,392,"COVID-19"
"DE","00-04",2022-04-22,2022-04-02,"-20 day ahead inc hosp","quantile",0.975,404,"COVID-19"
"DE","00-04",2022-04-22,2022-04-01,"-21 day ahead inc hosp","mean",NA,390,"COVID-19"
"DE","00-04",2022-04-22,2022-04-01,"-21 day ahead inc hosp","quantile",0.025,378,"COVID-19"
"DE","00-04",2022-04-22,2022-04-01,"-21 day ahead inc hosp","quantile",0.1,380,"COVID-19"
"DE","00-04",2022-04-22,2022-04-01,"-21 day ahead inc hosp","quantile",0.25,383,"COVID-19"
"DE","00-04",2022-04-22,2022-04-01,"-21 day ahead inc hosp","quantile",0.5,387,"COVID-19"
"DE","00-04",2022-04-22,2022-04-01,"-21 day ahead inc hosp","quantile",0.75,394,"COVID-19"
"DE","00-04",2022-04-22,2022-04-01,"-21 day ahead inc hosp","quantile",0.9,402,"COVID-19"
"DE","00-04",2022-04-22,2022-04-01,"-21 day ahead inc hosp","quantile",0.975,414,"COVID-19"
"DE","00-04",2022-04-22,2022-03-31,"-22 day ahead inc hosp","mean",NA,389,"COVID-19"
"DE","00-04",2022-04-22,2022-03-31,"-22 day ahead inc hosp","quantile",0.025,379,"COVID-19"
"DE","00-04",2022-04-22,2022-03-31,"-22 day ahead inc hosp","quantile",0.1,381,"COVID-19"
"DE","00-04",2022-04-22,2022-03-31,"-22 day ahead inc hosp","quantile",0.25,383,"COVID-19"
"DE","00-04",2022-04-22,2022-03-31,"-22 day ahead inc hosp","quantile",0.5,387,"COVID-19"
"DE","00-04",2022-04-22,2022-03-31,"-22 day ahead inc hosp","quantile",0.75,393,"COVID-19"
"DE","00-04",2022-04-22,2022-03-31,"-22 day ahead inc hosp","quantile",0.9,401,"COVID-19"
"DE","00-04",2022-04-22,2022-03-31,"-22 day ahead inc hosp","quantile",0.975,411,"COVID-19"
"DE","00-04",2022-04-22,2022-03-30,"-23 day ahead inc hosp","mean",NA,398,"COVID-19"
"DE","00-04",2022-04-22,2022-03-30,"-23 day ahead inc hosp","quantile",0.025,388,"COVID-19"
"DE","00-04",2022-04-22,2022-03-30,"-23 day ahead inc hosp","quantile",0.1,389,"COVID-19"
"DE","00-04",2022-04-22,2022-03-30,"-23 day ahead inc hosp","quantile",0.25,392,"COVID-19"
"DE","00-04",2022-04-22,2022-03-30,"-23 day ahead inc hosp","quantile",0.5,395,"COVID-19"
"DE","00-04",2022-04-22,2022-03-30,"-23 day ahead inc hosp","quantile",0.75,401,"COVID-19"
"DE","00-04",2022-04-22,2022-03-30,"-23 day ahead inc hosp","quantile",0.9,408,"COVID-19"
"DE","00-04",2022-04-22,2022-03-30,"-23 day ahead inc hosp","quantile",0.975,418,"COVID-19"
"DE","00-04",2022-04-22,2022-03-29,"-24 day ahead inc hosp","mean",NA,395,"COVID-19"
"DE","00-04",2022-04-22,2022-03-29,"-24 day ahead inc hosp","quantile",0.025,387,"COVID-19"
"DE","00-04",2022-04-22,2022-03-29,"-24 day ahead inc hosp","quantile",0.1,388,"COVID-19"
"DE","00-04",2022-04-22,2022-03-29,"-24 day ahead inc hosp","quantile",0.25,390,"COVID-19"
"DE","00-04",2022-04-22,2022-03-29,"-24 day ahead inc hosp","quantile",0.5,394,"COVID-19"
"DE","00-04",2022-04-22,2022-03-29,"-24 day ahead inc hosp","quantile",0.75,399,"COVID-19"
"DE","00-04",2022-04-22,2022-03-29,"-24 day ahead inc hosp","quantile",0.9,405,"COVID-19"
"DE","00-04",2022-04-22,2022-03-29,"-24 day ahead inc hosp","quantile",0.975,414,"COVID-19"
"DE","00-04",2022-04-22,2022-03-28,"-25 day ahead inc hosp","mean",NA,386,"COVID-19"
"DE","00-04",2022-04-22,2022-03-28,"-25 day ahead inc hosp","quantile",0.025,379,"COVID-19"
"DE","00-04",2022-04-22,2022-03-28,"-25 day ahead inc hosp","quantile",0.1,380,"COVID-19"
"DE","00-04",2022-04-22,2022-03-28,"-25 day ahead inc hosp","quantile",0.25,382,"COVID-19"
"DE","00-04",2022-04-22,2022-03-28,"-25 day ahead inc hosp","quantile",0.5,385,"COVID-19"
"DE","00-04",2022-04-22,2022-03-28,"-25 day ahead inc hosp","quantile",0.75,389,"COVID-19"
"DE","00-04",2022-04-22,2022-03-28,"-25 day ahead inc hosp","quantile",0.9,395,"COVID-19"
"DE","00-04",2022-04-22,2022-03-28,"-25 day ahead inc hosp","quantile",0.975,403,"COVID-19"
"DE","00-04",2022-04-22,2022-03-27,"-26 day ahead inc hosp","mean",NA,398,"COVID-19"
"DE","00-04",2022-04-22,2022-03-27,"-26 day ahead inc hosp","quantile",0.025,391,"COVID-19"
"DE","00-04",2022-04-22,2022-03-27,"-26 day ahead inc hosp","quantile",0.1,392,"COVID-19"
"DE","00-04",2022-04-22,2022-03-27,"-26 day ahead inc hosp","quantile",0.25,394,"COVID-19"
"DE","00-04",2022-04-22,2022-03-27,"-26 day ahead inc hosp","quantile",0.5,397,"COVID-19"
"DE","00-04",2022-04-22,2022-03-27,"-26 day ahead inc hosp","quantile",0.75,401,"COVID-19"
"DE","00-04",2022-04-22,2022-03-27,"-26 day ahead inc hosp","quantile",0.9,407,"COVID-19"
"DE","00-04",2022-04-22,2022-03-27,"-26 day ahead inc hosp","quantile",0.975,415,"COVID-19"
"DE","00-04",2022-04-22,2022-03-26,"-27 day ahead inc hosp","mean",NA,418,"COVID-19"
"DE","00-04",2022-04-22,2022-03-26,"-27 day ahead inc hosp","quantile",0.025,411,"COVID-19"
"DE","00-04",2022-04-22,2022-03-26,"-27 day ahead inc hosp","quantile",0.1,412,"COVID-19"
"DE","00-04",2022-04-22,2022-03-26,"-27 day ahead inc hosp","quantile",0.25,414,"COVID-19"
"DE","00-04",2022-04-22,2022-03-26,"-27 day ahead inc hosp","quantile",0.5,417,"COVID-19"
"DE","00-04",2022-04-22,2022-03-26,"-27 day ahead inc hosp","quantile",0.75,421,"COVID-19"
"DE","00-04",2022-04-22,2022-03-26,"-27 day ahead inc hosp","quantile",0.9,427,"COVID-19"
"DE","00-04",2022-04-22,2022-03-26,"-27 day ahead inc hosp","quantile",0.975,435,"COVID-19"
"DE","00-04",2022-04-22,2022-03-25,"-28 day ahead inc hosp","mean",NA,422,"COVID-19"
"DE","00-04",2022-04-22,2022-03-25,"-28 day ahead inc hosp","quantile",0.025,415,"COVID-19"
"DE","00-04",2022-04-22,2022-03-25,"-28 day ahead inc hosp","quantile",0.1,416,"COVID-19"
"DE","00-04",2022-04-22,2022-03-25,"-28 day ahead inc hosp","quantile",0.25,417,"COVID-19"
"DE","00-04",2022-04-22,2022-03-25,"-28 day ahead inc hosp","quantile",0.5,420,"COVID-19"
"DE","00-04",2022-04-22,2022-03-25,"-28 day ahead inc hosp","quantile",0.75,425,"COVID-19"
"DE","00-04",2022-04-22,2022-03-25,"-28 day ahead inc hosp","quantile",0.9,430,"COVID-19"
"DE","00-04",2022-04-22,2022-03-25,"-28 day ahead inc hosp","quantile",0.975,438,"COVID-19"
"DE","05-14",2022-04-22,2022-04-22,"0 day ahead inc hosp","mean",NA,111,"COVID-19"
"DE","05-14",2022-04-22,2022-04-22,"0 day ahead inc hosp","quantile",0.025,81,"COVID-19"
"DE","05-14",2022-04-22,2022-04-22,"0 day ahead inc hosp","quantile",0.1,88,"COVID-19"
"DE","05-14",2022-04-22,2022-04-22,"0 day ahead inc hosp","quantile",0.25,97,"COVID-19"
"DE","05-14",2022-04-22,2022-04-22,"0 day ahead inc hosp","quantile",0.5,108,"COVID-19"
"DE","05-14",2022-04-22,2022-04-22,"0 day ahead inc hosp","quantile",0.75,123,"COVID-19"
"DE","05-14",2022-04-22,2022-04-22,"0 day ahead inc hosp","quantile",0.9,138,"COVID-19"
"DE","05-14",2022-04-22,2022-04-22,"0 day ahead inc hosp","quantile",0.975,158,"COVID-19"
"DE","05-14",2022-04-22,2022-04-21,"-1 day ahead inc hosp","mean",NA,117,"COVID-19"
"DE","05-14",2022-04-22,2022-04-21,"-1 day ahead inc hosp","quantile",0.025,90,"COVID-19"
"DE","05-14",2022-04-22,2022-04-21,"-1 day ahead inc hosp","quantile",0.1,97,"COVID-19"
"DE","05-14",2022-04-22,2022-04-21,"-1 day ahead inc hosp","quantile",0.25,104,"COVID-19"
"DE","05-14",2022-04-22,2022-04-21,"-1 day ahead inc hosp","quantile",0.5,114,"COVID-19"
"DE","05-14",2022-04-22,2022-04-21,"-1 day ahead inc hosp","quantile",0.75,128,"COVID-19"
"DE","05-14",2022-04-22,2022-04-21,"-1 day ahead inc hosp","quantile",0.9,142,"COVID-19"
"DE","05-14",2022-04-22,2022-04-21,"-1 day ahead inc hosp","quantile",0.975,161,"COVID-19"
"DE","05-14",2022-04-22,2022-04-20,"-2 day ahead inc hosp","mean",NA,99,"COVID-19"
"DE","05-14",2022-04-22,2022-04-20,"-2 day ahead inc hosp","quantile",0.025,82,"COVID-19"
"DE","05-14",2022-04-22,2022-04-20,"-2 day ahead inc hosp","quantile",0.1,85,"COVID-19"
"DE","05-14",2022-04-22,2022-04-20,"-2 day ahead inc hosp","quantile",0.25,90,"COVID-19"
"DE","05-14",2022-04-22,2022-04-20,"-2 day ahead inc hosp","quantile",0.5,97,"COVID-19"
"DE","05-14",2022-04-22,2022-04-20,"-2 day ahead inc hosp","quantile",0.75,105,"COVID-19"
"DE","05-14",2022-04-22,2022-04-20,"-2 day ahead inc hosp","quantile",0.9,115,"COVID-19"
"DE","05-14",2022-04-22,2022-04-20,"-2 day ahead inc hosp","quantile",0.975,128,"COVID-19"
"DE","05-14",2022-04-22,2022-04-19,"-3 day ahead inc hosp","mean",NA,106,"COVID-19"
"DE","05-14",2022-04-22,2022-04-19,"-3 day ahead inc hosp","quantile",0.025,92,"COVID-19"
"DE","05-14",2022-04-22,2022-04-19,"-3 day ahead inc hosp","quantile",0.1,95,"COVID-19"
"DE","05-14",2022-04-22,2022-04-19,"-3 day ahead inc hosp","quantile",0.25,98,"COVID-19"
"DE","05-14",2022-04-22,2022-04-19,"-3 day ahead inc hosp","quantile",0.5,104,"COVID-19"
"DE","05-14",2022-04-22,2022-04-19,"-3 day ahead inc hosp","quantile",0.75,111,"COVID-19"
"DE","05-14",2022-04-22,2022-04-19,"-3 day ahead inc hosp","quantile",0.9,119,"COVID-19"
"DE","05-14",2022-04-22,2022-04-19,"-3 day ahead inc hosp","quantile",0.975,129,"COVID-19"
"DE","05-14",2022-04-22,2022-04-18,"-4 day ahead inc hosp","mean",NA,120,"COVID-19"
"DE","05-14",2022-04-22,2022-04-18,"-4 day ahead inc hosp","quantile",0.025,107,"COVID-19"
"DE","05-14",2022-04-22,2022-04-18,"-4 day ahead inc hosp","quantile",0.1,109,"COVID-19"
"DE","05-14",2022-04-22,2022-04-18,"-4 day ahead inc hosp","quantile",0.25,113,"COVID-19"
"DE","05-14",2022-04-22,2022-04-18,"-4 day ahead inc hosp","quantile",0.5,118,"COVID-19"
"DE","05-14",2022-04-22,2022-04-18,"-4 day ahead inc hosp","quantile",0.75,126,"COVID-19"
"DE","05-14",2022-04-22,2022-04-18,"-4 day ahead inc hosp","quantile",0.9,134,"COVID-19"
"DE","05-14",2022-04-22,2022-04-18,"-4 day ahead inc hosp","quantile",0.975,146,"COVID-19"
"DE","05-14",2022-04-22,2022-04-17,"-5 day ahead inc hosp","mean",NA,128,"COVID-19"
"DE","05-14",2022-04-22,2022-04-17,"-5 day ahead inc hosp","quantile",0.025,114,"COVID-19"
"DE","05-14",2022-04-22,2022-04-17,"-5 day ahead inc hosp","quantile",0.1,116,"COVID-19"
"DE","05-14",2022-04-22,2022-04-17,"-5 day ahead inc hosp","quantile",0.25,120,"COVID-19"
"DE","05-14",2022-04-22,2022-04-17,"-5 day ahead inc hosp","quantile",0.5,126,"COVID-19"
"DE","05-14",2022-04-22,2022-04-17,"-5 day ahead inc hosp","quantile",0.75,133,"COVID-19"
"DE","05-14",2022-04-22,2022-04-17,"-5 day ahead inc hosp","quantile",0.9,142,"COVID-19"
"DE","05-14",2022-04-22,2022-04-17,"-5 day ahead inc hosp","quantile",0.975,154,"COVID-19"
"DE","05-14",2022-04-22,2022-04-16,"-6 day ahead inc hosp","mean",NA,138,"COVID-19"
"DE","05-14",2022-04-22,2022-04-16,"-6 day ahead inc hosp","quantile",0.025,124,"COVID-19"
"DE","05-14",2022-04-22,2022-04-16,"-6 day ahead inc hosp","quantile",0.1,126,"COVID-19"
"DE","05-14",2022-04-22,2022-04-16,"-6 day ahead inc hosp","quantile",0.25,130,"COVID-19"
"DE","05-14",2022-04-22,2022-04-16,"-6 day ahead inc hosp","quantile",0.5,136,"COVID-19"
"DE","05-14",2022-04-22,2022-04-16,"-6 day ahead inc hosp","quantile",0.75,144,"COVID-19"
"DE","05-14",2022-04-22,2022-04-16,"-6 day ahead inc hosp","quantile",0.9,153,"COVID-19"
"DE","05-14",2022-04-22,2022-04-16,"-6 day ahead inc hosp","quantile",0.975,165,"COVID-19"
"DE","05-14",2022-04-22,2022-04-15,"-7 day ahead inc hosp","mean",NA,164,"COVID-19"
"DE","05-14",2022-04-22,2022-04-15,"-7 day ahead inc hosp","quantile",0.025,149,"COVID-19"
"DE","05-14",2022-04-22,2022-04-15,"-7 day ahead inc hosp","quantile",0.1,151,"COVID-19"
"DE","05-14",2022-04-22,2022-04-15,"-7 day ahead inc hosp","quantile",0.25,155,"COVID-19"
"DE","05-14",2022-04-22,2022-04-15,"-7 day ahead inc hosp","quantile",0.5,162,"COVID-19"
"DE","05-14",2022-04-22,2022-04-15,"-7 day ahead inc hosp","quantile",0.75,170,"COVID-19"
"DE","05-14",2022-04-22,2022-04-15,"-7 day ahead inc hosp","quantile",0.9,181,"COVID-19"
"DE","05-14",2022-04-22,2022-04-15,"-7 day ahead inc hosp","quantile",0.975,195,"COVID-19"
"DE","05-14",2022-04-22,2022-04-14,"-8 day ahead inc hosp","mean",NA,163,"COVID-19"
"DE","05-14",2022-04-22,2022-04-14,"-8 day ahead inc hosp","quantile",0.025,148,"COVID-19"
"DE","05-14",2022-04-22,2022-04-14,"-8 day ahead inc hosp","quantile",0.1,151,"COVID-19"
"DE","05-14",2022-04-22,2022-04-14,"-8 day ahead inc hosp","quantile",0.25,154,"COVID-19"
"DE","05-14",2022-04-22,2022-04-14,"-8 day ahead inc hosp","quantile",0.5,160,"COVID-19"
"DE","05-14",2022-04-22,2022-04-14,"-8 day ahead inc hosp","quantile",0.75,168,"COVID-19"
"DE","05-14",2022-04-22,2022-04-14,"-8 day ahead inc hosp","quantile",0.9,178,"COVID-19"
"DE","05-14",2022-04-22,2022-04-14,"-8 day ahead inc hosp","quantile",0.975,192,"COVID-19"
"DE","05-14",2022-04-22,2022-04-13,"-9 day ahead inc hosp","mean",NA,170,"COVID-19"
"DE","05-14",2022-04-22,2022-04-13,"-9 day ahead inc hosp","quantile",0.025,156,"COVID-19"
"DE","05-14",2022-04-22,2022-04-13,"-9 day ahead inc hosp","quantile",0.1,158,"COVID-19"
"DE","05-14",2022-04-22,2022-04-13,"-9 day ahead inc hosp","quantile",0.25,162,"COVID-19"
"DE","05-14",2022-04-22,2022-04-13,"-9 day ahead inc hosp","quantile",0.5,168,"COVID-19"
"DE","05-14",2022-04-22,2022-04-13,"-9 day ahead inc hosp","quantile",0.75,176,"COVID-19"
"DE","05-14",2022-04-22,2022-04-13,"-9 day ahead inc hosp","quantile",0.9,185,"COVID-19"
"DE","05-14",2022-04-22,2022-04-13,"-9 day ahead inc hosp","quantile",0.975,199,"COVID-19"
"DE","05-14",2022-04-22,2022-04-12,"-10 day ahead inc hosp","mean",NA,179,"COVID-19"
"DE","05-14",2022-04-22,2022-04-12,"-10 day ahead inc hosp","quantile",0.025,166,"COVID-19"
"DE","05-14",2022-04-22,2022-04-12,"-10 day ahead inc hosp","quantile",0.1,168,"COVID-19"
"DE","05-14",2022-04-22,2022-04-12,"-10 day ahead inc hosp","quantile",0.25,171,"COVID-19"
"DE","05-14",2022-04-22,2022-04-12,"-10 day ahead inc hosp","quantile",0.5,176,"COVID-19"
"DE","05-14",2022-04-22,2022-04-12,"-10 day ahead inc hosp","quantile",0.75,184,"COVID-19"
"DE","05-14",2022-04-22,2022-04-12,"-10 day ahead inc hosp","quantile",0.9,194,"COVID-19"
"DE","05-14",2022-04-22,2022-04-12,"-10 day ahead inc hosp","quantile",0.975,207,"COVID-19"
"DE","05-14",2022-04-22,2022-04-11,"-11 day ahead inc hosp","mean",NA,193,"COVID-19"
"DE","05-14",2022-04-22,2022-04-11,"-11 day ahead inc hosp","quantile",0.025,180,"COVID-19"
"DE","05-14",2022-04-22,2022-04-11,"-11 day ahead inc hosp","quantile",0.1,182,"COVID-19"
"DE","05-14",2022-04-22,2022-04-11,"-11 day ahead inc hosp","quantile",0.25,185,"COVID-19"
"DE","05-14",2022-04-22,2022-04-11,"-11 day ahead inc hosp","quantile",0.5,190,"COVID-19"
"DE","05-14",2022-04-22,2022-04-11,"-11 day ahead inc hosp","quantile",0.75,198,"COVID-19"
"DE","05-14",2022-04-22,2022-04-11,"-11 day ahead inc hosp","quantile",0.9,208,"COVID-19"
"DE","05-14",2022-04-22,2022-04-11,"-11 day ahead inc hosp","quantile",0.975,222,"COVID-19"
"DE","05-14",2022-04-22,2022-04-10,"-12 day ahead inc hosp","mean",NA,193,"COVID-19"
"DE","05-14",2022-04-22,2022-04-10,"-12 day ahead inc hosp","quantile",0.025,179,"COVID-19"
"DE","05-14",2022-04-22,2022-04-10,"-12 day ahead inc hosp","quantile",0.1,181,"COVID-19"
"DE","05-14",2022-04-22,2022-04-10,"-12 day ahead inc hosp","quantile",0.25,184,"COVID-19"
"DE","05-14",2022-04-22,2022-04-10,"-12 day ahead inc hosp","quantile",0.5,190,"COVID-19"
"DE","05-14",2022-04-22,2022-04-10,"-12 day ahead inc hosp","quantile",0.75,198,"COVID-19"
"DE","05-14",2022-04-22,2022-04-10,"-12 day ahead inc hosp","quantile",0.9,207,"COVID-19"
"DE","05-14",2022-04-22,2022-04-10,"-12 day ahead inc hosp","quantile",0.975,221,"COVID-19"
"DE","05-14",2022-04-22,2022-04-09,"-13 day ahead inc hosp","mean",NA,185,"COVID-19"
"DE","05-14",2022-04-22,2022-04-09,"-13 day ahead inc hosp","quantile",0.025,172,"COVID-19"
"DE","05-14",2022-04-22,2022-04-09,"-13 day ahead inc hosp","quantile",0.1,174,"COVID-19"
"DE","05-14",2022-04-22,2022-04-09,"-13 day ahead inc hosp","quantile",0.25,177,"COVID-19"
"DE","05-14",2022-04-22,2022-04-09,"-13 day ahead inc hosp","quantile",0.5,182,"COVID-19"
"DE","05-14",2022-04-22,2022-04-09,"-13 day ahead inc hosp","quantile",0.75,189,"COVID-19"
"DE","05-14",2022-04-22,2022-04-09,"-13 day ahead inc hosp","quantile",0.9,198,"COVID-19"
"DE","05-14",2022-04-22,2022-04-09,"-13 day ahead inc hosp","quantile",0.975,212,"COVID-19"
"DE","05-14",2022-04-22,2022-04-08,"-14 day ahead inc hosp","mean",NA,176,"COVID-19"
"DE","05-14",2022-04-22,2022-04-08,"-14 day ahead inc hosp","quantile",0.025,165,"COVID-19"
"DE","05-14",2022-04-22,2022-04-08,"-14 day ahead inc hosp","quantile",0.1,167,"COVID-19"
"DE","05-14",2022-04-22,2022-04-08,"-14 day ahead inc hosp","quantile",0.25,169,"COVID-19"
"DE","05-14",2022-04-22,2022-04-08,"-14 day ahead inc hosp","quantile",0.5,174,"COVID-19"
"DE","05-14",2022-04-22,2022-04-08,"-14 day ahead inc hosp","quantile",0.75,180,"COVID-19"
"DE","05-14",2022-04-22,2022-04-08,"-14 day ahead inc hosp","quantile",0.9,188,"COVID-19"
"DE","05-14",2022-04-22,2022-04-08,"-14 day ahead inc hosp","quantile",0.975,200,"COVID-19"
"DE","05-14",2022-04-22,2022-04-07,"-15 day ahead inc hosp","mean",NA,192,"COVID-19"
"DE","05-14",2022-04-22,2022-04-07,"-15 day ahead inc hosp","quantile",0.025,181,"COVID-19"
"DE","05-14",2022-04-22,2022-04-07,"-15 day ahead inc hosp","quantile",0.1,183,"COVID-19"
"DE","05-14",2022-04-22,2022-04-07,"-15 day ahead inc hosp","quantile",0.25,185,"COVID-19"
"DE","05-14",2022-04-22,2022-04-07,"-15 day ahead inc hosp","quantile",0.5,190,"COVID-19"
"DE","05-14",2022-04-22,2022-04-07,"-15 day ahead inc hosp","quantile",0.75,197,"COVID-19"
"DE","05-14",2022-04-22,2022-04-07,"-15 day ahead inc hosp","quantile",0.9,205,"COVID-19"
"DE","05-14",2022-04-22,2022-04-07,"-15 day ahead inc hosp","quantile",0.975,217,"COVID-19"
"DE","05-14",2022-04-22,2022-04-06,"-16 day ahead inc hosp","mean",NA,201,"COVID-19"
"DE","05-14",2022-04-22,2022-04-06,"-16 day ahead inc hosp","quantile",0.025,190,"COVID-19"
"DE","05-14",2022-04-22,2022-04-06,"-16 day ahead inc hosp","quantile",0.1,192,"COVID-19"
"DE","05-14",2022-04-22,2022-04-06,"-16 day ahead inc hosp","quantile",0.25,194,"COVID-19"
"DE","05-14",2022-04-22,2022-04-06,"-16 day ahead inc hosp","quantile",0.5,199,"COVID-19"
"DE","05-14",2022-04-22,2022-04-06,"-16 day ahead inc hosp","quantile",0.75,205,"COVID-19"
"DE","05-14",2022-04-22,2022-04-06,"-16 day ahead inc hosp","quantile",0.9,213,"COVID-19"
"DE","05-14",2022-04-22,2022-04-06,"-16 day ahead inc hosp","quantile",0.975,224,"COVID-19"
"DE","05-14",2022-04-22,2022-04-05,"-17 day ahead inc hosp","mean",NA,203,"COVID-19"
"DE","05-14",2022-04-22,2022-04-05,"-17 day ahead inc hosp","quantile",0.025,193,"COVID-19"
"DE","05-14",2022-04-22,2022-04-05,"-17 day ahead inc hosp","quantile",0.1,195,"COVID-19"
"DE","05-14",2022-04-22,2022-04-05,"-17 day ahead inc hosp","quantile",0.25,197,"COVID-19"
"DE","05-14",2022-04-22,2022-04-05,"-17 day ahead inc hosp","quantile",0.5,201,"COVID-19"
"DE","05-14",2022-04-22,2022-04-05,"-17 day ahead inc hosp","quantile",0.75,207,"COVID-19"
"DE","05-14",2022-04-22,2022-04-05,"-17 day ahead inc hosp","quantile",0.9,214,"COVID-19"
"DE","05-14",2022-04-22,2022-04-05,"-17 day ahead inc hosp","quantile",0.975,224,"COVID-19"
"DE","05-14",2022-04-22,2022-04-04,"-18 day ahead inc hosp","mean",NA,203,"COVID-19"
"DE","05-14",2022-04-22,2022-04-04,"-18 day ahead inc hosp","quantile",0.025,194,"COVID-19"
"DE","05-14",2022-04-22,2022-04-04,"-18 day ahead inc hosp","quantile",0.1,195,"COVID-19"
"DE","05-14",2022-04-22,2022-04-04,"-18 day ahead inc hosp","quantile",0.25,198,"COVID-19"
"DE","05-14",2022-04-22,2022-04-04,"-18 day ahead inc hosp","quantile",0.5,201,"COVID-19"
"DE","05-14",2022-04-22,2022-04-04,"-18 day ahead inc hosp","quantile",0.75,207,"COVID-19"
"DE","05-14",2022-04-22,2022-04-04,"-18 day ahead inc hosp","quantile",0.9,213,"COVID-19"
"DE","05-14",2022-04-22,2022-04-04,"-18 day ahead inc hosp","quantile",0.975,223,"COVID-19"
"DE","05-14",2022-04-22,2022-04-03,"-19 day ahead inc hosp","mean",NA,206,"COVID-19"
"DE","05-14",2022-04-22,2022-04-03,"-19 day ahead inc hosp","quantile",0.025,197,"COVID-19"
"DE","05-14",2022-04-22,2022-04-03,"-19 day ahead inc hosp","quantile",0.1,198,"COVID-19"
"DE","05-14",2022-04-22,2022-04-03,"-19 day ahead inc hosp","quantile",0.25,200,"COVID-19"
"DE","05-14",2022-04-22,2022-04-03,"-19 day ahead inc hosp","quantile",0.5,204,"COVID-19"
"DE","05-14",2022-04-22,2022-04-03,"-19 day ahead inc hosp","quantile",0.75,210,"COVID-19"
"DE","05-14",2022-04-22,2022-04-03,"-19 day ahead inc hosp","quantile",0.9,216,"COVID-19"
"DE","05-14",2022-04-22,2022-04-03,"-19 day ahead inc hosp","quantile",0.975,226,"COVID-19"
"DE","05-14",2022-04-22,2022-04-02,"-20 day ahead inc hosp","mean",NA,212,"COVID-19"
"DE","05-14",2022-04-22,2022-04-02,"-20 day ahead inc hosp","quantile",0.025,203,"COVID-19"
"DE","05-14",2022-04-22,2022-04-02,"-20 day ahead inc hosp","quantile",0.1,204,"COVID-19"
"DE","05-14",2022-04-22,2022-04-02,"-20 day ahead inc hosp","quantile",0.25,206,"COVID-19"
"DE","05-14",2022-04-22,2022-04-02,"-20 day ahead inc hosp","quantile",0.5,210,"COVID-19"
"DE","05-14",2022-04-22,2022-04-02,"-20 day ahead inc hosp","quantile",0.75,216,"COVID-19"
"DE","05-14",2022-04-22,2022-04-02,"-20 day ahead inc hosp","quantile",0.9,222,"COVID-19"
"DE","05-14",2022-04-22,2022-04-02,"-20 day ahead inc hosp","quantile",0.975,232,"COVID-19"
"DE","05-14",2022-04-22,2022-04-01,"-21 day ahead inc hosp","mean",NA,218,"COVID-19"
"DE","05-14",2022-04-22,2022-04-01,"-21 day ahead inc hosp","quantile",0.025,209,"COVID-19"
"DE","05-14",2022-04-22,2022-04-01,"-21 day ahead inc hosp","quantile",0.1,210,"COVID-19"
"DE","05-14",2022-04-22,2022-04-01,"-21 day ahead inc hosp","quantile",0.25,212,"COVID-19"
"DE","05-14",2022-04-22,2022-04-01,"-21 day ahead inc hosp","quantile",0.5,216,"COVID-19"
"DE","05-14",2022-04-22,2022-04-01,"-21 day ahead inc hosp","quantile",0.75,221,"COVID-19"
"DE","05-14",2022-04-22,2022-04-01,"-21 day ahead inc hosp","quantile",0.9,227,"COVID-19"
"DE","05-14",2022-04-22,2022-04-01,"-21 day ahead inc hosp","quantile",0.975,237,"COVID-19"
"DE","05-14",2022-04-22,2022-03-31,"-22 day ahead inc hosp","mean",NA,220,"COVID-19"
"DE","05-14",2022-04-22,2022-03-31,"-22 day ahead inc hosp","quantile",0.025,212,"COVID-19"
"DE","05-14",2022-04-22,2022-03-31,"-22 day ahead inc hosp","quantile",0.1,213,"COVID-19"
"DE","05-14",2022-04-22,2022-03-31,"-22 day ahead inc hosp","quantile",0.25,215,"COVID-19"
"DE","05-14",2022-04-22,2022-03-31,"-22 day ahead inc hosp","quantile",0.5,218,"COVID-19"
"DE","05-14",2022-04-22,2022-03-31,"-22 day ahead inc hosp","quantile",0.75,223,"COVID-19"
"DE","05-14",2022-04-22,2022-03-31,"-22 day ahead inc hosp","quantile",0.9,229,"COVID-19"
"DE","05-14",2022-04-22,2022-03-31,"-22 day ahead inc hosp","quantile",0.975,238,"COVID-19"
"DE","05-14",2022-04-22,2022-03-30,"-23 day ahead inc hosp","mean",NA,227,"COVID-19"
"DE","05-14",2022-04-22,2022-03-30,"-23 day ahead inc hosp","quantile",0.025,220,"COVID-19"
"DE","05-14",2022-04-22,2022-03-30,"-23 day ahead inc hosp","quantile",0.1,221,"COVID-19"
"DE","05-14",2022-04-22,2022-03-30,"-23 day ahead inc hosp","quantile",0.25,222,"COVID-19"
"DE","05-14",2022-04-22,2022-03-30,"-23 day ahead inc hosp","quantile",0.5,225,"COVID-19"
"DE","05-14",2022-04-22,2022-03-30,"-23 day ahead inc hosp","quantile",0.75,230,"COVID-19"
"DE","05-14",2022-04-22,2022-03-30,"-23 day ahead inc hosp","quantile",0.9,236,"COVID-19"
"DE","05-14",2022-04-22,2022-03-30,"-23 day ahead inc hosp","quantile",0.975,245,"COVID-19"
"DE","05-14",2022-04-22,2022-03-29,"-24 day ahead inc hosp","mean",NA,231,"COVID-19"
"DE","05-14",2022-04-22,2022-03-29,"-24 day ahead inc hosp","quantile",0.025,224,"COVID-19"
"DE","05-14",2022-04-22,2022-03-29,"-24 day ahead inc hosp","quantile",0.1,225,"COVID-19"
"DE","05-14",2022-04-22,2022-03-29,"-24 day ahead inc hosp","quantile",0.25,226,"COVID-19"
"DE","05-14",2022-04-22,2022-03-29,"-24 day ahead inc hosp","quantile",0.5,229,"COVID-19"
"DE","05-14",2022-04-22,2022-03-29,"-24 day ahead inc hosp","quantile",0.75,233,"COVID-19"
"DE","05-14",2022-04-22,2022-03-29,"-24 day ahead inc hosp","quantile",0.9,239,"COVID-19"
"DE","05-14",2022-04-22,2022-03-29,"-24 day ahead inc hosp","quantile",0.975,247,"COVID-19"
"DE","05-14",2022-04-22,2022-03-28,"-25 day ahead inc hosp","mean",NA,236,"COVID-19"
"DE","05-14",2022-04-22,2022-03-28,"-25 day ahead inc hosp","quantile",0.025,230,"COVID-19"
"DE","05-14",2022-04-22,2022-03-28,"-25 day ahead inc hosp","quantile",0.1,230,"COVID-19"
"DE","05-14",2022-04-22,2022-03-28,"-25 day ahead inc hosp","quantile",0.25,232,"COVID-19"
"DE","05-14",2022-04-22,2022-03-28,"-25 day ahead inc hosp","quantile",0.5,234,"COVID-19"
"DE","05-14",2022-04-22,2022-03-28,"-25 day ahead inc hosp","quantile",0.75,239,"COVID-19"
"DE","05-14",2022-04-22,2022-03-28,"-25 day ahead inc hosp","quantile",0.9,244,"COVID-19"
"DE","05-14",2022-04-22,2022-03-28,"-25 day ahead inc hosp","quantile",0.975,252,"COVID-19"
"DE","05-14",2022-04-22,2022-03-27,"-26 day ahead inc hosp","mean",NA,241,"COVID-19"
"DE","05-14",2022-04-22,2022-03-27,"-26 day ahead inc hosp","quantile",0.025,235,"COVID-19"
"DE","05-14",2022-04-22,2022-03-27,"-26 day ahead inc hosp","quantile",0.1,235,"COVID-19"
"DE","05-14",2022-04-22,2022-03-27,"-26 day ahead inc hosp","quantile",0.25,237,"COVID-19"
"DE","05-14",2022-04-22,2022-03-27,"-26 day ahead inc hosp","quantile",0.5,239,"COVID-19"
"DE","05-14",2022-04-22,2022-03-27,"-26 day ahead inc hosp","quantile",0.75,244,"COVID-19"
"DE","05-14",2022-04-22,2022-03-27,"-26 day ahead inc hosp","quantile",0.9,249,"COVID-19"
"DE","05-14",2022-04-22,2022-03-27,"-26 day ahead inc hosp","quantile",0.975,257,"COVID-19"
"DE","05-14",2022-04-22,2022-03-26,"-27 day ahead inc hosp","mean",NA,251,"COVID-19"
"DE","05-14",2022-04-22,2022-03-26,"-27 day ahead inc hosp","quantile",0.025,245,"COVID-19"
"DE","05-14",2022-04-22,2022-03-26,"-27 day ahead inc hosp","quantile",0.1,245,"COVID-19"
"DE","05-14",2022-04-22,2022-03-26,"-27 day ahead inc hosp","quantile",0.25,247,"COVID-19"
"DE","05-14",2022-04-22,2022-03-26,"-27 day ahead inc hosp","quantile",0.5,249,"COVID-19"
"DE","05-14",2022-04-22,2022-03-26,"-27 day ahead inc hosp","quantile",0.75,254,"COVID-19"
"DE","05-14",2022-04-22,2022-03-26,"-27 day ahead inc hosp","quantile",0.9,259,"COVID-19"
"DE","05-14",2022-04-22,2022-03-26,"-27 day ahead inc hosp","quantile",0.975,267,"COVID-19"
"DE","05-14",2022-04-22,2022-03-25,"-28 day ahead inc hosp","mean",NA,260,"COVID-19"
"DE","05-14",2022-04-22,2022-03-25,"-28 day ahead inc hosp","quantile",0.025,254,"COVID-19"
"DE","05-14",2022-04-22,2022-03-25,"-28 day ahead inc hosp","quantile",0.1,254,"COVID-19"
"DE","05-14",2022-04-22,2022-03-25,"-28 day ahead inc hosp","quantile",0.25,256,"COVID-19"
"DE","05-14",2022-04-22,2022-03-25,"-28 day ahead inc hosp","quantile",0.5,258,"COVID-19"
"DE","05-14",2022-04-22,2022-03-25,"-28 day ahead inc hosp","quantile",0.75,263,"COVID-19"
"DE","05-14",2022-04-22,2022-03-25,"-28 day ahead inc hosp","quantile",0.9,268,"COVID-19"
"DE","05-14",2022-04-22,2022-03-25,"-28 day ahead inc hosp","quantile",0.975,275,"COVID-19"
"DE","15-34",2022-04-22,2022-04-22,"0 day ahead inc hosp","mean",NA,722,"COVID-19"
"DE","15-34",2022-04-22,2022-04-22,"0 day ahead inc hosp","quantile",0.025,535,"COVID-19"
"DE","15-34",2022-04-22,2022-04-22,"0 day ahead inc hosp","quantile",0.1,585,"COVID-19"
"DE","15-34",2022-04-22,2022-04-22,"0 day ahead inc hosp","quantile",0.25,638,"COVID-19"
"DE","15-34",2022-04-22,2022-04-22,"0 day ahead inc hosp","quantile",0.5,708,"COVID-19"
"DE","15-34",2022-04-22,2022-04-22,"0 day ahead inc hosp","quantile",0.75,791,"COVID-19"
"DE","15-34",2022-04-22,2022-04-22,"0 day ahead inc hosp","quantile",0.9,876,"COVID-19"
"DE","15-34",2022-04-22,2022-04-22,"0 day ahead inc hosp","quantile",0.975,984,"COVID-19"
"DE","15-34",2022-04-22,2022-04-21,"-1 day ahead inc hosp","mean",NA,716,"COVID-19"
"DE","15-34",2022-04-22,2022-04-21,"-1 day ahead inc hosp","quantile",0.025,560,"COVID-19"
"DE","15-34",2022-04-22,2022-04-21,"-1 day ahead inc hosp","quantile",0.1,601,"COVID-19"
"DE","15-34",2022-04-22,2022-04-21,"-1 day ahead inc hosp","quantile",0.25,645,"COVID-19"
"DE","15-34",2022-04-22,2022-04-21,"-1 day ahead inc hosp","quantile",0.5,704,"COVID-19"
"DE","15-34",2022-04-22,2022-04-21,"-1 day ahead inc hosp","quantile",0.75,774,"COVID-19"
"DE","15-34",2022-04-22,2022-04-21,"-1 day ahead inc hosp","quantile",0.9,848,"COVID-19"
"DE","15-34",2022-04-22,2022-04-21,"-1 day ahead inc hosp","quantile",0.975,941,"COVID-19"
"DE","15-34",2022-04-22,2022-04-20,"-2 day ahead inc hosp","mean",NA,691,"COVID-19"
"DE","15-34",2022-04-22,2022-04-20,"-2 day ahead inc hosp","quantile",0.025,568,"COVID-19"
"DE","15-34",2022-04-22,2022-04-20,"-2 day ahead inc hosp","quantile",0.1,600,"COVID-19"
"DE","15-34",2022-04-22,2022-04-20,"-2 day ahead inc hosp","quantile",0.25,635,"COVID-19"
"DE","15-34",2022-04-22,2022-04-20,"-2 day ahead inc hosp","quantile",0.5,682,"COVID-19"
"DE","15-34",2022-04-22,2022-04-20,"-2 day ahead inc hosp","quantile",0.75,737,"COVID-19"
"DE","15-34",2022-04-22,2022-04-20,"-2 day ahead inc hosp","quantile",0.9,795,"COVID-19"
"DE","15-34",2022-04-22,2022-04-20,"-2 day ahead inc hosp","quantile",0.975,868,"COVID-19"
"DE","15-34",2022-04-22,2022-04-19,"-3 day ahead inc hosp","mean",NA,604,"COVID-19"
"DE","15-34",2022-04-22,2022-04-19,"-3 day ahead inc hosp","quantile",0.025,526,"COVID-19"
"DE","15-34",2022-04-22,2022-04-19,"-3 day ahead inc hosp","quantile",0.1,546,"COVID-19"
"DE","15-34",2022-04-22,2022-04-19,"-3 day ahead inc hosp","quantile",0.25,569,"COVID-19"
"DE","15-34",2022-04-22,2022-04-19,"-3 day ahead inc hosp","quantile",0.5,598,"COVID-19"
"DE","15-34",2022-04-22,2022-04-19,"-3 day ahead inc hosp","quantile",0.75,634,"COVID-19"
"DE","15-34",2022-04-22,2022-04-19,"-3 day ahead inc hosp","quantile",0.9,670,"COVID-19"
"DE","15-34",2022-04-22,2022-04-19,"-3 day ahead inc hosp","quantile",0.975,717,"COVID-19"
"DE","15-34",2022-04-22,2022-04-18,"-4 day ahead inc hosp","mean",NA,735,"COVID-19"
"DE","15-34",2022-04-22,2022-04-18,"-4 day ahead inc hosp","quantile",0.025,654,"COVID-19"
"DE","15-34",2022-04-22,2022-04-18,"-4 day ahead inc hosp","quantile",0.1,675,"COVID-19"
"DE","15-34",2022-04-22,2022-04-18,"-4 day ahead inc hosp","quantile",0.25,698,"COVID-19"
"DE","15-34",2022-04-22,2022-04-18,"-4 day ahead inc hosp","quantile",0.5,729,"COVID-19"
"DE","15-34",2022-04-22,2022-04-18,"-4 day ahead inc hosp","quantile",0.75,765,"COVID-19"
"DE","15-34",2022-04-22,2022-04-18,"-4 day ahead inc hosp","quantile",0.9,803,"COVID-19"
"DE","15-34",2022-04-22,2022-04-18,"-4 day ahead inc hosp","quantile",0.975,851,"COVID-19"
"DE","15-34",2022-04-22,2022-04-17,"-5 day ahead inc hosp","mean",NA,751,"COVID-19"
"DE","15-34",2022-04-22,2022-04-17,"-5 day ahead inc hosp","quantile",0.025,673,"COVID-19"
"DE","15-34",2022-04-22,2022-04-17,"-5 day ahead inc hosp","quantile",0.1,693,"COVID-19"
"DE","15-34",2022-04-22,2022-04-17,"-5 day ahead inc hosp","quantile",0.25,715,"COVID-19"
"DE","15-34",2022-04-22,2022-04-17,"-5 day ahead inc hosp","quantile",0.5,745,"COVID-19"
"DE","15-34",2022-04-22,2022-04-17,"-5 day ahead inc hosp","quantile",0.75,780,"COVID-19"
"DE","15-34",2022-04-22,2022-04-17,"-5 day ahead inc hosp","quantile",0.9,817,"COVID-19"
"DE","15-34",2022-04-22,2022-04-17,"-5 day ahead inc hosp","quantile",0.975,864,"COVID-19"
"DE","15-34",2022-04-22,2022-04-16,"-6 day ahead inc hosp","mean",NA,748,"COVID-19"
"DE","15-34",2022-04-22,2022-04-16,"-6 day ahead inc hosp","quantile",0.025,673,"COVID-19"
"DE","15-34",2022-04-22,2022-04-16,"-6 day ahead inc hosp","quantile",0.1,692,"COVID-19"
"DE","15-34",2022-04-22,2022-04-16,"-6 day ahead inc hosp","quantile",0.25,713,"COVID-19"
"DE","15-34",2022-04-22,2022-04-16,"-6 day ahead inc hosp","quantile",0.5,742,"COVID-19"
"DE","15-34",2022-04-22,2022-04-16,"-6 day ahead inc hosp","quantile",0.75,776,"COVID-19"
"DE","15-34",2022-04-22,2022-04-16,"-6 day ahead inc hosp","quantile",0.9,811,"COVID-19"
"DE","15-34",2022-04-22,2022-04-16,"-6 day ahead inc hosp","quantile",0.975,857,"COVID-19"
"DE","15-34",2022-04-22,2022-04-15,"-7 day ahead inc hosp","mean",NA,845,"COVID-19"
"DE","15-34",2022-04-22,2022-04-15,"-7 day ahead inc hosp","quantile",0.025,765,"COVID-19"
"DE","15-34",2022-04-22,2022-04-15,"-7 day ahead inc hosp","quantile",0.1,785,"COVID-19"
"DE","15-34",2022-04-22,2022-04-15,"-7 day ahead inc hosp","quantile",0.25,808,"COVID-19"
"DE","15-34",2022-04-22,2022-04-15,"-7 day ahead inc hosp","quantile",0.5,838,"COVID-19"
"DE","15-34",2022-04-22,2022-04-15,"-7 day ahead inc hosp","quantile",0.75,874,"COVID-19"
"DE","15-34",2022-04-22,2022-04-15,"-7 day ahead inc hosp","quantile",0.9,913,"COVID-19"
"DE","15-34",2022-04-22,2022-04-15,"-7 day ahead inc hosp","quantile",0.975,963,"COVID-19"
"DE","15-34",2022-04-22,2022-04-14,"-8 day ahead inc hosp","mean",NA,849,"COVID-19"
"DE","15-34",2022-04-22,2022-04-14,"-8 day ahead inc hosp","quantile",0.025,775,"COVID-19"
"DE","15-34",2022-04-22,2022-04-14,"-8 day ahead inc hosp","quantile",0.1,793,"COVID-19"
"DE","15-34",2022-04-22,2022-04-14,"-8 day ahead inc hosp","quantile",0.25,814,"COVID-19"
"DE","15-34",2022-04-22,2022-04-14,"-8 day ahead inc hosp","quantile",0.5,842,"COVID-19"
"DE","15-34",2022-04-22,2022-04-14,"-8 day ahead inc hosp","quantile",0.75,877,"COVID-19"
"DE","15-34",2022-04-22,2022-04-14,"-8 day ahead inc hosp","quantile",0.9,914,"COVID-19"
"DE","15-34",2022-04-22,2022-04-14,"-8 day ahead inc hosp","quantile",0.975,961,"COVID-19"
"DE","15-34",2022-04-22,2022-04-13,"-9 day ahead inc hosp","mean",NA,852,"COVID-19"
"DE","15-34",2022-04-22,2022-04-13,"-9 day ahead inc hosp","quantile",0.025,782,"COVID-19"
"DE","15-34",2022-04-22,2022-04-13,"-9 day ahead inc hosp","quantile",0.1,799,"COVID-19"
"DE","15-34",2022-04-22,2022-04-13,"-9 day ahead inc hosp","quantile",0.25,818,"COVID-19"
"DE","15-34",2022-04-22,2022-04-13,"-9 day ahead inc hosp","quantile",0.5,845,"COVID-19"
"DE","15-34",2022-04-22,2022-04-13,"-9 day ahead inc hosp","quantile",0.75,878,"COVID-19"
"DE","15-34",2022-04-22,2022-04-13,"-9 day ahead inc hosp","quantile",0.9,914,"COVID-19"
"DE","15-34",2022-04-22,2022-04-13,"-9 day ahead inc hosp","quantile",0.975,960,"COVID-19"
"DE","15-34",2022-04-22,2022-04-12,"-10 day ahead inc hosp","mean",NA,866,"COVID-19"
"DE","15-34",2022-04-22,2022-04-12,"-10 day ahead inc hosp","quantile",0.025,800,"COVID-19"
"DE","15-34",2022-04-22,2022-04-12,"-10 day ahead inc hosp","quantile",0.1,815,"COVID-19"
"DE","15-34",2022-04-22,2022-04-12,"-10 day ahead inc hosp","quantile",0.25,833,"COVID-19"
"DE","15-34",2022-04-22,2022-04-12,"-10 day ahead inc hosp","quantile",0.5,859,"COVID-19"
"DE","15-34",2022-04-22,2022-04-12,"-10 day ahead inc hosp","quantile",0.75,891,"COVID-19"
"DE","15-34",2022-04-22,2022-04-12,"-10 day ahead inc hosp","quantile",0.9,926,"COVID-19"
"DE","15-34",2022-04-22,2022-04-12,"-10 day ahead inc hosp","quantile",0.975,971,"COVID-19"
"DE","15-34",2022-04-22,2022-04-11,"-11 day ahead inc hosp","mean",NA,851,"COVID-19"
"DE","15-34",2022-04-22,2022-04-11,"-11 day ahead inc hosp","quantile",0.025,793,"COVID-19"
"DE","15-34",2022-04-22,2022-04-11,"-11 day ahead inc hosp","quantile",0.1,806,"COVID-19"
"DE","15-34",2022-04-22,2022-04-11,"-11 day ahead inc hosp","quantile",0.25,821,"COVID-19"
"DE","15-34",2022-04-22,2022-04-11,"-11 day ahead inc hosp","quantile",0.5,844,"COVID-19"
"DE","15-34",2022-04-22,2022-04-11,"-11 day ahead inc hosp","quantile",0.75,873,"COVID-19"
"DE","15-34",2022-04-22,2022-04-11,"-11 day ahead inc hosp","quantile",0.9,904,"COVID-19"
"DE","15-34",2022-04-22,2022-04-11,"-11 day ahead inc hosp","quantile",0.975,946,"COVID-19"
"DE","15-34",2022-04-22,2022-04-10,"-12 day ahead inc hosp","mean",NA,838,"COVID-19"
"DE","15-34",2022-04-22,2022-04-10,"-12 day ahead inc hosp","quantile",0.025,782,"COVID-19"
"DE","15-34",2022-04-22,2022-04-10,"-12 day ahead inc hosp","quantile",0.1,794,"COVID-19"
"DE","15-34",2022-04-22,2022-04-10,"-12 day ahead inc hosp","quantile",0.25,810,"COVID-19"
"DE","15-34",2022-04-22,2022-04-10,"-12 day ahead inc hosp","quantile",0.5,832,"COVID-19"
"DE","15-34",2022-04-22,2022-04-10,"-12 day ahead inc hosp","quantile",0.75,860,"COVID-19"
"DE","15-34",2022-04-22,2022-04-10,"-12 day ahead inc hosp","quantile",0.9,891,"COVID-19"
"DE","15-34",2022-04-22,2022-04-10,"-12 day ahead inc hosp","quantile",0.975,933,"COVID-19"
"DE","15-34",2022-04-22,2022-04-09,"-13 day ahead inc hosp","mean",NA,855,"COVID-19"
"DE","15-34",2022-04-22,2022-04-09,"-13 day ahead inc hosp","quantile",0.025,798,"COVID-19"
"DE","15-34",2022-04-22,2022-04-09,"-13 day ahead inc hosp","quantile",0.1,810,"COVID-19"
"DE","15-34",2022-04-22,2022-04-09,"-13 day ahead inc hosp","quantile",0.25,825,"COVID-19"
"DE","15-34",2022-04-22,2022-04-09,"-13 day ahead inc hosp","quantile",0.5,848,"COVID-19"
"DE","15-34",2022-04-22,2022-04-09,"-13 day ahead inc hosp","quantile",0.75,876,"COVID-19"
"DE","15-34",2022-04-22,2022-04-09,"-13 day ahead inc hosp","quantile",0.9,908,"COVID-19"
"DE","15-34",2022-04-22,2022-04-09,"-13 day ahead inc hosp","quantile",0.975,951,"COVID-19"
"DE","15-34",2022-04-22,2022-04-08,"-14 day ahead inc hosp","mean",NA,830,"COVID-19"
"DE","15-34",2022-04-22,2022-04-08,"-14 day ahead inc hosp","quantile",0.025,779,"COVID-19"
"DE","15-34",2022-04-22,2022-04-08,"-14 day ahead inc hosp","quantile",0.1,789,"COVID-19"
"DE","15-34",2022-04-22,2022-04-08,"-14 day ahead inc hosp","quantile",0.25,803,"COVID-19"
"DE","15-34",2022-04-22,2022-04-08,"-14 day ahead inc hosp","quantile",0.5,823,"COVID-19"
"DE","15-34",2022-04-22,2022-04-08,"-14 day ahead inc hosp","quantile",0.75,849,"COVID-19"
"DE","15-34",2022-04-22,2022-04-08,"-14 day ahead inc hosp","quantile",0.9,879,"COVID-19"
"DE","15-34",2022-04-22,2022-04-08,"-14 day ahead inc hosp","quantile",0.975,919,"COVID-19"
"DE","15-34",2022-04-22,2022-04-07,"-15 day ahead inc hosp","mean",NA,884,"COVID-19"
"DE","15-34",2022-04-22,2022-04-07,"-15 day ahead inc hosp","quantile",0.025,833,"COVID-19"
"DE","15-34",2022-04-22,2022-04-07,"-15 day ahead inc hosp","quantile",0.1,844,"COVID-19"
"DE","15-34",2022-04-22,2022-04-07,"-15 day ahead inc hosp","quantile",0.25,857,"COVID-19"
"DE","15-34",2022-04-22,2022-04-07,"-15 day ahead inc hosp","quantile",0.5,877,"COVID-19"
"DE","15-34",2022-04-22,2022-04-07,"-15 day ahead inc hosp","quantile",0.75,903,"COVID-19"
"DE","15-34",2022-04-22,2022-04-07,"-15 day ahead inc hosp","quantile",0.9,933,"COVID-19"
"DE","15-34",2022-04-22,2022-04-07,"-15 day ahead inc hosp","quantile",0.975,973,"COVID-19"
"DE","15-34",2022-04-22,2022-04-06,"-16 day ahead inc hosp","mean",NA,932,"COVID-19"
"DE","15-34",2022-04-22,2022-04-06,"-16 day ahead inc hosp","quantile",0.025,883,"COVID-19"
"DE","15-34",2022-04-22,2022-04-06,"-16 day ahead inc hosp","quantile",0.1,893,"COVID-19"
"DE","15-34",2022-04-22,2022-04-06,"-16 day ahead inc hosp","quantile",0.25,906,"COVID-19"
"DE","15-34",2022-04-22,2022-04-06,"-16 day ahead inc hosp","quantile",0.5,925,"COVID-19"
"DE","15-34",2022-04-22,2022-04-06,"-16 day ahead inc hosp","quantile",0.75,951,"COVID-19"
"DE","15-34",2022-04-22,2022-04-06,"-16 day ahead inc hosp","quantile",0.9,981,"COVID-19"
"DE","15-34",2022-04-22,2022-04-06,"-16 day ahead inc hosp","quantile",0.975,1021,"COVID-19"
"DE","15-34",2022-04-22,2022-04-05,"-17 day ahead inc hosp","mean",NA,963,"COVID-19"
"DE","15-34",2022-04-22,2022-04-05,"-17 day ahead inc hosp","quantile",0.025,917,"COVID-19"
"DE","15-34",2022-04-22,2022-04-05,"-17 day ahead inc hosp","quantile",0.1,926,"COVID-19"
"DE","15-34",2022-04-22,2022-04-05,"-17 day ahead inc hosp","quantile",0.25,937,"COVID-19"
"DE","15-34",2022-04-22,2022-04-05,"-17 day ahead inc hosp","quantile",0.5,956,"COVID-19"
"DE","15-34",2022-04-22,2022-04-05,"-17 day ahead inc hosp","quantile",0.75,981,"COVID-19"
"DE","15-34",2022-04-22,2022-04-05,"-17 day ahead inc hosp","quantile",0.9,1010,"COVID-19"
"DE","15-34",2022-04-22,2022-04-05,"-17 day ahead inc hosp","quantile",0.975,1049,"COVID-19"
"DE","15-34",2022-04-22,2022-04-04,"-18 day ahead inc hosp","mean",NA,975,"COVID-19"
"DE","15-34",2022-04-22,2022-04-04,"-18 day ahead inc hosp","quantile",0.025,932,"COVID-19"
"DE","15-34",2022-04-22,2022-04-04,"-18 day ahead inc hosp","quantile",0.1,940,"COVID-19"
"DE","15-34",2022-04-22,2022-04-04,"-18 day ahead inc hosp","quantile",0.25,951,"COVID-19"
"DE","15-34",2022-04-22,2022-04-04,"-18 day ahead inc hosp","quantile",0.5,968,"COVID-19"
"DE","15-34",2022-04-22,2022-04-04,"-18 day ahead inc hosp","quantile",0.75,991,"COVID-19"
"DE","15-34",2022-04-22,2022-04-04,"-18 day ahead inc hosp","quantile",0.9,1018,"COVID-19"
"DE","15-34",2022-04-22,2022-04-04,"-18 day ahead inc hosp","quantile",0.975,1055,"COVID-19"
"DE","15-34",2022-04-22,2022-04-03,"-19 day ahead inc hosp","mean",NA,1001,"COVID-19"
"DE","15-34",2022-04-22,2022-04-03,"-19 day ahead inc hosp","quantile",0.025,959,"COVID-19"
"DE","15-34",2022-04-22,2022-04-03,"-19 day ahead inc hosp","quantile",0.1,966,"COVID-19"
"DE","15-34",2022-04-22,2022-04-03,"-19 day ahead inc hosp","quantile",0.25,977,"COVID-19"
"DE","15-34",2022-04-22,2022-04-03,"-19 day ahead inc hosp","quantile",0.5,994,"COVID-19"
"DE","15-34",2022-04-22,2022-04-03,"-19 day ahead inc hosp","quantile",0.75,1018,"COVID-19"
"DE","15-34",2022-04-22,2022-04-03,"-19 day ahead inc hosp","quantile",0.9,1045,"COVID-19"
"DE","15-34",2022-04-22,2022-04-03,"-19 day ahead inc hosp","quantile",0.975,1083,"COVID-19"
"DE","15-34",2022-04-22,2022-04-02,"-20 day ahead inc hosp","mean",NA,1020,"COVID-19"
"DE","15-34",2022-04-22,2022-04-02,"-20 day ahead inc hosp","quantile",0.025,978,"COVID-19"
"DE","15-34",2022-04-22,2022-04-02,"-20 day ahead inc hosp","quantile",0.1,986,"COVID-19"
"DE","15-34",2022-04-22,2022-04-02,"-20 day ahead inc hosp","quantile",0.25,996,"COVID-19"
"DE","15-34",2022-04-22,2022-04-02,"-20 day ahead inc hosp","quantile",0.5,1013,"COVID-19"
"DE","15-34",2022-04-22,2022-04-02,"-20 day ahead inc hosp","quantile",0.75,1036,"COVID-19"
"DE","15-34",2022-04-22,2022-04-02,"-20 day ahead inc hosp","quantile",0.9,1063,"COVID-19"
"DE","15-34",2022-04-22,2022-04-02,"-20 day ahead inc hosp","quantile",0.975,1101,"COVID-19"
"DE","15-34",2022-04-22,2022-04-01,"-21 day ahead inc hosp","mean",NA,1064,"COVID-19"
"DE","15-34",2022-04-22,2022-04-01,"-21 day ahead inc hosp","quantile",0.025,1023,"COVID-19"
"DE","15-34",2022-04-22,2022-04-01,"-21 day ahead inc hosp","quantile",0.1,1030,"COVID-19"
"DE","15-34",2022-04-22,2022-04-01,"-21 day ahead inc hosp","quantile",0.25,1040,"COVID-19"
"DE","15-34",2022-04-22,2022-04-01,"-21 day ahead inc hosp","quantile",0.5,1057,"COVID-19"
"DE","15-34",2022-04-22,2022-04-01,"-21 day ahead inc hosp","quantile",0.75,1080,"COVID-19"
"DE","15-34",2022-04-22,2022-04-01,"-21 day ahead inc hosp","quantile",0.9,1106,"COVID-19"
"DE","15-34",2022-04-22,2022-04-01,"-21 day ahead inc hosp","quantile",0.975,1143,"COVID-19"
"DE","15-34",2022-04-22,2022-03-31,"-22 day ahead inc hosp","mean",NA,1074,"COVID-19"
"DE","15-34",2022-04-22,2022-03-31,"-22 day ahead inc hosp","quantile",0.025,1038,"COVID-19"
"DE","15-34",2022-04-22,2022-03-31,"-22 day ahead inc hosp","quantile",0.1,1044,"COVID-19"
"DE","15-34",2022-04-22,2022-03-31,"-22 day ahead inc hosp","quantile",0.25,1053,"COVID-19"
"DE","15-34",2022-04-22,2022-03-31,"-22 day ahead inc hosp","quantile",0.5,1068,"COVID-19"
"DE","15-34",2022-04-22,2022-03-31,"-22 day ahead inc hosp","quantile",0.75,1089,"COVID-19"
"DE","15-34",2022-04-22,2022-03-31,"-22 day ahead inc hosp","quantile",0.9,1113,"COVID-19"
"DE","15-34",2022-04-22,2022-03-31,"-22 day ahead inc hosp","quantile",0.975,1147,"COVID-19"
"DE","15-34",2022-04-22,2022-03-30,"-23 day ahead inc hosp","mean",NA,1102,"COVID-19"
"DE","15-34",2022-04-22,2022-03-30,"-23 day ahead inc hosp","quantile",0.025,1068,"COVID-19"
"DE","15-34",2022-04-22,2022-03-30,"-23 day ahead inc hosp","quantile",0.1,1074,"COVID-19"
"DE","15-34",2022-04-22,2022-03-30,"-23 day ahead inc hosp","quantile",0.25,1082,"COVID-19"
"DE","15-34",2022-04-22,2022-03-30,"-23 day ahead inc hosp","quantile",0.5,1096,"COVID-19"
"DE","15-34",2022-04-22,2022-03-30,"-23 day ahead inc hosp","quantile",0.75,1115,"COVID-19"
"DE","15-34",2022-04-22,2022-03-30,"-23 day ahead inc hosp","quantile",0.9,1138,"COVID-19"
"DE","15-34",2022-04-22,2022-03-30,"-23 day ahead inc hosp","quantile",0.975,1169,"COVID-19"
"DE","15-34",2022-04-22,2022-03-29,"-24 day ahead inc hosp","mean",NA,1146,"COVID-19"
"DE","15-34",2022-04-22,2022-03-29,"-24 day ahead inc hosp","quantile",0.025,1114,"COVID-19"
"DE","15-34",2022-04-22,2022-03-29,"-24 day ahead inc hosp","quantile",0.1,1120,"COVID-19"
"DE","15-34",2022-04-22,2022-03-29,"-24 day ahead inc hosp","quantile",0.25,1127,"COVID-19"
"DE","15-34",2022-04-22,2022-03-29,"-24 day ahead inc hosp","quantile",0.5,1140,"COVID-19"
"DE","15-34",2022-04-22,2022-03-29,"-24 day ahead inc hosp","quantile",0.75,1158,"COVID-19"
"DE","15-34",2022-04-22,2022-03-29,"-24 day ahead inc hosp","quantile",0.9,1180,"COVID-19"
"DE","15-34",2022-04-22,2022-03-29,"-24 day ahead inc hosp","quantile",0.975,1209,"COVID-19"
"DE","15-34",2022-04-22,2022-03-28,"-25 day ahead inc hosp","mean",NA,1147,"COVID-19"
"DE","15-34",2022-04-22,2022-03-28,"-25 day ahead inc hosp","quantile",0.025,1118,"COVID-19"
"DE","15-34",2022-04-22,2022-03-28,"-25 day ahead inc hosp","quantile",0.1,1123,"COVID-19"
"DE","15-34",2022-04-22,2022-03-28,"-25 day ahead inc hosp","quantile",0.25,1130,"COVID-19"
"DE","15-34",2022-04-22,2022-03-28,"-25 day ahead inc hosp","quantile",0.5,1142,"COVID-19"
"DE","15-34",2022-04-22,2022-03-28,"-25 day ahead inc hosp","quantile",0.75,1158,"COVID-19"
"DE","15-34",2022-04-22,2022-03-28,"-25 day ahead inc hosp","quantile",0.9,1178,"COVID-19"
"DE","15-34",2022-04-22,2022-03-28,"-25 day ahead inc hosp","quantile",0.975,1205,"COVID-19"
"DE","15-34",2022-04-22,2022-03-27,"-26 day ahead inc hosp","mean",NA,1141,"COVID-19"
"DE","15-34",2022-04-22,2022-03-27,"-26 day ahead inc hosp","quantile",0.025,1113,"COVID-19"
"DE","15-34",2022-04-22,2022-03-27,"-26 day ahead inc hosp","quantile",0.1,1118,"COVID-19"
"DE","15-34",2022-04-22,2022-03-27,"-26 day ahead inc hosp","quantile",0.25,1124,"COVID-19"
"DE","15-34",2022-04-22,2022-03-27,"-26 day ahead inc hosp","quantile",0.5,1136,"COVID-19"
"DE","15-34",2022-04-22,2022-03-27,"-26 day ahead inc hosp","quantile",0.75,1152,"COVID-19"
"DE","15-34",2022-04-22,2022-03-27,"-26 day ahead inc hosp","quantile",0.9,1170,"COVID-19"
"DE","15-34",2022-04-22,2022-03-27,"-26 day ahead inc hosp","quantile",0.975,1197,"COVID-19"
"DE","15-34",2022-04-22,2022-03-26,"-27 day ahead inc hosp","mean",NA,1117,"COVID-19"
"DE","15-34",2022-04-22,2022-03-26,"-27 day ahead inc hosp","quantile",0.025,1091,"COVID-19"
"DE","15-34",2022-04-22,2022-03-26,"-27 day ahead inc hosp","quantile",0.1,1095,"COVID-19"
"DE","15-34",2022-04-22,2022-03-26,"-27 day ahead inc hosp","quantile",0.25,1102,"COVID-19"
"DE","15-34",2022-04-22,2022-03-26,"-27 day ahead inc hosp","quantile",0.5,1112,"COVID-19"
"DE","15-34",2022-04-22,2022-03-26,"-27 day ahead inc hosp","quantile",0.75,1127,"COVID-19"
"DE","15-34",2022-04-22,2022-03-26,"-27 day ahead inc hosp","quantile",0.9,1145,"COVID-19"
"DE","15-34",2022-04-22,2022-03-26,"-27 day ahead inc hosp","quantile",0.975,1170,"COVID-19"
"DE","15-34",2022-04-22,2022-03-25,"-28 day ahead inc hosp","mean",NA,1112,"COVID-19"
"DE","15-34",2022-04-22,2022-03-25,"-28 day ahead inc hosp","quantile",0.025,1088,"COVID-19"
"DE","15-34",2022-04-22,2022-03-25,"-28 day ahead inc hosp","quantile",0.1,1092,"COVID-19"
"DE","15-34",2022-04-22,2022-03-25,"-28 day ahead inc hosp","quantile",0.25,1098,"COVID-19"
"DE","15-34",2022-04-22,2022-03-25,"-28 day ahead inc hosp","quantile",0.5,1107,"COVID-19"
"DE","15-34",2022-04-22,2022-03-25,"-28 day ahead inc hosp","quantile",0.75,1121,"COVID-19"
"DE","15-34",2022-04-22,2022-03-25,"-28 day ahead inc hosp","quantile",0.9,1138,"COVID-19"
"DE","15-34",2022-04-22,2022-03-25,"-28 day ahead inc hosp","quantile",0.975,1161,"COVID-19"
"DE","35-59",2022-04-22,2022-04-22,"0 day ahead inc hosp","mean",NA,1232,"COVID-19"
"DE","35-59",2022-04-22,2022-04-22,"0 day ahead inc hosp","quantile",0.025,866,"COVID-19"
"DE","35-59",2022-04-22,2022-04-22,"0 day ahead inc hosp","quantile",0.1,961,"COVID-19"
"DE","35-59",2022-04-22,2022-04-22,"0 day ahead inc hosp","quantile",0.25,1066,"COVID-19"
"DE","35-59",2022-04-22,2022-04-22,"0 day ahead inc hosp","quantile",0.5,1205,"COVID-19"
"DE","35-59",2022-04-22,2022-04-22,"0 day ahead inc hosp","quantile",0.75,1369,"COVID-19"
"DE","35-59",2022-04-22,2022-04-22,"0 day ahead inc hosp","quantile",0.9,1539,"COVID-19"
"DE","35-59",2022-04-22,2022-04-22,"0 day ahead inc hosp","quantile",0.975,1757,"COVID-19"
"DE","35-59",2022-04-22,2022-04-21,"-1 day ahead inc hosp","mean",NA,1230,"COVID-19"
"DE","35-59",2022-04-22,2022-04-21,"-1 day ahead inc hosp","quantile",0.025,927,"COVID-19"
"DE","35-59",2022-04-22,2022-04-21,"-1 day ahead inc hosp","quantile",0.1,1006,"COVID-19"
"DE","35-59",2022-04-22,2022-04-21,"-1 day ahead inc hosp","quantile",0.25,1092,"COVID-19"
"DE","35-59",2022-04-22,2022-04-21,"-1 day ahead inc hosp","quantile",0.5,1207,"COVID-19"
"DE","35-59",2022-04-22,2022-04-21,"-1 day ahead inc hosp","quantile",0.75,1343,"COVID-19"
"DE","35-59",2022-04-22,2022-04-21,"-1 day ahead inc hosp","quantile",0.9,1485,"COVID-19"
"DE","35-59",2022-04-22,2022-04-21,"-1 day ahead inc hosp","quantile",0.975,1666,"COVID-19"
"DE","35-59",2022-04-22,2022-04-20,"-2 day ahead inc hosp","mean",NA,1120,"COVID-19"
"DE","35-59",2022-04-22,2022-04-20,"-2 day ahead inc hosp","quantile",0.025,899,"COVID-19"
"DE","35-59",2022-04-22,2022-04-20,"-2 day ahead inc hosp","quantile",0.1,957,"COVID-19"
"DE","35-59",2022-04-22,2022-04-20,"-2 day ahead inc hosp","quantile",0.25,1020,"COVID-19"
"DE","35-59",2022-04-22,2022-04-20,"-2 day ahead inc hosp","quantile",0.5,1104,"COVID-19"
"DE","35-59",2022-04-22,2022-04-20,"-2 day ahead inc hosp","quantile",0.75,1203,"COVID-19"
"DE","35-59",2022-04-22,2022-04-20,"-2 day ahead inc hosp","quantile",0.9,1306,"COVID-19"
"DE","35-59",2022-04-22,2022-04-20,"-2 day ahead inc hosp","quantile",0.975,1437,"COVID-19"
"DE","35-59",2022-04-22,2022-04-19,"-3 day ahead inc hosp","mean",NA,1012,"COVID-19"
"DE","35-59",2022-04-22,2022-04-19,"-3 day ahead inc hosp","quantile",0.025,869,"COVID-19"
"DE","35-59",2022-04-22,2022-04-19,"-3 day ahead inc hosp","quantile",0.1,907,"COVID-19"
"DE","35-59",2022-04-22,2022-04-19,"-3 day ahead inc hosp","quantile",0.25,948,"COVID-19"
"DE","35-59",2022-04-22,2022-04-19,"-3 day ahead inc hosp","quantile",0.5,1002,"COVID-19"
"DE","35-59",2022-04-22,2022-04-19,"-3 day ahead inc hosp","quantile",0.75,1065,"COVID-19"
"DE","35-59",2022-04-22,2022-04-19,"-3 day ahead inc hosp","quantile",0.9,1131,"COVID-19"
"DE","35-59",2022-04-22,2022-04-19,"-3 day ahead inc hosp","quantile",0.975,1216,"COVID-19"
"DE","35-59",2022-04-22,2022-04-18,"-4 day ahead inc hosp","mean",NA,1210,"COVID-19"
"DE","35-59",2022-04-22,2022-04-18,"-4 day ahead inc hosp","quantile",0.025,1062,"COVID-19"
"DE","35-59",2022-04-22,2022-04-18,"-4 day ahead inc hosp","quantile",0.1,1101,"COVID-19"
"DE","35-59",2022-04-22,2022-04-18,"-4 day ahead inc hosp","quantile",0.25,1143,"COVID-19"
"DE","35-59",2022-04-22,2022-04-18,"-4 day ahead inc hosp","quantile",0.5,1199,"COVID-19"
"DE","35-59",2022-04-22,2022-04-18,"-4 day ahead inc hosp","quantile",0.75,1265,"COVID-19"
"DE","35-59",2022-04-22,2022-04-18,"-4 day ahead inc hosp","quantile",0.9,1332,"COVID-19"
"DE","35-59",2022-04-22,2022-04-18,"-4 day ahead inc hosp","quantile",0.975,1419,"COVID-19"
"DE","35-59",2022-04-22,2022-04-17,"-5 day ahead inc hosp","mean",NA,1243,"COVID-19"
"DE","35-59",2022-04-22,2022-04-17,"-5 day ahead inc hosp","quantile",0.025,1101,"COVID-19"
"DE","35-59",2022-04-22,2022-04-17,"-5 day ahead inc hosp","quantile",0.1,1139,"COVID-19"
"DE","35-59",2022-04-22,2022-04-17,"-5 day ahead inc hosp","quantile",0.25,1180,"COVID-19"
"DE","35-59",2022-04-22,2022-04-17,"-5 day ahead inc hosp","quantile",0.5,1233,"COVID-19"
"DE","35-59",2022-04-22,2022-04-17,"-5 day ahead inc hosp","quantile",0.75,1296,"COVID-19"
"DE","35-59",2022-04-22,2022-04-17,"-5 day ahead inc hosp","quantile",0.9,1361,"COVID-19"
"DE","35-59",2022-04-22,2022-04-17,"-5 day ahead inc hosp","quantile",0.975,1443,"COVID-19"
"DE","35-59",2022-04-22,2022-04-16,"-6 day ahead inc hosp","mean",NA,1277,"COVID-19"
"DE","35-59",2022-04-22,2022-04-16,"-6 day ahead inc hosp","quantile",0.025,1139,"COVID-19"
"DE","35-59",2022-04-22,2022-04-16,"-6 day ahead inc hosp","quantile",0.1,1176,"COVID-19"
"DE","35-59",2022-04-22,2022-04-16,"-6 day ahead inc hosp","quantile",0.25,1215,"COVID-19"
"DE","35-59",2022-04-22,2022-04-16,"-6 day ahead inc hosp","quantile",0.5,1267,"COVID-19"
"DE","35-59",2022-04-22,2022-04-16,"-6 day ahead inc hosp","quantile",0.75,1328,"COVID-19"
"DE","35-59",2022-04-22,2022-04-16,"-6 day ahead inc hosp","quantile",0.9,1390,"COVID-19"
"DE","35-59",2022-04-22,2022-04-16,"-6 day ahead inc hosp","quantile",0.975,1470,"COVID-19"
"DE","35-59",2022-04-22,2022-04-15,"-7 day ahead inc hosp","mean",NA,1424,"COVID-19"
"DE","35-59",2022-04-22,2022-04-15,"-7 day ahead inc hosp","quantile",0.025,1278,"COVID-19"
"DE","35-59",2022-04-22,2022-04-15,"-7 day ahead inc hosp","quantile",0.1,1317,"COVID-19"
"DE","35-59",2022-04-22,2022-04-15,"-7 day ahead inc hosp","quantile",0.25,1358,"COVID-19"
"DE","35-59",2022-04-22,2022-04-15,"-7 day ahead inc hosp","quantile",0.5,1414,"COVID-19"
"DE","35-59",2022-04-22,2022-04-15,"-7 day ahead inc hosp","quantile",0.75,1478,"COVID-19"
"DE","35-59",2022-04-22,2022-04-15,"-7 day ahead inc hosp","quantile",0.9,1545,"COVID-19"
"DE","35-59",2022-04-22,2022-04-15,"-7 day ahead inc hosp","quantile",0.975,1630,"COVID-19"
"DE","35-59",2022-04-22,2022-04-14,"-8 day ahead inc hosp","mean",NA,1440,"COVID-19"
"DE","35-59",2022-04-22,2022-04-14,"-8 day ahead inc hosp","quantile",0.025,1305,"COVID-19"
"DE","35-59",2022-04-22,2022-04-14,"-8 day ahead inc hosp","quantile",0.1,1341,"COVID-19"
"DE","35-59",2022-04-22,2022-04-14,"-8 day ahead inc hosp","quantile",0.25,1379,"COVID-19"
"DE","35-59",2022-04-22,2022-04-14,"-8 day ahead inc hosp","quantile",0.5,1430,"COVID-19"
"DE","35-59",2022-04-22,2022-04-14,"-8 day ahead inc hosp","quantile",0.75,1491,"COVID-19"
"DE","35-59",2022-04-22,2022-04-14,"-8 day ahead inc hosp","quantile",0.9,1553,"COVID-19"
"DE","35-59",2022-04-22,2022-04-14,"-8 day ahead inc hosp","quantile",0.975,1633,"COVID-19"
"DE","35-59",2022-04-22,2022-04-13,"-9 day ahead inc hosp","mean",NA,1520,"COVID-19"
"DE","35-59",2022-04-22,2022-04-13,"-9 day ahead inc hosp","quantile",0.025,1389,"COVID-19"
"DE","35-59",2022-04-22,2022-04-13,"-9 day ahead inc hosp","quantile",0.1,1423,"COVID-19"
"DE","35-59",2022-04-22,2022-04-13,"-9 day ahead inc hosp","quantile",0.25,1460,"COVID-19"
"DE","35-59",2022-04-22,2022-04-13,"-9 day ahead inc hosp","quantile",0.5,1510,"COVID-19"
"DE","35-59",2022-04-22,2022-04-13,"-9 day ahead inc hosp","quantile",0.75,1568,"COVID-19"
"DE","35-59",2022-04-22,2022-04-13,"-9 day ahead inc hosp","quantile",0.9,1630,"COVID-19"
"DE","35-59",2022-04-22,2022-04-13,"-9 day ahead inc hosp","quantile",0.975,1709,"COVID-19"
"DE","35-59",2022-04-22,2022-04-12,"-10 day ahead inc hosp","mean",NA,1557,"COVID-19"
"DE","35-59",2022-04-22,2022-04-12,"-10 day ahead inc hosp","quantile",0.025,1437,"COVID-19"
"DE","35-59",2022-04-22,2022-04-12,"-10 day ahead inc hosp","quantile",0.1,1468,"COVID-19"
"DE","35-59",2022-04-22,2022-04-12,"-10 day ahead inc hosp","quantile",0.25,1502,"COVID-19"
"DE","35-59",2022-04-22,2022-04-12,"-10 day ahead inc hosp","quantile",0.5,1547,"COVID-19"
"DE","35-59",2022-04-22,2022-04-12,"-10 day ahead inc hosp","quantile",0.75,1601,"COVID-19"
"DE","35-59",2022-04-22,2022-04-12,"-10 day ahead inc hosp","quantile",0.9,1658,"COVID-19"
"DE","35-59",2022-04-22,2022-04-12,"-10 day ahead inc hosp","quantile",0.975,1730,"COVID-19"
"DE","35-59",2022-04-22,2022-04-11,"-11 day ahead inc hosp","mean",NA,1557,"COVID-19"
"DE","35-59",2022-04-22,2022-04-11,"-11 day ahead inc hosp","quantile",0.025,1449,"COVID-19"
"DE","35-59",2022-04-22,2022-04-11,"-11 day ahead inc hosp","quantile",0.1,1477,"COVID-19"
"DE","35-59",2022-04-22,2022-04-11,"-11 day ahead inc hosp","quantile",0.25,1507,"COVID-19"
"DE","35-59",2022-04-22,2022-04-11,"-11 day ahead inc hosp","quantile",0.5,1548,"COVID-19"
"DE","35-59",2022-04-22,2022-04-11,"-11 day ahead inc hosp","quantile",0.75,1597,"COVID-19"
"DE","35-59",2022-04-22,2022-04-11,"-11 day ahead inc hosp","quantile",0.9,1649,"COVID-19"
"DE","35-59",2022-04-22,2022-04-11,"-11 day ahead inc hosp","quantile",0.975,1715,"COVID-19"
"DE","35-59",2022-04-22,2022-04-10,"-12 day ahead inc hosp","mean",NA,1548,"COVID-19"
"DE","35-59",2022-04-22,2022-04-10,"-12 day ahead inc hosp","quantile",0.025,1441,"COVID-19"
"DE","35-59",2022-04-22,2022-04-10,"-12 day ahead inc hosp","quantile",0.1,1468,"COVID-19"
"DE","35-59",2022-04-22,2022-04-10,"-12 day ahead inc hosp","quantile",0.25,1498,"COVID-19"
"DE","35-59",2022-04-22,2022-04-10,"-12 day ahead inc hosp","quantile",0.5,1539,"COVID-19"
"DE","35-59",2022-04-22,2022-04-10,"-12 day ahead inc hosp","quantile",0.75,1587,"COVID-19"
"DE","35-59",2022-04-22,2022-04-10,"-12 day ahead inc hosp","quantile",0.9,1639,"COVID-19"
"DE","35-59",2022-04-22,2022-04-10,"-12 day ahead inc hosp","quantile",0.975,1705,"COVID-19"
"DE","35-59",2022-04-22,2022-04-09,"-13 day ahead inc hosp","mean",NA,1570,"COVID-19"
"DE","35-59",2022-04-22,2022-04-09,"-13 day ahead inc hosp","quantile",0.025,1465,"COVID-19"
"DE","35-59",2022-04-22,2022-04-09,"-13 day ahead inc hosp","quantile",0.1,1491,"COVID-19"
"DE","35-59",2022-04-22,2022-04-09,"-13 day ahead inc hosp","quantile",0.25,1521,"COVID-19"
"DE","35-59",2022-04-22,2022-04-09,"-13 day ahead inc hosp","quantile",0.5,1561,"COVID-19"
"DE","35-59",2022-04-22,2022-04-09,"-13 day ahead inc hosp","quantile",0.75,1609,"COVID-19"
"DE","35-59",2022-04-22,2022-04-09,"-13 day ahead inc hosp","quantile",0.9,1661,"COVID-19"
"DE","35-59",2022-04-22,2022-04-09,"-13 day ahead inc hosp","quantile",0.975,1727,"COVID-19"
"DE","35-59",2022-04-22,2022-04-08,"-14 day ahead inc hosp","mean",NA,1596,"COVID-19"
"DE","35-59",2022-04-22,2022-04-08,"-14 day ahead inc hosp","quantile",0.025,1496,"COVID-19"
"DE","35-59",2022-04-22,2022-04-08,"-14 day ahead inc hosp","quantile",0.1,1520,"COVID-19"
"DE","35-59",2022-04-22,2022-04-08,"-14 day ahead inc hosp","quantile",0.25,1549,"COVID-19"
"DE","35-59",2022-04-22,2022-04-08,"-14 day ahead inc hosp","quantile",0.5,1587,"COVID-19"
"DE","35-59",2022-04-22,2022-04-08,"-14 day ahead inc hosp","quantile",0.75,1633,"COVID-19"
"DE","35-59",2022-04-22,2022-04-08,"-14 day ahead inc hosp","quantile",0.9,1683,"COVID-19"
"DE","35-59",2022-04-22,2022-04-08,"-14 day ahead inc hosp","quantile",0.975,1747,"COVID-19"
"DE","35-59",2022-04-22,2022-04-07,"-15 day ahead inc hosp","mean",NA,1645,"COVID-19"
"DE","35-59",2022-04-22,2022-04-07,"-15 day ahead inc hosp","quantile",0.025,1548,"COVID-19"
"DE","35-59",2022-04-22,2022-04-07,"-15 day ahead inc hosp","quantile",0.1,1571,"COVID-19"
"DE","35-59",2022-04-22,2022-04-07,"-15 day ahead inc hosp","quantile",0.25,1598,"COVID-19"
"DE","35-59",2022-04-22,2022-04-07,"-15 day ahead inc hosp","quantile",0.5,1636,"COVID-19"
"DE","35-59",2022-04-22,2022-04-07,"-15 day ahead inc hosp","quantile",0.75,1681,"COVID-19"
"DE","35-59",2022-04-22,2022-04-07,"-15 day ahead inc hosp","quantile",0.9,1730,"COVID-19"
"DE","35-59",2022-04-22,2022-04-07,"-15 day ahead inc hosp","quantile",0.975,1793,"COVID-19"
"DE","35-59",2022-04-22,2022-04-06,"-16 day ahead inc hosp","mean",NA,1650,"COVID-19"
"DE","35-59",2022-04-22,2022-04-06,"-16 day ahead inc hosp","quantile",0.025,1559,"COVID-19"
"DE","35-59",2022-04-22,2022-04-06,"-16 day ahead inc hosp","quantile",0.1,1581,"COVID-19"
"DE","35-59",2022-04-22,2022-04-06,"-16 day ahead inc hosp","quantile",0.25,1606,"COVID-19"
"DE","35-59",2022-04-22,2022-04-06,"-16 day ahead inc hosp","quantile",0.5,1641,"COVID-19"
"DE","35-59",2022-04-22,2022-04-06,"-16 day ahead inc hosp","quantile",0.75,1684,"COVID-19"
"DE","35-59",2022-04-22,2022-04-06,"-16 day ahead inc hosp","quantile",0.9,1730,"COVID-19"
"DE","35-59",2022-04-22,2022-04-06,"-16 day ahead inc hosp","quantile",0.975,1791,"COVID-19"
"DE","35-59",2022-04-22,2022-04-05,"-17 day ahead inc hosp","mean",NA,1686,"COVID-19"
"DE","35-59",2022-04-22,2022-04-05,"-17 day ahead inc hosp","quantile",0.025,1601,"COVID-19"
"DE","35-59",2022-04-22,2022-04-05,"-17 day ahead inc hosp","quantile",0.1,1621,"COVID-19"
"DE","35-59",2022-04-22,2022-04-05,"-17 day ahead inc hosp","quantile",0.25,1644,"COVID-19"
"DE","35-59",2022-04-22,2022-04-05,"-17 day ahead inc hosp","quantile",0.5,1677,"COVID-19"
"DE","35-59",2022-04-22,2022-04-05,"-17 day ahead inc hosp","quantile",0.75,1718,"COVID-19"
"DE","35-59",2022-04-22,2022-04-05,"-17 day ahead inc hosp","quantile",0.9,1762,"COVID-19"
"DE","35-59",2022-04-22,2022-04-05,"-17 day ahead inc hosp","quantile",0.975,1819,"COVID-19"
"DE","35-59",2022-04-22,2022-04-04,"-18 day ahead inc hosp","mean",NA,1726,"COVID-19"
"DE","35-59",2022-04-22,2022-04-04,"-18 day ahead inc hosp","quantile",0.025,1646,"COVID-19"
"DE","35-59",2022-04-22,2022-04-04,"-18 day ahead inc hosp","quantile",0.1,1664,"COVID-19"
"DE","35-59",2022-04-22,2022-04-04,"-18 day ahead inc hosp","quantile",0.25,1686,"COVID-19"
"DE","35-59",2022-04-22,2022-04-04,"-18 day ahead inc hosp","quantile",0.5,1717,"COVID-19"
"DE","35-59",2022-04-22,2022-04-04,"-18 day ahead inc hosp","quantile",0.75,1756,"COVID-19"
"DE","35-59",2022-04-22,2022-04-04,"-18 day ahead inc hosp","quantile",0.9,1798,"COVID-19"
"DE","35-59",2022-04-22,2022-04-04,"-18 day ahead inc hosp","quantile",0.975,1853,"COVID-19"
"DE","35-59",2022-04-22,2022-04-03,"-19 day ahead inc hosp","mean",NA,1755,"COVID-19"
"DE","35-59",2022-04-22,2022-04-03,"-19 day ahead inc hosp","quantile",0.025,1675,"COVID-19"
"DE","35-59",2022-04-22,2022-04-03,"-19 day ahead inc hosp","quantile",0.1,1693,"COVID-19"
"DE","35-59",2022-04-22,2022-04-03,"-19 day ahead inc hosp","quantile",0.25,1715,"COVID-19"
"DE","35-59",2022-04-22,2022-04-03,"-19 day ahead inc hosp","quantile",0.5,1746,"COVID-19"
"DE","35-59",2022-04-22,2022-04-03,"-19 day ahead inc hosp","quantile",0.75,1785,"COVID-19"
"DE","35-59",2022-04-22,2022-04-03,"-19 day ahead inc hosp","quantile",0.9,1828,"COVID-19"
"DE","35-59",2022-04-22,2022-04-03,"-19 day ahead inc hosp","quantile",0.975,1885,"COVID-19"
"DE","35-59",2022-04-22,2022-04-02,"-20 day ahead inc hosp","mean",NA,1753,"COVID-19"
"DE","35-59",2022-04-22,2022-04-02,"-20 day ahead inc hosp","quantile",0.025,1676,"COVID-19"
"DE","35-59",2022-04-22,2022-04-02,"-20 day ahead inc hosp","quantile",0.1,1693,"COVID-19"
"DE","35-59",2022-04-22,2022-04-02,"-20 day ahead inc hosp","quantile",0.25,1714,"COVID-19"
"DE","35-59",2022-04-22,2022-04-02,"-20 day ahead inc hosp","quantile",0.5,1744,"COVID-19"
"DE","35-59",2022-04-22,2022-04-02,"-20 day ahead inc hosp","quantile",0.75,1783,"COVID-19"
"DE","35-59",2022-04-22,2022-04-02,"-20 day ahead inc hosp","quantile",0.9,1826,"COVID-19"
"DE","35-59",2022-04-22,2022-04-02,"-20 day ahead inc hosp","quantile",0.975,1883,"COVID-19"
"DE","35-59",2022-04-22,2022-04-01,"-21 day ahead inc hosp","mean",NA,1796,"COVID-19"
"DE","35-59",2022-04-22,2022-04-01,"-21 day ahead inc hosp","quantile",0.025,1722,"COVID-19"
"DE","35-59",2022-04-22,2022-04-01,"-21 day ahead inc hosp","quantile",0.1,1738,"COVID-19"
"DE","35-59",2022-04-22,2022-04-01,"-21 day ahead inc hosp","quantile",0.25,1758,"COVID-19"
"DE","35-59",2022-04-22,2022-04-01,"-21 day ahead inc hosp","quantile",0.5,1787,"COVID-19"
"DE","35-59",2022-04-22,2022-04-01,"-21 day ahead inc hosp","quantile",0.75,1824,"COVID-19"
"DE","35-59",2022-04-22,2022-04-01,"-21 day ahead inc hosp","quantile",0.9,1866,"COVID-19"
"DE","35-59",2022-04-22,2022-04-01,"-21 day ahead inc hosp","quantile",0.975,1922,"COVID-19"
"DE","35-59",2022-04-22,2022-03-31,"-22 day ahead inc hosp","mean",NA,1834,"COVID-19"
"DE","35-59",2022-04-22,2022-03-31,"-22 day ahead inc hosp","quantile",0.025,1765,"COVID-19"
"DE","35-59",2022-04-22,2022-03-31,"-22 day ahead inc hosp","quantile",0.1,1780,"COVID-19"
"DE","35-59",2022-04-22,2022-03-31,"-22 day ahead inc hosp","quantile",0.25,1798,"COVID-19"
"DE","35-59",2022-04-22,2022-03-31,"-22 day ahead inc hosp","quantile",0.5,1825,"COVID-19"
"DE","35-59",2022-04-22,2022-03-31,"-22 day ahead inc hosp","quantile",0.75,1861,"COVID-19"
"DE","35-59",2022-04-22,2022-03-31,"-22 day ahead inc hosp","quantile",0.9,1900,"COVID-19"
"DE","35-59",2022-04-22,2022-03-31,"-22 day ahead inc hosp","quantile",0.975,1953,"COVID-19"
"DE","35-59",2022-04-22,2022-03-30,"-23 day ahead inc hosp","mean",NA,1849,"COVID-19"
"DE","35-59",2022-04-22,2022-03-30,"-23 day ahead inc hosp","quantile",0.025,1786,"COVID-19"
"DE","35-59",2022-04-22,2022-03-30,"-23 day ahead inc hosp","quantile",0.1,1799,"COVID-19"
"DE","35-59",2022-04-22,2022-03-30,"-23 day ahead inc hosp","quantile",0.25,1816,"COVID-19"
"DE","35-59",2022-04-22,2022-03-30,"-23 day ahead inc hosp","quantile",0.5,1841,"COVID-19"
"DE","35-59",2022-04-22,2022-03-30,"-23 day ahead inc hosp","quantile",0.75,1873,"COVID-19"
"DE","35-59",2022-04-22,2022-03-30,"-23 day ahead inc hosp","quantile",0.9,1910,"COVID-19"
"DE","35-59",2022-04-22,2022-03-30,"-23 day ahead inc hosp","quantile",0.975,1960,"COVID-19"
"DE","35-59",2022-04-22,2022-03-29,"-24 day ahead inc hosp","mean",NA,1884,"COVID-19"
"DE","35-59",2022-04-22,2022-03-29,"-24 day ahead inc hosp","quantile",0.025,1829,"COVID-19"
"DE","35-59",2022-04-22,2022-03-29,"-24 day ahead inc hosp","quantile",0.1,1840,"COVID-19"
"DE","35-59",2022-04-22,2022-03-29,"-24 day ahead inc hosp","quantile",0.25,1854,"COVID-19"
"DE","35-59",2022-04-22,2022-03-29,"-24 day ahead inc hosp","quantile",0.5,1877,"COVID-19"
"DE","35-59",2022-04-22,2022-03-29,"-24 day ahead inc hosp","quantile",0.75,1906,"COVID-19"
"DE","35-59",2022-04-22,2022-03-29,"-24 day ahead inc hosp","quantile",0.9,1939,"COVID-19"
"DE","35-59",2022-04-22,2022-03-29,"-24 day ahead inc hosp","quantile",0.975,1984,"COVID-19"
"DE","35-59",2022-04-22,2022-03-28,"-25 day ahead inc hosp","mean",NA,1903,"COVID-19"
"DE","35-59",2022-04-22,2022-03-28,"-25 day ahead inc hosp","quantile",0.025,1853,"COVID-19"
"DE","35-59",2022-04-22,2022-03-28,"-25 day ahead inc hosp","quantile",0.1,1863,"COVID-19"
"DE","35-59",2022-04-22,2022-03-28,"-25 day ahead inc hosp","quantile",0.25,1876,"COVID-19"
"DE","35-59",2022-04-22,2022-03-28,"-25 day ahead inc hosp","quantile",0.5,1896,"COVID-19"
"DE","35-59",2022-04-22,2022-03-28,"-25 day ahead inc hosp","quantile",0.75,1922,"COVID-19"
"DE","35-59",2022-04-22,2022-03-28,"-25 day ahead inc hosp","quantile",0.9,1953,"COVID-19"
"DE","35-59",2022-04-22,2022-03-28,"-25 day ahead inc hosp","quantile",0.975,1994,"COVID-19"
"DE","35-59",2022-04-22,2022-03-27,"-26 day ahead inc hosp","mean",NA,1909,"COVID-19"
"DE","35-59",2022-04-22,2022-03-27,"-26 day ahead inc hosp","quantile",0.025,1860,"COVID-19"
"DE","35-59",2022-04-22,2022-03-27,"-26 day ahead inc hosp","quantile",0.1,1870,"COVID-19"
"DE","35-59",2022-04-22,2022-03-27,"-26 day ahead inc hosp","quantile",0.25,1882,"COVID-19"
"DE","35-59",2022-04-22,2022-03-27,"-26 day ahead inc hosp","quantile",0.5,1902,"COVID-19"
"DE","35-59",2022-04-22,2022-03-27,"-26 day ahead inc hosp","quantile",0.75,1928,"COVID-19"
"DE","35-59",2022-04-22,2022-03-27,"-26 day ahead inc hosp","quantile",0.9,1958,"COVID-19"
"DE","35-59",2022-04-22,2022-03-27,"-26 day ahead inc hosp","quantile",0.975,1999,"COVID-19"
"DE","35-59",2022-04-22,2022-03-26,"-27 day ahead inc hosp","mean",NA,1913,"COVID-19"
"DE","35-59",2022-04-22,2022-03-26,"-27 day ahead inc hosp","quantile",0.025,1866,"COVID-19"
"DE","35-59",2022-04-22,2022-03-26,"-27 day ahead inc hosp","quantile",0.1,1875,"COVID-19"
"DE","35-59",2022-04-22,2022-03-26,"-27 day ahead inc hosp","quantile",0.25,1887,"COVID-19"
"DE","35-59",2022-04-22,2022-03-26,"-27 day ahead inc hosp","quantile",0.5,1906,"COVID-19"
"DE","35-59",2022-04-22,2022-03-26,"-27 day ahead inc hosp","quantile",0.75,1932,"COVID-19"
"DE","35-59",2022-04-22,2022-03-26,"-27 day ahead inc hosp","quantile",0.9,1961,"COVID-19"
"DE","35-59",2022-04-22,2022-03-26,"-27 day ahead inc hosp","quantile",0.975,2001,"COVID-19"
"DE","35-59",2022-04-22,2022-03-25,"-28 day ahead inc hosp","mean",NA,1938,"COVID-19"
"DE","35-59",2022-04-22,2022-03-25,"-28 day ahead inc hosp","quantile",0.025,1895,"COVID-19"
"DE","35-59",2022-04-22,2022-03-25,"-28 day ahead inc hosp","quantile",0.1,1903,"COVID-19"
"DE","35-59",2022-04-22,2022-03-25,"-28 day ahead inc hosp","quantile",0.25,1914,"COVID-19"
"DE","35-59",2022-04-22,2022-03-25,"-28 day ahead inc hosp","quantile",0.5,1931,"COVID-19"
"DE","35-59",2022-04-22,2022-03-25,"-28 day ahead inc hosp","quantile",0.75,1955,"COVID-19"
"DE","35-59",2022-04-22,2022-03-25,"-28 day ahead inc hosp","quantile",0.9,1982,"COVID-19"
"DE","35-59",2022-04-22,2022-03-25,"-28 day ahead inc hosp","quantile",0.975,2020,"COVID-19"
"DE","60-79",2022-04-22,2022-04-22,"0 day ahead inc hosp","mean",NA,2616,"COVID-19"
"DE","60-79",2022-04-22,2022-04-22,"0 day ahead inc hosp","quantile",0.025,1793,"COVID-19"
"DE","60-79",2022-04-22,2022-04-22,"0 day ahead inc hosp","quantile",0.1,2010,"COVID-19"
"DE","60-79",2022-04-22,2022-04-22,"0 day ahead inc hosp","quantile",0.25,2246,"COVID-19"
"DE","60-79",2022-04-22,2022-04-22,"0 day ahead inc hosp","quantile",0.5,2556,"COVID-19"
"DE","60-79",2022-04-22,2022-04-22,"0 day ahead inc hosp","quantile",0.75,2921,"COVID-19"
"DE","60-79",2022-04-22,2022-04-22,"0 day ahead inc hosp","quantile",0.9,3298,"COVID-19"
"DE","60-79",2022-04-22,2022-04-22,"0 day ahead inc hosp","quantile",0.975,3778,"COVID-19"
"DE","60-79",2022-04-22,2022-04-21,"-1 day ahead inc hosp","mean",NA,2462,"COVID-19"
"DE","60-79",2022-04-22,2022-04-21,"-1 day ahead inc hosp","quantile",0.025,1825,"COVID-19"
"DE","60-79",2022-04-22,2022-04-21,"-1 day ahead inc hosp","quantile",0.1,1992,"COVID-19"
"DE","60-79",2022-04-22,2022-04-21,"-1 day ahead inc hosp","quantile",0.25,2174,"COVID-19"
"DE","60-79",2022-04-22,2022-04-21,"-1 day ahead inc hosp","quantile",0.5,2415,"COVID-19"
"DE","60-79",2022-04-22,2022-04-21,"-1 day ahead inc hosp","quantile",0.75,2699,"COVID-19"
"DE","60-79",2022-04-22,2022-04-21,"-1 day ahead inc hosp","quantile",0.9,2993,"COVID-19"
"DE","60-79",2022-04-22,2022-04-21,"-1 day ahead inc hosp","quantile",0.975,3368,"COVID-19"
"DE","60-79",2022-04-22,2022-04-20,"-2 day ahead inc hosp","mean",NA,2216,"COVID-19"
"DE","60-79",2022-04-22,2022-04-20,"-2 day ahead inc hosp","quantile",0.025,1754,"COVID-19"
"DE","60-79",2022-04-22,2022-04-20,"-2 day ahead inc hosp","quantile",0.1,1876,"COVID-19"
"DE","60-79",2022-04-22,2022-04-20,"-2 day ahead inc hosp","quantile",0.25,2008,"COVID-19"
"DE","60-79",2022-04-22,2022-04-20,"-2 day ahead inc hosp","quantile",0.5,2182,"COVID-19"
"DE","60-79",2022-04-22,2022-04-20,"-2 day ahead inc hosp","quantile",0.75,2386,"COVID-19"
"DE","60-79",2022-04-22,2022-04-20,"-2 day ahead inc hosp","quantile",0.9,2598,"COVID-19"
"DE","60-79",2022-04-22,2022-04-20,"-2 day ahead inc hosp","quantile",0.975,2868,"COVID-19"
"DE","60-79",2022-04-22,2022-04-19,"-3 day ahead inc hosp","mean",NA,1979,"COVID-19"
"DE","60-79",2022-04-22,2022-04-19,"-3 day ahead inc hosp","quantile",0.025,1694,"COVID-19"
"DE","60-79",2022-04-22,2022-04-19,"-3 day ahead inc hosp","quantile",0.1,1771,"COVID-19"
"DE","60-79",2022-04-22,2022-04-19,"-3 day ahead inc hosp","quantile",0.25,1853,"COVID-19"
"DE","60-79",2022-04-22,2022-04-19,"-3 day ahead inc hosp","quantile",0.5,1960,"COVID-19"
"DE","60-79",2022-04-22,2022-04-19,"-3 day ahead inc hosp","quantile",0.75,2085,"COVID-19"
"DE","60-79",2022-04-22,2022-04-19,"-3 day ahead inc hosp","quantile",0.9,2213,"COVID-19"
"DE","60-79",2022-04-22,2022-04-19,"-3 day ahead inc hosp","quantile",0.975,2376,"COVID-19"
"DE","60-79",2022-04-22,2022-04-18,"-4 day ahead inc hosp","mean",NA,2385,"COVID-19"
"DE","60-79",2022-04-22,2022-04-18,"-4 day ahead inc hosp","quantile",0.025,2086,"COVID-19"
"DE","60-79",2022-04-22,2022-04-18,"-4 day ahead inc hosp","quantile",0.1,2167,"COVID-19"
"DE","60-79",2022-04-22,2022-04-18,"-4 day ahead inc hosp","quantile",0.25,2253,"COVID-19"
"DE","60-79",2022-04-22,2022-04-18,"-4 day ahead inc hosp","quantile",0.5,2365,"COVID-19"
"DE","60-79",2022-04-22,2022-04-18,"-4 day ahead inc hosp","quantile",0.75,2495,"COVID-19"
"DE","60-79",2022-04-22,2022-04-18,"-4 day ahead inc hosp","quantile",0.9,2627,"COVID-19"
"DE","60-79",2022-04-22,2022-04-18,"-4 day ahead inc hosp","quantile",0.975,2795,"COVID-19"
"DE","60-79",2022-04-22,2022-04-17,"-5 day ahead inc hosp","mean",NA,2424,"COVID-19"
"DE","60-79",2022-04-22,2022-04-17,"-5 day ahead inc hosp","quantile",0.025,2143,"COVID-19"
"DE","60-79",2022-04-22,2022-04-17,"-5 day ahead inc hosp","quantile",0.1,2220,"COVID-19"
"DE","60-79",2022-04-22,2022-04-17,"-5 day ahead inc hosp","quantile",0.25,2301,"COVID-19"
"DE","60-79",2022-04-22,2022-04-17,"-5 day ahead inc hosp","quantile",0.5,2406,"COVID-19"
"DE","60-79",2022-04-22,2022-04-17,"-5 day ahead inc hosp","quantile",0.75,2528,"COVID-19"
"DE","60-79",2022-04-22,2022-04-17,"-5 day ahead inc hosp","quantile",0.9,2651,"COVID-19"
"DE","60-79",2022-04-22,2022-04-17,"-5 day ahead inc hosp","quantile",0.975,2807,"COVID-19"
"DE","60-79",2022-04-22,2022-04-16,"-6 day ahead inc hosp","mean",NA,2492,"COVID-19"
"DE","60-79",2022-04-22,2022-04-16,"-6 day ahead inc hosp","quantile",0.025,2217,"COVID-19"
"DE","60-79",2022-04-22,2022-04-16,"-6 day ahead inc hosp","quantile",0.1,2293,"COVID-19"
"DE","60-79",2022-04-22,2022-04-16,"-6 day ahead inc hosp","quantile",0.25,2372,"COVID-19"
"DE","60-79",2022-04-22,2022-04-16,"-6 day ahead inc hosp","quantile",0.5,2475,"COVID-19"
"DE","60-79",2022-04-22,2022-04-16,"-6 day ahead inc hosp","quantile",0.75,2593,"COVID-19"
"DE","60-79",2022-04-22,2022-04-16,"-6 day ahead inc hosp","quantile",0.9,2713,"COVID-19"
"DE","60-79",2022-04-22,2022-04-16,"-6 day ahead inc hosp","quantile",0.975,2865,"COVID-19"
"DE","60-79",2022-04-22,2022-04-15,"-7 day ahead inc hosp","mean",NA,2748,"COVID-19"
"DE","60-79",2022-04-22,2022-04-15,"-7 day ahead inc hosp","quantile",0.025,2461,"COVID-19"
"DE","60-79",2022-04-22,2022-04-15,"-7 day ahead inc hosp","quantile",0.1,2540,"COVID-19"
"DE","60-79",2022-04-22,2022-04-15,"-7 day ahead inc hosp","quantile",0.25,2622,"COVID-19"
"DE","60-79",2022-04-22,2022-04-15,"-7 day ahead inc hosp","quantile",0.5,2730,"COVID-19"
"DE","60-79",2022-04-22,2022-04-15,"-7 day ahead inc hosp","quantile",0.75,2854,"COVID-19"
"DE","60-79",2022-04-22,2022-04-15,"-7 day ahead inc hosp","quantile",0.9,2980,"COVID-19"
"DE","60-79",2022-04-22,2022-04-15,"-7 day ahead inc hosp","quantile",0.975,3139,"COVID-19"
"DE","60-79",2022-04-22,2022-04-14,"-8 day ahead inc hosp","mean",NA,2804,"COVID-19"
"DE","60-79",2022-04-22,2022-04-14,"-8 day ahead inc hosp","quantile",0.025,2535,"COVID-19"
"DE","60-79",2022-04-22,2022-04-14,"-8 day ahead inc hosp","quantile",0.1,2608,"COVID-19"
"DE","60-79",2022-04-22,2022-04-14,"-8 day ahead inc hosp","quantile",0.25,2686,"COVID-19"
"DE","60-79",2022-04-22,2022-04-14,"-8 day ahead inc hosp","quantile",0.5,2786,"COVID-19"
"DE","60-79",2022-04-22,2022-04-14,"-8 day ahead inc hosp","quantile",0.75,2904,"COVID-19"
"DE","60-79",2022-04-22,2022-04-14,"-8 day ahead inc hosp","quantile",0.9,3024,"COVID-19"
"DE","60-79",2022-04-22,2022-04-14,"-8 day ahead inc hosp","quantile",0.975,3175,"COVID-19"
"DE","60-79",2022-04-22,2022-04-13,"-9 day ahead inc hosp","mean",NA,2942,"COVID-19"
"DE","60-79",2022-04-22,2022-04-13,"-9 day ahead inc hosp","quantile",0.025,2681,"COVID-19"
"DE","60-79",2022-04-22,2022-04-13,"-9 day ahead inc hosp","quantile",0.1,2751,"COVID-19"
"DE","60-79",2022-04-22,2022-04-13,"-9 day ahead inc hosp","quantile",0.25,2826,"COVID-19"
"DE","60-79",2022-04-22,2022-04-13,"-9 day ahead inc hosp","quantile",0.5,2924,"COVID-19"
"DE","60-79",2022-04-22,2022-04-13,"-9 day ahead inc hosp","quantile",0.75,3038,"COVID-19"
"DE","60-79",2022-04-22,2022-04-13,"-9 day ahead inc hosp","quantile",0.9,3156,"COVID-19"
"DE","60-79",2022-04-22,2022-04-13,"-9 day ahead inc hosp","quantile",0.975,3306,"COVID-19"
"DE","60-79",2022-04-22,2022-04-12,"-10 day ahead inc hosp","mean",NA,2915,"COVID-19"
"DE","60-79",2022-04-22,2022-04-12,"-10 day ahead inc hosp","quantile",0.025,2685,"COVID-19"
"DE","60-79",2022-04-22,2022-04-12,"-10 day ahead inc hosp","quantile",0.1,2746,"COVID-19"
"DE","60-79",2022-04-22,2022-04-12,"-10 day ahead inc hosp","quantile",0.25,2812,"COVID-19"
"DE","60-79",2022-04-22,2022-04-12,"-10 day ahead inc hosp","quantile",0.5,2898,"COVID-19"
"DE","60-79",2022-04-22,2022-04-12,"-10 day ahead inc hosp","quantile",0.75,3000,"COVID-19"
"DE","60-79",2022-04-22,2022-04-12,"-10 day ahead inc hosp","quantile",0.9,3105,"COVID-19"
"DE","60-79",2022-04-22,2022-04-12,"-10 day ahead inc hosp","quantile",0.975,3238,"COVID-19"
"DE","60-79",2022-04-22,2022-04-11,"-11 day ahead inc hosp","mean",NA,2909,"COVID-19"
"DE","60-79",2022-04-22,2022-04-11,"-11 day ahead inc hosp","quantile",0.025,2703,"COVID-19"
"DE","60-79",2022-04-22,2022-04-11,"-11 day ahead inc hosp","quantile",0.1,2758,"COVID-19"
"DE","60-79",2022-04-22,2022-04-11,"-11 day ahead inc hosp","quantile",0.25,2816,"COVID-19"
"DE","60-79",2022-04-22,2022-04-11,"-11 day ahead inc hosp","quantile",0.5,2894,"COVID-19"
"DE","60-79",2022-04-22,2022-04-11,"-11 day ahead inc hosp","quantile",0.75,2985,"COVID-19"
"DE","60-79",2022-04-22,2022-04-11,"-11 day ahead inc hosp","quantile",0.9,3080,"COVID-19"
"DE","60-79",2022-04-22,2022-04-11,"-11 day ahead inc hosp","quantile",0.975,3200,"COVID-19"
"DE","60-79",2022-04-22,2022-04-10,"-12 day ahead inc hosp","mean",NA,2909,"COVID-19"
"DE","60-79",2022-04-22,2022-04-10,"-12 day ahead inc hosp","quantile",0.025,2707,"COVID-19"
"DE","60-79",2022-04-22,2022-04-10,"-12 day ahead inc hosp","quantile",0.1,2760,"COVID-19"
"DE","60-79",2022-04-22,2022-04-10,"-12 day ahead inc hosp","quantile",0.25,2818,"COVID-19"
"DE","60-79",2022-04-22,2022-04-10,"-12 day ahead inc hosp","quantile",0.5,2894,"COVID-19"
"DE","60-79",2022-04-22,2022-04-10,"-12 day ahead inc hosp","quantile",0.75,2984,"COVID-19"
"DE","60-79",2022-04-22,2022-04-10,"-12 day ahead inc hosp","quantile",0.9,3078,"COVID-19"
"DE","60-79",2022-04-22,2022-04-10,"-12 day ahead inc hosp","quantile",0.975,3198,"COVID-19"
"DE","60-79",2022-04-22,2022-04-09,"-13 day ahead inc hosp","mean",NA,2921,"COVID-19"
"DE","60-79",2022-04-22,2022-04-09,"-13 day ahead inc hosp","quantile",0.025,2722,"COVID-19"
"DE","60-79",2022-04-22,2022-04-09,"-13 day ahead inc hosp","quantile",0.1,2774,"COVID-19"
"DE","60-79",2022-04-22,2022-04-09,"-13 day ahead inc hosp","quantile",0.25,2830,"COVID-19"
"DE","60-79",2022-04-22,2022-04-09,"-13 day ahead inc hosp","quantile",0.5,2905,"COVID-19"
"DE","60-79",2022-04-22,2022-04-09,"-13 day ahead inc hosp","quantile",0.75,2994,"COVID-19"
"DE","60-79",2022-04-22,2022-04-09,"-13 day ahead inc hosp","quantile",0.9,3087,"COVID-19"
"DE","60-79",2022-04-22,2022-04-09,"-13 day ahead inc hosp","quantile",0.975,3206,"COVID-19"
"DE","60-79",2022-04-22,2022-04-08,"-14 day ahead inc hosp","mean",NA,2956,"COVID-19"
"DE","60-79",2022-04-22,2022-04-08,"-14 day ahead inc hosp","quantile",0.025,2767,"COVID-19"
"DE","60-79",2022-04-22,2022-04-08,"-14 day ahead inc hosp","quantile",0.1,2815,"COVID-19"
"DE","60-79",2022-04-22,2022-04-08,"-14 day ahead inc hosp","quantile",0.25,2869,"COVID-19"
"DE","60-79",2022-04-22,2022-04-08,"-14 day ahead inc hosp","quantile",0.5,2941,"COVID-19"
"DE","60-79",2022-04-22,2022-04-08,"-14 day ahead inc hosp","quantile",0.75,3027,"COVID-19"
"DE","60-79",2022-04-22,2022-04-08,"-14 day ahead inc hosp","quantile",0.9,3116,"COVID-19"
"DE","60-79",2022-04-22,2022-04-08,"-14 day ahead inc hosp","quantile",0.975,3232,"COVID-19"
"DE","60-79",2022-04-22,2022-04-07,"-15 day ahead inc hosp","mean",NA,3011,"COVID-19"
"DE","60-79",2022-04-22,2022-04-07,"-15 day ahead inc hosp","quantile",0.025,2832,"COVID-19"
"DE","60-79",2022-04-22,2022-04-07,"-15 day ahead inc hosp","quantile",0.1,2877,"COVID-19"
"DE","60-79",2022-04-22,2022-04-07,"-15 day ahead inc hosp","quantile",0.25,2928,"COVID-19"
"DE","60-79",2022-04-22,2022-04-07,"-15 day ahead inc hosp","quantile",0.5,2996,"COVID-19"
"DE","60-79",2022-04-22,2022-04-07,"-15 day ahead inc hosp","quantile",0.75,3078,"COVID-19"
"DE","60-79",2022-04-22,2022-04-07,"-15 day ahead inc hosp","quantile",0.9,3165,"COVID-19"
"DE","60-79",2022-04-22,2022-04-07,"-15 day ahead inc hosp","quantile",0.975,3276,"COVID-19"
"DE","60-79",2022-04-22,2022-04-06,"-16 day ahead inc hosp","mean",NA,3005,"COVID-19"
"DE","60-79",2022-04-22,2022-04-06,"-16 day ahead inc hosp","quantile",0.025,2839,"COVID-19"
"DE","60-79",2022-04-22,2022-04-06,"-16 day ahead inc hosp","quantile",0.1,2881,"COVID-19"
"DE","60-79",2022-04-22,2022-04-06,"-16 day ahead inc hosp","quantile",0.25,2927,"COVID-19"
"DE","60-79",2022-04-22,2022-04-06,"-16 day ahead inc hosp","quantile",0.5,2991,"COVID-19"
"DE","60-79",2022-04-22,2022-04-06,"-16 day ahead inc hosp","quantile",0.75,3067,"COVID-19"
"DE","60-79",2022-04-22,2022-04-06,"-16 day ahead inc hosp","quantile",0.9,3149,"COVID-19"
"DE","60-79",2022-04-22,2022-04-06,"-16 day ahead inc hosp","quantile",0.975,3253,"COVID-19"
"DE","60-79",2022-04-22,2022-04-05,"-17 day ahead inc hosp","mean",NA,3123,"COVID-19"
"DE","60-79",2022-04-22,2022-04-05,"-17 day ahead inc hosp","quantile",0.025,2965,"COVID-19"
"DE","60-79",2022-04-22,2022-04-05,"-17 day ahead inc hosp","quantile",0.1,3004,"COVID-19"
"DE","60-79",2022-04-22,2022-04-05,"-17 day ahead inc hosp","quantile",0.25,3048,"COVID-19"
"DE","60-79",2022-04-22,2022-04-05,"-17 day ahead inc hosp","quantile",0.5,3109,"COVID-19"
"DE","60-79",2022-04-22,2022-04-05,"-17 day ahead inc hosp","quantile",0.75,3182,"COVID-19"
"DE","60-79",2022-04-22,2022-04-05,"-17 day ahead inc hosp","quantile",0.9,3260,"COVID-19"
"DE","60-79",2022-04-22,2022-04-05,"-17 day ahead inc hosp","quantile",0.975,3362,"COVID-19"
"DE","60-79",2022-04-22,2022-04-04,"-18 day ahead inc hosp","mean",NA,3196,"COVID-19"
"DE","60-79",2022-04-22,2022-04-04,"-18 day ahead inc hosp","quantile",0.025,3047,"COVID-19"
"DE","60-79",2022-04-22,2022-04-04,"-18 day ahead inc hosp","quantile",0.1,3083,"COVID-19"
"DE","60-79",2022-04-22,2022-04-04,"-18 day ahead inc hosp","quantile",0.25,3125,"COVID-19"
"DE","60-79",2022-04-22,2022-04-04,"-18 day ahead inc hosp","quantile",0.5,3182,"COVID-19"
"DE","60-79",2022-04-22,2022-04-04,"-18 day ahead inc hosp","quantile",0.75,3251,"COVID-19"
"DE","60-79",2022-04-22,2022-04-04,"-18 day ahead inc hosp","quantile",0.9,3326,"COVID-19"
"DE","60-79",2022-04-22,2022-04-04,"-18 day ahead inc hosp","quantile",0.975,3423,"COVID-19"
"DE","60-79",2022-04-22,2022-04-03,"-19 day ahead inc hosp","mean",NA,3236,"COVID-19"
"DE","60-79",2022-04-22,2022-04-03,"-19 day ahead inc hosp","quantile",0.025,3088,"COVID-19"
"DE","60-79",2022-04-22,2022-04-03,"-19 day ahead inc hosp","quantile",0.1,3124,"COVID-19"
"DE","60-79",2022-04-22,2022-04-03,"-19 day ahead inc hosp","quantile",0.25,3165,"COVID-19"
"DE","60-79",2022-04-22,2022-04-03,"-19 day ahead inc hosp","quantile",0.5,3222,"COVID-19"
"DE","60-79",2022-04-22,2022-04-03,"-19 day ahead inc hosp","quantile",0.75,3292,"COVID-19"
"DE","60-79",2022-04-22,2022-04-03,"-19 day ahead inc hosp","quantile",0.9,3367,"COVID-19"
"DE","60-79",2022-04-22,2022-04-03,"-19 day ahead inc hosp","quantile",0.975,3466,"COVID-19"
"DE","60-79",2022-04-22,2022-04-02,"-20 day ahead inc hosp","mean",NA,3324,"COVID-19"
"DE","60-79",2022-04-22,2022-04-02,"-20 day ahead inc hosp","quantile",0.025,3174,"COVID-19"
"DE","60-79",2022-04-22,2022-04-02,"-20 day ahead inc hosp","quantile",0.1,3209,"COVID-19"
"DE","60-79",2022-04-22,2022-04-02,"-20 day ahead inc hosp","quantile",0.25,3250,"COVID-19"
"DE","60-79",2022-04-22,2022-04-02,"-20 day ahead inc hosp","quantile",0.5,3308,"COVID-19"
"DE","60-79",2022-04-22,2022-04-02,"-20 day ahead inc hosp","quantile",0.75,3381,"COVID-19"
"DE","60-79",2022-04-22,2022-04-02,"-20 day ahead inc hosp","quantile",0.9,3459,"COVID-19"
"DE","60-79",2022-04-22,2022-04-02,"-20 day ahead inc hosp","quantile",0.975,3561,"COVID-19"
"DE","60-79",2022-04-22,2022-04-01,"-21 day ahead inc hosp","mean",NA,3419,"COVID-19"
"DE","60-79",2022-04-22,2022-04-01,"-21 day ahead inc hosp","quantile",0.025,3273,"COVID-19"
"DE","60-79",2022-04-22,2022-04-01,"-21 day ahead inc hosp","quantile",0.1,3306,"COVID-19"
"DE","60-79",2022-04-22,2022-04-01,"-21 day ahead inc hosp","quantile",0.25,3346,"COVID-19"
"DE","60-79",2022-04-22,2022-04-01,"-21 day ahead inc hosp","quantile",0.5,3403,"COVID-19"
"DE","60-79",2022-04-22,2022-04-01,"-21 day ahead inc hosp","quantile",0.75,3475,"COVID-19"
"DE","60-79",2022-04-22,2022-04-01,"-21 day ahead inc hosp","quantile",0.9,3553,"COVID-19"
"DE","60-79",2022-04-22,2022-04-01,"-21 day ahead inc hosp","quantile",0.975,3656,"COVID-19"
"DE","60-79",2022-04-22,2022-03-31,"-22 day ahead inc hosp","mean",NA,3451,"COVID-19"
"DE","60-79",2022-04-22,2022-03-31,"-22 day ahead inc hosp","quantile",0.025,3312,"COVID-19"
"DE","60-79",2022-04-22,2022-03-31,"-22 day ahead inc hosp","quantile",0.1,3344,"COVID-19"
"DE","60-79",2022-04-22,2022-03-31,"-22 day ahead inc hosp","quantile",0.25,3381,"COVID-19"
"DE","60-79",2022-04-22,2022-03-31,"-22 day ahead inc hosp","quantile",0.5,3436,"COVID-19"
"DE","60-79",2022-04-22,2022-03-31,"-22 day ahead inc hosp","quantile",0.75,3504,"COVID-19"
"DE","60-79",2022-04-22,2022-03-31,"-22 day ahead inc hosp","quantile",0.9,3580,"COVID-19"
"DE","60-79",2022-04-22,2022-03-31,"-22 day ahead inc hosp","quantile",0.975,3680,"COVID-19"
"DE","60-79",2022-04-22,2022-03-30,"-23 day ahead inc hosp","mean",NA,3576,"COVID-19"
"DE","60-79",2022-04-22,2022-03-30,"-23 day ahead inc hosp","quantile",0.025,3443,"COVID-19"
"DE","60-79",2022-04-22,2022-03-30,"-23 day ahead inc hosp","quantile",0.1,3472,"COVID-19"
"DE","60-79",2022-04-22,2022-03-30,"-23 day ahead inc hosp","quantile",0.25,3508,"COVID-19"
"DE","60-79",2022-04-22,2022-03-30,"-23 day ahead inc hosp","quantile",0.5,3561,"COVID-19"
"DE","60-79",2022-04-22,2022-03-30,"-23 day ahead inc hosp","quantile",0.75,3628,"COVID-19"
"DE","60-79",2022-04-22,2022-03-30,"-23 day ahead inc hosp","quantile",0.9,3702,"COVID-19"
"DE","60-79",2022-04-22,2022-03-30,"-23 day ahead inc hosp","quantile",0.975,3800,"COVID-19"
"DE","60-79",2022-04-22,2022-03-29,"-24 day ahead inc hosp","mean",NA,3554,"COVID-19"
"DE","60-79",2022-04-22,2022-03-29,"-24 day ahead inc hosp","quantile",0.025,3432,"COVID-19"
"DE","60-79",2022-04-22,2022-03-29,"-24 day ahead inc hosp","quantile",0.1,3459,"COVID-19"
"DE","60-79",2022-04-22,2022-03-29,"-24 day ahead inc hosp","quantile",0.25,3491,"COVID-19"
"DE","60-79",2022-04-22,2022-03-29,"-24 day ahead inc hosp","quantile",0.5,3539,"COVID-19"
"DE","60-79",2022-04-22,2022-03-29,"-24 day ahead inc hosp","quantile",0.75,3601,"COVID-19"
"DE","60-79",2022-04-22,2022-03-29,"-24 day ahead inc hosp","quantile",0.9,3669,"COVID-19"
"DE","60-79",2022-04-22,2022-03-29,"-24 day ahead inc hosp","quantile",0.975,3761,"COVID-19"
"DE","60-79",2022-04-22,2022-03-28,"-25 day ahead inc hosp","mean",NA,3558,"COVID-19"
"DE","60-79",2022-04-22,2022-03-28,"-25 day ahead inc hosp","quantile",0.025,3446,"COVID-19"
"DE","60-79",2022-04-22,2022-03-28,"-25 day ahead inc hosp","quantile",0.1,3470,"COVID-19"
"DE","60-79",2022-04-22,2022-03-28,"-25 day ahead inc hosp","quantile",0.25,3499,"COVID-19"
"DE","60-79",2022-04-22,2022-03-28,"-25 day ahead inc hosp","quantile",0.5,3544,"COVID-19"
"DE","60-79",2022-04-22,2022-03-28,"-25 day ahead inc hosp","quantile",0.75,3601,"COVID-19"
"DE","60-79",2022-04-22,2022-03-28,"-25 day ahead inc hosp","quantile",0.9,3666,"COVID-19"
"DE","60-79",2022-04-22,2022-03-28,"-25 day ahead inc hosp","quantile",0.975,3752,"COVID-19"
"DE","60-79",2022-04-22,2022-03-27,"-26 day ahead inc hosp","mean",NA,3569,"COVID-19"
"DE","60-79",2022-04-22,2022-03-27,"-26 day ahead inc hosp","quantile",0.025,3459,"COVID-19"
"DE","60-79",2022-04-22,2022-03-27,"-26 day ahead inc hosp","quantile",0.1,3481,"COVID-19"
"DE","60-79",2022-04-22,2022-03-27,"-26 day ahead inc hosp","quantile",0.25,3510,"COVID-19"
"DE","60-79",2022-04-22,2022-03-27,"-26 day ahead inc hosp","quantile",0.5,3554,"COVID-19"
"DE","60-79",2022-04-22,2022-03-27,"-26 day ahead inc hosp","quantile",0.75,3611,"COVID-19"
"DE","60-79",2022-04-22,2022-03-27,"-26 day ahead inc hosp","quantile",0.9,3676,"COVID-19"
"DE","60-79",2022-04-22,2022-03-27,"-26 day ahead inc hosp","quantile",0.975,3763,"COVID-19"
"DE","60-79",2022-04-22,2022-03-26,"-27 day ahead inc hosp","mean",NA,3559,"COVID-19"
"DE","60-79",2022-04-22,2022-03-26,"-27 day ahead inc hosp","quantile",0.025,3453,"COVID-19"
"DE","60-79",2022-04-22,2022-03-26,"-27 day ahead inc hosp","quantile",0.1,3475,"COVID-19"
"DE","60-79",2022-04-22,2022-03-26,"-27 day ahead inc hosp","quantile",0.25,3502,"COVID-19"
"DE","60-79",2022-04-22,2022-03-26,"-27 day ahead inc hosp","quantile",0.5,3544,"COVID-19"
"DE","60-79",2022-04-22,2022-03-26,"-27 day ahead inc hosp","quantile",0.75,3600,"COVID-19"
"DE","60-79",2022-04-22,2022-03-26,"-27 day ahead inc hosp","quantile",0.9,3662,"COVID-19"
"DE","60-79",2022-04-22,2022-03-26,"-27 day ahead inc hosp","quantile",0.975,3747,"COVID-19"
"DE","60-79",2022-04-22,2022-03-25,"-28 day ahead inc hosp","mean",NA,3534,"COVID-19"
"DE","60-79",2022-04-22,2022-03-25,"-28 day ahead inc hosp","quantile",0.025,3437,"COVID-19"
"DE","60-79",2022-04-22,2022-03-25,"-28 day ahead inc hosp","quantile",0.1,3457,"COVID-19"
"DE","60-79",2022-04-22,2022-03-25,"-28 day ahead inc hosp","quantile",0.25,3482,"COVID-19"
"DE","60-79",2022-04-22,2022-03-25,"-28 day ahead inc hosp","quantile",0.5,3521,"COVID-19"
"DE","60-79",2022-04-22,2022-03-25,"-28 day ahead inc hosp","quantile",0.75,3572,"COVID-19"
"DE","60-79",2022-04-22,2022-03-25,"-28 day ahead inc hosp","quantile",0.9,3630,"COVID-19"
"DE","60-79",2022-04-22,2022-03-25,"-28 day ahead inc hosp","quantile",0.975,3709,"COVID-19"
"DE","80+",2022-04-22,2022-04-22,"0 day ahead inc hosp","mean",NA,3065,"COVID-19"
"DE","80+",2022-04-22,2022-04-22,"0 day ahead inc hosp","quantile",0.025,2100,"COVID-19"
"DE","80+",2022-04-22,2022-04-22,"0 day ahead inc hosp","quantile",0.1,2353,"COVID-19"
"DE","80+",2022-04-22,2022-04-22,"0 day ahead inc hosp","quantile",0.25,2629,"COVID-19"
"DE","80+",2022-04-22,2022-04-22,"0 day ahead inc hosp","quantile",0.5,2993,"COVID-19"
"DE","80+",2022-04-22,2022-04-22,"0 day ahead inc hosp","quantile",0.75,3423,"COVID-19"
"DE","80+",2022-04-22,2022-04-22,"0 day ahead inc hosp","quantile",0.9,3869,"COVID-19"
"DE","80+",2022-04-22,2022-04-22,"0 day ahead inc hosp","quantile",0.975,4436,"COVID-19"
"DE","80+",2022-04-22,2022-04-21,"-1 day ahead inc hosp","mean",NA,2989,"COVID-19"
"DE","80+",2022-04-22,2022-04-21,"-1 day ahead inc hosp","quantile",0.025,2216,"COVID-19"
"DE","80+",2022-04-22,2022-04-21,"-1 day ahead inc hosp","quantile",0.1,2421,"COVID-19"
"DE","80+",2022-04-22,2022-04-21,"-1 day ahead inc hosp","quantile",0.25,2642,"COVID-19"
"DE","80+",2022-04-22,2022-04-21,"-1 day ahead inc hosp","quantile",0.5,2933,"COVID-19"
"DE","80+",2022-04-22,2022-04-21,"-1 day ahead inc hosp","quantile",0.75,3276,"COVID-19"
"DE","80+",2022-04-22,2022-04-21,"-1 day ahead inc hosp","quantile",0.9,3631,"COVID-19"
"DE","80+",2022-04-22,2022-04-21,"-1 day ahead inc hosp","quantile",0.975,4082,"COVID-19"
"DE","80+",2022-04-22,2022-04-20,"-2 day ahead inc hosp","mean",NA,2707,"COVID-19"
"DE","80+",2022-04-22,2022-04-20,"-2 day ahead inc hosp","quantile",0.025,2156,"COVID-19"
"DE","80+",2022-04-22,2022-04-20,"-2 day ahead inc hosp","quantile",0.1,2304,"COVID-19"
"DE","80+",2022-04-22,2022-04-20,"-2 day ahead inc hosp","quantile",0.25,2462,"COVID-19"
"DE","80+",2022-04-22,2022-04-20,"-2 day ahead inc hosp","quantile",0.5,2669,"COVID-19"
"DE","80+",2022-04-22,2022-04-20,"-2 day ahead inc hosp","quantile",0.75,2910,"COVID-19"
"DE","80+",2022-04-22,2022-04-20,"-2 day ahead inc hosp","quantile",0.9,3159,"COVID-19"
"DE","80+",2022-04-22,2022-04-20,"-2 day ahead inc hosp","quantile",0.975,3473,"COVID-19"
"DE","80+",2022-04-22,2022-04-19,"-3 day ahead inc hosp","mean",NA,2365,"COVID-19"
"DE","80+",2022-04-22,2022-04-19,"-3 day ahead inc hosp","quantile",0.025,2020,"COVID-19"
"DE","80+",2022-04-22,2022-04-19,"-3 day ahead inc hosp","quantile",0.1,2114,"COVID-19"
"DE","80+",2022-04-22,2022-04-19,"-3 day ahead inc hosp","quantile",0.25,2214,"COVID-19"
"DE","80+",2022-04-22,2022-04-19,"-3 day ahead inc hosp","quantile",0.5,2343,"COVID-19"
"DE","80+",2022-04-22,2022-04-19,"-3 day ahead inc hosp","quantile",0.75,2492,"COVID-19"
"DE","80+",2022-04-22,2022-04-19,"-3 day ahead inc hosp","quantile",0.9,2644,"COVID-19"
"DE","80+",2022-04-22,2022-04-19,"-3 day ahead inc hosp","quantile",0.975,2836,"COVID-19"
"DE","80+",2022-04-22,2022-04-18,"-4 day ahead inc hosp","mean",NA,2781,"COVID-19"
"DE","80+",2022-04-22,2022-04-18,"-4 day ahead inc hosp","quantile",0.025,2437,"COVID-19"
"DE","80+",2022-04-22,2022-04-18,"-4 day ahead inc hosp","quantile",0.1,2532,"COVID-19"
"DE","80+",2022-04-22,2022-04-18,"-4 day ahead inc hosp","quantile",0.25,2632,"COVID-19"
"DE","80+",2022-04-22,2022-04-18,"-4 day ahead inc hosp","quantile",0.5,2760,"COVID-19"
"DE","80+",2022-04-22,2022-04-18,"-4 day ahead inc hosp","quantile",0.75,2908,"COVID-19"
"DE","80+",2022-04-22,2022-04-18,"-4 day ahead inc hosp","quantile",0.9,3058,"COVID-19"
"DE","80+",2022-04-22,2022-04-18,"-4 day ahead inc hosp","quantile",0.975,3246,"COVID-19"
"DE","80+",2022-04-22,2022-04-17,"-5 day ahead inc hosp","mean",NA,2832,"COVID-19"
"DE","80+",2022-04-22,2022-04-17,"-5 day ahead inc hosp","quantile",0.025,2504,"COVID-19"
"DE","80+",2022-04-22,2022-04-17,"-5 day ahead inc hosp","quantile",0.1,2595,"COVID-19"
"DE","80+",2022-04-22,2022-04-17,"-5 day ahead inc hosp","quantile",0.25,2690,"COVID-19"
"DE","80+",2022-04-22,2022-04-17,"-5 day ahead inc hosp","quantile",0.5,2813,"COVID-19"
"DE","80+",2022-04-22,2022-04-17,"-5 day ahead inc hosp","quantile",0.75,2953,"COVID-19"
"DE","80+",2022-04-22,2022-04-17,"-5 day ahead inc hosp","quantile",0.9,3095,"COVID-19"
"DE","80+",2022-04-22,2022-04-17,"-5 day ahead inc hosp","quantile",0.975,3274,"COVID-19"
"DE","80+",2022-04-22,2022-04-16,"-6 day ahead inc hosp","mean",NA,2876,"COVID-19"
"DE","80+",2022-04-22,2022-04-16,"-6 day ahead inc hosp","quantile",0.025,2556,"COVID-19"
"DE","80+",2022-04-22,2022-04-16,"-6 day ahead inc hosp","quantile",0.1,2645,"COVID-19"
"DE","80+",2022-04-22,2022-04-16,"-6 day ahead inc hosp","quantile",0.25,2738,"COVID-19"
"DE","80+",2022-04-22,2022-04-16,"-6 day ahead inc hosp","quantile",0.5,2857,"COVID-19"
"DE","80+",2022-04-22,2022-04-16,"-6 day ahead inc hosp","quantile",0.75,2994,"COVID-19"
"DE","80+",2022-04-22,2022-04-16,"-6 day ahead inc hosp","quantile",0.9,3134,"COVID-19"
"DE","80+",2022-04-22,2022-04-16,"-6 day ahead inc hosp","quantile",0.975,3308,"COVID-19"
"DE","80+",2022-04-22,2022-04-15,"-7 day ahead inc hosp","mean",NA,3183,"COVID-19"
"DE","80+",2022-04-22,2022-04-15,"-7 day ahead inc hosp","quantile",0.025,2846,"COVID-19"
"DE","80+",2022-04-22,2022-04-15,"-7 day ahead inc hosp","quantile",0.1,2938,"COVID-19"
"DE","80+",2022-04-22,2022-04-15,"-7 day ahead inc hosp","quantile",0.25,3036,"COVID-19"
"DE","80+",2022-04-22,2022-04-15,"-7 day ahead inc hosp","quantile",0.5,3162,"COVID-19"
"DE","80+",2022-04-22,2022-04-15,"-7 day ahead inc hosp","quantile",0.75,3307,"COVID-19"
"DE","80+",2022-04-22,2022-04-15,"-7 day ahead inc hosp","quantile",0.9,3455,"COVID-19"
"DE","80+",2022-04-22,2022-04-15,"-7 day ahead inc hosp","quantile",0.975,3641,"COVID-19"
"DE","80+",2022-04-22,2022-04-14,"-8 day ahead inc hosp","mean",NA,3216,"COVID-19"
"DE","80+",2022-04-22,2022-04-14,"-8 day ahead inc hosp","quantile",0.025,2900,"COVID-19"
"DE","80+",2022-04-22,2022-04-14,"-8 day ahead inc hosp","quantile",0.1,2986,"COVID-19"
"DE","80+",2022-04-22,2022-04-14,"-8 day ahead inc hosp","quantile",0.25,3077,"COVID-19"
"DE","80+",2022-04-22,2022-04-14,"-8 day ahead inc hosp","quantile",0.5,3196,"COVID-19"
"DE","80+",2022-04-22,2022-04-14,"-8 day ahead inc hosp","quantile",0.75,3333,"COVID-19"
"DE","80+",2022-04-22,2022-04-14,"-8 day ahead inc hosp","quantile",0.9,3473,"COVID-19"
"DE","80+",2022-04-22,2022-04-14,"-8 day ahead inc hosp","quantile",0.975,3650,"COVID-19"
"DE","80+",2022-04-22,2022-04-13,"-9 day ahead inc hosp","mean",NA,3329,"COVID-19"
"DE","80+",2022-04-22,2022-04-13,"-9 day ahead inc hosp","quantile",0.025,3028,"COVID-19"
"DE","80+",2022-04-22,2022-04-13,"-9 day ahead inc hosp","quantile",0.1,3109,"COVID-19"
"DE","80+",2022-04-22,2022-04-13,"-9 day ahead inc hosp","quantile",0.25,3195,"COVID-19"
"DE","80+",2022-04-22,2022-04-13,"-9 day ahead inc hosp","quantile",0.5,3308,"COVID-19"
"DE","80+",2022-04-22,2022-04-13,"-9 day ahead inc hosp","quantile",0.75,3440,"COVID-19"
"DE","80+",2022-04-22,2022-04-13,"-9 day ahead inc hosp","quantile",0.9,3575,"COVID-19"
"DE","80+",2022-04-22,2022-04-13,"-9 day ahead inc hosp","quantile",0.975,3746,"COVID-19"
"DE","80+",2022-04-22,2022-04-12,"-10 day ahead inc hosp","mean",NA,3363,"COVID-19"
"DE","80+",2022-04-22,2022-04-12,"-10 day ahead inc hosp","quantile",0.025,3088,"COVID-19"
"DE","80+",2022-04-22,2022-04-12,"-10 day ahead inc hosp","quantile",0.1,3161,"COVID-19"
"DE","80+",2022-04-22,2022-04-12,"-10 day ahead inc hosp","quantile",0.25,3240,"COVID-19"
"DE","80+",2022-04-22,2022-04-12,"-10 day ahead inc hosp","quantile",0.5,3344,"COVID-19"
"DE","80+",2022-04-22,2022-04-12,"-10 day ahead inc hosp","quantile",0.75,3465,"COVID-19"
"DE","80+",2022-04-22,2022-04-12,"-10 day ahead inc hosp","quantile",0.9,3590,"COVID-19"
"DE","80+",2022-04-22,2022-04-12,"-10 day ahead inc hosp","quantile",0.975,3748,"COVID-19"
"DE","80+",2022-04-22,2022-04-11,"-11 day ahead inc hosp","mean",NA,3347,"COVID-19"
"DE","80+",2022-04-22,2022-04-11,"-11 day ahead inc hosp","quantile",0.025,3105,"COVID-19"
"DE","80+",2022-04-22,2022-04-11,"-11 day ahead inc hosp","quantile",0.1,3169,"COVID-19"
"DE","80+",2022-04-22,2022-04-11,"-11 day ahead inc hosp","quantile",0.25,3239,"COVID-19"
"DE","80+",2022-04-22,2022-04-11,"-11 day ahead inc hosp","quantile",0.5,3330,"COVID-19"
"DE","80+",2022-04-22,2022-04-11,"-11 day ahead inc hosp","quantile",0.75,3437,"COVID-19"
"DE","80+",2022-04-22,2022-04-11,"-11 day ahead inc hosp","quantile",0.9,3548,"COVID-19"
"DE","80+",2022-04-22,2022-04-11,"-11 day ahead inc hosp","quantile",0.975,3689,"COVID-19"
"DE","80+",2022-04-22,2022-04-10,"-12 day ahead inc hosp","mean",NA,3338,"COVID-19"
"DE","80+",2022-04-22,2022-04-10,"-12 day ahead inc hosp","quantile",0.025,3103,"COVID-19"
"DE","80+",2022-04-22,2022-04-10,"-12 day ahead inc hosp","quantile",0.1,3165,"COVID-19"
"DE","80+",2022-04-22,2022-04-10,"-12 day ahead inc hosp","quantile",0.25,3232,"COVID-19"
"DE","80+",2022-04-22,2022-04-10,"-12 day ahead inc hosp","quantile",0.5,3321,"COVID-19"
"DE","80+",2022-04-22,2022-04-10,"-12 day ahead inc hosp","quantile",0.75,3424,"COVID-19"
"DE","80+",2022-04-22,2022-04-10,"-12 day ahead inc hosp","quantile",0.9,3532,"COVID-19"
"DE","80+",2022-04-22,2022-04-10,"-12 day ahead inc hosp","quantile",0.975,3668,"COVID-19"
"DE","80+",2022-04-22,2022-04-09,"-13 day ahead inc hosp","mean",NA,3358,"COVID-19"
"DE","80+",2022-04-22,2022-04-09,"-13 day ahead inc hosp","quantile",0.025,3130,"COVID-19"
"DE","80+",2022-04-22,2022-04-09,"-13 day ahead inc hosp","quantile",0.1,3190,"COVID-19"
"DE","80+",2022-04-22,2022-04-09,"-13 day ahead inc hosp","quantile",0.25,3255,"COVID-19"
"DE","80+",2022-04-22,2022-04-09,"-13 day ahead inc hosp","quantile",0.5,3341,"COVID-19"
"DE","80+",2022-04-22,2022-04-09,"-13 day ahead inc hosp","quantile",0.75,3442,"COVID-19"
"DE","80+",2022-04-22,2022-04-09,"-13 day ahead inc hosp","quantile",0.9,3547,"COVID-19"
"DE","80+",2022-04-22,2022-04-09,"-13 day ahead inc hosp","quantile",0.975,3681,"COVID-19"
"DE","80+",2022-04-22,2022-04-08,"-14 day ahead inc hosp","mean",NA,3347,"COVID-19"
"DE","80+",2022-04-22,2022-04-08,"-14 day ahead inc hosp","quantile",0.025,3133,"COVID-19"
"DE","80+",2022-04-22,2022-04-08,"-14 day ahead inc hosp","quantile",0.1,3189,"COVID-19"
"DE","80+",2022-04-22,2022-04-08,"-14 day ahead inc hosp","quantile",0.25,3250,"COVID-19"
"DE","80+",2022-04-22,2022-04-08,"-14 day ahead inc hosp","quantile",0.5,3331,"COVID-19"
"DE","80+",2022-04-22,2022-04-08,"-14 day ahead inc hosp","quantile",0.75,3426,"COVID-19"
"DE","80+",2022-04-22,2022-04-08,"-14 day ahead inc hosp","quantile",0.9,3525,"COVID-19"
"DE","80+",2022-04-22,2022-04-08,"-14 day ahead inc hosp","quantile",0.975,3652,"COVID-19"
"DE","80+",2022-04-22,2022-04-07,"-15 day ahead inc hosp","mean",NA,3429,"COVID-19"
"DE","80+",2022-04-22,2022-04-07,"-15 day ahead inc hosp","quantile",0.025,3225,"COVID-19"
"DE","80+",2022-04-22,2022-04-07,"-15 day ahead inc hosp","quantile",0.1,3278,"COVID-19"
"DE","80+",2022-04-22,2022-04-07,"-15 day ahead inc hosp","quantile",0.25,3336,"COVID-19"
"DE","80+",2022-04-22,2022-04-07,"-15 day ahead inc hosp","quantile",0.5,3413,"COVID-19"
"DE","80+",2022-04-22,2022-04-07,"-15 day ahead inc hosp","quantile",0.75,3505,"COVID-19"
"DE","80+",2022-04-22,2022-04-07,"-15 day ahead inc hosp","quantile",0.9,3601,"COVID-19"
"DE","80+",2022-04-22,2022-04-07,"-15 day ahead inc hosp","quantile",0.975,3723,"COVID-19"
"DE","80+",2022-04-22,2022-04-06,"-16 day ahead inc hosp","mean",NA,3491,"COVID-19"
"DE","80+",2022-04-22,2022-04-06,"-16 day ahead inc hosp","quantile",0.025,3299,"COVID-19"
"DE","80+",2022-04-22,2022-04-06,"-16 day ahead inc hosp","quantile",0.1,3349,"COVID-19"
"DE","80+",2022-04-22,2022-04-06,"-16 day ahead inc hosp","quantile",0.25,3403,"COVID-19"
"DE","80+",2022-04-22,2022-04-06,"-16 day ahead inc hosp","quantile",0.5,3476,"COVID-19"
"DE","80+",2022-04-22,2022-04-06,"-16 day ahead inc hosp","quantile",0.75,3563,"COVID-19"
"DE","80+",2022-04-22,2022-04-06,"-16 day ahead inc hosp","quantile",0.9,3654,"COVID-19"
"DE","80+",2022-04-22,2022-04-06,"-16 day ahead inc hosp","quantile",0.975,3771,"COVID-19"
"DE","80+",2022-04-22,2022-04-05,"-17 day ahead inc hosp","mean",NA,3611,"COVID-19"
"DE","80+",2022-04-22,2022-04-05,"-17 day ahead inc hosp","quantile",0.025,3429,"COVID-19"
"DE","80+",2022-04-22,2022-04-05,"-17 day ahead inc hosp","quantile",0.1,3475,"COVID-19"
"DE","80+",2022-04-22,2022-04-05,"-17 day ahead inc hosp","quantile",0.25,3527,"COVID-19"
"DE","80+",2022-04-22,2022-04-05,"-17 day ahead inc hosp","quantile",0.5,3596,"COVID-19"
"DE","80+",2022-04-22,2022-04-05,"-17 day ahead inc hosp","quantile",0.75,3679,"COVID-19"
"DE","80+",2022-04-22,2022-04-05,"-17 day ahead inc hosp","quantile",0.9,3766,"COVID-19"
"DE","80+",2022-04-22,2022-04-05,"-17 day ahead inc hosp","quantile",0.975,3877,"COVID-19"
"DE","80+",2022-04-22,2022-04-04,"-18 day ahead inc hosp","mean",NA,3706,"COVID-19"
"DE","80+",2022-04-22,2022-04-04,"-18 day ahead inc hosp","quantile",0.025,3535,"COVID-19"
"DE","80+",2022-04-22,2022-04-04,"-18 day ahead inc hosp","quantile",0.1,3578,"COVID-19"
"DE","80+",2022-04-22,2022-04-04,"-18 day ahead inc hosp","quantile",0.25,3626,"COVID-19"
"DE","80+",2022-04-22,2022-04-04,"-18 day ahead inc hosp","quantile",0.5,3691,"COVID-19"
"DE","80+",2022-04-22,2022-04-04,"-18 day ahead inc hosp","quantile",0.75,3770,"COVID-19"
"DE","80+",2022-04-22,2022-04-04,"-18 day ahead inc hosp","quantile",0.9,3852,"COVID-19"
"DE","80+",2022-04-22,2022-04-04,"-18 day ahead inc hosp","quantile",0.975,3959,"COVID-19"
"DE","80+",2022-04-22,2022-04-03,"-19 day ahead inc hosp","mean",NA,3775,"COVID-19"
"DE","80+",2022-04-22,2022-04-03,"-19 day ahead inc hosp","quantile",0.025,3602,"COVID-19"
"DE","80+",2022-04-22,2022-04-03,"-19 day ahead inc hosp","quantile",0.1,3645,"COVID-19"
"DE","80+",2022-04-22,2022-04-03,"-19 day ahead inc hosp","quantile",0.25,3693,"COVID-19"
"DE","80+",2022-04-22,2022-04-03,"-19 day ahead inc hosp","quantile",0.5,3760,"COVID-19"
"DE","80+",2022-04-22,2022-04-03,"-19 day ahead inc hosp","quantile",0.75,3840,"COVID-19"
"DE","80+",2022-04-22,2022-04-03,"-19 day ahead inc hosp","quantile",0.9,3925,"COVID-19"
"DE","80+",2022-04-22,2022-04-03,"-19 day ahead inc hosp","quantile",0.975,4036,"COVID-19"
"DE","80+",2022-04-22,2022-04-02,"-20 day ahead inc hosp","mean",NA,3864,"COVID-19"
"DE","80+",2022-04-22,2022-04-02,"-20 day ahead inc hosp","quantile",0.025,3690,"COVID-19"
"DE","80+",2022-04-22,2022-04-02,"-20 day ahead inc hosp","quantile",0.1,3732,"COVID-19"
"DE","80+",2022-04-22,2022-04-02,"-20 day ahead inc hosp","quantile",0.25,3781,"COVID-19"
"DE","80+",2022-04-22,2022-04-02,"-20 day ahead inc hosp","quantile",0.5,3848,"COVID-19"
"DE","80+",2022-04-22,2022-04-02,"-20 day ahead inc hosp","quantile",0.75,3930,"COVID-19"
"DE","80+",2022-04-22,2022-04-02,"-20 day ahead inc hosp","quantile",0.9,4018,"COVID-19"
"DE","80+",2022-04-22,2022-04-02,"-20 day ahead inc hosp","quantile",0.975,4132,"COVID-19"
"DE","80+",2022-04-22,2022-04-01,"-21 day ahead inc hosp","mean",NA,4031,"COVID-19"
"DE","80+",2022-04-22,2022-04-01,"-21 day ahead inc hosp","quantile",0.025,3858,"COVID-19"
"DE","80+",2022-04-22,2022-04-01,"-21 day ahead inc hosp","quantile",0.1,3899,"COVID-19"
"DE","80+",2022-04-22,2022-04-01,"-21 day ahead inc hosp","quantile",0.25,3947,"COVID-19"
"DE","80+",2022-04-22,2022-04-01,"-21 day ahead inc hosp","quantile",0.5,4014,"COVID-19"
"DE","80+",2022-04-22,2022-04-01,"-21 day ahead inc hosp","quantile",0.75,4096,"COVID-19"
"DE","80+",2022-04-22,2022-04-01,"-21 day ahead inc hosp","quantile",0.9,4184,"COVID-19"
"DE","80+",2022-04-22,2022-04-01,"-21 day ahead inc hosp","quantile",0.975,4299,"COVID-19"
"DE","80+",2022-04-22,2022-03-31,"-22 day ahead inc hosp","mean",NA,4082,"COVID-19"
"DE","80+",2022-04-22,2022-03-31,"-22 day ahead inc hosp","quantile",0.025,3917,"COVID-19"
"DE","80+",2022-04-22,2022-03-31,"-22 day ahead inc hosp","quantile",0.1,3956,"COVID-19"
"DE","80+",2022-04-22,2022-03-31,"-22 day ahead inc hosp","quantile",0.25,4001,"COVID-19"
"DE","80+",2022-04-22,2022-03-31,"-22 day ahead inc hosp","quantile",0.5,4065,"COVID-19"
"DE","80+",2022-04-22,2022-03-31,"-22 day ahead inc hosp","quantile",0.75,4144,"COVID-19"
"DE","80+",2022-04-22,2022-03-31,"-22 day ahead inc hosp","quantile",0.9,4230,"COVID-19"
"DE","80+",2022-04-22,2022-03-31,"-22 day ahead inc hosp","quantile",0.975,4342,"COVID-19"
"DE","80+",2022-04-22,2022-03-30,"-23 day ahead inc hosp","mean",NA,4110,"COVID-19"
"DE","80+",2022-04-22,2022-03-30,"-23 day ahead inc hosp","quantile",0.025,3956,"COVID-19"
"DE","80+",2022-04-22,2022-03-30,"-23 day ahead inc hosp","quantile",0.1,3992,"COVID-19"
"DE","80+",2022-04-22,2022-03-30,"-23 day ahead inc hosp","quantile",0.25,4034,"COVID-19"
"DE","80+",2022-04-22,2022-03-30,"-23 day ahead inc hosp","quantile",0.5,4094,"COVID-19"
"DE","80+",2022-04-22,2022-03-30,"-23 day ahead inc hosp","quantile",0.75,4169,"COVID-19"
"DE","80+",2022-04-22,2022-03-30,"-23 day ahead inc hosp","quantile",0.9,4251,"COVID-19"
"DE","80+",2022-04-22,2022-03-30,"-23 day ahead inc hosp","quantile",0.975,4359,"COVID-19"
"DE","80+",2022-04-22,2022-03-29,"-24 day ahead inc hosp","mean",NA,4167,"COVID-19"
"DE","80+",2022-04-22,2022-03-29,"-24 day ahead inc hosp","quantile",0.025,4024,"COVID-19"
"DE","80+",2022-04-22,2022-03-29,"-24 day ahead inc hosp","quantile",0.1,4056,"COVID-19"
"DE","80+",2022-04-22,2022-03-29,"-24 day ahead inc hosp","quantile",0.25,4095,"COVID-19"
"DE","80+",2022-04-22,2022-03-29,"-24 day ahead inc hosp","quantile",0.5,4151,"COVID-19"
"DE","80+",2022-04-22,2022-03-29,"-24 day ahead inc hosp","quantile",0.75,4221,"COVID-19"
"DE","80+",2022-04-22,2022-03-29,"-24 day ahead inc hosp","quantile",0.9,4299,"COVID-19"
"DE","80+",2022-04-22,2022-03-29,"-24 day ahead inc hosp","quantile",0.975,4401,"COVID-19"
"DE","80+",2022-04-22,2022-03-28,"-25 day ahead inc hosp","mean",NA,4159,"COVID-19"
"DE","80+",2022-04-22,2022-03-28,"-25 day ahead inc hosp","quantile",0.025,4029,"COVID-19"
"DE","80+",2022-04-22,2022-03-28,"-25 day ahead inc hosp","quantile",0.1,4058,"COVID-19"
"DE","80+",2022-04-22,2022-03-28,"-25 day ahead inc hosp","quantile",0.25,4093,"COVID-19"
"DE","80+",2022-04-22,2022-03-28,"-25 day ahead inc hosp","quantile",0.5,4144,"COVID-19"
"DE","80+",2022-04-22,2022-03-28,"-25 day ahead inc hosp","quantile",0.75,4209,"COVID-19"
"DE","80+",2022-04-22,2022-03-28,"-25 day ahead inc hosp","quantile",0.9,4280,"COVID-19"
"DE","80+",2022-04-22,2022-03-28,"-25 day ahead inc hosp","quantile",0.975,4375,"COVID-19"
"DE","80+",2022-04-22,2022-03-27,"-26 day ahead inc hosp","mean",NA,4144,"COVID-19"
"DE","80+",2022-04-22,2022-03-27,"-26 day ahead inc hosp","quantile",0.025,4017,"COVID-19"
"DE","80+",2022-04-22,2022-03-27,"-26 day ahead inc hosp","quantile",0.1,4044,"COVID-19"
"DE","80+",2022-04-22,2022-03-27,"-26 day ahead inc hosp","quantile",0.25,4078,"COVID-19"
"DE","80+",2022-04-22,2022-03-27,"-26 day ahead inc hosp","quantile",0.5,4128,"COVID-19"
"DE","80+",2022-04-22,2022-03-27,"-26 day ahead inc hosp","quantile",0.75,4192,"COVID-19"
"DE","80+",2022-04-22,2022-03-27,"-26 day ahead inc hosp","quantile",0.9,4263,"COVID-19"
"DE","80+",2022-04-22,2022-03-27,"-26 day ahead inc hosp","quantile",0.975,4358,"COVID-19"
"DE","80+",2022-04-22,2022-03-26,"-27 day ahead inc hosp","mean",NA,4131,"COVID-19"
"DE","80+",2022-04-22,2022-03-26,"-27 day ahead inc hosp","quantile",0.025,4009,"COVID-19"
"DE","80+",2022-04-22,2022-03-26,"-27 day ahead inc hosp","quantile",0.1,4035,"COVID-19"
"DE","80+",2022-04-22,2022-03-26,"-27 day ahead inc hosp","quantile",0.25,4067,"COVID-19"
"DE","80+",2022-04-22,2022-03-26,"-27 day ahead inc hosp","quantile",0.5,4116,"COVID-19"
"DE","80+",2022-04-22,2022-03-26,"-27 day ahead inc hosp","quantile",0.75,4178,"COVID-19"
"DE","80+",2022-04-22,2022-03-26,"-27 day ahead inc hosp","quantile",0.9,4246,"COVID-19"
"DE","80+",2022-04-22,2022-03-26,"-27 day ahead inc hosp","quantile",0.975,4339,"COVID-19"
"DE","80+",2022-04-22,2022-03-25,"-28 day ahead inc hosp","mean",NA,4169,"COVID-19"
"DE","80+",2022-04-22,2022-03-25,"-28 day ahead inc hosp","quantile",0.025,4055,"COVID-19"
"DE","80+",2022-04-22,2022-03-25,"-28 day ahead inc hosp","quantile",0.1,4079,"COVID-19"
"DE","80+",2022-04-22,2022-03-25,"-28 day ahead inc hosp","quantile",0.25,4109,"COVID-19"
"DE","80+",2022-04-22,2022-03-25,"-28 day ahead inc hosp","quantile",0.5,4155,"COVID-19"
"DE","80+",2022-04-22,2022-03-25,"-28 day ahead inc hosp","quantile",0.75,4213,"COVID-19"
"DE","80+",2022-04-22,2022-03-25,"-28 day ahead inc hosp","quantile",0.9,4278,"COVID-19"
"DE","80+",2022-04-22,2022-03-25,"-28 day ahead inc hosp","quantile",0.975,4366,"COVID-19"
"DE-BB","00+",2022-04-22,2022-04-22,"0 day ahead inc hosp","mean",NA,157,"COVID-19"
"DE-BB","00+",2022-04-22,2022-04-22,"0 day ahead inc hosp","quantile",0.025,96,"COVID-19"
"DE-BB","00+",2022-04-22,2022-04-22,"0 day ahead inc hosp","quantile",0.1,109,"COVID-19"
"DE-BB","00+",2022-04-22,2022-04-22,"0 day ahead inc hosp","quantile",0.25,124,"COVID-19"
"DE-BB","00+",2022-04-22,2022-04-22,"0 day ahead inc hosp","quantile",0.5,148,"COVID-19"
"DE-BB","00+",2022-04-22,2022-04-22,"0 day ahead inc hosp","quantile",0.75,180,"COVID-19"
"DE-BB","00+",2022-04-22,2022-04-22,"0 day ahead inc hosp","quantile",0.9,216,"COVID-19"
"DE-BB","00+",2022-04-22,2022-04-22,"0 day ahead inc hosp","quantile",0.975,264,"COVID-19"
"DE-BB","00+",2022-04-22,2022-04-21,"-1 day ahead inc hosp","mean",NA,145,"COVID-19"
"DE-BB","00+",2022-04-22,2022-04-21,"-1 day ahead inc hosp","quantile",0.025,98,"COVID-19"
"DE-BB","00+",2022-04-22,2022-04-21,"-1 day ahead inc hosp","quantile",0.1,107,"COVID-19"
"DE-BB","00+",2022-04-22,2022-04-21,"-1 day ahead inc hosp","quantile",0.25,120,"COVID-19"
"DE-BB","00+",2022-04-22,2022-04-21,"-1 day ahead inc hosp","quantile",0.5,138,"COVID-19"
"DE-BB","00+",2022-04-22,2022-04-21,"-1 day ahead inc hosp","quantile",0.75,163,"COVID-19"
"DE-BB","00+",2022-04-22,2022-04-21,"-1 day ahead inc hosp","quantile",0.9,190,"COVID-19"
"DE-BB","00+",2022-04-22,2022-04-21,"-1 day ahead inc hosp","quantile",0.975,228,"COVID-19"
"DE-BB","00+",2022-04-22,2022-04-20,"-2 day ahead inc hosp","mean",NA,128,"COVID-19"
"DE-BB","00+",2022-04-22,2022-04-20,"-2 day ahead inc hosp","quantile",0.025,93,"COVID-19"
"DE-BB","00+",2022-04-22,2022-04-20,"-2 day ahead inc hosp","quantile",0.1,100,"COVID-19"
"DE-BB","00+",2022-04-22,2022-04-20,"-2 day ahead inc hosp","quantile",0.25,109,"COVID-19"
"DE-BB","00+",2022-04-22,2022-04-20,"-2 day ahead inc hosp","quantile",0.5,123,"COVID-19"
"DE-BB","00+",2022-04-22,2022-04-20,"-2 day ahead inc hosp","quantile",0.75,142,"COVID-19"
"DE-BB","00+",2022-04-22,2022-04-20,"-2 day ahead inc hosp","quantile",0.9,164,"COVID-19"
"DE-BB","00+",2022-04-22,2022-04-20,"-2 day ahead inc hosp","quantile",0.975,193,"COVID-19"
"DE-BB","00+",2022-04-22,2022-04-19,"-3 day ahead inc hosp","mean",NA,96,"COVID-19"
"DE-BB","00+",2022-04-22,2022-04-19,"-3 day ahead inc hosp","quantile",0.025,79,"COVID-19"
"DE-BB","00+",2022-04-22,2022-04-19,"-3 day ahead inc hosp","quantile",0.1,82,"COVID-19"
"DE-BB","00+",2022-04-22,2022-04-19,"-3 day ahead inc hosp","quantile",0.25,87,"COVID-19"
"DE-BB","00+",2022-04-22,2022-04-19,"-3 day ahead inc hosp","quantile",0.5,93,"COVID-19"
"DE-BB","00+",2022-04-22,2022-04-19,"-3 day ahead inc hosp","quantile",0.75,102,"COVID-19"
"DE-BB","00+",2022-04-22,2022-04-19,"-3 day ahead inc hosp","quantile",0.9,112,"COVID-19"
"DE-BB","00+",2022-04-22,2022-04-19,"-3 day ahead inc hosp","quantile",0.975,126,"COVID-19"
"DE-BB","00+",2022-04-22,2022-04-18,"-4 day ahead inc hosp","mean",NA,147,"COVID-19"
"DE-BB","00+",2022-04-22,2022-04-18,"-4 day ahead inc hosp","quantile",0.025,123,"COVID-19"
"DE-BB","00+",2022-04-22,2022-04-18,"-4 day ahead inc hosp","quantile",0.1,128,"COVID-19"
"DE-BB","00+",2022-04-22,2022-04-18,"-4 day ahead inc hosp","quantile",0.25,134,"COVID-19"
"DE-BB","00+",2022-04-22,2022-04-18,"-4 day ahead inc hosp","quantile",0.5,143,"COVID-19"
"DE-BB","00+",2022-04-22,2022-04-18,"-4 day ahead inc hosp","quantile",0.75,156,"COVID-19"
"DE-BB","00+",2022-04-22,2022-04-18,"-4 day ahead inc hosp","quantile",0.9,170,"COVID-19"
"DE-BB","00+",2022-04-22,2022-04-18,"-4 day ahead inc hosp","quantile",0.975,190,"COVID-19"
"DE-BB","00+",2022-04-22,2022-04-17,"-5 day ahead inc hosp","mean",NA,151,"COVID-19"
"DE-BB","00+",2022-04-22,2022-04-17,"-5 day ahead inc hosp","quantile",0.025,127,"COVID-19"
"DE-BB","00+",2022-04-22,2022-04-17,"-5 day ahead inc hosp","quantile",0.1,132,"COVID-19"
"DE-BB","00+",2022-04-22,2022-04-17,"-5 day ahead inc hosp","quantile",0.25,138,"COVID-19"
"DE-BB","00+",2022-04-22,2022-04-17,"-5 day ahead inc hosp","quantile",0.5,147,"COVID-19"
"DE-BB","00+",2022-04-22,2022-04-17,"-5 day ahead inc hosp","quantile",0.75,160,"COVID-19"
"DE-BB","00+",2022-04-22,2022-04-17,"-5 day ahead inc hosp","quantile",0.9,175,"COVID-19"
"DE-BB","00+",2022-04-22,2022-04-17,"-5 day ahead inc hosp","quantile",0.975,196,"COVID-19"
"DE-BB","00+",2022-04-22,2022-04-16,"-6 day ahead inc hosp","mean",NA,153,"COVID-19"
"DE-BB","00+",2022-04-22,2022-04-16,"-6 day ahead inc hosp","quantile",0.025,129,"COVID-19"
"DE-BB","00+",2022-04-22,2022-04-16,"-6 day ahead inc hosp","quantile",0.1,133,"COVID-19"
"DE-BB","00+",2022-04-22,2022-04-16,"-6 day ahead inc hosp","quantile",0.25,139,"COVID-19"
"DE-BB","00+",2022-04-22,2022-04-16,"-6 day ahead inc hosp","quantile",0.5,149,"COVID-19"
"DE-BB","00+",2022-04-22,2022-04-16,"-6 day ahead inc hosp","quantile",0.75,162,"COVID-19"
"DE-BB","00+",2022-04-22,2022-04-16,"-6 day ahead inc hosp","quantile",0.9,178,"COVID-19"
"DE-BB","00+",2022-04-22,2022-04-16,"-6 day ahead inc hosp","quantile",0.975,199,"COVID-19"
"DE-BB","00+",2022-04-22,2022-04-15,"-7 day ahead inc hosp","mean",NA,177,"COVID-19"
"DE-BB","00+",2022-04-22,2022-04-15,"-7 day ahead inc hosp","quantile",0.025,150,"COVID-19"
"DE-BB","00+",2022-04-22,2022-04-15,"-7 day ahead inc hosp","quantile",0.1,155,"COVID-19"
"DE-BB","00+",2022-04-22,2022-04-15,"-7 day ahead inc hosp","quantile",0.25,161,"COVID-19"
"DE-BB","00+",2022-04-22,2022-04-15,"-7 day ahead inc hosp","quantile",0.5,172,"COVID-19"
"DE-BB","00+",2022-04-22,2022-04-15,"-7 day ahead inc hosp","quantile",0.75,187,"COVID-19"
"DE-BB","00+",2022-04-22,2022-04-15,"-7 day ahead inc hosp","quantile",0.9,204,"COVID-19"
"DE-BB","00+",2022-04-22,2022-04-15,"-7 day ahead inc hosp","quantile",0.975,228,"COVID-19"
"DE-BB","00+",2022-04-22,2022-04-14,"-8 day ahead inc hosp","mean",NA,182,"COVID-19"
"DE-BB","00+",2022-04-22,2022-04-14,"-8 day ahead inc hosp","quantile",0.025,157,"COVID-19"
"DE-BB","00+",2022-04-22,2022-04-14,"-8 day ahead inc hosp","quantile",0.1,161,"COVID-19"
"DE-BB","00+",2022-04-22,2022-04-14,"-8 day ahead inc hosp","quantile",0.25,167,"COVID-19"
"DE-BB","00+",2022-04-22,2022-04-14,"-8 day ahead inc hosp","quantile",0.5,177,"COVID-19"
"DE-BB","00+",2022-04-22,2022-04-14,"-8 day ahead inc hosp","quantile",0.75,192,"COVID-19"
"DE-BB","00+",2022-04-22,2022-04-14,"-8 day ahead inc hosp","quantile",0.9,208,"COVID-19"
"DE-BB","00+",2022-04-22,2022-04-14,"-8 day ahead inc hosp","quantile",0.975,232,"COVID-19"
"DE-BB","00+",2022-04-22,2022-04-13,"-9 day ahead inc hosp","mean",NA,184,"COVID-19"
"DE-BB","00+",2022-04-22,2022-04-13,"-9 day ahead inc hosp","quantile",0.025,160,"COVID-19"
"DE-BB","00+",2022-04-22,2022-04-13,"-9 day ahead inc hosp","quantile",0.1,164,"COVID-19"
"DE-BB","00+",2022-04-22,2022-04-13,"-9 day ahead inc hosp","quantile",0.25,170,"COVID-19"
"DE-BB","00+",2022-04-22,2022-04-13,"-9 day ahead inc hosp","quantile",0.5,180,"COVID-19"
"DE-BB","00+",2022-04-22,2022-04-13,"-9 day ahead inc hosp","quantile",0.75,193,"COVID-19"
"DE-BB","00+",2022-04-22,2022-04-13,"-9 day ahead inc hosp","quantile",0.9,210,"COVID-19"
"DE-BB","00+",2022-04-22,2022-04-13,"-9 day ahead inc hosp","quantile",0.975,232,"COVID-19"
"DE-BB","00+",2022-04-22,2022-04-12,"-10 day ahead inc hosp","mean",NA,182,"COVID-19"
"DE-BB","00+",2022-04-22,2022-04-12,"-10 day ahead inc hosp","quantile",0.025,161,"COVID-19"
"DE-BB","00+",2022-04-22,2022-04-12,"-10 day ahead inc hosp","quantile",0.1,164,"COVID-19"
"DE-BB","00+",2022-04-22,2022-04-12,"-10 day ahead inc hosp","quantile",0.25,169,"COVID-19"
"DE-BB","00+",2022-04-22,2022-04-12,"-10 day ahead inc hosp","quantile",0.5,178,"COVID-19"
"DE-BB","00+",2022-04-22,2022-04-12,"-10 day ahead inc hosp","quantile",0.75,190,"COVID-19"
"DE-BB","00+",2022-04-22,2022-04-12,"-10 day ahead inc hosp","quantile",0.9,204,"COVID-19"
"DE-BB","00+",2022-04-22,2022-04-12,"-10 day ahead inc hosp","quantile",0.975,225,"COVID-19"
"DE-BB","00+",2022-04-22,2022-04-11,"-11 day ahead inc hosp","mean",NA,189,"COVID-19"
"DE-BB","00+",2022-04-22,2022-04-11,"-11 day ahead inc hosp","quantile",0.025,171,"COVID-19"
"DE-BB","00+",2022-04-22,2022-04-11,"-11 day ahead inc hosp","quantile",0.1,174,"COVID-19"
"DE-BB","00+",2022-04-22,2022-04-11,"-11 day ahead inc hosp","quantile",0.25,178,"COVID-19"
"DE-BB","00+",2022-04-22,2022-04-11,"-11 day ahead inc hosp","quantile",0.5,186,"COVID-19"
"DE-BB","00+",2022-04-22,2022-04-11,"-11 day ahead inc hosp","quantile",0.75,196,"COVID-19"
"DE-BB","00+",2022-04-22,2022-04-11,"-11 day ahead inc hosp","quantile",0.9,209,"COVID-19"
"DE-BB","00+",2022-04-22,2022-04-11,"-11 day ahead inc hosp","quantile",0.975,227,"COVID-19"
"DE-BB","00+",2022-04-22,2022-04-10,"-12 day ahead inc hosp","mean",NA,192,"COVID-19"
"DE-BB","00+",2022-04-22,2022-04-10,"-12 day ahead inc hosp","quantile",0.025,174,"COVID-19"
"DE-BB","00+",2022-04-22,2022-04-10,"-12 day ahead inc hosp","quantile",0.1,177,"COVID-19"
"DE-BB","00+",2022-04-22,2022-04-10,"-12 day ahead inc hosp","quantile",0.25,181,"COVID-19"
"DE-BB","00+",2022-04-22,2022-04-10,"-12 day ahead inc hosp","quantile",0.5,188,"COVID-19"
"DE-BB","00+",2022-04-22,2022-04-10,"-12 day ahead inc hosp","quantile",0.75,199,"COVID-19"
"DE-BB","00+",2022-04-22,2022-04-10,"-12 day ahead inc hosp","quantile",0.9,212,"COVID-19"
"DE-BB","00+",2022-04-22,2022-04-10,"-12 day ahead inc hosp","quantile",0.975,231,"COVID-19"
"DE-BB","00+",2022-04-22,2022-04-09,"-13 day ahead inc hosp","mean",NA,194,"COVID-19"
"DE-BB","00+",2022-04-22,2022-04-09,"-13 day ahead inc hosp","quantile",0.025,176,"COVID-19"
"DE-BB","00+",2022-04-22,2022-04-09,"-13 day ahead inc hosp","quantile",0.1,178,"COVID-19"
"DE-BB","00+",2022-04-22,2022-04-09,"-13 day ahead inc hosp","quantile",0.25,183,"COVID-19"
"DE-BB","00+",2022-04-22,2022-04-09,"-13 day ahead inc hosp","quantile",0.5,190,"COVID-19"
"DE-BB","00+",2022-04-22,2022-04-09,"-13 day ahead inc hosp","quantile",0.75,201,"COVID-19"
"DE-BB","00+",2022-04-22,2022-04-09,"-13 day ahead inc hosp","quantile",0.9,214,"COVID-19"
"DE-BB","00+",2022-04-22,2022-04-09,"-13 day ahead inc hosp","quantile",0.975,233,"COVID-19"
"DE-BB","00+",2022-04-22,2022-04-08,"-14 day ahead inc hosp","mean",NA,196,"COVID-19"
"DE-BB","00+",2022-04-22,2022-04-08,"-14 day ahead inc hosp","quantile",0.025,180,"COVID-19"
"DE-BB","00+",2022-04-22,2022-04-08,"-14 day ahead inc hosp","quantile",0.1,182,"COVID-19"
"DE-BB","00+",2022-04-22,2022-04-08,"-14 day ahead inc hosp","quantile",0.25,186,"COVID-19"
"DE-BB","00+",2022-04-22,2022-04-08,"-14 day ahead inc hosp","quantile",0.5,193,"COVID-19"
"DE-BB","00+",2022-04-22,2022-04-08,"-14 day ahead inc hosp","quantile",0.75,203,"COVID-19"
"DE-BB","00+",2022-04-22,2022-04-08,"-14 day ahead inc hosp","quantile",0.9,216,"COVID-19"
"DE-BB","00+",2022-04-22,2022-04-08,"-14 day ahead inc hosp","quantile",0.975,234,"COVID-19"
"DE-BB","00+",2022-04-22,2022-04-07,"-15 day ahead inc hosp","mean",NA,211,"COVID-19"
"DE-BB","00+",2022-04-22,2022-04-07,"-15 day ahead inc hosp","quantile",0.025,194,"COVID-19"
"DE-BB","00+",2022-04-22,2022-04-07,"-15 day ahead inc hosp","quantile",0.1,197,"COVID-19"
"DE-BB","00+",2022-04-22,2022-04-07,"-15 day ahead inc hosp","quantile",0.25,200,"COVID-19"
"DE-BB","00+",2022-04-22,2022-04-07,"-15 day ahead inc hosp","quantile",0.5,207,"COVID-19"
"DE-BB","00+",2022-04-22,2022-04-07,"-15 day ahead inc hosp","quantile",0.75,217,"COVID-19"
"DE-BB","00+",2022-04-22,2022-04-07,"-15 day ahead inc hosp","quantile",0.9,230,"COVID-19"
"DE-BB","00+",2022-04-22,2022-04-07,"-15 day ahead inc hosp","quantile",0.975,248,"COVID-19"
"DE-BB","00+",2022-04-22,2022-04-06,"-16 day ahead inc hosp","mean",NA,216,"COVID-19"
"DE-BB","00+",2022-04-22,2022-04-06,"-16 day ahead inc hosp","quantile",0.025,200,"COVID-19"
"DE-BB","00+",2022-04-22,2022-04-06,"-16 day ahead inc hosp","quantile",0.1,202,"COVID-19"
"DE-BB","00+",2022-04-22,2022-04-06,"-16 day ahead inc hosp","quantile",0.25,206,"COVID-19"
"DE-BB","00+",2022-04-22,2022-04-06,"-16 day ahead inc hosp","quantile",0.5,212,"COVID-19"
"DE-BB","00+",2022-04-22,2022-04-06,"-16 day ahead inc hosp","quantile",0.75,222,"COVID-19"
"DE-BB","00+",2022-04-22,2022-04-06,"-16 day ahead inc hosp","quantile",0.9,235,"COVID-19"
"DE-BB","00+",2022-04-22,2022-04-06,"-16 day ahead inc hosp","quantile",0.975,253,"COVID-19"
"DE-BB","00+",2022-04-22,2022-04-05,"-17 day ahead inc hosp","mean",NA,244,"COVID-19"
"DE-BB","00+",2022-04-22,2022-04-05,"-17 day ahead inc hosp","quantile",0.025,228,"COVID-19"
"DE-BB","00+",2022-04-22,2022-04-05,"-17 day ahead inc hosp","quantile",0.1,230,"COVID-19"
"DE-BB","00+",2022-04-22,2022-04-05,"-17 day ahead inc hosp","quantile",0.25,234,"COVID-19"
"DE-BB","00+",2022-04-22,2022-04-05,"-17 day ahead inc hosp","quantile",0.5,240,"COVID-19"
"DE-BB","00+",2022-04-22,2022-04-05,"-17 day ahead inc hosp","quantile",0.75,251,"COVID-19"
"DE-BB","00+",2022-04-22,2022-04-05,"-17 day ahead inc hosp","quantile",0.9,264,"COVID-19"
"DE-BB","00+",2022-04-22,2022-04-05,"-17 day ahead inc hosp","quantile",0.975,282,"COVID-19"
"DE-BB","00+",2022-04-22,2022-04-04,"-18 day ahead inc hosp","mean",NA,254,"COVID-19"
"DE-BB","00+",2022-04-22,2022-04-04,"-18 day ahead inc hosp","quantile",0.025,239,"COVID-19"
"DE-BB","00+",2022-04-22,2022-04-04,"-18 day ahead inc hosp","quantile",0.1,241,"COVID-19"
"DE-BB","00+",2022-04-22,2022-04-04,"-18 day ahead inc hosp","quantile",0.25,244,"COVID-19"
"DE-BB","00+",2022-04-22,2022-04-04,"-18 day ahead inc hosp","quantile",0.5,250,"COVID-19"
"DE-BB","00+",2022-04-22,2022-04-04,"-18 day ahead inc hosp","quantile",0.75,260,"COVID-19"
"DE-BB","00+",2022-04-22,2022-04-04,"-18 day ahead inc hosp","quantile",0.9,272,"COVID-19"
"DE-BB","00+",2022-04-22,2022-04-04,"-18 day ahead inc hosp","quantile",0.975,289,"COVID-19"
"DE-BB","00+",2022-04-22,2022-04-03,"-19 day ahead inc hosp","mean",NA,247,"COVID-19"
"DE-BB","00+",2022-04-22,2022-04-03,"-19 day ahead inc hosp","quantile",0.025,233,"COVID-19"
"DE-BB","00+",2022-04-22,2022-04-03,"-19 day ahead inc hosp","quantile",0.1,235,"COVID-19"
"DE-BB","00+",2022-04-22,2022-04-03,"-19 day ahead inc hosp","quantile",0.25,238,"COVID-19"
"DE-BB","00+",2022-04-22,2022-04-03,"-19 day ahead inc hosp","quantile",0.5,244,"COVID-19"
"DE-BB","00+",2022-04-22,2022-04-03,"-19 day ahead inc hosp","quantile",0.75,253,"COVID-19"
"DE-BB","00+",2022-04-22,2022-04-03,"-19 day ahead inc hosp","quantile",0.9,265,"COVID-19"
"DE-BB","00+",2022-04-22,2022-04-03,"-19 day ahead inc hosp","quantile",0.975,282,"COVID-19"
"DE-BB","00+",2022-04-22,2022-04-02,"-20 day ahead inc hosp","mean",NA,243,"COVID-19"
"DE-BB","00+",2022-04-22,2022-04-02,"-20 day ahead inc hosp","quantile",0.025,229,"COVID-19"
"DE-BB","00+",2022-04-22,2022-04-02,"-20 day ahead inc hosp","quantile",0.1,231,"COVID-19"
"DE-BB","00+",2022-04-22,2022-04-02,"-20 day ahead inc hosp","quantile",0.25,234,"COVID-19"
"DE-BB","00+",2022-04-22,2022-04-02,"-20 day ahead inc hosp","quantile",0.5,239,"COVID-19"
"DE-BB","00+",2022-04-22,2022-04-02,"-20 day ahead inc hosp","quantile",0.75,249,"COVID-19"
"DE-BB","00+",2022-04-22,2022-04-02,"-20 day ahead inc hosp","quantile",0.9,260,"COVID-19"
"DE-BB","00+",2022-04-22,2022-04-02,"-20 day ahead inc hosp","quantile",0.975,277,"COVID-19"
"DE-BB","00+",2022-04-22,2022-04-01,"-21 day ahead inc hosp","mean",NA,265,"COVID-19"
"DE-BB","00+",2022-04-22,2022-04-01,"-21 day ahead inc hosp","quantile",0.025,251,"COVID-19"
"DE-BB","00+",2022-04-22,2022-04-01,"-21 day ahead inc hosp","quantile",0.1,253,"COVID-19"
"DE-BB","00+",2022-04-22,2022-04-01,"-21 day ahead inc hosp","quantile",0.25,256,"COVID-19"
"DE-BB","00+",2022-04-22,2022-04-01,"-21 day ahead inc hosp","quantile",0.5,261,"COVID-19"
"DE-BB","00+",2022-04-22,2022-04-01,"-21 day ahead inc hosp","quantile",0.75,271,"COVID-19"
"DE-BB","00+",2022-04-22,2022-04-01,"-21 day ahead inc hosp","quantile",0.9,283,"COVID-19"
"DE-BB","00+",2022-04-22,2022-04-01,"-21 day ahead inc hosp","quantile",0.975,301,"COVID-19"
"DE-BB","00+",2022-04-22,2022-03-31,"-22 day ahead inc hosp","mean",NA,275,"COVID-19"
"DE-BB","00+",2022-04-22,2022-03-31,"-22 day ahead inc hosp","quantile",0.025,261,"COVID-19"
"DE-BB","00+",2022-04-22,2022-03-31,"-22 day ahead inc hosp","quantile",0.1,262,"COVID-19"
"DE-BB","00+",2022-04-22,2022-03-31,"-22 day ahead inc hosp","quantile",0.25,265,"COVID-19"
"DE-BB","00+",2022-04-22,2022-03-31,"-22 day ahead inc hosp","quantile",0.5,271,"COVID-19"
"DE-BB","00+",2022-04-22,2022-03-31,"-22 day ahead inc hosp","quantile",0.75,280,"COVID-19"
"DE-BB","00+",2022-04-22,2022-03-31,"-22 day ahead inc hosp","quantile",0.9,292,"COVID-19"
"DE-BB","00+",2022-04-22,2022-03-31,"-22 day ahead inc hosp","quantile",0.975,309,"COVID-19"
"DE-BB","00+",2022-04-22,2022-03-30,"-23 day ahead inc hosp","mean",NA,290,"COVID-19"
"DE-BB","00+",2022-04-22,2022-03-30,"-23 day ahead inc hosp","quantile",0.025,276,"COVID-19"
"DE-BB","00+",2022-04-22,2022-03-30,"-23 day ahead inc hosp","quantile",0.1,277,"COVID-19"
"DE-BB","00+",2022-04-22,2022-03-30,"-23 day ahead inc hosp","quantile",0.25,280,"COVID-19"
"DE-BB","00+",2022-04-22,2022-03-30,"-23 day ahead inc hosp","quantile",0.5,286,"COVID-19"
"DE-BB","00+",2022-04-22,2022-03-30,"-23 day ahead inc hosp","quantile",0.75,295,"COVID-19"
"DE-BB","00+",2022-04-22,2022-03-30,"-23 day ahead inc hosp","quantile",0.9,306,"COVID-19"
"DE-BB","00+",2022-04-22,2022-03-30,"-23 day ahead inc hosp","quantile",0.975,323,"COVID-19"
"DE-BB","00+",2022-04-22,2022-03-29,"-24 day ahead inc hosp","mean",NA,274,"COVID-19"
"DE-BB","00+",2022-04-22,2022-03-29,"-24 day ahead inc hosp","quantile",0.025,263,"COVID-19"
"DE-BB","00+",2022-04-22,2022-03-29,"-24 day ahead inc hosp","quantile",0.1,264,"COVID-19"
"DE-BB","00+",2022-04-22,2022-03-29,"-24 day ahead inc hosp","quantile",0.25,267,"COVID-19"
"DE-BB","00+",2022-04-22,2022-03-29,"-24 day ahead inc hosp","quantile",0.5,271,"COVID-19"
"DE-BB","00+",2022-04-22,2022-03-29,"-24 day ahead inc hosp","quantile",0.75,279,"COVID-19"
"DE-BB","00+",2022-04-22,2022-03-29,"-24 day ahead inc hosp","quantile",0.9,289,"COVID-19"
"DE-BB","00+",2022-04-22,2022-03-29,"-24 day ahead inc hosp","quantile",0.975,303,"COVID-19"
"DE-BB","00+",2022-04-22,2022-03-28,"-25 day ahead inc hosp","mean",NA,269,"COVID-19"
"DE-BB","00+",2022-04-22,2022-03-28,"-25 day ahead inc hosp","quantile",0.025,259,"COVID-19"
"DE-BB","00+",2022-04-22,2022-03-28,"-25 day ahead inc hosp","quantile",0.1,260,"COVID-19"
"DE-BB","00+",2022-04-22,2022-03-28,"-25 day ahead inc hosp","quantile",0.25,262,"COVID-19"
"DE-BB","00+",2022-04-22,2022-03-28,"-25 day ahead inc hosp","quantile",0.5,266,"COVID-19"
"DE-BB","00+",2022-04-22,2022-03-28,"-25 day ahead inc hosp","quantile",0.75,272,"COVID-19"
"DE-BB","00+",2022-04-22,2022-03-28,"-25 day ahead inc hosp","quantile",0.9,281,"COVID-19"
"DE-BB","00+",2022-04-22,2022-03-28,"-25 day ahead inc hosp","quantile",0.975,293,"COVID-19"
"DE-BB","00+",2022-04-22,2022-03-27,"-26 day ahead inc hosp","mean",NA,269,"COVID-19"
"DE-BB","00+",2022-04-22,2022-03-27,"-26 day ahead inc hosp","quantile",0.025,260,"COVID-19"
"DE-BB","00+",2022-04-22,2022-03-27,"-26 day ahead inc hosp","quantile",0.1,261,"COVID-19"
"DE-BB","00+",2022-04-22,2022-03-27,"-26 day ahead inc hosp","quantile",0.25,263,"COVID-19"
"DE-BB","00+",2022-04-22,2022-03-27,"-26 day ahead inc hosp","quantile",0.5,267,"COVID-19"
"DE-BB","00+",2022-04-22,2022-03-27,"-26 day ahead inc hosp","quantile",0.75,273,"COVID-19"
"DE-BB","00+",2022-04-22,2022-03-27,"-26 day ahead inc hosp","quantile",0.9,282,"COVID-19"
"DE-BB","00+",2022-04-22,2022-03-27,"-26 day ahead inc hosp","quantile",0.975,294,"COVID-19"
"DE-BB","00+",2022-04-22,2022-03-26,"-27 day ahead inc hosp","mean",NA,286,"COVID-19"
"DE-BB","00+",2022-04-22,2022-03-26,"-27 day ahead inc hosp","quantile",0.025,276,"COVID-19"
"DE-BB","00+",2022-04-22,2022-03-26,"-27 day ahead inc hosp","quantile",0.1,277,"COVID-19"
"DE-BB","00+",2022-04-22,2022-03-26,"-27 day ahead inc hosp","quantile",0.25,279,"COVID-19"
"DE-BB","00+",2022-04-22,2022-03-26,"-27 day ahead inc hosp","quantile",0.5,283,"COVID-19"
"DE-BB","00+",2022-04-22,2022-03-26,"-27 day ahead inc hosp","quantile",0.75,290,"COVID-19"
"DE-BB","00+",2022-04-22,2022-03-26,"-27 day ahead inc hosp","quantile",0.9,298,"COVID-19"
"DE-BB","00+",2022-04-22,2022-03-26,"-27 day ahead inc hosp","quantile",0.975,311,"COVID-19"
"DE-BB","00+",2022-04-22,2022-03-25,"-28 day ahead inc hosp","mean",NA,268,"COVID-19"
"DE-BB","00+",2022-04-22,2022-03-25,"-28 day ahead inc hosp","quantile",0.025,260,"COVID-19"
"DE-BB","00+",2022-04-22,2022-03-25,"-28 day ahead inc hosp","quantile",0.1,261,"COVID-19"
"DE-BB","00+",2022-04-22,2022-03-25,"-28 day ahead inc hosp","quantile",0.25,263,"COVID-19"
"DE-BB","00+",2022-04-22,2022-03-25,"-28 day ahead inc hosp","quantile",0.5,266,"COVID-19"
"DE-BB","00+",2022-04-22,2022-03-25,"-28 day ahead inc hosp","quantile",0.75,272,"COVID-19"
"DE-BB","00+",2022-04-22,2022-03-25,"-28 day ahead inc hosp","quantile",0.9,279,"COVID-19"
"DE-BB","00+",2022-04-22,2022-03-25,"-28 day ahead inc hosp","quantile",0.975,290,"COVID-19"
"DE-BE","00+",2022-04-22,2022-04-22,"0 day ahead inc hosp","mean",NA,111,"COVID-19"
"DE-BE","00+",2022-04-22,2022-04-22,"0 day ahead inc hosp","quantile",0.025,78,"COVID-19"
"DE-BE","00+",2022-04-22,2022-04-22,"0 day ahead inc hosp","quantile",0.1,87,"COVID-19"
"DE-BE","00+",2022-04-22,2022-04-22,"0 day ahead inc hosp","quantile",0.25,96,"COVID-19"
"DE-BE","00+",2022-04-22,2022-04-22,"0 day ahead inc hosp","quantile",0.5,109,"COVID-19"
"DE-BE","00+",2022-04-22,2022-04-22,"0 day ahead inc hosp","quantile",0.75,123,"COVID-19"
"DE-BE","00+",2022-04-22,2022-04-22,"0 day ahead inc hosp","quantile",0.9,138,"COVID-19"
"DE-BE","00+",2022-04-22,2022-04-22,"0 day ahead inc hosp","quantile",0.975,157,"COVID-19"
"DE-BE","00+",2022-04-22,2022-04-21,"-1 day ahead inc hosp","mean",NA,113,"COVID-19"
"DE-BE","00+",2022-04-22,2022-04-21,"-1 day ahead inc hosp","quantile",0.025,84,"COVID-19"
"DE-BE","00+",2022-04-22,2022-04-21,"-1 day ahead inc hosp","quantile",0.1,92,"COVID-19"
"DE-BE","00+",2022-04-22,2022-04-21,"-1 day ahead inc hosp","quantile",0.25,100,"COVID-19"
"DE-BE","00+",2022-04-22,2022-04-21,"-1 day ahead inc hosp","quantile",0.5,111,"COVID-19"
"DE-BE","00+",2022-04-22,2022-04-21,"-1 day ahead inc hosp","quantile",0.75,124,"COVID-19"
"DE-BE","00+",2022-04-22,2022-04-21,"-1 day ahead inc hosp","quantile",0.9,138,"COVID-19"
"DE-BE","00+",2022-04-22,2022-04-21,"-1 day ahead inc hosp","quantile",0.975,156,"COVID-19"
"DE-BE","00+",2022-04-22,2022-04-20,"-2 day ahead inc hosp","mean",NA,103,"COVID-19"
"DE-BE","00+",2022-04-22,2022-04-20,"-2 day ahead inc hosp","quantile",0.025,78,"COVID-19"
"DE-BE","00+",2022-04-22,2022-04-20,"-2 day ahead inc hosp","quantile",0.1,84,"COVID-19"
"DE-BE","00+",2022-04-22,2022-04-20,"-2 day ahead inc hosp","quantile",0.25,91,"COVID-19"
"DE-BE","00+",2022-04-22,2022-04-20,"-2 day ahead inc hosp","quantile",0.5,100,"COVID-19"
"DE-BE","00+",2022-04-22,2022-04-20,"-2 day ahead inc hosp","quantile",0.75,112,"COVID-19"
"DE-BE","00+",2022-04-22,2022-04-20,"-2 day ahead inc hosp","quantile",0.9,125,"COVID-19"
"DE-BE","00+",2022-04-22,2022-04-20,"-2 day ahead inc hosp","quantile",0.975,142,"COVID-19"
"DE-BE","00+",2022-04-22,2022-04-19,"-3 day ahead inc hosp","mean",NA,100,"COVID-19"
"DE-BE","00+",2022-04-22,2022-04-19,"-3 day ahead inc hosp","quantile",0.025,83,"COVID-19"
"DE-BE","00+",2022-04-22,2022-04-19,"-3 day ahead inc hosp","quantile",0.1,87,"COVID-19"
"DE-BE","00+",2022-04-22,2022-04-19,"-3 day ahead inc hosp","quantile",0.25,92,"COVID-19"
"DE-BE","00+",2022-04-22,2022-04-19,"-3 day ahead inc hosp","quantile",0.5,98,"COVID-19"
"DE-BE","00+",2022-04-22,2022-04-19,"-3 day ahead inc hosp","quantile",0.75,107,"COVID-19"
"DE-BE","00+",2022-04-22,2022-04-19,"-3 day ahead inc hosp","quantile",0.9,116,"COVID-19"
"DE-BE","00+",2022-04-22,2022-04-19,"-3 day ahead inc hosp","quantile",0.975,128,"COVID-19"
"DE-BE","00+",2022-04-22,2022-04-18,"-4 day ahead inc hosp","mean",NA,124,"COVID-19"
"DE-BE","00+",2022-04-22,2022-04-18,"-4 day ahead inc hosp","quantile",0.025,105,"COVID-19"
"DE-BE","00+",2022-04-22,2022-04-18,"-4 day ahead inc hosp","quantile",0.1,109,"COVID-19"
"DE-BE","00+",2022-04-22,2022-04-18,"-4 day ahead inc hosp","quantile",0.25,115,"COVID-19"
"DE-BE","00+",2022-04-22,2022-04-18,"-4 day ahead inc hosp","quantile",0.5,122,"COVID-19"
"DE-BE","00+",2022-04-22,2022-04-18,"-4 day ahead inc hosp","quantile",0.75,132,"COVID-19"
"DE-BE","00+",2022-04-22,2022-04-18,"-4 day ahead inc hosp","quantile",0.9,142,"COVID-19"
"DE-BE","00+",2022-04-22,2022-04-18,"-4 day ahead inc hosp","quantile",0.975,156,"COVID-19"
"DE-BE","00+",2022-04-22,2022-04-17,"-5 day ahead inc hosp","mean",NA,124,"COVID-19"
"DE-BE","00+",2022-04-22,2022-04-17,"-5 day ahead inc hosp","quantile",0.025,105,"COVID-19"
"DE-BE","00+",2022-04-22,2022-04-17,"-5 day ahead inc hosp","quantile",0.1,109,"COVID-19"
"DE-BE","00+",2022-04-22,2022-04-17,"-5 day ahead inc hosp","quantile",0.25,115,"COVID-19"
"DE-BE","00+",2022-04-22,2022-04-17,"-5 day ahead inc hosp","quantile",0.5,122,"COVID-19"
"DE-BE","00+",2022-04-22,2022-04-17,"-5 day ahead inc hosp","quantile",0.75,131,"COVID-19"
"DE-BE","00+",2022-04-22,2022-04-17,"-5 day ahead inc hosp","quantile",0.9,141,"COVID-19"
"DE-BE","00+",2022-04-22,2022-04-17,"-5 day ahead inc hosp","quantile",0.975,154,"COVID-19"
"DE-BE","00+",2022-04-22,2022-04-16,"-6 day ahead inc hosp","mean",NA,120,"COVID-19"
"DE-BE","00+",2022-04-22,2022-04-16,"-6 day ahead inc hosp","quantile",0.025,102,"COVID-19"
"DE-BE","00+",2022-04-22,2022-04-16,"-6 day ahead inc hosp","quantile",0.1,106,"COVID-19"
"DE-BE","00+",2022-04-22,2022-04-16,"-6 day ahead inc hosp","quantile",0.25,111,"COVID-19"
"DE-BE","00+",2022-04-22,2022-04-16,"-6 day ahead inc hosp","quantile",0.5,118,"COVID-19"
"DE-BE","00+",2022-04-22,2022-04-16,"-6 day ahead inc hosp","quantile",0.75,127,"COVID-19"
"DE-BE","00+",2022-04-22,2022-04-16,"-6 day ahead inc hosp","quantile",0.9,136,"COVID-19"
"DE-BE","00+",2022-04-22,2022-04-16,"-6 day ahead inc hosp","quantile",0.975,149,"COVID-19"
"DE-BE","00+",2022-04-22,2022-04-15,"-7 day ahead inc hosp","mean",NA,148,"COVID-19"
"DE-BE","00+",2022-04-22,2022-04-15,"-7 day ahead inc hosp","quantile",0.025,127,"COVID-19"
"DE-BE","00+",2022-04-22,2022-04-15,"-7 day ahead inc hosp","quantile",0.1,132,"COVID-19"
"DE-BE","00+",2022-04-22,2022-04-15,"-7 day ahead inc hosp","quantile",0.25,137,"COVID-19"
"DE-BE","00+",2022-04-22,2022-04-15,"-7 day ahead inc hosp","quantile",0.5,146,"COVID-19"
"DE-BE","00+",2022-04-22,2022-04-15,"-7 day ahead inc hosp","quantile",0.75,156,"COVID-19"
"DE-BE","00+",2022-04-22,2022-04-15,"-7 day ahead inc hosp","quantile",0.9,167,"COVID-19"
"DE-BE","00+",2022-04-22,2022-04-15,"-7 day ahead inc hosp","quantile",0.975,182,"COVID-19"
"DE-BE","00+",2022-04-22,2022-04-14,"-8 day ahead inc hosp","mean",NA,156,"COVID-19"
"DE-BE","00+",2022-04-22,2022-04-14,"-8 day ahead inc hosp","quantile",0.025,136,"COVID-19"
"DE-BE","00+",2022-04-22,2022-04-14,"-8 day ahead inc hosp","quantile",0.1,140,"COVID-19"
"DE-BE","00+",2022-04-22,2022-04-14,"-8 day ahead inc hosp","quantile",0.25,146,"COVID-19"
"DE-BE","00+",2022-04-22,2022-04-14,"-8 day ahead inc hosp","quantile",0.5,154,"COVID-19"
"DE-BE","00+",2022-04-22,2022-04-14,"-8 day ahead inc hosp","quantile",0.75,164,"COVID-19"
"DE-BE","00+",2022-04-22,2022-04-14,"-8 day ahead inc hosp","quantile",0.9,176,"COVID-19"
"DE-BE","00+",2022-04-22,2022-04-14,"-8 day ahead inc hosp","quantile",0.975,191,"COVID-19"
"DE-BE","00+",2022-04-22,2022-04-13,"-9 day ahead inc hosp","mean",NA,169,"COVID-19"
"DE-BE","00+",2022-04-22,2022-04-13,"-9 day ahead inc hosp","quantile",0.025,148,"COVID-19"
"DE-BE","00+",2022-04-22,2022-04-13,"-9 day ahead inc hosp","quantile",0.1,152,"COVID-19"
"DE-BE","00+",2022-04-22,2022-04-13,"-9 day ahead inc hosp","quantile",0.25,158,"COVID-19"
"DE-BE","00+",2022-04-22,2022-04-13,"-9 day ahead inc hosp","quantile",0.5,166,"COVID-19"
"DE-BE","00+",2022-04-22,2022-04-13,"-9 day ahead inc hosp","quantile",0.75,177,"COVID-19"
"DE-BE","00+",2022-04-22,2022-04-13,"-9 day ahead inc hosp","quantile",0.9,189,"COVID-19"
"DE-BE","00+",2022-04-22,2022-04-13,"-9 day ahead inc hosp","quantile",0.975,205,"COVID-19"
"DE-BE","00+",2022-04-22,2022-04-12,"-10 day ahead inc hosp","mean",NA,163,"COVID-19"
"DE-BE","00+",2022-04-22,2022-04-12,"-10 day ahead inc hosp","quantile",0.025,145,"COVID-19"
"DE-BE","00+",2022-04-22,2022-04-12,"-10 day ahead inc hosp","quantile",0.1,148,"COVID-19"
"DE-BE","00+",2022-04-22,2022-04-12,"-10 day ahead inc hosp","quantile",0.25,153,"COVID-19"
"DE-BE","00+",2022-04-22,2022-04-12,"-10 day ahead inc hosp","quantile",0.5,160,"COVID-19"
"DE-BE","00+",2022-04-22,2022-04-12,"-10 day ahead inc hosp","quantile",0.75,170,"COVID-19"
"DE-BE","00+",2022-04-22,2022-04-12,"-10 day ahead inc hosp","quantile",0.9,181,"COVID-19"
"DE-BE","00+",2022-04-22,2022-04-12,"-10 day ahead inc hosp","quantile",0.975,195,"COVID-19"
"DE-BE","00+",2022-04-22,2022-04-11,"-11 day ahead inc hosp","mean",NA,165,"COVID-19"
"DE-BE","00+",2022-04-22,2022-04-11,"-11 day ahead inc hosp","quantile",0.025,148,"COVID-19"
"DE-BE","00+",2022-04-22,2022-04-11,"-11 day ahead inc hosp","quantile",0.1,151,"COVID-19"
"DE-BE","00+",2022-04-22,2022-04-11,"-11 day ahead inc hosp","quantile",0.25,156,"COVID-19"
"DE-BE","00+",2022-04-22,2022-04-11,"-11 day ahead inc hosp","quantile",0.5,163,"COVID-19"
"DE-BE","00+",2022-04-22,2022-04-11,"-11 day ahead inc hosp","quantile",0.75,172,"COVID-19"
"DE-BE","00+",2022-04-22,2022-04-11,"-11 day ahead inc hosp","quantile",0.9,182,"COVID-19"
"DE-BE","00+",2022-04-22,2022-04-11,"-11 day ahead inc hosp","quantile",0.975,196,"COVID-19"
"DE-BE","00+",2022-04-22,2022-04-10,"-12 day ahead inc hosp","mean",NA,160,"COVID-19"
"DE-BE","00+",2022-04-22,2022-04-10,"-12 day ahead inc hosp","quantile",0.025,144,"COVID-19"
"DE-BE","00+",2022-04-22,2022-04-10,"-12 day ahead inc hosp","quantile",0.1,147,"COVID-19"
"DE-BE","00+",2022-04-22,2022-04-10,"-12 day ahead inc hosp","quantile",0.25,151,"COVID-19"
"DE-BE","00+",2022-04-22,2022-04-10,"-12 day ahead inc hosp","quantile",0.5,158,"COVID-19"
"DE-BE","00+",2022-04-22,2022-04-10,"-12 day ahead inc hosp","quantile",0.75,166,"COVID-19"
"DE-BE","00+",2022-04-22,2022-04-10,"-12 day ahead inc hosp","quantile",0.9,176,"COVID-19"
"DE-BE","00+",2022-04-22,2022-04-10,"-12 day ahead inc hosp","quantile",0.975,189,"COVID-19"
"DE-BE","00+",2022-04-22,2022-04-09,"-13 day ahead inc hosp","mean",NA,164,"COVID-19"
"DE-BE","00+",2022-04-22,2022-04-09,"-13 day ahead inc hosp","quantile",0.025,148,"COVID-19"
"DE-BE","00+",2022-04-22,2022-04-09,"-13 day ahead inc hosp","quantile",0.1,151,"COVID-19"
"DE-BE","00+",2022-04-22,2022-04-09,"-13 day ahead inc hosp","quantile",0.25,155,"COVID-19"
"DE-BE","00+",2022-04-22,2022-04-09,"-13 day ahead inc hosp","quantile",0.5,162,"COVID-19"
"DE-BE","00+",2022-04-22,2022-04-09,"-13 day ahead inc hosp","quantile",0.75,171,"COVID-19"
"DE-BE","00+",2022-04-22,2022-04-09,"-13 day ahead inc hosp","quantile",0.9,181,"COVID-19"
"DE-BE","00+",2022-04-22,2022-04-09,"-13 day ahead inc hosp","quantile",0.975,195,"COVID-19"
"DE-BE","00+",2022-04-22,2022-04-08,"-14 day ahead inc hosp","mean",NA,148,"COVID-19"
"DE-BE","00+",2022-04-22,2022-04-08,"-14 day ahead inc hosp","quantile",0.025,134,"COVID-19"
"DE-BE","00+",2022-04-22,2022-04-08,"-14 day ahead inc hosp","quantile",0.1,136,"COVID-19"
"DE-BE","00+",2022-04-22,2022-04-08,"-14 day ahead inc hosp","quantile",0.25,140,"COVID-19"
"DE-BE","00+",2022-04-22,2022-04-08,"-14 day ahead inc hosp","quantile",0.5,146,"COVID-19"
"DE-BE","00+",2022-04-22,2022-04-08,"-14 day ahead inc hosp","quantile",0.75,153,"COVID-19"
"DE-BE","00+",2022-04-22,2022-04-08,"-14 day ahead inc hosp","quantile",0.9,162,"COVID-19"
"DE-BE","00+",2022-04-22,2022-04-08,"-14 day ahead inc hosp","quantile",0.975,174,"COVID-19"
"DE-BE","00+",2022-04-22,2022-04-07,"-15 day ahead inc hosp","mean",NA,145,"COVID-19"
"DE-BE","00+",2022-04-22,2022-04-07,"-15 day ahead inc hosp","quantile",0.025,133,"COVID-19"
"DE-BE","00+",2022-04-22,2022-04-07,"-15 day ahead inc hosp","quantile",0.1,135,"COVID-19"
"DE-BE","00+",2022-04-22,2022-04-07,"-15 day ahead inc hosp","quantile",0.25,138,"COVID-19"
"DE-BE","00+",2022-04-22,2022-04-07,"-15 day ahead inc hosp","quantile",0.5,143,"COVID-19"
"DE-BE","00+",2022-04-22,2022-04-07,"-15 day ahead inc hosp","quantile",0.75,150,"COVID-19"
"DE-BE","00+",2022-04-22,2022-04-07,"-15 day ahead inc hosp","quantile",0.9,157,"COVID-19"
"DE-BE","00+",2022-04-22,2022-04-07,"-15 day ahead inc hosp","quantile",0.975,168,"COVID-19"
"DE-BE","00+",2022-04-22,2022-04-06,"-16 day ahead inc hosp","mean",NA,142,"COVID-19"
"DE-BE","00+",2022-04-22,2022-04-06,"-16 day ahead inc hosp","quantile",0.025,130,"COVID-19"
"DE-BE","00+",2022-04-22,2022-04-06,"-16 day ahead inc hosp","quantile",0.1,132,"COVID-19"
"DE-BE","00+",2022-04-22,2022-04-06,"-16 day ahead inc hosp","quantile",0.25,135,"COVID-19"
"DE-BE","00+",2022-04-22,2022-04-06,"-16 day ahead inc hosp","quantile",0.5,140,"COVID-19"
"DE-BE","00+",2022-04-22,2022-04-06,"-16 day ahead inc hosp","quantile",0.75,146,"COVID-19"
"DE-BE","00+",2022-04-22,2022-04-06,"-16 day ahead inc hosp","quantile",0.9,153,"COVID-19"
"DE-BE","00+",2022-04-22,2022-04-06,"-16 day ahead inc hosp","quantile",0.975,163,"COVID-19"
"DE-BE","00+",2022-04-22,2022-04-05,"-17 day ahead inc hosp","mean",NA,138,"COVID-19"
"DE-BE","00+",2022-04-22,2022-04-05,"-17 day ahead inc hosp","quantile",0.025,128,"COVID-19"
"DE-BE","00+",2022-04-22,2022-04-05,"-17 day ahead inc hosp","quantile",0.1,130,"COVID-19"
"DE-BE","00+",2022-04-22,2022-04-05,"-17 day ahead inc hosp","quantile",0.25,133,"COVID-19"
"DE-BE","00+",2022-04-22,2022-04-05,"-17 day ahead inc hosp","quantile",0.5,137,"COVID-19"
"DE-BE","00+",2022-04-22,2022-04-05,"-17 day ahead inc hosp","quantile",0.75,142,"COVID-19"
"DE-BE","00+",2022-04-22,2022-04-05,"-17 day ahead inc hosp","quantile",0.9,149,"COVID-19"
"DE-BE","00+",2022-04-22,2022-04-05,"-17 day ahead inc hosp","quantile",0.975,157,"COVID-19"
"DE-BE","00+",2022-04-22,2022-04-04,"-18 day ahead inc hosp","mean",NA,153,"COVID-19"
"DE-BE","00+",2022-04-22,2022-04-04,"-18 day ahead inc hosp","quantile",0.025,143,"COVID-19"
"DE-BE","00+",2022-04-22,2022-04-04,"-18 day ahead inc hosp","quantile",0.1,145,"COVID-19"
"DE-BE","00+",2022-04-22,2022-04-04,"-18 day ahead inc hosp","quantile",0.25,147,"COVID-19"
"DE-BE","00+",2022-04-22,2022-04-04,"-18 day ahead inc hosp","quantile",0.5,151,"COVID-19"
"DE-BE","00+",2022-04-22,2022-04-04,"-18 day ahead inc hosp","quantile",0.75,157,"COVID-19"
"DE-BE","00+",2022-04-22,2022-04-04,"-18 day ahead inc hosp","quantile",0.9,163,"COVID-19"
"DE-BE","00+",2022-04-22,2022-04-04,"-18 day ahead inc hosp","quantile",0.975,172,"COVID-19"
"DE-BE","00+",2022-04-22,2022-04-03,"-19 day ahead inc hosp","mean",NA,155,"COVID-19"
"DE-BE","00+",2022-04-22,2022-04-03,"-19 day ahead inc hosp","quantile",0.025,145,"COVID-19"
"DE-BE","00+",2022-04-22,2022-04-03,"-19 day ahead inc hosp","quantile",0.1,147,"COVID-19"
"DE-BE","00+",2022-04-22,2022-04-03,"-19 day ahead inc hosp","quantile",0.25,149,"COVID-19"
"DE-BE","00+",2022-04-22,2022-04-03,"-19 day ahead inc hosp","quantile",0.5,153,"COVID-19"
"DE-BE","00+",2022-04-22,2022-04-03,"-19 day ahead inc hosp","quantile",0.75,159,"COVID-19"
"DE-BE","00+",2022-04-22,2022-04-03,"-19 day ahead inc hosp","quantile",0.9,166,"COVID-19"
"DE-BE","00+",2022-04-22,2022-04-03,"-19 day ahead inc hosp","quantile",0.975,175,"COVID-19"
"DE-BE","00+",2022-04-22,2022-04-02,"-20 day ahead inc hosp","mean",NA,156,"COVID-19"
"DE-BE","00+",2022-04-22,2022-04-02,"-20 day ahead inc hosp","quantile",0.025,146,"COVID-19"
"DE-BE","00+",2022-04-22,2022-04-02,"-20 day ahead inc hosp","quantile",0.1,147,"COVID-19"
"DE-BE","00+",2022-04-22,2022-04-02,"-20 day ahead inc hosp","quantile",0.25,150,"COVID-19"
"DE-BE","00+",2022-04-22,2022-04-02,"-20 day ahead inc hosp","quantile",0.5,154,"COVID-19"
"DE-BE","00+",2022-04-22,2022-04-02,"-20 day ahead inc hosp","quantile",0.75,160,"COVID-19"
"DE-BE","00+",2022-04-22,2022-04-02,"-20 day ahead inc hosp","quantile",0.9,167,"COVID-19"
"DE-BE","00+",2022-04-22,2022-04-02,"-20 day ahead inc hosp","quantile",0.975,176,"COVID-19"
"DE-BE","00+",2022-04-22,2022-04-01,"-21 day ahead inc hosp","mean",NA,157,"COVID-19"
"DE-BE","00+",2022-04-22,2022-04-01,"-21 day ahead inc hosp","quantile",0.025,147,"COVID-19"
"DE-BE","00+",2022-04-22,2022-04-01,"-21 day ahead inc hosp","quantile",0.1,149,"COVID-19"
"DE-BE","00+",2022-04-22,2022-04-01,"-21 day ahead inc hosp","quantile",0.25,151,"COVID-19"
"DE-BE","00+",2022-04-22,2022-04-01,"-21 day ahead inc hosp","quantile",0.5,155,"COVID-19"
"DE-BE","00+",2022-04-22,2022-04-01,"-21 day ahead inc hosp","quantile",0.75,161,"COVID-19"
"DE-BE","00+",2022-04-22,2022-04-01,"-21 day ahead inc hosp","quantile",0.9,168,"COVID-19"
"DE-BE","00+",2022-04-22,2022-04-01,"-21 day ahead inc hosp","quantile",0.975,177,"COVID-19"
"DE-BE","00+",2022-04-22,2022-03-31,"-22 day ahead inc hosp","mean",NA,163,"COVID-19"
"DE-BE","00+",2022-04-22,2022-03-31,"-22 day ahead inc hosp","quantile",0.025,153,"COVID-19"
"DE-BE","00+",2022-04-22,2022-03-31,"-22 day ahead inc hosp","quantile",0.1,155,"COVID-19"
"DE-BE","00+",2022-04-22,2022-03-31,"-22 day ahead inc hosp","quantile",0.25,157,"COVID-19"
"DE-BE","00+",2022-04-22,2022-03-31,"-22 day ahead inc hosp","quantile",0.5,161,"COVID-19"
"DE-BE","00+",2022-04-22,2022-03-31,"-22 day ahead inc hosp","quantile",0.75,166,"COVID-19"
"DE-BE","00+",2022-04-22,2022-03-31,"-22 day ahead inc hosp","quantile",0.9,173,"COVID-19"
"DE-BE","00+",2022-04-22,2022-03-31,"-22 day ahead inc hosp","quantile",0.975,183,"COVID-19"
"DE-BE","00+",2022-04-22,2022-03-30,"-23 day ahead inc hosp","mean",NA,182,"COVID-19"
"DE-BE","00+",2022-04-22,2022-03-30,"-23 day ahead inc hosp","quantile",0.025,172,"COVID-19"
"DE-BE","00+",2022-04-22,2022-03-30,"-23 day ahead inc hosp","quantile",0.1,174,"COVID-19"
"DE-BE","00+",2022-04-22,2022-03-30,"-23 day ahead inc hosp","quantile",0.25,176,"COVID-19"
"DE-BE","00+",2022-04-22,2022-03-30,"-23 day ahead inc hosp","quantile",0.5,180,"COVID-19"
"DE-BE","00+",2022-04-22,2022-03-30,"-23 day ahead inc hosp","quantile",0.75,186,"COVID-19"
"DE-BE","00+",2022-04-22,2022-03-30,"-23 day ahead inc hosp","quantile",0.9,193,"COVID-19"
"DE-BE","00+",2022-04-22,2022-03-30,"-23 day ahead inc hosp","quantile",0.975,203,"COVID-19"
"DE-BE","00+",2022-04-22,2022-03-29,"-24 day ahead inc hosp","mean",NA,213,"COVID-19"
"DE-BE","00+",2022-04-22,2022-03-29,"-24 day ahead inc hosp","quantile",0.025,202,"COVID-19"
"DE-BE","00+",2022-04-22,2022-03-29,"-24 day ahead inc hosp","quantile",0.1,204,"COVID-19"
"DE-BE","00+",2022-04-22,2022-03-29,"-24 day ahead inc hosp","quantile",0.25,206,"COVID-19"
"DE-BE","00+",2022-04-22,2022-03-29,"-24 day ahead inc hosp","quantile",0.5,210,"COVID-19"
"DE-BE","00+",2022-04-22,2022-03-29,"-24 day ahead inc hosp","quantile",0.75,217,"COVID-19"
"DE-BE","00+",2022-04-22,2022-03-29,"-24 day ahead inc hosp","quantile",0.9,225,"COVID-19"
"DE-BE","00+",2022-04-22,2022-03-29,"-24 day ahead inc hosp","quantile",0.975,236,"COVID-19"
"DE-BE","00+",2022-04-22,2022-03-28,"-25 day ahead inc hosp","mean",NA,202,"COVID-19"
"DE-BE","00+",2022-04-22,2022-03-28,"-25 day ahead inc hosp","quantile",0.025,193,"COVID-19"
"DE-BE","00+",2022-04-22,2022-03-28,"-25 day ahead inc hosp","quantile",0.1,194,"COVID-19"
"DE-BE","00+",2022-04-22,2022-03-28,"-25 day ahead inc hosp","quantile",0.25,196,"COVID-19"
"DE-BE","00+",2022-04-22,2022-03-28,"-25 day ahead inc hosp","quantile",0.5,200,"COVID-19"
"DE-BE","00+",2022-04-22,2022-03-28,"-25 day ahead inc hosp","quantile",0.75,206,"COVID-19"
"DE-BE","00+",2022-04-22,2022-03-28,"-25 day ahead inc hosp","quantile",0.9,213,"COVID-19"
"DE-BE","00+",2022-04-22,2022-03-28,"-25 day ahead inc hosp","quantile",0.975,223,"COVID-19"
"DE-BE","00+",2022-04-22,2022-03-27,"-26 day ahead inc hosp","mean",NA,198,"COVID-19"
"DE-BE","00+",2022-04-22,2022-03-27,"-26 day ahead inc hosp","quantile",0.025,189,"COVID-19"
"DE-BE","00+",2022-04-22,2022-03-27,"-26 day ahead inc hosp","quantile",0.1,190,"COVID-19"
"DE-BE","00+",2022-04-22,2022-03-27,"-26 day ahead inc hosp","quantile",0.25,192,"COVID-19"
"DE-BE","00+",2022-04-22,2022-03-27,"-26 day ahead inc hosp","quantile",0.5,196,"COVID-19"
"DE-BE","00+",2022-04-22,2022-03-27,"-26 day ahead inc hosp","quantile",0.75,201,"COVID-19"
"DE-BE","00+",2022-04-22,2022-03-27,"-26 day ahead inc hosp","quantile",0.9,208,"COVID-19"
"DE-BE","00+",2022-04-22,2022-03-27,"-26 day ahead inc hosp","quantile",0.975,219,"COVID-19"
"DE-BE","00+",2022-04-22,2022-03-26,"-27 day ahead inc hosp","mean",NA,202,"COVID-19"
"DE-BE","00+",2022-04-22,2022-03-26,"-27 day ahead inc hosp","quantile",0.025,193,"COVID-19"
"DE-BE","00+",2022-04-22,2022-03-26,"-27 day ahead inc hosp","quantile",0.1,194,"COVID-19"
"DE-BE","00+",2022-04-22,2022-03-26,"-27 day ahead inc hosp","quantile",0.25,196,"COVID-19"
"DE-BE","00+",2022-04-22,2022-03-26,"-27 day ahead inc hosp","quantile",0.5,200,"COVID-19"
"DE-BE","00+",2022-04-22,2022-03-26,"-27 day ahead inc hosp","quantile",0.75,206,"COVID-19"
"DE-BE","00+",2022-04-22,2022-03-26,"-27 day ahead inc hosp","quantile",0.9,213,"COVID-19"
"DE-BE","00+",2022-04-22,2022-03-26,"-27 day ahead inc hosp","quantile",0.975,223,"COVID-19"
"DE-BE","00+",2022-04-22,2022-03-25,"-28 day ahead inc hosp","mean",NA,219,"COVID-19"
"DE-BE","00+",2022-04-22,2022-03-25,"-28 day ahead inc hosp","quantile",0.025,210,"COVID-19"
"DE-BE","00+",2022-04-22,2022-03-25,"-28 day ahead inc hosp","quantile",0.1,211,"COVID-19"
"DE-BE","00+",2022-04-22,2022-03-25,"-28 day ahead inc hosp","quantile",0.25,213,"COVID-19"
"DE-BE","00+",2022-04-22,2022-03-25,"-28 day ahead inc hosp","quantile",0.5,217,"COVID-19"
"DE-BE","00+",2022-04-22,2022-03-25,"-28 day ahead inc hosp","quantile",0.75,223,"COVID-19"
"DE-BE","00+",2022-04-22,2022-03-25,"-28 day ahead inc hosp","quantile",0.9,230,"COVID-19"
"DE-BE","00+",2022-04-22,2022-03-25,"-28 day ahead inc hosp","quantile",0.975,241,"COVID-19"
"DE-BW","00+",2022-04-22,2022-04-22,"0 day ahead inc hosp","mean",NA,976,"COVID-19"
"DE-BW","00+",2022-04-22,2022-04-22,"0 day ahead inc hosp","quantile",0.025,570,"COVID-19"
"DE-BW","00+",2022-04-22,2022-04-22,"0 day ahead inc hosp","quantile",0.1,654,"COVID-19"
"DE-BW","00+",2022-04-22,2022-04-22,"0 day ahead inc hosp","quantile",0.25,761,"COVID-19"
"DE-BW","00+",2022-04-22,2022-04-22,"0 day ahead inc hosp","quantile",0.5,922,"COVID-19"
"DE-BW","00+",2022-04-22,2022-04-22,"0 day ahead inc hosp","quantile",0.75,1132,"COVID-19"
"DE-BW","00+",2022-04-22,2022-04-22,"0 day ahead inc hosp","quantile",0.9,1369,"COVID-19"
"DE-BW","00+",2022-04-22,2022-04-22,"0 day ahead inc hosp","quantile",0.975,1688,"COVID-19"
"DE-BW","00+",2022-04-22,2022-04-21,"-1 day ahead inc hosp","mean",NA,961,"COVID-19"
"DE-BW","00+",2022-04-22,2022-04-21,"-1 day ahead inc hosp","quantile",0.025,664,"COVID-19"
"DE-BW","00+",2022-04-22,2022-04-21,"-1 day ahead inc hosp","quantile",0.1,732,"COVID-19"
"DE-BW","00+",2022-04-22,2022-04-21,"-1 day ahead inc hosp","quantile",0.25,813,"COVID-19"
"DE-BW","00+",2022-04-22,2022-04-21,"-1 day ahead inc hosp","quantile",0.5,928,"COVID-19"
"DE-BW","00+",2022-04-22,2022-04-21,"-1 day ahead inc hosp","quantile",0.75,1073,"COVID-19"
"DE-BW","00+",2022-04-22,2022-04-21,"-1 day ahead inc hosp","quantile",0.9,1231,"COVID-19"
"DE-BW","00+",2022-04-22,2022-04-21,"-1 day ahead inc hosp","quantile",0.975,1441,"COVID-19"
"DE-BW","00+",2022-04-22,2022-04-20,"-2 day ahead inc hosp","mean",NA,850,"COVID-19"
"DE-BW","00+",2022-04-22,2022-04-20,"-2 day ahead inc hosp","quantile",0.025,656,"COVID-19"
"DE-BW","00+",2022-04-22,2022-04-20,"-2 day ahead inc hosp","quantile",0.1,704,"COVID-19"
"DE-BW","00+",2022-04-22,2022-04-20,"-2 day ahead inc hosp","quantile",0.25,758,"COVID-19"
"DE-BW","00+",2022-04-22,2022-04-20,"-2 day ahead inc hosp","quantile",0.5,832,"COVID-19"
"DE-BW","00+",2022-04-22,2022-04-20,"-2 day ahead inc hosp","quantile",0.75,923,"COVID-19"
"DE-BW","00+",2022-04-22,2022-04-20,"-2 day ahead inc hosp","quantile",0.9,1019,"COVID-19"
"DE-BW","00+",2022-04-22,2022-04-20,"-2 day ahead inc hosp","quantile",0.975,1143,"COVID-19"
"DE-BW","00+",2022-04-22,2022-04-19,"-3 day ahead inc hosp","mean",NA,682,"COVID-19"
"DE-BW","00+",2022-04-22,2022-04-19,"-3 day ahead inc hosp","quantile",0.025,588,"COVID-19"
"DE-BW","00+",2022-04-22,2022-04-19,"-3 day ahead inc hosp","quantile",0.1,613,"COVID-19"
"DE-BW","00+",2022-04-22,2022-04-19,"-3 day ahead inc hosp","quantile",0.25,639,"COVID-19"
"DE-BW","00+",2022-04-22,2022-04-19,"-3 day ahead inc hosp","quantile",0.5,675,"COVID-19"
"DE-BW","00+",2022-04-22,2022-04-19,"-3 day ahead inc hosp","quantile",0.75,717,"COVID-19"
"DE-BW","00+",2022-04-22,2022-04-19,"-3 day ahead inc hosp","quantile",0.9,760,"COVID-19"
"DE-BW","00+",2022-04-22,2022-04-19,"-3 day ahead inc hosp","quantile",0.975,816,"COVID-19"
"DE-BW","00+",2022-04-22,2022-04-18,"-4 day ahead inc hosp","mean",NA,866,"COVID-19"
"DE-BW","00+",2022-04-22,2022-04-18,"-4 day ahead inc hosp","quantile",0.025,774,"COVID-19"
"DE-BW","00+",2022-04-22,2022-04-18,"-4 day ahead inc hosp","quantile",0.1,799,"COVID-19"
"DE-BW","00+",2022-04-22,2022-04-18,"-4 day ahead inc hosp","quantile",0.25,826,"COVID-19"
"DE-BW","00+",2022-04-22,2022-04-18,"-4 day ahead inc hosp","quantile",0.5,860,"COVID-19"
"DE-BW","00+",2022-04-22,2022-04-18,"-4 day ahead inc hosp","quantile",0.75,899,"COVID-19"
"DE-BW","00+",2022-04-22,2022-04-18,"-4 day ahead inc hosp","quantile",0.9,939,"COVID-19"
"DE-BW","00+",2022-04-22,2022-04-18,"-4 day ahead inc hosp","quantile",0.975,989,"COVID-19"
"DE-BW","00+",2022-04-22,2022-04-17,"-5 day ahead inc hosp","mean",NA,862,"COVID-19"
"DE-BW","00+",2022-04-22,2022-04-17,"-5 day ahead inc hosp","quantile",0.025,788,"COVID-19"
"DE-BW","00+",2022-04-22,2022-04-17,"-5 day ahead inc hosp","quantile",0.1,809,"COVID-19"
"DE-BW","00+",2022-04-22,2022-04-17,"-5 day ahead inc hosp","quantile",0.25,831,"COVID-19"
"DE-BW","00+",2022-04-22,2022-04-17,"-5 day ahead inc hosp","quantile",0.5,859,"COVID-19"
"DE-BW","00+",2022-04-22,2022-04-17,"-5 day ahead inc hosp","quantile",0.75,889,"COVID-19"
"DE-BW","00+",2022-04-22,2022-04-17,"-5 day ahead inc hosp","quantile",0.9,920,"COVID-19"
"DE-BW","00+",2022-04-22,2022-04-17,"-5 day ahead inc hosp","quantile",0.975,957,"COVID-19"
"DE-BW","00+",2022-04-22,2022-04-16,"-6 day ahead inc hosp","mean",NA,878,"COVID-19"
"DE-BW","00+",2022-04-22,2022-04-16,"-6 day ahead inc hosp","quantile",0.025,808,"COVID-19"
"DE-BW","00+",2022-04-22,2022-04-16,"-6 day ahead inc hosp","quantile",0.1,829,"COVID-19"
"DE-BW","00+",2022-04-22,2022-04-16,"-6 day ahead inc hosp","quantile",0.25,849,"COVID-19"
"DE-BW","00+",2022-04-22,2022-04-16,"-6 day ahead inc hosp","quantile",0.5,875,"COVID-19"
"DE-BW","00+",2022-04-22,2022-04-16,"-6 day ahead inc hosp","quantile",0.75,903,"COVID-19"
"DE-BW","00+",2022-04-22,2022-04-16,"-6 day ahead inc hosp","quantile",0.9,931,"COVID-19"
"DE-BW","00+",2022-04-22,2022-04-16,"-6 day ahead inc hosp","quantile",0.975,965,"COVID-19"
"DE-BW","00+",2022-04-22,2022-04-15,"-7 day ahead inc hosp","mean",NA,979,"COVID-19"
"DE-BW","00+",2022-04-22,2022-04-15,"-7 day ahead inc hosp","quantile",0.025,908,"COVID-19"
"DE-BW","00+",2022-04-22,2022-04-15,"-7 day ahead inc hosp","quantile",0.1,928,"COVID-19"
"DE-BW","00+",2022-04-22,2022-04-15,"-7 day ahead inc hosp","quantile",0.25,949,"COVID-19"
"DE-BW","00+",2022-04-22,2022-04-15,"-7 day ahead inc hosp","quantile",0.5,975,"COVID-19"
"DE-BW","00+",2022-04-22,2022-04-15,"-7 day ahead inc hosp","quantile",0.75,1004,"COVID-19"
"DE-BW","00+",2022-04-22,2022-04-15,"-7 day ahead inc hosp","quantile",0.9,1033,"COVID-19"
"DE-BW","00+",2022-04-22,2022-04-15,"-7 day ahead inc hosp","quantile",0.975,1067,"COVID-19"
"DE-BW","00+",2022-04-22,2022-04-14,"-8 day ahead inc hosp","mean",NA,946,"COVID-19"
"DE-BW","00+",2022-04-22,2022-04-14,"-8 day ahead inc hosp","quantile",0.025,882,"COVID-19"
"DE-BW","00+",2022-04-22,2022-04-14,"-8 day ahead inc hosp","quantile",0.1,900,"COVID-19"
"DE-BW","00+",2022-04-22,2022-04-14,"-8 day ahead inc hosp","quantile",0.25,919,"COVID-19"
"DE-BW","00+",2022-04-22,2022-04-14,"-8 day ahead inc hosp","quantile",0.5,943,"COVID-19"
"DE-BW","00+",2022-04-22,2022-04-14,"-8 day ahead inc hosp","quantile",0.75,969,"COVID-19"
"DE-BW","00+",2022-04-22,2022-04-14,"-8 day ahead inc hosp","quantile",0.9,995,"COVID-19"
"DE-BW","00+",2022-04-22,2022-04-14,"-8 day ahead inc hosp","quantile",0.975,1027,"COVID-19"
"DE-BW","00+",2022-04-22,2022-04-13,"-9 day ahead inc hosp","mean",NA,1023,"COVID-19"
"DE-BW","00+",2022-04-22,2022-04-13,"-9 day ahead inc hosp","quantile",0.025,958,"COVID-19"
"DE-BW","00+",2022-04-22,2022-04-13,"-9 day ahead inc hosp","quantile",0.1,976,"COVID-19"
"DE-BW","00+",2022-04-22,2022-04-13,"-9 day ahead inc hosp","quantile",0.25,995,"COVID-19"
"DE-BW","00+",2022-04-22,2022-04-13,"-9 day ahead inc hosp","quantile",0.5,1019,"COVID-19"
"DE-BW","00+",2022-04-22,2022-04-13,"-9 day ahead inc hosp","quantile",0.75,1046,"COVID-19"
"DE-BW","00+",2022-04-22,2022-04-13,"-9 day ahead inc hosp","quantile",0.9,1074,"COVID-19"
"DE-BW","00+",2022-04-22,2022-04-13,"-9 day ahead inc hosp","quantile",0.975,1107,"COVID-19"
"DE-BW","00+",2022-04-22,2022-04-12,"-10 day ahead inc hosp","mean",NA,1066,"COVID-19"
"DE-BW","00+",2022-04-22,2022-04-12,"-10 day ahead inc hosp","quantile",0.025,1005,"COVID-19"
"DE-BW","00+",2022-04-22,2022-04-12,"-10 day ahead inc hosp","quantile",0.1,1023,"COVID-19"
"DE-BW","00+",2022-04-22,2022-04-12,"-10 day ahead inc hosp","quantile",0.25,1040,"COVID-19"
"DE-BW","00+",2022-04-22,2022-04-12,"-10 day ahead inc hosp","quantile",0.5,1063,"COVID-19"
"DE-BW","00+",2022-04-22,2022-04-12,"-10 day ahead inc hosp","quantile",0.75,1089,"COVID-19"
"DE-BW","00+",2022-04-22,2022-04-12,"-10 day ahead inc hosp","quantile",0.9,1115,"COVID-19"
"DE-BW","00+",2022-04-22,2022-04-12,"-10 day ahead inc hosp","quantile",0.975,1147,"COVID-19"
"DE-BW","00+",2022-04-22,2022-04-11,"-11 day ahead inc hosp","mean",NA,1079,"COVID-19"
"DE-BW","00+",2022-04-22,2022-04-11,"-11 day ahead inc hosp","quantile",0.025,1027,"COVID-19"
"DE-BW","00+",2022-04-22,2022-04-11,"-11 day ahead inc hosp","quantile",0.1,1042,"COVID-19"
"DE-BW","00+",2022-04-22,2022-04-11,"-11 day ahead inc hosp","quantile",0.25,1057,"COVID-19"
"DE-BW","00+",2022-04-22,2022-04-11,"-11 day ahead inc hosp","quantile",0.5,1077,"COVID-19"
"DE-BW","00+",2022-04-22,2022-04-11,"-11 day ahead inc hosp","quantile",0.75,1098,"COVID-19"
"DE-BW","00+",2022-04-22,2022-04-11,"-11 day ahead inc hosp","quantile",0.9,1120,"COVID-19"
"DE-BW","00+",2022-04-22,2022-04-11,"-11 day ahead inc hosp","quantile",0.975,1147,"COVID-19"
"DE-BW","00+",2022-04-22,2022-04-10,"-12 day ahead inc hosp","mean",NA,1080,"COVID-19"
"DE-BW","00+",2022-04-22,2022-04-10,"-12 day ahead inc hosp","quantile",0.025,1029,"COVID-19"
"DE-BW","00+",2022-04-22,2022-04-10,"-12 day ahead inc hosp","quantile",0.1,1043,"COVID-19"
"DE-BW","00+",2022-04-22,2022-04-10,"-12 day ahead inc hosp","quantile",0.25,1058,"COVID-19"
"DE-BW","00+",2022-04-22,2022-04-10,"-12 day ahead inc hosp","quantile",0.5,1077,"COVID-19"
"DE-BW","00+",2022-04-22,2022-04-10,"-12 day ahead inc hosp","quantile",0.75,1098,"COVID-19"
"DE-BW","00+",2022-04-22,2022-04-10,"-12 day ahead inc hosp","quantile",0.9,1119,"COVID-19"
"DE-BW","00+",2022-04-22,2022-04-10,"-12 day ahead inc hosp","quantile",0.975,1146,"COVID-19"
"DE-BW","00+",2022-04-22,2022-04-09,"-13 day ahead inc hosp","mean",NA,1077,"COVID-19"
"DE-BW","00+",2022-04-22,2022-04-09,"-13 day ahead inc hosp","quantile",0.025,1028,"COVID-19"
"DE-BW","00+",2022-04-22,2022-04-09,"-13 day ahead inc hosp","quantile",0.1,1042,"COVID-19"
"DE-BW","00+",2022-04-22,2022-04-09,"-13 day ahead inc hosp","quantile",0.25,1056,"COVID-19"
"DE-BW","00+",2022-04-22,2022-04-09,"-13 day ahead inc hosp","quantile",0.5,1074,"COVID-19"
"DE-BW","00+",2022-04-22,2022-04-09,"-13 day ahead inc hosp","quantile",0.75,1095,"COVID-19"
"DE-BW","00+",2022-04-22,2022-04-09,"-13 day ahead inc hosp","quantile",0.9,1116,"COVID-19"
"DE-BW","00+",2022-04-22,2022-04-09,"-13 day ahead inc hosp","quantile",0.975,1142,"COVID-19"
"DE-BW","00+",2022-04-22,2022-04-08,"-14 day ahead inc hosp","mean",NA,1110,"COVID-19"
"DE-BW","00+",2022-04-22,2022-04-08,"-14 day ahead inc hosp","quantile",0.025,1064,"COVID-19"
"DE-BW","00+",2022-04-22,2022-04-08,"-14 day ahead inc hosp","quantile",0.1,1077,"COVID-19"
"DE-BW","00+",2022-04-22,2022-04-08,"-14 day ahead inc hosp","quantile",0.25,1090,"COVID-19"
"DE-BW","00+",2022-04-22,2022-04-08,"-14 day ahead inc hosp","quantile",0.5,1107,"COVID-19"
"DE-BW","00+",2022-04-22,2022-04-08,"-14 day ahead inc hosp","quantile",0.75,1127,"COVID-19"
"DE-BW","00+",2022-04-22,2022-04-08,"-14 day ahead inc hosp","quantile",0.9,1147,"COVID-19"
"DE-BW","00+",2022-04-22,2022-04-08,"-14 day ahead inc hosp","quantile",0.975,1171,"COVID-19"
"DE-BW","00+",2022-04-22,2022-04-07,"-15 day ahead inc hosp","mean",NA,1206,"COVID-19"
"DE-BW","00+",2022-04-22,2022-04-07,"-15 day ahead inc hosp","quantile",0.025,1159,"COVID-19"
"DE-BW","00+",2022-04-22,2022-04-07,"-15 day ahead inc hosp","quantile",0.1,1172,"COVID-19"
"DE-BW","00+",2022-04-22,2022-04-07,"-15 day ahead inc hosp","quantile",0.25,1186,"COVID-19"
"DE-BW","00+",2022-04-22,2022-04-07,"-15 day ahead inc hosp","quantile",0.5,1203,"COVID-19"
"DE-BW","00+",2022-04-22,2022-04-07,"-15 day ahead inc hosp","quantile",0.75,1223,"COVID-19"
"DE-BW","00+",2022-04-22,2022-04-07,"-15 day ahead inc hosp","quantile",0.9,1244,"COVID-19"
"DE-BW","00+",2022-04-22,2022-04-07,"-15 day ahead inc hosp","quantile",0.975,1269,"COVID-19"
"DE-BW","00+",2022-04-22,2022-04-06,"-16 day ahead inc hosp","mean",NA,1217,"COVID-19"
"DE-BW","00+",2022-04-22,2022-04-06,"-16 day ahead inc hosp","quantile",0.025,1174,"COVID-19"
"DE-BW","00+",2022-04-22,2022-04-06,"-16 day ahead inc hosp","quantile",0.1,1186,"COVID-19"
"DE-BW","00+",2022-04-22,2022-04-06,"-16 day ahead inc hosp","quantile",0.25,1199,"COVID-19"
"DE-BW","00+",2022-04-22,2022-04-06,"-16 day ahead inc hosp","quantile",0.5,1215,"COVID-19"
"DE-BW","00+",2022-04-22,2022-04-06,"-16 day ahead inc hosp","quantile",0.75,1233,"COVID-19"
"DE-BW","00+",2022-04-22,2022-04-06,"-16 day ahead inc hosp","quantile",0.9,1251,"COVID-19"
"DE-BW","00+",2022-04-22,2022-04-06,"-16 day ahead inc hosp","quantile",0.975,1275,"COVID-19"
"DE-BW","00+",2022-04-22,2022-04-05,"-17 day ahead inc hosp","mean",NA,1288,"COVID-19"
"DE-BW","00+",2022-04-22,2022-04-05,"-17 day ahead inc hosp","quantile",0.025,1248,"COVID-19"
"DE-BW","00+",2022-04-22,2022-04-05,"-17 day ahead inc hosp","quantile",0.1,1259,"COVID-19"
"DE-BW","00+",2022-04-22,2022-04-05,"-17 day ahead inc hosp","quantile",0.25,1271,"COVID-19"
"DE-BW","00+",2022-04-22,2022-04-05,"-17 day ahead inc hosp","quantile",0.5,1286,"COVID-19"
"DE-BW","00+",2022-04-22,2022-04-05,"-17 day ahead inc hosp","quantile",0.75,1303,"COVID-19"
"DE-BW","00+",2022-04-22,2022-04-05,"-17 day ahead inc hosp","quantile",0.9,1321,"COVID-19"
"DE-BW","00+",2022-04-22,2022-04-05,"-17 day ahead inc hosp","quantile",0.975,1344,"COVID-19"
"DE-BW","00+",2022-04-22,2022-04-04,"-18 day ahead inc hosp","mean",NA,1314,"COVID-19"
"DE-BW","00+",2022-04-22,2022-04-04,"-18 day ahead inc hosp","quantile",0.025,1277,"COVID-19"
"DE-BW","00+",2022-04-22,2022-04-04,"-18 day ahead inc hosp","quantile",0.1,1287,"COVID-19"
"DE-BW","00+",2022-04-22,2022-04-04,"-18 day ahead inc hosp","quantile",0.25,1298,"COVID-19"
"DE-BW","00+",2022-04-22,2022-04-04,"-18 day ahead inc hosp","quantile",0.5,1312,"COVID-19"
"DE-BW","00+",2022-04-22,2022-04-04,"-18 day ahead inc hosp","quantile",0.75,1328,"COVID-19"
"DE-BW","00+",2022-04-22,2022-04-04,"-18 day ahead inc hosp","quantile",0.9,1344,"COVID-19"
"DE-BW","00+",2022-04-22,2022-04-04,"-18 day ahead inc hosp","quantile",0.975,1365,"COVID-19"
"DE-BW","00+",2022-04-22,2022-04-03,"-19 day ahead inc hosp","mean",NA,1340,"COVID-19"
"DE-BW","00+",2022-04-22,2022-04-03,"-19 day ahead inc hosp","quantile",0.025,1302,"COVID-19"
"DE-BW","00+",2022-04-22,2022-04-03,"-19 day ahead inc hosp","quantile",0.1,1312,"COVID-19"
"DE-BW","00+",2022-04-22,2022-04-03,"-19 day ahead inc hosp","quantile",0.25,1323,"COVID-19"
"DE-BW","00+",2022-04-22,2022-04-03,"-19 day ahead inc hosp","quantile",0.5,1337,"COVID-19"
"DE-BW","00+",2022-04-22,2022-04-03,"-19 day ahead inc hosp","quantile",0.75,1354,"COVID-19"
"DE-BW","00+",2022-04-22,2022-04-03,"-19 day ahead inc hosp","quantile",0.9,1371,"COVID-19"
"DE-BW","00+",2022-04-22,2022-04-03,"-19 day ahead inc hosp","quantile",0.975,1392,"COVID-19"
"DE-BW","00+",2022-04-22,2022-04-02,"-20 day ahead inc hosp","mean",NA,1374,"COVID-19"
"DE-BW","00+",2022-04-22,2022-04-02,"-20 day ahead inc hosp","quantile",0.025,1336,"COVID-19"
"DE-BW","00+",2022-04-22,2022-04-02,"-20 day ahead inc hosp","quantile",0.1,1346,"COVID-19"
"DE-BW","00+",2022-04-22,2022-04-02,"-20 day ahead inc hosp","quantile",0.25,1357,"COVID-19"
"DE-BW","00+",2022-04-22,2022-04-02,"-20 day ahead inc hosp","quantile",0.5,1371,"COVID-19"
"DE-BW","00+",2022-04-22,2022-04-02,"-20 day ahead inc hosp","quantile",0.75,1389,"COVID-19"
"DE-BW","00+",2022-04-22,2022-04-02,"-20 day ahead inc hosp","quantile",0.9,1406,"COVID-19"
"DE-BW","00+",2022-04-22,2022-04-02,"-20 day ahead inc hosp","quantile",0.975,1429,"COVID-19"
"DE-BW","00+",2022-04-22,2022-04-01,"-21 day ahead inc hosp","mean",NA,1391,"COVID-19"
"DE-BW","00+",2022-04-22,2022-04-01,"-21 day ahead inc hosp","quantile",0.025,1353,"COVID-19"
"DE-BW","00+",2022-04-22,2022-04-01,"-21 day ahead inc hosp","quantile",0.1,1363,"COVID-19"
"DE-BW","00+",2022-04-22,2022-04-01,"-21 day ahead inc hosp","quantile",0.25,1373,"COVID-19"
"DE-BW","00+",2022-04-22,2022-04-01,"-21 day ahead inc hosp","quantile",0.5,1388,"COVID-19"
"DE-BW","00+",2022-04-22,2022-04-01,"-21 day ahead inc hosp","quantile",0.75,1405,"COVID-19"
"DE-BW","00+",2022-04-22,2022-04-01,"-21 day ahead inc hosp","quantile",0.9,1423,"COVID-19"
"DE-BW","00+",2022-04-22,2022-04-01,"-21 day ahead inc hosp","quantile",0.975,1446,"COVID-19"
"DE-BW","00+",2022-04-22,2022-03-31,"-22 day ahead inc hosp","mean",NA,1382,"COVID-19"
"DE-BW","00+",2022-04-22,2022-03-31,"-22 day ahead inc hosp","quantile",0.025,1347,"COVID-19"
"DE-BW","00+",2022-04-22,2022-03-31,"-22 day ahead inc hosp","quantile",0.1,1356,"COVID-19"
"DE-BW","00+",2022-04-22,2022-03-31,"-22 day ahead inc hosp","quantile",0.25,1365,"COVID-19"
"DE-BW","00+",2022-04-22,2022-03-31,"-22 day ahead inc hosp","quantile",0.5,1379,"COVID-19"
"DE-BW","00+",2022-04-22,2022-03-31,"-22 day ahead inc hosp","quantile",0.75,1395,"COVID-19"
"DE-BW","00+",2022-04-22,2022-03-31,"-22 day ahead inc hosp","quantile",0.9,1412,"COVID-19"
"DE-BW","00+",2022-04-22,2022-03-31,"-22 day ahead inc hosp","quantile",0.975,1434,"COVID-19"
"DE-BW","00+",2022-04-22,2022-03-30,"-23 day ahead inc hosp","mean",NA,1413,"COVID-19"
"DE-BW","00+",2022-04-22,2022-03-30,"-23 day ahead inc hosp","quantile",0.025,1380,"COVID-19"
"DE-BW","00+",2022-04-22,2022-03-30,"-23 day ahead inc hosp","quantile",0.1,1388,"COVID-19"
"DE-BW","00+",2022-04-22,2022-03-30,"-23 day ahead inc hosp","quantile",0.25,1397,"COVID-19"
"DE-BW","00+",2022-04-22,2022-03-30,"-23 day ahead inc hosp","quantile",0.5,1410,"COVID-19"
"DE-BW","00+",2022-04-22,2022-03-30,"-23 day ahead inc hosp","quantile",0.75,1425,"COVID-19"
"DE-BW","00+",2022-04-22,2022-03-30,"-23 day ahead inc hosp","quantile",0.9,1442,"COVID-19"
"DE-BW","00+",2022-04-22,2022-03-30,"-23 day ahead inc hosp","quantile",0.975,1465,"COVID-19"
"DE-BW","00+",2022-04-22,2022-03-29,"-24 day ahead inc hosp","mean",NA,1419,"COVID-19"
"DE-BW","00+",2022-04-22,2022-03-29,"-24 day ahead inc hosp","quantile",0.025,1390,"COVID-19"
"DE-BW","00+",2022-04-22,2022-03-29,"-24 day ahead inc hosp","quantile",0.1,1397,"COVID-19"
"DE-BW","00+",2022-04-22,2022-03-29,"-24 day ahead inc hosp","quantile",0.25,1405,"COVID-19"
"DE-BW","00+",2022-04-22,2022-03-29,"-24 day ahead inc hosp","quantile",0.5,1416,"COVID-19"
"DE-BW","00+",2022-04-22,2022-03-29,"-24 day ahead inc hosp","quantile",0.75,1431,"COVID-19"
"DE-BW","00+",2022-04-22,2022-03-29,"-24 day ahead inc hosp","quantile",0.9,1446,"COVID-19"
"DE-BW","00+",2022-04-22,2022-03-29,"-24 day ahead inc hosp","quantile",0.975,1466,"COVID-19"
"DE-BW","00+",2022-04-22,2022-03-28,"-25 day ahead inc hosp","mean",NA,1406,"COVID-19"
"DE-BW","00+",2022-04-22,2022-03-28,"-25 day ahead inc hosp","quantile",0.025,1381,"COVID-19"
"DE-BW","00+",2022-04-22,2022-03-28,"-25 day ahead inc hosp","quantile",0.1,1387,"COVID-19"
"DE-BW","00+",2022-04-22,2022-03-28,"-25 day ahead inc hosp","quantile",0.25,1394,"COVID-19"
"DE-BW","00+",2022-04-22,2022-03-28,"-25 day ahead inc hosp","quantile",0.5,1404,"COVID-19"
"DE-BW","00+",2022-04-22,2022-03-28,"-25 day ahead inc hosp","quantile",0.75,1416,"COVID-19"
"DE-BW","00+",2022-04-22,2022-03-28,"-25 day ahead inc hosp","quantile",0.9,1430,"COVID-19"
"DE-BW","00+",2022-04-22,2022-03-28,"-25 day ahead inc hosp","quantile",0.975,1448,"COVID-19"
"DE-BW","00+",2022-04-22,2022-03-27,"-26 day ahead inc hosp","mean",NA,1442,"COVID-19"
"DE-BW","00+",2022-04-22,2022-03-27,"-26 day ahead inc hosp","quantile",0.025,1417,"COVID-19"
"DE-BW","00+",2022-04-22,2022-03-27,"-26 day ahead inc hosp","quantile",0.1,1422,"COVID-19"
"DE-BW","00+",2022-04-22,2022-03-27,"-26 day ahead inc hosp","quantile",0.25,1429,"COVID-19"
"DE-BW","00+",2022-04-22,2022-03-27,"-26 day ahead inc hosp","quantile",0.5,1439,"COVID-19"
"DE-BW","00+",2022-04-22,2022-03-27,"-26 day ahead inc hosp","quantile",0.75,1451,"COVID-19"
"DE-BW","00+",2022-04-22,2022-03-27,"-26 day ahead inc hosp","quantile",0.9,1465,"COVID-19"
"DE-BW","00+",2022-04-22,2022-03-27,"-26 day ahead inc hosp","quantile",0.975,1484,"COVID-19"
"DE-BW","00+",2022-04-22,2022-03-26,"-27 day ahead inc hosp","mean",NA,1453,"COVID-19"
"DE-BW","00+",2022-04-22,2022-03-26,"-27 day ahead inc hosp","quantile",0.025,1429,"COVID-19"
"DE-BW","00+",2022-04-22,2022-03-26,"-27 day ahead inc hosp","quantile",0.1,1434,"COVID-19"
"DE-BW","00+",2022-04-22,2022-03-26,"-27 day ahead inc hosp","quantile",0.25,1441,"COVID-19"
"DE-BW","00+",2022-04-22,2022-03-26,"-27 day ahead inc hosp","quantile",0.5,1450,"COVID-19"
"DE-BW","00+",2022-04-22,2022-03-26,"-27 day ahead inc hosp","quantile",0.75,1463,"COVID-19"
"DE-BW","00+",2022-04-22,2022-03-26,"-27 day ahead inc hosp","quantile",0.9,1477,"COVID-19"
"DE-BW","00+",2022-04-22,2022-03-26,"-27 day ahead inc hosp","quantile",0.975,1495,"COVID-19"
"DE-BW","00+",2022-04-22,2022-03-25,"-28 day ahead inc hosp","mean",NA,1496,"COVID-19"
"DE-BW","00+",2022-04-22,2022-03-25,"-28 day ahead inc hosp","quantile",0.025,1473,"COVID-19"
"DE-BW","00+",2022-04-22,2022-03-25,"-28 day ahead inc hosp","quantile",0.1,1478,"COVID-19"
"DE-BW","00+",2022-04-22,2022-03-25,"-28 day ahead inc hosp","quantile",0.25,1484,"COVID-19"
"DE-BW","00+",2022-04-22,2022-03-25,"-28 day ahead inc hosp","quantile",0.5,1493,"COVID-19"
"DE-BW","00+",2022-04-22,2022-03-25,"-28 day ahead inc hosp","quantile",0.75,1505,"COVID-19"
"DE-BW","00+",2022-04-22,2022-03-25,"-28 day ahead inc hosp","quantile",0.9,1518,"COVID-19"
"DE-BW","00+",2022-04-22,2022-03-25,"-28 day ahead inc hosp","quantile",0.975,1535,"COVID-19"
"DE-BY","00+",2022-04-22,2022-04-22,"0 day ahead inc hosp","mean",NA,1582,"COVID-19"
"DE-BY","00+",2022-04-22,2022-04-22,"0 day ahead inc hosp","quantile",0.025,1096,"COVID-19"
"DE-BY","00+",2022-04-22,2022-04-22,"0 day ahead inc hosp","quantile",0.1,1230,"COVID-19"
"DE-BY","00+",2022-04-22,2022-04-22,"0 day ahead inc hosp","quantile",0.25,1371,"COVID-19"
"DE-BY","00+",2022-04-22,2022-04-22,"0 day ahead inc hosp","quantile",0.5,1552,"COVID-19"
"DE-BY","00+",2022-04-22,2022-04-22,"0 day ahead inc hosp","quantile",0.75,1760,"COVID-19"
"DE-BY","00+",2022-04-22,2022-04-22,"0 day ahead inc hosp","quantile",0.9,1972,"COVID-19"
"DE-BY","00+",2022-04-22,2022-04-22,"0 day ahead inc hosp","quantile",0.975,2238,"COVID-19"
"DE-BY","00+",2022-04-22,2022-04-21,"-1 day ahead inc hosp","mean",NA,1432,"COVID-19"
"DE-BY","00+",2022-04-22,2022-04-21,"-1 day ahead inc hosp","quantile",0.025,1070,"COVID-19"
"DE-BY","00+",2022-04-22,2022-04-21,"-1 day ahead inc hosp","quantile",0.1,1170,"COVID-19"
"DE-BY","00+",2022-04-22,2022-04-21,"-1 day ahead inc hosp","quantile",0.25,1275,"COVID-19"
"DE-BY","00+",2022-04-22,2022-04-21,"-1 day ahead inc hosp","quantile",0.5,1410,"COVID-19"
"DE-BY","00+",2022-04-22,2022-04-21,"-1 day ahead inc hosp","quantile",0.75,1565,"COVID-19"
"DE-BY","00+",2022-04-22,2022-04-21,"-1 day ahead inc hosp","quantile",0.9,1723,"COVID-19"
"DE-BY","00+",2022-04-22,2022-04-21,"-1 day ahead inc hosp","quantile",0.975,1921,"COVID-19"
"DE-BY","00+",2022-04-22,2022-04-20,"-2 day ahead inc hosp","mean",NA,1332,"COVID-19"
"DE-BY","00+",2022-04-22,2022-04-20,"-2 day ahead inc hosp","quantile",0.025,1052,"COVID-19"
"DE-BY","00+",2022-04-22,2022-04-20,"-2 day ahead inc hosp","quantile",0.1,1130,"COVID-19"
"DE-BY","00+",2022-04-22,2022-04-20,"-2 day ahead inc hosp","quantile",0.25,1211,"COVID-19"
"DE-BY","00+",2022-04-22,2022-04-20,"-2 day ahead inc hosp","quantile",0.5,1316,"COVID-19"
"DE-BY","00+",2022-04-22,2022-04-20,"-2 day ahead inc hosp","quantile",0.75,1435,"COVID-19"
"DE-BY","00+",2022-04-22,2022-04-20,"-2 day ahead inc hosp","quantile",0.9,1556,"COVID-19"
"DE-BY","00+",2022-04-22,2022-04-20,"-2 day ahead inc hosp","quantile",0.975,1707,"COVID-19"
"DE-BY","00+",2022-04-22,2022-04-19,"-3 day ahead inc hosp","mean",NA,1256,"COVID-19"
"DE-BY","00+",2022-04-22,2022-04-19,"-3 day ahead inc hosp","quantile",0.025,1055,"COVID-19"
"DE-BY","00+",2022-04-22,2022-04-19,"-3 day ahead inc hosp","quantile",0.1,1112,"COVID-19"
"DE-BY","00+",2022-04-22,2022-04-19,"-3 day ahead inc hosp","quantile",0.25,1171,"COVID-19"
"DE-BY","00+",2022-04-22,2022-04-19,"-3 day ahead inc hosp","quantile",0.5,1245,"COVID-19"
"DE-BY","00+",2022-04-22,2022-04-19,"-3 day ahead inc hosp","quantile",0.75,1330,"COVID-19"
"DE-BY","00+",2022-04-22,2022-04-19,"-3 day ahead inc hosp","quantile",0.9,1415,"COVID-19"
"DE-BY","00+",2022-04-22,2022-04-19,"-3 day ahead inc hosp","quantile",0.975,1521,"COVID-19"
"DE-BY","00+",2022-04-22,2022-04-18,"-4 day ahead inc hosp","mean",NA,1370,"COVID-19"
"DE-BY","00+",2022-04-22,2022-04-18,"-4 day ahead inc hosp","quantile",0.025,1178,"COVID-19"
"DE-BY","00+",2022-04-22,2022-04-18,"-4 day ahead inc hosp","quantile",0.1,1233,"COVID-19"
"DE-BY","00+",2022-04-22,2022-04-18,"-4 day ahead inc hosp","quantile",0.25,1289,"COVID-19"
"DE-BY","00+",2022-04-22,2022-04-18,"-4 day ahead inc hosp","quantile",0.5,1360,"COVID-19"
"DE-BY","00+",2022-04-22,2022-04-18,"-4 day ahead inc hosp","quantile",0.75,1440,"COVID-19"
"DE-BY","00+",2022-04-22,2022-04-18,"-4 day ahead inc hosp","quantile",0.9,1520,"COVID-19"
"DE-BY","00+",2022-04-22,2022-04-18,"-4 day ahead inc hosp","quantile",0.975,1620,"COVID-19"
"DE-BY","00+",2022-04-22,2022-04-17,"-5 day ahead inc hosp","mean",NA,1385,"COVID-19"
"DE-BY","00+",2022-04-22,2022-04-17,"-5 day ahead inc hosp","quantile",0.025,1207,"COVID-19"
"DE-BY","00+",2022-04-22,2022-04-17,"-5 day ahead inc hosp","quantile",0.1,1258,"COVID-19"
"DE-BY","00+",2022-04-22,2022-04-17,"-5 day ahead inc hosp","quantile",0.25,1310,"COVID-19"
"DE-BY","00+",2022-04-22,2022-04-17,"-5 day ahead inc hosp","quantile",0.5,1376,"COVID-19"
"DE-BY","00+",2022-04-22,2022-04-17,"-5 day ahead inc hosp","quantile",0.75,1450,"COVID-19"
"DE-BY","00+",2022-04-22,2022-04-17,"-5 day ahead inc hosp","quantile",0.9,1524,"COVID-19"
"DE-BY","00+",2022-04-22,2022-04-17,"-5 day ahead inc hosp","quantile",0.975,1616,"COVID-19"
"DE-BY","00+",2022-04-22,2022-04-16,"-6 day ahead inc hosp","mean",NA,1433,"COVID-19"
"DE-BY","00+",2022-04-22,2022-04-16,"-6 day ahead inc hosp","quantile",0.025,1259,"COVID-19"
"DE-BY","00+",2022-04-22,2022-04-16,"-6 day ahead inc hosp","quantile",0.1,1309,"COVID-19"
"DE-BY","00+",2022-04-22,2022-04-16,"-6 day ahead inc hosp","quantile",0.25,1360,"COVID-19"
"DE-BY","00+",2022-04-22,2022-04-16,"-6 day ahead inc hosp","quantile",0.5,1424,"COVID-19"
"DE-BY","00+",2022-04-22,2022-04-16,"-6 day ahead inc hosp","quantile",0.75,1497,"COVID-19"
"DE-BY","00+",2022-04-22,2022-04-16,"-6 day ahead inc hosp","quantile",0.9,1569,"COVID-19"
"DE-BY","00+",2022-04-22,2022-04-16,"-6 day ahead inc hosp","quantile",0.975,1659,"COVID-19"
"DE-BY","00+",2022-04-22,2022-04-15,"-7 day ahead inc hosp","mean",NA,1587,"COVID-19"
"DE-BY","00+",2022-04-22,2022-04-15,"-7 day ahead inc hosp","quantile",0.025,1405,"COVID-19"
"DE-BY","00+",2022-04-22,2022-04-15,"-7 day ahead inc hosp","quantile",0.1,1457,"COVID-19"
"DE-BY","00+",2022-04-22,2022-04-15,"-7 day ahead inc hosp","quantile",0.25,1510,"COVID-19"
"DE-BY","00+",2022-04-22,2022-04-15,"-7 day ahead inc hosp","quantile",0.5,1577,"COVID-19"
"DE-BY","00+",2022-04-22,2022-04-15,"-7 day ahead inc hosp","quantile",0.75,1653,"COVID-19"
"DE-BY","00+",2022-04-22,2022-04-15,"-7 day ahead inc hosp","quantile",0.9,1729,"COVID-19"
"DE-BY","00+",2022-04-22,2022-04-15,"-7 day ahead inc hosp","quantile",0.975,1823,"COVID-19"
"DE-BY","00+",2022-04-22,2022-04-14,"-8 day ahead inc hosp","mean",NA,1593,"COVID-19"
"DE-BY","00+",2022-04-22,2022-04-14,"-8 day ahead inc hosp","quantile",0.025,1423,"COVID-19"
"DE-BY","00+",2022-04-22,2022-04-14,"-8 day ahead inc hosp","quantile",0.1,1471,"COVID-19"
"DE-BY","00+",2022-04-22,2022-04-14,"-8 day ahead inc hosp","quantile",0.25,1521,"COVID-19"
"DE-BY","00+",2022-04-22,2022-04-14,"-8 day ahead inc hosp","quantile",0.5,1584,"COVID-19"
"DE-BY","00+",2022-04-22,2022-04-14,"-8 day ahead inc hosp","quantile",0.75,1655,"COVID-19"
"DE-BY","00+",2022-04-22,2022-04-14,"-8 day ahead inc hosp","quantile",0.9,1726,"COVID-19"
"DE-BY","00+",2022-04-22,2022-04-14,"-8 day ahead inc hosp","quantile",0.975,1815,"COVID-19"
"DE-BY","00+",2022-04-22,2022-04-13,"-9 day ahead inc hosp","mean",NA,1650,"COVID-19"
"DE-BY","00+",2022-04-22,2022-04-13,"-9 day ahead inc hosp","quantile",0.025,1489,"COVID-19"
"DE-BY","00+",2022-04-22,2022-04-13,"-9 day ahead inc hosp","quantile",0.1,1535,"COVID-19"
"DE-BY","00+",2022-04-22,2022-04-13,"-9 day ahead inc hosp","quantile",0.25,1582,"COVID-19"
"DE-BY","00+",2022-04-22,2022-04-13,"-9 day ahead inc hosp","quantile",0.5,1641,"COVID-19"
"DE-BY","00+",2022-04-22,2022-04-13,"-9 day ahead inc hosp","quantile",0.75,1708,"COVID-19"
"DE-BY","00+",2022-04-22,2022-04-13,"-9 day ahead inc hosp","quantile",0.9,1776,"COVID-19"
"DE-BY","00+",2022-04-22,2022-04-13,"-9 day ahead inc hosp","quantile",0.975,1859,"COVID-19"
"DE-BY","00+",2022-04-22,2022-04-12,"-10 day ahead inc hosp","mean",NA,1614,"COVID-19"
"DE-BY","00+",2022-04-22,2022-04-12,"-10 day ahead inc hosp","quantile",0.025,1474,"COVID-19"
"DE-BY","00+",2022-04-22,2022-04-12,"-10 day ahead inc hosp","quantile",0.1,1514,"COVID-19"
"DE-BY","00+",2022-04-22,2022-04-12,"-10 day ahead inc hosp","quantile",0.25,1555,"COVID-19"
"DE-BY","00+",2022-04-22,2022-04-12,"-10 day ahead inc hosp","quantile",0.5,1607,"COVID-19"
"DE-BY","00+",2022-04-22,2022-04-12,"-10 day ahead inc hosp","quantile",0.75,1665,"COVID-19"
"DE-BY","00+",2022-04-22,2022-04-12,"-10 day ahead inc hosp","quantile",0.9,1723,"COVID-19"
"DE-BY","00+",2022-04-22,2022-04-12,"-10 day ahead inc hosp","quantile",0.975,1796,"COVID-19"
"DE-BY","00+",2022-04-22,2022-04-11,"-11 day ahead inc hosp","mean",NA,1625,"COVID-19"
"DE-BY","00+",2022-04-22,2022-04-11,"-11 day ahead inc hosp","quantile",0.025,1498,"COVID-19"
"DE-BY","00+",2022-04-22,2022-04-11,"-11 day ahead inc hosp","quantile",0.1,1534,"COVID-19"
"DE-BY","00+",2022-04-22,2022-04-11,"-11 day ahead inc hosp","quantile",0.25,1572,"COVID-19"
"DE-BY","00+",2022-04-22,2022-04-11,"-11 day ahead inc hosp","quantile",0.5,1619,"COVID-19"
"DE-BY","00+",2022-04-22,2022-04-11,"-11 day ahead inc hosp","quantile",0.75,1671,"COVID-19"
"DE-BY","00+",2022-04-22,2022-04-11,"-11 day ahead inc hosp","quantile",0.9,1724,"COVID-19"
"DE-BY","00+",2022-04-22,2022-04-11,"-11 day ahead inc hosp","quantile",0.975,1789,"COVID-19"
"DE-BY","00+",2022-04-22,2022-04-10,"-12 day ahead inc hosp","mean",NA,1627,"COVID-19"
"DE-BY","00+",2022-04-22,2022-04-10,"-12 day ahead inc hosp","quantile",0.025,1506,"COVID-19"
"DE-BY","00+",2022-04-22,2022-04-10,"-12 day ahead inc hosp","quantile",0.1,1541,"COVID-19"
"DE-BY","00+",2022-04-22,2022-04-10,"-12 day ahead inc hosp","quantile",0.25,1576,"COVID-19"
"DE-BY","00+",2022-04-22,2022-04-10,"-12 day ahead inc hosp","quantile",0.5,1621,"COVID-19"
"DE-BY","00+",2022-04-22,2022-04-10,"-12 day ahead inc hosp","quantile",0.75,1671,"COVID-19"
"DE-BY","00+",2022-04-22,2022-04-10,"-12 day ahead inc hosp","quantile",0.9,1721,"COVID-19"
"DE-BY","00+",2022-04-22,2022-04-10,"-12 day ahead inc hosp","quantile",0.975,1783,"COVID-19"
"DE-BY","00+",2022-04-22,2022-04-09,"-13 day ahead inc hosp","mean",NA,1659,"COVID-19"
"DE-BY","00+",2022-04-22,2022-04-09,"-13 day ahead inc hosp","quantile",0.025,1543,"COVID-19"
"DE-BY","00+",2022-04-22,2022-04-09,"-13 day ahead inc hosp","quantile",0.1,1577,"COVID-19"
"DE-BY","00+",2022-04-22,2022-04-09,"-13 day ahead inc hosp","quantile",0.25,1611,"COVID-19"
"DE-BY","00+",2022-04-22,2022-04-09,"-13 day ahead inc hosp","quantile",0.5,1653,"COVID-19"
"DE-BY","00+",2022-04-22,2022-04-09,"-13 day ahead inc hosp","quantile",0.75,1701,"COVID-19"
"DE-BY","00+",2022-04-22,2022-04-09,"-13 day ahead inc hosp","quantile",0.9,1748,"COVID-19"
"DE-BY","00+",2022-04-22,2022-04-09,"-13 day ahead inc hosp","quantile",0.975,1807,"COVID-19"
"DE-BY","00+",2022-04-22,2022-04-08,"-14 day ahead inc hosp","mean",NA,1651,"COVID-19"
"DE-BY","00+",2022-04-22,2022-04-08,"-14 day ahead inc hosp","quantile",0.025,1543,"COVID-19"
"DE-BY","00+",2022-04-22,2022-04-08,"-14 day ahead inc hosp","quantile",0.1,1575,"COVID-19"
"DE-BY","00+",2022-04-22,2022-04-08,"-14 day ahead inc hosp","quantile",0.25,1606,"COVID-19"
"DE-BY","00+",2022-04-22,2022-04-08,"-14 day ahead inc hosp","quantile",0.5,1646,"COVID-19"
"DE-BY","00+",2022-04-22,2022-04-08,"-14 day ahead inc hosp","quantile",0.75,1690,"COVID-19"
"DE-BY","00+",2022-04-22,2022-04-08,"-14 day ahead inc hosp","quantile",0.9,1734,"COVID-19"
"DE-BY","00+",2022-04-22,2022-04-08,"-14 day ahead inc hosp","quantile",0.975,1788,"COVID-19"
"DE-BY","00+",2022-04-22,2022-04-07,"-15 day ahead inc hosp","mean",NA,1734,"COVID-19"
"DE-BY","00+",2022-04-22,2022-04-07,"-15 day ahead inc hosp","quantile",0.025,1627,"COVID-19"
"DE-BY","00+",2022-04-22,2022-04-07,"-15 day ahead inc hosp","quantile",0.1,1658,"COVID-19"
"DE-BY","00+",2022-04-22,2022-04-07,"-15 day ahead inc hosp","quantile",0.25,1689,"COVID-19"
"DE-BY","00+",2022-04-22,2022-04-07,"-15 day ahead inc hosp","quantile",0.5,1729,"COVID-19"
"DE-BY","00+",2022-04-22,2022-04-07,"-15 day ahead inc hosp","quantile",0.75,1773,"COVID-19"
"DE-BY","00+",2022-04-22,2022-04-07,"-15 day ahead inc hosp","quantile",0.9,1817,"COVID-19"
"DE-BY","00+",2022-04-22,2022-04-07,"-15 day ahead inc hosp","quantile",0.975,1871,"COVID-19"
"DE-BY","00+",2022-04-22,2022-04-06,"-16 day ahead inc hosp","mean",NA,1804,"COVID-19"
"DE-BY","00+",2022-04-22,2022-04-06,"-16 day ahead inc hosp","quantile",0.025,1696,"COVID-19"
"DE-BY","00+",2022-04-22,2022-04-06,"-16 day ahead inc hosp","quantile",0.1,1727,"COVID-19"
"DE-BY","00+",2022-04-22,2022-04-06,"-16 day ahead inc hosp","quantile",0.25,1759,"COVID-19"
"DE-BY","00+",2022-04-22,2022-04-06,"-16 day ahead inc hosp","quantile",0.5,1799,"COVID-19"
"DE-BY","00+",2022-04-22,2022-04-06,"-16 day ahead inc hosp","quantile",0.75,1844,"COVID-19"
"DE-BY","00+",2022-04-22,2022-04-06,"-16 day ahead inc hosp","quantile",0.9,1889,"COVID-19"
"DE-BY","00+",2022-04-22,2022-04-06,"-16 day ahead inc hosp","quantile",0.975,1946,"COVID-19"
"DE-BY","00+",2022-04-22,2022-04-05,"-17 day ahead inc hosp","mean",NA,1883,"COVID-19"
"DE-BY","00+",2022-04-22,2022-04-05,"-17 day ahead inc hosp","quantile",0.025,1771,"COVID-19"
"DE-BY","00+",2022-04-22,2022-04-05,"-17 day ahead inc hosp","quantile",0.1,1802,"COVID-19"
"DE-BY","00+",2022-04-22,2022-04-05,"-17 day ahead inc hosp","quantile",0.25,1835,"COVID-19"
"DE-BY","00+",2022-04-22,2022-04-05,"-17 day ahead inc hosp","quantile",0.5,1876,"COVID-19"
"DE-BY","00+",2022-04-22,2022-04-05,"-17 day ahead inc hosp","quantile",0.75,1924,"COVID-19"
"DE-BY","00+",2022-04-22,2022-04-05,"-17 day ahead inc hosp","quantile",0.9,1973,"COVID-19"
"DE-BY","00+",2022-04-22,2022-04-05,"-17 day ahead inc hosp","quantile",0.975,2033,"COVID-19"
"DE-BY","00+",2022-04-22,2022-04-04,"-18 day ahead inc hosp","mean",NA,1952,"COVID-19"
"DE-BY","00+",2022-04-22,2022-04-04,"-18 day ahead inc hosp","quantile",0.025,1836,"COVID-19"
"DE-BY","00+",2022-04-22,2022-04-04,"-18 day ahead inc hosp","quantile",0.1,1868,"COVID-19"
"DE-BY","00+",2022-04-22,2022-04-04,"-18 day ahead inc hosp","quantile",0.25,1901,"COVID-19"
"DE-BY","00+",2022-04-22,2022-04-04,"-18 day ahead inc hosp","quantile",0.5,1944,"COVID-19"
"DE-BY","00+",2022-04-22,2022-04-04,"-18 day ahead inc hosp","quantile",0.75,1995,"COVID-19"
"DE-BY","00+",2022-04-22,2022-04-04,"-18 day ahead inc hosp","quantile",0.9,2047,"COVID-19"
"DE-BY","00+",2022-04-22,2022-04-04,"-18 day ahead inc hosp","quantile",0.975,2113,"COVID-19"
"DE-BY","00+",2022-04-22,2022-04-03,"-19 day ahead inc hosp","mean",NA,1995,"COVID-19"
"DE-BY","00+",2022-04-22,2022-04-03,"-19 day ahead inc hosp","quantile",0.025,1873,"COVID-19"
"DE-BY","00+",2022-04-22,2022-04-03,"-19 day ahead inc hosp","quantile",0.1,1905,"COVID-19"
"DE-BY","00+",2022-04-22,2022-04-03,"-19 day ahead inc hosp","quantile",0.25,1940,"COVID-19"
"DE-BY","00+",2022-04-22,2022-04-03,"-19 day ahead inc hosp","quantile",0.5,1986,"COVID-19"
"DE-BY","00+",2022-04-22,2022-04-03,"-19 day ahead inc hosp","quantile",0.75,2040,"COVID-19"
"DE-BY","00+",2022-04-22,2022-04-03,"-19 day ahead inc hosp","quantile",0.9,2097,"COVID-19"
"DE-BY","00+",2022-04-22,2022-04-03,"-19 day ahead inc hosp","quantile",0.975,2170,"COVID-19"
"DE-BY","00+",2022-04-22,2022-04-02,"-20 day ahead inc hosp","mean",NA,1995,"COVID-19"
"DE-BY","00+",2022-04-22,2022-04-02,"-20 day ahead inc hosp","quantile",0.025,1869,"COVID-19"
"DE-BY","00+",2022-04-22,2022-04-02,"-20 day ahead inc hosp","quantile",0.1,1900,"COVID-19"
"DE-BY","00+",2022-04-22,2022-04-02,"-20 day ahead inc hosp","quantile",0.25,1936,"COVID-19"
"DE-BY","00+",2022-04-22,2022-04-02,"-20 day ahead inc hosp","quantile",0.5,1984,"COVID-19"
"DE-BY","00+",2022-04-22,2022-04-02,"-20 day ahead inc hosp","quantile",0.75,2042,"COVID-19"
"DE-BY","00+",2022-04-22,2022-04-02,"-20 day ahead inc hosp","quantile",0.9,2104,"COVID-19"
"DE-BY","00+",2022-04-22,2022-04-02,"-20 day ahead inc hosp","quantile",0.975,2184,"COVID-19"
"DE-BY","00+",2022-04-22,2022-04-01,"-21 day ahead inc hosp","mean",NA,2020,"COVID-19"
"DE-BY","00+",2022-04-22,2022-04-01,"-21 day ahead inc hosp","quantile",0.025,1893,"COVID-19"
"DE-BY","00+",2022-04-22,2022-04-01,"-21 day ahead inc hosp","quantile",0.1,1923,"COVID-19"
"DE-BY","00+",2022-04-22,2022-04-01,"-21 day ahead inc hosp","quantile",0.25,1958,"COVID-19"
"DE-BY","00+",2022-04-22,2022-04-01,"-21 day ahead inc hosp","quantile",0.5,2007,"COVID-19"
"DE-BY","00+",2022-04-22,2022-04-01,"-21 day ahead inc hosp","quantile",0.75,2068,"COVID-19"
"DE-BY","00+",2022-04-22,2022-04-01,"-21 day ahead inc hosp","quantile",0.9,2133,"COVID-19"
"DE-BY","00+",2022-04-22,2022-04-01,"-21 day ahead inc hosp","quantile",0.975,2219,"COVID-19"
"DE-BY","00+",2022-04-22,2022-03-31,"-22 day ahead inc hosp","mean",NA,2021,"COVID-19"
"DE-BY","00+",2022-04-22,2022-03-31,"-22 day ahead inc hosp","quantile",0.025,1899,"COVID-19"
"DE-BY","00+",2022-04-22,2022-03-31,"-22 day ahead inc hosp","quantile",0.1,1927,"COVID-19"
"DE-BY","00+",2022-04-22,2022-03-31,"-22 day ahead inc hosp","quantile",0.25,1960,"COVID-19"
"DE-BY","00+",2022-04-22,2022-03-31,"-22 day ahead inc hosp","quantile",0.5,2007,"COVID-19"
"DE-BY","00+",2022-04-22,2022-03-31,"-22 day ahead inc hosp","quantile",0.75,2067,"COVID-19"
"DE-BY","00+",2022-04-22,2022-03-31,"-22 day ahead inc hosp","quantile",0.9,2133,"COVID-19"
"DE-BY","00+",2022-04-22,2022-03-31,"-22 day ahead inc hosp","quantile",0.975,2220,"COVID-19"
"DE-BY","00+",2022-04-22,2022-03-30,"-23 day ahead inc hosp","mean",NA,2009,"COVID-19"
"DE-BY","00+",2022-04-22,2022-03-30,"-23 day ahead inc hosp","quantile",0.025,1897,"COVID-19"
"DE-BY","00+",2022-04-22,2022-03-30,"-23 day ahead inc hosp","quantile",0.1,1921,"COVID-19"
"DE-BY","00+",2022-04-22,2022-03-30,"-23 day ahead inc hosp","quantile",0.25,1951,"COVID-19"
"DE-BY","00+",2022-04-22,2022-03-30,"-23 day ahead inc hosp","quantile",0.5,1995,"COVID-19"
"DE-BY","00+",2022-04-22,2022-03-30,"-23 day ahead inc hosp","quantile",0.75,2052,"COVID-19"
"DE-BY","00+",2022-04-22,2022-03-30,"-23 day ahead inc hosp","quantile",0.9,2116,"COVID-19"
"DE-BY","00+",2022-04-22,2022-03-30,"-23 day ahead inc hosp","quantile",0.975,2200,"COVID-19"
"DE-BY","00+",2022-04-22,2022-03-29,"-24 day ahead inc hosp","mean",NA,2025,"COVID-19"
"DE-BY","00+",2022-04-22,2022-03-29,"-24 day ahead inc hosp","quantile",0.025,1922,"COVID-19"
"DE-BY","00+",2022-04-22,2022-03-29,"-24 day ahead inc hosp","quantile",0.1,1944,"COVID-19"
"DE-BY","00+",2022-04-22,2022-03-29,"-24 day ahead inc hosp","quantile",0.25,1971,"COVID-19"
"DE-BY","00+",2022-04-22,2022-03-29,"-24 day ahead inc hosp","quantile",0.5,2011,"COVID-19"
"DE-BY","00+",2022-04-22,2022-03-29,"-24 day ahead inc hosp","quantile",0.75,2064,"COVID-19"
"DE-BY","00+",2022-04-22,2022-03-29,"-24 day ahead inc hosp","quantile",0.9,2124,"COVID-19"
"DE-BY","00+",2022-04-22,2022-03-29,"-24 day ahead inc hosp","quantile",0.975,2204,"COVID-19"
"DE-BY","00+",2022-04-22,2022-03-28,"-25 day ahead inc hosp","mean",NA,2023,"COVID-19"
"DE-BY","00+",2022-04-22,2022-03-28,"-25 day ahead inc hosp","quantile",0.025,1929,"COVID-19"
"DE-BY","00+",2022-04-22,2022-03-28,"-25 day ahead inc hosp","quantile",0.1,1948,"COVID-19"
"DE-BY","00+",2022-04-22,2022-03-28,"-25 day ahead inc hosp","quantile",0.25,1972,"COVID-19"
"DE-BY","00+",2022-04-22,2022-03-28,"-25 day ahead inc hosp","quantile",0.5,2010,"COVID-19"
"DE-BY","00+",2022-04-22,2022-03-28,"-25 day ahead inc hosp","quantile",0.75,2060,"COVID-19"
"DE-BY","00+",2022-04-22,2022-03-28,"-25 day ahead inc hosp","quantile",0.9,2116,"COVID-19"
"DE-BY","00+",2022-04-22,2022-03-28,"-25 day ahead inc hosp","quantile",0.975,2192,"COVID-19"
"DE-BY","00+",2022-04-22,2022-03-27,"-26 day ahead inc hosp","mean",NA,2004,"COVID-19"
"DE-BY","00+",2022-04-22,2022-03-27,"-26 day ahead inc hosp","quantile",0.025,1913,"COVID-19"
"DE-BY","00+",2022-04-22,2022-03-27,"-26 day ahead inc hosp","quantile",0.1,1931,"COVID-19"
"DE-BY","00+",2022-04-22,2022-03-27,"-26 day ahead inc hosp","quantile",0.25,1955,"COVID-19"
"DE-BY","00+",2022-04-22,2022-03-27,"-26 day ahead inc hosp","quantile",0.5,1991,"COVID-19"
"DE-BY","00+",2022-04-22,2022-03-27,"-26 day ahead inc hosp","quantile",0.75,2039,"COVID-19"
"DE-BY","00+",2022-04-22,2022-03-27,"-26 day ahead inc hosp","quantile",0.9,2093,"COVID-19"
"DE-BY","00+",2022-04-22,2022-03-27,"-26 day ahead inc hosp","quantile",0.975,2168,"COVID-19"
"DE-BY","00+",2022-04-22,2022-03-26,"-27 day ahead inc hosp","mean",NA,2050,"COVID-19"
"DE-BY","00+",2022-04-22,2022-03-26,"-27 day ahead inc hosp","quantile",0.025,1962,"COVID-19"
"DE-BY","00+",2022-04-22,2022-03-26,"-27 day ahead inc hosp","quantile",0.1,1979,"COVID-19"
"DE-BY","00+",2022-04-22,2022-03-26,"-27 day ahead inc hosp","quantile",0.25,2002,"COVID-19"
"DE-BY","00+",2022-04-22,2022-03-26,"-27 day ahead inc hosp","quantile",0.5,2037,"COVID-19"
"DE-BY","00+",2022-04-22,2022-03-26,"-27 day ahead inc hosp","quantile",0.75,2084,"COVID-19"
"DE-BY","00+",2022-04-22,2022-03-26,"-27 day ahead inc hosp","quantile",0.9,2137,"COVID-19"
"DE-BY","00+",2022-04-22,2022-03-26,"-27 day ahead inc hosp","quantile",0.975,2210,"COVID-19"
"DE-BY","00+",2022-04-22,2022-03-25,"-28 day ahead inc hosp","mean",NA,2071,"COVID-19"
"DE-BY","00+",2022-04-22,2022-03-25,"-28 day ahead inc hosp","quantile",0.025,1990,"COVID-19"
"DE-BY","00+",2022-04-22,2022-03-25,"-28 day ahead inc hosp","quantile",0.1,2005,"COVID-19"
"DE-BY","00+",2022-04-22,2022-03-25,"-28 day ahead inc hosp","quantile",0.25,2026,"COVID-19"
"DE-BY","00+",2022-04-22,2022-03-25,"-28 day ahead inc hosp","quantile",0.5,2059,"COVID-19"
"DE-BY","00+",2022-04-22,2022-03-25,"-28 day ahead inc hosp","quantile",0.75,2103,"COVID-19"
"DE-BY","00+",2022-04-22,2022-03-25,"-28 day ahead inc hosp","quantile",0.9,2152,"COVID-19"
"DE-BY","00+",2022-04-22,2022-03-25,"-28 day ahead inc hosp","quantile",0.975,2221,"COVID-19"
"DE-HB","00+",2022-04-22,2022-04-22,"0 day ahead inc hosp","mean",NA,18,"COVID-19"
"DE-HB","00+",2022-04-22,2022-04-22,"0 day ahead inc hosp","quantile",0.025,13,"COVID-19"
"DE-HB","00+",2022-04-22,2022-04-22,"0 day ahead inc hosp","quantile",0.1,14,"COVID-19"
"DE-HB","00+",2022-04-22,2022-04-22,"0 day ahead inc hosp","quantile",0.25,15,"COVID-19"
"DE-HB","00+",2022-04-22,2022-04-22,"0 day ahead inc hosp","quantile",0.5,17,"COVID-19"
"DE-HB","00+",2022-04-22,2022-04-22,"0 day ahead inc hosp","quantile",0.75,20,"COVID-19"
"DE-HB","00+",2022-04-22,2022-04-22,"0 day ahead inc hosp","quantile",0.9,23,"COVID-19"
"DE-HB","00+",2022-04-22,2022-04-22,"0 day ahead inc hosp","quantile",0.975,26,"COVID-19"
"DE-HB","00+",2022-04-22,2022-04-21,"-1 day ahead inc hosp","mean",NA,17,"COVID-19"
"DE-HB","00+",2022-04-22,2022-04-21,"-1 day ahead inc hosp","quantile",0.025,13,"COVID-19"
"DE-HB","00+",2022-04-22,2022-04-21,"-1 day ahead inc hosp","quantile",0.1,14,"COVID-19"
"DE-HB","00+",2022-04-22,2022-04-21,"-1 day ahead inc hosp","quantile",0.25,15,"COVID-19"
"DE-HB","00+",2022-04-22,2022-04-21,"-1 day ahead inc hosp","quantile",0.5,17,"COVID-19"
"DE-HB","00+",2022-04-22,2022-04-21,"-1 day ahead inc hosp","quantile",0.75,19,"COVID-19"
"DE-HB","00+",2022-04-22,2022-04-21,"-1 day ahead inc hosp","quantile",0.9,21,"COVID-19"
"DE-HB","00+",2022-04-22,2022-04-21,"-1 day ahead inc hosp","quantile",0.975,23,"COVID-19"
"DE-HB","00+",2022-04-22,2022-04-20,"-2 day ahead inc hosp","mean",NA,19,"COVID-19"
"DE-HB","00+",2022-04-22,2022-04-20,"-2 day ahead inc hosp","quantile",0.025,15,"COVID-19"
"DE-HB","00+",2022-04-22,2022-04-20,"-2 day ahead inc hosp","quantile",0.1,16,"COVID-19"
"DE-HB","00+",2022-04-22,2022-04-20,"-2 day ahead inc hosp","quantile",0.25,17,"COVID-19"
"DE-HB","00+",2022-04-22,2022-04-20,"-2 day ahead inc hosp","quantile",0.5,19,"COVID-19"
"DE-HB","00+",2022-04-22,2022-04-20,"-2 day ahead inc hosp","quantile",0.75,20,"COVID-19"
"DE-HB","00+",2022-04-22,2022-04-20,"-2 day ahead inc hosp","quantile",0.9,22,"COVID-19"
"DE-HB","00+",2022-04-22,2022-04-20,"-2 day ahead inc hosp","quantile",0.975,24,"COVID-19"
"DE-HB","00+",2022-04-22,2022-04-19,"-3 day ahead inc hosp","mean",NA,19,"COVID-19"
"DE-HB","00+",2022-04-22,2022-04-19,"-3 day ahead inc hosp","quantile",0.025,16,"COVID-19"
"DE-HB","00+",2022-04-22,2022-04-19,"-3 day ahead inc hosp","quantile",0.1,17,"COVID-19"
"DE-HB","00+",2022-04-22,2022-04-19,"-3 day ahead inc hosp","quantile",0.25,18,"COVID-19"
"DE-HB","00+",2022-04-22,2022-04-19,"-3 day ahead inc hosp","quantile",0.5,19,"COVID-19"
"DE-HB","00+",2022-04-22,2022-04-19,"-3 day ahead inc hosp","quantile",0.75,20,"COVID-19"
"DE-HB","00+",2022-04-22,2022-04-19,"-3 day ahead inc hosp","quantile",0.9,22,"COVID-19"
"DE-HB","00+",2022-04-22,2022-04-19,"-3 day ahead inc hosp","quantile",0.975,23,"COVID-19"
"DE-HB","00+",2022-04-22,2022-04-18,"-4 day ahead inc hosp","mean",NA,26,"COVID-19"
"DE-HB","00+",2022-04-22,2022-04-18,"-4 day ahead inc hosp","quantile",0.025,22,"COVID-19"
"DE-HB","00+",2022-04-22,2022-04-18,"-4 day ahead inc hosp","quantile",0.1,23,"COVID-19"
"DE-HB","00+",2022-04-22,2022-04-18,"-4 day ahead inc hosp","quantile",0.25,24,"COVID-19"
"DE-HB","00+",2022-04-22,2022-04-18,"-4 day ahead inc hosp","quantile",0.5,26,"COVID-19"
"DE-HB","00+",2022-04-22,2022-04-18,"-4 day ahead inc hosp","quantile",0.75,27,"COVID-19"
"DE-HB","00+",2022-04-22,2022-04-18,"-4 day ahead inc hosp","quantile",0.9,28,"COVID-19"
"DE-HB","00+",2022-04-22,2022-04-18,"-4 day ahead inc hosp","quantile",0.975,30,"COVID-19"
"DE-HB","00+",2022-04-22,2022-04-17,"-5 day ahead inc hosp","mean",NA,27,"COVID-19"
"DE-HB","00+",2022-04-22,2022-04-17,"-5 day ahead inc hosp","quantile",0.025,24,"COVID-19"
"DE-HB","00+",2022-04-22,2022-04-17,"-5 day ahead inc hosp","quantile",0.1,24,"COVID-19"
"DE-HB","00+",2022-04-22,2022-04-17,"-5 day ahead inc hosp","quantile",0.25,25,"COVID-19"
"DE-HB","00+",2022-04-22,2022-04-17,"-5 day ahead inc hosp","quantile",0.5,27,"COVID-19"
"DE-HB","00+",2022-04-22,2022-04-17,"-5 day ahead inc hosp","quantile",0.75,28,"COVID-19"
"DE-HB","00+",2022-04-22,2022-04-17,"-5 day ahead inc hosp","quantile",0.9,30,"COVID-19"
"DE-HB","00+",2022-04-22,2022-04-17,"-5 day ahead inc hosp","quantile",0.975,31,"COVID-19"
"DE-HB","00+",2022-04-22,2022-04-16,"-6 day ahead inc hosp","mean",NA,24,"COVID-19"
"DE-HB","00+",2022-04-22,2022-04-16,"-6 day ahead inc hosp","quantile",0.025,21,"COVID-19"
"DE-HB","00+",2022-04-22,2022-04-16,"-6 day ahead inc hosp","quantile",0.1,22,"COVID-19"
"DE-HB","00+",2022-04-22,2022-04-16,"-6 day ahead inc hosp","quantile",0.25,23,"COVID-19"
"DE-HB","00+",2022-04-22,2022-04-16,"-6 day ahead inc hosp","quantile",0.5,24,"COVID-19"
"DE-HB","00+",2022-04-22,2022-04-16,"-6 day ahead inc hosp","quantile",0.75,25,"COVID-19"
"DE-HB","00+",2022-04-22,2022-04-16,"-6 day ahead inc hosp","quantile",0.9,27,"COVID-19"
"DE-HB","00+",2022-04-22,2022-04-16,"-6 day ahead inc hosp","quantile",0.975,28,"COVID-19"
"DE-HB","00+",2022-04-22,2022-04-15,"-7 day ahead inc hosp","mean",NA,25,"COVID-19"
"DE-HB","00+",2022-04-22,2022-04-15,"-7 day ahead inc hosp","quantile",0.025,22,"COVID-19"
"DE-HB","00+",2022-04-22,2022-04-15,"-7 day ahead inc hosp","quantile",0.1,23,"COVID-19"
"DE-HB","00+",2022-04-22,2022-04-15,"-7 day ahead inc hosp","quantile",0.25,24,"COVID-19"
"DE-HB","00+",2022-04-22,2022-04-15,"-7 day ahead inc hosp","quantile",0.5,25,"COVID-19"
"DE-HB","00+",2022-04-22,2022-04-15,"-7 day ahead inc hosp","quantile",0.75,26,"COVID-19"
"DE-HB","00+",2022-04-22,2022-04-15,"-7 day ahead inc hosp","quantile",0.9,28,"COVID-19"
"DE-HB","00+",2022-04-22,2022-04-15,"-7 day ahead inc hosp","quantile",0.975,29,"COVID-19"
"DE-HB","00+",2022-04-22,2022-04-14,"-8 day ahead inc hosp","mean",NA,25,"COVID-19"
"DE-HB","00+",2022-04-22,2022-04-14,"-8 day ahead inc hosp","quantile",0.025,22,"COVID-19"
"DE-HB","00+",2022-04-22,2022-04-14,"-8 day ahead inc hosp","quantile",0.1,23,"COVID-19"
"DE-HB","00+",2022-04-22,2022-04-14,"-8 day ahead inc hosp","quantile",0.25,24,"COVID-19"
"DE-HB","00+",2022-04-22,2022-04-14,"-8 day ahead inc hosp","quantile",0.5,25,"COVID-19"
"DE-HB","00+",2022-04-22,2022-04-14,"-8 day ahead inc hosp","quantile",0.75,26,"COVID-19"
"DE-HB","00+",2022-04-22,2022-04-14,"-8 day ahead inc hosp","quantile",0.9,27,"COVID-19"
"DE-HB","00+",2022-04-22,2022-04-14,"-8 day ahead inc hosp","quantile",0.975,29,"COVID-19"
"DE-HB","00+",2022-04-22,2022-04-13,"-9 day ahead inc hosp","mean",NA,25,"COVID-19"
"DE-HB","00+",2022-04-22,2022-04-13,"-9 day ahead inc hosp","quantile",0.025,22,"COVID-19"
"DE-HB","00+",2022-04-22,2022-04-13,"-9 day ahead inc hosp","quantile",0.1,23,"COVID-19"
"DE-HB","00+",2022-04-22,2022-04-13,"-9 day ahead inc hosp","quantile",0.25,23,"COVID-19"
"DE-HB","00+",2022-04-22,2022-04-13,"-9 day ahead inc hosp","quantile",0.5,24,"COVID-19"
"DE-HB","00+",2022-04-22,2022-04-13,"-9 day ahead inc hosp","quantile",0.75,26,"COVID-19"
"DE-HB","00+",2022-04-22,2022-04-13,"-9 day ahead inc hosp","quantile",0.9,27,"COVID-19"
"DE-HB","00+",2022-04-22,2022-04-13,"-9 day ahead inc hosp","quantile",0.975,28,"COVID-19"
"DE-HB","00+",2022-04-22,2022-04-12,"-10 day ahead inc hosp","mean",NA,20,"COVID-19"
"DE-HB","00+",2022-04-22,2022-04-12,"-10 day ahead inc hosp","quantile",0.025,18,"COVID-19"
"DE-HB","00+",2022-04-22,2022-04-12,"-10 day ahead inc hosp","quantile",0.1,18,"COVID-19"
"DE-HB","00+",2022-04-22,2022-04-12,"-10 day ahead inc hosp","quantile",0.25,19,"COVID-19"
"DE-HB","00+",2022-04-22,2022-04-12,"-10 day ahead inc hosp","quantile",0.5,20,"COVID-19"
"DE-HB","00+",2022-04-22,2022-04-12,"-10 day ahead inc hosp","quantile",0.75,21,"COVID-19"
"DE-HB","00+",2022-04-22,2022-04-12,"-10 day ahead inc hosp","quantile",0.9,22,"COVID-19"
"DE-HB","00+",2022-04-22,2022-04-12,"-10 day ahead inc hosp","quantile",0.975,23,"COVID-19"
"DE-HB","00+",2022-04-22,2022-04-11,"-11 day ahead inc hosp","mean",NA,28,"COVID-19"
"DE-HB","00+",2022-04-22,2022-04-11,"-11 day ahead inc hosp","quantile",0.025,26,"COVID-19"
"DE-HB","00+",2022-04-22,2022-04-11,"-11 day ahead inc hosp","quantile",0.1,26,"COVID-19"
"DE-HB","00+",2022-04-22,2022-04-11,"-11 day ahead inc hosp","quantile",0.25,27,"COVID-19"
"DE-HB","00+",2022-04-22,2022-04-11,"-11 day ahead inc hosp","quantile",0.5,28,"COVID-19"
"DE-HB","00+",2022-04-22,2022-04-11,"-11 day ahead inc hosp","quantile",0.75,29,"COVID-19"
"DE-HB","00+",2022-04-22,2022-04-11,"-11 day ahead inc hosp","quantile",0.9,30,"COVID-19"
"DE-HB","00+",2022-04-22,2022-04-11,"-11 day ahead inc hosp","quantile",0.975,31,"COVID-19"
"DE-HB","00+",2022-04-22,2022-04-10,"-12 day ahead inc hosp","mean",NA,27,"COVID-19"
"DE-HB","00+",2022-04-22,2022-04-10,"-12 day ahead inc hosp","quantile",0.025,25,"COVID-19"
"DE-HB","00+",2022-04-22,2022-04-10,"-12 day ahead inc hosp","quantile",0.1,25,"COVID-19"
"DE-HB","00+",2022-04-22,2022-04-10,"-12 day ahead inc hosp","quantile",0.25,26,"COVID-19"
"DE-HB","00+",2022-04-22,2022-04-10,"-12 day ahead inc hosp","quantile",0.5,27,"COVID-19"
"DE-HB","00+",2022-04-22,2022-04-10,"-12 day ahead inc hosp","quantile",0.75,28,"COVID-19"
"DE-HB","00+",2022-04-22,2022-04-10,"-12 day ahead inc hosp","quantile",0.9,29,"COVID-19"
"DE-HB","00+",2022-04-22,2022-04-10,"-12 day ahead inc hosp","quantile",0.975,31,"COVID-19"
"DE-HB","00+",2022-04-22,2022-04-09,"-13 day ahead inc hosp","mean",NA,27,"COVID-19"
"DE-HB","00+",2022-04-22,2022-04-09,"-13 day ahead inc hosp","quantile",0.025,25,"COVID-19"
"DE-HB","00+",2022-04-22,2022-04-09,"-13 day ahead inc hosp","quantile",0.1,25,"COVID-19"
"DE-HB","00+",2022-04-22,2022-04-09,"-13 day ahead inc hosp","quantile",0.25,26,"COVID-19"
"DE-HB","00+",2022-04-22,2022-04-09,"-13 day ahead inc hosp","quantile",0.5,27,"COVID-19"
"DE-HB","00+",2022-04-22,2022-04-09,"-13 day ahead inc hosp","quantile",0.75,28,"COVID-19"
"DE-HB","00+",2022-04-22,2022-04-09,"-13 day ahead inc hosp","quantile",0.9,29,"COVID-19"
"DE-HB","00+",2022-04-22,2022-04-09,"-13 day ahead inc hosp","quantile",0.975,32,"COVID-19"
"DE-HB","00+",2022-04-22,2022-04-08,"-14 day ahead inc hosp","mean",NA,29,"COVID-19"
"DE-HB","00+",2022-04-22,2022-04-08,"-14 day ahead inc hosp","quantile",0.025,27,"COVID-19"
"DE-HB","00+",2022-04-22,2022-04-08,"-14 day ahead inc hosp","quantile",0.1,27,"COVID-19"
"DE-HB","00+",2022-04-22,2022-04-08,"-14 day ahead inc hosp","quantile",0.25,28,"COVID-19"
"DE-HB","00+",2022-04-22,2022-04-08,"-14 day ahead inc hosp","quantile",0.5,29,"COVID-19"
"DE-HB","00+",2022-04-22,2022-04-08,"-14 day ahead inc hosp","quantile",0.75,30,"COVID-19"
"DE-HB","00+",2022-04-22,2022-04-08,"-14 day ahead inc hosp","quantile",0.9,32,"COVID-19"
"DE-HB","00+",2022-04-22,2022-04-08,"-14 day ahead inc hosp","quantile",0.975,34,"COVID-19"
"DE-HB","00+",2022-04-22,2022-04-07,"-15 day ahead inc hosp","mean",NA,31,"COVID-19"
"DE-HB","00+",2022-04-22,2022-04-07,"-15 day ahead inc hosp","quantile",0.025,29,"COVID-19"
"DE-HB","00+",2022-04-22,2022-04-07,"-15 day ahead inc hosp","quantile",0.1,29,"COVID-19"
"DE-HB","00+",2022-04-22,2022-04-07,"-15 day ahead inc hosp","quantile",0.25,29,"COVID-19"
"DE-HB","00+",2022-04-22,2022-04-07,"-15 day ahead inc hosp","quantile",0.5,30,"COVID-19"
"DE-HB","00+",2022-04-22,2022-04-07,"-15 day ahead inc hosp","quantile",0.75,32,"COVID-19"
"DE-HB","00+",2022-04-22,2022-04-07,"-15 day ahead inc hosp","quantile",0.9,34,"COVID-19"
"DE-HB","00+",2022-04-22,2022-04-07,"-15 day ahead inc hosp","quantile",0.975,36,"COVID-19"
"DE-HB","00+",2022-04-22,2022-04-06,"-16 day ahead inc hosp","mean",NA,33,"COVID-19"
"DE-HB","00+",2022-04-22,2022-04-06,"-16 day ahead inc hosp","quantile",0.025,31,"COVID-19"
"DE-HB","00+",2022-04-22,2022-04-06,"-16 day ahead inc hosp","quantile",0.1,31,"COVID-19"
"DE-HB","00+",2022-04-22,2022-04-06,"-16 day ahead inc hosp","quantile",0.25,32,"COVID-19"
"DE-HB","00+",2022-04-22,2022-04-06,"-16 day ahead inc hosp","quantile",0.5,33,"COVID-19"
"DE-HB","00+",2022-04-22,2022-04-06,"-16 day ahead inc hosp","quantile",0.75,34,"COVID-19"
"DE-HB","00+",2022-04-22,2022-04-06,"-16 day ahead inc hosp","quantile",0.9,36,"COVID-19"
"DE-HB","00+",2022-04-22,2022-04-06,"-16 day ahead inc hosp","quantile",0.975,38,"COVID-19"
"DE-HB","00+",2022-04-22,2022-04-05,"-17 day ahead inc hosp","mean",NA,39,"COVID-19"
"DE-HB","00+",2022-04-22,2022-04-05,"-17 day ahead inc hosp","quantile",0.025,37,"COVID-19"
"DE-HB","00+",2022-04-22,2022-04-05,"-17 day ahead inc hosp","quantile",0.1,37,"COVID-19"
"DE-HB","00+",2022-04-22,2022-04-05,"-17 day ahead inc hosp","quantile",0.25,38,"COVID-19"
"DE-HB","00+",2022-04-22,2022-04-05,"-17 day ahead inc hosp","quantile",0.5,39,"COVID-19"
"DE-HB","00+",2022-04-22,2022-04-05,"-17 day ahead inc hosp","quantile",0.75,40,"COVID-19"
"DE-HB","00+",2022-04-22,2022-04-05,"-17 day ahead inc hosp","quantile",0.9,42,"COVID-19"
"DE-HB","00+",2022-04-22,2022-04-05,"-17 day ahead inc hosp","quantile",0.975,44,"COVID-19"
"DE-HB","00+",2022-04-22,2022-04-04,"-18 day ahead inc hosp","mean",NA,27,"COVID-19"
"DE-HB","00+",2022-04-22,2022-04-04,"-18 day ahead inc hosp","quantile",0.025,26,"COVID-19"
"DE-HB","00+",2022-04-22,2022-04-04,"-18 day ahead inc hosp","quantile",0.1,26,"COVID-19"
"DE-HB","00+",2022-04-22,2022-04-04,"-18 day ahead inc hosp","quantile",0.25,26,"COVID-19"
"DE-HB","00+",2022-04-22,2022-04-04,"-18 day ahead inc hosp","quantile",0.5,27,"COVID-19"
"DE-HB","00+",2022-04-22,2022-04-04,"-18 day ahead inc hosp","quantile",0.75,28,"COVID-19"
"DE-HB","00+",2022-04-22,2022-04-04,"-18 day ahead inc hosp","quantile",0.9,29,"COVID-19"
"DE-HB","00+",2022-04-22,2022-04-04,"-18 day ahead inc hosp","quantile",0.975,30,"COVID-19"
"DE-HB","00+",2022-04-22,2022-04-03,"-19 day ahead inc hosp","mean",NA,28,"COVID-19"
"DE-HB","00+",2022-04-22,2022-04-03,"-19 day ahead inc hosp","quantile",0.025,27,"COVID-19"
"DE-HB","00+",2022-04-22,2022-04-03,"-19 day ahead inc hosp","quantile",0.1,27,"COVID-19"
"DE-HB","00+",2022-04-22,2022-04-03,"-19 day ahead inc hosp","quantile",0.25,27,"COVID-19"
"DE-HB","00+",2022-04-22,2022-04-03,"-19 day ahead inc hosp","quantile",0.5,28,"COVID-19"
"DE-HB","00+",2022-04-22,2022-04-03,"-19 day ahead inc hosp","quantile",0.75,29,"COVID-19"
"DE-HB","00+",2022-04-22,2022-04-03,"-19 day ahead inc hosp","quantile",0.9,30,"COVID-19"
"DE-HB","00+",2022-04-22,2022-04-03,"-19 day ahead inc hosp","quantile",0.975,31,"COVID-19"
"DE-HB","00+",2022-04-22,2022-04-02,"-20 day ahead inc hosp","mean",NA,30,"COVID-19"
"DE-HB","00+",2022-04-22,2022-04-02,"-20 day ahead inc hosp","quantile",0.025,29,"COVID-19"
"DE-HB","00+",2022-04-22,2022-04-02,"-20 day ahead inc hosp","quantile",0.1,29,"COVID-19"
"DE-HB","00+",2022-04-22,2022-04-02,"-20 day ahead inc hosp","quantile",0.25,29,"COVID-19"
"DE-HB","00+",2022-04-22,2022-04-02,"-20 day ahead inc hosp","quantile",0.5,30,"COVID-19"
"DE-HB","00+",2022-04-22,2022-04-02,"-20 day ahead inc hosp","quantile",0.75,31,"COVID-19"
"DE-HB","00+",2022-04-22,2022-04-02,"-20 day ahead inc hosp","quantile",0.9,32,"COVID-19"
"DE-HB","00+",2022-04-22,2022-04-02,"-20 day ahead inc hosp","quantile",0.975,33,"COVID-19"
"DE-HB","00+",2022-04-22,2022-04-01,"-21 day ahead inc hosp","mean",NA,29,"COVID-19"
"DE-HB","00+",2022-04-22,2022-04-01,"-21 day ahead inc hosp","quantile",0.025,28,"COVID-19"
"DE-HB","00+",2022-04-22,2022-04-01,"-21 day ahead inc hosp","quantile",0.1,28,"COVID-19"
"DE-HB","00+",2022-04-22,2022-04-01,"-21 day ahead inc hosp","quantile",0.25,28,"COVID-19"
"DE-HB","00+",2022-04-22,2022-04-01,"-21 day ahead inc hosp","quantile",0.5,29,"COVID-19"
"DE-HB","00+",2022-04-22,2022-04-01,"-21 day ahead inc hosp","quantile",0.75,30,"COVID-19"
"DE-HB","00+",2022-04-22,2022-04-01,"-21 day ahead inc hosp","quantile",0.9,30,"COVID-19"
"DE-HB","00+",2022-04-22,2022-04-01,"-21 day ahead inc hosp","quantile",0.975,32,"COVID-19"
"DE-HB","00+",2022-04-22,2022-03-31,"-22 day ahead inc hosp","mean",NA,31,"COVID-19"
"DE-HB","00+",2022-04-22,2022-03-31,"-22 day ahead inc hosp","quantile",0.025,30,"COVID-19"
"DE-HB","00+",2022-04-22,2022-03-31,"-22 day ahead inc hosp","quantile",0.1,30,"COVID-19"
"DE-HB","00+",2022-04-22,2022-03-31,"-22 day ahead inc hosp","quantile",0.25,30,"COVID-19"
"DE-HB","00+",2022-04-22,2022-03-31,"-22 day ahead inc hosp","quantile",0.5,31,"COVID-19"
"DE-HB","00+",2022-04-22,2022-03-31,"-22 day ahead inc hosp","quantile",0.75,31,"COVID-19"
"DE-HB","00+",2022-04-22,2022-03-31,"-22 day ahead inc hosp","quantile",0.9,32,"COVID-19"
"DE-HB","00+",2022-04-22,2022-03-31,"-22 day ahead inc hosp","quantile",0.975,33,"COVID-19"
"DE-HB","00+",2022-04-22,2022-03-30,"-23 day ahead inc hosp","mean",NA,39,"COVID-19"
"DE-HB","00+",2022-04-22,2022-03-30,"-23 day ahead inc hosp","quantile",0.025,38,"COVID-19"
"DE-HB","00+",2022-04-22,2022-03-30,"-23 day ahead inc hosp","quantile",0.1,38,"COVID-19"
"DE-HB","00+",2022-04-22,2022-03-30,"-23 day ahead inc hosp","quantile",0.25,38,"COVID-19"
"DE-HB","00+",2022-04-22,2022-03-30,"-23 day ahead inc hosp","quantile",0.5,39,"COVID-19"
"DE-HB","00+",2022-04-22,2022-03-30,"-23 day ahead inc hosp","quantile",0.75,39,"COVID-19"
"DE-HB","00+",2022-04-22,2022-03-30,"-23 day ahead inc hosp","quantile",0.9,40,"COVID-19"
"DE-HB","00+",2022-04-22,2022-03-30,"-23 day ahead inc hosp","quantile",0.975,42,"COVID-19"
"DE-HB","00+",2022-04-22,2022-03-29,"-24 day ahead inc hosp","mean",NA,40,"COVID-19"
"DE-HB","00+",2022-04-22,2022-03-29,"-24 day ahead inc hosp","quantile",0.025,39,"COVID-19"
"DE-HB","00+",2022-04-22,2022-03-29,"-24 day ahead inc hosp","quantile",0.1,39,"COVID-19"
"DE-HB","00+",2022-04-22,2022-03-29,"-24 day ahead inc hosp","quantile",0.25,39,"COVID-19"
"DE-HB","00+",2022-04-22,2022-03-29,"-24 day ahead inc hosp","quantile",0.5,39,"COVID-19"
"DE-HB","00+",2022-04-22,2022-03-29,"-24 day ahead inc hosp","quantile",0.75,40,"COVID-19"
"DE-HB","00+",2022-04-22,2022-03-29,"-24 day ahead inc hosp","quantile",0.9,41,"COVID-19"
"DE-HB","00+",2022-04-22,2022-03-29,"-24 day ahead inc hosp","quantile",0.975,43,"COVID-19"
"DE-HB","00+",2022-04-22,2022-03-28,"-25 day ahead inc hosp","mean",NA,48,"COVID-19"
"DE-HB","00+",2022-04-22,2022-03-28,"-25 day ahead inc hosp","quantile",0.025,47,"COVID-19"
"DE-HB","00+",2022-04-22,2022-03-28,"-25 day ahead inc hosp","quantile",0.1,47,"COVID-19"
"DE-HB","00+",2022-04-22,2022-03-28,"-25 day ahead inc hosp","quantile",0.25,47,"COVID-19"
"DE-HB","00+",2022-04-22,2022-03-28,"-25 day ahead inc hosp","quantile",0.5,47,"COVID-19"
"DE-HB","00+",2022-04-22,2022-03-28,"-25 day ahead inc hosp","quantile",0.75,48,"COVID-19"
"DE-HB","00+",2022-04-22,2022-03-28,"-25 day ahead inc hosp","quantile",0.9,50,"COVID-19"
"DE-HB","00+",2022-04-22,2022-03-28,"-25 day ahead inc hosp","quantile",0.975,52,"COVID-19"
"DE-HB","00+",2022-04-22,2022-03-27,"-26 day ahead inc hosp","mean",NA,48,"COVID-19"
"DE-HB","00+",2022-04-22,2022-03-27,"-26 day ahead inc hosp","quantile",0.025,47,"COVID-19"
"DE-HB","00+",2022-04-22,2022-03-27,"-26 day ahead inc hosp","quantile",0.1,47,"COVID-19"
"DE-HB","00+",2022-04-22,2022-03-27,"-26 day ahead inc hosp","quantile",0.25,47,"COVID-19"
"DE-HB","00+",2022-04-22,2022-03-27,"-26 day ahead inc hosp","quantile",0.5,47,"COVID-19"
"DE-HB","00+",2022-04-22,2022-03-27,"-26 day ahead inc hosp","quantile",0.75,48,"COVID-19"
"DE-HB","00+",2022-04-22,2022-03-27,"-26 day ahead inc hosp","quantile",0.9,50,"COVID-19"
"DE-HB","00+",2022-04-22,2022-03-27,"-26 day ahead inc hosp","quantile",0.975,53,"COVID-19"
"DE-HB","00+",2022-04-22,2022-03-26,"-27 day ahead inc hosp","mean",NA,46,"COVID-19"
"DE-HB","00+",2022-04-22,2022-03-26,"-27 day ahead inc hosp","quantile",0.025,45,"COVID-19"
"DE-HB","00+",2022-04-22,2022-03-26,"-27 day ahead inc hosp","quantile",0.1,45,"COVID-19"
"DE-HB","00+",2022-04-22,2022-03-26,"-27 day ahead inc hosp","quantile",0.25,45,"COVID-19"
"DE-HB","00+",2022-04-22,2022-03-26,"-27 day ahead inc hosp","quantile",0.5,45,"COVID-19"
"DE-HB","00+",2022-04-22,2022-03-26,"-27 day ahead inc hosp","quantile",0.75,46,"COVID-19"
"DE-HB","00+",2022-04-22,2022-03-26,"-27 day ahead inc hosp","quantile",0.9,48,"COVID-19"
"DE-HB","00+",2022-04-22,2022-03-26,"-27 day ahead inc hosp","quantile",0.975,51,"COVID-19"
"DE-HB","00+",2022-04-22,2022-03-25,"-28 day ahead inc hosp","mean",NA,48,"COVID-19"
"DE-HB","00+",2022-04-22,2022-03-25,"-28 day ahead inc hosp","quantile",0.025,47,"COVID-19"
"DE-HB","00+",2022-04-22,2022-03-25,"-28 day ahead inc hosp","quantile",0.1,47,"COVID-19"
"DE-HB","00+",2022-04-22,2022-03-25,"-28 day ahead inc hosp","quantile",0.25,47,"COVID-19"
"DE-HB","00+",2022-04-22,2022-03-25,"-28 day ahead inc hosp","quantile",0.5,47,"COVID-19"
"DE-HB","00+",2022-04-22,2022-03-25,"-28 day ahead inc hosp","quantile",0.75,48,"COVID-19"
"DE-HB","00+",2022-04-22,2022-03-25,"-28 day ahead inc hosp","quantile",0.9,50,"COVID-19"
"DE-HB","00+",2022-04-22,2022-03-25,"-28 day ahead inc hosp","quantile",0.975,53,"COVID-19"
"DE-HE","00+",2022-04-22,2022-04-22,"0 day ahead inc hosp","mean",NA,528,"COVID-19"
"DE-HE","00+",2022-04-22,2022-04-22,"0 day ahead inc hosp","quantile",0.025,356,"COVID-19"
"DE-HE","00+",2022-04-22,2022-04-22,"0 day ahead inc hosp","quantile",0.1,396,"COVID-19"
"DE-HE","00+",2022-04-22,2022-04-22,"0 day ahead inc hosp","quantile",0.25,442,"COVID-19"
"DE-HE","00+",2022-04-22,2022-04-22,"0 day ahead inc hosp","quantile",0.5,509,"COVID-19"
"DE-HE","00+",2022-04-22,2022-04-22,"0 day ahead inc hosp","quantile",0.75,593,"COVID-19"
"DE-HE","00+",2022-04-22,2022-04-22,"0 day ahead inc hosp","quantile",0.9,684,"COVID-19"
"DE-HE","00+",2022-04-22,2022-04-22,"0 day ahead inc hosp","quantile",0.975,804,"COVID-19"
"DE-HE","00+",2022-04-22,2022-04-21,"-1 day ahead inc hosp","mean",NA,560,"COVID-19"
"DE-HE","00+",2022-04-22,2022-04-21,"-1 day ahead inc hosp","quantile",0.025,400,"COVID-19"
"DE-HE","00+",2022-04-22,2022-04-21,"-1 day ahead inc hosp","quantile",0.1,435,"COVID-19"
"DE-HE","00+",2022-04-22,2022-04-21,"-1 day ahead inc hosp","quantile",0.25,478,"COVID-19"
"DE-HE","00+",2022-04-22,2022-04-21,"-1 day ahead inc hosp","quantile",0.5,541,"COVID-19"
"DE-HE","00+",2022-04-22,2022-04-21,"-1 day ahead inc hosp","quantile",0.75,621,"COVID-19"
"DE-HE","00+",2022-04-22,2022-04-21,"-1 day ahead inc hosp","quantile",0.9,709,"COVID-19"
"DE-HE","00+",2022-04-22,2022-04-21,"-1 day ahead inc hosp","quantile",0.975,828,"COVID-19"
"DE-HE","00+",2022-04-22,2022-04-20,"-2 day ahead inc hosp","mean",NA,492,"COVID-19"
"DE-HE","00+",2022-04-22,2022-04-20,"-2 day ahead inc hosp","quantile",0.025,378,"COVID-19"
"DE-HE","00+",2022-04-22,2022-04-20,"-2 day ahead inc hosp","quantile",0.1,403,"COVID-19"
"DE-HE","00+",2022-04-22,2022-04-20,"-2 day ahead inc hosp","quantile",0.25,433,"COVID-19"
"DE-HE","00+",2022-04-22,2022-04-20,"-2 day ahead inc hosp","quantile",0.5,478,"COVID-19"
"DE-HE","00+",2022-04-22,2022-04-20,"-2 day ahead inc hosp","quantile",0.75,536,"COVID-19"
"DE-HE","00+",2022-04-22,2022-04-20,"-2 day ahead inc hosp","quantile",0.9,599,"COVID-19"
"DE-HE","00+",2022-04-22,2022-04-20,"-2 day ahead inc hosp","quantile",0.975,685,"COVID-19"
"DE-HE","00+",2022-04-22,2022-04-19,"-3 day ahead inc hosp","mean",NA,430,"COVID-19"
"DE-HE","00+",2022-04-22,2022-04-19,"-3 day ahead inc hosp","quantile",0.025,357,"COVID-19"
"DE-HE","00+",2022-04-22,2022-04-19,"-3 day ahead inc hosp","quantile",0.1,373,"COVID-19"
"DE-HE","00+",2022-04-22,2022-04-19,"-3 day ahead inc hosp","quantile",0.25,393,"COVID-19"
"DE-HE","00+",2022-04-22,2022-04-19,"-3 day ahead inc hosp","quantile",0.5,422,"COVID-19"
"DE-HE","00+",2022-04-22,2022-04-19,"-3 day ahead inc hosp","quantile",0.75,458,"COVID-19"
"DE-HE","00+",2022-04-22,2022-04-19,"-3 day ahead inc hosp","quantile",0.9,499,"COVID-19"
"DE-HE","00+",2022-04-22,2022-04-19,"-3 day ahead inc hosp","quantile",0.975,554,"COVID-19"
"DE-HE","00+",2022-04-22,2022-04-18,"-4 day ahead inc hosp","mean",NA,489,"COVID-19"
"DE-HE","00+",2022-04-22,2022-04-18,"-4 day ahead inc hosp","quantile",0.025,418,"COVID-19"
"DE-HE","00+",2022-04-22,2022-04-18,"-4 day ahead inc hosp","quantile",0.1,433,"COVID-19"
"DE-HE","00+",2022-04-22,2022-04-18,"-4 day ahead inc hosp","quantile",0.25,452,"COVID-19"
"DE-HE","00+",2022-04-22,2022-04-18,"-4 day ahead inc hosp","quantile",0.5,480,"COVID-19"
"DE-HE","00+",2022-04-22,2022-04-18,"-4 day ahead inc hosp","quantile",0.75,516,"COVID-19"
"DE-HE","00+",2022-04-22,2022-04-18,"-4 day ahead inc hosp","quantile",0.9,555,"COVID-19"
"DE-HE","00+",2022-04-22,2022-04-18,"-4 day ahead inc hosp","quantile",0.975,608,"COVID-19"
"DE-HE","00+",2022-04-22,2022-04-17,"-5 day ahead inc hosp","mean",NA,494,"COVID-19"
"DE-HE","00+",2022-04-22,2022-04-17,"-5 day ahead inc hosp","quantile",0.025,426,"COVID-19"
"DE-HE","00+",2022-04-22,2022-04-17,"-5 day ahead inc hosp","quantile",0.1,441,"COVID-19"
"DE-HE","00+",2022-04-22,2022-04-17,"-5 day ahead inc hosp","quantile",0.25,459,"COVID-19"
"DE-HE","00+",2022-04-22,2022-04-17,"-5 day ahead inc hosp","quantile",0.5,485,"COVID-19"
"DE-HE","00+",2022-04-22,2022-04-17,"-5 day ahead inc hosp","quantile",0.75,520,"COVID-19"
"DE-HE","00+",2022-04-22,2022-04-17,"-5 day ahead inc hosp","quantile",0.9,558,"COVID-19"
"DE-HE","00+",2022-04-22,2022-04-17,"-5 day ahead inc hosp","quantile",0.975,609,"COVID-19"
"DE-HE","00+",2022-04-22,2022-04-16,"-6 day ahead inc hosp","mean",NA,506,"COVID-19"
"DE-HE","00+",2022-04-22,2022-04-16,"-6 day ahead inc hosp","quantile",0.025,442,"COVID-19"
"DE-HE","00+",2022-04-22,2022-04-16,"-6 day ahead inc hosp","quantile",0.1,456,"COVID-19"
"DE-HE","00+",2022-04-22,2022-04-16,"-6 day ahead inc hosp","quantile",0.25,473,"COVID-19"
"DE-HE","00+",2022-04-22,2022-04-16,"-6 day ahead inc hosp","quantile",0.5,498,"COVID-19"
"DE-HE","00+",2022-04-22,2022-04-16,"-6 day ahead inc hosp","quantile",0.75,531,"COVID-19"
"DE-HE","00+",2022-04-22,2022-04-16,"-6 day ahead inc hosp","quantile",0.9,568,"COVID-19"
"DE-HE","00+",2022-04-22,2022-04-16,"-6 day ahead inc hosp","quantile",0.975,618,"COVID-19"
"DE-HE","00+",2022-04-22,2022-04-15,"-7 day ahead inc hosp","mean",NA,556,"COVID-19"
"DE-HE","00+",2022-04-22,2022-04-15,"-7 day ahead inc hosp","quantile",0.025,490,"COVID-19"
"DE-HE","00+",2022-04-22,2022-04-15,"-7 day ahead inc hosp","quantile",0.1,503,"COVID-19"
"DE-HE","00+",2022-04-22,2022-04-15,"-7 day ahead inc hosp","quantile",0.25,521,"COVID-19"
"DE-HE","00+",2022-04-22,2022-04-15,"-7 day ahead inc hosp","quantile",0.5,547,"COVID-19"
"DE-HE","00+",2022-04-22,2022-04-15,"-7 day ahead inc hosp","quantile",0.75,582,"COVID-19"
"DE-HE","00+",2022-04-22,2022-04-15,"-7 day ahead inc hosp","quantile",0.9,621,"COVID-19"
"DE-HE","00+",2022-04-22,2022-04-15,"-7 day ahead inc hosp","quantile",0.975,674,"COVID-19"
"DE-HE","00+",2022-04-22,2022-04-14,"-8 day ahead inc hosp","mean",NA,568,"COVID-19"
"DE-HE","00+",2022-04-22,2022-04-14,"-8 day ahead inc hosp","quantile",0.025,508,"COVID-19"
"DE-HE","00+",2022-04-22,2022-04-14,"-8 day ahead inc hosp","quantile",0.1,520,"COVID-19"
"DE-HE","00+",2022-04-22,2022-04-14,"-8 day ahead inc hosp","quantile",0.25,535,"COVID-19"
"DE-HE","00+",2022-04-22,2022-04-14,"-8 day ahead inc hosp","quantile",0.5,559,"COVID-19"
"DE-HE","00+",2022-04-22,2022-04-14,"-8 day ahead inc hosp","quantile",0.75,592,"COVID-19"
"DE-HE","00+",2022-04-22,2022-04-14,"-8 day ahead inc hosp","quantile",0.9,628,"COVID-19"
"DE-HE","00+",2022-04-22,2022-04-14,"-8 day ahead inc hosp","quantile",0.975,678,"COVID-19"
"DE-HE","00+",2022-04-22,2022-04-13,"-9 day ahead inc hosp","mean",NA,604,"COVID-19"
"DE-HE","00+",2022-04-22,2022-04-13,"-9 day ahead inc hosp","quantile",0.025,546,"COVID-19"
"DE-HE","00+",2022-04-22,2022-04-13,"-9 day ahead inc hosp","quantile",0.1,557,"COVID-19"
"DE-HE","00+",2022-04-22,2022-04-13,"-9 day ahead inc hosp","quantile",0.25,572,"COVID-19"
"DE-HE","00+",2022-04-22,2022-04-13,"-9 day ahead inc hosp","quantile",0.5,596,"COVID-19"
"DE-HE","00+",2022-04-22,2022-04-13,"-9 day ahead inc hosp","quantile",0.75,627,"COVID-19"
"DE-HE","00+",2022-04-22,2022-04-13,"-9 day ahead inc hosp","quantile",0.9,663,"COVID-19"
"DE-HE","00+",2022-04-22,2022-04-13,"-9 day ahead inc hosp","quantile",0.975,712,"COVID-19"
"DE-HE","00+",2022-04-22,2022-04-12,"-10 day ahead inc hosp","mean",NA,615,"COVID-19"
"DE-HE","00+",2022-04-22,2022-04-12,"-10 day ahead inc hosp","quantile",0.025,562,"COVID-19"
"DE-HE","00+",2022-04-22,2022-04-12,"-10 day ahead inc hosp","quantile",0.1,572,"COVID-19"
"DE-HE","00+",2022-04-22,2022-04-12,"-10 day ahead inc hosp","quantile",0.25,586,"COVID-19"
"DE-HE","00+",2022-04-22,2022-04-12,"-10 day ahead inc hosp","quantile",0.5,607,"COVID-19"
"DE-HE","00+",2022-04-22,2022-04-12,"-10 day ahead inc hosp","quantile",0.75,636,"COVID-19"
"DE-HE","00+",2022-04-22,2022-04-12,"-10 day ahead inc hosp","quantile",0.9,669,"COVID-19"
"DE-HE","00+",2022-04-22,2022-04-12,"-10 day ahead inc hosp","quantile",0.975,715,"COVID-19"
"DE-HE","00+",2022-04-22,2022-04-11,"-11 day ahead inc hosp","mean",NA,590,"COVID-19"
"DE-HE","00+",2022-04-22,2022-04-11,"-11 day ahead inc hosp","quantile",0.025,545,"COVID-19"
"DE-HE","00+",2022-04-22,2022-04-11,"-11 day ahead inc hosp","quantile",0.1,553,"COVID-19"
"DE-HE","00+",2022-04-22,2022-04-11,"-11 day ahead inc hosp","quantile",0.25,565,"COVID-19"
"DE-HE","00+",2022-04-22,2022-04-11,"-11 day ahead inc hosp","quantile",0.5,583,"COVID-19"
"DE-HE","00+",2022-04-22,2022-04-11,"-11 day ahead inc hosp","quantile",0.75,608,"COVID-19"
"DE-HE","00+",2022-04-22,2022-04-11,"-11 day ahead inc hosp","quantile",0.9,637,"COVID-19"
"DE-HE","00+",2022-04-22,2022-04-11,"-11 day ahead inc hosp","quantile",0.975,677,"COVID-19"
"DE-HE","00+",2022-04-22,2022-04-10,"-12 day ahead inc hosp","mean",NA,580,"COVID-19"
"DE-HE","00+",2022-04-22,2022-04-10,"-12 day ahead inc hosp","quantile",0.025,537,"COVID-19"
"DE-HE","00+",2022-04-22,2022-04-10,"-12 day ahead inc hosp","quantile",0.1,544,"COVID-19"
"DE-HE","00+",2022-04-22,2022-04-10,"-12 day ahead inc hosp","quantile",0.25,555,"COVID-19"
"DE-HE","00+",2022-04-22,2022-04-10,"-12 day ahead inc hosp","quantile",0.5,573,"COVID-19"
"DE-HE","00+",2022-04-22,2022-04-10,"-12 day ahead inc hosp","quantile",0.75,597,"COVID-19"
"DE-HE","00+",2022-04-22,2022-04-10,"-12 day ahead inc hosp","quantile",0.9,626,"COVID-19"
"DE-HE","00+",2022-04-22,2022-04-10,"-12 day ahead inc hosp","quantile",0.975,665,"COVID-19"
"DE-HE","00+",2022-04-22,2022-04-09,"-13 day ahead inc hosp","mean",NA,581,"COVID-19"
"DE-HE","00+",2022-04-22,2022-04-09,"-13 day ahead inc hosp","quantile",0.025,540,"COVID-19"
"DE-HE","00+",2022-04-22,2022-04-09,"-13 day ahead inc hosp","quantile",0.1,547,"COVID-19"
"DE-HE","00+",2022-04-22,2022-04-09,"-13 day ahead inc hosp","quantile",0.25,557,"COVID-19"
"DE-HE","00+",2022-04-22,2022-04-09,"-13 day ahead inc hosp","quantile",0.5,573,"COVID-19"
"DE-HE","00+",2022-04-22,2022-04-09,"-13 day ahead inc hosp","quantile",0.75,597,"COVID-19"
"DE-HE","00+",2022-04-22,2022-04-09,"-13 day ahead inc hosp","quantile",0.9,625,"COVID-19"
"DE-HE","00+",2022-04-22,2022-04-09,"-13 day ahead inc hosp","quantile",0.975,663,"COVID-19"
"DE-HE","00+",2022-04-22,2022-04-08,"-14 day ahead inc hosp","mean",NA,599,"COVID-19"
"DE-HE","00+",2022-04-22,2022-04-08,"-14 day ahead inc hosp","quantile",0.025,561,"COVID-19"
"DE-HE","00+",2022-04-22,2022-04-08,"-14 day ahead inc hosp","quantile",0.1,567,"COVID-19"
"DE-HE","00+",2022-04-22,2022-04-08,"-14 day ahead inc hosp","quantile",0.25,576,"COVID-19"
"DE-HE","00+",2022-04-22,2022-04-08,"-14 day ahead inc hosp","quantile",0.5,592,"COVID-19"
"DE-HE","00+",2022-04-22,2022-04-08,"-14 day ahead inc hosp","quantile",0.75,615,"COVID-19"
"DE-HE","00+",2022-04-22,2022-04-08,"-14 day ahead inc hosp","quantile",0.9,641,"COVID-19"
"DE-HE","00+",2022-04-22,2022-04-08,"-14 day ahead inc hosp","quantile",0.975,679,"COVID-19"
"DE-HE","00+",2022-04-22,2022-04-07,"-15 day ahead inc hosp","mean",NA,619,"COVID-19"
"DE-HE","00+",2022-04-22,2022-04-07,"-15 day ahead inc hosp","quantile",0.025,584,"COVID-19"
"DE-HE","00+",2022-04-22,2022-04-07,"-15 day ahead inc hosp","quantile",0.1,590,"COVID-19"
"DE-HE","00+",2022-04-22,2022-04-07,"-15 day ahead inc hosp","quantile",0.25,598,"COVID-19"
"DE-HE","00+",2022-04-22,2022-04-07,"-15 day ahead inc hosp","quantile",0.5,612,"COVID-19"
"DE-HE","00+",2022-04-22,2022-04-07,"-15 day ahead inc hosp","quantile",0.75,633,"COVID-19"
"DE-HE","00+",2022-04-22,2022-04-07,"-15 day ahead inc hosp","quantile",0.9,658,"COVID-19"
"DE-HE","00+",2022-04-22,2022-04-07,"-15 day ahead inc hosp","quantile",0.975,693,"COVID-19"
"DE-HE","00+",2022-04-22,2022-04-06,"-16 day ahead inc hosp","mean",NA,627,"COVID-19"
"DE-HE","00+",2022-04-22,2022-04-06,"-16 day ahead inc hosp","quantile",0.025,595,"COVID-19"
"DE-HE","00+",2022-04-22,2022-04-06,"-16 day ahead inc hosp","quantile",0.1,600,"COVID-19"
"DE-HE","00+",2022-04-22,2022-04-06,"-16 day ahead inc hosp","quantile",0.25,608,"COVID-19"
"DE-HE","00+",2022-04-22,2022-04-06,"-16 day ahead inc hosp","quantile",0.5,620,"COVID-19"
"DE-HE","00+",2022-04-22,2022-04-06,"-16 day ahead inc hosp","quantile",0.75,639,"COVID-19"
"DE-HE","00+",2022-04-22,2022-04-06,"-16 day ahead inc hosp","quantile",0.9,662,"COVID-19"
"DE-HE","00+",2022-04-22,2022-04-06,"-16 day ahead inc hosp","quantile",0.975,695,"COVID-19"
"DE-HE","00+",2022-04-22,2022-04-05,"-17 day ahead inc hosp","mean",NA,644,"COVID-19"
"DE-HE","00+",2022-04-22,2022-04-05,"-17 day ahead inc hosp","quantile",0.025,616,"COVID-19"
"DE-HE","00+",2022-04-22,2022-04-05,"-17 day ahead inc hosp","quantile",0.1,620,"COVID-19"
"DE-HE","00+",2022-04-22,2022-04-05,"-17 day ahead inc hosp","quantile",0.25,626,"COVID-19"
"DE-HE","00+",2022-04-22,2022-04-05,"-17 day ahead inc hosp","quantile",0.5,638,"COVID-19"
"DE-HE","00+",2022-04-22,2022-04-05,"-17 day ahead inc hosp","quantile",0.75,656,"COVID-19"
"DE-HE","00+",2022-04-22,2022-04-05,"-17 day ahead inc hosp","quantile",0.9,677,"COVID-19"
"DE-HE","00+",2022-04-22,2022-04-05,"-17 day ahead inc hosp","quantile",0.975,707,"COVID-19"
"DE-HE","00+",2022-04-22,2022-04-04,"-18 day ahead inc hosp","mean",NA,701,"COVID-19"
"DE-HE","00+",2022-04-22,2022-04-04,"-18 day ahead inc hosp","quantile",0.025,673,"COVID-19"
"DE-HE","00+",2022-04-22,2022-04-04,"-18 day ahead inc hosp","quantile",0.1,677,"COVID-19"
"DE-HE","00+",2022-04-22,2022-04-04,"-18 day ahead inc hosp","quantile",0.25,683,"COVID-19"
"DE-HE","00+",2022-04-22,2022-04-04,"-18 day ahead inc hosp","quantile",0.5,695,"COVID-19"
"DE-HE","00+",2022-04-22,2022-04-04,"-18 day ahead inc hosp","quantile",0.75,712,"COVID-19"
"DE-HE","00+",2022-04-22,2022-04-04,"-18 day ahead inc hosp","quantile",0.9,733,"COVID-19"
"DE-HE","00+",2022-04-22,2022-04-04,"-18 day ahead inc hosp","quantile",0.975,764,"COVID-19"
"DE-HE","00+",2022-04-22,2022-04-03,"-19 day ahead inc hosp","mean",NA,715,"COVID-19"
"DE-HE","00+",2022-04-22,2022-04-03,"-19 day ahead inc hosp","quantile",0.025,687,"COVID-19"
"DE-HE","00+",2022-04-22,2022-04-03,"-19 day ahead inc hosp","quantile",0.1,691,"COVID-19"
"DE-HE","00+",2022-04-22,2022-04-03,"-19 day ahead inc hosp","quantile",0.25,697,"COVID-19"
"DE-HE","00+",2022-04-22,2022-04-03,"-19 day ahead inc hosp","quantile",0.5,708,"COVID-19"
"DE-HE","00+",2022-04-22,2022-04-03,"-19 day ahead inc hosp","quantile",0.75,726,"COVID-19"
"DE-HE","00+",2022-04-22,2022-04-03,"-19 day ahead inc hosp","quantile",0.9,747,"COVID-19"
"DE-HE","00+",2022-04-22,2022-04-03,"-19 day ahead inc hosp","quantile",0.975,778,"COVID-19"
"DE-HE","00+",2022-04-22,2022-04-02,"-20 day ahead inc hosp","mean",NA,740,"COVID-19"
"DE-HE","00+",2022-04-22,2022-04-02,"-20 day ahead inc hosp","quantile",0.025,713,"COVID-19"
"DE-HE","00+",2022-04-22,2022-04-02,"-20 day ahead inc hosp","quantile",0.1,717,"COVID-19"
"DE-HE","00+",2022-04-22,2022-04-02,"-20 day ahead inc hosp","quantile",0.25,722,"COVID-19"
"DE-HE","00+",2022-04-22,2022-04-02,"-20 day ahead inc hosp","quantile",0.5,734,"COVID-19"
"DE-HE","00+",2022-04-22,2022-04-02,"-20 day ahead inc hosp","quantile",0.75,750,"COVID-19"
"DE-HE","00+",2022-04-22,2022-04-02,"-20 day ahead inc hosp","quantile",0.9,771,"COVID-19"
"DE-HE","00+",2022-04-22,2022-04-02,"-20 day ahead inc hosp","quantile",0.975,802,"COVID-19"
"DE-HE","00+",2022-04-22,2022-04-01,"-21 day ahead inc hosp","mean",NA,760,"COVID-19"
"DE-HE","00+",2022-04-22,2022-04-01,"-21 day ahead inc hosp","quantile",0.025,735,"COVID-19"
"DE-HE","00+",2022-04-22,2022-04-01,"-21 day ahead inc hosp","quantile",0.1,738,"COVID-19"
"DE-HE","00+",2022-04-22,2022-04-01,"-21 day ahead inc hosp","quantile",0.25,744,"COVID-19"
"DE-HE","00+",2022-04-22,2022-04-01,"-21 day ahead inc hosp","quantile",0.5,754,"COVID-19"
"DE-HE","00+",2022-04-22,2022-04-01,"-21 day ahead inc hosp","quantile",0.75,770,"COVID-19"
"DE-HE","00+",2022-04-22,2022-04-01,"-21 day ahead inc hosp","quantile",0.9,790,"COVID-19"
"DE-HE","00+",2022-04-22,2022-04-01,"-21 day ahead inc hosp","quantile",0.975,819,"COVID-19"
"DE-HE","00+",2022-04-22,2022-03-31,"-22 day ahead inc hosp","mean",NA,761,"COVID-19"
"DE-HE","00+",2022-04-22,2022-03-31,"-22 day ahead inc hosp","quantile",0.025,739,"COVID-19"
"DE-HE","00+",2022-04-22,2022-03-31,"-22 day ahead inc hosp","quantile",0.1,742,"COVID-19"
"DE-HE","00+",2022-04-22,2022-03-31,"-22 day ahead inc hosp","quantile",0.25,747,"COVID-19"
"DE-HE","00+",2022-04-22,2022-03-31,"-22 day ahead inc hosp","quantile",0.5,756,"COVID-19"
"DE-HE","00+",2022-04-22,2022-03-31,"-22 day ahead inc hosp","quantile",0.75,770,"COVID-19"
"DE-HE","00+",2022-04-22,2022-03-31,"-22 day ahead inc hosp","quantile",0.9,789,"COVID-19"
"DE-HE","00+",2022-04-22,2022-03-31,"-22 day ahead inc hosp","quantile",0.975,815,"COVID-19"
"DE-HE","00+",2022-04-22,2022-03-30,"-23 day ahead inc hosp","mean",NA,774,"COVID-19"
"DE-HE","00+",2022-04-22,2022-03-30,"-23 day ahead inc hosp","quantile",0.025,754,"COVID-19"
"DE-HE","00+",2022-04-22,2022-03-30,"-23 day ahead inc hosp","quantile",0.1,756,"COVID-19"
"DE-HE","00+",2022-04-22,2022-03-30,"-23 day ahead inc hosp","quantile",0.25,761,"COVID-19"
"DE-HE","00+",2022-04-22,2022-03-30,"-23 day ahead inc hosp","quantile",0.5,769,"COVID-19"
"DE-HE","00+",2022-04-22,2022-03-30,"-23 day ahead inc hosp","quantile",0.75,783,"COVID-19"
"DE-HE","00+",2022-04-22,2022-03-30,"-23 day ahead inc hosp","quantile",0.9,800,"COVID-19"
"DE-HE","00+",2022-04-22,2022-03-30,"-23 day ahead inc hosp","quantile",0.975,824,"COVID-19"
"DE-HE","00+",2022-04-22,2022-03-29,"-24 day ahead inc hosp","mean",NA,787,"COVID-19"
"DE-HE","00+",2022-04-22,2022-03-29,"-24 day ahead inc hosp","quantile",0.025,768,"COVID-19"
"DE-HE","00+",2022-04-22,2022-03-29,"-24 day ahead inc hosp","quantile",0.1,771,"COVID-19"
"DE-HE","00+",2022-04-22,2022-03-29,"-24 day ahead inc hosp","quantile",0.25,775,"COVID-19"
"DE-HE","00+",2022-04-22,2022-03-29,"-24 day ahead inc hosp","quantile",0.5,783,"COVID-19"
"DE-HE","00+",2022-04-22,2022-03-29,"-24 day ahead inc hosp","quantile",0.75,795,"COVID-19"
"DE-HE","00+",2022-04-22,2022-03-29,"-24 day ahead inc hosp","quantile",0.9,811,"COVID-19"
"DE-HE","00+",2022-04-22,2022-03-29,"-24 day ahead inc hosp","quantile",0.975,833,"COVID-19"
"DE-HE","00+",2022-04-22,2022-03-28,"-25 day ahead inc hosp","mean",NA,777,"COVID-19"
"DE-HE","00+",2022-04-22,2022-03-28,"-25 day ahead inc hosp","quantile",0.025,760,"COVID-19"
"DE-HE","00+",2022-04-22,2022-03-28,"-25 day ahead inc hosp","quantile",0.1,762,"COVID-19"
"DE-HE","00+",2022-04-22,2022-03-28,"-25 day ahead inc hosp","quantile",0.25,766,"COVID-19"
"DE-HE","00+",2022-04-22,2022-03-28,"-25 day ahead inc hosp","quantile",0.5,773,"COVID-19"
"DE-HE","00+",2022-04-22,2022-03-28,"-25 day ahead inc hosp","quantile",0.75,784,"COVID-19"
"DE-HE","00+",2022-04-22,2022-03-28,"-25 day ahead inc hosp","quantile",0.9,797,"COVID-19"
"DE-HE","00+",2022-04-22,2022-03-28,"-25 day ahead inc hosp","quantile",0.975,817,"COVID-19"
"DE-HE","00+",2022-04-22,2022-03-27,"-26 day ahead inc hosp","mean",NA,779,"COVID-19"
"DE-HE","00+",2022-04-22,2022-03-27,"-26 day ahead inc hosp","quantile",0.025,763,"COVID-19"
"DE-HE","00+",2022-04-22,2022-03-27,"-26 day ahead inc hosp","quantile",0.1,765,"COVID-19"
"DE-HE","00+",2022-04-22,2022-03-27,"-26 day ahead inc hosp","quantile",0.25,768,"COVID-19"
"DE-HE","00+",2022-04-22,2022-03-27,"-26 day ahead inc hosp","quantile",0.5,775,"COVID-19"
"DE-HE","00+",2022-04-22,2022-03-27,"-26 day ahead inc hosp","quantile",0.75,786,"COVID-19"
"DE-HE","00+",2022-04-22,2022-03-27,"-26 day ahead inc hosp","quantile",0.9,799,"COVID-19"
"DE-HE","00+",2022-04-22,2022-03-27,"-26 day ahead inc hosp","quantile",0.975,819,"COVID-19"
"DE-HE","00+",2022-04-22,2022-03-26,"-27 day ahead inc hosp","mean",NA,741,"COVID-19"
"DE-HE","00+",2022-04-22,2022-03-26,"-27 day ahead inc hosp","quantile",0.025,726,"COVID-19"
"DE-HE","00+",2022-04-22,2022-03-26,"-27 day ahead inc hosp","quantile",0.1,728,"COVID-19"
"DE-HE","00+",2022-04-22,2022-03-26,"-27 day ahead inc hosp","quantile",0.25,731,"COVID-19"
"DE-HE","00+",2022-04-22,2022-03-26,"-27 day ahead inc hosp","quantile",0.5,737,"COVID-19"
"DE-HE","00+",2022-04-22,2022-03-26,"-27 day ahead inc hosp","quantile",0.75,746,"COVID-19"
"DE-HE","00+",2022-04-22,2022-03-26,"-27 day ahead inc hosp","quantile",0.9,759,"COVID-19"
"DE-HE","00+",2022-04-22,2022-03-26,"-27 day ahead inc hosp","quantile",0.975,777,"COVID-19"
"DE-HE","00+",2022-04-22,2022-03-25,"-28 day ahead inc hosp","mean",NA,737,"COVID-19"
"DE-HE","00+",2022-04-22,2022-03-25,"-28 day ahead inc hosp","quantile",0.025,724,"COVID-19"
"DE-HE","00+",2022-04-22,2022-03-25,"-28 day ahead inc hosp","quantile",0.1,725,"COVID-19"
"DE-HE","00+",2022-04-22,2022-03-25,"-28 day ahead inc hosp","quantile",0.25,728,"COVID-19"
"DE-HE","00+",2022-04-22,2022-03-25,"-28 day ahead inc hosp","quantile",0.5,734,"COVID-19"
"DE-HE","00+",2022-04-22,2022-03-25,"-28 day ahead inc hosp","quantile",0.75,742,"COVID-19"
"DE-HE","00+",2022-04-22,2022-03-25,"-28 day ahead inc hosp","quantile",0.9,753,"COVID-19"
"DE-HE","00+",2022-04-22,2022-03-25,"-28 day ahead inc hosp","quantile",0.975,770,"COVID-19"
"DE-HH","00+",2022-04-22,2022-04-22,"0 day ahead inc hosp","mean",NA,127,"COVID-19"
"DE-HH","00+",2022-04-22,2022-04-22,"0 day ahead inc hosp","quantile",0.025,65,"COVID-19"
"DE-HH","00+",2022-04-22,2022-04-22,"0 day ahead inc hosp","quantile",0.1,76,"COVID-19"
"DE-HH","00+",2022-04-22,2022-04-22,"0 day ahead inc hosp","quantile",0.25,91,"COVID-19"
"DE-HH","00+",2022-04-22,2022-04-22,"0 day ahead inc hosp","quantile",0.5,117,"COVID-19"
"DE-HH","00+",2022-04-22,2022-04-22,"0 day ahead inc hosp","quantile",0.75,151,"COVID-19"
"DE-HH","00+",2022-04-22,2022-04-22,"0 day ahead inc hosp","quantile",0.9,191,"COVID-19"
"DE-HH","00+",2022-04-22,2022-04-22,"0 day ahead inc hosp","quantile",0.975,248,"COVID-19"
"DE-HH","00+",2022-04-22,2022-04-21,"-1 day ahead inc hosp","mean",NA,132,"COVID-19"
"DE-HH","00+",2022-04-22,2022-04-21,"-1 day ahead inc hosp","quantile",0.025,69,"COVID-19"
"DE-HH","00+",2022-04-22,2022-04-21,"-1 day ahead inc hosp","quantile",0.1,80,"COVID-19"
"DE-HH","00+",2022-04-22,2022-04-21,"-1 day ahead inc hosp","quantile",0.25,96,"COVID-19"
"DE-HH","00+",2022-04-22,2022-04-21,"-1 day ahead inc hosp","quantile",0.5,121,"COVID-19"
"DE-HH","00+",2022-04-22,2022-04-21,"-1 day ahead inc hosp","quantile",0.75,157,"COVID-19"
"DE-HH","00+",2022-04-22,2022-04-21,"-1 day ahead inc hosp","quantile",0.9,200,"COVID-19"
"DE-HH","00+",2022-04-22,2022-04-21,"-1 day ahead inc hosp","quantile",0.975,258,"COVID-19"
"DE-HH","00+",2022-04-22,2022-04-20,"-2 day ahead inc hosp","mean",NA,90,"COVID-19"
"DE-HH","00+",2022-04-22,2022-04-20,"-2 day ahead inc hosp","quantile",0.025,56,"COVID-19"
"DE-HH","00+",2022-04-22,2022-04-20,"-2 day ahead inc hosp","quantile",0.1,62,"COVID-19"
"DE-HH","00+",2022-04-22,2022-04-20,"-2 day ahead inc hosp","quantile",0.25,70,"COVID-19"
"DE-HH","00+",2022-04-22,2022-04-20,"-2 day ahead inc hosp","quantile",0.5,84,"COVID-19"
"DE-HH","00+",2022-04-22,2022-04-20,"-2 day ahead inc hosp","quantile",0.75,103,"COVID-19"
"DE-HH","00+",2022-04-22,2022-04-20,"-2 day ahead inc hosp","quantile",0.9,126,"COVID-19"
"DE-HH","00+",2022-04-22,2022-04-20,"-2 day ahead inc hosp","quantile",0.975,158,"COVID-19"
"DE-HH","00+",2022-04-22,2022-04-19,"-3 day ahead inc hosp","mean",NA,73,"COVID-19"
"DE-HH","00+",2022-04-22,2022-04-19,"-3 day ahead inc hosp","quantile",0.025,55,"COVID-19"
"DE-HH","00+",2022-04-22,2022-04-19,"-3 day ahead inc hosp","quantile",0.1,58,"COVID-19"
"DE-HH","00+",2022-04-22,2022-04-19,"-3 day ahead inc hosp","quantile",0.25,63,"COVID-19"
"DE-HH","00+",2022-04-22,2022-04-19,"-3 day ahead inc hosp","quantile",0.5,70,"COVID-19"
"DE-HH","00+",2022-04-22,2022-04-19,"-3 day ahead inc hosp","quantile",0.75,80,"COVID-19"
"DE-HH","00+",2022-04-22,2022-04-19,"-3 day ahead inc hosp","quantile",0.9,92,"COVID-19"
"DE-HH","00+",2022-04-22,2022-04-19,"-3 day ahead inc hosp","quantile",0.975,110,"COVID-19"
"DE-HH","00+",2022-04-22,2022-04-18,"-4 day ahead inc hosp","mean",NA,101,"COVID-19"
"DE-HH","00+",2022-04-22,2022-04-18,"-4 day ahead inc hosp","quantile",0.025,78,"COVID-19"
"DE-HH","00+",2022-04-22,2022-04-18,"-4 day ahead inc hosp","quantile",0.1,82,"COVID-19"
"DE-HH","00+",2022-04-22,2022-04-18,"-4 day ahead inc hosp","quantile",0.25,87,"COVID-19"
"DE-HH","00+",2022-04-22,2022-04-18,"-4 day ahead inc hosp","quantile",0.5,96,"COVID-19"
"DE-HH","00+",2022-04-22,2022-04-18,"-4 day ahead inc hosp","quantile",0.75,110,"COVID-19"
"DE-HH","00+",2022-04-22,2022-04-18,"-4 day ahead inc hosp","quantile",0.9,125,"COVID-19"
"DE-HH","00+",2022-04-22,2022-04-18,"-4 day ahead inc hosp","quantile",0.975,147,"COVID-19"
"DE-HH","00+",2022-04-22,2022-04-17,"-5 day ahead inc hosp","mean",NA,105,"COVID-19"
"DE-HH","00+",2022-04-22,2022-04-17,"-5 day ahead inc hosp","quantile",0.025,82,"COVID-19"
"DE-HH","00+",2022-04-22,2022-04-17,"-5 day ahead inc hosp","quantile",0.1,86,"COVID-19"
"DE-HH","00+",2022-04-22,2022-04-17,"-5 day ahead inc hosp","quantile",0.25,92,"COVID-19"
"DE-HH","00+",2022-04-22,2022-04-17,"-5 day ahead inc hosp","quantile",0.5,101,"COVID-19"
"DE-HH","00+",2022-04-22,2022-04-17,"-5 day ahead inc hosp","quantile",0.75,115,"COVID-19"
"DE-HH","00+",2022-04-22,2022-04-17,"-5 day ahead inc hosp","quantile",0.9,130,"COVID-19"
"DE-HH","00+",2022-04-22,2022-04-17,"-5 day ahead inc hosp","quantile",0.975,152,"COVID-19"
"DE-HH","00+",2022-04-22,2022-04-16,"-6 day ahead inc hosp","mean",NA,102,"COVID-19"
"DE-HH","00+",2022-04-22,2022-04-16,"-6 day ahead inc hosp","quantile",0.025,80,"COVID-19"
"DE-HH","00+",2022-04-22,2022-04-16,"-6 day ahead inc hosp","quantile",0.1,84,"COVID-19"
"DE-HH","00+",2022-04-22,2022-04-16,"-6 day ahead inc hosp","quantile",0.25,89,"COVID-19"
"DE-HH","00+",2022-04-22,2022-04-16,"-6 day ahead inc hosp","quantile",0.5,98,"COVID-19"
"DE-HH","00+",2022-04-22,2022-04-16,"-6 day ahead inc hosp","quantile",0.75,111,"COVID-19"
"DE-HH","00+",2022-04-22,2022-04-16,"-6 day ahead inc hosp","quantile",0.9,125,"COVID-19"
"DE-HH","00+",2022-04-22,2022-04-16,"-6 day ahead inc hosp","quantile",0.975,146,"COVID-19"
"DE-HH","00+",2022-04-22,2022-04-15,"-7 day ahead inc hosp","mean",NA,125,"COVID-19"
"DE-HH","00+",2022-04-22,2022-04-15,"-7 day ahead inc hosp","quantile",0.025,100,"COVID-19"
"DE-HH","00+",2022-04-22,2022-04-15,"-7 day ahead inc hosp","quantile",0.1,104,"COVID-19"
"DE-HH","00+",2022-04-22,2022-04-15,"-7 day ahead inc hosp","quantile",0.25,110,"COVID-19"
"DE-HH","00+",2022-04-22,2022-04-15,"-7 day ahead inc hosp","quantile",0.5,121,"COVID-19"
"DE-HH","00+",2022-04-22,2022-04-15,"-7 day ahead inc hosp","quantile",0.75,135,"COVID-19"
"DE-HH","00+",2022-04-22,2022-04-15,"-7 day ahead inc hosp","quantile",0.9,153,"COVID-19"
"DE-HH","00+",2022-04-22,2022-04-15,"-7 day ahead inc hosp","quantile",0.975,177,"COVID-19"
"DE-HH","00+",2022-04-22,2022-04-14,"-8 day ahead inc hosp","mean",NA,145,"COVID-19"
"DE-HH","00+",2022-04-22,2022-04-14,"-8 day ahead inc hosp","quantile",0.025,117,"COVID-19"
"DE-HH","00+",2022-04-22,2022-04-14,"-8 day ahead inc hosp","quantile",0.1,121,"COVID-19"
"DE-HH","00+",2022-04-22,2022-04-14,"-8 day ahead inc hosp","quantile",0.25,128,"COVID-19"
"DE-HH","00+",2022-04-22,2022-04-14,"-8 day ahead inc hosp","quantile",0.5,140,"COVID-19"
"DE-HH","00+",2022-04-22,2022-04-14,"-8 day ahead inc hosp","quantile",0.75,156,"COVID-19"
"DE-HH","00+",2022-04-22,2022-04-14,"-8 day ahead inc hosp","quantile",0.9,176,"COVID-19"
"DE-HH","00+",2022-04-22,2022-04-14,"-8 day ahead inc hosp","quantile",0.975,203,"COVID-19"
"DE-HH","00+",2022-04-22,2022-04-13,"-9 day ahead inc hosp","mean",NA,154,"COVID-19"
"DE-HH","00+",2022-04-22,2022-04-13,"-9 day ahead inc hosp","quantile",0.025,126,"COVID-19"
"DE-HH","00+",2022-04-22,2022-04-13,"-9 day ahead inc hosp","quantile",0.1,130,"COVID-19"
"DE-HH","00+",2022-04-22,2022-04-13,"-9 day ahead inc hosp","quantile",0.25,137,"COVID-19"
"DE-HH","00+",2022-04-22,2022-04-13,"-9 day ahead inc hosp","quantile",0.5,149,"COVID-19"
"DE-HH","00+",2022-04-22,2022-04-13,"-9 day ahead inc hosp","quantile",0.75,165,"COVID-19"
"DE-HH","00+",2022-04-22,2022-04-13,"-9 day ahead inc hosp","quantile",0.9,185,"COVID-19"
"DE-HH","00+",2022-04-22,2022-04-13,"-9 day ahead inc hosp","quantile",0.975,213,"COVID-19"
"DE-HH","00+",2022-04-22,2022-04-12,"-10 day ahead inc hosp","mean",NA,146,"COVID-19"
"DE-HH","00+",2022-04-22,2022-04-12,"-10 day ahead inc hosp","quantile",0.025,121,"COVID-19"
"DE-HH","00+",2022-04-22,2022-04-12,"-10 day ahead inc hosp","quantile",0.1,125,"COVID-19"
"DE-HH","00+",2022-04-22,2022-04-12,"-10 day ahead inc hosp","quantile",0.25,131,"COVID-19"
"DE-HH","00+",2022-04-22,2022-04-12,"-10 day ahead inc hosp","quantile",0.5,141,"COVID-19"
"DE-HH","00+",2022-04-22,2022-04-12,"-10 day ahead inc hosp","quantile",0.75,156,"COVID-19"
"DE-HH","00+",2022-04-22,2022-04-12,"-10 day ahead inc hosp","quantile",0.9,174,"COVID-19"
"DE-HH","00+",2022-04-22,2022-04-12,"-10 day ahead inc hosp","quantile",0.975,199,"COVID-19"
"DE-HH","00+",2022-04-22,2022-04-11,"-11 day ahead inc hosp","mean",NA,149,"COVID-19"
"DE-HH","00+",2022-04-22,2022-04-11,"-11 day ahead inc hosp","quantile",0.025,126,"COVID-19"
"DE-HH","00+",2022-04-22,2022-04-11,"-11 day ahead inc hosp","quantile",0.1,129,"COVID-19"
"DE-HH","00+",2022-04-22,2022-04-11,"-11 day ahead inc hosp","quantile",0.25,135,"COVID-19"
"DE-HH","00+",2022-04-22,2022-04-11,"-11 day ahead inc hosp","quantile",0.5,145,"COVID-19"
"DE-HH","00+",2022-04-22,2022-04-11,"-11 day ahead inc hosp","quantile",0.75,159,"COVID-19"
"DE-HH","00+",2022-04-22,2022-04-11,"-11 day ahead inc hosp","quantile",0.9,176,"COVID-19"
"DE-HH","00+",2022-04-22,2022-04-11,"-11 day ahead inc hosp","quantile",0.975,200,"COVID-19"
"DE-HH","00+",2022-04-22,2022-04-10,"-12 day ahead inc hosp","mean",NA,146,"COVID-19"
"DE-HH","00+",2022-04-22,2022-04-10,"-12 day ahead inc hosp","quantile",0.025,123,"COVID-19"
"DE-HH","00+",2022-04-22,2022-04-10,"-12 day ahead inc hosp","quantile",0.1,127,"COVID-19"
"DE-HH","00+",2022-04-22,2022-04-10,"-12 day ahead inc hosp","quantile",0.25,132,"COVID-19"
"DE-HH","00+",2022-04-22,2022-04-10,"-12 day ahead inc hosp","quantile",0.5,141,"COVID-19"
"DE-HH","00+",2022-04-22,2022-04-10,"-12 day ahead inc hosp","quantile",0.75,156,"COVID-19"
"DE-HH","00+",2022-04-22,2022-04-10,"-12 day ahead inc hosp","quantile",0.9,173,"COVID-19"
"DE-HH","00+",2022-04-22,2022-04-10,"-12 day ahead inc hosp","quantile",0.975,197,"COVID-19"
"DE-HH","00+",2022-04-22,2022-04-09,"-13 day ahead inc hosp","mean",NA,153,"COVID-19"
"DE-HH","00+",2022-04-22,2022-04-09,"-13 day ahead inc hosp","quantile",0.025,129,"COVID-19"
"DE-HH","00+",2022-04-22,2022-04-09,"-13 day ahead inc hosp","quantile",0.1,132,"COVID-19"
"DE-HH","00+",2022-04-22,2022-04-09,"-13 day ahead inc hosp","quantile",0.25,138,"COVID-19"
"DE-HH","00+",2022-04-22,2022-04-09,"-13 day ahead inc hosp","quantile",0.5,148,"COVID-19"
"DE-HH","00+",2022-04-22,2022-04-09,"-13 day ahead inc hosp","quantile",0.75,163,"COVID-19"
"DE-HH","00+",2022-04-22,2022-04-09,"-13 day ahead inc hosp","quantile",0.9,181,"COVID-19"
"DE-HH","00+",2022-04-22,2022-04-09,"-13 day ahead inc hosp","quantile",0.975,208,"COVID-19"
"DE-HH","00+",2022-04-22,2022-04-08,"-14 day ahead inc hosp","mean",NA,141,"COVID-19"
"DE-HH","00+",2022-04-22,2022-04-08,"-14 day ahead inc hosp","quantile",0.025,120,"COVID-19"
"DE-HH","00+",2022-04-22,2022-04-08,"-14 day ahead inc hosp","quantile",0.1,122,"COVID-19"
"DE-HH","00+",2022-04-22,2022-04-08,"-14 day ahead inc hosp","quantile",0.25,127,"COVID-19"
"DE-HH","00+",2022-04-22,2022-04-08,"-14 day ahead inc hosp","quantile",0.5,136,"COVID-19"
"DE-HH","00+",2022-04-22,2022-04-08,"-14 day ahead inc hosp","quantile",0.75,149,"COVID-19"
"DE-HH","00+",2022-04-22,2022-04-08,"-14 day ahead inc hosp","quantile",0.9,166,"COVID-19"
"DE-HH","00+",2022-04-22,2022-04-08,"-14 day ahead inc hosp","quantile",0.975,191,"COVID-19"
"DE-HH","00+",2022-04-22,2022-04-07,"-15 day ahead inc hosp","mean",NA,137,"COVID-19"
"DE-HH","00+",2022-04-22,2022-04-07,"-15 day ahead inc hosp","quantile",0.025,117,"COVID-19"
"DE-HH","00+",2022-04-22,2022-04-07,"-15 day ahead inc hosp","quantile",0.1,120,"COVID-19"
"DE-HH","00+",2022-04-22,2022-04-07,"-15 day ahead inc hosp","quantile",0.25,124,"COVID-19"
"DE-HH","00+",2022-04-22,2022-04-07,"-15 day ahead inc hosp","quantile",0.5,132,"COVID-19"
"DE-HH","00+",2022-04-22,2022-04-07,"-15 day ahead inc hosp","quantile",0.75,144,"COVID-19"
"DE-HH","00+",2022-04-22,2022-04-07,"-15 day ahead inc hosp","quantile",0.9,161,"COVID-19"
"DE-HH","00+",2022-04-22,2022-04-07,"-15 day ahead inc hosp","quantile",0.975,184,"COVID-19"
"DE-HH","00+",2022-04-22,2022-04-06,"-16 day ahead inc hosp","mean",NA,127,"COVID-19"
"DE-HH","00+",2022-04-22,2022-04-06,"-16 day ahead inc hosp","quantile",0.025,110,"COVID-19"
"DE-HH","00+",2022-04-22,2022-04-06,"-16 day ahead inc hosp","quantile",0.1,112,"COVID-19"
"DE-HH","00+",2022-04-22,2022-04-06,"-16 day ahead inc hosp","quantile",0.25,115,"COVID-19"
"DE-HH","00+",2022-04-22,2022-04-06,"-16 day ahead inc hosp","quantile",0.5,122,"COVID-19"
"DE-HH","00+",2022-04-22,2022-04-06,"-16 day ahead inc hosp","quantile",0.75,134,"COVID-19"
"DE-HH","00+",2022-04-22,2022-04-06,"-16 day ahead inc hosp","quantile",0.9,148,"COVID-19"
"DE-HH","00+",2022-04-22,2022-04-06,"-16 day ahead inc hosp","quantile",0.975,169,"COVID-19"
"DE-HH","00+",2022-04-22,2022-04-05,"-17 day ahead inc hosp","mean",NA,130,"COVID-19"
"DE-HH","00+",2022-04-22,2022-04-05,"-17 day ahead inc hosp","quantile",0.025,114,"COVID-19"
"DE-HH","00+",2022-04-22,2022-04-05,"-17 day ahead inc hosp","quantile",0.1,116,"COVID-19"
"DE-HH","00+",2022-04-22,2022-04-05,"-17 day ahead inc hosp","quantile",0.25,119,"COVID-19"
"DE-HH","00+",2022-04-22,2022-04-05,"-17 day ahead inc hosp","quantile",0.5,125,"COVID-19"
"DE-HH","00+",2022-04-22,2022-04-05,"-17 day ahead inc hosp","quantile",0.75,136,"COVID-19"
"DE-HH","00+",2022-04-22,2022-04-05,"-17 day ahead inc hosp","quantile",0.9,149,"COVID-19"
"DE-HH","00+",2022-04-22,2022-04-05,"-17 day ahead inc hosp","quantile",0.975,170,"COVID-19"
"DE-HH","00+",2022-04-22,2022-04-04,"-18 day ahead inc hosp","mean",NA,126,"COVID-19"
"DE-HH","00+",2022-04-22,2022-04-04,"-18 day ahead inc hosp","quantile",0.025,113,"COVID-19"
"DE-HH","00+",2022-04-22,2022-04-04,"-18 day ahead inc hosp","quantile",0.1,114,"COVID-19"
"DE-HH","00+",2022-04-22,2022-04-04,"-18 day ahead inc hosp","quantile",0.25,117,"COVID-19"
"DE-HH","00+",2022-04-22,2022-04-04,"-18 day ahead inc hosp","quantile",0.5,122,"COVID-19"
"DE-HH","00+",2022-04-22,2022-04-04,"-18 day ahead inc hosp","quantile",0.75,132,"COVID-19"
"DE-HH","00+",2022-04-22,2022-04-04,"-18 day ahead inc hosp","quantile",0.9,144,"COVID-19"
"DE-HH","00+",2022-04-22,2022-04-04,"-18 day ahead inc hosp","quantile",0.975,163,"COVID-19"
"DE-HH","00+",2022-04-22,2022-04-03,"-19 day ahead inc hosp","mean",NA,134,"COVID-19"
"DE-HH","00+",2022-04-22,2022-04-03,"-19 day ahead inc hosp","quantile",0.025,120,"COVID-19"
"DE-HH","00+",2022-04-22,2022-04-03,"-19 day ahead inc hosp","quantile",0.1,121,"COVID-19"
"DE-HH","00+",2022-04-22,2022-04-03,"-19 day ahead inc hosp","quantile",0.25,124,"COVID-19"
"DE-HH","00+",2022-04-22,2022-04-03,"-19 day ahead inc hosp","quantile",0.5,130,"COVID-19"
"DE-HH","00+",2022-04-22,2022-04-03,"-19 day ahead inc hosp","quantile",0.75,139,"COVID-19"
"DE-HH","00+",2022-04-22,2022-04-03,"-19 day ahead inc hosp","quantile",0.9,152,"COVID-19"
"DE-HH","00+",2022-04-22,2022-04-03,"-19 day ahead inc hosp","quantile",0.975,172,"COVID-19"
"DE-HH","00+",2022-04-22,2022-04-02,"-20 day ahead inc hosp","mean",NA,135,"COVID-19"
"DE-HH","00+",2022-04-22,2022-04-02,"-20 day ahead inc hosp","quantile",0.025,121,"COVID-19"
"DE-HH","00+",2022-04-22,2022-04-02,"-20 day ahead inc hosp","quantile",0.1,122,"COVID-19"
"DE-HH","00+",2022-04-22,2022-04-02,"-20 day ahead inc hosp","quantile",0.25,125,"COVID-19"
"DE-HH","00+",2022-04-22,2022-04-02,"-20 day ahead inc hosp","quantile",0.5,130,"COVID-19"
"DE-HH","00+",2022-04-22,2022-04-02,"-20 day ahead inc hosp","quantile",0.75,140,"COVID-19"
"DE-HH","00+",2022-04-22,2022-04-02,"-20 day ahead inc hosp","quantile",0.9,153,"COVID-19"
"DE-HH","00+",2022-04-22,2022-04-02,"-20 day ahead inc hosp","quantile",0.975,172,"COVID-19"
"DE-HH","00+",2022-04-22,2022-04-01,"-21 day ahead inc hosp","mean",NA,149,"COVID-19"
"DE-HH","00+",2022-04-22,2022-04-01,"-21 day ahead inc hosp","quantile",0.025,135,"COVID-19"
"DE-HH","00+",2022-04-22,2022-04-01,"-21 day ahead inc hosp","quantile",0.1,136,"COVID-19"
"DE-HH","00+",2022-04-22,2022-04-01,"-21 day ahead inc hosp","quantile",0.25,139,"COVID-19"
"DE-HH","00+",2022-04-22,2022-04-01,"-21 day ahead inc hosp","quantile",0.5,145,"COVID-19"
"DE-HH","00+",2022-04-22,2022-04-01,"-21 day ahead inc hosp","quantile",0.75,155,"COVID-19"
"DE-HH","00+",2022-04-22,2022-04-01,"-21 day ahead inc hosp","quantile",0.9,168,"COVID-19"
"DE-HH","00+",2022-04-22,2022-04-01,"-21 day ahead inc hosp","quantile",0.975,188,"COVID-19"
"DE-HH","00+",2022-04-22,2022-03-31,"-22 day ahead inc hosp","mean",NA,149,"COVID-19"
"DE-HH","00+",2022-04-22,2022-03-31,"-22 day ahead inc hosp","quantile",0.025,135,"COVID-19"
"DE-HH","00+",2022-04-22,2022-03-31,"-22 day ahead inc hosp","quantile",0.1,136,"COVID-19"
"DE-HH","00+",2022-04-22,2022-03-31,"-22 day ahead inc hosp","quantile",0.25,139,"COVID-19"
"DE-HH","00+",2022-04-22,2022-03-31,"-22 day ahead inc hosp","quantile",0.5,145,"COVID-19"
"DE-HH","00+",2022-04-22,2022-03-31,"-22 day ahead inc hosp","quantile",0.75,154,"COVID-19"
"DE-HH","00+",2022-04-22,2022-03-31,"-22 day ahead inc hosp","quantile",0.9,166,"COVID-19"
"DE-HH","00+",2022-04-22,2022-03-31,"-22 day ahead inc hosp","quantile",0.975,185,"COVID-19"
"DE-HH","00+",2022-04-22,2022-03-30,"-23 day ahead inc hosp","mean",NA,164,"COVID-19"
"DE-HH","00+",2022-04-22,2022-03-30,"-23 day ahead inc hosp","quantile",0.025,149,"COVID-19"
"DE-HH","00+",2022-04-22,2022-03-30,"-23 day ahead inc hosp","quantile",0.1,151,"COVID-19"
"DE-HH","00+",2022-04-22,2022-03-30,"-23 day ahead inc hosp","quantile",0.25,154,"COVID-19"
"DE-HH","00+",2022-04-22,2022-03-30,"-23 day ahead inc hosp","quantile",0.5,160,"COVID-19"
"DE-HH","00+",2022-04-22,2022-03-30,"-23 day ahead inc hosp","quantile",0.75,170,"COVID-19"
"DE-HH","00+",2022-04-22,2022-03-30,"-23 day ahead inc hosp","quantile",0.9,182,"COVID-19"
"DE-HH","00+",2022-04-22,2022-03-30,"-23 day ahead inc hosp","quantile",0.975,201,"COVID-19"
"DE-HH","00+",2022-04-22,2022-03-29,"-24 day ahead inc hosp","mean",NA,169,"COVID-19"
"DE-HH","00+",2022-04-22,2022-03-29,"-24 day ahead inc hosp","quantile",0.025,154,"COVID-19"
"DE-HH","00+",2022-04-22,2022-03-29,"-24 day ahead inc hosp","quantile",0.1,156,"COVID-19"
"DE-HH","00+",2022-04-22,2022-03-29,"-24 day ahead inc hosp","quantile",0.25,159,"COVID-19"
"DE-HH","00+",2022-04-22,2022-03-29,"-24 day ahead inc hosp","quantile",0.5,165,"COVID-19"
"DE-HH","00+",2022-04-22,2022-03-29,"-24 day ahead inc hosp","quantile",0.75,175,"COVID-19"
"DE-HH","00+",2022-04-22,2022-03-29,"-24 day ahead inc hosp","quantile",0.9,187,"COVID-19"
"DE-HH","00+",2022-04-22,2022-03-29,"-24 day ahead inc hosp","quantile",0.975,205,"COVID-19"
"DE-HH","00+",2022-04-22,2022-03-28,"-25 day ahead inc hosp","mean",NA,175,"COVID-19"
"DE-HH","00+",2022-04-22,2022-03-28,"-25 day ahead inc hosp","quantile",0.025,160,"COVID-19"
"DE-HH","00+",2022-04-22,2022-03-28,"-25 day ahead inc hosp","quantile",0.1,162,"COVID-19"
"DE-HH","00+",2022-04-22,2022-03-28,"-25 day ahead inc hosp","quantile",0.25,165,"COVID-19"
"DE-HH","00+",2022-04-22,2022-03-28,"-25 day ahead inc hosp","quantile",0.5,172,"COVID-19"
"DE-HH","00+",2022-04-22,2022-03-28,"-25 day ahead inc hosp","quantile",0.75,181,"COVID-19"
"DE-HH","00+",2022-04-22,2022-03-28,"-25 day ahead inc hosp","quantile",0.9,193,"COVID-19"
"DE-HH","00+",2022-04-22,2022-03-28,"-25 day ahead inc hosp","quantile",0.975,210,"COVID-19"
"DE-HH","00+",2022-04-22,2022-03-27,"-26 day ahead inc hosp","mean",NA,167,"COVID-19"
"DE-HH","00+",2022-04-22,2022-03-27,"-26 day ahead inc hosp","quantile",0.025,153,"COVID-19"
"DE-HH","00+",2022-04-22,2022-03-27,"-26 day ahead inc hosp","quantile",0.1,155,"COVID-19"
"DE-HH","00+",2022-04-22,2022-03-27,"-26 day ahead inc hosp","quantile",0.25,159,"COVID-19"
"DE-HH","00+",2022-04-22,2022-03-27,"-26 day ahead inc hosp","quantile",0.5,164,"COVID-19"
"DE-HH","00+",2022-04-22,2022-03-27,"-26 day ahead inc hosp","quantile",0.75,173,"COVID-19"
"DE-HH","00+",2022-04-22,2022-03-27,"-26 day ahead inc hosp","quantile",0.9,184,"COVID-19"
"DE-HH","00+",2022-04-22,2022-03-27,"-26 day ahead inc hosp","quantile",0.975,199,"COVID-19"
"DE-HH","00+",2022-04-22,2022-03-26,"-27 day ahead inc hosp","mean",NA,168,"COVID-19"
"DE-HH","00+",2022-04-22,2022-03-26,"-27 day ahead inc hosp","quantile",0.025,155,"COVID-19"
"DE-HH","00+",2022-04-22,2022-03-26,"-27 day ahead inc hosp","quantile",0.1,157,"COVID-19"
"DE-HH","00+",2022-04-22,2022-03-26,"-27 day ahead inc hosp","quantile",0.25,160,"COVID-19"
"DE-HH","00+",2022-04-22,2022-03-26,"-27 day ahead inc hosp","quantile",0.5,166,"COVID-19"
"DE-HH","00+",2022-04-22,2022-03-26,"-27 day ahead inc hosp","quantile",0.75,174,"COVID-19"
"DE-HH","00+",2022-04-22,2022-03-26,"-27 day ahead inc hosp","quantile",0.9,184,"COVID-19"
"DE-HH","00+",2022-04-22,2022-03-26,"-27 day ahead inc hosp","quantile",0.975,198,"COVID-19"
"DE-HH","00+",2022-04-22,2022-03-25,"-28 day ahead inc hosp","mean",NA,159,"COVID-19"
"DE-HH","00+",2022-04-22,2022-03-25,"-28 day ahead inc hosp","quantile",0.025,147,"COVID-19"
"DE-HH","00+",2022-04-22,2022-03-25,"-28 day ahead inc hosp","quantile",0.1,149,"COVID-19"
"DE-HH","00+",2022-04-22,2022-03-25,"-28 day ahead inc hosp","quantile",0.25,152,"COVID-19"
"DE-HH","00+",2022-04-22,2022-03-25,"-28 day ahead inc hosp","quantile",0.5,157,"COVID-19"
"DE-HH","00+",2022-04-22,2022-03-25,"-28 day ahead inc hosp","quantile",0.75,165,"COVID-19"
"DE-HH","00+",2022-04-22,2022-03-25,"-28 day ahead inc hosp","quantile",0.9,173,"COVID-19"
"DE-HH","00+",2022-04-22,2022-03-25,"-28 day ahead inc hosp","quantile",0.975,186,"COVID-19"
"DE-MV","00+",2022-04-22,2022-04-22,"0 day ahead inc hosp","mean",NA,265,"COVID-19"
"DE-MV","00+",2022-04-22,2022-04-22,"0 day ahead inc hosp","quantile",0.025,191,"COVID-19"
"DE-MV","00+",2022-04-22,2022-04-22,"0 day ahead inc hosp","quantile",0.1,209,"COVID-19"
"DE-MV","00+",2022-04-22,2022-04-22,"0 day ahead inc hosp","quantile",0.25,230,"COVID-19"
"DE-MV","00+",2022-04-22,2022-04-22,"0 day ahead inc hosp","quantile",0.5,258,"COVID-19"
"DE-MV","00+",2022-04-22,2022-04-22,"0 day ahead inc hosp","quantile",0.75,292,"COVID-19"
"DE-MV","00+",2022-04-22,2022-04-22,"0 day ahead inc hosp","quantile",0.9,329,"COVID-19"
"DE-MV","00+",2022-04-22,2022-04-22,"0 day ahead inc hosp","quantile",0.975,376,"COVID-19"
"DE-MV","00+",2022-04-22,2022-04-21,"-1 day ahead inc hosp","mean",NA,242,"COVID-19"
"DE-MV","00+",2022-04-22,2022-04-21,"-1 day ahead inc hosp","quantile",0.025,189,"COVID-19"
"DE-MV","00+",2022-04-22,2022-04-21,"-1 day ahead inc hosp","quantile",0.1,202,"COVID-19"
"DE-MV","00+",2022-04-22,2022-04-21,"-1 day ahead inc hosp","quantile",0.25,217,"COVID-19"
"DE-MV","00+",2022-04-22,2022-04-21,"-1 day ahead inc hosp","quantile",0.5,237,"COVID-19"
"DE-MV","00+",2022-04-22,2022-04-21,"-1 day ahead inc hosp","quantile",0.75,262,"COVID-19"
"DE-MV","00+",2022-04-22,2022-04-21,"-1 day ahead inc hosp","quantile",0.9,289,"COVID-19"
"DE-MV","00+",2022-04-22,2022-04-21,"-1 day ahead inc hosp","quantile",0.975,324,"COVID-19"
"DE-MV","00+",2022-04-22,2022-04-20,"-2 day ahead inc hosp","mean",NA,214,"COVID-19"
"DE-MV","00+",2022-04-22,2022-04-20,"-2 day ahead inc hosp","quantile",0.025,180,"COVID-19"
"DE-MV","00+",2022-04-22,2022-04-20,"-2 day ahead inc hosp","quantile",0.1,188,"COVID-19"
"DE-MV","00+",2022-04-22,2022-04-20,"-2 day ahead inc hosp","quantile",0.25,198,"COVID-19"
"DE-MV","00+",2022-04-22,2022-04-20,"-2 day ahead inc hosp","quantile",0.5,211,"COVID-19"
"DE-MV","00+",2022-04-22,2022-04-20,"-2 day ahead inc hosp","quantile",0.75,227,"COVID-19"
"DE-MV","00+",2022-04-22,2022-04-20,"-2 day ahead inc hosp","quantile",0.9,245,"COVID-19"
"DE-MV","00+",2022-04-22,2022-04-20,"-2 day ahead inc hosp","quantile",0.975,268,"COVID-19"
"DE-MV","00+",2022-04-22,2022-04-19,"-3 day ahead inc hosp","mean",NA,236,"COVID-19"
"DE-MV","00+",2022-04-22,2022-04-19,"-3 day ahead inc hosp","quantile",0.025,208,"COVID-19"
"DE-MV","00+",2022-04-22,2022-04-19,"-3 day ahead inc hosp","quantile",0.1,215,"COVID-19"
"DE-MV","00+",2022-04-22,2022-04-19,"-3 day ahead inc hosp","quantile",0.25,223,"COVID-19"
"DE-MV","00+",2022-04-22,2022-04-19,"-3 day ahead inc hosp","quantile",0.5,234,"COVID-19"
"DE-MV","00+",2022-04-22,2022-04-19,"-3 day ahead inc hosp","quantile",0.75,247,"COVID-19"
"DE-MV","00+",2022-04-22,2022-04-19,"-3 day ahead inc hosp","quantile",0.9,261,"COVID-19"
"DE-MV","00+",2022-04-22,2022-04-19,"-3 day ahead inc hosp","quantile",0.975,280,"COVID-19"
"DE-MV","00+",2022-04-22,2022-04-18,"-4 day ahead inc hosp","mean",NA,267,"COVID-19"
"DE-MV","00+",2022-04-22,2022-04-18,"-4 day ahead inc hosp","quantile",0.025,241,"COVID-19"
"DE-MV","00+",2022-04-22,2022-04-18,"-4 day ahead inc hosp","quantile",0.1,247,"COVID-19"
"DE-MV","00+",2022-04-22,2022-04-18,"-4 day ahead inc hosp","quantile",0.25,255,"COVID-19"
"DE-MV","00+",2022-04-22,2022-04-18,"-4 day ahead inc hosp","quantile",0.5,265,"COVID-19"
"DE-MV","00+",2022-04-22,2022-04-18,"-4 day ahead inc hosp","quantile",0.75,277,"COVID-19"
"DE-MV","00+",2022-04-22,2022-04-18,"-4 day ahead inc hosp","quantile",0.9,289,"COVID-19"
"DE-MV","00+",2022-04-22,2022-04-18,"-4 day ahead inc hosp","quantile",0.975,305,"COVID-19"
"DE-MV","00+",2022-04-22,2022-04-17,"-5 day ahead inc hosp","mean",NA,272,"COVID-19"
"DE-MV","00+",2022-04-22,2022-04-17,"-5 day ahead inc hosp","quantile",0.025,248,"COVID-19"
"DE-MV","00+",2022-04-22,2022-04-17,"-5 day ahead inc hosp","quantile",0.1,254,"COVID-19"
"DE-MV","00+",2022-04-22,2022-04-17,"-5 day ahead inc hosp","quantile",0.25,261,"COVID-19"
"DE-MV","00+",2022-04-22,2022-04-17,"-5 day ahead inc hosp","quantile",0.5,270,"COVID-19"
"DE-MV","00+",2022-04-22,2022-04-17,"-5 day ahead inc hosp","quantile",0.75,280,"COVID-19"
"DE-MV","00+",2022-04-22,2022-04-17,"-5 day ahead inc hosp","quantile",0.9,291,"COVID-19"
"DE-MV","00+",2022-04-22,2022-04-17,"-5 day ahead inc hosp","quantile",0.975,305,"COVID-19"
"DE-MV","00+",2022-04-22,2022-04-16,"-6 day ahead inc hosp","mean",NA,291,"COVID-19"
"DE-MV","00+",2022-04-22,2022-04-16,"-6 day ahead inc hosp","quantile",0.025,268,"COVID-19"
"DE-MV","00+",2022-04-22,2022-04-16,"-6 day ahead inc hosp","quantile",0.1,274,"COVID-19"
"DE-MV","00+",2022-04-22,2022-04-16,"-6 day ahead inc hosp","quantile",0.25,281,"COVID-19"
"DE-MV","00+",2022-04-22,2022-04-16,"-6 day ahead inc hosp","quantile",0.5,289,"COVID-19"
"DE-MV","00+",2022-04-22,2022-04-16,"-6 day ahead inc hosp","quantile",0.75,299,"COVID-19"
"DE-MV","00+",2022-04-22,2022-04-16,"-6 day ahead inc hosp","quantile",0.9,310,"COVID-19"
"DE-MV","00+",2022-04-22,2022-04-16,"-6 day ahead inc hosp","quantile",0.975,323,"COVID-19"
"DE-MV","00+",2022-04-22,2022-04-15,"-7 day ahead inc hosp","mean",NA,314,"COVID-19"
"DE-MV","00+",2022-04-22,2022-04-15,"-7 day ahead inc hosp","quantile",0.025,292,"COVID-19"
"DE-MV","00+",2022-04-22,2022-04-15,"-7 day ahead inc hosp","quantile",0.1,298,"COVID-19"
"DE-MV","00+",2022-04-22,2022-04-15,"-7 day ahead inc hosp","quantile",0.25,304,"COVID-19"
"DE-MV","00+",2022-04-22,2022-04-15,"-7 day ahead inc hosp","quantile",0.5,312,"COVID-19"
"DE-MV","00+",2022-04-22,2022-04-15,"-7 day ahead inc hosp","quantile",0.75,322,"COVID-19"
"DE-MV","00+",2022-04-22,2022-04-15,"-7 day ahead inc hosp","quantile",0.9,332,"COVID-19"
"DE-MV","00+",2022-04-22,2022-04-15,"-7 day ahead inc hosp","quantile",0.975,345,"COVID-19"
"DE-MV","00+",2022-04-22,2022-04-14,"-8 day ahead inc hosp","mean",NA,324,"COVID-19"
"DE-MV","00+",2022-04-22,2022-04-14,"-8 day ahead inc hosp","quantile",0.025,303,"COVID-19"
"DE-MV","00+",2022-04-22,2022-04-14,"-8 day ahead inc hosp","quantile",0.1,309,"COVID-19"
"DE-MV","00+",2022-04-22,2022-04-14,"-8 day ahead inc hosp","quantile",0.25,315,"COVID-19"
"DE-MV","00+",2022-04-22,2022-04-14,"-8 day ahead inc hosp","quantile",0.5,323,"COVID-19"
"DE-MV","00+",2022-04-22,2022-04-14,"-8 day ahead inc hosp","quantile",0.75,332,"COVID-19"
"DE-MV","00+",2022-04-22,2022-04-14,"-8 day ahead inc hosp","quantile",0.9,342,"COVID-19"
"DE-MV","00+",2022-04-22,2022-04-14,"-8 day ahead inc hosp","quantile",0.975,354,"COVID-19"
"DE-MV","00+",2022-04-22,2022-04-13,"-9 day ahead inc hosp","mean",NA,337,"COVID-19"
"DE-MV","00+",2022-04-22,2022-04-13,"-9 day ahead inc hosp","quantile",0.025,317,"COVID-19"
"DE-MV","00+",2022-04-22,2022-04-13,"-9 day ahead inc hosp","quantile",0.1,323,"COVID-19"
"DE-MV","00+",2022-04-22,2022-04-13,"-9 day ahead inc hosp","quantile",0.25,328,"COVID-19"
"DE-MV","00+",2022-04-22,2022-04-13,"-9 day ahead inc hosp","quantile",0.5,336,"COVID-19"
"DE-MV","00+",2022-04-22,2022-04-13,"-9 day ahead inc hosp","quantile",0.75,345,"COVID-19"
"DE-MV","00+",2022-04-22,2022-04-13,"-9 day ahead inc hosp","quantile",0.9,354,"COVID-19"
"DE-MV","00+",2022-04-22,2022-04-13,"-9 day ahead inc hosp","quantile",0.975,366,"COVID-19"
"DE-MV","00+",2022-04-22,2022-04-12,"-10 day ahead inc hosp","mean",NA,348,"COVID-19"
"DE-MV","00+",2022-04-22,2022-04-12,"-10 day ahead inc hosp","quantile",0.025,331,"COVID-19"
"DE-MV","00+",2022-04-22,2022-04-12,"-10 day ahead inc hosp","quantile",0.1,335,"COVID-19"
"DE-MV","00+",2022-04-22,2022-04-12,"-10 day ahead inc hosp","quantile",0.25,340,"COVID-19"
"DE-MV","00+",2022-04-22,2022-04-12,"-10 day ahead inc hosp","quantile",0.5,347,"COVID-19"
"DE-MV","00+",2022-04-22,2022-04-12,"-10 day ahead inc hosp","quantile",0.75,355,"COVID-19"
"DE-MV","00+",2022-04-22,2022-04-12,"-10 day ahead inc hosp","quantile",0.9,364,"COVID-19"
"DE-MV","00+",2022-04-22,2022-04-12,"-10 day ahead inc hosp","quantile",0.975,375,"COVID-19"
"DE-MV","00+",2022-04-22,2022-04-11,"-11 day ahead inc hosp","mean",NA,354,"COVID-19"
"DE-MV","00+",2022-04-22,2022-04-11,"-11 day ahead inc hosp","quantile",0.025,338,"COVID-19"
"DE-MV","00+",2022-04-22,2022-04-11,"-11 day ahead inc hosp","quantile",0.1,342,"COVID-19"
"DE-MV","00+",2022-04-22,2022-04-11,"-11 day ahead inc hosp","quantile",0.25,346,"COVID-19"
"DE-MV","00+",2022-04-22,2022-04-11,"-11 day ahead inc hosp","quantile",0.5,352,"COVID-19"
"DE-MV","00+",2022-04-22,2022-04-11,"-11 day ahead inc hosp","quantile",0.75,360,"COVID-19"
"DE-MV","00+",2022-04-22,2022-04-11,"-11 day ahead inc hosp","quantile",0.9,368,"COVID-19"
"DE-MV","00+",2022-04-22,2022-04-11,"-11 day ahead inc hosp","quantile",0.975,378,"COVID-19"
"DE-MV","00+",2022-04-22,2022-04-10,"-12 day ahead inc hosp","mean",NA,354,"COVID-19"
"DE-MV","00+",2022-04-22,2022-04-10,"-12 day ahead inc hosp","quantile",0.025,338,"COVID-19"
"DE-MV","00+",2022-04-22,2022-04-10,"-12 day ahead inc hosp","quantile",0.1,342,"COVID-19"
"DE-MV","00+",2022-04-22,2022-04-10,"-12 day ahead inc hosp","quantile",0.25,346,"COVID-19"
"DE-MV","00+",2022-04-22,2022-04-10,"-12 day ahead inc hosp","quantile",0.5,352,"COVID-19"
"DE-MV","00+",2022-04-22,2022-04-10,"-12 day ahead inc hosp","quantile",0.75,359,"COVID-19"
"DE-MV","00+",2022-04-22,2022-04-10,"-12 day ahead inc hosp","quantile",0.9,367,"COVID-19"
"DE-MV","00+",2022-04-22,2022-04-10,"-12 day ahead inc hosp","quantile",0.975,377,"COVID-19"
"DE-MV","00+",2022-04-22,2022-04-09,"-13 day ahead inc hosp","mean",NA,353,"COVID-19"
"DE-MV","00+",2022-04-22,2022-04-09,"-13 day ahead inc hosp","quantile",0.025,339,"COVID-19"
"DE-MV","00+",2022-04-22,2022-04-09,"-13 day ahead inc hosp","quantile",0.1,342,"COVID-19"
"DE-MV","00+",2022-04-22,2022-04-09,"-13 day ahead inc hosp","quantile",0.25,346,"COVID-19"
"DE-MV","00+",2022-04-22,2022-04-09,"-13 day ahead inc hosp","quantile",0.5,352,"COVID-19"
"DE-MV","00+",2022-04-22,2022-04-09,"-13 day ahead inc hosp","quantile",0.75,359,"COVID-19"
"DE-MV","00+",2022-04-22,2022-04-09,"-13 day ahead inc hosp","quantile",0.9,366,"COVID-19"
"DE-MV","00+",2022-04-22,2022-04-09,"-13 day ahead inc hosp","quantile",0.975,375,"COVID-19"
"DE-MV","00+",2022-04-22,2022-04-08,"-14 day ahead inc hosp","mean",NA,336,"COVID-19"
"DE-MV","00+",2022-04-22,2022-04-08,"-14 day ahead inc hosp","quantile",0.025,323,"COVID-19"
"DE-MV","00+",2022-04-22,2022-04-08,"-14 day ahead inc hosp","quantile",0.1,326,"COVID-19"
"DE-MV","00+",2022-04-22,2022-04-08,"-14 day ahead inc hosp","quantile",0.25,329,"COVID-19"
"DE-MV","00+",2022-04-22,2022-04-08,"-14 day ahead inc hosp","quantile",0.5,335,"COVID-19"
"DE-MV","00+",2022-04-22,2022-04-08,"-14 day ahead inc hosp","quantile",0.75,341,"COVID-19"
"DE-MV","00+",2022-04-22,2022-04-08,"-14 day ahead inc hosp","quantile",0.9,347,"COVID-19"
"DE-MV","00+",2022-04-22,2022-04-08,"-14 day ahead inc hosp","quantile",0.975,356,"COVID-19"
"DE-MV","00+",2022-04-22,2022-04-07,"-15 day ahead inc hosp","mean",NA,334,"COVID-19"
"DE-MV","00+",2022-04-22,2022-04-07,"-15 day ahead inc hosp","quantile",0.025,322,"COVID-19"
"DE-MV","00+",2022-04-22,2022-04-07,"-15 day ahead inc hosp","quantile",0.1,325,"COVID-19"
"DE-MV","00+",2022-04-22,2022-04-07,"-15 day ahead inc hosp","quantile",0.25,328,"COVID-19"
"DE-MV","00+",2022-04-22,2022-04-07,"-15 day ahead inc hosp","quantile",0.5,333,"COVID-19"
"DE-MV","00+",2022-04-22,2022-04-07,"-15 day ahead inc hosp","quantile",0.75,339,"COVID-19"
"DE-MV","00+",2022-04-22,2022-04-07,"-15 day ahead inc hosp","quantile",0.9,345,"COVID-19"
"DE-MV","00+",2022-04-22,2022-04-07,"-15 day ahead inc hosp","quantile",0.975,353,"COVID-19"
"DE-MV","00+",2022-04-22,2022-04-06,"-16 day ahead inc hosp","mean",NA,342,"COVID-19"
"DE-MV","00+",2022-04-22,2022-04-06,"-16 day ahead inc hosp","quantile",0.025,330,"COVID-19"
"DE-MV","00+",2022-04-22,2022-04-06,"-16 day ahead inc hosp","quantile",0.1,333,"COVID-19"
"DE-MV","00+",2022-04-22,2022-04-06,"-16 day ahead inc hosp","quantile",0.25,336,"COVID-19"
"DE-MV","00+",2022-04-22,2022-04-06,"-16 day ahead inc hosp","quantile",0.5,340,"COVID-19"
"DE-MV","00+",2022-04-22,2022-04-06,"-16 day ahead inc hosp","quantile",0.75,346,"COVID-19"
"DE-MV","00+",2022-04-22,2022-04-06,"-16 day ahead inc hosp","quantile",0.9,352,"COVID-19"
"DE-MV","00+",2022-04-22,2022-04-06,"-16 day ahead inc hosp","quantile",0.975,360,"COVID-19"
"DE-MV","00+",2022-04-22,2022-04-05,"-17 day ahead inc hosp","mean",NA,332,"COVID-19"
"DE-MV","00+",2022-04-22,2022-04-05,"-17 day ahead inc hosp","quantile",0.025,322,"COVID-19"
"DE-MV","00+",2022-04-22,2022-04-05,"-17 day ahead inc hosp","quantile",0.1,325,"COVID-19"
"DE-MV","00+",2022-04-22,2022-04-05,"-17 day ahead inc hosp","quantile",0.25,327,"COVID-19"
"DE-MV","00+",2022-04-22,2022-04-05,"-17 day ahead inc hosp","quantile",0.5,331,"COVID-19"
"DE-MV","00+",2022-04-22,2022-04-05,"-17 day ahead inc hosp","quantile",0.75,336,"COVID-19"
"DE-MV","00+",2022-04-22,2022-04-05,"-17 day ahead inc hosp","quantile",0.9,341,"COVID-19"
"DE-MV","00+",2022-04-22,2022-04-05,"-17 day ahead inc hosp","quantile",0.975,348,"COVID-19"
"DE-MV","00+",2022-04-22,2022-04-04,"-18 day ahead inc hosp","mean",NA,331,"COVID-19"
"DE-MV","00+",2022-04-22,2022-04-04,"-18 day ahead inc hosp","quantile",0.025,322,"COVID-19"
"DE-MV","00+",2022-04-22,2022-04-04,"-18 day ahead inc hosp","quantile",0.1,324,"COVID-19"
"DE-MV","00+",2022-04-22,2022-04-04,"-18 day ahead inc hosp","quantile",0.25,326,"COVID-19"
"DE-MV","00+",2022-04-22,2022-04-04,"-18 day ahead inc hosp","quantile",0.5,330,"COVID-19"
"DE-MV","00+",2022-04-22,2022-04-04,"-18 day ahead inc hosp","quantile",0.75,334,"COVID-19"
"DE-MV","00+",2022-04-22,2022-04-04,"-18 day ahead inc hosp","quantile",0.9,339,"COVID-19"
"DE-MV","00+",2022-04-22,2022-04-04,"-18 day ahead inc hosp","quantile",0.975,345,"COVID-19"
"DE-MV","00+",2022-04-22,2022-04-03,"-19 day ahead inc hosp","mean",NA,329,"COVID-19"
"DE-MV","00+",2022-04-22,2022-04-03,"-19 day ahead inc hosp","quantile",0.025,321,"COVID-19"
"DE-MV","00+",2022-04-22,2022-04-03,"-19 day ahead inc hosp","quantile",0.1,323,"COVID-19"
"DE-MV","00+",2022-04-22,2022-04-03,"-19 day ahead inc hosp","quantile",0.25,325,"COVID-19"
"DE-MV","00+",2022-04-22,2022-04-03,"-19 day ahead inc hosp","quantile",0.5,328,"COVID-19"
"DE-MV","00+",2022-04-22,2022-04-03,"-19 day ahead inc hosp","quantile",0.75,332,"COVID-19"
"DE-MV","00+",2022-04-22,2022-04-03,"-19 day ahead inc hosp","quantile",0.9,337,"COVID-19"
"DE-MV","00+",2022-04-22,2022-04-03,"-19 day ahead inc hosp","quantile",0.975,343,"COVID-19"
"DE-MV","00+",2022-04-22,2022-04-02,"-20 day ahead inc hosp","mean",NA,348,"COVID-19"
"DE-MV","00+",2022-04-22,2022-04-02,"-20 day ahead inc hosp","quantile",0.025,340,"COVID-19"
"DE-MV","00+",2022-04-22,2022-04-02,"-20 day ahead inc hosp","quantile",0.1,341,"COVID-19"
"DE-MV","00+",2022-04-22,2022-04-02,"-20 day ahead inc hosp","quantile",0.25,344,"COVID-19"
"DE-MV","00+",2022-04-22,2022-04-02,"-20 day ahead inc hosp","quantile",0.5,347,"COVID-19"
"DE-MV","00+",2022-04-22,2022-04-02,"-20 day ahead inc hosp","quantile",0.75,351,"COVID-19"
"DE-MV","00+",2022-04-22,2022-04-02,"-20 day ahead inc hosp","quantile",0.9,356,"COVID-19"
"DE-MV","00+",2022-04-22,2022-04-02,"-20 day ahead inc hosp","quantile",0.975,361,"COVID-19"
"DE-MV","00+",2022-04-22,2022-04-01,"-21 day ahead inc hosp","mean",NA,402,"COVID-19"
"DE-MV","00+",2022-04-22,2022-04-01,"-21 day ahead inc hosp","quantile",0.025,394,"COVID-19"
"DE-MV","00+",2022-04-22,2022-04-01,"-21 day ahead inc hosp","quantile",0.1,396,"COVID-19"
"DE-MV","00+",2022-04-22,2022-04-01,"-21 day ahead inc hosp","quantile",0.25,398,"COVID-19"
"DE-MV","00+",2022-04-22,2022-04-01,"-21 day ahead inc hosp","quantile",0.5,401,"COVID-19"
"DE-MV","00+",2022-04-22,2022-04-01,"-21 day ahead inc hosp","quantile",0.75,406,"COVID-19"
"DE-MV","00+",2022-04-22,2022-04-01,"-21 day ahead inc hosp","quantile",0.9,410,"COVID-19"
"DE-MV","00+",2022-04-22,2022-04-01,"-21 day ahead inc hosp","quantile",0.975,416,"COVID-19"
"DE-MV","00+",2022-04-22,2022-03-31,"-22 day ahead inc hosp","mean",NA,439,"COVID-19"
"DE-MV","00+",2022-04-22,2022-03-31,"-22 day ahead inc hosp","quantile",0.025,431,"COVID-19"
"DE-MV","00+",2022-04-22,2022-03-31,"-22 day ahead inc hosp","quantile",0.1,432,"COVID-19"
"DE-MV","00+",2022-04-22,2022-03-31,"-22 day ahead inc hosp","quantile",0.25,435,"COVID-19"
"DE-MV","00+",2022-04-22,2022-03-31,"-22 day ahead inc hosp","quantile",0.5,438,"COVID-19"
"DE-MV","00+",2022-04-22,2022-03-31,"-22 day ahead inc hosp","quantile",0.75,442,"COVID-19"
"DE-MV","00+",2022-04-22,2022-03-31,"-22 day ahead inc hosp","quantile",0.9,447,"COVID-19"
"DE-MV","00+",2022-04-22,2022-03-31,"-22 day ahead inc hosp","quantile",0.975,453,"COVID-19"
"DE-MV","00+",2022-04-22,2022-03-30,"-23 day ahead inc hosp","mean",NA,455,"COVID-19"
"DE-MV","00+",2022-04-22,2022-03-30,"-23 day ahead inc hosp","quantile",0.025,447,"COVID-19"
"DE-MV","00+",2022-04-22,2022-03-30,"-23 day ahead inc hosp","quantile",0.1,449,"COVID-19"
"DE-MV","00+",2022-04-22,2022-03-30,"-23 day ahead inc hosp","quantile",0.25,451,"COVID-19"
"DE-MV","00+",2022-04-22,2022-03-30,"-23 day ahead inc hosp","quantile",0.5,454,"COVID-19"
"DE-MV","00+",2022-04-22,2022-03-30,"-23 day ahead inc hosp","quantile",0.75,458,"COVID-19"
"DE-MV","00+",2022-04-22,2022-03-30,"-23 day ahead inc hosp","quantile",0.9,462,"COVID-19"
"DE-MV","00+",2022-04-22,2022-03-30,"-23 day ahead inc hosp","quantile",0.975,468,"COVID-19"
"DE-MV","00+",2022-04-22,2022-03-29,"-24 day ahead inc hosp","mean",NA,464,"COVID-19"
"DE-MV","00+",2022-04-22,2022-03-29,"-24 day ahead inc hosp","quantile",0.025,457,"COVID-19"
"DE-MV","00+",2022-04-22,2022-03-29,"-24 day ahead inc hosp","quantile",0.1,458,"COVID-19"
"DE-MV","00+",2022-04-22,2022-03-29,"-24 day ahead inc hosp","quantile",0.25,460,"COVID-19"
"DE-MV","00+",2022-04-22,2022-03-29,"-24 day ahead inc hosp","quantile",0.5,463,"COVID-19"
"DE-MV","00+",2022-04-22,2022-03-29,"-24 day ahead inc hosp","quantile",0.75,467,"COVID-19"
"DE-MV","00+",2022-04-22,2022-03-29,"-24 day ahead inc hosp","quantile",0.9,470,"COVID-19"
"DE-MV","00+",2022-04-22,2022-03-29,"-24 day ahead inc hosp","quantile",0.975,475,"COVID-19"
"DE-MV","00+",2022-04-22,2022-03-28,"-25 day ahead inc hosp","mean",NA,462,"COVID-19"
"DE-MV","00+",2022-04-22,2022-03-28,"-25 day ahead inc hosp","quantile",0.025,456,"COVID-19"
"DE-MV","00+",2022-04-22,2022-03-28,"-25 day ahead inc hosp","quantile",0.1,457,"COVID-19"
"DE-MV","00+",2022-04-22,2022-03-28,"-25 day ahead inc hosp","quantile",0.25,459,"COVID-19"
"DE-MV","00+",2022-04-22,2022-03-28,"-25 day ahead inc hosp","quantile",0.5,461,"COVID-19"
"DE-MV","00+",2022-04-22,2022-03-28,"-25 day ahead inc hosp","quantile",0.75,464,"COVID-19"
"DE-MV","00+",2022-04-22,2022-03-28,"-25 day ahead inc hosp","quantile",0.9,468,"COVID-19"
"DE-MV","00+",2022-04-22,2022-03-28,"-25 day ahead inc hosp","quantile",0.975,472,"COVID-19"
"DE-MV","00+",2022-04-22,2022-03-27,"-26 day ahead inc hosp","mean",NA,488,"COVID-19"
"DE-MV","00+",2022-04-22,2022-03-27,"-26 day ahead inc hosp","quantile",0.025,482,"COVID-19"
"DE-MV","00+",2022-04-22,2022-03-27,"-26 day ahead inc hosp","quantile",0.1,483,"COVID-19"
"DE-MV","00+",2022-04-22,2022-03-27,"-26 day ahead inc hosp","quantile",0.25,485,"COVID-19"
"DE-MV","00+",2022-04-22,2022-03-27,"-26 day ahead inc hosp","quantile",0.5,487,"COVID-19"
"DE-MV","00+",2022-04-22,2022-03-27,"-26 day ahead inc hosp","quantile",0.75,490,"COVID-19"
"DE-MV","00+",2022-04-22,2022-03-27,"-26 day ahead inc hosp","quantile",0.9,494,"COVID-19"
"DE-MV","00+",2022-04-22,2022-03-27,"-26 day ahead inc hosp","quantile",0.975,498,"COVID-19"
"DE-MV","00+",2022-04-22,2022-03-26,"-27 day ahead inc hosp","mean",NA,488,"COVID-19"
"DE-MV","00+",2022-04-22,2022-03-26,"-27 day ahead inc hosp","quantile",0.025,483,"COVID-19"
"DE-MV","00+",2022-04-22,2022-03-26,"-27 day ahead inc hosp","quantile",0.1,484,"COVID-19"
"DE-MV","00+",2022-04-22,2022-03-26,"-27 day ahead inc hosp","quantile",0.25,485,"COVID-19"
"DE-MV","00+",2022-04-22,2022-03-26,"-27 day ahead inc hosp","quantile",0.5,488,"COVID-19"
"DE-MV","00+",2022-04-22,2022-03-26,"-27 day ahead inc hosp","quantile",0.75,490,"COVID-19"
"DE-MV","00+",2022-04-22,2022-03-26,"-27 day ahead inc hosp","quantile",0.9,494,"COVID-19"
"DE-MV","00+",2022-04-22,2022-03-26,"-27 day ahead inc hosp","quantile",0.975,498,"COVID-19"
"DE-MV","00+",2022-04-22,2022-03-25,"-28 day ahead inc hosp","mean",NA,474,"COVID-19"
"DE-MV","00+",2022-04-22,2022-03-25,"-28 day ahead inc hosp","quantile",0.025,469,"COVID-19"
"DE-MV","00+",2022-04-22,2022-03-25,"-28 day ahead inc hosp","quantile",0.1,470,"COVID-19"
"DE-MV","00+",2022-04-22,2022-03-25,"-28 day ahead inc hosp","quantile",0.25,472,"COVID-19"
"DE-MV","00+",2022-04-22,2022-03-25,"-28 day ahead inc hosp","quantile",0.5,474,"COVID-19"
"DE-MV","00+",2022-04-22,2022-03-25,"-28 day ahead inc hosp","quantile",0.75,476,"COVID-19"
"DE-MV","00+",2022-04-22,2022-03-25,"-28 day ahead inc hosp","quantile",0.9,479,"COVID-19"
"DE-MV","00+",2022-04-22,2022-03-25,"-28 day ahead inc hosp","quantile",0.975,483,"COVID-19"
"DE-NI","00+",2022-04-22,2022-04-22,"0 day ahead inc hosp","mean",NA,463,"COVID-19"
"DE-NI","00+",2022-04-22,2022-04-22,"0 day ahead inc hosp","quantile",0.025,324,"COVID-19"
"DE-NI","00+",2022-04-22,2022-04-22,"0 day ahead inc hosp","quantile",0.1,359,"COVID-19"
"DE-NI","00+",2022-04-22,2022-04-22,"0 day ahead inc hosp","quantile",0.25,398,"COVID-19"
"DE-NI","00+",2022-04-22,2022-04-22,"0 day ahead inc hosp","quantile",0.5,451,"COVID-19"
"DE-NI","00+",2022-04-22,2022-04-22,"0 day ahead inc hosp","quantile",0.75,514,"COVID-19"
"DE-NI","00+",2022-04-22,2022-04-22,"0 day ahead inc hosp","quantile",0.9,581,"COVID-19"
"DE-NI","00+",2022-04-22,2022-04-22,"0 day ahead inc hosp","quantile",0.975,668,"COVID-19"
"DE-NI","00+",2022-04-22,2022-04-21,"-1 day ahead inc hosp","mean",NA,472,"COVID-19"
"DE-NI","00+",2022-04-22,2022-04-21,"-1 day ahead inc hosp","quantile",0.025,353,"COVID-19"
"DE-NI","00+",2022-04-22,2022-04-21,"-1 day ahead inc hosp","quantile",0.1,383,"COVID-19"
"DE-NI","00+",2022-04-22,2022-04-21,"-1 day ahead inc hosp","quantile",0.25,417,"COVID-19"
"DE-NI","00+",2022-04-22,2022-04-21,"-1 day ahead inc hosp","quantile",0.5,462,"COVID-19"
"DE-NI","00+",2022-04-22,2022-04-21,"-1 day ahead inc hosp","quantile",0.75,516,"COVID-19"
"DE-NI","00+",2022-04-22,2022-04-21,"-1 day ahead inc hosp","quantile",0.9,573,"COVID-19"
"DE-NI","00+",2022-04-22,2022-04-21,"-1 day ahead inc hosp","quantile",0.975,646,"COVID-19"
"DE-NI","00+",2022-04-22,2022-04-20,"-2 day ahead inc hosp","mean",NA,437,"COVID-19"
"DE-NI","00+",2022-04-22,2022-04-20,"-2 day ahead inc hosp","quantile",0.025,343,"COVID-19"
"DE-NI","00+",2022-04-22,2022-04-20,"-2 day ahead inc hosp","quantile",0.1,367,"COVID-19"
"DE-NI","00+",2022-04-22,2022-04-20,"-2 day ahead inc hosp","quantile",0.25,393,"COVID-19"
"DE-NI","00+",2022-04-22,2022-04-20,"-2 day ahead inc hosp","quantile",0.5,429,"COVID-19"
"DE-NI","00+",2022-04-22,2022-04-20,"-2 day ahead inc hosp","quantile",0.75,472,"COVID-19"
"DE-NI","00+",2022-04-22,2022-04-20,"-2 day ahead inc hosp","quantile",0.9,517,"COVID-19"
"DE-NI","00+",2022-04-22,2022-04-20,"-2 day ahead inc hosp","quantile",0.975,575,"COVID-19"
"DE-NI","00+",2022-04-22,2022-04-19,"-3 day ahead inc hosp","mean",NA,342,"COVID-19"
"DE-NI","00+",2022-04-22,2022-04-19,"-3 day ahead inc hosp","quantile",0.025,295,"COVID-19"
"DE-NI","00+",2022-04-22,2022-04-19,"-3 day ahead inc hosp","quantile",0.1,307,"COVID-19"
"DE-NI","00+",2022-04-22,2022-04-19,"-3 day ahead inc hosp","quantile",0.25,321,"COVID-19"
"DE-NI","00+",2022-04-22,2022-04-19,"-3 day ahead inc hosp","quantile",0.5,338,"COVID-19"
"DE-NI","00+",2022-04-22,2022-04-19,"-3 day ahead inc hosp","quantile",0.75,360,"COVID-19"
"DE-NI","00+",2022-04-22,2022-04-19,"-3 day ahead inc hosp","quantile",0.9,382,"COVID-19"
"DE-NI","00+",2022-04-22,2022-04-19,"-3 day ahead inc hosp","quantile",0.975,411,"COVID-19"
"DE-NI","00+",2022-04-22,2022-04-18,"-4 day ahead inc hosp","mean",NA,460,"COVID-19"
"DE-NI","00+",2022-04-22,2022-04-18,"-4 day ahead inc hosp","quantile",0.025,406,"COVID-19"
"DE-NI","00+",2022-04-22,2022-04-18,"-4 day ahead inc hosp","quantile",0.1,420,"COVID-19"
"DE-NI","00+",2022-04-22,2022-04-18,"-4 day ahead inc hosp","quantile",0.25,435,"COVID-19"
"DE-NI","00+",2022-04-22,2022-04-18,"-4 day ahead inc hosp","quantile",0.5,455,"COVID-19"
"DE-NI","00+",2022-04-22,2022-04-18,"-4 day ahead inc hosp","quantile",0.75,480,"COVID-19"
"DE-NI","00+",2022-04-22,2022-04-18,"-4 day ahead inc hosp","quantile",0.9,505,"COVID-19"
"DE-NI","00+",2022-04-22,2022-04-18,"-4 day ahead inc hosp","quantile",0.975,538,"COVID-19"
"DE-NI","00+",2022-04-22,2022-04-17,"-5 day ahead inc hosp","mean",NA,467,"COVID-19"
"DE-NI","00+",2022-04-22,2022-04-17,"-5 day ahead inc hosp","quantile",0.025,414,"COVID-19"
"DE-NI","00+",2022-04-22,2022-04-17,"-5 day ahead inc hosp","quantile",0.1,427,"COVID-19"
"DE-NI","00+",2022-04-22,2022-04-17,"-5 day ahead inc hosp","quantile",0.25,442,"COVID-19"
"DE-NI","00+",2022-04-22,2022-04-17,"-5 day ahead inc hosp","quantile",0.5,462,"COVID-19"
"DE-NI","00+",2022-04-22,2022-04-17,"-5 day ahead inc hosp","quantile",0.75,487,"COVID-19"
"DE-NI","00+",2022-04-22,2022-04-17,"-5 day ahead inc hosp","quantile",0.9,512,"COVID-19"
"DE-NI","00+",2022-04-22,2022-04-17,"-5 day ahead inc hosp","quantile",0.975,545,"COVID-19"
"DE-NI","00+",2022-04-22,2022-04-16,"-6 day ahead inc hosp","mean",NA,474,"COVID-19"
"DE-NI","00+",2022-04-22,2022-04-16,"-6 day ahead inc hosp","quantile",0.025,421,"COVID-19"
"DE-NI","00+",2022-04-22,2022-04-16,"-6 day ahead inc hosp","quantile",0.1,434,"COVID-19"
"DE-NI","00+",2022-04-22,2022-04-16,"-6 day ahead inc hosp","quantile",0.25,449,"COVID-19"
"DE-NI","00+",2022-04-22,2022-04-16,"-6 day ahead inc hosp","quantile",0.5,469,"COVID-19"
"DE-NI","00+",2022-04-22,2022-04-16,"-6 day ahead inc hosp","quantile",0.75,494,"COVID-19"
"DE-NI","00+",2022-04-22,2022-04-16,"-6 day ahead inc hosp","quantile",0.9,521,"COVID-19"
"DE-NI","00+",2022-04-22,2022-04-16,"-6 day ahead inc hosp","quantile",0.975,555,"COVID-19"
"DE-NI","00+",2022-04-22,2022-04-15,"-7 day ahead inc hosp","mean",NA,535,"COVID-19"
"DE-NI","00+",2022-04-22,2022-04-15,"-7 day ahead inc hosp","quantile",0.025,477,"COVID-19"
"DE-NI","00+",2022-04-22,2022-04-15,"-7 day ahead inc hosp","quantile",0.1,491,"COVID-19"
"DE-NI","00+",2022-04-22,2022-04-15,"-7 day ahead inc hosp","quantile",0.25,507,"COVID-19"
"DE-NI","00+",2022-04-22,2022-04-15,"-7 day ahead inc hosp","quantile",0.5,530,"COVID-19"
"DE-NI","00+",2022-04-22,2022-04-15,"-7 day ahead inc hosp","quantile",0.75,557,"COVID-19"
"DE-NI","00+",2022-04-22,2022-04-15,"-7 day ahead inc hosp","quantile",0.9,587,"COVID-19"
"DE-NI","00+",2022-04-22,2022-04-15,"-7 day ahead inc hosp","quantile",0.975,626,"COVID-19"
"DE-NI","00+",2022-04-22,2022-04-14,"-8 day ahead inc hosp","mean",NA,553,"COVID-19"
"DE-NI","00+",2022-04-22,2022-04-14,"-8 day ahead inc hosp","quantile",0.025,497,"COVID-19"
"DE-NI","00+",2022-04-22,2022-04-14,"-8 day ahead inc hosp","quantile",0.1,510,"COVID-19"
"DE-NI","00+",2022-04-22,2022-04-14,"-8 day ahead inc hosp","quantile",0.25,526,"COVID-19"
"DE-NI","00+",2022-04-22,2022-04-14,"-8 day ahead inc hosp","quantile",0.5,547,"COVID-19"
"DE-NI","00+",2022-04-22,2022-04-14,"-8 day ahead inc hosp","quantile",0.75,574,"COVID-19"
"DE-NI","00+",2022-04-22,2022-04-14,"-8 day ahead inc hosp","quantile",0.9,603,"COVID-19"
"DE-NI","00+",2022-04-22,2022-04-14,"-8 day ahead inc hosp","quantile",0.975,641,"COVID-19"
"DE-NI","00+",2022-04-22,2022-04-13,"-9 day ahead inc hosp","mean",NA,575,"COVID-19"
"DE-NI","00+",2022-04-22,2022-04-13,"-9 day ahead inc hosp","quantile",0.025,521,"COVID-19"
"DE-NI","00+",2022-04-22,2022-04-13,"-9 day ahead inc hosp","quantile",0.1,533,"COVID-19"
"DE-NI","00+",2022-04-22,2022-04-13,"-9 day ahead inc hosp","quantile",0.25,548,"COVID-19"
"DE-NI","00+",2022-04-22,2022-04-13,"-9 day ahead inc hosp","quantile",0.5,569,"COVID-19"
"DE-NI","00+",2022-04-22,2022-04-13,"-9 day ahead inc hosp","quantile",0.75,595,"COVID-19"
"DE-NI","00+",2022-04-22,2022-04-13,"-9 day ahead inc hosp","quantile",0.9,624,"COVID-19"
"DE-NI","00+",2022-04-22,2022-04-13,"-9 day ahead inc hosp","quantile",0.975,662,"COVID-19"
"DE-NI","00+",2022-04-22,2022-04-12,"-10 day ahead inc hosp","mean",NA,602,"COVID-19"
"DE-NI","00+",2022-04-22,2022-04-12,"-10 day ahead inc hosp","quantile",0.025,553,"COVID-19"
"DE-NI","00+",2022-04-22,2022-04-12,"-10 day ahead inc hosp","quantile",0.1,564,"COVID-19"
"DE-NI","00+",2022-04-22,2022-04-12,"-10 day ahead inc hosp","quantile",0.25,577,"COVID-19"
"DE-NI","00+",2022-04-22,2022-04-12,"-10 day ahead inc hosp","quantile",0.5,596,"COVID-19"
"DE-NI","00+",2022-04-22,2022-04-12,"-10 day ahead inc hosp","quantile",0.75,620,"COVID-19"
"DE-NI","00+",2022-04-22,2022-04-12,"-10 day ahead inc hosp","quantile",0.9,646,"COVID-19"
"DE-NI","00+",2022-04-22,2022-04-12,"-10 day ahead inc hosp","quantile",0.975,682,"COVID-19"
"DE-NI","00+",2022-04-22,2022-04-11,"-11 day ahead inc hosp","mean",NA,589,"COVID-19"
"DE-NI","00+",2022-04-22,2022-04-11,"-11 day ahead inc hosp","quantile",0.025,549,"COVID-19"
"DE-NI","00+",2022-04-22,2022-04-11,"-11 day ahead inc hosp","quantile",0.1,558,"COVID-19"
"DE-NI","00+",2022-04-22,2022-04-11,"-11 day ahead inc hosp","quantile",0.25,568,"COVID-19"
"DE-NI","00+",2022-04-22,2022-04-11,"-11 day ahead inc hosp","quantile",0.5,584,"COVID-19"
"DE-NI","00+",2022-04-22,2022-04-11,"-11 day ahead inc hosp","quantile",0.75,605,"COVID-19"
"DE-NI","00+",2022-04-22,2022-04-11,"-11 day ahead inc hosp","quantile",0.9,627,"COVID-19"
"DE-NI","00+",2022-04-22,2022-04-11,"-11 day ahead inc hosp","quantile",0.975,658,"COVID-19"
"DE-NI","00+",2022-04-22,2022-04-10,"-12 day ahead inc hosp","mean",NA,587,"COVID-19"
"DE-NI","00+",2022-04-22,2022-04-10,"-12 day ahead inc hosp","quantile",0.025,548,"COVID-19"
"DE-NI","00+",2022-04-22,2022-04-10,"-12 day ahead inc hosp","quantile",0.1,556,"COVID-19"
"DE-NI","00+",2022-04-22,2022-04-10,"-12 day ahead inc hosp","quantile",0.25,567,"COVID-19"
"DE-NI","00+",2022-04-22,2022-04-10,"-12 day ahead inc hosp","quantile",0.5,582,"COVID-19"
"DE-NI","00+",2022-04-22,2022-04-10,"-12 day ahead inc hosp","quantile",0.75,603,"COVID-19"
"DE-NI","00+",2022-04-22,2022-04-10,"-12 day ahead inc hosp","quantile",0.9,626,"COVID-19"
"DE-NI","00+",2022-04-22,2022-04-10,"-12 day ahead inc hosp","quantile",0.975,657,"COVID-19"
"DE-NI","00+",2022-04-22,2022-04-09,"-13 day ahead inc hosp","mean",NA,587,"COVID-19"
"DE-NI","00+",2022-04-22,2022-04-09,"-13 day ahead inc hosp","quantile",0.025,548,"COVID-19"
"DE-NI","00+",2022-04-22,2022-04-09,"-13 day ahead inc hosp","quantile",0.1,556,"COVID-19"
"DE-NI","00+",2022-04-22,2022-04-09,"-13 day ahead inc hosp","quantile",0.25,566,"COVID-19"
"DE-NI","00+",2022-04-22,2022-04-09,"-13 day ahead inc hosp","quantile",0.5,582,"COVID-19"
"DE-NI","00+",2022-04-22,2022-04-09,"-13 day ahead inc hosp","quantile",0.75,602,"COVID-19"
"DE-NI","00+",2022-04-22,2022-04-09,"-13 day ahead inc hosp","quantile",0.9,625,"COVID-19"
"DE-NI","00+",2022-04-22,2022-04-09,"-13 day ahead inc hosp","quantile",0.975,657,"COVID-19"
"DE-NI","00+",2022-04-22,2022-04-08,"-14 day ahead inc hosp","mean",NA,613,"COVID-19"
"DE-NI","00+",2022-04-22,2022-04-08,"-14 day ahead inc hosp","quantile",0.025,575,"COVID-19"
"DE-NI","00+",2022-04-22,2022-04-08,"-14 day ahead inc hosp","quantile",0.1,582,"COVID-19"
"DE-NI","00+",2022-04-22,2022-04-08,"-14 day ahead inc hosp","quantile",0.25,592,"COVID-19"
"DE-NI","00+",2022-04-22,2022-04-08,"-14 day ahead inc hosp","quantile",0.5,607,"COVID-19"
"DE-NI","00+",2022-04-22,2022-04-08,"-14 day ahead inc hosp","quantile",0.75,628,"COVID-19"
"DE-NI","00+",2022-04-22,2022-04-08,"-14 day ahead inc hosp","quantile",0.9,650,"COVID-19"
"DE-NI","00+",2022-04-22,2022-04-08,"-14 day ahead inc hosp","quantile",0.975,681,"COVID-19"
"DE-NI","00+",2022-04-22,2022-04-07,"-15 day ahead inc hosp","mean",NA,637,"COVID-19"
"DE-NI","00+",2022-04-22,2022-04-07,"-15 day ahead inc hosp","quantile",0.025,601,"COVID-19"
"DE-NI","00+",2022-04-22,2022-04-07,"-15 day ahead inc hosp","quantile",0.1,608,"COVID-19"
"DE-NI","00+",2022-04-22,2022-04-07,"-15 day ahead inc hosp","quantile",0.25,617,"COVID-19"
"DE-NI","00+",2022-04-22,2022-04-07,"-15 day ahead inc hosp","quantile",0.5,631,"COVID-19"
"DE-NI","00+",2022-04-22,2022-04-07,"-15 day ahead inc hosp","quantile",0.75,651,"COVID-19"
"DE-NI","00+",2022-04-22,2022-04-07,"-15 day ahead inc hosp","quantile",0.9,672,"COVID-19"
"DE-NI","00+",2022-04-22,2022-04-07,"-15 day ahead inc hosp","quantile",0.975,702,"COVID-19"
"DE-NI","00+",2022-04-22,2022-04-06,"-16 day ahead inc hosp","mean",NA,649,"COVID-19"
"DE-NI","00+",2022-04-22,2022-04-06,"-16 day ahead inc hosp","quantile",0.025,615,"COVID-19"
"DE-NI","00+",2022-04-22,2022-04-06,"-16 day ahead inc hosp","quantile",0.1,621,"COVID-19"
"DE-NI","00+",2022-04-22,2022-04-06,"-16 day ahead inc hosp","quantile",0.25,630,"COVID-19"
"DE-NI","00+",2022-04-22,2022-04-06,"-16 day ahead inc hosp","quantile",0.5,643,"COVID-19"
"DE-NI","00+",2022-04-22,2022-04-06,"-16 day ahead inc hosp","quantile",0.75,662,"COVID-19"
"DE-NI","00+",2022-04-22,2022-04-06,"-16 day ahead inc hosp","quantile",0.9,683,"COVID-19"
"DE-NI","00+",2022-04-22,2022-04-06,"-16 day ahead inc hosp","quantile",0.975,712,"COVID-19"
"DE-NI","00+",2022-04-22,2022-04-05,"-17 day ahead inc hosp","mean",NA,643,"COVID-19"
"DE-NI","00+",2022-04-22,2022-04-05,"-17 day ahead inc hosp","quantile",0.025,613,"COVID-19"
"DE-NI","00+",2022-04-22,2022-04-05,"-17 day ahead inc hosp","quantile",0.1,619,"COVID-19"
"DE-NI","00+",2022-04-22,2022-04-05,"-17 day ahead inc hosp","quantile",0.25,626,"COVID-19"
"DE-NI","00+",2022-04-22,2022-04-05,"-17 day ahead inc hosp","quantile",0.5,638,"COVID-19"
"DE-NI","00+",2022-04-22,2022-04-05,"-17 day ahead inc hosp","quantile",0.75,654,"COVID-19"
"DE-NI","00+",2022-04-22,2022-04-05,"-17 day ahead inc hosp","quantile",0.9,673,"COVID-19"
"DE-NI","00+",2022-04-22,2022-04-05,"-17 day ahead inc hosp","quantile",0.975,700,"COVID-19"
"DE-NI","00+",2022-04-22,2022-04-04,"-18 day ahead inc hosp","mean",NA,658,"COVID-19"
"DE-NI","00+",2022-04-22,2022-04-04,"-18 day ahead inc hosp","quantile",0.025,631,"COVID-19"
"DE-NI","00+",2022-04-22,2022-04-04,"-18 day ahead inc hosp","quantile",0.1,636,"COVID-19"
"DE-NI","00+",2022-04-22,2022-04-04,"-18 day ahead inc hosp","quantile",0.25,643,"COVID-19"
"DE-NI","00+",2022-04-22,2022-04-04,"-18 day ahead inc hosp","quantile",0.5,654,"COVID-19"
"DE-NI","00+",2022-04-22,2022-04-04,"-18 day ahead inc hosp","quantile",0.75,669,"COVID-19"
"DE-NI","00+",2022-04-22,2022-04-04,"-18 day ahead inc hosp","quantile",0.9,686,"COVID-19"
"DE-NI","00+",2022-04-22,2022-04-04,"-18 day ahead inc hosp","quantile",0.975,711,"COVID-19"
"DE-NI","00+",2022-04-22,2022-04-03,"-19 day ahead inc hosp","mean",NA,676,"COVID-19"
"DE-NI","00+",2022-04-22,2022-04-03,"-19 day ahead inc hosp","quantile",0.025,649,"COVID-19"
"DE-NI","00+",2022-04-22,2022-04-03,"-19 day ahead inc hosp","quantile",0.1,654,"COVID-19"
"DE-NI","00+",2022-04-22,2022-04-03,"-19 day ahead inc hosp","quantile",0.25,660,"COVID-19"
"DE-NI","00+",2022-04-22,2022-04-03,"-19 day ahead inc hosp","quantile",0.5,671,"COVID-19"
"DE-NI","00+",2022-04-22,2022-04-03,"-19 day ahead inc hosp","quantile",0.75,687,"COVID-19"
"DE-NI","00+",2022-04-22,2022-04-03,"-19 day ahead inc hosp","quantile",0.9,705,"COVID-19"
"DE-NI","00+",2022-04-22,2022-04-03,"-19 day ahead inc hosp","quantile",0.975,731,"COVID-19"
"DE-NI","00+",2022-04-22,2022-04-02,"-20 day ahead inc hosp","mean",NA,709,"COVID-19"
"DE-NI","00+",2022-04-22,2022-04-02,"-20 day ahead inc hosp","quantile",0.025,681,"COVID-19"
"DE-NI","00+",2022-04-22,2022-04-02,"-20 day ahead inc hosp","quantile",0.1,685,"COVID-19"
"DE-NI","00+",2022-04-22,2022-04-02,"-20 day ahead inc hosp","quantile",0.25,692,"COVID-19"
"DE-NI","00+",2022-04-22,2022-04-02,"-20 day ahead inc hosp","quantile",0.5,703,"COVID-19"
"DE-NI","00+",2022-04-22,2022-04-02,"-20 day ahead inc hosp","quantile",0.75,720,"COVID-19"
"DE-NI","00+",2022-04-22,2022-04-02,"-20 day ahead inc hosp","quantile",0.9,739,"COVID-19"
"DE-NI","00+",2022-04-22,2022-04-02,"-20 day ahead inc hosp","quantile",0.975,767,"COVID-19"
"DE-NI","00+",2022-04-22,2022-04-01,"-21 day ahead inc hosp","mean",NA,754,"COVID-19"
"DE-NI","00+",2022-04-22,2022-04-01,"-21 day ahead inc hosp","quantile",0.025,726,"COVID-19"
"DE-NI","00+",2022-04-22,2022-04-01,"-21 day ahead inc hosp","quantile",0.1,730,"COVID-19"
"DE-NI","00+",2022-04-22,2022-04-01,"-21 day ahead inc hosp","quantile",0.25,737,"COVID-19"
"DE-NI","00+",2022-04-22,2022-04-01,"-21 day ahead inc hosp","quantile",0.5,748,"COVID-19"
"DE-NI","00+",2022-04-22,2022-04-01,"-21 day ahead inc hosp","quantile",0.75,765,"COVID-19"
"DE-NI","00+",2022-04-22,2022-04-01,"-21 day ahead inc hosp","quantile",0.9,785,"COVID-19"
"DE-NI","00+",2022-04-22,2022-04-01,"-21 day ahead inc hosp","quantile",0.975,813,"COVID-19"
"DE-NI","00+",2022-04-22,2022-03-31,"-22 day ahead inc hosp","mean",NA,765,"COVID-19"
"DE-NI","00+",2022-04-22,2022-03-31,"-22 day ahead inc hosp","quantile",0.025,739,"COVID-19"
"DE-NI","00+",2022-04-22,2022-03-31,"-22 day ahead inc hosp","quantile",0.1,742,"COVID-19"
"DE-NI","00+",2022-04-22,2022-03-31,"-22 day ahead inc hosp","quantile",0.25,748,"COVID-19"
"DE-NI","00+",2022-04-22,2022-03-31,"-22 day ahead inc hosp","quantile",0.5,759,"COVID-19"
"DE-NI","00+",2022-04-22,2022-03-31,"-22 day ahead inc hosp","quantile",0.75,775,"COVID-19"
"DE-NI","00+",2022-04-22,2022-03-31,"-22 day ahead inc hosp","quantile",0.9,795,"COVID-19"
"DE-NI","00+",2022-04-22,2022-03-31,"-22 day ahead inc hosp","quantile",0.975,823,"COVID-19"
"DE-NI","00+",2022-04-22,2022-03-30,"-23 day ahead inc hosp","mean",NA,788,"COVID-19"
"DE-NI","00+",2022-04-22,2022-03-30,"-23 day ahead inc hosp","quantile",0.025,762,"COVID-19"
"DE-NI","00+",2022-04-22,2022-03-30,"-23 day ahead inc hosp","quantile",0.1,766,"COVID-19"
"DE-NI","00+",2022-04-22,2022-03-30,"-23 day ahead inc hosp","quantile",0.25,771,"COVID-19"
"DE-NI","00+",2022-04-22,2022-03-30,"-23 day ahead inc hosp","quantile",0.5,782,"COVID-19"
"DE-NI","00+",2022-04-22,2022-03-30,"-23 day ahead inc hosp","quantile",0.75,798,"COVID-19"
"DE-NI","00+",2022-04-22,2022-03-30,"-23 day ahead inc hosp","quantile",0.9,817,"COVID-19"
"DE-NI","00+",2022-04-22,2022-03-30,"-23 day ahead inc hosp","quantile",0.975,846,"COVID-19"
"DE-NI","00+",2022-04-22,2022-03-29,"-24 day ahead inc hosp","mean",NA,805,"COVID-19"
"DE-NI","00+",2022-04-22,2022-03-29,"-24 day ahead inc hosp","quantile",0.025,781,"COVID-19"
"DE-NI","00+",2022-04-22,2022-03-29,"-24 day ahead inc hosp","quantile",0.1,784,"COVID-19"
"DE-NI","00+",2022-04-22,2022-03-29,"-24 day ahead inc hosp","quantile",0.25,789,"COVID-19"
"DE-NI","00+",2022-04-22,2022-03-29,"-24 day ahead inc hosp","quantile",0.5,799,"COVID-19"
"DE-NI","00+",2022-04-22,2022-03-29,"-24 day ahead inc hosp","quantile",0.75,814,"COVID-19"
"DE-NI","00+",2022-04-22,2022-03-29,"-24 day ahead inc hosp","quantile",0.9,833,"COVID-19"
"DE-NI","00+",2022-04-22,2022-03-29,"-24 day ahead inc hosp","quantile",0.975,861,"COVID-19"
"DE-NI","00+",2022-04-22,2022-03-28,"-25 day ahead inc hosp","mean",NA,779,"COVID-19"
"DE-NI","00+",2022-04-22,2022-03-28,"-25 day ahead inc hosp","quantile",0.025,758,"COVID-19"
"DE-NI","00+",2022-04-22,2022-03-28,"-25 day ahead inc hosp","quantile",0.1,760,"COVID-19"
"DE-NI","00+",2022-04-22,2022-03-28,"-25 day ahead inc hosp","quantile",0.25,765,"COVID-19"
"DE-NI","00+",2022-04-22,2022-03-28,"-25 day ahead inc hosp","quantile",0.5,773,"COVID-19"
"DE-NI","00+",2022-04-22,2022-03-28,"-25 day ahead inc hosp","quantile",0.75,787,"COVID-19"
"DE-NI","00+",2022-04-22,2022-03-28,"-25 day ahead inc hosp","quantile",0.9,804,"COVID-19"
"DE-NI","00+",2022-04-22,2022-03-28,"-25 day ahead inc hosp","quantile",0.975,830,"COVID-19"
"DE-NI","00+",2022-04-22,2022-03-27,"-26 day ahead inc hosp","mean",NA,765,"COVID-19"
"DE-NI","00+",2022-04-22,2022-03-27,"-26 day ahead inc hosp","quantile",0.025,744,"COVID-19"
"DE-NI","00+",2022-04-22,2022-03-27,"-26 day ahead inc hosp","quantile",0.1,747,"COVID-19"
"DE-NI","00+",2022-04-22,2022-03-27,"-26 day ahead inc hosp","quantile",0.25,751,"COVID-19"
"DE-NI","00+",2022-04-22,2022-03-27,"-26 day ahead inc hosp","quantile",0.5,760,"COVID-19"
"DE-NI","00+",2022-04-22,2022-03-27,"-26 day ahead inc hosp","quantile",0.75,773,"COVID-19"
"DE-NI","00+",2022-04-22,2022-03-27,"-26 day ahead inc hosp","quantile",0.9,790,"COVID-19"
"DE-NI","00+",2022-04-22,2022-03-27,"-26 day ahead inc hosp","quantile",0.975,814,"COVID-19"
"DE-NI","00+",2022-04-22,2022-03-26,"-27 day ahead inc hosp","mean",NA,764,"COVID-19"
"DE-NI","00+",2022-04-22,2022-03-26,"-27 day ahead inc hosp","quantile",0.025,744,"COVID-19"
"DE-NI","00+",2022-04-22,2022-03-26,"-27 day ahead inc hosp","quantile",0.1,747,"COVID-19"
"DE-NI","00+",2022-04-22,2022-03-26,"-27 day ahead inc hosp","quantile",0.25,751,"COVID-19"
"DE-NI","00+",2022-04-22,2022-03-26,"-27 day ahead inc hosp","quantile",0.5,759,"COVID-19"
"DE-NI","00+",2022-04-22,2022-03-26,"-27 day ahead inc hosp","quantile",0.75,772,"COVID-19"
"DE-NI","00+",2022-04-22,2022-03-26,"-27 day ahead inc hosp","quantile",0.9,788,"COVID-19"
"DE-NI","00+",2022-04-22,2022-03-26,"-27 day ahead inc hosp","quantile",0.975,813,"COVID-19"
"DE-NI","00+",2022-04-22,2022-03-25,"-28 day ahead inc hosp","mean",NA,754,"COVID-19"
"DE-NI","00+",2022-04-22,2022-03-25,"-28 day ahead inc hosp","quantile",0.025,736,"COVID-19"
"DE-NI","00+",2022-04-22,2022-03-25,"-28 day ahead inc hosp","quantile",0.1,738,"COVID-19"
"DE-NI","00+",2022-04-22,2022-03-25,"-28 day ahead inc hosp","quantile",0.25,742,"COVID-19"
"DE-NI","00+",2022-04-22,2022-03-25,"-28 day ahead inc hosp","quantile",0.5,749,"COVID-19"
"DE-NI","00+",2022-04-22,2022-03-25,"-28 day ahead inc hosp","quantile",0.75,761,"COVID-19"
"DE-NI","00+",2022-04-22,2022-03-25,"-28 day ahead inc hosp","quantile",0.9,776,"COVID-19"
"DE-NI","00+",2022-04-22,2022-03-25,"-28 day ahead inc hosp","quantile",0.975,798,"COVID-19"
"DE-NW","00+",2022-04-22,2022-04-22,"0 day ahead inc hosp","mean",NA,1817,"COVID-19"
"DE-NW","00+",2022-04-22,2022-04-22,"0 day ahead inc hosp","quantile",0.025,1253,"COVID-19"
"DE-NW","00+",2022-04-22,2022-04-22,"0 day ahead inc hosp","quantile",0.1,1399,"COVID-19"
"DE-NW","00+",2022-04-22,2022-04-22,"0 day ahead inc hosp","quantile",0.25,1559,"COVID-19"
"DE-NW","00+",2022-04-22,2022-04-22,"0 day ahead inc hosp","quantile",0.5,1772,"COVID-19"
"DE-NW","00+",2022-04-22,2022-04-22,"0 day ahead inc hosp","quantile",0.75,2027,"COVID-19"
"DE-NW","00+",2022-04-22,2022-04-22,"0 day ahead inc hosp","quantile",0.9,2292,"COVID-19"
"DE-NW","00+",2022-04-22,2022-04-22,"0 day ahead inc hosp","quantile",0.975,2633,"COVID-19"
"DE-NW","00+",2022-04-22,2022-04-21,"-1 day ahead inc hosp","mean",NA,1844,"COVID-19"
"DE-NW","00+",2022-04-22,2022-04-21,"-1 day ahead inc hosp","quantile",0.025,1352,"COVID-19"
"DE-NW","00+",2022-04-22,2022-04-21,"-1 day ahead inc hosp","quantile",0.1,1475,"COVID-19"
"DE-NW","00+",2022-04-22,2022-04-21,"-1 day ahead inc hosp","quantile",0.25,1613,"COVID-19"
"DE-NW","00+",2022-04-22,2022-04-21,"-1 day ahead inc hosp","quantile",0.5,1801,"COVID-19"
"DE-NW","00+",2022-04-22,2022-04-21,"-1 day ahead inc hosp","quantile",0.75,2029,"COVID-19"
"DE-NW","00+",2022-04-22,2022-04-21,"-1 day ahead inc hosp","quantile",0.9,2270,"COVID-19"
"DE-NW","00+",2022-04-22,2022-04-21,"-1 day ahead inc hosp","quantile",0.975,2582,"COVID-19"
"DE-NW","00+",2022-04-22,2022-04-20,"-2 day ahead inc hosp","mean",NA,1767,"COVID-19"
"DE-NW","00+",2022-04-22,2022-04-20,"-2 day ahead inc hosp","quantile",0.025,1399,"COVID-19"
"DE-NW","00+",2022-04-22,2022-04-20,"-2 day ahead inc hosp","quantile",0.1,1492,"COVID-19"
"DE-NW","00+",2022-04-22,2022-04-20,"-2 day ahead inc hosp","quantile",0.25,1595,"COVID-19"
"DE-NW","00+",2022-04-22,2022-04-20,"-2 day ahead inc hosp","quantile",0.5,1735,"COVID-19"
"DE-NW","00+",2022-04-22,2022-04-20,"-2 day ahead inc hosp","quantile",0.75,1904,"COVID-19"
"DE-NW","00+",2022-04-22,2022-04-20,"-2 day ahead inc hosp","quantile",0.9,2082,"COVID-19"
"DE-NW","00+",2022-04-22,2022-04-20,"-2 day ahead inc hosp","quantile",0.975,2312,"COVID-19"
"DE-NW","00+",2022-04-22,2022-04-19,"-3 day ahead inc hosp","mean",NA,1707,"COVID-19"
"DE-NW","00+",2022-04-22,2022-04-19,"-3 day ahead inc hosp","quantile",0.025,1437,"COVID-19"
"DE-NW","00+",2022-04-22,2022-04-19,"-3 day ahead inc hosp","quantile",0.1,1506,"COVID-19"
"DE-NW","00+",2022-04-22,2022-04-19,"-3 day ahead inc hosp","quantile",0.25,1583,"COVID-19"
"DE-NW","00+",2022-04-22,2022-04-19,"-3 day ahead inc hosp","quantile",0.5,1686,"COVID-19"
"DE-NW","00+",2022-04-22,2022-04-19,"-3 day ahead inc hosp","quantile",0.75,1808,"COVID-19"
"DE-NW","00+",2022-04-22,2022-04-19,"-3 day ahead inc hosp","quantile",0.9,1937,"COVID-19"
"DE-NW","00+",2022-04-22,2022-04-19,"-3 day ahead inc hosp","quantile",0.975,2102,"COVID-19"
"DE-NW","00+",2022-04-22,2022-04-18,"-4 day ahead inc hosp","mean",NA,1953,"COVID-19"
"DE-NW","00+",2022-04-22,2022-04-18,"-4 day ahead inc hosp","quantile",0.025,1688,"COVID-19"
"DE-NW","00+",2022-04-22,2022-04-18,"-4 day ahead inc hosp","quantile",0.1,1756,"COVID-19"
"DE-NW","00+",2022-04-22,2022-04-18,"-4 day ahead inc hosp","quantile",0.25,1831,"COVID-19"
"DE-NW","00+",2022-04-22,2022-04-18,"-4 day ahead inc hosp","quantile",0.5,1932,"COVID-19"
"DE-NW","00+",2022-04-22,2022-04-18,"-4 day ahead inc hosp","quantile",0.75,2052,"COVID-19"
"DE-NW","00+",2022-04-22,2022-04-18,"-4 day ahead inc hosp","quantile",0.9,2177,"COVID-19"
"DE-NW","00+",2022-04-22,2022-04-18,"-4 day ahead inc hosp","quantile",0.975,2338,"COVID-19"
"DE-NW","00+",2022-04-22,2022-04-17,"-5 day ahead inc hosp","mean",NA,2021,"COVID-19"
"DE-NW","00+",2022-04-22,2022-04-17,"-5 day ahead inc hosp","quantile",0.025,1764,"COVID-19"
"DE-NW","00+",2022-04-22,2022-04-17,"-5 day ahead inc hosp","quantile",0.1,1831,"COVID-19"
"DE-NW","00+",2022-04-22,2022-04-17,"-5 day ahead inc hosp","quantile",0.25,1904,"COVID-19"
"DE-NW","00+",2022-04-22,2022-04-17,"-5 day ahead inc hosp","quantile",0.5,2001,"COVID-19"
"DE-NW","00+",2022-04-22,2022-04-17,"-5 day ahead inc hosp","quantile",0.75,2117,"COVID-19"
"DE-NW","00+",2022-04-22,2022-04-17,"-5 day ahead inc hosp","quantile",0.9,2238,"COVID-19"
"DE-NW","00+",2022-04-22,2022-04-17,"-5 day ahead inc hosp","quantile",0.975,2392,"COVID-19"
"DE-NW","00+",2022-04-22,2022-04-16,"-6 day ahead inc hosp","mean",NA,2028,"COVID-19"
"DE-NW","00+",2022-04-22,2022-04-16,"-6 day ahead inc hosp","quantile",0.025,1785,"COVID-19"
"DE-NW","00+",2022-04-22,2022-04-16,"-6 day ahead inc hosp","quantile",0.1,1847,"COVID-19"
"DE-NW","00+",2022-04-22,2022-04-16,"-6 day ahead inc hosp","quantile",0.25,1917,"COVID-19"
"DE-NW","00+",2022-04-22,2022-04-16,"-6 day ahead inc hosp","quantile",0.5,2009,"COVID-19"
"DE-NW","00+",2022-04-22,2022-04-16,"-6 day ahead inc hosp","quantile",0.75,2119,"COVID-19"
"DE-NW","00+",2022-04-22,2022-04-16,"-6 day ahead inc hosp","quantile",0.9,2234,"COVID-19"
"DE-NW","00+",2022-04-22,2022-04-16,"-6 day ahead inc hosp","quantile",0.975,2382,"COVID-19"
"DE-NW","00+",2022-04-22,2022-04-15,"-7 day ahead inc hosp","mean",NA,2215,"COVID-19"
"DE-NW","00+",2022-04-22,2022-04-15,"-7 day ahead inc hosp","quantile",0.025,1965,"COVID-19"
"DE-NW","00+",2022-04-22,2022-04-15,"-7 day ahead inc hosp","quantile",0.1,2028,"COVID-19"
"DE-NW","00+",2022-04-22,2022-04-15,"-7 day ahead inc hosp","quantile",0.25,2099,"COVID-19"
"DE-NW","00+",2022-04-22,2022-04-15,"-7 day ahead inc hosp","quantile",0.5,2194,"COVID-19"
"DE-NW","00+",2022-04-22,2022-04-15,"-7 day ahead inc hosp","quantile",0.75,2308,"COVID-19"
"DE-NW","00+",2022-04-22,2022-04-15,"-7 day ahead inc hosp","quantile",0.9,2428,"COVID-19"
"DE-NW","00+",2022-04-22,2022-04-15,"-7 day ahead inc hosp","quantile",0.975,2582,"COVID-19"
"DE-NW","00+",2022-04-22,2022-04-14,"-8 day ahead inc hosp","mean",NA,2250,"COVID-19"
"DE-NW","00+",2022-04-22,2022-04-14,"-8 day ahead inc hosp","quantile",0.025,2018,"COVID-19"
"DE-NW","00+",2022-04-22,2022-04-14,"-8 day ahead inc hosp","quantile",0.1,2076,"COVID-19"
"DE-NW","00+",2022-04-22,2022-04-14,"-8 day ahead inc hosp","quantile",0.25,2141,"COVID-19"
"DE-NW","00+",2022-04-22,2022-04-14,"-8 day ahead inc hosp","quantile",0.5,2230,"COVID-19"
"DE-NW","00+",2022-04-22,2022-04-14,"-8 day ahead inc hosp","quantile",0.75,2337,"COVID-19"
"DE-NW","00+",2022-04-22,2022-04-14,"-8 day ahead inc hosp","quantile",0.9,2449,"COVID-19"
"DE-NW","00+",2022-04-22,2022-04-14,"-8 day ahead inc hosp","quantile",0.975,2595,"COVID-19"
"DE-NW","00+",2022-04-22,2022-04-13,"-9 day ahead inc hosp","mean",NA,2310,"COVID-19"
"DE-NW","00+",2022-04-22,2022-04-13,"-9 day ahead inc hosp","quantile",0.025,2095,"COVID-19"
"DE-NW","00+",2022-04-22,2022-04-13,"-9 day ahead inc hosp","quantile",0.1,2148,"COVID-19"
"DE-NW","00+",2022-04-22,2022-04-13,"-9 day ahead inc hosp","quantile",0.25,2208,"COVID-19"
"DE-NW","00+",2022-04-22,2022-04-13,"-9 day ahead inc hosp","quantile",0.5,2290,"COVID-19"
"DE-NW","00+",2022-04-22,2022-04-13,"-9 day ahead inc hosp","quantile",0.75,2391,"COVID-19"
"DE-NW","00+",2022-04-22,2022-04-13,"-9 day ahead inc hosp","quantile",0.9,2497,"COVID-19"
"DE-NW","00+",2022-04-22,2022-04-13,"-9 day ahead inc hosp","quantile",0.975,2635,"COVID-19"
"DE-NW","00+",2022-04-22,2022-04-12,"-10 day ahead inc hosp","mean",NA,2350,"COVID-19"
"DE-NW","00+",2022-04-22,2022-04-12,"-10 day ahead inc hosp","quantile",0.025,2153,"COVID-19"
"DE-NW","00+",2022-04-22,2022-04-12,"-10 day ahead inc hosp","quantile",0.1,2201,"COVID-19"
"DE-NW","00+",2022-04-22,2022-04-12,"-10 day ahead inc hosp","quantile",0.25,2256,"COVID-19"
"DE-NW","00+",2022-04-22,2022-04-12,"-10 day ahead inc hosp","quantile",0.5,2331,"COVID-19"
"DE-NW","00+",2022-04-22,2022-04-12,"-10 day ahead inc hosp","quantile",0.75,2424,"COVID-19"
"DE-NW","00+",2022-04-22,2022-04-12,"-10 day ahead inc hosp","quantile",0.9,2523,"COVID-19"
"DE-NW","00+",2022-04-22,2022-04-12,"-10 day ahead inc hosp","quantile",0.975,2652,"COVID-19"
"DE-NW","00+",2022-04-22,2022-04-11,"-11 day ahead inc hosp","mean",NA,2282,"COVID-19"
"DE-NW","00+",2022-04-22,2022-04-11,"-11 day ahead inc hosp","quantile",0.025,2111,"COVID-19"
"DE-NW","00+",2022-04-22,2022-04-11,"-11 day ahead inc hosp","quantile",0.1,2152,"COVID-19"
"DE-NW","00+",2022-04-22,2022-04-11,"-11 day ahead inc hosp","quantile",0.25,2199,"COVID-19"
"DE-NW","00+",2022-04-22,2022-04-11,"-11 day ahead inc hosp","quantile",0.5,2265,"COVID-19"
"DE-NW","00+",2022-04-22,2022-04-11,"-11 day ahead inc hosp","quantile",0.75,2347,"COVID-19"
"DE-NW","00+",2022-04-22,2022-04-11,"-11 day ahead inc hosp","quantile",0.9,2434,"COVID-19"
"DE-NW","00+",2022-04-22,2022-04-11,"-11 day ahead inc hosp","quantile",0.975,2549,"COVID-19"
"DE-NW","00+",2022-04-22,2022-04-10,"-12 day ahead inc hosp","mean",NA,2258,"COVID-19"
"DE-NW","00+",2022-04-22,2022-04-10,"-12 day ahead inc hosp","quantile",0.025,2093,"COVID-19"
"DE-NW","00+",2022-04-22,2022-04-10,"-12 day ahead inc hosp","quantile",0.1,2132,"COVID-19"
"DE-NW","00+",2022-04-22,2022-04-10,"-12 day ahead inc hosp","quantile",0.25,2177,"COVID-19"
"DE-NW","00+",2022-04-22,2022-04-10,"-12 day ahead inc hosp","quantile",0.5,2241,"COVID-19"
"DE-NW","00+",2022-04-22,2022-04-10,"-12 day ahead inc hosp","quantile",0.75,2320,"COVID-19"
"DE-NW","00+",2022-04-22,2022-04-10,"-12 day ahead inc hosp","quantile",0.9,2405,"COVID-19"
"DE-NW","00+",2022-04-22,2022-04-10,"-12 day ahead inc hosp","quantile",0.975,2517,"COVID-19"
"DE-NW","00+",2022-04-22,2022-04-09,"-13 day ahead inc hosp","mean",NA,2275,"COVID-19"
"DE-NW","00+",2022-04-22,2022-04-09,"-13 day ahead inc hosp","quantile",0.025,2115,"COVID-19"
"DE-NW","00+",2022-04-22,2022-04-09,"-13 day ahead inc hosp","quantile",0.1,2152,"COVID-19"
"DE-NW","00+",2022-04-22,2022-04-09,"-13 day ahead inc hosp","quantile",0.25,2196,"COVID-19"
"DE-NW","00+",2022-04-22,2022-04-09,"-13 day ahead inc hosp","quantile",0.5,2258,"COVID-19"
"DE-NW","00+",2022-04-22,2022-04-09,"-13 day ahead inc hosp","quantile",0.75,2335,"COVID-19"
"DE-NW","00+",2022-04-22,2022-04-09,"-13 day ahead inc hosp","quantile",0.9,2419,"COVID-19"
"DE-NW","00+",2022-04-22,2022-04-09,"-13 day ahead inc hosp","quantile",0.975,2529,"COVID-19"
"DE-NW","00+",2022-04-22,2022-04-08,"-14 day ahead inc hosp","mean",NA,2207,"COVID-19"
"DE-NW","00+",2022-04-22,2022-04-08,"-14 day ahead inc hosp","quantile",0.025,2062,"COVID-19"
"DE-NW","00+",2022-04-22,2022-04-08,"-14 day ahead inc hosp","quantile",0.1,2095,"COVID-19"
"DE-NW","00+",2022-04-22,2022-04-08,"-14 day ahead inc hosp","quantile",0.25,2135,"COVID-19"
"DE-NW","00+",2022-04-22,2022-04-08,"-14 day ahead inc hosp","quantile",0.5,2191,"COVID-19"
"DE-NW","00+",2022-04-22,2022-04-08,"-14 day ahead inc hosp","quantile",0.75,2262,"COVID-19"
"DE-NW","00+",2022-04-22,2022-04-08,"-14 day ahead inc hosp","quantile",0.9,2338,"COVID-19"
"DE-NW","00+",2022-04-22,2022-04-08,"-14 day ahead inc hosp","quantile",0.975,2439,"COVID-19"
"DE-NW","00+",2022-04-22,2022-04-07,"-15 day ahead inc hosp","mean",NA,2198,"COVID-19"
"DE-NW","00+",2022-04-22,2022-04-07,"-15 day ahead inc hosp","quantile",0.025,2065,"COVID-19"
"DE-NW","00+",2022-04-22,2022-04-07,"-15 day ahead inc hosp","quantile",0.1,2095,"COVID-19"
"DE-NW","00+",2022-04-22,2022-04-07,"-15 day ahead inc hosp","quantile",0.25,2132,"COVID-19"
"DE-NW","00+",2022-04-22,2022-04-07,"-15 day ahead inc hosp","quantile",0.5,2184,"COVID-19"
"DE-NW","00+",2022-04-22,2022-04-07,"-15 day ahead inc hosp","quantile",0.75,2249,"COVID-19"
"DE-NW","00+",2022-04-22,2022-04-07,"-15 day ahead inc hosp","quantile",0.9,2320,"COVID-19"
"DE-NW","00+",2022-04-22,2022-04-07,"-15 day ahead inc hosp","quantile",0.975,2414,"COVID-19"
"DE-NW","00+",2022-04-22,2022-04-06,"-16 day ahead inc hosp","mean",NA,2180,"COVID-19"
"DE-NW","00+",2022-04-22,2022-04-06,"-16 day ahead inc hosp","quantile",0.025,2059,"COVID-19"
"DE-NW","00+",2022-04-22,2022-04-06,"-16 day ahead inc hosp","quantile",0.1,2086,"COVID-19"
"DE-NW","00+",2022-04-22,2022-04-06,"-16 day ahead inc hosp","quantile",0.25,2119,"COVID-19"
"DE-NW","00+",2022-04-22,2022-04-06,"-16 day ahead inc hosp","quantile",0.5,2166,"COVID-19"
"DE-NW","00+",2022-04-22,2022-04-06,"-16 day ahead inc hosp","quantile",0.75,2225,"COVID-19"
"DE-NW","00+",2022-04-22,2022-04-06,"-16 day ahead inc hosp","quantile",0.9,2290,"COVID-19"
"DE-NW","00+",2022-04-22,2022-04-06,"-16 day ahead inc hosp","quantile",0.975,2377,"COVID-19"
"DE-NW","00+",2022-04-22,2022-04-05,"-17 day ahead inc hosp","mean",NA,2202,"COVID-19"
"DE-NW","00+",2022-04-22,2022-04-05,"-17 day ahead inc hosp","quantile",0.025,2092,"COVID-19"
"DE-NW","00+",2022-04-22,2022-04-05,"-17 day ahead inc hosp","quantile",0.1,2117,"COVID-19"
"DE-NW","00+",2022-04-22,2022-04-05,"-17 day ahead inc hosp","quantile",0.25,2146,"COVID-19"
"DE-NW","00+",2022-04-22,2022-04-05,"-17 day ahead inc hosp","quantile",0.5,2189,"COVID-19"
"DE-NW","00+",2022-04-22,2022-04-05,"-17 day ahead inc hosp","quantile",0.75,2244,"COVID-19"
"DE-NW","00+",2022-04-22,2022-04-05,"-17 day ahead inc hosp","quantile",0.9,2303,"COVID-19"
"DE-NW","00+",2022-04-22,2022-04-05,"-17 day ahead inc hosp","quantile",0.975,2382,"COVID-19"
"DE-NW","00+",2022-04-22,2022-04-04,"-18 day ahead inc hosp","mean",NA,2213,"COVID-19"
"DE-NW","00+",2022-04-22,2022-04-04,"-18 day ahead inc hosp","quantile",0.025,2112,"COVID-19"
"DE-NW","00+",2022-04-22,2022-04-04,"-18 day ahead inc hosp","quantile",0.1,2134,"COVID-19"
"DE-NW","00+",2022-04-22,2022-04-04,"-18 day ahead inc hosp","quantile",0.25,2162,"COVID-19"
"DE-NW","00+",2022-04-22,2022-04-04,"-18 day ahead inc hosp","quantile",0.5,2201,"COVID-19"
"DE-NW","00+",2022-04-22,2022-04-04,"-18 day ahead inc hosp","quantile",0.75,2252,"COVID-19"
"DE-NW","00+",2022-04-22,2022-04-04,"-18 day ahead inc hosp","quantile",0.9,2308,"COVID-19"
"DE-NW","00+",2022-04-22,2022-04-04,"-18 day ahead inc hosp","quantile",0.975,2382,"COVID-19"
"DE-NW","00+",2022-04-22,2022-04-03,"-19 day ahead inc hosp","mean",NA,2227,"COVID-19"
"DE-NW","00+",2022-04-22,2022-04-03,"-19 day ahead inc hosp","quantile",0.025,2127,"COVID-19"
"DE-NW","00+",2022-04-22,2022-04-03,"-19 day ahead inc hosp","quantile",0.1,2149,"COVID-19"
"DE-NW","00+",2022-04-22,2022-04-03,"-19 day ahead inc hosp","quantile",0.25,2176,"COVID-19"
"DE-NW","00+",2022-04-22,2022-04-03,"-19 day ahead inc hosp","quantile",0.5,2215,"COVID-19"
"DE-NW","00+",2022-04-22,2022-04-03,"-19 day ahead inc hosp","quantile",0.75,2265,"COVID-19"
"DE-NW","00+",2022-04-22,2022-04-03,"-19 day ahead inc hosp","quantile",0.9,2320,"COVID-19"
"DE-NW","00+",2022-04-22,2022-04-03,"-19 day ahead inc hosp","quantile",0.975,2394,"COVID-19"
"DE-NW","00+",2022-04-22,2022-04-02,"-20 day ahead inc hosp","mean",NA,2262,"COVID-19"
"DE-NW","00+",2022-04-22,2022-04-02,"-20 day ahead inc hosp","quantile",0.025,2165,"COVID-19"
"DE-NW","00+",2022-04-22,2022-04-02,"-20 day ahead inc hosp","quantile",0.1,2186,"COVID-19"
"DE-NW","00+",2022-04-22,2022-04-02,"-20 day ahead inc hosp","quantile",0.25,2212,"COVID-19"
"DE-NW","00+",2022-04-22,2022-04-02,"-20 day ahead inc hosp","quantile",0.5,2250,"COVID-19"
"DE-NW","00+",2022-04-22,2022-04-02,"-20 day ahead inc hosp","quantile",0.75,2300,"COVID-19"
"DE-NW","00+",2022-04-22,2022-04-02,"-20 day ahead inc hosp","quantile",0.9,2355,"COVID-19"
"DE-NW","00+",2022-04-22,2022-04-02,"-20 day ahead inc hosp","quantile",0.975,2428,"COVID-19"
"DE-NW","00+",2022-04-22,2022-04-01,"-21 day ahead inc hosp","mean",NA,2376,"COVID-19"
"DE-NW","00+",2022-04-22,2022-04-01,"-21 day ahead inc hosp","quantile",0.025,2280,"COVID-19"
"DE-NW","00+",2022-04-22,2022-04-01,"-21 day ahead inc hosp","quantile",0.1,2300,"COVID-19"
"DE-NW","00+",2022-04-22,2022-04-01,"-21 day ahead inc hosp","quantile",0.25,2326,"COVID-19"
"DE-NW","00+",2022-04-22,2022-04-01,"-21 day ahead inc hosp","quantile",0.5,2364,"COVID-19"
"DE-NW","00+",2022-04-22,2022-04-01,"-21 day ahead inc hosp","quantile",0.75,2413,"COVID-19"
"DE-NW","00+",2022-04-22,2022-04-01,"-21 day ahead inc hosp","quantile",0.9,2468,"COVID-19"
"DE-NW","00+",2022-04-22,2022-04-01,"-21 day ahead inc hosp","quantile",0.975,2542,"COVID-19"
"DE-NW","00+",2022-04-22,2022-03-31,"-22 day ahead inc hosp","mean",NA,2393,"COVID-19"
"DE-NW","00+",2022-04-22,2022-03-31,"-22 day ahead inc hosp","quantile",0.025,2304,"COVID-19"
"DE-NW","00+",2022-04-22,2022-03-31,"-22 day ahead inc hosp","quantile",0.1,2323,"COVID-19"
"DE-NW","00+",2022-04-22,2022-03-31,"-22 day ahead inc hosp","quantile",0.25,2346,"COVID-19"
"DE-NW","00+",2022-04-22,2022-03-31,"-22 day ahead inc hosp","quantile",0.5,2381,"COVID-19"
"DE-NW","00+",2022-04-22,2022-03-31,"-22 day ahead inc hosp","quantile",0.75,2428,"COVID-19"
"DE-NW","00+",2022-04-22,2022-03-31,"-22 day ahead inc hosp","quantile",0.9,2480,"COVID-19"
"DE-NW","00+",2022-04-22,2022-03-31,"-22 day ahead inc hosp","quantile",0.975,2550,"COVID-19"
"DE-NW","00+",2022-04-22,2022-03-30,"-23 day ahead inc hosp","mean",NA,2441,"COVID-19"
"DE-NW","00+",2022-04-22,2022-03-30,"-23 day ahead inc hosp","quantile",0.025,2359,"COVID-19"
"DE-NW","00+",2022-04-22,2022-03-30,"-23 day ahead inc hosp","quantile",0.1,2376,"COVID-19"
"DE-NW","00+",2022-04-22,2022-03-30,"-23 day ahead inc hosp","quantile",0.25,2398,"COVID-19"
"DE-NW","00+",2022-04-22,2022-03-30,"-23 day ahead inc hosp","quantile",0.5,2430,"COVID-19"
"DE-NW","00+",2022-04-22,2022-03-30,"-23 day ahead inc hosp","quantile",0.75,2473,"COVID-19"
"DE-NW","00+",2022-04-22,2022-03-30,"-23 day ahead inc hosp","quantile",0.9,2522,"COVID-19"
"DE-NW","00+",2022-04-22,2022-03-30,"-23 day ahead inc hosp","quantile",0.975,2587,"COVID-19"
"DE-NW","00+",2022-04-22,2022-03-29,"-24 day ahead inc hosp","mean",NA,2462,"COVID-19"
"DE-NW","00+",2022-04-22,2022-03-29,"-24 day ahead inc hosp","quantile",0.025,2388,"COVID-19"
"DE-NW","00+",2022-04-22,2022-03-29,"-24 day ahead inc hosp","quantile",0.1,2403,"COVID-19"
"DE-NW","00+",2022-04-22,2022-03-29,"-24 day ahead inc hosp","quantile",0.25,2422,"COVID-19"
"DE-NW","00+",2022-04-22,2022-03-29,"-24 day ahead inc hosp","quantile",0.5,2452,"COVID-19"
"DE-NW","00+",2022-04-22,2022-03-29,"-24 day ahead inc hosp","quantile",0.75,2490,"COVID-19"
"DE-NW","00+",2022-04-22,2022-03-29,"-24 day ahead inc hosp","quantile",0.9,2534,"COVID-19"
"DE-NW","00+",2022-04-22,2022-03-29,"-24 day ahead inc hosp","quantile",0.975,2594,"COVID-19"
"DE-NW","00+",2022-04-22,2022-03-28,"-25 day ahead inc hosp","mean",NA,2504,"COVID-19"
"DE-NW","00+",2022-04-22,2022-03-28,"-25 day ahead inc hosp","quantile",0.025,2436,"COVID-19"
"DE-NW","00+",2022-04-22,2022-03-28,"-25 day ahead inc hosp","quantile",0.1,2450,"COVID-19"
"DE-NW","00+",2022-04-22,2022-03-28,"-25 day ahead inc hosp","quantile",0.25,2467,"COVID-19"
"DE-NW","00+",2022-04-22,2022-03-28,"-25 day ahead inc hosp","quantile",0.5,2495,"COVID-19"
"DE-NW","00+",2022-04-22,2022-03-28,"-25 day ahead inc hosp","quantile",0.75,2531,"COVID-19"
"DE-NW","00+",2022-04-22,2022-03-28,"-25 day ahead inc hosp","quantile",0.9,2572,"COVID-19"
"DE-NW","00+",2022-04-22,2022-03-28,"-25 day ahead inc hosp","quantile",0.975,2628,"COVID-19"
"DE-NW","00+",2022-04-22,2022-03-27,"-26 day ahead inc hosp","mean",NA,2498,"COVID-19"
"DE-NW","00+",2022-04-22,2022-03-27,"-26 day ahead inc hosp","quantile",0.025,2432,"COVID-19"
"DE-NW","00+",2022-04-22,2022-03-27,"-26 day ahead inc hosp","quantile",0.1,2445,"COVID-19"
"DE-NW","00+",2022-04-22,2022-03-27,"-26 day ahead inc hosp","quantile",0.25,2462,"COVID-19"
"DE-NW","00+",2022-04-22,2022-03-27,"-26 day ahead inc hosp","quantile",0.5,2488,"COVID-19"
"DE-NW","00+",2022-04-22,2022-03-27,"-26 day ahead inc hosp","quantile",0.75,2523,"COVID-19"
"DE-NW","00+",2022-04-22,2022-03-27,"-26 day ahead inc hosp","quantile",0.9,2563,"COVID-19"
"DE-NW","00+",2022-04-22,2022-03-27,"-26 day ahead inc hosp","quantile",0.975,2618,"COVID-19"
"DE-NW","00+",2022-04-22,2022-03-26,"-27 day ahead inc hosp","mean",NA,2459,"COVID-19"
"DE-NW","00+",2022-04-22,2022-03-26,"-27 day ahead inc hosp","quantile",0.025,2397,"COVID-19"
"DE-NW","00+",2022-04-22,2022-03-26,"-27 day ahead inc hosp","quantile",0.1,2409,"COVID-19"
"DE-NW","00+",2022-04-22,2022-03-26,"-27 day ahead inc hosp","quantile",0.25,2425,"COVID-19"
"DE-NW","00+",2022-04-22,2022-03-26,"-27 day ahead inc hosp","quantile",0.5,2450,"COVID-19"
"DE-NW","00+",2022-04-22,2022-03-26,"-27 day ahead inc hosp","quantile",0.75,2483,"COVID-19"
"DE-NW","00+",2022-04-22,2022-03-26,"-27 day ahead inc hosp","quantile",0.9,2520,"COVID-19"
"DE-NW","00+",2022-04-22,2022-03-26,"-27 day ahead inc hosp","quantile",0.975,2571,"COVID-19"
"DE-NW","00+",2022-04-22,2022-03-25,"-28 day ahead inc hosp","mean",NA,2476,"COVID-19"
"DE-NW","00+",2022-04-22,2022-03-25,"-28 day ahead inc hosp","quantile",0.025,2419,"COVID-19"
"DE-NW","00+",2022-04-22,2022-03-25,"-28 day ahead inc hosp","quantile",0.1,2430,"COVID-19"
"DE-NW","00+",2022-04-22,2022-03-25,"-28 day ahead inc hosp","quantile",0.25,2445,"COVID-19"
"DE-NW","00+",2022-04-22,2022-03-25,"-28 day ahead inc hosp","quantile",0.5,2468,"COVID-19"
"DE-NW","00+",2022-04-22,2022-03-25,"-28 day ahead inc hosp","quantile",0.75,2498,"COVID-19"
"DE-NW","00+",2022-04-22,2022-03-25,"-28 day ahead inc hosp","quantile",0.9,2532,"COVID-19"
"DE-NW","00+",2022-04-22,2022-03-25,"-28 day ahead inc hosp","quantile",0.975,2580,"COVID-19"
"DE-RP","00+",2022-04-22,2022-04-22,"0 day ahead inc hosp","mean",NA,443,"COVID-19"
"DE-RP","00+",2022-04-22,2022-04-22,"0 day ahead inc hosp","quantile",0.025,286,"COVID-19"
"DE-RP","00+",2022-04-22,2022-04-22,"0 day ahead inc hosp","quantile",0.1,326,"COVID-19"
"DE-RP","00+",2022-04-22,2022-04-22,"0 day ahead inc hosp","quantile",0.25,370,"COVID-19"
"DE-RP","00+",2022-04-22,2022-04-22,"0 day ahead inc hosp","quantile",0.5,430,"COVID-19"
"DE-RP","00+",2022-04-22,2022-04-22,"0 day ahead inc hosp","quantile",0.75,502,"COVID-19"
"DE-RP","00+",2022-04-22,2022-04-22,"0 day ahead inc hosp","quantile",0.9,577,"COVID-19"
"DE-RP","00+",2022-04-22,2022-04-22,"0 day ahead inc hosp","quantile",0.975,674,"COVID-19"
"DE-RP","00+",2022-04-22,2022-04-21,"-1 day ahead inc hosp","mean",NA,410,"COVID-19"
"DE-RP","00+",2022-04-22,2022-04-21,"-1 day ahead inc hosp","quantile",0.025,298,"COVID-19"
"DE-RP","00+",2022-04-22,2022-04-21,"-1 day ahead inc hosp","quantile",0.1,327,"COVID-19"
"DE-RP","00+",2022-04-22,2022-04-21,"-1 day ahead inc hosp","quantile",0.25,359,"COVID-19"
"DE-RP","00+",2022-04-22,2022-04-21,"-1 day ahead inc hosp","quantile",0.5,401,"COVID-19"
"DE-RP","00+",2022-04-22,2022-04-21,"-1 day ahead inc hosp","quantile",0.75,452,"COVID-19"
"DE-RP","00+",2022-04-22,2022-04-21,"-1 day ahead inc hosp","quantile",0.9,505,"COVID-19"
"DE-RP","00+",2022-04-22,2022-04-21,"-1 day ahead inc hosp","quantile",0.975,573,"COVID-19"
"DE-RP","00+",2022-04-22,2022-04-20,"-2 day ahead inc hosp","mean",NA,389,"COVID-19"
"DE-RP","00+",2022-04-22,2022-04-20,"-2 day ahead inc hosp","quantile",0.025,301,"COVID-19"
"DE-RP","00+",2022-04-22,2022-04-20,"-2 day ahead inc hosp","quantile",0.1,323,"COVID-19"
"DE-RP","00+",2022-04-22,2022-04-20,"-2 day ahead inc hosp","quantile",0.25,348,"COVID-19"
"DE-RP","00+",2022-04-22,2022-04-20,"-2 day ahead inc hosp","quantile",0.5,382,"COVID-19"
"DE-RP","00+",2022-04-22,2022-04-20,"-2 day ahead inc hosp","quantile",0.75,422,"COVID-19"
"DE-RP","00+",2022-04-22,2022-04-20,"-2 day ahead inc hosp","quantile",0.9,464,"COVID-19"
"DE-RP","00+",2022-04-22,2022-04-20,"-2 day ahead inc hosp","quantile",0.975,518,"COVID-19"
"DE-RP","00+",2022-04-22,2022-04-19,"-3 day ahead inc hosp","mean",NA,296,"COVID-19"
"DE-RP","00+",2022-04-22,2022-04-19,"-3 day ahead inc hosp","quantile",0.025,251,"COVID-19"
"DE-RP","00+",2022-04-22,2022-04-19,"-3 day ahead inc hosp","quantile",0.1,262,"COVID-19"
"DE-RP","00+",2022-04-22,2022-04-19,"-3 day ahead inc hosp","quantile",0.25,275,"COVID-19"
"DE-RP","00+",2022-04-22,2022-04-19,"-3 day ahead inc hosp","quantile",0.5,292,"COVID-19"
"DE-RP","00+",2022-04-22,2022-04-19,"-3 day ahead inc hosp","quantile",0.75,312,"COVID-19"
"DE-RP","00+",2022-04-22,2022-04-19,"-3 day ahead inc hosp","quantile",0.9,333,"COVID-19"
"DE-RP","00+",2022-04-22,2022-04-19,"-3 day ahead inc hosp","quantile",0.975,360,"COVID-19"
"DE-RP","00+",2022-04-22,2022-04-18,"-4 day ahead inc hosp","mean",NA,409,"COVID-19"
"DE-RP","00+",2022-04-22,2022-04-18,"-4 day ahead inc hosp","quantile",0.025,353,"COVID-19"
"DE-RP","00+",2022-04-22,2022-04-18,"-4 day ahead inc hosp","quantile",0.1,367,"COVID-19"
"DE-RP","00+",2022-04-22,2022-04-18,"-4 day ahead inc hosp","quantile",0.25,383,"COVID-19"
"DE-RP","00+",2022-04-22,2022-04-18,"-4 day ahead inc hosp","quantile",0.5,405,"COVID-19"
"DE-RP","00+",2022-04-22,2022-04-18,"-4 day ahead inc hosp","quantile",0.75,430,"COVID-19"
"DE-RP","00+",2022-04-22,2022-04-18,"-4 day ahead inc hosp","quantile",0.9,456,"COVID-19"
"DE-RP","00+",2022-04-22,2022-04-18,"-4 day ahead inc hosp","quantile",0.975,490,"COVID-19"
"DE-RP","00+",2022-04-22,2022-04-17,"-5 day ahead inc hosp","mean",NA,417,"COVID-19"
"DE-RP","00+",2022-04-22,2022-04-17,"-5 day ahead inc hosp","quantile",0.025,363,"COVID-19"
"DE-RP","00+",2022-04-22,2022-04-17,"-5 day ahead inc hosp","quantile",0.1,377,"COVID-19"
"DE-RP","00+",2022-04-22,2022-04-17,"-5 day ahead inc hosp","quantile",0.25,393,"COVID-19"
"DE-RP","00+",2022-04-22,2022-04-17,"-5 day ahead inc hosp","quantile",0.5,413,"COVID-19"
"DE-RP","00+",2022-04-22,2022-04-17,"-5 day ahead inc hosp","quantile",0.75,437,"COVID-19"
"DE-RP","00+",2022-04-22,2022-04-17,"-5 day ahead inc hosp","quantile",0.9,462,"COVID-19"
"DE-RP","00+",2022-04-22,2022-04-17,"-5 day ahead inc hosp","quantile",0.975,494,"COVID-19"
"DE-RP","00+",2022-04-22,2022-04-16,"-6 day ahead inc hosp","mean",NA,419,"COVID-19"
"DE-RP","00+",2022-04-22,2022-04-16,"-6 day ahead inc hosp","quantile",0.025,368,"COVID-19"
"DE-RP","00+",2022-04-22,2022-04-16,"-6 day ahead inc hosp","quantile",0.1,382,"COVID-19"
"DE-RP","00+",2022-04-22,2022-04-16,"-6 day ahead inc hosp","quantile",0.25,397,"COVID-19"
"DE-RP","00+",2022-04-22,2022-04-16,"-6 day ahead inc hosp","quantile",0.5,416,"COVID-19"
"DE-RP","00+",2022-04-22,2022-04-16,"-6 day ahead inc hosp","quantile",0.75,438,"COVID-19"
"DE-RP","00+",2022-04-22,2022-04-16,"-6 day ahead inc hosp","quantile",0.9,461,"COVID-19"
"DE-RP","00+",2022-04-22,2022-04-16,"-6 day ahead inc hosp","quantile",0.975,490,"COVID-19"
"DE-RP","00+",2022-04-22,2022-04-15,"-7 day ahead inc hosp","mean",NA,476,"COVID-19"
"DE-RP","00+",2022-04-22,2022-04-15,"-7 day ahead inc hosp","quantile",0.025,424,"COVID-19"
"DE-RP","00+",2022-04-22,2022-04-15,"-7 day ahead inc hosp","quantile",0.1,438,"COVID-19"
"DE-RP","00+",2022-04-22,2022-04-15,"-7 day ahead inc hosp","quantile",0.25,453,"COVID-19"
"DE-RP","00+",2022-04-22,2022-04-15,"-7 day ahead inc hosp","quantile",0.5,472,"COVID-19"
"DE-RP","00+",2022-04-22,2022-04-15,"-7 day ahead inc hosp","quantile",0.75,495,"COVID-19"
"DE-RP","00+",2022-04-22,2022-04-15,"-7 day ahead inc hosp","quantile",0.9,517,"COVID-19"
"DE-RP","00+",2022-04-22,2022-04-15,"-7 day ahead inc hosp","quantile",0.975,546,"COVID-19"
"DE-RP","00+",2022-04-22,2022-04-14,"-8 day ahead inc hosp","mean",NA,462,"COVID-19"
"DE-RP","00+",2022-04-22,2022-04-14,"-8 day ahead inc hosp","quantile",0.025,419,"COVID-19"
"DE-RP","00+",2022-04-22,2022-04-14,"-8 day ahead inc hosp","quantile",0.1,431,"COVID-19"
"DE-RP","00+",2022-04-22,2022-04-14,"-8 day ahead inc hosp","quantile",0.25,444,"COVID-19"
"DE-RP","00+",2022-04-22,2022-04-14,"-8 day ahead inc hosp","quantile",0.5,460,"COVID-19"
"DE-RP","00+",2022-04-22,2022-04-14,"-8 day ahead inc hosp","quantile",0.75,478,"COVID-19"
"DE-RP","00+",2022-04-22,2022-04-14,"-8 day ahead inc hosp","quantile",0.9,496,"COVID-19"
"DE-RP","00+",2022-04-22,2022-04-14,"-8 day ahead inc hosp","quantile",0.975,519,"COVID-19"
"DE-RP","00+",2022-04-22,2022-04-13,"-9 day ahead inc hosp","mean",NA,473,"COVID-19"
"DE-RP","00+",2022-04-22,2022-04-13,"-9 day ahead inc hosp","quantile",0.025,435,"COVID-19"
"DE-RP","00+",2022-04-22,2022-04-13,"-9 day ahead inc hosp","quantile",0.1,446,"COVID-19"
"DE-RP","00+",2022-04-22,2022-04-13,"-9 day ahead inc hosp","quantile",0.25,457,"COVID-19"
"DE-RP","00+",2022-04-22,2022-04-13,"-9 day ahead inc hosp","quantile",0.5,471,"COVID-19"
"DE-RP","00+",2022-04-22,2022-04-13,"-9 day ahead inc hosp","quantile",0.75,487,"COVID-19"
"DE-RP","00+",2022-04-22,2022-04-13,"-9 day ahead inc hosp","quantile",0.9,503,"COVID-19"
"DE-RP","00+",2022-04-22,2022-04-13,"-9 day ahead inc hosp","quantile",0.975,523,"COVID-19"
"DE-RP","00+",2022-04-22,2022-04-12,"-10 day ahead inc hosp","mean",NA,494,"COVID-19"
"DE-RP","00+",2022-04-22,2022-04-12,"-10 day ahead inc hosp","quantile",0.025,459,"COVID-19"
"DE-RP","00+",2022-04-22,2022-04-12,"-10 day ahead inc hosp","quantile",0.1,469,"COVID-19"
"DE-RP","00+",2022-04-22,2022-04-12,"-10 day ahead inc hosp","quantile",0.25,479,"COVID-19"
"DE-RP","00+",2022-04-22,2022-04-12,"-10 day ahead inc hosp","quantile",0.5,492,"COVID-19"
"DE-RP","00+",2022-04-22,2022-04-12,"-10 day ahead inc hosp","quantile",0.75,507,"COVID-19"
"DE-RP","00+",2022-04-22,2022-04-12,"-10 day ahead inc hosp","quantile",0.9,522,"COVID-19"
"DE-RP","00+",2022-04-22,2022-04-12,"-10 day ahead inc hosp","quantile",0.975,540,"COVID-19"
"DE-RP","00+",2022-04-22,2022-04-11,"-11 day ahead inc hosp","mean",NA,533,"COVID-19"
"DE-RP","00+",2022-04-22,2022-04-11,"-11 day ahead inc hosp","quantile",0.025,500,"COVID-19"
"DE-RP","00+",2022-04-22,2022-04-11,"-11 day ahead inc hosp","quantile",0.1,509,"COVID-19"
"DE-RP","00+",2022-04-22,2022-04-11,"-11 day ahead inc hosp","quantile",0.25,519,"COVID-19"
"DE-RP","00+",2022-04-22,2022-04-11,"-11 day ahead inc hosp","quantile",0.5,531,"COVID-19"
"DE-RP","00+",2022-04-22,2022-04-11,"-11 day ahead inc hosp","quantile",0.75,544,"COVID-19"
"DE-RP","00+",2022-04-22,2022-04-11,"-11 day ahead inc hosp","quantile",0.9,558,"COVID-19"
"DE-RP","00+",2022-04-22,2022-04-11,"-11 day ahead inc hosp","quantile",0.975,576,"COVID-19"
"DE-RP","00+",2022-04-22,2022-04-10,"-12 day ahead inc hosp","mean",NA,528,"COVID-19"
"DE-RP","00+",2022-04-22,2022-04-10,"-12 day ahead inc hosp","quantile",0.025,495,"COVID-19"
"DE-RP","00+",2022-04-22,2022-04-10,"-12 day ahead inc hosp","quantile",0.1,505,"COVID-19"
"DE-RP","00+",2022-04-22,2022-04-10,"-12 day ahead inc hosp","quantile",0.25,514,"COVID-19"
"DE-RP","00+",2022-04-22,2022-04-10,"-12 day ahead inc hosp","quantile",0.5,526,"COVID-19"
"DE-RP","00+",2022-04-22,2022-04-10,"-12 day ahead inc hosp","quantile",0.75,540,"COVID-19"
"DE-RP","00+",2022-04-22,2022-04-10,"-12 day ahead inc hosp","quantile",0.9,554,"COVID-19"
"DE-RP","00+",2022-04-22,2022-04-10,"-12 day ahead inc hosp","quantile",0.975,572,"COVID-19"
"DE-RP","00+",2022-04-22,2022-04-09,"-13 day ahead inc hosp","mean",NA,535,"COVID-19"
"DE-RP","00+",2022-04-22,2022-04-09,"-13 day ahead inc hosp","quantile",0.025,501,"COVID-19"
"DE-RP","00+",2022-04-22,2022-04-09,"-13 day ahead inc hosp","quantile",0.1,511,"COVID-19"
"DE-RP","00+",2022-04-22,2022-04-09,"-13 day ahead inc hosp","quantile",0.25,520,"COVID-19"
"DE-RP","00+",2022-04-22,2022-04-09,"-13 day ahead inc hosp","quantile",0.5,533,"COVID-19"
"DE-RP","00+",2022-04-22,2022-04-09,"-13 day ahead inc hosp","quantile",0.75,547,"COVID-19"
"DE-RP","00+",2022-04-22,2022-04-09,"-13 day ahead inc hosp","quantile",0.9,562,"COVID-19"
"DE-RP","00+",2022-04-22,2022-04-09,"-13 day ahead inc hosp","quantile",0.975,580,"COVID-19"
"DE-RP","00+",2022-04-22,2022-04-08,"-14 day ahead inc hosp","mean",NA,546,"COVID-19"
"DE-RP","00+",2022-04-22,2022-04-08,"-14 day ahead inc hosp","quantile",0.025,513,"COVID-19"
"DE-RP","00+",2022-04-22,2022-04-08,"-14 day ahead inc hosp","quantile",0.1,522,"COVID-19"
"DE-RP","00+",2022-04-22,2022-04-08,"-14 day ahead inc hosp","quantile",0.25,531,"COVID-19"
"DE-RP","00+",2022-04-22,2022-04-08,"-14 day ahead inc hosp","quantile",0.5,544,"COVID-19"
"DE-RP","00+",2022-04-22,2022-04-08,"-14 day ahead inc hosp","quantile",0.75,558,"COVID-19"
"DE-RP","00+",2022-04-22,2022-04-08,"-14 day ahead inc hosp","quantile",0.9,572,"COVID-19"
"DE-RP","00+",2022-04-22,2022-04-08,"-14 day ahead inc hosp","quantile",0.975,590,"COVID-19"
"DE-RP","00+",2022-04-22,2022-04-07,"-15 day ahead inc hosp","mean",NA,565,"COVID-19"
"DE-RP","00+",2022-04-22,2022-04-07,"-15 day ahead inc hosp","quantile",0.025,532,"COVID-19"
"DE-RP","00+",2022-04-22,2022-04-07,"-15 day ahead inc hosp","quantile",0.1,541,"COVID-19"
"DE-RP","00+",2022-04-22,2022-04-07,"-15 day ahead inc hosp","quantile",0.25,550,"COVID-19"
"DE-RP","00+",2022-04-22,2022-04-07,"-15 day ahead inc hosp","quantile",0.5,563,"COVID-19"
"DE-RP","00+",2022-04-22,2022-04-07,"-15 day ahead inc hosp","quantile",0.75,577,"COVID-19"
"DE-RP","00+",2022-04-22,2022-04-07,"-15 day ahead inc hosp","quantile",0.9,592,"COVID-19"
"DE-RP","00+",2022-04-22,2022-04-07,"-15 day ahead inc hosp","quantile",0.975,611,"COVID-19"
"DE-RP","00+",2022-04-22,2022-04-06,"-16 day ahead inc hosp","mean",NA,573,"COVID-19"
"DE-RP","00+",2022-04-22,2022-04-06,"-16 day ahead inc hosp","quantile",0.025,541,"COVID-19"
"DE-RP","00+",2022-04-22,2022-04-06,"-16 day ahead inc hosp","quantile",0.1,550,"COVID-19"
"DE-RP","00+",2022-04-22,2022-04-06,"-16 day ahead inc hosp","quantile",0.25,559,"COVID-19"
"DE-RP","00+",2022-04-22,2022-04-06,"-16 day ahead inc hosp","quantile",0.5,570,"COVID-19"
"DE-RP","00+",2022-04-22,2022-04-06,"-16 day ahead inc hosp","quantile",0.75,584,"COVID-19"
"DE-RP","00+",2022-04-22,2022-04-06,"-16 day ahead inc hosp","quantile",0.9,599,"COVID-19"
"DE-RP","00+",2022-04-22,2022-04-06,"-16 day ahead inc hosp","quantile",0.975,617,"COVID-19"
"DE-RP","00+",2022-04-22,2022-04-05,"-17 day ahead inc hosp","mean",NA,611,"COVID-19"
"DE-RP","00+",2022-04-22,2022-04-05,"-17 day ahead inc hosp","quantile",0.025,580,"COVID-19"
"DE-RP","00+",2022-04-22,2022-04-05,"-17 day ahead inc hosp","quantile",0.1,588,"COVID-19"
"DE-RP","00+",2022-04-22,2022-04-05,"-17 day ahead inc hosp","quantile",0.25,597,"COVID-19"
"DE-RP","00+",2022-04-22,2022-04-05,"-17 day ahead inc hosp","quantile",0.5,608,"COVID-19"
"DE-RP","00+",2022-04-22,2022-04-05,"-17 day ahead inc hosp","quantile",0.75,622,"COVID-19"
"DE-RP","00+",2022-04-22,2022-04-05,"-17 day ahead inc hosp","quantile",0.9,637,"COVID-19"
"DE-RP","00+",2022-04-22,2022-04-05,"-17 day ahead inc hosp","quantile",0.975,655,"COVID-19"
"DE-RP","00+",2022-04-22,2022-04-04,"-18 day ahead inc hosp","mean",NA,593,"COVID-19"
"DE-RP","00+",2022-04-22,2022-04-04,"-18 day ahead inc hosp","quantile",0.025,566,"COVID-19"
"DE-RP","00+",2022-04-22,2022-04-04,"-18 day ahead inc hosp","quantile",0.1,573,"COVID-19"
"DE-RP","00+",2022-04-22,2022-04-04,"-18 day ahead inc hosp","quantile",0.25,581,"COVID-19"
"DE-RP","00+",2022-04-22,2022-04-04,"-18 day ahead inc hosp","quantile",0.5,591,"COVID-19"
"DE-RP","00+",2022-04-22,2022-04-04,"-18 day ahead inc hosp","quantile",0.75,603,"COVID-19"
"DE-RP","00+",2022-04-22,2022-04-04,"-18 day ahead inc hosp","quantile",0.9,617,"COVID-19"
"DE-RP","00+",2022-04-22,2022-04-04,"-18 day ahead inc hosp","quantile",0.975,634,"COVID-19"
"DE-RP","00+",2022-04-22,2022-04-03,"-19 day ahead inc hosp","mean",NA,599,"COVID-19"
"DE-RP","00+",2022-04-22,2022-04-03,"-19 day ahead inc hosp","quantile",0.025,571,"COVID-19"
"DE-RP","00+",2022-04-22,2022-04-03,"-19 day ahead inc hosp","quantile",0.1,578,"COVID-19"
"DE-RP","00+",2022-04-22,2022-04-03,"-19 day ahead inc hosp","quantile",0.25,586,"COVID-19"
"DE-RP","00+",2022-04-22,2022-04-03,"-19 day ahead inc hosp","quantile",0.5,597,"COVID-19"
"DE-RP","00+",2022-04-22,2022-04-03,"-19 day ahead inc hosp","quantile",0.75,610,"COVID-19"
"DE-RP","00+",2022-04-22,2022-04-03,"-19 day ahead inc hosp","quantile",0.9,623,"COVID-19"
"DE-RP","00+",2022-04-22,2022-04-03,"-19 day ahead inc hosp","quantile",0.975,641,"COVID-19"
"DE-RP","00+",2022-04-22,2022-04-02,"-20 day ahead inc hosp","mean",NA,597,"COVID-19"
"DE-RP","00+",2022-04-22,2022-04-02,"-20 day ahead inc hosp","quantile",0.025,569,"COVID-19"
"DE-RP","00+",2022-04-22,2022-04-02,"-20 day ahead inc hosp","quantile",0.1,576,"COVID-19"
"DE-RP","00+",2022-04-22,2022-04-02,"-20 day ahead inc hosp","quantile",0.25,584,"COVID-19"
"DE-RP","00+",2022-04-22,2022-04-02,"-20 day ahead inc hosp","quantile",0.5,594,"COVID-19"
"DE-RP","00+",2022-04-22,2022-04-02,"-20 day ahead inc hosp","quantile",0.75,608,"COVID-19"
"DE-RP","00+",2022-04-22,2022-04-02,"-20 day ahead inc hosp","quantile",0.9,623,"COVID-19"
"DE-RP","00+",2022-04-22,2022-04-02,"-20 day ahead inc hosp","quantile",0.975,642,"COVID-19"
"DE-RP","00+",2022-04-22,2022-04-01,"-21 day ahead inc hosp","mean",NA,599,"COVID-19"
"DE-RP","00+",2022-04-22,2022-04-01,"-21 day ahead inc hosp","quantile",0.025,571,"COVID-19"
"DE-RP","00+",2022-04-22,2022-04-01,"-21 day ahead inc hosp","quantile",0.1,577,"COVID-19"
"DE-RP","00+",2022-04-22,2022-04-01,"-21 day ahead inc hosp","quantile",0.25,585,"COVID-19"
"DE-RP","00+",2022-04-22,2022-04-01,"-21 day ahead inc hosp","quantile",0.5,595,"COVID-19"
"DE-RP","00+",2022-04-22,2022-04-01,"-21 day ahead inc hosp","quantile",0.75,609,"COVID-19"
"DE-RP","00+",2022-04-22,2022-04-01,"-21 day ahead inc hosp","quantile",0.9,624,"COVID-19"
"DE-RP","00+",2022-04-22,2022-04-01,"-21 day ahead inc hosp","quantile",0.975,644,"COVID-19"
"DE-RP","00+",2022-04-22,2022-03-31,"-22 day ahead inc hosp","mean",NA,633,"COVID-19"
"DE-RP","00+",2022-04-22,2022-03-31,"-22 day ahead inc hosp","quantile",0.025,606,"COVID-19"
"DE-RP","00+",2022-04-22,2022-03-31,"-22 day ahead inc hosp","quantile",0.1,612,"COVID-19"
"DE-RP","00+",2022-04-22,2022-03-31,"-22 day ahead inc hosp","quantile",0.25,619,"COVID-19"
"DE-RP","00+",2022-04-22,2022-03-31,"-22 day ahead inc hosp","quantile",0.5,630,"COVID-19"
"DE-RP","00+",2022-04-22,2022-03-31,"-22 day ahead inc hosp","quantile",0.75,644,"COVID-19"
"DE-RP","00+",2022-04-22,2022-03-31,"-22 day ahead inc hosp","quantile",0.9,660,"COVID-19"
"DE-RP","00+",2022-04-22,2022-03-31,"-22 day ahead inc hosp","quantile",0.975,680,"COVID-19"
"DE-RP","00+",2022-04-22,2022-03-30,"-23 day ahead inc hosp","mean",NA,654,"COVID-19"
"DE-RP","00+",2022-04-22,2022-03-30,"-23 day ahead inc hosp","quantile",0.025,628,"COVID-19"
"DE-RP","00+",2022-04-22,2022-03-30,"-23 day ahead inc hosp","quantile",0.1,634,"COVID-19"
"DE-RP","00+",2022-04-22,2022-03-30,"-23 day ahead inc hosp","quantile",0.25,641,"COVID-19"
"DE-RP","00+",2022-04-22,2022-03-30,"-23 day ahead inc hosp","quantile",0.5,651,"COVID-19"
"DE-RP","00+",2022-04-22,2022-03-30,"-23 day ahead inc hosp","quantile",0.75,665,"COVID-19"
"DE-RP","00+",2022-04-22,2022-03-30,"-23 day ahead inc hosp","quantile",0.9,680,"COVID-19"
"DE-RP","00+",2022-04-22,2022-03-30,"-23 day ahead inc hosp","quantile",0.975,700,"COVID-19"
"DE-RP","00+",2022-04-22,2022-03-29,"-24 day ahead inc hosp","mean",NA,624,"COVID-19"
"DE-RP","00+",2022-04-22,2022-03-29,"-24 day ahead inc hosp","quantile",0.025,600,"COVID-19"
"DE-RP","00+",2022-04-22,2022-03-29,"-24 day ahead inc hosp","quantile",0.1,605,"COVID-19"
"DE-RP","00+",2022-04-22,2022-03-29,"-24 day ahead inc hosp","quantile",0.25,611,"COVID-19"
"DE-RP","00+",2022-04-22,2022-03-29,"-24 day ahead inc hosp","quantile",0.5,621,"COVID-19"
"DE-RP","00+",2022-04-22,2022-03-29,"-24 day ahead inc hosp","quantile",0.75,633,"COVID-19"
"DE-RP","00+",2022-04-22,2022-03-29,"-24 day ahead inc hosp","quantile",0.9,646,"COVID-19"
"DE-RP","00+",2022-04-22,2022-03-29,"-24 day ahead inc hosp","quantile",0.975,664,"COVID-19"
"DE-RP","00+",2022-04-22,2022-03-28,"-25 day ahead inc hosp","mean",NA,610,"COVID-19"
"DE-RP","00+",2022-04-22,2022-03-28,"-25 day ahead inc hosp","quantile",0.025,589,"COVID-19"
"DE-RP","00+",2022-04-22,2022-03-28,"-25 day ahead inc hosp","quantile",0.1,593,"COVID-19"
"DE-RP","00+",2022-04-22,2022-03-28,"-25 day ahead inc hosp","quantile",0.25,599,"COVID-19"
"DE-RP","00+",2022-04-22,2022-03-28,"-25 day ahead inc hosp","quantile",0.5,607,"COVID-19"
"DE-RP","00+",2022-04-22,2022-03-28,"-25 day ahead inc hosp","quantile",0.75,618,"COVID-19"
"DE-RP","00+",2022-04-22,2022-03-28,"-25 day ahead inc hosp","quantile",0.9,630,"COVID-19"
"DE-RP","00+",2022-04-22,2022-03-28,"-25 day ahead inc hosp","quantile",0.975,646,"COVID-19"
"DE-RP","00+",2022-04-22,2022-03-27,"-26 day ahead inc hosp","mean",NA,610,"COVID-19"
"DE-RP","00+",2022-04-22,2022-03-27,"-26 day ahead inc hosp","quantile",0.025,590,"COVID-19"
"DE-RP","00+",2022-04-22,2022-03-27,"-26 day ahead inc hosp","quantile",0.1,594,"COVID-19"
"DE-RP","00+",2022-04-22,2022-03-27,"-26 day ahead inc hosp","quantile",0.25,599,"COVID-19"
"DE-RP","00+",2022-04-22,2022-03-27,"-26 day ahead inc hosp","quantile",0.5,608,"COVID-19"
"DE-RP","00+",2022-04-22,2022-03-27,"-26 day ahead inc hosp","quantile",0.75,618,"COVID-19"
"DE-RP","00+",2022-04-22,2022-03-27,"-26 day ahead inc hosp","quantile",0.9,630,"COVID-19"
"DE-RP","00+",2022-04-22,2022-03-27,"-26 day ahead inc hosp","quantile",0.975,647,"COVID-19"
"DE-RP","00+",2022-04-22,2022-03-26,"-27 day ahead inc hosp","mean",NA,617,"COVID-19"
"DE-RP","00+",2022-04-22,2022-03-26,"-27 day ahead inc hosp","quantile",0.025,597,"COVID-19"
"DE-RP","00+",2022-04-22,2022-03-26,"-27 day ahead inc hosp","quantile",0.1,601,"COVID-19"
"DE-RP","00+",2022-04-22,2022-03-26,"-27 day ahead inc hosp","quantile",0.25,606,"COVID-19"
"DE-RP","00+",2022-04-22,2022-03-26,"-27 day ahead inc hosp","quantile",0.5,614,"COVID-19"
"DE-RP","00+",2022-04-22,2022-03-26,"-27 day ahead inc hosp","quantile",0.75,625,"COVID-19"
"DE-RP","00+",2022-04-22,2022-03-26,"-27 day ahead inc hosp","quantile",0.9,637,"COVID-19"
"DE-RP","00+",2022-04-22,2022-03-26,"-27 day ahead inc hosp","quantile",0.975,653,"COVID-19"
"DE-RP","00+",2022-04-22,2022-03-25,"-28 day ahead inc hosp","mean",NA,612,"COVID-19"
"DE-RP","00+",2022-04-22,2022-03-25,"-28 day ahead inc hosp","quantile",0.025,594,"COVID-19"
"DE-RP","00+",2022-04-22,2022-03-25,"-28 day ahead inc hosp","quantile",0.1,597,"COVID-19"
"DE-RP","00+",2022-04-22,2022-03-25,"-28 day ahead inc hosp","quantile",0.25,602,"COVID-19"
"DE-RP","00+",2022-04-22,2022-03-25,"-28 day ahead inc hosp","quantile",0.5,610,"COVID-19"
"DE-RP","00+",2022-04-22,2022-03-25,"-28 day ahead inc hosp","quantile",0.75,620,"COVID-19"
"DE-RP","00+",2022-04-22,2022-03-25,"-28 day ahead inc hosp","quantile",0.9,631,"COVID-19"
"DE-RP","00+",2022-04-22,2022-03-25,"-28 day ahead inc hosp","quantile",0.975,646,"COVID-19"
"DE-SH","00+",2022-04-22,2022-04-22,"0 day ahead inc hosp","mean",NA,298,"COVID-19"
"DE-SH","00+",2022-04-22,2022-04-22,"0 day ahead inc hosp","quantile",0.025,206,"COVID-19"
"DE-SH","00+",2022-04-22,2022-04-22,"0 day ahead inc hosp","quantile",0.1,230,"COVID-19"
"DE-SH","00+",2022-04-22,2022-04-22,"0 day ahead inc hosp","quantile",0.25,256,"COVID-19"
"DE-SH","00+",2022-04-22,2022-04-22,"0 day ahead inc hosp","quantile",0.5,291,"COVID-19"
"DE-SH","00+",2022-04-22,2022-04-22,"0 day ahead inc hosp","quantile",0.75,333,"COVID-19"
"DE-SH","00+",2022-04-22,2022-04-22,"0 day ahead inc hosp","quantile",0.9,377,"COVID-19"
"DE-SH","00+",2022-04-22,2022-04-22,"0 day ahead inc hosp","quantile",0.975,434,"COVID-19"
"DE-SH","00+",2022-04-22,2022-04-21,"-1 day ahead inc hosp","mean",NA,298,"COVID-19"
"DE-SH","00+",2022-04-22,2022-04-21,"-1 day ahead inc hosp","quantile",0.025,218,"COVID-19"
"DE-SH","00+",2022-04-22,2022-04-21,"-1 day ahead inc hosp","quantile",0.1,238,"COVID-19"
"DE-SH","00+",2022-04-22,2022-04-21,"-1 day ahead inc hosp","quantile",0.25,260,"COVID-19"
"DE-SH","00+",2022-04-22,2022-04-21,"-1 day ahead inc hosp","quantile",0.5,291,"COVID-19"
"DE-SH","00+",2022-04-22,2022-04-21,"-1 day ahead inc hosp","quantile",0.75,328,"COVID-19"
"DE-SH","00+",2022-04-22,2022-04-21,"-1 day ahead inc hosp","quantile",0.9,367,"COVID-19"
"DE-SH","00+",2022-04-22,2022-04-21,"-1 day ahead inc hosp","quantile",0.975,418,"COVID-19"
"DE-SH","00+",2022-04-22,2022-04-20,"-2 day ahead inc hosp","mean",NA,218,"COVID-19"
"DE-SH","00+",2022-04-22,2022-04-20,"-2 day ahead inc hosp","quantile",0.025,174,"COVID-19"
"DE-SH","00+",2022-04-22,2022-04-20,"-2 day ahead inc hosp","quantile",0.1,185,"COVID-19"
"DE-SH","00+",2022-04-22,2022-04-20,"-2 day ahead inc hosp","quantile",0.25,197,"COVID-19"
"DE-SH","00+",2022-04-22,2022-04-20,"-2 day ahead inc hosp","quantile",0.5,214,"COVID-19"
"DE-SH","00+",2022-04-22,2022-04-20,"-2 day ahead inc hosp","quantile",0.75,234,"COVID-19"
"DE-SH","00+",2022-04-22,2022-04-20,"-2 day ahead inc hosp","quantile",0.9,256,"COVID-19"
"DE-SH","00+",2022-04-22,2022-04-20,"-2 day ahead inc hosp","quantile",0.975,284,"COVID-19"
"DE-SH","00+",2022-04-22,2022-04-19,"-3 day ahead inc hosp","mean",NA,196,"COVID-19"
"DE-SH","00+",2022-04-22,2022-04-19,"-3 day ahead inc hosp","quantile",0.025,167,"COVID-19"
"DE-SH","00+",2022-04-22,2022-04-19,"-3 day ahead inc hosp","quantile",0.1,174,"COVID-19"
"DE-SH","00+",2022-04-22,2022-04-19,"-3 day ahead inc hosp","quantile",0.25,182,"COVID-19"
"DE-SH","00+",2022-04-22,2022-04-19,"-3 day ahead inc hosp","quantile",0.5,193,"COVID-19"
"DE-SH","00+",2022-04-22,2022-04-19,"-3 day ahead inc hosp","quantile",0.75,206,"COVID-19"
"DE-SH","00+",2022-04-22,2022-04-19,"-3 day ahead inc hosp","quantile",0.9,221,"COVID-19"
"DE-SH","00+",2022-04-22,2022-04-19,"-3 day ahead inc hosp","quantile",0.975,239,"COVID-19"
"DE-SH","00+",2022-04-22,2022-04-18,"-4 day ahead inc hosp","mean",NA,241,"COVID-19"
"DE-SH","00+",2022-04-22,2022-04-18,"-4 day ahead inc hosp","quantile",0.025,208,"COVID-19"
"DE-SH","00+",2022-04-22,2022-04-18,"-4 day ahead inc hosp","quantile",0.1,216,"COVID-19"
"DE-SH","00+",2022-04-22,2022-04-18,"-4 day ahead inc hosp","quantile",0.25,225,"COVID-19"
"DE-SH","00+",2022-04-22,2022-04-18,"-4 day ahead inc hosp","quantile",0.5,238,"COVID-19"
"DE-SH","00+",2022-04-22,2022-04-18,"-4 day ahead inc hosp","quantile",0.75,253,"COVID-19"
"DE-SH","00+",2022-04-22,2022-04-18,"-4 day ahead inc hosp","quantile",0.9,270,"COVID-19"
"DE-SH","00+",2022-04-22,2022-04-18,"-4 day ahead inc hosp","quantile",0.975,291,"COVID-19"
"DE-SH","00+",2022-04-22,2022-04-17,"-5 day ahead inc hosp","mean",NA,243,"COVID-19"
"DE-SH","00+",2022-04-22,2022-04-17,"-5 day ahead inc hosp","quantile",0.025,210,"COVID-19"
"DE-SH","00+",2022-04-22,2022-04-17,"-5 day ahead inc hosp","quantile",0.1,218,"COVID-19"
"DE-SH","00+",2022-04-22,2022-04-17,"-5 day ahead inc hosp","quantile",0.25,227,"COVID-19"
"DE-SH","00+",2022-04-22,2022-04-17,"-5 day ahead inc hosp","quantile",0.5,240,"COVID-19"
"DE-SH","00+",2022-04-22,2022-04-17,"-5 day ahead inc hosp","quantile",0.75,256,"COVID-19"
"DE-SH","00+",2022-04-22,2022-04-17,"-5 day ahead inc hosp","quantile",0.9,273,"COVID-19"
"DE-SH","00+",2022-04-22,2022-04-17,"-5 day ahead inc hosp","quantile",0.975,296,"COVID-19"
"DE-SH","00+",2022-04-22,2022-04-16,"-6 day ahead inc hosp","mean",NA,253,"COVID-19"
"DE-SH","00+",2022-04-22,2022-04-16,"-6 day ahead inc hosp","quantile",0.025,219,"COVID-19"
"DE-SH","00+",2022-04-22,2022-04-16,"-6 day ahead inc hosp","quantile",0.1,227,"COVID-19"
"DE-SH","00+",2022-04-22,2022-04-16,"-6 day ahead inc hosp","quantile",0.25,236,"COVID-19"
"DE-SH","00+",2022-04-22,2022-04-16,"-6 day ahead inc hosp","quantile",0.5,249,"COVID-19"
"DE-SH","00+",2022-04-22,2022-04-16,"-6 day ahead inc hosp","quantile",0.75,266,"COVID-19"
"DE-SH","00+",2022-04-22,2022-04-16,"-6 day ahead inc hosp","quantile",0.9,285,"COVID-19"
"DE-SH","00+",2022-04-22,2022-04-16,"-6 day ahead inc hosp","quantile",0.975,309,"COVID-19"
"DE-SH","00+",2022-04-22,2022-04-15,"-7 day ahead inc hosp","mean",NA,293,"COVID-19"
"DE-SH","00+",2022-04-22,2022-04-15,"-7 day ahead inc hosp","quantile",0.025,255,"COVID-19"
"DE-SH","00+",2022-04-22,2022-04-15,"-7 day ahead inc hosp","quantile",0.1,263,"COVID-19"
"DE-SH","00+",2022-04-22,2022-04-15,"-7 day ahead inc hosp","quantile",0.25,273,"COVID-19"
"DE-SH","00+",2022-04-22,2022-04-15,"-7 day ahead inc hosp","quantile",0.5,288,"COVID-19"
"DE-SH","00+",2022-04-22,2022-04-15,"-7 day ahead inc hosp","quantile",0.75,307,"COVID-19"
"DE-SH","00+",2022-04-22,2022-04-15,"-7 day ahead inc hosp","quantile",0.9,328,"COVID-19"
"DE-SH","00+",2022-04-22,2022-04-15,"-7 day ahead inc hosp","quantile",0.975,355,"COVID-19"
"DE-SH","00+",2022-04-22,2022-04-14,"-8 day ahead inc hosp","mean",NA,289,"COVID-19"
"DE-SH","00+",2022-04-22,2022-04-14,"-8 day ahead inc hosp","quantile",0.025,255,"COVID-19"
"DE-SH","00+",2022-04-22,2022-04-14,"-8 day ahead inc hosp","quantile",0.1,262,"COVID-19"
"DE-SH","00+",2022-04-22,2022-04-14,"-8 day ahead inc hosp","quantile",0.25,271,"COVID-19"
"DE-SH","00+",2022-04-22,2022-04-14,"-8 day ahead inc hosp","quantile",0.5,284,"COVID-19"
"DE-SH","00+",2022-04-22,2022-04-14,"-8 day ahead inc hosp","quantile",0.75,301,"COVID-19"
"DE-SH","00+",2022-04-22,2022-04-14,"-8 day ahead inc hosp","quantile",0.9,321,"COVID-19"
"DE-SH","00+",2022-04-22,2022-04-14,"-8 day ahead inc hosp","quantile",0.975,346,"COVID-19"
"DE-SH","00+",2022-04-22,2022-04-13,"-9 day ahead inc hosp","mean",NA,292,"COVID-19"
"DE-SH","00+",2022-04-22,2022-04-13,"-9 day ahead inc hosp","quantile",0.025,261,"COVID-19"
"DE-SH","00+",2022-04-22,2022-04-13,"-9 day ahead inc hosp","quantile",0.1,267,"COVID-19"
"DE-SH","00+",2022-04-22,2022-04-13,"-9 day ahead inc hosp","quantile",0.25,275,"COVID-19"
"DE-SH","00+",2022-04-22,2022-04-13,"-9 day ahead inc hosp","quantile",0.5,288,"COVID-19"
"DE-SH","00+",2022-04-22,2022-04-13,"-9 day ahead inc hosp","quantile",0.75,304,"COVID-19"
"DE-SH","00+",2022-04-22,2022-04-13,"-9 day ahead inc hosp","quantile",0.9,321,"COVID-19"
"DE-SH","00+",2022-04-22,2022-04-13,"-9 day ahead inc hosp","quantile",0.975,345,"COVID-19"
"DE-SH","00+",2022-04-22,2022-04-12,"-10 day ahead inc hosp","mean",NA,318,"COVID-19"
"DE-SH","00+",2022-04-22,2022-04-12,"-10 day ahead inc hosp","quantile",0.025,288,"COVID-19"
"DE-SH","00+",2022-04-22,2022-04-12,"-10 day ahead inc hosp","quantile",0.1,294,"COVID-19"
"DE-SH","00+",2022-04-22,2022-04-12,"-10 day ahead inc hosp","quantile",0.25,302,"COVID-19"
"DE-SH","00+",2022-04-22,2022-04-12,"-10 day ahead inc hosp","quantile",0.5,313,"COVID-19"
"DE-SH","00+",2022-04-22,2022-04-12,"-10 day ahead inc hosp","quantile",0.75,329,"COVID-19"
"DE-SH","00+",2022-04-22,2022-04-12,"-10 day ahead inc hosp","quantile",0.9,347,"COVID-19"
"DE-SH","00+",2022-04-22,2022-04-12,"-10 day ahead inc hosp","quantile",0.975,370,"COVID-19"
"DE-SH","00+",2022-04-22,2022-04-11,"-11 day ahead inc hosp","mean",NA,322,"COVID-19"
"DE-SH","00+",2022-04-22,2022-04-11,"-11 day ahead inc hosp","quantile",0.025,295,"COVID-19"
"DE-SH","00+",2022-04-22,2022-04-11,"-11 day ahead inc hosp","quantile",0.1,300,"COVID-19"
"DE-SH","00+",2022-04-22,2022-04-11,"-11 day ahead inc hosp","quantile",0.25,308,"COVID-19"
"DE-SH","00+",2022-04-22,2022-04-11,"-11 day ahead inc hosp","quantile",0.5,318,"COVID-19"
"DE-SH","00+",2022-04-22,2022-04-11,"-11 day ahead inc hosp","quantile",0.75,333,"COVID-19"
"DE-SH","00+",2022-04-22,2022-04-11,"-11 day ahead inc hosp","quantile",0.9,349,"COVID-19"
"DE-SH","00+",2022-04-22,2022-04-11,"-11 day ahead inc hosp","quantile",0.975,372,"COVID-19"
"DE-SH","00+",2022-04-22,2022-04-10,"-12 day ahead inc hosp","mean",NA,328,"COVID-19"
"DE-SH","00+",2022-04-22,2022-04-10,"-12 day ahead inc hosp","quantile",0.025,301,"COVID-19"
"DE-SH","00+",2022-04-22,2022-04-10,"-12 day ahead inc hosp","quantile",0.1,306,"COVID-19"
"DE-SH","00+",2022-04-22,2022-04-10,"-12 day ahead inc hosp","quantile",0.25,313,"COVID-19"
"DE-SH","00+",2022-04-22,2022-04-10,"-12 day ahead inc hosp","quantile",0.5,324,"COVID-19"
"DE-SH","00+",2022-04-22,2022-04-10,"-12 day ahead inc hosp","quantile",0.75,339,"COVID-19"
"DE-SH","00+",2022-04-22,2022-04-10,"-12 day ahead inc hosp","quantile",0.9,356,"COVID-19"
"DE-SH","00+",2022-04-22,2022-04-10,"-12 day ahead inc hosp","quantile",0.975,379,"COVID-19"
"DE-SH","00+",2022-04-22,2022-04-09,"-13 day ahead inc hosp","mean",NA,318,"COVID-19"
"DE-SH","00+",2022-04-22,2022-04-09,"-13 day ahead inc hosp","quantile",0.025,291,"COVID-19"
"DE-SH","00+",2022-04-22,2022-04-09,"-13 day ahead inc hosp","quantile",0.1,296,"COVID-19"
"DE-SH","00+",2022-04-22,2022-04-09,"-13 day ahead inc hosp","quantile",0.25,303,"COVID-19"
"DE-SH","00+",2022-04-22,2022-04-09,"-13 day ahead inc hosp","quantile",0.5,314,"COVID-19"
"DE-SH","00+",2022-04-22,2022-04-09,"-13 day ahead inc hosp","quantile",0.75,328,"COVID-19"
"DE-SH","00+",2022-04-22,2022-04-09,"-13 day ahead inc hosp","quantile",0.9,344,"COVID-19"
"DE-SH","00+",2022-04-22,2022-04-09,"-13 day ahead inc hosp","quantile",0.975,367,"COVID-19"
"DE-SH","00+",2022-04-22,2022-04-08,"-14 day ahead inc hosp","mean",NA,318,"COVID-19"
"DE-SH","00+",2022-04-22,2022-04-08,"-14 day ahead inc hosp","quantile",0.025,294,"COVID-19"
"DE-SH","00+",2022-04-22,2022-04-08,"-14 day ahead inc hosp","quantile",0.1,298,"COVID-19"
"DE-SH","00+",2022-04-22,2022-04-08,"-14 day ahead inc hosp","quantile",0.25,304,"COVID-19"
"DE-SH","00+",2022-04-22,2022-04-08,"-14 day ahead inc hosp","quantile",0.5,314,"COVID-19"
"DE-SH","00+",2022-04-22,2022-04-08,"-14 day ahead inc hosp","quantile",0.75,328,"COVID-19"
"DE-SH","00+",2022-04-22,2022-04-08,"-14 day ahead inc hosp","quantile",0.9,344,"COVID-19"
"DE-SH","00+",2022-04-22,2022-04-08,"-14 day ahead inc hosp","quantile",0.975,365,"COVID-19"
"DE-SH","00+",2022-04-22,2022-04-07,"-15 day ahead inc hosp","mean",NA,318,"COVID-19"
"DE-SH","00+",2022-04-22,2022-04-07,"-15 day ahead inc hosp","quantile",0.025,295,"COVID-19"
"DE-SH","00+",2022-04-22,2022-04-07,"-15 day ahead inc hosp","quantile",0.1,299,"COVID-19"
"DE-SH","00+",2022-04-22,2022-04-07,"-15 day ahead inc hosp","quantile",0.25,305,"COVID-19"
"DE-SH","00+",2022-04-22,2022-04-07,"-15 day ahead inc hosp","quantile",0.5,314,"COVID-19"
"DE-SH","00+",2022-04-22,2022-04-07,"-15 day ahead inc hosp","quantile",0.75,327,"COVID-19"
"DE-SH","00+",2022-04-22,2022-04-07,"-15 day ahead inc hosp","quantile",0.9,341,"COVID-19"
"DE-SH","00+",2022-04-22,2022-04-07,"-15 day ahead inc hosp","quantile",0.975,361,"COVID-19"
"DE-SH","00+",2022-04-22,2022-04-06,"-16 day ahead inc hosp","mean",NA,306,"COVID-19"
"DE-SH","00+",2022-04-22,2022-04-06,"-16 day ahead inc hosp","quantile",0.025,286,"COVID-19"
"DE-SH","00+",2022-04-22,2022-04-06,"-16 day ahead inc hosp","quantile",0.1,289,"COVID-19"
"DE-SH","00+",2022-04-22,2022-04-06,"-16 day ahead inc hosp","quantile",0.25,294,"COVID-19"
"DE-SH","00+",2022-04-22,2022-04-06,"-16 day ahead inc hosp","quantile",0.5,302,"COVID-19"
"DE-SH","00+",2022-04-22,2022-04-06,"-16 day ahead inc hosp","quantile",0.75,314,"COVID-19"
"DE-SH","00+",2022-04-22,2022-04-06,"-16 day ahead inc hosp","quantile",0.9,327,"COVID-19"
"DE-SH","00+",2022-04-22,2022-04-06,"-16 day ahead inc hosp","quantile",0.975,345,"COVID-19"
"DE-SH","00+",2022-04-22,2022-04-05,"-17 day ahead inc hosp","mean",NA,303,"COVID-19"
"DE-SH","00+",2022-04-22,2022-04-05,"-17 day ahead inc hosp","quantile",0.025,285,"COVID-19"
"DE-SH","00+",2022-04-22,2022-04-05,"-17 day ahead inc hosp","quantile",0.1,288,"COVID-19"
"DE-SH","00+",2022-04-22,2022-04-05,"-17 day ahead inc hosp","quantile",0.25,292,"COVID-19"
"DE-SH","00+",2022-04-22,2022-04-05,"-17 day ahead inc hosp","quantile",0.5,300,"COVID-19"
"DE-SH","00+",2022-04-22,2022-04-05,"-17 day ahead inc hosp","quantile",0.75,309,"COVID-19"
"DE-SH","00+",2022-04-22,2022-04-05,"-17 day ahead inc hosp","quantile",0.9,321,"COVID-19"
"DE-SH","00+",2022-04-22,2022-04-05,"-17 day ahead inc hosp","quantile",0.975,337,"COVID-19"
"DE-SH","00+",2022-04-22,2022-04-04,"-18 day ahead inc hosp","mean",NA,334,"COVID-19"
"DE-SH","00+",2022-04-22,2022-04-04,"-18 day ahead inc hosp","quantile",0.025,317,"COVID-19"
"DE-SH","00+",2022-04-22,2022-04-04,"-18 day ahead inc hosp","quantile",0.1,320,"COVID-19"
"DE-SH","00+",2022-04-22,2022-04-04,"-18 day ahead inc hosp","quantile",0.25,324,"COVID-19"
"DE-SH","00+",2022-04-22,2022-04-04,"-18 day ahead inc hosp","quantile",0.5,331,"COVID-19"
"DE-SH","00+",2022-04-22,2022-04-04,"-18 day ahead inc hosp","quantile",0.75,341,"COVID-19"
"DE-SH","00+",2022-04-22,2022-04-04,"-18 day ahead inc hosp","quantile",0.9,352,"COVID-19"
"DE-SH","00+",2022-04-22,2022-04-04,"-18 day ahead inc hosp","quantile",0.975,368,"COVID-19"
"DE-SH","00+",2022-04-22,2022-04-03,"-19 day ahead inc hosp","mean",NA,337,"COVID-19"
"DE-SH","00+",2022-04-22,2022-04-03,"-19 day ahead inc hosp","quantile",0.025,320,"COVID-19"
"DE-SH","00+",2022-04-22,2022-04-03,"-19 day ahead inc hosp","quantile",0.1,323,"COVID-19"
"DE-SH","00+",2022-04-22,2022-04-03,"-19 day ahead inc hosp","quantile",0.25,327,"COVID-19"
"DE-SH","00+",2022-04-22,2022-04-03,"-19 day ahead inc hosp","quantile",0.5,334,"COVID-19"
"DE-SH","00+",2022-04-22,2022-04-03,"-19 day ahead inc hosp","quantile",0.75,344,"COVID-19"
"DE-SH","00+",2022-04-22,2022-04-03,"-19 day ahead inc hosp","quantile",0.9,355,"COVID-19"
"DE-SH","00+",2022-04-22,2022-04-03,"-19 day ahead inc hosp","quantile",0.975,371,"COVID-19"
"DE-SH","00+",2022-04-22,2022-04-02,"-20 day ahead inc hosp","mean",NA,352,"COVID-19"
"DE-SH","00+",2022-04-22,2022-04-02,"-20 day ahead inc hosp","quantile",0.025,335,"COVID-19"
"DE-SH","00+",2022-04-22,2022-04-02,"-20 day ahead inc hosp","quantile",0.1,338,"COVID-19"
"DE-SH","00+",2022-04-22,2022-04-02,"-20 day ahead inc hosp","quantile",0.25,342,"COVID-19"
"DE-SH","00+",2022-04-22,2022-04-02,"-20 day ahead inc hosp","quantile",0.5,349,"COVID-19"
"DE-SH","00+",2022-04-22,2022-04-02,"-20 day ahead inc hosp","quantile",0.75,359,"COVID-19"
"DE-SH","00+",2022-04-22,2022-04-02,"-20 day ahead inc hosp","quantile",0.9,371,"COVID-19"
"DE-SH","00+",2022-04-22,2022-04-02,"-20 day ahead inc hosp","quantile",0.975,388,"COVID-19"
"DE-SH","00+",2022-04-22,2022-04-01,"-21 day ahead inc hosp","mean",NA,362,"COVID-19"
"DE-SH","00+",2022-04-22,2022-04-01,"-21 day ahead inc hosp","quantile",0.025,345,"COVID-19"
"DE-SH","00+",2022-04-22,2022-04-01,"-21 day ahead inc hosp","quantile",0.1,348,"COVID-19"
"DE-SH","00+",2022-04-22,2022-04-01,"-21 day ahead inc hosp","quantile",0.25,352,"COVID-19"
"DE-SH","00+",2022-04-22,2022-04-01,"-21 day ahead inc hosp","quantile",0.5,359,"COVID-19"
"DE-SH","00+",2022-04-22,2022-04-01,"-21 day ahead inc hosp","quantile",0.75,369,"COVID-19"
"DE-SH","00+",2022-04-22,2022-04-01,"-21 day ahead inc hosp","quantile",0.9,380,"COVID-19"
"DE-SH","00+",2022-04-22,2022-04-01,"-21 day ahead inc hosp","quantile",0.975,396,"COVID-19"
"DE-SH","00+",2022-04-22,2022-03-31,"-22 day ahead inc hosp","mean",NA,363,"COVID-19"
"DE-SH","00+",2022-04-22,2022-03-31,"-22 day ahead inc hosp","quantile",0.025,347,"COVID-19"
"DE-SH","00+",2022-04-22,2022-03-31,"-22 day ahead inc hosp","quantile",0.1,350,"COVID-19"
"DE-SH","00+",2022-04-22,2022-03-31,"-22 day ahead inc hosp","quantile",0.25,354,"COVID-19"
"DE-SH","00+",2022-04-22,2022-03-31,"-22 day ahead inc hosp","quantile",0.5,360,"COVID-19"
"DE-SH","00+",2022-04-22,2022-03-31,"-22 day ahead inc hosp","quantile",0.75,369,"COVID-19"
"DE-SH","00+",2022-04-22,2022-03-31,"-22 day ahead inc hosp","quantile",0.9,380,"COVID-19"
"DE-SH","00+",2022-04-22,2022-03-31,"-22 day ahead inc hosp","quantile",0.975,395,"COVID-19"
"DE-SH","00+",2022-04-22,2022-03-30,"-23 day ahead inc hosp","mean",NA,377,"COVID-19"
"DE-SH","00+",2022-04-22,2022-03-30,"-23 day ahead inc hosp","quantile",0.025,362,"COVID-19"
"DE-SH","00+",2022-04-22,2022-03-30,"-23 day ahead inc hosp","quantile",0.1,365,"COVID-19"
"DE-SH","00+",2022-04-22,2022-03-30,"-23 day ahead inc hosp","quantile",0.25,368,"COVID-19"
"DE-SH","00+",2022-04-22,2022-03-30,"-23 day ahead inc hosp","quantile",0.5,374,"COVID-19"
"DE-SH","00+",2022-04-22,2022-03-30,"-23 day ahead inc hosp","quantile",0.75,383,"COVID-19"
"DE-SH","00+",2022-04-22,2022-03-30,"-23 day ahead inc hosp","quantile",0.9,394,"COVID-19"
"DE-SH","00+",2022-04-22,2022-03-30,"-23 day ahead inc hosp","quantile",0.975,408,"COVID-19"
"DE-SH","00+",2022-04-22,2022-03-29,"-24 day ahead inc hosp","mean",NA,385,"COVID-19"
"DE-SH","00+",2022-04-22,2022-03-29,"-24 day ahead inc hosp","quantile",0.025,371,"COVID-19"
"DE-SH","00+",2022-04-22,2022-03-29,"-24 day ahead inc hosp","quantile",0.1,373,"COVID-19"
"DE-SH","00+",2022-04-22,2022-03-29,"-24 day ahead inc hosp","quantile",0.25,376,"COVID-19"
"DE-SH","00+",2022-04-22,2022-03-29,"-24 day ahead inc hosp","quantile",0.5,382,"COVID-19"
"DE-SH","00+",2022-04-22,2022-03-29,"-24 day ahead inc hosp","quantile",0.75,390,"COVID-19"
"DE-SH","00+",2022-04-22,2022-03-29,"-24 day ahead inc hosp","quantile",0.9,400,"COVID-19"
"DE-SH","00+",2022-04-22,2022-03-29,"-24 day ahead inc hosp","quantile",0.975,413,"COVID-19"
"DE-SH","00+",2022-04-22,2022-03-28,"-25 day ahead inc hosp","mean",NA,370,"COVID-19"
"DE-SH","00+",2022-04-22,2022-03-28,"-25 day ahead inc hosp","quantile",0.025,359,"COVID-19"
"DE-SH","00+",2022-04-22,2022-03-28,"-25 day ahead inc hosp","quantile",0.1,360,"COVID-19"
"DE-SH","00+",2022-04-22,2022-03-28,"-25 day ahead inc hosp","quantile",0.25,363,"COVID-19"
"DE-SH","00+",2022-04-22,2022-03-28,"-25 day ahead inc hosp","quantile",0.5,368,"COVID-19"
"DE-SH","00+",2022-04-22,2022-03-28,"-25 day ahead inc hosp","quantile",0.75,375,"COVID-19"
"DE-SH","00+",2022-04-22,2022-03-28,"-25 day ahead inc hosp","quantile",0.9,383,"COVID-19"
"DE-SH","00+",2022-04-22,2022-03-28,"-25 day ahead inc hosp","quantile",0.975,395,"COVID-19"
"DE-SH","00+",2022-04-22,2022-03-27,"-26 day ahead inc hosp","mean",NA,373,"COVID-19"
"DE-SH","00+",2022-04-22,2022-03-27,"-26 day ahead inc hosp","quantile",0.025,362,"COVID-19"
"DE-SH","00+",2022-04-22,2022-03-27,"-26 day ahead inc hosp","quantile",0.1,363,"COVID-19"
"DE-SH","00+",2022-04-22,2022-03-27,"-26 day ahead inc hosp","quantile",0.25,366,"COVID-19"
"DE-SH","00+",2022-04-22,2022-03-27,"-26 day ahead inc hosp","quantile",0.5,371,"COVID-19"
"DE-SH","00+",2022-04-22,2022-03-27,"-26 day ahead inc hosp","quantile",0.75,378,"COVID-19"
"DE-SH","00+",2022-04-22,2022-03-27,"-26 day ahead inc hosp","quantile",0.9,386,"COVID-19"
"DE-SH","00+",2022-04-22,2022-03-27,"-26 day ahead inc hosp","quantile",0.975,397,"COVID-19"
"DE-SH","00+",2022-04-22,2022-03-26,"-27 day ahead inc hosp","mean",NA,364,"COVID-19"
"DE-SH","00+",2022-04-22,2022-03-26,"-27 day ahead inc hosp","quantile",0.025,353,"COVID-19"
"DE-SH","00+",2022-04-22,2022-03-26,"-27 day ahead inc hosp","quantile",0.1,354,"COVID-19"
"DE-SH","00+",2022-04-22,2022-03-26,"-27 day ahead inc hosp","quantile",0.25,357,"COVID-19"
"DE-SH","00+",2022-04-22,2022-03-26,"-27 day ahead inc hosp","quantile",0.5,362,"COVID-19"
"DE-SH","00+",2022-04-22,2022-03-26,"-27 day ahead inc hosp","quantile",0.75,368,"COVID-19"
"DE-SH","00+",2022-04-22,2022-03-26,"-27 day ahead inc hosp","quantile",0.9,375,"COVID-19"
"DE-SH","00+",2022-04-22,2022-03-26,"-27 day ahead inc hosp","quantile",0.975,386,"COVID-19"
"DE-SH","00+",2022-04-22,2022-03-25,"-28 day ahead inc hosp","mean",NA,354,"COVID-19"
"DE-SH","00+",2022-04-22,2022-03-25,"-28 day ahead inc hosp","quantile",0.025,344,"COVID-19"
"DE-SH","00+",2022-04-22,2022-03-25,"-28 day ahead inc hosp","quantile",0.1,346,"COVID-19"
"DE-SH","00+",2022-04-22,2022-03-25,"-28 day ahead inc hosp","quantile",0.25,348,"COVID-19"
"DE-SH","00+",2022-04-22,2022-03-25,"-28 day ahead inc hosp","quantile",0.5,352,"COVID-19"
"DE-SH","00+",2022-04-22,2022-03-25,"-28 day ahead inc hosp","quantile",0.75,358,"COVID-19"
"DE-SH","00+",2022-04-22,2022-03-25,"-28 day ahead inc hosp","quantile",0.9,365,"COVID-19"
"DE-SH","00+",2022-04-22,2022-03-25,"-28 day ahead inc hosp","quantile",0.975,374,"COVID-19"
"DE-SL","00+",2022-04-22,2022-04-22,"0 day ahead inc hosp","mean",NA,72,"COVID-19"
"DE-SL","00+",2022-04-22,2022-04-22,"0 day ahead inc hosp","quantile",0.025,54,"COVID-19"
"DE-SL","00+",2022-04-22,2022-04-22,"0 day ahead inc hosp","quantile",0.1,59,"COVID-19"
"DE-SL","00+",2022-04-22,2022-04-22,"0 day ahead inc hosp","quantile",0.25,63,"COVID-19"
"DE-SL","00+",2022-04-22,2022-04-22,"0 day ahead inc hosp","quantile",0.5,70,"COVID-19"
"DE-SL","00+",2022-04-22,2022-04-22,"0 day ahead inc hosp","quantile",0.75,78,"COVID-19"
"DE-SL","00+",2022-04-22,2022-04-22,"0 day ahead inc hosp","quantile",0.9,87,"COVID-19"
"DE-SL","00+",2022-04-22,2022-04-22,"0 day ahead inc hosp","quantile",0.975,97,"COVID-19"
"DE-SL","00+",2022-04-22,2022-04-21,"-1 day ahead inc hosp","mean",NA,75,"COVID-19"
"DE-SL","00+",2022-04-22,2022-04-21,"-1 day ahead inc hosp","quantile",0.025,59,"COVID-19"
"DE-SL","00+",2022-04-22,2022-04-21,"-1 day ahead inc hosp","quantile",0.1,63,"COVID-19"
"DE-SL","00+",2022-04-22,2022-04-21,"-1 day ahead inc hosp","quantile",0.25,67,"COVID-19"
"DE-SL","00+",2022-04-22,2022-04-21,"-1 day ahead inc hosp","quantile",0.5,74,"COVID-19"
"DE-SL","00+",2022-04-22,2022-04-21,"-1 day ahead inc hosp","quantile",0.75,81,"COVID-19"
"DE-SL","00+",2022-04-22,2022-04-21,"-1 day ahead inc hosp","quantile",0.9,90,"COVID-19"
"DE-SL","00+",2022-04-22,2022-04-21,"-1 day ahead inc hosp","quantile",0.975,101,"COVID-19"
"DE-SL","00+",2022-04-22,2022-04-20,"-2 day ahead inc hosp","mean",NA,75,"COVID-19"
"DE-SL","00+",2022-04-22,2022-04-20,"-2 day ahead inc hosp","quantile",0.025,62,"COVID-19"
"DE-SL","00+",2022-04-22,2022-04-20,"-2 day ahead inc hosp","quantile",0.1,65,"COVID-19"
"DE-SL","00+",2022-04-22,2022-04-20,"-2 day ahead inc hosp","quantile",0.25,69,"COVID-19"
"DE-SL","00+",2022-04-22,2022-04-20,"-2 day ahead inc hosp","quantile",0.5,74,"COVID-19"
"DE-SL","00+",2022-04-22,2022-04-20,"-2 day ahead inc hosp","quantile",0.75,80,"COVID-19"
"DE-SL","00+",2022-04-22,2022-04-20,"-2 day ahead inc hosp","quantile",0.9,87,"COVID-19"
"DE-SL","00+",2022-04-22,2022-04-20,"-2 day ahead inc hosp","quantile",0.975,96,"COVID-19"
"DE-SL","00+",2022-04-22,2022-04-19,"-3 day ahead inc hosp","mean",NA,73,"COVID-19"
"DE-SL","00+",2022-04-22,2022-04-19,"-3 day ahead inc hosp","quantile",0.025,63,"COVID-19"
"DE-SL","00+",2022-04-22,2022-04-19,"-3 day ahead inc hosp","quantile",0.1,65,"COVID-19"
"DE-SL","00+",2022-04-22,2022-04-19,"-3 day ahead inc hosp","quantile",0.25,68,"COVID-19"
"DE-SL","00+",2022-04-22,2022-04-19,"-3 day ahead inc hosp","quantile",0.5,72,"COVID-19"
"DE-SL","00+",2022-04-22,2022-04-19,"-3 day ahead inc hosp","quantile",0.75,76,"COVID-19"
"DE-SL","00+",2022-04-22,2022-04-19,"-3 day ahead inc hosp","quantile",0.9,81,"COVID-19"
"DE-SL","00+",2022-04-22,2022-04-19,"-3 day ahead inc hosp","quantile",0.975,88,"COVID-19"
"DE-SL","00+",2022-04-22,2022-04-18,"-4 day ahead inc hosp","mean",NA,96,"COVID-19"
"DE-SL","00+",2022-04-22,2022-04-18,"-4 day ahead inc hosp","quantile",0.025,84,"COVID-19"
"DE-SL","00+",2022-04-22,2022-04-18,"-4 day ahead inc hosp","quantile",0.1,87,"COVID-19"
"DE-SL","00+",2022-04-22,2022-04-18,"-4 day ahead inc hosp","quantile",0.25,90,"COVID-19"
"DE-SL","00+",2022-04-22,2022-04-18,"-4 day ahead inc hosp","quantile",0.5,95,"COVID-19"
"DE-SL","00+",2022-04-22,2022-04-18,"-4 day ahead inc hosp","quantile",0.75,100,"COVID-19"
"DE-SL","00+",2022-04-22,2022-04-18,"-4 day ahead inc hosp","quantile",0.9,107,"COVID-19"
"DE-SL","00+",2022-04-22,2022-04-18,"-4 day ahead inc hosp","quantile",0.975,115,"COVID-19"
"DE-SL","00+",2022-04-22,2022-04-17,"-5 day ahead inc hosp","mean",NA,96,"COVID-19"
"DE-SL","00+",2022-04-22,2022-04-17,"-5 day ahead inc hosp","quantile",0.025,84,"COVID-19"
"DE-SL","00+",2022-04-22,2022-04-17,"-5 day ahead inc hosp","quantile",0.1,87,"COVID-19"
"DE-SL","00+",2022-04-22,2022-04-17,"-5 day ahead inc hosp","quantile",0.25,90,"COVID-19"
"DE-SL","00+",2022-04-22,2022-04-17,"-5 day ahead inc hosp","quantile",0.5,95,"COVID-19"
"DE-SL","00+",2022-04-22,2022-04-17,"-5 day ahead inc hosp","quantile",0.75,100,"COVID-19"
"DE-SL","00+",2022-04-22,2022-04-17,"-5 day ahead inc hosp","quantile",0.9,107,"COVID-19"
"DE-SL","00+",2022-04-22,2022-04-17,"-5 day ahead inc hosp","quantile",0.975,115,"COVID-19"
"DE-SL","00+",2022-04-22,2022-04-16,"-6 day ahead inc hosp","mean",NA,96,"COVID-19"
"DE-SL","00+",2022-04-22,2022-04-16,"-6 day ahead inc hosp","quantile",0.025,85,"COVID-19"
"DE-SL","00+",2022-04-22,2022-04-16,"-6 day ahead inc hosp","quantile",0.1,87,"COVID-19"
"DE-SL","00+",2022-04-22,2022-04-16,"-6 day ahead inc hosp","quantile",0.25,90,"COVID-19"
"DE-SL","00+",2022-04-22,2022-04-16,"-6 day ahead inc hosp","quantile",0.5,95,"COVID-19"
"DE-SL","00+",2022-04-22,2022-04-16,"-6 day ahead inc hosp","quantile",0.75,100,"COVID-19"
"DE-SL","00+",2022-04-22,2022-04-16,"-6 day ahead inc hosp","quantile",0.9,106,"COVID-19"
"DE-SL","00+",2022-04-22,2022-04-16,"-6 day ahead inc hosp","quantile",0.975,114,"COVID-19"
"DE-SL","00+",2022-04-22,2022-04-15,"-7 day ahead inc hosp","mean",NA,127,"COVID-19"
"DE-SL","00+",2022-04-22,2022-04-15,"-7 day ahead inc hosp","quantile",0.025,114,"COVID-19"
"DE-SL","00+",2022-04-22,2022-04-15,"-7 day ahead inc hosp","quantile",0.1,117,"COVID-19"
"DE-SL","00+",2022-04-22,2022-04-15,"-7 day ahead inc hosp","quantile",0.25,120,"COVID-19"
"DE-SL","00+",2022-04-22,2022-04-15,"-7 day ahead inc hosp","quantile",0.5,126,"COVID-19"
"DE-SL","00+",2022-04-22,2022-04-15,"-7 day ahead inc hosp","quantile",0.75,132,"COVID-19"
"DE-SL","00+",2022-04-22,2022-04-15,"-7 day ahead inc hosp","quantile",0.9,139,"COVID-19"
"DE-SL","00+",2022-04-22,2022-04-15,"-7 day ahead inc hosp","quantile",0.975,149,"COVID-19"
"DE-SL","00+",2022-04-22,2022-04-14,"-8 day ahead inc hosp","mean",NA,127,"COVID-19"
"DE-SL","00+",2022-04-22,2022-04-14,"-8 day ahead inc hosp","quantile",0.025,114,"COVID-19"
"DE-SL","00+",2022-04-22,2022-04-14,"-8 day ahead inc hosp","quantile",0.1,117,"COVID-19"
"DE-SL","00+",2022-04-22,2022-04-14,"-8 day ahead inc hosp","quantile",0.25,120,"COVID-19"
"DE-SL","00+",2022-04-22,2022-04-14,"-8 day ahead inc hosp","quantile",0.5,125,"COVID-19"
"DE-SL","00+",2022-04-22,2022-04-14,"-8 day ahead inc hosp","quantile",0.75,132,"COVID-19"
"DE-SL","00+",2022-04-22,2022-04-14,"-8 day ahead inc hosp","quantile",0.9,138,"COVID-19"
"DE-SL","00+",2022-04-22,2022-04-14,"-8 day ahead inc hosp","quantile",0.975,147,"COVID-19"
"DE-SL","00+",2022-04-22,2022-04-13,"-9 day ahead inc hosp","mean",NA,134,"COVID-19"
"DE-SL","00+",2022-04-22,2022-04-13,"-9 day ahead inc hosp","quantile",0.025,122,"COVID-19"
"DE-SL","00+",2022-04-22,2022-04-13,"-9 day ahead inc hosp","quantile",0.1,125,"COVID-19"
"DE-SL","00+",2022-04-22,2022-04-13,"-9 day ahead inc hosp","quantile",0.25,128,"COVID-19"
"DE-SL","00+",2022-04-22,2022-04-13,"-9 day ahead inc hosp","quantile",0.5,133,"COVID-19"
"DE-SL","00+",2022-04-22,2022-04-13,"-9 day ahead inc hosp","quantile",0.75,139,"COVID-19"
"DE-SL","00+",2022-04-22,2022-04-13,"-9 day ahead inc hosp","quantile",0.9,145,"COVID-19"
"DE-SL","00+",2022-04-22,2022-04-13,"-9 day ahead inc hosp","quantile",0.975,154,"COVID-19"
"DE-SL","00+",2022-04-22,2022-04-12,"-10 day ahead inc hosp","mean",NA,124,"COVID-19"
"DE-SL","00+",2022-04-22,2022-04-12,"-10 day ahead inc hosp","quantile",0.025,113,"COVID-19"
"DE-SL","00+",2022-04-22,2022-04-12,"-10 day ahead inc hosp","quantile",0.1,115,"COVID-19"
"DE-SL","00+",2022-04-22,2022-04-12,"-10 day ahead inc hosp","quantile",0.25,118,"COVID-19"
"DE-SL","00+",2022-04-22,2022-04-12,"-10 day ahead inc hosp","quantile",0.5,122,"COVID-19"
"DE-SL","00+",2022-04-22,2022-04-12,"-10 day ahead inc hosp","quantile",0.75,128,"COVID-19"
"DE-SL","00+",2022-04-22,2022-04-12,"-10 day ahead inc hosp","quantile",0.9,134,"COVID-19"
"DE-SL","00+",2022-04-22,2022-04-12,"-10 day ahead inc hosp","quantile",0.975,142,"COVID-19"
"DE-SL","00+",2022-04-22,2022-04-11,"-11 day ahead inc hosp","mean",NA,113,"COVID-19"
"DE-SL","00+",2022-04-22,2022-04-11,"-11 day ahead inc hosp","quantile",0.025,104,"COVID-19"
"DE-SL","00+",2022-04-22,2022-04-11,"-11 day ahead inc hosp","quantile",0.1,106,"COVID-19"
"DE-SL","00+",2022-04-22,2022-04-11,"-11 day ahead inc hosp","quantile",0.25,108,"COVID-19"
"DE-SL","00+",2022-04-22,2022-04-11,"-11 day ahead inc hosp","quantile",0.5,112,"COVID-19"
"DE-SL","00+",2022-04-22,2022-04-11,"-11 day ahead inc hosp","quantile",0.75,117,"COVID-19"
"DE-SL","00+",2022-04-22,2022-04-11,"-11 day ahead inc hosp","quantile",0.9,122,"COVID-19"
"DE-SL","00+",2022-04-22,2022-04-11,"-11 day ahead inc hosp","quantile",0.975,130,"COVID-19"
"DE-SL","00+",2022-04-22,2022-04-10,"-12 day ahead inc hosp","mean",NA,116,"COVID-19"
"DE-SL","00+",2022-04-22,2022-04-10,"-12 day ahead inc hosp","quantile",0.025,106,"COVID-19"
"DE-SL","00+",2022-04-22,2022-04-10,"-12 day ahead inc hosp","quantile",0.1,108,"COVID-19"
"DE-SL","00+",2022-04-22,2022-04-10,"-12 day ahead inc hosp","quantile",0.25,110,"COVID-19"
"DE-SL","00+",2022-04-22,2022-04-10,"-12 day ahead inc hosp","quantile",0.5,114,"COVID-19"
"DE-SL","00+",2022-04-22,2022-04-10,"-12 day ahead inc hosp","quantile",0.75,119,"COVID-19"
"DE-SL","00+",2022-04-22,2022-04-10,"-12 day ahead inc hosp","quantile",0.9,125,"COVID-19"
"DE-SL","00+",2022-04-22,2022-04-10,"-12 day ahead inc hosp","quantile",0.975,133,"COVID-19"
"DE-SL","00+",2022-04-22,2022-04-09,"-13 day ahead inc hosp","mean",NA,114,"COVID-19"
"DE-SL","00+",2022-04-22,2022-04-09,"-13 day ahead inc hosp","quantile",0.025,105,"COVID-19"
"DE-SL","00+",2022-04-22,2022-04-09,"-13 day ahead inc hosp","quantile",0.1,106,"COVID-19"
"DE-SL","00+",2022-04-22,2022-04-09,"-13 day ahead inc hosp","quantile",0.25,109,"COVID-19"
"DE-SL","00+",2022-04-22,2022-04-09,"-13 day ahead inc hosp","quantile",0.5,112,"COVID-19"
"DE-SL","00+",2022-04-22,2022-04-09,"-13 day ahead inc hosp","quantile",0.75,118,"COVID-19"
"DE-SL","00+",2022-04-22,2022-04-09,"-13 day ahead inc hosp","quantile",0.9,124,"COVID-19"
"DE-SL","00+",2022-04-22,2022-04-09,"-13 day ahead inc hosp","quantile",0.975,132,"COVID-19"
"DE-SL","00+",2022-04-22,2022-04-08,"-14 day ahead inc hosp","mean",NA,95,"COVID-19"
"DE-SL","00+",2022-04-22,2022-04-08,"-14 day ahead inc hosp","quantile",0.025,88,"COVID-19"
"DE-SL","00+",2022-04-22,2022-04-08,"-14 day ahead inc hosp","quantile",0.1,89,"COVID-19"
"DE-SL","00+",2022-04-22,2022-04-08,"-14 day ahead inc hosp","quantile",0.25,91,"COVID-19"
"DE-SL","00+",2022-04-22,2022-04-08,"-14 day ahead inc hosp","quantile",0.5,94,"COVID-19"
"DE-SL","00+",2022-04-22,2022-04-08,"-14 day ahead inc hosp","quantile",0.75,98,"COVID-19"
"DE-SL","00+",2022-04-22,2022-04-08,"-14 day ahead inc hosp","quantile",0.9,103,"COVID-19"
"DE-SL","00+",2022-04-22,2022-04-08,"-14 day ahead inc hosp","quantile",0.975,111,"COVID-19"
"DE-SL","00+",2022-04-22,2022-04-07,"-15 day ahead inc hosp","mean",NA,99,"COVID-19"
"DE-SL","00+",2022-04-22,2022-04-07,"-15 day ahead inc hosp","quantile",0.025,92,"COVID-19"
"DE-SL","00+",2022-04-22,2022-04-07,"-15 day ahead inc hosp","quantile",0.1,93,"COVID-19"
"DE-SL","00+",2022-04-22,2022-04-07,"-15 day ahead inc hosp","quantile",0.25,95,"COVID-19"
"DE-SL","00+",2022-04-22,2022-04-07,"-15 day ahead inc hosp","quantile",0.5,98,"COVID-19"
"DE-SL","00+",2022-04-22,2022-04-07,"-15 day ahead inc hosp","quantile",0.75,102,"COVID-19"
"DE-SL","00+",2022-04-22,2022-04-07,"-15 day ahead inc hosp","quantile",0.9,107,"COVID-19"
"DE-SL","00+",2022-04-22,2022-04-07,"-15 day ahead inc hosp","quantile",0.975,114,"COVID-19"
"DE-SL","00+",2022-04-22,2022-04-06,"-16 day ahead inc hosp","mean",NA,91,"COVID-19"
"DE-SL","00+",2022-04-22,2022-04-06,"-16 day ahead inc hosp","quantile",0.025,85,"COVID-19"
"DE-SL","00+",2022-04-22,2022-04-06,"-16 day ahead inc hosp","quantile",0.1,86,"COVID-19"
"DE-SL","00+",2022-04-22,2022-04-06,"-16 day ahead inc hosp","quantile",0.25,87,"COVID-19"
"DE-SL","00+",2022-04-22,2022-04-06,"-16 day ahead inc hosp","quantile",0.5,89,"COVID-19"
"DE-SL","00+",2022-04-22,2022-04-06,"-16 day ahead inc hosp","quantile",0.75,93,"COVID-19"
"DE-SL","00+",2022-04-22,2022-04-06,"-16 day ahead inc hosp","quantile",0.9,97,"COVID-19"
"DE-SL","00+",2022-04-22,2022-04-06,"-16 day ahead inc hosp","quantile",0.975,104,"COVID-19"
"DE-SL","00+",2022-04-22,2022-04-05,"-17 day ahead inc hosp","mean",NA,103,"COVID-19"
"DE-SL","00+",2022-04-22,2022-04-05,"-17 day ahead inc hosp","quantile",0.025,97,"COVID-19"
"DE-SL","00+",2022-04-22,2022-04-05,"-17 day ahead inc hosp","quantile",0.1,98,"COVID-19"
"DE-SL","00+",2022-04-22,2022-04-05,"-17 day ahead inc hosp","quantile",0.25,99,"COVID-19"
"DE-SL","00+",2022-04-22,2022-04-05,"-17 day ahead inc hosp","quantile",0.5,101,"COVID-19"
"DE-SL","00+",2022-04-22,2022-04-05,"-17 day ahead inc hosp","quantile",0.75,105,"COVID-19"
"DE-SL","00+",2022-04-22,2022-04-05,"-17 day ahead inc hosp","quantile",0.9,110,"COVID-19"
"DE-SL","00+",2022-04-22,2022-04-05,"-17 day ahead inc hosp","quantile",0.975,116,"COVID-19"
"DE-SL","00+",2022-04-22,2022-04-04,"-18 day ahead inc hosp","mean",NA,99,"COVID-19"
"DE-SL","00+",2022-04-22,2022-04-04,"-18 day ahead inc hosp","quantile",0.025,94,"COVID-19"
"DE-SL","00+",2022-04-22,2022-04-04,"-18 day ahead inc hosp","quantile",0.1,94,"COVID-19"
"DE-SL","00+",2022-04-22,2022-04-04,"-18 day ahead inc hosp","quantile",0.25,96,"COVID-19"
"DE-SL","00+",2022-04-22,2022-04-04,"-18 day ahead inc hosp","quantile",0.5,98,"COVID-19"
"DE-SL","00+",2022-04-22,2022-04-04,"-18 day ahead inc hosp","quantile",0.75,101,"COVID-19"
"DE-SL","00+",2022-04-22,2022-04-04,"-18 day ahead inc hosp","quantile",0.9,105,"COVID-19"
"DE-SL","00+",2022-04-22,2022-04-04,"-18 day ahead inc hosp","quantile",0.975,111,"COVID-19"
"DE-SL","00+",2022-04-22,2022-04-03,"-19 day ahead inc hosp","mean",NA,104,"COVID-19"
"DE-SL","00+",2022-04-22,2022-04-03,"-19 day ahead inc hosp","quantile",0.025,99,"COVID-19"
"DE-SL","00+",2022-04-22,2022-04-03,"-19 day ahead inc hosp","quantile",0.1,100,"COVID-19"
"DE-SL","00+",2022-04-22,2022-04-03,"-19 day ahead inc hosp","quantile",0.25,101,"COVID-19"
"DE-SL","00+",2022-04-22,2022-04-03,"-19 day ahead inc hosp","quantile",0.5,103,"COVID-19"
"DE-SL","00+",2022-04-22,2022-04-03,"-19 day ahead inc hosp","quantile",0.75,106,"COVID-19"
"DE-SL","00+",2022-04-22,2022-04-03,"-19 day ahead inc hosp","quantile",0.9,111,"COVID-19"
"DE-SL","00+",2022-04-22,2022-04-03,"-19 day ahead inc hosp","quantile",0.975,117,"COVID-19"
"DE-SL","00+",2022-04-22,2022-04-02,"-20 day ahead inc hosp","mean",NA,112,"COVID-19"
"DE-SL","00+",2022-04-22,2022-04-02,"-20 day ahead inc hosp","quantile",0.025,107,"COVID-19"
"DE-SL","00+",2022-04-22,2022-04-02,"-20 day ahead inc hosp","quantile",0.1,108,"COVID-19"
"DE-SL","00+",2022-04-22,2022-04-02,"-20 day ahead inc hosp","quantile",0.25,109,"COVID-19"
"DE-SL","00+",2022-04-22,2022-04-02,"-20 day ahead inc hosp","quantile",0.5,111,"COVID-19"
"DE-SL","00+",2022-04-22,2022-04-02,"-20 day ahead inc hosp","quantile",0.75,115,"COVID-19"
"DE-SL","00+",2022-04-22,2022-04-02,"-20 day ahead inc hosp","quantile",0.9,119,"COVID-19"
"DE-SL","00+",2022-04-22,2022-04-02,"-20 day ahead inc hosp","quantile",0.975,125,"COVID-19"
"DE-SL","00+",2022-04-22,2022-04-01,"-21 day ahead inc hosp","mean",NA,123,"COVID-19"
"DE-SL","00+",2022-04-22,2022-04-01,"-21 day ahead inc hosp","quantile",0.025,117,"COVID-19"
"DE-SL","00+",2022-04-22,2022-04-01,"-21 day ahead inc hosp","quantile",0.1,118,"COVID-19"
"DE-SL","00+",2022-04-22,2022-04-01,"-21 day ahead inc hosp","quantile",0.25,119,"COVID-19"
"DE-SL","00+",2022-04-22,2022-04-01,"-21 day ahead inc hosp","quantile",0.5,121,"COVID-19"
"DE-SL","00+",2022-04-22,2022-04-01,"-21 day ahead inc hosp","quantile",0.75,125,"COVID-19"
"DE-SL","00+",2022-04-22,2022-04-01,"-21 day ahead inc hosp","quantile",0.9,129,"COVID-19"
"DE-SL","00+",2022-04-22,2022-04-01,"-21 day ahead inc hosp","quantile",0.975,136,"COVID-19"
"DE-SL","00+",2022-04-22,2022-03-31,"-22 day ahead inc hosp","mean",NA,128,"COVID-19"
"DE-SL","00+",2022-04-22,2022-03-31,"-22 day ahead inc hosp","quantile",0.025,122,"COVID-19"
"DE-SL","00+",2022-04-22,2022-03-31,"-22 day ahead inc hosp","quantile",0.1,122,"COVID-19"
"DE-SL","00+",2022-04-22,2022-03-31,"-22 day ahead inc hosp","quantile",0.25,124,"COVID-19"
"DE-SL","00+",2022-04-22,2022-03-31,"-22 day ahead inc hosp","quantile",0.5,126,"COVID-19"
"DE-SL","00+",2022-04-22,2022-03-31,"-22 day ahead inc hosp","quantile",0.75,130,"COVID-19"
"DE-SL","00+",2022-04-22,2022-03-31,"-22 day ahead inc hosp","quantile",0.9,134,"COVID-19"
"DE-SL","00+",2022-04-22,2022-03-31,"-22 day ahead inc hosp","quantile",0.975,141,"COVID-19"
"DE-SL","00+",2022-04-22,2022-03-30,"-23 day ahead inc hosp","mean",NA,140,"COVID-19"
"DE-SL","00+",2022-04-22,2022-03-30,"-23 day ahead inc hosp","quantile",0.025,134,"COVID-19"
"DE-SL","00+",2022-04-22,2022-03-30,"-23 day ahead inc hosp","quantile",0.1,134,"COVID-19"
"DE-SL","00+",2022-04-22,2022-03-30,"-23 day ahead inc hosp","quantile",0.25,136,"COVID-19"
"DE-SL","00+",2022-04-22,2022-03-30,"-23 day ahead inc hosp","quantile",0.5,138,"COVID-19"
"DE-SL","00+",2022-04-22,2022-03-30,"-23 day ahead inc hosp","quantile",0.75,142,"COVID-19"
"DE-SL","00+",2022-04-22,2022-03-30,"-23 day ahead inc hosp","quantile",0.9,147,"COVID-19"
"DE-SL","00+",2022-04-22,2022-03-30,"-23 day ahead inc hosp","quantile",0.975,154,"COVID-19"
"DE-SL","00+",2022-04-22,2022-03-29,"-24 day ahead inc hosp","mean",NA,144,"COVID-19"
"DE-SL","00+",2022-04-22,2022-03-29,"-24 day ahead inc hosp","quantile",0.025,139,"COVID-19"
"DE-SL","00+",2022-04-22,2022-03-29,"-24 day ahead inc hosp","quantile",0.1,139,"COVID-19"
"DE-SL","00+",2022-04-22,2022-03-29,"-24 day ahead inc hosp","quantile",0.25,141,"COVID-19"
"DE-SL","00+",2022-04-22,2022-03-29,"-24 day ahead inc hosp","quantile",0.5,143,"COVID-19"
"DE-SL","00+",2022-04-22,2022-03-29,"-24 day ahead inc hosp","quantile",0.75,147,"COVID-19"
"DE-SL","00+",2022-04-22,2022-03-29,"-24 day ahead inc hosp","quantile",0.9,151,"COVID-19"
"DE-SL","00+",2022-04-22,2022-03-29,"-24 day ahead inc hosp","quantile",0.975,158,"COVID-19"
"DE-SL","00+",2022-04-22,2022-03-28,"-25 day ahead inc hosp","mean",NA,148,"COVID-19"
"DE-SL","00+",2022-04-22,2022-03-28,"-25 day ahead inc hosp","quantile",0.025,143,"COVID-19"
"DE-SL","00+",2022-04-22,2022-03-28,"-25 day ahead inc hosp","quantile",0.1,143,"COVID-19"
"DE-SL","00+",2022-04-22,2022-03-28,"-25 day ahead inc hosp","quantile",0.25,145,"COVID-19"
"DE-SL","00+",2022-04-22,2022-03-28,"-25 day ahead inc hosp","quantile",0.5,147,"COVID-19"
"DE-SL","00+",2022-04-22,2022-03-28,"-25 day ahead inc hosp","quantile",0.75,151,"COVID-19"
"DE-SL","00+",2022-04-22,2022-03-28,"-25 day ahead inc hosp","quantile",0.9,155,"COVID-19"
"DE-SL","00+",2022-04-22,2022-03-28,"-25 day ahead inc hosp","quantile",0.975,162,"COVID-19"
"DE-SL","00+",2022-04-22,2022-03-27,"-26 day ahead inc hosp","mean",NA,144,"COVID-19"
"DE-SL","00+",2022-04-22,2022-03-27,"-26 day ahead inc hosp","quantile",0.025,139,"COVID-19"
"DE-SL","00+",2022-04-22,2022-03-27,"-26 day ahead inc hosp","quantile",0.1,139,"COVID-19"
"DE-SL","00+",2022-04-22,2022-03-27,"-26 day ahead inc hosp","quantile",0.25,141,"COVID-19"
"DE-SL","00+",2022-04-22,2022-03-27,"-26 day ahead inc hosp","quantile",0.5,143,"COVID-19"
"DE-SL","00+",2022-04-22,2022-03-27,"-26 day ahead inc hosp","quantile",0.75,146,"COVID-19"
"DE-SL","00+",2022-04-22,2022-03-27,"-26 day ahead inc hosp","quantile",0.9,151,"COVID-19"
"DE-SL","00+",2022-04-22,2022-03-27,"-26 day ahead inc hosp","quantile",0.975,157,"COVID-19"
"DE-SL","00+",2022-04-22,2022-03-26,"-27 day ahead inc hosp","mean",NA,145,"COVID-19"
"DE-SL","00+",2022-04-22,2022-03-26,"-27 day ahead inc hosp","quantile",0.025,140,"COVID-19"
"DE-SL","00+",2022-04-22,2022-03-26,"-27 day ahead inc hosp","quantile",0.1,140,"COVID-19"
"DE-SL","00+",2022-04-22,2022-03-26,"-27 day ahead inc hosp","quantile",0.25,141,"COVID-19"
"DE-SL","00+",2022-04-22,2022-03-26,"-27 day ahead inc hosp","quantile",0.5,144,"COVID-19"
"DE-SL","00+",2022-04-22,2022-03-26,"-27 day ahead inc hosp","quantile",0.75,147,"COVID-19"
"DE-SL","00+",2022-04-22,2022-03-26,"-27 day ahead inc hosp","quantile",0.9,151,"COVID-19"
"DE-SL","00+",2022-04-22,2022-03-26,"-27 day ahead inc hosp","quantile",0.975,158,"COVID-19"
"DE-SL","00+",2022-04-22,2022-03-25,"-28 day ahead inc hosp","mean",NA,148,"COVID-19"
"DE-SL","00+",2022-04-22,2022-03-25,"-28 day ahead inc hosp","quantile",0.025,143,"COVID-19"
"DE-SL","00+",2022-04-22,2022-03-25,"-28 day ahead inc hosp","quantile",0.1,143,"COVID-19"
"DE-SL","00+",2022-04-22,2022-03-25,"-28 day ahead inc hosp","quantile",0.25,144,"COVID-19"
"DE-SL","00+",2022-04-22,2022-03-25,"-28 day ahead inc hosp","quantile",0.5,147,"COVID-19"
"DE-SL","00+",2022-04-22,2022-03-25,"-28 day ahead inc hosp","quantile",0.75,150,"COVID-19"
"DE-SL","00+",2022-04-22,2022-03-25,"-28 day ahead inc hosp","quantile",0.9,154,"COVID-19"
"DE-SL","00+",2022-04-22,2022-03-25,"-28 day ahead inc hosp","quantile",0.975,160,"COVID-19"
"DE-SN","00+",2022-04-22,2022-04-22,"0 day ahead inc hosp","mean",NA,352,"COVID-19"
"DE-SN","00+",2022-04-22,2022-04-22,"0 day ahead inc hosp","quantile",0.025,206,"COVID-19"
"DE-SN","00+",2022-04-22,2022-04-22,"0 day ahead inc hosp","quantile",0.1,237,"COVID-19"
"DE-SN","00+",2022-04-22,2022-04-22,"0 day ahead inc hosp","quantile",0.25,276,"COVID-19"
"DE-SN","00+",2022-04-22,2022-04-22,"0 day ahead inc hosp","quantile",0.5,333,"COVID-19"
"DE-SN","00+",2022-04-22,2022-04-22,"0 day ahead inc hosp","quantile",0.75,408,"COVID-19"
"DE-SN","00+",2022-04-22,2022-04-22,"0 day ahead inc hosp","quantile",0.9,490,"COVID-19"
"DE-SN","00+",2022-04-22,2022-04-22,"0 day ahead inc hosp","quantile",0.975,601,"COVID-19"
"DE-SN","00+",2022-04-22,2022-04-21,"-1 day ahead inc hosp","mean",NA,337,"COVID-19"
"DE-SN","00+",2022-04-22,2022-04-21,"-1 day ahead inc hosp","quantile",0.025,228,"COVID-19"
"DE-SN","00+",2022-04-22,2022-04-21,"-1 day ahead inc hosp","quantile",0.1,253,"COVID-19"
"DE-SN","00+",2022-04-22,2022-04-21,"-1 day ahead inc hosp","quantile",0.25,283,"COVID-19"
"DE-SN","00+",2022-04-22,2022-04-21,"-1 day ahead inc hosp","quantile",0.5,326,"COVID-19"
"DE-SN","00+",2022-04-22,2022-04-21,"-1 day ahead inc hosp","quantile",0.75,379,"COVID-19"
"DE-SN","00+",2022-04-22,2022-04-21,"-1 day ahead inc hosp","quantile",0.9,437,"COVID-19"
"DE-SN","00+",2022-04-22,2022-04-21,"-1 day ahead inc hosp","quantile",0.975,514,"COVID-19"
"DE-SN","00+",2022-04-22,2022-04-20,"-2 day ahead inc hosp","mean",NA,308,"COVID-19"
"DE-SN","00+",2022-04-22,2022-04-20,"-2 day ahead inc hosp","quantile",0.025,233,"COVID-19"
"DE-SN","00+",2022-04-22,2022-04-20,"-2 day ahead inc hosp","quantile",0.1,251,"COVID-19"
"DE-SN","00+",2022-04-22,2022-04-20,"-2 day ahead inc hosp","quantile",0.25,272,"COVID-19"
"DE-SN","00+",2022-04-22,2022-04-20,"-2 day ahead inc hosp","quantile",0.5,301,"COVID-19"
"DE-SN","00+",2022-04-22,2022-04-20,"-2 day ahead inc hosp","quantile",0.75,337,"COVID-19"
"DE-SN","00+",2022-04-22,2022-04-20,"-2 day ahead inc hosp","quantile",0.9,375,"COVID-19"
"DE-SN","00+",2022-04-22,2022-04-20,"-2 day ahead inc hosp","quantile",0.975,425,"COVID-19"
"DE-SN","00+",2022-04-22,2022-04-19,"-3 day ahead inc hosp","mean",NA,256,"COVID-19"
"DE-SN","00+",2022-04-22,2022-04-19,"-3 day ahead inc hosp","quantile",0.025,220,"COVID-19"
"DE-SN","00+",2022-04-22,2022-04-19,"-3 day ahead inc hosp","quantile",0.1,230,"COVID-19"
"DE-SN","00+",2022-04-22,2022-04-19,"-3 day ahead inc hosp","quantile",0.25,240,"COVID-19"
"DE-SN","00+",2022-04-22,2022-04-19,"-3 day ahead inc hosp","quantile",0.5,254,"COVID-19"
"DE-SN","00+",2022-04-22,2022-04-19,"-3 day ahead inc hosp","quantile",0.75,270,"COVID-19"
"DE-SN","00+",2022-04-22,2022-04-19,"-3 day ahead inc hosp","quantile",0.9,287,"COVID-19"
"DE-SN","00+",2022-04-22,2022-04-19,"-3 day ahead inc hosp","quantile",0.975,309,"COVID-19"
"DE-SN","00+",2022-04-22,2022-04-18,"-4 day ahead inc hosp","mean",NA,292,"COVID-19"
"DE-SN","00+",2022-04-22,2022-04-18,"-4 day ahead inc hosp","quantile",0.025,261,"COVID-19"
"DE-SN","00+",2022-04-22,2022-04-18,"-4 day ahead inc hosp","quantile",0.1,270,"COVID-19"
"DE-SN","00+",2022-04-22,2022-04-18,"-4 day ahead inc hosp","quantile",0.25,279,"COVID-19"
"DE-SN","00+",2022-04-22,2022-04-18,"-4 day ahead inc hosp","quantile",0.5,290,"COVID-19"
"DE-SN","00+",2022-04-22,2022-04-18,"-4 day ahead inc hosp","quantile",0.75,304,"COVID-19"
"DE-SN","00+",2022-04-22,2022-04-18,"-4 day ahead inc hosp","quantile",0.9,317,"COVID-19"
"DE-SN","00+",2022-04-22,2022-04-18,"-4 day ahead inc hosp","quantile",0.975,335,"COVID-19"
"DE-SN","00+",2022-04-22,2022-04-17,"-5 day ahead inc hosp","mean",NA,313,"COVID-19"
"DE-SN","00+",2022-04-22,2022-04-17,"-5 day ahead inc hosp","quantile",0.025,284,"COVID-19"
"DE-SN","00+",2022-04-22,2022-04-17,"-5 day ahead inc hosp","quantile",0.1,292,"COVID-19"
"DE-SN","00+",2022-04-22,2022-04-17,"-5 day ahead inc hosp","quantile",0.25,301,"COVID-19"
"DE-SN","00+",2022-04-22,2022-04-17,"-5 day ahead inc hosp","quantile",0.5,312,"COVID-19"
"DE-SN","00+",2022-04-22,2022-04-17,"-5 day ahead inc hosp","quantile",0.75,324,"COVID-19"
"DE-SN","00+",2022-04-22,2022-04-17,"-5 day ahead inc hosp","quantile",0.9,336,"COVID-19"
"DE-SN","00+",2022-04-22,2022-04-17,"-5 day ahead inc hosp","quantile",0.975,352,"COVID-19"
"DE-SN","00+",2022-04-22,2022-04-16,"-6 day ahead inc hosp","mean",NA,333,"COVID-19"
"DE-SN","00+",2022-04-22,2022-04-16,"-6 day ahead inc hosp","quantile",0.025,304,"COVID-19"
"DE-SN","00+",2022-04-22,2022-04-16,"-6 day ahead inc hosp","quantile",0.1,312,"COVID-19"
"DE-SN","00+",2022-04-22,2022-04-16,"-6 day ahead inc hosp","quantile",0.25,320,"COVID-19"
"DE-SN","00+",2022-04-22,2022-04-16,"-6 day ahead inc hosp","quantile",0.5,331,"COVID-19"
"DE-SN","00+",2022-04-22,2022-04-16,"-6 day ahead inc hosp","quantile",0.75,343,"COVID-19"
"DE-SN","00+",2022-04-22,2022-04-16,"-6 day ahead inc hosp","quantile",0.9,355,"COVID-19"
"DE-SN","00+",2022-04-22,2022-04-16,"-6 day ahead inc hosp","quantile",0.975,370,"COVID-19"
"DE-SN","00+",2022-04-22,2022-04-15,"-7 day ahead inc hosp","mean",NA,367,"COVID-19"
"DE-SN","00+",2022-04-22,2022-04-15,"-7 day ahead inc hosp","quantile",0.025,336,"COVID-19"
"DE-SN","00+",2022-04-22,2022-04-15,"-7 day ahead inc hosp","quantile",0.1,345,"COVID-19"
"DE-SN","00+",2022-04-22,2022-04-15,"-7 day ahead inc hosp","quantile",0.25,354,"COVID-19"
"DE-SN","00+",2022-04-22,2022-04-15,"-7 day ahead inc hosp","quantile",0.5,365,"COVID-19"
"DE-SN","00+",2022-04-22,2022-04-15,"-7 day ahead inc hosp","quantile",0.75,378,"COVID-19"
"DE-SN","00+",2022-04-22,2022-04-15,"-7 day ahead inc hosp","quantile",0.9,392,"COVID-19"
"DE-SN","00+",2022-04-22,2022-04-15,"-7 day ahead inc hosp","quantile",0.975,408,"COVID-19"
"DE-SN","00+",2022-04-22,2022-04-14,"-8 day ahead inc hosp","mean",NA,395,"COVID-19"
"DE-SN","00+",2022-04-22,2022-04-14,"-8 day ahead inc hosp","quantile",0.025,364,"COVID-19"
"DE-SN","00+",2022-04-22,2022-04-14,"-8 day ahead inc hosp","quantile",0.1,372,"COVID-19"
"DE-SN","00+",2022-04-22,2022-04-14,"-8 day ahead inc hosp","quantile",0.25,381,"COVID-19"
"DE-SN","00+",2022-04-22,2022-04-14,"-8 day ahead inc hosp","quantile",0.5,393,"COVID-19"
"DE-SN","00+",2022-04-22,2022-04-14,"-8 day ahead inc hosp","quantile",0.75,406,"COVID-19"
"DE-SN","00+",2022-04-22,2022-04-14,"-8 day ahead inc hosp","quantile",0.9,419,"COVID-19"
"DE-SN","00+",2022-04-22,2022-04-14,"-8 day ahead inc hosp","quantile",0.975,436,"COVID-19"
"DE-SN","00+",2022-04-22,2022-04-13,"-9 day ahead inc hosp","mean",NA,400,"COVID-19"
"DE-SN","00+",2022-04-22,2022-04-13,"-9 day ahead inc hosp","quantile",0.025,370,"COVID-19"
"DE-SN","00+",2022-04-22,2022-04-13,"-9 day ahead inc hosp","quantile",0.1,378,"COVID-19"
"DE-SN","00+",2022-04-22,2022-04-13,"-9 day ahead inc hosp","quantile",0.25,387,"COVID-19"
"DE-SN","00+",2022-04-22,2022-04-13,"-9 day ahead inc hosp","quantile",0.5,398,"COVID-19"
"DE-SN","00+",2022-04-22,2022-04-13,"-9 day ahead inc hosp","quantile",0.75,412,"COVID-19"
"DE-SN","00+",2022-04-22,2022-04-13,"-9 day ahead inc hosp","quantile",0.9,425,"COVID-19"
"DE-SN","00+",2022-04-22,2022-04-13,"-9 day ahead inc hosp","quantile",0.975,442,"COVID-19"
"DE-SN","00+",2022-04-22,2022-04-12,"-10 day ahead inc hosp","mean",NA,392,"COVID-19"
"DE-SN","00+",2022-04-22,2022-04-12,"-10 day ahead inc hosp","quantile",0.025,365,"COVID-19"
"DE-SN","00+",2022-04-22,2022-04-12,"-10 day ahead inc hosp","quantile",0.1,372,"COVID-19"
"DE-SN","00+",2022-04-22,2022-04-12,"-10 day ahead inc hosp","quantile",0.25,380,"COVID-19"
"DE-SN","00+",2022-04-22,2022-04-12,"-10 day ahead inc hosp","quantile",0.5,390,"COVID-19"
"DE-SN","00+",2022-04-22,2022-04-12,"-10 day ahead inc hosp","quantile",0.75,401,"COVID-19"
"DE-SN","00+",2022-04-22,2022-04-12,"-10 day ahead inc hosp","quantile",0.9,414,"COVID-19"
"DE-SN","00+",2022-04-22,2022-04-12,"-10 day ahead inc hosp","quantile",0.975,429,"COVID-19"
"DE-SN","00+",2022-04-22,2022-04-11,"-11 day ahead inc hosp","mean",NA,401,"COVID-19"
"DE-SN","00+",2022-04-22,2022-04-11,"-11 day ahead inc hosp","quantile",0.025,375,"COVID-19"
"DE-SN","00+",2022-04-22,2022-04-11,"-11 day ahead inc hosp","quantile",0.1,382,"COVID-19"
"DE-SN","00+",2022-04-22,2022-04-11,"-11 day ahead inc hosp","quantile",0.25,389,"COVID-19"
"DE-SN","00+",2022-04-22,2022-04-11,"-11 day ahead inc hosp","quantile",0.5,399,"COVID-19"
"DE-SN","00+",2022-04-22,2022-04-11,"-11 day ahead inc hosp","quantile",0.75,410,"COVID-19"
"DE-SN","00+",2022-04-22,2022-04-11,"-11 day ahead inc hosp","quantile",0.9,422,"COVID-19"
"DE-SN","00+",2022-04-22,2022-04-11,"-11 day ahead inc hosp","quantile",0.975,437,"COVID-19"
"DE-SN","00+",2022-04-22,2022-04-10,"-12 day ahead inc hosp","mean",NA,391,"COVID-19"
"DE-SN","00+",2022-04-22,2022-04-10,"-12 day ahead inc hosp","quantile",0.025,366,"COVID-19"
"DE-SN","00+",2022-04-22,2022-04-10,"-12 day ahead inc hosp","quantile",0.1,372,"COVID-19"
"DE-SN","00+",2022-04-22,2022-04-10,"-12 day ahead inc hosp","quantile",0.25,380,"COVID-19"
"DE-SN","00+",2022-04-22,2022-04-10,"-12 day ahead inc hosp","quantile",0.5,389,"COVID-19"
"DE-SN","00+",2022-04-22,2022-04-10,"-12 day ahead inc hosp","quantile",0.75,400,"COVID-19"
"DE-SN","00+",2022-04-22,2022-04-10,"-12 day ahead inc hosp","quantile",0.9,412,"COVID-19"
"DE-SN","00+",2022-04-22,2022-04-10,"-12 day ahead inc hosp","quantile",0.975,427,"COVID-19"
"DE-SN","00+",2022-04-22,2022-04-09,"-13 day ahead inc hosp","mean",NA,396,"COVID-19"
"DE-SN","00+",2022-04-22,2022-04-09,"-13 day ahead inc hosp","quantile",0.025,372,"COVID-19"
"DE-SN","00+",2022-04-22,2022-04-09,"-13 day ahead inc hosp","quantile",0.1,378,"COVID-19"
"DE-SN","00+",2022-04-22,2022-04-09,"-13 day ahead inc hosp","quantile",0.25,385,"COVID-19"
"DE-SN","00+",2022-04-22,2022-04-09,"-13 day ahead inc hosp","quantile",0.5,395,"COVID-19"
"DE-SN","00+",2022-04-22,2022-04-09,"-13 day ahead inc hosp","quantile",0.75,406,"COVID-19"
"DE-SN","00+",2022-04-22,2022-04-09,"-13 day ahead inc hosp","quantile",0.9,417,"COVID-19"
"DE-SN","00+",2022-04-22,2022-04-09,"-13 day ahead inc hosp","quantile",0.975,432,"COVID-19"
"DE-SN","00+",2022-04-22,2022-04-08,"-14 day ahead inc hosp","mean",NA,411,"COVID-19"
"DE-SN","00+",2022-04-22,2022-04-08,"-14 day ahead inc hosp","quantile",0.025,387,"COVID-19"
"DE-SN","00+",2022-04-22,2022-04-08,"-14 day ahead inc hosp","quantile",0.1,393,"COVID-19"
"DE-SN","00+",2022-04-22,2022-04-08,"-14 day ahead inc hosp","quantile",0.25,400,"COVID-19"
"DE-SN","00+",2022-04-22,2022-04-08,"-14 day ahead inc hosp","quantile",0.5,409,"COVID-19"
"DE-SN","00+",2022-04-22,2022-04-08,"-14 day ahead inc hosp","quantile",0.75,420,"COVID-19"
"DE-SN","00+",2022-04-22,2022-04-08,"-14 day ahead inc hosp","quantile",0.9,432,"COVID-19"
"DE-SN","00+",2022-04-22,2022-04-08,"-14 day ahead inc hosp","quantile",0.975,447,"COVID-19"
"DE-SN","00+",2022-04-22,2022-04-07,"-15 day ahead inc hosp","mean",NA,422,"COVID-19"
"DE-SN","00+",2022-04-22,2022-04-07,"-15 day ahead inc hosp","quantile",0.025,399,"COVID-19"
"DE-SN","00+",2022-04-22,2022-04-07,"-15 day ahead inc hosp","quantile",0.1,405,"COVID-19"
"DE-SN","00+",2022-04-22,2022-04-07,"-15 day ahead inc hosp","quantile",0.25,412,"COVID-19"
"DE-SN","00+",2022-04-22,2022-04-07,"-15 day ahead inc hosp","quantile",0.5,420,"COVID-19"
"DE-SN","00+",2022-04-22,2022-04-07,"-15 day ahead inc hosp","quantile",0.75,431,"COVID-19"
"DE-SN","00+",2022-04-22,2022-04-07,"-15 day ahead inc hosp","quantile",0.9,442,"COVID-19"
"DE-SN","00+",2022-04-22,2022-04-07,"-15 day ahead inc hosp","quantile",0.975,457,"COVID-19"
"DE-SN","00+",2022-04-22,2022-04-06,"-16 day ahead inc hosp","mean",NA,449,"COVID-19"
"DE-SN","00+",2022-04-22,2022-04-06,"-16 day ahead inc hosp","quantile",0.025,426,"COVID-19"
"DE-SN","00+",2022-04-22,2022-04-06,"-16 day ahead inc hosp","quantile",0.1,431,"COVID-19"
"DE-SN","00+",2022-04-22,2022-04-06,"-16 day ahead inc hosp","quantile",0.25,438,"COVID-19"
"DE-SN","00+",2022-04-22,2022-04-06,"-16 day ahead inc hosp","quantile",0.5,447,"COVID-19"
"DE-SN","00+",2022-04-22,2022-04-06,"-16 day ahead inc hosp","quantile",0.75,457,"COVID-19"
"DE-SN","00+",2022-04-22,2022-04-06,"-16 day ahead inc hosp","quantile",0.9,469,"COVID-19"
"DE-SN","00+",2022-04-22,2022-04-06,"-16 day ahead inc hosp","quantile",0.975,483,"COVID-19"
"DE-SN","00+",2022-04-22,2022-04-05,"-17 day ahead inc hosp","mean",NA,460,"COVID-19"
"DE-SN","00+",2022-04-22,2022-04-05,"-17 day ahead inc hosp","quantile",0.025,438,"COVID-19"
"DE-SN","00+",2022-04-22,2022-04-05,"-17 day ahead inc hosp","quantile",0.1,443,"COVID-19"
"DE-SN","00+",2022-04-22,2022-04-05,"-17 day ahead inc hosp","quantile",0.25,450,"COVID-19"
"DE-SN","00+",2022-04-22,2022-04-05,"-17 day ahead inc hosp","quantile",0.5,458,"COVID-19"
"DE-SN","00+",2022-04-22,2022-04-05,"-17 day ahead inc hosp","quantile",0.75,468,"COVID-19"
"DE-SN","00+",2022-04-22,2022-04-05,"-17 day ahead inc hosp","quantile",0.9,479,"COVID-19"
"DE-SN","00+",2022-04-22,2022-04-05,"-17 day ahead inc hosp","quantile",0.975,493,"COVID-19"
"DE-SN","00+",2022-04-22,2022-04-04,"-18 day ahead inc hosp","mean",NA,496,"COVID-19"
"DE-SN","00+",2022-04-22,2022-04-04,"-18 day ahead inc hosp","quantile",0.025,474,"COVID-19"
"DE-SN","00+",2022-04-22,2022-04-04,"-18 day ahead inc hosp","quantile",0.1,480,"COVID-19"
"DE-SN","00+",2022-04-22,2022-04-04,"-18 day ahead inc hosp","quantile",0.25,486,"COVID-19"
"DE-SN","00+",2022-04-22,2022-04-04,"-18 day ahead inc hosp","quantile",0.5,494,"COVID-19"
"DE-SN","00+",2022-04-22,2022-04-04,"-18 day ahead inc hosp","quantile",0.75,505,"COVID-19"
"DE-SN","00+",2022-04-22,2022-04-04,"-18 day ahead inc hosp","quantile",0.9,515,"COVID-19"
"DE-SN","00+",2022-04-22,2022-04-04,"-18 day ahead inc hosp","quantile",0.975,529,"COVID-19"
"DE-SN","00+",2022-04-22,2022-04-03,"-19 day ahead inc hosp","mean",NA,511,"COVID-19"
"DE-SN","00+",2022-04-22,2022-04-03,"-19 day ahead inc hosp","quantile",0.025,488,"COVID-19"
"DE-SN","00+",2022-04-22,2022-04-03,"-19 day ahead inc hosp","quantile",0.1,494,"COVID-19"
"DE-SN","00+",2022-04-22,2022-04-03,"-19 day ahead inc hosp","quantile",0.25,500,"COVID-19"
"DE-SN","00+",2022-04-22,2022-04-03,"-19 day ahead inc hosp","quantile",0.5,509,"COVID-19"
"DE-SN","00+",2022-04-22,2022-04-03,"-19 day ahead inc hosp","quantile",0.75,519,"COVID-19"
"DE-SN","00+",2022-04-22,2022-04-03,"-19 day ahead inc hosp","quantile",0.9,530,"COVID-19"
"DE-SN","00+",2022-04-22,2022-04-03,"-19 day ahead inc hosp","quantile",0.975,544,"COVID-19"
"DE-SN","00+",2022-04-22,2022-04-02,"-20 day ahead inc hosp","mean",NA,523,"COVID-19"
"DE-SN","00+",2022-04-22,2022-04-02,"-20 day ahead inc hosp","quantile",0.025,501,"COVID-19"
"DE-SN","00+",2022-04-22,2022-04-02,"-20 day ahead inc hosp","quantile",0.1,506,"COVID-19"
"DE-SN","00+",2022-04-22,2022-04-02,"-20 day ahead inc hosp","quantile",0.25,513,"COVID-19"
"DE-SN","00+",2022-04-22,2022-04-02,"-20 day ahead inc hosp","quantile",0.5,521,"COVID-19"
"DE-SN","00+",2022-04-22,2022-04-02,"-20 day ahead inc hosp","quantile",0.75,532,"COVID-19"
"DE-SN","00+",2022-04-22,2022-04-02,"-20 day ahead inc hosp","quantile",0.9,543,"COVID-19"
"DE-SN","00+",2022-04-22,2022-04-02,"-20 day ahead inc hosp","quantile",0.975,557,"COVID-19"
"DE-SN","00+",2022-04-22,2022-04-01,"-21 day ahead inc hosp","mean",NA,543,"COVID-19"
"DE-SN","00+",2022-04-22,2022-04-01,"-21 day ahead inc hosp","quantile",0.025,520,"COVID-19"
"DE-SN","00+",2022-04-22,2022-04-01,"-21 day ahead inc hosp","quantile",0.1,526,"COVID-19"
"DE-SN","00+",2022-04-22,2022-04-01,"-21 day ahead inc hosp","quantile",0.25,532,"COVID-19"
"DE-SN","00+",2022-04-22,2022-04-01,"-21 day ahead inc hosp","quantile",0.5,541,"COVID-19"
"DE-SN","00+",2022-04-22,2022-04-01,"-21 day ahead inc hosp","quantile",0.75,551,"COVID-19"
"DE-SN","00+",2022-04-22,2022-04-01,"-21 day ahead inc hosp","quantile",0.9,562,"COVID-19"
"DE-SN","00+",2022-04-22,2022-04-01,"-21 day ahead inc hosp","quantile",0.975,577,"COVID-19"
"DE-SN","00+",2022-04-22,2022-03-31,"-22 day ahead inc hosp","mean",NA,550,"COVID-19"
"DE-SN","00+",2022-04-22,2022-03-31,"-22 day ahead inc hosp","quantile",0.025,528,"COVID-19"
"DE-SN","00+",2022-04-22,2022-03-31,"-22 day ahead inc hosp","quantile",0.1,534,"COVID-19"
"DE-SN","00+",2022-04-22,2022-03-31,"-22 day ahead inc hosp","quantile",0.25,540,"COVID-19"
"DE-SN","00+",2022-04-22,2022-03-31,"-22 day ahead inc hosp","quantile",0.5,548,"COVID-19"
"DE-SN","00+",2022-04-22,2022-03-31,"-22 day ahead inc hosp","quantile",0.75,559,"COVID-19"
"DE-SN","00+",2022-04-22,2022-03-31,"-22 day ahead inc hosp","quantile",0.9,570,"COVID-19"
"DE-SN","00+",2022-04-22,2022-03-31,"-22 day ahead inc hosp","quantile",0.975,584,"COVID-19"
"DE-SN","00+",2022-04-22,2022-03-30,"-23 day ahead inc hosp","mean",NA,569,"COVID-19"
"DE-SN","00+",2022-04-22,2022-03-30,"-23 day ahead inc hosp","quantile",0.025,547,"COVID-19"
"DE-SN","00+",2022-04-22,2022-03-30,"-23 day ahead inc hosp","quantile",0.1,552,"COVID-19"
"DE-SN","00+",2022-04-22,2022-03-30,"-23 day ahead inc hosp","quantile",0.25,558,"COVID-19"
"DE-SN","00+",2022-04-22,2022-03-30,"-23 day ahead inc hosp","quantile",0.5,567,"COVID-19"
"DE-SN","00+",2022-04-22,2022-03-30,"-23 day ahead inc hosp","quantile",0.75,577,"COVID-19"
"DE-SN","00+",2022-04-22,2022-03-30,"-23 day ahead inc hosp","quantile",0.9,588,"COVID-19"
"DE-SN","00+",2022-04-22,2022-03-30,"-23 day ahead inc hosp","quantile",0.975,603,"COVID-19"
"DE-SN","00+",2022-04-22,2022-03-29,"-24 day ahead inc hosp","mean",NA,590,"COVID-19"
"DE-SN","00+",2022-04-22,2022-03-29,"-24 day ahead inc hosp","quantile",0.025,568,"COVID-19"
"DE-SN","00+",2022-04-22,2022-03-29,"-24 day ahead inc hosp","quantile",0.1,573,"COVID-19"
"DE-SN","00+",2022-04-22,2022-03-29,"-24 day ahead inc hosp","quantile",0.25,579,"COVID-19"
"DE-SN","00+",2022-04-22,2022-03-29,"-24 day ahead inc hosp","quantile",0.5,587,"COVID-19"
"DE-SN","00+",2022-04-22,2022-03-29,"-24 day ahead inc hosp","quantile",0.75,598,"COVID-19"
"DE-SN","00+",2022-04-22,2022-03-29,"-24 day ahead inc hosp","quantile",0.9,609,"COVID-19"
"DE-SN","00+",2022-04-22,2022-03-29,"-24 day ahead inc hosp","quantile",0.975,625,"COVID-19"
"DE-SN","00+",2022-04-22,2022-03-28,"-25 day ahead inc hosp","mean",NA,617,"COVID-19"
"DE-SN","00+",2022-04-22,2022-03-28,"-25 day ahead inc hosp","quantile",0.025,596,"COVID-19"
"DE-SN","00+",2022-04-22,2022-03-28,"-25 day ahead inc hosp","quantile",0.1,600,"COVID-19"
"DE-SN","00+",2022-04-22,2022-03-28,"-25 day ahead inc hosp","quantile",0.25,606,"COVID-19"
"DE-SN","00+",2022-04-22,2022-03-28,"-25 day ahead inc hosp","quantile",0.5,614,"COVID-19"
"DE-SN","00+",2022-04-22,2022-03-28,"-25 day ahead inc hosp","quantile",0.75,625,"COVID-19"
"DE-SN","00+",2022-04-22,2022-03-28,"-25 day ahead inc hosp","quantile",0.9,637,"COVID-19"
"DE-SN","00+",2022-04-22,2022-03-28,"-25 day ahead inc hosp","quantile",0.975,653,"COVID-19"
"DE-SN","00+",2022-04-22,2022-03-27,"-26 day ahead inc hosp","mean",NA,610,"COVID-19"
"DE-SN","00+",2022-04-22,2022-03-27,"-26 day ahead inc hosp","quantile",0.025,589,"COVID-19"
"DE-SN","00+",2022-04-22,2022-03-27,"-26 day ahead inc hosp","quantile",0.1,593,"COVID-19"
"DE-SN","00+",2022-04-22,2022-03-27,"-26 day ahead inc hosp","quantile",0.25,599,"COVID-19"
"DE-SN","00+",2022-04-22,2022-03-27,"-26 day ahead inc hosp","quantile",0.5,607,"COVID-19"
"DE-SN","00+",2022-04-22,2022-03-27,"-26 day ahead inc hosp","quantile",0.75,618,"COVID-19"
"DE-SN","00+",2022-04-22,2022-03-27,"-26 day ahead inc hosp","quantile",0.9,631,"COVID-19"
"DE-SN","00+",2022-04-22,2022-03-27,"-26 day ahead inc hosp","quantile",0.975,648,"COVID-19"
"DE-SN","00+",2022-04-22,2022-03-26,"-27 day ahead inc hosp","mean",NA,603,"COVID-19"
"DE-SN","00+",2022-04-22,2022-03-26,"-27 day ahead inc hosp","quantile",0.025,582,"COVID-19"
"DE-SN","00+",2022-04-22,2022-03-26,"-27 day ahead inc hosp","quantile",0.1,586,"COVID-19"
"DE-SN","00+",2022-04-22,2022-03-26,"-27 day ahead inc hosp","quantile",0.25,591,"COVID-19"
"DE-SN","00+",2022-04-22,2022-03-26,"-27 day ahead inc hosp","quantile",0.5,600,"COVID-19"
"DE-SN","00+",2022-04-22,2022-03-26,"-27 day ahead inc hosp","quantile",0.75,611,"COVID-19"
"DE-SN","00+",2022-04-22,2022-03-26,"-27 day ahead inc hosp","quantile",0.9,624,"COVID-19"
"DE-SN","00+",2022-04-22,2022-03-26,"-27 day ahead inc hosp","quantile",0.975,641,"COVID-19"
"DE-SN","00+",2022-04-22,2022-03-25,"-28 day ahead inc hosp","mean",NA,603,"COVID-19"
"DE-SN","00+",2022-04-22,2022-03-25,"-28 day ahead inc hosp","quantile",0.025,584,"COVID-19"
"DE-SN","00+",2022-04-22,2022-03-25,"-28 day ahead inc hosp","quantile",0.1,587,"COVID-19"
"DE-SN","00+",2022-04-22,2022-03-25,"-28 day ahead inc hosp","quantile",0.25,592,"COVID-19"
"DE-SN","00+",2022-04-22,2022-03-25,"-28 day ahead inc hosp","quantile",0.5,600,"COVID-19"
"DE-SN","00+",2022-04-22,2022-03-25,"-28 day ahead inc hosp","quantile",0.75,611,"COVID-19"
"DE-SN","00+",2022-04-22,2022-03-25,"-28 day ahead inc hosp","quantile",0.9,623,"COVID-19"
"DE-SN","00+",2022-04-22,2022-03-25,"-28 day ahead inc hosp","quantile",0.975,640,"COVID-19"
"DE-ST","00+",2022-04-22,2022-04-22,"0 day ahead inc hosp","mean",NA,290,"COVID-19"
"DE-ST","00+",2022-04-22,2022-04-22,"0 day ahead inc hosp","quantile",0.025,184,"COVID-19"
"DE-ST","00+",2022-04-22,2022-04-22,"0 day ahead inc hosp","quantile",0.1,210,"COVID-19"
"DE-ST","00+",2022-04-22,2022-04-22,"0 day ahead inc hosp","quantile",0.25,239,"COVID-19"
"DE-ST","00+",2022-04-22,2022-04-22,"0 day ahead inc hosp","quantile",0.5,280,"COVID-19"
"DE-ST","00+",2022-04-22,2022-04-22,"0 day ahead inc hosp","quantile",0.75,330,"COVID-19"
"DE-ST","00+",2022-04-22,2022-04-22,"0 day ahead inc hosp","quantile",0.9,383,"COVID-19"
"DE-ST","00+",2022-04-22,2022-04-22,"0 day ahead inc hosp","quantile",0.975,453,"COVID-19"
"DE-ST","00+",2022-04-22,2022-04-21,"-1 day ahead inc hosp","mean",NA,286,"COVID-19"
"DE-ST","00+",2022-04-22,2022-04-21,"-1 day ahead inc hosp","quantile",0.025,208,"COVID-19"
"DE-ST","00+",2022-04-22,2022-04-21,"-1 day ahead inc hosp","quantile",0.1,229,"COVID-19"
"DE-ST","00+",2022-04-22,2022-04-21,"-1 day ahead inc hosp","quantile",0.25,251,"COVID-19"
"DE-ST","00+",2022-04-22,2022-04-21,"-1 day ahead inc hosp","quantile",0.5,280,"COVID-19"
"DE-ST","00+",2022-04-22,2022-04-21,"-1 day ahead inc hosp","quantile",0.75,315,"COVID-19"
"DE-ST","00+",2022-04-22,2022-04-21,"-1 day ahead inc hosp","quantile",0.9,351,"COVID-19"
"DE-ST","00+",2022-04-22,2022-04-21,"-1 day ahead inc hosp","quantile",0.975,397,"COVID-19"
"DE-ST","00+",2022-04-22,2022-04-20,"-2 day ahead inc hosp","mean",NA,285,"COVID-19"
"DE-ST","00+",2022-04-22,2022-04-20,"-2 day ahead inc hosp","quantile",0.025,220,"COVID-19"
"DE-ST","00+",2022-04-22,2022-04-20,"-2 day ahead inc hosp","quantile",0.1,237,"COVID-19"
"DE-ST","00+",2022-04-22,2022-04-20,"-2 day ahead inc hosp","quantile",0.25,255,"COVID-19"
"DE-ST","00+",2022-04-22,2022-04-20,"-2 day ahead inc hosp","quantile",0.5,280,"COVID-19"
"DE-ST","00+",2022-04-22,2022-04-20,"-2 day ahead inc hosp","quantile",0.75,309,"COVID-19"
"DE-ST","00+",2022-04-22,2022-04-20,"-2 day ahead inc hosp","quantile",0.9,339,"COVID-19"
"DE-ST","00+",2022-04-22,2022-04-20,"-2 day ahead inc hosp","quantile",0.975,378,"COVID-19"
"DE-ST","00+",2022-04-22,2022-04-19,"-3 day ahead inc hosp","mean",NA,226,"COVID-19"
"DE-ST","00+",2022-04-22,2022-04-19,"-3 day ahead inc hosp","quantile",0.025,191,"COVID-19"
"DE-ST","00+",2022-04-22,2022-04-19,"-3 day ahead inc hosp","quantile",0.1,201,"COVID-19"
"DE-ST","00+",2022-04-22,2022-04-19,"-3 day ahead inc hosp","quantile",0.25,211,"COVID-19"
"DE-ST","00+",2022-04-22,2022-04-19,"-3 day ahead inc hosp","quantile",0.5,224,"COVID-19"
"DE-ST","00+",2022-04-22,2022-04-19,"-3 day ahead inc hosp","quantile",0.75,239,"COVID-19"
"DE-ST","00+",2022-04-22,2022-04-19,"-3 day ahead inc hosp","quantile",0.9,255,"COVID-19"
"DE-ST","00+",2022-04-22,2022-04-19,"-3 day ahead inc hosp","quantile",0.975,274,"COVID-19"
"DE-ST","00+",2022-04-22,2022-04-18,"-4 day ahead inc hosp","mean",NA,283,"COVID-19"
"DE-ST","00+",2022-04-22,2022-04-18,"-4 day ahead inc hosp","quantile",0.025,245,"COVID-19"
"DE-ST","00+",2022-04-22,2022-04-18,"-4 day ahead inc hosp","quantile",0.1,255,"COVID-19"
"DE-ST","00+",2022-04-22,2022-04-18,"-4 day ahead inc hosp","quantile",0.25,266,"COVID-19"
"DE-ST","00+",2022-04-22,2022-04-18,"-4 day ahead inc hosp","quantile",0.5,281,"COVID-19"
"DE-ST","00+",2022-04-22,2022-04-18,"-4 day ahead inc hosp","quantile",0.75,297,"COVID-19"
"DE-ST","00+",2022-04-22,2022-04-18,"-4 day ahead inc hosp","quantile",0.9,314,"COVID-19"
"DE-ST","00+",2022-04-22,2022-04-18,"-4 day ahead inc hosp","quantile",0.975,336,"COVID-19"
"DE-ST","00+",2022-04-22,2022-04-17,"-5 day ahead inc hosp","mean",NA,290,"COVID-19"
"DE-ST","00+",2022-04-22,2022-04-17,"-5 day ahead inc hosp","quantile",0.025,251,"COVID-19"
"DE-ST","00+",2022-04-22,2022-04-17,"-5 day ahead inc hosp","quantile",0.1,262,"COVID-19"
"DE-ST","00+",2022-04-22,2022-04-17,"-5 day ahead inc hosp","quantile",0.25,273,"COVID-19"
"DE-ST","00+",2022-04-22,2022-04-17,"-5 day ahead inc hosp","quantile",0.5,287,"COVID-19"
"DE-ST","00+",2022-04-22,2022-04-17,"-5 day ahead inc hosp","quantile",0.75,304,"COVID-19"
"DE-ST","00+",2022-04-22,2022-04-17,"-5 day ahead inc hosp","quantile",0.9,320,"COVID-19"
"DE-ST","00+",2022-04-22,2022-04-17,"-5 day ahead inc hosp","quantile",0.975,341,"COVID-19"
"DE-ST","00+",2022-04-22,2022-04-16,"-6 day ahead inc hosp","mean",NA,295,"COVID-19"
"DE-ST","00+",2022-04-22,2022-04-16,"-6 day ahead inc hosp","quantile",0.025,256,"COVID-19"
"DE-ST","00+",2022-04-22,2022-04-16,"-6 day ahead inc hosp","quantile",0.1,267,"COVID-19"
"DE-ST","00+",2022-04-22,2022-04-16,"-6 day ahead inc hosp","quantile",0.25,278,"COVID-19"
"DE-ST","00+",2022-04-22,2022-04-16,"-6 day ahead inc hosp","quantile",0.5,292,"COVID-19"
"DE-ST","00+",2022-04-22,2022-04-16,"-6 day ahead inc hosp","quantile",0.75,309,"COVID-19"
"DE-ST","00+",2022-04-22,2022-04-16,"-6 day ahead inc hosp","quantile",0.9,327,"COVID-19"
"DE-ST","00+",2022-04-22,2022-04-16,"-6 day ahead inc hosp","quantile",0.975,348,"COVID-19"
"DE-ST","00+",2022-04-22,2022-04-15,"-7 day ahead inc hosp","mean",NA,305,"COVID-19"
"DE-ST","00+",2022-04-22,2022-04-15,"-7 day ahead inc hosp","quantile",0.025,265,"COVID-19"
"DE-ST","00+",2022-04-22,2022-04-15,"-7 day ahead inc hosp","quantile",0.1,275,"COVID-19"
"DE-ST","00+",2022-04-22,2022-04-15,"-7 day ahead inc hosp","quantile",0.25,287,"COVID-19"
"DE-ST","00+",2022-04-22,2022-04-15,"-7 day ahead inc hosp","quantile",0.5,302,"COVID-19"
"DE-ST","00+",2022-04-22,2022-04-15,"-7 day ahead inc hosp","quantile",0.75,320,"COVID-19"
"DE-ST","00+",2022-04-22,2022-04-15,"-7 day ahead inc hosp","quantile",0.9,339,"COVID-19"
"DE-ST","00+",2022-04-22,2022-04-15,"-7 day ahead inc hosp","quantile",0.975,362,"COVID-19"
"DE-ST","00+",2022-04-22,2022-04-14,"-8 day ahead inc hosp","mean",NA,318,"COVID-19"
"DE-ST","00+",2022-04-22,2022-04-14,"-8 day ahead inc hosp","quantile",0.025,277,"COVID-19"
"DE-ST","00+",2022-04-22,2022-04-14,"-8 day ahead inc hosp","quantile",0.1,288,"COVID-19"
"DE-ST","00+",2022-04-22,2022-04-14,"-8 day ahead inc hosp","quantile",0.25,299,"COVID-19"
"DE-ST","00+",2022-04-22,2022-04-14,"-8 day ahead inc hosp","quantile",0.5,315,"COVID-19"
"DE-ST","00+",2022-04-22,2022-04-14,"-8 day ahead inc hosp","quantile",0.75,333,"COVID-19"
"DE-ST","00+",2022-04-22,2022-04-14,"-8 day ahead inc hosp","quantile",0.9,352,"COVID-19"
"DE-ST","00+",2022-04-22,2022-04-14,"-8 day ahead inc hosp","quantile",0.975,376,"COVID-19"
"DE-ST","00+",2022-04-22,2022-04-13,"-9 day ahead inc hosp","mean",NA,322,"COVID-19"
"DE-ST","00+",2022-04-22,2022-04-13,"-9 day ahead inc hosp","quantile",0.025,283,"COVID-19"
"DE-ST","00+",2022-04-22,2022-04-13,"-9 day ahead inc hosp","quantile",0.1,292,"COVID-19"
"DE-ST","00+",2022-04-22,2022-04-13,"-9 day ahead inc hosp","quantile",0.25,303,"COVID-19"
"DE-ST","00+",2022-04-22,2022-04-13,"-9 day ahead inc hosp","quantile",0.5,318,"COVID-19"
"DE-ST","00+",2022-04-22,2022-04-13,"-9 day ahead inc hosp","quantile",0.75,336,"COVID-19"
"DE-ST","00+",2022-04-22,2022-04-13,"-9 day ahead inc hosp","quantile",0.9,355,"COVID-19"
"DE-ST","00+",2022-04-22,2022-04-13,"-9 day ahead inc hosp","quantile",0.975,379,"COVID-19"
"DE-ST","00+",2022-04-22,2022-04-12,"-10 day ahead inc hosp","mean",NA,328,"COVID-19"
"DE-ST","00+",2022-04-22,2022-04-12,"-10 day ahead inc hosp","quantile",0.025,291,"COVID-19"
"DE-ST","00+",2022-04-22,2022-04-12,"-10 day ahead inc hosp","quantile",0.1,300,"COVID-19"
"DE-ST","00+",2022-04-22,2022-04-12,"-10 day ahead inc hosp","quantile",0.25,310,"COVID-19"
"DE-ST","00+",2022-04-22,2022-04-12,"-10 day ahead inc hosp","quantile",0.5,325,"COVID-19"
"DE-ST","00+",2022-04-22,2022-04-12,"-10 day ahead inc hosp","quantile",0.75,342,"COVID-19"
"DE-ST","00+",2022-04-22,2022-04-12,"-10 day ahead inc hosp","quantile",0.9,360,"COVID-19"
"DE-ST","00+",2022-04-22,2022-04-12,"-10 day ahead inc hosp","quantile",0.975,384,"COVID-19"
"DE-ST","00+",2022-04-22,2022-04-11,"-11 day ahead inc hosp","mean",NA,333,"COVID-19"
"DE-ST","00+",2022-04-22,2022-04-11,"-11 day ahead inc hosp","quantile",0.025,297,"COVID-19"
"DE-ST","00+",2022-04-22,2022-04-11,"-11 day ahead inc hosp","quantile",0.1,306,"COVID-19"
"DE-ST","00+",2022-04-22,2022-04-11,"-11 day ahead inc hosp","quantile",0.25,316,"COVID-19"
"DE-ST","00+",2022-04-22,2022-04-11,"-11 day ahead inc hosp","quantile",0.5,329,"COVID-19"
"DE-ST","00+",2022-04-22,2022-04-11,"-11 day ahead inc hosp","quantile",0.75,347,"COVID-19"
"DE-ST","00+",2022-04-22,2022-04-11,"-11 day ahead inc hosp","quantile",0.9,365,"COVID-19"
"DE-ST","00+",2022-04-22,2022-04-11,"-11 day ahead inc hosp","quantile",0.975,389,"COVID-19"
"DE-ST","00+",2022-04-22,2022-04-10,"-12 day ahead inc hosp","mean",NA,348,"COVID-19"
"DE-ST","00+",2022-04-22,2022-04-10,"-12 day ahead inc hosp","quantile",0.025,309,"COVID-19"
"DE-ST","00+",2022-04-22,2022-04-10,"-12 day ahead inc hosp","quantile",0.1,318,"COVID-19"
"DE-ST","00+",2022-04-22,2022-04-10,"-12 day ahead inc hosp","quantile",0.25,329,"COVID-19"
"DE-ST","00+",2022-04-22,2022-04-10,"-12 day ahead inc hosp","quantile",0.5,344,"COVID-19"
"DE-ST","00+",2022-04-22,2022-04-10,"-12 day ahead inc hosp","quantile",0.75,363,"COVID-19"
"DE-ST","00+",2022-04-22,2022-04-10,"-12 day ahead inc hosp","quantile",0.9,384,"COVID-19"
"DE-ST","00+",2022-04-22,2022-04-10,"-12 day ahead inc hosp","quantile",0.975,412,"COVID-19"
"DE-ST","00+",2022-04-22,2022-04-09,"-13 day ahead inc hosp","mean",NA,360,"COVID-19"
"DE-ST","00+",2022-04-22,2022-04-09,"-13 day ahead inc hosp","quantile",0.025,318,"COVID-19"
"DE-ST","00+",2022-04-22,2022-04-09,"-13 day ahead inc hosp","quantile",0.1,327,"COVID-19"
"DE-ST","00+",2022-04-22,2022-04-09,"-13 day ahead inc hosp","quantile",0.25,338,"COVID-19"
"DE-ST","00+",2022-04-22,2022-04-09,"-13 day ahead inc hosp","quantile",0.5,354,"COVID-19"
"DE-ST","00+",2022-04-22,2022-04-09,"-13 day ahead inc hosp","quantile",0.75,375,"COVID-19"
"DE-ST","00+",2022-04-22,2022-04-09,"-13 day ahead inc hosp","quantile",0.9,399,"COVID-19"
"DE-ST","00+",2022-04-22,2022-04-09,"-13 day ahead inc hosp","quantile",0.975,431,"COVID-19"
"DE-ST","00+",2022-04-22,2022-04-08,"-14 day ahead inc hosp","mean",NA,375,"COVID-19"
"DE-ST","00+",2022-04-22,2022-04-08,"-14 day ahead inc hosp","quantile",0.025,333,"COVID-19"
"DE-ST","00+",2022-04-22,2022-04-08,"-14 day ahead inc hosp","quantile",0.1,341,"COVID-19"
"DE-ST","00+",2022-04-22,2022-04-08,"-14 day ahead inc hosp","quantile",0.25,352,"COVID-19"
"DE-ST","00+",2022-04-22,2022-04-08,"-14 day ahead inc hosp","quantile",0.5,369,"COVID-19"
"DE-ST","00+",2022-04-22,2022-04-08,"-14 day ahead inc hosp","quantile",0.75,392,"COVID-19"
"DE-ST","00+",2022-04-22,2022-04-08,"-14 day ahead inc hosp","quantile",0.9,418,"COVID-19"
"DE-ST","00+",2022-04-22,2022-04-08,"-14 day ahead inc hosp","quantile",0.975,453,"COVID-19"
"DE-ST","00+",2022-04-22,2022-04-07,"-15 day ahead inc hosp","mean",NA,378,"COVID-19"
"DE-ST","00+",2022-04-22,2022-04-07,"-15 day ahead inc hosp","quantile",0.025,338,"COVID-19"
"DE-ST","00+",2022-04-22,2022-04-07,"-15 day ahead inc hosp","quantile",0.1,345,"COVID-19"
"DE-ST","00+",2022-04-22,2022-04-07,"-15 day ahead inc hosp","quantile",0.25,356,"COVID-19"
"DE-ST","00+",2022-04-22,2022-04-07,"-15 day ahead inc hosp","quantile",0.5,372,"COVID-19"
"DE-ST","00+",2022-04-22,2022-04-07,"-15 day ahead inc hosp","quantile",0.75,394,"COVID-19"
"DE-ST","00+",2022-04-22,2022-04-07,"-15 day ahead inc hosp","quantile",0.9,420,"COVID-19"
"DE-ST","00+",2022-04-22,2022-04-07,"-15 day ahead inc hosp","quantile",0.975,455,"COVID-19"
"DE-ST","00+",2022-04-22,2022-04-06,"-16 day ahead inc hosp","mean",NA,376,"COVID-19"
"DE-ST","00+",2022-04-22,2022-04-06,"-16 day ahead inc hosp","quantile",0.025,338,"COVID-19"
"DE-ST","00+",2022-04-22,2022-04-06,"-16 day ahead inc hosp","quantile",0.1,345,"COVID-19"
"DE-ST","00+",2022-04-22,2022-04-06,"-16 day ahead inc hosp","quantile",0.25,354,"COVID-19"
"DE-ST","00+",2022-04-22,2022-04-06,"-16 day ahead inc hosp","quantile",0.5,370,"COVID-19"
"DE-ST","00+",2022-04-22,2022-04-06,"-16 day ahead inc hosp","quantile",0.75,391,"COVID-19"
"DE-ST","00+",2022-04-22,2022-04-06,"-16 day ahead inc hosp","quantile",0.9,415,"COVID-19"
"DE-ST","00+",2022-04-22,2022-04-06,"-16 day ahead inc hosp","quantile",0.975,450,"COVID-19"
"DE-ST","00+",2022-04-22,2022-04-05,"-17 day ahead inc hosp","mean",NA,379,"COVID-19"
"DE-ST","00+",2022-04-22,2022-04-05,"-17 day ahead inc hosp","quantile",0.025,344,"COVID-19"
"DE-ST","00+",2022-04-22,2022-04-05,"-17 day ahead inc hosp","quantile",0.1,350,"COVID-19"
"DE-ST","00+",2022-04-22,2022-04-05,"-17 day ahead inc hosp","quantile",0.25,358,"COVID-19"
"DE-ST","00+",2022-04-22,2022-04-05,"-17 day ahead inc hosp","quantile",0.5,372,"COVID-19"
"DE-ST","00+",2022-04-22,2022-04-05,"-17 day ahead inc hosp","quantile",0.75,392,"COVID-19"
"DE-ST","00+",2022-04-22,2022-04-05,"-17 day ahead inc hosp","quantile",0.9,416,"COVID-19"
"DE-ST","00+",2022-04-22,2022-04-05,"-17 day ahead inc hosp","quantile",0.975,449,"COVID-19"
"DE-ST","00+",2022-04-22,2022-04-04,"-18 day ahead inc hosp","mean",NA,371,"COVID-19"
"DE-ST","00+",2022-04-22,2022-04-04,"-18 day ahead inc hosp","quantile",0.025,341,"COVID-19"
"DE-ST","00+",2022-04-22,2022-04-04,"-18 day ahead inc hosp","quantile",0.1,345,"COVID-19"
"DE-ST","00+",2022-04-22,2022-04-04,"-18 day ahead inc hosp","quantile",0.25,353,"COVID-19"
"DE-ST","00+",2022-04-22,2022-04-04,"-18 day ahead inc hosp","quantile",0.5,365,"COVID-19"
"DE-ST","00+",2022-04-22,2022-04-04,"-18 day ahead inc hosp","quantile",0.75,383,"COVID-19"
"DE-ST","00+",2022-04-22,2022-04-04,"-18 day ahead inc hosp","quantile",0.9,404,"COVID-19"
"DE-ST","00+",2022-04-22,2022-04-04,"-18 day ahead inc hosp","quantile",0.975,435,"COVID-19"
"DE-ST","00+",2022-04-22,2022-04-03,"-19 day ahead inc hosp","mean",NA,382,"COVID-19"
"DE-ST","00+",2022-04-22,2022-04-03,"-19 day ahead inc hosp","quantile",0.025,352,"COVID-19"
"DE-ST","00+",2022-04-22,2022-04-03,"-19 day ahead inc hosp","quantile",0.1,357,"COVID-19"
"DE-ST","00+",2022-04-22,2022-04-03,"-19 day ahead inc hosp","quantile",0.25,364,"COVID-19"
"DE-ST","00+",2022-04-22,2022-04-03,"-19 day ahead inc hosp","quantile",0.5,376,"COVID-19"
"DE-ST","00+",2022-04-22,2022-04-03,"-19 day ahead inc hosp","quantile",0.75,394,"COVID-19"
"DE-ST","00+",2022-04-22,2022-04-03,"-19 day ahead inc hosp","quantile",0.9,416,"COVID-19"
"DE-ST","00+",2022-04-22,2022-04-03,"-19 day ahead inc hosp","quantile",0.975,447,"COVID-19"
"DE-ST","00+",2022-04-22,2022-04-02,"-20 day ahead inc hosp","mean",NA,389,"COVID-19"
"DE-ST","00+",2022-04-22,2022-04-02,"-20 day ahead inc hosp","quantile",0.025,360,"COVID-19"
"DE-ST","00+",2022-04-22,2022-04-02,"-20 day ahead inc hosp","quantile",0.1,364,"COVID-19"
"DE-ST","00+",2022-04-22,2022-04-02,"-20 day ahead inc hosp","quantile",0.25,371,"COVID-19"
"DE-ST","00+",2022-04-22,2022-04-02,"-20 day ahead inc hosp","quantile",0.5,383,"COVID-19"
"DE-ST","00+",2022-04-22,2022-04-02,"-20 day ahead inc hosp","quantile",0.75,401,"COVID-19"
"DE-ST","00+",2022-04-22,2022-04-02,"-20 day ahead inc hosp","quantile",0.9,423,"COVID-19"
"DE-ST","00+",2022-04-22,2022-04-02,"-20 day ahead inc hosp","quantile",0.975,454,"COVID-19"
"DE-ST","00+",2022-04-22,2022-04-01,"-21 day ahead inc hosp","mean",NA,411,"COVID-19"
"DE-ST","00+",2022-04-22,2022-04-01,"-21 day ahead inc hosp","quantile",0.025,383,"COVID-19"
"DE-ST","00+",2022-04-22,2022-04-01,"-21 day ahead inc hosp","quantile",0.1,387,"COVID-19"
"DE-ST","00+",2022-04-22,2022-04-01,"-21 day ahead inc hosp","quantile",0.25,393,"COVID-19"
"DE-ST","00+",2022-04-22,2022-04-01,"-21 day ahead inc hosp","quantile",0.5,405,"COVID-19"
"DE-ST","00+",2022-04-22,2022-04-01,"-21 day ahead inc hosp","quantile",0.75,423,"COVID-19"
"DE-ST","00+",2022-04-22,2022-04-01,"-21 day ahead inc hosp","quantile",0.9,445,"COVID-19"
"DE-ST","00+",2022-04-22,2022-04-01,"-21 day ahead inc hosp","quantile",0.975,476,"COVID-19"
"DE-ST","00+",2022-04-22,2022-03-31,"-22 day ahead inc hosp","mean",NA,429,"COVID-19"
"DE-ST","00+",2022-04-22,2022-03-31,"-22 day ahead inc hosp","quantile",0.025,401,"COVID-19"
"DE-ST","00+",2022-04-22,2022-03-31,"-22 day ahead inc hosp","quantile",0.1,405,"COVID-19"
"DE-ST","00+",2022-04-22,2022-03-31,"-22 day ahead inc hosp","quantile",0.25,411,"COVID-19"
"DE-ST","00+",2022-04-22,2022-03-31,"-22 day ahead inc hosp","quantile",0.5,423,"COVID-19"
"DE-ST","00+",2022-04-22,2022-03-31,"-22 day ahead inc hosp","quantile",0.75,440,"COVID-19"
"DE-ST","00+",2022-04-22,2022-03-31,"-22 day ahead inc hosp","quantile",0.9,461,"COVID-19"
"DE-ST","00+",2022-04-22,2022-03-31,"-22 day ahead inc hosp","quantile",0.975,492,"COVID-19"
"DE-ST","00+",2022-04-22,2022-03-30,"-23 day ahead inc hosp","mean",NA,442,"COVID-19"
"DE-ST","00+",2022-04-22,2022-03-30,"-23 day ahead inc hosp","quantile",0.025,415,"COVID-19"
"DE-ST","00+",2022-04-22,2022-03-30,"-23 day ahead inc hosp","quantile",0.1,419,"COVID-19"
"DE-ST","00+",2022-04-22,2022-03-30,"-23 day ahead inc hosp","quantile",0.25,425,"COVID-19"
"DE-ST","00+",2022-04-22,2022-03-30,"-23 day ahead inc hosp","quantile",0.5,436,"COVID-19"
"DE-ST","00+",2022-04-22,2022-03-30,"-23 day ahead inc hosp","quantile",0.75,452,"COVID-19"
"DE-ST","00+",2022-04-22,2022-03-30,"-23 day ahead inc hosp","quantile",0.9,473,"COVID-19"
"DE-ST","00+",2022-04-22,2022-03-30,"-23 day ahead inc hosp","quantile",0.975,502,"COVID-19"
"DE-ST","00+",2022-04-22,2022-03-29,"-24 day ahead inc hosp","mean",NA,466,"COVID-19"
"DE-ST","00+",2022-04-22,2022-03-29,"-24 day ahead inc hosp","quantile",0.025,440,"COVID-19"
"DE-ST","00+",2022-04-22,2022-03-29,"-24 day ahead inc hosp","quantile",0.1,444,"COVID-19"
"DE-ST","00+",2022-04-22,2022-03-29,"-24 day ahead inc hosp","quantile",0.25,449,"COVID-19"
"DE-ST","00+",2022-04-22,2022-03-29,"-24 day ahead inc hosp","quantile",0.5,460,"COVID-19"
"DE-ST","00+",2022-04-22,2022-03-29,"-24 day ahead inc hosp","quantile",0.75,476,"COVID-19"
"DE-ST","00+",2022-04-22,2022-03-29,"-24 day ahead inc hosp","quantile",0.9,495,"COVID-19"
"DE-ST","00+",2022-04-22,2022-03-29,"-24 day ahead inc hosp","quantile",0.975,523,"COVID-19"
"DE-ST","00+",2022-04-22,2022-03-28,"-25 day ahead inc hosp","mean",NA,475,"COVID-19"
"DE-ST","00+",2022-04-22,2022-03-28,"-25 day ahead inc hosp","quantile",0.025,451,"COVID-19"
"DE-ST","00+",2022-04-22,2022-03-28,"-25 day ahead inc hosp","quantile",0.1,455,"COVID-19"
"DE-ST","00+",2022-04-22,2022-03-28,"-25 day ahead inc hosp","quantile",0.25,460,"COVID-19"
"DE-ST","00+",2022-04-22,2022-03-28,"-25 day ahead inc hosp","quantile",0.5,470,"COVID-19"
"DE-ST","00+",2022-04-22,2022-03-28,"-25 day ahead inc hosp","quantile",0.75,484,"COVID-19"
"DE-ST","00+",2022-04-22,2022-03-28,"-25 day ahead inc hosp","quantile",0.9,502,"COVID-19"
"DE-ST","00+",2022-04-22,2022-03-28,"-25 day ahead inc hosp","quantile",0.975,528,"COVID-19"
"DE-ST","00+",2022-04-22,2022-03-27,"-26 day ahead inc hosp","mean",NA,471,"COVID-19"
"DE-ST","00+",2022-04-22,2022-03-27,"-26 day ahead inc hosp","quantile",0.025,448,"COVID-19"
"DE-ST","00+",2022-04-22,2022-03-27,"-26 day ahead inc hosp","quantile",0.1,451,"COVID-19"
"DE-ST","00+",2022-04-22,2022-03-27,"-26 day ahead inc hosp","quantile",0.25,457,"COVID-19"
"DE-ST","00+",2022-04-22,2022-03-27,"-26 day ahead inc hosp","quantile",0.5,466,"COVID-19"
"DE-ST","00+",2022-04-22,2022-03-27,"-26 day ahead inc hosp","quantile",0.75,480,"COVID-19"
"DE-ST","00+",2022-04-22,2022-03-27,"-26 day ahead inc hosp","quantile",0.9,497,"COVID-19"
"DE-ST","00+",2022-04-22,2022-03-27,"-26 day ahead inc hosp","quantile",0.975,521,"COVID-19"
"DE-ST","00+",2022-04-22,2022-03-26,"-27 day ahead inc hosp","mean",NA,462,"COVID-19"
"DE-ST","00+",2022-04-22,2022-03-26,"-27 day ahead inc hosp","quantile",0.025,441,"COVID-19"
"DE-ST","00+",2022-04-22,2022-03-26,"-27 day ahead inc hosp","quantile",0.1,444,"COVID-19"
"DE-ST","00+",2022-04-22,2022-03-26,"-27 day ahead inc hosp","quantile",0.25,449,"COVID-19"
"DE-ST","00+",2022-04-22,2022-03-26,"-27 day ahead inc hosp","quantile",0.5,458,"COVID-19"
"DE-ST","00+",2022-04-22,2022-03-26,"-27 day ahead inc hosp","quantile",0.75,471,"COVID-19"
"DE-ST","00+",2022-04-22,2022-03-26,"-27 day ahead inc hosp","quantile",0.9,487,"COVID-19"
"DE-ST","00+",2022-04-22,2022-03-26,"-27 day ahead inc hosp","quantile",0.975,509,"COVID-19"
"DE-ST","00+",2022-04-22,2022-03-25,"-28 day ahead inc hosp","mean",NA,465,"COVID-19"
"DE-ST","00+",2022-04-22,2022-03-25,"-28 day ahead inc hosp","quantile",0.025,446,"COVID-19"
"DE-ST","00+",2022-04-22,2022-03-25,"-28 day ahead inc hosp","quantile",0.1,449,"COVID-19"
"DE-ST","00+",2022-04-22,2022-03-25,"-28 day ahead inc hosp","quantile",0.25,453,"COVID-19"
"DE-ST","00+",2022-04-22,2022-03-25,"-28 day ahead inc hosp","quantile",0.5,461,"COVID-19"
"DE-ST","00+",2022-04-22,2022-03-25,"-28 day ahead inc hosp","quantile",0.75,473,"COVID-19"
"DE-ST","00+",2022-04-22,2022-03-25,"-28 day ahead inc hosp","quantile",0.9,487,"COVID-19"
"DE-ST","00+",2022-04-22,2022-03-25,"-28 day ahead inc hosp","quantile",0.975,507,"COVID-19"
"DE-TH","00+",2022-04-22,2022-04-22,"0 day ahead inc hosp","mean",NA,385,"COVID-19"
"DE-TH","00+",2022-04-22,2022-04-22,"0 day ahead inc hosp","quantile",0.025,258,"COVID-19"
"DE-TH","00+",2022-04-22,2022-04-22,"0 day ahead inc hosp","quantile",0.1,288,"COVID-19"
"DE-TH","00+",2022-04-22,2022-04-22,"0 day ahead inc hosp","quantile",0.25,323,"COVID-19"
"DE-TH","00+",2022-04-22,2022-04-22,"0 day ahead inc hosp","quantile",0.5,372,"COVID-19"
"DE-TH","00+",2022-04-22,2022-04-22,"0 day ahead inc hosp","quantile",0.75,433,"COVID-19"
"DE-TH","00+",2022-04-22,2022-04-22,"0 day ahead inc hosp","quantile",0.9,499,"COVID-19"
"DE-TH","00+",2022-04-22,2022-04-22,"0 day ahead inc hosp","quantile",0.975,586,"COVID-19"
"DE-TH","00+",2022-04-22,2022-04-21,"-1 day ahead inc hosp","mean",NA,363,"COVID-19"
"DE-TH","00+",2022-04-22,2022-04-21,"-1 day ahead inc hosp","quantile",0.025,275,"COVID-19"
"DE-TH","00+",2022-04-22,2022-04-21,"-1 day ahead inc hosp","quantile",0.1,297,"COVID-19"
"DE-TH","00+",2022-04-22,2022-04-21,"-1 day ahead inc hosp","quantile",0.25,322,"COVID-19"
"DE-TH","00+",2022-04-22,2022-04-21,"-1 day ahead inc hosp","quantile",0.5,356,"COVID-19"
"DE-TH","00+",2022-04-22,2022-04-21,"-1 day ahead inc hosp","quantile",0.75,396,"COVID-19"
"DE-TH","00+",2022-04-22,2022-04-21,"-1 day ahead inc hosp","quantile",0.9,439,"COVID-19"
"DE-TH","00+",2022-04-22,2022-04-21,"-1 day ahead inc hosp","quantile",0.975,494,"COVID-19"
"DE-TH","00+",2022-04-22,2022-04-20,"-2 day ahead inc hosp","mean",NA,330,"COVID-19"
"DE-TH","00+",2022-04-22,2022-04-20,"-2 day ahead inc hosp","quantile",0.025,272,"COVID-19"
"DE-TH","00+",2022-04-22,2022-04-20,"-2 day ahead inc hosp","quantile",0.1,287,"COVID-19"
"DE-TH","00+",2022-04-22,2022-04-20,"-2 day ahead inc hosp","quantile",0.25,304,"COVID-19"
"DE-TH","00+",2022-04-22,2022-04-20,"-2 day ahead inc hosp","quantile",0.5,326,"COVID-19"
"DE-TH","00+",2022-04-22,2022-04-20,"-2 day ahead inc hosp","quantile",0.75,352,"COVID-19"
"DE-TH","00+",2022-04-22,2022-04-20,"-2 day ahead inc hosp","quantile",0.9,379,"COVID-19"
"DE-TH","00+",2022-04-22,2022-04-20,"-2 day ahead inc hosp","quantile",0.975,414,"COVID-19"
"DE-TH","00+",2022-04-22,2022-04-19,"-3 day ahead inc hosp","mean",NA,282,"COVID-19"
"DE-TH","00+",2022-04-22,2022-04-19,"-3 day ahead inc hosp","quantile",0.025,249,"COVID-19"
"DE-TH","00+",2022-04-22,2022-04-19,"-3 day ahead inc hosp","quantile",0.1,258,"COVID-19"
"DE-TH","00+",2022-04-22,2022-04-19,"-3 day ahead inc hosp","quantile",0.25,267,"COVID-19"
"DE-TH","00+",2022-04-22,2022-04-19,"-3 day ahead inc hosp","quantile",0.5,280,"COVID-19"
"DE-TH","00+",2022-04-22,2022-04-19,"-3 day ahead inc hosp","quantile",0.75,294,"COVID-19"
"DE-TH","00+",2022-04-22,2022-04-19,"-3 day ahead inc hosp","quantile",0.9,309,"COVID-19"
"DE-TH","00+",2022-04-22,2022-04-19,"-3 day ahead inc hosp","quantile",0.975,328,"COVID-19"
"DE-TH","00+",2022-04-22,2022-04-18,"-4 day ahead inc hosp","mean",NA,362,"COVID-19"
"DE-TH","00+",2022-04-22,2022-04-18,"-4 day ahead inc hosp","quantile",0.025,329,"COVID-19"
"DE-TH","00+",2022-04-22,2022-04-18,"-4 day ahead inc hosp","quantile",0.1,338,"COVID-19"
"DE-TH","00+",2022-04-22,2022-04-18,"-4 day ahead inc hosp","quantile",0.25,348,"COVID-19"
"DE-TH","00+",2022-04-22,2022-04-18,"-4 day ahead inc hosp","quantile",0.5,360,"COVID-19"
"DE-TH","00+",2022-04-22,2022-04-18,"-4 day ahead inc hosp","quantile",0.75,375,"COVID-19"
"DE-TH","00+",2022-04-22,2022-04-18,"-4 day ahead inc hosp","quantile",0.9,389,"COVID-19"
"DE-TH","00+",2022-04-22,2022-04-18,"-4 day ahead inc hosp","quantile",0.975,408,"COVID-19"
"DE-TH","00+",2022-04-22,2022-04-17,"-5 day ahead inc hosp","mean",NA,368,"COVID-19"
"DE-TH","00+",2022-04-22,2022-04-17,"-5 day ahead inc hosp","quantile",0.025,336,"COVID-19"
"DE-TH","00+",2022-04-22,2022-04-17,"-5 day ahead inc hosp","quantile",0.1,344,"COVID-19"
"DE-TH","00+",2022-04-22,2022-04-17,"-5 day ahead inc hosp","quantile",0.25,354,"COVID-19"
"DE-TH","00+",2022-04-22,2022-04-17,"-5 day ahead inc hosp","quantile",0.5,366,"COVID-19"
"DE-TH","00+",2022-04-22,2022-04-17,"-5 day ahead inc hosp","quantile",0.75,380,"COVID-19"
"DE-TH","00+",2022-04-22,2022-04-17,"-5 day ahead inc hosp","quantile",0.9,394,"COVID-19"
"DE-TH","00+",2022-04-22,2022-04-17,"-5 day ahead inc hosp","quantile",0.975,412,"COVID-19"
"DE-TH","00+",2022-04-22,2022-04-16,"-6 day ahead inc hosp","mean",NA,383,"COVID-19"
"DE-TH","00+",2022-04-22,2022-04-16,"-6 day ahead inc hosp","quantile",0.025,350,"COVID-19"
"DE-TH","00+",2022-04-22,2022-04-16,"-6 day ahead inc hosp","quantile",0.1,359,"COVID-19"
"DE-TH","00+",2022-04-22,2022-04-16,"-6 day ahead inc hosp","quantile",0.25,369,"COVID-19"
"DE-TH","00+",2022-04-22,2022-04-16,"-6 day ahead inc hosp","quantile",0.5,381,"COVID-19"
"DE-TH","00+",2022-04-22,2022-04-16,"-6 day ahead inc hosp","quantile",0.75,395,"COVID-19"
"DE-TH","00+",2022-04-22,2022-04-16,"-6 day ahead inc hosp","quantile",0.9,410,"COVID-19"
"DE-TH","00+",2022-04-22,2022-04-16,"-6 day ahead inc hosp","quantile",0.975,428,"COVID-19"
"DE-TH","00+",2022-04-22,2022-04-15,"-7 day ahead inc hosp","mean",NA,428,"COVID-19"
"DE-TH","00+",2022-04-22,2022-04-15,"-7 day ahead inc hosp","quantile",0.025,394,"COVID-19"
"DE-TH","00+",2022-04-22,2022-04-15,"-7 day ahead inc hosp","quantile",0.1,404,"COVID-19"
"DE-TH","00+",2022-04-22,2022-04-15,"-7 day ahead inc hosp","quantile",0.25,413,"COVID-19"
"DE-TH","00+",2022-04-22,2022-04-15,"-7 day ahead inc hosp","quantile",0.5,426,"COVID-19"
"DE-TH","00+",2022-04-22,2022-04-15,"-7 day ahead inc hosp","quantile",0.75,440,"COVID-19"
"DE-TH","00+",2022-04-22,2022-04-15,"-7 day ahead inc hosp","quantile",0.9,455,"COVID-19"
"DE-TH","00+",2022-04-22,2022-04-15,"-7 day ahead inc hosp","quantile",0.975,474,"COVID-19"
"DE-TH","00+",2022-04-22,2022-04-14,"-8 day ahead inc hosp","mean",NA,443,"COVID-19"
"DE-TH","00+",2022-04-22,2022-04-14,"-8 day ahead inc hosp","quantile",0.025,413,"COVID-19"
"DE-TH","00+",2022-04-22,2022-04-14,"-8 day ahead inc hosp","quantile",0.1,421,"COVID-19"
"DE-TH","00+",2022-04-22,2022-04-14,"-8 day ahead inc hosp","quantile",0.25,430,"COVID-19"
"DE-TH","00+",2022-04-22,2022-04-14,"-8 day ahead inc hosp","quantile",0.5,441,"COVID-19"
"DE-TH","00+",2022-04-22,2022-04-14,"-8 day ahead inc hosp","quantile",0.75,455,"COVID-19"
"DE-TH","00+",2022-04-22,2022-04-14,"-8 day ahead inc hosp","quantile",0.9,468,"COVID-19"
"DE-TH","00+",2022-04-22,2022-04-14,"-8 day ahead inc hosp","quantile",0.975,485,"COVID-19"
"DE-TH","00+",2022-04-22,2022-04-13,"-9 day ahead inc hosp","mean",NA,449,"COVID-19"
"DE-TH","00+",2022-04-22,2022-04-13,"-9 day ahead inc hosp","quantile",0.025,423,"COVID-19"
"DE-TH","00+",2022-04-22,2022-04-13,"-9 day ahead inc hosp","quantile",0.1,430,"COVID-19"
"DE-TH","00+",2022-04-22,2022-04-13,"-9 day ahead inc hosp","quantile",0.25,438,"COVID-19"
"DE-TH","00+",2022-04-22,2022-04-13,"-9 day ahead inc hosp","quantile",0.5,448,"COVID-19"
"DE-TH","00+",2022-04-22,2022-04-13,"-9 day ahead inc hosp","quantile",0.75,459,"COVID-19"
"DE-TH","00+",2022-04-22,2022-04-13,"-9 day ahead inc hosp","quantile",0.9,470,"COVID-19"
"DE-TH","00+",2022-04-22,2022-04-13,"-9 day ahead inc hosp","quantile",0.975,484,"COVID-19"
"DE-TH","00+",2022-04-22,2022-04-12,"-10 day ahead inc hosp","mean",NA,424,"COVID-19"
"DE-TH","00+",2022-04-22,2022-04-12,"-10 day ahead inc hosp","quantile",0.025,402,"COVID-19"
"DE-TH","00+",2022-04-22,2022-04-12,"-10 day ahead inc hosp","quantile",0.1,408,"COVID-19"
"DE-TH","00+",2022-04-22,2022-04-12,"-10 day ahead inc hosp","quantile",0.25,414,"COVID-19"
"DE-TH","00+",2022-04-22,2022-04-12,"-10 day ahead inc hosp","quantile",0.5,422,"COVID-19"
"DE-TH","00+",2022-04-22,2022-04-12,"-10 day ahead inc hosp","quantile",0.75,431,"COVID-19"
"DE-TH","00+",2022-04-22,2022-04-12,"-10 day ahead inc hosp","quantile",0.9,440,"COVID-19"
"DE-TH","00+",2022-04-22,2022-04-12,"-10 day ahead inc hosp","quantile",0.975,452,"COVID-19"
"DE-TH","00+",2022-04-22,2022-04-11,"-11 day ahead inc hosp","mean",NA,398,"COVID-19"
"DE-TH","00+",2022-04-22,2022-04-11,"-11 day ahead inc hosp","quantile",0.025,381,"COVID-19"
"DE-TH","00+",2022-04-22,2022-04-11,"-11 day ahead inc hosp","quantile",0.1,386,"COVID-19"
"DE-TH","00+",2022-04-22,2022-04-11,"-11 day ahead inc hosp","quantile",0.25,391,"COVID-19"
"DE-TH","00+",2022-04-22,2022-04-11,"-11 day ahead inc hosp","quantile",0.5,397,"COVID-19"
"DE-TH","00+",2022-04-22,2022-04-11,"-11 day ahead inc hosp","quantile",0.75,404,"COVID-19"
"DE-TH","00+",2022-04-22,2022-04-11,"-11 day ahead inc hosp","quantile",0.9,411,"COVID-19"
"DE-TH","00+",2022-04-22,2022-04-11,"-11 day ahead inc hosp","quantile",0.975,420,"COVID-19"
"DE-TH","00+",2022-04-22,2022-04-10,"-12 day ahead inc hosp","mean",NA,399,"COVID-19"
"DE-TH","00+",2022-04-22,2022-04-10,"-12 day ahead inc hosp","quantile",0.025,383,"COVID-19"
"DE-TH","00+",2022-04-22,2022-04-10,"-12 day ahead inc hosp","quantile",0.1,387,"COVID-19"
"DE-TH","00+",2022-04-22,2022-04-10,"-12 day ahead inc hosp","quantile",0.25,392,"COVID-19"
"DE-TH","00+",2022-04-22,2022-04-10,"-12 day ahead inc hosp","quantile",0.5,398,"COVID-19"
"DE-TH","00+",2022-04-22,2022-04-10,"-12 day ahead inc hosp","quantile",0.75,405,"COVID-19"
"DE-TH","00+",2022-04-22,2022-04-10,"-12 day ahead inc hosp","quantile",0.9,412,"COVID-19"
"DE-TH","00+",2022-04-22,2022-04-10,"-12 day ahead inc hosp","quantile",0.975,420,"COVID-19"
"DE-TH","00+",2022-04-22,2022-04-09,"-13 day ahead inc hosp","mean",NA,398,"COVID-19"
"DE-TH","00+",2022-04-22,2022-04-09,"-13 day ahead inc hosp","quantile",0.025,383,"COVID-19"
"DE-TH","00+",2022-04-22,2022-04-09,"-13 day ahead inc hosp","quantile",0.1,387,"COVID-19"
"DE-TH","00+",2022-04-22,2022-04-09,"-13 day ahead inc hosp","quantile",0.25,392,"COVID-19"
"DE-TH","00+",2022-04-22,2022-04-09,"-13 day ahead inc hosp","quantile",0.5,398,"COVID-19"
"DE-TH","00+",2022-04-22,2022-04-09,"-13 day ahead inc hosp","quantile",0.75,404,"COVID-19"
"DE-TH","00+",2022-04-22,2022-04-09,"-13 day ahead inc hosp","quantile",0.9,411,"COVID-19"
"DE-TH","00+",2022-04-22,2022-04-09,"-13 day ahead inc hosp","quantile",0.975,419,"COVID-19"
"DE-TH","00+",2022-04-22,2022-04-08,"-14 day ahead inc hosp","mean",NA,432,"COVID-19"
"DE-TH","00+",2022-04-22,2022-04-08,"-14 day ahead inc hosp","quantile",0.025,417,"COVID-19"
"DE-TH","00+",2022-04-22,2022-04-08,"-14 day ahead inc hosp","quantile",0.1,421,"COVID-19"
"DE-TH","00+",2022-04-22,2022-04-08,"-14 day ahead inc hosp","quantile",0.25,426,"COVID-19"
"DE-TH","00+",2022-04-22,2022-04-08,"-14 day ahead inc hosp","quantile",0.5,431,"COVID-19"
"DE-TH","00+",2022-04-22,2022-04-08,"-14 day ahead inc hosp","quantile",0.75,438,"COVID-19"
"DE-TH","00+",2022-04-22,2022-04-08,"-14 day ahead inc hosp","quantile",0.9,444,"COVID-19"
"DE-TH","00+",2022-04-22,2022-04-08,"-14 day ahead inc hosp","quantile",0.975,452,"COVID-19"
"DE-TH","00+",2022-04-22,2022-04-07,"-15 day ahead inc hosp","mean",NA,447,"COVID-19"
"DE-TH","00+",2022-04-22,2022-04-07,"-15 day ahead inc hosp","quantile",0.025,433,"COVID-19"
"DE-TH","00+",2022-04-22,2022-04-07,"-15 day ahead inc hosp","quantile",0.1,437,"COVID-19"
"DE-TH","00+",2022-04-22,2022-04-07,"-15 day ahead inc hosp","quantile",0.25,441,"COVID-19"
"DE-TH","00+",2022-04-22,2022-04-07,"-15 day ahead inc hosp","quantile",0.5,446,"COVID-19"
"DE-TH","00+",2022-04-22,2022-04-07,"-15 day ahead inc hosp","quantile",0.75,452,"COVID-19"
"DE-TH","00+",2022-04-22,2022-04-07,"-15 day ahead inc hosp","quantile",0.9,458,"COVID-19"
"DE-TH","00+",2022-04-22,2022-04-07,"-15 day ahead inc hosp","quantile",0.975,465,"COVID-19"
"DE-TH","00+",2022-04-22,2022-04-06,"-16 day ahead inc hosp","mean",NA,494,"COVID-19"
"DE-TH","00+",2022-04-22,2022-04-06,"-16 day ahead inc hosp","quantile",0.025,481,"COVID-19"
"DE-TH","00+",2022-04-22,2022-04-06,"-16 day ahead inc hosp","quantile",0.1,485,"COVID-19"
"DE-TH","00+",2022-04-22,2022-04-06,"-16 day ahead inc hosp","quantile",0.25,489,"COVID-19"
"DE-TH","00+",2022-04-22,2022-04-06,"-16 day ahead inc hosp","quantile",0.5,494,"COVID-19"
"DE-TH","00+",2022-04-22,2022-04-06,"-16 day ahead inc hosp","quantile",0.75,500,"COVID-19"
"DE-TH","00+",2022-04-22,2022-04-06,"-16 day ahead inc hosp","quantile",0.9,506,"COVID-19"
"DE-TH","00+",2022-04-22,2022-04-06,"-16 day ahead inc hosp","quantile",0.975,513,"COVID-19"
"DE-TH","00+",2022-04-22,2022-04-05,"-17 day ahead inc hosp","mean",NA,548,"COVID-19"
"DE-TH","00+",2022-04-22,2022-04-05,"-17 day ahead inc hosp","quantile",0.025,534,"COVID-19"
"DE-TH","00+",2022-04-22,2022-04-05,"-17 day ahead inc hosp","quantile",0.1,538,"COVID-19"
"DE-TH","00+",2022-04-22,2022-04-05,"-17 day ahead inc hosp","quantile",0.25,542,"COVID-19"
"DE-TH","00+",2022-04-22,2022-04-05,"-17 day ahead inc hosp","quantile",0.5,547,"COVID-19"
"DE-TH","00+",2022-04-22,2022-04-05,"-17 day ahead inc hosp","quantile",0.75,554,"COVID-19"
"DE-TH","00+",2022-04-22,2022-04-05,"-17 day ahead inc hosp","quantile",0.9,560,"COVID-19"
"DE-TH","00+",2022-04-22,2022-04-05,"-17 day ahead inc hosp","quantile",0.975,568,"COVID-19"
"DE-TH","00+",2022-04-22,2022-04-04,"-18 day ahead inc hosp","mean",NA,574,"COVID-19"
"DE-TH","00+",2022-04-22,2022-04-04,"-18 day ahead inc hosp","quantile",0.025,560,"COVID-19"
"DE-TH","00+",2022-04-22,2022-04-04,"-18 day ahead inc hosp","quantile",0.1,564,"COVID-19"
"DE-TH","00+",2022-04-22,2022-04-04,"-18 day ahead inc hosp","quantile",0.25,568,"COVID-19"
"DE-TH","00+",2022-04-22,2022-04-04,"-18 day ahead inc hosp","quantile",0.5,573,"COVID-19"
"DE-TH","00+",2022-04-22,2022-04-04,"-18 day ahead inc hosp","quantile",0.75,579,"COVID-19"
"DE-TH","00+",2022-04-22,2022-04-04,"-18 day ahead inc hosp","quantile",0.9,584,"COVID-19"
"DE-TH","00+",2022-04-22,2022-04-04,"-18 day ahead inc hosp","quantile",0.975,592,"COVID-19"
"DE-TH","00+",2022-04-22,2022-04-03,"-19 day ahead inc hosp","mean",NA,584,"COVID-19"
"DE-TH","00+",2022-04-22,2022-04-03,"-19 day ahead inc hosp","quantile",0.025,570,"COVID-19"
"DE-TH","00+",2022-04-22,2022-04-03,"-19 day ahead inc hosp","quantile",0.1,574,"COVID-19"
"DE-TH","00+",2022-04-22,2022-04-03,"-19 day ahead inc hosp","quantile",0.25,578,"COVID-19"
"DE-TH","00+",2022-04-22,2022-04-03,"-19 day ahead inc hosp","quantile",0.5,583,"COVID-19"
"DE-TH","00+",2022-04-22,2022-04-03,"-19 day ahead inc hosp","quantile",0.75,589,"COVID-19"
"DE-TH","00+",2022-04-22,2022-04-03,"-19 day ahead inc hosp","quantile",0.9,595,"COVID-19"
"DE-TH","00+",2022-04-22,2022-04-03,"-19 day ahead inc hosp","quantile",0.975,603,"COVID-19"
"DE-TH","00+",2022-04-22,2022-04-02,"-20 day ahead inc hosp","mean",NA,587,"COVID-19"
"DE-TH","00+",2022-04-22,2022-04-02,"-20 day ahead inc hosp","quantile",0.025,573,"COVID-19"
"DE-TH","00+",2022-04-22,2022-04-02,"-20 day ahead inc hosp","quantile",0.1,576,"COVID-19"
"DE-TH","00+",2022-04-22,2022-04-02,"-20 day ahead inc hosp","quantile",0.25,580,"COVID-19"
"DE-TH","00+",2022-04-22,2022-04-02,"-20 day ahead inc hosp","quantile",0.5,585,"COVID-19"
"DE-TH","00+",2022-04-22,2022-04-02,"-20 day ahead inc hosp","quantile",0.75,592,"COVID-19"
"DE-TH","00+",2022-04-22,2022-04-02,"-20 day ahead inc hosp","quantile",0.9,598,"COVID-19"
"DE-TH","00+",2022-04-22,2022-04-02,"-20 day ahead inc hosp","quantile",0.975,607,"COVID-19"
"DE-TH","00+",2022-04-22,2022-04-01,"-21 day ahead inc hosp","mean",NA,572,"COVID-19"
"DE-TH","00+",2022-04-22,2022-04-01,"-21 day ahead inc hosp","quantile",0.025,559,"COVID-19"
"DE-TH","00+",2022-04-22,2022-04-01,"-21 day ahead inc hosp","quantile",0.1,562,"COVID-19"
"DE-TH","00+",2022-04-22,2022-04-01,"-21 day ahead inc hosp","quantile",0.25,566,"COVID-19"
"DE-TH","00+",2022-04-22,2022-04-01,"-21 day ahead inc hosp","quantile",0.5,571,"COVID-19"
"DE-TH","00+",2022-04-22,2022-04-01,"-21 day ahead inc hosp","quantile",0.75,577,"COVID-19"
"DE-TH","00+",2022-04-22,2022-04-01,"-21 day ahead inc hosp","quantile",0.9,583,"COVID-19"
"DE-TH","00+",2022-04-22,2022-04-01,"-21 day ahead inc hosp","quantile",0.975,591,"COVID-19"
"DE-TH","00+",2022-04-22,2022-03-31,"-22 day ahead inc hosp","mean",NA,563,"COVID-19"
"DE-TH","00+",2022-04-22,2022-03-31,"-22 day ahead inc hosp","quantile",0.025,551,"COVID-19"
"DE-TH","00+",2022-04-22,2022-03-31,"-22 day ahead inc hosp","quantile",0.1,554,"COVID-19"
"DE-TH","00+",2022-04-22,2022-03-31,"-22 day ahead inc hosp","quantile",0.25,557,"COVID-19"
"DE-TH","00+",2022-04-22,2022-03-31,"-22 day ahead inc hosp","quantile",0.5,562,"COVID-19"
"DE-TH","00+",2022-04-22,2022-03-31,"-22 day ahead inc hosp","quantile",0.75,567,"COVID-19"
"DE-TH","00+",2022-04-22,2022-03-31,"-22 day ahead inc hosp","quantile",0.9,573,"COVID-19"
"DE-TH","00+",2022-04-22,2022-03-31,"-22 day ahead inc hosp","quantile",0.975,580,"COVID-19"
"DE-TH","00+",2022-04-22,2022-03-30,"-23 day ahead inc hosp","mean",NA,520,"COVID-19"
"DE-TH","00+",2022-04-22,2022-03-30,"-23 day ahead inc hosp","quantile",0.025,510,"COVID-19"
"DE-TH","00+",2022-04-22,2022-03-30,"-23 day ahead inc hosp","quantile",0.1,512,"COVID-19"
"DE-TH","00+",2022-04-22,2022-03-30,"-23 day ahead inc hosp","quantile",0.25,515,"COVID-19"
"DE-TH","00+",2022-04-22,2022-03-30,"-23 day ahead inc hosp","quantile",0.5,519,"COVID-19"
"DE-TH","00+",2022-04-22,2022-03-30,"-23 day ahead inc hosp","quantile",0.75,523,"COVID-19"
"DE-TH","00+",2022-04-22,2022-03-30,"-23 day ahead inc hosp","quantile",0.9,528,"COVID-19"
"DE-TH","00+",2022-04-22,2022-03-30,"-23 day ahead inc hosp","quantile",0.975,534,"COVID-19"
"DE-TH","00+",2022-04-22,2022-03-29,"-24 day ahead inc hosp","mean",NA,509,"COVID-19"
"DE-TH","00+",2022-04-22,2022-03-29,"-24 day ahead inc hosp","quantile",0.025,500,"COVID-19"
"DE-TH","00+",2022-04-22,2022-03-29,"-24 day ahead inc hosp","quantile",0.1,502,"COVID-19"
"DE-TH","00+",2022-04-22,2022-03-29,"-24 day ahead inc hosp","quantile",0.25,505,"COVID-19"
"DE-TH","00+",2022-04-22,2022-03-29,"-24 day ahead inc hosp","quantile",0.5,508,"COVID-19"
"DE-TH","00+",2022-04-22,2022-03-29,"-24 day ahead inc hosp","quantile",0.75,512,"COVID-19"
"DE-TH","00+",2022-04-22,2022-03-29,"-24 day ahead inc hosp","quantile",0.9,516,"COVID-19"
"DE-TH","00+",2022-04-22,2022-03-29,"-24 day ahead inc hosp","quantile",0.975,521,"COVID-19"
"DE-TH","00+",2022-04-22,2022-03-28,"-25 day ahead inc hosp","mean",NA,522,"COVID-19"
"DE-TH","00+",2022-04-22,2022-03-28,"-25 day ahead inc hosp","quantile",0.025,515,"COVID-19"
"DE-TH","00+",2022-04-22,2022-03-28,"-25 day ahead inc hosp","quantile",0.1,517,"COVID-19"
"DE-TH","00+",2022-04-22,2022-03-28,"-25 day ahead inc hosp","quantile",0.25,519,"COVID-19"
"DE-TH","00+",2022-04-22,2022-03-28,"-25 day ahead inc hosp","quantile",0.5,521,"COVID-19"
"DE-TH","00+",2022-04-22,2022-03-28,"-25 day ahead inc hosp","quantile",0.75,525,"COVID-19"
"DE-TH","00+",2022-04-22,2022-03-28,"-25 day ahead inc hosp","quantile",0.9,528,"COVID-19"
"DE-TH","00+",2022-04-22,2022-03-28,"-25 day ahead inc hosp","quantile",0.975,533,"COVID-19"
"DE-TH","00+",2022-04-22,2022-03-27,"-26 day ahead inc hosp","mean",NA,529,"COVID-19"
"DE-TH","00+",2022-04-22,2022-03-27,"-26 day ahead inc hosp","quantile",0.025,522,"COVID-19"
"DE-TH","00+",2022-04-22,2022-03-27,"-26 day ahead inc hosp","quantile",0.1,523,"COVID-19"
"DE-TH","00+",2022-04-22,2022-03-27,"-26 day ahead inc hosp","quantile",0.25,525,"COVID-19"
"DE-TH","00+",2022-04-22,2022-03-27,"-26 day ahead inc hosp","quantile",0.5,528,"COVID-19"
"DE-TH","00+",2022-04-22,2022-03-27,"-26 day ahead inc hosp","quantile",0.75,531,"COVID-19"
"DE-TH","00+",2022-04-22,2022-03-27,"-26 day ahead inc hosp","quantile",0.9,535,"COVID-19"
"DE-TH","00+",2022-04-22,2022-03-27,"-26 day ahead inc hosp","quantile",0.975,539,"COVID-19"
"DE-TH","00+",2022-04-22,2022-03-26,"-27 day ahead inc hosp","mean",NA,537,"COVID-19"
"DE-TH","00+",2022-04-22,2022-03-26,"-27 day ahead inc hosp","quantile",0.025,531,"COVID-19"
"DE-TH","00+",2022-04-22,2022-03-26,"-27 day ahead inc hosp","quantile",0.1,532,"COVID-19"
"DE-TH","00+",2022-04-22,2022-03-26,"-27 day ahead inc hosp","quantile",0.25,534,"COVID-19"
"DE-TH","00+",2022-04-22,2022-03-26,"-27 day ahead inc hosp","quantile",0.5,537,"COVID-19"
"DE-TH","00+",2022-04-22,2022-03-26,"-27 day ahead inc hosp","quantile",0.75,540,"COVID-19"
"DE-TH","00+",2022-04-22,2022-03-26,"-27 day ahead inc hosp","quantile",0.9,543,"COVID-19"
"DE-TH","00+",2022-04-22,2022-03-26,"-27 day ahead inc hosp","quantile",0.975,548,"COVID-19"
"DE-TH","00+",2022-04-22,2022-03-25,"-28 day ahead inc hosp","mean",NA,546,"COVID-19"
"DE-TH","00+",2022-04-22,2022-03-25,"-28 day ahead inc hosp","quantile",0.025,539,"COVID-19"
"DE-TH","00+",2022-04-22,2022-03-25,"-28 day ahead inc hosp","quantile",0.1,541,"COVID-19"
"DE-TH","00+",2022-04-22,2022-03-25,"-28 day ahead inc hosp","quantile",0.25,542,"COVID-19"
"DE-TH","00+",2022-04-22,2022-03-25,"-28 day ahead inc hosp","quantile",0.5,545,"COVID-19"
"DE-TH","00+",2022-04-22,2022-03-25,"-28 day ahead inc hosp","quantile",0.75,548,"COVID-19"
"DE-TH","00+",2022-04-22,2022-03-25,"-28 day ahead inc hosp","quantile",0.9,551,"COVID-19"
"DE-TH","00+",2022-04-22,2022-03-25,"-28 day ahead inc hosp","quantile",0.975,556,"COVID-19"
