"location","age_group","forecast_date","target_end_date","target","type","quantile","value","pathogen"
"DE","00+",2022-02-12,2022-02-12,"0 day ahead inc hosp","mean",NA,10728,"COVID-19"
"DE","00+",2022-02-12,2022-02-12,"0 day ahead inc hosp","quantile",0.025,8157,"COVID-19"
"DE","00+",2022-02-12,2022-02-12,"0 day ahead inc hosp","quantile",0.1,8881,"COVID-19"
"DE","00+",2022-02-12,2022-02-12,"0 day ahead inc hosp","quantile",0.25,9630,"COVID-19"
"DE","00+",2022-02-12,2022-02-12,"0 day ahead inc hosp","quantile",0.5,10583,"COVID-19"
"DE","00+",2022-02-12,2022-02-12,"0 day ahead inc hosp","quantile",0.75,11668,"COVID-19"
"DE","00+",2022-02-12,2022-02-12,"0 day ahead inc hosp","quantile",0.9,12763,"COVID-19"
"DE","00+",2022-02-12,2022-02-12,"0 day ahead inc hosp","quantile",0.975,14125,"COVID-19"
"DE","00+",2022-02-12,2022-02-11,"-1 day ahead inc hosp","mean",NA,10563,"COVID-19"
"DE","00+",2022-02-12,2022-02-11,"-1 day ahead inc hosp","quantile",0.025,8286,"COVID-19"
"DE","00+",2022-02-12,2022-02-11,"-1 day ahead inc hosp","quantile",0.1,8914,"COVID-19"
"DE","00+",2022-02-12,2022-02-11,"-1 day ahead inc hosp","quantile",0.25,9574,"COVID-19"
"DE","00+",2022-02-12,2022-02-11,"-1 day ahead inc hosp","quantile",0.5,10422,"COVID-19"
"DE","00+",2022-02-12,2022-02-11,"-1 day ahead inc hosp","quantile",0.75,11399,"COVID-19"
"DE","00+",2022-02-12,2022-02-11,"-1 day ahead inc hosp","quantile",0.9,12394,"COVID-19"
"DE","00+",2022-02-12,2022-02-11,"-1 day ahead inc hosp","quantile",0.975,13641,"COVID-19"
"DE","00+",2022-02-12,2022-02-10,"-2 day ahead inc hosp","mean",NA,10500,"COVID-19"
"DE","00+",2022-02-12,2022-02-10,"-2 day ahead inc hosp","quantile",0.025,8532,"COVID-19"
"DE","00+",2022-02-12,2022-02-10,"-2 day ahead inc hosp","quantile",0.1,9071,"COVID-19"
"DE","00+",2022-02-12,2022-02-10,"-2 day ahead inc hosp","quantile",0.25,9640,"COVID-19"
"DE","00+",2022-02-12,2022-02-10,"-2 day ahead inc hosp","quantile",0.5,10375,"COVID-19"
"DE","00+",2022-02-12,2022-02-10,"-2 day ahead inc hosp","quantile",0.75,11224,"COVID-19"
"DE","00+",2022-02-12,2022-02-10,"-2 day ahead inc hosp","quantile",0.9,12090,"COVID-19"
"DE","00+",2022-02-12,2022-02-10,"-2 day ahead inc hosp","quantile",0.975,13178,"COVID-19"
"DE","00+",2022-02-12,2022-02-09,"-3 day ahead inc hosp","mean",NA,10220,"COVID-19"
"DE","00+",2022-02-12,2022-02-09,"-3 day ahead inc hosp","quantile",0.025,8578,"COVID-19"
"DE","00+",2022-02-12,2022-02-09,"-3 day ahead inc hosp","quantile",0.1,9028,"COVID-19"
"DE","00+",2022-02-12,2022-02-09,"-3 day ahead inc hosp","quantile",0.25,9503,"COVID-19"
"DE","00+",2022-02-12,2022-02-09,"-3 day ahead inc hosp","quantile",0.5,10116,"COVID-19"
"DE","00+",2022-02-12,2022-02-09,"-3 day ahead inc hosp","quantile",0.75,10824,"COVID-19"
"DE","00+",2022-02-12,2022-02-09,"-3 day ahead inc hosp","quantile",0.9,11548,"COVID-19"
"DE","00+",2022-02-12,2022-02-09,"-3 day ahead inc hosp","quantile",0.975,12457,"COVID-19"
"DE","00+",2022-02-12,2022-02-08,"-4 day ahead inc hosp","mean",NA,9824,"COVID-19"
"DE","00+",2022-02-12,2022-02-08,"-4 day ahead inc hosp","quantile",0.025,8497,"COVID-19"
"DE","00+",2022-02-12,2022-02-08,"-4 day ahead inc hosp","quantile",0.1,8860,"COVID-19"
"DE","00+",2022-02-12,2022-02-08,"-4 day ahead inc hosp","quantile",0.25,9243,"COVID-19"
"DE","00+",2022-02-12,2022-02-08,"-4 day ahead inc hosp","quantile",0.5,9739,"COVID-19"
"DE","00+",2022-02-12,2022-02-08,"-4 day ahead inc hosp","quantile",0.75,10312,"COVID-19"
"DE","00+",2022-02-12,2022-02-08,"-4 day ahead inc hosp","quantile",0.9,10898,"COVID-19"
"DE","00+",2022-02-12,2022-02-08,"-4 day ahead inc hosp","quantile",0.975,11635,"COVID-19"
"DE","00+",2022-02-12,2022-02-07,"-5 day ahead inc hosp","mean",NA,9294,"COVID-19"
"DE","00+",2022-02-12,2022-02-07,"-5 day ahead inc hosp","quantile",0.025,8247,"COVID-19"
"DE","00+",2022-02-12,2022-02-07,"-5 day ahead inc hosp","quantile",0.1,8533,"COVID-19"
"DE","00+",2022-02-12,2022-02-07,"-5 day ahead inc hosp","quantile",0.25,8836,"COVID-19"
"DE","00+",2022-02-12,2022-02-07,"-5 day ahead inc hosp","quantile",0.5,9227,"COVID-19"
"DE","00+",2022-02-12,2022-02-07,"-5 day ahead inc hosp","quantile",0.75,9679,"COVID-19"
"DE","00+",2022-02-12,2022-02-07,"-5 day ahead inc hosp","quantile",0.9,10142,"COVID-19"
"DE","00+",2022-02-12,2022-02-07,"-5 day ahead inc hosp","quantile",0.975,10723,"COVID-19"
"DE","00+",2022-02-12,2022-02-06,"-6 day ahead inc hosp","mean",NA,9176,"COVID-19"
"DE","00+",2022-02-12,2022-02-06,"-6 day ahead inc hosp","quantile",0.025,8200,"COVID-19"
"DE","00+",2022-02-12,2022-02-06,"-6 day ahead inc hosp","quantile",0.1,8465,"COVID-19"
"DE","00+",2022-02-12,2022-02-06,"-6 day ahead inc hosp","quantile",0.25,8747,"COVID-19"
"DE","00+",2022-02-12,2022-02-06,"-6 day ahead inc hosp","quantile",0.5,9112,"COVID-19"
"DE","00+",2022-02-12,2022-02-06,"-6 day ahead inc hosp","quantile",0.75,9536,"COVID-19"
"DE","00+",2022-02-12,2022-02-06,"-6 day ahead inc hosp","quantile",0.9,9969,"COVID-19"
"DE","00+",2022-02-12,2022-02-06,"-6 day ahead inc hosp","quantile",0.975,10515,"COVID-19"
"DE","00+",2022-02-12,2022-02-05,"-7 day ahead inc hosp","mean",NA,9046,"COVID-19"
"DE","00+",2022-02-12,2022-02-05,"-7 day ahead inc hosp","quantile",0.025,8139,"COVID-19"
"DE","00+",2022-02-12,2022-02-05,"-7 day ahead inc hosp","quantile",0.1,8384,"COVID-19"
"DE","00+",2022-02-12,2022-02-05,"-7 day ahead inc hosp","quantile",0.25,8645,"COVID-19"
"DE","00+",2022-02-12,2022-02-05,"-7 day ahead inc hosp","quantile",0.5,8985,"COVID-19"
"DE","00+",2022-02-12,2022-02-05,"-7 day ahead inc hosp","quantile",0.75,9381,"COVID-19"
"DE","00+",2022-02-12,2022-02-05,"-7 day ahead inc hosp","quantile",0.9,9788,"COVID-19"
"DE","00+",2022-02-12,2022-02-05,"-7 day ahead inc hosp","quantile",0.975,10301,"COVID-19"
"DE","00+",2022-02-12,2022-02-04,"-8 day ahead inc hosp","mean",NA,8741,"COVID-19"
"DE","00+",2022-02-12,2022-02-04,"-8 day ahead inc hosp","quantile",0.025,7945,"COVID-19"
"DE","00+",2022-02-12,2022-02-04,"-8 day ahead inc hosp","quantile",0.1,8158,"COVID-19"
"DE","00+",2022-02-12,2022-02-04,"-8 day ahead inc hosp","quantile",0.25,8386,"COVID-19"
"DE","00+",2022-02-12,2022-02-04,"-8 day ahead inc hosp","quantile",0.5,8685,"COVID-19"
"DE","00+",2022-02-12,2022-02-04,"-8 day ahead inc hosp","quantile",0.75,9035,"COVID-19"
"DE","00+",2022-02-12,2022-02-04,"-8 day ahead inc hosp","quantile",0.9,9396,"COVID-19"
"DE","00+",2022-02-12,2022-02-04,"-8 day ahead inc hosp","quantile",0.975,9853,"COVID-19"
"DE","00+",2022-02-12,2022-02-03,"-9 day ahead inc hosp","mean",NA,8253,"COVID-19"
"DE","00+",2022-02-12,2022-02-03,"-9 day ahead inc hosp","quantile",0.025,7579,"COVID-19"
"DE","00+",2022-02-12,2022-02-03,"-9 day ahead inc hosp","quantile",0.1,7757,"COVID-19"
"DE","00+",2022-02-12,2022-02-03,"-9 day ahead inc hosp","quantile",0.25,7950,"COVID-19"
"DE","00+",2022-02-12,2022-02-03,"-9 day ahead inc hosp","quantile",0.5,8204,"COVID-19"
"DE","00+",2022-02-12,2022-02-03,"-9 day ahead inc hosp","quantile",0.75,8503,"COVID-19"
"DE","00+",2022-02-12,2022-02-03,"-9 day ahead inc hosp","quantile",0.9,8814,"COVID-19"
"DE","00+",2022-02-12,2022-02-03,"-9 day ahead inc hosp","quantile",0.975,9208,"COVID-19"
"DE","00+",2022-02-12,2022-02-02,"-10 day ahead inc hosp","mean",NA,7922,"COVID-19"
"DE","00+",2022-02-12,2022-02-02,"-10 day ahead inc hosp","quantile",0.025,7345,"COVID-19"
"DE","00+",2022-02-12,2022-02-02,"-10 day ahead inc hosp","quantile",0.1,7495,"COVID-19"
"DE","00+",2022-02-12,2022-02-02,"-10 day ahead inc hosp","quantile",0.25,7659,"COVID-19"
"DE","00+",2022-02-12,2022-02-02,"-10 day ahead inc hosp","quantile",0.5,7878,"COVID-19"
"DE","00+",2022-02-12,2022-02-02,"-10 day ahead inc hosp","quantile",0.75,8137,"COVID-19"
"DE","00+",2022-02-12,2022-02-02,"-10 day ahead inc hosp","quantile",0.9,8406,"COVID-19"
"DE","00+",2022-02-12,2022-02-02,"-10 day ahead inc hosp","quantile",0.975,8750,"COVID-19"
"DE","00+",2022-02-12,2022-02-01,"-11 day ahead inc hosp","mean",NA,7662,"COVID-19"
"DE","00+",2022-02-12,2022-02-01,"-11 day ahead inc hosp","quantile",0.025,7180,"COVID-19"
"DE","00+",2022-02-12,2022-02-01,"-11 day ahead inc hosp","quantile",0.1,7305,"COVID-19"
"DE","00+",2022-02-12,2022-02-01,"-11 day ahead inc hosp","quantile",0.25,7442,"COVID-19"
"DE","00+",2022-02-12,2022-02-01,"-11 day ahead inc hosp","quantile",0.5,7624,"COVID-19"
"DE","00+",2022-02-12,2022-02-01,"-11 day ahead inc hosp","quantile",0.75,7842,"COVID-19"
"DE","00+",2022-02-12,2022-02-01,"-11 day ahead inc hosp","quantile",0.9,8069,"COVID-19"
"DE","00+",2022-02-12,2022-02-01,"-11 day ahead inc hosp","quantile",0.975,8360,"COVID-19"
"DE","00+",2022-02-12,2022-01-31,"-12 day ahead inc hosp","mean",NA,7553,"COVID-19"
"DE","00+",2022-02-12,2022-01-31,"-12 day ahead inc hosp","quantile",0.025,7140,"COVID-19"
"DE","00+",2022-02-12,2022-01-31,"-12 day ahead inc hosp","quantile",0.1,7246,"COVID-19"
"DE","00+",2022-02-12,2022-01-31,"-12 day ahead inc hosp","quantile",0.25,7363,"COVID-19"
"DE","00+",2022-02-12,2022-01-31,"-12 day ahead inc hosp","quantile",0.5,7519,"COVID-19"
"DE","00+",2022-02-12,2022-01-31,"-12 day ahead inc hosp","quantile",0.75,7707,"COVID-19"
"DE","00+",2022-02-12,2022-01-31,"-12 day ahead inc hosp","quantile",0.9,7903,"COVID-19"
"DE","00+",2022-02-12,2022-01-31,"-12 day ahead inc hosp","quantile",0.975,8154,"COVID-19"
"DE","00+",2022-02-12,2022-01-30,"-13 day ahead inc hosp","mean",NA,7540,"COVID-19"
"DE","00+",2022-02-12,2022-01-30,"-13 day ahead inc hosp","quantile",0.025,7147,"COVID-19"
"DE","00+",2022-02-12,2022-01-30,"-13 day ahead inc hosp","quantile",0.1,7247,"COVID-19"
"DE","00+",2022-02-12,2022-01-30,"-13 day ahead inc hosp","quantile",0.25,7358,"COVID-19"
"DE","00+",2022-02-12,2022-01-30,"-13 day ahead inc hosp","quantile",0.5,7508,"COVID-19"
"DE","00+",2022-02-12,2022-01-30,"-13 day ahead inc hosp","quantile",0.75,7687,"COVID-19"
"DE","00+",2022-02-12,2022-01-30,"-13 day ahead inc hosp","quantile",0.9,7875,"COVID-19"
"DE","00+",2022-02-12,2022-01-30,"-13 day ahead inc hosp","quantile",0.975,8116,"COVID-19"
"DE","00+",2022-02-12,2022-01-29,"-14 day ahead inc hosp","mean",NA,7361,"COVID-19"
"DE","00+",2022-02-12,2022-01-29,"-14 day ahead inc hosp","quantile",0.025,6994,"COVID-19"
"DE","00+",2022-02-12,2022-01-29,"-14 day ahead inc hosp","quantile",0.1,7086,"COVID-19"
"DE","00+",2022-02-12,2022-01-29,"-14 day ahead inc hosp","quantile",0.25,7189,"COVID-19"
"DE","00+",2022-02-12,2022-01-29,"-14 day ahead inc hosp","quantile",0.5,7329,"COVID-19"
"DE","00+",2022-02-12,2022-01-29,"-14 day ahead inc hosp","quantile",0.75,7498,"COVID-19"
"DE","00+",2022-02-12,2022-01-29,"-14 day ahead inc hosp","quantile",0.9,7676,"COVID-19"
"DE","00+",2022-02-12,2022-01-29,"-14 day ahead inc hosp","quantile",0.975,7905,"COVID-19"
"DE","00+",2022-02-12,2022-01-28,"-15 day ahead inc hosp","mean",NA,7246,"COVID-19"
"DE","00+",2022-02-12,2022-01-28,"-15 day ahead inc hosp","quantile",0.025,6915,"COVID-19"
"DE","00+",2022-02-12,2022-01-28,"-15 day ahead inc hosp","quantile",0.1,6998,"COVID-19"
"DE","00+",2022-02-12,2022-01-28,"-15 day ahead inc hosp","quantile",0.25,7091,"COVID-19"
"DE","00+",2022-02-12,2022-01-28,"-15 day ahead inc hosp","quantile",0.5,7217,"COVID-19"
"DE","00+",2022-02-12,2022-01-28,"-15 day ahead inc hosp","quantile",0.75,7370,"COVID-19"
"DE","00+",2022-02-12,2022-01-28,"-15 day ahead inc hosp","quantile",0.9,7532,"COVID-19"
"DE","00+",2022-02-12,2022-01-28,"-15 day ahead inc hosp","quantile",0.975,7742,"COVID-19"
"DE","00+",2022-02-12,2022-01-27,"-16 day ahead inc hosp","mean",NA,7101,"COVID-19"
"DE","00+",2022-02-12,2022-01-27,"-16 day ahead inc hosp","quantile",0.025,6804,"COVID-19"
"DE","00+",2022-02-12,2022-01-27,"-16 day ahead inc hosp","quantile",0.1,6877,"COVID-19"
"DE","00+",2022-02-12,2022-01-27,"-16 day ahead inc hosp","quantile",0.25,6960,"COVID-19"
"DE","00+",2022-02-12,2022-01-27,"-16 day ahead inc hosp","quantile",0.5,7074,"COVID-19"
"DE","00+",2022-02-12,2022-01-27,"-16 day ahead inc hosp","quantile",0.75,7212,"COVID-19"
"DE","00+",2022-02-12,2022-01-27,"-16 day ahead inc hosp","quantile",0.9,7359,"COVID-19"
"DE","00+",2022-02-12,2022-01-27,"-16 day ahead inc hosp","quantile",0.975,7549,"COVID-19"
"DE","00+",2022-02-12,2022-01-26,"-17 day ahead inc hosp","mean",NA,6977,"COVID-19"
"DE","00+",2022-02-12,2022-01-26,"-17 day ahead inc hosp","quantile",0.025,6712,"COVID-19"
"DE","00+",2022-02-12,2022-01-26,"-17 day ahead inc hosp","quantile",0.1,6777,"COVID-19"
"DE","00+",2022-02-12,2022-01-26,"-17 day ahead inc hosp","quantile",0.25,6850,"COVID-19"
"DE","00+",2022-02-12,2022-01-26,"-17 day ahead inc hosp","quantile",0.5,6952,"COVID-19"
"DE","00+",2022-02-12,2022-01-26,"-17 day ahead inc hosp","quantile",0.75,7076,"COVID-19"
"DE","00+",2022-02-12,2022-01-26,"-17 day ahead inc hosp","quantile",0.9,7208,"COVID-19"
"DE","00+",2022-02-12,2022-01-26,"-17 day ahead inc hosp","quantile",0.975,7380,"COVID-19"
"DE","00+",2022-02-12,2022-01-25,"-18 day ahead inc hosp","mean",NA,6687,"COVID-19"
"DE","00+",2022-02-12,2022-01-25,"-18 day ahead inc hosp","quantile",0.025,6460,"COVID-19"
"DE","00+",2022-02-12,2022-01-25,"-18 day ahead inc hosp","quantile",0.1,6515,"COVID-19"
"DE","00+",2022-02-12,2022-01-25,"-18 day ahead inc hosp","quantile",0.25,6578,"COVID-19"
"DE","00+",2022-02-12,2022-01-25,"-18 day ahead inc hosp","quantile",0.5,6666,"COVID-19"
"DE","00+",2022-02-12,2022-01-25,"-18 day ahead inc hosp","quantile",0.75,6773,"COVID-19"
"DE","00+",2022-02-12,2022-01-25,"-18 day ahead inc hosp","quantile",0.9,6887,"COVID-19"
"DE","00+",2022-02-12,2022-01-25,"-18 day ahead inc hosp","quantile",0.975,7036,"COVID-19"
"DE","00+",2022-02-12,2022-01-24,"-19 day ahead inc hosp","mean",NA,6366,"COVID-19"
"DE","00+",2022-02-12,2022-01-24,"-19 day ahead inc hosp","quantile",0.025,6172,"COVID-19"
"DE","00+",2022-02-12,2022-01-24,"-19 day ahead inc hosp","quantile",0.1,6219,"COVID-19"
"DE","00+",2022-02-12,2022-01-24,"-19 day ahead inc hosp","quantile",0.25,6272,"COVID-19"
"DE","00+",2022-02-12,2022-01-24,"-19 day ahead inc hosp","quantile",0.5,6347,"COVID-19"
"DE","00+",2022-02-12,2022-01-24,"-19 day ahead inc hosp","quantile",0.75,6439,"COVID-19"
"DE","00+",2022-02-12,2022-01-24,"-19 day ahead inc hosp","quantile",0.9,6537,"COVID-19"
"DE","00+",2022-02-12,2022-01-24,"-19 day ahead inc hosp","quantile",0.975,6665,"COVID-19"
"DE","00+",2022-02-12,2022-01-23,"-20 day ahead inc hosp","mean",NA,6168,"COVID-19"
"DE","00+",2022-02-12,2022-01-23,"-20 day ahead inc hosp","quantile",0.025,5987,"COVID-19"
"DE","00+",2022-02-12,2022-01-23,"-20 day ahead inc hosp","quantile",0.1,6030,"COVID-19"
"DE","00+",2022-02-12,2022-01-23,"-20 day ahead inc hosp","quantile",0.25,6080,"COVID-19"
"DE","00+",2022-02-12,2022-01-23,"-20 day ahead inc hosp","quantile",0.5,6150,"COVID-19"
"DE","00+",2022-02-12,2022-01-23,"-20 day ahead inc hosp","quantile",0.75,6237,"COVID-19"
"DE","00+",2022-02-12,2022-01-23,"-20 day ahead inc hosp","quantile",0.9,6330,"COVID-19"
"DE","00+",2022-02-12,2022-01-23,"-20 day ahead inc hosp","quantile",0.975,6452,"COVID-19"
"DE","00+",2022-02-12,2022-01-22,"-21 day ahead inc hosp","mean",NA,6072,"COVID-19"
"DE","00+",2022-02-12,2022-01-22,"-21 day ahead inc hosp","quantile",0.025,5899,"COVID-19"
"DE","00+",2022-02-12,2022-01-22,"-21 day ahead inc hosp","quantile",0.1,5940,"COVID-19"
"DE","00+",2022-02-12,2022-01-22,"-21 day ahead inc hosp","quantile",0.25,5988,"COVID-19"
"DE","00+",2022-02-12,2022-01-22,"-21 day ahead inc hosp","quantile",0.5,6054,"COVID-19"
"DE","00+",2022-02-12,2022-01-22,"-21 day ahead inc hosp","quantile",0.75,6137,"COVID-19"
"DE","00+",2022-02-12,2022-01-22,"-21 day ahead inc hosp","quantile",0.9,6227,"COVID-19"
"DE","00+",2022-02-12,2022-01-22,"-21 day ahead inc hosp","quantile",0.975,6345,"COVID-19"
"DE","00+",2022-02-12,2022-01-21,"-22 day ahead inc hosp","mean",NA,5798,"COVID-19"
"DE","00+",2022-02-12,2022-01-21,"-22 day ahead inc hosp","quantile",0.025,5644,"COVID-19"
"DE","00+",2022-02-12,2022-01-21,"-22 day ahead inc hosp","quantile",0.1,5680,"COVID-19"
"DE","00+",2022-02-12,2022-01-21,"-22 day ahead inc hosp","quantile",0.25,5722,"COVID-19"
"DE","00+",2022-02-12,2022-01-21,"-22 day ahead inc hosp","quantile",0.5,5782,"COVID-19"
"DE","00+",2022-02-12,2022-01-21,"-22 day ahead inc hosp","quantile",0.75,5857,"COVID-19"
"DE","00+",2022-02-12,2022-01-21,"-22 day ahead inc hosp","quantile",0.9,5938,"COVID-19"
"DE","00+",2022-02-12,2022-01-21,"-22 day ahead inc hosp","quantile",0.975,6045,"COVID-19"
"DE","00+",2022-02-12,2022-01-20,"-23 day ahead inc hosp","mean",NA,5569,"COVID-19"
"DE","00+",2022-02-12,2022-01-20,"-23 day ahead inc hosp","quantile",0.025,5431,"COVID-19"
"DE","00+",2022-02-12,2022-01-20,"-23 day ahead inc hosp","quantile",0.1,5463,"COVID-19"
"DE","00+",2022-02-12,2022-01-20,"-23 day ahead inc hosp","quantile",0.25,5500,"COVID-19"
"DE","00+",2022-02-12,2022-01-20,"-23 day ahead inc hosp","quantile",0.5,5554,"COVID-19"
"DE","00+",2022-02-12,2022-01-20,"-23 day ahead inc hosp","quantile",0.75,5622,"COVID-19"
"DE","00+",2022-02-12,2022-01-20,"-23 day ahead inc hosp","quantile",0.9,5695,"COVID-19"
"DE","00+",2022-02-12,2022-01-20,"-23 day ahead inc hosp","quantile",0.975,5793,"COVID-19"
"DE","00+",2022-02-12,2022-01-19,"-24 day ahead inc hosp","mean",NA,5293,"COVID-19"
"DE","00+",2022-02-12,2022-01-19,"-24 day ahead inc hosp","quantile",0.025,5172,"COVID-19"
"DE","00+",2022-02-12,2022-01-19,"-24 day ahead inc hosp","quantile",0.1,5200,"COVID-19"
"DE","00+",2022-02-12,2022-01-19,"-24 day ahead inc hosp","quantile",0.25,5232,"COVID-19"
"DE","00+",2022-02-12,2022-01-19,"-24 day ahead inc hosp","quantile",0.5,5279,"COVID-19"
"DE","00+",2022-02-12,2022-01-19,"-24 day ahead inc hosp","quantile",0.75,5339,"COVID-19"
"DE","00+",2022-02-12,2022-01-19,"-24 day ahead inc hosp","quantile",0.9,5404,"COVID-19"
"DE","00+",2022-02-12,2022-01-19,"-24 day ahead inc hosp","quantile",0.975,5491,"COVID-19"
"DE","00+",2022-02-12,2022-01-18,"-25 day ahead inc hosp","mean",NA,5035,"COVID-19"
"DE","00+",2022-02-12,2022-01-18,"-25 day ahead inc hosp","quantile",0.025,4931,"COVID-19"
"DE","00+",2022-02-12,2022-01-18,"-25 day ahead inc hosp","quantile",0.1,4954,"COVID-19"
"DE","00+",2022-02-12,2022-01-18,"-25 day ahead inc hosp","quantile",0.25,4983,"COVID-19"
"DE","00+",2022-02-12,2022-01-18,"-25 day ahead inc hosp","quantile",0.5,5023,"COVID-19"
"DE","00+",2022-02-12,2022-01-18,"-25 day ahead inc hosp","quantile",0.75,5075,"COVID-19"
"DE","00+",2022-02-12,2022-01-18,"-25 day ahead inc hosp","quantile",0.9,5132,"COVID-19"
"DE","00+",2022-02-12,2022-01-18,"-25 day ahead inc hosp","quantile",0.975,5208,"COVID-19"
"DE","00+",2022-02-12,2022-01-17,"-26 day ahead inc hosp","mean",NA,4886,"COVID-19"
"DE","00+",2022-02-12,2022-01-17,"-26 day ahead inc hosp","quantile",0.025,4794,"COVID-19"
"DE","00+",2022-02-12,2022-01-17,"-26 day ahead inc hosp","quantile",0.1,4814,"COVID-19"
"DE","00+",2022-02-12,2022-01-17,"-26 day ahead inc hosp","quantile",0.25,4839,"COVID-19"
"DE","00+",2022-02-12,2022-01-17,"-26 day ahead inc hosp","quantile",0.5,4875,"COVID-19"
"DE","00+",2022-02-12,2022-01-17,"-26 day ahead inc hosp","quantile",0.75,4922,"COVID-19"
"DE","00+",2022-02-12,2022-01-17,"-26 day ahead inc hosp","quantile",0.9,4973,"COVID-19"
"DE","00+",2022-02-12,2022-01-17,"-26 day ahead inc hosp","quantile",0.975,5041,"COVID-19"
"DE","00+",2022-02-12,2022-01-16,"-27 day ahead inc hosp","mean",NA,4849,"COVID-19"
"DE","00+",2022-02-12,2022-01-16,"-27 day ahead inc hosp","quantile",0.025,4760,"COVID-19"
"DE","00+",2022-02-12,2022-01-16,"-27 day ahead inc hosp","quantile",0.1,4780,"COVID-19"
"DE","00+",2022-02-12,2022-01-16,"-27 day ahead inc hosp","quantile",0.25,4804,"COVID-19"
"DE","00+",2022-02-12,2022-01-16,"-27 day ahead inc hosp","quantile",0.5,4839,"COVID-19"
"DE","00+",2022-02-12,2022-01-16,"-27 day ahead inc hosp","quantile",0.75,4883,"COVID-19"
"DE","00+",2022-02-12,2022-01-16,"-27 day ahead inc hosp","quantile",0.9,4932,"COVID-19"
"DE","00+",2022-02-12,2022-01-16,"-27 day ahead inc hosp","quantile",0.975,4998,"COVID-19"
"DE","00+",2022-02-12,2022-01-15,"-28 day ahead inc hosp","mean",NA,4821,"COVID-19"
"DE","00+",2022-02-12,2022-01-15,"-28 day ahead inc hosp","quantile",0.025,4737,"COVID-19"
"DE","00+",2022-02-12,2022-01-15,"-28 day ahead inc hosp","quantile",0.1,4755,"COVID-19"
"DE","00+",2022-02-12,2022-01-15,"-28 day ahead inc hosp","quantile",0.25,4778,"COVID-19"
"DE","00+",2022-02-12,2022-01-15,"-28 day ahead inc hosp","quantile",0.5,4811,"COVID-19"
"DE","00+",2022-02-12,2022-01-15,"-28 day ahead inc hosp","quantile",0.75,4853,"COVID-19"
"DE","00+",2022-02-12,2022-01-15,"-28 day ahead inc hosp","quantile",0.9,4900,"COVID-19"
"DE","00+",2022-02-12,2022-01-15,"-28 day ahead inc hosp","quantile",0.975,4962,"COVID-19"
"DE","00-04",2022-02-12,2022-02-12,"0 day ahead inc hosp","mean",NA,419,"COVID-19"
"DE","00-04",2022-02-12,2022-02-12,"0 day ahead inc hosp","quantile",0.025,334,"COVID-19"
"DE","00-04",2022-02-12,2022-02-12,"0 day ahead inc hosp","quantile",0.1,358,"COVID-19"
"DE","00-04",2022-02-12,2022-02-12,"0 day ahead inc hosp","quantile",0.25,383,"COVID-19"
"DE","00-04",2022-02-12,2022-02-12,"0 day ahead inc hosp","quantile",0.5,415,"COVID-19"
"DE","00-04",2022-02-12,2022-02-12,"0 day ahead inc hosp","quantile",0.75,450,"COVID-19"
"DE","00-04",2022-02-12,2022-02-12,"0 day ahead inc hosp","quantile",0.9,485,"COVID-19"
"DE","00-04",2022-02-12,2022-02-12,"0 day ahead inc hosp","quantile",0.975,529,"COVID-19"
"DE","00-04",2022-02-12,2022-02-11,"-1 day ahead inc hosp","mean",NA,396,"COVID-19"
"DE","00-04",2022-02-12,2022-02-11,"-1 day ahead inc hosp","quantile",0.025,336,"COVID-19"
"DE","00-04",2022-02-12,2022-02-11,"-1 day ahead inc hosp","quantile",0.1,353,"COVID-19"
"DE","00-04",2022-02-12,2022-02-11,"-1 day ahead inc hosp","quantile",0.25,371,"COVID-19"
"DE","00-04",2022-02-12,2022-02-11,"-1 day ahead inc hosp","quantile",0.5,393,"COVID-19"
"DE","00-04",2022-02-12,2022-02-11,"-1 day ahead inc hosp","quantile",0.75,418,"COVID-19"
"DE","00-04",2022-02-12,2022-02-11,"-1 day ahead inc hosp","quantile",0.9,443,"COVID-19"
"DE","00-04",2022-02-12,2022-02-11,"-1 day ahead inc hosp","quantile",0.975,473,"COVID-19"
"DE","00-04",2022-02-12,2022-02-10,"-2 day ahead inc hosp","mean",NA,400,"COVID-19"
"DE","00-04",2022-02-12,2022-02-10,"-2 day ahead inc hosp","quantile",0.025,351,"COVID-19"
"DE","00-04",2022-02-12,2022-02-10,"-2 day ahead inc hosp","quantile",0.1,365,"COVID-19"
"DE","00-04",2022-02-12,2022-02-10,"-2 day ahead inc hosp","quantile",0.25,380,"COVID-19"
"DE","00-04",2022-02-12,2022-02-10,"-2 day ahead inc hosp","quantile",0.5,398,"COVID-19"
"DE","00-04",2022-02-12,2022-02-10,"-2 day ahead inc hosp","quantile",0.75,418,"COVID-19"
"DE","00-04",2022-02-12,2022-02-10,"-2 day ahead inc hosp","quantile",0.9,439,"COVID-19"
"DE","00-04",2022-02-12,2022-02-10,"-2 day ahead inc hosp","quantile",0.975,464,"COVID-19"
"DE","00-04",2022-02-12,2022-02-09,"-3 day ahead inc hosp","mean",NA,375,"COVID-19"
"DE","00-04",2022-02-12,2022-02-09,"-3 day ahead inc hosp","quantile",0.025,338,"COVID-19"
"DE","00-04",2022-02-12,2022-02-09,"-3 day ahead inc hosp","quantile",0.1,349,"COVID-19"
"DE","00-04",2022-02-12,2022-02-09,"-3 day ahead inc hosp","quantile",0.25,360,"COVID-19"
"DE","00-04",2022-02-12,2022-02-09,"-3 day ahead inc hosp","quantile",0.5,373,"COVID-19"
"DE","00-04",2022-02-12,2022-02-09,"-3 day ahead inc hosp","quantile",0.75,388,"COVID-19"
"DE","00-04",2022-02-12,2022-02-09,"-3 day ahead inc hosp","quantile",0.9,403,"COVID-19"
"DE","00-04",2022-02-12,2022-02-09,"-3 day ahead inc hosp","quantile",0.975,421,"COVID-19"
"DE","00-04",2022-02-12,2022-02-08,"-4 day ahead inc hosp","mean",NA,368,"COVID-19"
"DE","00-04",2022-02-12,2022-02-08,"-4 day ahead inc hosp","quantile",0.025,337,"COVID-19"
"DE","00-04",2022-02-12,2022-02-08,"-4 day ahead inc hosp","quantile",0.1,346,"COVID-19"
"DE","00-04",2022-02-12,2022-02-08,"-4 day ahead inc hosp","quantile",0.25,355,"COVID-19"
"DE","00-04",2022-02-12,2022-02-08,"-4 day ahead inc hosp","quantile",0.5,366,"COVID-19"
"DE","00-04",2022-02-12,2022-02-08,"-4 day ahead inc hosp","quantile",0.75,379,"COVID-19"
"DE","00-04",2022-02-12,2022-02-08,"-4 day ahead inc hosp","quantile",0.9,391,"COVID-19"
"DE","00-04",2022-02-12,2022-02-08,"-4 day ahead inc hosp","quantile",0.975,406,"COVID-19"
"DE","00-04",2022-02-12,2022-02-07,"-5 day ahead inc hosp","mean",NA,380,"COVID-19"
"DE","00-04",2022-02-12,2022-02-07,"-5 day ahead inc hosp","quantile",0.025,353,"COVID-19"
"DE","00-04",2022-02-12,2022-02-07,"-5 day ahead inc hosp","quantile",0.1,361,"COVID-19"
"DE","00-04",2022-02-12,2022-02-07,"-5 day ahead inc hosp","quantile",0.25,369,"COVID-19"
"DE","00-04",2022-02-12,2022-02-07,"-5 day ahead inc hosp","quantile",0.5,379,"COVID-19"
"DE","00-04",2022-02-12,2022-02-07,"-5 day ahead inc hosp","quantile",0.75,390,"COVID-19"
"DE","00-04",2022-02-12,2022-02-07,"-5 day ahead inc hosp","quantile",0.9,401,"COVID-19"
"DE","00-04",2022-02-12,2022-02-07,"-5 day ahead inc hosp","quantile",0.975,415,"COVID-19"
"DE","00-04",2022-02-12,2022-02-06,"-6 day ahead inc hosp","mean",NA,369,"COVID-19"
"DE","00-04",2022-02-12,2022-02-06,"-6 day ahead inc hosp","quantile",0.025,342,"COVID-19"
"DE","00-04",2022-02-12,2022-02-06,"-6 day ahead inc hosp","quantile",0.1,350,"COVID-19"
"DE","00-04",2022-02-12,2022-02-06,"-6 day ahead inc hosp","quantile",0.25,357,"COVID-19"
"DE","00-04",2022-02-12,2022-02-06,"-6 day ahead inc hosp","quantile",0.5,367,"COVID-19"
"DE","00-04",2022-02-12,2022-02-06,"-6 day ahead inc hosp","quantile",0.75,378,"COVID-19"
"DE","00-04",2022-02-12,2022-02-06,"-6 day ahead inc hosp","quantile",0.9,390,"COVID-19"
"DE","00-04",2022-02-12,2022-02-06,"-6 day ahead inc hosp","quantile",0.975,404,"COVID-19"
"DE","00-04",2022-02-12,2022-02-05,"-7 day ahead inc hosp","mean",NA,380,"COVID-19"
"DE","00-04",2022-02-12,2022-02-05,"-7 day ahead inc hosp","quantile",0.025,353,"COVID-19"
"DE","00-04",2022-02-12,2022-02-05,"-7 day ahead inc hosp","quantile",0.1,360,"COVID-19"
"DE","00-04",2022-02-12,2022-02-05,"-7 day ahead inc hosp","quantile",0.25,368,"COVID-19"
"DE","00-04",2022-02-12,2022-02-05,"-7 day ahead inc hosp","quantile",0.5,378,"COVID-19"
"DE","00-04",2022-02-12,2022-02-05,"-7 day ahead inc hosp","quantile",0.75,390,"COVID-19"
"DE","00-04",2022-02-12,2022-02-05,"-7 day ahead inc hosp","quantile",0.9,402,"COVID-19"
"DE","00-04",2022-02-12,2022-02-05,"-7 day ahead inc hosp","quantile",0.975,417,"COVID-19"
"DE","00-04",2022-02-12,2022-02-04,"-8 day ahead inc hosp","mean",NA,374,"COVID-19"
"DE","00-04",2022-02-12,2022-02-04,"-8 day ahead inc hosp","quantile",0.025,350,"COVID-19"
"DE","00-04",2022-02-12,2022-02-04,"-8 day ahead inc hosp","quantile",0.1,356,"COVID-19"
"DE","00-04",2022-02-12,2022-02-04,"-8 day ahead inc hosp","quantile",0.25,363,"COVID-19"
"DE","00-04",2022-02-12,2022-02-04,"-8 day ahead inc hosp","quantile",0.5,372,"COVID-19"
"DE","00-04",2022-02-12,2022-02-04,"-8 day ahead inc hosp","quantile",0.75,383,"COVID-19"
"DE","00-04",2022-02-12,2022-02-04,"-8 day ahead inc hosp","quantile",0.9,393,"COVID-19"
"DE","00-04",2022-02-12,2022-02-04,"-8 day ahead inc hosp","quantile",0.975,407,"COVID-19"
"DE","00-04",2022-02-12,2022-02-03,"-9 day ahead inc hosp","mean",NA,358,"COVID-19"
"DE","00-04",2022-02-12,2022-02-03,"-9 day ahead inc hosp","quantile",0.025,337,"COVID-19"
"DE","00-04",2022-02-12,2022-02-03,"-9 day ahead inc hosp","quantile",0.1,343,"COVID-19"
"DE","00-04",2022-02-12,2022-02-03,"-9 day ahead inc hosp","quantile",0.25,349,"COVID-19"
"DE","00-04",2022-02-12,2022-02-03,"-9 day ahead inc hosp","quantile",0.5,357,"COVID-19"
"DE","00-04",2022-02-12,2022-02-03,"-9 day ahead inc hosp","quantile",0.75,366,"COVID-19"
"DE","00-04",2022-02-12,2022-02-03,"-9 day ahead inc hosp","quantile",0.9,376,"COVID-19"
"DE","00-04",2022-02-12,2022-02-03,"-9 day ahead inc hosp","quantile",0.975,389,"COVID-19"
"DE","00-04",2022-02-12,2022-02-02,"-10 day ahead inc hosp","mean",NA,365,"COVID-19"
"DE","00-04",2022-02-12,2022-02-02,"-10 day ahead inc hosp","quantile",0.025,343,"COVID-19"
"DE","00-04",2022-02-12,2022-02-02,"-10 day ahead inc hosp","quantile",0.1,349,"COVID-19"
"DE","00-04",2022-02-12,2022-02-02,"-10 day ahead inc hosp","quantile",0.25,355,"COVID-19"
"DE","00-04",2022-02-12,2022-02-02,"-10 day ahead inc hosp","quantile",0.5,363,"COVID-19"
"DE","00-04",2022-02-12,2022-02-02,"-10 day ahead inc hosp","quantile",0.75,373,"COVID-19"
"DE","00-04",2022-02-12,2022-02-02,"-10 day ahead inc hosp","quantile",0.9,383,"COVID-19"
"DE","00-04",2022-02-12,2022-02-02,"-10 day ahead inc hosp","quantile",0.975,396,"COVID-19"
"DE","00-04",2022-02-12,2022-02-01,"-11 day ahead inc hosp","mean",NA,376,"COVID-19"
"DE","00-04",2022-02-12,2022-02-01,"-11 day ahead inc hosp","quantile",0.025,356,"COVID-19"
"DE","00-04",2022-02-12,2022-02-01,"-11 day ahead inc hosp","quantile",0.1,361,"COVID-19"
"DE","00-04",2022-02-12,2022-02-01,"-11 day ahead inc hosp","quantile",0.25,367,"COVID-19"
"DE","00-04",2022-02-12,2022-02-01,"-11 day ahead inc hosp","quantile",0.5,374,"COVID-19"
"DE","00-04",2022-02-12,2022-02-01,"-11 day ahead inc hosp","quantile",0.75,384,"COVID-19"
"DE","00-04",2022-02-12,2022-02-01,"-11 day ahead inc hosp","quantile",0.9,393,"COVID-19"
"DE","00-04",2022-02-12,2022-02-01,"-11 day ahead inc hosp","quantile",0.975,406,"COVID-19"
"DE","00-04",2022-02-12,2022-01-31,"-12 day ahead inc hosp","mean",NA,356,"COVID-19"
"DE","00-04",2022-02-12,2022-01-31,"-12 day ahead inc hosp","quantile",0.025,339,"COVID-19"
"DE","00-04",2022-02-12,2022-01-31,"-12 day ahead inc hosp","quantile",0.1,344,"COVID-19"
"DE","00-04",2022-02-12,2022-01-31,"-12 day ahead inc hosp","quantile",0.25,349,"COVID-19"
"DE","00-04",2022-02-12,2022-01-31,"-12 day ahead inc hosp","quantile",0.5,355,"COVID-19"
"DE","00-04",2022-02-12,2022-01-31,"-12 day ahead inc hosp","quantile",0.75,363,"COVID-19"
"DE","00-04",2022-02-12,2022-01-31,"-12 day ahead inc hosp","quantile",0.9,371,"COVID-19"
"DE","00-04",2022-02-12,2022-01-31,"-12 day ahead inc hosp","quantile",0.975,382,"COVID-19"
"DE","00-04",2022-02-12,2022-01-30,"-13 day ahead inc hosp","mean",NA,370,"COVID-19"
"DE","00-04",2022-02-12,2022-01-30,"-13 day ahead inc hosp","quantile",0.025,352,"COVID-19"
"DE","00-04",2022-02-12,2022-01-30,"-13 day ahead inc hosp","quantile",0.1,357,"COVID-19"
"DE","00-04",2022-02-12,2022-01-30,"-13 day ahead inc hosp","quantile",0.25,362,"COVID-19"
"DE","00-04",2022-02-12,2022-01-30,"-13 day ahead inc hosp","quantile",0.5,368,"COVID-19"
"DE","00-04",2022-02-12,2022-01-30,"-13 day ahead inc hosp","quantile",0.75,376,"COVID-19"
"DE","00-04",2022-02-12,2022-01-30,"-13 day ahead inc hosp","quantile",0.9,384,"COVID-19"
"DE","00-04",2022-02-12,2022-01-30,"-13 day ahead inc hosp","quantile",0.975,394,"COVID-19"
"DE","00-04",2022-02-12,2022-01-29,"-14 day ahead inc hosp","mean",NA,353,"COVID-19"
"DE","00-04",2022-02-12,2022-01-29,"-14 day ahead inc hosp","quantile",0.025,336,"COVID-19"
"DE","00-04",2022-02-12,2022-01-29,"-14 day ahead inc hosp","quantile",0.1,341,"COVID-19"
"DE","00-04",2022-02-12,2022-01-29,"-14 day ahead inc hosp","quantile",0.25,345,"COVID-19"
"DE","00-04",2022-02-12,2022-01-29,"-14 day ahead inc hosp","quantile",0.5,351,"COVID-19"
"DE","00-04",2022-02-12,2022-01-29,"-14 day ahead inc hosp","quantile",0.75,359,"COVID-19"
"DE","00-04",2022-02-12,2022-01-29,"-14 day ahead inc hosp","quantile",0.9,366,"COVID-19"
"DE","00-04",2022-02-12,2022-01-29,"-14 day ahead inc hosp","quantile",0.975,376,"COVID-19"
"DE","00-04",2022-02-12,2022-01-28,"-15 day ahead inc hosp","mean",NA,353,"COVID-19"
"DE","00-04",2022-02-12,2022-01-28,"-15 day ahead inc hosp","quantile",0.025,338,"COVID-19"
"DE","00-04",2022-02-12,2022-01-28,"-15 day ahead inc hosp","quantile",0.1,342,"COVID-19"
"DE","00-04",2022-02-12,2022-01-28,"-15 day ahead inc hosp","quantile",0.25,346,"COVID-19"
"DE","00-04",2022-02-12,2022-01-28,"-15 day ahead inc hosp","quantile",0.5,352,"COVID-19"
"DE","00-04",2022-02-12,2022-01-28,"-15 day ahead inc hosp","quantile",0.75,359,"COVID-19"
"DE","00-04",2022-02-12,2022-01-28,"-15 day ahead inc hosp","quantile",0.9,367,"COVID-19"
"DE","00-04",2022-02-12,2022-01-28,"-15 day ahead inc hosp","quantile",0.975,376,"COVID-19"
"DE","00-04",2022-02-12,2022-01-27,"-16 day ahead inc hosp","mean",NA,350,"COVID-19"
"DE","00-04",2022-02-12,2022-01-27,"-16 day ahead inc hosp","quantile",0.025,336,"COVID-19"
"DE","00-04",2022-02-12,2022-01-27,"-16 day ahead inc hosp","quantile",0.1,339,"COVID-19"
"DE","00-04",2022-02-12,2022-01-27,"-16 day ahead inc hosp","quantile",0.25,344,"COVID-19"
"DE","00-04",2022-02-12,2022-01-27,"-16 day ahead inc hosp","quantile",0.5,349,"COVID-19"
"DE","00-04",2022-02-12,2022-01-27,"-16 day ahead inc hosp","quantile",0.75,356,"COVID-19"
"DE","00-04",2022-02-12,2022-01-27,"-16 day ahead inc hosp","quantile",0.9,363,"COVID-19"
"DE","00-04",2022-02-12,2022-01-27,"-16 day ahead inc hosp","quantile",0.975,371,"COVID-19"
"DE","00-04",2022-02-12,2022-01-26,"-17 day ahead inc hosp","mean",NA,351,"COVID-19"
"DE","00-04",2022-02-12,2022-01-26,"-17 day ahead inc hosp","quantile",0.025,337,"COVID-19"
"DE","00-04",2022-02-12,2022-01-26,"-17 day ahead inc hosp","quantile",0.1,341,"COVID-19"
"DE","00-04",2022-02-12,2022-01-26,"-17 day ahead inc hosp","quantile",0.25,345,"COVID-19"
"DE","00-04",2022-02-12,2022-01-26,"-17 day ahead inc hosp","quantile",0.5,350,"COVID-19"
"DE","00-04",2022-02-12,2022-01-26,"-17 day ahead inc hosp","quantile",0.75,357,"COVID-19"
"DE","00-04",2022-02-12,2022-01-26,"-17 day ahead inc hosp","quantile",0.9,363,"COVID-19"
"DE","00-04",2022-02-12,2022-01-26,"-17 day ahead inc hosp","quantile",0.975,372,"COVID-19"
"DE","00-04",2022-02-12,2022-01-25,"-18 day ahead inc hosp","mean",NA,322,"COVID-19"
"DE","00-04",2022-02-12,2022-01-25,"-18 day ahead inc hosp","quantile",0.025,309,"COVID-19"
"DE","00-04",2022-02-12,2022-01-25,"-18 day ahead inc hosp","quantile",0.1,312,"COVID-19"
"DE","00-04",2022-02-12,2022-01-25,"-18 day ahead inc hosp","quantile",0.25,316,"COVID-19"
"DE","00-04",2022-02-12,2022-01-25,"-18 day ahead inc hosp","quantile",0.5,321,"COVID-19"
"DE","00-04",2022-02-12,2022-01-25,"-18 day ahead inc hosp","quantile",0.75,326,"COVID-19"
"DE","00-04",2022-02-12,2022-01-25,"-18 day ahead inc hosp","quantile",0.9,333,"COVID-19"
"DE","00-04",2022-02-12,2022-01-25,"-18 day ahead inc hosp","quantile",0.975,340,"COVID-19"
"DE","00-04",2022-02-12,2022-01-24,"-19 day ahead inc hosp","mean",NA,310,"COVID-19"
"DE","00-04",2022-02-12,2022-01-24,"-19 day ahead inc hosp","quantile",0.025,298,"COVID-19"
"DE","00-04",2022-02-12,2022-01-24,"-19 day ahead inc hosp","quantile",0.1,301,"COVID-19"
"DE","00-04",2022-02-12,2022-01-24,"-19 day ahead inc hosp","quantile",0.25,305,"COVID-19"
"DE","00-04",2022-02-12,2022-01-24,"-19 day ahead inc hosp","quantile",0.5,309,"COVID-19"
"DE","00-04",2022-02-12,2022-01-24,"-19 day ahead inc hosp","quantile",0.75,314,"COVID-19"
"DE","00-04",2022-02-12,2022-01-24,"-19 day ahead inc hosp","quantile",0.9,320,"COVID-19"
"DE","00-04",2022-02-12,2022-01-24,"-19 day ahead inc hosp","quantile",0.975,327,"COVID-19"
"DE","00-04",2022-02-12,2022-01-23,"-20 day ahead inc hosp","mean",NA,299,"COVID-19"
"DE","00-04",2022-02-12,2022-01-23,"-20 day ahead inc hosp","quantile",0.025,287,"COVID-19"
"DE","00-04",2022-02-12,2022-01-23,"-20 day ahead inc hosp","quantile",0.1,290,"COVID-19"
"DE","00-04",2022-02-12,2022-01-23,"-20 day ahead inc hosp","quantile",0.25,293,"COVID-19"
"DE","00-04",2022-02-12,2022-01-23,"-20 day ahead inc hosp","quantile",0.5,298,"COVID-19"
"DE","00-04",2022-02-12,2022-01-23,"-20 day ahead inc hosp","quantile",0.75,303,"COVID-19"
"DE","00-04",2022-02-12,2022-01-23,"-20 day ahead inc hosp","quantile",0.9,309,"COVID-19"
"DE","00-04",2022-02-12,2022-01-23,"-20 day ahead inc hosp","quantile",0.975,317,"COVID-19"
"DE","00-04",2022-02-12,2022-01-22,"-21 day ahead inc hosp","mean",NA,307,"COVID-19"
"DE","00-04",2022-02-12,2022-01-22,"-21 day ahead inc hosp","quantile",0.025,295,"COVID-19"
"DE","00-04",2022-02-12,2022-01-22,"-21 day ahead inc hosp","quantile",0.1,297,"COVID-19"
"DE","00-04",2022-02-12,2022-01-22,"-21 day ahead inc hosp","quantile",0.25,301,"COVID-19"
"DE","00-04",2022-02-12,2022-01-22,"-21 day ahead inc hosp","quantile",0.5,306,"COVID-19"
"DE","00-04",2022-02-12,2022-01-22,"-21 day ahead inc hosp","quantile",0.75,312,"COVID-19"
"DE","00-04",2022-02-12,2022-01-22,"-21 day ahead inc hosp","quantile",0.9,318,"COVID-19"
"DE","00-04",2022-02-12,2022-01-22,"-21 day ahead inc hosp","quantile",0.975,326,"COVID-19"
"DE","00-04",2022-02-12,2022-01-21,"-22 day ahead inc hosp","mean",NA,279,"COVID-19"
"DE","00-04",2022-02-12,2022-01-21,"-22 day ahead inc hosp","quantile",0.025,267,"COVID-19"
"DE","00-04",2022-02-12,2022-01-21,"-22 day ahead inc hosp","quantile",0.1,270,"COVID-19"
"DE","00-04",2022-02-12,2022-01-21,"-22 day ahead inc hosp","quantile",0.25,273,"COVID-19"
"DE","00-04",2022-02-12,2022-01-21,"-22 day ahead inc hosp","quantile",0.5,277,"COVID-19"
"DE","00-04",2022-02-12,2022-01-21,"-22 day ahead inc hosp","quantile",0.75,283,"COVID-19"
"DE","00-04",2022-02-12,2022-01-21,"-22 day ahead inc hosp","quantile",0.9,289,"COVID-19"
"DE","00-04",2022-02-12,2022-01-21,"-22 day ahead inc hosp","quantile",0.975,297,"COVID-19"
"DE","00-04",2022-02-12,2022-01-20,"-23 day ahead inc hosp","mean",NA,268,"COVID-19"
"DE","00-04",2022-02-12,2022-01-20,"-23 day ahead inc hosp","quantile",0.025,258,"COVID-19"
"DE","00-04",2022-02-12,2022-01-20,"-23 day ahead inc hosp","quantile",0.1,260,"COVID-19"
"DE","00-04",2022-02-12,2022-01-20,"-23 day ahead inc hosp","quantile",0.25,263,"COVID-19"
"DE","00-04",2022-02-12,2022-01-20,"-23 day ahead inc hosp","quantile",0.5,267,"COVID-19"
"DE","00-04",2022-02-12,2022-01-20,"-23 day ahead inc hosp","quantile",0.75,272,"COVID-19"
"DE","00-04",2022-02-12,2022-01-20,"-23 day ahead inc hosp","quantile",0.9,279,"COVID-19"
"DE","00-04",2022-02-12,2022-01-20,"-23 day ahead inc hosp","quantile",0.975,287,"COVID-19"
"DE","00-04",2022-02-12,2022-01-19,"-24 day ahead inc hosp","mean",NA,252,"COVID-19"
"DE","00-04",2022-02-12,2022-01-19,"-24 day ahead inc hosp","quantile",0.025,242,"COVID-19"
"DE","00-04",2022-02-12,2022-01-19,"-24 day ahead inc hosp","quantile",0.1,244,"COVID-19"
"DE","00-04",2022-02-12,2022-01-19,"-24 day ahead inc hosp","quantile",0.25,246,"COVID-19"
"DE","00-04",2022-02-12,2022-01-19,"-24 day ahead inc hosp","quantile",0.5,250,"COVID-19"
"DE","00-04",2022-02-12,2022-01-19,"-24 day ahead inc hosp","quantile",0.75,256,"COVID-19"
"DE","00-04",2022-02-12,2022-01-19,"-24 day ahead inc hosp","quantile",0.9,262,"COVID-19"
"DE","00-04",2022-02-12,2022-01-19,"-24 day ahead inc hosp","quantile",0.975,270,"COVID-19"
"DE","00-04",2022-02-12,2022-01-18,"-25 day ahead inc hosp","mean",NA,244,"COVID-19"
"DE","00-04",2022-02-12,2022-01-18,"-25 day ahead inc hosp","quantile",0.025,235,"COVID-19"
"DE","00-04",2022-02-12,2022-01-18,"-25 day ahead inc hosp","quantile",0.1,236,"COVID-19"
"DE","00-04",2022-02-12,2022-01-18,"-25 day ahead inc hosp","quantile",0.25,239,"COVID-19"
"DE","00-04",2022-02-12,2022-01-18,"-25 day ahead inc hosp","quantile",0.5,242,"COVID-19"
"DE","00-04",2022-02-12,2022-01-18,"-25 day ahead inc hosp","quantile",0.75,247,"COVID-19"
"DE","00-04",2022-02-12,2022-01-18,"-25 day ahead inc hosp","quantile",0.9,253,"COVID-19"
"DE","00-04",2022-02-12,2022-01-18,"-25 day ahead inc hosp","quantile",0.975,260,"COVID-19"
"DE","00-04",2022-02-12,2022-01-17,"-26 day ahead inc hosp","mean",NA,230,"COVID-19"
"DE","00-04",2022-02-12,2022-01-17,"-26 day ahead inc hosp","quantile",0.025,223,"COVID-19"
"DE","00-04",2022-02-12,2022-01-17,"-26 day ahead inc hosp","quantile",0.1,224,"COVID-19"
"DE","00-04",2022-02-12,2022-01-17,"-26 day ahead inc hosp","quantile",0.25,226,"COVID-19"
"DE","00-04",2022-02-12,2022-01-17,"-26 day ahead inc hosp","quantile",0.5,229,"COVID-19"
"DE","00-04",2022-02-12,2022-01-17,"-26 day ahead inc hosp","quantile",0.75,234,"COVID-19"
"DE","00-04",2022-02-12,2022-01-17,"-26 day ahead inc hosp","quantile",0.9,239,"COVID-19"
"DE","00-04",2022-02-12,2022-01-17,"-26 day ahead inc hosp","quantile",0.975,246,"COVID-19"
"DE","00-04",2022-02-12,2022-01-16,"-27 day ahead inc hosp","mean",NA,220,"COVID-19"
"DE","00-04",2022-02-12,2022-01-16,"-27 day ahead inc hosp","quantile",0.025,213,"COVID-19"
"DE","00-04",2022-02-12,2022-01-16,"-27 day ahead inc hosp","quantile",0.1,214,"COVID-19"
"DE","00-04",2022-02-12,2022-01-16,"-27 day ahead inc hosp","quantile",0.25,216,"COVID-19"
"DE","00-04",2022-02-12,2022-01-16,"-27 day ahead inc hosp","quantile",0.5,219,"COVID-19"
"DE","00-04",2022-02-12,2022-01-16,"-27 day ahead inc hosp","quantile",0.75,223,"COVID-19"
"DE","00-04",2022-02-12,2022-01-16,"-27 day ahead inc hosp","quantile",0.9,227,"COVID-19"
"DE","00-04",2022-02-12,2022-01-16,"-27 day ahead inc hosp","quantile",0.975,233,"COVID-19"
"DE","00-04",2022-02-12,2022-01-15,"-28 day ahead inc hosp","mean",NA,218,"COVID-19"
"DE","00-04",2022-02-12,2022-01-15,"-28 day ahead inc hosp","quantile",0.025,211,"COVID-19"
"DE","00-04",2022-02-12,2022-01-15,"-28 day ahead inc hosp","quantile",0.1,212,"COVID-19"
"DE","00-04",2022-02-12,2022-01-15,"-28 day ahead inc hosp","quantile",0.25,214,"COVID-19"
"DE","00-04",2022-02-12,2022-01-15,"-28 day ahead inc hosp","quantile",0.5,217,"COVID-19"
"DE","00-04",2022-02-12,2022-01-15,"-28 day ahead inc hosp","quantile",0.75,220,"COVID-19"
"DE","00-04",2022-02-12,2022-01-15,"-28 day ahead inc hosp","quantile",0.9,224,"COVID-19"
"DE","00-04",2022-02-12,2022-01-15,"-28 day ahead inc hosp","quantile",0.975,230,"COVID-19"
"DE","05-14",2022-02-12,2022-02-12,"0 day ahead inc hosp","mean",NA,407,"COVID-19"
"DE","05-14",2022-02-12,2022-02-12,"0 day ahead inc hosp","quantile",0.025,310,"COVID-19"
"DE","05-14",2022-02-12,2022-02-12,"0 day ahead inc hosp","quantile",0.1,335,"COVID-19"
"DE","05-14",2022-02-12,2022-02-12,"0 day ahead inc hosp","quantile",0.25,363,"COVID-19"
"DE","05-14",2022-02-12,2022-02-12,"0 day ahead inc hosp","quantile",0.5,399,"COVID-19"
"DE","05-14",2022-02-12,2022-02-12,"0 day ahead inc hosp","quantile",0.75,442,"COVID-19"
"DE","05-14",2022-02-12,2022-02-12,"0 day ahead inc hosp","quantile",0.9,487,"COVID-19"
"DE","05-14",2022-02-12,2022-02-12,"0 day ahead inc hosp","quantile",0.975,545,"COVID-19"
"DE","05-14",2022-02-12,2022-02-11,"-1 day ahead inc hosp","mean",NA,416,"COVID-19"
"DE","05-14",2022-02-12,2022-02-11,"-1 day ahead inc hosp","quantile",0.025,331,"COVID-19"
"DE","05-14",2022-02-12,2022-02-11,"-1 day ahead inc hosp","quantile",0.1,352,"COVID-19"
"DE","05-14",2022-02-12,2022-02-11,"-1 day ahead inc hosp","quantile",0.25,376,"COVID-19"
"DE","05-14",2022-02-12,2022-02-11,"-1 day ahead inc hosp","quantile",0.5,408,"COVID-19"
"DE","05-14",2022-02-12,2022-02-11,"-1 day ahead inc hosp","quantile",0.75,447,"COVID-19"
"DE","05-14",2022-02-12,2022-02-11,"-1 day ahead inc hosp","quantile",0.9,488,"COVID-19"
"DE","05-14",2022-02-12,2022-02-11,"-1 day ahead inc hosp","quantile",0.975,541,"COVID-19"
"DE","05-14",2022-02-12,2022-02-10,"-2 day ahead inc hosp","mean",NA,382,"COVID-19"
"DE","05-14",2022-02-12,2022-02-10,"-2 day ahead inc hosp","quantile",0.025,316,"COVID-19"
"DE","05-14",2022-02-12,2022-02-10,"-2 day ahead inc hosp","quantile",0.1,332,"COVID-19"
"DE","05-14",2022-02-12,2022-02-10,"-2 day ahead inc hosp","quantile",0.25,351,"COVID-19"
"DE","05-14",2022-02-12,2022-02-10,"-2 day ahead inc hosp","quantile",0.5,376,"COVID-19"
"DE","05-14",2022-02-12,2022-02-10,"-2 day ahead inc hosp","quantile",0.75,406,"COVID-19"
"DE","05-14",2022-02-12,2022-02-10,"-2 day ahead inc hosp","quantile",0.9,438,"COVID-19"
"DE","05-14",2022-02-12,2022-02-10,"-2 day ahead inc hosp","quantile",0.975,480,"COVID-19"
"DE","05-14",2022-02-12,2022-02-09,"-3 day ahead inc hosp","mean",NA,402,"COVID-19"
"DE","05-14",2022-02-12,2022-02-09,"-3 day ahead inc hosp","quantile",0.025,342,"COVID-19"
"DE","05-14",2022-02-12,2022-02-09,"-3 day ahead inc hosp","quantile",0.1,357,"COVID-19"
"DE","05-14",2022-02-12,2022-02-09,"-3 day ahead inc hosp","quantile",0.25,374,"COVID-19"
"DE","05-14",2022-02-12,2022-02-09,"-3 day ahead inc hosp","quantile",0.5,397,"COVID-19"
"DE","05-14",2022-02-12,2022-02-09,"-3 day ahead inc hosp","quantile",0.75,425,"COVID-19"
"DE","05-14",2022-02-12,2022-02-09,"-3 day ahead inc hosp","quantile",0.9,455,"COVID-19"
"DE","05-14",2022-02-12,2022-02-09,"-3 day ahead inc hosp","quantile",0.975,494,"COVID-19"
"DE","05-14",2022-02-12,2022-02-08,"-4 day ahead inc hosp","mean",NA,405,"COVID-19"
"DE","05-14",2022-02-12,2022-02-08,"-4 day ahead inc hosp","quantile",0.025,352,"COVID-19"
"DE","05-14",2022-02-12,2022-02-08,"-4 day ahead inc hosp","quantile",0.1,364,"COVID-19"
"DE","05-14",2022-02-12,2022-02-08,"-4 day ahead inc hosp","quantile",0.25,379,"COVID-19"
"DE","05-14",2022-02-12,2022-02-08,"-4 day ahead inc hosp","quantile",0.5,400,"COVID-19"
"DE","05-14",2022-02-12,2022-02-08,"-4 day ahead inc hosp","quantile",0.75,425,"COVID-19"
"DE","05-14",2022-02-12,2022-02-08,"-4 day ahead inc hosp","quantile",0.9,451,"COVID-19"
"DE","05-14",2022-02-12,2022-02-08,"-4 day ahead inc hosp","quantile",0.975,487,"COVID-19"
"DE","05-14",2022-02-12,2022-02-07,"-5 day ahead inc hosp","mean",NA,406,"COVID-19"
"DE","05-14",2022-02-12,2022-02-07,"-5 day ahead inc hosp","quantile",0.025,359,"COVID-19"
"DE","05-14",2022-02-12,2022-02-07,"-5 day ahead inc hosp","quantile",0.1,370,"COVID-19"
"DE","05-14",2022-02-12,2022-02-07,"-5 day ahead inc hosp","quantile",0.25,383,"COVID-19"
"DE","05-14",2022-02-12,2022-02-07,"-5 day ahead inc hosp","quantile",0.5,401,"COVID-19"
"DE","05-14",2022-02-12,2022-02-07,"-5 day ahead inc hosp","quantile",0.75,423,"COVID-19"
"DE","05-14",2022-02-12,2022-02-07,"-5 day ahead inc hosp","quantile",0.9,448,"COVID-19"
"DE","05-14",2022-02-12,2022-02-07,"-5 day ahead inc hosp","quantile",0.975,480,"COVID-19"
"DE","05-14",2022-02-12,2022-02-06,"-6 day ahead inc hosp","mean",NA,417,"COVID-19"
"DE","05-14",2022-02-12,2022-02-06,"-6 day ahead inc hosp","quantile",0.025,369,"COVID-19"
"DE","05-14",2022-02-12,2022-02-06,"-6 day ahead inc hosp","quantile",0.1,380,"COVID-19"
"DE","05-14",2022-02-12,2022-02-06,"-6 day ahead inc hosp","quantile",0.25,393,"COVID-19"
"DE","05-14",2022-02-12,2022-02-06,"-6 day ahead inc hosp","quantile",0.5,411,"COVID-19"
"DE","05-14",2022-02-12,2022-02-06,"-6 day ahead inc hosp","quantile",0.75,435,"COVID-19"
"DE","05-14",2022-02-12,2022-02-06,"-6 day ahead inc hosp","quantile",0.9,461,"COVID-19"
"DE","05-14",2022-02-12,2022-02-06,"-6 day ahead inc hosp","quantile",0.975,495,"COVID-19"
"DE","05-14",2022-02-12,2022-02-05,"-7 day ahead inc hosp","mean",NA,412,"COVID-19"
"DE","05-14",2022-02-12,2022-02-05,"-7 day ahead inc hosp","quantile",0.025,366,"COVID-19"
"DE","05-14",2022-02-12,2022-02-05,"-7 day ahead inc hosp","quantile",0.1,376,"COVID-19"
"DE","05-14",2022-02-12,2022-02-05,"-7 day ahead inc hosp","quantile",0.25,388,"COVID-19"
"DE","05-14",2022-02-12,2022-02-05,"-7 day ahead inc hosp","quantile",0.5,406,"COVID-19"
"DE","05-14",2022-02-12,2022-02-05,"-7 day ahead inc hosp","quantile",0.75,429,"COVID-19"
"DE","05-14",2022-02-12,2022-02-05,"-7 day ahead inc hosp","quantile",0.9,455,"COVID-19"
"DE","05-14",2022-02-12,2022-02-05,"-7 day ahead inc hosp","quantile",0.975,489,"COVID-19"
"DE","05-14",2022-02-12,2022-02-04,"-8 day ahead inc hosp","mean",NA,401,"COVID-19"
"DE","05-14",2022-02-12,2022-02-04,"-8 day ahead inc hosp","quantile",0.025,360,"COVID-19"
"DE","05-14",2022-02-12,2022-02-04,"-8 day ahead inc hosp","quantile",0.1,368,"COVID-19"
"DE","05-14",2022-02-12,2022-02-04,"-8 day ahead inc hosp","quantile",0.25,379,"COVID-19"
"DE","05-14",2022-02-12,2022-02-04,"-8 day ahead inc hosp","quantile",0.5,396,"COVID-19"
"DE","05-14",2022-02-12,2022-02-04,"-8 day ahead inc hosp","quantile",0.75,417,"COVID-19"
"DE","05-14",2022-02-12,2022-02-04,"-8 day ahead inc hosp","quantile",0.9,442,"COVID-19"
"DE","05-14",2022-02-12,2022-02-04,"-8 day ahead inc hosp","quantile",0.975,475,"COVID-19"
"DE","05-14",2022-02-12,2022-02-03,"-9 day ahead inc hosp","mean",NA,398,"COVID-19"
"DE","05-14",2022-02-12,2022-02-03,"-9 day ahead inc hosp","quantile",0.025,360,"COVID-19"
"DE","05-14",2022-02-12,2022-02-03,"-9 day ahead inc hosp","quantile",0.1,367,"COVID-19"
"DE","05-14",2022-02-12,2022-02-03,"-9 day ahead inc hosp","quantile",0.25,377,"COVID-19"
"DE","05-14",2022-02-12,2022-02-03,"-9 day ahead inc hosp","quantile",0.5,392,"COVID-19"
"DE","05-14",2022-02-12,2022-02-03,"-9 day ahead inc hosp","quantile",0.75,412,"COVID-19"
"DE","05-14",2022-02-12,2022-02-03,"-9 day ahead inc hosp","quantile",0.9,435,"COVID-19"
"DE","05-14",2022-02-12,2022-02-03,"-9 day ahead inc hosp","quantile",0.975,467,"COVID-19"
"DE","05-14",2022-02-12,2022-02-02,"-10 day ahead inc hosp","mean",NA,391,"COVID-19"
"DE","05-14",2022-02-12,2022-02-02,"-10 day ahead inc hosp","quantile",0.025,357,"COVID-19"
"DE","05-14",2022-02-12,2022-02-02,"-10 day ahead inc hosp","quantile",0.1,364,"COVID-19"
"DE","05-14",2022-02-12,2022-02-02,"-10 day ahead inc hosp","quantile",0.25,372,"COVID-19"
"DE","05-14",2022-02-12,2022-02-02,"-10 day ahead inc hosp","quantile",0.5,386,"COVID-19"
"DE","05-14",2022-02-12,2022-02-02,"-10 day ahead inc hosp","quantile",0.75,404,"COVID-19"
"DE","05-14",2022-02-12,2022-02-02,"-10 day ahead inc hosp","quantile",0.9,425,"COVID-19"
"DE","05-14",2022-02-12,2022-02-02,"-10 day ahead inc hosp","quantile",0.975,454,"COVID-19"
"DE","05-14",2022-02-12,2022-02-01,"-11 day ahead inc hosp","mean",NA,382,"COVID-19"
"DE","05-14",2022-02-12,2022-02-01,"-11 day ahead inc hosp","quantile",0.025,352,"COVID-19"
"DE","05-14",2022-02-12,2022-02-01,"-11 day ahead inc hosp","quantile",0.1,357,"COVID-19"
"DE","05-14",2022-02-12,2022-02-01,"-11 day ahead inc hosp","quantile",0.25,365,"COVID-19"
"DE","05-14",2022-02-12,2022-02-01,"-11 day ahead inc hosp","quantile",0.5,377,"COVID-19"
"DE","05-14",2022-02-12,2022-02-01,"-11 day ahead inc hosp","quantile",0.75,393,"COVID-19"
"DE","05-14",2022-02-12,2022-02-01,"-11 day ahead inc hosp","quantile",0.9,412,"COVID-19"
"DE","05-14",2022-02-12,2022-02-01,"-11 day ahead inc hosp","quantile",0.975,438,"COVID-19"
"DE","05-14",2022-02-12,2022-01-31,"-12 day ahead inc hosp","mean",NA,375,"COVID-19"
"DE","05-14",2022-02-12,2022-01-31,"-12 day ahead inc hosp","quantile",0.025,348,"COVID-19"
"DE","05-14",2022-02-12,2022-01-31,"-12 day ahead inc hosp","quantile",0.1,353,"COVID-19"
"DE","05-14",2022-02-12,2022-01-31,"-12 day ahead inc hosp","quantile",0.25,360,"COVID-19"
"DE","05-14",2022-02-12,2022-01-31,"-12 day ahead inc hosp","quantile",0.5,370,"COVID-19"
"DE","05-14",2022-02-12,2022-01-31,"-12 day ahead inc hosp","quantile",0.75,385,"COVID-19"
"DE","05-14",2022-02-12,2022-01-31,"-12 day ahead inc hosp","quantile",0.9,402,"COVID-19"
"DE","05-14",2022-02-12,2022-01-31,"-12 day ahead inc hosp","quantile",0.975,425,"COVID-19"
"DE","05-14",2022-02-12,2022-01-30,"-13 day ahead inc hosp","mean",NA,357,"COVID-19"
"DE","05-14",2022-02-12,2022-01-30,"-13 day ahead inc hosp","quantile",0.025,332,"COVID-19"
"DE","05-14",2022-02-12,2022-01-30,"-13 day ahead inc hosp","quantile",0.1,337,"COVID-19"
"DE","05-14",2022-02-12,2022-01-30,"-13 day ahead inc hosp","quantile",0.25,343,"COVID-19"
"DE","05-14",2022-02-12,2022-01-30,"-13 day ahead inc hosp","quantile",0.5,353,"COVID-19"
"DE","05-14",2022-02-12,2022-01-30,"-13 day ahead inc hosp","quantile",0.75,366,"COVID-19"
"DE","05-14",2022-02-12,2022-01-30,"-13 day ahead inc hosp","quantile",0.9,382,"COVID-19"
"DE","05-14",2022-02-12,2022-01-30,"-13 day ahead inc hosp","quantile",0.975,404,"COVID-19"
"DE","05-14",2022-02-12,2022-01-29,"-14 day ahead inc hosp","mean",NA,348,"COVID-19"
"DE","05-14",2022-02-12,2022-01-29,"-14 day ahead inc hosp","quantile",0.025,325,"COVID-19"
"DE","05-14",2022-02-12,2022-01-29,"-14 day ahead inc hosp","quantile",0.1,329,"COVID-19"
"DE","05-14",2022-02-12,2022-01-29,"-14 day ahead inc hosp","quantile",0.25,335,"COVID-19"
"DE","05-14",2022-02-12,2022-01-29,"-14 day ahead inc hosp","quantile",0.5,344,"COVID-19"
"DE","05-14",2022-02-12,2022-01-29,"-14 day ahead inc hosp","quantile",0.75,357,"COVID-19"
"DE","05-14",2022-02-12,2022-01-29,"-14 day ahead inc hosp","quantile",0.9,372,"COVID-19"
"DE","05-14",2022-02-12,2022-01-29,"-14 day ahead inc hosp","quantile",0.975,392,"COVID-19"
"DE","05-14",2022-02-12,2022-01-28,"-15 day ahead inc hosp","mean",NA,348,"COVID-19"
"DE","05-14",2022-02-12,2022-01-28,"-15 day ahead inc hosp","quantile",0.025,327,"COVID-19"
"DE","05-14",2022-02-12,2022-01-28,"-15 day ahead inc hosp","quantile",0.1,331,"COVID-19"
"DE","05-14",2022-02-12,2022-01-28,"-15 day ahead inc hosp","quantile",0.25,336,"COVID-19"
"DE","05-14",2022-02-12,2022-01-28,"-15 day ahead inc hosp","quantile",0.5,345,"COVID-19"
"DE","05-14",2022-02-12,2022-01-28,"-15 day ahead inc hosp","quantile",0.75,357,"COVID-19"
"DE","05-14",2022-02-12,2022-01-28,"-15 day ahead inc hosp","quantile",0.9,370,"COVID-19"
"DE","05-14",2022-02-12,2022-01-28,"-15 day ahead inc hosp","quantile",0.975,389,"COVID-19"
"DE","05-14",2022-02-12,2022-01-27,"-16 day ahead inc hosp","mean",NA,359,"COVID-19"
"DE","05-14",2022-02-12,2022-01-27,"-16 day ahead inc hosp","quantile",0.025,338,"COVID-19"
"DE","05-14",2022-02-12,2022-01-27,"-16 day ahead inc hosp","quantile",0.1,342,"COVID-19"
"DE","05-14",2022-02-12,2022-01-27,"-16 day ahead inc hosp","quantile",0.25,347,"COVID-19"
"DE","05-14",2022-02-12,2022-01-27,"-16 day ahead inc hosp","quantile",0.5,356,"COVID-19"
"DE","05-14",2022-02-12,2022-01-27,"-16 day ahead inc hosp","quantile",0.75,367,"COVID-19"
"DE","05-14",2022-02-12,2022-01-27,"-16 day ahead inc hosp","quantile",0.9,379,"COVID-19"
"DE","05-14",2022-02-12,2022-01-27,"-16 day ahead inc hosp","quantile",0.975,396,"COVID-19"
"DE","05-14",2022-02-12,2022-01-26,"-17 day ahead inc hosp","mean",NA,347,"COVID-19"
"DE","05-14",2022-02-12,2022-01-26,"-17 day ahead inc hosp","quantile",0.025,329,"COVID-19"
"DE","05-14",2022-02-12,2022-01-26,"-17 day ahead inc hosp","quantile",0.1,332,"COVID-19"
"DE","05-14",2022-02-12,2022-01-26,"-17 day ahead inc hosp","quantile",0.25,337,"COVID-19"
"DE","05-14",2022-02-12,2022-01-26,"-17 day ahead inc hosp","quantile",0.5,344,"COVID-19"
"DE","05-14",2022-02-12,2022-01-26,"-17 day ahead inc hosp","quantile",0.75,354,"COVID-19"
"DE","05-14",2022-02-12,2022-01-26,"-17 day ahead inc hosp","quantile",0.9,365,"COVID-19"
"DE","05-14",2022-02-12,2022-01-26,"-17 day ahead inc hosp","quantile",0.975,380,"COVID-19"
"DE","05-14",2022-02-12,2022-01-25,"-18 day ahead inc hosp","mean",NA,329,"COVID-19"
"DE","05-14",2022-02-12,2022-01-25,"-18 day ahead inc hosp","quantile",0.025,313,"COVID-19"
"DE","05-14",2022-02-12,2022-01-25,"-18 day ahead inc hosp","quantile",0.1,316,"COVID-19"
"DE","05-14",2022-02-12,2022-01-25,"-18 day ahead inc hosp","quantile",0.25,321,"COVID-19"
"DE","05-14",2022-02-12,2022-01-25,"-18 day ahead inc hosp","quantile",0.5,327,"COVID-19"
"DE","05-14",2022-02-12,2022-01-25,"-18 day ahead inc hosp","quantile",0.75,335,"COVID-19"
"DE","05-14",2022-02-12,2022-01-25,"-18 day ahead inc hosp","quantile",0.9,345,"COVID-19"
"DE","05-14",2022-02-12,2022-01-25,"-18 day ahead inc hosp","quantile",0.975,358,"COVID-19"
"DE","05-14",2022-02-12,2022-01-24,"-19 day ahead inc hosp","mean",NA,305,"COVID-19"
"DE","05-14",2022-02-12,2022-01-24,"-19 day ahead inc hosp","quantile",0.025,292,"COVID-19"
"DE","05-14",2022-02-12,2022-01-24,"-19 day ahead inc hosp","quantile",0.1,295,"COVID-19"
"DE","05-14",2022-02-12,2022-01-24,"-19 day ahead inc hosp","quantile",0.25,298,"COVID-19"
"DE","05-14",2022-02-12,2022-01-24,"-19 day ahead inc hosp","quantile",0.5,303,"COVID-19"
"DE","05-14",2022-02-12,2022-01-24,"-19 day ahead inc hosp","quantile",0.75,311,"COVID-19"
"DE","05-14",2022-02-12,2022-01-24,"-19 day ahead inc hosp","quantile",0.9,319,"COVID-19"
"DE","05-14",2022-02-12,2022-01-24,"-19 day ahead inc hosp","quantile",0.975,330,"COVID-19"
"DE","05-14",2022-02-12,2022-01-23,"-20 day ahead inc hosp","mean",NA,303,"COVID-19"
"DE","05-14",2022-02-12,2022-01-23,"-20 day ahead inc hosp","quantile",0.025,290,"COVID-19"
"DE","05-14",2022-02-12,2022-01-23,"-20 day ahead inc hosp","quantile",0.1,292,"COVID-19"
"DE","05-14",2022-02-12,2022-01-23,"-20 day ahead inc hosp","quantile",0.25,296,"COVID-19"
"DE","05-14",2022-02-12,2022-01-23,"-20 day ahead inc hosp","quantile",0.5,301,"COVID-19"
"DE","05-14",2022-02-12,2022-01-23,"-20 day ahead inc hosp","quantile",0.75,308,"COVID-19"
"DE","05-14",2022-02-12,2022-01-23,"-20 day ahead inc hosp","quantile",0.9,315,"COVID-19"
"DE","05-14",2022-02-12,2022-01-23,"-20 day ahead inc hosp","quantile",0.975,326,"COVID-19"
"DE","05-14",2022-02-12,2022-01-22,"-21 day ahead inc hosp","mean",NA,286,"COVID-19"
"DE","05-14",2022-02-12,2022-01-22,"-21 day ahead inc hosp","quantile",0.025,275,"COVID-19"
"DE","05-14",2022-02-12,2022-01-22,"-21 day ahead inc hosp","quantile",0.1,277,"COVID-19"
"DE","05-14",2022-02-12,2022-01-22,"-21 day ahead inc hosp","quantile",0.25,280,"COVID-19"
"DE","05-14",2022-02-12,2022-01-22,"-21 day ahead inc hosp","quantile",0.5,285,"COVID-19"
"DE","05-14",2022-02-12,2022-01-22,"-21 day ahead inc hosp","quantile",0.75,291,"COVID-19"
"DE","05-14",2022-02-12,2022-01-22,"-21 day ahead inc hosp","quantile",0.9,298,"COVID-19"
"DE","05-14",2022-02-12,2022-01-22,"-21 day ahead inc hosp","quantile",0.975,307,"COVID-19"
"DE","05-14",2022-02-12,2022-01-21,"-22 day ahead inc hosp","mean",NA,265,"COVID-19"
"DE","05-14",2022-02-12,2022-01-21,"-22 day ahead inc hosp","quantile",0.025,255,"COVID-19"
"DE","05-14",2022-02-12,2022-01-21,"-22 day ahead inc hosp","quantile",0.1,257,"COVID-19"
"DE","05-14",2022-02-12,2022-01-21,"-22 day ahead inc hosp","quantile",0.25,260,"COVID-19"
"DE","05-14",2022-02-12,2022-01-21,"-22 day ahead inc hosp","quantile",0.5,264,"COVID-19"
"DE","05-14",2022-02-12,2022-01-21,"-22 day ahead inc hosp","quantile",0.75,269,"COVID-19"
"DE","05-14",2022-02-12,2022-01-21,"-22 day ahead inc hosp","quantile",0.9,275,"COVID-19"
"DE","05-14",2022-02-12,2022-01-21,"-22 day ahead inc hosp","quantile",0.975,283,"COVID-19"
"DE","05-14",2022-02-12,2022-01-20,"-23 day ahead inc hosp","mean",NA,235,"COVID-19"
"DE","05-14",2022-02-12,2022-01-20,"-23 day ahead inc hosp","quantile",0.025,227,"COVID-19"
"DE","05-14",2022-02-12,2022-01-20,"-23 day ahead inc hosp","quantile",0.1,228,"COVID-19"
"DE","05-14",2022-02-12,2022-01-20,"-23 day ahead inc hosp","quantile",0.25,230,"COVID-19"
"DE","05-14",2022-02-12,2022-01-20,"-23 day ahead inc hosp","quantile",0.5,234,"COVID-19"
"DE","05-14",2022-02-12,2022-01-20,"-23 day ahead inc hosp","quantile",0.75,238,"COVID-19"
"DE","05-14",2022-02-12,2022-01-20,"-23 day ahead inc hosp","quantile",0.9,243,"COVID-19"
"DE","05-14",2022-02-12,2022-01-20,"-23 day ahead inc hosp","quantile",0.975,249,"COVID-19"
"DE","05-14",2022-02-12,2022-01-19,"-24 day ahead inc hosp","mean",NA,220,"COVID-19"
"DE","05-14",2022-02-12,2022-01-19,"-24 day ahead inc hosp","quantile",0.025,213,"COVID-19"
"DE","05-14",2022-02-12,2022-01-19,"-24 day ahead inc hosp","quantile",0.1,215,"COVID-19"
"DE","05-14",2022-02-12,2022-01-19,"-24 day ahead inc hosp","quantile",0.25,217,"COVID-19"
"DE","05-14",2022-02-12,2022-01-19,"-24 day ahead inc hosp","quantile",0.5,219,"COVID-19"
"DE","05-14",2022-02-12,2022-01-19,"-24 day ahead inc hosp","quantile",0.75,223,"COVID-19"
"DE","05-14",2022-02-12,2022-01-19,"-24 day ahead inc hosp","quantile",0.9,227,"COVID-19"
"DE","05-14",2022-02-12,2022-01-19,"-24 day ahead inc hosp","quantile",0.975,233,"COVID-19"
"DE","05-14",2022-02-12,2022-01-18,"-25 day ahead inc hosp","mean",NA,211,"COVID-19"
"DE","05-14",2022-02-12,2022-01-18,"-25 day ahead inc hosp","quantile",0.025,204,"COVID-19"
"DE","05-14",2022-02-12,2022-01-18,"-25 day ahead inc hosp","quantile",0.1,206,"COVID-19"
"DE","05-14",2022-02-12,2022-01-18,"-25 day ahead inc hosp","quantile",0.25,207,"COVID-19"
"DE","05-14",2022-02-12,2022-01-18,"-25 day ahead inc hosp","quantile",0.5,210,"COVID-19"
"DE","05-14",2022-02-12,2022-01-18,"-25 day ahead inc hosp","quantile",0.75,213,"COVID-19"
"DE","05-14",2022-02-12,2022-01-18,"-25 day ahead inc hosp","quantile",0.9,217,"COVID-19"
"DE","05-14",2022-02-12,2022-01-18,"-25 day ahead inc hosp","quantile",0.975,222,"COVID-19"
"DE","05-14",2022-02-12,2022-01-17,"-26 day ahead inc hosp","mean",NA,194,"COVID-19"
"DE","05-14",2022-02-12,2022-01-17,"-26 day ahead inc hosp","quantile",0.025,188,"COVID-19"
"DE","05-14",2022-02-12,2022-01-17,"-26 day ahead inc hosp","quantile",0.1,190,"COVID-19"
"DE","05-14",2022-02-12,2022-01-17,"-26 day ahead inc hosp","quantile",0.25,191,"COVID-19"
"DE","05-14",2022-02-12,2022-01-17,"-26 day ahead inc hosp","quantile",0.5,193,"COVID-19"
"DE","05-14",2022-02-12,2022-01-17,"-26 day ahead inc hosp","quantile",0.75,196,"COVID-19"
"DE","05-14",2022-02-12,2022-01-17,"-26 day ahead inc hosp","quantile",0.9,199,"COVID-19"
"DE","05-14",2022-02-12,2022-01-17,"-26 day ahead inc hosp","quantile",0.975,203,"COVID-19"
"DE","05-14",2022-02-12,2022-01-16,"-27 day ahead inc hosp","mean",NA,193,"COVID-19"
"DE","05-14",2022-02-12,2022-01-16,"-27 day ahead inc hosp","quantile",0.025,188,"COVID-19"
"DE","05-14",2022-02-12,2022-01-16,"-27 day ahead inc hosp","quantile",0.1,189,"COVID-19"
"DE","05-14",2022-02-12,2022-01-16,"-27 day ahead inc hosp","quantile",0.25,190,"COVID-19"
"DE","05-14",2022-02-12,2022-01-16,"-27 day ahead inc hosp","quantile",0.5,192,"COVID-19"
"DE","05-14",2022-02-12,2022-01-16,"-27 day ahead inc hosp","quantile",0.75,195,"COVID-19"
"DE","05-14",2022-02-12,2022-01-16,"-27 day ahead inc hosp","quantile",0.9,198,"COVID-19"
"DE","05-14",2022-02-12,2022-01-16,"-27 day ahead inc hosp","quantile",0.975,201,"COVID-19"
"DE","05-14",2022-02-12,2022-01-15,"-28 day ahead inc hosp","mean",NA,196,"COVID-19"
"DE","05-14",2022-02-12,2022-01-15,"-28 day ahead inc hosp","quantile",0.025,191,"COVID-19"
"DE","05-14",2022-02-12,2022-01-15,"-28 day ahead inc hosp","quantile",0.1,192,"COVID-19"
"DE","05-14",2022-02-12,2022-01-15,"-28 day ahead inc hosp","quantile",0.25,194,"COVID-19"
"DE","05-14",2022-02-12,2022-01-15,"-28 day ahead inc hosp","quantile",0.5,196,"COVID-19"
"DE","05-14",2022-02-12,2022-01-15,"-28 day ahead inc hosp","quantile",0.75,198,"COVID-19"
"DE","05-14",2022-02-12,2022-01-15,"-28 day ahead inc hosp","quantile",0.9,200,"COVID-19"
"DE","05-14",2022-02-12,2022-01-15,"-28 day ahead inc hosp","quantile",0.975,203,"COVID-19"
"DE","15-34",2022-02-12,2022-02-12,"0 day ahead inc hosp","mean",NA,1425,"COVID-19"
"DE","15-34",2022-02-12,2022-02-12,"0 day ahead inc hosp","quantile",0.025,1083,"COVID-19"
"DE","15-34",2022-02-12,2022-02-12,"0 day ahead inc hosp","quantile",0.1,1175,"COVID-19"
"DE","15-34",2022-02-12,2022-02-12,"0 day ahead inc hosp","quantile",0.25,1274,"COVID-19"
"DE","15-34",2022-02-12,2022-02-12,"0 day ahead inc hosp","quantile",0.5,1402,"COVID-19"
"DE","15-34",2022-02-12,2022-02-12,"0 day ahead inc hosp","quantile",0.75,1552,"COVID-19"
"DE","15-34",2022-02-12,2022-02-12,"0 day ahead inc hosp","quantile",0.9,1705,"COVID-19"
"DE","15-34",2022-02-12,2022-02-12,"0 day ahead inc hosp","quantile",0.975,1900,"COVID-19"
"DE","15-34",2022-02-12,2022-02-11,"-1 day ahead inc hosp","mean",NA,1456,"COVID-19"
"DE","15-34",2022-02-12,2022-02-11,"-1 day ahead inc hosp","quantile",0.025,1152,"COVID-19"
"DE","15-34",2022-02-12,2022-02-11,"-1 day ahead inc hosp","quantile",0.1,1232,"COVID-19"
"DE","15-34",2022-02-12,2022-02-11,"-1 day ahead inc hosp","quantile",0.25,1319,"COVID-19"
"DE","15-34",2022-02-12,2022-02-11,"-1 day ahead inc hosp","quantile",0.5,1433,"COVID-19"
"DE","15-34",2022-02-12,2022-02-11,"-1 day ahead inc hosp","quantile",0.75,1568,"COVID-19"
"DE","15-34",2022-02-12,2022-02-11,"-1 day ahead inc hosp","quantile",0.9,1708,"COVID-19"
"DE","15-34",2022-02-12,2022-02-11,"-1 day ahead inc hosp","quantile",0.975,1886,"COVID-19"
"DE","15-34",2022-02-12,2022-02-10,"-2 day ahead inc hosp","mean",NA,1474,"COVID-19"
"DE","15-34",2022-02-12,2022-02-10,"-2 day ahead inc hosp","quantile",0.025,1208,"COVID-19"
"DE","15-34",2022-02-12,2022-02-10,"-2 day ahead inc hosp","quantile",0.1,1277,"COVID-19"
"DE","15-34",2022-02-12,2022-02-10,"-2 day ahead inc hosp","quantile",0.25,1353,"COVID-19"
"DE","15-34",2022-02-12,2022-02-10,"-2 day ahead inc hosp","quantile",0.5,1454,"COVID-19"
"DE","15-34",2022-02-12,2022-02-10,"-2 day ahead inc hosp","quantile",0.75,1573,"COVID-19"
"DE","15-34",2022-02-12,2022-02-10,"-2 day ahead inc hosp","quantile",0.9,1698,"COVID-19"
"DE","15-34",2022-02-12,2022-02-10,"-2 day ahead inc hosp","quantile",0.975,1858,"COVID-19"
"DE","15-34",2022-02-12,2022-02-09,"-3 day ahead inc hosp","mean",NA,1439,"COVID-19"
"DE","15-34",2022-02-12,2022-02-09,"-3 day ahead inc hosp","quantile",0.025,1220,"COVID-19"
"DE","15-34",2022-02-12,2022-02-09,"-3 day ahead inc hosp","quantile",0.1,1276,"COVID-19"
"DE","15-34",2022-02-12,2022-02-09,"-3 day ahead inc hosp","quantile",0.25,1338,"COVID-19"
"DE","15-34",2022-02-12,2022-02-09,"-3 day ahead inc hosp","quantile",0.5,1422,"COVID-19"
"DE","15-34",2022-02-12,2022-02-09,"-3 day ahead inc hosp","quantile",0.75,1521,"COVID-19"
"DE","15-34",2022-02-12,2022-02-09,"-3 day ahead inc hosp","quantile",0.9,1625,"COVID-19"
"DE","15-34",2022-02-12,2022-02-09,"-3 day ahead inc hosp","quantile",0.975,1758,"COVID-19"
"DE","15-34",2022-02-12,2022-02-08,"-4 day ahead inc hosp","mean",NA,1422,"COVID-19"
"DE","15-34",2022-02-12,2022-02-08,"-4 day ahead inc hosp","quantile",0.025,1241,"COVID-19"
"DE","15-34",2022-02-12,2022-02-08,"-4 day ahead inc hosp","quantile",0.1,1287,"COVID-19"
"DE","15-34",2022-02-12,2022-02-08,"-4 day ahead inc hosp","quantile",0.25,1339,"COVID-19"
"DE","15-34",2022-02-12,2022-02-08,"-4 day ahead inc hosp","quantile",0.5,1408,"COVID-19"
"DE","15-34",2022-02-12,2022-02-08,"-4 day ahead inc hosp","quantile",0.75,1490,"COVID-19"
"DE","15-34",2022-02-12,2022-02-08,"-4 day ahead inc hosp","quantile",0.9,1576,"COVID-19"
"DE","15-34",2022-02-12,2022-02-08,"-4 day ahead inc hosp","quantile",0.975,1687,"COVID-19"
"DE","15-34",2022-02-12,2022-02-07,"-5 day ahead inc hosp","mean",NA,1351,"COVID-19"
"DE","15-34",2022-02-12,2022-02-07,"-5 day ahead inc hosp","quantile",0.025,1212,"COVID-19"
"DE","15-34",2022-02-12,2022-02-07,"-5 day ahead inc hosp","quantile",0.1,1247,"COVID-19"
"DE","15-34",2022-02-12,2022-02-07,"-5 day ahead inc hosp","quantile",0.25,1286,"COVID-19"
"DE","15-34",2022-02-12,2022-02-07,"-5 day ahead inc hosp","quantile",0.5,1339,"COVID-19"
"DE","15-34",2022-02-12,2022-02-07,"-5 day ahead inc hosp","quantile",0.75,1403,"COVID-19"
"DE","15-34",2022-02-12,2022-02-07,"-5 day ahead inc hosp","quantile",0.9,1469,"COVID-19"
"DE","15-34",2022-02-12,2022-02-07,"-5 day ahead inc hosp","quantile",0.975,1555,"COVID-19"
"DE","15-34",2022-02-12,2022-02-06,"-6 day ahead inc hosp","mean",NA,1358,"COVID-19"
"DE","15-34",2022-02-12,2022-02-06,"-6 day ahead inc hosp","quantile",0.025,1226,"COVID-19"
"DE","15-34",2022-02-12,2022-02-06,"-6 day ahead inc hosp","quantile",0.1,1259,"COVID-19"
"DE","15-34",2022-02-12,2022-02-06,"-6 day ahead inc hosp","quantile",0.25,1296,"COVID-19"
"DE","15-34",2022-02-12,2022-02-06,"-6 day ahead inc hosp","quantile",0.5,1347,"COVID-19"
"DE","15-34",2022-02-12,2022-02-06,"-6 day ahead inc hosp","quantile",0.75,1407,"COVID-19"
"DE","15-34",2022-02-12,2022-02-06,"-6 day ahead inc hosp","quantile",0.9,1470,"COVID-19"
"DE","15-34",2022-02-12,2022-02-06,"-6 day ahead inc hosp","quantile",0.975,1552,"COVID-19"
"DE","15-34",2022-02-12,2022-02-05,"-7 day ahead inc hosp","mean",NA,1398,"COVID-19"
"DE","15-34",2022-02-12,2022-02-05,"-7 day ahead inc hosp","quantile",0.025,1273,"COVID-19"
"DE","15-34",2022-02-12,2022-02-05,"-7 day ahead inc hosp","quantile",0.1,1304,"COVID-19"
"DE","15-34",2022-02-12,2022-02-05,"-7 day ahead inc hosp","quantile",0.25,1339,"COVID-19"
"DE","15-34",2022-02-12,2022-02-05,"-7 day ahead inc hosp","quantile",0.5,1388,"COVID-19"
"DE","15-34",2022-02-12,2022-02-05,"-7 day ahead inc hosp","quantile",0.75,1446,"COVID-19"
"DE","15-34",2022-02-12,2022-02-05,"-7 day ahead inc hosp","quantile",0.9,1507,"COVID-19"
"DE","15-34",2022-02-12,2022-02-05,"-7 day ahead inc hosp","quantile",0.975,1586,"COVID-19"
"DE","15-34",2022-02-12,2022-02-04,"-8 day ahead inc hosp","mean",NA,1361,"COVID-19"
"DE","15-34",2022-02-12,2022-02-04,"-8 day ahead inc hosp","quantile",0.025,1251,"COVID-19"
"DE","15-34",2022-02-12,2022-02-04,"-8 day ahead inc hosp","quantile",0.1,1278,"COVID-19"
"DE","15-34",2022-02-12,2022-02-04,"-8 day ahead inc hosp","quantile",0.25,1309,"COVID-19"
"DE","15-34",2022-02-12,2022-02-04,"-8 day ahead inc hosp","quantile",0.5,1351,"COVID-19"
"DE","15-34",2022-02-12,2022-02-04,"-8 day ahead inc hosp","quantile",0.75,1402,"COVID-19"
"DE","15-34",2022-02-12,2022-02-04,"-8 day ahead inc hosp","quantile",0.9,1456,"COVID-19"
"DE","15-34",2022-02-12,2022-02-04,"-8 day ahead inc hosp","quantile",0.975,1527,"COVID-19"
"DE","15-34",2022-02-12,2022-02-03,"-9 day ahead inc hosp","mean",NA,1309,"COVID-19"
"DE","15-34",2022-02-12,2022-02-03,"-9 day ahead inc hosp","quantile",0.025,1215,"COVID-19"
"DE","15-34",2022-02-12,2022-02-03,"-9 day ahead inc hosp","quantile",0.1,1238,"COVID-19"
"DE","15-34",2022-02-12,2022-02-03,"-9 day ahead inc hosp","quantile",0.25,1264,"COVID-19"
"DE","15-34",2022-02-12,2022-02-03,"-9 day ahead inc hosp","quantile",0.5,1300,"COVID-19"
"DE","15-34",2022-02-12,2022-02-03,"-9 day ahead inc hosp","quantile",0.75,1345,"COVID-19"
"DE","15-34",2022-02-12,2022-02-03,"-9 day ahead inc hosp","quantile",0.9,1392,"COVID-19"
"DE","15-34",2022-02-12,2022-02-03,"-9 day ahead inc hosp","quantile",0.975,1454,"COVID-19"
"DE","15-34",2022-02-12,2022-02-02,"-10 day ahead inc hosp","mean",NA,1276,"COVID-19"
"DE","15-34",2022-02-12,2022-02-02,"-10 day ahead inc hosp","quantile",0.025,1195,"COVID-19"
"DE","15-34",2022-02-12,2022-02-02,"-10 day ahead inc hosp","quantile",0.1,1214,"COVID-19"
"DE","15-34",2022-02-12,2022-02-02,"-10 day ahead inc hosp","quantile",0.25,1236,"COVID-19"
"DE","15-34",2022-02-12,2022-02-02,"-10 day ahead inc hosp","quantile",0.5,1267,"COVID-19"
"DE","15-34",2022-02-12,2022-02-02,"-10 day ahead inc hosp","quantile",0.75,1306,"COVID-19"
"DE","15-34",2022-02-12,2022-02-02,"-10 day ahead inc hosp","quantile",0.9,1348,"COVID-19"
"DE","15-34",2022-02-12,2022-02-02,"-10 day ahead inc hosp","quantile",0.975,1403,"COVID-19"
"DE","15-34",2022-02-12,2022-02-01,"-11 day ahead inc hosp","mean",NA,1274,"COVID-19"
"DE","15-34",2022-02-12,2022-02-01,"-11 day ahead inc hosp","quantile",0.025,1206,"COVID-19"
"DE","15-34",2022-02-12,2022-02-01,"-11 day ahead inc hosp","quantile",0.1,1222,"COVID-19"
"DE","15-34",2022-02-12,2022-02-01,"-11 day ahead inc hosp","quantile",0.25,1241,"COVID-19"
"DE","15-34",2022-02-12,2022-02-01,"-11 day ahead inc hosp","quantile",0.5,1267,"COVID-19"
"DE","15-34",2022-02-12,2022-02-01,"-11 day ahead inc hosp","quantile",0.75,1300,"COVID-19"
"DE","15-34",2022-02-12,2022-02-01,"-11 day ahead inc hosp","quantile",0.9,1336,"COVID-19"
"DE","15-34",2022-02-12,2022-02-01,"-11 day ahead inc hosp","quantile",0.975,1382,"COVID-19"
"DE","15-34",2022-02-12,2022-01-31,"-12 day ahead inc hosp","mean",NA,1270,"COVID-19"
"DE","15-34",2022-02-12,2022-01-31,"-12 day ahead inc hosp","quantile",0.025,1210,"COVID-19"
"DE","15-34",2022-02-12,2022-01-31,"-12 day ahead inc hosp","quantile",0.1,1224,"COVID-19"
"DE","15-34",2022-02-12,2022-01-31,"-12 day ahead inc hosp","quantile",0.25,1241,"COVID-19"
"DE","15-34",2022-02-12,2022-01-31,"-12 day ahead inc hosp","quantile",0.5,1264,"COVID-19"
"DE","15-34",2022-02-12,2022-01-31,"-12 day ahead inc hosp","quantile",0.75,1293,"COVID-19"
"DE","15-34",2022-02-12,2022-01-31,"-12 day ahead inc hosp","quantile",0.9,1324,"COVID-19"
"DE","15-34",2022-02-12,2022-01-31,"-12 day ahead inc hosp","quantile",0.975,1364,"COVID-19"
"DE","15-34",2022-02-12,2022-01-30,"-13 day ahead inc hosp","mean",NA,1293,"COVID-19"
"DE","15-34",2022-02-12,2022-01-30,"-13 day ahead inc hosp","quantile",0.025,1235,"COVID-19"
"DE","15-34",2022-02-12,2022-01-30,"-13 day ahead inc hosp","quantile",0.1,1249,"COVID-19"
"DE","15-34",2022-02-12,2022-01-30,"-13 day ahead inc hosp","quantile",0.25,1265,"COVID-19"
"DE","15-34",2022-02-12,2022-01-30,"-13 day ahead inc hosp","quantile",0.5,1287,"COVID-19"
"DE","15-34",2022-02-12,2022-01-30,"-13 day ahead inc hosp","quantile",0.75,1315,"COVID-19"
"DE","15-34",2022-02-12,2022-01-30,"-13 day ahead inc hosp","quantile",0.9,1346,"COVID-19"
"DE","15-34",2022-02-12,2022-01-30,"-13 day ahead inc hosp","quantile",0.975,1387,"COVID-19"
"DE","15-34",2022-02-12,2022-01-29,"-14 day ahead inc hosp","mean",NA,1255,"COVID-19"
"DE","15-34",2022-02-12,2022-01-29,"-14 day ahead inc hosp","quantile",0.025,1201,"COVID-19"
"DE","15-34",2022-02-12,2022-01-29,"-14 day ahead inc hosp","quantile",0.1,1213,"COVID-19"
"DE","15-34",2022-02-12,2022-01-29,"-14 day ahead inc hosp","quantile",0.25,1228,"COVID-19"
"DE","15-34",2022-02-12,2022-01-29,"-14 day ahead inc hosp","quantile",0.5,1249,"COVID-19"
"DE","15-34",2022-02-12,2022-01-29,"-14 day ahead inc hosp","quantile",0.75,1276,"COVID-19"
"DE","15-34",2022-02-12,2022-01-29,"-14 day ahead inc hosp","quantile",0.9,1305,"COVID-19"
"DE","15-34",2022-02-12,2022-01-29,"-14 day ahead inc hosp","quantile",0.975,1344,"COVID-19"
"DE","15-34",2022-02-12,2022-01-28,"-15 day ahead inc hosp","mean",NA,1261,"COVID-19"
"DE","15-34",2022-02-12,2022-01-28,"-15 day ahead inc hosp","quantile",0.025,1211,"COVID-19"
"DE","15-34",2022-02-12,2022-01-28,"-15 day ahead inc hosp","quantile",0.1,1222,"COVID-19"
"DE","15-34",2022-02-12,2022-01-28,"-15 day ahead inc hosp","quantile",0.25,1235,"COVID-19"
"DE","15-34",2022-02-12,2022-01-28,"-15 day ahead inc hosp","quantile",0.5,1255,"COVID-19"
"DE","15-34",2022-02-12,2022-01-28,"-15 day ahead inc hosp","quantile",0.75,1280,"COVID-19"
"DE","15-34",2022-02-12,2022-01-28,"-15 day ahead inc hosp","quantile",0.9,1307,"COVID-19"
"DE","15-34",2022-02-12,2022-01-28,"-15 day ahead inc hosp","quantile",0.975,1344,"COVID-19"
"DE","15-34",2022-02-12,2022-01-27,"-16 day ahead inc hosp","mean",NA,1267,"COVID-19"
"DE","15-34",2022-02-12,2022-01-27,"-16 day ahead inc hosp","quantile",0.025,1222,"COVID-19"
"DE","15-34",2022-02-12,2022-01-27,"-16 day ahead inc hosp","quantile",0.1,1232,"COVID-19"
"DE","15-34",2022-02-12,2022-01-27,"-16 day ahead inc hosp","quantile",0.25,1244,"COVID-19"
"DE","15-34",2022-02-12,2022-01-27,"-16 day ahead inc hosp","quantile",0.5,1262,"COVID-19"
"DE","15-34",2022-02-12,2022-01-27,"-16 day ahead inc hosp","quantile",0.75,1285,"COVID-19"
"DE","15-34",2022-02-12,2022-01-27,"-16 day ahead inc hosp","quantile",0.9,1310,"COVID-19"
"DE","15-34",2022-02-12,2022-01-27,"-16 day ahead inc hosp","quantile",0.975,1345,"COVID-19"
"DE","15-34",2022-02-12,2022-01-26,"-17 day ahead inc hosp","mean",NA,1275,"COVID-19"
"DE","15-34",2022-02-12,2022-01-26,"-17 day ahead inc hosp","quantile",0.025,1233,"COVID-19"
"DE","15-34",2022-02-12,2022-01-26,"-17 day ahead inc hosp","quantile",0.1,1242,"COVID-19"
"DE","15-34",2022-02-12,2022-01-26,"-17 day ahead inc hosp","quantile",0.25,1253,"COVID-19"
"DE","15-34",2022-02-12,2022-01-26,"-17 day ahead inc hosp","quantile",0.5,1270,"COVID-19"
"DE","15-34",2022-02-12,2022-01-26,"-17 day ahead inc hosp","quantile",0.75,1291,"COVID-19"
"DE","15-34",2022-02-12,2022-01-26,"-17 day ahead inc hosp","quantile",0.9,1314,"COVID-19"
"DE","15-34",2022-02-12,2022-01-26,"-17 day ahead inc hosp","quantile",0.975,1346,"COVID-19"
"DE","15-34",2022-02-12,2022-01-25,"-18 day ahead inc hosp","mean",NA,1235,"COVID-19"
"DE","15-34",2022-02-12,2022-01-25,"-18 day ahead inc hosp","quantile",0.025,1199,"COVID-19"
"DE","15-34",2022-02-12,2022-01-25,"-18 day ahead inc hosp","quantile",0.1,1207,"COVID-19"
"DE","15-34",2022-02-12,2022-01-25,"-18 day ahead inc hosp","quantile",0.25,1216,"COVID-19"
"DE","15-34",2022-02-12,2022-01-25,"-18 day ahead inc hosp","quantile",0.5,1231,"COVID-19"
"DE","15-34",2022-02-12,2022-01-25,"-18 day ahead inc hosp","quantile",0.75,1249,"COVID-19"
"DE","15-34",2022-02-12,2022-01-25,"-18 day ahead inc hosp","quantile",0.9,1270,"COVID-19"
"DE","15-34",2022-02-12,2022-01-25,"-18 day ahead inc hosp","quantile",0.975,1298,"COVID-19"
"DE","15-34",2022-02-12,2022-01-24,"-19 day ahead inc hosp","mean",NA,1197,"COVID-19"
"DE","15-34",2022-02-12,2022-01-24,"-19 day ahead inc hosp","quantile",0.025,1166,"COVID-19"
"DE","15-34",2022-02-12,2022-01-24,"-19 day ahead inc hosp","quantile",0.1,1172,"COVID-19"
"DE","15-34",2022-02-12,2022-01-24,"-19 day ahead inc hosp","quantile",0.25,1181,"COVID-19"
"DE","15-34",2022-02-12,2022-01-24,"-19 day ahead inc hosp","quantile",0.5,1193,"COVID-19"
"DE","15-34",2022-02-12,2022-01-24,"-19 day ahead inc hosp","quantile",0.75,1209,"COVID-19"
"DE","15-34",2022-02-12,2022-01-24,"-19 day ahead inc hosp","quantile",0.9,1227,"COVID-19"
"DE","15-34",2022-02-12,2022-01-24,"-19 day ahead inc hosp","quantile",0.975,1252,"COVID-19"
"DE","15-34",2022-02-12,2022-01-23,"-20 day ahead inc hosp","mean",NA,1144,"COVID-19"
"DE","15-34",2022-02-12,2022-01-23,"-20 day ahead inc hosp","quantile",0.025,1115,"COVID-19"
"DE","15-34",2022-02-12,2022-01-23,"-20 day ahead inc hosp","quantile",0.1,1121,"COVID-19"
"DE","15-34",2022-02-12,2022-01-23,"-20 day ahead inc hosp","quantile",0.25,1128,"COVID-19"
"DE","15-34",2022-02-12,2022-01-23,"-20 day ahead inc hosp","quantile",0.5,1140,"COVID-19"
"DE","15-34",2022-02-12,2022-01-23,"-20 day ahead inc hosp","quantile",0.75,1155,"COVID-19"
"DE","15-34",2022-02-12,2022-01-23,"-20 day ahead inc hosp","quantile",0.9,1171,"COVID-19"
"DE","15-34",2022-02-12,2022-01-23,"-20 day ahead inc hosp","quantile",0.975,1193,"COVID-19"
"DE","15-34",2022-02-12,2022-01-22,"-21 day ahead inc hosp","mean",NA,1109,"COVID-19"
"DE","15-34",2022-02-12,2022-01-22,"-21 day ahead inc hosp","quantile",0.025,1082,"COVID-19"
"DE","15-34",2022-02-12,2022-01-22,"-21 day ahead inc hosp","quantile",0.1,1088,"COVID-19"
"DE","15-34",2022-02-12,2022-01-22,"-21 day ahead inc hosp","quantile",0.25,1095,"COVID-19"
"DE","15-34",2022-02-12,2022-01-22,"-21 day ahead inc hosp","quantile",0.5,1105,"COVID-19"
"DE","15-34",2022-02-12,2022-01-22,"-21 day ahead inc hosp","quantile",0.75,1119,"COVID-19"
"DE","15-34",2022-02-12,2022-01-22,"-21 day ahead inc hosp","quantile",0.9,1134,"COVID-19"
"DE","15-34",2022-02-12,2022-01-22,"-21 day ahead inc hosp","quantile",0.975,1154,"COVID-19"
"DE","15-34",2022-02-12,2022-01-21,"-22 day ahead inc hosp","mean",NA,1046,"COVID-19"
"DE","15-34",2022-02-12,2022-01-21,"-22 day ahead inc hosp","quantile",0.025,1023,"COVID-19"
"DE","15-34",2022-02-12,2022-01-21,"-22 day ahead inc hosp","quantile",0.1,1028,"COVID-19"
"DE","15-34",2022-02-12,2022-01-21,"-22 day ahead inc hosp","quantile",0.25,1034,"COVID-19"
"DE","15-34",2022-02-12,2022-01-21,"-22 day ahead inc hosp","quantile",0.5,1043,"COVID-19"
"DE","15-34",2022-02-12,2022-01-21,"-22 day ahead inc hosp","quantile",0.75,1055,"COVID-19"
"DE","15-34",2022-02-12,2022-01-21,"-22 day ahead inc hosp","quantile",0.9,1068,"COVID-19"
"DE","15-34",2022-02-12,2022-01-21,"-22 day ahead inc hosp","quantile",0.975,1086,"COVID-19"
"DE","15-34",2022-02-12,2022-01-20,"-23 day ahead inc hosp","mean",NA,984,"COVID-19"
"DE","15-34",2022-02-12,2022-01-20,"-23 day ahead inc hosp","quantile",0.025,964,"COVID-19"
"DE","15-34",2022-02-12,2022-01-20,"-23 day ahead inc hosp","quantile",0.1,968,"COVID-19"
"DE","15-34",2022-02-12,2022-01-20,"-23 day ahead inc hosp","quantile",0.25,974,"COVID-19"
"DE","15-34",2022-02-12,2022-01-20,"-23 day ahead inc hosp","quantile",0.5,982,"COVID-19"
"DE","15-34",2022-02-12,2022-01-20,"-23 day ahead inc hosp","quantile",0.75,992,"COVID-19"
"DE","15-34",2022-02-12,2022-01-20,"-23 day ahead inc hosp","quantile",0.9,1003,"COVID-19"
"DE","15-34",2022-02-12,2022-01-20,"-23 day ahead inc hosp","quantile",0.975,1018,"COVID-19"
"DE","15-34",2022-02-12,2022-01-19,"-24 day ahead inc hosp","mean",NA,958,"COVID-19"
"DE","15-34",2022-02-12,2022-01-19,"-24 day ahead inc hosp","quantile",0.025,941,"COVID-19"
"DE","15-34",2022-02-12,2022-01-19,"-24 day ahead inc hosp","quantile",0.1,944,"COVID-19"
"DE","15-34",2022-02-12,2022-01-19,"-24 day ahead inc hosp","quantile",0.25,949,"COVID-19"
"DE","15-34",2022-02-12,2022-01-19,"-24 day ahead inc hosp","quantile",0.5,956,"COVID-19"
"DE","15-34",2022-02-12,2022-01-19,"-24 day ahead inc hosp","quantile",0.75,965,"COVID-19"
"DE","15-34",2022-02-12,2022-01-19,"-24 day ahead inc hosp","quantile",0.9,975,"COVID-19"
"DE","15-34",2022-02-12,2022-01-19,"-24 day ahead inc hosp","quantile",0.975,988,"COVID-19"
"DE","15-34",2022-02-12,2022-01-18,"-25 day ahead inc hosp","mean",NA,898,"COVID-19"
"DE","15-34",2022-02-12,2022-01-18,"-25 day ahead inc hosp","quantile",0.025,884,"COVID-19"
"DE","15-34",2022-02-12,2022-01-18,"-25 day ahead inc hosp","quantile",0.1,887,"COVID-19"
"DE","15-34",2022-02-12,2022-01-18,"-25 day ahead inc hosp","quantile",0.25,891,"COVID-19"
"DE","15-34",2022-02-12,2022-01-18,"-25 day ahead inc hosp","quantile",0.5,896,"COVID-19"
"DE","15-34",2022-02-12,2022-01-18,"-25 day ahead inc hosp","quantile",0.75,904,"COVID-19"
"DE","15-34",2022-02-12,2022-01-18,"-25 day ahead inc hosp","quantile",0.9,912,"COVID-19"
"DE","15-34",2022-02-12,2022-01-18,"-25 day ahead inc hosp","quantile",0.975,924,"COVID-19"
"DE","15-34",2022-02-12,2022-01-17,"-26 day ahead inc hosp","mean",NA,864,"COVID-19"
"DE","15-34",2022-02-12,2022-01-17,"-26 day ahead inc hosp","quantile",0.025,851,"COVID-19"
"DE","15-34",2022-02-12,2022-01-17,"-26 day ahead inc hosp","quantile",0.1,854,"COVID-19"
"DE","15-34",2022-02-12,2022-01-17,"-26 day ahead inc hosp","quantile",0.25,857,"COVID-19"
"DE","15-34",2022-02-12,2022-01-17,"-26 day ahead inc hosp","quantile",0.5,862,"COVID-19"
"DE","15-34",2022-02-12,2022-01-17,"-26 day ahead inc hosp","quantile",0.75,869,"COVID-19"
"DE","15-34",2022-02-12,2022-01-17,"-26 day ahead inc hosp","quantile",0.9,876,"COVID-19"
"DE","15-34",2022-02-12,2022-01-17,"-26 day ahead inc hosp","quantile",0.975,886,"COVID-19"
"DE","15-34",2022-02-12,2022-01-16,"-27 day ahead inc hosp","mean",NA,871,"COVID-19"
"DE","15-34",2022-02-12,2022-01-16,"-27 day ahead inc hosp","quantile",0.025,859,"COVID-19"
"DE","15-34",2022-02-12,2022-01-16,"-27 day ahead inc hosp","quantile",0.1,862,"COVID-19"
"DE","15-34",2022-02-12,2022-01-16,"-27 day ahead inc hosp","quantile",0.25,865,"COVID-19"
"DE","15-34",2022-02-12,2022-01-16,"-27 day ahead inc hosp","quantile",0.5,870,"COVID-19"
"DE","15-34",2022-02-12,2022-01-16,"-27 day ahead inc hosp","quantile",0.75,876,"COVID-19"
"DE","15-34",2022-02-12,2022-01-16,"-27 day ahead inc hosp","quantile",0.9,883,"COVID-19"
"DE","15-34",2022-02-12,2022-01-16,"-27 day ahead inc hosp","quantile",0.975,893,"COVID-19"
"DE","15-34",2022-02-12,2022-01-15,"-28 day ahead inc hosp","mean",NA,864,"COVID-19"
"DE","15-34",2022-02-12,2022-01-15,"-28 day ahead inc hosp","quantile",0.025,852,"COVID-19"
"DE","15-34",2022-02-12,2022-01-15,"-28 day ahead inc hosp","quantile",0.1,854,"COVID-19"
"DE","15-34",2022-02-12,2022-01-15,"-28 day ahead inc hosp","quantile",0.25,857,"COVID-19"
"DE","15-34",2022-02-12,2022-01-15,"-28 day ahead inc hosp","quantile",0.5,862,"COVID-19"
"DE","15-34",2022-02-12,2022-01-15,"-28 day ahead inc hosp","quantile",0.75,868,"COVID-19"
"DE","15-34",2022-02-12,2022-01-15,"-28 day ahead inc hosp","quantile",0.9,875,"COVID-19"
"DE","15-34",2022-02-12,2022-01-15,"-28 day ahead inc hosp","quantile",0.975,884,"COVID-19"
"DE","35-59",2022-02-12,2022-02-12,"0 day ahead inc hosp","mean",NA,2449,"COVID-19"
"DE","35-59",2022-02-12,2022-02-12,"0 day ahead inc hosp","quantile",0.025,1681,"COVID-19"
"DE","35-59",2022-02-12,2022-02-12,"0 day ahead inc hosp","quantile",0.1,1881,"COVID-19"
"DE","35-59",2022-02-12,2022-02-12,"0 day ahead inc hosp","quantile",0.25,2100,"COVID-19"
"DE","35-59",2022-02-12,2022-02-12,"0 day ahead inc hosp","quantile",0.5,2390,"COVID-19"
"DE","35-59",2022-02-12,2022-02-12,"0 day ahead inc hosp","quantile",0.75,2734,"COVID-19"
"DE","35-59",2022-02-12,2022-02-12,"0 day ahead inc hosp","quantile",0.9,3092,"COVID-19"
"DE","35-59",2022-02-12,2022-02-12,"0 day ahead inc hosp","quantile",0.975,3549,"COVID-19"
"DE","35-59",2022-02-12,2022-02-11,"-1 day ahead inc hosp","mean",NA,2380,"COVID-19"
"DE","35-59",2022-02-12,2022-02-11,"-1 day ahead inc hosp","quantile",0.025,1718,"COVID-19"
"DE","35-59",2022-02-12,2022-02-11,"-1 day ahead inc hosp","quantile",0.1,1888,"COVID-19"
"DE","35-59",2022-02-12,2022-02-11,"-1 day ahead inc hosp","quantile",0.25,2075,"COVID-19"
"DE","35-59",2022-02-12,2022-02-11,"-1 day ahead inc hosp","quantile",0.5,2326,"COVID-19"
"DE","35-59",2022-02-12,2022-02-11,"-1 day ahead inc hosp","quantile",0.75,2626,"COVID-19"
"DE","35-59",2022-02-12,2022-02-11,"-1 day ahead inc hosp","quantile",0.9,2940,"COVID-19"
"DE","35-59",2022-02-12,2022-02-11,"-1 day ahead inc hosp","quantile",0.975,3344,"COVID-19"
"DE","35-59",2022-02-12,2022-02-10,"-2 day ahead inc hosp","mean",NA,2358,"COVID-19"
"DE","35-59",2022-02-12,2022-02-10,"-2 day ahead inc hosp","quantile",0.025,1781,"COVID-19"
"DE","35-59",2022-02-12,2022-02-10,"-2 day ahead inc hosp","quantile",0.1,1929,"COVID-19"
"DE","35-59",2022-02-12,2022-02-10,"-2 day ahead inc hosp","quantile",0.25,2092,"COVID-19"
"DE","35-59",2022-02-12,2022-02-10,"-2 day ahead inc hosp","quantile",0.5,2311,"COVID-19"
"DE","35-59",2022-02-12,2022-02-10,"-2 day ahead inc hosp","quantile",0.75,2573,"COVID-19"
"DE","35-59",2022-02-12,2022-02-10,"-2 day ahead inc hosp","quantile",0.9,2848,"COVID-19"
"DE","35-59",2022-02-12,2022-02-10,"-2 day ahead inc hosp","quantile",0.975,3200,"COVID-19"
"DE","35-59",2022-02-12,2022-02-09,"-3 day ahead inc hosp","mean",NA,2280,"COVID-19"
"DE","35-59",2022-02-12,2022-02-09,"-3 day ahead inc hosp","quantile",0.025,1808,"COVID-19"
"DE","35-59",2022-02-12,2022-02-09,"-3 day ahead inc hosp","quantile",0.1,1929,"COVID-19"
"DE","35-59",2022-02-12,2022-02-09,"-3 day ahead inc hosp","quantile",0.25,2063,"COVID-19"
"DE","35-59",2022-02-12,2022-02-09,"-3 day ahead inc hosp","quantile",0.5,2242,"COVID-19"
"DE","35-59",2022-02-12,2022-02-09,"-3 day ahead inc hosp","quantile",0.75,2455,"COVID-19"
"DE","35-59",2022-02-12,2022-02-09,"-3 day ahead inc hosp","quantile",0.9,2679,"COVID-19"
"DE","35-59",2022-02-12,2022-02-09,"-3 day ahead inc hosp","quantile",0.975,2966,"COVID-19"
"DE","35-59",2022-02-12,2022-02-08,"-4 day ahead inc hosp","mean",NA,2197,"COVID-19"
"DE","35-59",2022-02-12,2022-02-08,"-4 day ahead inc hosp","quantile",0.025,1820,"COVID-19"
"DE","35-59",2022-02-12,2022-02-08,"-4 day ahead inc hosp","quantile",0.1,1918,"COVID-19"
"DE","35-59",2022-02-12,2022-02-08,"-4 day ahead inc hosp","quantile",0.25,2025,"COVID-19"
"DE","35-59",2022-02-12,2022-02-08,"-4 day ahead inc hosp","quantile",0.5,2168,"COVID-19"
"DE","35-59",2022-02-12,2022-02-08,"-4 day ahead inc hosp","quantile",0.75,2338,"COVID-19"
"DE","35-59",2022-02-12,2022-02-08,"-4 day ahead inc hosp","quantile",0.9,2515,"COVID-19"
"DE","35-59",2022-02-12,2022-02-08,"-4 day ahead inc hosp","quantile",0.975,2742,"COVID-19"
"DE","35-59",2022-02-12,2022-02-07,"-5 day ahead inc hosp","mean",NA,2082,"COVID-19"
"DE","35-59",2022-02-12,2022-02-07,"-5 day ahead inc hosp","quantile",0.025,1790,"COVID-19"
"DE","35-59",2022-02-12,2022-02-07,"-5 day ahead inc hosp","quantile",0.1,1866,"COVID-19"
"DE","35-59",2022-02-12,2022-02-07,"-5 day ahead inc hosp","quantile",0.25,1949,"COVID-19"
"DE","35-59",2022-02-12,2022-02-07,"-5 day ahead inc hosp","quantile",0.5,2059,"COVID-19"
"DE","35-59",2022-02-12,2022-02-07,"-5 day ahead inc hosp","quantile",0.75,2190,"COVID-19"
"DE","35-59",2022-02-12,2022-02-07,"-5 day ahead inc hosp","quantile",0.9,2326,"COVID-19"
"DE","35-59",2022-02-12,2022-02-07,"-5 day ahead inc hosp","quantile",0.975,2499,"COVID-19"
"DE","35-59",2022-02-12,2022-02-06,"-6 day ahead inc hosp","mean",NA,2051,"COVID-19"
"DE","35-59",2022-02-12,2022-02-06,"-6 day ahead inc hosp","quantile",0.025,1788,"COVID-19"
"DE","35-59",2022-02-12,2022-02-06,"-6 day ahead inc hosp","quantile",0.1,1857,"COVID-19"
"DE","35-59",2022-02-12,2022-02-06,"-6 day ahead inc hosp","quantile",0.25,1932,"COVID-19"
"DE","35-59",2022-02-12,2022-02-06,"-6 day ahead inc hosp","quantile",0.5,2031,"COVID-19"
"DE","35-59",2022-02-12,2022-02-06,"-6 day ahead inc hosp","quantile",0.75,2148,"COVID-19"
"DE","35-59",2022-02-12,2022-02-06,"-6 day ahead inc hosp","quantile",0.9,2269,"COVID-19"
"DE","35-59",2022-02-12,2022-02-06,"-6 day ahead inc hosp","quantile",0.975,2423,"COVID-19"
"DE","35-59",2022-02-12,2022-02-05,"-7 day ahead inc hosp","mean",NA,2011,"COVID-19"
"DE","35-59",2022-02-12,2022-02-05,"-7 day ahead inc hosp","quantile",0.025,1778,"COVID-19"
"DE","35-59",2022-02-12,2022-02-05,"-7 day ahead inc hosp","quantile",0.1,1840,"COVID-19"
"DE","35-59",2022-02-12,2022-02-05,"-7 day ahead inc hosp","quantile",0.25,1906,"COVID-19"
"DE","35-59",2022-02-12,2022-02-05,"-7 day ahead inc hosp","quantile",0.5,1994,"COVID-19"
"DE","35-59",2022-02-12,2022-02-05,"-7 day ahead inc hosp","quantile",0.75,2097,"COVID-19"
"DE","35-59",2022-02-12,2022-02-05,"-7 day ahead inc hosp","quantile",0.9,2204,"COVID-19"
"DE","35-59",2022-02-12,2022-02-05,"-7 day ahead inc hosp","quantile",0.975,2340,"COVID-19"
"DE","35-59",2022-02-12,2022-02-04,"-8 day ahead inc hosp","mean",NA,1974,"COVID-19"
"DE","35-59",2022-02-12,2022-02-04,"-8 day ahead inc hosp","quantile",0.025,1775,"COVID-19"
"DE","35-59",2022-02-12,2022-02-04,"-8 day ahead inc hosp","quantile",0.1,1828,"COVID-19"
"DE","35-59",2022-02-12,2022-02-04,"-8 day ahead inc hosp","quantile",0.25,1885,"COVID-19"
"DE","35-59",2022-02-12,2022-02-04,"-8 day ahead inc hosp","quantile",0.5,1960,"COVID-19"
"DE","35-59",2022-02-12,2022-02-04,"-8 day ahead inc hosp","quantile",0.75,2048,"COVID-19"
"DE","35-59",2022-02-12,2022-02-04,"-8 day ahead inc hosp","quantile",0.9,2140,"COVID-19"
"DE","35-59",2022-02-12,2022-02-04,"-8 day ahead inc hosp","quantile",0.975,2256,"COVID-19"
"DE","35-59",2022-02-12,2022-02-03,"-9 day ahead inc hosp","mean",NA,1936,"COVID-19"
"DE","35-59",2022-02-12,2022-02-03,"-9 day ahead inc hosp","quantile",0.025,1765,"COVID-19"
"DE","35-59",2022-02-12,2022-02-03,"-9 day ahead inc hosp","quantile",0.1,1810,"COVID-19"
"DE","35-59",2022-02-12,2022-02-03,"-9 day ahead inc hosp","quantile",0.25,1859,"COVID-19"
"DE","35-59",2022-02-12,2022-02-03,"-9 day ahead inc hosp","quantile",0.5,1923,"COVID-19"
"DE","35-59",2022-02-12,2022-02-03,"-9 day ahead inc hosp","quantile",0.75,1999,"COVID-19"
"DE","35-59",2022-02-12,2022-02-03,"-9 day ahead inc hosp","quantile",0.9,2078,"COVID-19"
"DE","35-59",2022-02-12,2022-02-03,"-9 day ahead inc hosp","quantile",0.975,2178,"COVID-19"
"DE","35-59",2022-02-12,2022-02-02,"-10 day ahead inc hosp","mean",NA,1878,"COVID-19"
"DE","35-59",2022-02-12,2022-02-02,"-10 day ahead inc hosp","quantile",0.025,1736,"COVID-19"
"DE","35-59",2022-02-12,2022-02-02,"-10 day ahead inc hosp","quantile",0.1,1773,"COVID-19"
"DE","35-59",2022-02-12,2022-02-02,"-10 day ahead inc hosp","quantile",0.25,1814,"COVID-19"
"DE","35-59",2022-02-12,2022-02-02,"-10 day ahead inc hosp","quantile",0.5,1867,"COVID-19"
"DE","35-59",2022-02-12,2022-02-02,"-10 day ahead inc hosp","quantile",0.75,1930,"COVID-19"
"DE","35-59",2022-02-12,2022-02-02,"-10 day ahead inc hosp","quantile",0.9,1996,"COVID-19"
"DE","35-59",2022-02-12,2022-02-02,"-10 day ahead inc hosp","quantile",0.975,2080,"COVID-19"
"DE","35-59",2022-02-12,2022-02-01,"-11 day ahead inc hosp","mean",NA,1840,"COVID-19"
"DE","35-59",2022-02-12,2022-02-01,"-11 day ahead inc hosp","quantile",0.025,1723,"COVID-19"
"DE","35-59",2022-02-12,2022-02-01,"-11 day ahead inc hosp","quantile",0.1,1754,"COVID-19"
"DE","35-59",2022-02-12,2022-02-01,"-11 day ahead inc hosp","quantile",0.25,1787,"COVID-19"
"DE","35-59",2022-02-12,2022-02-01,"-11 day ahead inc hosp","quantile",0.5,1831,"COVID-19"
"DE","35-59",2022-02-12,2022-02-01,"-11 day ahead inc hosp","quantile",0.75,1883,"COVID-19"
"DE","35-59",2022-02-12,2022-02-01,"-11 day ahead inc hosp","quantile",0.9,1938,"COVID-19"
"DE","35-59",2022-02-12,2022-02-01,"-11 day ahead inc hosp","quantile",0.975,2007,"COVID-19"
"DE","35-59",2022-02-12,2022-01-31,"-12 day ahead inc hosp","mean",NA,1823,"COVID-19"
"DE","35-59",2022-02-12,2022-01-31,"-12 day ahead inc hosp","quantile",0.025,1723,"COVID-19"
"DE","35-59",2022-02-12,2022-01-31,"-12 day ahead inc hosp","quantile",0.1,1749,"COVID-19"
"DE","35-59",2022-02-12,2022-01-31,"-12 day ahead inc hosp","quantile",0.25,1777,"COVID-19"
"DE","35-59",2022-02-12,2022-01-31,"-12 day ahead inc hosp","quantile",0.5,1815,"COVID-19"
"DE","35-59",2022-02-12,2022-01-31,"-12 day ahead inc hosp","quantile",0.75,1860,"COVID-19"
"DE","35-59",2022-02-12,2022-01-31,"-12 day ahead inc hosp","quantile",0.9,1906,"COVID-19"
"DE","35-59",2022-02-12,2022-01-31,"-12 day ahead inc hosp","quantile",0.975,1965,"COVID-19"
"DE","35-59",2022-02-12,2022-01-30,"-13 day ahead inc hosp","mean",NA,1826,"COVID-19"
"DE","35-59",2022-02-12,2022-01-30,"-13 day ahead inc hosp","quantile",0.025,1732,"COVID-19"
"DE","35-59",2022-02-12,2022-01-30,"-13 day ahead inc hosp","quantile",0.1,1757,"COVID-19"
"DE","35-59",2022-02-12,2022-01-30,"-13 day ahead inc hosp","quantile",0.25,1783,"COVID-19"
"DE","35-59",2022-02-12,2022-01-30,"-13 day ahead inc hosp","quantile",0.5,1819,"COVID-19"
"DE","35-59",2022-02-12,2022-01-30,"-13 day ahead inc hosp","quantile",0.75,1861,"COVID-19"
"DE","35-59",2022-02-12,2022-01-30,"-13 day ahead inc hosp","quantile",0.9,1905,"COVID-19"
"DE","35-59",2022-02-12,2022-01-30,"-13 day ahead inc hosp","quantile",0.975,1962,"COVID-19"
"DE","35-59",2022-02-12,2022-01-29,"-14 day ahead inc hosp","mean",NA,1787,"COVID-19"
"DE","35-59",2022-02-12,2022-01-29,"-14 day ahead inc hosp","quantile",0.025,1700,"COVID-19"
"DE","35-59",2022-02-12,2022-01-29,"-14 day ahead inc hosp","quantile",0.1,1722,"COVID-19"
"DE","35-59",2022-02-12,2022-01-29,"-14 day ahead inc hosp","quantile",0.25,1747,"COVID-19"
"DE","35-59",2022-02-12,2022-01-29,"-14 day ahead inc hosp","quantile",0.5,1780,"COVID-19"
"DE","35-59",2022-02-12,2022-01-29,"-14 day ahead inc hosp","quantile",0.75,1820,"COVID-19"
"DE","35-59",2022-02-12,2022-01-29,"-14 day ahead inc hosp","quantile",0.9,1861,"COVID-19"
"DE","35-59",2022-02-12,2022-01-29,"-14 day ahead inc hosp","quantile",0.975,1915,"COVID-19"
"DE","35-59",2022-02-12,2022-01-28,"-15 day ahead inc hosp","mean",NA,1767,"COVID-19"
"DE","35-59",2022-02-12,2022-01-28,"-15 day ahead inc hosp","quantile",0.025,1689,"COVID-19"
"DE","35-59",2022-02-12,2022-01-28,"-15 day ahead inc hosp","quantile",0.1,1709,"COVID-19"
"DE","35-59",2022-02-12,2022-01-28,"-15 day ahead inc hosp","quantile",0.25,1731,"COVID-19"
"DE","35-59",2022-02-12,2022-01-28,"-15 day ahead inc hosp","quantile",0.5,1760,"COVID-19"
"DE","35-59",2022-02-12,2022-01-28,"-15 day ahead inc hosp","quantile",0.75,1796,"COVID-19"
"DE","35-59",2022-02-12,2022-01-28,"-15 day ahead inc hosp","quantile",0.9,1834,"COVID-19"
"DE","35-59",2022-02-12,2022-01-28,"-15 day ahead inc hosp","quantile",0.975,1882,"COVID-19"
"DE","35-59",2022-02-12,2022-01-27,"-16 day ahead inc hosp","mean",NA,1731,"COVID-19"
"DE","35-59",2022-02-12,2022-01-27,"-16 day ahead inc hosp","quantile",0.025,1661,"COVID-19"
"DE","35-59",2022-02-12,2022-01-27,"-16 day ahead inc hosp","quantile",0.1,1678,"COVID-19"
"DE","35-59",2022-02-12,2022-01-27,"-16 day ahead inc hosp","quantile",0.25,1698,"COVID-19"
"DE","35-59",2022-02-12,2022-01-27,"-16 day ahead inc hosp","quantile",0.5,1724,"COVID-19"
"DE","35-59",2022-02-12,2022-01-27,"-16 day ahead inc hosp","quantile",0.75,1757,"COVID-19"
"DE","35-59",2022-02-12,2022-01-27,"-16 day ahead inc hosp","quantile",0.9,1791,"COVID-19"
"DE","35-59",2022-02-12,2022-01-27,"-16 day ahead inc hosp","quantile",0.975,1835,"COVID-19"
"DE","35-59",2022-02-12,2022-01-26,"-17 day ahead inc hosp","mean",NA,1705,"COVID-19"
"DE","35-59",2022-02-12,2022-01-26,"-17 day ahead inc hosp","quantile",0.025,1644,"COVID-19"
"DE","35-59",2022-02-12,2022-01-26,"-17 day ahead inc hosp","quantile",0.1,1659,"COVID-19"
"DE","35-59",2022-02-12,2022-01-26,"-17 day ahead inc hosp","quantile",0.25,1676,"COVID-19"
"DE","35-59",2022-02-12,2022-01-26,"-17 day ahead inc hosp","quantile",0.5,1700,"COVID-19"
"DE","35-59",2022-02-12,2022-01-26,"-17 day ahead inc hosp","quantile",0.75,1728,"COVID-19"
"DE","35-59",2022-02-12,2022-01-26,"-17 day ahead inc hosp","quantile",0.9,1758,"COVID-19"
"DE","35-59",2022-02-12,2022-01-26,"-17 day ahead inc hosp","quantile",0.975,1797,"COVID-19"
"DE","35-59",2022-02-12,2022-01-25,"-18 day ahead inc hosp","mean",NA,1676,"COVID-19"
"DE","35-59",2022-02-12,2022-01-25,"-18 day ahead inc hosp","quantile",0.025,1623,"COVID-19"
"DE","35-59",2022-02-12,2022-01-25,"-18 day ahead inc hosp","quantile",0.1,1636,"COVID-19"
"DE","35-59",2022-02-12,2022-01-25,"-18 day ahead inc hosp","quantile",0.25,1651,"COVID-19"
"DE","35-59",2022-02-12,2022-01-25,"-18 day ahead inc hosp","quantile",0.5,1671,"COVID-19"
"DE","35-59",2022-02-12,2022-01-25,"-18 day ahead inc hosp","quantile",0.75,1696,"COVID-19"
"DE","35-59",2022-02-12,2022-01-25,"-18 day ahead inc hosp","quantile",0.9,1722,"COVID-19"
"DE","35-59",2022-02-12,2022-01-25,"-18 day ahead inc hosp","quantile",0.975,1757,"COVID-19"
"DE","35-59",2022-02-12,2022-01-24,"-19 day ahead inc hosp","mean",NA,1599,"COVID-19"
"DE","35-59",2022-02-12,2022-01-24,"-19 day ahead inc hosp","quantile",0.025,1553,"COVID-19"
"DE","35-59",2022-02-12,2022-01-24,"-19 day ahead inc hosp","quantile",0.1,1564,"COVID-19"
"DE","35-59",2022-02-12,2022-01-24,"-19 day ahead inc hosp","quantile",0.25,1577,"COVID-19"
"DE","35-59",2022-02-12,2022-01-24,"-19 day ahead inc hosp","quantile",0.5,1594,"COVID-19"
"DE","35-59",2022-02-12,2022-01-24,"-19 day ahead inc hosp","quantile",0.75,1616,"COVID-19"
"DE","35-59",2022-02-12,2022-01-24,"-19 day ahead inc hosp","quantile",0.9,1639,"COVID-19"
"DE","35-59",2022-02-12,2022-01-24,"-19 day ahead inc hosp","quantile",0.975,1669,"COVID-19"
"DE","35-59",2022-02-12,2022-01-23,"-20 day ahead inc hosp","mean",NA,1547,"COVID-19"
"DE","35-59",2022-02-12,2022-01-23,"-20 day ahead inc hosp","quantile",0.025,1505,"COVID-19"
"DE","35-59",2022-02-12,2022-01-23,"-20 day ahead inc hosp","quantile",0.1,1515,"COVID-19"
"DE","35-59",2022-02-12,2022-01-23,"-20 day ahead inc hosp","quantile",0.25,1527,"COVID-19"
"DE","35-59",2022-02-12,2022-01-23,"-20 day ahead inc hosp","quantile",0.5,1543,"COVID-19"
"DE","35-59",2022-02-12,2022-01-23,"-20 day ahead inc hosp","quantile",0.75,1564,"COVID-19"
"DE","35-59",2022-02-12,2022-01-23,"-20 day ahead inc hosp","quantile",0.9,1586,"COVID-19"
"DE","35-59",2022-02-12,2022-01-23,"-20 day ahead inc hosp","quantile",0.975,1614,"COVID-19"
"DE","35-59",2022-02-12,2022-01-22,"-21 day ahead inc hosp","mean",NA,1546,"COVID-19"
"DE","35-59",2022-02-12,2022-01-22,"-21 day ahead inc hosp","quantile",0.025,1505,"COVID-19"
"DE","35-59",2022-02-12,2022-01-22,"-21 day ahead inc hosp","quantile",0.1,1515,"COVID-19"
"DE","35-59",2022-02-12,2022-01-22,"-21 day ahead inc hosp","quantile",0.25,1526,"COVID-19"
"DE","35-59",2022-02-12,2022-01-22,"-21 day ahead inc hosp","quantile",0.5,1542,"COVID-19"
"DE","35-59",2022-02-12,2022-01-22,"-21 day ahead inc hosp","quantile",0.75,1561,"COVID-19"
"DE","35-59",2022-02-12,2022-01-22,"-21 day ahead inc hosp","quantile",0.9,1583,"COVID-19"
"DE","35-59",2022-02-12,2022-01-22,"-21 day ahead inc hosp","quantile",0.975,1611,"COVID-19"
"DE","35-59",2022-02-12,2022-01-21,"-22 day ahead inc hosp","mean",NA,1491,"COVID-19"
"DE","35-59",2022-02-12,2022-01-21,"-22 day ahead inc hosp","quantile",0.025,1455,"COVID-19"
"DE","35-59",2022-02-12,2022-01-21,"-22 day ahead inc hosp","quantile",0.1,1463,"COVID-19"
"DE","35-59",2022-02-12,2022-01-21,"-22 day ahead inc hosp","quantile",0.25,1473,"COVID-19"
"DE","35-59",2022-02-12,2022-01-21,"-22 day ahead inc hosp","quantile",0.5,1487,"COVID-19"
"DE","35-59",2022-02-12,2022-01-21,"-22 day ahead inc hosp","quantile",0.75,1505,"COVID-19"
"DE","35-59",2022-02-12,2022-01-21,"-22 day ahead inc hosp","quantile",0.9,1524,"COVID-19"
"DE","35-59",2022-02-12,2022-01-21,"-22 day ahead inc hosp","quantile",0.975,1549,"COVID-19"
"DE","35-59",2022-02-12,2022-01-20,"-23 day ahead inc hosp","mean",NA,1447,"COVID-19"
"DE","35-59",2022-02-12,2022-01-20,"-23 day ahead inc hosp","quantile",0.025,1415,"COVID-19"
"DE","35-59",2022-02-12,2022-01-20,"-23 day ahead inc hosp","quantile",0.1,1422,"COVID-19"
"DE","35-59",2022-02-12,2022-01-20,"-23 day ahead inc hosp","quantile",0.25,1431,"COVID-19"
"DE","35-59",2022-02-12,2022-01-20,"-23 day ahead inc hosp","quantile",0.5,1443,"COVID-19"
"DE","35-59",2022-02-12,2022-01-20,"-23 day ahead inc hosp","quantile",0.75,1459,"COVID-19"
"DE","35-59",2022-02-12,2022-01-20,"-23 day ahead inc hosp","quantile",0.9,1476,"COVID-19"
"DE","35-59",2022-02-12,2022-01-20,"-23 day ahead inc hosp","quantile",0.975,1499,"COVID-19"
"DE","35-59",2022-02-12,2022-01-19,"-24 day ahead inc hosp","mean",NA,1361,"COVID-19"
"DE","35-59",2022-02-12,2022-01-19,"-24 day ahead inc hosp","quantile",0.025,1334,"COVID-19"
"DE","35-59",2022-02-12,2022-01-19,"-24 day ahead inc hosp","quantile",0.1,1340,"COVID-19"
"DE","35-59",2022-02-12,2022-01-19,"-24 day ahead inc hosp","quantile",0.25,1348,"COVID-19"
"DE","35-59",2022-02-12,2022-01-19,"-24 day ahead inc hosp","quantile",0.5,1358,"COVID-19"
"DE","35-59",2022-02-12,2022-01-19,"-24 day ahead inc hosp","quantile",0.75,1372,"COVID-19"
"DE","35-59",2022-02-12,2022-01-19,"-24 day ahead inc hosp","quantile",0.9,1386,"COVID-19"
"DE","35-59",2022-02-12,2022-01-19,"-24 day ahead inc hosp","quantile",0.975,1406,"COVID-19"
"DE","35-59",2022-02-12,2022-01-18,"-25 day ahead inc hosp","mean",NA,1295,"COVID-19"
"DE","35-59",2022-02-12,2022-01-18,"-25 day ahead inc hosp","quantile",0.025,1271,"COVID-19"
"DE","35-59",2022-02-12,2022-01-18,"-25 day ahead inc hosp","quantile",0.1,1277,"COVID-19"
"DE","35-59",2022-02-12,2022-01-18,"-25 day ahead inc hosp","quantile",0.25,1283,"COVID-19"
"DE","35-59",2022-02-12,2022-01-18,"-25 day ahead inc hosp","quantile",0.5,1292,"COVID-19"
"DE","35-59",2022-02-12,2022-01-18,"-25 day ahead inc hosp","quantile",0.75,1304,"COVID-19"
"DE","35-59",2022-02-12,2022-01-18,"-25 day ahead inc hosp","quantile",0.9,1316,"COVID-19"
"DE","35-59",2022-02-12,2022-01-18,"-25 day ahead inc hosp","quantile",0.975,1333,"COVID-19"
"DE","35-59",2022-02-12,2022-01-17,"-26 day ahead inc hosp","mean",NA,1303,"COVID-19"
"DE","35-59",2022-02-12,2022-01-17,"-26 day ahead inc hosp","quantile",0.025,1281,"COVID-19"
"DE","35-59",2022-02-12,2022-01-17,"-26 day ahead inc hosp","quantile",0.1,1286,"COVID-19"
"DE","35-59",2022-02-12,2022-01-17,"-26 day ahead inc hosp","quantile",0.25,1292,"COVID-19"
"DE","35-59",2022-02-12,2022-01-17,"-26 day ahead inc hosp","quantile",0.5,1301,"COVID-19"
"DE","35-59",2022-02-12,2022-01-17,"-26 day ahead inc hosp","quantile",0.75,1311,"COVID-19"
"DE","35-59",2022-02-12,2022-01-17,"-26 day ahead inc hosp","quantile",0.9,1323,"COVID-19"
"DE","35-59",2022-02-12,2022-01-17,"-26 day ahead inc hosp","quantile",0.975,1338,"COVID-19"
"DE","35-59",2022-02-12,2022-01-16,"-27 day ahead inc hosp","mean",NA,1307,"COVID-19"
"DE","35-59",2022-02-12,2022-01-16,"-27 day ahead inc hosp","quantile",0.025,1286,"COVID-19"
"DE","35-59",2022-02-12,2022-01-16,"-27 day ahead inc hosp","quantile",0.1,1291,"COVID-19"
"DE","35-59",2022-02-12,2022-01-16,"-27 day ahead inc hosp","quantile",0.25,1297,"COVID-19"
"DE","35-59",2022-02-12,2022-01-16,"-27 day ahead inc hosp","quantile",0.5,1305,"COVID-19"
"DE","35-59",2022-02-12,2022-01-16,"-27 day ahead inc hosp","quantile",0.75,1315,"COVID-19"
"DE","35-59",2022-02-12,2022-01-16,"-27 day ahead inc hosp","quantile",0.9,1326,"COVID-19"
"DE","35-59",2022-02-12,2022-01-16,"-27 day ahead inc hosp","quantile",0.975,1341,"COVID-19"
"DE","35-59",2022-02-12,2022-01-15,"-28 day ahead inc hosp","mean",NA,1295,"COVID-19"
"DE","35-59",2022-02-12,2022-01-15,"-28 day ahead inc hosp","quantile",0.025,1275,"COVID-19"
"DE","35-59",2022-02-12,2022-01-15,"-28 day ahead inc hosp","quantile",0.1,1279,"COVID-19"
"DE","35-59",2022-02-12,2022-01-15,"-28 day ahead inc hosp","quantile",0.25,1285,"COVID-19"
"DE","35-59",2022-02-12,2022-01-15,"-28 day ahead inc hosp","quantile",0.5,1292,"COVID-19"
"DE","35-59",2022-02-12,2022-01-15,"-28 day ahead inc hosp","quantile",0.75,1302,"COVID-19"
"DE","35-59",2022-02-12,2022-01-15,"-28 day ahead inc hosp","quantile",0.9,1313,"COVID-19"
"DE","35-59",2022-02-12,2022-01-15,"-28 day ahead inc hosp","quantile",0.975,1327,"COVID-19"
"DE","60-79",2022-02-12,2022-02-12,"0 day ahead inc hosp","mean",NA,2831,"COVID-19"
"DE","60-79",2022-02-12,2022-02-12,"0 day ahead inc hosp","quantile",0.025,2166,"COVID-19"
"DE","60-79",2022-02-12,2022-02-12,"0 day ahead inc hosp","quantile",0.1,2356,"COVID-19"
"DE","60-79",2022-02-12,2022-02-12,"0 day ahead inc hosp","quantile",0.25,2551,"COVID-19"
"DE","60-79",2022-02-12,2022-02-12,"0 day ahead inc hosp","quantile",0.5,2796,"COVID-19"
"DE","60-79",2022-02-12,2022-02-12,"0 day ahead inc hosp","quantile",0.75,3073,"COVID-19"
"DE","60-79",2022-02-12,2022-02-12,"0 day ahead inc hosp","quantile",0.9,3350,"COVID-19"
"DE","60-79",2022-02-12,2022-02-12,"0 day ahead inc hosp","quantile",0.975,3693,"COVID-19"
"DE","60-79",2022-02-12,2022-02-11,"-1 day ahead inc hosp","mean",NA,2829,"COVID-19"
"DE","60-79",2022-02-12,2022-02-11,"-1 day ahead inc hosp","quantile",0.025,2224,"COVID-19"
"DE","60-79",2022-02-12,2022-02-11,"-1 day ahead inc hosp","quantile",0.1,2394,"COVID-19"
"DE","60-79",2022-02-12,2022-02-11,"-1 day ahead inc hosp","quantile",0.25,2570,"COVID-19"
"DE","60-79",2022-02-12,2022-02-11,"-1 day ahead inc hosp","quantile",0.5,2795,"COVID-19"
"DE","60-79",2022-02-12,2022-02-11,"-1 day ahead inc hosp","quantile",0.75,3050,"COVID-19"
"DE","60-79",2022-02-12,2022-02-11,"-1 day ahead inc hosp","quantile",0.9,3309,"COVID-19"
"DE","60-79",2022-02-12,2022-02-11,"-1 day ahead inc hosp","quantile",0.975,3630,"COVID-19"
"DE","60-79",2022-02-12,2022-02-10,"-2 day ahead inc hosp","mean",NA,2861,"COVID-19"
"DE","60-79",2022-02-12,2022-02-10,"-2 day ahead inc hosp","quantile",0.025,2327,"COVID-19"
"DE","60-79",2022-02-12,2022-02-10,"-2 day ahead inc hosp","quantile",0.1,2477,"COVID-19"
"DE","60-79",2022-02-12,2022-02-10,"-2 day ahead inc hosp","quantile",0.25,2632,"COVID-19"
"DE","60-79",2022-02-12,2022-02-10,"-2 day ahead inc hosp","quantile",0.5,2830,"COVID-19"
"DE","60-79",2022-02-12,2022-02-10,"-2 day ahead inc hosp","quantile",0.75,3057,"COVID-19"
"DE","60-79",2022-02-12,2022-02-10,"-2 day ahead inc hosp","quantile",0.9,3286,"COVID-19"
"DE","60-79",2022-02-12,2022-02-10,"-2 day ahead inc hosp","quantile",0.975,3572,"COVID-19"
"DE","60-79",2022-02-12,2022-02-09,"-3 day ahead inc hosp","mean",NA,2822,"COVID-19"
"DE","60-79",2022-02-12,2022-02-09,"-3 day ahead inc hosp","quantile",0.025,2368,"COVID-19"
"DE","60-79",2022-02-12,2022-02-09,"-3 day ahead inc hosp","quantile",0.1,2495,"COVID-19"
"DE","60-79",2022-02-12,2022-02-09,"-3 day ahead inc hosp","quantile",0.25,2627,"COVID-19"
"DE","60-79",2022-02-12,2022-02-09,"-3 day ahead inc hosp","quantile",0.5,2796,"COVID-19"
"DE","60-79",2022-02-12,2022-02-09,"-3 day ahead inc hosp","quantile",0.75,2988,"COVID-19"
"DE","60-79",2022-02-12,2022-02-09,"-3 day ahead inc hosp","quantile",0.9,3182,"COVID-19"
"DE","60-79",2022-02-12,2022-02-09,"-3 day ahead inc hosp","quantile",0.975,3424,"COVID-19"
"DE","60-79",2022-02-12,2022-02-08,"-4 day ahead inc hosp","mean",NA,2658,"COVID-19"
"DE","60-79",2022-02-12,2022-02-08,"-4 day ahead inc hosp","quantile",0.025,2300,"COVID-19"
"DE","60-79",2022-02-12,2022-02-08,"-4 day ahead inc hosp","quantile",0.1,2400,"COVID-19"
"DE","60-79",2022-02-12,2022-02-08,"-4 day ahead inc hosp","quantile",0.25,2504,"COVID-19"
"DE","60-79",2022-02-12,2022-02-08,"-4 day ahead inc hosp","quantile",0.5,2637,"COVID-19"
"DE","60-79",2022-02-12,2022-02-08,"-4 day ahead inc hosp","quantile",0.75,2790,"COVID-19"
"DE","60-79",2022-02-12,2022-02-08,"-4 day ahead inc hosp","quantile",0.9,2944,"COVID-19"
"DE","60-79",2022-02-12,2022-02-08,"-4 day ahead inc hosp","quantile",0.975,3136,"COVID-19"
"DE","60-79",2022-02-12,2022-02-07,"-5 day ahead inc hosp","mean",NA,2520,"COVID-19"
"DE","60-79",2022-02-12,2022-02-07,"-5 day ahead inc hosp","quantile",0.025,2234,"COVID-19"
"DE","60-79",2022-02-12,2022-02-07,"-5 day ahead inc hosp","quantile",0.1,2314,"COVID-19"
"DE","60-79",2022-02-12,2022-02-07,"-5 day ahead inc hosp","quantile",0.25,2397,"COVID-19"
"DE","60-79",2022-02-12,2022-02-07,"-5 day ahead inc hosp","quantile",0.5,2503,"COVID-19"
"DE","60-79",2022-02-12,2022-02-07,"-5 day ahead inc hosp","quantile",0.75,2624,"COVID-19"
"DE","60-79",2022-02-12,2022-02-07,"-5 day ahead inc hosp","quantile",0.9,2747,"COVID-19"
"DE","60-79",2022-02-12,2022-02-07,"-5 day ahead inc hosp","quantile",0.975,2900,"COVID-19"
"DE","60-79",2022-02-12,2022-02-06,"-6 day ahead inc hosp","mean",NA,2490,"COVID-19"
"DE","60-79",2022-02-12,2022-02-06,"-6 day ahead inc hosp","quantile",0.025,2223,"COVID-19"
"DE","60-79",2022-02-12,2022-02-06,"-6 day ahead inc hosp","quantile",0.1,2298,"COVID-19"
"DE","60-79",2022-02-12,2022-02-06,"-6 day ahead inc hosp","quantile",0.25,2375,"COVID-19"
"DE","60-79",2022-02-12,2022-02-06,"-6 day ahead inc hosp","quantile",0.5,2474,"COVID-19"
"DE","60-79",2022-02-12,2022-02-06,"-6 day ahead inc hosp","quantile",0.75,2588,"COVID-19"
"DE","60-79",2022-02-12,2022-02-06,"-6 day ahead inc hosp","quantile",0.9,2703,"COVID-19"
"DE","60-79",2022-02-12,2022-02-06,"-6 day ahead inc hosp","quantile",0.975,2847,"COVID-19"
"DE","60-79",2022-02-12,2022-02-05,"-7 day ahead inc hosp","mean",NA,2425,"COVID-19"
"DE","60-79",2022-02-12,2022-02-05,"-7 day ahead inc hosp","quantile",0.025,2177,"COVID-19"
"DE","60-79",2022-02-12,2022-02-05,"-7 day ahead inc hosp","quantile",0.1,2245,"COVID-19"
"DE","60-79",2022-02-12,2022-02-05,"-7 day ahead inc hosp","quantile",0.25,2318,"COVID-19"
"DE","60-79",2022-02-12,2022-02-05,"-7 day ahead inc hosp","quantile",0.5,2410,"COVID-19"
"DE","60-79",2022-02-12,2022-02-05,"-7 day ahead inc hosp","quantile",0.75,2517,"COVID-19"
"DE","60-79",2022-02-12,2022-02-05,"-7 day ahead inc hosp","quantile",0.9,2625,"COVID-19"
"DE","60-79",2022-02-12,2022-02-05,"-7 day ahead inc hosp","quantile",0.975,2761,"COVID-19"
"DE","60-79",2022-02-12,2022-02-04,"-8 day ahead inc hosp","mean",NA,2305,"COVID-19"
"DE","60-79",2022-02-12,2022-02-04,"-8 day ahead inc hosp","quantile",0.025,2086,"COVID-19"
"DE","60-79",2022-02-12,2022-02-04,"-8 day ahead inc hosp","quantile",0.1,2146,"COVID-19"
"DE","60-79",2022-02-12,2022-02-04,"-8 day ahead inc hosp","quantile",0.25,2209,"COVID-19"
"DE","60-79",2022-02-12,2022-02-04,"-8 day ahead inc hosp","quantile",0.5,2290,"COVID-19"
"DE","60-79",2022-02-12,2022-02-04,"-8 day ahead inc hosp","quantile",0.75,2385,"COVID-19"
"DE","60-79",2022-02-12,2022-02-04,"-8 day ahead inc hosp","quantile",0.9,2482,"COVID-19"
"DE","60-79",2022-02-12,2022-02-04,"-8 day ahead inc hosp","quantile",0.975,2604,"COVID-19"
"DE","60-79",2022-02-12,2022-02-03,"-9 day ahead inc hosp","mean",NA,2139,"COVID-19"
"DE","60-79",2022-02-12,2022-02-03,"-9 day ahead inc hosp","quantile",0.025,1956,"COVID-19"
"DE","60-79",2022-02-12,2022-02-03,"-9 day ahead inc hosp","quantile",0.1,2005,"COVID-19"
"DE","60-79",2022-02-12,2022-02-03,"-9 day ahead inc hosp","quantile",0.25,2057,"COVID-19"
"DE","60-79",2022-02-12,2022-02-03,"-9 day ahead inc hosp","quantile",0.5,2126,"COVID-19"
"DE","60-79",2022-02-12,2022-02-03,"-9 day ahead inc hosp","quantile",0.75,2206,"COVID-19"
"DE","60-79",2022-02-12,2022-02-03,"-9 day ahead inc hosp","quantile",0.9,2288,"COVID-19"
"DE","60-79",2022-02-12,2022-02-03,"-9 day ahead inc hosp","quantile",0.975,2393,"COVID-19"
"DE","60-79",2022-02-12,2022-02-02,"-10 day ahead inc hosp","mean",NA,1995,"COVID-19"
"DE","60-79",2022-02-12,2022-02-02,"-10 day ahead inc hosp","quantile",0.025,1843,"COVID-19"
"DE","60-79",2022-02-12,2022-02-02,"-10 day ahead inc hosp","quantile",0.1,1883,"COVID-19"
"DE","60-79",2022-02-12,2022-02-02,"-10 day ahead inc hosp","quantile",0.25,1927,"COVID-19"
"DE","60-79",2022-02-12,2022-02-02,"-10 day ahead inc hosp","quantile",0.5,1984,"COVID-19"
"DE","60-79",2022-02-12,2022-02-02,"-10 day ahead inc hosp","quantile",0.75,2051,"COVID-19"
"DE","60-79",2022-02-12,2022-02-02,"-10 day ahead inc hosp","quantile",0.9,2121,"COVID-19"
"DE","60-79",2022-02-12,2022-02-02,"-10 day ahead inc hosp","quantile",0.975,2209,"COVID-19"
"DE","60-79",2022-02-12,2022-02-01,"-11 day ahead inc hosp","mean",NA,1894,"COVID-19"
"DE","60-79",2022-02-12,2022-02-01,"-11 day ahead inc hosp","quantile",0.025,1771,"COVID-19"
"DE","60-79",2022-02-12,2022-02-01,"-11 day ahead inc hosp","quantile",0.1,1803,"COVID-19"
"DE","60-79",2022-02-12,2022-02-01,"-11 day ahead inc hosp","quantile",0.25,1838,"COVID-19"
"DE","60-79",2022-02-12,2022-02-01,"-11 day ahead inc hosp","quantile",0.5,1885,"COVID-19"
"DE","60-79",2022-02-12,2022-02-01,"-11 day ahead inc hosp","quantile",0.75,1940,"COVID-19"
"DE","60-79",2022-02-12,2022-02-01,"-11 day ahead inc hosp","quantile",0.9,1997,"COVID-19"
"DE","60-79",2022-02-12,2022-02-01,"-11 day ahead inc hosp","quantile",0.975,2069,"COVID-19"
"DE","60-79",2022-02-12,2022-01-31,"-12 day ahead inc hosp","mean",NA,1852,"COVID-19"
"DE","60-79",2022-02-12,2022-01-31,"-12 day ahead inc hosp","quantile",0.025,1749,"COVID-19"
"DE","60-79",2022-02-12,2022-01-31,"-12 day ahead inc hosp","quantile",0.1,1776,"COVID-19"
"DE","60-79",2022-02-12,2022-01-31,"-12 day ahead inc hosp","quantile",0.25,1805,"COVID-19"
"DE","60-79",2022-02-12,2022-01-31,"-12 day ahead inc hosp","quantile",0.5,1844,"COVID-19"
"DE","60-79",2022-02-12,2022-01-31,"-12 day ahead inc hosp","quantile",0.75,1891,"COVID-19"
"DE","60-79",2022-02-12,2022-01-31,"-12 day ahead inc hosp","quantile",0.9,1939,"COVID-19"
"DE","60-79",2022-02-12,2022-01-31,"-12 day ahead inc hosp","quantile",0.975,2001,"COVID-19"
"DE","60-79",2022-02-12,2022-01-30,"-13 day ahead inc hosp","mean",NA,1821,"COVID-19"
"DE","60-79",2022-02-12,2022-01-30,"-13 day ahead inc hosp","quantile",0.025,1723,"COVID-19"
"DE","60-79",2022-02-12,2022-01-30,"-13 day ahead inc hosp","quantile",0.1,1748,"COVID-19"
"DE","60-79",2022-02-12,2022-01-30,"-13 day ahead inc hosp","quantile",0.25,1776,"COVID-19"
"DE","60-79",2022-02-12,2022-01-30,"-13 day ahead inc hosp","quantile",0.5,1813,"COVID-19"
"DE","60-79",2022-02-12,2022-01-30,"-13 day ahead inc hosp","quantile",0.75,1857,"COVID-19"
"DE","60-79",2022-02-12,2022-01-30,"-13 day ahead inc hosp","quantile",0.9,1903,"COVID-19"
"DE","60-79",2022-02-12,2022-01-30,"-13 day ahead inc hosp","quantile",0.975,1962,"COVID-19"
"DE","60-79",2022-02-12,2022-01-29,"-14 day ahead inc hosp","mean",NA,1786,"COVID-19"
"DE","60-79",2022-02-12,2022-01-29,"-14 day ahead inc hosp","quantile",0.025,1693,"COVID-19"
"DE","60-79",2022-02-12,2022-01-29,"-14 day ahead inc hosp","quantile",0.1,1716,"COVID-19"
"DE","60-79",2022-02-12,2022-01-29,"-14 day ahead inc hosp","quantile",0.25,1743,"COVID-19"
"DE","60-79",2022-02-12,2022-01-29,"-14 day ahead inc hosp","quantile",0.5,1778,"COVID-19"
"DE","60-79",2022-02-12,2022-01-29,"-14 day ahead inc hosp","quantile",0.75,1821,"COVID-19"
"DE","60-79",2022-02-12,2022-01-29,"-14 day ahead inc hosp","quantile",0.9,1865,"COVID-19"
"DE","60-79",2022-02-12,2022-01-29,"-14 day ahead inc hosp","quantile",0.975,1923,"COVID-19"
"DE","60-79",2022-02-12,2022-01-28,"-15 day ahead inc hosp","mean",NA,1767,"COVID-19"
"DE","60-79",2022-02-12,2022-01-28,"-15 day ahead inc hosp","quantile",0.025,1682,"COVID-19"
"DE","60-79",2022-02-12,2022-01-28,"-15 day ahead inc hosp","quantile",0.1,1703,"COVID-19"
"DE","60-79",2022-02-12,2022-01-28,"-15 day ahead inc hosp","quantile",0.25,1727,"COVID-19"
"DE","60-79",2022-02-12,2022-01-28,"-15 day ahead inc hosp","quantile",0.5,1760,"COVID-19"
"DE","60-79",2022-02-12,2022-01-28,"-15 day ahead inc hosp","quantile",0.75,1800,"COVID-19"
"DE","60-79",2022-02-12,2022-01-28,"-15 day ahead inc hosp","quantile",0.9,1842,"COVID-19"
"DE","60-79",2022-02-12,2022-01-28,"-15 day ahead inc hosp","quantile",0.975,1896,"COVID-19"
"DE","60-79",2022-02-12,2022-01-27,"-16 day ahead inc hosp","mean",NA,1711,"COVID-19"
"DE","60-79",2022-02-12,2022-01-27,"-16 day ahead inc hosp","quantile",0.025,1634,"COVID-19"
"DE","60-79",2022-02-12,2022-01-27,"-16 day ahead inc hosp","quantile",0.1,1652,"COVID-19"
"DE","60-79",2022-02-12,2022-01-27,"-16 day ahead inc hosp","quantile",0.25,1674,"COVID-19"
"DE","60-79",2022-02-12,2022-01-27,"-16 day ahead inc hosp","quantile",0.5,1703,"COVID-19"
"DE","60-79",2022-02-12,2022-01-27,"-16 day ahead inc hosp","quantile",0.75,1740,"COVID-19"
"DE","60-79",2022-02-12,2022-01-27,"-16 day ahead inc hosp","quantile",0.9,1778,"COVID-19"
"DE","60-79",2022-02-12,2022-01-27,"-16 day ahead inc hosp","quantile",0.975,1828,"COVID-19"
"DE","60-79",2022-02-12,2022-01-26,"-17 day ahead inc hosp","mean",NA,1693,"COVID-19"
"DE","60-79",2022-02-12,2022-01-26,"-17 day ahead inc hosp","quantile",0.025,1623,"COVID-19"
"DE","60-79",2022-02-12,2022-01-26,"-17 day ahead inc hosp","quantile",0.1,1640,"COVID-19"
"DE","60-79",2022-02-12,2022-01-26,"-17 day ahead inc hosp","quantile",0.25,1659,"COVID-19"
"DE","60-79",2022-02-12,2022-01-26,"-17 day ahead inc hosp","quantile",0.5,1686,"COVID-19"
"DE","60-79",2022-02-12,2022-01-26,"-17 day ahead inc hosp","quantile",0.75,1719,"COVID-19"
"DE","60-79",2022-02-12,2022-01-26,"-17 day ahead inc hosp","quantile",0.9,1755,"COVID-19"
"DE","60-79",2022-02-12,2022-01-26,"-17 day ahead inc hosp","quantile",0.975,1802,"COVID-19"
"DE","60-79",2022-02-12,2022-01-25,"-18 day ahead inc hosp","mean",NA,1602,"COVID-19"
"DE","60-79",2022-02-12,2022-01-25,"-18 day ahead inc hosp","quantile",0.025,1543,"COVID-19"
"DE","60-79",2022-02-12,2022-01-25,"-18 day ahead inc hosp","quantile",0.1,1557,"COVID-19"
"DE","60-79",2022-02-12,2022-01-25,"-18 day ahead inc hosp","quantile",0.25,1573,"COVID-19"
"DE","60-79",2022-02-12,2022-01-25,"-18 day ahead inc hosp","quantile",0.5,1596,"COVID-19"
"DE","60-79",2022-02-12,2022-01-25,"-18 day ahead inc hosp","quantile",0.75,1624,"COVID-19"
"DE","60-79",2022-02-12,2022-01-25,"-18 day ahead inc hosp","quantile",0.9,1654,"COVID-19"
"DE","60-79",2022-02-12,2022-01-25,"-18 day ahead inc hosp","quantile",0.975,1694,"COVID-19"
"DE","60-79",2022-02-12,2022-01-24,"-19 day ahead inc hosp","mean",NA,1520,"COVID-19"
"DE","60-79",2022-02-12,2022-01-24,"-19 day ahead inc hosp","quantile",0.025,1471,"COVID-19"
"DE","60-79",2022-02-12,2022-01-24,"-19 day ahead inc hosp","quantile",0.1,1482,"COVID-19"
"DE","60-79",2022-02-12,2022-01-24,"-19 day ahead inc hosp","quantile",0.25,1496,"COVID-19"
"DE","60-79",2022-02-12,2022-01-24,"-19 day ahead inc hosp","quantile",0.5,1515,"COVID-19"
"DE","60-79",2022-02-12,2022-01-24,"-19 day ahead inc hosp","quantile",0.75,1539,"COVID-19"
"DE","60-79",2022-02-12,2022-01-24,"-19 day ahead inc hosp","quantile",0.9,1565,"COVID-19"
"DE","60-79",2022-02-12,2022-01-24,"-19 day ahead inc hosp","quantile",0.975,1598,"COVID-19"
"DE","60-79",2022-02-12,2022-01-23,"-20 day ahead inc hosp","mean",NA,1502,"COVID-19"
"DE","60-79",2022-02-12,2022-01-23,"-20 day ahead inc hosp","quantile",0.025,1455,"COVID-19"
"DE","60-79",2022-02-12,2022-01-23,"-20 day ahead inc hosp","quantile",0.1,1466,"COVID-19"
"DE","60-79",2022-02-12,2022-01-23,"-20 day ahead inc hosp","quantile",0.25,1479,"COVID-19"
"DE","60-79",2022-02-12,2022-01-23,"-20 day ahead inc hosp","quantile",0.5,1497,"COVID-19"
"DE","60-79",2022-02-12,2022-01-23,"-20 day ahead inc hosp","quantile",0.75,1520,"COVID-19"
"DE","60-79",2022-02-12,2022-01-23,"-20 day ahead inc hosp","quantile",0.9,1545,"COVID-19"
"DE","60-79",2022-02-12,2022-01-23,"-20 day ahead inc hosp","quantile",0.975,1577,"COVID-19"
"DE","60-79",2022-02-12,2022-01-22,"-21 day ahead inc hosp","mean",NA,1486,"COVID-19"
"DE","60-79",2022-02-12,2022-01-22,"-21 day ahead inc hosp","quantile",0.025,1442,"COVID-19"
"DE","60-79",2022-02-12,2022-01-22,"-21 day ahead inc hosp","quantile",0.1,1452,"COVID-19"
"DE","60-79",2022-02-12,2022-01-22,"-21 day ahead inc hosp","quantile",0.25,1464,"COVID-19"
"DE","60-79",2022-02-12,2022-01-22,"-21 day ahead inc hosp","quantile",0.5,1481,"COVID-19"
"DE","60-79",2022-02-12,2022-01-22,"-21 day ahead inc hosp","quantile",0.75,1503,"COVID-19"
"DE","60-79",2022-02-12,2022-01-22,"-21 day ahead inc hosp","quantile",0.9,1527,"COVID-19"
"DE","60-79",2022-02-12,2022-01-22,"-21 day ahead inc hosp","quantile",0.975,1558,"COVID-19"
"DE","60-79",2022-02-12,2022-01-21,"-22 day ahead inc hosp","mean",NA,1432,"COVID-19"
"DE","60-79",2022-02-12,2022-01-21,"-22 day ahead inc hosp","quantile",0.025,1392,"COVID-19"
"DE","60-79",2022-02-12,2022-01-21,"-22 day ahead inc hosp","quantile",0.1,1401,"COVID-19"
"DE","60-79",2022-02-12,2022-01-21,"-22 day ahead inc hosp","quantile",0.25,1412,"COVID-19"
"DE","60-79",2022-02-12,2022-01-21,"-22 day ahead inc hosp","quantile",0.5,1428,"COVID-19"
"DE","60-79",2022-02-12,2022-01-21,"-22 day ahead inc hosp","quantile",0.75,1447,"COVID-19"
"DE","60-79",2022-02-12,2022-01-21,"-22 day ahead inc hosp","quantile",0.9,1469,"COVID-19"
"DE","60-79",2022-02-12,2022-01-21,"-22 day ahead inc hosp","quantile",0.975,1497,"COVID-19"
"DE","60-79",2022-02-12,2022-01-20,"-23 day ahead inc hosp","mean",NA,1394,"COVID-19"
"DE","60-79",2022-02-12,2022-01-20,"-23 day ahead inc hosp","quantile",0.025,1357,"COVID-19"
"DE","60-79",2022-02-12,2022-01-20,"-23 day ahead inc hosp","quantile",0.1,1366,"COVID-19"
"DE","60-79",2022-02-12,2022-01-20,"-23 day ahead inc hosp","quantile",0.25,1376,"COVID-19"
"DE","60-79",2022-02-12,2022-01-20,"-23 day ahead inc hosp","quantile",0.5,1390,"COVID-19"
"DE","60-79",2022-02-12,2022-01-20,"-23 day ahead inc hosp","quantile",0.75,1407,"COVID-19"
"DE","60-79",2022-02-12,2022-01-20,"-23 day ahead inc hosp","quantile",0.9,1426,"COVID-19"
"DE","60-79",2022-02-12,2022-01-20,"-23 day ahead inc hosp","quantile",0.975,1452,"COVID-19"
"DE","60-79",2022-02-12,2022-01-19,"-24 day ahead inc hosp","mean",NA,1320,"COVID-19"
"DE","60-79",2022-02-12,2022-01-19,"-24 day ahead inc hosp","quantile",0.025,1288,"COVID-19"
"DE","60-79",2022-02-12,2022-01-19,"-24 day ahead inc hosp","quantile",0.1,1296,"COVID-19"
"DE","60-79",2022-02-12,2022-01-19,"-24 day ahead inc hosp","quantile",0.25,1304,"COVID-19"
"DE","60-79",2022-02-12,2022-01-19,"-24 day ahead inc hosp","quantile",0.5,1317,"COVID-19"
"DE","60-79",2022-02-12,2022-01-19,"-24 day ahead inc hosp","quantile",0.75,1332,"COVID-19"
"DE","60-79",2022-02-12,2022-01-19,"-24 day ahead inc hosp","quantile",0.9,1349,"COVID-19"
"DE","60-79",2022-02-12,2022-01-19,"-24 day ahead inc hosp","quantile",0.975,1371,"COVID-19"
"DE","60-79",2022-02-12,2022-01-18,"-25 day ahead inc hosp","mean",NA,1261,"COVID-19"
"DE","60-79",2022-02-12,2022-01-18,"-25 day ahead inc hosp","quantile",0.025,1234,"COVID-19"
"DE","60-79",2022-02-12,2022-01-18,"-25 day ahead inc hosp","quantile",0.1,1240,"COVID-19"
"DE","60-79",2022-02-12,2022-01-18,"-25 day ahead inc hosp","quantile",0.25,1248,"COVID-19"
"DE","60-79",2022-02-12,2022-01-18,"-25 day ahead inc hosp","quantile",0.5,1258,"COVID-19"
"DE","60-79",2022-02-12,2022-01-18,"-25 day ahead inc hosp","quantile",0.75,1272,"COVID-19"
"DE","60-79",2022-02-12,2022-01-18,"-25 day ahead inc hosp","quantile",0.9,1286,"COVID-19"
"DE","60-79",2022-02-12,2022-01-18,"-25 day ahead inc hosp","quantile",0.975,1306,"COVID-19"
"DE","60-79",2022-02-12,2022-01-17,"-26 day ahead inc hosp","mean",NA,1231,"COVID-19"
"DE","60-79",2022-02-12,2022-01-17,"-26 day ahead inc hosp","quantile",0.025,1207,"COVID-19"
"DE","60-79",2022-02-12,2022-01-17,"-26 day ahead inc hosp","quantile",0.1,1212,"COVID-19"
"DE","60-79",2022-02-12,2022-01-17,"-26 day ahead inc hosp","quantile",0.25,1219,"COVID-19"
"DE","60-79",2022-02-12,2022-01-17,"-26 day ahead inc hosp","quantile",0.5,1228,"COVID-19"
"DE","60-79",2022-02-12,2022-01-17,"-26 day ahead inc hosp","quantile",0.75,1240,"COVID-19"
"DE","60-79",2022-02-12,2022-01-17,"-26 day ahead inc hosp","quantile",0.9,1253,"COVID-19"
"DE","60-79",2022-02-12,2022-01-17,"-26 day ahead inc hosp","quantile",0.975,1270,"COVID-19"
"DE","60-79",2022-02-12,2022-01-16,"-27 day ahead inc hosp","mean",NA,1211,"COVID-19"
"DE","60-79",2022-02-12,2022-01-16,"-27 day ahead inc hosp","quantile",0.025,1188,"COVID-19"
"DE","60-79",2022-02-12,2022-01-16,"-27 day ahead inc hosp","quantile",0.1,1193,"COVID-19"
"DE","60-79",2022-02-12,2022-01-16,"-27 day ahead inc hosp","quantile",0.25,1199,"COVID-19"
"DE","60-79",2022-02-12,2022-01-16,"-27 day ahead inc hosp","quantile",0.5,1208,"COVID-19"
"DE","60-79",2022-02-12,2022-01-16,"-27 day ahead inc hosp","quantile",0.75,1220,"COVID-19"
"DE","60-79",2022-02-12,2022-01-16,"-27 day ahead inc hosp","quantile",0.9,1232,"COVID-19"
"DE","60-79",2022-02-12,2022-01-16,"-27 day ahead inc hosp","quantile",0.975,1248,"COVID-19"
"DE","60-79",2022-02-12,2022-01-15,"-28 day ahead inc hosp","mean",NA,1218,"COVID-19"
"DE","60-79",2022-02-12,2022-01-15,"-28 day ahead inc hosp","quantile",0.025,1195,"COVID-19"
"DE","60-79",2022-02-12,2022-01-15,"-28 day ahead inc hosp","quantile",0.1,1200,"COVID-19"
"DE","60-79",2022-02-12,2022-01-15,"-28 day ahead inc hosp","quantile",0.25,1206,"COVID-19"
"DE","60-79",2022-02-12,2022-01-15,"-28 day ahead inc hosp","quantile",0.5,1215,"COVID-19"
"DE","60-79",2022-02-12,2022-01-15,"-28 day ahead inc hosp","quantile",0.75,1226,"COVID-19"
"DE","60-79",2022-02-12,2022-01-15,"-28 day ahead inc hosp","quantile",0.9,1238,"COVID-19"
"DE","60-79",2022-02-12,2022-01-15,"-28 day ahead inc hosp","quantile",0.975,1254,"COVID-19"
"DE","80+",2022-02-12,2022-02-12,"0 day ahead inc hosp","mean",NA,3166,"COVID-19"
"DE","80+",2022-02-12,2022-02-12,"0 day ahead inc hosp","quantile",0.025,2482,"COVID-19"
"DE","80+",2022-02-12,2022-02-12,"0 day ahead inc hosp","quantile",0.1,2681,"COVID-19"
"DE","80+",2022-02-12,2022-02-12,"0 day ahead inc hosp","quantile",0.25,2883,"COVID-19"
"DE","80+",2022-02-12,2022-02-12,"0 day ahead inc hosp","quantile",0.5,3133,"COVID-19"
"DE","80+",2022-02-12,2022-02-12,"0 day ahead inc hosp","quantile",0.75,3414,"COVID-19"
"DE","80+",2022-02-12,2022-02-12,"0 day ahead inc hosp","quantile",0.9,3693,"COVID-19"
"DE","80+",2022-02-12,2022-02-12,"0 day ahead inc hosp","quantile",0.975,4035,"COVID-19"
"DE","80+",2022-02-12,2022-02-11,"-1 day ahead inc hosp","mean",NA,3052,"COVID-19"
"DE","80+",2022-02-12,2022-02-11,"-1 day ahead inc hosp","quantile",0.025,2458,"COVID-19"
"DE","80+",2022-02-12,2022-02-11,"-1 day ahead inc hosp","quantile",0.1,2628,"COVID-19"
"DE","80+",2022-02-12,2022-02-11,"-1 day ahead inc hosp","quantile",0.25,2802,"COVID-19"
"DE","80+",2022-02-12,2022-02-11,"-1 day ahead inc hosp","quantile",0.5,3021,"COVID-19"
"DE","80+",2022-02-12,2022-02-11,"-1 day ahead inc hosp","quantile",0.75,3268,"COVID-19"
"DE","80+",2022-02-12,2022-02-11,"-1 day ahead inc hosp","quantile",0.9,3516,"COVID-19"
"DE","80+",2022-02-12,2022-02-11,"-1 day ahead inc hosp","quantile",0.975,3823,"COVID-19"
"DE","80+",2022-02-12,2022-02-10,"-2 day ahead inc hosp","mean",NA,2997,"COVID-19"
"DE","80+",2022-02-12,2022-02-10,"-2 day ahead inc hosp","quantile",0.025,2517,"COVID-19"
"DE","80+",2022-02-12,2022-02-10,"-2 day ahead inc hosp","quantile",0.1,2655,"COVID-19"
"DE","80+",2022-02-12,2022-02-10,"-2 day ahead inc hosp","quantile",0.25,2796,"COVID-19"
"DE","80+",2022-02-12,2022-02-10,"-2 day ahead inc hosp","quantile",0.5,2972,"COVID-19"
"DE","80+",2022-02-12,2022-02-10,"-2 day ahead inc hosp","quantile",0.75,3171,"COVID-19"
"DE","80+",2022-02-12,2022-02-10,"-2 day ahead inc hosp","quantile",0.9,3370,"COVID-19"
"DE","80+",2022-02-12,2022-02-10,"-2 day ahead inc hosp","quantile",0.975,3614,"COVID-19"
"DE","80+",2022-02-12,2022-02-09,"-3 day ahead inc hosp","mean",NA,2873,"COVID-19"
"DE","80+",2022-02-12,2022-02-09,"-3 day ahead inc hosp","quantile",0.025,2493,"COVID-19"
"DE","80+",2022-02-12,2022-02-09,"-3 day ahead inc hosp","quantile",0.1,2603,"COVID-19"
"DE","80+",2022-02-12,2022-02-09,"-3 day ahead inc hosp","quantile",0.25,2715,"COVID-19"
"DE","80+",2022-02-12,2022-02-09,"-3 day ahead inc hosp","quantile",0.5,2855,"COVID-19"
"DE","80+",2022-02-12,2022-02-09,"-3 day ahead inc hosp","quantile",0.75,3011,"COVID-19"
"DE","80+",2022-02-12,2022-02-09,"-3 day ahead inc hosp","quantile",0.9,3166,"COVID-19"
"DE","80+",2022-02-12,2022-02-09,"-3 day ahead inc hosp","quantile",0.975,3357,"COVID-19"
"DE","80+",2022-02-12,2022-02-08,"-4 day ahead inc hosp","mean",NA,2742,"COVID-19"
"DE","80+",2022-02-12,2022-02-08,"-4 day ahead inc hosp","quantile",0.025,2439,"COVID-19"
"DE","80+",2022-02-12,2022-02-08,"-4 day ahead inc hosp","quantile",0.1,2527,"COVID-19"
"DE","80+",2022-02-12,2022-02-08,"-4 day ahead inc hosp","quantile",0.25,2617,"COVID-19"
"DE","80+",2022-02-12,2022-02-08,"-4 day ahead inc hosp","quantile",0.5,2728,"COVID-19"
"DE","80+",2022-02-12,2022-02-08,"-4 day ahead inc hosp","quantile",0.75,2852,"COVID-19"
"DE","80+",2022-02-12,2022-02-08,"-4 day ahead inc hosp","quantile",0.9,2975,"COVID-19"
"DE","80+",2022-02-12,2022-02-08,"-4 day ahead inc hosp","quantile",0.975,3127,"COVID-19"
"DE","80+",2022-02-12,2022-02-07,"-5 day ahead inc hosp","mean",NA,2531,"COVID-19"
"DE","80+",2022-02-12,2022-02-07,"-5 day ahead inc hosp","quantile",0.025,2294,"COVID-19"
"DE","80+",2022-02-12,2022-02-07,"-5 day ahead inc hosp","quantile",0.1,2363,"COVID-19"
"DE","80+",2022-02-12,2022-02-07,"-5 day ahead inc hosp","quantile",0.25,2433,"COVID-19"
"DE","80+",2022-02-12,2022-02-07,"-5 day ahead inc hosp","quantile",0.5,2519,"COVID-19"
"DE","80+",2022-02-12,2022-02-07,"-5 day ahead inc hosp","quantile",0.75,2616,"COVID-19"
"DE","80+",2022-02-12,2022-02-07,"-5 day ahead inc hosp","quantile",0.9,2712,"COVID-19"
"DE","80+",2022-02-12,2022-02-07,"-5 day ahead inc hosp","quantile",0.975,2830,"COVID-19"
"DE","80+",2022-02-12,2022-02-06,"-6 day ahead inc hosp","mean",NA,2465,"COVID-19"
"DE","80+",2022-02-12,2022-02-06,"-6 day ahead inc hosp","quantile",0.025,2242,"COVID-19"
"DE","80+",2022-02-12,2022-02-06,"-6 day ahead inc hosp","quantile",0.1,2307,"COVID-19"
"DE","80+",2022-02-12,2022-02-06,"-6 day ahead inc hosp","quantile",0.25,2372,"COVID-19"
"DE","80+",2022-02-12,2022-02-06,"-6 day ahead inc hosp","quantile",0.5,2454,"COVID-19"
"DE","80+",2022-02-12,2022-02-06,"-6 day ahead inc hosp","quantile",0.75,2547,"COVID-19"
"DE","80+",2022-02-12,2022-02-06,"-6 day ahead inc hosp","quantile",0.9,2638,"COVID-19"
"DE","80+",2022-02-12,2022-02-06,"-6 day ahead inc hosp","quantile",0.975,2751,"COVID-19"
"DE","80+",2022-02-12,2022-02-05,"-7 day ahead inc hosp","mean",NA,2390,"COVID-19"
"DE","80+",2022-02-12,2022-02-05,"-7 day ahead inc hosp","quantile",0.025,2178,"COVID-19"
"DE","80+",2022-02-12,2022-02-05,"-7 day ahead inc hosp","quantile",0.1,2239,"COVID-19"
"DE","80+",2022-02-12,2022-02-05,"-7 day ahead inc hosp","quantile",0.25,2301,"COVID-19"
"DE","80+",2022-02-12,2022-02-05,"-7 day ahead inc hosp","quantile",0.5,2379,"COVID-19"
"DE","80+",2022-02-12,2022-02-05,"-7 day ahead inc hosp","quantile",0.75,2467,"COVID-19"
"DE","80+",2022-02-12,2022-02-05,"-7 day ahead inc hosp","quantile",0.9,2555,"COVID-19"
"DE","80+",2022-02-12,2022-02-05,"-7 day ahead inc hosp","quantile",0.975,2664,"COVID-19"
"DE","80+",2022-02-12,2022-02-04,"-8 day ahead inc hosp","mean",NA,2300,"COVID-19"
"DE","80+",2022-02-12,2022-02-04,"-8 day ahead inc hosp","quantile",0.025,2111,"COVID-19"
"DE","80+",2022-02-12,2022-02-04,"-8 day ahead inc hosp","quantile",0.1,2165,"COVID-19"
"DE","80+",2022-02-12,2022-02-04,"-8 day ahead inc hosp","quantile",0.25,2220,"COVID-19"
"DE","80+",2022-02-12,2022-02-04,"-8 day ahead inc hosp","quantile",0.5,2290,"COVID-19"
"DE","80+",2022-02-12,2022-02-04,"-8 day ahead inc hosp","quantile",0.75,2369,"COVID-19"
"DE","80+",2022-02-12,2022-02-04,"-8 day ahead inc hosp","quantile",0.9,2449,"COVID-19"
"DE","80+",2022-02-12,2022-02-04,"-8 day ahead inc hosp","quantile",0.975,2548,"COVID-19"
"DE","80+",2022-02-12,2022-02-03,"-9 day ahead inc hosp","mean",NA,2087,"COVID-19"
"DE","80+",2022-02-12,2022-02-03,"-9 day ahead inc hosp","quantile",0.025,1929,"COVID-19"
"DE","80+",2022-02-12,2022-02-03,"-9 day ahead inc hosp","quantile",0.1,1973,"COVID-19"
"DE","80+",2022-02-12,2022-02-03,"-9 day ahead inc hosp","quantile",0.25,2019,"COVID-19"
"DE","80+",2022-02-12,2022-02-03,"-9 day ahead inc hosp","quantile",0.5,2077,"COVID-19"
"DE","80+",2022-02-12,2022-02-03,"-9 day ahead inc hosp","quantile",0.75,2144,"COVID-19"
"DE","80+",2022-02-12,2022-02-03,"-9 day ahead inc hosp","quantile",0.9,2212,"COVID-19"
"DE","80+",2022-02-12,2022-02-03,"-9 day ahead inc hosp","quantile",0.975,2297,"COVID-19"
"DE","80+",2022-02-12,2022-02-02,"-10 day ahead inc hosp","mean",NA,1992,"COVID-19"
"DE","80+",2022-02-12,2022-02-02,"-10 day ahead inc hosp","quantile",0.025,1855,"COVID-19"
"DE","80+",2022-02-12,2022-02-02,"-10 day ahead inc hosp","quantile",0.1,1893,"COVID-19"
"DE","80+",2022-02-12,2022-02-02,"-10 day ahead inc hosp","quantile",0.25,1932,"COVID-19"
"DE","80+",2022-02-12,2022-02-02,"-10 day ahead inc hosp","quantile",0.5,1984,"COVID-19"
"DE","80+",2022-02-12,2022-02-02,"-10 day ahead inc hosp","quantile",0.75,2042,"COVID-19"
"DE","80+",2022-02-12,2022-02-02,"-10 day ahead inc hosp","quantile",0.9,2102,"COVID-19"
"DE","80+",2022-02-12,2022-02-02,"-10 day ahead inc hosp","quantile",0.975,2177,"COVID-19"
"DE","80+",2022-02-12,2022-02-01,"-11 day ahead inc hosp","mean",NA,1868,"COVID-19"
"DE","80+",2022-02-12,2022-02-01,"-11 day ahead inc hosp","quantile",0.025,1753,"COVID-19"
"DE","80+",2022-02-12,2022-02-01,"-11 day ahead inc hosp","quantile",0.1,1785,"COVID-19"
"DE","80+",2022-02-12,2022-02-01,"-11 day ahead inc hosp","quantile",0.25,1818,"COVID-19"
"DE","80+",2022-02-12,2022-02-01,"-11 day ahead inc hosp","quantile",0.5,1861,"COVID-19"
"DE","80+",2022-02-12,2022-02-01,"-11 day ahead inc hosp","quantile",0.75,1911,"COVID-19"
"DE","80+",2022-02-12,2022-02-01,"-11 day ahead inc hosp","quantile",0.9,1961,"COVID-19"
"DE","80+",2022-02-12,2022-02-01,"-11 day ahead inc hosp","quantile",0.975,2025,"COVID-19"
"DE","80+",2022-02-12,2022-01-31,"-12 day ahead inc hosp","mean",NA,1847,"COVID-19"
"DE","80+",2022-02-12,2022-01-31,"-12 day ahead inc hosp","quantile",0.025,1747,"COVID-19"
"DE","80+",2022-02-12,2022-01-31,"-12 day ahead inc hosp","quantile",0.1,1775,"COVID-19"
"DE","80+",2022-02-12,2022-01-31,"-12 day ahead inc hosp","quantile",0.25,1803,"COVID-19"
"DE","80+",2022-02-12,2022-01-31,"-12 day ahead inc hosp","quantile",0.5,1841,"COVID-19"
"DE","80+",2022-02-12,2022-01-31,"-12 day ahead inc hosp","quantile",0.75,1884,"COVID-19"
"DE","80+",2022-02-12,2022-01-31,"-12 day ahead inc hosp","quantile",0.9,1929,"COVID-19"
"DE","80+",2022-02-12,2022-01-31,"-12 day ahead inc hosp","quantile",0.975,1985,"COVID-19"
"DE","80+",2022-02-12,2022-01-30,"-13 day ahead inc hosp","mean",NA,1843,"COVID-19"
"DE","80+",2022-02-12,2022-01-30,"-13 day ahead inc hosp","quantile",0.025,1747,"COVID-19"
"DE","80+",2022-02-12,2022-01-30,"-13 day ahead inc hosp","quantile",0.1,1773,"COVID-19"
"DE","80+",2022-02-12,2022-01-30,"-13 day ahead inc hosp","quantile",0.25,1801,"COVID-19"
"DE","80+",2022-02-12,2022-01-30,"-13 day ahead inc hosp","quantile",0.5,1837,"COVID-19"
"DE","80+",2022-02-12,2022-01-30,"-13 day ahead inc hosp","quantile",0.75,1879,"COVID-19"
"DE","80+",2022-02-12,2022-01-30,"-13 day ahead inc hosp","quantile",0.9,1921,"COVID-19"
"DE","80+",2022-02-12,2022-01-30,"-13 day ahead inc hosp","quantile",0.975,1975,"COVID-19"
"DE","80+",2022-02-12,2022-01-29,"-14 day ahead inc hosp","mean",NA,1806,"COVID-19"
"DE","80+",2022-02-12,2022-01-29,"-14 day ahead inc hosp","quantile",0.025,1716,"COVID-19"
"DE","80+",2022-02-12,2022-01-29,"-14 day ahead inc hosp","quantile",0.1,1740,"COVID-19"
"DE","80+",2022-02-12,2022-01-29,"-14 day ahead inc hosp","quantile",0.25,1766,"COVID-19"
"DE","80+",2022-02-12,2022-01-29,"-14 day ahead inc hosp","quantile",0.5,1800,"COVID-19"
"DE","80+",2022-02-12,2022-01-29,"-14 day ahead inc hosp","quantile",0.75,1839,"COVID-19"
"DE","80+",2022-02-12,2022-01-29,"-14 day ahead inc hosp","quantile",0.9,1879,"COVID-19"
"DE","80+",2022-02-12,2022-01-29,"-14 day ahead inc hosp","quantile",0.975,1930,"COVID-19"
"DE","80+",2022-02-12,2022-01-28,"-15 day ahead inc hosp","mean",NA,1726,"COVID-19"
"DE","80+",2022-02-12,2022-01-28,"-15 day ahead inc hosp","quantile",0.025,1646,"COVID-19"
"DE","80+",2022-02-12,2022-01-28,"-15 day ahead inc hosp","quantile",0.1,1667,"COVID-19"
"DE","80+",2022-02-12,2022-01-28,"-15 day ahead inc hosp","quantile",0.25,1690,"COVID-19"
"DE","80+",2022-02-12,2022-01-28,"-15 day ahead inc hosp","quantile",0.5,1720,"COVID-19"
"DE","80+",2022-02-12,2022-01-28,"-15 day ahead inc hosp","quantile",0.75,1755,"COVID-19"
"DE","80+",2022-02-12,2022-01-28,"-15 day ahead inc hosp","quantile",0.9,1792,"COVID-19"
"DE","80+",2022-02-12,2022-01-28,"-15 day ahead inc hosp","quantile",0.975,1837,"COVID-19"
"DE","80+",2022-02-12,2022-01-27,"-16 day ahead inc hosp","mean",NA,1663,"COVID-19"
"DE","80+",2022-02-12,2022-01-27,"-16 day ahead inc hosp","quantile",0.025,1591,"COVID-19"
"DE","80+",2022-02-12,2022-01-27,"-16 day ahead inc hosp","quantile",0.1,1610,"COVID-19"
"DE","80+",2022-02-12,2022-01-27,"-16 day ahead inc hosp","quantile",0.25,1630,"COVID-19"
"DE","80+",2022-02-12,2022-01-27,"-16 day ahead inc hosp","quantile",0.5,1658,"COVID-19"
"DE","80+",2022-02-12,2022-01-27,"-16 day ahead inc hosp","quantile",0.75,1690,"COVID-19"
"DE","80+",2022-02-12,2022-01-27,"-16 day ahead inc hosp","quantile",0.9,1723,"COVID-19"
"DE","80+",2022-02-12,2022-01-27,"-16 day ahead inc hosp","quantile",0.975,1765,"COVID-19"
"DE","80+",2022-02-12,2022-01-26,"-17 day ahead inc hosp","mean",NA,1586,"COVID-19"
"DE","80+",2022-02-12,2022-01-26,"-17 day ahead inc hosp","quantile",0.025,1522,"COVID-19"
"DE","80+",2022-02-12,2022-01-26,"-17 day ahead inc hosp","quantile",0.1,1539,"COVID-19"
"DE","80+",2022-02-12,2022-01-26,"-17 day ahead inc hosp","quantile",0.25,1557,"COVID-19"
"DE","80+",2022-02-12,2022-01-26,"-17 day ahead inc hosp","quantile",0.5,1582,"COVID-19"
"DE","80+",2022-02-12,2022-01-26,"-17 day ahead inc hosp","quantile",0.75,1610,"COVID-19"
"DE","80+",2022-02-12,2022-01-26,"-17 day ahead inc hosp","quantile",0.9,1640,"COVID-19"
"DE","80+",2022-02-12,2022-01-26,"-17 day ahead inc hosp","quantile",0.975,1678,"COVID-19"
"DE","80+",2022-02-12,2022-01-25,"-18 day ahead inc hosp","mean",NA,1508,"COVID-19"
"DE","80+",2022-02-12,2022-01-25,"-18 day ahead inc hosp","quantile",0.025,1452,"COVID-19"
"DE","80+",2022-02-12,2022-01-25,"-18 day ahead inc hosp","quantile",0.1,1466,"COVID-19"
"DE","80+",2022-02-12,2022-01-25,"-18 day ahead inc hosp","quantile",0.25,1482,"COVID-19"
"DE","80+",2022-02-12,2022-01-25,"-18 day ahead inc hosp","quantile",0.5,1504,"COVID-19"
"DE","80+",2022-02-12,2022-01-25,"-18 day ahead inc hosp","quantile",0.75,1529,"COVID-19"
"DE","80+",2022-02-12,2022-01-25,"-18 day ahead inc hosp","quantile",0.9,1555,"COVID-19"
"DE","80+",2022-02-12,2022-01-25,"-18 day ahead inc hosp","quantile",0.975,1588,"COVID-19"
"DE","80+",2022-02-12,2022-01-24,"-19 day ahead inc hosp","mean",NA,1425,"COVID-19"
"DE","80+",2022-02-12,2022-01-24,"-19 day ahead inc hosp","quantile",0.025,1377,"COVID-19"
"DE","80+",2022-02-12,2022-01-24,"-19 day ahead inc hosp","quantile",0.1,1389,"COVID-19"
"DE","80+",2022-02-12,2022-01-24,"-19 day ahead inc hosp","quantile",0.25,1403,"COVID-19"
"DE","80+",2022-02-12,2022-01-24,"-19 day ahead inc hosp","quantile",0.5,1421,"COVID-19"
"DE","80+",2022-02-12,2022-01-24,"-19 day ahead inc hosp","quantile",0.75,1443,"COVID-19"
"DE","80+",2022-02-12,2022-01-24,"-19 day ahead inc hosp","quantile",0.9,1465,"COVID-19"
"DE","80+",2022-02-12,2022-01-24,"-19 day ahead inc hosp","quantile",0.975,1494,"COVID-19"
"DE","80+",2022-02-12,2022-01-23,"-20 day ahead inc hosp","mean",NA,1366,"COVID-19"
"DE","80+",2022-02-12,2022-01-23,"-20 day ahead inc hosp","quantile",0.025,1321,"COVID-19"
"DE","80+",2022-02-12,2022-01-23,"-20 day ahead inc hosp","quantile",0.1,1332,"COVID-19"
"DE","80+",2022-02-12,2022-01-23,"-20 day ahead inc hosp","quantile",0.25,1345,"COVID-19"
"DE","80+",2022-02-12,2022-01-23,"-20 day ahead inc hosp","quantile",0.5,1362,"COVID-19"
"DE","80+",2022-02-12,2022-01-23,"-20 day ahead inc hosp","quantile",0.75,1383,"COVID-19"
"DE","80+",2022-02-12,2022-01-23,"-20 day ahead inc hosp","quantile",0.9,1405,"COVID-19"
"DE","80+",2022-02-12,2022-01-23,"-20 day ahead inc hosp","quantile",0.975,1433,"COVID-19"
"DE","80+",2022-02-12,2022-01-22,"-21 day ahead inc hosp","mean",NA,1329,"COVID-19"
"DE","80+",2022-02-12,2022-01-22,"-21 day ahead inc hosp","quantile",0.025,1285,"COVID-19"
"DE","80+",2022-02-12,2022-01-22,"-21 day ahead inc hosp","quantile",0.1,1296,"COVID-19"
"DE","80+",2022-02-12,2022-01-22,"-21 day ahead inc hosp","quantile",0.25,1308,"COVID-19"
"DE","80+",2022-02-12,2022-01-22,"-21 day ahead inc hosp","quantile",0.5,1325,"COVID-19"
"DE","80+",2022-02-12,2022-01-22,"-21 day ahead inc hosp","quantile",0.75,1345,"COVID-19"
"DE","80+",2022-02-12,2022-01-22,"-21 day ahead inc hosp","quantile",0.9,1366,"COVID-19"
"DE","80+",2022-02-12,2022-01-22,"-21 day ahead inc hosp","quantile",0.975,1394,"COVID-19"
"DE","80+",2022-02-12,2022-01-21,"-22 day ahead inc hosp","mean",NA,1276,"COVID-19"
"DE","80+",2022-02-12,2022-01-21,"-22 day ahead inc hosp","quantile",0.025,1236,"COVID-19"
"DE","80+",2022-02-12,2022-01-21,"-22 day ahead inc hosp","quantile",0.1,1246,"COVID-19"
"DE","80+",2022-02-12,2022-01-21,"-22 day ahead inc hosp","quantile",0.25,1257,"COVID-19"
"DE","80+",2022-02-12,2022-01-21,"-22 day ahead inc hosp","quantile",0.5,1273,"COVID-19"
"DE","80+",2022-02-12,2022-01-21,"-22 day ahead inc hosp","quantile",0.75,1291,"COVID-19"
"DE","80+",2022-02-12,2022-01-21,"-22 day ahead inc hosp","quantile",0.9,1312,"COVID-19"
"DE","80+",2022-02-12,2022-01-21,"-22 day ahead inc hosp","quantile",0.975,1338,"COVID-19"
"DE","80+",2022-02-12,2022-01-20,"-23 day ahead inc hosp","mean",NA,1234,"COVID-19"
"DE","80+",2022-02-12,2022-01-20,"-23 day ahead inc hosp","quantile",0.025,1198,"COVID-19"
"DE","80+",2022-02-12,2022-01-20,"-23 day ahead inc hosp","quantile",0.1,1206,"COVID-19"
"DE","80+",2022-02-12,2022-01-20,"-23 day ahead inc hosp","quantile",0.25,1216,"COVID-19"
"DE","80+",2022-02-12,2022-01-20,"-23 day ahead inc hosp","quantile",0.5,1230,"COVID-19"
"DE","80+",2022-02-12,2022-01-20,"-23 day ahead inc hosp","quantile",0.75,1248,"COVID-19"
"DE","80+",2022-02-12,2022-01-20,"-23 day ahead inc hosp","quantile",0.9,1267,"COVID-19"
"DE","80+",2022-02-12,2022-01-20,"-23 day ahead inc hosp","quantile",0.975,1291,"COVID-19"
"DE","80+",2022-02-12,2022-01-19,"-24 day ahead inc hosp","mean",NA,1173,"COVID-19"
"DE","80+",2022-02-12,2022-01-19,"-24 day ahead inc hosp","quantile",0.025,1141,"COVID-19"
"DE","80+",2022-02-12,2022-01-19,"-24 day ahead inc hosp","quantile",0.1,1148,"COVID-19"
"DE","80+",2022-02-12,2022-01-19,"-24 day ahead inc hosp","quantile",0.25,1157,"COVID-19"
"DE","80+",2022-02-12,2022-01-19,"-24 day ahead inc hosp","quantile",0.5,1170,"COVID-19"
"DE","80+",2022-02-12,2022-01-19,"-24 day ahead inc hosp","quantile",0.75,1186,"COVID-19"
"DE","80+",2022-02-12,2022-01-19,"-24 day ahead inc hosp","quantile",0.9,1203,"COVID-19"
"DE","80+",2022-02-12,2022-01-19,"-24 day ahead inc hosp","quantile",0.975,1225,"COVID-19"
"DE","80+",2022-02-12,2022-01-18,"-25 day ahead inc hosp","mean",NA,1118,"COVID-19"
"DE","80+",2022-02-12,2022-01-18,"-25 day ahead inc hosp","quantile",0.025,1089,"COVID-19"
"DE","80+",2022-02-12,2022-01-18,"-25 day ahead inc hosp","quantile",0.1,1096,"COVID-19"
"DE","80+",2022-02-12,2022-01-18,"-25 day ahead inc hosp","quantile",0.25,1104,"COVID-19"
"DE","80+",2022-02-12,2022-01-18,"-25 day ahead inc hosp","quantile",0.5,1115,"COVID-19"
"DE","80+",2022-02-12,2022-01-18,"-25 day ahead inc hosp","quantile",0.75,1129,"COVID-19"
"DE","80+",2022-02-12,2022-01-18,"-25 day ahead inc hosp","quantile",0.9,1145,"COVID-19"
"DE","80+",2022-02-12,2022-01-18,"-25 day ahead inc hosp","quantile",0.975,1165,"COVID-19"
"DE","80+",2022-02-12,2022-01-17,"-26 day ahead inc hosp","mean",NA,1055,"COVID-19"
"DE","80+",2022-02-12,2022-01-17,"-26 day ahead inc hosp","quantile",0.025,1030,"COVID-19"
"DE","80+",2022-02-12,2022-01-17,"-26 day ahead inc hosp","quantile",0.1,1036,"COVID-19"
"DE","80+",2022-02-12,2022-01-17,"-26 day ahead inc hosp","quantile",0.25,1042,"COVID-19"
"DE","80+",2022-02-12,2022-01-17,"-26 day ahead inc hosp","quantile",0.5,1052,"COVID-19"
"DE","80+",2022-02-12,2022-01-17,"-26 day ahead inc hosp","quantile",0.75,1065,"COVID-19"
"DE","80+",2022-02-12,2022-01-17,"-26 day ahead inc hosp","quantile",0.9,1079,"COVID-19"
"DE","80+",2022-02-12,2022-01-17,"-26 day ahead inc hosp","quantile",0.975,1097,"COVID-19"
"DE","80+",2022-02-12,2022-01-16,"-27 day ahead inc hosp","mean",NA,1038,"COVID-19"
"DE","80+",2022-02-12,2022-01-16,"-27 day ahead inc hosp","quantile",0.025,1014,"COVID-19"
"DE","80+",2022-02-12,2022-01-16,"-27 day ahead inc hosp","quantile",0.1,1019,"COVID-19"
"DE","80+",2022-02-12,2022-01-16,"-27 day ahead inc hosp","quantile",0.25,1025,"COVID-19"
"DE","80+",2022-02-12,2022-01-16,"-27 day ahead inc hosp","quantile",0.5,1035,"COVID-19"
"DE","80+",2022-02-12,2022-01-16,"-27 day ahead inc hosp","quantile",0.75,1047,"COVID-19"
"DE","80+",2022-02-12,2022-01-16,"-27 day ahead inc hosp","quantile",0.9,1060,"COVID-19"
"DE","80+",2022-02-12,2022-01-16,"-27 day ahead inc hosp","quantile",0.975,1077,"COVID-19"
"DE","80+",2022-02-12,2022-01-15,"-28 day ahead inc hosp","mean",NA,1025,"COVID-19"
"DE","80+",2022-02-12,2022-01-15,"-28 day ahead inc hosp","quantile",0.025,1002,"COVID-19"
"DE","80+",2022-02-12,2022-01-15,"-28 day ahead inc hosp","quantile",0.1,1007,"COVID-19"
"DE","80+",2022-02-12,2022-01-15,"-28 day ahead inc hosp","quantile",0.25,1013,"COVID-19"
"DE","80+",2022-02-12,2022-01-15,"-28 day ahead inc hosp","quantile",0.5,1022,"COVID-19"
"DE","80+",2022-02-12,2022-01-15,"-28 day ahead inc hosp","quantile",0.75,1033,"COVID-19"
"DE","80+",2022-02-12,2022-01-15,"-28 day ahead inc hosp","quantile",0.9,1045,"COVID-19"
"DE","80+",2022-02-12,2022-01-15,"-28 day ahead inc hosp","quantile",0.975,1062,"COVID-19"
"DE-BB","00+",2022-02-12,2022-02-12,"0 day ahead inc hosp","mean",NA,286,"COVID-19"
"DE-BB","00+",2022-02-12,2022-02-12,"0 day ahead inc hosp","quantile",0.025,181,"COVID-19"
"DE-BB","00+",2022-02-12,2022-02-12,"0 day ahead inc hosp","quantile",0.1,204,"COVID-19"
"DE-BB","00+",2022-02-12,2022-02-12,"0 day ahead inc hosp","quantile",0.25,233,"COVID-19"
"DE-BB","00+",2022-02-12,2022-02-12,"0 day ahead inc hosp","quantile",0.5,274,"COVID-19"
"DE-BB","00+",2022-02-12,2022-02-12,"0 day ahead inc hosp","quantile",0.75,327,"COVID-19"
"DE-BB","00+",2022-02-12,2022-02-12,"0 day ahead inc hosp","quantile",0.9,384,"COVID-19"
"DE-BB","00+",2022-02-12,2022-02-12,"0 day ahead inc hosp","quantile",0.975,460,"COVID-19"
"DE-BB","00+",2022-02-12,2022-02-11,"-1 day ahead inc hosp","mean",NA,263,"COVID-19"
"DE-BB","00+",2022-02-12,2022-02-11,"-1 day ahead inc hosp","quantile",0.025,174,"COVID-19"
"DE-BB","00+",2022-02-12,2022-02-11,"-1 day ahead inc hosp","quantile",0.1,193,"COVID-19"
"DE-BB","00+",2022-02-12,2022-02-11,"-1 day ahead inc hosp","quantile",0.25,217,"COVID-19"
"DE-BB","00+",2022-02-12,2022-02-11,"-1 day ahead inc hosp","quantile",0.5,253,"COVID-19"
"DE-BB","00+",2022-02-12,2022-02-11,"-1 day ahead inc hosp","quantile",0.75,297,"COVID-19"
"DE-BB","00+",2022-02-12,2022-02-11,"-1 day ahead inc hosp","quantile",0.9,346,"COVID-19"
"DE-BB","00+",2022-02-12,2022-02-11,"-1 day ahead inc hosp","quantile",0.975,412,"COVID-19"
"DE-BB","00+",2022-02-12,2022-02-10,"-2 day ahead inc hosp","mean",NA,269,"COVID-19"
"DE-BB","00+",2022-02-12,2022-02-10,"-2 day ahead inc hosp","quantile",0.025,186,"COVID-19"
"DE-BB","00+",2022-02-12,2022-02-10,"-2 day ahead inc hosp","quantile",0.1,204,"COVID-19"
"DE-BB","00+",2022-02-12,2022-02-10,"-2 day ahead inc hosp","quantile",0.25,226,"COVID-19"
"DE-BB","00+",2022-02-12,2022-02-10,"-2 day ahead inc hosp","quantile",0.5,258,"COVID-19"
"DE-BB","00+",2022-02-12,2022-02-10,"-2 day ahead inc hosp","quantile",0.75,300,"COVID-19"
"DE-BB","00+",2022-02-12,2022-02-10,"-2 day ahead inc hosp","quantile",0.9,347,"COVID-19"
"DE-BB","00+",2022-02-12,2022-02-10,"-2 day ahead inc hosp","quantile",0.975,409,"COVID-19"
"DE-BB","00+",2022-02-12,2022-02-09,"-3 day ahead inc hosp","mean",NA,266,"COVID-19"
"DE-BB","00+",2022-02-12,2022-02-09,"-3 day ahead inc hosp","quantile",0.025,191,"COVID-19"
"DE-BB","00+",2022-02-12,2022-02-09,"-3 day ahead inc hosp","quantile",0.1,207,"COVID-19"
"DE-BB","00+",2022-02-12,2022-02-09,"-3 day ahead inc hosp","quantile",0.25,227,"COVID-19"
"DE-BB","00+",2022-02-12,2022-02-09,"-3 day ahead inc hosp","quantile",0.5,257,"COVID-19"
"DE-BB","00+",2022-02-12,2022-02-09,"-3 day ahead inc hosp","quantile",0.75,295,"COVID-19"
"DE-BB","00+",2022-02-12,2022-02-09,"-3 day ahead inc hosp","quantile",0.9,339,"COVID-19"
"DE-BB","00+",2022-02-12,2022-02-09,"-3 day ahead inc hosp","quantile",0.975,397,"COVID-19"
"DE-BB","00+",2022-02-12,2022-02-08,"-4 day ahead inc hosp","mean",NA,247,"COVID-19"
"DE-BB","00+",2022-02-12,2022-02-08,"-4 day ahead inc hosp","quantile",0.025,189,"COVID-19"
"DE-BB","00+",2022-02-12,2022-02-08,"-4 day ahead inc hosp","quantile",0.1,201,"COVID-19"
"DE-BB","00+",2022-02-12,2022-02-08,"-4 day ahead inc hosp","quantile",0.25,217,"COVID-19"
"DE-BB","00+",2022-02-12,2022-02-08,"-4 day ahead inc hosp","quantile",0.5,239,"COVID-19"
"DE-BB","00+",2022-02-12,2022-02-08,"-4 day ahead inc hosp","quantile",0.75,269,"COVID-19"
"DE-BB","00+",2022-02-12,2022-02-08,"-4 day ahead inc hosp","quantile",0.9,303,"COVID-19"
"DE-BB","00+",2022-02-12,2022-02-08,"-4 day ahead inc hosp","quantile",0.975,348,"COVID-19"
"DE-BB","00+",2022-02-12,2022-02-07,"-5 day ahead inc hosp","mean",NA,222,"COVID-19"
"DE-BB","00+",2022-02-12,2022-02-07,"-5 day ahead inc hosp","quantile",0.025,179,"COVID-19"
"DE-BB","00+",2022-02-12,2022-02-07,"-5 day ahead inc hosp","quantile",0.1,188,"COVID-19"
"DE-BB","00+",2022-02-12,2022-02-07,"-5 day ahead inc hosp","quantile",0.25,199,"COVID-19"
"DE-BB","00+",2022-02-12,2022-02-07,"-5 day ahead inc hosp","quantile",0.5,216,"COVID-19"
"DE-BB","00+",2022-02-12,2022-02-07,"-5 day ahead inc hosp","quantile",0.75,238,"COVID-19"
"DE-BB","00+",2022-02-12,2022-02-07,"-5 day ahead inc hosp","quantile",0.9,263,"COVID-19"
"DE-BB","00+",2022-02-12,2022-02-07,"-5 day ahead inc hosp","quantile",0.975,297,"COVID-19"
"DE-BB","00+",2022-02-12,2022-02-06,"-6 day ahead inc hosp","mean",NA,207,"COVID-19"
"DE-BB","00+",2022-02-12,2022-02-06,"-6 day ahead inc hosp","quantile",0.025,169,"COVID-19"
"DE-BB","00+",2022-02-12,2022-02-06,"-6 day ahead inc hosp","quantile",0.1,177,"COVID-19"
"DE-BB","00+",2022-02-12,2022-02-06,"-6 day ahead inc hosp","quantile",0.25,187,"COVID-19"
"DE-BB","00+",2022-02-12,2022-02-06,"-6 day ahead inc hosp","quantile",0.5,201,"COVID-19"
"DE-BB","00+",2022-02-12,2022-02-06,"-6 day ahead inc hosp","quantile",0.75,221,"COVID-19"
"DE-BB","00+",2022-02-12,2022-02-06,"-6 day ahead inc hosp","quantile",0.9,243,"COVID-19"
"DE-BB","00+",2022-02-12,2022-02-06,"-6 day ahead inc hosp","quantile",0.975,273,"COVID-19"
"DE-BB","00+",2022-02-12,2022-02-05,"-7 day ahead inc hosp","mean",NA,211,"COVID-19"
"DE-BB","00+",2022-02-12,2022-02-05,"-7 day ahead inc hosp","quantile",0.025,175,"COVID-19"
"DE-BB","00+",2022-02-12,2022-02-05,"-7 day ahead inc hosp","quantile",0.1,182,"COVID-19"
"DE-BB","00+",2022-02-12,2022-02-05,"-7 day ahead inc hosp","quantile",0.25,191,"COVID-19"
"DE-BB","00+",2022-02-12,2022-02-05,"-7 day ahead inc hosp","quantile",0.5,206,"COVID-19"
"DE-BB","00+",2022-02-12,2022-02-05,"-7 day ahead inc hosp","quantile",0.75,226,"COVID-19"
"DE-BB","00+",2022-02-12,2022-02-05,"-7 day ahead inc hosp","quantile",0.9,248,"COVID-19"
"DE-BB","00+",2022-02-12,2022-02-05,"-7 day ahead inc hosp","quantile",0.975,278,"COVID-19"
"DE-BB","00+",2022-02-12,2022-02-04,"-8 day ahead inc hosp","mean",NA,214,"COVID-19"
"DE-BB","00+",2022-02-12,2022-02-04,"-8 day ahead inc hosp","quantile",0.025,179,"COVID-19"
"DE-BB","00+",2022-02-12,2022-02-04,"-8 day ahead inc hosp","quantile",0.1,186,"COVID-19"
"DE-BB","00+",2022-02-12,2022-02-04,"-8 day ahead inc hosp","quantile",0.25,195,"COVID-19"
"DE-BB","00+",2022-02-12,2022-02-04,"-8 day ahead inc hosp","quantile",0.5,209,"COVID-19"
"DE-BB","00+",2022-02-12,2022-02-04,"-8 day ahead inc hosp","quantile",0.75,228,"COVID-19"
"DE-BB","00+",2022-02-12,2022-02-04,"-8 day ahead inc hosp","quantile",0.9,249,"COVID-19"
"DE-BB","00+",2022-02-12,2022-02-04,"-8 day ahead inc hosp","quantile",0.975,278,"COVID-19"
"DE-BB","00+",2022-02-12,2022-02-03,"-9 day ahead inc hosp","mean",NA,205,"COVID-19"
"DE-BB","00+",2022-02-12,2022-02-03,"-9 day ahead inc hosp","quantile",0.025,176,"COVID-19"
"DE-BB","00+",2022-02-12,2022-02-03,"-9 day ahead inc hosp","quantile",0.1,181,"COVID-19"
"DE-BB","00+",2022-02-12,2022-02-03,"-9 day ahead inc hosp","quantile",0.25,189,"COVID-19"
"DE-BB","00+",2022-02-12,2022-02-03,"-9 day ahead inc hosp","quantile",0.5,200,"COVID-19"
"DE-BB","00+",2022-02-12,2022-02-03,"-9 day ahead inc hosp","quantile",0.75,216,"COVID-19"
"DE-BB","00+",2022-02-12,2022-02-03,"-9 day ahead inc hosp","quantile",0.9,234,"COVID-19"
"DE-BB","00+",2022-02-12,2022-02-03,"-9 day ahead inc hosp","quantile",0.975,259,"COVID-19"
"DE-BB","00+",2022-02-12,2022-02-02,"-10 day ahead inc hosp","mean",NA,199,"COVID-19"
"DE-BB","00+",2022-02-12,2022-02-02,"-10 day ahead inc hosp","quantile",0.025,174,"COVID-19"
"DE-BB","00+",2022-02-12,2022-02-02,"-10 day ahead inc hosp","quantile",0.1,179,"COVID-19"
"DE-BB","00+",2022-02-12,2022-02-02,"-10 day ahead inc hosp","quantile",0.25,185,"COVID-19"
"DE-BB","00+",2022-02-12,2022-02-02,"-10 day ahead inc hosp","quantile",0.5,195,"COVID-19"
"DE-BB","00+",2022-02-12,2022-02-02,"-10 day ahead inc hosp","quantile",0.75,209,"COVID-19"
"DE-BB","00+",2022-02-12,2022-02-02,"-10 day ahead inc hosp","quantile",0.9,225,"COVID-19"
"DE-BB","00+",2022-02-12,2022-02-02,"-10 day ahead inc hosp","quantile",0.975,247,"COVID-19"
"DE-BB","00+",2022-02-12,2022-02-01,"-11 day ahead inc hosp","mean",NA,189,"COVID-19"
"DE-BB","00+",2022-02-12,2022-02-01,"-11 day ahead inc hosp","quantile",0.025,170,"COVID-19"
"DE-BB","00+",2022-02-12,2022-02-01,"-11 day ahead inc hosp","quantile",0.1,173,"COVID-19"
"DE-BB","00+",2022-02-12,2022-02-01,"-11 day ahead inc hosp","quantile",0.25,178,"COVID-19"
"DE-BB","00+",2022-02-12,2022-02-01,"-11 day ahead inc hosp","quantile",0.5,186,"COVID-19"
"DE-BB","00+",2022-02-12,2022-02-01,"-11 day ahead inc hosp","quantile",0.75,197,"COVID-19"
"DE-BB","00+",2022-02-12,2022-02-01,"-11 day ahead inc hosp","quantile",0.9,209,"COVID-19"
"DE-BB","00+",2022-02-12,2022-02-01,"-11 day ahead inc hosp","quantile",0.975,226,"COVID-19"
"DE-BB","00+",2022-02-12,2022-01-31,"-12 day ahead inc hosp","mean",NA,185,"COVID-19"
"DE-BB","00+",2022-02-12,2022-01-31,"-12 day ahead inc hosp","quantile",0.025,169,"COVID-19"
"DE-BB","00+",2022-02-12,2022-01-31,"-12 day ahead inc hosp","quantile",0.1,172,"COVID-19"
"DE-BB","00+",2022-02-12,2022-01-31,"-12 day ahead inc hosp","quantile",0.25,176,"COVID-19"
"DE-BB","00+",2022-02-12,2022-01-31,"-12 day ahead inc hosp","quantile",0.5,182,"COVID-19"
"DE-BB","00+",2022-02-12,2022-01-31,"-12 day ahead inc hosp","quantile",0.75,191,"COVID-19"
"DE-BB","00+",2022-02-12,2022-01-31,"-12 day ahead inc hosp","quantile",0.9,201,"COVID-19"
"DE-BB","00+",2022-02-12,2022-01-31,"-12 day ahead inc hosp","quantile",0.975,216,"COVID-19"
"DE-BB","00+",2022-02-12,2022-01-30,"-13 day ahead inc hosp","mean",NA,185,"COVID-19"
"DE-BB","00+",2022-02-12,2022-01-30,"-13 day ahead inc hosp","quantile",0.025,170,"COVID-19"
"DE-BB","00+",2022-02-12,2022-01-30,"-13 day ahead inc hosp","quantile",0.1,172,"COVID-19"
"DE-BB","00+",2022-02-12,2022-01-30,"-13 day ahead inc hosp","quantile",0.25,176,"COVID-19"
"DE-BB","00+",2022-02-12,2022-01-30,"-13 day ahead inc hosp","quantile",0.5,183,"COVID-19"
"DE-BB","00+",2022-02-12,2022-01-30,"-13 day ahead inc hosp","quantile",0.75,191,"COVID-19"
"DE-BB","00+",2022-02-12,2022-01-30,"-13 day ahead inc hosp","quantile",0.9,201,"COVID-19"
"DE-BB","00+",2022-02-12,2022-01-30,"-13 day ahead inc hosp","quantile",0.975,215,"COVID-19"
"DE-BB","00+",2022-02-12,2022-01-29,"-14 day ahead inc hosp","mean",NA,185,"COVID-19"
"DE-BB","00+",2022-02-12,2022-01-29,"-14 day ahead inc hosp","quantile",0.025,170,"COVID-19"
"DE-BB","00+",2022-02-12,2022-01-29,"-14 day ahead inc hosp","quantile",0.1,173,"COVID-19"
"DE-BB","00+",2022-02-12,2022-01-29,"-14 day ahead inc hosp","quantile",0.25,177,"COVID-19"
"DE-BB","00+",2022-02-12,2022-01-29,"-14 day ahead inc hosp","quantile",0.5,182,"COVID-19"
"DE-BB","00+",2022-02-12,2022-01-29,"-14 day ahead inc hosp","quantile",0.75,191,"COVID-19"
"DE-BB","00+",2022-02-12,2022-01-29,"-14 day ahead inc hosp","quantile",0.9,200,"COVID-19"
"DE-BB","00+",2022-02-12,2022-01-29,"-14 day ahead inc hosp","quantile",0.975,214,"COVID-19"
"DE-BB","00+",2022-02-12,2022-01-28,"-15 day ahead inc hosp","mean",NA,190,"COVID-19"
"DE-BB","00+",2022-02-12,2022-01-28,"-15 day ahead inc hosp","quantile",0.025,176,"COVID-19"
"DE-BB","00+",2022-02-12,2022-01-28,"-15 day ahead inc hosp","quantile",0.1,178,"COVID-19"
"DE-BB","00+",2022-02-12,2022-01-28,"-15 day ahead inc hosp","quantile",0.25,182,"COVID-19"
"DE-BB","00+",2022-02-12,2022-01-28,"-15 day ahead inc hosp","quantile",0.5,187,"COVID-19"
"DE-BB","00+",2022-02-12,2022-01-28,"-15 day ahead inc hosp","quantile",0.75,195,"COVID-19"
"DE-BB","00+",2022-02-12,2022-01-28,"-15 day ahead inc hosp","quantile",0.9,204,"COVID-19"
"DE-BB","00+",2022-02-12,2022-01-28,"-15 day ahead inc hosp","quantile",0.975,217,"COVID-19"
"DE-BB","00+",2022-02-12,2022-01-27,"-16 day ahead inc hosp","mean",NA,185,"COVID-19"
"DE-BB","00+",2022-02-12,2022-01-27,"-16 day ahead inc hosp","quantile",0.025,173,"COVID-19"
"DE-BB","00+",2022-02-12,2022-01-27,"-16 day ahead inc hosp","quantile",0.1,175,"COVID-19"
"DE-BB","00+",2022-02-12,2022-01-27,"-16 day ahead inc hosp","quantile",0.25,178,"COVID-19"
"DE-BB","00+",2022-02-12,2022-01-27,"-16 day ahead inc hosp","quantile",0.5,182,"COVID-19"
"DE-BB","00+",2022-02-12,2022-01-27,"-16 day ahead inc hosp","quantile",0.75,189,"COVID-19"
"DE-BB","00+",2022-02-12,2022-01-27,"-16 day ahead inc hosp","quantile",0.9,198,"COVID-19"
"DE-BB","00+",2022-02-12,2022-01-27,"-16 day ahead inc hosp","quantile",0.975,209,"COVID-19"
"DE-BB","00+",2022-02-12,2022-01-26,"-17 day ahead inc hosp","mean",NA,194,"COVID-19"
"DE-BB","00+",2022-02-12,2022-01-26,"-17 day ahead inc hosp","quantile",0.025,183,"COVID-19"
"DE-BB","00+",2022-02-12,2022-01-26,"-17 day ahead inc hosp","quantile",0.1,184,"COVID-19"
"DE-BB","00+",2022-02-12,2022-01-26,"-17 day ahead inc hosp","quantile",0.25,187,"COVID-19"
"DE-BB","00+",2022-02-12,2022-01-26,"-17 day ahead inc hosp","quantile",0.5,192,"COVID-19"
"DE-BB","00+",2022-02-12,2022-01-26,"-17 day ahead inc hosp","quantile",0.75,198,"COVID-19"
"DE-BB","00+",2022-02-12,2022-01-26,"-17 day ahead inc hosp","quantile",0.9,206,"COVID-19"
"DE-BB","00+",2022-02-12,2022-01-26,"-17 day ahead inc hosp","quantile",0.975,218,"COVID-19"
"DE-BB","00+",2022-02-12,2022-01-25,"-18 day ahead inc hosp","mean",NA,172,"COVID-19"
"DE-BB","00+",2022-02-12,2022-01-25,"-18 day ahead inc hosp","quantile",0.025,163,"COVID-19"
"DE-BB","00+",2022-02-12,2022-01-25,"-18 day ahead inc hosp","quantile",0.1,164,"COVID-19"
"DE-BB","00+",2022-02-12,2022-01-25,"-18 day ahead inc hosp","quantile",0.25,167,"COVID-19"
"DE-BB","00+",2022-02-12,2022-01-25,"-18 day ahead inc hosp","quantile",0.5,170,"COVID-19"
"DE-BB","00+",2022-02-12,2022-01-25,"-18 day ahead inc hosp","quantile",0.75,176,"COVID-19"
"DE-BB","00+",2022-02-12,2022-01-25,"-18 day ahead inc hosp","quantile",0.9,182,"COVID-19"
"DE-BB","00+",2022-02-12,2022-01-25,"-18 day ahead inc hosp","quantile",0.975,191,"COVID-19"
"DE-BB","00+",2022-02-12,2022-01-24,"-19 day ahead inc hosp","mean",NA,162,"COVID-19"
"DE-BB","00+",2022-02-12,2022-01-24,"-19 day ahead inc hosp","quantile",0.025,155,"COVID-19"
"DE-BB","00+",2022-02-12,2022-01-24,"-19 day ahead inc hosp","quantile",0.1,156,"COVID-19"
"DE-BB","00+",2022-02-12,2022-01-24,"-19 day ahead inc hosp","quantile",0.25,158,"COVID-19"
"DE-BB","00+",2022-02-12,2022-01-24,"-19 day ahead inc hosp","quantile",0.5,161,"COVID-19"
"DE-BB","00+",2022-02-12,2022-01-24,"-19 day ahead inc hosp","quantile",0.75,165,"COVID-19"
"DE-BB","00+",2022-02-12,2022-01-24,"-19 day ahead inc hosp","quantile",0.9,171,"COVID-19"
"DE-BB","00+",2022-02-12,2022-01-24,"-19 day ahead inc hosp","quantile",0.975,179,"COVID-19"
"DE-BB","00+",2022-02-12,2022-01-23,"-20 day ahead inc hosp","mean",NA,163,"COVID-19"
"DE-BB","00+",2022-02-12,2022-01-23,"-20 day ahead inc hosp","quantile",0.025,156,"COVID-19"
"DE-BB","00+",2022-02-12,2022-01-23,"-20 day ahead inc hosp","quantile",0.1,157,"COVID-19"
"DE-BB","00+",2022-02-12,2022-01-23,"-20 day ahead inc hosp","quantile",0.25,159,"COVID-19"
"DE-BB","00+",2022-02-12,2022-01-23,"-20 day ahead inc hosp","quantile",0.5,162,"COVID-19"
"DE-BB","00+",2022-02-12,2022-01-23,"-20 day ahead inc hosp","quantile",0.75,166,"COVID-19"
"DE-BB","00+",2022-02-12,2022-01-23,"-20 day ahead inc hosp","quantile",0.9,172,"COVID-19"
"DE-BB","00+",2022-02-12,2022-01-23,"-20 day ahead inc hosp","quantile",0.975,180,"COVID-19"
"DE-BB","00+",2022-02-12,2022-01-22,"-21 day ahead inc hosp","mean",NA,158,"COVID-19"
"DE-BB","00+",2022-02-12,2022-01-22,"-21 day ahead inc hosp","quantile",0.025,151,"COVID-19"
"DE-BB","00+",2022-02-12,2022-01-22,"-21 day ahead inc hosp","quantile",0.1,152,"COVID-19"
"DE-BB","00+",2022-02-12,2022-01-22,"-21 day ahead inc hosp","quantile",0.25,153,"COVID-19"
"DE-BB","00+",2022-02-12,2022-01-22,"-21 day ahead inc hosp","quantile",0.5,156,"COVID-19"
"DE-BB","00+",2022-02-12,2022-01-22,"-21 day ahead inc hosp","quantile",0.75,160,"COVID-19"
"DE-BB","00+",2022-02-12,2022-01-22,"-21 day ahead inc hosp","quantile",0.9,166,"COVID-19"
"DE-BB","00+",2022-02-12,2022-01-22,"-21 day ahead inc hosp","quantile",0.975,173,"COVID-19"
"DE-BB","00+",2022-02-12,2022-01-21,"-22 day ahead inc hosp","mean",NA,145,"COVID-19"
"DE-BB","00+",2022-02-12,2022-01-21,"-22 day ahead inc hosp","quantile",0.025,140,"COVID-19"
"DE-BB","00+",2022-02-12,2022-01-21,"-22 day ahead inc hosp","quantile",0.1,140,"COVID-19"
"DE-BB","00+",2022-02-12,2022-01-21,"-22 day ahead inc hosp","quantile",0.25,142,"COVID-19"
"DE-BB","00+",2022-02-12,2022-01-21,"-22 day ahead inc hosp","quantile",0.5,144,"COVID-19"
"DE-BB","00+",2022-02-12,2022-01-21,"-22 day ahead inc hosp","quantile",0.75,148,"COVID-19"
"DE-BB","00+",2022-02-12,2022-01-21,"-22 day ahead inc hosp","quantile",0.9,152,"COVID-19"
"DE-BB","00+",2022-02-12,2022-01-21,"-22 day ahead inc hosp","quantile",0.975,159,"COVID-19"
"DE-BB","00+",2022-02-12,2022-01-20,"-23 day ahead inc hosp","mean",NA,133,"COVID-19"
"DE-BB","00+",2022-02-12,2022-01-20,"-23 day ahead inc hosp","quantile",0.025,129,"COVID-19"
"DE-BB","00+",2022-02-12,2022-01-20,"-23 day ahead inc hosp","quantile",0.1,129,"COVID-19"
"DE-BB","00+",2022-02-12,2022-01-20,"-23 day ahead inc hosp","quantile",0.25,130,"COVID-19"
"DE-BB","00+",2022-02-12,2022-01-20,"-23 day ahead inc hosp","quantile",0.5,132,"COVID-19"
"DE-BB","00+",2022-02-12,2022-01-20,"-23 day ahead inc hosp","quantile",0.75,135,"COVID-19"
"DE-BB","00+",2022-02-12,2022-01-20,"-23 day ahead inc hosp","quantile",0.9,139,"COVID-19"
"DE-BB","00+",2022-02-12,2022-01-20,"-23 day ahead inc hosp","quantile",0.975,145,"COVID-19"
"DE-BB","00+",2022-02-12,2022-01-19,"-24 day ahead inc hosp","mean",NA,119,"COVID-19"
"DE-BB","00+",2022-02-12,2022-01-19,"-24 day ahead inc hosp","quantile",0.025,116,"COVID-19"
"DE-BB","00+",2022-02-12,2022-01-19,"-24 day ahead inc hosp","quantile",0.1,116,"COVID-19"
"DE-BB","00+",2022-02-12,2022-01-19,"-24 day ahead inc hosp","quantile",0.25,117,"COVID-19"
"DE-BB","00+",2022-02-12,2022-01-19,"-24 day ahead inc hosp","quantile",0.5,118,"COVID-19"
"DE-BB","00+",2022-02-12,2022-01-19,"-24 day ahead inc hosp","quantile",0.75,121,"COVID-19"
"DE-BB","00+",2022-02-12,2022-01-19,"-24 day ahead inc hosp","quantile",0.9,124,"COVID-19"
"DE-BB","00+",2022-02-12,2022-01-19,"-24 day ahead inc hosp","quantile",0.975,128,"COVID-19"
"DE-BB","00+",2022-02-12,2022-01-18,"-25 day ahead inc hosp","mean",NA,121,"COVID-19"
"DE-BB","00+",2022-02-12,2022-01-18,"-25 day ahead inc hosp","quantile",0.025,118,"COVID-19"
"DE-BB","00+",2022-02-12,2022-01-18,"-25 day ahead inc hosp","quantile",0.1,118,"COVID-19"
"DE-BB","00+",2022-02-12,2022-01-18,"-25 day ahead inc hosp","quantile",0.25,119,"COVID-19"
"DE-BB","00+",2022-02-12,2022-01-18,"-25 day ahead inc hosp","quantile",0.5,120,"COVID-19"
"DE-BB","00+",2022-02-12,2022-01-18,"-25 day ahead inc hosp","quantile",0.75,122,"COVID-19"
"DE-BB","00+",2022-02-12,2022-01-18,"-25 day ahead inc hosp","quantile",0.9,125,"COVID-19"
"DE-BB","00+",2022-02-12,2022-01-18,"-25 day ahead inc hosp","quantile",0.975,129,"COVID-19"
"DE-BB","00+",2022-02-12,2022-01-17,"-26 day ahead inc hosp","mean",NA,118,"COVID-19"
"DE-BB","00+",2022-02-12,2022-01-17,"-26 day ahead inc hosp","quantile",0.025,116,"COVID-19"
"DE-BB","00+",2022-02-12,2022-01-17,"-26 day ahead inc hosp","quantile",0.1,116,"COVID-19"
"DE-BB","00+",2022-02-12,2022-01-17,"-26 day ahead inc hosp","quantile",0.25,116,"COVID-19"
"DE-BB","00+",2022-02-12,2022-01-17,"-26 day ahead inc hosp","quantile",0.5,118,"COVID-19"
"DE-BB","00+",2022-02-12,2022-01-17,"-26 day ahead inc hosp","quantile",0.75,119,"COVID-19"
"DE-BB","00+",2022-02-12,2022-01-17,"-26 day ahead inc hosp","quantile",0.9,122,"COVID-19"
"DE-BB","00+",2022-02-12,2022-01-17,"-26 day ahead inc hosp","quantile",0.975,125,"COVID-19"
"DE-BB","00+",2022-02-12,2022-01-16,"-27 day ahead inc hosp","mean",NA,117,"COVID-19"
"DE-BB","00+",2022-02-12,2022-01-16,"-27 day ahead inc hosp","quantile",0.025,115,"COVID-19"
"DE-BB","00+",2022-02-12,2022-01-16,"-27 day ahead inc hosp","quantile",0.1,115,"COVID-19"
"DE-BB","00+",2022-02-12,2022-01-16,"-27 day ahead inc hosp","quantile",0.25,115,"COVID-19"
"DE-BB","00+",2022-02-12,2022-01-16,"-27 day ahead inc hosp","quantile",0.5,117,"COVID-19"
"DE-BB","00+",2022-02-12,2022-01-16,"-27 day ahead inc hosp","quantile",0.75,118,"COVID-19"
"DE-BB","00+",2022-02-12,2022-01-16,"-27 day ahead inc hosp","quantile",0.9,120,"COVID-19"
"DE-BB","00+",2022-02-12,2022-01-16,"-27 day ahead inc hosp","quantile",0.975,124,"COVID-19"
"DE-BB","00+",2022-02-12,2022-01-15,"-28 day ahead inc hosp","mean",NA,116,"COVID-19"
"DE-BB","00+",2022-02-12,2022-01-15,"-28 day ahead inc hosp","quantile",0.025,114,"COVID-19"
"DE-BB","00+",2022-02-12,2022-01-15,"-28 day ahead inc hosp","quantile",0.1,114,"COVID-19"
"DE-BB","00+",2022-02-12,2022-01-15,"-28 day ahead inc hosp","quantile",0.25,114,"COVID-19"
"DE-BB","00+",2022-02-12,2022-01-15,"-28 day ahead inc hosp","quantile",0.5,115,"COVID-19"
"DE-BB","00+",2022-02-12,2022-01-15,"-28 day ahead inc hosp","quantile",0.75,117,"COVID-19"
"DE-BB","00+",2022-02-12,2022-01-15,"-28 day ahead inc hosp","quantile",0.9,119,"COVID-19"
"DE-BB","00+",2022-02-12,2022-01-15,"-28 day ahead inc hosp","quantile",0.975,122,"COVID-19"
"DE-BE","00+",2022-02-12,2022-02-12,"0 day ahead inc hosp","mean",NA,276,"COVID-19"
"DE-BE","00+",2022-02-12,2022-02-12,"0 day ahead inc hosp","quantile",0.025,197,"COVID-19"
"DE-BE","00+",2022-02-12,2022-02-12,"0 day ahead inc hosp","quantile",0.1,216,"COVID-19"
"DE-BE","00+",2022-02-12,2022-02-12,"0 day ahead inc hosp","quantile",0.25,238,"COVID-19"
"DE-BE","00+",2022-02-12,2022-02-12,"0 day ahead inc hosp","quantile",0.5,268,"COVID-19"
"DE-BE","00+",2022-02-12,2022-02-12,"0 day ahead inc hosp","quantile",0.75,306,"COVID-19"
"DE-BE","00+",2022-02-12,2022-02-12,"0 day ahead inc hosp","quantile",0.9,347,"COVID-19"
"DE-BE","00+",2022-02-12,2022-02-12,"0 day ahead inc hosp","quantile",0.975,400,"COVID-19"
"DE-BE","00+",2022-02-12,2022-02-11,"-1 day ahead inc hosp","mean",NA,264,"COVID-19"
"DE-BE","00+",2022-02-12,2022-02-11,"-1 day ahead inc hosp","quantile",0.025,195,"COVID-19"
"DE-BE","00+",2022-02-12,2022-02-11,"-1 day ahead inc hosp","quantile",0.1,211,"COVID-19"
"DE-BE","00+",2022-02-12,2022-02-11,"-1 day ahead inc hosp","quantile",0.25,230,"COVID-19"
"DE-BE","00+",2022-02-12,2022-02-11,"-1 day ahead inc hosp","quantile",0.5,256,"COVID-19"
"DE-BE","00+",2022-02-12,2022-02-11,"-1 day ahead inc hosp","quantile",0.75,291,"COVID-19"
"DE-BE","00+",2022-02-12,2022-02-11,"-1 day ahead inc hosp","quantile",0.9,328,"COVID-19"
"DE-BE","00+",2022-02-12,2022-02-11,"-1 day ahead inc hosp","quantile",0.975,377,"COVID-19"
"DE-BE","00+",2022-02-12,2022-02-10,"-2 day ahead inc hosp","mean",NA,321,"COVID-19"
"DE-BE","00+",2022-02-12,2022-02-10,"-2 day ahead inc hosp","quantile",0.025,253,"COVID-19"
"DE-BE","00+",2022-02-12,2022-02-10,"-2 day ahead inc hosp","quantile",0.1,268,"COVID-19"
"DE-BE","00+",2022-02-12,2022-02-10,"-2 day ahead inc hosp","quantile",0.25,286,"COVID-19"
"DE-BE","00+",2022-02-12,2022-02-10,"-2 day ahead inc hosp","quantile",0.5,313,"COVID-19"
"DE-BE","00+",2022-02-12,2022-02-10,"-2 day ahead inc hosp","quantile",0.75,348,"COVID-19"
"DE-BE","00+",2022-02-12,2022-02-10,"-2 day ahead inc hosp","quantile",0.9,386,"COVID-19"
"DE-BE","00+",2022-02-12,2022-02-10,"-2 day ahead inc hosp","quantile",0.975,437,"COVID-19"
"DE-BE","00+",2022-02-12,2022-02-09,"-3 day ahead inc hosp","mean",NA,293,"COVID-19"
"DE-BE","00+",2022-02-12,2022-02-09,"-3 day ahead inc hosp","quantile",0.025,238,"COVID-19"
"DE-BE","00+",2022-02-12,2022-02-09,"-3 day ahead inc hosp","quantile",0.1,250,"COVID-19"
"DE-BE","00+",2022-02-12,2022-02-09,"-3 day ahead inc hosp","quantile",0.25,265,"COVID-19"
"DE-BE","00+",2022-02-12,2022-02-09,"-3 day ahead inc hosp","quantile",0.5,286,"COVID-19"
"DE-BE","00+",2022-02-12,2022-02-09,"-3 day ahead inc hosp","quantile",0.75,314,"COVID-19"
"DE-BE","00+",2022-02-12,2022-02-09,"-3 day ahead inc hosp","quantile",0.9,345,"COVID-19"
"DE-BE","00+",2022-02-12,2022-02-09,"-3 day ahead inc hosp","quantile",0.975,386,"COVID-19"
"DE-BE","00+",2022-02-12,2022-02-08,"-4 day ahead inc hosp","mean",NA,258,"COVID-19"
"DE-BE","00+",2022-02-12,2022-02-08,"-4 day ahead inc hosp","quantile",0.025,220,"COVID-19"
"DE-BE","00+",2022-02-12,2022-02-08,"-4 day ahead inc hosp","quantile",0.1,228,"COVID-19"
"DE-BE","00+",2022-02-12,2022-02-08,"-4 day ahead inc hosp","quantile",0.25,238,"COVID-19"
"DE-BE","00+",2022-02-12,2022-02-08,"-4 day ahead inc hosp","quantile",0.5,253,"COVID-19"
"DE-BE","00+",2022-02-12,2022-02-08,"-4 day ahead inc hosp","quantile",0.75,273,"COVID-19"
"DE-BE","00+",2022-02-12,2022-02-08,"-4 day ahead inc hosp","quantile",0.9,294,"COVID-19"
"DE-BE","00+",2022-02-12,2022-02-08,"-4 day ahead inc hosp","quantile",0.975,324,"COVID-19"
"DE-BE","00+",2022-02-12,2022-02-07,"-5 day ahead inc hosp","mean",NA,225,"COVID-19"
"DE-BE","00+",2022-02-12,2022-02-07,"-5 day ahead inc hosp","quantile",0.025,199,"COVID-19"
"DE-BE","00+",2022-02-12,2022-02-07,"-5 day ahead inc hosp","quantile",0.1,204,"COVID-19"
"DE-BE","00+",2022-02-12,2022-02-07,"-5 day ahead inc hosp","quantile",0.25,211,"COVID-19"
"DE-BE","00+",2022-02-12,2022-02-07,"-5 day ahead inc hosp","quantile",0.5,221,"COVID-19"
"DE-BE","00+",2022-02-12,2022-02-07,"-5 day ahead inc hosp","quantile",0.75,235,"COVID-19"
"DE-BE","00+",2022-02-12,2022-02-07,"-5 day ahead inc hosp","quantile",0.9,250,"COVID-19"
"DE-BE","00+",2022-02-12,2022-02-07,"-5 day ahead inc hosp","quantile",0.975,271,"COVID-19"
"DE-BE","00+",2022-02-12,2022-02-06,"-6 day ahead inc hosp","mean",NA,224,"COVID-19"
"DE-BE","00+",2022-02-12,2022-02-06,"-6 day ahead inc hosp","quantile",0.025,198,"COVID-19"
"DE-BE","00+",2022-02-12,2022-02-06,"-6 day ahead inc hosp","quantile",0.1,203,"COVID-19"
"DE-BE","00+",2022-02-12,2022-02-06,"-6 day ahead inc hosp","quantile",0.25,210,"COVID-19"
"DE-BE","00+",2022-02-12,2022-02-06,"-6 day ahead inc hosp","quantile",0.5,220,"COVID-19"
"DE-BE","00+",2022-02-12,2022-02-06,"-6 day ahead inc hosp","quantile",0.75,234,"COVID-19"
"DE-BE","00+",2022-02-12,2022-02-06,"-6 day ahead inc hosp","quantile",0.9,250,"COVID-19"
"DE-BE","00+",2022-02-12,2022-02-06,"-6 day ahead inc hosp","quantile",0.975,272,"COVID-19"
"DE-BE","00+",2022-02-12,2022-02-05,"-7 day ahead inc hosp","mean",NA,224,"COVID-19"
"DE-BE","00+",2022-02-12,2022-02-05,"-7 day ahead inc hosp","quantile",0.025,197,"COVID-19"
"DE-BE","00+",2022-02-12,2022-02-05,"-7 day ahead inc hosp","quantile",0.1,202,"COVID-19"
"DE-BE","00+",2022-02-12,2022-02-05,"-7 day ahead inc hosp","quantile",0.25,209,"COVID-19"
"DE-BE","00+",2022-02-12,2022-02-05,"-7 day ahead inc hosp","quantile",0.5,220,"COVID-19"
"DE-BE","00+",2022-02-12,2022-02-05,"-7 day ahead inc hosp","quantile",0.75,234,"COVID-19"
"DE-BE","00+",2022-02-12,2022-02-05,"-7 day ahead inc hosp","quantile",0.9,250,"COVID-19"
"DE-BE","00+",2022-02-12,2022-02-05,"-7 day ahead inc hosp","quantile",0.975,273,"COVID-19"
"DE-BE","00+",2022-02-12,2022-02-04,"-8 day ahead inc hosp","mean",NA,210,"COVID-19"
"DE-BE","00+",2022-02-12,2022-02-04,"-8 day ahead inc hosp","quantile",0.025,187,"COVID-19"
"DE-BE","00+",2022-02-12,2022-02-04,"-8 day ahead inc hosp","quantile",0.1,191,"COVID-19"
"DE-BE","00+",2022-02-12,2022-02-04,"-8 day ahead inc hosp","quantile",0.25,197,"COVID-19"
"DE-BE","00+",2022-02-12,2022-02-04,"-8 day ahead inc hosp","quantile",0.5,207,"COVID-19"
"DE-BE","00+",2022-02-12,2022-02-04,"-8 day ahead inc hosp","quantile",0.75,220,"COVID-19"
"DE-BE","00+",2022-02-12,2022-02-04,"-8 day ahead inc hosp","quantile",0.9,235,"COVID-19"
"DE-BE","00+",2022-02-12,2022-02-04,"-8 day ahead inc hosp","quantile",0.975,255,"COVID-19"
"DE-BE","00+",2022-02-12,2022-02-03,"-9 day ahead inc hosp","mean",NA,163,"COVID-19"
"DE-BE","00+",2022-02-12,2022-02-03,"-9 day ahead inc hosp","quantile",0.025,148,"COVID-19"
"DE-BE","00+",2022-02-12,2022-02-03,"-9 day ahead inc hosp","quantile",0.1,150,"COVID-19"
"DE-BE","00+",2022-02-12,2022-02-03,"-9 day ahead inc hosp","quantile",0.25,154,"COVID-19"
"DE-BE","00+",2022-02-12,2022-02-03,"-9 day ahead inc hosp","quantile",0.5,160,"COVID-19"
"DE-BE","00+",2022-02-12,2022-02-03,"-9 day ahead inc hosp","quantile",0.75,169,"COVID-19"
"DE-BE","00+",2022-02-12,2022-02-03,"-9 day ahead inc hosp","quantile",0.9,178,"COVID-19"
"DE-BE","00+",2022-02-12,2022-02-03,"-9 day ahead inc hosp","quantile",0.975,191,"COVID-19"
"DE-BE","00+",2022-02-12,2022-02-02,"-10 day ahead inc hosp","mean",NA,169,"COVID-19"
"DE-BE","00+",2022-02-12,2022-02-02,"-10 day ahead inc hosp","quantile",0.025,156,"COVID-19"
"DE-BE","00+",2022-02-12,2022-02-02,"-10 day ahead inc hosp","quantile",0.1,158,"COVID-19"
"DE-BE","00+",2022-02-12,2022-02-02,"-10 day ahead inc hosp","quantile",0.25,162,"COVID-19"
"DE-BE","00+",2022-02-12,2022-02-02,"-10 day ahead inc hosp","quantile",0.5,167,"COVID-19"
"DE-BE","00+",2022-02-12,2022-02-02,"-10 day ahead inc hosp","quantile",0.75,175,"COVID-19"
"DE-BE","00+",2022-02-12,2022-02-02,"-10 day ahead inc hosp","quantile",0.9,184,"COVID-19"
"DE-BE","00+",2022-02-12,2022-02-02,"-10 day ahead inc hosp","quantile",0.975,196,"COVID-19"
"DE-BE","00+",2022-02-12,2022-02-01,"-11 day ahead inc hosp","mean",NA,181,"COVID-19"
"DE-BE","00+",2022-02-12,2022-02-01,"-11 day ahead inc hosp","quantile",0.025,170,"COVID-19"
"DE-BE","00+",2022-02-12,2022-02-01,"-11 day ahead inc hosp","quantile",0.1,172,"COVID-19"
"DE-BE","00+",2022-02-12,2022-02-01,"-11 day ahead inc hosp","quantile",0.25,174,"COVID-19"
"DE-BE","00+",2022-02-12,2022-02-01,"-11 day ahead inc hosp","quantile",0.5,179,"COVID-19"
"DE-BE","00+",2022-02-12,2022-02-01,"-11 day ahead inc hosp","quantile",0.75,186,"COVID-19"
"DE-BE","00+",2022-02-12,2022-02-01,"-11 day ahead inc hosp","quantile",0.9,194,"COVID-19"
"DE-BE","00+",2022-02-12,2022-02-01,"-11 day ahead inc hosp","quantile",0.975,206,"COVID-19"
"DE-BE","00+",2022-02-12,2022-01-31,"-12 day ahead inc hosp","mean",NA,215,"COVID-19"
"DE-BE","00+",2022-02-12,2022-01-31,"-12 day ahead inc hosp","quantile",0.025,203,"COVID-19"
"DE-BE","00+",2022-02-12,2022-01-31,"-12 day ahead inc hosp","quantile",0.1,204,"COVID-19"
"DE-BE","00+",2022-02-12,2022-01-31,"-12 day ahead inc hosp","quantile",0.25,207,"COVID-19"
"DE-BE","00+",2022-02-12,2022-01-31,"-12 day ahead inc hosp","quantile",0.5,212,"COVID-19"
"DE-BE","00+",2022-02-12,2022-01-31,"-12 day ahead inc hosp","quantile",0.75,219,"COVID-19"
"DE-BE","00+",2022-02-12,2022-01-31,"-12 day ahead inc hosp","quantile",0.9,228,"COVID-19"
"DE-BE","00+",2022-02-12,2022-01-31,"-12 day ahead inc hosp","quantile",0.975,240,"COVID-19"
"DE-BE","00+",2022-02-12,2022-01-30,"-13 day ahead inc hosp","mean",NA,214,"COVID-19"
"DE-BE","00+",2022-02-12,2022-01-30,"-13 day ahead inc hosp","quantile",0.025,202,"COVID-19"
"DE-BE","00+",2022-02-12,2022-01-30,"-13 day ahead inc hosp","quantile",0.1,204,"COVID-19"
"DE-BE","00+",2022-02-12,2022-01-30,"-13 day ahead inc hosp","quantile",0.25,207,"COVID-19"
"DE-BE","00+",2022-02-12,2022-01-30,"-13 day ahead inc hosp","quantile",0.5,212,"COVID-19"
"DE-BE","00+",2022-02-12,2022-01-30,"-13 day ahead inc hosp","quantile",0.75,219,"COVID-19"
"DE-BE","00+",2022-02-12,2022-01-30,"-13 day ahead inc hosp","quantile",0.9,228,"COVID-19"
"DE-BE","00+",2022-02-12,2022-01-30,"-13 day ahead inc hosp","quantile",0.975,240,"COVID-19"
"DE-BE","00+",2022-02-12,2022-01-29,"-14 day ahead inc hosp","mean",NA,222,"COVID-19"
"DE-BE","00+",2022-02-12,2022-01-29,"-14 day ahead inc hosp","quantile",0.025,209,"COVID-19"
"DE-BE","00+",2022-02-12,2022-01-29,"-14 day ahead inc hosp","quantile",0.1,211,"COVID-19"
"DE-BE","00+",2022-02-12,2022-01-29,"-14 day ahead inc hosp","quantile",0.25,214,"COVID-19"
"DE-BE","00+",2022-02-12,2022-01-29,"-14 day ahead inc hosp","quantile",0.5,219,"COVID-19"
"DE-BE","00+",2022-02-12,2022-01-29,"-14 day ahead inc hosp","quantile",0.75,227,"COVID-19"
"DE-BE","00+",2022-02-12,2022-01-29,"-14 day ahead inc hosp","quantile",0.9,236,"COVID-19"
"DE-BE","00+",2022-02-12,2022-01-29,"-14 day ahead inc hosp","quantile",0.975,249,"COVID-19"
"DE-BE","00+",2022-02-12,2022-01-28,"-15 day ahead inc hosp","mean",NA,235,"COVID-19"
"DE-BE","00+",2022-02-12,2022-01-28,"-15 day ahead inc hosp","quantile",0.025,222,"COVID-19"
"DE-BE","00+",2022-02-12,2022-01-28,"-15 day ahead inc hosp","quantile",0.1,224,"COVID-19"
"DE-BE","00+",2022-02-12,2022-01-28,"-15 day ahead inc hosp","quantile",0.25,227,"COVID-19"
"DE-BE","00+",2022-02-12,2022-01-28,"-15 day ahead inc hosp","quantile",0.5,232,"COVID-19"
"DE-BE","00+",2022-02-12,2022-01-28,"-15 day ahead inc hosp","quantile",0.75,240,"COVID-19"
"DE-BE","00+",2022-02-12,2022-01-28,"-15 day ahead inc hosp","quantile",0.9,249,"COVID-19"
"DE-BE","00+",2022-02-12,2022-01-28,"-15 day ahead inc hosp","quantile",0.975,262,"COVID-19"
"DE-BE","00+",2022-02-12,2022-01-27,"-16 day ahead inc hosp","mean",NA,220,"COVID-19"
"DE-BE","00+",2022-02-12,2022-01-27,"-16 day ahead inc hosp","quantile",0.025,209,"COVID-19"
"DE-BE","00+",2022-02-12,2022-01-27,"-16 day ahead inc hosp","quantile",0.1,210,"COVID-19"
"DE-BE","00+",2022-02-12,2022-01-27,"-16 day ahead inc hosp","quantile",0.25,213,"COVID-19"
"DE-BE","00+",2022-02-12,2022-01-27,"-16 day ahead inc hosp","quantile",0.5,217,"COVID-19"
"DE-BE","00+",2022-02-12,2022-01-27,"-16 day ahead inc hosp","quantile",0.75,224,"COVID-19"
"DE-BE","00+",2022-02-12,2022-01-27,"-16 day ahead inc hosp","quantile",0.9,232,"COVID-19"
"DE-BE","00+",2022-02-12,2022-01-27,"-16 day ahead inc hosp","quantile",0.975,244,"COVID-19"
"DE-BE","00+",2022-02-12,2022-01-26,"-17 day ahead inc hosp","mean",NA,221,"COVID-19"
"DE-BE","00+",2022-02-12,2022-01-26,"-17 day ahead inc hosp","quantile",0.025,212,"COVID-19"
"DE-BE","00+",2022-02-12,2022-01-26,"-17 day ahead inc hosp","quantile",0.1,213,"COVID-19"
"DE-BE","00+",2022-02-12,2022-01-26,"-17 day ahead inc hosp","quantile",0.25,215,"COVID-19"
"DE-BE","00+",2022-02-12,2022-01-26,"-17 day ahead inc hosp","quantile",0.5,219,"COVID-19"
"DE-BE","00+",2022-02-12,2022-01-26,"-17 day ahead inc hosp","quantile",0.75,225,"COVID-19"
"DE-BE","00+",2022-02-12,2022-01-26,"-17 day ahead inc hosp","quantile",0.9,232,"COVID-19"
"DE-BE","00+",2022-02-12,2022-01-26,"-17 day ahead inc hosp","quantile",0.975,243,"COVID-19"
"DE-BE","00+",2022-02-12,2022-01-25,"-18 day ahead inc hosp","mean",NA,197,"COVID-19"
"DE-BE","00+",2022-02-12,2022-01-25,"-18 day ahead inc hosp","quantile",0.025,190,"COVID-19"
"DE-BE","00+",2022-02-12,2022-01-25,"-18 day ahead inc hosp","quantile",0.1,191,"COVID-19"
"DE-BE","00+",2022-02-12,2022-01-25,"-18 day ahead inc hosp","quantile",0.25,192,"COVID-19"
"DE-BE","00+",2022-02-12,2022-01-25,"-18 day ahead inc hosp","quantile",0.5,195,"COVID-19"
"DE-BE","00+",2022-02-12,2022-01-25,"-18 day ahead inc hosp","quantile",0.75,200,"COVID-19"
"DE-BE","00+",2022-02-12,2022-01-25,"-18 day ahead inc hosp","quantile",0.9,206,"COVID-19"
"DE-BE","00+",2022-02-12,2022-01-25,"-18 day ahead inc hosp","quantile",0.975,214,"COVID-19"
"DE-BE","00+",2022-02-12,2022-01-24,"-19 day ahead inc hosp","mean",NA,189,"COVID-19"
"DE-BE","00+",2022-02-12,2022-01-24,"-19 day ahead inc hosp","quantile",0.025,184,"COVID-19"
"DE-BE","00+",2022-02-12,2022-01-24,"-19 day ahead inc hosp","quantile",0.1,184,"COVID-19"
"DE-BE","00+",2022-02-12,2022-01-24,"-19 day ahead inc hosp","quantile",0.25,185,"COVID-19"
"DE-BE","00+",2022-02-12,2022-01-24,"-19 day ahead inc hosp","quantile",0.5,188,"COVID-19"
"DE-BE","00+",2022-02-12,2022-01-24,"-19 day ahead inc hosp","quantile",0.75,191,"COVID-19"
"DE-BE","00+",2022-02-12,2022-01-24,"-19 day ahead inc hosp","quantile",0.9,195,"COVID-19"
"DE-BE","00+",2022-02-12,2022-01-24,"-19 day ahead inc hosp","quantile",0.975,202,"COVID-19"
"DE-BE","00+",2022-02-12,2022-01-23,"-20 day ahead inc hosp","mean",NA,190,"COVID-19"
"DE-BE","00+",2022-02-12,2022-01-23,"-20 day ahead inc hosp","quantile",0.025,185,"COVID-19"
"DE-BE","00+",2022-02-12,2022-01-23,"-20 day ahead inc hosp","quantile",0.1,185,"COVID-19"
"DE-BE","00+",2022-02-12,2022-01-23,"-20 day ahead inc hosp","quantile",0.25,186,"COVID-19"
"DE-BE","00+",2022-02-12,2022-01-23,"-20 day ahead inc hosp","quantile",0.5,188,"COVID-19"
"DE-BE","00+",2022-02-12,2022-01-23,"-20 day ahead inc hosp","quantile",0.75,192,"COVID-19"
"DE-BE","00+",2022-02-12,2022-01-23,"-20 day ahead inc hosp","quantile",0.9,196,"COVID-19"
"DE-BE","00+",2022-02-12,2022-01-23,"-20 day ahead inc hosp","quantile",0.975,203,"COVID-19"
"DE-BE","00+",2022-02-12,2022-01-22,"-21 day ahead inc hosp","mean",NA,191,"COVID-19"
"DE-BE","00+",2022-02-12,2022-01-22,"-21 day ahead inc hosp","quantile",0.025,186,"COVID-19"
"DE-BE","00+",2022-02-12,2022-01-22,"-21 day ahead inc hosp","quantile",0.1,186,"COVID-19"
"DE-BE","00+",2022-02-12,2022-01-22,"-21 day ahead inc hosp","quantile",0.25,187,"COVID-19"
"DE-BE","00+",2022-02-12,2022-01-22,"-21 day ahead inc hosp","quantile",0.5,189,"COVID-19"
"DE-BE","00+",2022-02-12,2022-01-22,"-21 day ahead inc hosp","quantile",0.75,192,"COVID-19"
"DE-BE","00+",2022-02-12,2022-01-22,"-21 day ahead inc hosp","quantile",0.9,197,"COVID-19"
"DE-BE","00+",2022-02-12,2022-01-22,"-21 day ahead inc hosp","quantile",0.975,203,"COVID-19"
"DE-BE","00+",2022-02-12,2022-01-21,"-22 day ahead inc hosp","mean",NA,196,"COVID-19"
"DE-BE","00+",2022-02-12,2022-01-21,"-22 day ahead inc hosp","quantile",0.025,192,"COVID-19"
"DE-BE","00+",2022-02-12,2022-01-21,"-22 day ahead inc hosp","quantile",0.1,192,"COVID-19"
"DE-BE","00+",2022-02-12,2022-01-21,"-22 day ahead inc hosp","quantile",0.25,193,"COVID-19"
"DE-BE","00+",2022-02-12,2022-01-21,"-22 day ahead inc hosp","quantile",0.5,195,"COVID-19"
"DE-BE","00+",2022-02-12,2022-01-21,"-22 day ahead inc hosp","quantile",0.75,198,"COVID-19"
"DE-BE","00+",2022-02-12,2022-01-21,"-22 day ahead inc hosp","quantile",0.9,202,"COVID-19"
"DE-BE","00+",2022-02-12,2022-01-21,"-22 day ahead inc hosp","quantile",0.975,208,"COVID-19"
"DE-BE","00+",2022-02-12,2022-01-20,"-23 day ahead inc hosp","mean",NA,205,"COVID-19"
"DE-BE","00+",2022-02-12,2022-01-20,"-23 day ahead inc hosp","quantile",0.025,201,"COVID-19"
"DE-BE","00+",2022-02-12,2022-01-20,"-23 day ahead inc hosp","quantile",0.1,201,"COVID-19"
"DE-BE","00+",2022-02-12,2022-01-20,"-23 day ahead inc hosp","quantile",0.25,202,"COVID-19"
"DE-BE","00+",2022-02-12,2022-01-20,"-23 day ahead inc hosp","quantile",0.5,203,"COVID-19"
"DE-BE","00+",2022-02-12,2022-01-20,"-23 day ahead inc hosp","quantile",0.75,206,"COVID-19"
"DE-BE","00+",2022-02-12,2022-01-20,"-23 day ahead inc hosp","quantile",0.9,210,"COVID-19"
"DE-BE","00+",2022-02-12,2022-01-20,"-23 day ahead inc hosp","quantile",0.975,216,"COVID-19"
"DE-BE","00+",2022-02-12,2022-01-19,"-24 day ahead inc hosp","mean",NA,216,"COVID-19"
"DE-BE","00+",2022-02-12,2022-01-19,"-24 day ahead inc hosp","quantile",0.025,213,"COVID-19"
"DE-BE","00+",2022-02-12,2022-01-19,"-24 day ahead inc hosp","quantile",0.1,213,"COVID-19"
"DE-BE","00+",2022-02-12,2022-01-19,"-24 day ahead inc hosp","quantile",0.25,214,"COVID-19"
"DE-BE","00+",2022-02-12,2022-01-19,"-24 day ahead inc hosp","quantile",0.5,215,"COVID-19"
"DE-BE","00+",2022-02-12,2022-01-19,"-24 day ahead inc hosp","quantile",0.75,218,"COVID-19"
"DE-BE","00+",2022-02-12,2022-01-19,"-24 day ahead inc hosp","quantile",0.9,221,"COVID-19"
"DE-BE","00+",2022-02-12,2022-01-19,"-24 day ahead inc hosp","quantile",0.975,227,"COVID-19"
"DE-BE","00+",2022-02-12,2022-01-18,"-25 day ahead inc hosp","mean",NA,237,"COVID-19"
"DE-BE","00+",2022-02-12,2022-01-18,"-25 day ahead inc hosp","quantile",0.025,234,"COVID-19"
"DE-BE","00+",2022-02-12,2022-01-18,"-25 day ahead inc hosp","quantile",0.1,234,"COVID-19"
"DE-BE","00+",2022-02-12,2022-01-18,"-25 day ahead inc hosp","quantile",0.25,234,"COVID-19"
"DE-BE","00+",2022-02-12,2022-01-18,"-25 day ahead inc hosp","quantile",0.5,236,"COVID-19"
"DE-BE","00+",2022-02-12,2022-01-18,"-25 day ahead inc hosp","quantile",0.75,239,"COVID-19"
"DE-BE","00+",2022-02-12,2022-01-18,"-25 day ahead inc hosp","quantile",0.9,242,"COVID-19"
"DE-BE","00+",2022-02-12,2022-01-18,"-25 day ahead inc hosp","quantile",0.975,248,"COVID-19"
"DE-BE","00+",2022-02-12,2022-01-17,"-26 day ahead inc hosp","mean",NA,231,"COVID-19"
"DE-BE","00+",2022-02-12,2022-01-17,"-26 day ahead inc hosp","quantile",0.025,228,"COVID-19"
"DE-BE","00+",2022-02-12,2022-01-17,"-26 day ahead inc hosp","quantile",0.1,228,"COVID-19"
"DE-BE","00+",2022-02-12,2022-01-17,"-26 day ahead inc hosp","quantile",0.25,228,"COVID-19"
"DE-BE","00+",2022-02-12,2022-01-17,"-26 day ahead inc hosp","quantile",0.5,229,"COVID-19"
"DE-BE","00+",2022-02-12,2022-01-17,"-26 day ahead inc hosp","quantile",0.75,232,"COVID-19"
"DE-BE","00+",2022-02-12,2022-01-17,"-26 day ahead inc hosp","quantile",0.9,235,"COVID-19"
"DE-BE","00+",2022-02-12,2022-01-17,"-26 day ahead inc hosp","quantile",0.975,239,"COVID-19"
"DE-BE","00+",2022-02-12,2022-01-16,"-27 day ahead inc hosp","mean",NA,226,"COVID-19"
"DE-BE","00+",2022-02-12,2022-01-16,"-27 day ahead inc hosp","quantile",0.025,224,"COVID-19"
"DE-BE","00+",2022-02-12,2022-01-16,"-27 day ahead inc hosp","quantile",0.1,224,"COVID-19"
"DE-BE","00+",2022-02-12,2022-01-16,"-27 day ahead inc hosp","quantile",0.25,224,"COVID-19"
"DE-BE","00+",2022-02-12,2022-01-16,"-27 day ahead inc hosp","quantile",0.5,225,"COVID-19"
"DE-BE","00+",2022-02-12,2022-01-16,"-27 day ahead inc hosp","quantile",0.75,228,"COVID-19"
"DE-BE","00+",2022-02-12,2022-01-16,"-27 day ahead inc hosp","quantile",0.9,231,"COVID-19"
"DE-BE","00+",2022-02-12,2022-01-16,"-27 day ahead inc hosp","quantile",0.975,235,"COVID-19"
"DE-BE","00+",2022-02-12,2022-01-15,"-28 day ahead inc hosp","mean",NA,239,"COVID-19"
"DE-BE","00+",2022-02-12,2022-01-15,"-28 day ahead inc hosp","quantile",0.025,237,"COVID-19"
"DE-BE","00+",2022-02-12,2022-01-15,"-28 day ahead inc hosp","quantile",0.1,237,"COVID-19"
"DE-BE","00+",2022-02-12,2022-01-15,"-28 day ahead inc hosp","quantile",0.25,237,"COVID-19"
"DE-BE","00+",2022-02-12,2022-01-15,"-28 day ahead inc hosp","quantile",0.5,238,"COVID-19"
"DE-BE","00+",2022-02-12,2022-01-15,"-28 day ahead inc hosp","quantile",0.75,241,"COVID-19"
"DE-BE","00+",2022-02-12,2022-01-15,"-28 day ahead inc hosp","quantile",0.9,244,"COVID-19"
"DE-BE","00+",2022-02-12,2022-01-15,"-28 day ahead inc hosp","quantile",0.975,249,"COVID-19"
"DE-BW","00+",2022-02-12,2022-02-12,"0 day ahead inc hosp","mean",NA,1659,"COVID-19"
"DE-BW","00+",2022-02-12,2022-02-12,"0 day ahead inc hosp","quantile",0.025,1183,"COVID-19"
"DE-BW","00+",2022-02-12,2022-02-12,"0 day ahead inc hosp","quantile",0.1,1310,"COVID-19"
"DE-BW","00+",2022-02-12,2022-02-12,"0 day ahead inc hosp","quantile",0.25,1447,"COVID-19"
"DE-BW","00+",2022-02-12,2022-02-12,"0 day ahead inc hosp","quantile",0.5,1626,"COVID-19"
"DE-BW","00+",2022-02-12,2022-02-12,"0 day ahead inc hosp","quantile",0.75,1835,"COVID-19"
"DE-BW","00+",2022-02-12,2022-02-12,"0 day ahead inc hosp","quantile",0.9,2052,"COVID-19"
"DE-BW","00+",2022-02-12,2022-02-12,"0 day ahead inc hosp","quantile",0.975,2327,"COVID-19"
"DE-BW","00+",2022-02-12,2022-02-11,"-1 day ahead inc hosp","mean",NA,1594,"COVID-19"
"DE-BW","00+",2022-02-12,2022-02-11,"-1 day ahead inc hosp","quantile",0.025,1206,"COVID-19"
"DE-BW","00+",2022-02-12,2022-02-11,"-1 day ahead inc hosp","quantile",0.1,1307,"COVID-19"
"DE-BW","00+",2022-02-12,2022-02-11,"-1 day ahead inc hosp","quantile",0.25,1417,"COVID-19"
"DE-BW","00+",2022-02-12,2022-02-11,"-1 day ahead inc hosp","quantile",0.5,1564,"COVID-19"
"DE-BW","00+",2022-02-12,2022-02-11,"-1 day ahead inc hosp","quantile",0.75,1738,"COVID-19"
"DE-BW","00+",2022-02-12,2022-02-11,"-1 day ahead inc hosp","quantile",0.9,1920,"COVID-19"
"DE-BW","00+",2022-02-12,2022-02-11,"-1 day ahead inc hosp","quantile",0.975,2153,"COVID-19"
"DE-BW","00+",2022-02-12,2022-02-10,"-2 day ahead inc hosp","mean",NA,1573,"COVID-19"
"DE-BW","00+",2022-02-12,2022-02-10,"-2 day ahead inc hosp","quantile",0.025,1236,"COVID-19"
"DE-BW","00+",2022-02-12,2022-02-10,"-2 day ahead inc hosp","quantile",0.1,1322,"COVID-19"
"DE-BW","00+",2022-02-12,2022-02-10,"-2 day ahead inc hosp","quantile",0.25,1417,"COVID-19"
"DE-BW","00+",2022-02-12,2022-02-10,"-2 day ahead inc hosp","quantile",0.5,1545,"COVID-19"
"DE-BW","00+",2022-02-12,2022-02-10,"-2 day ahead inc hosp","quantile",0.75,1698,"COVID-19"
"DE-BW","00+",2022-02-12,2022-02-10,"-2 day ahead inc hosp","quantile",0.9,1859,"COVID-19"
"DE-BW","00+",2022-02-12,2022-02-10,"-2 day ahead inc hosp","quantile",0.975,2066,"COVID-19"
"DE-BW","00+",2022-02-12,2022-02-09,"-3 day ahead inc hosp","mean",NA,1590,"COVID-19"
"DE-BW","00+",2022-02-12,2022-02-09,"-3 day ahead inc hosp","quantile",0.025,1302,"COVID-19"
"DE-BW","00+",2022-02-12,2022-02-09,"-3 day ahead inc hosp","quantile",0.1,1375,"COVID-19"
"DE-BW","00+",2022-02-12,2022-02-09,"-3 day ahead inc hosp","quantile",0.25,1457,"COVID-19"
"DE-BW","00+",2022-02-12,2022-02-09,"-3 day ahead inc hosp","quantile",0.5,1566,"COVID-19"
"DE-BW","00+",2022-02-12,2022-02-09,"-3 day ahead inc hosp","quantile",0.75,1697,"COVID-19"
"DE-BW","00+",2022-02-12,2022-02-09,"-3 day ahead inc hosp","quantile",0.9,1835,"COVID-19"
"DE-BW","00+",2022-02-12,2022-02-09,"-3 day ahead inc hosp","quantile",0.975,2012,"COVID-19"
"DE-BW","00+",2022-02-12,2022-02-08,"-4 day ahead inc hosp","mean",NA,1555,"COVID-19"
"DE-BW","00+",2022-02-12,2022-02-08,"-4 day ahead inc hosp","quantile",0.025,1318,"COVID-19"
"DE-BW","00+",2022-02-12,2022-02-08,"-4 day ahead inc hosp","quantile",0.1,1379,"COVID-19"
"DE-BW","00+",2022-02-12,2022-02-08,"-4 day ahead inc hosp","quantile",0.25,1446,"COVID-19"
"DE-BW","00+",2022-02-12,2022-02-08,"-4 day ahead inc hosp","quantile",0.5,1536,"COVID-19"
"DE-BW","00+",2022-02-12,2022-02-08,"-4 day ahead inc hosp","quantile",0.75,1643,"COVID-19"
"DE-BW","00+",2022-02-12,2022-02-08,"-4 day ahead inc hosp","quantile",0.9,1754,"COVID-19"
"DE-BW","00+",2022-02-12,2022-02-08,"-4 day ahead inc hosp","quantile",0.975,1898,"COVID-19"
"DE-BW","00+",2022-02-12,2022-02-07,"-5 day ahead inc hosp","mean",NA,1505,"COVID-19"
"DE-BW","00+",2022-02-12,2022-02-07,"-5 day ahead inc hosp","quantile",0.025,1318,"COVID-19"
"DE-BW","00+",2022-02-12,2022-02-07,"-5 day ahead inc hosp","quantile",0.1,1366,"COVID-19"
"DE-BW","00+",2022-02-12,2022-02-07,"-5 day ahead inc hosp","quantile",0.25,1420,"COVID-19"
"DE-BW","00+",2022-02-12,2022-02-07,"-5 day ahead inc hosp","quantile",0.5,1490,"COVID-19"
"DE-BW","00+",2022-02-12,2022-02-07,"-5 day ahead inc hosp","quantile",0.75,1574,"COVID-19"
"DE-BW","00+",2022-02-12,2022-02-07,"-5 day ahead inc hosp","quantile",0.9,1661,"COVID-19"
"DE-BW","00+",2022-02-12,2022-02-07,"-5 day ahead inc hosp","quantile",0.975,1772,"COVID-19"
"DE-BW","00+",2022-02-12,2022-02-06,"-6 day ahead inc hosp","mean",NA,1471,"COVID-19"
"DE-BW","00+",2022-02-12,2022-02-06,"-6 day ahead inc hosp","quantile",0.025,1307,"COVID-19"
"DE-BW","00+",2022-02-12,2022-02-06,"-6 day ahead inc hosp","quantile",0.1,1351,"COVID-19"
"DE-BW","00+",2022-02-12,2022-02-06,"-6 day ahead inc hosp","quantile",0.25,1398,"COVID-19"
"DE-BW","00+",2022-02-12,2022-02-06,"-6 day ahead inc hosp","quantile",0.5,1460,"COVID-19"
"DE-BW","00+",2022-02-12,2022-02-06,"-6 day ahead inc hosp","quantile",0.75,1532,"COVID-19"
"DE-BW","00+",2022-02-12,2022-02-06,"-6 day ahead inc hosp","quantile",0.9,1607,"COVID-19"
"DE-BW","00+",2022-02-12,2022-02-06,"-6 day ahead inc hosp","quantile",0.975,1703,"COVID-19"
"DE-BW","00+",2022-02-12,2022-02-05,"-7 day ahead inc hosp","mean",NA,1442,"COVID-19"
"DE-BW","00+",2022-02-12,2022-02-05,"-7 day ahead inc hosp","quantile",0.025,1300,"COVID-19"
"DE-BW","00+",2022-02-12,2022-02-05,"-7 day ahead inc hosp","quantile",0.1,1338,"COVID-19"
"DE-BW","00+",2022-02-12,2022-02-05,"-7 day ahead inc hosp","quantile",0.25,1379,"COVID-19"
"DE-BW","00+",2022-02-12,2022-02-05,"-7 day ahead inc hosp","quantile",0.5,1433,"COVID-19"
"DE-BW","00+",2022-02-12,2022-02-05,"-7 day ahead inc hosp","quantile",0.75,1495,"COVID-19"
"DE-BW","00+",2022-02-12,2022-02-05,"-7 day ahead inc hosp","quantile",0.9,1559,"COVID-19"
"DE-BW","00+",2022-02-12,2022-02-05,"-7 day ahead inc hosp","quantile",0.975,1640,"COVID-19"
"DE-BW","00+",2022-02-12,2022-02-04,"-8 day ahead inc hosp","mean",NA,1351,"COVID-19"
"DE-BW","00+",2022-02-12,2022-02-04,"-8 day ahead inc hosp","quantile",0.025,1237,"COVID-19"
"DE-BW","00+",2022-02-12,2022-02-04,"-8 day ahead inc hosp","quantile",0.1,1268,"COVID-19"
"DE-BW","00+",2022-02-12,2022-02-04,"-8 day ahead inc hosp","quantile",0.25,1301,"COVID-19"
"DE-BW","00+",2022-02-12,2022-02-04,"-8 day ahead inc hosp","quantile",0.5,1343,"COVID-19"
"DE-BW","00+",2022-02-12,2022-02-04,"-8 day ahead inc hosp","quantile",0.75,1392,"COVID-19"
"DE-BW","00+",2022-02-12,2022-02-04,"-8 day ahead inc hosp","quantile",0.9,1443,"COVID-19"
"DE-BW","00+",2022-02-12,2022-02-04,"-8 day ahead inc hosp","quantile",0.975,1507,"COVID-19"
"DE-BW","00+",2022-02-12,2022-02-03,"-9 day ahead inc hosp","mean",NA,1286,"COVID-19"
"DE-BW","00+",2022-02-12,2022-02-03,"-9 day ahead inc hosp","quantile",0.025,1194,"COVID-19"
"DE-BW","00+",2022-02-12,2022-02-03,"-9 day ahead inc hosp","quantile",0.1,1219,"COVID-19"
"DE-BW","00+",2022-02-12,2022-02-03,"-9 day ahead inc hosp","quantile",0.25,1245,"COVID-19"
"DE-BW","00+",2022-02-12,2022-02-03,"-9 day ahead inc hosp","quantile",0.5,1280,"COVID-19"
"DE-BW","00+",2022-02-12,2022-02-03,"-9 day ahead inc hosp","quantile",0.75,1320,"COVID-19"
"DE-BW","00+",2022-02-12,2022-02-03,"-9 day ahead inc hosp","quantile",0.9,1361,"COVID-19"
"DE-BW","00+",2022-02-12,2022-02-03,"-9 day ahead inc hosp","quantile",0.975,1413,"COVID-19"
"DE-BW","00+",2022-02-12,2022-02-02,"-10 day ahead inc hosp","mean",NA,1174,"COVID-19"
"DE-BW","00+",2022-02-12,2022-02-02,"-10 day ahead inc hosp","quantile",0.025,1103,"COVID-19"
"DE-BW","00+",2022-02-12,2022-02-02,"-10 day ahead inc hosp","quantile",0.1,1122,"COVID-19"
"DE-BW","00+",2022-02-12,2022-02-02,"-10 day ahead inc hosp","quantile",0.25,1143,"COVID-19"
"DE-BW","00+",2022-02-12,2022-02-02,"-10 day ahead inc hosp","quantile",0.5,1169,"COVID-19"
"DE-BW","00+",2022-02-12,2022-02-02,"-10 day ahead inc hosp","quantile",0.75,1200,"COVID-19"
"DE-BW","00+",2022-02-12,2022-02-02,"-10 day ahead inc hosp","quantile",0.9,1231,"COVID-19"
"DE-BW","00+",2022-02-12,2022-02-02,"-10 day ahead inc hosp","quantile",0.975,1271,"COVID-19"
"DE-BW","00+",2022-02-12,2022-02-01,"-11 day ahead inc hosp","mean",NA,1096,"COVID-19"
"DE-BW","00+",2022-02-12,2022-02-01,"-11 day ahead inc hosp","quantile",0.025,1040,"COVID-19"
"DE-BW","00+",2022-02-12,2022-02-01,"-11 day ahead inc hosp","quantile",0.1,1055,"COVID-19"
"DE-BW","00+",2022-02-12,2022-02-01,"-11 day ahead inc hosp","quantile",0.25,1072,"COVID-19"
"DE-BW","00+",2022-02-12,2022-02-01,"-11 day ahead inc hosp","quantile",0.5,1093,"COVID-19"
"DE-BW","00+",2022-02-12,2022-02-01,"-11 day ahead inc hosp","quantile",0.75,1117,"COVID-19"
"DE-BW","00+",2022-02-12,2022-02-01,"-11 day ahead inc hosp","quantile",0.9,1142,"COVID-19"
"DE-BW","00+",2022-02-12,2022-02-01,"-11 day ahead inc hosp","quantile",0.975,1173,"COVID-19"
"DE-BW","00+",2022-02-12,2022-01-31,"-12 day ahead inc hosp","mean",NA,1043,"COVID-19"
"DE-BW","00+",2022-02-12,2022-01-31,"-12 day ahead inc hosp","quantile",0.025,998,"COVID-19"
"DE-BW","00+",2022-02-12,2022-01-31,"-12 day ahead inc hosp","quantile",0.1,1010,"COVID-19"
"DE-BW","00+",2022-02-12,2022-01-31,"-12 day ahead inc hosp","quantile",0.25,1023,"COVID-19"
"DE-BW","00+",2022-02-12,2022-01-31,"-12 day ahead inc hosp","quantile",0.5,1040,"COVID-19"
"DE-BW","00+",2022-02-12,2022-01-31,"-12 day ahead inc hosp","quantile",0.75,1059,"COVID-19"
"DE-BW","00+",2022-02-12,2022-01-31,"-12 day ahead inc hosp","quantile",0.9,1079,"COVID-19"
"DE-BW","00+",2022-02-12,2022-01-31,"-12 day ahead inc hosp","quantile",0.975,1104,"COVID-19"
"DE-BW","00+",2022-02-12,2022-01-30,"-13 day ahead inc hosp","mean",NA,1029,"COVID-19"
"DE-BW","00+",2022-02-12,2022-01-30,"-13 day ahead inc hosp","quantile",0.025,988,"COVID-19"
"DE-BW","00+",2022-02-12,2022-01-30,"-13 day ahead inc hosp","quantile",0.1,999,"COVID-19"
"DE-BW","00+",2022-02-12,2022-01-30,"-13 day ahead inc hosp","quantile",0.25,1011,"COVID-19"
"DE-BW","00+",2022-02-12,2022-01-30,"-13 day ahead inc hosp","quantile",0.5,1027,"COVID-19"
"DE-BW","00+",2022-02-12,2022-01-30,"-13 day ahead inc hosp","quantile",0.75,1045,"COVID-19"
"DE-BW","00+",2022-02-12,2022-01-30,"-13 day ahead inc hosp","quantile",0.9,1064,"COVID-19"
"DE-BW","00+",2022-02-12,2022-01-30,"-13 day ahead inc hosp","quantile",0.975,1087,"COVID-19"
"DE-BW","00+",2022-02-12,2022-01-29,"-14 day ahead inc hosp","mean",NA,990,"COVID-19"
"DE-BW","00+",2022-02-12,2022-01-29,"-14 day ahead inc hosp","quantile",0.025,952,"COVID-19"
"DE-BW","00+",2022-02-12,2022-01-29,"-14 day ahead inc hosp","quantile",0.1,962,"COVID-19"
"DE-BW","00+",2022-02-12,2022-01-29,"-14 day ahead inc hosp","quantile",0.25,973,"COVID-19"
"DE-BW","00+",2022-02-12,2022-01-29,"-14 day ahead inc hosp","quantile",0.5,988,"COVID-19"
"DE-BW","00+",2022-02-12,2022-01-29,"-14 day ahead inc hosp","quantile",0.75,1005,"COVID-19"
"DE-BW","00+",2022-02-12,2022-01-29,"-14 day ahead inc hosp","quantile",0.9,1022,"COVID-19"
"DE-BW","00+",2022-02-12,2022-01-29,"-14 day ahead inc hosp","quantile",0.975,1045,"COVID-19"
"DE-BW","00+",2022-02-12,2022-01-28,"-15 day ahead inc hosp","mean",NA,968,"COVID-19"
"DE-BW","00+",2022-02-12,2022-01-28,"-15 day ahead inc hosp","quantile",0.025,934,"COVID-19"
"DE-BW","00+",2022-02-12,2022-01-28,"-15 day ahead inc hosp","quantile",0.1,943,"COVID-19"
"DE-BW","00+",2022-02-12,2022-01-28,"-15 day ahead inc hosp","quantile",0.25,952,"COVID-19"
"DE-BW","00+",2022-02-12,2022-01-28,"-15 day ahead inc hosp","quantile",0.5,965,"COVID-19"
"DE-BW","00+",2022-02-12,2022-01-28,"-15 day ahead inc hosp","quantile",0.75,980,"COVID-19"
"DE-BW","00+",2022-02-12,2022-01-28,"-15 day ahead inc hosp","quantile",0.9,996,"COVID-19"
"DE-BW","00+",2022-02-12,2022-01-28,"-15 day ahead inc hosp","quantile",0.975,1016,"COVID-19"
"DE-BW","00+",2022-02-12,2022-01-27,"-16 day ahead inc hosp","mean",NA,943,"COVID-19"
"DE-BW","00+",2022-02-12,2022-01-27,"-16 day ahead inc hosp","quantile",0.025,914,"COVID-19"
"DE-BW","00+",2022-02-12,2022-01-27,"-16 day ahead inc hosp","quantile",0.1,922,"COVID-19"
"DE-BW","00+",2022-02-12,2022-01-27,"-16 day ahead inc hosp","quantile",0.25,930,"COVID-19"
"DE-BW","00+",2022-02-12,2022-01-27,"-16 day ahead inc hosp","quantile",0.5,941,"COVID-19"
"DE-BW","00+",2022-02-12,2022-01-27,"-16 day ahead inc hosp","quantile",0.75,954,"COVID-19"
"DE-BW","00+",2022-02-12,2022-01-27,"-16 day ahead inc hosp","quantile",0.9,968,"COVID-19"
"DE-BW","00+",2022-02-12,2022-01-27,"-16 day ahead inc hosp","quantile",0.975,985,"COVID-19"
"DE-BW","00+",2022-02-12,2022-01-26,"-17 day ahead inc hosp","mean",NA,934,"COVID-19"
"DE-BW","00+",2022-02-12,2022-01-26,"-17 day ahead inc hosp","quantile",0.025,907,"COVID-19"
"DE-BW","00+",2022-02-12,2022-01-26,"-17 day ahead inc hosp","quantile",0.1,914,"COVID-19"
"DE-BW","00+",2022-02-12,2022-01-26,"-17 day ahead inc hosp","quantile",0.25,922,"COVID-19"
"DE-BW","00+",2022-02-12,2022-01-26,"-17 day ahead inc hosp","quantile",0.5,932,"COVID-19"
"DE-BW","00+",2022-02-12,2022-01-26,"-17 day ahead inc hosp","quantile",0.75,944,"COVID-19"
"DE-BW","00+",2022-02-12,2022-01-26,"-17 day ahead inc hosp","quantile",0.9,956,"COVID-19"
"DE-BW","00+",2022-02-12,2022-01-26,"-17 day ahead inc hosp","quantile",0.975,971,"COVID-19"
"DE-BW","00+",2022-02-12,2022-01-25,"-18 day ahead inc hosp","mean",NA,926,"COVID-19"
"DE-BW","00+",2022-02-12,2022-01-25,"-18 day ahead inc hosp","quantile",0.025,902,"COVID-19"
"DE-BW","00+",2022-02-12,2022-01-25,"-18 day ahead inc hosp","quantile",0.1,908,"COVID-19"
"DE-BW","00+",2022-02-12,2022-01-25,"-18 day ahead inc hosp","quantile",0.25,915,"COVID-19"
"DE-BW","00+",2022-02-12,2022-01-25,"-18 day ahead inc hosp","quantile",0.5,924,"COVID-19"
"DE-BW","00+",2022-02-12,2022-01-25,"-18 day ahead inc hosp","quantile",0.75,934,"COVID-19"
"DE-BW","00+",2022-02-12,2022-01-25,"-18 day ahead inc hosp","quantile",0.9,945,"COVID-19"
"DE-BW","00+",2022-02-12,2022-01-25,"-18 day ahead inc hosp","quantile",0.975,959,"COVID-19"
"DE-BW","00+",2022-02-12,2022-01-24,"-19 day ahead inc hosp","mean",NA,868,"COVID-19"
"DE-BW","00+",2022-02-12,2022-01-24,"-19 day ahead inc hosp","quantile",0.025,848,"COVID-19"
"DE-BW","00+",2022-02-12,2022-01-24,"-19 day ahead inc hosp","quantile",0.1,853,"COVID-19"
"DE-BW","00+",2022-02-12,2022-01-24,"-19 day ahead inc hosp","quantile",0.25,859,"COVID-19"
"DE-BW","00+",2022-02-12,2022-01-24,"-19 day ahead inc hosp","quantile",0.5,866,"COVID-19"
"DE-BW","00+",2022-02-12,2022-01-24,"-19 day ahead inc hosp","quantile",0.75,875,"COVID-19"
"DE-BW","00+",2022-02-12,2022-01-24,"-19 day ahead inc hosp","quantile",0.9,884,"COVID-19"
"DE-BW","00+",2022-02-12,2022-01-24,"-19 day ahead inc hosp","quantile",0.975,896,"COVID-19"
"DE-BW","00+",2022-02-12,2022-01-23,"-20 day ahead inc hosp","mean",NA,845,"COVID-19"
"DE-BW","00+",2022-02-12,2022-01-23,"-20 day ahead inc hosp","quantile",0.025,827,"COVID-19"
"DE-BW","00+",2022-02-12,2022-01-23,"-20 day ahead inc hosp","quantile",0.1,832,"COVID-19"
"DE-BW","00+",2022-02-12,2022-01-23,"-20 day ahead inc hosp","quantile",0.25,837,"COVID-19"
"DE-BW","00+",2022-02-12,2022-01-23,"-20 day ahead inc hosp","quantile",0.5,844,"COVID-19"
"DE-BW","00+",2022-02-12,2022-01-23,"-20 day ahead inc hosp","quantile",0.75,852,"COVID-19"
"DE-BW","00+",2022-02-12,2022-01-23,"-20 day ahead inc hosp","quantile",0.9,861,"COVID-19"
"DE-BW","00+",2022-02-12,2022-01-23,"-20 day ahead inc hosp","quantile",0.975,872,"COVID-19"
"DE-BW","00+",2022-02-12,2022-01-22,"-21 day ahead inc hosp","mean",NA,810,"COVID-19"
"DE-BW","00+",2022-02-12,2022-01-22,"-21 day ahead inc hosp","quantile",0.025,793,"COVID-19"
"DE-BW","00+",2022-02-12,2022-01-22,"-21 day ahead inc hosp","quantile",0.1,797,"COVID-19"
"DE-BW","00+",2022-02-12,2022-01-22,"-21 day ahead inc hosp","quantile",0.25,802,"COVID-19"
"DE-BW","00+",2022-02-12,2022-01-22,"-21 day ahead inc hosp","quantile",0.5,809,"COVID-19"
"DE-BW","00+",2022-02-12,2022-01-22,"-21 day ahead inc hosp","quantile",0.75,816,"COVID-19"
"DE-BW","00+",2022-02-12,2022-01-22,"-21 day ahead inc hosp","quantile",0.9,824,"COVID-19"
"DE-BW","00+",2022-02-12,2022-01-22,"-21 day ahead inc hosp","quantile",0.975,834,"COVID-19"
"DE-BW","00+",2022-02-12,2022-01-21,"-22 day ahead inc hosp","mean",NA,745,"COVID-19"
"DE-BW","00+",2022-02-12,2022-01-21,"-22 day ahead inc hosp","quantile",0.025,731,"COVID-19"
"DE-BW","00+",2022-02-12,2022-01-21,"-22 day ahead inc hosp","quantile",0.1,735,"COVID-19"
"DE-BW","00+",2022-02-12,2022-01-21,"-22 day ahead inc hosp","quantile",0.25,739,"COVID-19"
"DE-BW","00+",2022-02-12,2022-01-21,"-22 day ahead inc hosp","quantile",0.5,744,"COVID-19"
"DE-BW","00+",2022-02-12,2022-01-21,"-22 day ahead inc hosp","quantile",0.75,751,"COVID-19"
"DE-BW","00+",2022-02-12,2022-01-21,"-22 day ahead inc hosp","quantile",0.9,757,"COVID-19"
"DE-BW","00+",2022-02-12,2022-01-21,"-22 day ahead inc hosp","quantile",0.975,766,"COVID-19"
"DE-BW","00+",2022-02-12,2022-01-20,"-23 day ahead inc hosp","mean",NA,687,"COVID-19"
"DE-BW","00+",2022-02-12,2022-01-20,"-23 day ahead inc hosp","quantile",0.025,674,"COVID-19"
"DE-BW","00+",2022-02-12,2022-01-20,"-23 day ahead inc hosp","quantile",0.1,677,"COVID-19"
"DE-BW","00+",2022-02-12,2022-01-20,"-23 day ahead inc hosp","quantile",0.25,681,"COVID-19"
"DE-BW","00+",2022-02-12,2022-01-20,"-23 day ahead inc hosp","quantile",0.5,686,"COVID-19"
"DE-BW","00+",2022-02-12,2022-01-20,"-23 day ahead inc hosp","quantile",0.75,691,"COVID-19"
"DE-BW","00+",2022-02-12,2022-01-20,"-23 day ahead inc hosp","quantile",0.9,697,"COVID-19"
"DE-BW","00+",2022-02-12,2022-01-20,"-23 day ahead inc hosp","quantile",0.975,704,"COVID-19"
"DE-BW","00+",2022-02-12,2022-01-19,"-24 day ahead inc hosp","mean",NA,655,"COVID-19"
"DE-BW","00+",2022-02-12,2022-01-19,"-24 day ahead inc hosp","quantile",0.025,644,"COVID-19"
"DE-BW","00+",2022-02-12,2022-01-19,"-24 day ahead inc hosp","quantile",0.1,647,"COVID-19"
"DE-BW","00+",2022-02-12,2022-01-19,"-24 day ahead inc hosp","quantile",0.25,650,"COVID-19"
"DE-BW","00+",2022-02-12,2022-01-19,"-24 day ahead inc hosp","quantile",0.5,654,"COVID-19"
"DE-BW","00+",2022-02-12,2022-01-19,"-24 day ahead inc hosp","quantile",0.75,659,"COVID-19"
"DE-BW","00+",2022-02-12,2022-01-19,"-24 day ahead inc hosp","quantile",0.9,664,"COVID-19"
"DE-BW","00+",2022-02-12,2022-01-19,"-24 day ahead inc hosp","quantile",0.975,671,"COVID-19"
"DE-BW","00+",2022-02-12,2022-01-18,"-25 day ahead inc hosp","mean",NA,592,"COVID-19"
"DE-BW","00+",2022-02-12,2022-01-18,"-25 day ahead inc hosp","quantile",0.025,582,"COVID-19"
"DE-BW","00+",2022-02-12,2022-01-18,"-25 day ahead inc hosp","quantile",0.1,585,"COVID-19"
"DE-BW","00+",2022-02-12,2022-01-18,"-25 day ahead inc hosp","quantile",0.25,587,"COVID-19"
"DE-BW","00+",2022-02-12,2022-01-18,"-25 day ahead inc hosp","quantile",0.5,591,"COVID-19"
"DE-BW","00+",2022-02-12,2022-01-18,"-25 day ahead inc hosp","quantile",0.75,595,"COVID-19"
"DE-BW","00+",2022-02-12,2022-01-18,"-25 day ahead inc hosp","quantile",0.9,600,"COVID-19"
"DE-BW","00+",2022-02-12,2022-01-18,"-25 day ahead inc hosp","quantile",0.975,605,"COVID-19"
"DE-BW","00+",2022-02-12,2022-01-17,"-26 day ahead inc hosp","mean",NA,588,"COVID-19"
"DE-BW","00+",2022-02-12,2022-01-17,"-26 day ahead inc hosp","quantile",0.025,580,"COVID-19"
"DE-BW","00+",2022-02-12,2022-01-17,"-26 day ahead inc hosp","quantile",0.1,582,"COVID-19"
"DE-BW","00+",2022-02-12,2022-01-17,"-26 day ahead inc hosp","quantile",0.25,584,"COVID-19"
"DE-BW","00+",2022-02-12,2022-01-17,"-26 day ahead inc hosp","quantile",0.5,588,"COVID-19"
"DE-BW","00+",2022-02-12,2022-01-17,"-26 day ahead inc hosp","quantile",0.75,592,"COVID-19"
"DE-BW","00+",2022-02-12,2022-01-17,"-26 day ahead inc hosp","quantile",0.9,596,"COVID-19"
"DE-BW","00+",2022-02-12,2022-01-17,"-26 day ahead inc hosp","quantile",0.975,601,"COVID-19"
"DE-BW","00+",2022-02-12,2022-01-16,"-27 day ahead inc hosp","mean",NA,590,"COVID-19"
"DE-BW","00+",2022-02-12,2022-01-16,"-27 day ahead inc hosp","quantile",0.025,581,"COVID-19"
"DE-BW","00+",2022-02-12,2022-01-16,"-27 day ahead inc hosp","quantile",0.1,584,"COVID-19"
"DE-BW","00+",2022-02-12,2022-01-16,"-27 day ahead inc hosp","quantile",0.25,586,"COVID-19"
"DE-BW","00+",2022-02-12,2022-01-16,"-27 day ahead inc hosp","quantile",0.5,589,"COVID-19"
"DE-BW","00+",2022-02-12,2022-01-16,"-27 day ahead inc hosp","quantile",0.75,593,"COVID-19"
"DE-BW","00+",2022-02-12,2022-01-16,"-27 day ahead inc hosp","quantile",0.9,597,"COVID-19"
"DE-BW","00+",2022-02-12,2022-01-16,"-27 day ahead inc hosp","quantile",0.975,602,"COVID-19"
"DE-BW","00+",2022-02-12,2022-01-15,"-28 day ahead inc hosp","mean",NA,590,"COVID-19"
"DE-BW","00+",2022-02-12,2022-01-15,"-28 day ahead inc hosp","quantile",0.025,582,"COVID-19"
"DE-BW","00+",2022-02-12,2022-01-15,"-28 day ahead inc hosp","quantile",0.1,584,"COVID-19"
"DE-BW","00+",2022-02-12,2022-01-15,"-28 day ahead inc hosp","quantile",0.25,587,"COVID-19"
"DE-BW","00+",2022-02-12,2022-01-15,"-28 day ahead inc hosp","quantile",0.5,590,"COVID-19"
"DE-BW","00+",2022-02-12,2022-01-15,"-28 day ahead inc hosp","quantile",0.75,593,"COVID-19"
"DE-BW","00+",2022-02-12,2022-01-15,"-28 day ahead inc hosp","quantile",0.9,598,"COVID-19"
"DE-BW","00+",2022-02-12,2022-01-15,"-28 day ahead inc hosp","quantile",0.975,603,"COVID-19"
"DE-BY","00+",2022-02-12,2022-02-12,"0 day ahead inc hosp","mean",NA,1506,"COVID-19"
"DE-BY","00+",2022-02-12,2022-02-12,"0 day ahead inc hosp","quantile",0.025,1085,"COVID-19"
"DE-BY","00+",2022-02-12,2022-02-12,"0 day ahead inc hosp","quantile",0.1,1195,"COVID-19"
"DE-BY","00+",2022-02-12,2022-02-12,"0 day ahead inc hosp","quantile",0.25,1315,"COVID-19"
"DE-BY","00+",2022-02-12,2022-02-12,"0 day ahead inc hosp","quantile",0.5,1474,"COVID-19"
"DE-BY","00+",2022-02-12,2022-02-12,"0 day ahead inc hosp","quantile",0.75,1662,"COVID-19"
"DE-BY","00+",2022-02-12,2022-02-12,"0 day ahead inc hosp","quantile",0.9,1857,"COVID-19"
"DE-BY","00+",2022-02-12,2022-02-12,"0 day ahead inc hosp","quantile",0.975,2106,"COVID-19"
"DE-BY","00+",2022-02-12,2022-02-11,"-1 day ahead inc hosp","mean",NA,1579,"COVID-19"
"DE-BY","00+",2022-02-12,2022-02-11,"-1 day ahead inc hosp","quantile",0.025,1188,"COVID-19"
"DE-BY","00+",2022-02-12,2022-02-11,"-1 day ahead inc hosp","quantile",0.1,1289,"COVID-19"
"DE-BY","00+",2022-02-12,2022-02-11,"-1 day ahead inc hosp","quantile",0.25,1400,"COVID-19"
"DE-BY","00+",2022-02-12,2022-02-11,"-1 day ahead inc hosp","quantile",0.5,1548,"COVID-19"
"DE-BY","00+",2022-02-12,2022-02-11,"-1 day ahead inc hosp","quantile",0.75,1724,"COVID-19"
"DE-BY","00+",2022-02-12,2022-02-11,"-1 day ahead inc hosp","quantile",0.9,1908,"COVID-19"
"DE-BY","00+",2022-02-12,2022-02-11,"-1 day ahead inc hosp","quantile",0.975,2144,"COVID-19"
"DE-BY","00+",2022-02-12,2022-02-10,"-2 day ahead inc hosp","mean",NA,1607,"COVID-19"
"DE-BY","00+",2022-02-12,2022-02-10,"-2 day ahead inc hosp","quantile",0.025,1270,"COVID-19"
"DE-BY","00+",2022-02-12,2022-02-10,"-2 day ahead inc hosp","quantile",0.1,1357,"COVID-19"
"DE-BY","00+",2022-02-12,2022-02-10,"-2 day ahead inc hosp","quantile",0.25,1452,"COVID-19"
"DE-BY","00+",2022-02-12,2022-02-10,"-2 day ahead inc hosp","quantile",0.5,1580,"COVID-19"
"DE-BY","00+",2022-02-12,2022-02-10,"-2 day ahead inc hosp","quantile",0.75,1732,"COVID-19"
"DE-BY","00+",2022-02-12,2022-02-10,"-2 day ahead inc hosp","quantile",0.9,1891,"COVID-19"
"DE-BY","00+",2022-02-12,2022-02-10,"-2 day ahead inc hosp","quantile",0.975,2095,"COVID-19"
"DE-BY","00+",2022-02-12,2022-02-09,"-3 day ahead inc hosp","mean",NA,1618,"COVID-19"
"DE-BY","00+",2022-02-12,2022-02-09,"-3 day ahead inc hosp","quantile",0.025,1332,"COVID-19"
"DE-BY","00+",2022-02-12,2022-02-09,"-3 day ahead inc hosp","quantile",0.1,1406,"COVID-19"
"DE-BY","00+",2022-02-12,2022-02-09,"-3 day ahead inc hosp","quantile",0.25,1488,"COVID-19"
"DE-BY","00+",2022-02-12,2022-02-09,"-3 day ahead inc hosp","quantile",0.5,1596,"COVID-19"
"DE-BY","00+",2022-02-12,2022-02-09,"-3 day ahead inc hosp","quantile",0.75,1725,"COVID-19"
"DE-BY","00+",2022-02-12,2022-02-09,"-3 day ahead inc hosp","quantile",0.9,1859,"COVID-19"
"DE-BY","00+",2022-02-12,2022-02-09,"-3 day ahead inc hosp","quantile",0.975,2031,"COVID-19"
"DE-BY","00+",2022-02-12,2022-02-08,"-4 day ahead inc hosp","mean",NA,1577,"COVID-19"
"DE-BY","00+",2022-02-12,2022-02-08,"-4 day ahead inc hosp","quantile",0.025,1347,"COVID-19"
"DE-BY","00+",2022-02-12,2022-02-08,"-4 day ahead inc hosp","quantile",0.1,1407,"COVID-19"
"DE-BY","00+",2022-02-12,2022-02-08,"-4 day ahead inc hosp","quantile",0.25,1473,"COVID-19"
"DE-BY","00+",2022-02-12,2022-02-08,"-4 day ahead inc hosp","quantile",0.5,1560,"COVID-19"
"DE-BY","00+",2022-02-12,2022-02-08,"-4 day ahead inc hosp","quantile",0.75,1663,"COVID-19"
"DE-BY","00+",2022-02-12,2022-02-08,"-4 day ahead inc hosp","quantile",0.9,1770,"COVID-19"
"DE-BY","00+",2022-02-12,2022-02-08,"-4 day ahead inc hosp","quantile",0.975,1907,"COVID-19"
"DE-BY","00+",2022-02-12,2022-02-07,"-5 day ahead inc hosp","mean",NA,1525,"COVID-19"
"DE-BY","00+",2022-02-12,2022-02-07,"-5 day ahead inc hosp","quantile",0.025,1343,"COVID-19"
"DE-BY","00+",2022-02-12,2022-02-07,"-5 day ahead inc hosp","quantile",0.1,1391,"COVID-19"
"DE-BY","00+",2022-02-12,2022-02-07,"-5 day ahead inc hosp","quantile",0.25,1443,"COVID-19"
"DE-BY","00+",2022-02-12,2022-02-07,"-5 day ahead inc hosp","quantile",0.5,1512,"COVID-19"
"DE-BY","00+",2022-02-12,2022-02-07,"-5 day ahead inc hosp","quantile",0.75,1593,"COVID-19"
"DE-BY","00+",2022-02-12,2022-02-07,"-5 day ahead inc hosp","quantile",0.9,1678,"COVID-19"
"DE-BY","00+",2022-02-12,2022-02-07,"-5 day ahead inc hosp","quantile",0.975,1785,"COVID-19"
"DE-BY","00+",2022-02-12,2022-02-06,"-6 day ahead inc hosp","mean",NA,1505,"COVID-19"
"DE-BY","00+",2022-02-12,2022-02-06,"-6 day ahead inc hosp","quantile",0.025,1341,"COVID-19"
"DE-BY","00+",2022-02-12,2022-02-06,"-6 day ahead inc hosp","quantile",0.1,1384,"COVID-19"
"DE-BY","00+",2022-02-12,2022-02-06,"-6 day ahead inc hosp","quantile",0.25,1431,"COVID-19"
"DE-BY","00+",2022-02-12,2022-02-06,"-6 day ahead inc hosp","quantile",0.5,1493,"COVID-19"
"DE-BY","00+",2022-02-12,2022-02-06,"-6 day ahead inc hosp","quantile",0.75,1566,"COVID-19"
"DE-BY","00+",2022-02-12,2022-02-06,"-6 day ahead inc hosp","quantile",0.9,1642,"COVID-19"
"DE-BY","00+",2022-02-12,2022-02-06,"-6 day ahead inc hosp","quantile",0.975,1739,"COVID-19"
"DE-BY","00+",2022-02-12,2022-02-05,"-7 day ahead inc hosp","mean",NA,1496,"COVID-19"
"DE-BY","00+",2022-02-12,2022-02-05,"-7 day ahead inc hosp","quantile",0.025,1345,"COVID-19"
"DE-BY","00+",2022-02-12,2022-02-05,"-7 day ahead inc hosp","quantile",0.1,1384,"COVID-19"
"DE-BY","00+",2022-02-12,2022-02-05,"-7 day ahead inc hosp","quantile",0.25,1427,"COVID-19"
"DE-BY","00+",2022-02-12,2022-02-05,"-7 day ahead inc hosp","quantile",0.5,1484,"COVID-19"
"DE-BY","00+",2022-02-12,2022-02-05,"-7 day ahead inc hosp","quantile",0.75,1552,"COVID-19"
"DE-BY","00+",2022-02-12,2022-02-05,"-7 day ahead inc hosp","quantile",0.9,1623,"COVID-19"
"DE-BY","00+",2022-02-12,2022-02-05,"-7 day ahead inc hosp","quantile",0.975,1715,"COVID-19"
"DE-BY","00+",2022-02-12,2022-02-04,"-8 day ahead inc hosp","mean",NA,1480,"COVID-19"
"DE-BY","00+",2022-02-12,2022-02-04,"-8 day ahead inc hosp","quantile",0.025,1346,"COVID-19"
"DE-BY","00+",2022-02-12,2022-02-04,"-8 day ahead inc hosp","quantile",0.1,1380,"COVID-19"
"DE-BY","00+",2022-02-12,2022-02-04,"-8 day ahead inc hosp","quantile",0.25,1418,"COVID-19"
"DE-BY","00+",2022-02-12,2022-02-04,"-8 day ahead inc hosp","quantile",0.5,1469,"COVID-19"
"DE-BY","00+",2022-02-12,2022-02-04,"-8 day ahead inc hosp","quantile",0.75,1530,"COVID-19"
"DE-BY","00+",2022-02-12,2022-02-04,"-8 day ahead inc hosp","quantile",0.9,1596,"COVID-19"
"DE-BY","00+",2022-02-12,2022-02-04,"-8 day ahead inc hosp","quantile",0.975,1680,"COVID-19"
"DE-BY","00+",2022-02-12,2022-02-03,"-9 day ahead inc hosp","mean",NA,1418,"COVID-19"
"DE-BY","00+",2022-02-12,2022-02-03,"-9 day ahead inc hosp","quantile",0.025,1304,"COVID-19"
"DE-BY","00+",2022-02-12,2022-02-03,"-9 day ahead inc hosp","quantile",0.1,1332,"COVID-19"
"DE-BY","00+",2022-02-12,2022-02-03,"-9 day ahead inc hosp","quantile",0.25,1364,"COVID-19"
"DE-BY","00+",2022-02-12,2022-02-03,"-9 day ahead inc hosp","quantile",0.5,1408,"COVID-19"
"DE-BY","00+",2022-02-12,2022-02-03,"-9 day ahead inc hosp","quantile",0.75,1461,"COVID-19"
"DE-BY","00+",2022-02-12,2022-02-03,"-9 day ahead inc hosp","quantile",0.9,1517,"COVID-19"
"DE-BY","00+",2022-02-12,2022-02-03,"-9 day ahead inc hosp","quantile",0.975,1590,"COVID-19"
"DE-BY","00+",2022-02-12,2022-02-02,"-10 day ahead inc hosp","mean",NA,1415,"COVID-19"
"DE-BY","00+",2022-02-12,2022-02-02,"-10 day ahead inc hosp","quantile",0.025,1317,"COVID-19"
"DE-BY","00+",2022-02-12,2022-02-02,"-10 day ahead inc hosp","quantile",0.1,1340,"COVID-19"
"DE-BY","00+",2022-02-12,2022-02-02,"-10 day ahead inc hosp","quantile",0.25,1368,"COVID-19"
"DE-BY","00+",2022-02-12,2022-02-02,"-10 day ahead inc hosp","quantile",0.5,1405,"COVID-19"
"DE-BY","00+",2022-02-12,2022-02-02,"-10 day ahead inc hosp","quantile",0.75,1452,"COVID-19"
"DE-BY","00+",2022-02-12,2022-02-02,"-10 day ahead inc hosp","quantile",0.9,1502,"COVID-19"
"DE-BY","00+",2022-02-12,2022-02-02,"-10 day ahead inc hosp","quantile",0.975,1567,"COVID-19"
"DE-BY","00+",2022-02-12,2022-02-01,"-11 day ahead inc hosp","mean",NA,1407,"COVID-19"
"DE-BY","00+",2022-02-12,2022-02-01,"-11 day ahead inc hosp","quantile",0.025,1323,"COVID-19"
"DE-BY","00+",2022-02-12,2022-02-01,"-11 day ahead inc hosp","quantile",0.1,1343,"COVID-19"
"DE-BY","00+",2022-02-12,2022-02-01,"-11 day ahead inc hosp","quantile",0.25,1365,"COVID-19"
"DE-BY","00+",2022-02-12,2022-02-01,"-11 day ahead inc hosp","quantile",0.5,1398,"COVID-19"
"DE-BY","00+",2022-02-12,2022-02-01,"-11 day ahead inc hosp","quantile",0.75,1438,"COVID-19"
"DE-BY","00+",2022-02-12,2022-02-01,"-11 day ahead inc hosp","quantile",0.9,1482,"COVID-19"
"DE-BY","00+",2022-02-12,2022-02-01,"-11 day ahead inc hosp","quantile",0.975,1539,"COVID-19"
"DE-BY","00+",2022-02-12,2022-01-31,"-12 day ahead inc hosp","mean",NA,1361,"COVID-19"
"DE-BY","00+",2022-02-12,2022-01-31,"-12 day ahead inc hosp","quantile",0.025,1291,"COVID-19"
"DE-BY","00+",2022-02-12,2022-01-31,"-12 day ahead inc hosp","quantile",0.1,1307,"COVID-19"
"DE-BY","00+",2022-02-12,2022-01-31,"-12 day ahead inc hosp","quantile",0.25,1326,"COVID-19"
"DE-BY","00+",2022-02-12,2022-01-31,"-12 day ahead inc hosp","quantile",0.5,1353,"COVID-19"
"DE-BY","00+",2022-02-12,2022-01-31,"-12 day ahead inc hosp","quantile",0.75,1387,"COVID-19"
"DE-BY","00+",2022-02-12,2022-01-31,"-12 day ahead inc hosp","quantile",0.9,1424,"COVID-19"
"DE-BY","00+",2022-02-12,2022-01-31,"-12 day ahead inc hosp","quantile",0.975,1473,"COVID-19"
"DE-BY","00+",2022-02-12,2022-01-30,"-13 day ahead inc hosp","mean",NA,1354,"COVID-19"
"DE-BY","00+",2022-02-12,2022-01-30,"-13 day ahead inc hosp","quantile",0.025,1289,"COVID-19"
"DE-BY","00+",2022-02-12,2022-01-30,"-13 day ahead inc hosp","quantile",0.1,1304,"COVID-19"
"DE-BY","00+",2022-02-12,2022-01-30,"-13 day ahead inc hosp","quantile",0.25,1321,"COVID-19"
"DE-BY","00+",2022-02-12,2022-01-30,"-13 day ahead inc hosp","quantile",0.5,1346,"COVID-19"
"DE-BY","00+",2022-02-12,2022-01-30,"-13 day ahead inc hosp","quantile",0.75,1379,"COVID-19"
"DE-BY","00+",2022-02-12,2022-01-30,"-13 day ahead inc hosp","quantile",0.9,1414,"COVID-19"
"DE-BY","00+",2022-02-12,2022-01-30,"-13 day ahead inc hosp","quantile",0.975,1462,"COVID-19"
"DE-BY","00+",2022-02-12,2022-01-29,"-14 day ahead inc hosp","mean",NA,1323,"COVID-19"
"DE-BY","00+",2022-02-12,2022-01-29,"-14 day ahead inc hosp","quantile",0.025,1264,"COVID-19"
"DE-BY","00+",2022-02-12,2022-01-29,"-14 day ahead inc hosp","quantile",0.1,1277,"COVID-19"
"DE-BY","00+",2022-02-12,2022-01-29,"-14 day ahead inc hosp","quantile",0.25,1292,"COVID-19"
"DE-BY","00+",2022-02-12,2022-01-29,"-14 day ahead inc hosp","quantile",0.5,1315,"COVID-19"
"DE-BY","00+",2022-02-12,2022-01-29,"-14 day ahead inc hosp","quantile",0.75,1345,"COVID-19"
"DE-BY","00+",2022-02-12,2022-01-29,"-14 day ahead inc hosp","quantile",0.9,1378,"COVID-19"
"DE-BY","00+",2022-02-12,2022-01-29,"-14 day ahead inc hosp","quantile",0.975,1422,"COVID-19"
"DE-BY","00+",2022-02-12,2022-01-28,"-15 day ahead inc hosp","mean",NA,1278,"COVID-19"
"DE-BY","00+",2022-02-12,2022-01-28,"-15 day ahead inc hosp","quantile",0.025,1227,"COVID-19"
"DE-BY","00+",2022-02-12,2022-01-28,"-15 day ahead inc hosp","quantile",0.1,1238,"COVID-19"
"DE-BY","00+",2022-02-12,2022-01-28,"-15 day ahead inc hosp","quantile",0.25,1251,"COVID-19"
"DE-BY","00+",2022-02-12,2022-01-28,"-15 day ahead inc hosp","quantile",0.5,1272,"COVID-19"
"DE-BY","00+",2022-02-12,2022-01-28,"-15 day ahead inc hosp","quantile",0.75,1298,"COVID-19"
"DE-BY","00+",2022-02-12,2022-01-28,"-15 day ahead inc hosp","quantile",0.9,1327,"COVID-19"
"DE-BY","00+",2022-02-12,2022-01-28,"-15 day ahead inc hosp","quantile",0.975,1366,"COVID-19"
"DE-BY","00+",2022-02-12,2022-01-27,"-16 day ahead inc hosp","mean",NA,1229,"COVID-19"
"DE-BY","00+",2022-02-12,2022-01-27,"-16 day ahead inc hosp","quantile",0.025,1184,"COVID-19"
"DE-BY","00+",2022-02-12,2022-01-27,"-16 day ahead inc hosp","quantile",0.1,1194,"COVID-19"
"DE-BY","00+",2022-02-12,2022-01-27,"-16 day ahead inc hosp","quantile",0.25,1205,"COVID-19"
"DE-BY","00+",2022-02-12,2022-01-27,"-16 day ahead inc hosp","quantile",0.5,1223,"COVID-19"
"DE-BY","00+",2022-02-12,2022-01-27,"-16 day ahead inc hosp","quantile",0.75,1246,"COVID-19"
"DE-BY","00+",2022-02-12,2022-01-27,"-16 day ahead inc hosp","quantile",0.9,1272,"COVID-19"
"DE-BY","00+",2022-02-12,2022-01-27,"-16 day ahead inc hosp","quantile",0.975,1306,"COVID-19"
"DE-BY","00+",2022-02-12,2022-01-26,"-17 day ahead inc hosp","mean",NA,1162,"COVID-19"
"DE-BY","00+",2022-02-12,2022-01-26,"-17 day ahead inc hosp","quantile",0.025,1126,"COVID-19"
"DE-BY","00+",2022-02-12,2022-01-26,"-17 day ahead inc hosp","quantile",0.1,1133,"COVID-19"
"DE-BY","00+",2022-02-12,2022-01-26,"-17 day ahead inc hosp","quantile",0.25,1143,"COVID-19"
"DE-BY","00+",2022-02-12,2022-01-26,"-17 day ahead inc hosp","quantile",0.5,1157,"COVID-19"
"DE-BY","00+",2022-02-12,2022-01-26,"-17 day ahead inc hosp","quantile",0.75,1177,"COVID-19"
"DE-BY","00+",2022-02-12,2022-01-26,"-17 day ahead inc hosp","quantile",0.9,1198,"COVID-19"
"DE-BY","00+",2022-02-12,2022-01-26,"-17 day ahead inc hosp","quantile",0.975,1228,"COVID-19"
"DE-BY","00+",2022-02-12,2022-01-25,"-18 day ahead inc hosp","mean",NA,1080,"COVID-19"
"DE-BY","00+",2022-02-12,2022-01-25,"-18 day ahead inc hosp","quantile",0.025,1051,"COVID-19"
"DE-BY","00+",2022-02-12,2022-01-25,"-18 day ahead inc hosp","quantile",0.1,1057,"COVID-19"
"DE-BY","00+",2022-02-12,2022-01-25,"-18 day ahead inc hosp","quantile",0.25,1064,"COVID-19"
"DE-BY","00+",2022-02-12,2022-01-25,"-18 day ahead inc hosp","quantile",0.5,1076,"COVID-19"
"DE-BY","00+",2022-02-12,2022-01-25,"-18 day ahead inc hosp","quantile",0.75,1092,"COVID-19"
"DE-BY","00+",2022-02-12,2022-01-25,"-18 day ahead inc hosp","quantile",0.9,1110,"COVID-19"
"DE-BY","00+",2022-02-12,2022-01-25,"-18 day ahead inc hosp","quantile",0.975,1134,"COVID-19"
"DE-BY","00+",2022-02-12,2022-01-24,"-19 day ahead inc hosp","mean",NA,1016,"COVID-19"
"DE-BY","00+",2022-02-12,2022-01-24,"-19 day ahead inc hosp","quantile",0.025,991,"COVID-19"
"DE-BY","00+",2022-02-12,2022-01-24,"-19 day ahead inc hosp","quantile",0.1,996,"COVID-19"
"DE-BY","00+",2022-02-12,2022-01-24,"-19 day ahead inc hosp","quantile",0.25,1003,"COVID-19"
"DE-BY","00+",2022-02-12,2022-01-24,"-19 day ahead inc hosp","quantile",0.5,1012,"COVID-19"
"DE-BY","00+",2022-02-12,2022-01-24,"-19 day ahead inc hosp","quantile",0.75,1026,"COVID-19"
"DE-BY","00+",2022-02-12,2022-01-24,"-19 day ahead inc hosp","quantile",0.9,1040,"COVID-19"
"DE-BY","00+",2022-02-12,2022-01-24,"-19 day ahead inc hosp","quantile",0.975,1061,"COVID-19"
"DE-BY","00+",2022-02-12,2022-01-23,"-20 day ahead inc hosp","mean",NA,963,"COVID-19"
"DE-BY","00+",2022-02-12,2022-01-23,"-20 day ahead inc hosp","quantile",0.025,941,"COVID-19"
"DE-BY","00+",2022-02-12,2022-01-23,"-20 day ahead inc hosp","quantile",0.1,946,"COVID-19"
"DE-BY","00+",2022-02-12,2022-01-23,"-20 day ahead inc hosp","quantile",0.25,951,"COVID-19"
"DE-BY","00+",2022-02-12,2022-01-23,"-20 day ahead inc hosp","quantile",0.5,960,"COVID-19"
"DE-BY","00+",2022-02-12,2022-01-23,"-20 day ahead inc hosp","quantile",0.75,972,"COVID-19"
"DE-BY","00+",2022-02-12,2022-01-23,"-20 day ahead inc hosp","quantile",0.9,986,"COVID-19"
"DE-BY","00+",2022-02-12,2022-01-23,"-20 day ahead inc hosp","quantile",0.975,1004,"COVID-19"
"DE-BY","00+",2022-02-12,2022-01-22,"-21 day ahead inc hosp","mean",NA,928,"COVID-19"
"DE-BY","00+",2022-02-12,2022-01-22,"-21 day ahead inc hosp","quantile",0.025,908,"COVID-19"
"DE-BY","00+",2022-02-12,2022-01-22,"-21 day ahead inc hosp","quantile",0.1,912,"COVID-19"
"DE-BY","00+",2022-02-12,2022-01-22,"-21 day ahead inc hosp","quantile",0.25,917,"COVID-19"
"DE-BY","00+",2022-02-12,2022-01-22,"-21 day ahead inc hosp","quantile",0.5,924,"COVID-19"
"DE-BY","00+",2022-02-12,2022-01-22,"-21 day ahead inc hosp","quantile",0.75,935,"COVID-19"
"DE-BY","00+",2022-02-12,2022-01-22,"-21 day ahead inc hosp","quantile",0.9,947,"COVID-19"
"DE-BY","00+",2022-02-12,2022-01-22,"-21 day ahead inc hosp","quantile",0.975,964,"COVID-19"
"DE-BY","00+",2022-02-12,2022-01-21,"-22 day ahead inc hosp","mean",NA,860,"COVID-19"
"DE-BY","00+",2022-02-12,2022-01-21,"-22 day ahead inc hosp","quantile",0.025,843,"COVID-19"
"DE-BY","00+",2022-02-12,2022-01-21,"-22 day ahead inc hosp","quantile",0.1,846,"COVID-19"
"DE-BY","00+",2022-02-12,2022-01-21,"-22 day ahead inc hosp","quantile",0.25,850,"COVID-19"
"DE-BY","00+",2022-02-12,2022-01-21,"-22 day ahead inc hosp","quantile",0.5,857,"COVID-19"
"DE-BY","00+",2022-02-12,2022-01-21,"-22 day ahead inc hosp","quantile",0.75,866,"COVID-19"
"DE-BY","00+",2022-02-12,2022-01-21,"-22 day ahead inc hosp","quantile",0.9,877,"COVID-19"
"DE-BY","00+",2022-02-12,2022-01-21,"-22 day ahead inc hosp","quantile",0.975,892,"COVID-19"
"DE-BY","00+",2022-02-12,2022-01-20,"-23 day ahead inc hosp","mean",NA,816,"COVID-19"
"DE-BY","00+",2022-02-12,2022-01-20,"-23 day ahead inc hosp","quantile",0.025,801,"COVID-19"
"DE-BY","00+",2022-02-12,2022-01-20,"-23 day ahead inc hosp","quantile",0.1,804,"COVID-19"
"DE-BY","00+",2022-02-12,2022-01-20,"-23 day ahead inc hosp","quantile",0.25,808,"COVID-19"
"DE-BY","00+",2022-02-12,2022-01-20,"-23 day ahead inc hosp","quantile",0.5,813,"COVID-19"
"DE-BY","00+",2022-02-12,2022-01-20,"-23 day ahead inc hosp","quantile",0.75,821,"COVID-19"
"DE-BY","00+",2022-02-12,2022-01-20,"-23 day ahead inc hosp","quantile",0.9,831,"COVID-19"
"DE-BY","00+",2022-02-12,2022-01-20,"-23 day ahead inc hosp","quantile",0.975,843,"COVID-19"
"DE-BY","00+",2022-02-12,2022-01-19,"-24 day ahead inc hosp","mean",NA,739,"COVID-19"
"DE-BY","00+",2022-02-12,2022-01-19,"-24 day ahead inc hosp","quantile",0.025,728,"COVID-19"
"DE-BY","00+",2022-02-12,2022-01-19,"-24 day ahead inc hosp","quantile",0.1,730,"COVID-19"
"DE-BY","00+",2022-02-12,2022-01-19,"-24 day ahead inc hosp","quantile",0.25,733,"COVID-19"
"DE-BY","00+",2022-02-12,2022-01-19,"-24 day ahead inc hosp","quantile",0.5,737,"COVID-19"
"DE-BY","00+",2022-02-12,2022-01-19,"-24 day ahead inc hosp","quantile",0.75,744,"COVID-19"
"DE-BY","00+",2022-02-12,2022-01-19,"-24 day ahead inc hosp","quantile",0.9,751,"COVID-19"
"DE-BY","00+",2022-02-12,2022-01-19,"-24 day ahead inc hosp","quantile",0.975,761,"COVID-19"
"DE-BY","00+",2022-02-12,2022-01-18,"-25 day ahead inc hosp","mean",NA,702,"COVID-19"
"DE-BY","00+",2022-02-12,2022-01-18,"-25 day ahead inc hosp","quantile",0.025,693,"COVID-19"
"DE-BY","00+",2022-02-12,2022-01-18,"-25 day ahead inc hosp","quantile",0.1,694,"COVID-19"
"DE-BY","00+",2022-02-12,2022-01-18,"-25 day ahead inc hosp","quantile",0.25,697,"COVID-19"
"DE-BY","00+",2022-02-12,2022-01-18,"-25 day ahead inc hosp","quantile",0.5,700,"COVID-19"
"DE-BY","00+",2022-02-12,2022-01-18,"-25 day ahead inc hosp","quantile",0.75,705,"COVID-19"
"DE-BY","00+",2022-02-12,2022-01-18,"-25 day ahead inc hosp","quantile",0.9,711,"COVID-19"
"DE-BY","00+",2022-02-12,2022-01-18,"-25 day ahead inc hosp","quantile",0.975,720,"COVID-19"
"DE-BY","00+",2022-02-12,2022-01-17,"-26 day ahead inc hosp","mean",NA,668,"COVID-19"
"DE-BY","00+",2022-02-12,2022-01-17,"-26 day ahead inc hosp","quantile",0.025,660,"COVID-19"
"DE-BY","00+",2022-02-12,2022-01-17,"-26 day ahead inc hosp","quantile",0.1,662,"COVID-19"
"DE-BY","00+",2022-02-12,2022-01-17,"-26 day ahead inc hosp","quantile",0.25,664,"COVID-19"
"DE-BY","00+",2022-02-12,2022-01-17,"-26 day ahead inc hosp","quantile",0.5,667,"COVID-19"
"DE-BY","00+",2022-02-12,2022-01-17,"-26 day ahead inc hosp","quantile",0.75,671,"COVID-19"
"DE-BY","00+",2022-02-12,2022-01-17,"-26 day ahead inc hosp","quantile",0.9,676,"COVID-19"
"DE-BY","00+",2022-02-12,2022-01-17,"-26 day ahead inc hosp","quantile",0.975,683,"COVID-19"
"DE-BY","00+",2022-02-12,2022-01-16,"-27 day ahead inc hosp","mean",NA,664,"COVID-19"
"DE-BY","00+",2022-02-12,2022-01-16,"-27 day ahead inc hosp","quantile",0.025,656,"COVID-19"
"DE-BY","00+",2022-02-12,2022-01-16,"-27 day ahead inc hosp","quantile",0.1,657,"COVID-19"
"DE-BY","00+",2022-02-12,2022-01-16,"-27 day ahead inc hosp","quantile",0.25,659,"COVID-19"
"DE-BY","00+",2022-02-12,2022-01-16,"-27 day ahead inc hosp","quantile",0.5,662,"COVID-19"
"DE-BY","00+",2022-02-12,2022-01-16,"-27 day ahead inc hosp","quantile",0.75,666,"COVID-19"
"DE-BY","00+",2022-02-12,2022-01-16,"-27 day ahead inc hosp","quantile",0.9,671,"COVID-19"
"DE-BY","00+",2022-02-12,2022-01-16,"-27 day ahead inc hosp","quantile",0.975,678,"COVID-19"
"DE-BY","00+",2022-02-12,2022-01-15,"-28 day ahead inc hosp","mean",NA,654,"COVID-19"
"DE-BY","00+",2022-02-12,2022-01-15,"-28 day ahead inc hosp","quantile",0.025,647,"COVID-19"
"DE-BY","00+",2022-02-12,2022-01-15,"-28 day ahead inc hosp","quantile",0.1,648,"COVID-19"
"DE-BY","00+",2022-02-12,2022-01-15,"-28 day ahead inc hosp","quantile",0.25,650,"COVID-19"
"DE-BY","00+",2022-02-12,2022-01-15,"-28 day ahead inc hosp","quantile",0.5,653,"COVID-19"
"DE-BY","00+",2022-02-12,2022-01-15,"-28 day ahead inc hosp","quantile",0.75,656,"COVID-19"
"DE-BY","00+",2022-02-12,2022-01-15,"-28 day ahead inc hosp","quantile",0.9,661,"COVID-19"
"DE-BY","00+",2022-02-12,2022-01-15,"-28 day ahead inc hosp","quantile",0.975,667,"COVID-19"
"DE-HB","00+",2022-02-12,2022-02-12,"0 day ahead inc hosp","mean",NA,39,"COVID-19"
"DE-HB","00+",2022-02-12,2022-02-12,"0 day ahead inc hosp","quantile",0.025,31,"COVID-19"
"DE-HB","00+",2022-02-12,2022-02-12,"0 day ahead inc hosp","quantile",0.1,32,"COVID-19"
"DE-HB","00+",2022-02-12,2022-02-12,"0 day ahead inc hosp","quantile",0.25,34,"COVID-19"
"DE-HB","00+",2022-02-12,2022-02-12,"0 day ahead inc hosp","quantile",0.5,38,"COVID-19"
"DE-HB","00+",2022-02-12,2022-02-12,"0 day ahead inc hosp","quantile",0.75,42,"COVID-19"
"DE-HB","00+",2022-02-12,2022-02-12,"0 day ahead inc hosp","quantile",0.9,47,"COVID-19"
"DE-HB","00+",2022-02-12,2022-02-12,"0 day ahead inc hosp","quantile",0.975,54,"COVID-19"
"DE-HB","00+",2022-02-12,2022-02-11,"-1 day ahead inc hosp","mean",NA,35,"COVID-19"
"DE-HB","00+",2022-02-12,2022-02-11,"-1 day ahead inc hosp","quantile",0.025,28,"COVID-19"
"DE-HB","00+",2022-02-12,2022-02-11,"-1 day ahead inc hosp","quantile",0.1,30,"COVID-19"
"DE-HB","00+",2022-02-12,2022-02-11,"-1 day ahead inc hosp","quantile",0.25,32,"COVID-19"
"DE-HB","00+",2022-02-12,2022-02-11,"-1 day ahead inc hosp","quantile",0.5,34,"COVID-19"
"DE-HB","00+",2022-02-12,2022-02-11,"-1 day ahead inc hosp","quantile",0.75,38,"COVID-19"
"DE-HB","00+",2022-02-12,2022-02-11,"-1 day ahead inc hosp","quantile",0.9,42,"COVID-19"
"DE-HB","00+",2022-02-12,2022-02-11,"-1 day ahead inc hosp","quantile",0.975,47,"COVID-19"
"DE-HB","00+",2022-02-12,2022-02-10,"-2 day ahead inc hosp","mean",NA,37,"COVID-19"
"DE-HB","00+",2022-02-12,2022-02-10,"-2 day ahead inc hosp","quantile",0.025,31,"COVID-19"
"DE-HB","00+",2022-02-12,2022-02-10,"-2 day ahead inc hosp","quantile",0.1,32,"COVID-19"
"DE-HB","00+",2022-02-12,2022-02-10,"-2 day ahead inc hosp","quantile",0.25,34,"COVID-19"
"DE-HB","00+",2022-02-12,2022-02-10,"-2 day ahead inc hosp","quantile",0.5,36,"COVID-19"
"DE-HB","00+",2022-02-12,2022-02-10,"-2 day ahead inc hosp","quantile",0.75,39,"COVID-19"
"DE-HB","00+",2022-02-12,2022-02-10,"-2 day ahead inc hosp","quantile",0.9,43,"COVID-19"
"DE-HB","00+",2022-02-12,2022-02-10,"-2 day ahead inc hosp","quantile",0.975,47,"COVID-19"
"DE-HB","00+",2022-02-12,2022-02-09,"-3 day ahead inc hosp","mean",NA,42,"COVID-19"
"DE-HB","00+",2022-02-12,2022-02-09,"-3 day ahead inc hosp","quantile",0.025,36,"COVID-19"
"DE-HB","00+",2022-02-12,2022-02-09,"-3 day ahead inc hosp","quantile",0.1,37,"COVID-19"
"DE-HB","00+",2022-02-12,2022-02-09,"-3 day ahead inc hosp","quantile",0.25,39,"COVID-19"
"DE-HB","00+",2022-02-12,2022-02-09,"-3 day ahead inc hosp","quantile",0.5,41,"COVID-19"
"DE-HB","00+",2022-02-12,2022-02-09,"-3 day ahead inc hosp","quantile",0.75,44,"COVID-19"
"DE-HB","00+",2022-02-12,2022-02-09,"-3 day ahead inc hosp","quantile",0.9,47,"COVID-19"
"DE-HB","00+",2022-02-12,2022-02-09,"-3 day ahead inc hosp","quantile",0.975,51,"COVID-19"
"DE-HB","00+",2022-02-12,2022-02-08,"-4 day ahead inc hosp","mean",NA,40,"COVID-19"
"DE-HB","00+",2022-02-12,2022-02-08,"-4 day ahead inc hosp","quantile",0.025,35,"COVID-19"
"DE-HB","00+",2022-02-12,2022-02-08,"-4 day ahead inc hosp","quantile",0.1,36,"COVID-19"
"DE-HB","00+",2022-02-12,2022-02-08,"-4 day ahead inc hosp","quantile",0.25,38,"COVID-19"
"DE-HB","00+",2022-02-12,2022-02-08,"-4 day ahead inc hosp","quantile",0.5,40,"COVID-19"
"DE-HB","00+",2022-02-12,2022-02-08,"-4 day ahead inc hosp","quantile",0.75,42,"COVID-19"
"DE-HB","00+",2022-02-12,2022-02-08,"-4 day ahead inc hosp","quantile",0.9,45,"COVID-19"
"DE-HB","00+",2022-02-12,2022-02-08,"-4 day ahead inc hosp","quantile",0.975,48,"COVID-19"
"DE-HB","00+",2022-02-12,2022-02-07,"-5 day ahead inc hosp","mean",NA,30,"COVID-19"
"DE-HB","00+",2022-02-12,2022-02-07,"-5 day ahead inc hosp","quantile",0.025,27,"COVID-19"
"DE-HB","00+",2022-02-12,2022-02-07,"-5 day ahead inc hosp","quantile",0.1,28,"COVID-19"
"DE-HB","00+",2022-02-12,2022-02-07,"-5 day ahead inc hosp","quantile",0.25,29,"COVID-19"
"DE-HB","00+",2022-02-12,2022-02-07,"-5 day ahead inc hosp","quantile",0.5,30,"COVID-19"
"DE-HB","00+",2022-02-12,2022-02-07,"-5 day ahead inc hosp","quantile",0.75,32,"COVID-19"
"DE-HB","00+",2022-02-12,2022-02-07,"-5 day ahead inc hosp","quantile",0.9,33,"COVID-19"
"DE-HB","00+",2022-02-12,2022-02-07,"-5 day ahead inc hosp","quantile",0.975,35,"COVID-19"
"DE-HB","00+",2022-02-12,2022-02-06,"-6 day ahead inc hosp","mean",NA,31,"COVID-19"
"DE-HB","00+",2022-02-12,2022-02-06,"-6 day ahead inc hosp","quantile",0.025,28,"COVID-19"
"DE-HB","00+",2022-02-12,2022-02-06,"-6 day ahead inc hosp","quantile",0.1,29,"COVID-19"
"DE-HB","00+",2022-02-12,2022-02-06,"-6 day ahead inc hosp","quantile",0.25,30,"COVID-19"
"DE-HB","00+",2022-02-12,2022-02-06,"-6 day ahead inc hosp","quantile",0.5,31,"COVID-19"
"DE-HB","00+",2022-02-12,2022-02-06,"-6 day ahead inc hosp","quantile",0.75,33,"COVID-19"
"DE-HB","00+",2022-02-12,2022-02-06,"-6 day ahead inc hosp","quantile",0.9,34,"COVID-19"
"DE-HB","00+",2022-02-12,2022-02-06,"-6 day ahead inc hosp","quantile",0.975,37,"COVID-19"
"DE-HB","00+",2022-02-12,2022-02-05,"-7 day ahead inc hosp","mean",NA,31,"COVID-19"
"DE-HB","00+",2022-02-12,2022-02-05,"-7 day ahead inc hosp","quantile",0.025,28,"COVID-19"
"DE-HB","00+",2022-02-12,2022-02-05,"-7 day ahead inc hosp","quantile",0.1,29,"COVID-19"
"DE-HB","00+",2022-02-12,2022-02-05,"-7 day ahead inc hosp","quantile",0.25,29,"COVID-19"
"DE-HB","00+",2022-02-12,2022-02-05,"-7 day ahead inc hosp","quantile",0.5,31,"COVID-19"
"DE-HB","00+",2022-02-12,2022-02-05,"-7 day ahead inc hosp","quantile",0.75,32,"COVID-19"
"DE-HB","00+",2022-02-12,2022-02-05,"-7 day ahead inc hosp","quantile",0.9,34,"COVID-19"
"DE-HB","00+",2022-02-12,2022-02-05,"-7 day ahead inc hosp","quantile",0.975,36,"COVID-19"
"DE-HB","00+",2022-02-12,2022-02-04,"-8 day ahead inc hosp","mean",NA,37,"COVID-19"
"DE-HB","00+",2022-02-12,2022-02-04,"-8 day ahead inc hosp","quantile",0.025,34,"COVID-19"
"DE-HB","00+",2022-02-12,2022-02-04,"-8 day ahead inc hosp","quantile",0.1,35,"COVID-19"
"DE-HB","00+",2022-02-12,2022-02-04,"-8 day ahead inc hosp","quantile",0.25,36,"COVID-19"
"DE-HB","00+",2022-02-12,2022-02-04,"-8 day ahead inc hosp","quantile",0.5,37,"COVID-19"
"DE-HB","00+",2022-02-12,2022-02-04,"-8 day ahead inc hosp","quantile",0.75,39,"COVID-19"
"DE-HB","00+",2022-02-12,2022-02-04,"-8 day ahead inc hosp","quantile",0.9,41,"COVID-19"
"DE-HB","00+",2022-02-12,2022-02-04,"-8 day ahead inc hosp","quantile",0.975,43,"COVID-19"
"DE-HB","00+",2022-02-12,2022-02-03,"-9 day ahead inc hosp","mean",NA,37,"COVID-19"
"DE-HB","00+",2022-02-12,2022-02-03,"-9 day ahead inc hosp","quantile",0.025,34,"COVID-19"
"DE-HB","00+",2022-02-12,2022-02-03,"-9 day ahead inc hosp","quantile",0.1,34,"COVID-19"
"DE-HB","00+",2022-02-12,2022-02-03,"-9 day ahead inc hosp","quantile",0.25,35,"COVID-19"
"DE-HB","00+",2022-02-12,2022-02-03,"-9 day ahead inc hosp","quantile",0.5,37,"COVID-19"
"DE-HB","00+",2022-02-12,2022-02-03,"-9 day ahead inc hosp","quantile",0.75,38,"COVID-19"
"DE-HB","00+",2022-02-12,2022-02-03,"-9 day ahead inc hosp","quantile",0.9,40,"COVID-19"
"DE-HB","00+",2022-02-12,2022-02-03,"-9 day ahead inc hosp","quantile",0.975,43,"COVID-19"
"DE-HB","00+",2022-02-12,2022-02-02,"-10 day ahead inc hosp","mean",NA,38,"COVID-19"
"DE-HB","00+",2022-02-12,2022-02-02,"-10 day ahead inc hosp","quantile",0.025,35,"COVID-19"
"DE-HB","00+",2022-02-12,2022-02-02,"-10 day ahead inc hosp","quantile",0.1,35,"COVID-19"
"DE-HB","00+",2022-02-12,2022-02-02,"-10 day ahead inc hosp","quantile",0.25,36,"COVID-19"
"DE-HB","00+",2022-02-12,2022-02-02,"-10 day ahead inc hosp","quantile",0.5,37,"COVID-19"
"DE-HB","00+",2022-02-12,2022-02-02,"-10 day ahead inc hosp","quantile",0.75,39,"COVID-19"
"DE-HB","00+",2022-02-12,2022-02-02,"-10 day ahead inc hosp","quantile",0.9,41,"COVID-19"
"DE-HB","00+",2022-02-12,2022-02-02,"-10 day ahead inc hosp","quantile",0.975,43,"COVID-19"
"DE-HB","00+",2022-02-12,2022-02-01,"-11 day ahead inc hosp","mean",NA,45,"COVID-19"
"DE-HB","00+",2022-02-12,2022-02-01,"-11 day ahead inc hosp","quantile",0.025,42,"COVID-19"
"DE-HB","00+",2022-02-12,2022-02-01,"-11 day ahead inc hosp","quantile",0.1,42,"COVID-19"
"DE-HB","00+",2022-02-12,2022-02-01,"-11 day ahead inc hosp","quantile",0.25,43,"COVID-19"
"DE-HB","00+",2022-02-12,2022-02-01,"-11 day ahead inc hosp","quantile",0.5,44,"COVID-19"
"DE-HB","00+",2022-02-12,2022-02-01,"-11 day ahead inc hosp","quantile",0.75,46,"COVID-19"
"DE-HB","00+",2022-02-12,2022-02-01,"-11 day ahead inc hosp","quantile",0.9,48,"COVID-19"
"DE-HB","00+",2022-02-12,2022-02-01,"-11 day ahead inc hosp","quantile",0.975,51,"COVID-19"
"DE-HB","00+",2022-02-12,2022-01-31,"-12 day ahead inc hosp","mean",NA,53,"COVID-19"
"DE-HB","00+",2022-02-12,2022-01-31,"-12 day ahead inc hosp","quantile",0.025,50,"COVID-19"
"DE-HB","00+",2022-02-12,2022-01-31,"-12 day ahead inc hosp","quantile",0.1,50,"COVID-19"
"DE-HB","00+",2022-02-12,2022-01-31,"-12 day ahead inc hosp","quantile",0.25,51,"COVID-19"
"DE-HB","00+",2022-02-12,2022-01-31,"-12 day ahead inc hosp","quantile",0.5,52,"COVID-19"
"DE-HB","00+",2022-02-12,2022-01-31,"-12 day ahead inc hosp","quantile",0.75,54,"COVID-19"
"DE-HB","00+",2022-02-12,2022-01-31,"-12 day ahead inc hosp","quantile",0.9,56,"COVID-19"
"DE-HB","00+",2022-02-12,2022-01-31,"-12 day ahead inc hosp","quantile",0.975,59,"COVID-19"
"DE-HB","00+",2022-02-12,2022-01-30,"-13 day ahead inc hosp","mean",NA,52,"COVID-19"
"DE-HB","00+",2022-02-12,2022-01-30,"-13 day ahead inc hosp","quantile",0.025,49,"COVID-19"
"DE-HB","00+",2022-02-12,2022-01-30,"-13 day ahead inc hosp","quantile",0.1,49,"COVID-19"
"DE-HB","00+",2022-02-12,2022-01-30,"-13 day ahead inc hosp","quantile",0.25,50,"COVID-19"
"DE-HB","00+",2022-02-12,2022-01-30,"-13 day ahead inc hosp","quantile",0.5,51,"COVID-19"
"DE-HB","00+",2022-02-12,2022-01-30,"-13 day ahead inc hosp","quantile",0.75,53,"COVID-19"
"DE-HB","00+",2022-02-12,2022-01-30,"-13 day ahead inc hosp","quantile",0.9,55,"COVID-19"
"DE-HB","00+",2022-02-12,2022-01-30,"-13 day ahead inc hosp","quantile",0.975,59,"COVID-19"
"DE-HB","00+",2022-02-12,2022-01-29,"-14 day ahead inc hosp","mean",NA,49,"COVID-19"
"DE-HB","00+",2022-02-12,2022-01-29,"-14 day ahead inc hosp","quantile",0.025,47,"COVID-19"
"DE-HB","00+",2022-02-12,2022-01-29,"-14 day ahead inc hosp","quantile",0.1,47,"COVID-19"
"DE-HB","00+",2022-02-12,2022-01-29,"-14 day ahead inc hosp","quantile",0.25,47,"COVID-19"
"DE-HB","00+",2022-02-12,2022-01-29,"-14 day ahead inc hosp","quantile",0.5,49,"COVID-19"
"DE-HB","00+",2022-02-12,2022-01-29,"-14 day ahead inc hosp","quantile",0.75,50,"COVID-19"
"DE-HB","00+",2022-02-12,2022-01-29,"-14 day ahead inc hosp","quantile",0.9,53,"COVID-19"
"DE-HB","00+",2022-02-12,2022-01-29,"-14 day ahead inc hosp","quantile",0.975,56,"COVID-19"
"DE-HB","00+",2022-02-12,2022-01-28,"-15 day ahead inc hosp","mean",NA,54,"COVID-19"
"DE-HB","00+",2022-02-12,2022-01-28,"-15 day ahead inc hosp","quantile",0.025,52,"COVID-19"
"DE-HB","00+",2022-02-12,2022-01-28,"-15 day ahead inc hosp","quantile",0.1,52,"COVID-19"
"DE-HB","00+",2022-02-12,2022-01-28,"-15 day ahead inc hosp","quantile",0.25,52,"COVID-19"
"DE-HB","00+",2022-02-12,2022-01-28,"-15 day ahead inc hosp","quantile",0.5,53,"COVID-19"
"DE-HB","00+",2022-02-12,2022-01-28,"-15 day ahead inc hosp","quantile",0.75,55,"COVID-19"
"DE-HB","00+",2022-02-12,2022-01-28,"-15 day ahead inc hosp","quantile",0.9,58,"COVID-19"
"DE-HB","00+",2022-02-12,2022-01-28,"-15 day ahead inc hosp","quantile",0.975,61,"COVID-19"
"DE-HB","00+",2022-02-12,2022-01-27,"-16 day ahead inc hosp","mean",NA,66,"COVID-19"
"DE-HB","00+",2022-02-12,2022-01-27,"-16 day ahead inc hosp","quantile",0.025,64,"COVID-19"
"DE-HB","00+",2022-02-12,2022-01-27,"-16 day ahead inc hosp","quantile",0.1,64,"COVID-19"
"DE-HB","00+",2022-02-12,2022-01-27,"-16 day ahead inc hosp","quantile",0.25,64,"COVID-19"
"DE-HB","00+",2022-02-12,2022-01-27,"-16 day ahead inc hosp","quantile",0.5,66,"COVID-19"
"DE-HB","00+",2022-02-12,2022-01-27,"-16 day ahead inc hosp","quantile",0.75,67,"COVID-19"
"DE-HB","00+",2022-02-12,2022-01-27,"-16 day ahead inc hosp","quantile",0.9,70,"COVID-19"
"DE-HB","00+",2022-02-12,2022-01-27,"-16 day ahead inc hosp","quantile",0.975,74,"COVID-19"
"DE-HB","00+",2022-02-12,2022-01-26,"-17 day ahead inc hosp","mean",NA,84,"COVID-19"
"DE-HB","00+",2022-02-12,2022-01-26,"-17 day ahead inc hosp","quantile",0.025,81,"COVID-19"
"DE-HB","00+",2022-02-12,2022-01-26,"-17 day ahead inc hosp","quantile",0.1,81,"COVID-19"
"DE-HB","00+",2022-02-12,2022-01-26,"-17 day ahead inc hosp","quantile",0.25,81,"COVID-19"
"DE-HB","00+",2022-02-12,2022-01-26,"-17 day ahead inc hosp","quantile",0.5,83,"COVID-19"
"DE-HB","00+",2022-02-12,2022-01-26,"-17 day ahead inc hosp","quantile",0.75,85,"COVID-19"
"DE-HB","00+",2022-02-12,2022-01-26,"-17 day ahead inc hosp","quantile",0.9,87,"COVID-19"
"DE-HB","00+",2022-02-12,2022-01-26,"-17 day ahead inc hosp","quantile",0.975,91,"COVID-19"
"DE-HB","00+",2022-02-12,2022-01-25,"-18 day ahead inc hosp","mean",NA,97,"COVID-19"
"DE-HB","00+",2022-02-12,2022-01-25,"-18 day ahead inc hosp","quantile",0.025,95,"COVID-19"
"DE-HB","00+",2022-02-12,2022-01-25,"-18 day ahead inc hosp","quantile",0.1,95,"COVID-19"
"DE-HB","00+",2022-02-12,2022-01-25,"-18 day ahead inc hosp","quantile",0.25,95,"COVID-19"
"DE-HB","00+",2022-02-12,2022-01-25,"-18 day ahead inc hosp","quantile",0.5,97,"COVID-19"
"DE-HB","00+",2022-02-12,2022-01-25,"-18 day ahead inc hosp","quantile",0.75,99,"COVID-19"
"DE-HB","00+",2022-02-12,2022-01-25,"-18 day ahead inc hosp","quantile",0.9,101,"COVID-19"
"DE-HB","00+",2022-02-12,2022-01-25,"-18 day ahead inc hosp","quantile",0.975,105,"COVID-19"
"DE-HB","00+",2022-02-12,2022-01-24,"-19 day ahead inc hosp","mean",NA,93,"COVID-19"
"DE-HB","00+",2022-02-12,2022-01-24,"-19 day ahead inc hosp","quantile",0.025,91,"COVID-19"
"DE-HB","00+",2022-02-12,2022-01-24,"-19 day ahead inc hosp","quantile",0.1,91,"COVID-19"
"DE-HB","00+",2022-02-12,2022-01-24,"-19 day ahead inc hosp","quantile",0.25,91,"COVID-19"
"DE-HB","00+",2022-02-12,2022-01-24,"-19 day ahead inc hosp","quantile",0.5,92,"COVID-19"
"DE-HB","00+",2022-02-12,2022-01-24,"-19 day ahead inc hosp","quantile",0.75,94,"COVID-19"
"DE-HB","00+",2022-02-12,2022-01-24,"-19 day ahead inc hosp","quantile",0.9,96,"COVID-19"
"DE-HB","00+",2022-02-12,2022-01-24,"-19 day ahead inc hosp","quantile",0.975,99,"COVID-19"
"DE-HB","00+",2022-02-12,2022-01-23,"-20 day ahead inc hosp","mean",NA,96,"COVID-19"
"DE-HB","00+",2022-02-12,2022-01-23,"-20 day ahead inc hosp","quantile",0.025,94,"COVID-19"
"DE-HB","00+",2022-02-12,2022-01-23,"-20 day ahead inc hosp","quantile",0.1,94,"COVID-19"
"DE-HB","00+",2022-02-12,2022-01-23,"-20 day ahead inc hosp","quantile",0.25,94,"COVID-19"
"DE-HB","00+",2022-02-12,2022-01-23,"-20 day ahead inc hosp","quantile",0.5,95,"COVID-19"
"DE-HB","00+",2022-02-12,2022-01-23,"-20 day ahead inc hosp","quantile",0.75,97,"COVID-19"
"DE-HB","00+",2022-02-12,2022-01-23,"-20 day ahead inc hosp","quantile",0.9,99,"COVID-19"
"DE-HB","00+",2022-02-12,2022-01-23,"-20 day ahead inc hosp","quantile",0.975,103,"COVID-19"
"DE-HB","00+",2022-02-12,2022-01-22,"-21 day ahead inc hosp","mean",NA,98,"COVID-19"
"DE-HB","00+",2022-02-12,2022-01-22,"-21 day ahead inc hosp","quantile",0.025,96,"COVID-19"
"DE-HB","00+",2022-02-12,2022-01-22,"-21 day ahead inc hosp","quantile",0.1,96,"COVID-19"
"DE-HB","00+",2022-02-12,2022-01-22,"-21 day ahead inc hosp","quantile",0.25,96,"COVID-19"
"DE-HB","00+",2022-02-12,2022-01-22,"-21 day ahead inc hosp","quantile",0.5,97,"COVID-19"
"DE-HB","00+",2022-02-12,2022-01-22,"-21 day ahead inc hosp","quantile",0.75,99,"COVID-19"
"DE-HB","00+",2022-02-12,2022-01-22,"-21 day ahead inc hosp","quantile",0.9,101,"COVID-19"
"DE-HB","00+",2022-02-12,2022-01-22,"-21 day ahead inc hosp","quantile",0.975,105,"COVID-19"
"DE-HB","00+",2022-02-12,2022-01-21,"-22 day ahead inc hosp","mean",NA,103,"COVID-19"
"DE-HB","00+",2022-02-12,2022-01-21,"-22 day ahead inc hosp","quantile",0.025,101,"COVID-19"
"DE-HB","00+",2022-02-12,2022-01-21,"-22 day ahead inc hosp","quantile",0.1,101,"COVID-19"
"DE-HB","00+",2022-02-12,2022-01-21,"-22 day ahead inc hosp","quantile",0.25,101,"COVID-19"
"DE-HB","00+",2022-02-12,2022-01-21,"-22 day ahead inc hosp","quantile",0.5,102,"COVID-19"
"DE-HB","00+",2022-02-12,2022-01-21,"-22 day ahead inc hosp","quantile",0.75,104,"COVID-19"
"DE-HB","00+",2022-02-12,2022-01-21,"-22 day ahead inc hosp","quantile",0.9,106,"COVID-19"
"DE-HB","00+",2022-02-12,2022-01-21,"-22 day ahead inc hosp","quantile",0.975,110,"COVID-19"
"DE-HB","00+",2022-02-12,2022-01-20,"-23 day ahead inc hosp","mean",NA,110,"COVID-19"
"DE-HB","00+",2022-02-12,2022-01-20,"-23 day ahead inc hosp","quantile",0.025,108,"COVID-19"
"DE-HB","00+",2022-02-12,2022-01-20,"-23 day ahead inc hosp","quantile",0.1,108,"COVID-19"
"DE-HB","00+",2022-02-12,2022-01-20,"-23 day ahead inc hosp","quantile",0.25,108,"COVID-19"
"DE-HB","00+",2022-02-12,2022-01-20,"-23 day ahead inc hosp","quantile",0.5,109,"COVID-19"
"DE-HB","00+",2022-02-12,2022-01-20,"-23 day ahead inc hosp","quantile",0.75,111,"COVID-19"
"DE-HB","00+",2022-02-12,2022-01-20,"-23 day ahead inc hosp","quantile",0.9,113,"COVID-19"
"DE-HB","00+",2022-02-12,2022-01-20,"-23 day ahead inc hosp","quantile",0.975,117,"COVID-19"
"DE-HB","00+",2022-02-12,2022-01-19,"-24 day ahead inc hosp","mean",NA,109,"COVID-19"
"DE-HB","00+",2022-02-12,2022-01-19,"-24 day ahead inc hosp","quantile",0.025,108,"COVID-19"
"DE-HB","00+",2022-02-12,2022-01-19,"-24 day ahead inc hosp","quantile",0.1,108,"COVID-19"
"DE-HB","00+",2022-02-12,2022-01-19,"-24 day ahead inc hosp","quantile",0.25,108,"COVID-19"
"DE-HB","00+",2022-02-12,2022-01-19,"-24 day ahead inc hosp","quantile",0.5,109,"COVID-19"
"DE-HB","00+",2022-02-12,2022-01-19,"-24 day ahead inc hosp","quantile",0.75,110,"COVID-19"
"DE-HB","00+",2022-02-12,2022-01-19,"-24 day ahead inc hosp","quantile",0.9,112,"COVID-19"
"DE-HB","00+",2022-02-12,2022-01-19,"-24 day ahead inc hosp","quantile",0.975,115,"COVID-19"
"DE-HB","00+",2022-02-12,2022-01-18,"-25 day ahead inc hosp","mean",NA,104,"COVID-19"
"DE-HB","00+",2022-02-12,2022-01-18,"-25 day ahead inc hosp","quantile",0.025,103,"COVID-19"
"DE-HB","00+",2022-02-12,2022-01-18,"-25 day ahead inc hosp","quantile",0.1,103,"COVID-19"
"DE-HB","00+",2022-02-12,2022-01-18,"-25 day ahead inc hosp","quantile",0.25,103,"COVID-19"
"DE-HB","00+",2022-02-12,2022-01-18,"-25 day ahead inc hosp","quantile",0.5,104,"COVID-19"
"DE-HB","00+",2022-02-12,2022-01-18,"-25 day ahead inc hosp","quantile",0.75,105,"COVID-19"
"DE-HB","00+",2022-02-12,2022-01-18,"-25 day ahead inc hosp","quantile",0.9,107,"COVID-19"
"DE-HB","00+",2022-02-12,2022-01-18,"-25 day ahead inc hosp","quantile",0.975,109,"COVID-19"
"DE-HB","00+",2022-02-12,2022-01-17,"-26 day ahead inc hosp","mean",NA,112,"COVID-19"
"DE-HB","00+",2022-02-12,2022-01-17,"-26 day ahead inc hosp","quantile",0.025,111,"COVID-19"
"DE-HB","00+",2022-02-12,2022-01-17,"-26 day ahead inc hosp","quantile",0.1,111,"COVID-19"
"DE-HB","00+",2022-02-12,2022-01-17,"-26 day ahead inc hosp","quantile",0.25,111,"COVID-19"
"DE-HB","00+",2022-02-12,2022-01-17,"-26 day ahead inc hosp","quantile",0.5,112,"COVID-19"
"DE-HB","00+",2022-02-12,2022-01-17,"-26 day ahead inc hosp","quantile",0.75,113,"COVID-19"
"DE-HB","00+",2022-02-12,2022-01-17,"-26 day ahead inc hosp","quantile",0.9,115,"COVID-19"
"DE-HB","00+",2022-02-12,2022-01-17,"-26 day ahead inc hosp","quantile",0.975,117,"COVID-19"
"DE-HB","00+",2022-02-12,2022-01-16,"-27 day ahead inc hosp","mean",NA,115,"COVID-19"
"DE-HB","00+",2022-02-12,2022-01-16,"-27 day ahead inc hosp","quantile",0.025,114,"COVID-19"
"DE-HB","00+",2022-02-12,2022-01-16,"-27 day ahead inc hosp","quantile",0.1,114,"COVID-19"
"DE-HB","00+",2022-02-12,2022-01-16,"-27 day ahead inc hosp","quantile",0.25,114,"COVID-19"
"DE-HB","00+",2022-02-12,2022-01-16,"-27 day ahead inc hosp","quantile",0.5,115,"COVID-19"
"DE-HB","00+",2022-02-12,2022-01-16,"-27 day ahead inc hosp","quantile",0.75,116,"COVID-19"
"DE-HB","00+",2022-02-12,2022-01-16,"-27 day ahead inc hosp","quantile",0.9,118,"COVID-19"
"DE-HB","00+",2022-02-12,2022-01-16,"-27 day ahead inc hosp","quantile",0.975,120,"COVID-19"
"DE-HB","00+",2022-02-12,2022-01-15,"-28 day ahead inc hosp","mean",NA,117,"COVID-19"
"DE-HB","00+",2022-02-12,2022-01-15,"-28 day ahead inc hosp","quantile",0.025,116,"COVID-19"
"DE-HB","00+",2022-02-12,2022-01-15,"-28 day ahead inc hosp","quantile",0.1,116,"COVID-19"
"DE-HB","00+",2022-02-12,2022-01-15,"-28 day ahead inc hosp","quantile",0.25,116,"COVID-19"
"DE-HB","00+",2022-02-12,2022-01-15,"-28 day ahead inc hosp","quantile",0.5,117,"COVID-19"
"DE-HB","00+",2022-02-12,2022-01-15,"-28 day ahead inc hosp","quantile",0.75,118,"COVID-19"
"DE-HB","00+",2022-02-12,2022-01-15,"-28 day ahead inc hosp","quantile",0.9,119,"COVID-19"
"DE-HB","00+",2022-02-12,2022-01-15,"-28 day ahead inc hosp","quantile",0.975,122,"COVID-19"
"DE-HE","00+",2022-02-12,2022-02-12,"0 day ahead inc hosp","mean",NA,921,"COVID-19"
"DE-HE","00+",2022-02-12,2022-02-12,"0 day ahead inc hosp","quantile",0.025,699,"COVID-19"
"DE-HE","00+",2022-02-12,2022-02-12,"0 day ahead inc hosp","quantile",0.1,762,"COVID-19"
"DE-HE","00+",2022-02-12,2022-02-12,"0 day ahead inc hosp","quantile",0.25,827,"COVID-19"
"DE-HE","00+",2022-02-12,2022-02-12,"0 day ahead inc hosp","quantile",0.5,909,"COVID-19"
"DE-HE","00+",2022-02-12,2022-02-12,"0 day ahead inc hosp","quantile",0.75,1002,"COVID-19"
"DE-HE","00+",2022-02-12,2022-02-12,"0 day ahead inc hosp","quantile",0.9,1096,"COVID-19"
"DE-HE","00+",2022-02-12,2022-02-12,"0 day ahead inc hosp","quantile",0.975,1213,"COVID-19"
"DE-HE","00+",2022-02-12,2022-02-11,"-1 day ahead inc hosp","mean",NA,883,"COVID-19"
"DE-HE","00+",2022-02-12,2022-02-11,"-1 day ahead inc hosp","quantile",0.025,705,"COVID-19"
"DE-HE","00+",2022-02-12,2022-02-11,"-1 day ahead inc hosp","quantile",0.1,756,"COVID-19"
"DE-HE","00+",2022-02-12,2022-02-11,"-1 day ahead inc hosp","quantile",0.25,808,"COVID-19"
"DE-HE","00+",2022-02-12,2022-02-11,"-1 day ahead inc hosp","quantile",0.5,874,"COVID-19"
"DE-HE","00+",2022-02-12,2022-02-11,"-1 day ahead inc hosp","quantile",0.75,949,"COVID-19"
"DE-HE","00+",2022-02-12,2022-02-11,"-1 day ahead inc hosp","quantile",0.9,1024,"COVID-19"
"DE-HE","00+",2022-02-12,2022-02-11,"-1 day ahead inc hosp","quantile",0.975,1117,"COVID-19"
"DE-HE","00+",2022-02-12,2022-02-10,"-2 day ahead inc hosp","mean",NA,876,"COVID-19"
"DE-HE","00+",2022-02-12,2022-02-10,"-2 day ahead inc hosp","quantile",0.025,735,"COVID-19"
"DE-HE","00+",2022-02-12,2022-02-10,"-2 day ahead inc hosp","quantile",0.1,776,"COVID-19"
"DE-HE","00+",2022-02-12,2022-02-10,"-2 day ahead inc hosp","quantile",0.25,817,"COVID-19"
"DE-HE","00+",2022-02-12,2022-02-10,"-2 day ahead inc hosp","quantile",0.5,869,"COVID-19"
"DE-HE","00+",2022-02-12,2022-02-10,"-2 day ahead inc hosp","quantile",0.75,927,"COVID-19"
"DE-HE","00+",2022-02-12,2022-02-10,"-2 day ahead inc hosp","quantile",0.9,986,"COVID-19"
"DE-HE","00+",2022-02-12,2022-02-10,"-2 day ahead inc hosp","quantile",0.975,1057,"COVID-19"
"DE-HE","00+",2022-02-12,2022-02-09,"-3 day ahead inc hosp","mean",NA,833,"COVID-19"
"DE-HE","00+",2022-02-12,2022-02-09,"-3 day ahead inc hosp","quantile",0.025,732,"COVID-19"
"DE-HE","00+",2022-02-12,2022-02-09,"-3 day ahead inc hosp","quantile",0.1,762,"COVID-19"
"DE-HE","00+",2022-02-12,2022-02-09,"-3 day ahead inc hosp","quantile",0.25,792,"COVID-19"
"DE-HE","00+",2022-02-12,2022-02-09,"-3 day ahead inc hosp","quantile",0.5,829,"COVID-19"
"DE-HE","00+",2022-02-12,2022-02-09,"-3 day ahead inc hosp","quantile",0.75,870,"COVID-19"
"DE-HE","00+",2022-02-12,2022-02-09,"-3 day ahead inc hosp","quantile",0.9,910,"COVID-19"
"DE-HE","00+",2022-02-12,2022-02-09,"-3 day ahead inc hosp","quantile",0.975,959,"COVID-19"
"DE-HE","00+",2022-02-12,2022-02-08,"-4 day ahead inc hosp","mean",NA,777,"COVID-19"
"DE-HE","00+",2022-02-12,2022-02-08,"-4 day ahead inc hosp","quantile",0.025,704,"COVID-19"
"DE-HE","00+",2022-02-12,2022-02-08,"-4 day ahead inc hosp","quantile",0.1,726,"COVID-19"
"DE-HE","00+",2022-02-12,2022-02-08,"-4 day ahead inc hosp","quantile",0.25,748,"COVID-19"
"DE-HE","00+",2022-02-12,2022-02-08,"-4 day ahead inc hosp","quantile",0.5,774,"COVID-19"
"DE-HE","00+",2022-02-12,2022-02-08,"-4 day ahead inc hosp","quantile",0.75,804,"COVID-19"
"DE-HE","00+",2022-02-12,2022-02-08,"-4 day ahead inc hosp","quantile",0.9,833,"COVID-19"
"DE-HE","00+",2022-02-12,2022-02-08,"-4 day ahead inc hosp","quantile",0.975,868,"COVID-19"
"DE-HE","00+",2022-02-12,2022-02-07,"-5 day ahead inc hosp","mean",NA,738,"COVID-19"
"DE-HE","00+",2022-02-12,2022-02-07,"-5 day ahead inc hosp","quantile",0.025,680,"COVID-19"
"DE-HE","00+",2022-02-12,2022-02-07,"-5 day ahead inc hosp","quantile",0.1,698,"COVID-19"
"DE-HE","00+",2022-02-12,2022-02-07,"-5 day ahead inc hosp","quantile",0.25,715,"COVID-19"
"DE-HE","00+",2022-02-12,2022-02-07,"-5 day ahead inc hosp","quantile",0.5,736,"COVID-19"
"DE-HE","00+",2022-02-12,2022-02-07,"-5 day ahead inc hosp","quantile",0.75,759,"COVID-19"
"DE-HE","00+",2022-02-12,2022-02-07,"-5 day ahead inc hosp","quantile",0.9,782,"COVID-19"
"DE-HE","00+",2022-02-12,2022-02-07,"-5 day ahead inc hosp","quantile",0.975,809,"COVID-19"
"DE-HE","00+",2022-02-12,2022-02-06,"-6 day ahead inc hosp","mean",NA,761,"COVID-19"
"DE-HE","00+",2022-02-12,2022-02-06,"-6 day ahead inc hosp","quantile",0.025,703,"COVID-19"
"DE-HE","00+",2022-02-12,2022-02-06,"-6 day ahead inc hosp","quantile",0.1,721,"COVID-19"
"DE-HE","00+",2022-02-12,2022-02-06,"-6 day ahead inc hosp","quantile",0.25,738,"COVID-19"
"DE-HE","00+",2022-02-12,2022-02-06,"-6 day ahead inc hosp","quantile",0.5,759,"COVID-19"
"DE-HE","00+",2022-02-12,2022-02-06,"-6 day ahead inc hosp","quantile",0.75,782,"COVID-19"
"DE-HE","00+",2022-02-12,2022-02-06,"-6 day ahead inc hosp","quantile",0.9,805,"COVID-19"
"DE-HE","00+",2022-02-12,2022-02-06,"-6 day ahead inc hosp","quantile",0.975,833,"COVID-19"
"DE-HE","00+",2022-02-12,2022-02-05,"-7 day ahead inc hosp","mean",NA,760,"COVID-19"
"DE-HE","00+",2022-02-12,2022-02-05,"-7 day ahead inc hosp","quantile",0.025,705,"COVID-19"
"DE-HE","00+",2022-02-12,2022-02-05,"-7 day ahead inc hosp","quantile",0.1,721,"COVID-19"
"DE-HE","00+",2022-02-12,2022-02-05,"-7 day ahead inc hosp","quantile",0.25,738,"COVID-19"
"DE-HE","00+",2022-02-12,2022-02-05,"-7 day ahead inc hosp","quantile",0.5,758,"COVID-19"
"DE-HE","00+",2022-02-12,2022-02-05,"-7 day ahead inc hosp","quantile",0.75,780,"COVID-19"
"DE-HE","00+",2022-02-12,2022-02-05,"-7 day ahead inc hosp","quantile",0.9,802,"COVID-19"
"DE-HE","00+",2022-02-12,2022-02-05,"-7 day ahead inc hosp","quantile",0.975,828,"COVID-19"
"DE-HE","00+",2022-02-12,2022-02-04,"-8 day ahead inc hosp","mean",NA,778,"COVID-19"
"DE-HE","00+",2022-02-12,2022-02-04,"-8 day ahead inc hosp","quantile",0.025,726,"COVID-19"
"DE-HE","00+",2022-02-12,2022-02-04,"-8 day ahead inc hosp","quantile",0.1,741,"COVID-19"
"DE-HE","00+",2022-02-12,2022-02-04,"-8 day ahead inc hosp","quantile",0.25,757,"COVID-19"
"DE-HE","00+",2022-02-12,2022-02-04,"-8 day ahead inc hosp","quantile",0.5,776,"COVID-19"
"DE-HE","00+",2022-02-12,2022-02-04,"-8 day ahead inc hosp","quantile",0.75,797,"COVID-19"
"DE-HE","00+",2022-02-12,2022-02-04,"-8 day ahead inc hosp","quantile",0.9,818,"COVID-19"
"DE-HE","00+",2022-02-12,2022-02-04,"-8 day ahead inc hosp","quantile",0.975,844,"COVID-19"
"DE-HE","00+",2022-02-12,2022-02-03,"-9 day ahead inc hosp","mean",NA,752,"COVID-19"
"DE-HE","00+",2022-02-12,2022-02-03,"-9 day ahead inc hosp","quantile",0.025,704,"COVID-19"
"DE-HE","00+",2022-02-12,2022-02-03,"-9 day ahead inc hosp","quantile",0.1,718,"COVID-19"
"DE-HE","00+",2022-02-12,2022-02-03,"-9 day ahead inc hosp","quantile",0.25,732,"COVID-19"
"DE-HE","00+",2022-02-12,2022-02-03,"-9 day ahead inc hosp","quantile",0.5,750,"COVID-19"
"DE-HE","00+",2022-02-12,2022-02-03,"-9 day ahead inc hosp","quantile",0.75,770,"COVID-19"
"DE-HE","00+",2022-02-12,2022-02-03,"-9 day ahead inc hosp","quantile",0.9,789,"COVID-19"
"DE-HE","00+",2022-02-12,2022-02-03,"-9 day ahead inc hosp","quantile",0.975,813,"COVID-19"
"DE-HE","00+",2022-02-12,2022-02-02,"-10 day ahead inc hosp","mean",NA,701,"COVID-19"
"DE-HE","00+",2022-02-12,2022-02-02,"-10 day ahead inc hosp","quantile",0.025,660,"COVID-19"
"DE-HE","00+",2022-02-12,2022-02-02,"-10 day ahead inc hosp","quantile",0.1,672,"COVID-19"
"DE-HE","00+",2022-02-12,2022-02-02,"-10 day ahead inc hosp","quantile",0.25,684,"COVID-19"
"DE-HE","00+",2022-02-12,2022-02-02,"-10 day ahead inc hosp","quantile",0.5,699,"COVID-19"
"DE-HE","00+",2022-02-12,2022-02-02,"-10 day ahead inc hosp","quantile",0.75,716,"COVID-19"
"DE-HE","00+",2022-02-12,2022-02-02,"-10 day ahead inc hosp","quantile",0.9,733,"COVID-19"
"DE-HE","00+",2022-02-12,2022-02-02,"-10 day ahead inc hosp","quantile",0.975,754,"COVID-19"
"DE-HE","00+",2022-02-12,2022-02-01,"-11 day ahead inc hosp","mean",NA,673,"COVID-19"
"DE-HE","00+",2022-02-12,2022-02-01,"-11 day ahead inc hosp","quantile",0.025,636,"COVID-19"
"DE-HE","00+",2022-02-12,2022-02-01,"-11 day ahead inc hosp","quantile",0.1,646,"COVID-19"
"DE-HE","00+",2022-02-12,2022-02-01,"-11 day ahead inc hosp","quantile",0.25,657,"COVID-19"
"DE-HE","00+",2022-02-12,2022-02-01,"-11 day ahead inc hosp","quantile",0.5,671,"COVID-19"
"DE-HE","00+",2022-02-12,2022-02-01,"-11 day ahead inc hosp","quantile",0.75,686,"COVID-19"
"DE-HE","00+",2022-02-12,2022-02-01,"-11 day ahead inc hosp","quantile",0.9,701,"COVID-19"
"DE-HE","00+",2022-02-12,2022-02-01,"-11 day ahead inc hosp","quantile",0.975,720,"COVID-19"
"DE-HE","00+",2022-02-12,2022-01-31,"-12 day ahead inc hosp","mean",NA,698,"COVID-19"
"DE-HE","00+",2022-02-12,2022-01-31,"-12 day ahead inc hosp","quantile",0.025,663,"COVID-19"
"DE-HE","00+",2022-02-12,2022-01-31,"-12 day ahead inc hosp","quantile",0.1,673,"COVID-19"
"DE-HE","00+",2022-02-12,2022-01-31,"-12 day ahead inc hosp","quantile",0.25,683,"COVID-19"
"DE-HE","00+",2022-02-12,2022-01-31,"-12 day ahead inc hosp","quantile",0.5,696,"COVID-19"
"DE-HE","00+",2022-02-12,2022-01-31,"-12 day ahead inc hosp","quantile",0.75,710,"COVID-19"
"DE-HE","00+",2022-02-12,2022-01-31,"-12 day ahead inc hosp","quantile",0.9,725,"COVID-19"
"DE-HE","00+",2022-02-12,2022-01-31,"-12 day ahead inc hosp","quantile",0.975,743,"COVID-19"
"DE-HE","00+",2022-02-12,2022-01-30,"-13 day ahead inc hosp","mean",NA,672,"COVID-19"
"DE-HE","00+",2022-02-12,2022-01-30,"-13 day ahead inc hosp","quantile",0.025,639,"COVID-19"
"DE-HE","00+",2022-02-12,2022-01-30,"-13 day ahead inc hosp","quantile",0.1,648,"COVID-19"
"DE-HE","00+",2022-02-12,2022-01-30,"-13 day ahead inc hosp","quantile",0.25,658,"COVID-19"
"DE-HE","00+",2022-02-12,2022-01-30,"-13 day ahead inc hosp","quantile",0.5,670,"COVID-19"
"DE-HE","00+",2022-02-12,2022-01-30,"-13 day ahead inc hosp","quantile",0.75,684,"COVID-19"
"DE-HE","00+",2022-02-12,2022-01-30,"-13 day ahead inc hosp","quantile",0.9,697,"COVID-19"
"DE-HE","00+",2022-02-12,2022-01-30,"-13 day ahead inc hosp","quantile",0.975,714,"COVID-19"
"DE-HE","00+",2022-02-12,2022-01-29,"-14 day ahead inc hosp","mean",NA,644,"COVID-19"
"DE-HE","00+",2022-02-12,2022-01-29,"-14 day ahead inc hosp","quantile",0.025,612,"COVID-19"
"DE-HE","00+",2022-02-12,2022-01-29,"-14 day ahead inc hosp","quantile",0.1,621,"COVID-19"
"DE-HE","00+",2022-02-12,2022-01-29,"-14 day ahead inc hosp","quantile",0.25,630,"COVID-19"
"DE-HE","00+",2022-02-12,2022-01-29,"-14 day ahead inc hosp","quantile",0.5,642,"COVID-19"
"DE-HE","00+",2022-02-12,2022-01-29,"-14 day ahead inc hosp","quantile",0.75,655,"COVID-19"
"DE-HE","00+",2022-02-12,2022-01-29,"-14 day ahead inc hosp","quantile",0.9,669,"COVID-19"
"DE-HE","00+",2022-02-12,2022-01-29,"-14 day ahead inc hosp","quantile",0.975,686,"COVID-19"
"DE-HE","00+",2022-02-12,2022-01-28,"-15 day ahead inc hosp","mean",NA,589,"COVID-19"
"DE-HE","00+",2022-02-12,2022-01-28,"-15 day ahead inc hosp","quantile",0.025,561,"COVID-19"
"DE-HE","00+",2022-02-12,2022-01-28,"-15 day ahead inc hosp","quantile",0.1,569,"COVID-19"
"DE-HE","00+",2022-02-12,2022-01-28,"-15 day ahead inc hosp","quantile",0.25,577,"COVID-19"
"DE-HE","00+",2022-02-12,2022-01-28,"-15 day ahead inc hosp","quantile",0.5,587,"COVID-19"
"DE-HE","00+",2022-02-12,2022-01-28,"-15 day ahead inc hosp","quantile",0.75,599,"COVID-19"
"DE-HE","00+",2022-02-12,2022-01-28,"-15 day ahead inc hosp","quantile",0.9,611,"COVID-19"
"DE-HE","00+",2022-02-12,2022-01-28,"-15 day ahead inc hosp","quantile",0.975,626,"COVID-19"
"DE-HE","00+",2022-02-12,2022-01-27,"-16 day ahead inc hosp","mean",NA,553,"COVID-19"
"DE-HE","00+",2022-02-12,2022-01-27,"-16 day ahead inc hosp","quantile",0.025,528,"COVID-19"
"DE-HE","00+",2022-02-12,2022-01-27,"-16 day ahead inc hosp","quantile",0.1,535,"COVID-19"
"DE-HE","00+",2022-02-12,2022-01-27,"-16 day ahead inc hosp","quantile",0.25,542,"COVID-19"
"DE-HE","00+",2022-02-12,2022-01-27,"-16 day ahead inc hosp","quantile",0.5,551,"COVID-19"
"DE-HE","00+",2022-02-12,2022-01-27,"-16 day ahead inc hosp","quantile",0.75,562,"COVID-19"
"DE-HE","00+",2022-02-12,2022-01-27,"-16 day ahead inc hosp","quantile",0.9,573,"COVID-19"
"DE-HE","00+",2022-02-12,2022-01-27,"-16 day ahead inc hosp","quantile",0.975,586,"COVID-19"
"DE-HE","00+",2022-02-12,2022-01-26,"-17 day ahead inc hosp","mean",NA,531,"COVID-19"
"DE-HE","00+",2022-02-12,2022-01-26,"-17 day ahead inc hosp","quantile",0.025,508,"COVID-19"
"DE-HE","00+",2022-02-12,2022-01-26,"-17 day ahead inc hosp","quantile",0.1,514,"COVID-19"
"DE-HE","00+",2022-02-12,2022-01-26,"-17 day ahead inc hosp","quantile",0.25,521,"COVID-19"
"DE-HE","00+",2022-02-12,2022-01-26,"-17 day ahead inc hosp","quantile",0.5,529,"COVID-19"
"DE-HE","00+",2022-02-12,2022-01-26,"-17 day ahead inc hosp","quantile",0.75,539,"COVID-19"
"DE-HE","00+",2022-02-12,2022-01-26,"-17 day ahead inc hosp","quantile",0.9,549,"COVID-19"
"DE-HE","00+",2022-02-12,2022-01-26,"-17 day ahead inc hosp","quantile",0.975,561,"COVID-19"
"DE-HE","00+",2022-02-12,2022-01-25,"-18 day ahead inc hosp","mean",NA,521,"COVID-19"
"DE-HE","00+",2022-02-12,2022-01-25,"-18 day ahead inc hosp","quantile",0.025,502,"COVID-19"
"DE-HE","00+",2022-02-12,2022-01-25,"-18 day ahead inc hosp","quantile",0.1,507,"COVID-19"
"DE-HE","00+",2022-02-12,2022-01-25,"-18 day ahead inc hosp","quantile",0.25,513,"COVID-19"
"DE-HE","00+",2022-02-12,2022-01-25,"-18 day ahead inc hosp","quantile",0.5,520,"COVID-19"
"DE-HE","00+",2022-02-12,2022-01-25,"-18 day ahead inc hosp","quantile",0.75,529,"COVID-19"
"DE-HE","00+",2022-02-12,2022-01-25,"-18 day ahead inc hosp","quantile",0.9,538,"COVID-19"
"DE-HE","00+",2022-02-12,2022-01-25,"-18 day ahead inc hosp","quantile",0.975,549,"COVID-19"
"DE-HE","00+",2022-02-12,2022-01-24,"-19 day ahead inc hosp","mean",NA,480,"COVID-19"
"DE-HE","00+",2022-02-12,2022-01-24,"-19 day ahead inc hosp","quantile",0.025,464,"COVID-19"
"DE-HE","00+",2022-02-12,2022-01-24,"-19 day ahead inc hosp","quantile",0.1,468,"COVID-19"
"DE-HE","00+",2022-02-12,2022-01-24,"-19 day ahead inc hosp","quantile",0.25,473,"COVID-19"
"DE-HE","00+",2022-02-12,2022-01-24,"-19 day ahead inc hosp","quantile",0.5,479,"COVID-19"
"DE-HE","00+",2022-02-12,2022-01-24,"-19 day ahead inc hosp","quantile",0.75,486,"COVID-19"
"DE-HE","00+",2022-02-12,2022-01-24,"-19 day ahead inc hosp","quantile",0.9,493,"COVID-19"
"DE-HE","00+",2022-02-12,2022-01-24,"-19 day ahead inc hosp","quantile",0.975,501,"COVID-19"
"DE-HE","00+",2022-02-12,2022-01-23,"-20 day ahead inc hosp","mean",NA,471,"COVID-19"
"DE-HE","00+",2022-02-12,2022-01-23,"-20 day ahead inc hosp","quantile",0.025,456,"COVID-19"
"DE-HE","00+",2022-02-12,2022-01-23,"-20 day ahead inc hosp","quantile",0.1,460,"COVID-19"
"DE-HE","00+",2022-02-12,2022-01-23,"-20 day ahead inc hosp","quantile",0.25,464,"COVID-19"
"DE-HE","00+",2022-02-12,2022-01-23,"-20 day ahead inc hosp","quantile",0.5,470,"COVID-19"
"DE-HE","00+",2022-02-12,2022-01-23,"-20 day ahead inc hosp","quantile",0.75,476,"COVID-19"
"DE-HE","00+",2022-02-12,2022-01-23,"-20 day ahead inc hosp","quantile",0.9,482,"COVID-19"
"DE-HE","00+",2022-02-12,2022-01-23,"-20 day ahead inc hosp","quantile",0.975,490,"COVID-19"
"DE-HE","00+",2022-02-12,2022-01-22,"-21 day ahead inc hosp","mean",NA,475,"COVID-19"
"DE-HE","00+",2022-02-12,2022-01-22,"-21 day ahead inc hosp","quantile",0.025,461,"COVID-19"
"DE-HE","00+",2022-02-12,2022-01-22,"-21 day ahead inc hosp","quantile",0.1,465,"COVID-19"
"DE-HE","00+",2022-02-12,2022-01-22,"-21 day ahead inc hosp","quantile",0.25,469,"COVID-19"
"DE-HE","00+",2022-02-12,2022-01-22,"-21 day ahead inc hosp","quantile",0.5,474,"COVID-19"
"DE-HE","00+",2022-02-12,2022-01-22,"-21 day ahead inc hosp","quantile",0.75,480,"COVID-19"
"DE-HE","00+",2022-02-12,2022-01-22,"-21 day ahead inc hosp","quantile",0.9,486,"COVID-19"
"DE-HE","00+",2022-02-12,2022-01-22,"-21 day ahead inc hosp","quantile",0.975,493,"COVID-19"
"DE-HE","00+",2022-02-12,2022-01-21,"-22 day ahead inc hosp","mean",NA,484,"COVID-19"
"DE-HE","00+",2022-02-12,2022-01-21,"-22 day ahead inc hosp","quantile",0.025,471,"COVID-19"
"DE-HE","00+",2022-02-12,2022-01-21,"-22 day ahead inc hosp","quantile",0.1,475,"COVID-19"
"DE-HE","00+",2022-02-12,2022-01-21,"-22 day ahead inc hosp","quantile",0.25,479,"COVID-19"
"DE-HE","00+",2022-02-12,2022-01-21,"-22 day ahead inc hosp","quantile",0.5,484,"COVID-19"
"DE-HE","00+",2022-02-12,2022-01-21,"-22 day ahead inc hosp","quantile",0.75,489,"COVID-19"
"DE-HE","00+",2022-02-12,2022-01-21,"-22 day ahead inc hosp","quantile",0.9,494,"COVID-19"
"DE-HE","00+",2022-02-12,2022-01-21,"-22 day ahead inc hosp","quantile",0.975,501,"COVID-19"
"DE-HE","00+",2022-02-12,2022-01-20,"-23 day ahead inc hosp","mean",NA,472,"COVID-19"
"DE-HE","00+",2022-02-12,2022-01-20,"-23 day ahead inc hosp","quantile",0.025,460,"COVID-19"
"DE-HE","00+",2022-02-12,2022-01-20,"-23 day ahead inc hosp","quantile",0.1,464,"COVID-19"
"DE-HE","00+",2022-02-12,2022-01-20,"-23 day ahead inc hosp","quantile",0.25,467,"COVID-19"
"DE-HE","00+",2022-02-12,2022-01-20,"-23 day ahead inc hosp","quantile",0.5,472,"COVID-19"
"DE-HE","00+",2022-02-12,2022-01-20,"-23 day ahead inc hosp","quantile",0.75,477,"COVID-19"
"DE-HE","00+",2022-02-12,2022-01-20,"-23 day ahead inc hosp","quantile",0.9,481,"COVID-19"
"DE-HE","00+",2022-02-12,2022-01-20,"-23 day ahead inc hosp","quantile",0.975,488,"COVID-19"
"DE-HE","00+",2022-02-12,2022-01-19,"-24 day ahead inc hosp","mean",NA,458,"COVID-19"
"DE-HE","00+",2022-02-12,2022-01-19,"-24 day ahead inc hosp","quantile",0.025,447,"COVID-19"
"DE-HE","00+",2022-02-12,2022-01-19,"-24 day ahead inc hosp","quantile",0.1,450,"COVID-19"
"DE-HE","00+",2022-02-12,2022-01-19,"-24 day ahead inc hosp","quantile",0.25,453,"COVID-19"
"DE-HE","00+",2022-02-12,2022-01-19,"-24 day ahead inc hosp","quantile",0.5,458,"COVID-19"
"DE-HE","00+",2022-02-12,2022-01-19,"-24 day ahead inc hosp","quantile",0.75,462,"COVID-19"
"DE-HE","00+",2022-02-12,2022-01-19,"-24 day ahead inc hosp","quantile",0.9,467,"COVID-19"
"DE-HE","00+",2022-02-12,2022-01-19,"-24 day ahead inc hosp","quantile",0.975,473,"COVID-19"
"DE-HE","00+",2022-02-12,2022-01-18,"-25 day ahead inc hosp","mean",NA,438,"COVID-19"
"DE-HE","00+",2022-02-12,2022-01-18,"-25 day ahead inc hosp","quantile",0.025,428,"COVID-19"
"DE-HE","00+",2022-02-12,2022-01-18,"-25 day ahead inc hosp","quantile",0.1,431,"COVID-19"
"DE-HE","00+",2022-02-12,2022-01-18,"-25 day ahead inc hosp","quantile",0.25,434,"COVID-19"
"DE-HE","00+",2022-02-12,2022-01-18,"-25 day ahead inc hosp","quantile",0.5,437,"COVID-19"
"DE-HE","00+",2022-02-12,2022-01-18,"-25 day ahead inc hosp","quantile",0.75,442,"COVID-19"
"DE-HE","00+",2022-02-12,2022-01-18,"-25 day ahead inc hosp","quantile",0.9,446,"COVID-19"
"DE-HE","00+",2022-02-12,2022-01-18,"-25 day ahead inc hosp","quantile",0.975,451,"COVID-19"
"DE-HE","00+",2022-02-12,2022-01-17,"-26 day ahead inc hosp","mean",NA,405,"COVID-19"
"DE-HE","00+",2022-02-12,2022-01-17,"-26 day ahead inc hosp","quantile",0.025,396,"COVID-19"
"DE-HE","00+",2022-02-12,2022-01-17,"-26 day ahead inc hosp","quantile",0.1,399,"COVID-19"
"DE-HE","00+",2022-02-12,2022-01-17,"-26 day ahead inc hosp","quantile",0.25,401,"COVID-19"
"DE-HE","00+",2022-02-12,2022-01-17,"-26 day ahead inc hosp","quantile",0.5,404,"COVID-19"
"DE-HE","00+",2022-02-12,2022-01-17,"-26 day ahead inc hosp","quantile",0.75,408,"COVID-19"
"DE-HE","00+",2022-02-12,2022-01-17,"-26 day ahead inc hosp","quantile",0.9,412,"COVID-19"
"DE-HE","00+",2022-02-12,2022-01-17,"-26 day ahead inc hosp","quantile",0.975,417,"COVID-19"
"DE-HE","00+",2022-02-12,2022-01-16,"-27 day ahead inc hosp","mean",NA,399,"COVID-19"
"DE-HE","00+",2022-02-12,2022-01-16,"-27 day ahead inc hosp","quantile",0.025,391,"COVID-19"
"DE-HE","00+",2022-02-12,2022-01-16,"-27 day ahead inc hosp","quantile",0.1,393,"COVID-19"
"DE-HE","00+",2022-02-12,2022-01-16,"-27 day ahead inc hosp","quantile",0.25,396,"COVID-19"
"DE-HE","00+",2022-02-12,2022-01-16,"-27 day ahead inc hosp","quantile",0.5,399,"COVID-19"
"DE-HE","00+",2022-02-12,2022-01-16,"-27 day ahead inc hosp","quantile",0.75,403,"COVID-19"
"DE-HE","00+",2022-02-12,2022-01-16,"-27 day ahead inc hosp","quantile",0.9,407,"COVID-19"
"DE-HE","00+",2022-02-12,2022-01-16,"-27 day ahead inc hosp","quantile",0.975,411,"COVID-19"
"DE-HE","00+",2022-02-12,2022-01-15,"-28 day ahead inc hosp","mean",NA,387,"COVID-19"
"DE-HE","00+",2022-02-12,2022-01-15,"-28 day ahead inc hosp","quantile",0.025,379,"COVID-19"
"DE-HE","00+",2022-02-12,2022-01-15,"-28 day ahead inc hosp","quantile",0.1,381,"COVID-19"
"DE-HE","00+",2022-02-12,2022-01-15,"-28 day ahead inc hosp","quantile",0.25,384,"COVID-19"
"DE-HE","00+",2022-02-12,2022-01-15,"-28 day ahead inc hosp","quantile",0.5,387,"COVID-19"
"DE-HE","00+",2022-02-12,2022-01-15,"-28 day ahead inc hosp","quantile",0.75,391,"COVID-19"
"DE-HE","00+",2022-02-12,2022-01-15,"-28 day ahead inc hosp","quantile",0.9,394,"COVID-19"
"DE-HE","00+",2022-02-12,2022-01-15,"-28 day ahead inc hosp","quantile",0.975,399,"COVID-19"
"DE-HH","00+",2022-02-12,2022-02-12,"0 day ahead inc hosp","mean",NA,102,"COVID-19"
"DE-HH","00+",2022-02-12,2022-02-12,"0 day ahead inc hosp","quantile",0.025,62,"COVID-19"
"DE-HH","00+",2022-02-12,2022-02-12,"0 day ahead inc hosp","quantile",0.1,69,"COVID-19"
"DE-HH","00+",2022-02-12,2022-02-12,"0 day ahead inc hosp","quantile",0.25,80,"COVID-19"
"DE-HH","00+",2022-02-12,2022-02-12,"0 day ahead inc hosp","quantile",0.5,96,"COVID-19"
"DE-HH","00+",2022-02-12,2022-02-12,"0 day ahead inc hosp","quantile",0.75,118,"COVID-19"
"DE-HH","00+",2022-02-12,2022-02-12,"0 day ahead inc hosp","quantile",0.9,144,"COVID-19"
"DE-HH","00+",2022-02-12,2022-02-12,"0 day ahead inc hosp","quantile",0.975,179,"COVID-19"
"DE-HH","00+",2022-02-12,2022-02-11,"-1 day ahead inc hosp","mean",NA,145,"COVID-19"
"DE-HH","00+",2022-02-12,2022-02-11,"-1 day ahead inc hosp","quantile",0.025,99,"COVID-19"
"DE-HH","00+",2022-02-12,2022-02-11,"-1 day ahead inc hosp","quantile",0.1,110,"COVID-19"
"DE-HH","00+",2022-02-12,2022-02-11,"-1 day ahead inc hosp","quantile",0.25,122,"COVID-19"
"DE-HH","00+",2022-02-12,2022-02-11,"-1 day ahead inc hosp","quantile",0.5,140,"COVID-19"
"DE-HH","00+",2022-02-12,2022-02-11,"-1 day ahead inc hosp","quantile",0.75,162,"COVID-19"
"DE-HH","00+",2022-02-12,2022-02-11,"-1 day ahead inc hosp","quantile",0.9,187,"COVID-19"
"DE-HH","00+",2022-02-12,2022-02-11,"-1 day ahead inc hosp","quantile",0.975,220,"COVID-19"
"DE-HH","00+",2022-02-12,2022-02-10,"-2 day ahead inc hosp","mean",NA,171,"COVID-19"
"DE-HH","00+",2022-02-12,2022-02-10,"-2 day ahead inc hosp","quantile",0.025,126,"COVID-19"
"DE-HH","00+",2022-02-12,2022-02-10,"-2 day ahead inc hosp","quantile",0.1,137,"COVID-19"
"DE-HH","00+",2022-02-12,2022-02-10,"-2 day ahead inc hosp","quantile",0.25,149,"COVID-19"
"DE-HH","00+",2022-02-12,2022-02-10,"-2 day ahead inc hosp","quantile",0.5,166,"COVID-19"
"DE-HH","00+",2022-02-12,2022-02-10,"-2 day ahead inc hosp","quantile",0.75,187,"COVID-19"
"DE-HH","00+",2022-02-12,2022-02-10,"-2 day ahead inc hosp","quantile",0.9,210,"COVID-19"
"DE-HH","00+",2022-02-12,2022-02-10,"-2 day ahead inc hosp","quantile",0.975,240,"COVID-19"
"DE-HH","00+",2022-02-12,2022-02-09,"-3 day ahead inc hosp","mean",NA,186,"COVID-19"
"DE-HH","00+",2022-02-12,2022-02-09,"-3 day ahead inc hosp","quantile",0.025,141,"COVID-19"
"DE-HH","00+",2022-02-12,2022-02-09,"-3 day ahead inc hosp","quantile",0.1,151,"COVID-19"
"DE-HH","00+",2022-02-12,2022-02-09,"-3 day ahead inc hosp","quantile",0.25,164,"COVID-19"
"DE-HH","00+",2022-02-12,2022-02-09,"-3 day ahead inc hosp","quantile",0.5,181,"COVID-19"
"DE-HH","00+",2022-02-12,2022-02-09,"-3 day ahead inc hosp","quantile",0.75,203,"COVID-19"
"DE-HH","00+",2022-02-12,2022-02-09,"-3 day ahead inc hosp","quantile",0.9,226,"COVID-19"
"DE-HH","00+",2022-02-12,2022-02-09,"-3 day ahead inc hosp","quantile",0.975,256,"COVID-19"
"DE-HH","00+",2022-02-12,2022-02-08,"-4 day ahead inc hosp","mean",NA,223,"COVID-19"
"DE-HH","00+",2022-02-12,2022-02-08,"-4 day ahead inc hosp","quantile",0.025,176,"COVID-19"
"DE-HH","00+",2022-02-12,2022-02-08,"-4 day ahead inc hosp","quantile",0.1,187,"COVID-19"
"DE-HH","00+",2022-02-12,2022-02-08,"-4 day ahead inc hosp","quantile",0.25,200,"COVID-19"
"DE-HH","00+",2022-02-12,2022-02-08,"-4 day ahead inc hosp","quantile",0.5,218,"COVID-19"
"DE-HH","00+",2022-02-12,2022-02-08,"-4 day ahead inc hosp","quantile",0.75,241,"COVID-19"
"DE-HH","00+",2022-02-12,2022-02-08,"-4 day ahead inc hosp","quantile",0.9,266,"COVID-19"
"DE-HH","00+",2022-02-12,2022-02-08,"-4 day ahead inc hosp","quantile",0.975,298,"COVID-19"
"DE-HH","00+",2022-02-12,2022-02-07,"-5 day ahead inc hosp","mean",NA,244,"COVID-19"
"DE-HH","00+",2022-02-12,2022-02-07,"-5 day ahead inc hosp","quantile",0.025,199,"COVID-19"
"DE-HH","00+",2022-02-12,2022-02-07,"-5 day ahead inc hosp","quantile",0.1,209,"COVID-19"
"DE-HH","00+",2022-02-12,2022-02-07,"-5 day ahead inc hosp","quantile",0.25,222,"COVID-19"
"DE-HH","00+",2022-02-12,2022-02-07,"-5 day ahead inc hosp","quantile",0.5,239,"COVID-19"
"DE-HH","00+",2022-02-12,2022-02-07,"-5 day ahead inc hosp","quantile",0.75,262,"COVID-19"
"DE-HH","00+",2022-02-12,2022-02-07,"-5 day ahead inc hosp","quantile",0.9,286,"COVID-19"
"DE-HH","00+",2022-02-12,2022-02-07,"-5 day ahead inc hosp","quantile",0.975,318,"COVID-19"
"DE-HH","00+",2022-02-12,2022-02-06,"-6 day ahead inc hosp","mean",NA,242,"COVID-19"
"DE-HH","00+",2022-02-12,2022-02-06,"-6 day ahead inc hosp","quantile",0.025,198,"COVID-19"
"DE-HH","00+",2022-02-12,2022-02-06,"-6 day ahead inc hosp","quantile",0.1,208,"COVID-19"
"DE-HH","00+",2022-02-12,2022-02-06,"-6 day ahead inc hosp","quantile",0.25,220,"COVID-19"
"DE-HH","00+",2022-02-12,2022-02-06,"-6 day ahead inc hosp","quantile",0.5,237,"COVID-19"
"DE-HH","00+",2022-02-12,2022-02-06,"-6 day ahead inc hosp","quantile",0.75,259,"COVID-19"
"DE-HH","00+",2022-02-12,2022-02-06,"-6 day ahead inc hosp","quantile",0.9,284,"COVID-19"
"DE-HH","00+",2022-02-12,2022-02-06,"-6 day ahead inc hosp","quantile",0.975,317,"COVID-19"
"DE-HH","00+",2022-02-12,2022-02-05,"-7 day ahead inc hosp","mean",NA,249,"COVID-19"
"DE-HH","00+",2022-02-12,2022-02-05,"-7 day ahead inc hosp","quantile",0.025,204,"COVID-19"
"DE-HH","00+",2022-02-12,2022-02-05,"-7 day ahead inc hosp","quantile",0.1,213,"COVID-19"
"DE-HH","00+",2022-02-12,2022-02-05,"-7 day ahead inc hosp","quantile",0.25,225,"COVID-19"
"DE-HH","00+",2022-02-12,2022-02-05,"-7 day ahead inc hosp","quantile",0.5,243,"COVID-19"
"DE-HH","00+",2022-02-12,2022-02-05,"-7 day ahead inc hosp","quantile",0.75,266,"COVID-19"
"DE-HH","00+",2022-02-12,2022-02-05,"-7 day ahead inc hosp","quantile",0.9,293,"COVID-19"
"DE-HH","00+",2022-02-12,2022-02-05,"-7 day ahead inc hosp","quantile",0.975,328,"COVID-19"
"DE-HH","00+",2022-02-12,2022-02-04,"-8 day ahead inc hosp","mean",NA,252,"COVID-19"
"DE-HH","00+",2022-02-12,2022-02-04,"-8 day ahead inc hosp","quantile",0.025,210,"COVID-19"
"DE-HH","00+",2022-02-12,2022-02-04,"-8 day ahead inc hosp","quantile",0.1,218,"COVID-19"
"DE-HH","00+",2022-02-12,2022-02-04,"-8 day ahead inc hosp","quantile",0.25,229,"COVID-19"
"DE-HH","00+",2022-02-12,2022-02-04,"-8 day ahead inc hosp","quantile",0.5,246,"COVID-19"
"DE-HH","00+",2022-02-12,2022-02-04,"-8 day ahead inc hosp","quantile",0.75,269,"COVID-19"
"DE-HH","00+",2022-02-12,2022-02-04,"-8 day ahead inc hosp","quantile",0.9,295,"COVID-19"
"DE-HH","00+",2022-02-12,2022-02-04,"-8 day ahead inc hosp","quantile",0.975,331,"COVID-19"
"DE-HH","00+",2022-02-12,2022-02-03,"-9 day ahead inc hosp","mean",NA,253,"COVID-19"
"DE-HH","00+",2022-02-12,2022-02-03,"-9 day ahead inc hosp","quantile",0.025,212,"COVID-19"
"DE-HH","00+",2022-02-12,2022-02-03,"-9 day ahead inc hosp","quantile",0.1,219,"COVID-19"
"DE-HH","00+",2022-02-12,2022-02-03,"-9 day ahead inc hosp","quantile",0.25,229,"COVID-19"
"DE-HH","00+",2022-02-12,2022-02-03,"-9 day ahead inc hosp","quantile",0.5,246,"COVID-19"
"DE-HH","00+",2022-02-12,2022-02-03,"-9 day ahead inc hosp","quantile",0.75,269,"COVID-19"
"DE-HH","00+",2022-02-12,2022-02-03,"-9 day ahead inc hosp","quantile",0.9,295,"COVID-19"
"DE-HH","00+",2022-02-12,2022-02-03,"-9 day ahead inc hosp","quantile",0.975,332,"COVID-19"
"DE-HH","00+",2022-02-12,2022-02-02,"-10 day ahead inc hosp","mean",NA,265,"COVID-19"
"DE-HH","00+",2022-02-12,2022-02-02,"-10 day ahead inc hosp","quantile",0.025,224,"COVID-19"
"DE-HH","00+",2022-02-12,2022-02-02,"-10 day ahead inc hosp","quantile",0.1,231,"COVID-19"
"DE-HH","00+",2022-02-12,2022-02-02,"-10 day ahead inc hosp","quantile",0.25,241,"COVID-19"
"DE-HH","00+",2022-02-12,2022-02-02,"-10 day ahead inc hosp","quantile",0.5,257,"COVID-19"
"DE-HH","00+",2022-02-12,2022-02-02,"-10 day ahead inc hosp","quantile",0.75,280,"COVID-19"
"DE-HH","00+",2022-02-12,2022-02-02,"-10 day ahead inc hosp","quantile",0.9,307,"COVID-19"
"DE-HH","00+",2022-02-12,2022-02-02,"-10 day ahead inc hosp","quantile",0.975,345,"COVID-19"
"DE-HH","00+",2022-02-12,2022-02-01,"-11 day ahead inc hosp","mean",NA,266,"COVID-19"
"DE-HH","00+",2022-02-12,2022-02-01,"-11 day ahead inc hosp","quantile",0.025,230,"COVID-19"
"DE-HH","00+",2022-02-12,2022-02-01,"-11 day ahead inc hosp","quantile",0.1,235,"COVID-19"
"DE-HH","00+",2022-02-12,2022-02-01,"-11 day ahead inc hosp","quantile",0.25,244,"COVID-19"
"DE-HH","00+",2022-02-12,2022-02-01,"-11 day ahead inc hosp","quantile",0.5,259,"COVID-19"
"DE-HH","00+",2022-02-12,2022-02-01,"-11 day ahead inc hosp","quantile",0.75,281,"COVID-19"
"DE-HH","00+",2022-02-12,2022-02-01,"-11 day ahead inc hosp","quantile",0.9,306,"COVID-19"
"DE-HH","00+",2022-02-12,2022-02-01,"-11 day ahead inc hosp","quantile",0.975,342,"COVID-19"
"DE-HH","00+",2022-02-12,2022-01-31,"-12 day ahead inc hosp","mean",NA,267,"COVID-19"
"DE-HH","00+",2022-02-12,2022-01-31,"-12 day ahead inc hosp","quantile",0.025,235,"COVID-19"
"DE-HH","00+",2022-02-12,2022-01-31,"-12 day ahead inc hosp","quantile",0.1,239,"COVID-19"
"DE-HH","00+",2022-02-12,2022-01-31,"-12 day ahead inc hosp","quantile",0.25,247,"COVID-19"
"DE-HH","00+",2022-02-12,2022-01-31,"-12 day ahead inc hosp","quantile",0.5,261,"COVID-19"
"DE-HH","00+",2022-02-12,2022-01-31,"-12 day ahead inc hosp","quantile",0.75,280,"COVID-19"
"DE-HH","00+",2022-02-12,2022-01-31,"-12 day ahead inc hosp","quantile",0.9,304,"COVID-19"
"DE-HH","00+",2022-02-12,2022-01-31,"-12 day ahead inc hosp","quantile",0.975,339,"COVID-19"
"DE-HH","00+",2022-02-12,2022-01-30,"-13 day ahead inc hosp","mean",NA,285,"COVID-19"
"DE-HH","00+",2022-02-12,2022-01-30,"-13 day ahead inc hosp","quantile",0.025,251,"COVID-19"
"DE-HH","00+",2022-02-12,2022-01-30,"-13 day ahead inc hosp","quantile",0.1,256,"COVID-19"
"DE-HH","00+",2022-02-12,2022-01-30,"-13 day ahead inc hosp","quantile",0.25,264,"COVID-19"
"DE-HH","00+",2022-02-12,2022-01-30,"-13 day ahead inc hosp","quantile",0.5,278,"COVID-19"
"DE-HH","00+",2022-02-12,2022-01-30,"-13 day ahead inc hosp","quantile",0.75,298,"COVID-19"
"DE-HH","00+",2022-02-12,2022-01-30,"-13 day ahead inc hosp","quantile",0.9,323,"COVID-19"
"DE-HH","00+",2022-02-12,2022-01-30,"-13 day ahead inc hosp","quantile",0.975,360,"COVID-19"
"DE-HH","00+",2022-02-12,2022-01-29,"-14 day ahead inc hosp","mean",NA,280,"COVID-19"
"DE-HH","00+",2022-02-12,2022-01-29,"-14 day ahead inc hosp","quantile",0.025,248,"COVID-19"
"DE-HH","00+",2022-02-12,2022-01-29,"-14 day ahead inc hosp","quantile",0.1,252,"COVID-19"
"DE-HH","00+",2022-02-12,2022-01-29,"-14 day ahead inc hosp","quantile",0.25,259,"COVID-19"
"DE-HH","00+",2022-02-12,2022-01-29,"-14 day ahead inc hosp","quantile",0.5,273,"COVID-19"
"DE-HH","00+",2022-02-12,2022-01-29,"-14 day ahead inc hosp","quantile",0.75,293,"COVID-19"
"DE-HH","00+",2022-02-12,2022-01-29,"-14 day ahead inc hosp","quantile",0.9,317,"COVID-19"
"DE-HH","00+",2022-02-12,2022-01-29,"-14 day ahead inc hosp","quantile",0.975,353,"COVID-19"
"DE-HH","00+",2022-02-12,2022-01-28,"-15 day ahead inc hosp","mean",NA,283,"COVID-19"
"DE-HH","00+",2022-02-12,2022-01-28,"-15 day ahead inc hosp","quantile",0.025,253,"COVID-19"
"DE-HH","00+",2022-02-12,2022-01-28,"-15 day ahead inc hosp","quantile",0.1,257,"COVID-19"
"DE-HH","00+",2022-02-12,2022-01-28,"-15 day ahead inc hosp","quantile",0.25,264,"COVID-19"
"DE-HH","00+",2022-02-12,2022-01-28,"-15 day ahead inc hosp","quantile",0.5,276,"COVID-19"
"DE-HH","00+",2022-02-12,2022-01-28,"-15 day ahead inc hosp","quantile",0.75,295,"COVID-19"
"DE-HH","00+",2022-02-12,2022-01-28,"-15 day ahead inc hosp","quantile",0.9,319,"COVID-19"
"DE-HH","00+",2022-02-12,2022-01-28,"-15 day ahead inc hosp","quantile",0.975,353,"COVID-19"
"DE-HH","00+",2022-02-12,2022-01-27,"-16 day ahead inc hosp","mean",NA,303,"COVID-19"
"DE-HH","00+",2022-02-12,2022-01-27,"-16 day ahead inc hosp","quantile",0.025,273,"COVID-19"
"DE-HH","00+",2022-02-12,2022-01-27,"-16 day ahead inc hosp","quantile",0.1,277,"COVID-19"
"DE-HH","00+",2022-02-12,2022-01-27,"-16 day ahead inc hosp","quantile",0.25,283,"COVID-19"
"DE-HH","00+",2022-02-12,2022-01-27,"-16 day ahead inc hosp","quantile",0.5,295,"COVID-19"
"DE-HH","00+",2022-02-12,2022-01-27,"-16 day ahead inc hosp","quantile",0.75,315,"COVID-19"
"DE-HH","00+",2022-02-12,2022-01-27,"-16 day ahead inc hosp","quantile",0.9,338,"COVID-19"
"DE-HH","00+",2022-02-12,2022-01-27,"-16 day ahead inc hosp","quantile",0.975,373,"COVID-19"
"DE-HH","00+",2022-02-12,2022-01-26,"-17 day ahead inc hosp","mean",NA,306,"COVID-19"
"DE-HH","00+",2022-02-12,2022-01-26,"-17 day ahead inc hosp","quantile",0.025,278,"COVID-19"
"DE-HH","00+",2022-02-12,2022-01-26,"-17 day ahead inc hosp","quantile",0.1,281,"COVID-19"
"DE-HH","00+",2022-02-12,2022-01-26,"-17 day ahead inc hosp","quantile",0.25,287,"COVID-19"
"DE-HH","00+",2022-02-12,2022-01-26,"-17 day ahead inc hosp","quantile",0.5,299,"COVID-19"
"DE-HH","00+",2022-02-12,2022-01-26,"-17 day ahead inc hosp","quantile",0.75,317,"COVID-19"
"DE-HH","00+",2022-02-12,2022-01-26,"-17 day ahead inc hosp","quantile",0.9,339,"COVID-19"
"DE-HH","00+",2022-02-12,2022-01-26,"-17 day ahead inc hosp","quantile",0.975,373,"COVID-19"
"DE-HH","00+",2022-02-12,2022-01-25,"-18 day ahead inc hosp","mean",NA,277,"COVID-19"
"DE-HH","00+",2022-02-12,2022-01-25,"-18 day ahead inc hosp","quantile",0.025,255,"COVID-19"
"DE-HH","00+",2022-02-12,2022-01-25,"-18 day ahead inc hosp","quantile",0.1,257,"COVID-19"
"DE-HH","00+",2022-02-12,2022-01-25,"-18 day ahead inc hosp","quantile",0.25,262,"COVID-19"
"DE-HH","00+",2022-02-12,2022-01-25,"-18 day ahead inc hosp","quantile",0.5,272,"COVID-19"
"DE-HH","00+",2022-02-12,2022-01-25,"-18 day ahead inc hosp","quantile",0.75,287,"COVID-19"
"DE-HH","00+",2022-02-12,2022-01-25,"-18 day ahead inc hosp","quantile",0.9,305,"COVID-19"
"DE-HH","00+",2022-02-12,2022-01-25,"-18 day ahead inc hosp","quantile",0.975,333,"COVID-19"
"DE-HH","00+",2022-02-12,2022-01-24,"-19 day ahead inc hosp","mean",NA,264,"COVID-19"
"DE-HH","00+",2022-02-12,2022-01-24,"-19 day ahead inc hosp","quantile",0.025,246,"COVID-19"
"DE-HH","00+",2022-02-12,2022-01-24,"-19 day ahead inc hosp","quantile",0.1,248,"COVID-19"
"DE-HH","00+",2022-02-12,2022-01-24,"-19 day ahead inc hosp","quantile",0.25,252,"COVID-19"
"DE-HH","00+",2022-02-12,2022-01-24,"-19 day ahead inc hosp","quantile",0.5,260,"COVID-19"
"DE-HH","00+",2022-02-12,2022-01-24,"-19 day ahead inc hosp","quantile",0.75,272,"COVID-19"
"DE-HH","00+",2022-02-12,2022-01-24,"-19 day ahead inc hosp","quantile",0.9,286,"COVID-19"
"DE-HH","00+",2022-02-12,2022-01-24,"-19 day ahead inc hosp","quantile",0.975,308,"COVID-19"
"DE-HH","00+",2022-02-12,2022-01-23,"-20 day ahead inc hosp","mean",NA,246,"COVID-19"
"DE-HH","00+",2022-02-12,2022-01-23,"-20 day ahead inc hosp","quantile",0.025,230,"COVID-19"
"DE-HH","00+",2022-02-12,2022-01-23,"-20 day ahead inc hosp","quantile",0.1,232,"COVID-19"
"DE-HH","00+",2022-02-12,2022-01-23,"-20 day ahead inc hosp","quantile",0.25,236,"COVID-19"
"DE-HH","00+",2022-02-12,2022-01-23,"-20 day ahead inc hosp","quantile",0.5,243,"COVID-19"
"DE-HH","00+",2022-02-12,2022-01-23,"-20 day ahead inc hosp","quantile",0.75,253,"COVID-19"
"DE-HH","00+",2022-02-12,2022-01-23,"-20 day ahead inc hosp","quantile",0.9,265,"COVID-19"
"DE-HH","00+",2022-02-12,2022-01-23,"-20 day ahead inc hosp","quantile",0.975,283,"COVID-19"
"DE-HH","00+",2022-02-12,2022-01-22,"-21 day ahead inc hosp","mean",NA,246,"COVID-19"
"DE-HH","00+",2022-02-12,2022-01-22,"-21 day ahead inc hosp","quantile",0.025,231,"COVID-19"
"DE-HH","00+",2022-02-12,2022-01-22,"-21 day ahead inc hosp","quantile",0.1,233,"COVID-19"
"DE-HH","00+",2022-02-12,2022-01-22,"-21 day ahead inc hosp","quantile",0.25,237,"COVID-19"
"DE-HH","00+",2022-02-12,2022-01-22,"-21 day ahead inc hosp","quantile",0.5,243,"COVID-19"
"DE-HH","00+",2022-02-12,2022-01-22,"-21 day ahead inc hosp","quantile",0.75,252,"COVID-19"
"DE-HH","00+",2022-02-12,2022-01-22,"-21 day ahead inc hosp","quantile",0.9,264,"COVID-19"
"DE-HH","00+",2022-02-12,2022-01-22,"-21 day ahead inc hosp","quantile",0.975,281,"COVID-19"
"DE-HH","00+",2022-02-12,2022-01-21,"-22 day ahead inc hosp","mean",NA,233,"COVID-19"
"DE-HH","00+",2022-02-12,2022-01-21,"-22 day ahead inc hosp","quantile",0.025,221,"COVID-19"
"DE-HH","00+",2022-02-12,2022-01-21,"-22 day ahead inc hosp","quantile",0.1,223,"COVID-19"
"DE-HH","00+",2022-02-12,2022-01-21,"-22 day ahead inc hosp","quantile",0.25,225,"COVID-19"
"DE-HH","00+",2022-02-12,2022-01-21,"-22 day ahead inc hosp","quantile",0.5,230,"COVID-19"
"DE-HH","00+",2022-02-12,2022-01-21,"-22 day ahead inc hosp","quantile",0.75,238,"COVID-19"
"DE-HH","00+",2022-02-12,2022-01-21,"-22 day ahead inc hosp","quantile",0.9,247,"COVID-19"
"DE-HH","00+",2022-02-12,2022-01-21,"-22 day ahead inc hosp","quantile",0.975,261,"COVID-19"
"DE-HH","00+",2022-02-12,2022-01-20,"-23 day ahead inc hosp","mean",NA,212,"COVID-19"
"DE-HH","00+",2022-02-12,2022-01-20,"-23 day ahead inc hosp","quantile",0.025,203,"COVID-19"
"DE-HH","00+",2022-02-12,2022-01-20,"-23 day ahead inc hosp","quantile",0.1,204,"COVID-19"
"DE-HH","00+",2022-02-12,2022-01-20,"-23 day ahead inc hosp","quantile",0.25,206,"COVID-19"
"DE-HH","00+",2022-02-12,2022-01-20,"-23 day ahead inc hosp","quantile",0.5,210,"COVID-19"
"DE-HH","00+",2022-02-12,2022-01-20,"-23 day ahead inc hosp","quantile",0.75,216,"COVID-19"
"DE-HH","00+",2022-02-12,2022-01-20,"-23 day ahead inc hosp","quantile",0.9,223,"COVID-19"
"DE-HH","00+",2022-02-12,2022-01-20,"-23 day ahead inc hosp","quantile",0.975,233,"COVID-19"
"DE-HH","00+",2022-02-12,2022-01-19,"-24 day ahead inc hosp","mean",NA,225,"COVID-19"
"DE-HH","00+",2022-02-12,2022-01-19,"-24 day ahead inc hosp","quantile",0.025,217,"COVID-19"
"DE-HH","00+",2022-02-12,2022-01-19,"-24 day ahead inc hosp","quantile",0.1,218,"COVID-19"
"DE-HH","00+",2022-02-12,2022-01-19,"-24 day ahead inc hosp","quantile",0.25,220,"COVID-19"
"DE-HH","00+",2022-02-12,2022-01-19,"-24 day ahead inc hosp","quantile",0.5,223,"COVID-19"
"DE-HH","00+",2022-02-12,2022-01-19,"-24 day ahead inc hosp","quantile",0.75,228,"COVID-19"
"DE-HH","00+",2022-02-12,2022-01-19,"-24 day ahead inc hosp","quantile",0.9,234,"COVID-19"
"DE-HH","00+",2022-02-12,2022-01-19,"-24 day ahead inc hosp","quantile",0.975,243,"COVID-19"
"DE-HH","00+",2022-02-12,2022-01-18,"-25 day ahead inc hosp","mean",NA,214,"COVID-19"
"DE-HH","00+",2022-02-12,2022-01-18,"-25 day ahead inc hosp","quantile",0.025,207,"COVID-19"
"DE-HH","00+",2022-02-12,2022-01-18,"-25 day ahead inc hosp","quantile",0.1,208,"COVID-19"
"DE-HH","00+",2022-02-12,2022-01-18,"-25 day ahead inc hosp","quantile",0.25,209,"COVID-19"
"DE-HH","00+",2022-02-12,2022-01-18,"-25 day ahead inc hosp","quantile",0.5,212,"COVID-19"
"DE-HH","00+",2022-02-12,2022-01-18,"-25 day ahead inc hosp","quantile",0.75,217,"COVID-19"
"DE-HH","00+",2022-02-12,2022-01-18,"-25 day ahead inc hosp","quantile",0.9,222,"COVID-19"
"DE-HH","00+",2022-02-12,2022-01-18,"-25 day ahead inc hosp","quantile",0.975,230,"COVID-19"
"DE-HH","00+",2022-02-12,2022-01-17,"-26 day ahead inc hosp","mean",NA,213,"COVID-19"
"DE-HH","00+",2022-02-12,2022-01-17,"-26 day ahead inc hosp","quantile",0.025,207,"COVID-19"
"DE-HH","00+",2022-02-12,2022-01-17,"-26 day ahead inc hosp","quantile",0.1,208,"COVID-19"
"DE-HH","00+",2022-02-12,2022-01-17,"-26 day ahead inc hosp","quantile",0.25,209,"COVID-19"
"DE-HH","00+",2022-02-12,2022-01-17,"-26 day ahead inc hosp","quantile",0.5,211,"COVID-19"
"DE-HH","00+",2022-02-12,2022-01-17,"-26 day ahead inc hosp","quantile",0.75,215,"COVID-19"
"DE-HH","00+",2022-02-12,2022-01-17,"-26 day ahead inc hosp","quantile",0.9,219,"COVID-19"
"DE-HH","00+",2022-02-12,2022-01-17,"-26 day ahead inc hosp","quantile",0.975,226,"COVID-19"
"DE-HH","00+",2022-02-12,2022-01-16,"-27 day ahead inc hosp","mean",NA,207,"COVID-19"
"DE-HH","00+",2022-02-12,2022-01-16,"-27 day ahead inc hosp","quantile",0.025,202,"COVID-19"
"DE-HH","00+",2022-02-12,2022-01-16,"-27 day ahead inc hosp","quantile",0.1,202,"COVID-19"
"DE-HH","00+",2022-02-12,2022-01-16,"-27 day ahead inc hosp","quantile",0.25,204,"COVID-19"
"DE-HH","00+",2022-02-12,2022-01-16,"-27 day ahead inc hosp","quantile",0.5,206,"COVID-19"
"DE-HH","00+",2022-02-12,2022-01-16,"-27 day ahead inc hosp","quantile",0.75,209,"COVID-19"
"DE-HH","00+",2022-02-12,2022-01-16,"-27 day ahead inc hosp","quantile",0.9,214,"COVID-19"
"DE-HH","00+",2022-02-12,2022-01-16,"-27 day ahead inc hosp","quantile",0.975,220,"COVID-19"
"DE-HH","00+",2022-02-12,2022-01-15,"-28 day ahead inc hosp","mean",NA,200,"COVID-19"
"DE-HH","00+",2022-02-12,2022-01-15,"-28 day ahead inc hosp","quantile",0.025,195,"COVID-19"
"DE-HH","00+",2022-02-12,2022-01-15,"-28 day ahead inc hosp","quantile",0.1,195,"COVID-19"
"DE-HH","00+",2022-02-12,2022-01-15,"-28 day ahead inc hosp","quantile",0.25,196,"COVID-19"
"DE-HH","00+",2022-02-12,2022-01-15,"-28 day ahead inc hosp","quantile",0.5,199,"COVID-19"
"DE-HH","00+",2022-02-12,2022-01-15,"-28 day ahead inc hosp","quantile",0.75,202,"COVID-19"
"DE-HH","00+",2022-02-12,2022-01-15,"-28 day ahead inc hosp","quantile",0.9,206,"COVID-19"
"DE-HH","00+",2022-02-12,2022-01-15,"-28 day ahead inc hosp","quantile",0.975,212,"COVID-19"
"DE-MV","00+",2022-02-12,2022-02-12,"0 day ahead inc hosp","mean",NA,435,"COVID-19"
"DE-MV","00+",2022-02-12,2022-02-12,"0 day ahead inc hosp","quantile",0.025,318,"COVID-19"
"DE-MV","00+",2022-02-12,2022-02-12,"0 day ahead inc hosp","quantile",0.1,349,"COVID-19"
"DE-MV","00+",2022-02-12,2022-02-12,"0 day ahead inc hosp","quantile",0.25,382,"COVID-19"
"DE-MV","00+",2022-02-12,2022-02-12,"0 day ahead inc hosp","quantile",0.5,427,"COVID-19"
"DE-MV","00+",2022-02-12,2022-02-12,"0 day ahead inc hosp","quantile",0.75,479,"COVID-19"
"DE-MV","00+",2022-02-12,2022-02-12,"0 day ahead inc hosp","quantile",0.9,532,"COVID-19"
"DE-MV","00+",2022-02-12,2022-02-12,"0 day ahead inc hosp","quantile",0.975,601,"COVID-19"
"DE-MV","00+",2022-02-12,2022-02-11,"-1 day ahead inc hosp","mean",NA,432,"COVID-19"
"DE-MV","00+",2022-02-12,2022-02-11,"-1 day ahead inc hosp","quantile",0.025,329,"COVID-19"
"DE-MV","00+",2022-02-12,2022-02-11,"-1 day ahead inc hosp","quantile",0.1,356,"COVID-19"
"DE-MV","00+",2022-02-12,2022-02-11,"-1 day ahead inc hosp","quantile",0.25,385,"COVID-19"
"DE-MV","00+",2022-02-12,2022-02-11,"-1 day ahead inc hosp","quantile",0.5,424,"COVID-19"
"DE-MV","00+",2022-02-12,2022-02-11,"-1 day ahead inc hosp","quantile",0.75,470,"COVID-19"
"DE-MV","00+",2022-02-12,2022-02-11,"-1 day ahead inc hosp","quantile",0.9,517,"COVID-19"
"DE-MV","00+",2022-02-12,2022-02-11,"-1 day ahead inc hosp","quantile",0.975,578,"COVID-19"
"DE-MV","00+",2022-02-12,2022-02-10,"-2 day ahead inc hosp","mean",NA,401,"COVID-19"
"DE-MV","00+",2022-02-12,2022-02-10,"-2 day ahead inc hosp","quantile",0.025,319,"COVID-19"
"DE-MV","00+",2022-02-12,2022-02-10,"-2 day ahead inc hosp","quantile",0.1,340,"COVID-19"
"DE-MV","00+",2022-02-12,2022-02-10,"-2 day ahead inc hosp","quantile",0.25,364,"COVID-19"
"DE-MV","00+",2022-02-12,2022-02-10,"-2 day ahead inc hosp","quantile",0.5,395,"COVID-19"
"DE-MV","00+",2022-02-12,2022-02-10,"-2 day ahead inc hosp","quantile",0.75,431,"COVID-19"
"DE-MV","00+",2022-02-12,2022-02-10,"-2 day ahead inc hosp","quantile",0.9,469,"COVID-19"
"DE-MV","00+",2022-02-12,2022-02-10,"-2 day ahead inc hosp","quantile",0.975,518,"COVID-19"
"DE-MV","00+",2022-02-12,2022-02-09,"-3 day ahead inc hosp","mean",NA,354,"COVID-19"
"DE-MV","00+",2022-02-12,2022-02-09,"-3 day ahead inc hosp","quantile",0.025,291,"COVID-19"
"DE-MV","00+",2022-02-12,2022-02-09,"-3 day ahead inc hosp","quantile",0.1,307,"COVID-19"
"DE-MV","00+",2022-02-12,2022-02-09,"-3 day ahead inc hosp","quantile",0.25,325,"COVID-19"
"DE-MV","00+",2022-02-12,2022-02-09,"-3 day ahead inc hosp","quantile",0.5,349,"COVID-19"
"DE-MV","00+",2022-02-12,2022-02-09,"-3 day ahead inc hosp","quantile",0.75,378,"COVID-19"
"DE-MV","00+",2022-02-12,2022-02-09,"-3 day ahead inc hosp","quantile",0.9,407,"COVID-19"
"DE-MV","00+",2022-02-12,2022-02-09,"-3 day ahead inc hosp","quantile",0.975,446,"COVID-19"
"DE-MV","00+",2022-02-12,2022-02-08,"-4 day ahead inc hosp","mean",NA,335,"COVID-19"
"DE-MV","00+",2022-02-12,2022-02-08,"-4 day ahead inc hosp","quantile",0.025,281,"COVID-19"
"DE-MV","00+",2022-02-12,2022-02-08,"-4 day ahead inc hosp","quantile",0.1,295,"COVID-19"
"DE-MV","00+",2022-02-12,2022-02-08,"-4 day ahead inc hosp","quantile",0.25,310,"COVID-19"
"DE-MV","00+",2022-02-12,2022-02-08,"-4 day ahead inc hosp","quantile",0.5,331,"COVID-19"
"DE-MV","00+",2022-02-12,2022-02-08,"-4 day ahead inc hosp","quantile",0.75,355,"COVID-19"
"DE-MV","00+",2022-02-12,2022-02-08,"-4 day ahead inc hosp","quantile",0.9,381,"COVID-19"
"DE-MV","00+",2022-02-12,2022-02-08,"-4 day ahead inc hosp","quantile",0.975,414,"COVID-19"
"DE-MV","00+",2022-02-12,2022-02-07,"-5 day ahead inc hosp","mean",NA,322,"COVID-19"
"DE-MV","00+",2022-02-12,2022-02-07,"-5 day ahead inc hosp","quantile",0.025,275,"COVID-19"
"DE-MV","00+",2022-02-12,2022-02-07,"-5 day ahead inc hosp","quantile",0.1,287,"COVID-19"
"DE-MV","00+",2022-02-12,2022-02-07,"-5 day ahead inc hosp","quantile",0.25,300,"COVID-19"
"DE-MV","00+",2022-02-12,2022-02-07,"-5 day ahead inc hosp","quantile",0.5,318,"COVID-19"
"DE-MV","00+",2022-02-12,2022-02-07,"-5 day ahead inc hosp","quantile",0.75,340,"COVID-19"
"DE-MV","00+",2022-02-12,2022-02-07,"-5 day ahead inc hosp","quantile",0.9,363,"COVID-19"
"DE-MV","00+",2022-02-12,2022-02-07,"-5 day ahead inc hosp","quantile",0.975,393,"COVID-19"
"DE-MV","00+",2022-02-12,2022-02-06,"-6 day ahead inc hosp","mean",NA,299,"COVID-19"
"DE-MV","00+",2022-02-12,2022-02-06,"-6 day ahead inc hosp","quantile",0.025,256,"COVID-19"
"DE-MV","00+",2022-02-12,2022-02-06,"-6 day ahead inc hosp","quantile",0.1,266,"COVID-19"
"DE-MV","00+",2022-02-12,2022-02-06,"-6 day ahead inc hosp","quantile",0.25,278,"COVID-19"
"DE-MV","00+",2022-02-12,2022-02-06,"-6 day ahead inc hosp","quantile",0.5,295,"COVID-19"
"DE-MV","00+",2022-02-12,2022-02-06,"-6 day ahead inc hosp","quantile",0.75,315,"COVID-19"
"DE-MV","00+",2022-02-12,2022-02-06,"-6 day ahead inc hosp","quantile",0.9,336,"COVID-19"
"DE-MV","00+",2022-02-12,2022-02-06,"-6 day ahead inc hosp","quantile",0.975,365,"COVID-19"
"DE-MV","00+",2022-02-12,2022-02-05,"-7 day ahead inc hosp","mean",NA,269,"COVID-19"
"DE-MV","00+",2022-02-12,2022-02-05,"-7 day ahead inc hosp","quantile",0.025,233,"COVID-19"
"DE-MV","00+",2022-02-12,2022-02-05,"-7 day ahead inc hosp","quantile",0.1,242,"COVID-19"
"DE-MV","00+",2022-02-12,2022-02-05,"-7 day ahead inc hosp","quantile",0.25,252,"COVID-19"
"DE-MV","00+",2022-02-12,2022-02-05,"-7 day ahead inc hosp","quantile",0.5,266,"COVID-19"
"DE-MV","00+",2022-02-12,2022-02-05,"-7 day ahead inc hosp","quantile",0.75,283,"COVID-19"
"DE-MV","00+",2022-02-12,2022-02-05,"-7 day ahead inc hosp","quantile",0.9,301,"COVID-19"
"DE-MV","00+",2022-02-12,2022-02-05,"-7 day ahead inc hosp","quantile",0.975,326,"COVID-19"
"DE-MV","00+",2022-02-12,2022-02-04,"-8 day ahead inc hosp","mean",NA,246,"COVID-19"
"DE-MV","00+",2022-02-12,2022-02-04,"-8 day ahead inc hosp","quantile",0.025,217,"COVID-19"
"DE-MV","00+",2022-02-12,2022-02-04,"-8 day ahead inc hosp","quantile",0.1,223,"COVID-19"
"DE-MV","00+",2022-02-12,2022-02-04,"-8 day ahead inc hosp","quantile",0.25,231,"COVID-19"
"DE-MV","00+",2022-02-12,2022-02-04,"-8 day ahead inc hosp","quantile",0.5,243,"COVID-19"
"DE-MV","00+",2022-02-12,2022-02-04,"-8 day ahead inc hosp","quantile",0.75,257,"COVID-19"
"DE-MV","00+",2022-02-12,2022-02-04,"-8 day ahead inc hosp","quantile",0.9,273,"COVID-19"
"DE-MV","00+",2022-02-12,2022-02-04,"-8 day ahead inc hosp","quantile",0.975,293,"COVID-19"
"DE-MV","00+",2022-02-12,2022-02-03,"-9 day ahead inc hosp","mean",NA,226,"COVID-19"
"DE-MV","00+",2022-02-12,2022-02-03,"-9 day ahead inc hosp","quantile",0.025,202,"COVID-19"
"DE-MV","00+",2022-02-12,2022-02-03,"-9 day ahead inc hosp","quantile",0.1,207,"COVID-19"
"DE-MV","00+",2022-02-12,2022-02-03,"-9 day ahead inc hosp","quantile",0.25,214,"COVID-19"
"DE-MV","00+",2022-02-12,2022-02-03,"-9 day ahead inc hosp","quantile",0.5,224,"COVID-19"
"DE-MV","00+",2022-02-12,2022-02-03,"-9 day ahead inc hosp","quantile",0.75,236,"COVID-19"
"DE-MV","00+",2022-02-12,2022-02-03,"-9 day ahead inc hosp","quantile",0.9,249,"COVID-19"
"DE-MV","00+",2022-02-12,2022-02-03,"-9 day ahead inc hosp","quantile",0.975,267,"COVID-19"
"DE-MV","00+",2022-02-12,2022-02-02,"-10 day ahead inc hosp","mean",NA,218,"COVID-19"
"DE-MV","00+",2022-02-12,2022-02-02,"-10 day ahead inc hosp","quantile",0.025,197,"COVID-19"
"DE-MV","00+",2022-02-12,2022-02-02,"-10 day ahead inc hosp","quantile",0.1,201,"COVID-19"
"DE-MV","00+",2022-02-12,2022-02-02,"-10 day ahead inc hosp","quantile",0.25,207,"COVID-19"
"DE-MV","00+",2022-02-12,2022-02-02,"-10 day ahead inc hosp","quantile",0.5,215,"COVID-19"
"DE-MV","00+",2022-02-12,2022-02-02,"-10 day ahead inc hosp","quantile",0.75,226,"COVID-19"
"DE-MV","00+",2022-02-12,2022-02-02,"-10 day ahead inc hosp","quantile",0.9,238,"COVID-19"
"DE-MV","00+",2022-02-12,2022-02-02,"-10 day ahead inc hosp","quantile",0.975,253,"COVID-19"
"DE-MV","00+",2022-02-12,2022-02-01,"-11 day ahead inc hosp","mean",NA,227,"COVID-19"
"DE-MV","00+",2022-02-12,2022-02-01,"-11 day ahead inc hosp","quantile",0.025,209,"COVID-19"
"DE-MV","00+",2022-02-12,2022-02-01,"-11 day ahead inc hosp","quantile",0.1,212,"COVID-19"
"DE-MV","00+",2022-02-12,2022-02-01,"-11 day ahead inc hosp","quantile",0.25,217,"COVID-19"
"DE-MV","00+",2022-02-12,2022-02-01,"-11 day ahead inc hosp","quantile",0.5,225,"COVID-19"
"DE-MV","00+",2022-02-12,2022-02-01,"-11 day ahead inc hosp","quantile",0.75,234,"COVID-19"
"DE-MV","00+",2022-02-12,2022-02-01,"-11 day ahead inc hosp","quantile",0.9,245,"COVID-19"
"DE-MV","00+",2022-02-12,2022-02-01,"-11 day ahead inc hosp","quantile",0.975,259,"COVID-19"
"DE-MV","00+",2022-02-12,2022-01-31,"-12 day ahead inc hosp","mean",NA,209,"COVID-19"
"DE-MV","00+",2022-02-12,2022-01-31,"-12 day ahead inc hosp","quantile",0.025,194,"COVID-19"
"DE-MV","00+",2022-02-12,2022-01-31,"-12 day ahead inc hosp","quantile",0.1,197,"COVID-19"
"DE-MV","00+",2022-02-12,2022-01-31,"-12 day ahead inc hosp","quantile",0.25,201,"COVID-19"
"DE-MV","00+",2022-02-12,2022-01-31,"-12 day ahead inc hosp","quantile",0.5,207,"COVID-19"
"DE-MV","00+",2022-02-12,2022-01-31,"-12 day ahead inc hosp","quantile",0.75,215,"COVID-19"
"DE-MV","00+",2022-02-12,2022-01-31,"-12 day ahead inc hosp","quantile",0.9,224,"COVID-19"
"DE-MV","00+",2022-02-12,2022-01-31,"-12 day ahead inc hosp","quantile",0.975,236,"COVID-19"
"DE-MV","00+",2022-02-12,2022-01-30,"-13 day ahead inc hosp","mean",NA,215,"COVID-19"
"DE-MV","00+",2022-02-12,2022-01-30,"-13 day ahead inc hosp","quantile",0.025,200,"COVID-19"
"DE-MV","00+",2022-02-12,2022-01-30,"-13 day ahead inc hosp","quantile",0.1,203,"COVID-19"
"DE-MV","00+",2022-02-12,2022-01-30,"-13 day ahead inc hosp","quantile",0.25,207,"COVID-19"
"DE-MV","00+",2022-02-12,2022-01-30,"-13 day ahead inc hosp","quantile",0.5,213,"COVID-19"
"DE-MV","00+",2022-02-12,2022-01-30,"-13 day ahead inc hosp","quantile",0.75,221,"COVID-19"
"DE-MV","00+",2022-02-12,2022-01-30,"-13 day ahead inc hosp","quantile",0.9,229,"COVID-19"
"DE-MV","00+",2022-02-12,2022-01-30,"-13 day ahead inc hosp","quantile",0.975,242,"COVID-19"
"DE-MV","00+",2022-02-12,2022-01-29,"-14 day ahead inc hosp","mean",NA,215,"COVID-19"
"DE-MV","00+",2022-02-12,2022-01-29,"-14 day ahead inc hosp","quantile",0.025,201,"COVID-19"
"DE-MV","00+",2022-02-12,2022-01-29,"-14 day ahead inc hosp","quantile",0.1,203,"COVID-19"
"DE-MV","00+",2022-02-12,2022-01-29,"-14 day ahead inc hosp","quantile",0.25,207,"COVID-19"
"DE-MV","00+",2022-02-12,2022-01-29,"-14 day ahead inc hosp","quantile",0.5,213,"COVID-19"
"DE-MV","00+",2022-02-12,2022-01-29,"-14 day ahead inc hosp","quantile",0.75,220,"COVID-19"
"DE-MV","00+",2022-02-12,2022-01-29,"-14 day ahead inc hosp","quantile",0.9,228,"COVID-19"
"DE-MV","00+",2022-02-12,2022-01-29,"-14 day ahead inc hosp","quantile",0.975,240,"COVID-19"
"DE-MV","00+",2022-02-12,2022-01-28,"-15 day ahead inc hosp","mean",NA,205,"COVID-19"
"DE-MV","00+",2022-02-12,2022-01-28,"-15 day ahead inc hosp","quantile",0.025,193,"COVID-19"
"DE-MV","00+",2022-02-12,2022-01-28,"-15 day ahead inc hosp","quantile",0.1,195,"COVID-19"
"DE-MV","00+",2022-02-12,2022-01-28,"-15 day ahead inc hosp","quantile",0.25,198,"COVID-19"
"DE-MV","00+",2022-02-12,2022-01-28,"-15 day ahead inc hosp","quantile",0.5,203,"COVID-19"
"DE-MV","00+",2022-02-12,2022-01-28,"-15 day ahead inc hosp","quantile",0.75,210,"COVID-19"
"DE-MV","00+",2022-02-12,2022-01-28,"-15 day ahead inc hosp","quantile",0.9,218,"COVID-19"
"DE-MV","00+",2022-02-12,2022-01-28,"-15 day ahead inc hosp","quantile",0.975,228,"COVID-19"
"DE-MV","00+",2022-02-12,2022-01-27,"-16 day ahead inc hosp","mean",NA,202,"COVID-19"
"DE-MV","00+",2022-02-12,2022-01-27,"-16 day ahead inc hosp","quantile",0.025,191,"COVID-19"
"DE-MV","00+",2022-02-12,2022-01-27,"-16 day ahead inc hosp","quantile",0.1,193,"COVID-19"
"DE-MV","00+",2022-02-12,2022-01-27,"-16 day ahead inc hosp","quantile",0.25,196,"COVID-19"
"DE-MV","00+",2022-02-12,2022-01-27,"-16 day ahead inc hosp","quantile",0.5,200,"COVID-19"
"DE-MV","00+",2022-02-12,2022-01-27,"-16 day ahead inc hosp","quantile",0.75,206,"COVID-19"
"DE-MV","00+",2022-02-12,2022-01-27,"-16 day ahead inc hosp","quantile",0.9,213,"COVID-19"
"DE-MV","00+",2022-02-12,2022-01-27,"-16 day ahead inc hosp","quantile",0.975,223,"COVID-19"
"DE-MV","00+",2022-02-12,2022-01-26,"-17 day ahead inc hosp","mean",NA,192,"COVID-19"
"DE-MV","00+",2022-02-12,2022-01-26,"-17 day ahead inc hosp","quantile",0.025,183,"COVID-19"
"DE-MV","00+",2022-02-12,2022-01-26,"-17 day ahead inc hosp","quantile",0.1,184,"COVID-19"
"DE-MV","00+",2022-02-12,2022-01-26,"-17 day ahead inc hosp","quantile",0.25,186,"COVID-19"
"DE-MV","00+",2022-02-12,2022-01-26,"-17 day ahead inc hosp","quantile",0.5,190,"COVID-19"
"DE-MV","00+",2022-02-12,2022-01-26,"-17 day ahead inc hosp","quantile",0.75,195,"COVID-19"
"DE-MV","00+",2022-02-12,2022-01-26,"-17 day ahead inc hosp","quantile",0.9,201,"COVID-19"
"DE-MV","00+",2022-02-12,2022-01-26,"-17 day ahead inc hosp","quantile",0.975,210,"COVID-19"
"DE-MV","00+",2022-02-12,2022-01-25,"-18 day ahead inc hosp","mean",NA,177,"COVID-19"
"DE-MV","00+",2022-02-12,2022-01-25,"-18 day ahead inc hosp","quantile",0.025,170,"COVID-19"
"DE-MV","00+",2022-02-12,2022-01-25,"-18 day ahead inc hosp","quantile",0.1,171,"COVID-19"
"DE-MV","00+",2022-02-12,2022-01-25,"-18 day ahead inc hosp","quantile",0.25,173,"COVID-19"
"DE-MV","00+",2022-02-12,2022-01-25,"-18 day ahead inc hosp","quantile",0.5,176,"COVID-19"
"DE-MV","00+",2022-02-12,2022-01-25,"-18 day ahead inc hosp","quantile",0.75,180,"COVID-19"
"DE-MV","00+",2022-02-12,2022-01-25,"-18 day ahead inc hosp","quantile",0.9,184,"COVID-19"
"DE-MV","00+",2022-02-12,2022-01-25,"-18 day ahead inc hosp","quantile",0.975,191,"COVID-19"
"DE-MV","00+",2022-02-12,2022-01-24,"-19 day ahead inc hosp","mean",NA,169,"COVID-19"
"DE-MV","00+",2022-02-12,2022-01-24,"-19 day ahead inc hosp","quantile",0.025,163,"COVID-19"
"DE-MV","00+",2022-02-12,2022-01-24,"-19 day ahead inc hosp","quantile",0.1,164,"COVID-19"
"DE-MV","00+",2022-02-12,2022-01-24,"-19 day ahead inc hosp","quantile",0.25,165,"COVID-19"
"DE-MV","00+",2022-02-12,2022-01-24,"-19 day ahead inc hosp","quantile",0.5,168,"COVID-19"
"DE-MV","00+",2022-02-12,2022-01-24,"-19 day ahead inc hosp","quantile",0.75,171,"COVID-19"
"DE-MV","00+",2022-02-12,2022-01-24,"-19 day ahead inc hosp","quantile",0.9,175,"COVID-19"
"DE-MV","00+",2022-02-12,2022-01-24,"-19 day ahead inc hosp","quantile",0.975,180,"COVID-19"
"DE-MV","00+",2022-02-12,2022-01-23,"-20 day ahead inc hosp","mean",NA,159,"COVID-19"
"DE-MV","00+",2022-02-12,2022-01-23,"-20 day ahead inc hosp","quantile",0.025,154,"COVID-19"
"DE-MV","00+",2022-02-12,2022-01-23,"-20 day ahead inc hosp","quantile",0.1,155,"COVID-19"
"DE-MV","00+",2022-02-12,2022-01-23,"-20 day ahead inc hosp","quantile",0.25,156,"COVID-19"
"DE-MV","00+",2022-02-12,2022-01-23,"-20 day ahead inc hosp","quantile",0.5,158,"COVID-19"
"DE-MV","00+",2022-02-12,2022-01-23,"-20 day ahead inc hosp","quantile",0.75,161,"COVID-19"
"DE-MV","00+",2022-02-12,2022-01-23,"-20 day ahead inc hosp","quantile",0.9,164,"COVID-19"
"DE-MV","00+",2022-02-12,2022-01-23,"-20 day ahead inc hosp","quantile",0.975,169,"COVID-19"
"DE-MV","00+",2022-02-12,2022-01-22,"-21 day ahead inc hosp","mean",NA,169,"COVID-19"
"DE-MV","00+",2022-02-12,2022-01-22,"-21 day ahead inc hosp","quantile",0.025,164,"COVID-19"
"DE-MV","00+",2022-02-12,2022-01-22,"-21 day ahead inc hosp","quantile",0.1,165,"COVID-19"
"DE-MV","00+",2022-02-12,2022-01-22,"-21 day ahead inc hosp","quantile",0.25,166,"COVID-19"
"DE-MV","00+",2022-02-12,2022-01-22,"-21 day ahead inc hosp","quantile",0.5,168,"COVID-19"
"DE-MV","00+",2022-02-12,2022-01-22,"-21 day ahead inc hosp","quantile",0.75,171,"COVID-19"
"DE-MV","00+",2022-02-12,2022-01-22,"-21 day ahead inc hosp","quantile",0.9,173,"COVID-19"
"DE-MV","00+",2022-02-12,2022-01-22,"-21 day ahead inc hosp","quantile",0.975,177,"COVID-19"
"DE-MV","00+",2022-02-12,2022-01-21,"-22 day ahead inc hosp","mean",NA,167,"COVID-19"
"DE-MV","00+",2022-02-12,2022-01-21,"-22 day ahead inc hosp","quantile",0.025,163,"COVID-19"
"DE-MV","00+",2022-02-12,2022-01-21,"-22 day ahead inc hosp","quantile",0.1,164,"COVID-19"
"DE-MV","00+",2022-02-12,2022-01-21,"-22 day ahead inc hosp","quantile",0.25,165,"COVID-19"
"DE-MV","00+",2022-02-12,2022-01-21,"-22 day ahead inc hosp","quantile",0.5,167,"COVID-19"
"DE-MV","00+",2022-02-12,2022-01-21,"-22 day ahead inc hosp","quantile",0.75,169,"COVID-19"
"DE-MV","00+",2022-02-12,2022-01-21,"-22 day ahead inc hosp","quantile",0.9,171,"COVID-19"
"DE-MV","00+",2022-02-12,2022-01-21,"-22 day ahead inc hosp","quantile",0.975,174,"COVID-19"
"DE-MV","00+",2022-02-12,2022-01-20,"-23 day ahead inc hosp","mean",NA,169,"COVID-19"
"DE-MV","00+",2022-02-12,2022-01-20,"-23 day ahead inc hosp","quantile",0.025,165,"COVID-19"
"DE-MV","00+",2022-02-12,2022-01-20,"-23 day ahead inc hosp","quantile",0.1,166,"COVID-19"
"DE-MV","00+",2022-02-12,2022-01-20,"-23 day ahead inc hosp","quantile",0.25,167,"COVID-19"
"DE-MV","00+",2022-02-12,2022-01-20,"-23 day ahead inc hosp","quantile",0.5,168,"COVID-19"
"DE-MV","00+",2022-02-12,2022-01-20,"-23 day ahead inc hosp","quantile",0.75,170,"COVID-19"
"DE-MV","00+",2022-02-12,2022-01-20,"-23 day ahead inc hosp","quantile",0.9,172,"COVID-19"
"DE-MV","00+",2022-02-12,2022-01-20,"-23 day ahead inc hosp","quantile",0.975,175,"COVID-19"
"DE-MV","00+",2022-02-12,2022-01-19,"-24 day ahead inc hosp","mean",NA,164,"COVID-19"
"DE-MV","00+",2022-02-12,2022-01-19,"-24 day ahead inc hosp","quantile",0.025,161,"COVID-19"
"DE-MV","00+",2022-02-12,2022-01-19,"-24 day ahead inc hosp","quantile",0.1,162,"COVID-19"
"DE-MV","00+",2022-02-12,2022-01-19,"-24 day ahead inc hosp","quantile",0.25,162,"COVID-19"
"DE-MV","00+",2022-02-12,2022-01-19,"-24 day ahead inc hosp","quantile",0.5,164,"COVID-19"
"DE-MV","00+",2022-02-12,2022-01-19,"-24 day ahead inc hosp","quantile",0.75,165,"COVID-19"
"DE-MV","00+",2022-02-12,2022-01-19,"-24 day ahead inc hosp","quantile",0.9,167,"COVID-19"
"DE-MV","00+",2022-02-12,2022-01-19,"-24 day ahead inc hosp","quantile",0.975,169,"COVID-19"
"DE-MV","00+",2022-02-12,2022-01-18,"-25 day ahead inc hosp","mean",NA,155,"COVID-19"
"DE-MV","00+",2022-02-12,2022-01-18,"-25 day ahead inc hosp","quantile",0.025,153,"COVID-19"
"DE-MV","00+",2022-02-12,2022-01-18,"-25 day ahead inc hosp","quantile",0.1,153,"COVID-19"
"DE-MV","00+",2022-02-12,2022-01-18,"-25 day ahead inc hosp","quantile",0.25,154,"COVID-19"
"DE-MV","00+",2022-02-12,2022-01-18,"-25 day ahead inc hosp","quantile",0.5,155,"COVID-19"
"DE-MV","00+",2022-02-12,2022-01-18,"-25 day ahead inc hosp","quantile",0.75,156,"COVID-19"
"DE-MV","00+",2022-02-12,2022-01-18,"-25 day ahead inc hosp","quantile",0.9,158,"COVID-19"
"DE-MV","00+",2022-02-12,2022-01-18,"-25 day ahead inc hosp","quantile",0.975,160,"COVID-19"
"DE-MV","00+",2022-02-12,2022-01-17,"-26 day ahead inc hosp","mean",NA,156,"COVID-19"
"DE-MV","00+",2022-02-12,2022-01-17,"-26 day ahead inc hosp","quantile",0.025,154,"COVID-19"
"DE-MV","00+",2022-02-12,2022-01-17,"-26 day ahead inc hosp","quantile",0.1,154,"COVID-19"
"DE-MV","00+",2022-02-12,2022-01-17,"-26 day ahead inc hosp","quantile",0.25,155,"COVID-19"
"DE-MV","00+",2022-02-12,2022-01-17,"-26 day ahead inc hosp","quantile",0.5,156,"COVID-19"
"DE-MV","00+",2022-02-12,2022-01-17,"-26 day ahead inc hosp","quantile",0.75,157,"COVID-19"
"DE-MV","00+",2022-02-12,2022-01-17,"-26 day ahead inc hosp","quantile",0.9,159,"COVID-19"
"DE-MV","00+",2022-02-12,2022-01-17,"-26 day ahead inc hosp","quantile",0.975,160,"COVID-19"
"DE-MV","00+",2022-02-12,2022-01-16,"-27 day ahead inc hosp","mean",NA,160,"COVID-19"
"DE-MV","00+",2022-02-12,2022-01-16,"-27 day ahead inc hosp","quantile",0.025,158,"COVID-19"
"DE-MV","00+",2022-02-12,2022-01-16,"-27 day ahead inc hosp","quantile",0.1,158,"COVID-19"
"DE-MV","00+",2022-02-12,2022-01-16,"-27 day ahead inc hosp","quantile",0.25,159,"COVID-19"
"DE-MV","00+",2022-02-12,2022-01-16,"-27 day ahead inc hosp","quantile",0.5,160,"COVID-19"
"DE-MV","00+",2022-02-12,2022-01-16,"-27 day ahead inc hosp","quantile",0.75,161,"COVID-19"
"DE-MV","00+",2022-02-12,2022-01-16,"-27 day ahead inc hosp","quantile",0.9,163,"COVID-19"
"DE-MV","00+",2022-02-12,2022-01-16,"-27 day ahead inc hosp","quantile",0.975,164,"COVID-19"
"DE-MV","00+",2022-02-12,2022-01-15,"-28 day ahead inc hosp","mean",NA,143,"COVID-19"
"DE-MV","00+",2022-02-12,2022-01-15,"-28 day ahead inc hosp","quantile",0.025,141,"COVID-19"
"DE-MV","00+",2022-02-12,2022-01-15,"-28 day ahead inc hosp","quantile",0.1,141,"COVID-19"
"DE-MV","00+",2022-02-12,2022-01-15,"-28 day ahead inc hosp","quantile",0.25,142,"COVID-19"
"DE-MV","00+",2022-02-12,2022-01-15,"-28 day ahead inc hosp","quantile",0.5,143,"COVID-19"
"DE-MV","00+",2022-02-12,2022-01-15,"-28 day ahead inc hosp","quantile",0.75,144,"COVID-19"
"DE-MV","00+",2022-02-12,2022-01-15,"-28 day ahead inc hosp","quantile",0.9,145,"COVID-19"
"DE-MV","00+",2022-02-12,2022-01-15,"-28 day ahead inc hosp","quantile",0.975,146,"COVID-19"
"DE-NI","00+",2022-02-12,2022-02-12,"0 day ahead inc hosp","mean",NA,647,"COVID-19"
"DE-NI","00+",2022-02-12,2022-02-12,"0 day ahead inc hosp","quantile",0.025,491,"COVID-19"
"DE-NI","00+",2022-02-12,2022-02-12,"0 day ahead inc hosp","quantile",0.1,534,"COVID-19"
"DE-NI","00+",2022-02-12,2022-02-12,"0 day ahead inc hosp","quantile",0.25,578,"COVID-19"
"DE-NI","00+",2022-02-12,2022-02-12,"0 day ahead inc hosp","quantile",0.5,637,"COVID-19"
"DE-NI","00+",2022-02-12,2022-02-12,"0 day ahead inc hosp","quantile",0.75,704,"COVID-19"
"DE-NI","00+",2022-02-12,2022-02-12,"0 day ahead inc hosp","quantile",0.9,773,"COVID-19"
"DE-NI","00+",2022-02-12,2022-02-12,"0 day ahead inc hosp","quantile",0.975,859,"COVID-19"
"DE-NI","00+",2022-02-12,2022-02-11,"-1 day ahead inc hosp","mean",NA,645,"COVID-19"
"DE-NI","00+",2022-02-12,2022-02-11,"-1 day ahead inc hosp","quantile",0.025,523,"COVID-19"
"DE-NI","00+",2022-02-12,2022-02-11,"-1 day ahead inc hosp","quantile",0.1,557,"COVID-19"
"DE-NI","00+",2022-02-12,2022-02-11,"-1 day ahead inc hosp","quantile",0.25,592,"COVID-19"
"DE-NI","00+",2022-02-12,2022-02-11,"-1 day ahead inc hosp","quantile",0.5,638,"COVID-19"
"DE-NI","00+",2022-02-12,2022-02-11,"-1 day ahead inc hosp","quantile",0.75,690,"COVID-19"
"DE-NI","00+",2022-02-12,2022-02-11,"-1 day ahead inc hosp","quantile",0.9,743,"COVID-19"
"DE-NI","00+",2022-02-12,2022-02-11,"-1 day ahead inc hosp","quantile",0.975,809,"COVID-19"
"DE-NI","00+",2022-02-12,2022-02-10,"-2 day ahead inc hosp","mean",NA,659,"COVID-19"
"DE-NI","00+",2022-02-12,2022-02-10,"-2 day ahead inc hosp","quantile",0.025,560,"COVID-19"
"DE-NI","00+",2022-02-12,2022-02-10,"-2 day ahead inc hosp","quantile",0.1,588,"COVID-19"
"DE-NI","00+",2022-02-12,2022-02-10,"-2 day ahead inc hosp","quantile",0.25,617,"COVID-19"
"DE-NI","00+",2022-02-12,2022-02-10,"-2 day ahead inc hosp","quantile",0.5,654,"COVID-19"
"DE-NI","00+",2022-02-12,2022-02-10,"-2 day ahead inc hosp","quantile",0.75,695,"COVID-19"
"DE-NI","00+",2022-02-12,2022-02-10,"-2 day ahead inc hosp","quantile",0.9,737,"COVID-19"
"DE-NI","00+",2022-02-12,2022-02-10,"-2 day ahead inc hosp","quantile",0.975,789,"COVID-19"
"DE-NI","00+",2022-02-12,2022-02-09,"-3 day ahead inc hosp","mean",NA,618,"COVID-19"
"DE-NI","00+",2022-02-12,2022-02-09,"-3 day ahead inc hosp","quantile",0.025,542,"COVID-19"
"DE-NI","00+",2022-02-12,2022-02-09,"-3 day ahead inc hosp","quantile",0.1,564,"COVID-19"
"DE-NI","00+",2022-02-12,2022-02-09,"-3 day ahead inc hosp","quantile",0.25,586,"COVID-19"
"DE-NI","00+",2022-02-12,2022-02-09,"-3 day ahead inc hosp","quantile",0.5,615,"COVID-19"
"DE-NI","00+",2022-02-12,2022-02-09,"-3 day ahead inc hosp","quantile",0.75,646,"COVID-19"
"DE-NI","00+",2022-02-12,2022-02-09,"-3 day ahead inc hosp","quantile",0.9,678,"COVID-19"
"DE-NI","00+",2022-02-12,2022-02-09,"-3 day ahead inc hosp","quantile",0.975,717,"COVID-19"
"DE-NI","00+",2022-02-12,2022-02-08,"-4 day ahead inc hosp","mean",NA,605,"COVID-19"
"DE-NI","00+",2022-02-12,2022-02-08,"-4 day ahead inc hosp","quantile",0.025,545,"COVID-19"
"DE-NI","00+",2022-02-12,2022-02-08,"-4 day ahead inc hosp","quantile",0.1,562,"COVID-19"
"DE-NI","00+",2022-02-12,2022-02-08,"-4 day ahead inc hosp","quantile",0.25,580,"COVID-19"
"DE-NI","00+",2022-02-12,2022-02-08,"-4 day ahead inc hosp","quantile",0.5,602,"COVID-19"
"DE-NI","00+",2022-02-12,2022-02-08,"-4 day ahead inc hosp","quantile",0.75,627,"COVID-19"
"DE-NI","00+",2022-02-12,2022-02-08,"-4 day ahead inc hosp","quantile",0.9,652,"COVID-19"
"DE-NI","00+",2022-02-12,2022-02-08,"-4 day ahead inc hosp","quantile",0.975,682,"COVID-19"
"DE-NI","00+",2022-02-12,2022-02-07,"-5 day ahead inc hosp","mean",NA,591,"COVID-19"
"DE-NI","00+",2022-02-12,2022-02-07,"-5 day ahead inc hosp","quantile",0.025,544,"COVID-19"
"DE-NI","00+",2022-02-12,2022-02-07,"-5 day ahead inc hosp","quantile",0.1,558,"COVID-19"
"DE-NI","00+",2022-02-12,2022-02-07,"-5 day ahead inc hosp","quantile",0.25,571,"COVID-19"
"DE-NI","00+",2022-02-12,2022-02-07,"-5 day ahead inc hosp","quantile",0.5,589,"COVID-19"
"DE-NI","00+",2022-02-12,2022-02-07,"-5 day ahead inc hosp","quantile",0.75,608,"COVID-19"
"DE-NI","00+",2022-02-12,2022-02-07,"-5 day ahead inc hosp","quantile",0.9,627,"COVID-19"
"DE-NI","00+",2022-02-12,2022-02-07,"-5 day ahead inc hosp","quantile",0.975,651,"COVID-19"
"DE-NI","00+",2022-02-12,2022-02-06,"-6 day ahead inc hosp","mean",NA,594,"COVID-19"
"DE-NI","00+",2022-02-12,2022-02-06,"-6 day ahead inc hosp","quantile",0.025,550,"COVID-19"
"DE-NI","00+",2022-02-12,2022-02-06,"-6 day ahead inc hosp","quantile",0.1,563,"COVID-19"
"DE-NI","00+",2022-02-12,2022-02-06,"-6 day ahead inc hosp","quantile",0.25,576,"COVID-19"
"DE-NI","00+",2022-02-12,2022-02-06,"-6 day ahead inc hosp","quantile",0.5,592,"COVID-19"
"DE-NI","00+",2022-02-12,2022-02-06,"-6 day ahead inc hosp","quantile",0.75,610,"COVID-19"
"DE-NI","00+",2022-02-12,2022-02-06,"-6 day ahead inc hosp","quantile",0.9,628,"COVID-19"
"DE-NI","00+",2022-02-12,2022-02-06,"-6 day ahead inc hosp","quantile",0.975,649,"COVID-19"
"DE-NI","00+",2022-02-12,2022-02-05,"-7 day ahead inc hosp","mean",NA,596,"COVID-19"
"DE-NI","00+",2022-02-12,2022-02-05,"-7 day ahead inc hosp","quantile",0.025,554,"COVID-19"
"DE-NI","00+",2022-02-12,2022-02-05,"-7 day ahead inc hosp","quantile",0.1,567,"COVID-19"
"DE-NI","00+",2022-02-12,2022-02-05,"-7 day ahead inc hosp","quantile",0.25,579,"COVID-19"
"DE-NI","00+",2022-02-12,2022-02-05,"-7 day ahead inc hosp","quantile",0.5,594,"COVID-19"
"DE-NI","00+",2022-02-12,2022-02-05,"-7 day ahead inc hosp","quantile",0.75,611,"COVID-19"
"DE-NI","00+",2022-02-12,2022-02-05,"-7 day ahead inc hosp","quantile",0.9,627,"COVID-19"
"DE-NI","00+",2022-02-12,2022-02-05,"-7 day ahead inc hosp","quantile",0.975,648,"COVID-19"
"DE-NI","00+",2022-02-12,2022-02-04,"-8 day ahead inc hosp","mean",NA,564,"COVID-19"
"DE-NI","00+",2022-02-12,2022-02-04,"-8 day ahead inc hosp","quantile",0.025,530,"COVID-19"
"DE-NI","00+",2022-02-12,2022-02-04,"-8 day ahead inc hosp","quantile",0.1,540,"COVID-19"
"DE-NI","00+",2022-02-12,2022-02-04,"-8 day ahead inc hosp","quantile",0.25,550,"COVID-19"
"DE-NI","00+",2022-02-12,2022-02-04,"-8 day ahead inc hosp","quantile",0.5,563,"COVID-19"
"DE-NI","00+",2022-02-12,2022-02-04,"-8 day ahead inc hosp","quantile",0.75,577,"COVID-19"
"DE-NI","00+",2022-02-12,2022-02-04,"-8 day ahead inc hosp","quantile",0.9,591,"COVID-19"
"DE-NI","00+",2022-02-12,2022-02-04,"-8 day ahead inc hosp","quantile",0.975,609,"COVID-19"
"DE-NI","00+",2022-02-12,2022-02-03,"-9 day ahead inc hosp","mean",NA,513,"COVID-19"
"DE-NI","00+",2022-02-12,2022-02-03,"-9 day ahead inc hosp","quantile",0.025,485,"COVID-19"
"DE-NI","00+",2022-02-12,2022-02-03,"-9 day ahead inc hosp","quantile",0.1,493,"COVID-19"
"DE-NI","00+",2022-02-12,2022-02-03,"-9 day ahead inc hosp","quantile",0.25,501,"COVID-19"
"DE-NI","00+",2022-02-12,2022-02-03,"-9 day ahead inc hosp","quantile",0.5,512,"COVID-19"
"DE-NI","00+",2022-02-12,2022-02-03,"-9 day ahead inc hosp","quantile",0.75,523,"COVID-19"
"DE-NI","00+",2022-02-12,2022-02-03,"-9 day ahead inc hosp","quantile",0.9,535,"COVID-19"
"DE-NI","00+",2022-02-12,2022-02-03,"-9 day ahead inc hosp","quantile",0.975,549,"COVID-19"
"DE-NI","00+",2022-02-12,2022-02-02,"-10 day ahead inc hosp","mean",NA,482,"COVID-19"
"DE-NI","00+",2022-02-12,2022-02-02,"-10 day ahead inc hosp","quantile",0.025,458,"COVID-19"
"DE-NI","00+",2022-02-12,2022-02-02,"-10 day ahead inc hosp","quantile",0.1,465,"COVID-19"
"DE-NI","00+",2022-02-12,2022-02-02,"-10 day ahead inc hosp","quantile",0.25,472,"COVID-19"
"DE-NI","00+",2022-02-12,2022-02-02,"-10 day ahead inc hosp","quantile",0.5,481,"COVID-19"
"DE-NI","00+",2022-02-12,2022-02-02,"-10 day ahead inc hosp","quantile",0.75,491,"COVID-19"
"DE-NI","00+",2022-02-12,2022-02-02,"-10 day ahead inc hosp","quantile",0.9,502,"COVID-19"
"DE-NI","00+",2022-02-12,2022-02-02,"-10 day ahead inc hosp","quantile",0.975,514,"COVID-19"
"DE-NI","00+",2022-02-12,2022-02-01,"-11 day ahead inc hosp","mean",NA,434,"COVID-19"
"DE-NI","00+",2022-02-12,2022-02-01,"-11 day ahead inc hosp","quantile",0.025,415,"COVID-19"
"DE-NI","00+",2022-02-12,2022-02-01,"-11 day ahead inc hosp","quantile",0.1,420,"COVID-19"
"DE-NI","00+",2022-02-12,2022-02-01,"-11 day ahead inc hosp","quantile",0.25,426,"COVID-19"
"DE-NI","00+",2022-02-12,2022-02-01,"-11 day ahead inc hosp","quantile",0.5,433,"COVID-19"
"DE-NI","00+",2022-02-12,2022-02-01,"-11 day ahead inc hosp","quantile",0.75,441,"COVID-19"
"DE-NI","00+",2022-02-12,2022-02-01,"-11 day ahead inc hosp","quantile",0.9,449,"COVID-19"
"DE-NI","00+",2022-02-12,2022-02-01,"-11 day ahead inc hosp","quantile",0.975,458,"COVID-19"
"DE-NI","00+",2022-02-12,2022-01-31,"-12 day ahead inc hosp","mean",NA,414,"COVID-19"
"DE-NI","00+",2022-02-12,2022-01-31,"-12 day ahead inc hosp","quantile",0.025,399,"COVID-19"
"DE-NI","00+",2022-02-12,2022-01-31,"-12 day ahead inc hosp","quantile",0.1,403,"COVID-19"
"DE-NI","00+",2022-02-12,2022-01-31,"-12 day ahead inc hosp","quantile",0.25,408,"COVID-19"
"DE-NI","00+",2022-02-12,2022-01-31,"-12 day ahead inc hosp","quantile",0.5,413,"COVID-19"
"DE-NI","00+",2022-02-12,2022-01-31,"-12 day ahead inc hosp","quantile",0.75,420,"COVID-19"
"DE-NI","00+",2022-02-12,2022-01-31,"-12 day ahead inc hosp","quantile",0.9,426,"COVID-19"
"DE-NI","00+",2022-02-12,2022-01-31,"-12 day ahead inc hosp","quantile",0.975,433,"COVID-19"
"DE-NI","00+",2022-02-12,2022-01-30,"-13 day ahead inc hosp","mean",NA,409,"COVID-19"
"DE-NI","00+",2022-02-12,2022-01-30,"-13 day ahead inc hosp","quantile",0.025,396,"COVID-19"
"DE-NI","00+",2022-02-12,2022-01-30,"-13 day ahead inc hosp","quantile",0.1,400,"COVID-19"
"DE-NI","00+",2022-02-12,2022-01-30,"-13 day ahead inc hosp","quantile",0.25,404,"COVID-19"
"DE-NI","00+",2022-02-12,2022-01-30,"-13 day ahead inc hosp","quantile",0.5,409,"COVID-19"
"DE-NI","00+",2022-02-12,2022-01-30,"-13 day ahead inc hosp","quantile",0.75,414,"COVID-19"
"DE-NI","00+",2022-02-12,2022-01-30,"-13 day ahead inc hosp","quantile",0.9,420,"COVID-19"
"DE-NI","00+",2022-02-12,2022-01-30,"-13 day ahead inc hosp","quantile",0.975,426,"COVID-19"
"DE-NI","00+",2022-02-12,2022-01-29,"-14 day ahead inc hosp","mean",NA,394,"COVID-19"
"DE-NI","00+",2022-02-12,2022-01-29,"-14 day ahead inc hosp","quantile",0.025,381,"COVID-19"
"DE-NI","00+",2022-02-12,2022-01-29,"-14 day ahead inc hosp","quantile",0.1,385,"COVID-19"
"DE-NI","00+",2022-02-12,2022-01-29,"-14 day ahead inc hosp","quantile",0.25,389,"COVID-19"
"DE-NI","00+",2022-02-12,2022-01-29,"-14 day ahead inc hosp","quantile",0.5,394,"COVID-19"
"DE-NI","00+",2022-02-12,2022-01-29,"-14 day ahead inc hosp","quantile",0.75,399,"COVID-19"
"DE-NI","00+",2022-02-12,2022-01-29,"-14 day ahead inc hosp","quantile",0.9,404,"COVID-19"
"DE-NI","00+",2022-02-12,2022-01-29,"-14 day ahead inc hosp","quantile",0.975,410,"COVID-19"
"DE-NI","00+",2022-02-12,2022-01-28,"-15 day ahead inc hosp","mean",NA,383,"COVID-19"
"DE-NI","00+",2022-02-12,2022-01-28,"-15 day ahead inc hosp","quantile",0.025,371,"COVID-19"
"DE-NI","00+",2022-02-12,2022-01-28,"-15 day ahead inc hosp","quantile",0.1,375,"COVID-19"
"DE-NI","00+",2022-02-12,2022-01-28,"-15 day ahead inc hosp","quantile",0.25,378,"COVID-19"
"DE-NI","00+",2022-02-12,2022-01-28,"-15 day ahead inc hosp","quantile",0.5,382,"COVID-19"
"DE-NI","00+",2022-02-12,2022-01-28,"-15 day ahead inc hosp","quantile",0.75,387,"COVID-19"
"DE-NI","00+",2022-02-12,2022-01-28,"-15 day ahead inc hosp","quantile",0.9,392,"COVID-19"
"DE-NI","00+",2022-02-12,2022-01-28,"-15 day ahead inc hosp","quantile",0.975,398,"COVID-19"
"DE-NI","00+",2022-02-12,2022-01-27,"-16 day ahead inc hosp","mean",NA,391,"COVID-19"
"DE-NI","00+",2022-02-12,2022-01-27,"-16 day ahead inc hosp","quantile",0.025,380,"COVID-19"
"DE-NI","00+",2022-02-12,2022-01-27,"-16 day ahead inc hosp","quantile",0.1,384,"COVID-19"
"DE-NI","00+",2022-02-12,2022-01-27,"-16 day ahead inc hosp","quantile",0.25,387,"COVID-19"
"DE-NI","00+",2022-02-12,2022-01-27,"-16 day ahead inc hosp","quantile",0.5,391,"COVID-19"
"DE-NI","00+",2022-02-12,2022-01-27,"-16 day ahead inc hosp","quantile",0.75,395,"COVID-19"
"DE-NI","00+",2022-02-12,2022-01-27,"-16 day ahead inc hosp","quantile",0.9,399,"COVID-19"
"DE-NI","00+",2022-02-12,2022-01-27,"-16 day ahead inc hosp","quantile",0.975,404,"COVID-19"
"DE-NI","00+",2022-02-12,2022-01-26,"-17 day ahead inc hosp","mean",NA,405,"COVID-19"
"DE-NI","00+",2022-02-12,2022-01-26,"-17 day ahead inc hosp","quantile",0.025,395,"COVID-19"
"DE-NI","00+",2022-02-12,2022-01-26,"-17 day ahead inc hosp","quantile",0.1,398,"COVID-19"
"DE-NI","00+",2022-02-12,2022-01-26,"-17 day ahead inc hosp","quantile",0.25,401,"COVID-19"
"DE-NI","00+",2022-02-12,2022-01-26,"-17 day ahead inc hosp","quantile",0.5,405,"COVID-19"
"DE-NI","00+",2022-02-12,2022-01-26,"-17 day ahead inc hosp","quantile",0.75,409,"COVID-19"
"DE-NI","00+",2022-02-12,2022-01-26,"-17 day ahead inc hosp","quantile",0.9,413,"COVID-19"
"DE-NI","00+",2022-02-12,2022-01-26,"-17 day ahead inc hosp","quantile",0.975,418,"COVID-19"
"DE-NI","00+",2022-02-12,2022-01-25,"-18 day ahead inc hosp","mean",NA,394,"COVID-19"
"DE-NI","00+",2022-02-12,2022-01-25,"-18 day ahead inc hosp","quantile",0.025,384,"COVID-19"
"DE-NI","00+",2022-02-12,2022-01-25,"-18 day ahead inc hosp","quantile",0.1,387,"COVID-19"
"DE-NI","00+",2022-02-12,2022-01-25,"-18 day ahead inc hosp","quantile",0.25,390,"COVID-19"
"DE-NI","00+",2022-02-12,2022-01-25,"-18 day ahead inc hosp","quantile",0.5,393,"COVID-19"
"DE-NI","00+",2022-02-12,2022-01-25,"-18 day ahead inc hosp","quantile",0.75,397,"COVID-19"
"DE-NI","00+",2022-02-12,2022-01-25,"-18 day ahead inc hosp","quantile",0.9,401,"COVID-19"
"DE-NI","00+",2022-02-12,2022-01-25,"-18 day ahead inc hosp","quantile",0.975,405,"COVID-19"
"DE-NI","00+",2022-02-12,2022-01-24,"-19 day ahead inc hosp","mean",NA,376,"COVID-19"
"DE-NI","00+",2022-02-12,2022-01-24,"-19 day ahead inc hosp","quantile",0.025,368,"COVID-19"
"DE-NI","00+",2022-02-12,2022-01-24,"-19 day ahead inc hosp","quantile",0.1,371,"COVID-19"
"DE-NI","00+",2022-02-12,2022-01-24,"-19 day ahead inc hosp","quantile",0.25,373,"COVID-19"
"DE-NI","00+",2022-02-12,2022-01-24,"-19 day ahead inc hosp","quantile",0.5,376,"COVID-19"
"DE-NI","00+",2022-02-12,2022-01-24,"-19 day ahead inc hosp","quantile",0.75,379,"COVID-19"
"DE-NI","00+",2022-02-12,2022-01-24,"-19 day ahead inc hosp","quantile",0.9,383,"COVID-19"
"DE-NI","00+",2022-02-12,2022-01-24,"-19 day ahead inc hosp","quantile",0.975,387,"COVID-19"
"DE-NI","00+",2022-02-12,2022-01-23,"-20 day ahead inc hosp","mean",NA,378,"COVID-19"
"DE-NI","00+",2022-02-12,2022-01-23,"-20 day ahead inc hosp","quantile",0.025,370,"COVID-19"
"DE-NI","00+",2022-02-12,2022-01-23,"-20 day ahead inc hosp","quantile",0.1,372,"COVID-19"
"DE-NI","00+",2022-02-12,2022-01-23,"-20 day ahead inc hosp","quantile",0.25,375,"COVID-19"
"DE-NI","00+",2022-02-12,2022-01-23,"-20 day ahead inc hosp","quantile",0.5,378,"COVID-19"
"DE-NI","00+",2022-02-12,2022-01-23,"-20 day ahead inc hosp","quantile",0.75,381,"COVID-19"
"DE-NI","00+",2022-02-12,2022-01-23,"-20 day ahead inc hosp","quantile",0.9,384,"COVID-19"
"DE-NI","00+",2022-02-12,2022-01-23,"-20 day ahead inc hosp","quantile",0.975,388,"COVID-19"
"DE-NI","00+",2022-02-12,2022-01-22,"-21 day ahead inc hosp","mean",NA,388,"COVID-19"
"DE-NI","00+",2022-02-12,2022-01-22,"-21 day ahead inc hosp","quantile",0.025,379,"COVID-19"
"DE-NI","00+",2022-02-12,2022-01-22,"-21 day ahead inc hosp","quantile",0.1,381,"COVID-19"
"DE-NI","00+",2022-02-12,2022-01-22,"-21 day ahead inc hosp","quantile",0.25,384,"COVID-19"
"DE-NI","00+",2022-02-12,2022-01-22,"-21 day ahead inc hosp","quantile",0.5,387,"COVID-19"
"DE-NI","00+",2022-02-12,2022-01-22,"-21 day ahead inc hosp","quantile",0.75,391,"COVID-19"
"DE-NI","00+",2022-02-12,2022-01-22,"-21 day ahead inc hosp","quantile",0.9,395,"COVID-19"
"DE-NI","00+",2022-02-12,2022-01-22,"-21 day ahead inc hosp","quantile",0.975,399,"COVID-19"
"DE-NI","00+",2022-02-12,2022-01-21,"-22 day ahead inc hosp","mean",NA,366,"COVID-19"
"DE-NI","00+",2022-02-12,2022-01-21,"-22 day ahead inc hosp","quantile",0.025,358,"COVID-19"
"DE-NI","00+",2022-02-12,2022-01-21,"-22 day ahead inc hosp","quantile",0.1,360,"COVID-19"
"DE-NI","00+",2022-02-12,2022-01-21,"-22 day ahead inc hosp","quantile",0.25,362,"COVID-19"
"DE-NI","00+",2022-02-12,2022-01-21,"-22 day ahead inc hosp","quantile",0.5,366,"COVID-19"
"DE-NI","00+",2022-02-12,2022-01-21,"-22 day ahead inc hosp","quantile",0.75,369,"COVID-19"
"DE-NI","00+",2022-02-12,2022-01-21,"-22 day ahead inc hosp","quantile",0.9,373,"COVID-19"
"DE-NI","00+",2022-02-12,2022-01-21,"-22 day ahead inc hosp","quantile",0.975,377,"COVID-19"
"DE-NI","00+",2022-02-12,2022-01-20,"-23 day ahead inc hosp","mean",NA,344,"COVID-19"
"DE-NI","00+",2022-02-12,2022-01-20,"-23 day ahead inc hosp","quantile",0.025,336,"COVID-19"
"DE-NI","00+",2022-02-12,2022-01-20,"-23 day ahead inc hosp","quantile",0.1,338,"COVID-19"
"DE-NI","00+",2022-02-12,2022-01-20,"-23 day ahead inc hosp","quantile",0.25,340,"COVID-19"
"DE-NI","00+",2022-02-12,2022-01-20,"-23 day ahead inc hosp","quantile",0.5,344,"COVID-19"
"DE-NI","00+",2022-02-12,2022-01-20,"-23 day ahead inc hosp","quantile",0.75,347,"COVID-19"
"DE-NI","00+",2022-02-12,2022-01-20,"-23 day ahead inc hosp","quantile",0.9,351,"COVID-19"
"DE-NI","00+",2022-02-12,2022-01-20,"-23 day ahead inc hosp","quantile",0.975,356,"COVID-19"
"DE-NI","00+",2022-02-12,2022-01-19,"-24 day ahead inc hosp","mean",NA,324,"COVID-19"
"DE-NI","00+",2022-02-12,2022-01-19,"-24 day ahead inc hosp","quantile",0.025,317,"COVID-19"
"DE-NI","00+",2022-02-12,2022-01-19,"-24 day ahead inc hosp","quantile",0.1,319,"COVID-19"
"DE-NI","00+",2022-02-12,2022-01-19,"-24 day ahead inc hosp","quantile",0.25,321,"COVID-19"
"DE-NI","00+",2022-02-12,2022-01-19,"-24 day ahead inc hosp","quantile",0.5,324,"COVID-19"
"DE-NI","00+",2022-02-12,2022-01-19,"-24 day ahead inc hosp","quantile",0.75,327,"COVID-19"
"DE-NI","00+",2022-02-12,2022-01-19,"-24 day ahead inc hosp","quantile",0.9,331,"COVID-19"
"DE-NI","00+",2022-02-12,2022-01-19,"-24 day ahead inc hosp","quantile",0.975,336,"COVID-19"
"DE-NI","00+",2022-02-12,2022-01-18,"-25 day ahead inc hosp","mean",NA,323,"COVID-19"
"DE-NI","00+",2022-02-12,2022-01-18,"-25 day ahead inc hosp","quantile",0.025,316,"COVID-19"
"DE-NI","00+",2022-02-12,2022-01-18,"-25 day ahead inc hosp","quantile",0.1,318,"COVID-19"
"DE-NI","00+",2022-02-12,2022-01-18,"-25 day ahead inc hosp","quantile",0.25,320,"COVID-19"
"DE-NI","00+",2022-02-12,2022-01-18,"-25 day ahead inc hosp","quantile",0.5,323,"COVID-19"
"DE-NI","00+",2022-02-12,2022-01-18,"-25 day ahead inc hosp","quantile",0.75,326,"COVID-19"
"DE-NI","00+",2022-02-12,2022-01-18,"-25 day ahead inc hosp","quantile",0.9,330,"COVID-19"
"DE-NI","00+",2022-02-12,2022-01-18,"-25 day ahead inc hosp","quantile",0.975,334,"COVID-19"
"DE-NI","00+",2022-02-12,2022-01-17,"-26 day ahead inc hosp","mean",NA,317,"COVID-19"
"DE-NI","00+",2022-02-12,2022-01-17,"-26 day ahead inc hosp","quantile",0.025,311,"COVID-19"
"DE-NI","00+",2022-02-12,2022-01-17,"-26 day ahead inc hosp","quantile",0.1,312,"COVID-19"
"DE-NI","00+",2022-02-12,2022-01-17,"-26 day ahead inc hosp","quantile",0.25,314,"COVID-19"
"DE-NI","00+",2022-02-12,2022-01-17,"-26 day ahead inc hosp","quantile",0.5,316,"COVID-19"
"DE-NI","00+",2022-02-12,2022-01-17,"-26 day ahead inc hosp","quantile",0.75,320,"COVID-19"
"DE-NI","00+",2022-02-12,2022-01-17,"-26 day ahead inc hosp","quantile",0.9,323,"COVID-19"
"DE-NI","00+",2022-02-12,2022-01-17,"-26 day ahead inc hosp","quantile",0.975,328,"COVID-19"
"DE-NI","00+",2022-02-12,2022-01-16,"-27 day ahead inc hosp","mean",NA,307,"COVID-19"
"DE-NI","00+",2022-02-12,2022-01-16,"-27 day ahead inc hosp","quantile",0.025,301,"COVID-19"
"DE-NI","00+",2022-02-12,2022-01-16,"-27 day ahead inc hosp","quantile",0.1,302,"COVID-19"
"DE-NI","00+",2022-02-12,2022-01-16,"-27 day ahead inc hosp","quantile",0.25,303,"COVID-19"
"DE-NI","00+",2022-02-12,2022-01-16,"-27 day ahead inc hosp","quantile",0.5,306,"COVID-19"
"DE-NI","00+",2022-02-12,2022-01-16,"-27 day ahead inc hosp","quantile",0.75,309,"COVID-19"
"DE-NI","00+",2022-02-12,2022-01-16,"-27 day ahead inc hosp","quantile",0.9,313,"COVID-19"
"DE-NI","00+",2022-02-12,2022-01-16,"-27 day ahead inc hosp","quantile",0.975,317,"COVID-19"
"DE-NI","00+",2022-02-12,2022-01-15,"-28 day ahead inc hosp","mean",NA,295,"COVID-19"
"DE-NI","00+",2022-02-12,2022-01-15,"-28 day ahead inc hosp","quantile",0.025,289,"COVID-19"
"DE-NI","00+",2022-02-12,2022-01-15,"-28 day ahead inc hosp","quantile",0.1,290,"COVID-19"
"DE-NI","00+",2022-02-12,2022-01-15,"-28 day ahead inc hosp","quantile",0.25,292,"COVID-19"
"DE-NI","00+",2022-02-12,2022-01-15,"-28 day ahead inc hosp","quantile",0.5,294,"COVID-19"
"DE-NI","00+",2022-02-12,2022-01-15,"-28 day ahead inc hosp","quantile",0.75,297,"COVID-19"
"DE-NI","00+",2022-02-12,2022-01-15,"-28 day ahead inc hosp","quantile",0.9,301,"COVID-19"
"DE-NI","00+",2022-02-12,2022-01-15,"-28 day ahead inc hosp","quantile",0.975,305,"COVID-19"
"DE-NW","00+",2022-02-12,2022-02-12,"0 day ahead inc hosp","mean",NA,2734,"COVID-19"
"DE-NW","00+",2022-02-12,2022-02-12,"0 day ahead inc hosp","quantile",0.025,2087,"COVID-19"
"DE-NW","00+",2022-02-12,2022-02-12,"0 day ahead inc hosp","quantile",0.1,2274,"COVID-19"
"DE-NW","00+",2022-02-12,2022-02-12,"0 day ahead inc hosp","quantile",0.25,2464,"COVID-19"
"DE-NW","00+",2022-02-12,2022-02-12,"0 day ahead inc hosp","quantile",0.5,2702,"COVID-19"
"DE-NW","00+",2022-02-12,2022-02-12,"0 day ahead inc hosp","quantile",0.75,2969,"COVID-19"
"DE-NW","00+",2022-02-12,2022-02-12,"0 day ahead inc hosp","quantile",0.9,3235,"COVID-19"
"DE-NW","00+",2022-02-12,2022-02-12,"0 day ahead inc hosp","quantile",0.975,3563,"COVID-19"
"DE-NW","00+",2022-02-12,2022-02-11,"-1 day ahead inc hosp","mean",NA,2649,"COVID-19"
"DE-NW","00+",2022-02-12,2022-02-11,"-1 day ahead inc hosp","quantile",0.025,2066,"COVID-19"
"DE-NW","00+",2022-02-12,2022-02-11,"-1 day ahead inc hosp","quantile",0.1,2231,"COVID-19"
"DE-NW","00+",2022-02-12,2022-02-11,"-1 day ahead inc hosp","quantile",0.25,2401,"COVID-19"
"DE-NW","00+",2022-02-12,2022-02-11,"-1 day ahead inc hosp","quantile",0.5,2617,"COVID-19"
"DE-NW","00+",2022-02-12,2022-02-11,"-1 day ahead inc hosp","quantile",0.75,2862,"COVID-19"
"DE-NW","00+",2022-02-12,2022-02-11,"-1 day ahead inc hosp","quantile",0.9,3109,"COVID-19"
"DE-NW","00+",2022-02-12,2022-02-11,"-1 day ahead inc hosp","quantile",0.975,3416,"COVID-19"
"DE-NW","00+",2022-02-12,2022-02-10,"-2 day ahead inc hosp","mean",NA,2526,"COVID-19"
"DE-NW","00+",2022-02-12,2022-02-10,"-2 day ahead inc hosp","quantile",0.025,2048,"COVID-19"
"DE-NW","00+",2022-02-12,2022-02-10,"-2 day ahead inc hosp","quantile",0.1,2182,"COVID-19"
"DE-NW","00+",2022-02-12,2022-02-10,"-2 day ahead inc hosp","quantile",0.25,2321,"COVID-19"
"DE-NW","00+",2022-02-12,2022-02-10,"-2 day ahead inc hosp","quantile",0.5,2499,"COVID-19"
"DE-NW","00+",2022-02-12,2022-02-10,"-2 day ahead inc hosp","quantile",0.75,2701,"COVID-19"
"DE-NW","00+",2022-02-12,2022-02-10,"-2 day ahead inc hosp","quantile",0.9,2905,"COVID-19"
"DE-NW","00+",2022-02-12,2022-02-10,"-2 day ahead inc hosp","quantile",0.975,3159,"COVID-19"
"DE-NW","00+",2022-02-12,2022-02-09,"-3 day ahead inc hosp","mean",NA,2408,"COVID-19"
"DE-NW","00+",2022-02-12,2022-02-09,"-3 day ahead inc hosp","quantile",0.025,2017,"COVID-19"
"DE-NW","00+",2022-02-12,2022-02-09,"-3 day ahead inc hosp","quantile",0.1,2126,"COVID-19"
"DE-NW","00+",2022-02-12,2022-02-09,"-3 day ahead inc hosp","quantile",0.25,2240,"COVID-19"
"DE-NW","00+",2022-02-12,2022-02-09,"-3 day ahead inc hosp","quantile",0.5,2385,"COVID-19"
"DE-NW","00+",2022-02-12,2022-02-09,"-3 day ahead inc hosp","quantile",0.75,2552,"COVID-19"
"DE-NW","00+",2022-02-12,2022-02-09,"-3 day ahead inc hosp","quantile",0.9,2720,"COVID-19"
"DE-NW","00+",2022-02-12,2022-02-09,"-3 day ahead inc hosp","quantile",0.975,2931,"COVID-19"
"DE-NW","00+",2022-02-12,2022-02-08,"-4 day ahead inc hosp","mean",NA,2259,"COVID-19"
"DE-NW","00+",2022-02-12,2022-02-08,"-4 day ahead inc hosp","quantile",0.025,1943,"COVID-19"
"DE-NW","00+",2022-02-12,2022-02-08,"-4 day ahead inc hosp","quantile",0.1,2030,"COVID-19"
"DE-NW","00+",2022-02-12,2022-02-08,"-4 day ahead inc hosp","quantile",0.25,2121,"COVID-19"
"DE-NW","00+",2022-02-12,2022-02-08,"-4 day ahead inc hosp","quantile",0.5,2239,"COVID-19"
"DE-NW","00+",2022-02-12,2022-02-08,"-4 day ahead inc hosp","quantile",0.75,2376,"COVID-19"
"DE-NW","00+",2022-02-12,2022-02-08,"-4 day ahead inc hosp","quantile",0.9,2516,"COVID-19"
"DE-NW","00+",2022-02-12,2022-02-08,"-4 day ahead inc hosp","quantile",0.975,2691,"COVID-19"
"DE-NW","00+",2022-02-12,2022-02-07,"-5 day ahead inc hosp","mean",NA,2122,"COVID-19"
"DE-NW","00+",2022-02-12,2022-02-07,"-5 day ahead inc hosp","quantile",0.025,1867,"COVID-19"
"DE-NW","00+",2022-02-12,2022-02-07,"-5 day ahead inc hosp","quantile",0.1,1935,"COVID-19"
"DE-NW","00+",2022-02-12,2022-02-07,"-5 day ahead inc hosp","quantile",0.25,2009,"COVID-19"
"DE-NW","00+",2022-02-12,2022-02-07,"-5 day ahead inc hosp","quantile",0.5,2105,"COVID-19"
"DE-NW","00+",2022-02-12,2022-02-07,"-5 day ahead inc hosp","quantile",0.75,2217,"COVID-19"
"DE-NW","00+",2022-02-12,2022-02-07,"-5 day ahead inc hosp","quantile",0.9,2332,"COVID-19"
"DE-NW","00+",2022-02-12,2022-02-07,"-5 day ahead inc hosp","quantile",0.975,2479,"COVID-19"
"DE-NW","00+",2022-02-12,2022-02-06,"-6 day ahead inc hosp","mean",NA,2093,"COVID-19"
"DE-NW","00+",2022-02-12,2022-02-06,"-6 day ahead inc hosp","quantile",0.025,1848,"COVID-19"
"DE-NW","00+",2022-02-12,2022-02-06,"-6 day ahead inc hosp","quantile",0.1,1912,"COVID-19"
"DE-NW","00+",2022-02-12,2022-02-06,"-6 day ahead inc hosp","quantile",0.25,1982,"COVID-19"
"DE-NW","00+",2022-02-12,2022-02-06,"-6 day ahead inc hosp","quantile",0.5,2075,"COVID-19"
"DE-NW","00+",2022-02-12,2022-02-06,"-6 day ahead inc hosp","quantile",0.75,2184,"COVID-19"
"DE-NW","00+",2022-02-12,2022-02-06,"-6 day ahead inc hosp","quantile",0.9,2298,"COVID-19"
"DE-NW","00+",2022-02-12,2022-02-06,"-6 day ahead inc hosp","quantile",0.975,2443,"COVID-19"
"DE-NW","00+",2022-02-12,2022-02-05,"-7 day ahead inc hosp","mean",NA,2037,"COVID-19"
"DE-NW","00+",2022-02-12,2022-02-05,"-7 day ahead inc hosp","quantile",0.025,1809,"COVID-19"
"DE-NW","00+",2022-02-12,2022-02-05,"-7 day ahead inc hosp","quantile",0.1,1867,"COVID-19"
"DE-NW","00+",2022-02-12,2022-02-05,"-7 day ahead inc hosp","quantile",0.25,1931,"COVID-19"
"DE-NW","00+",2022-02-12,2022-02-05,"-7 day ahead inc hosp","quantile",0.5,2018,"COVID-19"
"DE-NW","00+",2022-02-12,2022-02-05,"-7 day ahead inc hosp","quantile",0.75,2122,"COVID-19"
"DE-NW","00+",2022-02-12,2022-02-05,"-7 day ahead inc hosp","quantile",0.9,2231,"COVID-19"
"DE-NW","00+",2022-02-12,2022-02-05,"-7 day ahead inc hosp","quantile",0.975,2371,"COVID-19"
"DE-NW","00+",2022-02-12,2022-02-04,"-8 day ahead inc hosp","mean",NA,1975,"COVID-19"
"DE-NW","00+",2022-02-12,2022-02-04,"-8 day ahead inc hosp","quantile",0.025,1773,"COVID-19"
"DE-NW","00+",2022-02-12,2022-02-04,"-8 day ahead inc hosp","quantile",0.1,1823,"COVID-19"
"DE-NW","00+",2022-02-12,2022-02-04,"-8 day ahead inc hosp","quantile",0.25,1879,"COVID-19"
"DE-NW","00+",2022-02-12,2022-02-04,"-8 day ahead inc hosp","quantile",0.5,1957,"COVID-19"
"DE-NW","00+",2022-02-12,2022-02-04,"-8 day ahead inc hosp","quantile",0.75,2051,"COVID-19"
"DE-NW","00+",2022-02-12,2022-02-04,"-8 day ahead inc hosp","quantile",0.9,2150,"COVID-19"
"DE-NW","00+",2022-02-12,2022-02-04,"-8 day ahead inc hosp","quantile",0.975,2279,"COVID-19"
"DE-NW","00+",2022-02-12,2022-02-03,"-9 day ahead inc hosp","mean",NA,1861,"COVID-19"
"DE-NW","00+",2022-02-12,2022-02-03,"-9 day ahead inc hosp","quantile",0.025,1692,"COVID-19"
"DE-NW","00+",2022-02-12,2022-02-03,"-9 day ahead inc hosp","quantile",0.1,1733,"COVID-19"
"DE-NW","00+",2022-02-12,2022-02-03,"-9 day ahead inc hosp","quantile",0.25,1780,"COVID-19"
"DE-NW","00+",2022-02-12,2022-02-03,"-9 day ahead inc hosp","quantile",0.5,1845,"COVID-19"
"DE-NW","00+",2022-02-12,2022-02-03,"-9 day ahead inc hosp","quantile",0.75,1924,"COVID-19"
"DE-NW","00+",2022-02-12,2022-02-03,"-9 day ahead inc hosp","quantile",0.9,2009,"COVID-19"
"DE-NW","00+",2022-02-12,2022-02-03,"-9 day ahead inc hosp","quantile",0.975,2120,"COVID-19"
"DE-NW","00+",2022-02-12,2022-02-02,"-10 day ahead inc hosp","mean",NA,1781,"COVID-19"
"DE-NW","00+",2022-02-12,2022-02-02,"-10 day ahead inc hosp","quantile",0.025,1642,"COVID-19"
"DE-NW","00+",2022-02-12,2022-02-02,"-10 day ahead inc hosp","quantile",0.1,1675,"COVID-19"
"DE-NW","00+",2022-02-12,2022-02-02,"-10 day ahead inc hosp","quantile",0.25,1713,"COVID-19"
"DE-NW","00+",2022-02-12,2022-02-02,"-10 day ahead inc hosp","quantile",0.5,1767,"COVID-19"
"DE-NW","00+",2022-02-12,2022-02-02,"-10 day ahead inc hosp","quantile",0.75,1834,"COVID-19"
"DE-NW","00+",2022-02-12,2022-02-02,"-10 day ahead inc hosp","quantile",0.9,1905,"COVID-19"
"DE-NW","00+",2022-02-12,2022-02-02,"-10 day ahead inc hosp","quantile",0.975,1999,"COVID-19"
"DE-NW","00+",2022-02-12,2022-02-01,"-11 day ahead inc hosp","mean",NA,1742,"COVID-19"
"DE-NW","00+",2022-02-12,2022-02-01,"-11 day ahead inc hosp","quantile",0.025,1626,"COVID-19"
"DE-NW","00+",2022-02-12,2022-02-01,"-11 day ahead inc hosp","quantile",0.1,1653,"COVID-19"
"DE-NW","00+",2022-02-12,2022-02-01,"-11 day ahead inc hosp","quantile",0.25,1685,"COVID-19"
"DE-NW","00+",2022-02-12,2022-02-01,"-11 day ahead inc hosp","quantile",0.5,1730,"COVID-19"
"DE-NW","00+",2022-02-12,2022-02-01,"-11 day ahead inc hosp","quantile",0.75,1786,"COVID-19"
"DE-NW","00+",2022-02-12,2022-02-01,"-11 day ahead inc hosp","quantile",0.9,1846,"COVID-19"
"DE-NW","00+",2022-02-12,2022-02-01,"-11 day ahead inc hosp","quantile",0.975,1925,"COVID-19"
"DE-NW","00+",2022-02-12,2022-01-31,"-12 day ahead inc hosp","mean",NA,1707,"COVID-19"
"DE-NW","00+",2022-02-12,2022-01-31,"-12 day ahead inc hosp","quantile",0.025,1609,"COVID-19"
"DE-NW","00+",2022-02-12,2022-01-31,"-12 day ahead inc hosp","quantile",0.1,1631,"COVID-19"
"DE-NW","00+",2022-02-12,2022-01-31,"-12 day ahead inc hosp","quantile",0.25,1658,"COVID-19"
"DE-NW","00+",2022-02-12,2022-01-31,"-12 day ahead inc hosp","quantile",0.5,1697,"COVID-19"
"DE-NW","00+",2022-02-12,2022-01-31,"-12 day ahead inc hosp","quantile",0.75,1744,"COVID-19"
"DE-NW","00+",2022-02-12,2022-01-31,"-12 day ahead inc hosp","quantile",0.9,1796,"COVID-19"
"DE-NW","00+",2022-02-12,2022-01-31,"-12 day ahead inc hosp","quantile",0.975,1865,"COVID-19"
"DE-NW","00+",2022-02-12,2022-01-30,"-13 day ahead inc hosp","mean",NA,1727,"COVID-19"
"DE-NW","00+",2022-02-12,2022-01-30,"-13 day ahead inc hosp","quantile",0.025,1632,"COVID-19"
"DE-NW","00+",2022-02-12,2022-01-30,"-13 day ahead inc hosp","quantile",0.1,1654,"COVID-19"
"DE-NW","00+",2022-02-12,2022-01-30,"-13 day ahead inc hosp","quantile",0.25,1679,"COVID-19"
"DE-NW","00+",2022-02-12,2022-01-30,"-13 day ahead inc hosp","quantile",0.5,1716,"COVID-19"
"DE-NW","00+",2022-02-12,2022-01-30,"-13 day ahead inc hosp","quantile",0.75,1763,"COVID-19"
"DE-NW","00+",2022-02-12,2022-01-30,"-13 day ahead inc hosp","quantile",0.9,1813,"COVID-19"
"DE-NW","00+",2022-02-12,2022-01-30,"-13 day ahead inc hosp","quantile",0.975,1880,"COVID-19"
"DE-NW","00+",2022-02-12,2022-01-29,"-14 day ahead inc hosp","mean",NA,1683,"COVID-19"
"DE-NW","00+",2022-02-12,2022-01-29,"-14 day ahead inc hosp","quantile",0.025,1596,"COVID-19"
"DE-NW","00+",2022-02-12,2022-01-29,"-14 day ahead inc hosp","quantile",0.1,1616,"COVID-19"
"DE-NW","00+",2022-02-12,2022-01-29,"-14 day ahead inc hosp","quantile",0.25,1639,"COVID-19"
"DE-NW","00+",2022-02-12,2022-01-29,"-14 day ahead inc hosp","quantile",0.5,1673,"COVID-19"
"DE-NW","00+",2022-02-12,2022-01-29,"-14 day ahead inc hosp","quantile",0.75,1716,"COVID-19"
"DE-NW","00+",2022-02-12,2022-01-29,"-14 day ahead inc hosp","quantile",0.9,1762,"COVID-19"
"DE-NW","00+",2022-02-12,2022-01-29,"-14 day ahead inc hosp","quantile",0.975,1824,"COVID-19"
"DE-NW","00+",2022-02-12,2022-01-28,"-15 day ahead inc hosp","mean",NA,1699,"COVID-19"
"DE-NW","00+",2022-02-12,2022-01-28,"-15 day ahead inc hosp","quantile",0.025,1621,"COVID-19"
"DE-NW","00+",2022-02-12,2022-01-28,"-15 day ahead inc hosp","quantile",0.1,1638,"COVID-19"
"DE-NW","00+",2022-02-12,2022-01-28,"-15 day ahead inc hosp","quantile",0.25,1660,"COVID-19"
"DE-NW","00+",2022-02-12,2022-01-28,"-15 day ahead inc hosp","quantile",0.5,1691,"COVID-19"
"DE-NW","00+",2022-02-12,2022-01-28,"-15 day ahead inc hosp","quantile",0.75,1730,"COVID-19"
"DE-NW","00+",2022-02-12,2022-01-28,"-15 day ahead inc hosp","quantile",0.9,1772,"COVID-19"
"DE-NW","00+",2022-02-12,2022-01-28,"-15 day ahead inc hosp","quantile",0.975,1829,"COVID-19"
"DE-NW","00+",2022-02-12,2022-01-27,"-16 day ahead inc hosp","mean",NA,1634,"COVID-19"
"DE-NW","00+",2022-02-12,2022-01-27,"-16 day ahead inc hosp","quantile",0.025,1565,"COVID-19"
"DE-NW","00+",2022-02-12,2022-01-27,"-16 day ahead inc hosp","quantile",0.1,1580,"COVID-19"
"DE-NW","00+",2022-02-12,2022-01-27,"-16 day ahead inc hosp","quantile",0.25,1599,"COVID-19"
"DE-NW","00+",2022-02-12,2022-01-27,"-16 day ahead inc hosp","quantile",0.5,1626,"COVID-19"
"DE-NW","00+",2022-02-12,2022-01-27,"-16 day ahead inc hosp","quantile",0.75,1661,"COVID-19"
"DE-NW","00+",2022-02-12,2022-01-27,"-16 day ahead inc hosp","quantile",0.9,1698,"COVID-19"
"DE-NW","00+",2022-02-12,2022-01-27,"-16 day ahead inc hosp","quantile",0.975,1749,"COVID-19"
"DE-NW","00+",2022-02-12,2022-01-26,"-17 day ahead inc hosp","mean",NA,1606,"COVID-19"
"DE-NW","00+",2022-02-12,2022-01-26,"-17 day ahead inc hosp","quantile",0.025,1545,"COVID-19"
"DE-NW","00+",2022-02-12,2022-01-26,"-17 day ahead inc hosp","quantile",0.1,1559,"COVID-19"
"DE-NW","00+",2022-02-12,2022-01-26,"-17 day ahead inc hosp","quantile",0.25,1575,"COVID-19"
"DE-NW","00+",2022-02-12,2022-01-26,"-17 day ahead inc hosp","quantile",0.5,1599,"COVID-19"
"DE-NW","00+",2022-02-12,2022-01-26,"-17 day ahead inc hosp","quantile",0.75,1630,"COVID-19"
"DE-NW","00+",2022-02-12,2022-01-26,"-17 day ahead inc hosp","quantile",0.9,1663,"COVID-19"
"DE-NW","00+",2022-02-12,2022-01-26,"-17 day ahead inc hosp","quantile",0.975,1707,"COVID-19"
"DE-NW","00+",2022-02-12,2022-01-25,"-18 day ahead inc hosp","mean",NA,1537,"COVID-19"
"DE-NW","00+",2022-02-12,2022-01-25,"-18 day ahead inc hosp","quantile",0.025,1486,"COVID-19"
"DE-NW","00+",2022-02-12,2022-01-25,"-18 day ahead inc hosp","quantile",0.1,1497,"COVID-19"
"DE-NW","00+",2022-02-12,2022-01-25,"-18 day ahead inc hosp","quantile",0.25,1511,"COVID-19"
"DE-NW","00+",2022-02-12,2022-01-25,"-18 day ahead inc hosp","quantile",0.5,1531,"COVID-19"
"DE-NW","00+",2022-02-12,2022-01-25,"-18 day ahead inc hosp","quantile",0.75,1557,"COVID-19"
"DE-NW","00+",2022-02-12,2022-01-25,"-18 day ahead inc hosp","quantile",0.9,1586,"COVID-19"
"DE-NW","00+",2022-02-12,2022-01-25,"-18 day ahead inc hosp","quantile",0.975,1623,"COVID-19"
"DE-NW","00+",2022-02-12,2022-01-24,"-19 day ahead inc hosp","mean",NA,1484,"COVID-19"
"DE-NW","00+",2022-02-12,2022-01-24,"-19 day ahead inc hosp","quantile",0.025,1439,"COVID-19"
"DE-NW","00+",2022-02-12,2022-01-24,"-19 day ahead inc hosp","quantile",0.1,1449,"COVID-19"
"DE-NW","00+",2022-02-12,2022-01-24,"-19 day ahead inc hosp","quantile",0.25,1461,"COVID-19"
"DE-NW","00+",2022-02-12,2022-01-24,"-19 day ahead inc hosp","quantile",0.5,1478,"COVID-19"
"DE-NW","00+",2022-02-12,2022-01-24,"-19 day ahead inc hosp","quantile",0.75,1501,"COVID-19"
"DE-NW","00+",2022-02-12,2022-01-24,"-19 day ahead inc hosp","quantile",0.9,1525,"COVID-19"
"DE-NW","00+",2022-02-12,2022-01-24,"-19 day ahead inc hosp","quantile",0.975,1558,"COVID-19"
"DE-NW","00+",2022-02-12,2022-01-23,"-20 day ahead inc hosp","mean",NA,1418,"COVID-19"
"DE-NW","00+",2022-02-12,2022-01-23,"-20 day ahead inc hosp","quantile",0.025,1378,"COVID-19"
"DE-NW","00+",2022-02-12,2022-01-23,"-20 day ahead inc hosp","quantile",0.1,1387,"COVID-19"
"DE-NW","00+",2022-02-12,2022-01-23,"-20 day ahead inc hosp","quantile",0.25,1398,"COVID-19"
"DE-NW","00+",2022-02-12,2022-01-23,"-20 day ahead inc hosp","quantile",0.5,1413,"COVID-19"
"DE-NW","00+",2022-02-12,2022-01-23,"-20 day ahead inc hosp","quantile",0.75,1434,"COVID-19"
"DE-NW","00+",2022-02-12,2022-01-23,"-20 day ahead inc hosp","quantile",0.9,1456,"COVID-19"
"DE-NW","00+",2022-02-12,2022-01-23,"-20 day ahead inc hosp","quantile",0.975,1487,"COVID-19"
"DE-NW","00+",2022-02-12,2022-01-22,"-21 day ahead inc hosp","mean",NA,1398,"COVID-19"
"DE-NW","00+",2022-02-12,2022-01-22,"-21 day ahead inc hosp","quantile",0.025,1360,"COVID-19"
"DE-NW","00+",2022-02-12,2022-01-22,"-21 day ahead inc hosp","quantile",0.1,1368,"COVID-19"
"DE-NW","00+",2022-02-12,2022-01-22,"-21 day ahead inc hosp","quantile",0.25,1378,"COVID-19"
"DE-NW","00+",2022-02-12,2022-01-22,"-21 day ahead inc hosp","quantile",0.5,1393,"COVID-19"
"DE-NW","00+",2022-02-12,2022-01-22,"-21 day ahead inc hosp","quantile",0.75,1413,"COVID-19"
"DE-NW","00+",2022-02-12,2022-01-22,"-21 day ahead inc hosp","quantile",0.9,1434,"COVID-19"
"DE-NW","00+",2022-02-12,2022-01-22,"-21 day ahead inc hosp","quantile",0.975,1463,"COVID-19"
"DE-NW","00+",2022-02-12,2022-01-21,"-22 day ahead inc hosp","mean",NA,1297,"COVID-19"
"DE-NW","00+",2022-02-12,2022-01-21,"-22 day ahead inc hosp","quantile",0.025,1264,"COVID-19"
"DE-NW","00+",2022-02-12,2022-01-21,"-22 day ahead inc hosp","quantile",0.1,1271,"COVID-19"
"DE-NW","00+",2022-02-12,2022-01-21,"-22 day ahead inc hosp","quantile",0.25,1280,"COVID-19"
"DE-NW","00+",2022-02-12,2022-01-21,"-22 day ahead inc hosp","quantile",0.5,1293,"COVID-19"
"DE-NW","00+",2022-02-12,2022-01-21,"-22 day ahead inc hosp","quantile",0.75,1310,"COVID-19"
"DE-NW","00+",2022-02-12,2022-01-21,"-22 day ahead inc hosp","quantile",0.9,1328,"COVID-19"
"DE-NW","00+",2022-02-12,2022-01-21,"-22 day ahead inc hosp","quantile",0.975,1353,"COVID-19"
"DE-NW","00+",2022-02-12,2022-01-20,"-23 day ahead inc hosp","mean",NA,1282,"COVID-19"
"DE-NW","00+",2022-02-12,2022-01-20,"-23 day ahead inc hosp","quantile",0.025,1252,"COVID-19"
"DE-NW","00+",2022-02-12,2022-01-20,"-23 day ahead inc hosp","quantile",0.1,1259,"COVID-19"
"DE-NW","00+",2022-02-12,2022-01-20,"-23 day ahead inc hosp","quantile",0.25,1267,"COVID-19"
"DE-NW","00+",2022-02-12,2022-01-20,"-23 day ahead inc hosp","quantile",0.5,1278,"COVID-19"
"DE-NW","00+",2022-02-12,2022-01-20,"-23 day ahead inc hosp","quantile",0.75,1293,"COVID-19"
"DE-NW","00+",2022-02-12,2022-01-20,"-23 day ahead inc hosp","quantile",0.9,1310,"COVID-19"
"DE-NW","00+",2022-02-12,2022-01-20,"-23 day ahead inc hosp","quantile",0.975,1333,"COVID-19"
"DE-NW","00+",2022-02-12,2022-01-19,"-24 day ahead inc hosp","mean",NA,1206,"COVID-19"
"DE-NW","00+",2022-02-12,2022-01-19,"-24 day ahead inc hosp","quantile",0.025,1181,"COVID-19"
"DE-NW","00+",2022-02-12,2022-01-19,"-24 day ahead inc hosp","quantile",0.1,1186,"COVID-19"
"DE-NW","00+",2022-02-12,2022-01-19,"-24 day ahead inc hosp","quantile",0.25,1193,"COVID-19"
"DE-NW","00+",2022-02-12,2022-01-19,"-24 day ahead inc hosp","quantile",0.5,1203,"COVID-19"
"DE-NW","00+",2022-02-12,2022-01-19,"-24 day ahead inc hosp","quantile",0.75,1216,"COVID-19"
"DE-NW","00+",2022-02-12,2022-01-19,"-24 day ahead inc hosp","quantile",0.9,1231,"COVID-19"
"DE-NW","00+",2022-02-12,2022-01-19,"-24 day ahead inc hosp","quantile",0.975,1250,"COVID-19"
"DE-NW","00+",2022-02-12,2022-01-18,"-25 day ahead inc hosp","mean",NA,1137,"COVID-19"
"DE-NW","00+",2022-02-12,2022-01-18,"-25 day ahead inc hosp","quantile",0.025,1116,"COVID-19"
"DE-NW","00+",2022-02-12,2022-01-18,"-25 day ahead inc hosp","quantile",0.1,1121,"COVID-19"
"DE-NW","00+",2022-02-12,2022-01-18,"-25 day ahead inc hosp","quantile",0.25,1126,"COVID-19"
"DE-NW","00+",2022-02-12,2022-01-18,"-25 day ahead inc hosp","quantile",0.5,1135,"COVID-19"
"DE-NW","00+",2022-02-12,2022-01-18,"-25 day ahead inc hosp","quantile",0.75,1146,"COVID-19"
"DE-NW","00+",2022-02-12,2022-01-18,"-25 day ahead inc hosp","quantile",0.9,1158,"COVID-19"
"DE-NW","00+",2022-02-12,2022-01-18,"-25 day ahead inc hosp","quantile",0.975,1174,"COVID-19"
"DE-NW","00+",2022-02-12,2022-01-17,"-26 day ahead inc hosp","mean",NA,1081,"COVID-19"
"DE-NW","00+",2022-02-12,2022-01-17,"-26 day ahead inc hosp","quantile",0.025,1063,"COVID-19"
"DE-NW","00+",2022-02-12,2022-01-17,"-26 day ahead inc hosp","quantile",0.1,1067,"COVID-19"
"DE-NW","00+",2022-02-12,2022-01-17,"-26 day ahead inc hosp","quantile",0.25,1072,"COVID-19"
"DE-NW","00+",2022-02-12,2022-01-17,"-26 day ahead inc hosp","quantile",0.5,1079,"COVID-19"
"DE-NW","00+",2022-02-12,2022-01-17,"-26 day ahead inc hosp","quantile",0.75,1088,"COVID-19"
"DE-NW","00+",2022-02-12,2022-01-17,"-26 day ahead inc hosp","quantile",0.9,1099,"COVID-19"
"DE-NW","00+",2022-02-12,2022-01-17,"-26 day ahead inc hosp","quantile",0.975,1112,"COVID-19"
"DE-NW","00+",2022-02-12,2022-01-16,"-27 day ahead inc hosp","mean",NA,1061,"COVID-19"
"DE-NW","00+",2022-02-12,2022-01-16,"-27 day ahead inc hosp","quantile",0.025,1044,"COVID-19"
"DE-NW","00+",2022-02-12,2022-01-16,"-27 day ahead inc hosp","quantile",0.1,1048,"COVID-19"
"DE-NW","00+",2022-02-12,2022-01-16,"-27 day ahead inc hosp","quantile",0.25,1052,"COVID-19"
"DE-NW","00+",2022-02-12,2022-01-16,"-27 day ahead inc hosp","quantile",0.5,1059,"COVID-19"
"DE-NW","00+",2022-02-12,2022-01-16,"-27 day ahead inc hosp","quantile",0.75,1068,"COVID-19"
"DE-NW","00+",2022-02-12,2022-01-16,"-27 day ahead inc hosp","quantile",0.9,1077,"COVID-19"
"DE-NW","00+",2022-02-12,2022-01-16,"-27 day ahead inc hosp","quantile",0.975,1089,"COVID-19"
"DE-NW","00+",2022-02-12,2022-01-15,"-28 day ahead inc hosp","mean",NA,1071,"COVID-19"
"DE-NW","00+",2022-02-12,2022-01-15,"-28 day ahead inc hosp","quantile",0.025,1055,"COVID-19"
"DE-NW","00+",2022-02-12,2022-01-15,"-28 day ahead inc hosp","quantile",0.1,1059,"COVID-19"
"DE-NW","00+",2022-02-12,2022-01-15,"-28 day ahead inc hosp","quantile",0.25,1063,"COVID-19"
"DE-NW","00+",2022-02-12,2022-01-15,"-28 day ahead inc hosp","quantile",0.5,1069,"COVID-19"
"DE-NW","00+",2022-02-12,2022-01-15,"-28 day ahead inc hosp","quantile",0.75,1077,"COVID-19"
"DE-NW","00+",2022-02-12,2022-01-15,"-28 day ahead inc hosp","quantile",0.9,1086,"COVID-19"
"DE-NW","00+",2022-02-12,2022-01-15,"-28 day ahead inc hosp","quantile",0.975,1098,"COVID-19"
"DE-RP","00+",2022-02-12,2022-02-12,"0 day ahead inc hosp","mean",NA,569,"COVID-19"
"DE-RP","00+",2022-02-12,2022-02-12,"0 day ahead inc hosp","quantile",0.025,392,"COVID-19"
"DE-RP","00+",2022-02-12,2022-02-12,"0 day ahead inc hosp","quantile",0.1,440,"COVID-19"
"DE-RP","00+",2022-02-12,2022-02-12,"0 day ahead inc hosp","quantile",0.25,490,"COVID-19"
"DE-RP","00+",2022-02-12,2022-02-12,"0 day ahead inc hosp","quantile",0.5,556,"COVID-19"
"DE-RP","00+",2022-02-12,2022-02-12,"0 day ahead inc hosp","quantile",0.75,634,"COVID-19"
"DE-RP","00+",2022-02-12,2022-02-12,"0 day ahead inc hosp","quantile",0.9,713,"COVID-19"
"DE-RP","00+",2022-02-12,2022-02-12,"0 day ahead inc hosp","quantile",0.975,814,"COVID-19"
"DE-RP","00+",2022-02-12,2022-02-11,"-1 day ahead inc hosp","mean",NA,564,"COVID-19"
"DE-RP","00+",2022-02-12,2022-02-11,"-1 day ahead inc hosp","quantile",0.025,408,"COVID-19"
"DE-RP","00+",2022-02-12,2022-02-11,"-1 day ahead inc hosp","quantile",0.1,448,"COVID-19"
"DE-RP","00+",2022-02-12,2022-02-11,"-1 day ahead inc hosp","quantile",0.25,492,"COVID-19"
"DE-RP","00+",2022-02-12,2022-02-11,"-1 day ahead inc hosp","quantile",0.5,552,"COVID-19"
"DE-RP","00+",2022-02-12,2022-02-11,"-1 day ahead inc hosp","quantile",0.75,622,"COVID-19"
"DE-RP","00+",2022-02-12,2022-02-11,"-1 day ahead inc hosp","quantile",0.9,697,"COVID-19"
"DE-RP","00+",2022-02-12,2022-02-11,"-1 day ahead inc hosp","quantile",0.975,792,"COVID-19"
"DE-RP","00+",2022-02-12,2022-02-10,"-2 day ahead inc hosp","mean",NA,558,"COVID-19"
"DE-RP","00+",2022-02-12,2022-02-10,"-2 day ahead inc hosp","quantile",0.025,417,"COVID-19"
"DE-RP","00+",2022-02-12,2022-02-10,"-2 day ahead inc hosp","quantile",0.1,451,"COVID-19"
"DE-RP","00+",2022-02-12,2022-02-10,"-2 day ahead inc hosp","quantile",0.25,491,"COVID-19"
"DE-RP","00+",2022-02-12,2022-02-10,"-2 day ahead inc hosp","quantile",0.5,545,"COVID-19"
"DE-RP","00+",2022-02-12,2022-02-10,"-2 day ahead inc hosp","quantile",0.75,611,"COVID-19"
"DE-RP","00+",2022-02-12,2022-02-10,"-2 day ahead inc hosp","quantile",0.9,681,"COVID-19"
"DE-RP","00+",2022-02-12,2022-02-10,"-2 day ahead inc hosp","quantile",0.975,771,"COVID-19"
"DE-RP","00+",2022-02-12,2022-02-09,"-3 day ahead inc hosp","mean",NA,553,"COVID-19"
"DE-RP","00+",2022-02-12,2022-02-09,"-3 day ahead inc hosp","quantile",0.025,428,"COVID-19"
"DE-RP","00+",2022-02-12,2022-02-09,"-3 day ahead inc hosp","quantile",0.1,458,"COVID-19"
"DE-RP","00+",2022-02-12,2022-02-09,"-3 day ahead inc hosp","quantile",0.25,493,"COVID-19"
"DE-RP","00+",2022-02-12,2022-02-09,"-3 day ahead inc hosp","quantile",0.5,541,"COVID-19"
"DE-RP","00+",2022-02-12,2022-02-09,"-3 day ahead inc hosp","quantile",0.75,600,"COVID-19"
"DE-RP","00+",2022-02-12,2022-02-09,"-3 day ahead inc hosp","quantile",0.9,664,"COVID-19"
"DE-RP","00+",2022-02-12,2022-02-09,"-3 day ahead inc hosp","quantile",0.975,746,"COVID-19"
"DE-RP","00+",2022-02-12,2022-02-08,"-4 day ahead inc hosp","mean",NA,547,"COVID-19"
"DE-RP","00+",2022-02-12,2022-02-08,"-4 day ahead inc hosp","quantile",0.025,440,"COVID-19"
"DE-RP","00+",2022-02-12,2022-02-08,"-4 day ahead inc hosp","quantile",0.1,466,"COVID-19"
"DE-RP","00+",2022-02-12,2022-02-08,"-4 day ahead inc hosp","quantile",0.25,495,"COVID-19"
"DE-RP","00+",2022-02-12,2022-02-08,"-4 day ahead inc hosp","quantile",0.5,537,"COVID-19"
"DE-RP","00+",2022-02-12,2022-02-08,"-4 day ahead inc hosp","quantile",0.75,588,"COVID-19"
"DE-RP","00+",2022-02-12,2022-02-08,"-4 day ahead inc hosp","quantile",0.9,643,"COVID-19"
"DE-RP","00+",2022-02-12,2022-02-08,"-4 day ahead inc hosp","quantile",0.975,716,"COVID-19"
"DE-RP","00+",2022-02-12,2022-02-07,"-5 day ahead inc hosp","mean",NA,494,"COVID-19"
"DE-RP","00+",2022-02-12,2022-02-07,"-5 day ahead inc hosp","quantile",0.025,411,"COVID-19"
"DE-RP","00+",2022-02-12,2022-02-07,"-5 day ahead inc hosp","quantile",0.1,430,"COVID-19"
"DE-RP","00+",2022-02-12,2022-02-07,"-5 day ahead inc hosp","quantile",0.25,453,"COVID-19"
"DE-RP","00+",2022-02-12,2022-02-07,"-5 day ahead inc hosp","quantile",0.5,485,"COVID-19"
"DE-RP","00+",2022-02-12,2022-02-07,"-5 day ahead inc hosp","quantile",0.75,525,"COVID-19"
"DE-RP","00+",2022-02-12,2022-02-07,"-5 day ahead inc hosp","quantile",0.9,569,"COVID-19"
"DE-RP","00+",2022-02-12,2022-02-07,"-5 day ahead inc hosp","quantile",0.975,626,"COVID-19"
"DE-RP","00+",2022-02-12,2022-02-06,"-6 day ahead inc hosp","mean",NA,493,"COVID-19"
"DE-RP","00+",2022-02-12,2022-02-06,"-6 day ahead inc hosp","quantile",0.025,411,"COVID-19"
"DE-RP","00+",2022-02-12,2022-02-06,"-6 day ahead inc hosp","quantile",0.1,430,"COVID-19"
"DE-RP","00+",2022-02-12,2022-02-06,"-6 day ahead inc hosp","quantile",0.25,452,"COVID-19"
"DE-RP","00+",2022-02-12,2022-02-06,"-6 day ahead inc hosp","quantile",0.5,484,"COVID-19"
"DE-RP","00+",2022-02-12,2022-02-06,"-6 day ahead inc hosp","quantile",0.75,524,"COVID-19"
"DE-RP","00+",2022-02-12,2022-02-06,"-6 day ahead inc hosp","quantile",0.9,568,"COVID-19"
"DE-RP","00+",2022-02-12,2022-02-06,"-6 day ahead inc hosp","quantile",0.975,627,"COVID-19"
"DE-RP","00+",2022-02-12,2022-02-05,"-7 day ahead inc hosp","mean",NA,499,"COVID-19"
"DE-RP","00+",2022-02-12,2022-02-05,"-7 day ahead inc hosp","quantile",0.025,419,"COVID-19"
"DE-RP","00+",2022-02-12,2022-02-05,"-7 day ahead inc hosp","quantile",0.1,437,"COVID-19"
"DE-RP","00+",2022-02-12,2022-02-05,"-7 day ahead inc hosp","quantile",0.25,458,"COVID-19"
"DE-RP","00+",2022-02-12,2022-02-05,"-7 day ahead inc hosp","quantile",0.5,490,"COVID-19"
"DE-RP","00+",2022-02-12,2022-02-05,"-7 day ahead inc hosp","quantile",0.75,530,"COVID-19"
"DE-RP","00+",2022-02-12,2022-02-05,"-7 day ahead inc hosp","quantile",0.9,574,"COVID-19"
"DE-RP","00+",2022-02-12,2022-02-05,"-7 day ahead inc hosp","quantile",0.975,633,"COVID-19"
"DE-RP","00+",2022-02-12,2022-02-04,"-8 day ahead inc hosp","mean",NA,453,"COVID-19"
"DE-RP","00+",2022-02-12,2022-02-04,"-8 day ahead inc hosp","quantile",0.025,389,"COVID-19"
"DE-RP","00+",2022-02-12,2022-02-04,"-8 day ahead inc hosp","quantile",0.1,403,"COVID-19"
"DE-RP","00+",2022-02-12,2022-02-04,"-8 day ahead inc hosp","quantile",0.25,420,"COVID-19"
"DE-RP","00+",2022-02-12,2022-02-04,"-8 day ahead inc hosp","quantile",0.5,445,"COVID-19"
"DE-RP","00+",2022-02-12,2022-02-04,"-8 day ahead inc hosp","quantile",0.75,478,"COVID-19"
"DE-RP","00+",2022-02-12,2022-02-04,"-8 day ahead inc hosp","quantile",0.9,514,"COVID-19"
"DE-RP","00+",2022-02-12,2022-02-04,"-8 day ahead inc hosp","quantile",0.975,563,"COVID-19"
"DE-RP","00+",2022-02-12,2022-02-03,"-9 day ahead inc hosp","mean",NA,426,"COVID-19"
"DE-RP","00+",2022-02-12,2022-02-03,"-9 day ahead inc hosp","quantile",0.025,371,"COVID-19"
"DE-RP","00+",2022-02-12,2022-02-03,"-9 day ahead inc hosp","quantile",0.1,383,"COVID-19"
"DE-RP","00+",2022-02-12,2022-02-03,"-9 day ahead inc hosp","quantile",0.25,397,"COVID-19"
"DE-RP","00+",2022-02-12,2022-02-03,"-9 day ahead inc hosp","quantile",0.5,419,"COVID-19"
"DE-RP","00+",2022-02-12,2022-02-03,"-9 day ahead inc hosp","quantile",0.75,447,"COVID-19"
"DE-RP","00+",2022-02-12,2022-02-03,"-9 day ahead inc hosp","quantile",0.9,478,"COVID-19"
"DE-RP","00+",2022-02-12,2022-02-03,"-9 day ahead inc hosp","quantile",0.975,520,"COVID-19"
"DE-RP","00+",2022-02-12,2022-02-02,"-10 day ahead inc hosp","mean",NA,395,"COVID-19"
"DE-RP","00+",2022-02-12,2022-02-02,"-10 day ahead inc hosp","quantile",0.025,350,"COVID-19"
"DE-RP","00+",2022-02-12,2022-02-02,"-10 day ahead inc hosp","quantile",0.1,359,"COVID-19"
"DE-RP","00+",2022-02-12,2022-02-02,"-10 day ahead inc hosp","quantile",0.25,371,"COVID-19"
"DE-RP","00+",2022-02-12,2022-02-02,"-10 day ahead inc hosp","quantile",0.5,389,"COVID-19"
"DE-RP","00+",2022-02-12,2022-02-02,"-10 day ahead inc hosp","quantile",0.75,412,"COVID-19"
"DE-RP","00+",2022-02-12,2022-02-02,"-10 day ahead inc hosp","quantile",0.9,438,"COVID-19"
"DE-RP","00+",2022-02-12,2022-02-02,"-10 day ahead inc hosp","quantile",0.975,474,"COVID-19"
"DE-RP","00+",2022-02-12,2022-02-01,"-11 day ahead inc hosp","mean",NA,378,"COVID-19"
"DE-RP","00+",2022-02-12,2022-02-01,"-11 day ahead inc hosp","quantile",0.025,342,"COVID-19"
"DE-RP","00+",2022-02-12,2022-02-01,"-11 day ahead inc hosp","quantile",0.1,350,"COVID-19"
"DE-RP","00+",2022-02-12,2022-02-01,"-11 day ahead inc hosp","quantile",0.25,359,"COVID-19"
"DE-RP","00+",2022-02-12,2022-02-01,"-11 day ahead inc hosp","quantile",0.5,373,"COVID-19"
"DE-RP","00+",2022-02-12,2022-02-01,"-11 day ahead inc hosp","quantile",0.75,391,"COVID-19"
"DE-RP","00+",2022-02-12,2022-02-01,"-11 day ahead inc hosp","quantile",0.9,412,"COVID-19"
"DE-RP","00+",2022-02-12,2022-02-01,"-11 day ahead inc hosp","quantile",0.975,440,"COVID-19"
"DE-RP","00+",2022-02-12,2022-01-31,"-12 day ahead inc hosp","mean",NA,371,"COVID-19"
"DE-RP","00+",2022-02-12,2022-01-31,"-12 day ahead inc hosp","quantile",0.025,341,"COVID-19"
"DE-RP","00+",2022-02-12,2022-01-31,"-12 day ahead inc hosp","quantile",0.1,347,"COVID-19"
"DE-RP","00+",2022-02-12,2022-01-31,"-12 day ahead inc hosp","quantile",0.25,355,"COVID-19"
"DE-RP","00+",2022-02-12,2022-01-31,"-12 day ahead inc hosp","quantile",0.5,367,"COVID-19"
"DE-RP","00+",2022-02-12,2022-01-31,"-12 day ahead inc hosp","quantile",0.75,383,"COVID-19"
"DE-RP","00+",2022-02-12,2022-01-31,"-12 day ahead inc hosp","quantile",0.9,401,"COVID-19"
"DE-RP","00+",2022-02-12,2022-01-31,"-12 day ahead inc hosp","quantile",0.975,425,"COVID-19"
"DE-RP","00+",2022-02-12,2022-01-30,"-13 day ahead inc hosp","mean",NA,380,"COVID-19"
"DE-RP","00+",2022-02-12,2022-01-30,"-13 day ahead inc hosp","quantile",0.025,351,"COVID-19"
"DE-RP","00+",2022-02-12,2022-01-30,"-13 day ahead inc hosp","quantile",0.1,357,"COVID-19"
"DE-RP","00+",2022-02-12,2022-01-30,"-13 day ahead inc hosp","quantile",0.25,365,"COVID-19"
"DE-RP","00+",2022-02-12,2022-01-30,"-13 day ahead inc hosp","quantile",0.5,376,"COVID-19"
"DE-RP","00+",2022-02-12,2022-01-30,"-13 day ahead inc hosp","quantile",0.75,391,"COVID-19"
"DE-RP","00+",2022-02-12,2022-01-30,"-13 day ahead inc hosp","quantile",0.9,408,"COVID-19"
"DE-RP","00+",2022-02-12,2022-01-30,"-13 day ahead inc hosp","quantile",0.975,432,"COVID-19"
"DE-RP","00+",2022-02-12,2022-01-29,"-14 day ahead inc hosp","mean",NA,371,"COVID-19"
"DE-RP","00+",2022-02-12,2022-01-29,"-14 day ahead inc hosp","quantile",0.025,345,"COVID-19"
"DE-RP","00+",2022-02-12,2022-01-29,"-14 day ahead inc hosp","quantile",0.1,350,"COVID-19"
"DE-RP","00+",2022-02-12,2022-01-29,"-14 day ahead inc hosp","quantile",0.25,357,"COVID-19"
"DE-RP","00+",2022-02-12,2022-01-29,"-14 day ahead inc hosp","quantile",0.5,368,"COVID-19"
"DE-RP","00+",2022-02-12,2022-01-29,"-14 day ahead inc hosp","quantile",0.75,381,"COVID-19"
"DE-RP","00+",2022-02-12,2022-01-29,"-14 day ahead inc hosp","quantile",0.9,396,"COVID-19"
"DE-RP","00+",2022-02-12,2022-01-29,"-14 day ahead inc hosp","quantile",0.975,416,"COVID-19"
"DE-RP","00+",2022-02-12,2022-01-28,"-15 day ahead inc hosp","mean",NA,368,"COVID-19"
"DE-RP","00+",2022-02-12,2022-01-28,"-15 day ahead inc hosp","quantile",0.025,346,"COVID-19"
"DE-RP","00+",2022-02-12,2022-01-28,"-15 day ahead inc hosp","quantile",0.1,350,"COVID-19"
"DE-RP","00+",2022-02-12,2022-01-28,"-15 day ahead inc hosp","quantile",0.25,356,"COVID-19"
"DE-RP","00+",2022-02-12,2022-01-28,"-15 day ahead inc hosp","quantile",0.5,365,"COVID-19"
"DE-RP","00+",2022-02-12,2022-01-28,"-15 day ahead inc hosp","quantile",0.75,376,"COVID-19"
"DE-RP","00+",2022-02-12,2022-01-28,"-15 day ahead inc hosp","quantile",0.9,389,"COVID-19"
"DE-RP","00+",2022-02-12,2022-01-28,"-15 day ahead inc hosp","quantile",0.975,405,"COVID-19"
"DE-RP","00+",2022-02-12,2022-01-27,"-16 day ahead inc hosp","mean",NA,373,"COVID-19"
"DE-RP","00+",2022-02-12,2022-01-27,"-16 day ahead inc hosp","quantile",0.025,354,"COVID-19"
"DE-RP","00+",2022-02-12,2022-01-27,"-16 day ahead inc hosp","quantile",0.1,358,"COVID-19"
"DE-RP","00+",2022-02-12,2022-01-27,"-16 day ahead inc hosp","quantile",0.25,364,"COVID-19"
"DE-RP","00+",2022-02-12,2022-01-27,"-16 day ahead inc hosp","quantile",0.5,371,"COVID-19"
"DE-RP","00+",2022-02-12,2022-01-27,"-16 day ahead inc hosp","quantile",0.75,381,"COVID-19"
"DE-RP","00+",2022-02-12,2022-01-27,"-16 day ahead inc hosp","quantile",0.9,391,"COVID-19"
"DE-RP","00+",2022-02-12,2022-01-27,"-16 day ahead inc hosp","quantile",0.975,405,"COVID-19"
"DE-RP","00+",2022-02-12,2022-01-26,"-17 day ahead inc hosp","mean",NA,381,"COVID-19"
"DE-RP","00+",2022-02-12,2022-01-26,"-17 day ahead inc hosp","quantile",0.025,364,"COVID-19"
"DE-RP","00+",2022-02-12,2022-01-26,"-17 day ahead inc hosp","quantile",0.1,368,"COVID-19"
"DE-RP","00+",2022-02-12,2022-01-26,"-17 day ahead inc hosp","quantile",0.25,373,"COVID-19"
"DE-RP","00+",2022-02-12,2022-01-26,"-17 day ahead inc hosp","quantile",0.5,379,"COVID-19"
"DE-RP","00+",2022-02-12,2022-01-26,"-17 day ahead inc hosp","quantile",0.75,387,"COVID-19"
"DE-RP","00+",2022-02-12,2022-01-26,"-17 day ahead inc hosp","quantile",0.9,396,"COVID-19"
"DE-RP","00+",2022-02-12,2022-01-26,"-17 day ahead inc hosp","quantile",0.975,408,"COVID-19"
"DE-RP","00+",2022-02-12,2022-01-25,"-18 day ahead inc hosp","mean",NA,387,"COVID-19"
"DE-RP","00+",2022-02-12,2022-01-25,"-18 day ahead inc hosp","quantile",0.025,373,"COVID-19"
"DE-RP","00+",2022-02-12,2022-01-25,"-18 day ahead inc hosp","quantile",0.1,376,"COVID-19"
"DE-RP","00+",2022-02-12,2022-01-25,"-18 day ahead inc hosp","quantile",0.25,380,"COVID-19"
"DE-RP","00+",2022-02-12,2022-01-25,"-18 day ahead inc hosp","quantile",0.5,386,"COVID-19"
"DE-RP","00+",2022-02-12,2022-01-25,"-18 day ahead inc hosp","quantile",0.75,392,"COVID-19"
"DE-RP","00+",2022-02-12,2022-01-25,"-18 day ahead inc hosp","quantile",0.9,400,"COVID-19"
"DE-RP","00+",2022-02-12,2022-01-25,"-18 day ahead inc hosp","quantile",0.975,409,"COVID-19"
"DE-RP","00+",2022-02-12,2022-01-24,"-19 day ahead inc hosp","mean",NA,389,"COVID-19"
"DE-RP","00+",2022-02-12,2022-01-24,"-19 day ahead inc hosp","quantile",0.025,377,"COVID-19"
"DE-RP","00+",2022-02-12,2022-01-24,"-19 day ahead inc hosp","quantile",0.1,379,"COVID-19"
"DE-RP","00+",2022-02-12,2022-01-24,"-19 day ahead inc hosp","quantile",0.25,383,"COVID-19"
"DE-RP","00+",2022-02-12,2022-01-24,"-19 day ahead inc hosp","quantile",0.5,387,"COVID-19"
"DE-RP","00+",2022-02-12,2022-01-24,"-19 day ahead inc hosp","quantile",0.75,393,"COVID-19"
"DE-RP","00+",2022-02-12,2022-01-24,"-19 day ahead inc hosp","quantile",0.9,399,"COVID-19"
"DE-RP","00+",2022-02-12,2022-01-24,"-19 day ahead inc hosp","quantile",0.975,408,"COVID-19"
"DE-RP","00+",2022-02-12,2022-01-23,"-20 day ahead inc hosp","mean",NA,371,"COVID-19"
"DE-RP","00+",2022-02-12,2022-01-23,"-20 day ahead inc hosp","quantile",0.025,360,"COVID-19"
"DE-RP","00+",2022-02-12,2022-01-23,"-20 day ahead inc hosp","quantile",0.1,363,"COVID-19"
"DE-RP","00+",2022-02-12,2022-01-23,"-20 day ahead inc hosp","quantile",0.25,366,"COVID-19"
"DE-RP","00+",2022-02-12,2022-01-23,"-20 day ahead inc hosp","quantile",0.5,370,"COVID-19"
"DE-RP","00+",2022-02-12,2022-01-23,"-20 day ahead inc hosp","quantile",0.75,375,"COVID-19"
"DE-RP","00+",2022-02-12,2022-01-23,"-20 day ahead inc hosp","quantile",0.9,381,"COVID-19"
"DE-RP","00+",2022-02-12,2022-01-23,"-20 day ahead inc hosp","quantile",0.975,388,"COVID-19"
"DE-RP","00+",2022-02-12,2022-01-22,"-21 day ahead inc hosp","mean",NA,358,"COVID-19"
"DE-RP","00+",2022-02-12,2022-01-22,"-21 day ahead inc hosp","quantile",0.025,348,"COVID-19"
"DE-RP","00+",2022-02-12,2022-01-22,"-21 day ahead inc hosp","quantile",0.1,350,"COVID-19"
"DE-RP","00+",2022-02-12,2022-01-22,"-21 day ahead inc hosp","quantile",0.25,353,"COVID-19"
"DE-RP","00+",2022-02-12,2022-01-22,"-21 day ahead inc hosp","quantile",0.5,357,"COVID-19"
"DE-RP","00+",2022-02-12,2022-01-22,"-21 day ahead inc hosp","quantile",0.75,361,"COVID-19"
"DE-RP","00+",2022-02-12,2022-01-22,"-21 day ahead inc hosp","quantile",0.9,367,"COVID-19"
"DE-RP","00+",2022-02-12,2022-01-22,"-21 day ahead inc hosp","quantile",0.975,373,"COVID-19"
"DE-RP","00+",2022-02-12,2022-01-21,"-22 day ahead inc hosp","mean",NA,341,"COVID-19"
"DE-RP","00+",2022-02-12,2022-01-21,"-22 day ahead inc hosp","quantile",0.025,332,"COVID-19"
"DE-RP","00+",2022-02-12,2022-01-21,"-22 day ahead inc hosp","quantile",0.1,334,"COVID-19"
"DE-RP","00+",2022-02-12,2022-01-21,"-22 day ahead inc hosp","quantile",0.25,336,"COVID-19"
"DE-RP","00+",2022-02-12,2022-01-21,"-22 day ahead inc hosp","quantile",0.5,340,"COVID-19"
"DE-RP","00+",2022-02-12,2022-01-21,"-22 day ahead inc hosp","quantile",0.75,344,"COVID-19"
"DE-RP","00+",2022-02-12,2022-01-21,"-22 day ahead inc hosp","quantile",0.9,348,"COVID-19"
"DE-RP","00+",2022-02-12,2022-01-21,"-22 day ahead inc hosp","quantile",0.975,354,"COVID-19"
"DE-RP","00+",2022-02-12,2022-01-20,"-23 day ahead inc hosp","mean",NA,318,"COVID-19"
"DE-RP","00+",2022-02-12,2022-01-20,"-23 day ahead inc hosp","quantile",0.025,310,"COVID-19"
"DE-RP","00+",2022-02-12,2022-01-20,"-23 day ahead inc hosp","quantile",0.1,312,"COVID-19"
"DE-RP","00+",2022-02-12,2022-01-20,"-23 day ahead inc hosp","quantile",0.25,314,"COVID-19"
"DE-RP","00+",2022-02-12,2022-01-20,"-23 day ahead inc hosp","quantile",0.5,317,"COVID-19"
"DE-RP","00+",2022-02-12,2022-01-20,"-23 day ahead inc hosp","quantile",0.75,320,"COVID-19"
"DE-RP","00+",2022-02-12,2022-01-20,"-23 day ahead inc hosp","quantile",0.9,324,"COVID-19"
"DE-RP","00+",2022-02-12,2022-01-20,"-23 day ahead inc hosp","quantile",0.975,329,"COVID-19"
"DE-RP","00+",2022-02-12,2022-01-19,"-24 day ahead inc hosp","mean",NA,293,"COVID-19"
"DE-RP","00+",2022-02-12,2022-01-19,"-24 day ahead inc hosp","quantile",0.025,287,"COVID-19"
"DE-RP","00+",2022-02-12,2022-01-19,"-24 day ahead inc hosp","quantile",0.1,288,"COVID-19"
"DE-RP","00+",2022-02-12,2022-01-19,"-24 day ahead inc hosp","quantile",0.25,290,"COVID-19"
"DE-RP","00+",2022-02-12,2022-01-19,"-24 day ahead inc hosp","quantile",0.5,292,"COVID-19"
"DE-RP","00+",2022-02-12,2022-01-19,"-24 day ahead inc hosp","quantile",0.75,295,"COVID-19"
"DE-RP","00+",2022-02-12,2022-01-19,"-24 day ahead inc hosp","quantile",0.9,299,"COVID-19"
"DE-RP","00+",2022-02-12,2022-01-19,"-24 day ahead inc hosp","quantile",0.975,303,"COVID-19"
"DE-RP","00+",2022-02-12,2022-01-18,"-25 day ahead inc hosp","mean",NA,240,"COVID-19"
"DE-RP","00+",2022-02-12,2022-01-18,"-25 day ahead inc hosp","quantile",0.025,235,"COVID-19"
"DE-RP","00+",2022-02-12,2022-01-18,"-25 day ahead inc hosp","quantile",0.1,236,"COVID-19"
"DE-RP","00+",2022-02-12,2022-01-18,"-25 day ahead inc hosp","quantile",0.25,237,"COVID-19"
"DE-RP","00+",2022-02-12,2022-01-18,"-25 day ahead inc hosp","quantile",0.5,239,"COVID-19"
"DE-RP","00+",2022-02-12,2022-01-18,"-25 day ahead inc hosp","quantile",0.75,241,"COVID-19"
"DE-RP","00+",2022-02-12,2022-01-18,"-25 day ahead inc hosp","quantile",0.9,244,"COVID-19"
"DE-RP","00+",2022-02-12,2022-01-18,"-25 day ahead inc hosp","quantile",0.975,247,"COVID-19"
"DE-RP","00+",2022-02-12,2022-01-17,"-26 day ahead inc hosp","mean",NA,221,"COVID-19"
"DE-RP","00+",2022-02-12,2022-01-17,"-26 day ahead inc hosp","quantile",0.025,217,"COVID-19"
"DE-RP","00+",2022-02-12,2022-01-17,"-26 day ahead inc hosp","quantile",0.1,218,"COVID-19"
"DE-RP","00+",2022-02-12,2022-01-17,"-26 day ahead inc hosp","quantile",0.25,219,"COVID-19"
"DE-RP","00+",2022-02-12,2022-01-17,"-26 day ahead inc hosp","quantile",0.5,220,"COVID-19"
"DE-RP","00+",2022-02-12,2022-01-17,"-26 day ahead inc hosp","quantile",0.75,222,"COVID-19"
"DE-RP","00+",2022-02-12,2022-01-17,"-26 day ahead inc hosp","quantile",0.9,224,"COVID-19"
"DE-RP","00+",2022-02-12,2022-01-17,"-26 day ahead inc hosp","quantile",0.975,227,"COVID-19"
"DE-RP","00+",2022-02-12,2022-01-16,"-27 day ahead inc hosp","mean",NA,217,"COVID-19"
"DE-RP","00+",2022-02-12,2022-01-16,"-27 day ahead inc hosp","quantile",0.025,213,"COVID-19"
"DE-RP","00+",2022-02-12,2022-01-16,"-27 day ahead inc hosp","quantile",0.1,214,"COVID-19"
"DE-RP","00+",2022-02-12,2022-01-16,"-27 day ahead inc hosp","quantile",0.25,215,"COVID-19"
"DE-RP","00+",2022-02-12,2022-01-16,"-27 day ahead inc hosp","quantile",0.5,216,"COVID-19"
"DE-RP","00+",2022-02-12,2022-01-16,"-27 day ahead inc hosp","quantile",0.75,218,"COVID-19"
"DE-RP","00+",2022-02-12,2022-01-16,"-27 day ahead inc hosp","quantile",0.9,220,"COVID-19"
"DE-RP","00+",2022-02-12,2022-01-16,"-27 day ahead inc hosp","quantile",0.975,222,"COVID-19"
"DE-RP","00+",2022-02-12,2022-01-15,"-28 day ahead inc hosp","mean",NA,214,"COVID-19"
"DE-RP","00+",2022-02-12,2022-01-15,"-28 day ahead inc hosp","quantile",0.025,211,"COVID-19"
"DE-RP","00+",2022-02-12,2022-01-15,"-28 day ahead inc hosp","quantile",0.1,212,"COVID-19"
"DE-RP","00+",2022-02-12,2022-01-15,"-28 day ahead inc hosp","quantile",0.25,213,"COVID-19"
"DE-RP","00+",2022-02-12,2022-01-15,"-28 day ahead inc hosp","quantile",0.5,214,"COVID-19"
"DE-RP","00+",2022-02-12,2022-01-15,"-28 day ahead inc hosp","quantile",0.75,216,"COVID-19"
"DE-RP","00+",2022-02-12,2022-01-15,"-28 day ahead inc hosp","quantile",0.9,218,"COVID-19"
"DE-RP","00+",2022-02-12,2022-01-15,"-28 day ahead inc hosp","quantile",0.975,220,"COVID-19"
"DE-SH","00+",2022-02-12,2022-02-12,"0 day ahead inc hosp","mean",NA,335,"COVID-19"
"DE-SH","00+",2022-02-12,2022-02-12,"0 day ahead inc hosp","quantile",0.025,254,"COVID-19"
"DE-SH","00+",2022-02-12,2022-02-12,"0 day ahead inc hosp","quantile",0.1,276,"COVID-19"
"DE-SH","00+",2022-02-12,2022-02-12,"0 day ahead inc hosp","quantile",0.25,300,"COVID-19"
"DE-SH","00+",2022-02-12,2022-02-12,"0 day ahead inc hosp","quantile",0.5,330,"COVID-19"
"DE-SH","00+",2022-02-12,2022-02-12,"0 day ahead inc hosp","quantile",0.75,365,"COVID-19"
"DE-SH","00+",2022-02-12,2022-02-12,"0 day ahead inc hosp","quantile",0.9,400,"COVID-19"
"DE-SH","00+",2022-02-12,2022-02-12,"0 day ahead inc hosp","quantile",0.975,445,"COVID-19"
"DE-SH","00+",2022-02-12,2022-02-11,"-1 day ahead inc hosp","mean",NA,324,"COVID-19"
"DE-SH","00+",2022-02-12,2022-02-11,"-1 day ahead inc hosp","quantile",0.025,257,"COVID-19"
"DE-SH","00+",2022-02-12,2022-02-11,"-1 day ahead inc hosp","quantile",0.1,276,"COVID-19"
"DE-SH","00+",2022-02-12,2022-02-11,"-1 day ahead inc hosp","quantile",0.25,295,"COVID-19"
"DE-SH","00+",2022-02-12,2022-02-11,"-1 day ahead inc hosp","quantile",0.5,320,"COVID-19"
"DE-SH","00+",2022-02-12,2022-02-11,"-1 day ahead inc hosp","quantile",0.75,348,"COVID-19"
"DE-SH","00+",2022-02-12,2022-02-11,"-1 day ahead inc hosp","quantile",0.9,377,"COVID-19"
"DE-SH","00+",2022-02-12,2022-02-11,"-1 day ahead inc hosp","quantile",0.975,413,"COVID-19"
"DE-SH","00+",2022-02-12,2022-02-10,"-2 day ahead inc hosp","mean",NA,300,"COVID-19"
"DE-SH","00+",2022-02-12,2022-02-10,"-2 day ahead inc hosp","quantile",0.025,248,"COVID-19"
"DE-SH","00+",2022-02-12,2022-02-10,"-2 day ahead inc hosp","quantile",0.1,263,"COVID-19"
"DE-SH","00+",2022-02-12,2022-02-10,"-2 day ahead inc hosp","quantile",0.25,278,"COVID-19"
"DE-SH","00+",2022-02-12,2022-02-10,"-2 day ahead inc hosp","quantile",0.5,297,"COVID-19"
"DE-SH","00+",2022-02-12,2022-02-10,"-2 day ahead inc hosp","quantile",0.75,319,"COVID-19"
"DE-SH","00+",2022-02-12,2022-02-10,"-2 day ahead inc hosp","quantile",0.9,341,"COVID-19"
"DE-SH","00+",2022-02-12,2022-02-10,"-2 day ahead inc hosp","quantile",0.975,368,"COVID-19"
"DE-SH","00+",2022-02-12,2022-02-09,"-3 day ahead inc hosp","mean",NA,292,"COVID-19"
"DE-SH","00+",2022-02-12,2022-02-09,"-3 day ahead inc hosp","quantile",0.025,252,"COVID-19"
"DE-SH","00+",2022-02-12,2022-02-09,"-3 day ahead inc hosp","quantile",0.1,263,"COVID-19"
"DE-SH","00+",2022-02-12,2022-02-09,"-3 day ahead inc hosp","quantile",0.25,276,"COVID-19"
"DE-SH","00+",2022-02-12,2022-02-09,"-3 day ahead inc hosp","quantile",0.5,291,"COVID-19"
"DE-SH","00+",2022-02-12,2022-02-09,"-3 day ahead inc hosp","quantile",0.75,307,"COVID-19"
"DE-SH","00+",2022-02-12,2022-02-09,"-3 day ahead inc hosp","quantile",0.9,324,"COVID-19"
"DE-SH","00+",2022-02-12,2022-02-09,"-3 day ahead inc hosp","quantile",0.975,344,"COVID-19"
"DE-SH","00+",2022-02-12,2022-02-08,"-4 day ahead inc hosp","mean",NA,301,"COVID-19"
"DE-SH","00+",2022-02-12,2022-02-08,"-4 day ahead inc hosp","quantile",0.025,265,"COVID-19"
"DE-SH","00+",2022-02-12,2022-02-08,"-4 day ahead inc hosp","quantile",0.1,275,"COVID-19"
"DE-SH","00+",2022-02-12,2022-02-08,"-4 day ahead inc hosp","quantile",0.25,286,"COVID-19"
"DE-SH","00+",2022-02-12,2022-02-08,"-4 day ahead inc hosp","quantile",0.5,299,"COVID-19"
"DE-SH","00+",2022-02-12,2022-02-08,"-4 day ahead inc hosp","quantile",0.75,314,"COVID-19"
"DE-SH","00+",2022-02-12,2022-02-08,"-4 day ahead inc hosp","quantile",0.9,328,"COVID-19"
"DE-SH","00+",2022-02-12,2022-02-08,"-4 day ahead inc hosp","quantile",0.975,346,"COVID-19"
"DE-SH","00+",2022-02-12,2022-02-07,"-5 day ahead inc hosp","mean",NA,294,"COVID-19"
"DE-SH","00+",2022-02-12,2022-02-07,"-5 day ahead inc hosp","quantile",0.025,264,"COVID-19"
"DE-SH","00+",2022-02-12,2022-02-07,"-5 day ahead inc hosp","quantile",0.1,273,"COVID-19"
"DE-SH","00+",2022-02-12,2022-02-07,"-5 day ahead inc hosp","quantile",0.25,282,"COVID-19"
"DE-SH","00+",2022-02-12,2022-02-07,"-5 day ahead inc hosp","quantile",0.5,293,"COVID-19"
"DE-SH","00+",2022-02-12,2022-02-07,"-5 day ahead inc hosp","quantile",0.75,305,"COVID-19"
"DE-SH","00+",2022-02-12,2022-02-07,"-5 day ahead inc hosp","quantile",0.9,318,"COVID-19"
"DE-SH","00+",2022-02-12,2022-02-07,"-5 day ahead inc hosp","quantile",0.975,333,"COVID-19"
"DE-SH","00+",2022-02-12,2022-02-06,"-6 day ahead inc hosp","mean",NA,288,"COVID-19"
"DE-SH","00+",2022-02-12,2022-02-06,"-6 day ahead inc hosp","quantile",0.025,259,"COVID-19"
"DE-SH","00+",2022-02-12,2022-02-06,"-6 day ahead inc hosp","quantile",0.1,267,"COVID-19"
"DE-SH","00+",2022-02-12,2022-02-06,"-6 day ahead inc hosp","quantile",0.25,276,"COVID-19"
"DE-SH","00+",2022-02-12,2022-02-06,"-6 day ahead inc hosp","quantile",0.5,286,"COVID-19"
"DE-SH","00+",2022-02-12,2022-02-06,"-6 day ahead inc hosp","quantile",0.75,298,"COVID-19"
"DE-SH","00+",2022-02-12,2022-02-06,"-6 day ahead inc hosp","quantile",0.9,309,"COVID-19"
"DE-SH","00+",2022-02-12,2022-02-06,"-6 day ahead inc hosp","quantile",0.975,324,"COVID-19"
"DE-SH","00+",2022-02-12,2022-02-05,"-7 day ahead inc hosp","mean",NA,277,"COVID-19"
"DE-SH","00+",2022-02-12,2022-02-05,"-7 day ahead inc hosp","quantile",0.025,250,"COVID-19"
"DE-SH","00+",2022-02-12,2022-02-05,"-7 day ahead inc hosp","quantile",0.1,258,"COVID-19"
"DE-SH","00+",2022-02-12,2022-02-05,"-7 day ahead inc hosp","quantile",0.25,266,"COVID-19"
"DE-SH","00+",2022-02-12,2022-02-05,"-7 day ahead inc hosp","quantile",0.5,276,"COVID-19"
"DE-SH","00+",2022-02-12,2022-02-05,"-7 day ahead inc hosp","quantile",0.75,287,"COVID-19"
"DE-SH","00+",2022-02-12,2022-02-05,"-7 day ahead inc hosp","quantile",0.9,298,"COVID-19"
"DE-SH","00+",2022-02-12,2022-02-05,"-7 day ahead inc hosp","quantile",0.975,311,"COVID-19"
"DE-SH","00+",2022-02-12,2022-02-04,"-8 day ahead inc hosp","mean",NA,259,"COVID-19"
"DE-SH","00+",2022-02-12,2022-02-04,"-8 day ahead inc hosp","quantile",0.025,235,"COVID-19"
"DE-SH","00+",2022-02-12,2022-02-04,"-8 day ahead inc hosp","quantile",0.1,242,"COVID-19"
"DE-SH","00+",2022-02-12,2022-02-04,"-8 day ahead inc hosp","quantile",0.25,249,"COVID-19"
"DE-SH","00+",2022-02-12,2022-02-04,"-8 day ahead inc hosp","quantile",0.5,258,"COVID-19"
"DE-SH","00+",2022-02-12,2022-02-04,"-8 day ahead inc hosp","quantile",0.75,268,"COVID-19"
"DE-SH","00+",2022-02-12,2022-02-04,"-8 day ahead inc hosp","quantile",0.9,279,"COVID-19"
"DE-SH","00+",2022-02-12,2022-02-04,"-8 day ahead inc hosp","quantile",0.975,291,"COVID-19"
"DE-SH","00+",2022-02-12,2022-02-03,"-9 day ahead inc hosp","mean",NA,267,"COVID-19"
"DE-SH","00+",2022-02-12,2022-02-03,"-9 day ahead inc hosp","quantile",0.025,244,"COVID-19"
"DE-SH","00+",2022-02-12,2022-02-03,"-9 day ahead inc hosp","quantile",0.1,251,"COVID-19"
"DE-SH","00+",2022-02-12,2022-02-03,"-9 day ahead inc hosp","quantile",0.25,257,"COVID-19"
"DE-SH","00+",2022-02-12,2022-02-03,"-9 day ahead inc hosp","quantile",0.5,266,"COVID-19"
"DE-SH","00+",2022-02-12,2022-02-03,"-9 day ahead inc hosp","quantile",0.75,275,"COVID-19"
"DE-SH","00+",2022-02-12,2022-02-03,"-9 day ahead inc hosp","quantile",0.9,285,"COVID-19"
"DE-SH","00+",2022-02-12,2022-02-03,"-9 day ahead inc hosp","quantile",0.975,297,"COVID-19"
"DE-SH","00+",2022-02-12,2022-02-02,"-10 day ahead inc hosp","mean",NA,274,"COVID-19"
"DE-SH","00+",2022-02-12,2022-02-02,"-10 day ahead inc hosp","quantile",0.025,254,"COVID-19"
"DE-SH","00+",2022-02-12,2022-02-02,"-10 day ahead inc hosp","quantile",0.1,260,"COVID-19"
"DE-SH","00+",2022-02-12,2022-02-02,"-10 day ahead inc hosp","quantile",0.25,266,"COVID-19"
"DE-SH","00+",2022-02-12,2022-02-02,"-10 day ahead inc hosp","quantile",0.5,273,"COVID-19"
"DE-SH","00+",2022-02-12,2022-02-02,"-10 day ahead inc hosp","quantile",0.75,281,"COVID-19"
"DE-SH","00+",2022-02-12,2022-02-02,"-10 day ahead inc hosp","quantile",0.9,289,"COVID-19"
"DE-SH","00+",2022-02-12,2022-02-02,"-10 day ahead inc hosp","quantile",0.975,299,"COVID-19"
"DE-SH","00+",2022-02-12,2022-02-01,"-11 day ahead inc hosp","mean",NA,266,"COVID-19"
"DE-SH","00+",2022-02-12,2022-02-01,"-11 day ahead inc hosp","quantile",0.025,250,"COVID-19"
"DE-SH","00+",2022-02-12,2022-02-01,"-11 day ahead inc hosp","quantile",0.1,255,"COVID-19"
"DE-SH","00+",2022-02-12,2022-02-01,"-11 day ahead inc hosp","quantile",0.25,260,"COVID-19"
"DE-SH","00+",2022-02-12,2022-02-01,"-11 day ahead inc hosp","quantile",0.5,265,"COVID-19"
"DE-SH","00+",2022-02-12,2022-02-01,"-11 day ahead inc hosp","quantile",0.75,272,"COVID-19"
"DE-SH","00+",2022-02-12,2022-02-01,"-11 day ahead inc hosp","quantile",0.9,278,"COVID-19"
"DE-SH","00+",2022-02-12,2022-02-01,"-11 day ahead inc hosp","quantile",0.975,285,"COVID-19"
"DE-SH","00+",2022-02-12,2022-01-31,"-12 day ahead inc hosp","mean",NA,275,"COVID-19"
"DE-SH","00+",2022-02-12,2022-01-31,"-12 day ahead inc hosp","quantile",0.025,261,"COVID-19"
"DE-SH","00+",2022-02-12,2022-01-31,"-12 day ahead inc hosp","quantile",0.1,265,"COVID-19"
"DE-SH","00+",2022-02-12,2022-01-31,"-12 day ahead inc hosp","quantile",0.25,269,"COVID-19"
"DE-SH","00+",2022-02-12,2022-01-31,"-12 day ahead inc hosp","quantile",0.5,274,"COVID-19"
"DE-SH","00+",2022-02-12,2022-01-31,"-12 day ahead inc hosp","quantile",0.75,280,"COVID-19"
"DE-SH","00+",2022-02-12,2022-01-31,"-12 day ahead inc hosp","quantile",0.9,285,"COVID-19"
"DE-SH","00+",2022-02-12,2022-01-31,"-12 day ahead inc hosp","quantile",0.975,292,"COVID-19"
"DE-SH","00+",2022-02-12,2022-01-30,"-13 day ahead inc hosp","mean",NA,286,"COVID-19"
"DE-SH","00+",2022-02-12,2022-01-30,"-13 day ahead inc hosp","quantile",0.025,273,"COVID-19"
"DE-SH","00+",2022-02-12,2022-01-30,"-13 day ahead inc hosp","quantile",0.1,277,"COVID-19"
"DE-SH","00+",2022-02-12,2022-01-30,"-13 day ahead inc hosp","quantile",0.25,281,"COVID-19"
"DE-SH","00+",2022-02-12,2022-01-30,"-13 day ahead inc hosp","quantile",0.5,286,"COVID-19"
"DE-SH","00+",2022-02-12,2022-01-30,"-13 day ahead inc hosp","quantile",0.75,291,"COVID-19"
"DE-SH","00+",2022-02-12,2022-01-30,"-13 day ahead inc hosp","quantile",0.9,296,"COVID-19"
"DE-SH","00+",2022-02-12,2022-01-30,"-13 day ahead inc hosp","quantile",0.975,302,"COVID-19"
"DE-SH","00+",2022-02-12,2022-01-29,"-14 day ahead inc hosp","mean",NA,284,"COVID-19"
"DE-SH","00+",2022-02-12,2022-01-29,"-14 day ahead inc hosp","quantile",0.025,271,"COVID-19"
"DE-SH","00+",2022-02-12,2022-01-29,"-14 day ahead inc hosp","quantile",0.1,275,"COVID-19"
"DE-SH","00+",2022-02-12,2022-01-29,"-14 day ahead inc hosp","quantile",0.25,279,"COVID-19"
"DE-SH","00+",2022-02-12,2022-01-29,"-14 day ahead inc hosp","quantile",0.5,283,"COVID-19"
"DE-SH","00+",2022-02-12,2022-01-29,"-14 day ahead inc hosp","quantile",0.75,288,"COVID-19"
"DE-SH","00+",2022-02-12,2022-01-29,"-14 day ahead inc hosp","quantile",0.9,293,"COVID-19"
"DE-SH","00+",2022-02-12,2022-01-29,"-14 day ahead inc hosp","quantile",0.975,298,"COVID-19"
"DE-SH","00+",2022-02-12,2022-01-28,"-15 day ahead inc hosp","mean",NA,304,"COVID-19"
"DE-SH","00+",2022-02-12,2022-01-28,"-15 day ahead inc hosp","quantile",0.025,290,"COVID-19"
"DE-SH","00+",2022-02-12,2022-01-28,"-15 day ahead inc hosp","quantile",0.1,294,"COVID-19"
"DE-SH","00+",2022-02-12,2022-01-28,"-15 day ahead inc hosp","quantile",0.25,298,"COVID-19"
"DE-SH","00+",2022-02-12,2022-01-28,"-15 day ahead inc hosp","quantile",0.5,303,"COVID-19"
"DE-SH","00+",2022-02-12,2022-01-28,"-15 day ahead inc hosp","quantile",0.75,309,"COVID-19"
"DE-SH","00+",2022-02-12,2022-01-28,"-15 day ahead inc hosp","quantile",0.9,314,"COVID-19"
"DE-SH","00+",2022-02-12,2022-01-28,"-15 day ahead inc hosp","quantile",0.975,321,"COVID-19"
"DE-SH","00+",2022-02-12,2022-01-27,"-16 day ahead inc hosp","mean",NA,306,"COVID-19"
"DE-SH","00+",2022-02-12,2022-01-27,"-16 day ahead inc hosp","quantile",0.025,292,"COVID-19"
"DE-SH","00+",2022-02-12,2022-01-27,"-16 day ahead inc hosp","quantile",0.1,296,"COVID-19"
"DE-SH","00+",2022-02-12,2022-01-27,"-16 day ahead inc hosp","quantile",0.25,300,"COVID-19"
"DE-SH","00+",2022-02-12,2022-01-27,"-16 day ahead inc hosp","quantile",0.5,306,"COVID-19"
"DE-SH","00+",2022-02-12,2022-01-27,"-16 day ahead inc hosp","quantile",0.75,312,"COVID-19"
"DE-SH","00+",2022-02-12,2022-01-27,"-16 day ahead inc hosp","quantile",0.9,318,"COVID-19"
"DE-SH","00+",2022-02-12,2022-01-27,"-16 day ahead inc hosp","quantile",0.975,326,"COVID-19"
"DE-SH","00+",2022-02-12,2022-01-26,"-17 day ahead inc hosp","mean",NA,305,"COVID-19"
"DE-SH","00+",2022-02-12,2022-01-26,"-17 day ahead inc hosp","quantile",0.025,291,"COVID-19"
"DE-SH","00+",2022-02-12,2022-01-26,"-17 day ahead inc hosp","quantile",0.1,295,"COVID-19"
"DE-SH","00+",2022-02-12,2022-01-26,"-17 day ahead inc hosp","quantile",0.25,299,"COVID-19"
"DE-SH","00+",2022-02-12,2022-01-26,"-17 day ahead inc hosp","quantile",0.5,304,"COVID-19"
"DE-SH","00+",2022-02-12,2022-01-26,"-17 day ahead inc hosp","quantile",0.75,311,"COVID-19"
"DE-SH","00+",2022-02-12,2022-01-26,"-17 day ahead inc hosp","quantile",0.9,317,"COVID-19"
"DE-SH","00+",2022-02-12,2022-01-26,"-17 day ahead inc hosp","quantile",0.975,326,"COVID-19"
"DE-SH","00+",2022-02-12,2022-01-25,"-18 day ahead inc hosp","mean",NA,300,"COVID-19"
"DE-SH","00+",2022-02-12,2022-01-25,"-18 day ahead inc hosp","quantile",0.025,286,"COVID-19"
"DE-SH","00+",2022-02-12,2022-01-25,"-18 day ahead inc hosp","quantile",0.1,289,"COVID-19"
"DE-SH","00+",2022-02-12,2022-01-25,"-18 day ahead inc hosp","quantile",0.25,293,"COVID-19"
"DE-SH","00+",2022-02-12,2022-01-25,"-18 day ahead inc hosp","quantile",0.5,299,"COVID-19"
"DE-SH","00+",2022-02-12,2022-01-25,"-18 day ahead inc hosp","quantile",0.75,306,"COVID-19"
"DE-SH","00+",2022-02-12,2022-01-25,"-18 day ahead inc hosp","quantile",0.9,313,"COVID-19"
"DE-SH","00+",2022-02-12,2022-01-25,"-18 day ahead inc hosp","quantile",0.975,322,"COVID-19"
"DE-SH","00+",2022-02-12,2022-01-24,"-19 day ahead inc hosp","mean",NA,288,"COVID-19"
"DE-SH","00+",2022-02-12,2022-01-24,"-19 day ahead inc hosp","quantile",0.025,275,"COVID-19"
"DE-SH","00+",2022-02-12,2022-01-24,"-19 day ahead inc hosp","quantile",0.1,278,"COVID-19"
"DE-SH","00+",2022-02-12,2022-01-24,"-19 day ahead inc hosp","quantile",0.25,282,"COVID-19"
"DE-SH","00+",2022-02-12,2022-01-24,"-19 day ahead inc hosp","quantile",0.5,287,"COVID-19"
"DE-SH","00+",2022-02-12,2022-01-24,"-19 day ahead inc hosp","quantile",0.75,293,"COVID-19"
"DE-SH","00+",2022-02-12,2022-01-24,"-19 day ahead inc hosp","quantile",0.9,300,"COVID-19"
"DE-SH","00+",2022-02-12,2022-01-24,"-19 day ahead inc hosp","quantile",0.975,310,"COVID-19"
"DE-SH","00+",2022-02-12,2022-01-23,"-20 day ahead inc hosp","mean",NA,289,"COVID-19"
"DE-SH","00+",2022-02-12,2022-01-23,"-20 day ahead inc hosp","quantile",0.025,275,"COVID-19"
"DE-SH","00+",2022-02-12,2022-01-23,"-20 day ahead inc hosp","quantile",0.1,278,"COVID-19"
"DE-SH","00+",2022-02-12,2022-01-23,"-20 day ahead inc hosp","quantile",0.25,281,"COVID-19"
"DE-SH","00+",2022-02-12,2022-01-23,"-20 day ahead inc hosp","quantile",0.5,287,"COVID-19"
"DE-SH","00+",2022-02-12,2022-01-23,"-20 day ahead inc hosp","quantile",0.75,294,"COVID-19"
"DE-SH","00+",2022-02-12,2022-01-23,"-20 day ahead inc hosp","quantile",0.9,302,"COVID-19"
"DE-SH","00+",2022-02-12,2022-01-23,"-20 day ahead inc hosp","quantile",0.975,312,"COVID-19"
"DE-SH","00+",2022-02-12,2022-01-22,"-21 day ahead inc hosp","mean",NA,301,"COVID-19"
"DE-SH","00+",2022-02-12,2022-01-22,"-21 day ahead inc hosp","quantile",0.025,287,"COVID-19"
"DE-SH","00+",2022-02-12,2022-01-22,"-21 day ahead inc hosp","quantile",0.1,289,"COVID-19"
"DE-SH","00+",2022-02-12,2022-01-22,"-21 day ahead inc hosp","quantile",0.25,293,"COVID-19"
"DE-SH","00+",2022-02-12,2022-01-22,"-21 day ahead inc hosp","quantile",0.5,299,"COVID-19"
"DE-SH","00+",2022-02-12,2022-01-22,"-21 day ahead inc hosp","quantile",0.75,306,"COVID-19"
"DE-SH","00+",2022-02-12,2022-01-22,"-21 day ahead inc hosp","quantile",0.9,315,"COVID-19"
"DE-SH","00+",2022-02-12,2022-01-22,"-21 day ahead inc hosp","quantile",0.975,328,"COVID-19"
"DE-SH","00+",2022-02-12,2022-01-21,"-22 day ahead inc hosp","mean",NA,306,"COVID-19"
"DE-SH","00+",2022-02-12,2022-01-21,"-22 day ahead inc hosp","quantile",0.025,292,"COVID-19"
"DE-SH","00+",2022-02-12,2022-01-21,"-22 day ahead inc hosp","quantile",0.1,295,"COVID-19"
"DE-SH","00+",2022-02-12,2022-01-21,"-22 day ahead inc hosp","quantile",0.25,298,"COVID-19"
"DE-SH","00+",2022-02-12,2022-01-21,"-22 day ahead inc hosp","quantile",0.5,304,"COVID-19"
"DE-SH","00+",2022-02-12,2022-01-21,"-22 day ahead inc hosp","quantile",0.75,312,"COVID-19"
"DE-SH","00+",2022-02-12,2022-01-21,"-22 day ahead inc hosp","quantile",0.9,321,"COVID-19"
"DE-SH","00+",2022-02-12,2022-01-21,"-22 day ahead inc hosp","quantile",0.975,334,"COVID-19"
"DE-SH","00+",2022-02-12,2022-01-20,"-23 day ahead inc hosp","mean",NA,301,"COVID-19"
"DE-SH","00+",2022-02-12,2022-01-20,"-23 day ahead inc hosp","quantile",0.025,288,"COVID-19"
"DE-SH","00+",2022-02-12,2022-01-20,"-23 day ahead inc hosp","quantile",0.1,290,"COVID-19"
"DE-SH","00+",2022-02-12,2022-01-20,"-23 day ahead inc hosp","quantile",0.25,294,"COVID-19"
"DE-SH","00+",2022-02-12,2022-01-20,"-23 day ahead inc hosp","quantile",0.5,299,"COVID-19"
"DE-SH","00+",2022-02-12,2022-01-20,"-23 day ahead inc hosp","quantile",0.75,307,"COVID-19"
"DE-SH","00+",2022-02-12,2022-01-20,"-23 day ahead inc hosp","quantile",0.9,315,"COVID-19"
"DE-SH","00+",2022-02-12,2022-01-20,"-23 day ahead inc hosp","quantile",0.975,328,"COVID-19"
"DE-SH","00+",2022-02-12,2022-01-19,"-24 day ahead inc hosp","mean",NA,282,"COVID-19"
"DE-SH","00+",2022-02-12,2022-01-19,"-24 day ahead inc hosp","quantile",0.025,270,"COVID-19"
"DE-SH","00+",2022-02-12,2022-01-19,"-24 day ahead inc hosp","quantile",0.1,272,"COVID-19"
"DE-SH","00+",2022-02-12,2022-01-19,"-24 day ahead inc hosp","quantile",0.25,275,"COVID-19"
"DE-SH","00+",2022-02-12,2022-01-19,"-24 day ahead inc hosp","quantile",0.5,280,"COVID-19"
"DE-SH","00+",2022-02-12,2022-01-19,"-24 day ahead inc hosp","quantile",0.75,287,"COVID-19"
"DE-SH","00+",2022-02-12,2022-01-19,"-24 day ahead inc hosp","quantile",0.9,295,"COVID-19"
"DE-SH","00+",2022-02-12,2022-01-19,"-24 day ahead inc hosp","quantile",0.975,307,"COVID-19"
"DE-SH","00+",2022-02-12,2022-01-18,"-25 day ahead inc hosp","mean",NA,265,"COVID-19"
"DE-SH","00+",2022-02-12,2022-01-18,"-25 day ahead inc hosp","quantile",0.025,254,"COVID-19"
"DE-SH","00+",2022-02-12,2022-01-18,"-25 day ahead inc hosp","quantile",0.1,256,"COVID-19"
"DE-SH","00+",2022-02-12,2022-01-18,"-25 day ahead inc hosp","quantile",0.25,258,"COVID-19"
"DE-SH","00+",2022-02-12,2022-01-18,"-25 day ahead inc hosp","quantile",0.5,263,"COVID-19"
"DE-SH","00+",2022-02-12,2022-01-18,"-25 day ahead inc hosp","quantile",0.75,269,"COVID-19"
"DE-SH","00+",2022-02-12,2022-01-18,"-25 day ahead inc hosp","quantile",0.9,277,"COVID-19"
"DE-SH","00+",2022-02-12,2022-01-18,"-25 day ahead inc hosp","quantile",0.975,287,"COVID-19"
"DE-SH","00+",2022-02-12,2022-01-17,"-26 day ahead inc hosp","mean",NA,256,"COVID-19"
"DE-SH","00+",2022-02-12,2022-01-17,"-26 day ahead inc hosp","quantile",0.025,246,"COVID-19"
"DE-SH","00+",2022-02-12,2022-01-17,"-26 day ahead inc hosp","quantile",0.1,247,"COVID-19"
"DE-SH","00+",2022-02-12,2022-01-17,"-26 day ahead inc hosp","quantile",0.25,250,"COVID-19"
"DE-SH","00+",2022-02-12,2022-01-17,"-26 day ahead inc hosp","quantile",0.5,254,"COVID-19"
"DE-SH","00+",2022-02-12,2022-01-17,"-26 day ahead inc hosp","quantile",0.75,260,"COVID-19"
"DE-SH","00+",2022-02-12,2022-01-17,"-26 day ahead inc hosp","quantile",0.9,267,"COVID-19"
"DE-SH","00+",2022-02-12,2022-01-17,"-26 day ahead inc hosp","quantile",0.975,277,"COVID-19"
"DE-SH","00+",2022-02-12,2022-01-16,"-27 day ahead inc hosp","mean",NA,248,"COVID-19"
"DE-SH","00+",2022-02-12,2022-01-16,"-27 day ahead inc hosp","quantile",0.025,238,"COVID-19"
"DE-SH","00+",2022-02-12,2022-01-16,"-27 day ahead inc hosp","quantile",0.1,239,"COVID-19"
"DE-SH","00+",2022-02-12,2022-01-16,"-27 day ahead inc hosp","quantile",0.25,242,"COVID-19"
"DE-SH","00+",2022-02-12,2022-01-16,"-27 day ahead inc hosp","quantile",0.5,246,"COVID-19"
"DE-SH","00+",2022-02-12,2022-01-16,"-27 day ahead inc hosp","quantile",0.75,251,"COVID-19"
"DE-SH","00+",2022-02-12,2022-01-16,"-27 day ahead inc hosp","quantile",0.9,258,"COVID-19"
"DE-SH","00+",2022-02-12,2022-01-16,"-27 day ahead inc hosp","quantile",0.975,267,"COVID-19"
"DE-SH","00+",2022-02-12,2022-01-15,"-28 day ahead inc hosp","mean",NA,236,"COVID-19"
"DE-SH","00+",2022-02-12,2022-01-15,"-28 day ahead inc hosp","quantile",0.025,227,"COVID-19"
"DE-SH","00+",2022-02-12,2022-01-15,"-28 day ahead inc hosp","quantile",0.1,228,"COVID-19"
"DE-SH","00+",2022-02-12,2022-01-15,"-28 day ahead inc hosp","quantile",0.25,230,"COVID-19"
"DE-SH","00+",2022-02-12,2022-01-15,"-28 day ahead inc hosp","quantile",0.5,234,"COVID-19"
"DE-SH","00+",2022-02-12,2022-01-15,"-28 day ahead inc hosp","quantile",0.75,239,"COVID-19"
"DE-SH","00+",2022-02-12,2022-01-15,"-28 day ahead inc hosp","quantile",0.9,245,"COVID-19"
"DE-SH","00+",2022-02-12,2022-01-15,"-28 day ahead inc hosp","quantile",0.975,254,"COVID-19"
"DE-SL","00+",2022-02-12,2022-02-12,"0 day ahead inc hosp","mean",NA,57,"COVID-19"
"DE-SL","00+",2022-02-12,2022-02-12,"0 day ahead inc hosp","quantile",0.025,45,"COVID-19"
"DE-SL","00+",2022-02-12,2022-02-12,"0 day ahead inc hosp","quantile",0.1,48,"COVID-19"
"DE-SL","00+",2022-02-12,2022-02-12,"0 day ahead inc hosp","quantile",0.25,51,"COVID-19"
"DE-SL","00+",2022-02-12,2022-02-12,"0 day ahead inc hosp","quantile",0.5,56,"COVID-19"
"DE-SL","00+",2022-02-12,2022-02-12,"0 day ahead inc hosp","quantile",0.75,62,"COVID-19"
"DE-SL","00+",2022-02-12,2022-02-12,"0 day ahead inc hosp","quantile",0.9,68,"COVID-19"
"DE-SL","00+",2022-02-12,2022-02-12,"0 day ahead inc hosp","quantile",0.975,77,"COVID-19"
"DE-SL","00+",2022-02-12,2022-02-11,"-1 day ahead inc hosp","mean",NA,54,"COVID-19"
"DE-SL","00+",2022-02-12,2022-02-11,"-1 day ahead inc hosp","quantile",0.025,44,"COVID-19"
"DE-SL","00+",2022-02-12,2022-02-11,"-1 day ahead inc hosp","quantile",0.1,46,"COVID-19"
"DE-SL","00+",2022-02-12,2022-02-11,"-1 day ahead inc hosp","quantile",0.25,49,"COVID-19"
"DE-SL","00+",2022-02-12,2022-02-11,"-1 day ahead inc hosp","quantile",0.5,53,"COVID-19"
"DE-SL","00+",2022-02-12,2022-02-11,"-1 day ahead inc hosp","quantile",0.75,57,"COVID-19"
"DE-SL","00+",2022-02-12,2022-02-11,"-1 day ahead inc hosp","quantile",0.9,63,"COVID-19"
"DE-SL","00+",2022-02-12,2022-02-11,"-1 day ahead inc hosp","quantile",0.975,70,"COVID-19"
"DE-SL","00+",2022-02-12,2022-02-10,"-2 day ahead inc hosp","mean",NA,59,"COVID-19"
"DE-SL","00+",2022-02-12,2022-02-10,"-2 day ahead inc hosp","quantile",0.025,50,"COVID-19"
"DE-SL","00+",2022-02-12,2022-02-10,"-2 day ahead inc hosp","quantile",0.1,52,"COVID-19"
"DE-SL","00+",2022-02-12,2022-02-10,"-2 day ahead inc hosp","quantile",0.25,54,"COVID-19"
"DE-SL","00+",2022-02-12,2022-02-10,"-2 day ahead inc hosp","quantile",0.5,58,"COVID-19"
"DE-SL","00+",2022-02-12,2022-02-10,"-2 day ahead inc hosp","quantile",0.75,63,"COVID-19"
"DE-SL","00+",2022-02-12,2022-02-10,"-2 day ahead inc hosp","quantile",0.9,68,"COVID-19"
"DE-SL","00+",2022-02-12,2022-02-10,"-2 day ahead inc hosp","quantile",0.975,74,"COVID-19"
"DE-SL","00+",2022-02-12,2022-02-09,"-3 day ahead inc hosp","mean",NA,70,"COVID-19"
"DE-SL","00+",2022-02-12,2022-02-09,"-3 day ahead inc hosp","quantile",0.025,60,"COVID-19"
"DE-SL","00+",2022-02-12,2022-02-09,"-3 day ahead inc hosp","quantile",0.1,62,"COVID-19"
"DE-SL","00+",2022-02-12,2022-02-09,"-3 day ahead inc hosp","quantile",0.25,65,"COVID-19"
"DE-SL","00+",2022-02-12,2022-02-09,"-3 day ahead inc hosp","quantile",0.5,69,"COVID-19"
"DE-SL","00+",2022-02-12,2022-02-09,"-3 day ahead inc hosp","quantile",0.75,74,"COVID-19"
"DE-SL","00+",2022-02-12,2022-02-09,"-3 day ahead inc hosp","quantile",0.9,80,"COVID-19"
"DE-SL","00+",2022-02-12,2022-02-09,"-3 day ahead inc hosp","quantile",0.975,87,"COVID-19"
"DE-SL","00+",2022-02-12,2022-02-08,"-4 day ahead inc hosp","mean",NA,77,"COVID-19"
"DE-SL","00+",2022-02-12,2022-02-08,"-4 day ahead inc hosp","quantile",0.025,67,"COVID-19"
"DE-SL","00+",2022-02-12,2022-02-08,"-4 day ahead inc hosp","quantile",0.1,69,"COVID-19"
"DE-SL","00+",2022-02-12,2022-02-08,"-4 day ahead inc hosp","quantile",0.25,72,"COVID-19"
"DE-SL","00+",2022-02-12,2022-02-08,"-4 day ahead inc hosp","quantile",0.5,76,"COVID-19"
"DE-SL","00+",2022-02-12,2022-02-08,"-4 day ahead inc hosp","quantile",0.75,81,"COVID-19"
"DE-SL","00+",2022-02-12,2022-02-08,"-4 day ahead inc hosp","quantile",0.9,86,"COVID-19"
"DE-SL","00+",2022-02-12,2022-02-08,"-4 day ahead inc hosp","quantile",0.975,93,"COVID-19"
"DE-SL","00+",2022-02-12,2022-02-07,"-5 day ahead inc hosp","mean",NA,74,"COVID-19"
"DE-SL","00+",2022-02-12,2022-02-07,"-5 day ahead inc hosp","quantile",0.025,66,"COVID-19"
"DE-SL","00+",2022-02-12,2022-02-07,"-5 day ahead inc hosp","quantile",0.1,68,"COVID-19"
"DE-SL","00+",2022-02-12,2022-02-07,"-5 day ahead inc hosp","quantile",0.25,70,"COVID-19"
"DE-SL","00+",2022-02-12,2022-02-07,"-5 day ahead inc hosp","quantile",0.5,73,"COVID-19"
"DE-SL","00+",2022-02-12,2022-02-07,"-5 day ahead inc hosp","quantile",0.75,78,"COVID-19"
"DE-SL","00+",2022-02-12,2022-02-07,"-5 day ahead inc hosp","quantile",0.9,82,"COVID-19"
"DE-SL","00+",2022-02-12,2022-02-07,"-5 day ahead inc hosp","quantile",0.975,88,"COVID-19"
"DE-SL","00+",2022-02-12,2022-02-06,"-6 day ahead inc hosp","mean",NA,76,"COVID-19"
"DE-SL","00+",2022-02-12,2022-02-06,"-6 day ahead inc hosp","quantile",0.025,68,"COVID-19"
"DE-SL","00+",2022-02-12,2022-02-06,"-6 day ahead inc hosp","quantile",0.1,70,"COVID-19"
"DE-SL","00+",2022-02-12,2022-02-06,"-6 day ahead inc hosp","quantile",0.25,72,"COVID-19"
"DE-SL","00+",2022-02-12,2022-02-06,"-6 day ahead inc hosp","quantile",0.5,76,"COVID-19"
"DE-SL","00+",2022-02-12,2022-02-06,"-6 day ahead inc hosp","quantile",0.75,80,"COVID-19"
"DE-SL","00+",2022-02-12,2022-02-06,"-6 day ahead inc hosp","quantile",0.9,84,"COVID-19"
"DE-SL","00+",2022-02-12,2022-02-06,"-6 day ahead inc hosp","quantile",0.975,89,"COVID-19"
"DE-SL","00+",2022-02-12,2022-02-05,"-7 day ahead inc hosp","mean",NA,75,"COVID-19"
"DE-SL","00+",2022-02-12,2022-02-05,"-7 day ahead inc hosp","quantile",0.025,67,"COVID-19"
"DE-SL","00+",2022-02-12,2022-02-05,"-7 day ahead inc hosp","quantile",0.1,69,"COVID-19"
"DE-SL","00+",2022-02-12,2022-02-05,"-7 day ahead inc hosp","quantile",0.25,71,"COVID-19"
"DE-SL","00+",2022-02-12,2022-02-05,"-7 day ahead inc hosp","quantile",0.5,74,"COVID-19"
"DE-SL","00+",2022-02-12,2022-02-05,"-7 day ahead inc hosp","quantile",0.75,77,"COVID-19"
"DE-SL","00+",2022-02-12,2022-02-05,"-7 day ahead inc hosp","quantile",0.9,81,"COVID-19"
"DE-SL","00+",2022-02-12,2022-02-05,"-7 day ahead inc hosp","quantile",0.975,86,"COVID-19"
"DE-SL","00+",2022-02-12,2022-02-04,"-8 day ahead inc hosp","mean",NA,83,"COVID-19"
"DE-SL","00+",2022-02-12,2022-02-04,"-8 day ahead inc hosp","quantile",0.025,76,"COVID-19"
"DE-SL","00+",2022-02-12,2022-02-04,"-8 day ahead inc hosp","quantile",0.1,78,"COVID-19"
"DE-SL","00+",2022-02-12,2022-02-04,"-8 day ahead inc hosp","quantile",0.25,80,"COVID-19"
"DE-SL","00+",2022-02-12,2022-02-04,"-8 day ahead inc hosp","quantile",0.5,82,"COVID-19"
"DE-SL","00+",2022-02-12,2022-02-04,"-8 day ahead inc hosp","quantile",0.75,86,"COVID-19"
"DE-SL","00+",2022-02-12,2022-02-04,"-8 day ahead inc hosp","quantile",0.9,89,"COVID-19"
"DE-SL","00+",2022-02-12,2022-02-04,"-8 day ahead inc hosp","quantile",0.975,93,"COVID-19"
"DE-SL","00+",2022-02-12,2022-02-03,"-9 day ahead inc hosp","mean",NA,73,"COVID-19"
"DE-SL","00+",2022-02-12,2022-02-03,"-9 day ahead inc hosp","quantile",0.025,67,"COVID-19"
"DE-SL","00+",2022-02-12,2022-02-03,"-9 day ahead inc hosp","quantile",0.1,69,"COVID-19"
"DE-SL","00+",2022-02-12,2022-02-03,"-9 day ahead inc hosp","quantile",0.25,71,"COVID-19"
"DE-SL","00+",2022-02-12,2022-02-03,"-9 day ahead inc hosp","quantile",0.5,73,"COVID-19"
"DE-SL","00+",2022-02-12,2022-02-03,"-9 day ahead inc hosp","quantile",0.75,76,"COVID-19"
"DE-SL","00+",2022-02-12,2022-02-03,"-9 day ahead inc hosp","quantile",0.9,79,"COVID-19"
"DE-SL","00+",2022-02-12,2022-02-03,"-9 day ahead inc hosp","quantile",0.975,82,"COVID-19"
"DE-SL","00+",2022-02-12,2022-02-02,"-10 day ahead inc hosp","mean",NA,67,"COVID-19"
"DE-SL","00+",2022-02-12,2022-02-02,"-10 day ahead inc hosp","quantile",0.025,62,"COVID-19"
"DE-SL","00+",2022-02-12,2022-02-02,"-10 day ahead inc hosp","quantile",0.1,63,"COVID-19"
"DE-SL","00+",2022-02-12,2022-02-02,"-10 day ahead inc hosp","quantile",0.25,65,"COVID-19"
"DE-SL","00+",2022-02-12,2022-02-02,"-10 day ahead inc hosp","quantile",0.5,67,"COVID-19"
"DE-SL","00+",2022-02-12,2022-02-02,"-10 day ahead inc hosp","quantile",0.75,69,"COVID-19"
"DE-SL","00+",2022-02-12,2022-02-02,"-10 day ahead inc hosp","quantile",0.9,72,"COVID-19"
"DE-SL","00+",2022-02-12,2022-02-02,"-10 day ahead inc hosp","quantile",0.975,75,"COVID-19"
"DE-SL","00+",2022-02-12,2022-02-01,"-11 day ahead inc hosp","mean",NA,63,"COVID-19"
"DE-SL","00+",2022-02-12,2022-02-01,"-11 day ahead inc hosp","quantile",0.025,58,"COVID-19"
"DE-SL","00+",2022-02-12,2022-02-01,"-11 day ahead inc hosp","quantile",0.1,59,"COVID-19"
"DE-SL","00+",2022-02-12,2022-02-01,"-11 day ahead inc hosp","quantile",0.25,61,"COVID-19"
"DE-SL","00+",2022-02-12,2022-02-01,"-11 day ahead inc hosp","quantile",0.5,63,"COVID-19"
"DE-SL","00+",2022-02-12,2022-02-01,"-11 day ahead inc hosp","quantile",0.75,65,"COVID-19"
"DE-SL","00+",2022-02-12,2022-02-01,"-11 day ahead inc hosp","quantile",0.9,67,"COVID-19"
"DE-SL","00+",2022-02-12,2022-02-01,"-11 day ahead inc hosp","quantile",0.975,70,"COVID-19"
"DE-SL","00+",2022-02-12,2022-01-31,"-12 day ahead inc hosp","mean",NA,56,"COVID-19"
"DE-SL","00+",2022-02-12,2022-01-31,"-12 day ahead inc hosp","quantile",0.025,52,"COVID-19"
"DE-SL","00+",2022-02-12,2022-01-31,"-12 day ahead inc hosp","quantile",0.1,53,"COVID-19"
"DE-SL","00+",2022-02-12,2022-01-31,"-12 day ahead inc hosp","quantile",0.25,54,"COVID-19"
"DE-SL","00+",2022-02-12,2022-01-31,"-12 day ahead inc hosp","quantile",0.5,56,"COVID-19"
"DE-SL","00+",2022-02-12,2022-01-31,"-12 day ahead inc hosp","quantile",0.75,58,"COVID-19"
"DE-SL","00+",2022-02-12,2022-01-31,"-12 day ahead inc hosp","quantile",0.9,60,"COVID-19"
"DE-SL","00+",2022-02-12,2022-01-31,"-12 day ahead inc hosp","quantile",0.975,63,"COVID-19"
"DE-SL","00+",2022-02-12,2022-01-30,"-13 day ahead inc hosp","mean",NA,55,"COVID-19"
"DE-SL","00+",2022-02-12,2022-01-30,"-13 day ahead inc hosp","quantile",0.025,50,"COVID-19"
"DE-SL","00+",2022-02-12,2022-01-30,"-13 day ahead inc hosp","quantile",0.1,52,"COVID-19"
"DE-SL","00+",2022-02-12,2022-01-30,"-13 day ahead inc hosp","quantile",0.25,53,"COVID-19"
"DE-SL","00+",2022-02-12,2022-01-30,"-13 day ahead inc hosp","quantile",0.5,55,"COVID-19"
"DE-SL","00+",2022-02-12,2022-01-30,"-13 day ahead inc hosp","quantile",0.75,57,"COVID-19"
"DE-SL","00+",2022-02-12,2022-01-30,"-13 day ahead inc hosp","quantile",0.9,59,"COVID-19"
"DE-SL","00+",2022-02-12,2022-01-30,"-13 day ahead inc hosp","quantile",0.975,62,"COVID-19"
"DE-SL","00+",2022-02-12,2022-01-29,"-14 day ahead inc hosp","mean",NA,54,"COVID-19"
"DE-SL","00+",2022-02-12,2022-01-29,"-14 day ahead inc hosp","quantile",0.025,49,"COVID-19"
"DE-SL","00+",2022-02-12,2022-01-29,"-14 day ahead inc hosp","quantile",0.1,50,"COVID-19"
"DE-SL","00+",2022-02-12,2022-01-29,"-14 day ahead inc hosp","quantile",0.25,51,"COVID-19"
"DE-SL","00+",2022-02-12,2022-01-29,"-14 day ahead inc hosp","quantile",0.5,53,"COVID-19"
"DE-SL","00+",2022-02-12,2022-01-29,"-14 day ahead inc hosp","quantile",0.75,55,"COVID-19"
"DE-SL","00+",2022-02-12,2022-01-29,"-14 day ahead inc hosp","quantile",0.9,58,"COVID-19"
"DE-SL","00+",2022-02-12,2022-01-29,"-14 day ahead inc hosp","quantile",0.975,61,"COVID-19"
"DE-SL","00+",2022-02-12,2022-01-28,"-15 day ahead inc hosp","mean",NA,48,"COVID-19"
"DE-SL","00+",2022-02-12,2022-01-28,"-15 day ahead inc hosp","quantile",0.025,44,"COVID-19"
"DE-SL","00+",2022-02-12,2022-01-28,"-15 day ahead inc hosp","quantile",0.1,44,"COVID-19"
"DE-SL","00+",2022-02-12,2022-01-28,"-15 day ahead inc hosp","quantile",0.25,45,"COVID-19"
"DE-SL","00+",2022-02-12,2022-01-28,"-15 day ahead inc hosp","quantile",0.5,47,"COVID-19"
"DE-SL","00+",2022-02-12,2022-01-28,"-15 day ahead inc hosp","quantile",0.75,49,"COVID-19"
"DE-SL","00+",2022-02-12,2022-01-28,"-15 day ahead inc hosp","quantile",0.9,51,"COVID-19"
"DE-SL","00+",2022-02-12,2022-01-28,"-15 day ahead inc hosp","quantile",0.975,54,"COVID-19"
"DE-SL","00+",2022-02-12,2022-01-27,"-16 day ahead inc hosp","mean",NA,51,"COVID-19"
"DE-SL","00+",2022-02-12,2022-01-27,"-16 day ahead inc hosp","quantile",0.025,48,"COVID-19"
"DE-SL","00+",2022-02-12,2022-01-27,"-16 day ahead inc hosp","quantile",0.1,48,"COVID-19"
"DE-SL","00+",2022-02-12,2022-01-27,"-16 day ahead inc hosp","quantile",0.25,49,"COVID-19"
"DE-SL","00+",2022-02-12,2022-01-27,"-16 day ahead inc hosp","quantile",0.5,51,"COVID-19"
"DE-SL","00+",2022-02-12,2022-01-27,"-16 day ahead inc hosp","quantile",0.75,53,"COVID-19"
"DE-SL","00+",2022-02-12,2022-01-27,"-16 day ahead inc hosp","quantile",0.9,56,"COVID-19"
"DE-SL","00+",2022-02-12,2022-01-27,"-16 day ahead inc hosp","quantile",0.975,60,"COVID-19"
"DE-SL","00+",2022-02-12,2022-01-26,"-17 day ahead inc hosp","mean",NA,47,"COVID-19"
"DE-SL","00+",2022-02-12,2022-01-26,"-17 day ahead inc hosp","quantile",0.025,44,"COVID-19"
"DE-SL","00+",2022-02-12,2022-01-26,"-17 day ahead inc hosp","quantile",0.1,44,"COVID-19"
"DE-SL","00+",2022-02-12,2022-01-26,"-17 day ahead inc hosp","quantile",0.25,45,"COVID-19"
"DE-SL","00+",2022-02-12,2022-01-26,"-17 day ahead inc hosp","quantile",0.5,46,"COVID-19"
"DE-SL","00+",2022-02-12,2022-01-26,"-17 day ahead inc hosp","quantile",0.75,48,"COVID-19"
"DE-SL","00+",2022-02-12,2022-01-26,"-17 day ahead inc hosp","quantile",0.9,51,"COVID-19"
"DE-SL","00+",2022-02-12,2022-01-26,"-17 day ahead inc hosp","quantile",0.975,55,"COVID-19"
"DE-SL","00+",2022-02-12,2022-01-25,"-18 day ahead inc hosp","mean",NA,40,"COVID-19"
"DE-SL","00+",2022-02-12,2022-01-25,"-18 day ahead inc hosp","quantile",0.025,38,"COVID-19"
"DE-SL","00+",2022-02-12,2022-01-25,"-18 day ahead inc hosp","quantile",0.1,38,"COVID-19"
"DE-SL","00+",2022-02-12,2022-01-25,"-18 day ahead inc hosp","quantile",0.25,38,"COVID-19"
"DE-SL","00+",2022-02-12,2022-01-25,"-18 day ahead inc hosp","quantile",0.5,39,"COVID-19"
"DE-SL","00+",2022-02-12,2022-01-25,"-18 day ahead inc hosp","quantile",0.75,41,"COVID-19"
"DE-SL","00+",2022-02-12,2022-01-25,"-18 day ahead inc hosp","quantile",0.9,44,"COVID-19"
"DE-SL","00+",2022-02-12,2022-01-25,"-18 day ahead inc hosp","quantile",0.975,47,"COVID-19"
"DE-SL","00+",2022-02-12,2022-01-24,"-19 day ahead inc hosp","mean",NA,43,"COVID-19"
"DE-SL","00+",2022-02-12,2022-01-24,"-19 day ahead inc hosp","quantile",0.025,41,"COVID-19"
"DE-SL","00+",2022-02-12,2022-01-24,"-19 day ahead inc hosp","quantile",0.1,41,"COVID-19"
"DE-SL","00+",2022-02-12,2022-01-24,"-19 day ahead inc hosp","quantile",0.25,41,"COVID-19"
"DE-SL","00+",2022-02-12,2022-01-24,"-19 day ahead inc hosp","quantile",0.5,42,"COVID-19"
"DE-SL","00+",2022-02-12,2022-01-24,"-19 day ahead inc hosp","quantile",0.75,44,"COVID-19"
"DE-SL","00+",2022-02-12,2022-01-24,"-19 day ahead inc hosp","quantile",0.9,47,"COVID-19"
"DE-SL","00+",2022-02-12,2022-01-24,"-19 day ahead inc hosp","quantile",0.975,50,"COVID-19"
"DE-SL","00+",2022-02-12,2022-01-23,"-20 day ahead inc hosp","mean",NA,43,"COVID-19"
"DE-SL","00+",2022-02-12,2022-01-23,"-20 day ahead inc hosp","quantile",0.025,41,"COVID-19"
"DE-SL","00+",2022-02-12,2022-01-23,"-20 day ahead inc hosp","quantile",0.1,41,"COVID-19"
"DE-SL","00+",2022-02-12,2022-01-23,"-20 day ahead inc hosp","quantile",0.25,41,"COVID-19"
"DE-SL","00+",2022-02-12,2022-01-23,"-20 day ahead inc hosp","quantile",0.5,42,"COVID-19"
"DE-SL","00+",2022-02-12,2022-01-23,"-20 day ahead inc hosp","quantile",0.75,44,"COVID-19"
"DE-SL","00+",2022-02-12,2022-01-23,"-20 day ahead inc hosp","quantile",0.9,46,"COVID-19"
"DE-SL","00+",2022-02-12,2022-01-23,"-20 day ahead inc hosp","quantile",0.975,50,"COVID-19"
"DE-SL","00+",2022-02-12,2022-01-22,"-21 day ahead inc hosp","mean",NA,41,"COVID-19"
"DE-SL","00+",2022-02-12,2022-01-22,"-21 day ahead inc hosp","quantile",0.025,39,"COVID-19"
"DE-SL","00+",2022-02-12,2022-01-22,"-21 day ahead inc hosp","quantile",0.1,39,"COVID-19"
"DE-SL","00+",2022-02-12,2022-01-22,"-21 day ahead inc hosp","quantile",0.25,39,"COVID-19"
"DE-SL","00+",2022-02-12,2022-01-22,"-21 day ahead inc hosp","quantile",0.5,40,"COVID-19"
"DE-SL","00+",2022-02-12,2022-01-22,"-21 day ahead inc hosp","quantile",0.75,42,"COVID-19"
"DE-SL","00+",2022-02-12,2022-01-22,"-21 day ahead inc hosp","quantile",0.9,44,"COVID-19"
"DE-SL","00+",2022-02-12,2022-01-22,"-21 day ahead inc hosp","quantile",0.975,47,"COVID-19"
"DE-SL","00+",2022-02-12,2022-01-21,"-22 day ahead inc hosp","mean",NA,38,"COVID-19"
"DE-SL","00+",2022-02-12,2022-01-21,"-22 day ahead inc hosp","quantile",0.025,36,"COVID-19"
"DE-SL","00+",2022-02-12,2022-01-21,"-22 day ahead inc hosp","quantile",0.1,36,"COVID-19"
"DE-SL","00+",2022-02-12,2022-01-21,"-22 day ahead inc hosp","quantile",0.25,36,"COVID-19"
"DE-SL","00+",2022-02-12,2022-01-21,"-22 day ahead inc hosp","quantile",0.5,37,"COVID-19"
"DE-SL","00+",2022-02-12,2022-01-21,"-22 day ahead inc hosp","quantile",0.75,38,"COVID-19"
"DE-SL","00+",2022-02-12,2022-01-21,"-22 day ahead inc hosp","quantile",0.9,40,"COVID-19"
"DE-SL","00+",2022-02-12,2022-01-21,"-22 day ahead inc hosp","quantile",0.975,43,"COVID-19"
"DE-SL","00+",2022-02-12,2022-01-20,"-23 day ahead inc hosp","mean",NA,33,"COVID-19"
"DE-SL","00+",2022-02-12,2022-01-20,"-23 day ahead inc hosp","quantile",0.025,32,"COVID-19"
"DE-SL","00+",2022-02-12,2022-01-20,"-23 day ahead inc hosp","quantile",0.1,32,"COVID-19"
"DE-SL","00+",2022-02-12,2022-01-20,"-23 day ahead inc hosp","quantile",0.25,32,"COVID-19"
"DE-SL","00+",2022-02-12,2022-01-20,"-23 day ahead inc hosp","quantile",0.5,33,"COVID-19"
"DE-SL","00+",2022-02-12,2022-01-20,"-23 day ahead inc hosp","quantile",0.75,34,"COVID-19"
"DE-SL","00+",2022-02-12,2022-01-20,"-23 day ahead inc hosp","quantile",0.9,36,"COVID-19"
"DE-SL","00+",2022-02-12,2022-01-20,"-23 day ahead inc hosp","quantile",0.975,38,"COVID-19"
"DE-SL","00+",2022-02-12,2022-01-19,"-24 day ahead inc hosp","mean",NA,33,"COVID-19"
"DE-SL","00+",2022-02-12,2022-01-19,"-24 day ahead inc hosp","quantile",0.025,32,"COVID-19"
"DE-SL","00+",2022-02-12,2022-01-19,"-24 day ahead inc hosp","quantile",0.1,32,"COVID-19"
"DE-SL","00+",2022-02-12,2022-01-19,"-24 day ahead inc hosp","quantile",0.25,32,"COVID-19"
"DE-SL","00+",2022-02-12,2022-01-19,"-24 day ahead inc hosp","quantile",0.5,33,"COVID-19"
"DE-SL","00+",2022-02-12,2022-01-19,"-24 day ahead inc hosp","quantile",0.75,34,"COVID-19"
"DE-SL","00+",2022-02-12,2022-01-19,"-24 day ahead inc hosp","quantile",0.9,36,"COVID-19"
"DE-SL","00+",2022-02-12,2022-01-19,"-24 day ahead inc hosp","quantile",0.975,38,"COVID-19"
"DE-SL","00+",2022-02-12,2022-01-18,"-25 day ahead inc hosp","mean",NA,34,"COVID-19"
"DE-SL","00+",2022-02-12,2022-01-18,"-25 day ahead inc hosp","quantile",0.025,33,"COVID-19"
"DE-SL","00+",2022-02-12,2022-01-18,"-25 day ahead inc hosp","quantile",0.1,33,"COVID-19"
"DE-SL","00+",2022-02-12,2022-01-18,"-25 day ahead inc hosp","quantile",0.25,33,"COVID-19"
"DE-SL","00+",2022-02-12,2022-01-18,"-25 day ahead inc hosp","quantile",0.5,34,"COVID-19"
"DE-SL","00+",2022-02-12,2022-01-18,"-25 day ahead inc hosp","quantile",0.75,35,"COVID-19"
"DE-SL","00+",2022-02-12,2022-01-18,"-25 day ahead inc hosp","quantile",0.9,36,"COVID-19"
"DE-SL","00+",2022-02-12,2022-01-18,"-25 day ahead inc hosp","quantile",0.975,39,"COVID-19"
"DE-SL","00+",2022-02-12,2022-01-17,"-26 day ahead inc hosp","mean",NA,34,"COVID-19"
"DE-SL","00+",2022-02-12,2022-01-17,"-26 day ahead inc hosp","quantile",0.025,33,"COVID-19"
"DE-SL","00+",2022-02-12,2022-01-17,"-26 day ahead inc hosp","quantile",0.1,33,"COVID-19"
"DE-SL","00+",2022-02-12,2022-01-17,"-26 day ahead inc hosp","quantile",0.25,33,"COVID-19"
"DE-SL","00+",2022-02-12,2022-01-17,"-26 day ahead inc hosp","quantile",0.5,34,"COVID-19"
"DE-SL","00+",2022-02-12,2022-01-17,"-26 day ahead inc hosp","quantile",0.75,35,"COVID-19"
"DE-SL","00+",2022-02-12,2022-01-17,"-26 day ahead inc hosp","quantile",0.9,36,"COVID-19"
"DE-SL","00+",2022-02-12,2022-01-17,"-26 day ahead inc hosp","quantile",0.975,38,"COVID-19"
"DE-SL","00+",2022-02-12,2022-01-16,"-27 day ahead inc hosp","mean",NA,35,"COVID-19"
"DE-SL","00+",2022-02-12,2022-01-16,"-27 day ahead inc hosp","quantile",0.025,34,"COVID-19"
"DE-SL","00+",2022-02-12,2022-01-16,"-27 day ahead inc hosp","quantile",0.1,34,"COVID-19"
"DE-SL","00+",2022-02-12,2022-01-16,"-27 day ahead inc hosp","quantile",0.25,34,"COVID-19"
"DE-SL","00+",2022-02-12,2022-01-16,"-27 day ahead inc hosp","quantile",0.5,35,"COVID-19"
"DE-SL","00+",2022-02-12,2022-01-16,"-27 day ahead inc hosp","quantile",0.75,36,"COVID-19"
"DE-SL","00+",2022-02-12,2022-01-16,"-27 day ahead inc hosp","quantile",0.9,37,"COVID-19"
"DE-SL","00+",2022-02-12,2022-01-16,"-27 day ahead inc hosp","quantile",0.975,39,"COVID-19"
"DE-SL","00+",2022-02-12,2022-01-15,"-28 day ahead inc hosp","mean",NA,36,"COVID-19"
"DE-SL","00+",2022-02-12,2022-01-15,"-28 day ahead inc hosp","quantile",0.025,35,"COVID-19"
"DE-SL","00+",2022-02-12,2022-01-15,"-28 day ahead inc hosp","quantile",0.1,35,"COVID-19"
"DE-SL","00+",2022-02-12,2022-01-15,"-28 day ahead inc hosp","quantile",0.25,35,"COVID-19"
"DE-SL","00+",2022-02-12,2022-01-15,"-28 day ahead inc hosp","quantile",0.5,36,"COVID-19"
"DE-SL","00+",2022-02-12,2022-01-15,"-28 day ahead inc hosp","quantile",0.75,37,"COVID-19"
"DE-SL","00+",2022-02-12,2022-01-15,"-28 day ahead inc hosp","quantile",0.9,38,"COVID-19"
"DE-SL","00+",2022-02-12,2022-01-15,"-28 day ahead inc hosp","quantile",0.975,40,"COVID-19"
"DE-SN","00+",2022-02-12,2022-02-12,"0 day ahead inc hosp","mean",NA,491,"COVID-19"
"DE-SN","00+",2022-02-12,2022-02-12,"0 day ahead inc hosp","quantile",0.025,264,"COVID-19"
"DE-SN","00+",2022-02-12,2022-02-12,"0 day ahead inc hosp","quantile",0.1,307,"COVID-19"
"DE-SN","00+",2022-02-12,2022-02-12,"0 day ahead inc hosp","quantile",0.25,365,"COVID-19"
"DE-SN","00+",2022-02-12,2022-02-12,"0 day ahead inc hosp","quantile",0.5,456,"COVID-19"
"DE-SN","00+",2022-02-12,2022-02-12,"0 day ahead inc hosp","quantile",0.75,579,"COVID-19"
"DE-SN","00+",2022-02-12,2022-02-12,"0 day ahead inc hosp","quantile",0.9,720,"COVID-19"
"DE-SN","00+",2022-02-12,2022-02-12,"0 day ahead inc hosp","quantile",0.975,914,"COVID-19"
"DE-SN","00+",2022-02-12,2022-02-11,"-1 day ahead inc hosp","mean",NA,460,"COVID-19"
"DE-SN","00+",2022-02-12,2022-02-11,"-1 day ahead inc hosp","quantile",0.025,271,"COVID-19"
"DE-SN","00+",2022-02-12,2022-02-11,"-1 day ahead inc hosp","quantile",0.1,303,"COVID-19"
"DE-SN","00+",2022-02-12,2022-02-11,"-1 day ahead inc hosp","quantile",0.25,349,"COVID-19"
"DE-SN","00+",2022-02-12,2022-02-11,"-1 day ahead inc hosp","quantile",0.5,426,"COVID-19"
"DE-SN","00+",2022-02-12,2022-02-11,"-1 day ahead inc hosp","quantile",0.75,534,"COVID-19"
"DE-SN","00+",2022-02-12,2022-02-11,"-1 day ahead inc hosp","quantile",0.9,661,"COVID-19"
"DE-SN","00+",2022-02-12,2022-02-11,"-1 day ahead inc hosp","quantile",0.975,839,"COVID-19"
"DE-SN","00+",2022-02-12,2022-02-10,"-2 day ahead inc hosp","mean",NA,439,"COVID-19"
"DE-SN","00+",2022-02-12,2022-02-10,"-2 day ahead inc hosp","quantile",0.025,278,"COVID-19"
"DE-SN","00+",2022-02-12,2022-02-10,"-2 day ahead inc hosp","quantile",0.1,304,"COVID-19"
"DE-SN","00+",2022-02-12,2022-02-10,"-2 day ahead inc hosp","quantile",0.25,342,"COVID-19"
"DE-SN","00+",2022-02-12,2022-02-10,"-2 day ahead inc hosp","quantile",0.5,408,"COVID-19"
"DE-SN","00+",2022-02-12,2022-02-10,"-2 day ahead inc hosp","quantile",0.75,502,"COVID-19"
"DE-SN","00+",2022-02-12,2022-02-10,"-2 day ahead inc hosp","quantile",0.9,614,"COVID-19"
"DE-SN","00+",2022-02-12,2022-02-10,"-2 day ahead inc hosp","quantile",0.975,772,"COVID-19"
"DE-SN","00+",2022-02-12,2022-02-09,"-3 day ahead inc hosp","mean",NA,415,"COVID-19"
"DE-SN","00+",2022-02-12,2022-02-09,"-3 day ahead inc hosp","quantile",0.025,281,"COVID-19"
"DE-SN","00+",2022-02-12,2022-02-09,"-3 day ahead inc hosp","quantile",0.1,302,"COVID-19"
"DE-SN","00+",2022-02-12,2022-02-09,"-3 day ahead inc hosp","quantile",0.25,334,"COVID-19"
"DE-SN","00+",2022-02-12,2022-02-09,"-3 day ahead inc hosp","quantile",0.5,389,"COVID-19"
"DE-SN","00+",2022-02-12,2022-02-09,"-3 day ahead inc hosp","quantile",0.75,468,"COVID-19"
"DE-SN","00+",2022-02-12,2022-02-09,"-3 day ahead inc hosp","quantile",0.9,563,"COVID-19"
"DE-SN","00+",2022-02-12,2022-02-09,"-3 day ahead inc hosp","quantile",0.975,697,"COVID-19"
"DE-SN","00+",2022-02-12,2022-02-08,"-4 day ahead inc hosp","mean",NA,387,"COVID-19"
"DE-SN","00+",2022-02-12,2022-02-08,"-4 day ahead inc hosp","quantile",0.025,280,"COVID-19"
"DE-SN","00+",2022-02-12,2022-02-08,"-4 day ahead inc hosp","quantile",0.1,297,"COVID-19"
"DE-SN","00+",2022-02-12,2022-02-08,"-4 day ahead inc hosp","quantile",0.25,322,"COVID-19"
"DE-SN","00+",2022-02-12,2022-02-08,"-4 day ahead inc hosp","quantile",0.5,366,"COVID-19"
"DE-SN","00+",2022-02-12,2022-02-08,"-4 day ahead inc hosp","quantile",0.75,429,"COVID-19"
"DE-SN","00+",2022-02-12,2022-02-08,"-4 day ahead inc hosp","quantile",0.9,504,"COVID-19"
"DE-SN","00+",2022-02-12,2022-02-08,"-4 day ahead inc hosp","quantile",0.975,611,"COVID-19"
"DE-SN","00+",2022-02-12,2022-02-07,"-5 day ahead inc hosp","mean",NA,328,"COVID-19"
"DE-SN","00+",2022-02-12,2022-02-07,"-5 day ahead inc hosp","quantile",0.025,255,"COVID-19"
"DE-SN","00+",2022-02-12,2022-02-07,"-5 day ahead inc hosp","quantile",0.1,266,"COVID-19"
"DE-SN","00+",2022-02-12,2022-02-07,"-5 day ahead inc hosp","quantile",0.25,283,"COVID-19"
"DE-SN","00+",2022-02-12,2022-02-07,"-5 day ahead inc hosp","quantile",0.5,313,"COVID-19"
"DE-SN","00+",2022-02-12,2022-02-07,"-5 day ahead inc hosp","quantile",0.75,357,"COVID-19"
"DE-SN","00+",2022-02-12,2022-02-07,"-5 day ahead inc hosp","quantile",0.9,409,"COVID-19"
"DE-SN","00+",2022-02-12,2022-02-07,"-5 day ahead inc hosp","quantile",0.975,484,"COVID-19"
"DE-SN","00+",2022-02-12,2022-02-06,"-6 day ahead inc hosp","mean",NA,321,"COVID-19"
"DE-SN","00+",2022-02-12,2022-02-06,"-6 day ahead inc hosp","quantile",0.025,253,"COVID-19"
"DE-SN","00+",2022-02-12,2022-02-06,"-6 day ahead inc hosp","quantile",0.1,263,"COVID-19"
"DE-SN","00+",2022-02-12,2022-02-06,"-6 day ahead inc hosp","quantile",0.25,279,"COVID-19"
"DE-SN","00+",2022-02-12,2022-02-06,"-6 day ahead inc hosp","quantile",0.5,307,"COVID-19"
"DE-SN","00+",2022-02-12,2022-02-06,"-6 day ahead inc hosp","quantile",0.75,348,"COVID-19"
"DE-SN","00+",2022-02-12,2022-02-06,"-6 day ahead inc hosp","quantile",0.9,397,"COVID-19"
"DE-SN","00+",2022-02-12,2022-02-06,"-6 day ahead inc hosp","quantile",0.975,467,"COVID-19"
"DE-SN","00+",2022-02-12,2022-02-05,"-7 day ahead inc hosp","mean",NA,320,"COVID-19"
"DE-SN","00+",2022-02-12,2022-02-05,"-7 day ahead inc hosp","quantile",0.025,256,"COVID-19"
"DE-SN","00+",2022-02-12,2022-02-05,"-7 day ahead inc hosp","quantile",0.1,265,"COVID-19"
"DE-SN","00+",2022-02-12,2022-02-05,"-7 day ahead inc hosp","quantile",0.25,280,"COVID-19"
"DE-SN","00+",2022-02-12,2022-02-05,"-7 day ahead inc hosp","quantile",0.5,307,"COVID-19"
"DE-SN","00+",2022-02-12,2022-02-05,"-7 day ahead inc hosp","quantile",0.75,346,"COVID-19"
"DE-SN","00+",2022-02-12,2022-02-05,"-7 day ahead inc hosp","quantile",0.9,393,"COVID-19"
"DE-SN","00+",2022-02-12,2022-02-05,"-7 day ahead inc hosp","quantile",0.975,461,"COVID-19"
"DE-SN","00+",2022-02-12,2022-02-04,"-8 day ahead inc hosp","mean",NA,306,"COVID-19"
"DE-SN","00+",2022-02-12,2022-02-04,"-8 day ahead inc hosp","quantile",0.025,250,"COVID-19"
"DE-SN","00+",2022-02-12,2022-02-04,"-8 day ahead inc hosp","quantile",0.1,258,"COVID-19"
"DE-SN","00+",2022-02-12,2022-02-04,"-8 day ahead inc hosp","quantile",0.25,271,"COVID-19"
"DE-SN","00+",2022-02-12,2022-02-04,"-8 day ahead inc hosp","quantile",0.5,294,"COVID-19"
"DE-SN","00+",2022-02-12,2022-02-04,"-8 day ahead inc hosp","quantile",0.75,329,"COVID-19"
"DE-SN","00+",2022-02-12,2022-02-04,"-8 day ahead inc hosp","quantile",0.9,371,"COVID-19"
"DE-SN","00+",2022-02-12,2022-02-04,"-8 day ahead inc hosp","quantile",0.975,431,"COVID-19"
"DE-SN","00+",2022-02-12,2022-02-03,"-9 day ahead inc hosp","mean",NA,281,"COVID-19"
"DE-SN","00+",2022-02-12,2022-02-03,"-9 day ahead inc hosp","quantile",0.025,234,"COVID-19"
"DE-SN","00+",2022-02-12,2022-02-03,"-9 day ahead inc hosp","quantile",0.1,240,"COVID-19"
"DE-SN","00+",2022-02-12,2022-02-03,"-9 day ahead inc hosp","quantile",0.25,251,"COVID-19"
"DE-SN","00+",2022-02-12,2022-02-03,"-9 day ahead inc hosp","quantile",0.5,271,"COVID-19"
"DE-SN","00+",2022-02-12,2022-02-03,"-9 day ahead inc hosp","quantile",0.75,300,"COVID-19"
"DE-SN","00+",2022-02-12,2022-02-03,"-9 day ahead inc hosp","quantile",0.9,336,"COVID-19"
"DE-SN","00+",2022-02-12,2022-02-03,"-9 day ahead inc hosp","quantile",0.975,387,"COVID-19"
"DE-SN","00+",2022-02-12,2022-02-02,"-10 day ahead inc hosp","mean",NA,271,"COVID-19"
"DE-SN","00+",2022-02-12,2022-02-02,"-10 day ahead inc hosp","quantile",0.025,230,"COVID-19"
"DE-SN","00+",2022-02-12,2022-02-02,"-10 day ahead inc hosp","quantile",0.1,236,"COVID-19"
"DE-SN","00+",2022-02-12,2022-02-02,"-10 day ahead inc hosp","quantile",0.25,245,"COVID-19"
"DE-SN","00+",2022-02-12,2022-02-02,"-10 day ahead inc hosp","quantile",0.5,262,"COVID-19"
"DE-SN","00+",2022-02-12,2022-02-02,"-10 day ahead inc hosp","quantile",0.75,287,"COVID-19"
"DE-SN","00+",2022-02-12,2022-02-02,"-10 day ahead inc hosp","quantile",0.9,318,"COVID-19"
"DE-SN","00+",2022-02-12,2022-02-02,"-10 day ahead inc hosp","quantile",0.975,362,"COVID-19"
"DE-SN","00+",2022-02-12,2022-02-01,"-11 day ahead inc hosp","mean",NA,250,"COVID-19"
"DE-SN","00+",2022-02-12,2022-02-01,"-11 day ahead inc hosp","quantile",0.025,217,"COVID-19"
"DE-SN","00+",2022-02-12,2022-02-01,"-11 day ahead inc hosp","quantile",0.1,222,"COVID-19"
"DE-SN","00+",2022-02-12,2022-02-01,"-11 day ahead inc hosp","quantile",0.25,230,"COVID-19"
"DE-SN","00+",2022-02-12,2022-02-01,"-11 day ahead inc hosp","quantile",0.5,243,"COVID-19"
"DE-SN","00+",2022-02-12,2022-02-01,"-11 day ahead inc hosp","quantile",0.75,263,"COVID-19"
"DE-SN","00+",2022-02-12,2022-02-01,"-11 day ahead inc hosp","quantile",0.9,288,"COVID-19"
"DE-SN","00+",2022-02-12,2022-02-01,"-11 day ahead inc hosp","quantile",0.975,323,"COVID-19"
"DE-SN","00+",2022-02-12,2022-01-31,"-12 day ahead inc hosp","mean",NA,244,"COVID-19"
"DE-SN","00+",2022-02-12,2022-01-31,"-12 day ahead inc hosp","quantile",0.025,216,"COVID-19"
"DE-SN","00+",2022-02-12,2022-01-31,"-12 day ahead inc hosp","quantile",0.1,220,"COVID-19"
"DE-SN","00+",2022-02-12,2022-01-31,"-12 day ahead inc hosp","quantile",0.25,226,"COVID-19"
"DE-SN","00+",2022-02-12,2022-01-31,"-12 day ahead inc hosp","quantile",0.5,238,"COVID-19"
"DE-SN","00+",2022-02-12,2022-01-31,"-12 day ahead inc hosp","quantile",0.75,255,"COVID-19"
"DE-SN","00+",2022-02-12,2022-01-31,"-12 day ahead inc hosp","quantile",0.9,275,"COVID-19"
"DE-SN","00+",2022-02-12,2022-01-31,"-12 day ahead inc hosp","quantile",0.975,305,"COVID-19"
"DE-SN","00+",2022-02-12,2022-01-30,"-13 day ahead inc hosp","mean",NA,241,"COVID-19"
"DE-SN","00+",2022-02-12,2022-01-30,"-13 day ahead inc hosp","quantile",0.025,215,"COVID-19"
"DE-SN","00+",2022-02-12,2022-01-30,"-13 day ahead inc hosp","quantile",0.1,218,"COVID-19"
"DE-SN","00+",2022-02-12,2022-01-30,"-13 day ahead inc hosp","quantile",0.25,224,"COVID-19"
"DE-SN","00+",2022-02-12,2022-01-30,"-13 day ahead inc hosp","quantile",0.5,235,"COVID-19"
"DE-SN","00+",2022-02-12,2022-01-30,"-13 day ahead inc hosp","quantile",0.75,252,"COVID-19"
"DE-SN","00+",2022-02-12,2022-01-30,"-13 day ahead inc hosp","quantile",0.9,271,"COVID-19"
"DE-SN","00+",2022-02-12,2022-01-30,"-13 day ahead inc hosp","quantile",0.975,300,"COVID-19"
"DE-SN","00+",2022-02-12,2022-01-29,"-14 day ahead inc hosp","mean",NA,239,"COVID-19"
"DE-SN","00+",2022-02-12,2022-01-29,"-14 day ahead inc hosp","quantile",0.025,214,"COVID-19"
"DE-SN","00+",2022-02-12,2022-01-29,"-14 day ahead inc hosp","quantile",0.1,218,"COVID-19"
"DE-SN","00+",2022-02-12,2022-01-29,"-14 day ahead inc hosp","quantile",0.25,223,"COVID-19"
"DE-SN","00+",2022-02-12,2022-01-29,"-14 day ahead inc hosp","quantile",0.5,234,"COVID-19"
"DE-SN","00+",2022-02-12,2022-01-29,"-14 day ahead inc hosp","quantile",0.75,249,"COVID-19"
"DE-SN","00+",2022-02-12,2022-01-29,"-14 day ahead inc hosp","quantile",0.9,268,"COVID-19"
"DE-SN","00+",2022-02-12,2022-01-29,"-14 day ahead inc hosp","quantile",0.975,296,"COVID-19"
"DE-SN","00+",2022-02-12,2022-01-28,"-15 day ahead inc hosp","mean",NA,239,"COVID-19"
"DE-SN","00+",2022-02-12,2022-01-28,"-15 day ahead inc hosp","quantile",0.025,216,"COVID-19"
"DE-SN","00+",2022-02-12,2022-01-28,"-15 day ahead inc hosp","quantile",0.1,219,"COVID-19"
"DE-SN","00+",2022-02-12,2022-01-28,"-15 day ahead inc hosp","quantile",0.25,224,"COVID-19"
"DE-SN","00+",2022-02-12,2022-01-28,"-15 day ahead inc hosp","quantile",0.5,233,"COVID-19"
"DE-SN","00+",2022-02-12,2022-01-28,"-15 day ahead inc hosp","quantile",0.75,248,"COVID-19"
"DE-SN","00+",2022-02-12,2022-01-28,"-15 day ahead inc hosp","quantile",0.9,266,"COVID-19"
"DE-SN","00+",2022-02-12,2022-01-28,"-15 day ahead inc hosp","quantile",0.975,292,"COVID-19"
"DE-SN","00+",2022-02-12,2022-01-27,"-16 day ahead inc hosp","mean",NA,241,"COVID-19"
"DE-SN","00+",2022-02-12,2022-01-27,"-16 day ahead inc hosp","quantile",0.025,220,"COVID-19"
"DE-SN","00+",2022-02-12,2022-01-27,"-16 day ahead inc hosp","quantile",0.1,222,"COVID-19"
"DE-SN","00+",2022-02-12,2022-01-27,"-16 day ahead inc hosp","quantile",0.25,227,"COVID-19"
"DE-SN","00+",2022-02-12,2022-01-27,"-16 day ahead inc hosp","quantile",0.5,236,"COVID-19"
"DE-SN","00+",2022-02-12,2022-01-27,"-16 day ahead inc hosp","quantile",0.75,250,"COVID-19"
"DE-SN","00+",2022-02-12,2022-01-27,"-16 day ahead inc hosp","quantile",0.9,267,"COVID-19"
"DE-SN","00+",2022-02-12,2022-01-27,"-16 day ahead inc hosp","quantile",0.975,292,"COVID-19"
"DE-SN","00+",2022-02-12,2022-01-26,"-17 day ahead inc hosp","mean",NA,231,"COVID-19"
"DE-SN","00+",2022-02-12,2022-01-26,"-17 day ahead inc hosp","quantile",0.025,212,"COVID-19"
"DE-SN","00+",2022-02-12,2022-01-26,"-17 day ahead inc hosp","quantile",0.1,215,"COVID-19"
"DE-SN","00+",2022-02-12,2022-01-26,"-17 day ahead inc hosp","quantile",0.25,219,"COVID-19"
"DE-SN","00+",2022-02-12,2022-01-26,"-17 day ahead inc hosp","quantile",0.5,226,"COVID-19"
"DE-SN","00+",2022-02-12,2022-01-26,"-17 day ahead inc hosp","quantile",0.75,238,"COVID-19"
"DE-SN","00+",2022-02-12,2022-01-26,"-17 day ahead inc hosp","quantile",0.9,253,"COVID-19"
"DE-SN","00+",2022-02-12,2022-01-26,"-17 day ahead inc hosp","quantile",0.975,275,"COVID-19"
"DE-SN","00+",2022-02-12,2022-01-25,"-18 day ahead inc hosp","mean",NA,225,"COVID-19"
"DE-SN","00+",2022-02-12,2022-01-25,"-18 day ahead inc hosp","quantile",0.025,209,"COVID-19"
"DE-SN","00+",2022-02-12,2022-01-25,"-18 day ahead inc hosp","quantile",0.1,211,"COVID-19"
"DE-SN","00+",2022-02-12,2022-01-25,"-18 day ahead inc hosp","quantile",0.25,215,"COVID-19"
"DE-SN","00+",2022-02-12,2022-01-25,"-18 day ahead inc hosp","quantile",0.5,221,"COVID-19"
"DE-SN","00+",2022-02-12,2022-01-25,"-18 day ahead inc hosp","quantile",0.75,232,"COVID-19"
"DE-SN","00+",2022-02-12,2022-01-25,"-18 day ahead inc hosp","quantile",0.9,244,"COVID-19"
"DE-SN","00+",2022-02-12,2022-01-25,"-18 day ahead inc hosp","quantile",0.975,263,"COVID-19"
"DE-SN","00+",2022-02-12,2022-01-24,"-19 day ahead inc hosp","mean",NA,211,"COVID-19"
"DE-SN","00+",2022-02-12,2022-01-24,"-19 day ahead inc hosp","quantile",0.025,198,"COVID-19"
"DE-SN","00+",2022-02-12,2022-01-24,"-19 day ahead inc hosp","quantile",0.1,200,"COVID-19"
"DE-SN","00+",2022-02-12,2022-01-24,"-19 day ahead inc hosp","quantile",0.25,203,"COVID-19"
"DE-SN","00+",2022-02-12,2022-01-24,"-19 day ahead inc hosp","quantile",0.5,208,"COVID-19"
"DE-SN","00+",2022-02-12,2022-01-24,"-19 day ahead inc hosp","quantile",0.75,217,"COVID-19"
"DE-SN","00+",2022-02-12,2022-01-24,"-19 day ahead inc hosp","quantile",0.9,227,"COVID-19"
"DE-SN","00+",2022-02-12,2022-01-24,"-19 day ahead inc hosp","quantile",0.975,243,"COVID-19"
"DE-SN","00+",2022-02-12,2022-01-23,"-20 day ahead inc hosp","mean",NA,207,"COVID-19"
"DE-SN","00+",2022-02-12,2022-01-23,"-20 day ahead inc hosp","quantile",0.025,194,"COVID-19"
"DE-SN","00+",2022-02-12,2022-01-23,"-20 day ahead inc hosp","quantile",0.1,196,"COVID-19"
"DE-SN","00+",2022-02-12,2022-01-23,"-20 day ahead inc hosp","quantile",0.25,198,"COVID-19"
"DE-SN","00+",2022-02-12,2022-01-23,"-20 day ahead inc hosp","quantile",0.5,204,"COVID-19"
"DE-SN","00+",2022-02-12,2022-01-23,"-20 day ahead inc hosp","quantile",0.75,212,"COVID-19"
"DE-SN","00+",2022-02-12,2022-01-23,"-20 day ahead inc hosp","quantile",0.9,222,"COVID-19"
"DE-SN","00+",2022-02-12,2022-01-23,"-20 day ahead inc hosp","quantile",0.975,236,"COVID-19"
"DE-SN","00+",2022-02-12,2022-01-22,"-21 day ahead inc hosp","mean",NA,196,"COVID-19"
"DE-SN","00+",2022-02-12,2022-01-22,"-21 day ahead inc hosp","quantile",0.025,184,"COVID-19"
"DE-SN","00+",2022-02-12,2022-01-22,"-21 day ahead inc hosp","quantile",0.1,186,"COVID-19"
"DE-SN","00+",2022-02-12,2022-01-22,"-21 day ahead inc hosp","quantile",0.25,188,"COVID-19"
"DE-SN","00+",2022-02-12,2022-01-22,"-21 day ahead inc hosp","quantile",0.5,193,"COVID-19"
"DE-SN","00+",2022-02-12,2022-01-22,"-21 day ahead inc hosp","quantile",0.75,200,"COVID-19"
"DE-SN","00+",2022-02-12,2022-01-22,"-21 day ahead inc hosp","quantile",0.9,209,"COVID-19"
"DE-SN","00+",2022-02-12,2022-01-22,"-21 day ahead inc hosp","quantile",0.975,222,"COVID-19"
"DE-SN","00+",2022-02-12,2022-01-21,"-22 day ahead inc hosp","mean",NA,187,"COVID-19"
"DE-SN","00+",2022-02-12,2022-01-21,"-22 day ahead inc hosp","quantile",0.025,177,"COVID-19"
"DE-SN","00+",2022-02-12,2022-01-21,"-22 day ahead inc hosp","quantile",0.1,179,"COVID-19"
"DE-SN","00+",2022-02-12,2022-01-21,"-22 day ahead inc hosp","quantile",0.25,181,"COVID-19"
"DE-SN","00+",2022-02-12,2022-01-21,"-22 day ahead inc hosp","quantile",0.5,185,"COVID-19"
"DE-SN","00+",2022-02-12,2022-01-21,"-22 day ahead inc hosp","quantile",0.75,191,"COVID-19"
"DE-SN","00+",2022-02-12,2022-01-21,"-22 day ahead inc hosp","quantile",0.9,199,"COVID-19"
"DE-SN","00+",2022-02-12,2022-01-21,"-22 day ahead inc hosp","quantile",0.975,210,"COVID-19"
"DE-SN","00+",2022-02-12,2022-01-20,"-23 day ahead inc hosp","mean",NA,174,"COVID-19"
"DE-SN","00+",2022-02-12,2022-01-20,"-23 day ahead inc hosp","quantile",0.025,165,"COVID-19"
"DE-SN","00+",2022-02-12,2022-01-20,"-23 day ahead inc hosp","quantile",0.1,166,"COVID-19"
"DE-SN","00+",2022-02-12,2022-01-20,"-23 day ahead inc hosp","quantile",0.25,168,"COVID-19"
"DE-SN","00+",2022-02-12,2022-01-20,"-23 day ahead inc hosp","quantile",0.5,172,"COVID-19"
"DE-SN","00+",2022-02-12,2022-01-20,"-23 day ahead inc hosp","quantile",0.75,178,"COVID-19"
"DE-SN","00+",2022-02-12,2022-01-20,"-23 day ahead inc hosp","quantile",0.9,184,"COVID-19"
"DE-SN","00+",2022-02-12,2022-01-20,"-23 day ahead inc hosp","quantile",0.975,194,"COVID-19"
"DE-SN","00+",2022-02-12,2022-01-19,"-24 day ahead inc hosp","mean",NA,163,"COVID-19"
"DE-SN","00+",2022-02-12,2022-01-19,"-24 day ahead inc hosp","quantile",0.025,155,"COVID-19"
"DE-SN","00+",2022-02-12,2022-01-19,"-24 day ahead inc hosp","quantile",0.1,156,"COVID-19"
"DE-SN","00+",2022-02-12,2022-01-19,"-24 day ahead inc hosp","quantile",0.25,158,"COVID-19"
"DE-SN","00+",2022-02-12,2022-01-19,"-24 day ahead inc hosp","quantile",0.5,161,"COVID-19"
"DE-SN","00+",2022-02-12,2022-01-19,"-24 day ahead inc hosp","quantile",0.75,166,"COVID-19"
"DE-SN","00+",2022-02-12,2022-01-19,"-24 day ahead inc hosp","quantile",0.9,172,"COVID-19"
"DE-SN","00+",2022-02-12,2022-01-19,"-24 day ahead inc hosp","quantile",0.975,180,"COVID-19"
"DE-SN","00+",2022-02-12,2022-01-18,"-25 day ahead inc hosp","mean",NA,151,"COVID-19"
"DE-SN","00+",2022-02-12,2022-01-18,"-25 day ahead inc hosp","quantile",0.025,144,"COVID-19"
"DE-SN","00+",2022-02-12,2022-01-18,"-25 day ahead inc hosp","quantile",0.1,145,"COVID-19"
"DE-SN","00+",2022-02-12,2022-01-18,"-25 day ahead inc hosp","quantile",0.25,146,"COVID-19"
"DE-SN","00+",2022-02-12,2022-01-18,"-25 day ahead inc hosp","quantile",0.5,149,"COVID-19"
"DE-SN","00+",2022-02-12,2022-01-18,"-25 day ahead inc hosp","quantile",0.75,153,"COVID-19"
"DE-SN","00+",2022-02-12,2022-01-18,"-25 day ahead inc hosp","quantile",0.9,158,"COVID-19"
"DE-SN","00+",2022-02-12,2022-01-18,"-25 day ahead inc hosp","quantile",0.975,165,"COVID-19"
"DE-SN","00+",2022-02-12,2022-01-17,"-26 day ahead inc hosp","mean",NA,162,"COVID-19"
"DE-SN","00+",2022-02-12,2022-01-17,"-26 day ahead inc hosp","quantile",0.025,156,"COVID-19"
"DE-SN","00+",2022-02-12,2022-01-17,"-26 day ahead inc hosp","quantile",0.1,157,"COVID-19"
"DE-SN","00+",2022-02-12,2022-01-17,"-26 day ahead inc hosp","quantile",0.25,158,"COVID-19"
"DE-SN","00+",2022-02-12,2022-01-17,"-26 day ahead inc hosp","quantile",0.5,161,"COVID-19"
"DE-SN","00+",2022-02-12,2022-01-17,"-26 day ahead inc hosp","quantile",0.75,165,"COVID-19"
"DE-SN","00+",2022-02-12,2022-01-17,"-26 day ahead inc hosp","quantile",0.9,169,"COVID-19"
"DE-SN","00+",2022-02-12,2022-01-17,"-26 day ahead inc hosp","quantile",0.975,176,"COVID-19"
"DE-SN","00+",2022-02-12,2022-01-16,"-27 day ahead inc hosp","mean",NA,169,"COVID-19"
"DE-SN","00+",2022-02-12,2022-01-16,"-27 day ahead inc hosp","quantile",0.025,163,"COVID-19"
"DE-SN","00+",2022-02-12,2022-01-16,"-27 day ahead inc hosp","quantile",0.1,164,"COVID-19"
"DE-SN","00+",2022-02-12,2022-01-16,"-27 day ahead inc hosp","quantile",0.25,165,"COVID-19"
"DE-SN","00+",2022-02-12,2022-01-16,"-27 day ahead inc hosp","quantile",0.5,168,"COVID-19"
"DE-SN","00+",2022-02-12,2022-01-16,"-27 day ahead inc hosp","quantile",0.75,172,"COVID-19"
"DE-SN","00+",2022-02-12,2022-01-16,"-27 day ahead inc hosp","quantile",0.9,176,"COVID-19"
"DE-SN","00+",2022-02-12,2022-01-16,"-27 day ahead inc hosp","quantile",0.975,183,"COVID-19"
"DE-SN","00+",2022-02-12,2022-01-15,"-28 day ahead inc hosp","mean",NA,180,"COVID-19"
"DE-SN","00+",2022-02-12,2022-01-15,"-28 day ahead inc hosp","quantile",0.025,174,"COVID-19"
"DE-SN","00+",2022-02-12,2022-01-15,"-28 day ahead inc hosp","quantile",0.1,175,"COVID-19"
"DE-SN","00+",2022-02-12,2022-01-15,"-28 day ahead inc hosp","quantile",0.25,176,"COVID-19"
"DE-SN","00+",2022-02-12,2022-01-15,"-28 day ahead inc hosp","quantile",0.5,179,"COVID-19"
"DE-SN","00+",2022-02-12,2022-01-15,"-28 day ahead inc hosp","quantile",0.75,183,"COVID-19"
"DE-SN","00+",2022-02-12,2022-01-15,"-28 day ahead inc hosp","quantile",0.9,188,"COVID-19"
"DE-SN","00+",2022-02-12,2022-01-15,"-28 day ahead inc hosp","quantile",0.975,194,"COVID-19"
"DE-ST","00+",2022-02-12,2022-02-12,"0 day ahead inc hosp","mean",NA,385,"COVID-19"
"DE-ST","00+",2022-02-12,2022-02-12,"0 day ahead inc hosp","quantile",0.025,241,"COVID-19"
"DE-ST","00+",2022-02-12,2022-02-12,"0 day ahead inc hosp","quantile",0.1,275,"COVID-19"
"DE-ST","00+",2022-02-12,2022-02-12,"0 day ahead inc hosp","quantile",0.25,315,"COVID-19"
"DE-ST","00+",2022-02-12,2022-02-12,"0 day ahead inc hosp","quantile",0.5,370,"COVID-19"
"DE-ST","00+",2022-02-12,2022-02-12,"0 day ahead inc hosp","quantile",0.75,440,"COVID-19"
"DE-ST","00+",2022-02-12,2022-02-12,"0 day ahead inc hosp","quantile",0.9,514,"COVID-19"
"DE-ST","00+",2022-02-12,2022-02-12,"0 day ahead inc hosp","quantile",0.975,612,"COVID-19"
"DE-ST","00+",2022-02-12,2022-02-11,"-1 day ahead inc hosp","mean",NA,364,"COVID-19"
"DE-ST","00+",2022-02-12,2022-02-11,"-1 day ahead inc hosp","quantile",0.025,243,"COVID-19"
"DE-ST","00+",2022-02-12,2022-02-11,"-1 day ahead inc hosp","quantile",0.1,271,"COVID-19"
"DE-ST","00+",2022-02-12,2022-02-11,"-1 day ahead inc hosp","quantile",0.25,304,"COVID-19"
"DE-ST","00+",2022-02-12,2022-02-11,"-1 day ahead inc hosp","quantile",0.5,351,"COVID-19"
"DE-ST","00+",2022-02-12,2022-02-11,"-1 day ahead inc hosp","quantile",0.75,410,"COVID-19"
"DE-ST","00+",2022-02-12,2022-02-11,"-1 day ahead inc hosp","quantile",0.9,474,"COVID-19"
"DE-ST","00+",2022-02-12,2022-02-11,"-1 day ahead inc hosp","quantile",0.975,557,"COVID-19"
"DE-ST","00+",2022-02-12,2022-02-10,"-2 day ahead inc hosp","mean",NA,361,"COVID-19"
"DE-ST","00+",2022-02-12,2022-02-10,"-2 day ahead inc hosp","quantile",0.025,253,"COVID-19"
"DE-ST","00+",2022-02-12,2022-02-10,"-2 day ahead inc hosp","quantile",0.1,278,"COVID-19"
"DE-ST","00+",2022-02-12,2022-02-10,"-2 day ahead inc hosp","quantile",0.25,308,"COVID-19"
"DE-ST","00+",2022-02-12,2022-02-10,"-2 day ahead inc hosp","quantile",0.5,350,"COVID-19"
"DE-ST","00+",2022-02-12,2022-02-10,"-2 day ahead inc hosp","quantile",0.75,403,"COVID-19"
"DE-ST","00+",2022-02-12,2022-02-10,"-2 day ahead inc hosp","quantile",0.9,459,"COVID-19"
"DE-ST","00+",2022-02-12,2022-02-10,"-2 day ahead inc hosp","quantile",0.975,534,"COVID-19"
"DE-ST","00+",2022-02-12,2022-02-09,"-3 day ahead inc hosp","mean",NA,360,"COVID-19"
"DE-ST","00+",2022-02-12,2022-02-09,"-3 day ahead inc hosp","quantile",0.025,263,"COVID-19"
"DE-ST","00+",2022-02-12,2022-02-09,"-3 day ahead inc hosp","quantile",0.1,286,"COVID-19"
"DE-ST","00+",2022-02-12,2022-02-09,"-3 day ahead inc hosp","quantile",0.25,312,"COVID-19"
"DE-ST","00+",2022-02-12,2022-02-09,"-3 day ahead inc hosp","quantile",0.5,350,"COVID-19"
"DE-ST","00+",2022-02-12,2022-02-09,"-3 day ahead inc hosp","quantile",0.75,397,"COVID-19"
"DE-ST","00+",2022-02-12,2022-02-09,"-3 day ahead inc hosp","quantile",0.9,448,"COVID-19"
"DE-ST","00+",2022-02-12,2022-02-09,"-3 day ahead inc hosp","quantile",0.975,515,"COVID-19"
"DE-ST","00+",2022-02-12,2022-02-08,"-4 day ahead inc hosp","mean",NA,338,"COVID-19"
"DE-ST","00+",2022-02-12,2022-02-08,"-4 day ahead inc hosp","quantile",0.025,257,"COVID-19"
"DE-ST","00+",2022-02-12,2022-02-08,"-4 day ahead inc hosp","quantile",0.1,276,"COVID-19"
"DE-ST","00+",2022-02-12,2022-02-08,"-4 day ahead inc hosp","quantile",0.25,298,"COVID-19"
"DE-ST","00+",2022-02-12,2022-02-08,"-4 day ahead inc hosp","quantile",0.5,330,"COVID-19"
"DE-ST","00+",2022-02-12,2022-02-08,"-4 day ahead inc hosp","quantile",0.75,368,"COVID-19"
"DE-ST","00+",2022-02-12,2022-02-08,"-4 day ahead inc hosp","quantile",0.9,410,"COVID-19"
"DE-ST","00+",2022-02-12,2022-02-08,"-4 day ahead inc hosp","quantile",0.975,465,"COVID-19"
"DE-ST","00+",2022-02-12,2022-02-07,"-5 day ahead inc hosp","mean",NA,312,"COVID-19"
"DE-ST","00+",2022-02-12,2022-02-07,"-5 day ahead inc hosp","quantile",0.025,247,"COVID-19"
"DE-ST","00+",2022-02-12,2022-02-07,"-5 day ahead inc hosp","quantile",0.1,262,"COVID-19"
"DE-ST","00+",2022-02-12,2022-02-07,"-5 day ahead inc hosp","quantile",0.25,280,"COVID-19"
"DE-ST","00+",2022-02-12,2022-02-07,"-5 day ahead inc hosp","quantile",0.5,306,"COVID-19"
"DE-ST","00+",2022-02-12,2022-02-07,"-5 day ahead inc hosp","quantile",0.75,337,"COVID-19"
"DE-ST","00+",2022-02-12,2022-02-07,"-5 day ahead inc hosp","quantile",0.9,371,"COVID-19"
"DE-ST","00+",2022-02-12,2022-02-07,"-5 day ahead inc hosp","quantile",0.975,415,"COVID-19"
"DE-ST","00+",2022-02-12,2022-02-06,"-6 day ahead inc hosp","mean",NA,304,"COVID-19"
"DE-ST","00+",2022-02-12,2022-02-06,"-6 day ahead inc hosp","quantile",0.025,245,"COVID-19"
"DE-ST","00+",2022-02-12,2022-02-06,"-6 day ahead inc hosp","quantile",0.1,259,"COVID-19"
"DE-ST","00+",2022-02-12,2022-02-06,"-6 day ahead inc hosp","quantile",0.25,276,"COVID-19"
"DE-ST","00+",2022-02-12,2022-02-06,"-6 day ahead inc hosp","quantile",0.5,299,"COVID-19"
"DE-ST","00+",2022-02-12,2022-02-06,"-6 day ahead inc hosp","quantile",0.75,327,"COVID-19"
"DE-ST","00+",2022-02-12,2022-02-06,"-6 day ahead inc hosp","quantile",0.9,356,"COVID-19"
"DE-ST","00+",2022-02-12,2022-02-06,"-6 day ahead inc hosp","quantile",0.975,395,"COVID-19"
"DE-ST","00+",2022-02-12,2022-02-05,"-7 day ahead inc hosp","mean",NA,299,"COVID-19"
"DE-ST","00+",2022-02-12,2022-02-05,"-7 day ahead inc hosp","quantile",0.025,245,"COVID-19"
"DE-ST","00+",2022-02-12,2022-02-05,"-7 day ahead inc hosp","quantile",0.1,258,"COVID-19"
"DE-ST","00+",2022-02-12,2022-02-05,"-7 day ahead inc hosp","quantile",0.25,274,"COVID-19"
"DE-ST","00+",2022-02-12,2022-02-05,"-7 day ahead inc hosp","quantile",0.5,294,"COVID-19"
"DE-ST","00+",2022-02-12,2022-02-05,"-7 day ahead inc hosp","quantile",0.75,319,"COVID-19"
"DE-ST","00+",2022-02-12,2022-02-05,"-7 day ahead inc hosp","quantile",0.9,346,"COVID-19"
"DE-ST","00+",2022-02-12,2022-02-05,"-7 day ahead inc hosp","quantile",0.975,381,"COVID-19"
"DE-ST","00+",2022-02-12,2022-02-04,"-8 day ahead inc hosp","mean",NA,295,"COVID-19"
"DE-ST","00+",2022-02-12,2022-02-04,"-8 day ahead inc hosp","quantile",0.025,246,"COVID-19"
"DE-ST","00+",2022-02-12,2022-02-04,"-8 day ahead inc hosp","quantile",0.1,258,"COVID-19"
"DE-ST","00+",2022-02-12,2022-02-04,"-8 day ahead inc hosp","quantile",0.25,272,"COVID-19"
"DE-ST","00+",2022-02-12,2022-02-04,"-8 day ahead inc hosp","quantile",0.5,291,"COVID-19"
"DE-ST","00+",2022-02-12,2022-02-04,"-8 day ahead inc hosp","quantile",0.75,314,"COVID-19"
"DE-ST","00+",2022-02-12,2022-02-04,"-8 day ahead inc hosp","quantile",0.9,339,"COVID-19"
"DE-ST","00+",2022-02-12,2022-02-04,"-8 day ahead inc hosp","quantile",0.975,370,"COVID-19"
"DE-ST","00+",2022-02-12,2022-02-03,"-9 day ahead inc hosp","mean",NA,274,"COVID-19"
"DE-ST","00+",2022-02-12,2022-02-03,"-9 day ahead inc hosp","quantile",0.025,232,"COVID-19"
"DE-ST","00+",2022-02-12,2022-02-03,"-9 day ahead inc hosp","quantile",0.1,242,"COVID-19"
"DE-ST","00+",2022-02-12,2022-02-03,"-9 day ahead inc hosp","quantile",0.25,254,"COVID-19"
"DE-ST","00+",2022-02-12,2022-02-03,"-9 day ahead inc hosp","quantile",0.5,271,"COVID-19"
"DE-ST","00+",2022-02-12,2022-02-03,"-9 day ahead inc hosp","quantile",0.75,290,"COVID-19"
"DE-ST","00+",2022-02-12,2022-02-03,"-9 day ahead inc hosp","quantile",0.9,311,"COVID-19"
"DE-ST","00+",2022-02-12,2022-02-03,"-9 day ahead inc hosp","quantile",0.975,339,"COVID-19"
"DE-ST","00+",2022-02-12,2022-02-02,"-10 day ahead inc hosp","mean",NA,250,"COVID-19"
"DE-ST","00+",2022-02-12,2022-02-02,"-10 day ahead inc hosp","quantile",0.025,214,"COVID-19"
"DE-ST","00+",2022-02-12,2022-02-02,"-10 day ahead inc hosp","quantile",0.1,223,"COVID-19"
"DE-ST","00+",2022-02-12,2022-02-02,"-10 day ahead inc hosp","quantile",0.25,233,"COVID-19"
"DE-ST","00+",2022-02-12,2022-02-02,"-10 day ahead inc hosp","quantile",0.5,247,"COVID-19"
"DE-ST","00+",2022-02-12,2022-02-02,"-10 day ahead inc hosp","quantile",0.75,264,"COVID-19"
"DE-ST","00+",2022-02-12,2022-02-02,"-10 day ahead inc hosp","quantile",0.9,281,"COVID-19"
"DE-ST","00+",2022-02-12,2022-02-02,"-10 day ahead inc hosp","quantile",0.975,304,"COVID-19"
"DE-ST","00+",2022-02-12,2022-02-01,"-11 day ahead inc hosp","mean",NA,241,"COVID-19"
"DE-ST","00+",2022-02-12,2022-02-01,"-11 day ahead inc hosp","quantile",0.025,210,"COVID-19"
"DE-ST","00+",2022-02-12,2022-02-01,"-11 day ahead inc hosp","quantile",0.1,218,"COVID-19"
"DE-ST","00+",2022-02-12,2022-02-01,"-11 day ahead inc hosp","quantile",0.25,226,"COVID-19"
"DE-ST","00+",2022-02-12,2022-02-01,"-11 day ahead inc hosp","quantile",0.5,238,"COVID-19"
"DE-ST","00+",2022-02-12,2022-02-01,"-11 day ahead inc hosp","quantile",0.75,253,"COVID-19"
"DE-ST","00+",2022-02-12,2022-02-01,"-11 day ahead inc hosp","quantile",0.9,268,"COVID-19"
"DE-ST","00+",2022-02-12,2022-02-01,"-11 day ahead inc hosp","quantile",0.975,289,"COVID-19"
"DE-ST","00+",2022-02-12,2022-01-31,"-12 day ahead inc hosp","mean",NA,242,"COVID-19"
"DE-ST","00+",2022-02-12,2022-01-31,"-12 day ahead inc hosp","quantile",0.025,213,"COVID-19"
"DE-ST","00+",2022-02-12,2022-01-31,"-12 day ahead inc hosp","quantile",0.1,220,"COVID-19"
"DE-ST","00+",2022-02-12,2022-01-31,"-12 day ahead inc hosp","quantile",0.25,228,"COVID-19"
"DE-ST","00+",2022-02-12,2022-01-31,"-12 day ahead inc hosp","quantile",0.5,239,"COVID-19"
"DE-ST","00+",2022-02-12,2022-01-31,"-12 day ahead inc hosp","quantile",0.75,253,"COVID-19"
"DE-ST","00+",2022-02-12,2022-01-31,"-12 day ahead inc hosp","quantile",0.9,268,"COVID-19"
"DE-ST","00+",2022-02-12,2022-01-31,"-12 day ahead inc hosp","quantile",0.975,287,"COVID-19"
"DE-ST","00+",2022-02-12,2022-01-30,"-13 day ahead inc hosp","mean",NA,232,"COVID-19"
"DE-ST","00+",2022-02-12,2022-01-30,"-13 day ahead inc hosp","quantile",0.025,204,"COVID-19"
"DE-ST","00+",2022-02-12,2022-01-30,"-13 day ahead inc hosp","quantile",0.1,210,"COVID-19"
"DE-ST","00+",2022-02-12,2022-01-30,"-13 day ahead inc hosp","quantile",0.25,218,"COVID-19"
"DE-ST","00+",2022-02-12,2022-01-30,"-13 day ahead inc hosp","quantile",0.5,229,"COVID-19"
"DE-ST","00+",2022-02-12,2022-01-30,"-13 day ahead inc hosp","quantile",0.75,243,"COVID-19"
"DE-ST","00+",2022-02-12,2022-01-30,"-13 day ahead inc hosp","quantile",0.9,257,"COVID-19"
"DE-ST","00+",2022-02-12,2022-01-30,"-13 day ahead inc hosp","quantile",0.975,277,"COVID-19"
"DE-ST","00+",2022-02-12,2022-01-29,"-14 day ahead inc hosp","mean",NA,228,"COVID-19"
"DE-ST","00+",2022-02-12,2022-01-29,"-14 day ahead inc hosp","quantile",0.025,200,"COVID-19"
"DE-ST","00+",2022-02-12,2022-01-29,"-14 day ahead inc hosp","quantile",0.1,206,"COVID-19"
"DE-ST","00+",2022-02-12,2022-01-29,"-14 day ahead inc hosp","quantile",0.25,213,"COVID-19"
"DE-ST","00+",2022-02-12,2022-01-29,"-14 day ahead inc hosp","quantile",0.5,224,"COVID-19"
"DE-ST","00+",2022-02-12,2022-01-29,"-14 day ahead inc hosp","quantile",0.75,238,"COVID-19"
"DE-ST","00+",2022-02-12,2022-01-29,"-14 day ahead inc hosp","quantile",0.9,254,"COVID-19"
"DE-ST","00+",2022-02-12,2022-01-29,"-14 day ahead inc hosp","quantile",0.975,274,"COVID-19"
"DE-ST","00+",2022-02-12,2022-01-28,"-15 day ahead inc hosp","mean",NA,204,"COVID-19"
"DE-ST","00+",2022-02-12,2022-01-28,"-15 day ahead inc hosp","quantile",0.025,179,"COVID-19"
"DE-ST","00+",2022-02-12,2022-01-28,"-15 day ahead inc hosp","quantile",0.1,184,"COVID-19"
"DE-ST","00+",2022-02-12,2022-01-28,"-15 day ahead inc hosp","quantile",0.25,191,"COVID-19"
"DE-ST","00+",2022-02-12,2022-01-28,"-15 day ahead inc hosp","quantile",0.5,201,"COVID-19"
"DE-ST","00+",2022-02-12,2022-01-28,"-15 day ahead inc hosp","quantile",0.75,214,"COVID-19"
"DE-ST","00+",2022-02-12,2022-01-28,"-15 day ahead inc hosp","quantile",0.9,229,"COVID-19"
"DE-ST","00+",2022-02-12,2022-01-28,"-15 day ahead inc hosp","quantile",0.975,249,"COVID-19"
"DE-ST","00+",2022-02-12,2022-01-27,"-16 day ahead inc hosp","mean",NA,197,"COVID-19"
"DE-ST","00+",2022-02-12,2022-01-27,"-16 day ahead inc hosp","quantile",0.025,173,"COVID-19"
"DE-ST","00+",2022-02-12,2022-01-27,"-16 day ahead inc hosp","quantile",0.1,177,"COVID-19"
"DE-ST","00+",2022-02-12,2022-01-27,"-16 day ahead inc hosp","quantile",0.25,183,"COVID-19"
"DE-ST","00+",2022-02-12,2022-01-27,"-16 day ahead inc hosp","quantile",0.5,193,"COVID-19"
"DE-ST","00+",2022-02-12,2022-01-27,"-16 day ahead inc hosp","quantile",0.75,206,"COVID-19"
"DE-ST","00+",2022-02-12,2022-01-27,"-16 day ahead inc hosp","quantile",0.9,221,"COVID-19"
"DE-ST","00+",2022-02-12,2022-01-27,"-16 day ahead inc hosp","quantile",0.975,242,"COVID-19"
"DE-ST","00+",2022-02-12,2022-01-26,"-17 day ahead inc hosp","mean",NA,183,"COVID-19"
"DE-ST","00+",2022-02-12,2022-01-26,"-17 day ahead inc hosp","quantile",0.025,160,"COVID-19"
"DE-ST","00+",2022-02-12,2022-01-26,"-17 day ahead inc hosp","quantile",0.1,164,"COVID-19"
"DE-ST","00+",2022-02-12,2022-01-26,"-17 day ahead inc hosp","quantile",0.25,170,"COVID-19"
"DE-ST","00+",2022-02-12,2022-01-26,"-17 day ahead inc hosp","quantile",0.5,179,"COVID-19"
"DE-ST","00+",2022-02-12,2022-01-26,"-17 day ahead inc hosp","quantile",0.75,191,"COVID-19"
"DE-ST","00+",2022-02-12,2022-01-26,"-17 day ahead inc hosp","quantile",0.9,206,"COVID-19"
"DE-ST","00+",2022-02-12,2022-01-26,"-17 day ahead inc hosp","quantile",0.975,227,"COVID-19"
"DE-ST","00+",2022-02-12,2022-01-25,"-18 day ahead inc hosp","mean",NA,166,"COVID-19"
"DE-ST","00+",2022-02-12,2022-01-25,"-18 day ahead inc hosp","quantile",0.025,146,"COVID-19"
"DE-ST","00+",2022-02-12,2022-01-25,"-18 day ahead inc hosp","quantile",0.1,149,"COVID-19"
"DE-ST","00+",2022-02-12,2022-01-25,"-18 day ahead inc hosp","quantile",0.25,154,"COVID-19"
"DE-ST","00+",2022-02-12,2022-01-25,"-18 day ahead inc hosp","quantile",0.5,162,"COVID-19"
"DE-ST","00+",2022-02-12,2022-01-25,"-18 day ahead inc hosp","quantile",0.75,173,"COVID-19"
"DE-ST","00+",2022-02-12,2022-01-25,"-18 day ahead inc hosp","quantile",0.9,187,"COVID-19"
"DE-ST","00+",2022-02-12,2022-01-25,"-18 day ahead inc hosp","quantile",0.975,207,"COVID-19"
"DE-ST","00+",2022-02-12,2022-01-24,"-19 day ahead inc hosp","mean",NA,145,"COVID-19"
"DE-ST","00+",2022-02-12,2022-01-24,"-19 day ahead inc hosp","quantile",0.025,128,"COVID-19"
"DE-ST","00+",2022-02-12,2022-01-24,"-19 day ahead inc hosp","quantile",0.1,131,"COVID-19"
"DE-ST","00+",2022-02-12,2022-01-24,"-19 day ahead inc hosp","quantile",0.25,134,"COVID-19"
"DE-ST","00+",2022-02-12,2022-01-24,"-19 day ahead inc hosp","quantile",0.5,141,"COVID-19"
"DE-ST","00+",2022-02-12,2022-01-24,"-19 day ahead inc hosp","quantile",0.75,151,"COVID-19"
"DE-ST","00+",2022-02-12,2022-01-24,"-19 day ahead inc hosp","quantile",0.9,164,"COVID-19"
"DE-ST","00+",2022-02-12,2022-01-24,"-19 day ahead inc hosp","quantile",0.975,183,"COVID-19"
"DE-ST","00+",2022-02-12,2022-01-23,"-20 day ahead inc hosp","mean",NA,143,"COVID-19"
"DE-ST","00+",2022-02-12,2022-01-23,"-20 day ahead inc hosp","quantile",0.025,127,"COVID-19"
"DE-ST","00+",2022-02-12,2022-01-23,"-20 day ahead inc hosp","quantile",0.1,129,"COVID-19"
"DE-ST","00+",2022-02-12,2022-01-23,"-20 day ahead inc hosp","quantile",0.25,132,"COVID-19"
"DE-ST","00+",2022-02-12,2022-01-23,"-20 day ahead inc hosp","quantile",0.5,139,"COVID-19"
"DE-ST","00+",2022-02-12,2022-01-23,"-20 day ahead inc hosp","quantile",0.75,150,"COVID-19"
"DE-ST","00+",2022-02-12,2022-01-23,"-20 day ahead inc hosp","quantile",0.9,163,"COVID-19"
"DE-ST","00+",2022-02-12,2022-01-23,"-20 day ahead inc hosp","quantile",0.975,183,"COVID-19"
"DE-ST","00+",2022-02-12,2022-01-22,"-21 day ahead inc hosp","mean",NA,135,"COVID-19"
"DE-ST","00+",2022-02-12,2022-01-22,"-21 day ahead inc hosp","quantile",0.025,120,"COVID-19"
"DE-ST","00+",2022-02-12,2022-01-22,"-21 day ahead inc hosp","quantile",0.1,122,"COVID-19"
"DE-ST","00+",2022-02-12,2022-01-22,"-21 day ahead inc hosp","quantile",0.25,125,"COVID-19"
"DE-ST","00+",2022-02-12,2022-01-22,"-21 day ahead inc hosp","quantile",0.5,131,"COVID-19"
"DE-ST","00+",2022-02-12,2022-01-22,"-21 day ahead inc hosp","quantile",0.75,141,"COVID-19"
"DE-ST","00+",2022-02-12,2022-01-22,"-21 day ahead inc hosp","quantile",0.9,154,"COVID-19"
"DE-ST","00+",2022-02-12,2022-01-22,"-21 day ahead inc hosp","quantile",0.975,173,"COVID-19"
"DE-ST","00+",2022-02-12,2022-01-21,"-22 day ahead inc hosp","mean",NA,150,"COVID-19"
"DE-ST","00+",2022-02-12,2022-01-21,"-22 day ahead inc hosp","quantile",0.025,134,"COVID-19"
"DE-ST","00+",2022-02-12,2022-01-21,"-22 day ahead inc hosp","quantile",0.1,135,"COVID-19"
"DE-ST","00+",2022-02-12,2022-01-21,"-22 day ahead inc hosp","quantile",0.25,139,"COVID-19"
"DE-ST","00+",2022-02-12,2022-01-21,"-22 day ahead inc hosp","quantile",0.5,145,"COVID-19"
"DE-ST","00+",2022-02-12,2022-01-21,"-22 day ahead inc hosp","quantile",0.75,156,"COVID-19"
"DE-ST","00+",2022-02-12,2022-01-21,"-22 day ahead inc hosp","quantile",0.9,170,"COVID-19"
"DE-ST","00+",2022-02-12,2022-01-21,"-22 day ahead inc hosp","quantile",0.975,192,"COVID-19"
"DE-ST","00+",2022-02-12,2022-01-20,"-23 day ahead inc hosp","mean",NA,151,"COVID-19"
"DE-ST","00+",2022-02-12,2022-01-20,"-23 day ahead inc hosp","quantile",0.025,136,"COVID-19"
"DE-ST","00+",2022-02-12,2022-01-20,"-23 day ahead inc hosp","quantile",0.1,137,"COVID-19"
"DE-ST","00+",2022-02-12,2022-01-20,"-23 day ahead inc hosp","quantile",0.25,140,"COVID-19"
"DE-ST","00+",2022-02-12,2022-01-20,"-23 day ahead inc hosp","quantile",0.5,147,"COVID-19"
"DE-ST","00+",2022-02-12,2022-01-20,"-23 day ahead inc hosp","quantile",0.75,157,"COVID-19"
"DE-ST","00+",2022-02-12,2022-01-20,"-23 day ahead inc hosp","quantile",0.9,171,"COVID-19"
"DE-ST","00+",2022-02-12,2022-01-20,"-23 day ahead inc hosp","quantile",0.975,193,"COVID-19"
"DE-ST","00+",2022-02-12,2022-01-19,"-24 day ahead inc hosp","mean",NA,148,"COVID-19"
"DE-ST","00+",2022-02-12,2022-01-19,"-24 day ahead inc hosp","quantile",0.025,134,"COVID-19"
"DE-ST","00+",2022-02-12,2022-01-19,"-24 day ahead inc hosp","quantile",0.1,135,"COVID-19"
"DE-ST","00+",2022-02-12,2022-01-19,"-24 day ahead inc hosp","quantile",0.25,138,"COVID-19"
"DE-ST","00+",2022-02-12,2022-01-19,"-24 day ahead inc hosp","quantile",0.5,144,"COVID-19"
"DE-ST","00+",2022-02-12,2022-01-19,"-24 day ahead inc hosp","quantile",0.75,154,"COVID-19"
"DE-ST","00+",2022-02-12,2022-01-19,"-24 day ahead inc hosp","quantile",0.9,168,"COVID-19"
"DE-ST","00+",2022-02-12,2022-01-19,"-24 day ahead inc hosp","quantile",0.975,189,"COVID-19"
"DE-ST","00+",2022-02-12,2022-01-18,"-25 day ahead inc hosp","mean",NA,162,"COVID-19"
"DE-ST","00+",2022-02-12,2022-01-18,"-25 day ahead inc hosp","quantile",0.025,148,"COVID-19"
"DE-ST","00+",2022-02-12,2022-01-18,"-25 day ahead inc hosp","quantile",0.1,149,"COVID-19"
"DE-ST","00+",2022-02-12,2022-01-18,"-25 day ahead inc hosp","quantile",0.25,151,"COVID-19"
"DE-ST","00+",2022-02-12,2022-01-18,"-25 day ahead inc hosp","quantile",0.5,157,"COVID-19"
"DE-ST","00+",2022-02-12,2022-01-18,"-25 day ahead inc hosp","quantile",0.75,168,"COVID-19"
"DE-ST","00+",2022-02-12,2022-01-18,"-25 day ahead inc hosp","quantile",0.9,182,"COVID-19"
"DE-ST","00+",2022-02-12,2022-01-18,"-25 day ahead inc hosp","quantile",0.975,203,"COVID-19"
"DE-ST","00+",2022-02-12,2022-01-17,"-26 day ahead inc hosp","mean",NA,173,"COVID-19"
"DE-ST","00+",2022-02-12,2022-01-17,"-26 day ahead inc hosp","quantile",0.025,159,"COVID-19"
"DE-ST","00+",2022-02-12,2022-01-17,"-26 day ahead inc hosp","quantile",0.1,160,"COVID-19"
"DE-ST","00+",2022-02-12,2022-01-17,"-26 day ahead inc hosp","quantile",0.25,163,"COVID-19"
"DE-ST","00+",2022-02-12,2022-01-17,"-26 day ahead inc hosp","quantile",0.5,169,"COVID-19"
"DE-ST","00+",2022-02-12,2022-01-17,"-26 day ahead inc hosp","quantile",0.75,179,"COVID-19"
"DE-ST","00+",2022-02-12,2022-01-17,"-26 day ahead inc hosp","quantile",0.9,193,"COVID-19"
"DE-ST","00+",2022-02-12,2022-01-17,"-26 day ahead inc hosp","quantile",0.975,214,"COVID-19"
"DE-ST","00+",2022-02-12,2022-01-16,"-27 day ahead inc hosp","mean",NA,176,"COVID-19"
"DE-ST","00+",2022-02-12,2022-01-16,"-27 day ahead inc hosp","quantile",0.025,162,"COVID-19"
"DE-ST","00+",2022-02-12,2022-01-16,"-27 day ahead inc hosp","quantile",0.1,163,"COVID-19"
"DE-ST","00+",2022-02-12,2022-01-16,"-27 day ahead inc hosp","quantile",0.25,166,"COVID-19"
"DE-ST","00+",2022-02-12,2022-01-16,"-27 day ahead inc hosp","quantile",0.5,172,"COVID-19"
"DE-ST","00+",2022-02-12,2022-01-16,"-27 day ahead inc hosp","quantile",0.75,182,"COVID-19"
"DE-ST","00+",2022-02-12,2022-01-16,"-27 day ahead inc hosp","quantile",0.9,195,"COVID-19"
"DE-ST","00+",2022-02-12,2022-01-16,"-27 day ahead inc hosp","quantile",0.975,215,"COVID-19"
"DE-ST","00+",2022-02-12,2022-01-15,"-28 day ahead inc hosp","mean",NA,179,"COVID-19"
"DE-ST","00+",2022-02-12,2022-01-15,"-28 day ahead inc hosp","quantile",0.025,165,"COVID-19"
"DE-ST","00+",2022-02-12,2022-01-15,"-28 day ahead inc hosp","quantile",0.1,166,"COVID-19"
"DE-ST","00+",2022-02-12,2022-01-15,"-28 day ahead inc hosp","quantile",0.25,169,"COVID-19"
"DE-ST","00+",2022-02-12,2022-01-15,"-28 day ahead inc hosp","quantile",0.5,175,"COVID-19"
"DE-ST","00+",2022-02-12,2022-01-15,"-28 day ahead inc hosp","quantile",0.75,185,"COVID-19"
"DE-ST","00+",2022-02-12,2022-01-15,"-28 day ahead inc hosp","quantile",0.9,197,"COVID-19"
"DE-ST","00+",2022-02-12,2022-01-15,"-28 day ahead inc hosp","quantile",0.975,216,"COVID-19"
"DE-TH","00+",2022-02-12,2022-02-12,"0 day ahead inc hosp","mean",NA,356,"COVID-19"
"DE-TH","00+",2022-02-12,2022-02-12,"0 day ahead inc hosp","quantile",0.025,248,"COVID-19"
"DE-TH","00+",2022-02-12,2022-02-12,"0 day ahead inc hosp","quantile",0.1,274,"COVID-19"
"DE-TH","00+",2022-02-12,2022-02-12,"0 day ahead inc hosp","quantile",0.25,304,"COVID-19"
"DE-TH","00+",2022-02-12,2022-02-12,"0 day ahead inc hosp","quantile",0.5,346,"COVID-19"
"DE-TH","00+",2022-02-12,2022-02-12,"0 day ahead inc hosp","quantile",0.75,397,"COVID-19"
"DE-TH","00+",2022-02-12,2022-02-12,"0 day ahead inc hosp","quantile",0.9,452,"COVID-19"
"DE-TH","00+",2022-02-12,2022-02-12,"0 day ahead inc hosp","quantile",0.975,524,"COVID-19"
"DE-TH","00+",2022-02-12,2022-02-11,"-1 day ahead inc hosp","mean",NA,374,"COVID-19"
"DE-TH","00+",2022-02-12,2022-02-11,"-1 day ahead inc hosp","quantile",0.025,274,"COVID-19"
"DE-TH","00+",2022-02-12,2022-02-11,"-1 day ahead inc hosp","quantile",0.1,297,"COVID-19"
"DE-TH","00+",2022-02-12,2022-02-11,"-1 day ahead inc hosp","quantile",0.25,325,"COVID-19"
"DE-TH","00+",2022-02-12,2022-02-11,"-1 day ahead inc hosp","quantile",0.5,364,"COVID-19"
"DE-TH","00+",2022-02-12,2022-02-11,"-1 day ahead inc hosp","quantile",0.75,412,"COVID-19"
"DE-TH","00+",2022-02-12,2022-02-11,"-1 day ahead inc hosp","quantile",0.9,463,"COVID-19"
"DE-TH","00+",2022-02-12,2022-02-11,"-1 day ahead inc hosp","quantile",0.975,531,"COVID-19"
"DE-TH","00+",2022-02-12,2022-02-10,"-2 day ahead inc hosp","mean",NA,364,"COVID-19"
"DE-TH","00+",2022-02-12,2022-02-10,"-2 day ahead inc hosp","quantile",0.025,278,"COVID-19"
"DE-TH","00+",2022-02-12,2022-02-10,"-2 day ahead inc hosp","quantile",0.1,298,"COVID-19"
"DE-TH","00+",2022-02-12,2022-02-10,"-2 day ahead inc hosp","quantile",0.25,322,"COVID-19"
"DE-TH","00+",2022-02-12,2022-02-10,"-2 day ahead inc hosp","quantile",0.5,356,"COVID-19"
"DE-TH","00+",2022-02-12,2022-02-10,"-2 day ahead inc hosp","quantile",0.75,397,"COVID-19"
"DE-TH","00+",2022-02-12,2022-02-10,"-2 day ahead inc hosp","quantile",0.9,441,"COVID-19"
"DE-TH","00+",2022-02-12,2022-02-10,"-2 day ahead inc hosp","quantile",0.975,498,"COVID-19"
"DE-TH","00+",2022-02-12,2022-02-09,"-3 day ahead inc hosp","mean",NA,317,"COVID-19"
"DE-TH","00+",2022-02-12,2022-02-09,"-3 day ahead inc hosp","quantile",0.025,253,"COVID-19"
"DE-TH","00+",2022-02-12,2022-02-09,"-3 day ahead inc hosp","quantile",0.1,269,"COVID-19"
"DE-TH","00+",2022-02-12,2022-02-09,"-3 day ahead inc hosp","quantile",0.25,286,"COVID-19"
"DE-TH","00+",2022-02-12,2022-02-09,"-3 day ahead inc hosp","quantile",0.5,311,"COVID-19"
"DE-TH","00+",2022-02-12,2022-02-09,"-3 day ahead inc hosp","quantile",0.75,341,"COVID-19"
"DE-TH","00+",2022-02-12,2022-02-09,"-3 day ahead inc hosp","quantile",0.9,373,"COVID-19"
"DE-TH","00+",2022-02-12,2022-02-09,"-3 day ahead inc hosp","quantile",0.975,414,"COVID-19"
"DE-TH","00+",2022-02-12,2022-02-08,"-4 day ahead inc hosp","mean",NA,281,"COVID-19"
"DE-TH","00+",2022-02-12,2022-02-08,"-4 day ahead inc hosp","quantile",0.025,237,"COVID-19"
"DE-TH","00+",2022-02-12,2022-02-08,"-4 day ahead inc hosp","quantile",0.1,248,"COVID-19"
"DE-TH","00+",2022-02-12,2022-02-08,"-4 day ahead inc hosp","quantile",0.25,260,"COVID-19"
"DE-TH","00+",2022-02-12,2022-02-08,"-4 day ahead inc hosp","quantile",0.5,277,"COVID-19"
"DE-TH","00+",2022-02-12,2022-02-08,"-4 day ahead inc hosp","quantile",0.75,298,"COVID-19"
"DE-TH","00+",2022-02-12,2022-02-08,"-4 day ahead inc hosp","quantile",0.9,319,"COVID-19"
"DE-TH","00+",2022-02-12,2022-02-08,"-4 day ahead inc hosp","quantile",0.975,348,"COVID-19"
"DE-TH","00+",2022-02-12,2022-02-07,"-5 day ahead inc hosp","mean",NA,244,"COVID-19"
"DE-TH","00+",2022-02-12,2022-02-07,"-5 day ahead inc hosp","quantile",0.025,213,"COVID-19"
"DE-TH","00+",2022-02-12,2022-02-07,"-5 day ahead inc hosp","quantile",0.1,221,"COVID-19"
"DE-TH","00+",2022-02-12,2022-02-07,"-5 day ahead inc hosp","quantile",0.25,229,"COVID-19"
"DE-TH","00+",2022-02-12,2022-02-07,"-5 day ahead inc hosp","quantile",0.5,241,"COVID-19"
"DE-TH","00+",2022-02-12,2022-02-07,"-5 day ahead inc hosp","quantile",0.75,255,"COVID-19"
"DE-TH","00+",2022-02-12,2022-02-07,"-5 day ahead inc hosp","quantile",0.9,270,"COVID-19"
"DE-TH","00+",2022-02-12,2022-02-07,"-5 day ahead inc hosp","quantile",0.975,289,"COVID-19"
"DE-TH","00+",2022-02-12,2022-02-06,"-6 day ahead inc hosp","mean",NA,235,"COVID-19"
"DE-TH","00+",2022-02-12,2022-02-06,"-6 day ahead inc hosp","quantile",0.025,209,"COVID-19"
"DE-TH","00+",2022-02-12,2022-02-06,"-6 day ahead inc hosp","quantile",0.1,216,"COVID-19"
"DE-TH","00+",2022-02-12,2022-02-06,"-6 day ahead inc hosp","quantile",0.25,223,"COVID-19"
"DE-TH","00+",2022-02-12,2022-02-06,"-6 day ahead inc hosp","quantile",0.5,233,"COVID-19"
"DE-TH","00+",2022-02-12,2022-02-06,"-6 day ahead inc hosp","quantile",0.75,245,"COVID-19"
"DE-TH","00+",2022-02-12,2022-02-06,"-6 day ahead inc hosp","quantile",0.9,257,"COVID-19"
"DE-TH","00+",2022-02-12,2022-02-06,"-6 day ahead inc hosp","quantile",0.975,273,"COVID-19"
"DE-TH","00+",2022-02-12,2022-02-05,"-7 day ahead inc hosp","mean",NA,228,"COVID-19"
"DE-TH","00+",2022-02-12,2022-02-05,"-7 day ahead inc hosp","quantile",0.025,205,"COVID-19"
"DE-TH","00+",2022-02-12,2022-02-05,"-7 day ahead inc hosp","quantile",0.1,211,"COVID-19"
"DE-TH","00+",2022-02-12,2022-02-05,"-7 day ahead inc hosp","quantile",0.25,218,"COVID-19"
"DE-TH","00+",2022-02-12,2022-02-05,"-7 day ahead inc hosp","quantile",0.5,226,"COVID-19"
"DE-TH","00+",2022-02-12,2022-02-05,"-7 day ahead inc hosp","quantile",0.75,236,"COVID-19"
"DE-TH","00+",2022-02-12,2022-02-05,"-7 day ahead inc hosp","quantile",0.9,247,"COVID-19"
"DE-TH","00+",2022-02-12,2022-02-05,"-7 day ahead inc hosp","quantile",0.975,260,"COVID-19"
"DE-TH","00+",2022-02-12,2022-02-04,"-8 day ahead inc hosp","mean",NA,201,"COVID-19"
"DE-TH","00+",2022-02-12,2022-02-04,"-8 day ahead inc hosp","quantile",0.025,184,"COVID-19"
"DE-TH","00+",2022-02-12,2022-02-04,"-8 day ahead inc hosp","quantile",0.1,189,"COVID-19"
"DE-TH","00+",2022-02-12,2022-02-04,"-8 day ahead inc hosp","quantile",0.25,193,"COVID-19"
"DE-TH","00+",2022-02-12,2022-02-04,"-8 day ahead inc hosp","quantile",0.5,200,"COVID-19"
"DE-TH","00+",2022-02-12,2022-02-04,"-8 day ahead inc hosp","quantile",0.75,208,"COVID-19"
"DE-TH","00+",2022-02-12,2022-02-04,"-8 day ahead inc hosp","quantile",0.9,216,"COVID-19"
"DE-TH","00+",2022-02-12,2022-02-04,"-8 day ahead inc hosp","quantile",0.975,226,"COVID-19"
"DE-TH","00+",2022-02-12,2022-02-03,"-9 day ahead inc hosp","mean",NA,187,"COVID-19"
"DE-TH","00+",2022-02-12,2022-02-03,"-9 day ahead inc hosp","quantile",0.025,173,"COVID-19"
"DE-TH","00+",2022-02-12,2022-02-03,"-9 day ahead inc hosp","quantile",0.1,177,"COVID-19"
"DE-TH","00+",2022-02-12,2022-02-03,"-9 day ahead inc hosp","quantile",0.25,181,"COVID-19"
"DE-TH","00+",2022-02-12,2022-02-03,"-9 day ahead inc hosp","quantile",0.5,186,"COVID-19"
"DE-TH","00+",2022-02-12,2022-02-03,"-9 day ahead inc hosp","quantile",0.75,192,"COVID-19"
"DE-TH","00+",2022-02-12,2022-02-03,"-9 day ahead inc hosp","quantile",0.9,199,"COVID-19"
"DE-TH","00+",2022-02-12,2022-02-03,"-9 day ahead inc hosp","quantile",0.975,207,"COVID-19"
"DE-TH","00+",2022-02-12,2022-02-02,"-10 day ahead inc hosp","mean",NA,188,"COVID-19"
"DE-TH","00+",2022-02-12,2022-02-02,"-10 day ahead inc hosp","quantile",0.025,176,"COVID-19"
"DE-TH","00+",2022-02-12,2022-02-02,"-10 day ahead inc hosp","quantile",0.1,179,"COVID-19"
"DE-TH","00+",2022-02-12,2022-02-02,"-10 day ahead inc hosp","quantile",0.25,182,"COVID-19"
"DE-TH","00+",2022-02-12,2022-02-02,"-10 day ahead inc hosp","quantile",0.5,187,"COVID-19"
"DE-TH","00+",2022-02-12,2022-02-02,"-10 day ahead inc hosp","quantile",0.75,192,"COVID-19"
"DE-TH","00+",2022-02-12,2022-02-02,"-10 day ahead inc hosp","quantile",0.9,198,"COVID-19"
"DE-TH","00+",2022-02-12,2022-02-02,"-10 day ahead inc hosp","quantile",0.975,205,"COVID-19"
"DE-TH","00+",2022-02-12,2022-02-01,"-11 day ahead inc hosp","mean",NA,168,"COVID-19"
"DE-TH","00+",2022-02-12,2022-02-01,"-11 day ahead inc hosp","quantile",0.025,159,"COVID-19"
"DE-TH","00+",2022-02-12,2022-02-01,"-11 day ahead inc hosp","quantile",0.1,162,"COVID-19"
"DE-TH","00+",2022-02-12,2022-02-01,"-11 day ahead inc hosp","quantile",0.25,164,"COVID-19"
"DE-TH","00+",2022-02-12,2022-02-01,"-11 day ahead inc hosp","quantile",0.5,168,"COVID-19"
"DE-TH","00+",2022-02-12,2022-02-01,"-11 day ahead inc hosp","quantile",0.75,172,"COVID-19"
"DE-TH","00+",2022-02-12,2022-02-01,"-11 day ahead inc hosp","quantile",0.9,176,"COVID-19"
"DE-TH","00+",2022-02-12,2022-02-01,"-11 day ahead inc hosp","quantile",0.975,181,"COVID-19"
"DE-TH","00+",2022-02-12,2022-01-31,"-12 day ahead inc hosp","mean",NA,176,"COVID-19"
"DE-TH","00+",2022-02-12,2022-01-31,"-12 day ahead inc hosp","quantile",0.025,168,"COVID-19"
"DE-TH","00+",2022-02-12,2022-01-31,"-12 day ahead inc hosp","quantile",0.1,170,"COVID-19"
"DE-TH","00+",2022-02-12,2022-01-31,"-12 day ahead inc hosp","quantile",0.25,172,"COVID-19"
"DE-TH","00+",2022-02-12,2022-01-31,"-12 day ahead inc hosp","quantile",0.5,175,"COVID-19"
"DE-TH","00+",2022-02-12,2022-01-31,"-12 day ahead inc hosp","quantile",0.75,179,"COVID-19"
"DE-TH","00+",2022-02-12,2022-01-31,"-12 day ahead inc hosp","quantile",0.9,183,"COVID-19"
"DE-TH","00+",2022-02-12,2022-01-31,"-12 day ahead inc hosp","quantile",0.975,188,"COVID-19"
"DE-TH","00+",2022-02-12,2022-01-30,"-13 day ahead inc hosp","mean",NA,166,"COVID-19"
"DE-TH","00+",2022-02-12,2022-01-30,"-13 day ahead inc hosp","quantile",0.025,159,"COVID-19"
"DE-TH","00+",2022-02-12,2022-01-30,"-13 day ahead inc hosp","quantile",0.1,161,"COVID-19"
"DE-TH","00+",2022-02-12,2022-01-30,"-13 day ahead inc hosp","quantile",0.25,163,"COVID-19"
"DE-TH","00+",2022-02-12,2022-01-30,"-13 day ahead inc hosp","quantile",0.5,166,"COVID-19"
"DE-TH","00+",2022-02-12,2022-01-30,"-13 day ahead inc hosp","quantile",0.75,169,"COVID-19"
"DE-TH","00+",2022-02-12,2022-01-30,"-13 day ahead inc hosp","quantile",0.9,173,"COVID-19"
"DE-TH","00+",2022-02-12,2022-01-30,"-13 day ahead inc hosp","quantile",0.975,178,"COVID-19"
"DE-TH","00+",2022-02-12,2022-01-29,"-14 day ahead inc hosp","mean",NA,165,"COVID-19"
"DE-TH","00+",2022-02-12,2022-01-29,"-14 day ahead inc hosp","quantile",0.025,158,"COVID-19"
"DE-TH","00+",2022-02-12,2022-01-29,"-14 day ahead inc hosp","quantile",0.1,160,"COVID-19"
"DE-TH","00+",2022-02-12,2022-01-29,"-14 day ahead inc hosp","quantile",0.25,162,"COVID-19"
"DE-TH","00+",2022-02-12,2022-01-29,"-14 day ahead inc hosp","quantile",0.5,165,"COVID-19"
"DE-TH","00+",2022-02-12,2022-01-29,"-14 day ahead inc hosp","quantile",0.75,168,"COVID-19"
"DE-TH","00+",2022-02-12,2022-01-29,"-14 day ahead inc hosp","quantile",0.9,171,"COVID-19"
"DE-TH","00+",2022-02-12,2022-01-29,"-14 day ahead inc hosp","quantile",0.975,176,"COVID-19"
"DE-TH","00+",2022-02-12,2022-01-28,"-15 day ahead inc hosp","mean",NA,166,"COVID-19"
"DE-TH","00+",2022-02-12,2022-01-28,"-15 day ahead inc hosp","quantile",0.025,160,"COVID-19"
"DE-TH","00+",2022-02-12,2022-01-28,"-15 day ahead inc hosp","quantile",0.1,162,"COVID-19"
"DE-TH","00+",2022-02-12,2022-01-28,"-15 day ahead inc hosp","quantile",0.25,163,"COVID-19"
"DE-TH","00+",2022-02-12,2022-01-28,"-15 day ahead inc hosp","quantile",0.5,166,"COVID-19"
"DE-TH","00+",2022-02-12,2022-01-28,"-15 day ahead inc hosp","quantile",0.75,169,"COVID-19"
"DE-TH","00+",2022-02-12,2022-01-28,"-15 day ahead inc hosp","quantile",0.9,172,"COVID-19"
"DE-TH","00+",2022-02-12,2022-01-28,"-15 day ahead inc hosp","quantile",0.975,176,"COVID-19"
"DE-TH","00+",2022-02-12,2022-01-27,"-16 day ahead inc hosp","mean",NA,174,"COVID-19"
"DE-TH","00+",2022-02-12,2022-01-27,"-16 day ahead inc hosp","quantile",0.025,168,"COVID-19"
"DE-TH","00+",2022-02-12,2022-01-27,"-16 day ahead inc hosp","quantile",0.1,169,"COVID-19"
"DE-TH","00+",2022-02-12,2022-01-27,"-16 day ahead inc hosp","quantile",0.25,171,"COVID-19"
"DE-TH","00+",2022-02-12,2022-01-27,"-16 day ahead inc hosp","quantile",0.5,173,"COVID-19"
"DE-TH","00+",2022-02-12,2022-01-27,"-16 day ahead inc hosp","quantile",0.75,176,"COVID-19"
"DE-TH","00+",2022-02-12,2022-01-27,"-16 day ahead inc hosp","quantile",0.9,179,"COVID-19"
"DE-TH","00+",2022-02-12,2022-01-27,"-16 day ahead inc hosp","quantile",0.975,183,"COVID-19"
"DE-TH","00+",2022-02-12,2022-01-26,"-17 day ahead inc hosp","mean",NA,163,"COVID-19"
"DE-TH","00+",2022-02-12,2022-01-26,"-17 day ahead inc hosp","quantile",0.025,158,"COVID-19"
"DE-TH","00+",2022-02-12,2022-01-26,"-17 day ahead inc hosp","quantile",0.1,159,"COVID-19"
"DE-TH","00+",2022-02-12,2022-01-26,"-17 day ahead inc hosp","quantile",0.25,161,"COVID-19"
"DE-TH","00+",2022-02-12,2022-01-26,"-17 day ahead inc hosp","quantile",0.5,163,"COVID-19"
"DE-TH","00+",2022-02-12,2022-01-26,"-17 day ahead inc hosp","quantile",0.75,165,"COVID-19"
"DE-TH","00+",2022-02-12,2022-01-26,"-17 day ahead inc hosp","quantile",0.9,168,"COVID-19"
"DE-TH","00+",2022-02-12,2022-01-26,"-17 day ahead inc hosp","quantile",0.975,172,"COVID-19"
"DE-TH","00+",2022-02-12,2022-01-25,"-18 day ahead inc hosp","mean",NA,158,"COVID-19"
"DE-TH","00+",2022-02-12,2022-01-25,"-18 day ahead inc hosp","quantile",0.025,154,"COVID-19"
"DE-TH","00+",2022-02-12,2022-01-25,"-18 day ahead inc hosp","quantile",0.1,155,"COVID-19"
"DE-TH","00+",2022-02-12,2022-01-25,"-18 day ahead inc hosp","quantile",0.25,156,"COVID-19"
"DE-TH","00+",2022-02-12,2022-01-25,"-18 day ahead inc hosp","quantile",0.5,158,"COVID-19"
"DE-TH","00+",2022-02-12,2022-01-25,"-18 day ahead inc hosp","quantile",0.75,160,"COVID-19"
"DE-TH","00+",2022-02-12,2022-01-25,"-18 day ahead inc hosp","quantile",0.9,163,"COVID-19"
"DE-TH","00+",2022-02-12,2022-01-25,"-18 day ahead inc hosp","quantile",0.975,166,"COVID-19"
"DE-TH","00+",2022-02-12,2022-01-24,"-19 day ahead inc hosp","mean",NA,162,"COVID-19"
"DE-TH","00+",2022-02-12,2022-01-24,"-19 day ahead inc hosp","quantile",0.025,158,"COVID-19"
"DE-TH","00+",2022-02-12,2022-01-24,"-19 day ahead inc hosp","quantile",0.1,159,"COVID-19"
"DE-TH","00+",2022-02-12,2022-01-24,"-19 day ahead inc hosp","quantile",0.25,160,"COVID-19"
"DE-TH","00+",2022-02-12,2022-01-24,"-19 day ahead inc hosp","quantile",0.5,161,"COVID-19"
"DE-TH","00+",2022-02-12,2022-01-24,"-19 day ahead inc hosp","quantile",0.75,163,"COVID-19"
"DE-TH","00+",2022-02-12,2022-01-24,"-19 day ahead inc hosp","quantile",0.9,165,"COVID-19"
"DE-TH","00+",2022-02-12,2022-01-24,"-19 day ahead inc hosp","quantile",0.975,168,"COVID-19"
"DE-TH","00+",2022-02-12,2022-01-23,"-20 day ahead inc hosp","mean",NA,158,"COVID-19"
"DE-TH","00+",2022-02-12,2022-01-23,"-20 day ahead inc hosp","quantile",0.025,155,"COVID-19"
"DE-TH","00+",2022-02-12,2022-01-23,"-20 day ahead inc hosp","quantile",0.1,156,"COVID-19"
"DE-TH","00+",2022-02-12,2022-01-23,"-20 day ahead inc hosp","quantile",0.25,157,"COVID-19"
"DE-TH","00+",2022-02-12,2022-01-23,"-20 day ahead inc hosp","quantile",0.5,158,"COVID-19"
"DE-TH","00+",2022-02-12,2022-01-23,"-20 day ahead inc hosp","quantile",0.75,160,"COVID-19"
"DE-TH","00+",2022-02-12,2022-01-23,"-20 day ahead inc hosp","quantile",0.9,162,"COVID-19"
"DE-TH","00+",2022-02-12,2022-01-23,"-20 day ahead inc hosp","quantile",0.975,165,"COVID-19"
"DE-TH","00+",2022-02-12,2022-01-22,"-21 day ahead inc hosp","mean",NA,156,"COVID-19"
"DE-TH","00+",2022-02-12,2022-01-22,"-21 day ahead inc hosp","quantile",0.025,153,"COVID-19"
"DE-TH","00+",2022-02-12,2022-01-22,"-21 day ahead inc hosp","quantile",0.1,153,"COVID-19"
"DE-TH","00+",2022-02-12,2022-01-22,"-21 day ahead inc hosp","quantile",0.25,154,"COVID-19"
"DE-TH","00+",2022-02-12,2022-01-22,"-21 day ahead inc hosp","quantile",0.5,156,"COVID-19"
"DE-TH","00+",2022-02-12,2022-01-22,"-21 day ahead inc hosp","quantile",0.75,158,"COVID-19"
"DE-TH","00+",2022-02-12,2022-01-22,"-21 day ahead inc hosp","quantile",0.9,160,"COVID-19"
"DE-TH","00+",2022-02-12,2022-01-22,"-21 day ahead inc hosp","quantile",0.975,162,"COVID-19"
"DE-TH","00+",2022-02-12,2022-01-21,"-22 day ahead inc hosp","mean",NA,153,"COVID-19"
"DE-TH","00+",2022-02-12,2022-01-21,"-22 day ahead inc hosp","quantile",0.025,150,"COVID-19"
"DE-TH","00+",2022-02-12,2022-01-21,"-22 day ahead inc hosp","quantile",0.1,150,"COVID-19"
"DE-TH","00+",2022-02-12,2022-01-21,"-22 day ahead inc hosp","quantile",0.25,151,"COVID-19"
"DE-TH","00+",2022-02-12,2022-01-21,"-22 day ahead inc hosp","quantile",0.5,152,"COVID-19"
"DE-TH","00+",2022-02-12,2022-01-21,"-22 day ahead inc hosp","quantile",0.75,154,"COVID-19"
"DE-TH","00+",2022-02-12,2022-01-21,"-22 day ahead inc hosp","quantile",0.9,156,"COVID-19"
"DE-TH","00+",2022-02-12,2022-01-21,"-22 day ahead inc hosp","quantile",0.975,159,"COVID-19"
"DE-TH","00+",2022-02-12,2022-01-20,"-23 day ahead inc hosp","mean",NA,140,"COVID-19"
"DE-TH","00+",2022-02-12,2022-01-20,"-23 day ahead inc hosp","quantile",0.025,138,"COVID-19"
"DE-TH","00+",2022-02-12,2022-01-20,"-23 day ahead inc hosp","quantile",0.1,138,"COVID-19"
"DE-TH","00+",2022-02-12,2022-01-20,"-23 day ahead inc hosp","quantile",0.25,139,"COVID-19"
"DE-TH","00+",2022-02-12,2022-01-20,"-23 day ahead inc hosp","quantile",0.5,140,"COVID-19"
"DE-TH","00+",2022-02-12,2022-01-20,"-23 day ahead inc hosp","quantile",0.75,142,"COVID-19"
"DE-TH","00+",2022-02-12,2022-01-20,"-23 day ahead inc hosp","quantile",0.9,143,"COVID-19"
"DE-TH","00+",2022-02-12,2022-01-20,"-23 day ahead inc hosp","quantile",0.975,145,"COVID-19"
"DE-TH","00+",2022-02-12,2022-01-19,"-24 day ahead inc hosp","mean",NA,138,"COVID-19"
"DE-TH","00+",2022-02-12,2022-01-19,"-24 day ahead inc hosp","quantile",0.025,136,"COVID-19"
"DE-TH","00+",2022-02-12,2022-01-19,"-24 day ahead inc hosp","quantile",0.1,136,"COVID-19"
"DE-TH","00+",2022-02-12,2022-01-19,"-24 day ahead inc hosp","quantile",0.25,137,"COVID-19"
"DE-TH","00+",2022-02-12,2022-01-19,"-24 day ahead inc hosp","quantile",0.5,138,"COVID-19"
"DE-TH","00+",2022-02-12,2022-01-19,"-24 day ahead inc hosp","quantile",0.75,139,"COVID-19"
"DE-TH","00+",2022-02-12,2022-01-19,"-24 day ahead inc hosp","quantile",0.9,141,"COVID-19"
"DE-TH","00+",2022-02-12,2022-01-19,"-24 day ahead inc hosp","quantile",0.975,143,"COVID-19"
"DE-TH","00+",2022-02-12,2022-01-18,"-25 day ahead inc hosp","mean",NA,143,"COVID-19"
"DE-TH","00+",2022-02-12,2022-01-18,"-25 day ahead inc hosp","quantile",0.025,141,"COVID-19"
"DE-TH","00+",2022-02-12,2022-01-18,"-25 day ahead inc hosp","quantile",0.1,141,"COVID-19"
"DE-TH","00+",2022-02-12,2022-01-18,"-25 day ahead inc hosp","quantile",0.25,142,"COVID-19"
"DE-TH","00+",2022-02-12,2022-01-18,"-25 day ahead inc hosp","quantile",0.5,143,"COVID-19"
"DE-TH","00+",2022-02-12,2022-01-18,"-25 day ahead inc hosp","quantile",0.75,144,"COVID-19"
"DE-TH","00+",2022-02-12,2022-01-18,"-25 day ahead inc hosp","quantile",0.9,145,"COVID-19"
"DE-TH","00+",2022-02-12,2022-01-18,"-25 day ahead inc hosp","quantile",0.975,147,"COVID-19"
"DE-TH","00+",2022-02-12,2022-01-17,"-26 day ahead inc hosp","mean",NA,134,"COVID-19"
"DE-TH","00+",2022-02-12,2022-01-17,"-26 day ahead inc hosp","quantile",0.025,132,"COVID-19"
"DE-TH","00+",2022-02-12,2022-01-17,"-26 day ahead inc hosp","quantile",0.1,132,"COVID-19"
"DE-TH","00+",2022-02-12,2022-01-17,"-26 day ahead inc hosp","quantile",0.25,132,"COVID-19"
"DE-TH","00+",2022-02-12,2022-01-17,"-26 day ahead inc hosp","quantile",0.5,133,"COVID-19"
"DE-TH","00+",2022-02-12,2022-01-17,"-26 day ahead inc hosp","quantile",0.75,134,"COVID-19"
"DE-TH","00+",2022-02-12,2022-01-17,"-26 day ahead inc hosp","quantile",0.9,136,"COVID-19"
"DE-TH","00+",2022-02-12,2022-01-17,"-26 day ahead inc hosp","quantile",0.975,137,"COVID-19"
"DE-TH","00+",2022-02-12,2022-01-16,"-27 day ahead inc hosp","mean",NA,143,"COVID-19"
"DE-TH","00+",2022-02-12,2022-01-16,"-27 day ahead inc hosp","quantile",0.025,141,"COVID-19"
"DE-TH","00+",2022-02-12,2022-01-16,"-27 day ahead inc hosp","quantile",0.1,141,"COVID-19"
"DE-TH","00+",2022-02-12,2022-01-16,"-27 day ahead inc hosp","quantile",0.25,141,"COVID-19"
"DE-TH","00+",2022-02-12,2022-01-16,"-27 day ahead inc hosp","quantile",0.5,142,"COVID-19"
"DE-TH","00+",2022-02-12,2022-01-16,"-27 day ahead inc hosp","quantile",0.75,143,"COVID-19"
"DE-TH","00+",2022-02-12,2022-01-16,"-27 day ahead inc hosp","quantile",0.9,145,"COVID-19"
"DE-TH","00+",2022-02-12,2022-01-16,"-27 day ahead inc hosp","quantile",0.975,147,"COVID-19"
"DE-TH","00+",2022-02-12,2022-01-15,"-28 day ahead inc hosp","mean",NA,148,"COVID-19"
"DE-TH","00+",2022-02-12,2022-01-15,"-28 day ahead inc hosp","quantile",0.025,146,"COVID-19"
"DE-TH","00+",2022-02-12,2022-01-15,"-28 day ahead inc hosp","quantile",0.1,146,"COVID-19"
"DE-TH","00+",2022-02-12,2022-01-15,"-28 day ahead inc hosp","quantile",0.25,146,"COVID-19"
"DE-TH","00+",2022-02-12,2022-01-15,"-28 day ahead inc hosp","quantile",0.5,147,"COVID-19"
"DE-TH","00+",2022-02-12,2022-01-15,"-28 day ahead inc hosp","quantile",0.75,148,"COVID-19"
"DE-TH","00+",2022-02-12,2022-01-15,"-28 day ahead inc hosp","quantile",0.9,150,"COVID-19"
"DE-TH","00+",2022-02-12,2022-01-15,"-28 day ahead inc hosp","quantile",0.975,151,"COVID-19"
