"location","age_group","forecast_date","target_end_date","target","type","quantile","value","pathogen"
"DE","00+",2022-03-23,2022-03-23,"0 day ahead inc hosp","mean",NA,11748,"COVID-19"
"DE","00+",2022-03-23,2022-03-23,"0 day ahead inc hosp","quantile",0.025,9318,"COVID-19"
"DE","00+",2022-03-23,2022-03-23,"0 day ahead inc hosp","quantile",0.1,10026,"COVID-19"
"DE","00+",2022-03-23,2022-03-23,"0 day ahead inc hosp","quantile",0.25,10741,"COVID-19"
"DE","00+",2022-03-23,2022-03-23,"0 day ahead inc hosp","quantile",0.5,11633,"COVID-19"
"DE","00+",2022-03-23,2022-03-23,"0 day ahead inc hosp","quantile",0.75,12629,"COVID-19"
"DE","00+",2022-03-23,2022-03-23,"0 day ahead inc hosp","quantile",0.9,13620,"COVID-19"
"DE","00+",2022-03-23,2022-03-23,"0 day ahead inc hosp","quantile",0.975,14836,"COVID-19"
"DE","00+",2022-03-23,2022-03-22,"-1 day ahead inc hosp","mean",NA,11578,"COVID-19"
"DE","00+",2022-03-23,2022-03-22,"-1 day ahead inc hosp","quantile",0.025,9597,"COVID-19"
"DE","00+",2022-03-23,2022-03-22,"-1 day ahead inc hosp","quantile",0.1,10167,"COVID-19"
"DE","00+",2022-03-23,2022-03-22,"-1 day ahead inc hosp","quantile",0.25,10748,"COVID-19"
"DE","00+",2022-03-23,2022-03-22,"-1 day ahead inc hosp","quantile",0.5,11477,"COVID-19"
"DE","00+",2022-03-23,2022-03-22,"-1 day ahead inc hosp","quantile",0.75,12297,"COVID-19"
"DE","00+",2022-03-23,2022-03-22,"-1 day ahead inc hosp","quantile",0.9,13117,"COVID-19"
"DE","00+",2022-03-23,2022-03-22,"-1 day ahead inc hosp","quantile",0.975,14129,"COVID-19"
"DE","00+",2022-03-23,2022-03-21,"-2 day ahead inc hosp","mean",NA,11462,"COVID-19"
"DE","00+",2022-03-23,2022-03-21,"-2 day ahead inc hosp","quantile",0.025,9870,"COVID-19"
"DE","00+",2022-03-23,2022-03-21,"-2 day ahead inc hosp","quantile",0.1,10328,"COVID-19"
"DE","00+",2022-03-23,2022-03-21,"-2 day ahead inc hosp","quantile",0.25,10795,"COVID-19"
"DE","00+",2022-03-23,2022-03-21,"-2 day ahead inc hosp","quantile",0.5,11381,"COVID-19"
"DE","00+",2022-03-23,2022-03-21,"-2 day ahead inc hosp","quantile",0.75,12041,"COVID-19"
"DE","00+",2022-03-23,2022-03-21,"-2 day ahead inc hosp","quantile",0.9,12701,"COVID-19"
"DE","00+",2022-03-23,2022-03-21,"-2 day ahead inc hosp","quantile",0.975,13514,"COVID-19"
"DE","00+",2022-03-23,2022-03-20,"-3 day ahead inc hosp","mean",NA,11553,"COVID-19"
"DE","00+",2022-03-23,2022-03-20,"-3 day ahead inc hosp","quantile",0.025,10070,"COVID-19"
"DE","00+",2022-03-23,2022-03-20,"-3 day ahead inc hosp","quantile",0.1,10499,"COVID-19"
"DE","00+",2022-03-23,2022-03-20,"-3 day ahead inc hosp","quantile",0.25,10935,"COVID-19"
"DE","00+",2022-03-23,2022-03-20,"-3 day ahead inc hosp","quantile",0.5,11480,"COVID-19"
"DE","00+",2022-03-23,2022-03-20,"-3 day ahead inc hosp","quantile",0.75,12091,"COVID-19"
"DE","00+",2022-03-23,2022-03-20,"-3 day ahead inc hosp","quantile",0.9,12700,"COVID-19"
"DE","00+",2022-03-23,2022-03-20,"-3 day ahead inc hosp","quantile",0.975,13449,"COVID-19"
"DE","00+",2022-03-23,2022-03-19,"-4 day ahead inc hosp","mean",NA,11745,"COVID-19"
"DE","00+",2022-03-23,2022-03-19,"-4 day ahead inc hosp","quantile",0.025,10339,"COVID-19"
"DE","00+",2022-03-23,2022-03-19,"-4 day ahead inc hosp","quantile",0.1,10747,"COVID-19"
"DE","00+",2022-03-23,2022-03-19,"-4 day ahead inc hosp","quantile",0.25,11160,"COVID-19"
"DE","00+",2022-03-23,2022-03-19,"-4 day ahead inc hosp","quantile",0.5,11676,"COVID-19"
"DE","00+",2022-03-23,2022-03-19,"-4 day ahead inc hosp","quantile",0.75,12254,"COVID-19"
"DE","00+",2022-03-23,2022-03-19,"-4 day ahead inc hosp","quantile",0.9,12830,"COVID-19"
"DE","00+",2022-03-23,2022-03-19,"-4 day ahead inc hosp","quantile",0.975,13538,"COVID-19"
"DE","00+",2022-03-23,2022-03-18,"-5 day ahead inc hosp","mean",NA,11767,"COVID-19"
"DE","00+",2022-03-23,2022-03-18,"-5 day ahead inc hosp","quantile",0.025,10503,"COVID-19"
"DE","00+",2022-03-23,2022-03-18,"-5 day ahead inc hosp","quantile",0.1,10870,"COVID-19"
"DE","00+",2022-03-23,2022-03-18,"-5 day ahead inc hosp","quantile",0.25,11241,"COVID-19"
"DE","00+",2022-03-23,2022-03-18,"-5 day ahead inc hosp","quantile",0.5,11705,"COVID-19"
"DE","00+",2022-03-23,2022-03-18,"-5 day ahead inc hosp","quantile",0.75,12225,"COVID-19"
"DE","00+",2022-03-23,2022-03-18,"-5 day ahead inc hosp","quantile",0.9,12743,"COVID-19"
"DE","00+",2022-03-23,2022-03-18,"-5 day ahead inc hosp","quantile",0.975,13380,"COVID-19"
"DE","00+",2022-03-23,2022-03-17,"-6 day ahead inc hosp","mean",NA,11681,"COVID-19"
"DE","00+",2022-03-23,2022-03-17,"-6 day ahead inc hosp","quantile",0.025,10561,"COVID-19"
"DE","00+",2022-03-23,2022-03-17,"-6 day ahead inc hosp","quantile",0.1,10886,"COVID-19"
"DE","00+",2022-03-23,2022-03-17,"-6 day ahead inc hosp","quantile",0.25,11215,"COVID-19"
"DE","00+",2022-03-23,2022-03-17,"-6 day ahead inc hosp","quantile",0.5,11626,"COVID-19"
"DE","00+",2022-03-23,2022-03-17,"-6 day ahead inc hosp","quantile",0.75,12088,"COVID-19"
"DE","00+",2022-03-23,2022-03-17,"-6 day ahead inc hosp","quantile",0.9,12547,"COVID-19"
"DE","00+",2022-03-23,2022-03-17,"-6 day ahead inc hosp","quantile",0.975,13113,"COVID-19"
"DE","00+",2022-03-23,2022-03-16,"-7 day ahead inc hosp","mean",NA,11525,"COVID-19"
"DE","00+",2022-03-23,2022-03-16,"-7 day ahead inc hosp","quantile",0.025,10523,"COVID-19"
"DE","00+",2022-03-23,2022-03-16,"-7 day ahead inc hosp","quantile",0.1,10811,"COVID-19"
"DE","00+",2022-03-23,2022-03-16,"-7 day ahead inc hosp","quantile",0.25,11105,"COVID-19"
"DE","00+",2022-03-23,2022-03-16,"-7 day ahead inc hosp","quantile",0.5,11474,"COVID-19"
"DE","00+",2022-03-23,2022-03-16,"-7 day ahead inc hosp","quantile",0.75,11890,"COVID-19"
"DE","00+",2022-03-23,2022-03-16,"-7 day ahead inc hosp","quantile",0.9,12305,"COVID-19"
"DE","00+",2022-03-23,2022-03-16,"-7 day ahead inc hosp","quantile",0.975,12818,"COVID-19"
"DE","00+",2022-03-23,2022-03-15,"-8 day ahead inc hosp","mean",NA,11323,"COVID-19"
"DE","00+",2022-03-23,2022-03-15,"-8 day ahead inc hosp","quantile",0.025,10434,"COVID-19"
"DE","00+",2022-03-23,2022-03-15,"-8 day ahead inc hosp","quantile",0.1,10687,"COVID-19"
"DE","00+",2022-03-23,2022-03-15,"-8 day ahead inc hosp","quantile",0.25,10948,"COVID-19"
"DE","00+",2022-03-23,2022-03-15,"-8 day ahead inc hosp","quantile",0.5,11276,"COVID-19"
"DE","00+",2022-03-23,2022-03-15,"-8 day ahead inc hosp","quantile",0.75,11647,"COVID-19"
"DE","00+",2022-03-23,2022-03-15,"-8 day ahead inc hosp","quantile",0.9,12020,"COVID-19"
"DE","00+",2022-03-23,2022-03-15,"-8 day ahead inc hosp","quantile",0.975,12482,"COVID-19"
"DE","00+",2022-03-23,2022-03-14,"-9 day ahead inc hosp","mean",NA,10770,"COVID-19"
"DE","00+",2022-03-23,2022-03-14,"-9 day ahead inc hosp","quantile",0.025,10011,"COVID-19"
"DE","00+",2022-03-23,2022-03-14,"-9 day ahead inc hosp","quantile",0.1,10225,"COVID-19"
"DE","00+",2022-03-23,2022-03-14,"-9 day ahead inc hosp","quantile",0.25,10447,"COVID-19"
"DE","00+",2022-03-23,2022-03-14,"-9 day ahead inc hosp","quantile",0.5,10728,"COVID-19"
"DE","00+",2022-03-23,2022-03-14,"-9 day ahead inc hosp","quantile",0.75,11047,"COVID-19"
"DE","00+",2022-03-23,2022-03-14,"-9 day ahead inc hosp","quantile",0.9,11369,"COVID-19"
"DE","00+",2022-03-23,2022-03-14,"-9 day ahead inc hosp","quantile",0.975,11768,"COVID-19"
"DE","00+",2022-03-23,2022-03-13,"-10 day ahead inc hosp","mean",NA,10664,"COVID-19"
"DE","00+",2022-03-23,2022-03-13,"-10 day ahead inc hosp","quantile",0.025,9921,"COVID-19"
"DE","00+",2022-03-23,2022-03-13,"-10 day ahead inc hosp","quantile",0.1,10129,"COVID-19"
"DE","00+",2022-03-23,2022-03-13,"-10 day ahead inc hosp","quantile",0.25,10345,"COVID-19"
"DE","00+",2022-03-23,2022-03-13,"-10 day ahead inc hosp","quantile",0.5,10621,"COVID-19"
"DE","00+",2022-03-23,2022-03-13,"-10 day ahead inc hosp","quantile",0.75,10936,"COVID-19"
"DE","00+",2022-03-23,2022-03-13,"-10 day ahead inc hosp","quantile",0.9,11255,"COVID-19"
"DE","00+",2022-03-23,2022-03-13,"-10 day ahead inc hosp","quantile",0.975,11652,"COVID-19"
"DE","00+",2022-03-23,2022-03-12,"-11 day ahead inc hosp","mean",NA,10526,"COVID-19"
"DE","00+",2022-03-23,2022-03-12,"-11 day ahead inc hosp","quantile",0.025,9811,"COVID-19"
"DE","00+",2022-03-23,2022-03-12,"-11 day ahead inc hosp","quantile",0.1,10009,"COVID-19"
"DE","00+",2022-03-23,2022-03-12,"-11 day ahead inc hosp","quantile",0.25,10216,"COVID-19"
"DE","00+",2022-03-23,2022-03-12,"-11 day ahead inc hosp","quantile",0.5,10482,"COVID-19"
"DE","00+",2022-03-23,2022-03-12,"-11 day ahead inc hosp","quantile",0.75,10788,"COVID-19"
"DE","00+",2022-03-23,2022-03-12,"-11 day ahead inc hosp","quantile",0.9,11099,"COVID-19"
"DE","00+",2022-03-23,2022-03-12,"-11 day ahead inc hosp","quantile",0.975,11488,"COVID-19"
"DE","00+",2022-03-23,2022-03-11,"-12 day ahead inc hosp","mean",NA,10288,"COVID-19"
"DE","00+",2022-03-23,2022-03-11,"-12 day ahead inc hosp","quantile",0.025,9634,"COVID-19"
"DE","00+",2022-03-23,2022-03-11,"-12 day ahead inc hosp","quantile",0.1,9813,"COVID-19"
"DE","00+",2022-03-23,2022-03-11,"-12 day ahead inc hosp","quantile",0.25,10003,"COVID-19"
"DE","00+",2022-03-23,2022-03-11,"-12 day ahead inc hosp","quantile",0.5,10247,"COVID-19"
"DE","00+",2022-03-23,2022-03-11,"-12 day ahead inc hosp","quantile",0.75,10528,"COVID-19"
"DE","00+",2022-03-23,2022-03-11,"-12 day ahead inc hosp","quantile",0.9,10816,"COVID-19"
"DE","00+",2022-03-23,2022-03-11,"-12 day ahead inc hosp","quantile",0.975,11177,"COVID-19"
"DE","00+",2022-03-23,2022-03-10,"-13 day ahead inc hosp","mean",NA,10024,"COVID-19"
"DE","00+",2022-03-23,2022-03-10,"-13 day ahead inc hosp","quantile",0.025,9426,"COVID-19"
"DE","00+",2022-03-23,2022-03-10,"-13 day ahead inc hosp","quantile",0.1,9588,"COVID-19"
"DE","00+",2022-03-23,2022-03-10,"-13 day ahead inc hosp","quantile",0.25,9760,"COVID-19"
"DE","00+",2022-03-23,2022-03-10,"-13 day ahead inc hosp","quantile",0.5,9984,"COVID-19"
"DE","00+",2022-03-23,2022-03-10,"-13 day ahead inc hosp","quantile",0.75,10244,"COVID-19"
"DE","00+",2022-03-23,2022-03-10,"-13 day ahead inc hosp","quantile",0.9,10511,"COVID-19"
"DE","00+",2022-03-23,2022-03-10,"-13 day ahead inc hosp","quantile",0.975,10848,"COVID-19"
"DE","00+",2022-03-23,2022-03-09,"-14 day ahead inc hosp","mean",NA,9808,"COVID-19"
"DE","00+",2022-03-23,2022-03-09,"-14 day ahead inc hosp","quantile",0.025,9270,"COVID-19"
"DE","00+",2022-03-23,2022-03-09,"-14 day ahead inc hosp","quantile",0.1,9414,"COVID-19"
"DE","00+",2022-03-23,2022-03-09,"-14 day ahead inc hosp","quantile",0.25,9569,"COVID-19"
"DE","00+",2022-03-23,2022-03-09,"-14 day ahead inc hosp","quantile",0.5,9771,"COVID-19"
"DE","00+",2022-03-23,2022-03-09,"-14 day ahead inc hosp","quantile",0.75,10007,"COVID-19"
"DE","00+",2022-03-23,2022-03-09,"-14 day ahead inc hosp","quantile",0.9,10250,"COVID-19"
"DE","00+",2022-03-23,2022-03-09,"-14 day ahead inc hosp","quantile",0.975,10558,"COVID-19"
"DE","00+",2022-03-23,2022-03-08,"-15 day ahead inc hosp","mean",NA,9436,"COVID-19"
"DE","00+",2022-03-23,2022-03-08,"-15 day ahead inc hosp","quantile",0.025,8968,"COVID-19"
"DE","00+",2022-03-23,2022-03-08,"-15 day ahead inc hosp","quantile",0.1,9093,"COVID-19"
"DE","00+",2022-03-23,2022-03-08,"-15 day ahead inc hosp","quantile",0.25,9227,"COVID-19"
"DE","00+",2022-03-23,2022-03-08,"-15 day ahead inc hosp","quantile",0.5,9404,"COVID-19"
"DE","00+",2022-03-23,2022-03-08,"-15 day ahead inc hosp","quantile",0.75,9610,"COVID-19"
"DE","00+",2022-03-23,2022-03-08,"-15 day ahead inc hosp","quantile",0.9,9822,"COVID-19"
"DE","00+",2022-03-23,2022-03-08,"-15 day ahead inc hosp","quantile",0.975,10092,"COVID-19"
"DE","00+",2022-03-23,2022-03-07,"-16 day ahead inc hosp","mean",NA,9244,"COVID-19"
"DE","00+",2022-03-23,2022-03-07,"-16 day ahead inc hosp","quantile",0.025,8825,"COVID-19"
"DE","00+",2022-03-23,2022-03-07,"-16 day ahead inc hosp","quantile",0.1,8936,"COVID-19"
"DE","00+",2022-03-23,2022-03-07,"-16 day ahead inc hosp","quantile",0.25,9056,"COVID-19"
"DE","00+",2022-03-23,2022-03-07,"-16 day ahead inc hosp","quantile",0.5,9214,"COVID-19"
"DE","00+",2022-03-23,2022-03-07,"-16 day ahead inc hosp","quantile",0.75,9399,"COVID-19"
"DE","00+",2022-03-23,2022-03-07,"-16 day ahead inc hosp","quantile",0.9,9591,"COVID-19"
"DE","00+",2022-03-23,2022-03-07,"-16 day ahead inc hosp","quantile",0.975,9834,"COVID-19"
"DE","00+",2022-03-23,2022-03-06,"-17 day ahead inc hosp","mean",NA,9182,"COVID-19"
"DE","00+",2022-03-23,2022-03-06,"-17 day ahead inc hosp","quantile",0.025,8777,"COVID-19"
"DE","00+",2022-03-23,2022-03-06,"-17 day ahead inc hosp","quantile",0.1,8884,"COVID-19"
"DE","00+",2022-03-23,2022-03-06,"-17 day ahead inc hosp","quantile",0.25,9000,"COVID-19"
"DE","00+",2022-03-23,2022-03-06,"-17 day ahead inc hosp","quantile",0.5,9152,"COVID-19"
"DE","00+",2022-03-23,2022-03-06,"-17 day ahead inc hosp","quantile",0.75,9332,"COVID-19"
"DE","00+",2022-03-23,2022-03-06,"-17 day ahead inc hosp","quantile",0.9,9518,"COVID-19"
"DE","00+",2022-03-23,2022-03-06,"-17 day ahead inc hosp","quantile",0.975,9754,"COVID-19"
"DE","00+",2022-03-23,2022-03-05,"-18 day ahead inc hosp","mean",NA,9231,"COVID-19"
"DE","00+",2022-03-23,2022-03-05,"-18 day ahead inc hosp","quantile",0.025,8841,"COVID-19"
"DE","00+",2022-03-23,2022-03-05,"-18 day ahead inc hosp","quantile",0.1,8944,"COVID-19"
"DE","00+",2022-03-23,2022-03-05,"-18 day ahead inc hosp","quantile",0.25,9055,"COVID-19"
"DE","00+",2022-03-23,2022-03-05,"-18 day ahead inc hosp","quantile",0.5,9202,"COVID-19"
"DE","00+",2022-03-23,2022-03-05,"-18 day ahead inc hosp","quantile",0.75,9376,"COVID-19"
"DE","00+",2022-03-23,2022-03-05,"-18 day ahead inc hosp","quantile",0.9,9555,"COVID-19"
"DE","00+",2022-03-23,2022-03-05,"-18 day ahead inc hosp","quantile",0.975,9783,"COVID-19"
"DE","00+",2022-03-23,2022-03-04,"-19 day ahead inc hosp","mean",NA,9219,"COVID-19"
"DE","00+",2022-03-23,2022-03-04,"-19 day ahead inc hosp","quantile",0.025,8855,"COVID-19"
"DE","00+",2022-03-23,2022-03-04,"-19 day ahead inc hosp","quantile",0.1,8950,"COVID-19"
"DE","00+",2022-03-23,2022-03-04,"-19 day ahead inc hosp","quantile",0.25,9054,"COVID-19"
"DE","00+",2022-03-23,2022-03-04,"-19 day ahead inc hosp","quantile",0.5,9192,"COVID-19"
"DE","00+",2022-03-23,2022-03-04,"-19 day ahead inc hosp","quantile",0.75,9354,"COVID-19"
"DE","00+",2022-03-23,2022-03-04,"-19 day ahead inc hosp","quantile",0.9,9523,"COVID-19"
"DE","00+",2022-03-23,2022-03-04,"-19 day ahead inc hosp","quantile",0.975,9739,"COVID-19"
"DE","00+",2022-03-23,2022-03-03,"-20 day ahead inc hosp","mean",NA,9223,"COVID-19"
"DE","00+",2022-03-23,2022-03-03,"-20 day ahead inc hosp","quantile",0.025,8882,"COVID-19"
"DE","00+",2022-03-23,2022-03-03,"-20 day ahead inc hosp","quantile",0.1,8970,"COVID-19"
"DE","00+",2022-03-23,2022-03-03,"-20 day ahead inc hosp","quantile",0.25,9067,"COVID-19"
"DE","00+",2022-03-23,2022-03-03,"-20 day ahead inc hosp","quantile",0.5,9196,"COVID-19"
"DE","00+",2022-03-23,2022-03-03,"-20 day ahead inc hosp","quantile",0.75,9349,"COVID-19"
"DE","00+",2022-03-23,2022-03-03,"-20 day ahead inc hosp","quantile",0.9,9509,"COVID-19"
"DE","00+",2022-03-23,2022-03-03,"-20 day ahead inc hosp","quantile",0.975,9715,"COVID-19"
"DE","00+",2022-03-23,2022-03-02,"-21 day ahead inc hosp","mean",NA,9245,"COVID-19"
"DE","00+",2022-03-23,2022-03-02,"-21 day ahead inc hosp","quantile",0.025,8927,"COVID-19"
"DE","00+",2022-03-23,2022-03-02,"-21 day ahead inc hosp","quantile",0.1,9007,"COVID-19"
"DE","00+",2022-03-23,2022-03-02,"-21 day ahead inc hosp","quantile",0.25,9097,"COVID-19"
"DE","00+",2022-03-23,2022-03-02,"-21 day ahead inc hosp","quantile",0.5,9218,"COVID-19"
"DE","00+",2022-03-23,2022-03-02,"-21 day ahead inc hosp","quantile",0.75,9364,"COVID-19"
"DE","00+",2022-03-23,2022-03-02,"-21 day ahead inc hosp","quantile",0.9,9516,"COVID-19"
"DE","00+",2022-03-23,2022-03-02,"-21 day ahead inc hosp","quantile",0.975,9713,"COVID-19"
"DE","00+",2022-03-23,2022-03-01,"-22 day ahead inc hosp","mean",NA,9379,"COVID-19"
"DE","00+",2022-03-23,2022-03-01,"-22 day ahead inc hosp","quantile",0.025,9080,"COVID-19"
"DE","00+",2022-03-23,2022-03-01,"-22 day ahead inc hosp","quantile",0.1,9154,"COVID-19"
"DE","00+",2022-03-23,2022-03-01,"-22 day ahead inc hosp","quantile",0.25,9238,"COVID-19"
"DE","00+",2022-03-23,2022-03-01,"-22 day ahead inc hosp","quantile",0.5,9353,"COVID-19"
"DE","00+",2022-03-23,2022-03-01,"-22 day ahead inc hosp","quantile",0.75,9491,"COVID-19"
"DE","00+",2022-03-23,2022-03-01,"-22 day ahead inc hosp","quantile",0.9,9638,"COVID-19"
"DE","00+",2022-03-23,2022-03-01,"-22 day ahead inc hosp","quantile",0.975,9827,"COVID-19"
"DE","00+",2022-03-23,2022-02-28,"-23 day ahead inc hosp","mean",NA,9584,"COVID-19"
"DE","00+",2022-03-23,2022-02-28,"-23 day ahead inc hosp","quantile",0.025,9300,"COVID-19"
"DE","00+",2022-03-23,2022-02-28,"-23 day ahead inc hosp","quantile",0.1,9370,"COVID-19"
"DE","00+",2022-03-23,2022-02-28,"-23 day ahead inc hosp","quantile",0.25,9449,"COVID-19"
"DE","00+",2022-03-23,2022-02-28,"-23 day ahead inc hosp","quantile",0.5,9558,"COVID-19"
"DE","00+",2022-03-23,2022-02-28,"-23 day ahead inc hosp","quantile",0.75,9691,"COVID-19"
"DE","00+",2022-03-23,2022-02-28,"-23 day ahead inc hosp","quantile",0.9,9831,"COVID-19"
"DE","00+",2022-03-23,2022-02-28,"-23 day ahead inc hosp","quantile",0.975,10014,"COVID-19"
"DE","00+",2022-03-23,2022-02-27,"-24 day ahead inc hosp","mean",NA,9689,"COVID-19"
"DE","00+",2022-03-23,2022-02-27,"-24 day ahead inc hosp","quantile",0.025,9407,"COVID-19"
"DE","00+",2022-03-23,2022-02-27,"-24 day ahead inc hosp","quantile",0.1,9476,"COVID-19"
"DE","00+",2022-03-23,2022-02-27,"-24 day ahead inc hosp","quantile",0.25,9554,"COVID-19"
"DE","00+",2022-03-23,2022-02-27,"-24 day ahead inc hosp","quantile",0.5,9663,"COVID-19"
"DE","00+",2022-03-23,2022-02-27,"-24 day ahead inc hosp","quantile",0.75,9795,"COVID-19"
"DE","00+",2022-03-23,2022-02-27,"-24 day ahead inc hosp","quantile",0.9,9937,"COVID-19"
"DE","00+",2022-03-23,2022-02-27,"-24 day ahead inc hosp","quantile",0.975,10121,"COVID-19"
"DE","00+",2022-03-23,2022-02-26,"-25 day ahead inc hosp","mean",NA,9707,"COVID-19"
"DE","00+",2022-03-23,2022-02-26,"-25 day ahead inc hosp","quantile",0.025,9434,"COVID-19"
"DE","00+",2022-03-23,2022-02-26,"-25 day ahead inc hosp","quantile",0.1,9500,"COVID-19"
"DE","00+",2022-03-23,2022-02-26,"-25 day ahead inc hosp","quantile",0.25,9575,"COVID-19"
"DE","00+",2022-03-23,2022-02-26,"-25 day ahead inc hosp","quantile",0.5,9681,"COVID-19"
"DE","00+",2022-03-23,2022-02-26,"-25 day ahead inc hosp","quantile",0.75,9810,"COVID-19"
"DE","00+",2022-03-23,2022-02-26,"-25 day ahead inc hosp","quantile",0.9,9949,"COVID-19"
"DE","00+",2022-03-23,2022-02-26,"-25 day ahead inc hosp","quantile",0.975,10131,"COVID-19"
"DE","00+",2022-03-23,2022-02-25,"-26 day ahead inc hosp","mean",NA,9772,"COVID-19"
"DE","00+",2022-03-23,2022-02-25,"-26 day ahead inc hosp","quantile",0.025,9516,"COVID-19"
"DE","00+",2022-03-23,2022-02-25,"-26 day ahead inc hosp","quantile",0.1,9577,"COVID-19"
"DE","00+",2022-03-23,2022-02-25,"-26 day ahead inc hosp","quantile",0.25,9648,"COVID-19"
"DE","00+",2022-03-23,2022-02-25,"-26 day ahead inc hosp","quantile",0.5,9747,"COVID-19"
"DE","00+",2022-03-23,2022-02-25,"-26 day ahead inc hosp","quantile",0.75,9868,"COVID-19"
"DE","00+",2022-03-23,2022-02-25,"-26 day ahead inc hosp","quantile",0.9,9999,"COVID-19"
"DE","00+",2022-03-23,2022-02-25,"-26 day ahead inc hosp","quantile",0.975,10170,"COVID-19"
"DE","00+",2022-03-23,2022-02-24,"-27 day ahead inc hosp","mean",NA,9888,"COVID-19"
"DE","00+",2022-03-23,2022-02-24,"-27 day ahead inc hosp","quantile",0.025,9651,"COVID-19"
"DE","00+",2022-03-23,2022-02-24,"-27 day ahead inc hosp","quantile",0.1,9707,"COVID-19"
"DE","00+",2022-03-23,2022-02-24,"-27 day ahead inc hosp","quantile",0.25,9773,"COVID-19"
"DE","00+",2022-03-23,2022-02-24,"-27 day ahead inc hosp","quantile",0.5,9865,"COVID-19"
"DE","00+",2022-03-23,2022-02-24,"-27 day ahead inc hosp","quantile",0.75,9978,"COVID-19"
"DE","00+",2022-03-23,2022-02-24,"-27 day ahead inc hosp","quantile",0.9,10099,"COVID-19"
"DE","00+",2022-03-23,2022-02-24,"-27 day ahead inc hosp","quantile",0.975,10259,"COVID-19"
"DE","00+",2022-03-23,2022-02-23,"-28 day ahead inc hosp","mean",NA,9951,"COVID-19"
"DE","00+",2022-03-23,2022-02-23,"-28 day ahead inc hosp","quantile",0.025,9732,"COVID-19"
"DE","00+",2022-03-23,2022-02-23,"-28 day ahead inc hosp","quantile",0.1,9784,"COVID-19"
"DE","00+",2022-03-23,2022-02-23,"-28 day ahead inc hosp","quantile",0.25,9844,"COVID-19"
"DE","00+",2022-03-23,2022-02-23,"-28 day ahead inc hosp","quantile",0.5,9929,"COVID-19"
"DE","00+",2022-03-23,2022-02-23,"-28 day ahead inc hosp","quantile",0.75,10034,"COVID-19"
"DE","00+",2022-03-23,2022-02-23,"-28 day ahead inc hosp","quantile",0.9,10147,"COVID-19"
"DE","00+",2022-03-23,2022-02-23,"-28 day ahead inc hosp","quantile",0.975,10295,"COVID-19"
"DE","00-04",2022-03-23,2022-03-23,"0 day ahead inc hosp","mean",NA,430,"COVID-19"
"DE","00-04",2022-03-23,2022-03-23,"0 day ahead inc hosp","quantile",0.025,332,"COVID-19"
"DE","00-04",2022-03-23,2022-03-23,"0 day ahead inc hosp","quantile",0.1,358,"COVID-19"
"DE","00-04",2022-03-23,2022-03-23,"0 day ahead inc hosp","quantile",0.25,387,"COVID-19"
"DE","00-04",2022-03-23,2022-03-23,"0 day ahead inc hosp","quantile",0.5,423,"COVID-19"
"DE","00-04",2022-03-23,2022-03-23,"0 day ahead inc hosp","quantile",0.75,466,"COVID-19"
"DE","00-04",2022-03-23,2022-03-23,"0 day ahead inc hosp","quantile",0.9,509,"COVID-19"
"DE","00-04",2022-03-23,2022-03-23,"0 day ahead inc hosp","quantile",0.975,564,"COVID-19"
"DE","00-04",2022-03-23,2022-03-22,"-1 day ahead inc hosp","mean",NA,424,"COVID-19"
"DE","00-04",2022-03-23,2022-03-22,"-1 day ahead inc hosp","quantile",0.025,350,"COVID-19"
"DE","00-04",2022-03-23,2022-03-22,"-1 day ahead inc hosp","quantile",0.1,369,"COVID-19"
"DE","00-04",2022-03-23,2022-03-22,"-1 day ahead inc hosp","quantile",0.25,391,"COVID-19"
"DE","00-04",2022-03-23,2022-03-22,"-1 day ahead inc hosp","quantile",0.5,418,"COVID-19"
"DE","00-04",2022-03-23,2022-03-22,"-1 day ahead inc hosp","quantile",0.75,451,"COVID-19"
"DE","00-04",2022-03-23,2022-03-22,"-1 day ahead inc hosp","quantile",0.9,485,"COVID-19"
"DE","00-04",2022-03-23,2022-03-22,"-1 day ahead inc hosp","quantile",0.975,528,"COVID-19"
"DE","00-04",2022-03-23,2022-03-21,"-2 day ahead inc hosp","mean",NA,448,"COVID-19"
"DE","00-04",2022-03-23,2022-03-21,"-2 day ahead inc hosp","quantile",0.025,389,"COVID-19"
"DE","00-04",2022-03-23,2022-03-21,"-2 day ahead inc hosp","quantile",0.1,404,"COVID-19"
"DE","00-04",2022-03-23,2022-03-21,"-2 day ahead inc hosp","quantile",0.25,421,"COVID-19"
"DE","00-04",2022-03-23,2022-03-21,"-2 day ahead inc hosp","quantile",0.5,444,"COVID-19"
"DE","00-04",2022-03-23,2022-03-21,"-2 day ahead inc hosp","quantile",0.75,470,"COVID-19"
"DE","00-04",2022-03-23,2022-03-21,"-2 day ahead inc hosp","quantile",0.9,498,"COVID-19"
"DE","00-04",2022-03-23,2022-03-21,"-2 day ahead inc hosp","quantile",0.975,533,"COVID-19"
"DE","00-04",2022-03-23,2022-03-20,"-3 day ahead inc hosp","mean",NA,450,"COVID-19"
"DE","00-04",2022-03-23,2022-03-20,"-3 day ahead inc hosp","quantile",0.025,393,"COVID-19"
"DE","00-04",2022-03-23,2022-03-20,"-3 day ahead inc hosp","quantile",0.1,408,"COVID-19"
"DE","00-04",2022-03-23,2022-03-20,"-3 day ahead inc hosp","quantile",0.25,424,"COVID-19"
"DE","00-04",2022-03-23,2022-03-20,"-3 day ahead inc hosp","quantile",0.5,445,"COVID-19"
"DE","00-04",2022-03-23,2022-03-20,"-3 day ahead inc hosp","quantile",0.75,471,"COVID-19"
"DE","00-04",2022-03-23,2022-03-20,"-3 day ahead inc hosp","quantile",0.9,498,"COVID-19"
"DE","00-04",2022-03-23,2022-03-20,"-3 day ahead inc hosp","quantile",0.975,532,"COVID-19"
"DE","00-04",2022-03-23,2022-03-19,"-4 day ahead inc hosp","mean",NA,468,"COVID-19"
"DE","00-04",2022-03-23,2022-03-19,"-4 day ahead inc hosp","quantile",0.025,413,"COVID-19"
"DE","00-04",2022-03-23,2022-03-19,"-4 day ahead inc hosp","quantile",0.1,427,"COVID-19"
"DE","00-04",2022-03-23,2022-03-19,"-4 day ahead inc hosp","quantile",0.25,442,"COVID-19"
"DE","00-04",2022-03-23,2022-03-19,"-4 day ahead inc hosp","quantile",0.5,464,"COVID-19"
"DE","00-04",2022-03-23,2022-03-19,"-4 day ahead inc hosp","quantile",0.75,489,"COVID-19"
"DE","00-04",2022-03-23,2022-03-19,"-4 day ahead inc hosp","quantile",0.9,517,"COVID-19"
"DE","00-04",2022-03-23,2022-03-19,"-4 day ahead inc hosp","quantile",0.975,552,"COVID-19"
"DE","00-04",2022-03-23,2022-03-18,"-5 day ahead inc hosp","mean",NA,476,"COVID-19"
"DE","00-04",2022-03-23,2022-03-18,"-5 day ahead inc hosp","quantile",0.025,424,"COVID-19"
"DE","00-04",2022-03-23,2022-03-18,"-5 day ahead inc hosp","quantile",0.1,437,"COVID-19"
"DE","00-04",2022-03-23,2022-03-18,"-5 day ahead inc hosp","quantile",0.25,451,"COVID-19"
"DE","00-04",2022-03-23,2022-03-18,"-5 day ahead inc hosp","quantile",0.5,471,"COVID-19"
"DE","00-04",2022-03-23,2022-03-18,"-5 day ahead inc hosp","quantile",0.75,496,"COVID-19"
"DE","00-04",2022-03-23,2022-03-18,"-5 day ahead inc hosp","quantile",0.9,521,"COVID-19"
"DE","00-04",2022-03-23,2022-03-18,"-5 day ahead inc hosp","quantile",0.975,555,"COVID-19"
"DE","00-04",2022-03-23,2022-03-17,"-6 day ahead inc hosp","mean",NA,476,"COVID-19"
"DE","00-04",2022-03-23,2022-03-17,"-6 day ahead inc hosp","quantile",0.025,429,"COVID-19"
"DE","00-04",2022-03-23,2022-03-17,"-6 day ahead inc hosp","quantile",0.1,441,"COVID-19"
"DE","00-04",2022-03-23,2022-03-17,"-6 day ahead inc hosp","quantile",0.25,454,"COVID-19"
"DE","00-04",2022-03-23,2022-03-17,"-6 day ahead inc hosp","quantile",0.5,472,"COVID-19"
"DE","00-04",2022-03-23,2022-03-17,"-6 day ahead inc hosp","quantile",0.75,494,"COVID-19"
"DE","00-04",2022-03-23,2022-03-17,"-6 day ahead inc hosp","quantile",0.9,518,"COVID-19"
"DE","00-04",2022-03-23,2022-03-17,"-6 day ahead inc hosp","quantile",0.975,548,"COVID-19"
"DE","00-04",2022-03-23,2022-03-16,"-7 day ahead inc hosp","mean",NA,478,"COVID-19"
"DE","00-04",2022-03-23,2022-03-16,"-7 day ahead inc hosp","quantile",0.025,435,"COVID-19"
"DE","00-04",2022-03-23,2022-03-16,"-7 day ahead inc hosp","quantile",0.1,445,"COVID-19"
"DE","00-04",2022-03-23,2022-03-16,"-7 day ahead inc hosp","quantile",0.25,457,"COVID-19"
"DE","00-04",2022-03-23,2022-03-16,"-7 day ahead inc hosp","quantile",0.5,474,"COVID-19"
"DE","00-04",2022-03-23,2022-03-16,"-7 day ahead inc hosp","quantile",0.75,495,"COVID-19"
"DE","00-04",2022-03-23,2022-03-16,"-7 day ahead inc hosp","quantile",0.9,517,"COVID-19"
"DE","00-04",2022-03-23,2022-03-16,"-7 day ahead inc hosp","quantile",0.975,546,"COVID-19"
"DE","00-04",2022-03-23,2022-03-15,"-8 day ahead inc hosp","mean",NA,472,"COVID-19"
"DE","00-04",2022-03-23,2022-03-15,"-8 day ahead inc hosp","quantile",0.025,433,"COVID-19"
"DE","00-04",2022-03-23,2022-03-15,"-8 day ahead inc hosp","quantile",0.1,442,"COVID-19"
"DE","00-04",2022-03-23,2022-03-15,"-8 day ahead inc hosp","quantile",0.25,452,"COVID-19"
"DE","00-04",2022-03-23,2022-03-15,"-8 day ahead inc hosp","quantile",0.5,468,"COVID-19"
"DE","00-04",2022-03-23,2022-03-15,"-8 day ahead inc hosp","quantile",0.75,487,"COVID-19"
"DE","00-04",2022-03-23,2022-03-15,"-8 day ahead inc hosp","quantile",0.9,508,"COVID-19"
"DE","00-04",2022-03-23,2022-03-15,"-8 day ahead inc hosp","quantile",0.975,535,"COVID-19"
"DE","00-04",2022-03-23,2022-03-14,"-9 day ahead inc hosp","mean",NA,437,"COVID-19"
"DE","00-04",2022-03-23,2022-03-14,"-9 day ahead inc hosp","quantile",0.025,405,"COVID-19"
"DE","00-04",2022-03-23,2022-03-14,"-9 day ahead inc hosp","quantile",0.1,412,"COVID-19"
"DE","00-04",2022-03-23,2022-03-14,"-9 day ahead inc hosp","quantile",0.25,420,"COVID-19"
"DE","00-04",2022-03-23,2022-03-14,"-9 day ahead inc hosp","quantile",0.5,433,"COVID-19"
"DE","00-04",2022-03-23,2022-03-14,"-9 day ahead inc hosp","quantile",0.75,449,"COVID-19"
"DE","00-04",2022-03-23,2022-03-14,"-9 day ahead inc hosp","quantile",0.9,467,"COVID-19"
"DE","00-04",2022-03-23,2022-03-14,"-9 day ahead inc hosp","quantile",0.975,490,"COVID-19"
"DE","00-04",2022-03-23,2022-03-13,"-10 day ahead inc hosp","mean",NA,441,"COVID-19"
"DE","00-04",2022-03-23,2022-03-13,"-10 day ahead inc hosp","quantile",0.025,409,"COVID-19"
"DE","00-04",2022-03-23,2022-03-13,"-10 day ahead inc hosp","quantile",0.1,416,"COVID-19"
"DE","00-04",2022-03-23,2022-03-13,"-10 day ahead inc hosp","quantile",0.25,425,"COVID-19"
"DE","00-04",2022-03-23,2022-03-13,"-10 day ahead inc hosp","quantile",0.5,437,"COVID-19"
"DE","00-04",2022-03-23,2022-03-13,"-10 day ahead inc hosp","quantile",0.75,453,"COVID-19"
"DE","00-04",2022-03-23,2022-03-13,"-10 day ahead inc hosp","quantile",0.9,471,"COVID-19"
"DE","00-04",2022-03-23,2022-03-13,"-10 day ahead inc hosp","quantile",0.975,495,"COVID-19"
"DE","00-04",2022-03-23,2022-03-12,"-11 day ahead inc hosp","mean",NA,415,"COVID-19"
"DE","00-04",2022-03-23,2022-03-12,"-11 day ahead inc hosp","quantile",0.025,386,"COVID-19"
"DE","00-04",2022-03-23,2022-03-12,"-11 day ahead inc hosp","quantile",0.1,392,"COVID-19"
"DE","00-04",2022-03-23,2022-03-12,"-11 day ahead inc hosp","quantile",0.25,400,"COVID-19"
"DE","00-04",2022-03-23,2022-03-12,"-11 day ahead inc hosp","quantile",0.5,411,"COVID-19"
"DE","00-04",2022-03-23,2022-03-12,"-11 day ahead inc hosp","quantile",0.75,426,"COVID-19"
"DE","00-04",2022-03-23,2022-03-12,"-11 day ahead inc hosp","quantile",0.9,443,"COVID-19"
"DE","00-04",2022-03-23,2022-03-12,"-11 day ahead inc hosp","quantile",0.975,465,"COVID-19"
"DE","00-04",2022-03-23,2022-03-11,"-12 day ahead inc hosp","mean",NA,389,"COVID-19"
"DE","00-04",2022-03-23,2022-03-11,"-12 day ahead inc hosp","quantile",0.025,364,"COVID-19"
"DE","00-04",2022-03-23,2022-03-11,"-12 day ahead inc hosp","quantile",0.1,369,"COVID-19"
"DE","00-04",2022-03-23,2022-03-11,"-12 day ahead inc hosp","quantile",0.25,375,"COVID-19"
"DE","00-04",2022-03-23,2022-03-11,"-12 day ahead inc hosp","quantile",0.5,386,"COVID-19"
"DE","00-04",2022-03-23,2022-03-11,"-12 day ahead inc hosp","quantile",0.75,399,"COVID-19"
"DE","00-04",2022-03-23,2022-03-11,"-12 day ahead inc hosp","quantile",0.9,414,"COVID-19"
"DE","00-04",2022-03-23,2022-03-11,"-12 day ahead inc hosp","quantile",0.975,435,"COVID-19"
"DE","00-04",2022-03-23,2022-03-10,"-13 day ahead inc hosp","mean",NA,370,"COVID-19"
"DE","00-04",2022-03-23,2022-03-10,"-13 day ahead inc hosp","quantile",0.025,346,"COVID-19"
"DE","00-04",2022-03-23,2022-03-10,"-13 day ahead inc hosp","quantile",0.1,351,"COVID-19"
"DE","00-04",2022-03-23,2022-03-10,"-13 day ahead inc hosp","quantile",0.25,357,"COVID-19"
"DE","00-04",2022-03-23,2022-03-10,"-13 day ahead inc hosp","quantile",0.5,366,"COVID-19"
"DE","00-04",2022-03-23,2022-03-10,"-13 day ahead inc hosp","quantile",0.75,378,"COVID-19"
"DE","00-04",2022-03-23,2022-03-10,"-13 day ahead inc hosp","quantile",0.9,393,"COVID-19"
"DE","00-04",2022-03-23,2022-03-10,"-13 day ahead inc hosp","quantile",0.975,413,"COVID-19"
"DE","00-04",2022-03-23,2022-03-09,"-14 day ahead inc hosp","mean",NA,378,"COVID-19"
"DE","00-04",2022-03-23,2022-03-09,"-14 day ahead inc hosp","quantile",0.025,357,"COVID-19"
"DE","00-04",2022-03-23,2022-03-09,"-14 day ahead inc hosp","quantile",0.1,360,"COVID-19"
"DE","00-04",2022-03-23,2022-03-09,"-14 day ahead inc hosp","quantile",0.25,366,"COVID-19"
"DE","00-04",2022-03-23,2022-03-09,"-14 day ahead inc hosp","quantile",0.5,375,"COVID-19"
"DE","00-04",2022-03-23,2022-03-09,"-14 day ahead inc hosp","quantile",0.75,387,"COVID-19"
"DE","00-04",2022-03-23,2022-03-09,"-14 day ahead inc hosp","quantile",0.9,401,"COVID-19"
"DE","00-04",2022-03-23,2022-03-09,"-14 day ahead inc hosp","quantile",0.975,421,"COVID-19"
"DE","00-04",2022-03-23,2022-03-08,"-15 day ahead inc hosp","mean",NA,374,"COVID-19"
"DE","00-04",2022-03-23,2022-03-08,"-15 day ahead inc hosp","quantile",0.025,354,"COVID-19"
"DE","00-04",2022-03-23,2022-03-08,"-15 day ahead inc hosp","quantile",0.1,357,"COVID-19"
"DE","00-04",2022-03-23,2022-03-08,"-15 day ahead inc hosp","quantile",0.25,362,"COVID-19"
"DE","00-04",2022-03-23,2022-03-08,"-15 day ahead inc hosp","quantile",0.5,370,"COVID-19"
"DE","00-04",2022-03-23,2022-03-08,"-15 day ahead inc hosp","quantile",0.75,382,"COVID-19"
"DE","00-04",2022-03-23,2022-03-08,"-15 day ahead inc hosp","quantile",0.9,395,"COVID-19"
"DE","00-04",2022-03-23,2022-03-08,"-15 day ahead inc hosp","quantile",0.975,414,"COVID-19"
"DE","00-04",2022-03-23,2022-03-07,"-16 day ahead inc hosp","mean",NA,363,"COVID-19"
"DE","00-04",2022-03-23,2022-03-07,"-16 day ahead inc hosp","quantile",0.025,345,"COVID-19"
"DE","00-04",2022-03-23,2022-03-07,"-16 day ahead inc hosp","quantile",0.1,348,"COVID-19"
"DE","00-04",2022-03-23,2022-03-07,"-16 day ahead inc hosp","quantile",0.25,353,"COVID-19"
"DE","00-04",2022-03-23,2022-03-07,"-16 day ahead inc hosp","quantile",0.5,360,"COVID-19"
"DE","00-04",2022-03-23,2022-03-07,"-16 day ahead inc hosp","quantile",0.75,370,"COVID-19"
"DE","00-04",2022-03-23,2022-03-07,"-16 day ahead inc hosp","quantile",0.9,383,"COVID-19"
"DE","00-04",2022-03-23,2022-03-07,"-16 day ahead inc hosp","quantile",0.975,400,"COVID-19"
"DE","00-04",2022-03-23,2022-03-06,"-17 day ahead inc hosp","mean",NA,352,"COVID-19"
"DE","00-04",2022-03-23,2022-03-06,"-17 day ahead inc hosp","quantile",0.025,335,"COVID-19"
"DE","00-04",2022-03-23,2022-03-06,"-17 day ahead inc hosp","quantile",0.1,338,"COVID-19"
"DE","00-04",2022-03-23,2022-03-06,"-17 day ahead inc hosp","quantile",0.25,342,"COVID-19"
"DE","00-04",2022-03-23,2022-03-06,"-17 day ahead inc hosp","quantile",0.5,349,"COVID-19"
"DE","00-04",2022-03-23,2022-03-06,"-17 day ahead inc hosp","quantile",0.75,359,"COVID-19"
"DE","00-04",2022-03-23,2022-03-06,"-17 day ahead inc hosp","quantile",0.9,370,"COVID-19"
"DE","00-04",2022-03-23,2022-03-06,"-17 day ahead inc hosp","quantile",0.975,387,"COVID-19"
"DE","00-04",2022-03-23,2022-03-05,"-18 day ahead inc hosp","mean",NA,354,"COVID-19"
"DE","00-04",2022-03-23,2022-03-05,"-18 day ahead inc hosp","quantile",0.025,338,"COVID-19"
"DE","00-04",2022-03-23,2022-03-05,"-18 day ahead inc hosp","quantile",0.1,341,"COVID-19"
"DE","00-04",2022-03-23,2022-03-05,"-18 day ahead inc hosp","quantile",0.25,345,"COVID-19"
"DE","00-04",2022-03-23,2022-03-05,"-18 day ahead inc hosp","quantile",0.5,351,"COVID-19"
"DE","00-04",2022-03-23,2022-03-05,"-18 day ahead inc hosp","quantile",0.75,361,"COVID-19"
"DE","00-04",2022-03-23,2022-03-05,"-18 day ahead inc hosp","quantile",0.9,372,"COVID-19"
"DE","00-04",2022-03-23,2022-03-05,"-18 day ahead inc hosp","quantile",0.975,388,"COVID-19"
"DE","00-04",2022-03-23,2022-03-04,"-19 day ahead inc hosp","mean",NA,361,"COVID-19"
"DE","00-04",2022-03-23,2022-03-04,"-19 day ahead inc hosp","quantile",0.025,345,"COVID-19"
"DE","00-04",2022-03-23,2022-03-04,"-19 day ahead inc hosp","quantile",0.1,347,"COVID-19"
"DE","00-04",2022-03-23,2022-03-04,"-19 day ahead inc hosp","quantile",0.25,351,"COVID-19"
"DE","00-04",2022-03-23,2022-03-04,"-19 day ahead inc hosp","quantile",0.5,358,"COVID-19"
"DE","00-04",2022-03-23,2022-03-04,"-19 day ahead inc hosp","quantile",0.75,367,"COVID-19"
"DE","00-04",2022-03-23,2022-03-04,"-19 day ahead inc hosp","quantile",0.9,378,"COVID-19"
"DE","00-04",2022-03-23,2022-03-04,"-19 day ahead inc hosp","quantile",0.975,393,"COVID-19"
"DE","00-04",2022-03-23,2022-03-03,"-20 day ahead inc hosp","mean",NA,387,"COVID-19"
"DE","00-04",2022-03-23,2022-03-03,"-20 day ahead inc hosp","quantile",0.025,371,"COVID-19"
"DE","00-04",2022-03-23,2022-03-03,"-20 day ahead inc hosp","quantile",0.1,374,"COVID-19"
"DE","00-04",2022-03-23,2022-03-03,"-20 day ahead inc hosp","quantile",0.25,377,"COVID-19"
"DE","00-04",2022-03-23,2022-03-03,"-20 day ahead inc hosp","quantile",0.5,384,"COVID-19"
"DE","00-04",2022-03-23,2022-03-03,"-20 day ahead inc hosp","quantile",0.75,393,"COVID-19"
"DE","00-04",2022-03-23,2022-03-03,"-20 day ahead inc hosp","quantile",0.9,404,"COVID-19"
"DE","00-04",2022-03-23,2022-03-03,"-20 day ahead inc hosp","quantile",0.975,419,"COVID-19"
"DE","00-04",2022-03-23,2022-03-02,"-21 day ahead inc hosp","mean",NA,375,"COVID-19"
"DE","00-04",2022-03-23,2022-03-02,"-21 day ahead inc hosp","quantile",0.025,361,"COVID-19"
"DE","00-04",2022-03-23,2022-03-02,"-21 day ahead inc hosp","quantile",0.1,363,"COVID-19"
"DE","00-04",2022-03-23,2022-03-02,"-21 day ahead inc hosp","quantile",0.25,366,"COVID-19"
"DE","00-04",2022-03-23,2022-03-02,"-21 day ahead inc hosp","quantile",0.5,372,"COVID-19"
"DE","00-04",2022-03-23,2022-03-02,"-21 day ahead inc hosp","quantile",0.75,380,"COVID-19"
"DE","00-04",2022-03-23,2022-03-02,"-21 day ahead inc hosp","quantile",0.9,390,"COVID-19"
"DE","00-04",2022-03-23,2022-03-02,"-21 day ahead inc hosp","quantile",0.975,404,"COVID-19"
"DE","00-04",2022-03-23,2022-03-01,"-22 day ahead inc hosp","mean",NA,368,"COVID-19"
"DE","00-04",2022-03-23,2022-03-01,"-22 day ahead inc hosp","quantile",0.025,356,"COVID-19"
"DE","00-04",2022-03-23,2022-03-01,"-22 day ahead inc hosp","quantile",0.1,358,"COVID-19"
"DE","00-04",2022-03-23,2022-03-01,"-22 day ahead inc hosp","quantile",0.25,361,"COVID-19"
"DE","00-04",2022-03-23,2022-03-01,"-22 day ahead inc hosp","quantile",0.5,366,"COVID-19"
"DE","00-04",2022-03-23,2022-03-01,"-22 day ahead inc hosp","quantile",0.75,373,"COVID-19"
"DE","00-04",2022-03-23,2022-03-01,"-22 day ahead inc hosp","quantile",0.9,382,"COVID-19"
"DE","00-04",2022-03-23,2022-03-01,"-22 day ahead inc hosp","quantile",0.975,395,"COVID-19"
"DE","00-04",2022-03-23,2022-02-28,"-23 day ahead inc hosp","mean",NA,368,"COVID-19"
"DE","00-04",2022-03-23,2022-02-28,"-23 day ahead inc hosp","quantile",0.025,356,"COVID-19"
"DE","00-04",2022-03-23,2022-02-28,"-23 day ahead inc hosp","quantile",0.1,358,"COVID-19"
"DE","00-04",2022-03-23,2022-02-28,"-23 day ahead inc hosp","quantile",0.25,361,"COVID-19"
"DE","00-04",2022-03-23,2022-02-28,"-23 day ahead inc hosp","quantile",0.5,366,"COVID-19"
"DE","00-04",2022-03-23,2022-02-28,"-23 day ahead inc hosp","quantile",0.75,373,"COVID-19"
"DE","00-04",2022-03-23,2022-02-28,"-23 day ahead inc hosp","quantile",0.9,381,"COVID-19"
"DE","00-04",2022-03-23,2022-02-28,"-23 day ahead inc hosp","quantile",0.975,393,"COVID-19"
"DE","00-04",2022-03-23,2022-02-27,"-24 day ahead inc hosp","mean",NA,379,"COVID-19"
"DE","00-04",2022-03-23,2022-02-27,"-24 day ahead inc hosp","quantile",0.025,367,"COVID-19"
"DE","00-04",2022-03-23,2022-02-27,"-24 day ahead inc hosp","quantile",0.1,369,"COVID-19"
"DE","00-04",2022-03-23,2022-02-27,"-24 day ahead inc hosp","quantile",0.25,372,"COVID-19"
"DE","00-04",2022-03-23,2022-02-27,"-24 day ahead inc hosp","quantile",0.5,377,"COVID-19"
"DE","00-04",2022-03-23,2022-02-27,"-24 day ahead inc hosp","quantile",0.75,384,"COVID-19"
"DE","00-04",2022-03-23,2022-02-27,"-24 day ahead inc hosp","quantile",0.9,392,"COVID-19"
"DE","00-04",2022-03-23,2022-02-27,"-24 day ahead inc hosp","quantile",0.975,404,"COVID-19"
"DE","00-04",2022-03-23,2022-02-26,"-25 day ahead inc hosp","mean",NA,376,"COVID-19"
"DE","00-04",2022-03-23,2022-02-26,"-25 day ahead inc hosp","quantile",0.025,365,"COVID-19"
"DE","00-04",2022-03-23,2022-02-26,"-25 day ahead inc hosp","quantile",0.1,367,"COVID-19"
"DE","00-04",2022-03-23,2022-02-26,"-25 day ahead inc hosp","quantile",0.25,369,"COVID-19"
"DE","00-04",2022-03-23,2022-02-26,"-25 day ahead inc hosp","quantile",0.5,374,"COVID-19"
"DE","00-04",2022-03-23,2022-02-26,"-25 day ahead inc hosp","quantile",0.75,381,"COVID-19"
"DE","00-04",2022-03-23,2022-02-26,"-25 day ahead inc hosp","quantile",0.9,389,"COVID-19"
"DE","00-04",2022-03-23,2022-02-26,"-25 day ahead inc hosp","quantile",0.975,401,"COVID-19"
"DE","00-04",2022-03-23,2022-02-25,"-26 day ahead inc hosp","mean",NA,390,"COVID-19"
"DE","00-04",2022-03-23,2022-02-25,"-26 day ahead inc hosp","quantile",0.025,379,"COVID-19"
"DE","00-04",2022-03-23,2022-02-25,"-26 day ahead inc hosp","quantile",0.1,381,"COVID-19"
"DE","00-04",2022-03-23,2022-02-25,"-26 day ahead inc hosp","quantile",0.25,383,"COVID-19"
"DE","00-04",2022-03-23,2022-02-25,"-26 day ahead inc hosp","quantile",0.5,388,"COVID-19"
"DE","00-04",2022-03-23,2022-02-25,"-26 day ahead inc hosp","quantile",0.75,394,"COVID-19"
"DE","00-04",2022-03-23,2022-02-25,"-26 day ahead inc hosp","quantile",0.9,402,"COVID-19"
"DE","00-04",2022-03-23,2022-02-25,"-26 day ahead inc hosp","quantile",0.975,413,"COVID-19"
"DE","00-04",2022-03-23,2022-02-24,"-27 day ahead inc hosp","mean",NA,380,"COVID-19"
"DE","00-04",2022-03-23,2022-02-24,"-27 day ahead inc hosp","quantile",0.025,370,"COVID-19"
"DE","00-04",2022-03-23,2022-02-24,"-27 day ahead inc hosp","quantile",0.1,372,"COVID-19"
"DE","00-04",2022-03-23,2022-02-24,"-27 day ahead inc hosp","quantile",0.25,374,"COVID-19"
"DE","00-04",2022-03-23,2022-02-24,"-27 day ahead inc hosp","quantile",0.5,378,"COVID-19"
"DE","00-04",2022-03-23,2022-02-24,"-27 day ahead inc hosp","quantile",0.75,384,"COVID-19"
"DE","00-04",2022-03-23,2022-02-24,"-27 day ahead inc hosp","quantile",0.9,391,"COVID-19"
"DE","00-04",2022-03-23,2022-02-24,"-27 day ahead inc hosp","quantile",0.975,401,"COVID-19"
"DE","00-04",2022-03-23,2022-02-23,"-28 day ahead inc hosp","mean",NA,376,"COVID-19"
"DE","00-04",2022-03-23,2022-02-23,"-28 day ahead inc hosp","quantile",0.025,367,"COVID-19"
"DE","00-04",2022-03-23,2022-02-23,"-28 day ahead inc hosp","quantile",0.1,368,"COVID-19"
"DE","00-04",2022-03-23,2022-02-23,"-28 day ahead inc hosp","quantile",0.25,371,"COVID-19"
"DE","00-04",2022-03-23,2022-02-23,"-28 day ahead inc hosp","quantile",0.5,374,"COVID-19"
"DE","00-04",2022-03-23,2022-02-23,"-28 day ahead inc hosp","quantile",0.75,380,"COVID-19"
"DE","00-04",2022-03-23,2022-02-23,"-28 day ahead inc hosp","quantile",0.9,386,"COVID-19"
"DE","00-04",2022-03-23,2022-02-23,"-28 day ahead inc hosp","quantile",0.975,395,"COVID-19"
"DE","05-14",2022-03-23,2022-03-23,"0 day ahead inc hosp","mean",NA,263,"COVID-19"
"DE","05-14",2022-03-23,2022-03-23,"0 day ahead inc hosp","quantile",0.025,213,"COVID-19"
"DE","05-14",2022-03-23,2022-03-23,"0 day ahead inc hosp","quantile",0.1,227,"COVID-19"
"DE","05-14",2022-03-23,2022-03-23,"0 day ahead inc hosp","quantile",0.25,242,"COVID-19"
"DE","05-14",2022-03-23,2022-03-23,"0 day ahead inc hosp","quantile",0.5,260,"COVID-19"
"DE","05-14",2022-03-23,2022-03-23,"0 day ahead inc hosp","quantile",0.75,282,"COVID-19"
"DE","05-14",2022-03-23,2022-03-23,"0 day ahead inc hosp","quantile",0.9,304,"COVID-19"
"DE","05-14",2022-03-23,2022-03-23,"0 day ahead inc hosp","quantile",0.975,331,"COVID-19"
"DE","05-14",2022-03-23,2022-03-22,"-1 day ahead inc hosp","mean",NA,275,"COVID-19"
"DE","05-14",2022-03-23,2022-03-22,"-1 day ahead inc hosp","quantile",0.025,234,"COVID-19"
"DE","05-14",2022-03-23,2022-03-22,"-1 day ahead inc hosp","quantile",0.1,245,"COVID-19"
"DE","05-14",2022-03-23,2022-03-22,"-1 day ahead inc hosp","quantile",0.25,257,"COVID-19"
"DE","05-14",2022-03-23,2022-03-22,"-1 day ahead inc hosp","quantile",0.5,272,"COVID-19"
"DE","05-14",2022-03-23,2022-03-22,"-1 day ahead inc hosp","quantile",0.75,290,"COVID-19"
"DE","05-14",2022-03-23,2022-03-22,"-1 day ahead inc hosp","quantile",0.9,308,"COVID-19"
"DE","05-14",2022-03-23,2022-03-22,"-1 day ahead inc hosp","quantile",0.975,331,"COVID-19"
"DE","05-14",2022-03-23,2022-03-21,"-2 day ahead inc hosp","mean",NA,313,"COVID-19"
"DE","05-14",2022-03-23,2022-03-21,"-2 day ahead inc hosp","quantile",0.025,271,"COVID-19"
"DE","05-14",2022-03-23,2022-03-21,"-2 day ahead inc hosp","quantile",0.1,282,"COVID-19"
"DE","05-14",2022-03-23,2022-03-21,"-2 day ahead inc hosp","quantile",0.25,294,"COVID-19"
"DE","05-14",2022-03-23,2022-03-21,"-2 day ahead inc hosp","quantile",0.5,310,"COVID-19"
"DE","05-14",2022-03-23,2022-03-21,"-2 day ahead inc hosp","quantile",0.75,329,"COVID-19"
"DE","05-14",2022-03-23,2022-03-21,"-2 day ahead inc hosp","quantile",0.9,348,"COVID-19"
"DE","05-14",2022-03-23,2022-03-21,"-2 day ahead inc hosp","quantile",0.975,372,"COVID-19"
"DE","05-14",2022-03-23,2022-03-20,"-3 day ahead inc hosp","mean",NA,307,"COVID-19"
"DE","05-14",2022-03-23,2022-03-20,"-3 day ahead inc hosp","quantile",0.025,267,"COVID-19"
"DE","05-14",2022-03-23,2022-03-20,"-3 day ahead inc hosp","quantile",0.1,278,"COVID-19"
"DE","05-14",2022-03-23,2022-03-20,"-3 day ahead inc hosp","quantile",0.25,289,"COVID-19"
"DE","05-14",2022-03-23,2022-03-20,"-3 day ahead inc hosp","quantile",0.5,304,"COVID-19"
"DE","05-14",2022-03-23,2022-03-20,"-3 day ahead inc hosp","quantile",0.75,321,"COVID-19"
"DE","05-14",2022-03-23,2022-03-20,"-3 day ahead inc hosp","quantile",0.9,339,"COVID-19"
"DE","05-14",2022-03-23,2022-03-20,"-3 day ahead inc hosp","quantile",0.975,362,"COVID-19"
"DE","05-14",2022-03-23,2022-03-19,"-4 day ahead inc hosp","mean",NA,306,"COVID-19"
"DE","05-14",2022-03-23,2022-03-19,"-4 day ahead inc hosp","quantile",0.025,268,"COVID-19"
"DE","05-14",2022-03-23,2022-03-19,"-4 day ahead inc hosp","quantile",0.1,278,"COVID-19"
"DE","05-14",2022-03-23,2022-03-19,"-4 day ahead inc hosp","quantile",0.25,289,"COVID-19"
"DE","05-14",2022-03-23,2022-03-19,"-4 day ahead inc hosp","quantile",0.5,303,"COVID-19"
"DE","05-14",2022-03-23,2022-03-19,"-4 day ahead inc hosp","quantile",0.75,321,"COVID-19"
"DE","05-14",2022-03-23,2022-03-19,"-4 day ahead inc hosp","quantile",0.9,338,"COVID-19"
"DE","05-14",2022-03-23,2022-03-19,"-4 day ahead inc hosp","quantile",0.975,361,"COVID-19"
"DE","05-14",2022-03-23,2022-03-18,"-5 day ahead inc hosp","mean",NA,312,"COVID-19"
"DE","05-14",2022-03-23,2022-03-18,"-5 day ahead inc hosp","quantile",0.025,274,"COVID-19"
"DE","05-14",2022-03-23,2022-03-18,"-5 day ahead inc hosp","quantile",0.1,284,"COVID-19"
"DE","05-14",2022-03-23,2022-03-18,"-5 day ahead inc hosp","quantile",0.25,294,"COVID-19"
"DE","05-14",2022-03-23,2022-03-18,"-5 day ahead inc hosp","quantile",0.5,309,"COVID-19"
"DE","05-14",2022-03-23,2022-03-18,"-5 day ahead inc hosp","quantile",0.75,326,"COVID-19"
"DE","05-14",2022-03-23,2022-03-18,"-5 day ahead inc hosp","quantile",0.9,344,"COVID-19"
"DE","05-14",2022-03-23,2022-03-18,"-5 day ahead inc hosp","quantile",0.975,368,"COVID-19"
"DE","05-14",2022-03-23,2022-03-17,"-6 day ahead inc hosp","mean",NA,316,"COVID-19"
"DE","05-14",2022-03-23,2022-03-17,"-6 day ahead inc hosp","quantile",0.025,280,"COVID-19"
"DE","05-14",2022-03-23,2022-03-17,"-6 day ahead inc hosp","quantile",0.1,289,"COVID-19"
"DE","05-14",2022-03-23,2022-03-17,"-6 day ahead inc hosp","quantile",0.25,299,"COVID-19"
"DE","05-14",2022-03-23,2022-03-17,"-6 day ahead inc hosp","quantile",0.5,313,"COVID-19"
"DE","05-14",2022-03-23,2022-03-17,"-6 day ahead inc hosp","quantile",0.75,330,"COVID-19"
"DE","05-14",2022-03-23,2022-03-17,"-6 day ahead inc hosp","quantile",0.9,348,"COVID-19"
"DE","05-14",2022-03-23,2022-03-17,"-6 day ahead inc hosp","quantile",0.975,371,"COVID-19"
"DE","05-14",2022-03-23,2022-03-16,"-7 day ahead inc hosp","mean",NA,315,"COVID-19"
"DE","05-14",2022-03-23,2022-03-16,"-7 day ahead inc hosp","quantile",0.025,281,"COVID-19"
"DE","05-14",2022-03-23,2022-03-16,"-7 day ahead inc hosp","quantile",0.1,289,"COVID-19"
"DE","05-14",2022-03-23,2022-03-16,"-7 day ahead inc hosp","quantile",0.25,299,"COVID-19"
"DE","05-14",2022-03-23,2022-03-16,"-7 day ahead inc hosp","quantile",0.5,312,"COVID-19"
"DE","05-14",2022-03-23,2022-03-16,"-7 day ahead inc hosp","quantile",0.75,328,"COVID-19"
"DE","05-14",2022-03-23,2022-03-16,"-7 day ahead inc hosp","quantile",0.9,346,"COVID-19"
"DE","05-14",2022-03-23,2022-03-16,"-7 day ahead inc hosp","quantile",0.975,368,"COVID-19"
"DE","05-14",2022-03-23,2022-03-15,"-8 day ahead inc hosp","mean",NA,290,"COVID-19"
"DE","05-14",2022-03-23,2022-03-15,"-8 day ahead inc hosp","quantile",0.025,261,"COVID-19"
"DE","05-14",2022-03-23,2022-03-15,"-8 day ahead inc hosp","quantile",0.1,268,"COVID-19"
"DE","05-14",2022-03-23,2022-03-15,"-8 day ahead inc hosp","quantile",0.25,276,"COVID-19"
"DE","05-14",2022-03-23,2022-03-15,"-8 day ahead inc hosp","quantile",0.5,287,"COVID-19"
"DE","05-14",2022-03-23,2022-03-15,"-8 day ahead inc hosp","quantile",0.75,301,"COVID-19"
"DE","05-14",2022-03-23,2022-03-15,"-8 day ahead inc hosp","quantile",0.9,317,"COVID-19"
"DE","05-14",2022-03-23,2022-03-15,"-8 day ahead inc hosp","quantile",0.975,337,"COVID-19"
"DE","05-14",2022-03-23,2022-03-14,"-9 day ahead inc hosp","mean",NA,280,"COVID-19"
"DE","05-14",2022-03-23,2022-03-14,"-9 day ahead inc hosp","quantile",0.025,255,"COVID-19"
"DE","05-14",2022-03-23,2022-03-14,"-9 day ahead inc hosp","quantile",0.1,260,"COVID-19"
"DE","05-14",2022-03-23,2022-03-14,"-9 day ahead inc hosp","quantile",0.25,267,"COVID-19"
"DE","05-14",2022-03-23,2022-03-14,"-9 day ahead inc hosp","quantile",0.5,277,"COVID-19"
"DE","05-14",2022-03-23,2022-03-14,"-9 day ahead inc hosp","quantile",0.75,290,"COVID-19"
"DE","05-14",2022-03-23,2022-03-14,"-9 day ahead inc hosp","quantile",0.9,304,"COVID-19"
"DE","05-14",2022-03-23,2022-03-14,"-9 day ahead inc hosp","quantile",0.975,322,"COVID-19"
"DE","05-14",2022-03-23,2022-03-13,"-10 day ahead inc hosp","mean",NA,286,"COVID-19"
"DE","05-14",2022-03-23,2022-03-13,"-10 day ahead inc hosp","quantile",0.025,260,"COVID-19"
"DE","05-14",2022-03-23,2022-03-13,"-10 day ahead inc hosp","quantile",0.1,266,"COVID-19"
"DE","05-14",2022-03-23,2022-03-13,"-10 day ahead inc hosp","quantile",0.25,272,"COVID-19"
"DE","05-14",2022-03-23,2022-03-13,"-10 day ahead inc hosp","quantile",0.5,283,"COVID-19"
"DE","05-14",2022-03-23,2022-03-13,"-10 day ahead inc hosp","quantile",0.75,295,"COVID-19"
"DE","05-14",2022-03-23,2022-03-13,"-10 day ahead inc hosp","quantile",0.9,309,"COVID-19"
"DE","05-14",2022-03-23,2022-03-13,"-10 day ahead inc hosp","quantile",0.975,328,"COVID-19"
"DE","05-14",2022-03-23,2022-03-12,"-11 day ahead inc hosp","mean",NA,277,"COVID-19"
"DE","05-14",2022-03-23,2022-03-12,"-11 day ahead inc hosp","quantile",0.025,253,"COVID-19"
"DE","05-14",2022-03-23,2022-03-12,"-11 day ahead inc hosp","quantile",0.1,258,"COVID-19"
"DE","05-14",2022-03-23,2022-03-12,"-11 day ahead inc hosp","quantile",0.25,264,"COVID-19"
"DE","05-14",2022-03-23,2022-03-12,"-11 day ahead inc hosp","quantile",0.5,274,"COVID-19"
"DE","05-14",2022-03-23,2022-03-12,"-11 day ahead inc hosp","quantile",0.75,287,"COVID-19"
"DE","05-14",2022-03-23,2022-03-12,"-11 day ahead inc hosp","quantile",0.9,301,"COVID-19"
"DE","05-14",2022-03-23,2022-03-12,"-11 day ahead inc hosp","quantile",0.975,319,"COVID-19"
"DE","05-14",2022-03-23,2022-03-11,"-12 day ahead inc hosp","mean",NA,275,"COVID-19"
"DE","05-14",2022-03-23,2022-03-11,"-12 day ahead inc hosp","quantile",0.025,252,"COVID-19"
"DE","05-14",2022-03-23,2022-03-11,"-12 day ahead inc hosp","quantile",0.1,257,"COVID-19"
"DE","05-14",2022-03-23,2022-03-11,"-12 day ahead inc hosp","quantile",0.25,263,"COVID-19"
"DE","05-14",2022-03-23,2022-03-11,"-12 day ahead inc hosp","quantile",0.5,272,"COVID-19"
"DE","05-14",2022-03-23,2022-03-11,"-12 day ahead inc hosp","quantile",0.75,284,"COVID-19"
"DE","05-14",2022-03-23,2022-03-11,"-12 day ahead inc hosp","quantile",0.9,297,"COVID-19"
"DE","05-14",2022-03-23,2022-03-11,"-12 day ahead inc hosp","quantile",0.975,315,"COVID-19"
"DE","05-14",2022-03-23,2022-03-10,"-13 day ahead inc hosp","mean",NA,280,"COVID-19"
"DE","05-14",2022-03-23,2022-03-10,"-13 day ahead inc hosp","quantile",0.025,259,"COVID-19"
"DE","05-14",2022-03-23,2022-03-10,"-13 day ahead inc hosp","quantile",0.1,263,"COVID-19"
"DE","05-14",2022-03-23,2022-03-10,"-13 day ahead inc hosp","quantile",0.25,269,"COVID-19"
"DE","05-14",2022-03-23,2022-03-10,"-13 day ahead inc hosp","quantile",0.5,277,"COVID-19"
"DE","05-14",2022-03-23,2022-03-10,"-13 day ahead inc hosp","quantile",0.75,288,"COVID-19"
"DE","05-14",2022-03-23,2022-03-10,"-13 day ahead inc hosp","quantile",0.9,300,"COVID-19"
"DE","05-14",2022-03-23,2022-03-10,"-13 day ahead inc hosp","quantile",0.975,316,"COVID-19"
"DE","05-14",2022-03-23,2022-03-09,"-14 day ahead inc hosp","mean",NA,272,"COVID-19"
"DE","05-14",2022-03-23,2022-03-09,"-14 day ahead inc hosp","quantile",0.025,254,"COVID-19"
"DE","05-14",2022-03-23,2022-03-09,"-14 day ahead inc hosp","quantile",0.1,258,"COVID-19"
"DE","05-14",2022-03-23,2022-03-09,"-14 day ahead inc hosp","quantile",0.25,263,"COVID-19"
"DE","05-14",2022-03-23,2022-03-09,"-14 day ahead inc hosp","quantile",0.5,270,"COVID-19"
"DE","05-14",2022-03-23,2022-03-09,"-14 day ahead inc hosp","quantile",0.75,279,"COVID-19"
"DE","05-14",2022-03-23,2022-03-09,"-14 day ahead inc hosp","quantile",0.9,289,"COVID-19"
"DE","05-14",2022-03-23,2022-03-09,"-14 day ahead inc hosp","quantile",0.975,303,"COVID-19"
"DE","05-14",2022-03-23,2022-03-08,"-15 day ahead inc hosp","mean",NA,269,"COVID-19"
"DE","05-14",2022-03-23,2022-03-08,"-15 day ahead inc hosp","quantile",0.025,252,"COVID-19"
"DE","05-14",2022-03-23,2022-03-08,"-15 day ahead inc hosp","quantile",0.1,256,"COVID-19"
"DE","05-14",2022-03-23,2022-03-08,"-15 day ahead inc hosp","quantile",0.25,261,"COVID-19"
"DE","05-14",2022-03-23,2022-03-08,"-15 day ahead inc hosp","quantile",0.5,267,"COVID-19"
"DE","05-14",2022-03-23,2022-03-08,"-15 day ahead inc hosp","quantile",0.75,276,"COVID-19"
"DE","05-14",2022-03-23,2022-03-08,"-15 day ahead inc hosp","quantile",0.9,285,"COVID-19"
"DE","05-14",2022-03-23,2022-03-08,"-15 day ahead inc hosp","quantile",0.975,298,"COVID-19"
"DE","05-14",2022-03-23,2022-03-07,"-16 day ahead inc hosp","mean",NA,244,"COVID-19"
"DE","05-14",2022-03-23,2022-03-07,"-16 day ahead inc hosp","quantile",0.025,229,"COVID-19"
"DE","05-14",2022-03-23,2022-03-07,"-16 day ahead inc hosp","quantile",0.1,232,"COVID-19"
"DE","05-14",2022-03-23,2022-03-07,"-16 day ahead inc hosp","quantile",0.25,236,"COVID-19"
"DE","05-14",2022-03-23,2022-03-07,"-16 day ahead inc hosp","quantile",0.5,242,"COVID-19"
"DE","05-14",2022-03-23,2022-03-07,"-16 day ahead inc hosp","quantile",0.75,249,"COVID-19"
"DE","05-14",2022-03-23,2022-03-07,"-16 day ahead inc hosp","quantile",0.9,257,"COVID-19"
"DE","05-14",2022-03-23,2022-03-07,"-16 day ahead inc hosp","quantile",0.975,268,"COVID-19"
"DE","05-14",2022-03-23,2022-03-06,"-17 day ahead inc hosp","mean",NA,235,"COVID-19"
"DE","05-14",2022-03-23,2022-03-06,"-17 day ahead inc hosp","quantile",0.025,222,"COVID-19"
"DE","05-14",2022-03-23,2022-03-06,"-17 day ahead inc hosp","quantile",0.1,224,"COVID-19"
"DE","05-14",2022-03-23,2022-03-06,"-17 day ahead inc hosp","quantile",0.25,228,"COVID-19"
"DE","05-14",2022-03-23,2022-03-06,"-17 day ahead inc hosp","quantile",0.5,234,"COVID-19"
"DE","05-14",2022-03-23,2022-03-06,"-17 day ahead inc hosp","quantile",0.75,241,"COVID-19"
"DE","05-14",2022-03-23,2022-03-06,"-17 day ahead inc hosp","quantile",0.9,249,"COVID-19"
"DE","05-14",2022-03-23,2022-03-06,"-17 day ahead inc hosp","quantile",0.975,260,"COVID-19"
"DE","05-14",2022-03-23,2022-03-05,"-18 day ahead inc hosp","mean",NA,237,"COVID-19"
"DE","05-14",2022-03-23,2022-03-05,"-18 day ahead inc hosp","quantile",0.025,223,"COVID-19"
"DE","05-14",2022-03-23,2022-03-05,"-18 day ahead inc hosp","quantile",0.1,226,"COVID-19"
"DE","05-14",2022-03-23,2022-03-05,"-18 day ahead inc hosp","quantile",0.25,230,"COVID-19"
"DE","05-14",2022-03-23,2022-03-05,"-18 day ahead inc hosp","quantile",0.5,235,"COVID-19"
"DE","05-14",2022-03-23,2022-03-05,"-18 day ahead inc hosp","quantile",0.75,242,"COVID-19"
"DE","05-14",2022-03-23,2022-03-05,"-18 day ahead inc hosp","quantile",0.9,250,"COVID-19"
"DE","05-14",2022-03-23,2022-03-05,"-18 day ahead inc hosp","quantile",0.975,261,"COVID-19"
"DE","05-14",2022-03-23,2022-03-04,"-19 day ahead inc hosp","mean",NA,237,"COVID-19"
"DE","05-14",2022-03-23,2022-03-04,"-19 day ahead inc hosp","quantile",0.025,225,"COVID-19"
"DE","05-14",2022-03-23,2022-03-04,"-19 day ahead inc hosp","quantile",0.1,227,"COVID-19"
"DE","05-14",2022-03-23,2022-03-04,"-19 day ahead inc hosp","quantile",0.25,230,"COVID-19"
"DE","05-14",2022-03-23,2022-03-04,"-19 day ahead inc hosp","quantile",0.5,235,"COVID-19"
"DE","05-14",2022-03-23,2022-03-04,"-19 day ahead inc hosp","quantile",0.75,242,"COVID-19"
"DE","05-14",2022-03-23,2022-03-04,"-19 day ahead inc hosp","quantile",0.9,250,"COVID-19"
"DE","05-14",2022-03-23,2022-03-04,"-19 day ahead inc hosp","quantile",0.975,261,"COVID-19"
"DE","05-14",2022-03-23,2022-03-03,"-20 day ahead inc hosp","mean",NA,232,"COVID-19"
"DE","05-14",2022-03-23,2022-03-03,"-20 day ahead inc hosp","quantile",0.025,221,"COVID-19"
"DE","05-14",2022-03-23,2022-03-03,"-20 day ahead inc hosp","quantile",0.1,223,"COVID-19"
"DE","05-14",2022-03-23,2022-03-03,"-20 day ahead inc hosp","quantile",0.25,226,"COVID-19"
"DE","05-14",2022-03-23,2022-03-03,"-20 day ahead inc hosp","quantile",0.5,231,"COVID-19"
"DE","05-14",2022-03-23,2022-03-03,"-20 day ahead inc hosp","quantile",0.75,237,"COVID-19"
"DE","05-14",2022-03-23,2022-03-03,"-20 day ahead inc hosp","quantile",0.9,244,"COVID-19"
"DE","05-14",2022-03-23,2022-03-03,"-20 day ahead inc hosp","quantile",0.975,254,"COVID-19"
"DE","05-14",2022-03-23,2022-03-02,"-21 day ahead inc hosp","mean",NA,221,"COVID-19"
"DE","05-14",2022-03-23,2022-03-02,"-21 day ahead inc hosp","quantile",0.025,212,"COVID-19"
"DE","05-14",2022-03-23,2022-03-02,"-21 day ahead inc hosp","quantile",0.1,213,"COVID-19"
"DE","05-14",2022-03-23,2022-03-02,"-21 day ahead inc hosp","quantile",0.25,216,"COVID-19"
"DE","05-14",2022-03-23,2022-03-02,"-21 day ahead inc hosp","quantile",0.5,220,"COVID-19"
"DE","05-14",2022-03-23,2022-03-02,"-21 day ahead inc hosp","quantile",0.75,225,"COVID-19"
"DE","05-14",2022-03-23,2022-03-02,"-21 day ahead inc hosp","quantile",0.9,232,"COVID-19"
"DE","05-14",2022-03-23,2022-03-02,"-21 day ahead inc hosp","quantile",0.975,241,"COVID-19"
"DE","05-14",2022-03-23,2022-03-01,"-22 day ahead inc hosp","mean",NA,240,"COVID-19"
"DE","05-14",2022-03-23,2022-03-01,"-22 day ahead inc hosp","quantile",0.025,230,"COVID-19"
"DE","05-14",2022-03-23,2022-03-01,"-22 day ahead inc hosp","quantile",0.1,232,"COVID-19"
"DE","05-14",2022-03-23,2022-03-01,"-22 day ahead inc hosp","quantile",0.25,234,"COVID-19"
"DE","05-14",2022-03-23,2022-03-01,"-22 day ahead inc hosp","quantile",0.5,238,"COVID-19"
"DE","05-14",2022-03-23,2022-03-01,"-22 day ahead inc hosp","quantile",0.75,244,"COVID-19"
"DE","05-14",2022-03-23,2022-03-01,"-22 day ahead inc hosp","quantile",0.9,251,"COVID-19"
"DE","05-14",2022-03-23,2022-03-01,"-22 day ahead inc hosp","quantile",0.975,260,"COVID-19"
"DE","05-14",2022-03-23,2022-02-28,"-23 day ahead inc hosp","mean",NA,259,"COVID-19"
"DE","05-14",2022-03-23,2022-02-28,"-23 day ahead inc hosp","quantile",0.025,249,"COVID-19"
"DE","05-14",2022-03-23,2022-02-28,"-23 day ahead inc hosp","quantile",0.1,251,"COVID-19"
"DE","05-14",2022-03-23,2022-02-28,"-23 day ahead inc hosp","quantile",0.25,253,"COVID-19"
"DE","05-14",2022-03-23,2022-02-28,"-23 day ahead inc hosp","quantile",0.5,257,"COVID-19"
"DE","05-14",2022-03-23,2022-02-28,"-23 day ahead inc hosp","quantile",0.75,262,"COVID-19"
"DE","05-14",2022-03-23,2022-02-28,"-23 day ahead inc hosp","quantile",0.9,269,"COVID-19"
"DE","05-14",2022-03-23,2022-02-28,"-23 day ahead inc hosp","quantile",0.975,279,"COVID-19"
"DE","05-14",2022-03-23,2022-02-27,"-24 day ahead inc hosp","mean",NA,264,"COVID-19"
"DE","05-14",2022-03-23,2022-02-27,"-24 day ahead inc hosp","quantile",0.025,254,"COVID-19"
"DE","05-14",2022-03-23,2022-02-27,"-24 day ahead inc hosp","quantile",0.1,256,"COVID-19"
"DE","05-14",2022-03-23,2022-02-27,"-24 day ahead inc hosp","quantile",0.25,258,"COVID-19"
"DE","05-14",2022-03-23,2022-02-27,"-24 day ahead inc hosp","quantile",0.5,262,"COVID-19"
"DE","05-14",2022-03-23,2022-02-27,"-24 day ahead inc hosp","quantile",0.75,267,"COVID-19"
"DE","05-14",2022-03-23,2022-02-27,"-24 day ahead inc hosp","quantile",0.9,274,"COVID-19"
"DE","05-14",2022-03-23,2022-02-27,"-24 day ahead inc hosp","quantile",0.975,284,"COVID-19"
"DE","05-14",2022-03-23,2022-02-26,"-25 day ahead inc hosp","mean",NA,281,"COVID-19"
"DE","05-14",2022-03-23,2022-02-26,"-25 day ahead inc hosp","quantile",0.025,271,"COVID-19"
"DE","05-14",2022-03-23,2022-02-26,"-25 day ahead inc hosp","quantile",0.1,273,"COVID-19"
"DE","05-14",2022-03-23,2022-02-26,"-25 day ahead inc hosp","quantile",0.25,275,"COVID-19"
"DE","05-14",2022-03-23,2022-02-26,"-25 day ahead inc hosp","quantile",0.5,279,"COVID-19"
"DE","05-14",2022-03-23,2022-02-26,"-25 day ahead inc hosp","quantile",0.75,284,"COVID-19"
"DE","05-14",2022-03-23,2022-02-26,"-25 day ahead inc hosp","quantile",0.9,291,"COVID-19"
"DE","05-14",2022-03-23,2022-02-26,"-25 day ahead inc hosp","quantile",0.975,300,"COVID-19"
"DE","05-14",2022-03-23,2022-02-25,"-26 day ahead inc hosp","mean",NA,290,"COVID-19"
"DE","05-14",2022-03-23,2022-02-25,"-26 day ahead inc hosp","quantile",0.025,281,"COVID-19"
"DE","05-14",2022-03-23,2022-02-25,"-26 day ahead inc hosp","quantile",0.1,283,"COVID-19"
"DE","05-14",2022-03-23,2022-02-25,"-26 day ahead inc hosp","quantile",0.25,285,"COVID-19"
"DE","05-14",2022-03-23,2022-02-25,"-26 day ahead inc hosp","quantile",0.5,288,"COVID-19"
"DE","05-14",2022-03-23,2022-02-25,"-26 day ahead inc hosp","quantile",0.75,293,"COVID-19"
"DE","05-14",2022-03-23,2022-02-25,"-26 day ahead inc hosp","quantile",0.9,300,"COVID-19"
"DE","05-14",2022-03-23,2022-02-25,"-26 day ahead inc hosp","quantile",0.975,309,"COVID-19"
"DE","05-14",2022-03-23,2022-02-24,"-27 day ahead inc hosp","mean",NA,295,"COVID-19"
"DE","05-14",2022-03-23,2022-02-24,"-27 day ahead inc hosp","quantile",0.025,287,"COVID-19"
"DE","05-14",2022-03-23,2022-02-24,"-27 day ahead inc hosp","quantile",0.1,288,"COVID-19"
"DE","05-14",2022-03-23,2022-02-24,"-27 day ahead inc hosp","quantile",0.25,290,"COVID-19"
"DE","05-14",2022-03-23,2022-02-24,"-27 day ahead inc hosp","quantile",0.5,294,"COVID-19"
"DE","05-14",2022-03-23,2022-02-24,"-27 day ahead inc hosp","quantile",0.75,298,"COVID-19"
"DE","05-14",2022-03-23,2022-02-24,"-27 day ahead inc hosp","quantile",0.9,304,"COVID-19"
"DE","05-14",2022-03-23,2022-02-24,"-27 day ahead inc hosp","quantile",0.975,312,"COVID-19"
"DE","05-14",2022-03-23,2022-02-23,"-28 day ahead inc hosp","mean",NA,316,"COVID-19"
"DE","05-14",2022-03-23,2022-02-23,"-28 day ahead inc hosp","quantile",0.025,308,"COVID-19"
"DE","05-14",2022-03-23,2022-02-23,"-28 day ahead inc hosp","quantile",0.1,309,"COVID-19"
"DE","05-14",2022-03-23,2022-02-23,"-28 day ahead inc hosp","quantile",0.25,311,"COVID-19"
"DE","05-14",2022-03-23,2022-02-23,"-28 day ahead inc hosp","quantile",0.5,314,"COVID-19"
"DE","05-14",2022-03-23,2022-02-23,"-28 day ahead inc hosp","quantile",0.75,319,"COVID-19"
"DE","05-14",2022-03-23,2022-02-23,"-28 day ahead inc hosp","quantile",0.9,325,"COVID-19"
"DE","05-14",2022-03-23,2022-02-23,"-28 day ahead inc hosp","quantile",0.975,333,"COVID-19"
"DE","15-34",2022-03-23,2022-03-23,"0 day ahead inc hosp","mean",NA,1205,"COVID-19"
"DE","15-34",2022-03-23,2022-03-23,"0 day ahead inc hosp","quantile",0.025,958,"COVID-19"
"DE","15-34",2022-03-23,2022-03-23,"0 day ahead inc hosp","quantile",0.1,1029,"COVID-19"
"DE","15-34",2022-03-23,2022-03-23,"0 day ahead inc hosp","quantile",0.25,1102,"COVID-19"
"DE","15-34",2022-03-23,2022-03-23,"0 day ahead inc hosp","quantile",0.5,1192,"COVID-19"
"DE","15-34",2022-03-23,2022-03-23,"0 day ahead inc hosp","quantile",0.75,1295,"COVID-19"
"DE","15-34",2022-03-23,2022-03-23,"0 day ahead inc hosp","quantile",0.9,1397,"COVID-19"
"DE","15-34",2022-03-23,2022-03-23,"0 day ahead inc hosp","quantile",0.975,1524,"COVID-19"
"DE","15-34",2022-03-23,2022-03-22,"-1 day ahead inc hosp","mean",NA,1156,"COVID-19"
"DE","15-34",2022-03-23,2022-03-22,"-1 day ahead inc hosp","quantile",0.025,965,"COVID-19"
"DE","15-34",2022-03-23,2022-03-22,"-1 day ahead inc hosp","quantile",0.1,1019,"COVID-19"
"DE","15-34",2022-03-23,2022-03-22,"-1 day ahead inc hosp","quantile",0.25,1075,"COVID-19"
"DE","15-34",2022-03-23,2022-03-22,"-1 day ahead inc hosp","quantile",0.5,1145,"COVID-19"
"DE","15-34",2022-03-23,2022-03-22,"-1 day ahead inc hosp","quantile",0.75,1226,"COVID-19"
"DE","15-34",2022-03-23,2022-03-22,"-1 day ahead inc hosp","quantile",0.9,1307,"COVID-19"
"DE","15-34",2022-03-23,2022-03-22,"-1 day ahead inc hosp","quantile",0.975,1407,"COVID-19"
"DE","15-34",2022-03-23,2022-03-21,"-2 day ahead inc hosp","mean",NA,1160,"COVID-19"
"DE","15-34",2022-03-23,2022-03-21,"-2 day ahead inc hosp","quantile",0.025,1004,"COVID-19"
"DE","15-34",2022-03-23,2022-03-21,"-2 day ahead inc hosp","quantile",0.1,1048,"COVID-19"
"DE","15-34",2022-03-23,2022-03-21,"-2 day ahead inc hosp","quantile",0.25,1093,"COVID-19"
"DE","15-34",2022-03-23,2022-03-21,"-2 day ahead inc hosp","quantile",0.5,1151,"COVID-19"
"DE","15-34",2022-03-23,2022-03-21,"-2 day ahead inc hosp","quantile",0.75,1217,"COVID-19"
"DE","15-34",2022-03-23,2022-03-21,"-2 day ahead inc hosp","quantile",0.9,1283,"COVID-19"
"DE","15-34",2022-03-23,2022-03-21,"-2 day ahead inc hosp","quantile",0.975,1366,"COVID-19"
"DE","15-34",2022-03-23,2022-03-20,"-3 day ahead inc hosp","mean",NA,1170,"COVID-19"
"DE","15-34",2022-03-23,2022-03-20,"-3 day ahead inc hosp","quantile",0.025,1024,"COVID-19"
"DE","15-34",2022-03-23,2022-03-20,"-3 day ahead inc hosp","quantile",0.1,1065,"COVID-19"
"DE","15-34",2022-03-23,2022-03-20,"-3 day ahead inc hosp","quantile",0.25,1108,"COVID-19"
"DE","15-34",2022-03-23,2022-03-20,"-3 day ahead inc hosp","quantile",0.5,1162,"COVID-19"
"DE","15-34",2022-03-23,2022-03-20,"-3 day ahead inc hosp","quantile",0.75,1224,"COVID-19"
"DE","15-34",2022-03-23,2022-03-20,"-3 day ahead inc hosp","quantile",0.9,1286,"COVID-19"
"DE","15-34",2022-03-23,2022-03-20,"-3 day ahead inc hosp","quantile",0.975,1364,"COVID-19"
"DE","15-34",2022-03-23,2022-03-19,"-4 day ahead inc hosp","mean",NA,1230,"COVID-19"
"DE","15-34",2022-03-23,2022-03-19,"-4 day ahead inc hosp","quantile",0.025,1086,"COVID-19"
"DE","15-34",2022-03-23,2022-03-19,"-4 day ahead inc hosp","quantile",0.1,1126,"COVID-19"
"DE","15-34",2022-03-23,2022-03-19,"-4 day ahead inc hosp","quantile",0.25,1168,"COVID-19"
"DE","15-34",2022-03-23,2022-03-19,"-4 day ahead inc hosp","quantile",0.5,1222,"COVID-19"
"DE","15-34",2022-03-23,2022-03-19,"-4 day ahead inc hosp","quantile",0.75,1283,"COVID-19"
"DE","15-34",2022-03-23,2022-03-19,"-4 day ahead inc hosp","quantile",0.9,1345,"COVID-19"
"DE","15-34",2022-03-23,2022-03-19,"-4 day ahead inc hosp","quantile",0.975,1422,"COVID-19"
"DE","15-34",2022-03-23,2022-03-18,"-5 day ahead inc hosp","mean",NA,1248,"COVID-19"
"DE","15-34",2022-03-23,2022-03-18,"-5 day ahead inc hosp","quantile",0.025,1117,"COVID-19"
"DE","15-34",2022-03-23,2022-03-18,"-5 day ahead inc hosp","quantile",0.1,1153,"COVID-19"
"DE","15-34",2022-03-23,2022-03-18,"-5 day ahead inc hosp","quantile",0.25,1192,"COVID-19"
"DE","15-34",2022-03-23,2022-03-18,"-5 day ahead inc hosp","quantile",0.5,1240,"COVID-19"
"DE","15-34",2022-03-23,2022-03-18,"-5 day ahead inc hosp","quantile",0.75,1296,"COVID-19"
"DE","15-34",2022-03-23,2022-03-18,"-5 day ahead inc hosp","quantile",0.9,1352,"COVID-19"
"DE","15-34",2022-03-23,2022-03-18,"-5 day ahead inc hosp","quantile",0.975,1422,"COVID-19"
"DE","15-34",2022-03-23,2022-03-17,"-6 day ahead inc hosp","mean",NA,1259,"COVID-19"
"DE","15-34",2022-03-23,2022-03-17,"-6 day ahead inc hosp","quantile",0.025,1143,"COVID-19"
"DE","15-34",2022-03-23,2022-03-17,"-6 day ahead inc hosp","quantile",0.1,1176,"COVID-19"
"DE","15-34",2022-03-23,2022-03-17,"-6 day ahead inc hosp","quantile",0.25,1209,"COVID-19"
"DE","15-34",2022-03-23,2022-03-17,"-6 day ahead inc hosp","quantile",0.5,1253,"COVID-19"
"DE","15-34",2022-03-23,2022-03-17,"-6 day ahead inc hosp","quantile",0.75,1302,"COVID-19"
"DE","15-34",2022-03-23,2022-03-17,"-6 day ahead inc hosp","quantile",0.9,1352,"COVID-19"
"DE","15-34",2022-03-23,2022-03-17,"-6 day ahead inc hosp","quantile",0.975,1415,"COVID-19"
"DE","15-34",2022-03-23,2022-03-16,"-7 day ahead inc hosp","mean",NA,1283,"COVID-19"
"DE","15-34",2022-03-23,2022-03-16,"-7 day ahead inc hosp","quantile",0.025,1176,"COVID-19"
"DE","15-34",2022-03-23,2022-03-16,"-7 day ahead inc hosp","quantile",0.1,1206,"COVID-19"
"DE","15-34",2022-03-23,2022-03-16,"-7 day ahead inc hosp","quantile",0.25,1237,"COVID-19"
"DE","15-34",2022-03-23,2022-03-16,"-7 day ahead inc hosp","quantile",0.5,1276,"COVID-19"
"DE","15-34",2022-03-23,2022-03-16,"-7 day ahead inc hosp","quantile",0.75,1322,"COVID-19"
"DE","15-34",2022-03-23,2022-03-16,"-7 day ahead inc hosp","quantile",0.9,1368,"COVID-19"
"DE","15-34",2022-03-23,2022-03-16,"-7 day ahead inc hosp","quantile",0.975,1426,"COVID-19"
"DE","15-34",2022-03-23,2022-03-15,"-8 day ahead inc hosp","mean",NA,1292,"COVID-19"
"DE","15-34",2022-03-23,2022-03-15,"-8 day ahead inc hosp","quantile",0.025,1196,"COVID-19"
"DE","15-34",2022-03-23,2022-03-15,"-8 day ahead inc hosp","quantile",0.1,1223,"COVID-19"
"DE","15-34",2022-03-23,2022-03-15,"-8 day ahead inc hosp","quantile",0.25,1250,"COVID-19"
"DE","15-34",2022-03-23,2022-03-15,"-8 day ahead inc hosp","quantile",0.5,1286,"COVID-19"
"DE","15-34",2022-03-23,2022-03-15,"-8 day ahead inc hosp","quantile",0.75,1328,"COVID-19"
"DE","15-34",2022-03-23,2022-03-15,"-8 day ahead inc hosp","quantile",0.9,1370,"COVID-19"
"DE","15-34",2022-03-23,2022-03-15,"-8 day ahead inc hosp","quantile",0.975,1423,"COVID-19"
"DE","15-34",2022-03-23,2022-03-14,"-9 day ahead inc hosp","mean",NA,1241,"COVID-19"
"DE","15-34",2022-03-23,2022-03-14,"-9 day ahead inc hosp","quantile",0.025,1159,"COVID-19"
"DE","15-34",2022-03-23,2022-03-14,"-9 day ahead inc hosp","quantile",0.1,1181,"COVID-19"
"DE","15-34",2022-03-23,2022-03-14,"-9 day ahead inc hosp","quantile",0.25,1205,"COVID-19"
"DE","15-34",2022-03-23,2022-03-14,"-9 day ahead inc hosp","quantile",0.5,1235,"COVID-19"
"DE","15-34",2022-03-23,2022-03-14,"-9 day ahead inc hosp","quantile",0.75,1271,"COVID-19"
"DE","15-34",2022-03-23,2022-03-14,"-9 day ahead inc hosp","quantile",0.9,1307,"COVID-19"
"DE","15-34",2022-03-23,2022-03-14,"-9 day ahead inc hosp","quantile",0.975,1353,"COVID-19"
"DE","15-34",2022-03-23,2022-03-13,"-10 day ahead inc hosp","mean",NA,1229,"COVID-19"
"DE","15-34",2022-03-23,2022-03-13,"-10 day ahead inc hosp","quantile",0.025,1151,"COVID-19"
"DE","15-34",2022-03-23,2022-03-13,"-10 day ahead inc hosp","quantile",0.1,1172,"COVID-19"
"DE","15-34",2022-03-23,2022-03-13,"-10 day ahead inc hosp","quantile",0.25,1195,"COVID-19"
"DE","15-34",2022-03-23,2022-03-13,"-10 day ahead inc hosp","quantile",0.5,1224,"COVID-19"
"DE","15-34",2022-03-23,2022-03-13,"-10 day ahead inc hosp","quantile",0.75,1258,"COVID-19"
"DE","15-34",2022-03-23,2022-03-13,"-10 day ahead inc hosp","quantile",0.9,1293,"COVID-19"
"DE","15-34",2022-03-23,2022-03-13,"-10 day ahead inc hosp","quantile",0.975,1337,"COVID-19"
"DE","15-34",2022-03-23,2022-03-12,"-11 day ahead inc hosp","mean",NA,1221,"COVID-19"
"DE","15-34",2022-03-23,2022-03-12,"-11 day ahead inc hosp","quantile",0.025,1148,"COVID-19"
"DE","15-34",2022-03-23,2022-03-12,"-11 day ahead inc hosp","quantile",0.1,1168,"COVID-19"
"DE","15-34",2022-03-23,2022-03-12,"-11 day ahead inc hosp","quantile",0.25,1189,"COVID-19"
"DE","15-34",2022-03-23,2022-03-12,"-11 day ahead inc hosp","quantile",0.5,1216,"COVID-19"
"DE","15-34",2022-03-23,2022-03-12,"-11 day ahead inc hosp","quantile",0.75,1248,"COVID-19"
"DE","15-34",2022-03-23,2022-03-12,"-11 day ahead inc hosp","quantile",0.9,1281,"COVID-19"
"DE","15-34",2022-03-23,2022-03-12,"-11 day ahead inc hosp","quantile",0.975,1322,"COVID-19"
"DE","15-34",2022-03-23,2022-03-11,"-12 day ahead inc hosp","mean",NA,1226,"COVID-19"
"DE","15-34",2022-03-23,2022-03-11,"-12 day ahead inc hosp","quantile",0.025,1158,"COVID-19"
"DE","15-34",2022-03-23,2022-03-11,"-12 day ahead inc hosp","quantile",0.1,1177,"COVID-19"
"DE","15-34",2022-03-23,2022-03-11,"-12 day ahead inc hosp","quantile",0.25,1196,"COVID-19"
"DE","15-34",2022-03-23,2022-03-11,"-12 day ahead inc hosp","quantile",0.5,1222,"COVID-19"
"DE","15-34",2022-03-23,2022-03-11,"-12 day ahead inc hosp","quantile",0.75,1251,"COVID-19"
"DE","15-34",2022-03-23,2022-03-11,"-12 day ahead inc hosp","quantile",0.9,1281,"COVID-19"
"DE","15-34",2022-03-23,2022-03-11,"-12 day ahead inc hosp","quantile",0.975,1319,"COVID-19"
"DE","15-34",2022-03-23,2022-03-10,"-13 day ahead inc hosp","mean",NA,1193,"COVID-19"
"DE","15-34",2022-03-23,2022-03-10,"-13 day ahead inc hosp","quantile",0.025,1132,"COVID-19"
"DE","15-34",2022-03-23,2022-03-10,"-13 day ahead inc hosp","quantile",0.1,1148,"COVID-19"
"DE","15-34",2022-03-23,2022-03-10,"-13 day ahead inc hosp","quantile",0.25,1166,"COVID-19"
"DE","15-34",2022-03-23,2022-03-10,"-13 day ahead inc hosp","quantile",0.5,1189,"COVID-19"
"DE","15-34",2022-03-23,2022-03-10,"-13 day ahead inc hosp","quantile",0.75,1216,"COVID-19"
"DE","15-34",2022-03-23,2022-03-10,"-13 day ahead inc hosp","quantile",0.9,1243,"COVID-19"
"DE","15-34",2022-03-23,2022-03-10,"-13 day ahead inc hosp","quantile",0.975,1277,"COVID-19"
"DE","15-34",2022-03-23,2022-03-09,"-14 day ahead inc hosp","mean",NA,1176,"COVID-19"
"DE","15-34",2022-03-23,2022-03-09,"-14 day ahead inc hosp","quantile",0.025,1120,"COVID-19"
"DE","15-34",2022-03-23,2022-03-09,"-14 day ahead inc hosp","quantile",0.1,1135,"COVID-19"
"DE","15-34",2022-03-23,2022-03-09,"-14 day ahead inc hosp","quantile",0.25,1151,"COVID-19"
"DE","15-34",2022-03-23,2022-03-09,"-14 day ahead inc hosp","quantile",0.5,1172,"COVID-19"
"DE","15-34",2022-03-23,2022-03-09,"-14 day ahead inc hosp","quantile",0.75,1196,"COVID-19"
"DE","15-34",2022-03-23,2022-03-09,"-14 day ahead inc hosp","quantile",0.9,1222,"COVID-19"
"DE","15-34",2022-03-23,2022-03-09,"-14 day ahead inc hosp","quantile",0.975,1254,"COVID-19"
"DE","15-34",2022-03-23,2022-03-08,"-15 day ahead inc hosp","mean",NA,1120,"COVID-19"
"DE","15-34",2022-03-23,2022-03-08,"-15 day ahead inc hosp","quantile",0.025,1070,"COVID-19"
"DE","15-34",2022-03-23,2022-03-08,"-15 day ahead inc hosp","quantile",0.1,1083,"COVID-19"
"DE","15-34",2022-03-23,2022-03-08,"-15 day ahead inc hosp","quantile",0.25,1097,"COVID-19"
"DE","15-34",2022-03-23,2022-03-08,"-15 day ahead inc hosp","quantile",0.5,1116,"COVID-19"
"DE","15-34",2022-03-23,2022-03-08,"-15 day ahead inc hosp","quantile",0.75,1138,"COVID-19"
"DE","15-34",2022-03-23,2022-03-08,"-15 day ahead inc hosp","quantile",0.9,1161,"COVID-19"
"DE","15-34",2022-03-23,2022-03-08,"-15 day ahead inc hosp","quantile",0.975,1189,"COVID-19"
"DE","15-34",2022-03-23,2022-03-07,"-16 day ahead inc hosp","mean",NA,1095,"COVID-19"
"DE","15-34",2022-03-23,2022-03-07,"-16 day ahead inc hosp","quantile",0.025,1049,"COVID-19"
"DE","15-34",2022-03-23,2022-03-07,"-16 day ahead inc hosp","quantile",0.1,1061,"COVID-19"
"DE","15-34",2022-03-23,2022-03-07,"-16 day ahead inc hosp","quantile",0.25,1074,"COVID-19"
"DE","15-34",2022-03-23,2022-03-07,"-16 day ahead inc hosp","quantile",0.5,1091,"COVID-19"
"DE","15-34",2022-03-23,2022-03-07,"-16 day ahead inc hosp","quantile",0.75,1112,"COVID-19"
"DE","15-34",2022-03-23,2022-03-07,"-16 day ahead inc hosp","quantile",0.9,1133,"COVID-19"
"DE","15-34",2022-03-23,2022-03-07,"-16 day ahead inc hosp","quantile",0.975,1160,"COVID-19"
"DE","15-34",2022-03-23,2022-03-06,"-17 day ahead inc hosp","mean",NA,1062,"COVID-19"
"DE","15-34",2022-03-23,2022-03-06,"-17 day ahead inc hosp","quantile",0.025,1018,"COVID-19"
"DE","15-34",2022-03-23,2022-03-06,"-17 day ahead inc hosp","quantile",0.1,1029,"COVID-19"
"DE","15-34",2022-03-23,2022-03-06,"-17 day ahead inc hosp","quantile",0.25,1042,"COVID-19"
"DE","15-34",2022-03-23,2022-03-06,"-17 day ahead inc hosp","quantile",0.5,1059,"COVID-19"
"DE","15-34",2022-03-23,2022-03-06,"-17 day ahead inc hosp","quantile",0.75,1079,"COVID-19"
"DE","15-34",2022-03-23,2022-03-06,"-17 day ahead inc hosp","quantile",0.9,1100,"COVID-19"
"DE","15-34",2022-03-23,2022-03-06,"-17 day ahead inc hosp","quantile",0.975,1126,"COVID-19"
"DE","15-34",2022-03-23,2022-03-05,"-18 day ahead inc hosp","mean",NA,1038,"COVID-19"
"DE","15-34",2022-03-23,2022-03-05,"-18 day ahead inc hosp","quantile",0.025,996,"COVID-19"
"DE","15-34",2022-03-23,2022-03-05,"-18 day ahead inc hosp","quantile",0.1,1006,"COVID-19"
"DE","15-34",2022-03-23,2022-03-05,"-18 day ahead inc hosp","quantile",0.25,1018,"COVID-19"
"DE","15-34",2022-03-23,2022-03-05,"-18 day ahead inc hosp","quantile",0.5,1035,"COVID-19"
"DE","15-34",2022-03-23,2022-03-05,"-18 day ahead inc hosp","quantile",0.75,1054,"COVID-19"
"DE","15-34",2022-03-23,2022-03-05,"-18 day ahead inc hosp","quantile",0.9,1075,"COVID-19"
"DE","15-34",2022-03-23,2022-03-05,"-18 day ahead inc hosp","quantile",0.975,1101,"COVID-19"
"DE","15-34",2022-03-23,2022-03-04,"-19 day ahead inc hosp","mean",NA,1020,"COVID-19"
"DE","15-34",2022-03-23,2022-03-04,"-19 day ahead inc hosp","quantile",0.025,980,"COVID-19"
"DE","15-34",2022-03-23,2022-03-04,"-19 day ahead inc hosp","quantile",0.1,990,"COVID-19"
"DE","15-34",2022-03-23,2022-03-04,"-19 day ahead inc hosp","quantile",0.25,1001,"COVID-19"
"DE","15-34",2022-03-23,2022-03-04,"-19 day ahead inc hosp","quantile",0.5,1016,"COVID-19"
"DE","15-34",2022-03-23,2022-03-04,"-19 day ahead inc hosp","quantile",0.75,1035,"COVID-19"
"DE","15-34",2022-03-23,2022-03-04,"-19 day ahead inc hosp","quantile",0.9,1054,"COVID-19"
"DE","15-34",2022-03-23,2022-03-04,"-19 day ahead inc hosp","quantile",0.975,1080,"COVID-19"
"DE","15-34",2022-03-23,2022-03-03,"-20 day ahead inc hosp","mean",NA,1023,"COVID-19"
"DE","15-34",2022-03-23,2022-03-03,"-20 day ahead inc hosp","quantile",0.025,985,"COVID-19"
"DE","15-34",2022-03-23,2022-03-03,"-20 day ahead inc hosp","quantile",0.1,994,"COVID-19"
"DE","15-34",2022-03-23,2022-03-03,"-20 day ahead inc hosp","quantile",0.25,1005,"COVID-19"
"DE","15-34",2022-03-23,2022-03-03,"-20 day ahead inc hosp","quantile",0.5,1019,"COVID-19"
"DE","15-34",2022-03-23,2022-03-03,"-20 day ahead inc hosp","quantile",0.75,1037,"COVID-19"
"DE","15-34",2022-03-23,2022-03-03,"-20 day ahead inc hosp","quantile",0.9,1056,"COVID-19"
"DE","15-34",2022-03-23,2022-03-03,"-20 day ahead inc hosp","quantile",0.975,1081,"COVID-19"
"DE","15-34",2022-03-23,2022-03-02,"-21 day ahead inc hosp","mean",NA,1031,"COVID-19"
"DE","15-34",2022-03-23,2022-03-02,"-21 day ahead inc hosp","quantile",0.025,995,"COVID-19"
"DE","15-34",2022-03-23,2022-03-02,"-21 day ahead inc hosp","quantile",0.1,1003,"COVID-19"
"DE","15-34",2022-03-23,2022-03-02,"-21 day ahead inc hosp","quantile",0.25,1013,"COVID-19"
"DE","15-34",2022-03-23,2022-03-02,"-21 day ahead inc hosp","quantile",0.5,1027,"COVID-19"
"DE","15-34",2022-03-23,2022-03-02,"-21 day ahead inc hosp","quantile",0.75,1045,"COVID-19"
"DE","15-34",2022-03-23,2022-03-02,"-21 day ahead inc hosp","quantile",0.9,1063,"COVID-19"
"DE","15-34",2022-03-23,2022-03-02,"-21 day ahead inc hosp","quantile",0.975,1088,"COVID-19"
"DE","15-34",2022-03-23,2022-03-01,"-22 day ahead inc hosp","mean",NA,1049,"COVID-19"
"DE","15-34",2022-03-23,2022-03-01,"-22 day ahead inc hosp","quantile",0.025,1015,"COVID-19"
"DE","15-34",2022-03-23,2022-03-01,"-22 day ahead inc hosp","quantile",0.1,1023,"COVID-19"
"DE","15-34",2022-03-23,2022-03-01,"-22 day ahead inc hosp","quantile",0.25,1032,"COVID-19"
"DE","15-34",2022-03-23,2022-03-01,"-22 day ahead inc hosp","quantile",0.5,1046,"COVID-19"
"DE","15-34",2022-03-23,2022-03-01,"-22 day ahead inc hosp","quantile",0.75,1063,"COVID-19"
"DE","15-34",2022-03-23,2022-03-01,"-22 day ahead inc hosp","quantile",0.9,1081,"COVID-19"
"DE","15-34",2022-03-23,2022-03-01,"-22 day ahead inc hosp","quantile",0.975,1106,"COVID-19"
"DE","15-34",2022-03-23,2022-02-28,"-23 day ahead inc hosp","mean",NA,1095,"COVID-19"
"DE","15-34",2022-03-23,2022-02-28,"-23 day ahead inc hosp","quantile",0.025,1060,"COVID-19"
"DE","15-34",2022-03-23,2022-02-28,"-23 day ahead inc hosp","quantile",0.1,1068,"COVID-19"
"DE","15-34",2022-03-23,2022-02-28,"-23 day ahead inc hosp","quantile",0.25,1077,"COVID-19"
"DE","15-34",2022-03-23,2022-02-28,"-23 day ahead inc hosp","quantile",0.5,1090,"COVID-19"
"DE","15-34",2022-03-23,2022-02-28,"-23 day ahead inc hosp","quantile",0.75,1108,"COVID-19"
"DE","15-34",2022-03-23,2022-02-28,"-23 day ahead inc hosp","quantile",0.9,1127,"COVID-19"
"DE","15-34",2022-03-23,2022-02-28,"-23 day ahead inc hosp","quantile",0.975,1152,"COVID-19"
"DE","15-34",2022-03-23,2022-02-27,"-24 day ahead inc hosp","mean",NA,1111,"COVID-19"
"DE","15-34",2022-03-23,2022-02-27,"-24 day ahead inc hosp","quantile",0.025,1077,"COVID-19"
"DE","15-34",2022-03-23,2022-02-27,"-24 day ahead inc hosp","quantile",0.1,1084,"COVID-19"
"DE","15-34",2022-03-23,2022-02-27,"-24 day ahead inc hosp","quantile",0.25,1093,"COVID-19"
"DE","15-34",2022-03-23,2022-02-27,"-24 day ahead inc hosp","quantile",0.5,1107,"COVID-19"
"DE","15-34",2022-03-23,2022-02-27,"-24 day ahead inc hosp","quantile",0.75,1125,"COVID-19"
"DE","15-34",2022-03-23,2022-02-27,"-24 day ahead inc hosp","quantile",0.9,1144,"COVID-19"
"DE","15-34",2022-03-23,2022-02-27,"-24 day ahead inc hosp","quantile",0.975,1171,"COVID-19"
"DE","15-34",2022-03-23,2022-02-26,"-25 day ahead inc hosp","mean",NA,1127,"COVID-19"
"DE","15-34",2022-03-23,2022-02-26,"-25 day ahead inc hosp","quantile",0.025,1093,"COVID-19"
"DE","15-34",2022-03-23,2022-02-26,"-25 day ahead inc hosp","quantile",0.1,1100,"COVID-19"
"DE","15-34",2022-03-23,2022-02-26,"-25 day ahead inc hosp","quantile",0.25,1109,"COVID-19"
"DE","15-34",2022-03-23,2022-02-26,"-25 day ahead inc hosp","quantile",0.5,1123,"COVID-19"
"DE","15-34",2022-03-23,2022-02-26,"-25 day ahead inc hosp","quantile",0.75,1141,"COVID-19"
"DE","15-34",2022-03-23,2022-02-26,"-25 day ahead inc hosp","quantile",0.9,1160,"COVID-19"
"DE","15-34",2022-03-23,2022-02-26,"-25 day ahead inc hosp","quantile",0.975,1187,"COVID-19"
"DE","15-34",2022-03-23,2022-02-25,"-26 day ahead inc hosp","mean",NA,1138,"COVID-19"
"DE","15-34",2022-03-23,2022-02-25,"-26 day ahead inc hosp","quantile",0.025,1105,"COVID-19"
"DE","15-34",2022-03-23,2022-02-25,"-26 day ahead inc hosp","quantile",0.1,1112,"COVID-19"
"DE","15-34",2022-03-23,2022-02-25,"-26 day ahead inc hosp","quantile",0.25,1121,"COVID-19"
"DE","15-34",2022-03-23,2022-02-25,"-26 day ahead inc hosp","quantile",0.5,1134,"COVID-19"
"DE","15-34",2022-03-23,2022-02-25,"-26 day ahead inc hosp","quantile",0.75,1151,"COVID-19"
"DE","15-34",2022-03-23,2022-02-25,"-26 day ahead inc hosp","quantile",0.9,1170,"COVID-19"
"DE","15-34",2022-03-23,2022-02-25,"-26 day ahead inc hosp","quantile",0.975,1196,"COVID-19"
"DE","15-34",2022-03-23,2022-02-24,"-27 day ahead inc hosp","mean",NA,1147,"COVID-19"
"DE","15-34",2022-03-23,2022-02-24,"-27 day ahead inc hosp","quantile",0.025,1116,"COVID-19"
"DE","15-34",2022-03-23,2022-02-24,"-27 day ahead inc hosp","quantile",0.1,1122,"COVID-19"
"DE","15-34",2022-03-23,2022-02-24,"-27 day ahead inc hosp","quantile",0.25,1131,"COVID-19"
"DE","15-34",2022-03-23,2022-02-24,"-27 day ahead inc hosp","quantile",0.5,1143,"COVID-19"
"DE","15-34",2022-03-23,2022-02-24,"-27 day ahead inc hosp","quantile",0.75,1159,"COVID-19"
"DE","15-34",2022-03-23,2022-02-24,"-27 day ahead inc hosp","quantile",0.9,1177,"COVID-19"
"DE","15-34",2022-03-23,2022-02-24,"-27 day ahead inc hosp","quantile",0.975,1201,"COVID-19"
"DE","15-34",2022-03-23,2022-02-23,"-28 day ahead inc hosp","mean",NA,1138,"COVID-19"
"DE","15-34",2022-03-23,2022-02-23,"-28 day ahead inc hosp","quantile",0.025,1110,"COVID-19"
"DE","15-34",2022-03-23,2022-02-23,"-28 day ahead inc hosp","quantile",0.1,1116,"COVID-19"
"DE","15-34",2022-03-23,2022-02-23,"-28 day ahead inc hosp","quantile",0.25,1123,"COVID-19"
"DE","15-34",2022-03-23,2022-02-23,"-28 day ahead inc hosp","quantile",0.5,1135,"COVID-19"
"DE","15-34",2022-03-23,2022-02-23,"-28 day ahead inc hosp","quantile",0.75,1149,"COVID-19"
"DE","15-34",2022-03-23,2022-02-23,"-28 day ahead inc hosp","quantile",0.9,1166,"COVID-19"
"DE","15-34",2022-03-23,2022-02-23,"-28 day ahead inc hosp","quantile",0.975,1188,"COVID-19"
"DE","35-59",2022-03-23,2022-03-23,"0 day ahead inc hosp","mean",NA,1988,"COVID-19"
"DE","35-59",2022-03-23,2022-03-23,"0 day ahead inc hosp","quantile",0.025,1487,"COVID-19"
"DE","35-59",2022-03-23,2022-03-23,"0 day ahead inc hosp","quantile",0.1,1625,"COVID-19"
"DE","35-59",2022-03-23,2022-03-23,"0 day ahead inc hosp","quantile",0.25,1770,"COVID-19"
"DE","35-59",2022-03-23,2022-03-23,"0 day ahead inc hosp","quantile",0.5,1957,"COVID-19"
"DE","35-59",2022-03-23,2022-03-23,"0 day ahead inc hosp","quantile",0.75,2172,"COVID-19"
"DE","35-59",2022-03-23,2022-03-23,"0 day ahead inc hosp","quantile",0.9,2391,"COVID-19"
"DE","35-59",2022-03-23,2022-03-23,"0 day ahead inc hosp","quantile",0.975,2666,"COVID-19"
"DE","35-59",2022-03-23,2022-03-22,"-1 day ahead inc hosp","mean",NA,1957,"COVID-19"
"DE","35-59",2022-03-23,2022-03-22,"-1 day ahead inc hosp","quantile",0.025,1554,"COVID-19"
"DE","35-59",2022-03-23,2022-03-22,"-1 day ahead inc hosp","quantile",0.1,1663,"COVID-19"
"DE","35-59",2022-03-23,2022-03-22,"-1 day ahead inc hosp","quantile",0.25,1780,"COVID-19"
"DE","35-59",2022-03-23,2022-03-22,"-1 day ahead inc hosp","quantile",0.5,1931,"COVID-19"
"DE","35-59",2022-03-23,2022-03-22,"-1 day ahead inc hosp","quantile",0.75,2106,"COVID-19"
"DE","35-59",2022-03-23,2022-03-22,"-1 day ahead inc hosp","quantile",0.9,2285,"COVID-19"
"DE","35-59",2022-03-23,2022-03-22,"-1 day ahead inc hosp","quantile",0.975,2511,"COVID-19"
"DE","35-59",2022-03-23,2022-03-21,"-2 day ahead inc hosp","mean",NA,1947,"COVID-19"
"DE","35-59",2022-03-23,2022-03-21,"-2 day ahead inc hosp","quantile",0.025,1617,"COVID-19"
"DE","35-59",2022-03-23,2022-03-21,"-2 day ahead inc hosp","quantile",0.1,1707,"COVID-19"
"DE","35-59",2022-03-23,2022-03-21,"-2 day ahead inc hosp","quantile",0.25,1802,"COVID-19"
"DE","35-59",2022-03-23,2022-03-21,"-2 day ahead inc hosp","quantile",0.5,1925,"COVID-19"
"DE","35-59",2022-03-23,2022-03-21,"-2 day ahead inc hosp","quantile",0.75,2069,"COVID-19"
"DE","35-59",2022-03-23,2022-03-21,"-2 day ahead inc hosp","quantile",0.9,2215,"COVID-19"
"DE","35-59",2022-03-23,2022-03-21,"-2 day ahead inc hosp","quantile",0.975,2401,"COVID-19"
"DE","35-59",2022-03-23,2022-03-20,"-3 day ahead inc hosp","mean",NA,1965,"COVID-19"
"DE","35-59",2022-03-23,2022-03-20,"-3 day ahead inc hosp","quantile",0.025,1653,"COVID-19"
"DE","35-59",2022-03-23,2022-03-20,"-3 day ahead inc hosp","quantile",0.1,1738,"COVID-19"
"DE","35-59",2022-03-23,2022-03-20,"-3 day ahead inc hosp","quantile",0.25,1828,"COVID-19"
"DE","35-59",2022-03-23,2022-03-20,"-3 day ahead inc hosp","quantile",0.5,1945,"COVID-19"
"DE","35-59",2022-03-23,2022-03-20,"-3 day ahead inc hosp","quantile",0.75,2080,"COVID-19"
"DE","35-59",2022-03-23,2022-03-20,"-3 day ahead inc hosp","quantile",0.9,2218,"COVID-19"
"DE","35-59",2022-03-23,2022-03-20,"-3 day ahead inc hosp","quantile",0.975,2392,"COVID-19"
"DE","35-59",2022-03-23,2022-03-19,"-4 day ahead inc hosp","mean",NA,2009,"COVID-19"
"DE","35-59",2022-03-23,2022-03-19,"-4 day ahead inc hosp","quantile",0.025,1712,"COVID-19"
"DE","35-59",2022-03-23,2022-03-19,"-4 day ahead inc hosp","quantile",0.1,1794,"COVID-19"
"DE","35-59",2022-03-23,2022-03-19,"-4 day ahead inc hosp","quantile",0.25,1880,"COVID-19"
"DE","35-59",2022-03-23,2022-03-19,"-4 day ahead inc hosp","quantile",0.5,1990,"COVID-19"
"DE","35-59",2022-03-23,2022-03-19,"-4 day ahead inc hosp","quantile",0.75,2118,"COVID-19"
"DE","35-59",2022-03-23,2022-03-19,"-4 day ahead inc hosp","quantile",0.9,2249,"COVID-19"
"DE","35-59",2022-03-23,2022-03-19,"-4 day ahead inc hosp","quantile",0.975,2413,"COVID-19"
"DE","35-59",2022-03-23,2022-03-18,"-5 day ahead inc hosp","mean",NA,1990,"COVID-19"
"DE","35-59",2022-03-23,2022-03-18,"-5 day ahead inc hosp","quantile",0.025,1732,"COVID-19"
"DE","35-59",2022-03-23,2022-03-18,"-5 day ahead inc hosp","quantile",0.1,1803,"COVID-19"
"DE","35-59",2022-03-23,2022-03-18,"-5 day ahead inc hosp","quantile",0.25,1878,"COVID-19"
"DE","35-59",2022-03-23,2022-03-18,"-5 day ahead inc hosp","quantile",0.5,1974,"COVID-19"
"DE","35-59",2022-03-23,2022-03-18,"-5 day ahead inc hosp","quantile",0.75,2084,"COVID-19"
"DE","35-59",2022-03-23,2022-03-18,"-5 day ahead inc hosp","quantile",0.9,2197,"COVID-19"
"DE","35-59",2022-03-23,2022-03-18,"-5 day ahead inc hosp","quantile",0.975,2338,"COVID-19"
"DE","35-59",2022-03-23,2022-03-17,"-6 day ahead inc hosp","mean",NA,2026,"COVID-19"
"DE","35-59",2022-03-23,2022-03-17,"-6 day ahead inc hosp","quantile",0.025,1798,"COVID-19"
"DE","35-59",2022-03-23,2022-03-17,"-6 day ahead inc hosp","quantile",0.1,1861,"COVID-19"
"DE","35-59",2022-03-23,2022-03-17,"-6 day ahead inc hosp","quantile",0.25,1928,"COVID-19"
"DE","35-59",2022-03-23,2022-03-17,"-6 day ahead inc hosp","quantile",0.5,2012,"COVID-19"
"DE","35-59",2022-03-23,2022-03-17,"-6 day ahead inc hosp","quantile",0.75,2110,"COVID-19"
"DE","35-59",2022-03-23,2022-03-17,"-6 day ahead inc hosp","quantile",0.9,2208,"COVID-19"
"DE","35-59",2022-03-23,2022-03-17,"-6 day ahead inc hosp","quantile",0.975,2332,"COVID-19"
"DE","35-59",2022-03-23,2022-03-16,"-7 day ahead inc hosp","mean",NA,2008,"COVID-19"
"DE","35-59",2022-03-23,2022-03-16,"-7 day ahead inc hosp","quantile",0.025,1810,"COVID-19"
"DE","35-59",2022-03-23,2022-03-16,"-7 day ahead inc hosp","quantile",0.1,1865,"COVID-19"
"DE","35-59",2022-03-23,2022-03-16,"-7 day ahead inc hosp","quantile",0.25,1923,"COVID-19"
"DE","35-59",2022-03-23,2022-03-16,"-7 day ahead inc hosp","quantile",0.5,1997,"COVID-19"
"DE","35-59",2022-03-23,2022-03-16,"-7 day ahead inc hosp","quantile",0.75,2081,"COVID-19"
"DE","35-59",2022-03-23,2022-03-16,"-7 day ahead inc hosp","quantile",0.9,2167,"COVID-19"
"DE","35-59",2022-03-23,2022-03-16,"-7 day ahead inc hosp","quantile",0.975,2274,"COVID-19"
"DE","35-59",2022-03-23,2022-03-15,"-8 day ahead inc hosp","mean",NA,1972,"COVID-19"
"DE","35-59",2022-03-23,2022-03-15,"-8 day ahead inc hosp","quantile",0.025,1801,"COVID-19"
"DE","35-59",2022-03-23,2022-03-15,"-8 day ahead inc hosp","quantile",0.1,1848,"COVID-19"
"DE","35-59",2022-03-23,2022-03-15,"-8 day ahead inc hosp","quantile",0.25,1898,"COVID-19"
"DE","35-59",2022-03-23,2022-03-15,"-8 day ahead inc hosp","quantile",0.5,1961,"COVID-19"
"DE","35-59",2022-03-23,2022-03-15,"-8 day ahead inc hosp","quantile",0.75,2034,"COVID-19"
"DE","35-59",2022-03-23,2022-03-15,"-8 day ahead inc hosp","quantile",0.9,2108,"COVID-19"
"DE","35-59",2022-03-23,2022-03-15,"-8 day ahead inc hosp","quantile",0.975,2201,"COVID-19"
"DE","35-59",2022-03-23,2022-03-14,"-9 day ahead inc hosp","mean",NA,1857,"COVID-19"
"DE","35-59",2022-03-23,2022-03-14,"-9 day ahead inc hosp","quantile",0.025,1715,"COVID-19"
"DE","35-59",2022-03-23,2022-03-14,"-9 day ahead inc hosp","quantile",0.1,1754,"COVID-19"
"DE","35-59",2022-03-23,2022-03-14,"-9 day ahead inc hosp","quantile",0.25,1795,"COVID-19"
"DE","35-59",2022-03-23,2022-03-14,"-9 day ahead inc hosp","quantile",0.5,1848,"COVID-19"
"DE","35-59",2022-03-23,2022-03-14,"-9 day ahead inc hosp","quantile",0.75,1909,"COVID-19"
"DE","35-59",2022-03-23,2022-03-14,"-9 day ahead inc hosp","quantile",0.9,1970,"COVID-19"
"DE","35-59",2022-03-23,2022-03-14,"-9 day ahead inc hosp","quantile",0.975,2047,"COVID-19"
"DE","35-59",2022-03-23,2022-03-13,"-10 day ahead inc hosp","mean",NA,1844,"COVID-19"
"DE","35-59",2022-03-23,2022-03-13,"-10 day ahead inc hosp","quantile",0.025,1709,"COVID-19"
"DE","35-59",2022-03-23,2022-03-13,"-10 day ahead inc hosp","quantile",0.1,1746,"COVID-19"
"DE","35-59",2022-03-23,2022-03-13,"-10 day ahead inc hosp","quantile",0.25,1785,"COVID-19"
"DE","35-59",2022-03-23,2022-03-13,"-10 day ahead inc hosp","quantile",0.5,1836,"COVID-19"
"DE","35-59",2022-03-23,2022-03-13,"-10 day ahead inc hosp","quantile",0.75,1894,"COVID-19"
"DE","35-59",2022-03-23,2022-03-13,"-10 day ahead inc hosp","quantile",0.9,1953,"COVID-19"
"DE","35-59",2022-03-23,2022-03-13,"-10 day ahead inc hosp","quantile",0.975,2027,"COVID-19"
"DE","35-59",2022-03-23,2022-03-12,"-11 day ahead inc hosp","mean",NA,1831,"COVID-19"
"DE","35-59",2022-03-23,2022-03-12,"-11 day ahead inc hosp","quantile",0.025,1703,"COVID-19"
"DE","35-59",2022-03-23,2022-03-12,"-11 day ahead inc hosp","quantile",0.1,1738,"COVID-19"
"DE","35-59",2022-03-23,2022-03-12,"-11 day ahead inc hosp","quantile",0.25,1775,"COVID-19"
"DE","35-59",2022-03-23,2022-03-12,"-11 day ahead inc hosp","quantile",0.5,1823,"COVID-19"
"DE","35-59",2022-03-23,2022-03-12,"-11 day ahead inc hosp","quantile",0.75,1878,"COVID-19"
"DE","35-59",2022-03-23,2022-03-12,"-11 day ahead inc hosp","quantile",0.9,1934,"COVID-19"
"DE","35-59",2022-03-23,2022-03-12,"-11 day ahead inc hosp","quantile",0.975,2004,"COVID-19"
"DE","35-59",2022-03-23,2022-03-11,"-12 day ahead inc hosp","mean",NA,1824,"COVID-19"
"DE","35-59",2022-03-23,2022-03-11,"-12 day ahead inc hosp","quantile",0.025,1706,"COVID-19"
"DE","35-59",2022-03-23,2022-03-11,"-12 day ahead inc hosp","quantile",0.1,1739,"COVID-19"
"DE","35-59",2022-03-23,2022-03-11,"-12 day ahead inc hosp","quantile",0.25,1772,"COVID-19"
"DE","35-59",2022-03-23,2022-03-11,"-12 day ahead inc hosp","quantile",0.5,1816,"COVID-19"
"DE","35-59",2022-03-23,2022-03-11,"-12 day ahead inc hosp","quantile",0.75,1867,"COVID-19"
"DE","35-59",2022-03-23,2022-03-11,"-12 day ahead inc hosp","quantile",0.9,1918,"COVID-19"
"DE","35-59",2022-03-23,2022-03-11,"-12 day ahead inc hosp","quantile",0.975,1983,"COVID-19"
"DE","35-59",2022-03-23,2022-03-10,"-13 day ahead inc hosp","mean",NA,1764,"COVID-19"
"DE","35-59",2022-03-23,2022-03-10,"-13 day ahead inc hosp","quantile",0.025,1659,"COVID-19"
"DE","35-59",2022-03-23,2022-03-10,"-13 day ahead inc hosp","quantile",0.1,1687,"COVID-19"
"DE","35-59",2022-03-23,2022-03-10,"-13 day ahead inc hosp","quantile",0.25,1718,"COVID-19"
"DE","35-59",2022-03-23,2022-03-10,"-13 day ahead inc hosp","quantile",0.5,1757,"COVID-19"
"DE","35-59",2022-03-23,2022-03-10,"-13 day ahead inc hosp","quantile",0.75,1803,"COVID-19"
"DE","35-59",2022-03-23,2022-03-10,"-13 day ahead inc hosp","quantile",0.9,1850,"COVID-19"
"DE","35-59",2022-03-23,2022-03-10,"-13 day ahead inc hosp","quantile",0.975,1909,"COVID-19"
"DE","35-59",2022-03-23,2022-03-09,"-14 day ahead inc hosp","mean",NA,1725,"COVID-19"
"DE","35-59",2022-03-23,2022-03-09,"-14 day ahead inc hosp","quantile",0.025,1632,"COVID-19"
"DE","35-59",2022-03-23,2022-03-09,"-14 day ahead inc hosp","quantile",0.1,1658,"COVID-19"
"DE","35-59",2022-03-23,2022-03-09,"-14 day ahead inc hosp","quantile",0.25,1684,"COVID-19"
"DE","35-59",2022-03-23,2022-03-09,"-14 day ahead inc hosp","quantile",0.5,1719,"COVID-19"
"DE","35-59",2022-03-23,2022-03-09,"-14 day ahead inc hosp","quantile",0.75,1760,"COVID-19"
"DE","35-59",2022-03-23,2022-03-09,"-14 day ahead inc hosp","quantile",0.9,1801,"COVID-19"
"DE","35-59",2022-03-23,2022-03-09,"-14 day ahead inc hosp","quantile",0.975,1853,"COVID-19"
"DE","35-59",2022-03-23,2022-03-08,"-15 day ahead inc hosp","mean",NA,1672,"COVID-19"
"DE","35-59",2022-03-23,2022-03-08,"-15 day ahead inc hosp","quantile",0.025,1593,"COVID-19"
"DE","35-59",2022-03-23,2022-03-08,"-15 day ahead inc hosp","quantile",0.1,1614,"COVID-19"
"DE","35-59",2022-03-23,2022-03-08,"-15 day ahead inc hosp","quantile",0.25,1637,"COVID-19"
"DE","35-59",2022-03-23,2022-03-08,"-15 day ahead inc hosp","quantile",0.5,1667,"COVID-19"
"DE","35-59",2022-03-23,2022-03-08,"-15 day ahead inc hosp","quantile",0.75,1701,"COVID-19"
"DE","35-59",2022-03-23,2022-03-08,"-15 day ahead inc hosp","quantile",0.9,1736,"COVID-19"
"DE","35-59",2022-03-23,2022-03-08,"-15 day ahead inc hosp","quantile",0.975,1780,"COVID-19"
"DE","35-59",2022-03-23,2022-03-07,"-16 day ahead inc hosp","mean",NA,1689,"COVID-19"
"DE","35-59",2022-03-23,2022-03-07,"-16 day ahead inc hosp","quantile",0.025,1617,"COVID-19"
"DE","35-59",2022-03-23,2022-03-07,"-16 day ahead inc hosp","quantile",0.1,1637,"COVID-19"
"DE","35-59",2022-03-23,2022-03-07,"-16 day ahead inc hosp","quantile",0.25,1658,"COVID-19"
"DE","35-59",2022-03-23,2022-03-07,"-16 day ahead inc hosp","quantile",0.5,1685,"COVID-19"
"DE","35-59",2022-03-23,2022-03-07,"-16 day ahead inc hosp","quantile",0.75,1715,"COVID-19"
"DE","35-59",2022-03-23,2022-03-07,"-16 day ahead inc hosp","quantile",0.9,1747,"COVID-19"
"DE","35-59",2022-03-23,2022-03-07,"-16 day ahead inc hosp","quantile",0.975,1786,"COVID-19"
"DE","35-59",2022-03-23,2022-03-06,"-17 day ahead inc hosp","mean",NA,1679,"COVID-19"
"DE","35-59",2022-03-23,2022-03-06,"-17 day ahead inc hosp","quantile",0.025,1609,"COVID-19"
"DE","35-59",2022-03-23,2022-03-06,"-17 day ahead inc hosp","quantile",0.1,1629,"COVID-19"
"DE","35-59",2022-03-23,2022-03-06,"-17 day ahead inc hosp","quantile",0.25,1649,"COVID-19"
"DE","35-59",2022-03-23,2022-03-06,"-17 day ahead inc hosp","quantile",0.5,1674,"COVID-19"
"DE","35-59",2022-03-23,2022-03-06,"-17 day ahead inc hosp","quantile",0.75,1704,"COVID-19"
"DE","35-59",2022-03-23,2022-03-06,"-17 day ahead inc hosp","quantile",0.9,1734,"COVID-19"
"DE","35-59",2022-03-23,2022-03-06,"-17 day ahead inc hosp","quantile",0.975,1772,"COVID-19"
"DE","35-59",2022-03-23,2022-03-05,"-18 day ahead inc hosp","mean",NA,1697,"COVID-19"
"DE","35-59",2022-03-23,2022-03-05,"-18 day ahead inc hosp","quantile",0.025,1630,"COVID-19"
"DE","35-59",2022-03-23,2022-03-05,"-18 day ahead inc hosp","quantile",0.1,1649,"COVID-19"
"DE","35-59",2022-03-23,2022-03-05,"-18 day ahead inc hosp","quantile",0.25,1668,"COVID-19"
"DE","35-59",2022-03-23,2022-03-05,"-18 day ahead inc hosp","quantile",0.5,1693,"COVID-19"
"DE","35-59",2022-03-23,2022-03-05,"-18 day ahead inc hosp","quantile",0.75,1722,"COVID-19"
"DE","35-59",2022-03-23,2022-03-05,"-18 day ahead inc hosp","quantile",0.9,1751,"COVID-19"
"DE","35-59",2022-03-23,2022-03-05,"-18 day ahead inc hosp","quantile",0.975,1788,"COVID-19"
"DE","35-59",2022-03-23,2022-03-04,"-19 day ahead inc hosp","mean",NA,1665,"COVID-19"
"DE","35-59",2022-03-23,2022-03-04,"-19 day ahead inc hosp","quantile",0.025,1602,"COVID-19"
"DE","35-59",2022-03-23,2022-03-04,"-19 day ahead inc hosp","quantile",0.1,1619,"COVID-19"
"DE","35-59",2022-03-23,2022-03-04,"-19 day ahead inc hosp","quantile",0.25,1637,"COVID-19"
"DE","35-59",2022-03-23,2022-03-04,"-19 day ahead inc hosp","quantile",0.5,1660,"COVID-19"
"DE","35-59",2022-03-23,2022-03-04,"-19 day ahead inc hosp","quantile",0.75,1687,"COVID-19"
"DE","35-59",2022-03-23,2022-03-04,"-19 day ahead inc hosp","quantile",0.9,1715,"COVID-19"
"DE","35-59",2022-03-23,2022-03-04,"-19 day ahead inc hosp","quantile",0.975,1750,"COVID-19"
"DE","35-59",2022-03-23,2022-03-03,"-20 day ahead inc hosp","mean",NA,1699,"COVID-19"
"DE","35-59",2022-03-23,2022-03-03,"-20 day ahead inc hosp","quantile",0.025,1639,"COVID-19"
"DE","35-59",2022-03-23,2022-03-03,"-20 day ahead inc hosp","quantile",0.1,1655,"COVID-19"
"DE","35-59",2022-03-23,2022-03-03,"-20 day ahead inc hosp","quantile",0.25,1672,"COVID-19"
"DE","35-59",2022-03-23,2022-03-03,"-20 day ahead inc hosp","quantile",0.5,1695,"COVID-19"
"DE","35-59",2022-03-23,2022-03-03,"-20 day ahead inc hosp","quantile",0.75,1721,"COVID-19"
"DE","35-59",2022-03-23,2022-03-03,"-20 day ahead inc hosp","quantile",0.9,1748,"COVID-19"
"DE","35-59",2022-03-23,2022-03-03,"-20 day ahead inc hosp","quantile",0.975,1782,"COVID-19"
"DE","35-59",2022-03-23,2022-03-02,"-21 day ahead inc hosp","mean",NA,1713,"COVID-19"
"DE","35-59",2022-03-23,2022-03-02,"-21 day ahead inc hosp","quantile",0.025,1655,"COVID-19"
"DE","35-59",2022-03-23,2022-03-02,"-21 day ahead inc hosp","quantile",0.1,1670,"COVID-19"
"DE","35-59",2022-03-23,2022-03-02,"-21 day ahead inc hosp","quantile",0.25,1687,"COVID-19"
"DE","35-59",2022-03-23,2022-03-02,"-21 day ahead inc hosp","quantile",0.5,1708,"COVID-19"
"DE","35-59",2022-03-23,2022-03-02,"-21 day ahead inc hosp","quantile",0.75,1734,"COVID-19"
"DE","35-59",2022-03-23,2022-03-02,"-21 day ahead inc hosp","quantile",0.9,1760,"COVID-19"
"DE","35-59",2022-03-23,2022-03-02,"-21 day ahead inc hosp","quantile",0.975,1794,"COVID-19"
"DE","35-59",2022-03-23,2022-03-01,"-22 day ahead inc hosp","mean",NA,1776,"COVID-19"
"DE","35-59",2022-03-23,2022-03-01,"-22 day ahead inc hosp","quantile",0.025,1720,"COVID-19"
"DE","35-59",2022-03-23,2022-03-01,"-22 day ahead inc hosp","quantile",0.1,1735,"COVID-19"
"DE","35-59",2022-03-23,2022-03-01,"-22 day ahead inc hosp","quantile",0.25,1751,"COVID-19"
"DE","35-59",2022-03-23,2022-03-01,"-22 day ahead inc hosp","quantile",0.5,1772,"COVID-19"
"DE","35-59",2022-03-23,2022-03-01,"-22 day ahead inc hosp","quantile",0.75,1797,"COVID-19"
"DE","35-59",2022-03-23,2022-03-01,"-22 day ahead inc hosp","quantile",0.9,1823,"COVID-19"
"DE","35-59",2022-03-23,2022-03-01,"-22 day ahead inc hosp","quantile",0.975,1856,"COVID-19"
"DE","35-59",2022-03-23,2022-02-28,"-23 day ahead inc hosp","mean",NA,1811,"COVID-19"
"DE","35-59",2022-03-23,2022-02-28,"-23 day ahead inc hosp","quantile",0.025,1758,"COVID-19"
"DE","35-59",2022-03-23,2022-02-28,"-23 day ahead inc hosp","quantile",0.1,1771,"COVID-19"
"DE","35-59",2022-03-23,2022-02-28,"-23 day ahead inc hosp","quantile",0.25,1786,"COVID-19"
"DE","35-59",2022-03-23,2022-02-28,"-23 day ahead inc hosp","quantile",0.5,1806,"COVID-19"
"DE","35-59",2022-03-23,2022-02-28,"-23 day ahead inc hosp","quantile",0.75,1830,"COVID-19"
"DE","35-59",2022-03-23,2022-02-28,"-23 day ahead inc hosp","quantile",0.9,1855,"COVID-19"
"DE","35-59",2022-03-23,2022-02-28,"-23 day ahead inc hosp","quantile",0.975,1887,"COVID-19"
"DE","35-59",2022-03-23,2022-02-27,"-24 day ahead inc hosp","mean",NA,1845,"COVID-19"
"DE","35-59",2022-03-23,2022-02-27,"-24 day ahead inc hosp","quantile",0.025,1791,"COVID-19"
"DE","35-59",2022-03-23,2022-02-27,"-24 day ahead inc hosp","quantile",0.1,1805,"COVID-19"
"DE","35-59",2022-03-23,2022-02-27,"-24 day ahead inc hosp","quantile",0.25,1820,"COVID-19"
"DE","35-59",2022-03-23,2022-02-27,"-24 day ahead inc hosp","quantile",0.5,1840,"COVID-19"
"DE","35-59",2022-03-23,2022-02-27,"-24 day ahead inc hosp","quantile",0.75,1864,"COVID-19"
"DE","35-59",2022-03-23,2022-02-27,"-24 day ahead inc hosp","quantile",0.9,1890,"COVID-19"
"DE","35-59",2022-03-23,2022-02-27,"-24 day ahead inc hosp","quantile",0.975,1923,"COVID-19"
"DE","35-59",2022-03-23,2022-02-26,"-25 day ahead inc hosp","mean",NA,1854,"COVID-19"
"DE","35-59",2022-03-23,2022-02-26,"-25 day ahead inc hosp","quantile",0.025,1802,"COVID-19"
"DE","35-59",2022-03-23,2022-02-26,"-25 day ahead inc hosp","quantile",0.1,1815,"COVID-19"
"DE","35-59",2022-03-23,2022-02-26,"-25 day ahead inc hosp","quantile",0.25,1830,"COVID-19"
"DE","35-59",2022-03-23,2022-02-26,"-25 day ahead inc hosp","quantile",0.5,1850,"COVID-19"
"DE","35-59",2022-03-23,2022-02-26,"-25 day ahead inc hosp","quantile",0.75,1874,"COVID-19"
"DE","35-59",2022-03-23,2022-02-26,"-25 day ahead inc hosp","quantile",0.9,1898,"COVID-19"
"DE","35-59",2022-03-23,2022-02-26,"-25 day ahead inc hosp","quantile",0.975,1930,"COVID-19"
"DE","35-59",2022-03-23,2022-02-25,"-26 day ahead inc hosp","mean",NA,1882,"COVID-19"
"DE","35-59",2022-03-23,2022-02-25,"-26 day ahead inc hosp","quantile",0.025,1833,"COVID-19"
"DE","35-59",2022-03-23,2022-02-25,"-26 day ahead inc hosp","quantile",0.1,1845,"COVID-19"
"DE","35-59",2022-03-23,2022-02-25,"-26 day ahead inc hosp","quantile",0.25,1859,"COVID-19"
"DE","35-59",2022-03-23,2022-02-25,"-26 day ahead inc hosp","quantile",0.5,1878,"COVID-19"
"DE","35-59",2022-03-23,2022-02-25,"-26 day ahead inc hosp","quantile",0.75,1901,"COVID-19"
"DE","35-59",2022-03-23,2022-02-25,"-26 day ahead inc hosp","quantile",0.9,1925,"COVID-19"
"DE","35-59",2022-03-23,2022-02-25,"-26 day ahead inc hosp","quantile",0.975,1957,"COVID-19"
"DE","35-59",2022-03-23,2022-02-24,"-27 day ahead inc hosp","mean",NA,1899,"COVID-19"
"DE","35-59",2022-03-23,2022-02-24,"-27 day ahead inc hosp","quantile",0.025,1851,"COVID-19"
"DE","35-59",2022-03-23,2022-02-24,"-27 day ahead inc hosp","quantile",0.1,1863,"COVID-19"
"DE","35-59",2022-03-23,2022-02-24,"-27 day ahead inc hosp","quantile",0.25,1876,"COVID-19"
"DE","35-59",2022-03-23,2022-02-24,"-27 day ahead inc hosp","quantile",0.5,1894,"COVID-19"
"DE","35-59",2022-03-23,2022-02-24,"-27 day ahead inc hosp","quantile",0.75,1916,"COVID-19"
"DE","35-59",2022-03-23,2022-02-24,"-27 day ahead inc hosp","quantile",0.9,1939,"COVID-19"
"DE","35-59",2022-03-23,2022-02-24,"-27 day ahead inc hosp","quantile",0.975,1969,"COVID-19"
"DE","35-59",2022-03-23,2022-02-23,"-28 day ahead inc hosp","mean",NA,1962,"COVID-19"
"DE","35-59",2022-03-23,2022-02-23,"-28 day ahead inc hosp","quantile",0.025,1917,"COVID-19"
"DE","35-59",2022-03-23,2022-02-23,"-28 day ahead inc hosp","quantile",0.1,1928,"COVID-19"
"DE","35-59",2022-03-23,2022-02-23,"-28 day ahead inc hosp","quantile",0.25,1941,"COVID-19"
"DE","35-59",2022-03-23,2022-02-23,"-28 day ahead inc hosp","quantile",0.5,1958,"COVID-19"
"DE","35-59",2022-03-23,2022-02-23,"-28 day ahead inc hosp","quantile",0.75,1979,"COVID-19"
"DE","35-59",2022-03-23,2022-02-23,"-28 day ahead inc hosp","quantile",0.9,2001,"COVID-19"
"DE","35-59",2022-03-23,2022-02-23,"-28 day ahead inc hosp","quantile",0.975,2030,"COVID-19"
"DE","60-79",2022-03-23,2022-03-23,"0 day ahead inc hosp","mean",NA,3515,"COVID-19"
"DE","60-79",2022-03-23,2022-03-23,"0 day ahead inc hosp","quantile",0.025,2759,"COVID-19"
"DE","60-79",2022-03-23,2022-03-23,"0 day ahead inc hosp","quantile",0.1,2978,"COVID-19"
"DE","60-79",2022-03-23,2022-03-23,"0 day ahead inc hosp","quantile",0.25,3201,"COVID-19"
"DE","60-79",2022-03-23,2022-03-23,"0 day ahead inc hosp","quantile",0.5,3478,"COVID-19"
"DE","60-79",2022-03-23,2022-03-23,"0 day ahead inc hosp","quantile",0.75,3789,"COVID-19"
"DE","60-79",2022-03-23,2022-03-23,"0 day ahead inc hosp","quantile",0.9,4098,"COVID-19"
"DE","60-79",2022-03-23,2022-03-23,"0 day ahead inc hosp","quantile",0.975,4477,"COVID-19"
"DE","60-79",2022-03-23,2022-03-22,"-1 day ahead inc hosp","mean",NA,3537,"COVID-19"
"DE","60-79",2022-03-23,2022-03-22,"-1 day ahead inc hosp","quantile",0.025,2905,"COVID-19"
"DE","60-79",2022-03-23,2022-03-22,"-1 day ahead inc hosp","quantile",0.1,3087,"COVID-19"
"DE","60-79",2022-03-23,2022-03-22,"-1 day ahead inc hosp","quantile",0.25,3272,"COVID-19"
"DE","60-79",2022-03-23,2022-03-22,"-1 day ahead inc hosp","quantile",0.5,3505,"COVID-19"
"DE","60-79",2022-03-23,2022-03-22,"-1 day ahead inc hosp","quantile",0.75,3766,"COVID-19"
"DE","60-79",2022-03-23,2022-03-22,"-1 day ahead inc hosp","quantile",0.9,4028,"COVID-19"
"DE","60-79",2022-03-23,2022-03-22,"-1 day ahead inc hosp","quantile",0.975,4351,"COVID-19"
"DE","60-79",2022-03-23,2022-03-21,"-2 day ahead inc hosp","mean",NA,3507,"COVID-19"
"DE","60-79",2022-03-23,2022-03-21,"-2 day ahead inc hosp","quantile",0.025,2987,"COVID-19"
"DE","60-79",2022-03-23,2022-03-21,"-2 day ahead inc hosp","quantile",0.1,3136,"COVID-19"
"DE","60-79",2022-03-23,2022-03-21,"-2 day ahead inc hosp","quantile",0.25,3288,"COVID-19"
"DE","60-79",2022-03-23,2022-03-21,"-2 day ahead inc hosp","quantile",0.5,3480,"COVID-19"
"DE","60-79",2022-03-23,2022-03-21,"-2 day ahead inc hosp","quantile",0.75,3696,"COVID-19"
"DE","60-79",2022-03-23,2022-03-21,"-2 day ahead inc hosp","quantile",0.9,3912,"COVID-19"
"DE","60-79",2022-03-23,2022-03-21,"-2 day ahead inc hosp","quantile",0.975,4179,"COVID-19"
"DE","60-79",2022-03-23,2022-03-20,"-3 day ahead inc hosp","mean",NA,3529,"COVID-19"
"DE","60-79",2022-03-23,2022-03-20,"-3 day ahead inc hosp","quantile",0.025,3039,"COVID-19"
"DE","60-79",2022-03-23,2022-03-20,"-3 day ahead inc hosp","quantile",0.1,3180,"COVID-19"
"DE","60-79",2022-03-23,2022-03-20,"-3 day ahead inc hosp","quantile",0.25,3324,"COVID-19"
"DE","60-79",2022-03-23,2022-03-20,"-3 day ahead inc hosp","quantile",0.5,3504,"COVID-19"
"DE","60-79",2022-03-23,2022-03-20,"-3 day ahead inc hosp","quantile",0.75,3707,"COVID-19"
"DE","60-79",2022-03-23,2022-03-20,"-3 day ahead inc hosp","quantile",0.9,3909,"COVID-19"
"DE","60-79",2022-03-23,2022-03-20,"-3 day ahead inc hosp","quantile",0.975,4159,"COVID-19"
"DE","60-79",2022-03-23,2022-03-19,"-4 day ahead inc hosp","mean",NA,3566,"COVID-19"
"DE","60-79",2022-03-23,2022-03-19,"-4 day ahead inc hosp","quantile",0.025,3100,"COVID-19"
"DE","60-79",2022-03-23,2022-03-19,"-4 day ahead inc hosp","quantile",0.1,3234,"COVID-19"
"DE","60-79",2022-03-23,2022-03-19,"-4 day ahead inc hosp","quantile",0.25,3371,"COVID-19"
"DE","60-79",2022-03-23,2022-03-19,"-4 day ahead inc hosp","quantile",0.5,3542,"COVID-19"
"DE","60-79",2022-03-23,2022-03-19,"-4 day ahead inc hosp","quantile",0.75,3736,"COVID-19"
"DE","60-79",2022-03-23,2022-03-19,"-4 day ahead inc hosp","quantile",0.9,3929,"COVID-19"
"DE","60-79",2022-03-23,2022-03-19,"-4 day ahead inc hosp","quantile",0.975,4167,"COVID-19"
"DE","60-79",2022-03-23,2022-03-18,"-5 day ahead inc hosp","mean",NA,3593,"COVID-19"
"DE","60-79",2022-03-23,2022-03-18,"-5 day ahead inc hosp","quantile",0.025,3166,"COVID-19"
"DE","60-79",2022-03-23,2022-03-18,"-5 day ahead inc hosp","quantile",0.1,3289,"COVID-19"
"DE","60-79",2022-03-23,2022-03-18,"-5 day ahead inc hosp","quantile",0.25,3414,"COVID-19"
"DE","60-79",2022-03-23,2022-03-18,"-5 day ahead inc hosp","quantile",0.5,3571,"COVID-19"
"DE","60-79",2022-03-23,2022-03-18,"-5 day ahead inc hosp","quantile",0.75,3748,"COVID-19"
"DE","60-79",2022-03-23,2022-03-18,"-5 day ahead inc hosp","quantile",0.9,3925,"COVID-19"
"DE","60-79",2022-03-23,2022-03-18,"-5 day ahead inc hosp","quantile",0.975,4144,"COVID-19"
"DE","60-79",2022-03-23,2022-03-17,"-6 day ahead inc hosp","mean",NA,3475,"COVID-19"
"DE","60-79",2022-03-23,2022-03-17,"-6 day ahead inc hosp","quantile",0.025,3103,"COVID-19"
"DE","60-79",2022-03-23,2022-03-17,"-6 day ahead inc hosp","quantile",0.1,3209,"COVID-19"
"DE","60-79",2022-03-23,2022-03-17,"-6 day ahead inc hosp","quantile",0.25,3318,"COVID-19"
"DE","60-79",2022-03-23,2022-03-17,"-6 day ahead inc hosp","quantile",0.5,3456,"COVID-19"
"DE","60-79",2022-03-23,2022-03-17,"-6 day ahead inc hosp","quantile",0.75,3611,"COVID-19"
"DE","60-79",2022-03-23,2022-03-17,"-6 day ahead inc hosp","quantile",0.9,3766,"COVID-19"
"DE","60-79",2022-03-23,2022-03-17,"-6 day ahead inc hosp","quantile",0.975,3958,"COVID-19"
"DE","60-79",2022-03-23,2022-03-16,"-7 day ahead inc hosp","mean",NA,3366,"COVID-19"
"DE","60-79",2022-03-23,2022-03-16,"-7 day ahead inc hosp","quantile",0.025,3035,"COVID-19"
"DE","60-79",2022-03-23,2022-03-16,"-7 day ahead inc hosp","quantile",0.1,3129,"COVID-19"
"DE","60-79",2022-03-23,2022-03-16,"-7 day ahead inc hosp","quantile",0.25,3225,"COVID-19"
"DE","60-79",2022-03-23,2022-03-16,"-7 day ahead inc hosp","quantile",0.5,3348,"COVID-19"
"DE","60-79",2022-03-23,2022-03-16,"-7 day ahead inc hosp","quantile",0.75,3486,"COVID-19"
"DE","60-79",2022-03-23,2022-03-16,"-7 day ahead inc hosp","quantile",0.9,3626,"COVID-19"
"DE","60-79",2022-03-23,2022-03-16,"-7 day ahead inc hosp","quantile",0.975,3799,"COVID-19"
"DE","60-79",2022-03-23,2022-03-15,"-8 day ahead inc hosp","mean",NA,3297,"COVID-19"
"DE","60-79",2022-03-23,2022-03-15,"-8 day ahead inc hosp","quantile",0.025,3007,"COVID-19"
"DE","60-79",2022-03-23,2022-03-15,"-8 day ahead inc hosp","quantile",0.1,3088,"COVID-19"
"DE","60-79",2022-03-23,2022-03-15,"-8 day ahead inc hosp","quantile",0.25,3173,"COVID-19"
"DE","60-79",2022-03-23,2022-03-15,"-8 day ahead inc hosp","quantile",0.5,3280,"COVID-19"
"DE","60-79",2022-03-23,2022-03-15,"-8 day ahead inc hosp","quantile",0.75,3403,"COVID-19"
"DE","60-79",2022-03-23,2022-03-15,"-8 day ahead inc hosp","quantile",0.9,3527,"COVID-19"
"DE","60-79",2022-03-23,2022-03-15,"-8 day ahead inc hosp","quantile",0.975,3682,"COVID-19"
"DE","60-79",2022-03-23,2022-03-14,"-9 day ahead inc hosp","mean",NA,3106,"COVID-19"
"DE","60-79",2022-03-23,2022-03-14,"-9 day ahead inc hosp","quantile",0.025,2861,"COVID-19"
"DE","60-79",2022-03-23,2022-03-14,"-9 day ahead inc hosp","quantile",0.1,2929,"COVID-19"
"DE","60-79",2022-03-23,2022-03-14,"-9 day ahead inc hosp","quantile",0.25,3000,"COVID-19"
"DE","60-79",2022-03-23,2022-03-14,"-9 day ahead inc hosp","quantile",0.5,3092,"COVID-19"
"DE","60-79",2022-03-23,2022-03-14,"-9 day ahead inc hosp","quantile",0.75,3197,"COVID-19"
"DE","60-79",2022-03-23,2022-03-14,"-9 day ahead inc hosp","quantile",0.9,3303,"COVID-19"
"DE","60-79",2022-03-23,2022-03-14,"-9 day ahead inc hosp","quantile",0.975,3437,"COVID-19"
"DE","60-79",2022-03-23,2022-03-13,"-10 day ahead inc hosp","mean",NA,3068,"COVID-19"
"DE","60-79",2022-03-23,2022-03-13,"-10 day ahead inc hosp","quantile",0.025,2826,"COVID-19"
"DE","60-79",2022-03-23,2022-03-13,"-10 day ahead inc hosp","quantile",0.1,2892,"COVID-19"
"DE","60-79",2022-03-23,2022-03-13,"-10 day ahead inc hosp","quantile",0.25,2962,"COVID-19"
"DE","60-79",2022-03-23,2022-03-13,"-10 day ahead inc hosp","quantile",0.5,3053,"COVID-19"
"DE","60-79",2022-03-23,2022-03-13,"-10 day ahead inc hosp","quantile",0.75,3158,"COVID-19"
"DE","60-79",2022-03-23,2022-03-13,"-10 day ahead inc hosp","quantile",0.9,3265,"COVID-19"
"DE","60-79",2022-03-23,2022-03-13,"-10 day ahead inc hosp","quantile",0.975,3400,"COVID-19"
"DE","60-79",2022-03-23,2022-03-12,"-11 day ahead inc hosp","mean",NA,3028,"COVID-19"
"DE","60-79",2022-03-23,2022-03-12,"-11 day ahead inc hosp","quantile",0.025,2793,"COVID-19"
"DE","60-79",2022-03-23,2022-03-12,"-11 day ahead inc hosp","quantile",0.1,2856,"COVID-19"
"DE","60-79",2022-03-23,2022-03-12,"-11 day ahead inc hosp","quantile",0.25,2924,"COVID-19"
"DE","60-79",2022-03-23,2022-03-12,"-11 day ahead inc hosp","quantile",0.5,3012,"COVID-19"
"DE","60-79",2022-03-23,2022-03-12,"-11 day ahead inc hosp","quantile",0.75,3114,"COVID-19"
"DE","60-79",2022-03-23,2022-03-12,"-11 day ahead inc hosp","quantile",0.9,3220,"COVID-19"
"DE","60-79",2022-03-23,2022-03-12,"-11 day ahead inc hosp","quantile",0.975,3353,"COVID-19"
"DE","60-79",2022-03-23,2022-03-11,"-12 day ahead inc hosp","mean",NA,2966,"COVID-19"
"DE","60-79",2022-03-23,2022-03-11,"-12 day ahead inc hosp","quantile",0.025,2754,"COVID-19"
"DE","60-79",2022-03-23,2022-03-11,"-12 day ahead inc hosp","quantile",0.1,2810,"COVID-19"
"DE","60-79",2022-03-23,2022-03-11,"-12 day ahead inc hosp","quantile",0.25,2871,"COVID-19"
"DE","60-79",2022-03-23,2022-03-11,"-12 day ahead inc hosp","quantile",0.5,2951,"COVID-19"
"DE","60-79",2022-03-23,2022-03-11,"-12 day ahead inc hosp","quantile",0.75,3045,"COVID-19"
"DE","60-79",2022-03-23,2022-03-11,"-12 day ahead inc hosp","quantile",0.9,3142,"COVID-19"
"DE","60-79",2022-03-23,2022-03-11,"-12 day ahead inc hosp","quantile",0.975,3265,"COVID-19"
"DE","60-79",2022-03-23,2022-03-10,"-13 day ahead inc hosp","mean",NA,2937,"COVID-19"
"DE","60-79",2022-03-23,2022-03-10,"-13 day ahead inc hosp","quantile",0.025,2740,"COVID-19"
"DE","60-79",2022-03-23,2022-03-10,"-13 day ahead inc hosp","quantile",0.1,2792,"COVID-19"
"DE","60-79",2022-03-23,2022-03-10,"-13 day ahead inc hosp","quantile",0.25,2848,"COVID-19"
"DE","60-79",2022-03-23,2022-03-10,"-13 day ahead inc hosp","quantile",0.5,2922,"COVID-19"
"DE","60-79",2022-03-23,2022-03-10,"-13 day ahead inc hosp","quantile",0.75,3010,"COVID-19"
"DE","60-79",2022-03-23,2022-03-10,"-13 day ahead inc hosp","quantile",0.9,3101,"COVID-19"
"DE","60-79",2022-03-23,2022-03-10,"-13 day ahead inc hosp","quantile",0.975,3217,"COVID-19"
"DE","60-79",2022-03-23,2022-03-09,"-14 day ahead inc hosp","mean",NA,2871,"COVID-19"
"DE","60-79",2022-03-23,2022-03-09,"-14 day ahead inc hosp","quantile",0.025,2693,"COVID-19"
"DE","60-79",2022-03-23,2022-03-09,"-14 day ahead inc hosp","quantile",0.1,2739,"COVID-19"
"DE","60-79",2022-03-23,2022-03-09,"-14 day ahead inc hosp","quantile",0.25,2790,"COVID-19"
"DE","60-79",2022-03-23,2022-03-09,"-14 day ahead inc hosp","quantile",0.5,2857,"COVID-19"
"DE","60-79",2022-03-23,2022-03-09,"-14 day ahead inc hosp","quantile",0.75,2938,"COVID-19"
"DE","60-79",2022-03-23,2022-03-09,"-14 day ahead inc hosp","quantile",0.9,3022,"COVID-19"
"DE","60-79",2022-03-23,2022-03-09,"-14 day ahead inc hosp","quantile",0.975,3129,"COVID-19"
"DE","60-79",2022-03-23,2022-03-08,"-15 day ahead inc hosp","mean",NA,2770,"COVID-19"
"DE","60-79",2022-03-23,2022-03-08,"-15 day ahead inc hosp","quantile",0.025,2617,"COVID-19"
"DE","60-79",2022-03-23,2022-03-08,"-15 day ahead inc hosp","quantile",0.1,2656,"COVID-19"
"DE","60-79",2022-03-23,2022-03-08,"-15 day ahead inc hosp","quantile",0.25,2700,"COVID-19"
"DE","60-79",2022-03-23,2022-03-08,"-15 day ahead inc hosp","quantile",0.5,2758,"COVID-19"
"DE","60-79",2022-03-23,2022-03-08,"-15 day ahead inc hosp","quantile",0.75,2828,"COVID-19"
"DE","60-79",2022-03-23,2022-03-08,"-15 day ahead inc hosp","quantile",0.9,2900,"COVID-19"
"DE","60-79",2022-03-23,2022-03-08,"-15 day ahead inc hosp","quantile",0.975,2993,"COVID-19"
"DE","60-79",2022-03-23,2022-03-07,"-16 day ahead inc hosp","mean",NA,2728,"COVID-19"
"DE","60-79",2022-03-23,2022-03-07,"-16 day ahead inc hosp","quantile",0.025,2591,"COVID-19"
"DE","60-79",2022-03-23,2022-03-07,"-16 day ahead inc hosp","quantile",0.1,2626,"COVID-19"
"DE","60-79",2022-03-23,2022-03-07,"-16 day ahead inc hosp","quantile",0.25,2665,"COVID-19"
"DE","60-79",2022-03-23,2022-03-07,"-16 day ahead inc hosp","quantile",0.5,2717,"COVID-19"
"DE","60-79",2022-03-23,2022-03-07,"-16 day ahead inc hosp","quantile",0.75,2779,"COVID-19"
"DE","60-79",2022-03-23,2022-03-07,"-16 day ahead inc hosp","quantile",0.9,2844,"COVID-19"
"DE","60-79",2022-03-23,2022-03-07,"-16 day ahead inc hosp","quantile",0.975,2928,"COVID-19"
"DE","60-79",2022-03-23,2022-03-06,"-17 day ahead inc hosp","mean",NA,2705,"COVID-19"
"DE","60-79",2022-03-23,2022-03-06,"-17 day ahead inc hosp","quantile",0.025,2574,"COVID-19"
"DE","60-79",2022-03-23,2022-03-06,"-17 day ahead inc hosp","quantile",0.1,2608,"COVID-19"
"DE","60-79",2022-03-23,2022-03-06,"-17 day ahead inc hosp","quantile",0.25,2645,"COVID-19"
"DE","60-79",2022-03-23,2022-03-06,"-17 day ahead inc hosp","quantile",0.5,2695,"COVID-19"
"DE","60-79",2022-03-23,2022-03-06,"-17 day ahead inc hosp","quantile",0.75,2754,"COVID-19"
"DE","60-79",2022-03-23,2022-03-06,"-17 day ahead inc hosp","quantile",0.9,2817,"COVID-19"
"DE","60-79",2022-03-23,2022-03-06,"-17 day ahead inc hosp","quantile",0.975,2897,"COVID-19"
"DE","60-79",2022-03-23,2022-03-05,"-18 day ahead inc hosp","mean",NA,2747,"COVID-19"
"DE","60-79",2022-03-23,2022-03-05,"-18 day ahead inc hosp","quantile",0.025,2620,"COVID-19"
"DE","60-79",2022-03-23,2022-03-05,"-18 day ahead inc hosp","quantile",0.1,2653,"COVID-19"
"DE","60-79",2022-03-23,2022-03-05,"-18 day ahead inc hosp","quantile",0.25,2688,"COVID-19"
"DE","60-79",2022-03-23,2022-03-05,"-18 day ahead inc hosp","quantile",0.5,2737,"COVID-19"
"DE","60-79",2022-03-23,2022-03-05,"-18 day ahead inc hosp","quantile",0.75,2794,"COVID-19"
"DE","60-79",2022-03-23,2022-03-05,"-18 day ahead inc hosp","quantile",0.9,2854,"COVID-19"
"DE","60-79",2022-03-23,2022-03-05,"-18 day ahead inc hosp","quantile",0.975,2931,"COVID-19"
"DE","60-79",2022-03-23,2022-03-04,"-19 day ahead inc hosp","mean",NA,2739,"COVID-19"
"DE","60-79",2022-03-23,2022-03-04,"-19 day ahead inc hosp","quantile",0.025,2622,"COVID-19"
"DE","60-79",2022-03-23,2022-03-04,"-19 day ahead inc hosp","quantile",0.1,2652,"COVID-19"
"DE","60-79",2022-03-23,2022-03-04,"-19 day ahead inc hosp","quantile",0.25,2685,"COVID-19"
"DE","60-79",2022-03-23,2022-03-04,"-19 day ahead inc hosp","quantile",0.5,2730,"COVID-19"
"DE","60-79",2022-03-23,2022-03-04,"-19 day ahead inc hosp","quantile",0.75,2783,"COVID-19"
"DE","60-79",2022-03-23,2022-03-04,"-19 day ahead inc hosp","quantile",0.9,2840,"COVID-19"
"DE","60-79",2022-03-23,2022-03-04,"-19 day ahead inc hosp","quantile",0.975,2912,"COVID-19"
"DE","60-79",2022-03-23,2022-03-03,"-20 day ahead inc hosp","mean",NA,2699,"COVID-19"
"DE","60-79",2022-03-23,2022-03-03,"-20 day ahead inc hosp","quantile",0.025,2591,"COVID-19"
"DE","60-79",2022-03-23,2022-03-03,"-20 day ahead inc hosp","quantile",0.1,2618,"COVID-19"
"DE","60-79",2022-03-23,2022-03-03,"-20 day ahead inc hosp","quantile",0.25,2649,"COVID-19"
"DE","60-79",2022-03-23,2022-03-03,"-20 day ahead inc hosp","quantile",0.5,2690,"COVID-19"
"DE","60-79",2022-03-23,2022-03-03,"-20 day ahead inc hosp","quantile",0.75,2740,"COVID-19"
"DE","60-79",2022-03-23,2022-03-03,"-20 day ahead inc hosp","quantile",0.9,2792,"COVID-19"
"DE","60-79",2022-03-23,2022-03-03,"-20 day ahead inc hosp","quantile",0.975,2860,"COVID-19"
"DE","60-79",2022-03-23,2022-03-02,"-21 day ahead inc hosp","mean",NA,2736,"COVID-19"
"DE","60-79",2022-03-23,2022-03-02,"-21 day ahead inc hosp","quantile",0.025,2634,"COVID-19"
"DE","60-79",2022-03-23,2022-03-02,"-21 day ahead inc hosp","quantile",0.1,2659,"COVID-19"
"DE","60-79",2022-03-23,2022-03-02,"-21 day ahead inc hosp","quantile",0.25,2688,"COVID-19"
"DE","60-79",2022-03-23,2022-03-02,"-21 day ahead inc hosp","quantile",0.5,2727,"COVID-19"
"DE","60-79",2022-03-23,2022-03-02,"-21 day ahead inc hosp","quantile",0.75,2774,"COVID-19"
"DE","60-79",2022-03-23,2022-03-02,"-21 day ahead inc hosp","quantile",0.9,2825,"COVID-19"
"DE","60-79",2022-03-23,2022-03-02,"-21 day ahead inc hosp","quantile",0.975,2890,"COVID-19"
"DE","60-79",2022-03-23,2022-03-01,"-22 day ahead inc hosp","mean",NA,2764,"COVID-19"
"DE","60-79",2022-03-23,2022-03-01,"-22 day ahead inc hosp","quantile",0.025,2669,"COVID-19"
"DE","60-79",2022-03-23,2022-03-01,"-22 day ahead inc hosp","quantile",0.1,2692,"COVID-19"
"DE","60-79",2022-03-23,2022-03-01,"-22 day ahead inc hosp","quantile",0.25,2718,"COVID-19"
"DE","60-79",2022-03-23,2022-03-01,"-22 day ahead inc hosp","quantile",0.5,2755,"COVID-19"
"DE","60-79",2022-03-23,2022-03-01,"-22 day ahead inc hosp","quantile",0.75,2800,"COVID-19"
"DE","60-79",2022-03-23,2022-03-01,"-22 day ahead inc hosp","quantile",0.9,2848,"COVID-19"
"DE","60-79",2022-03-23,2022-03-01,"-22 day ahead inc hosp","quantile",0.975,2910,"COVID-19"
"DE","60-79",2022-03-23,2022-02-28,"-23 day ahead inc hosp","mean",NA,2831,"COVID-19"
"DE","60-79",2022-03-23,2022-02-28,"-23 day ahead inc hosp","quantile",0.025,2740,"COVID-19"
"DE","60-79",2022-03-23,2022-02-28,"-23 day ahead inc hosp","quantile",0.1,2762,"COVID-19"
"DE","60-79",2022-03-23,2022-02-28,"-23 day ahead inc hosp","quantile",0.25,2787,"COVID-19"
"DE","60-79",2022-03-23,2022-02-28,"-23 day ahead inc hosp","quantile",0.5,2822,"COVID-19"
"DE","60-79",2022-03-23,2022-02-28,"-23 day ahead inc hosp","quantile",0.75,2865,"COVID-19"
"DE","60-79",2022-03-23,2022-02-28,"-23 day ahead inc hosp","quantile",0.9,2911,"COVID-19"
"DE","60-79",2022-03-23,2022-02-28,"-23 day ahead inc hosp","quantile",0.975,2972,"COVID-19"
"DE","60-79",2022-03-23,2022-02-27,"-24 day ahead inc hosp","mean",NA,2877,"COVID-19"
"DE","60-79",2022-03-23,2022-02-27,"-24 day ahead inc hosp","quantile",0.025,2786,"COVID-19"
"DE","60-79",2022-03-23,2022-02-27,"-24 day ahead inc hosp","quantile",0.1,2808,"COVID-19"
"DE","60-79",2022-03-23,2022-02-27,"-24 day ahead inc hosp","quantile",0.25,2833,"COVID-19"
"DE","60-79",2022-03-23,2022-02-27,"-24 day ahead inc hosp","quantile",0.5,2868,"COVID-19"
"DE","60-79",2022-03-23,2022-02-27,"-24 day ahead inc hosp","quantile",0.75,2912,"COVID-19"
"DE","60-79",2022-03-23,2022-02-27,"-24 day ahead inc hosp","quantile",0.9,2959,"COVID-19"
"DE","60-79",2022-03-23,2022-02-27,"-24 day ahead inc hosp","quantile",0.975,3021,"COVID-19"
"DE","60-79",2022-03-23,2022-02-26,"-25 day ahead inc hosp","mean",NA,2871,"COVID-19"
"DE","60-79",2022-03-23,2022-02-26,"-25 day ahead inc hosp","quantile",0.025,2784,"COVID-19"
"DE","60-79",2022-03-23,2022-02-26,"-25 day ahead inc hosp","quantile",0.1,2804,"COVID-19"
"DE","60-79",2022-03-23,2022-02-26,"-25 day ahead inc hosp","quantile",0.25,2828,"COVID-19"
"DE","60-79",2022-03-23,2022-02-26,"-25 day ahead inc hosp","quantile",0.5,2862,"COVID-19"
"DE","60-79",2022-03-23,2022-02-26,"-25 day ahead inc hosp","quantile",0.75,2905,"COVID-19"
"DE","60-79",2022-03-23,2022-02-26,"-25 day ahead inc hosp","quantile",0.9,2951,"COVID-19"
"DE","60-79",2022-03-23,2022-02-26,"-25 day ahead inc hosp","quantile",0.975,3013,"COVID-19"
"DE","60-79",2022-03-23,2022-02-25,"-26 day ahead inc hosp","mean",NA,2873,"COVID-19"
"DE","60-79",2022-03-23,2022-02-25,"-26 day ahead inc hosp","quantile",0.025,2792,"COVID-19"
"DE","60-79",2022-03-23,2022-02-25,"-26 day ahead inc hosp","quantile",0.1,2810,"COVID-19"
"DE","60-79",2022-03-23,2022-02-25,"-26 day ahead inc hosp","quantile",0.25,2833,"COVID-19"
"DE","60-79",2022-03-23,2022-02-25,"-26 day ahead inc hosp","quantile",0.5,2864,"COVID-19"
"DE","60-79",2022-03-23,2022-02-25,"-26 day ahead inc hosp","quantile",0.75,2904,"COVID-19"
"DE","60-79",2022-03-23,2022-02-25,"-26 day ahead inc hosp","quantile",0.9,2948,"COVID-19"
"DE","60-79",2022-03-23,2022-02-25,"-26 day ahead inc hosp","quantile",0.975,3006,"COVID-19"
"DE","60-79",2022-03-23,2022-02-24,"-27 day ahead inc hosp","mean",NA,2917,"COVID-19"
"DE","60-79",2022-03-23,2022-02-24,"-27 day ahead inc hosp","quantile",0.025,2842,"COVID-19"
"DE","60-79",2022-03-23,2022-02-24,"-27 day ahead inc hosp","quantile",0.1,2859,"COVID-19"
"DE","60-79",2022-03-23,2022-02-24,"-27 day ahead inc hosp","quantile",0.25,2879,"COVID-19"
"DE","60-79",2022-03-23,2022-02-24,"-27 day ahead inc hosp","quantile",0.5,2909,"COVID-19"
"DE","60-79",2022-03-23,2022-02-24,"-27 day ahead inc hosp","quantile",0.75,2946,"COVID-19"
"DE","60-79",2022-03-23,2022-02-24,"-27 day ahead inc hosp","quantile",0.9,2987,"COVID-19"
"DE","60-79",2022-03-23,2022-02-24,"-27 day ahead inc hosp","quantile",0.975,3040,"COVID-19"
"DE","60-79",2022-03-23,2022-02-23,"-28 day ahead inc hosp","mean",NA,2936,"COVID-19"
"DE","60-79",2022-03-23,2022-02-23,"-28 day ahead inc hosp","quantile",0.025,2867,"COVID-19"
"DE","60-79",2022-03-23,2022-02-23,"-28 day ahead inc hosp","quantile",0.1,2883,"COVID-19"
"DE","60-79",2022-03-23,2022-02-23,"-28 day ahead inc hosp","quantile",0.25,2902,"COVID-19"
"DE","60-79",2022-03-23,2022-02-23,"-28 day ahead inc hosp","quantile",0.5,2929,"COVID-19"
"DE","60-79",2022-03-23,2022-02-23,"-28 day ahead inc hosp","quantile",0.75,2963,"COVID-19"
"DE","60-79",2022-03-23,2022-02-23,"-28 day ahead inc hosp","quantile",0.9,3000,"COVID-19"
"DE","60-79",2022-03-23,2022-02-23,"-28 day ahead inc hosp","quantile",0.975,3050,"COVID-19"
"DE","80+",2022-03-23,2022-03-23,"0 day ahead inc hosp","mean",NA,4480,"COVID-19"
"DE","80+",2022-03-23,2022-03-23,"0 day ahead inc hosp","quantile",0.025,3444,"COVID-19"
"DE","80+",2022-03-23,2022-03-23,"0 day ahead inc hosp","quantile",0.1,3742,"COVID-19"
"DE","80+",2022-03-23,2022-03-23,"0 day ahead inc hosp","quantile",0.25,4046,"COVID-19"
"DE","80+",2022-03-23,2022-03-23,"0 day ahead inc hosp","quantile",0.5,4428,"COVID-19"
"DE","80+",2022-03-23,2022-03-23,"0 day ahead inc hosp","quantile",0.75,4857,"COVID-19"
"DE","80+",2022-03-23,2022-03-23,"0 day ahead inc hosp","quantile",0.9,5287,"COVID-19"
"DE","80+",2022-03-23,2022-03-23,"0 day ahead inc hosp","quantile",0.975,5816,"COVID-19"
"DE","80+",2022-03-23,2022-03-22,"-1 day ahead inc hosp","mean",NA,4322,"COVID-19"
"DE","80+",2022-03-23,2022-03-22,"-1 day ahead inc hosp","quantile",0.025,3519,"COVID-19"
"DE","80+",2022-03-23,2022-03-22,"-1 day ahead inc hosp","quantile",0.1,3750,"COVID-19"
"DE","80+",2022-03-23,2022-03-22,"-1 day ahead inc hosp","quantile",0.25,3986,"COVID-19"
"DE","80+",2022-03-23,2022-03-22,"-1 day ahead inc hosp","quantile",0.5,4281,"COVID-19"
"DE","80+",2022-03-23,2022-03-22,"-1 day ahead inc hosp","quantile",0.75,4614,"COVID-19"
"DE","80+",2022-03-23,2022-03-22,"-1 day ahead inc hosp","quantile",0.9,4948,"COVID-19"
"DE","80+",2022-03-23,2022-03-22,"-1 day ahead inc hosp","quantile",0.975,5359,"COVID-19"
"DE","80+",2022-03-23,2022-03-21,"-2 day ahead inc hosp","mean",NA,4139,"COVID-19"
"DE","80+",2022-03-23,2022-03-21,"-2 day ahead inc hosp","quantile",0.025,3553,"COVID-19"
"DE","80+",2022-03-23,2022-03-21,"-2 day ahead inc hosp","quantile",0.1,3724,"COVID-19"
"DE","80+",2022-03-23,2022-03-21,"-2 day ahead inc hosp","quantile",0.25,3896,"COVID-19"
"DE","80+",2022-03-23,2022-03-21,"-2 day ahead inc hosp","quantile",0.5,4111,"COVID-19"
"DE","80+",2022-03-23,2022-03-21,"-2 day ahead inc hosp","quantile",0.75,4351,"COVID-19"
"DE","80+",2022-03-23,2022-03-21,"-2 day ahead inc hosp","quantile",0.9,4589,"COVID-19"
"DE","80+",2022-03-23,2022-03-21,"-2 day ahead inc hosp","quantile",0.975,4881,"COVID-19"
"DE","80+",2022-03-23,2022-03-20,"-3 day ahead inc hosp","mean",NA,4185,"COVID-19"
"DE","80+",2022-03-23,2022-03-20,"-3 day ahead inc hosp","quantile",0.025,3670,"COVID-19"
"DE","80+",2022-03-23,2022-03-20,"-3 day ahead inc hosp","quantile",0.1,3824,"COVID-19"
"DE","80+",2022-03-23,2022-03-20,"-3 day ahead inc hosp","quantile",0.25,3976,"COVID-19"
"DE","80+",2022-03-23,2022-03-20,"-3 day ahead inc hosp","quantile",0.5,4164,"COVID-19"
"DE","80+",2022-03-23,2022-03-20,"-3 day ahead inc hosp","quantile",0.75,4371,"COVID-19"
"DE","80+",2022-03-23,2022-03-20,"-3 day ahead inc hosp","quantile",0.9,4575,"COVID-19"
"DE","80+",2022-03-23,2022-03-20,"-3 day ahead inc hosp","quantile",0.975,4822,"COVID-19"
"DE","80+",2022-03-23,2022-03-19,"-4 day ahead inc hosp","mean",NA,4213,"COVID-19"
"DE","80+",2022-03-23,2022-03-19,"-4 day ahead inc hosp","quantile",0.025,3744,"COVID-19"
"DE","80+",2022-03-23,2022-03-19,"-4 day ahead inc hosp","quantile",0.1,3885,"COVID-19"
"DE","80+",2022-03-23,2022-03-19,"-4 day ahead inc hosp","quantile",0.25,4024,"COVID-19"
"DE","80+",2022-03-23,2022-03-19,"-4 day ahead inc hosp","quantile",0.5,4194,"COVID-19"
"DE","80+",2022-03-23,2022-03-19,"-4 day ahead inc hosp","quantile",0.75,4382,"COVID-19"
"DE","80+",2022-03-23,2022-03-19,"-4 day ahead inc hosp","quantile",0.9,4565,"COVID-19"
"DE","80+",2022-03-23,2022-03-19,"-4 day ahead inc hosp","quantile",0.975,4787,"COVID-19"
"DE","80+",2022-03-23,2022-03-18,"-5 day ahead inc hosp","mean",NA,4191,"COVID-19"
"DE","80+",2022-03-23,2022-03-18,"-5 day ahead inc hosp","quantile",0.025,3777,"COVID-19"
"DE","80+",2022-03-23,2022-03-18,"-5 day ahead inc hosp","quantile",0.1,3902,"COVID-19"
"DE","80+",2022-03-23,2022-03-18,"-5 day ahead inc hosp","quantile",0.25,4025,"COVID-19"
"DE","80+",2022-03-23,2022-03-18,"-5 day ahead inc hosp","quantile",0.5,4175,"COVID-19"
"DE","80+",2022-03-23,2022-03-18,"-5 day ahead inc hosp","quantile",0.75,4340,"COVID-19"
"DE","80+",2022-03-23,2022-03-18,"-5 day ahead inc hosp","quantile",0.9,4501,"COVID-19"
"DE","80+",2022-03-23,2022-03-18,"-5 day ahead inc hosp","quantile",0.975,4696,"COVID-19"
"DE","80+",2022-03-23,2022-03-17,"-6 day ahead inc hosp","mean",NA,4163,"COVID-19"
"DE","80+",2022-03-23,2022-03-17,"-6 day ahead inc hosp","quantile",0.025,3793,"COVID-19"
"DE","80+",2022-03-23,2022-03-17,"-6 day ahead inc hosp","quantile",0.1,3904,"COVID-19"
"DE","80+",2022-03-23,2022-03-17,"-6 day ahead inc hosp","quantile",0.25,4014,"COVID-19"
"DE","80+",2022-03-23,2022-03-17,"-6 day ahead inc hosp","quantile",0.5,4149,"COVID-19"
"DE","80+",2022-03-23,2022-03-17,"-6 day ahead inc hosp","quantile",0.75,4296,"COVID-19"
"DE","80+",2022-03-23,2022-03-17,"-6 day ahead inc hosp","quantile",0.9,4441,"COVID-19"
"DE","80+",2022-03-23,2022-03-17,"-6 day ahead inc hosp","quantile",0.975,4615,"COVID-19"
"DE","80+",2022-03-23,2022-03-16,"-7 day ahead inc hosp","mean",NA,4100,"COVID-19"
"DE","80+",2022-03-23,2022-03-16,"-7 day ahead inc hosp","quantile",0.025,3768,"COVID-19"
"DE","80+",2022-03-23,2022-03-16,"-7 day ahead inc hosp","quantile",0.1,3868,"COVID-19"
"DE","80+",2022-03-23,2022-03-16,"-7 day ahead inc hosp","quantile",0.25,3966,"COVID-19"
"DE","80+",2022-03-23,2022-03-16,"-7 day ahead inc hosp","quantile",0.5,4087,"COVID-19"
"DE","80+",2022-03-23,2022-03-16,"-7 day ahead inc hosp","quantile",0.75,4220,"COVID-19"
"DE","80+",2022-03-23,2022-03-16,"-7 day ahead inc hosp","quantile",0.9,4350,"COVID-19"
"DE","80+",2022-03-23,2022-03-16,"-7 day ahead inc hosp","quantile",0.975,4509,"COVID-19"
"DE","80+",2022-03-23,2022-03-15,"-8 day ahead inc hosp","mean",NA,4021,"COVID-19"
"DE","80+",2022-03-23,2022-03-15,"-8 day ahead inc hosp","quantile",0.025,3727,"COVID-19"
"DE","80+",2022-03-23,2022-03-15,"-8 day ahead inc hosp","quantile",0.1,3814,"COVID-19"
"DE","80+",2022-03-23,2022-03-15,"-8 day ahead inc hosp","quantile",0.25,3901,"COVID-19"
"DE","80+",2022-03-23,2022-03-15,"-8 day ahead inc hosp","quantile",0.5,4008,"COVID-19"
"DE","80+",2022-03-23,2022-03-15,"-8 day ahead inc hosp","quantile",0.75,4126,"COVID-19"
"DE","80+",2022-03-23,2022-03-15,"-8 day ahead inc hosp","quantile",0.9,4243,"COVID-19"
"DE","80+",2022-03-23,2022-03-15,"-8 day ahead inc hosp","quantile",0.975,4384,"COVID-19"
"DE","80+",2022-03-23,2022-03-14,"-9 day ahead inc hosp","mean",NA,3868,"COVID-19"
"DE","80+",2022-03-23,2022-03-14,"-9 day ahead inc hosp","quantile",0.025,3612,"COVID-19"
"DE","80+",2022-03-23,2022-03-14,"-9 day ahead inc hosp","quantile",0.1,3688,"COVID-19"
"DE","80+",2022-03-23,2022-03-14,"-9 day ahead inc hosp","quantile",0.25,3764,"COVID-19"
"DE","80+",2022-03-23,2022-03-14,"-9 day ahead inc hosp","quantile",0.5,3857,"COVID-19"
"DE","80+",2022-03-23,2022-03-14,"-9 day ahead inc hosp","quantile",0.75,3960,"COVID-19"
"DE","80+",2022-03-23,2022-03-14,"-9 day ahead inc hosp","quantile",0.9,4062,"COVID-19"
"DE","80+",2022-03-23,2022-03-14,"-9 day ahead inc hosp","quantile",0.975,4187,"COVID-19"
"DE","80+",2022-03-23,2022-03-13,"-10 day ahead inc hosp","mean",NA,3810,"COVID-19"
"DE","80+",2022-03-23,2022-03-13,"-10 day ahead inc hosp","quantile",0.025,3562,"COVID-19"
"DE","80+",2022-03-23,2022-03-13,"-10 day ahead inc hosp","quantile",0.1,3635,"COVID-19"
"DE","80+",2022-03-23,2022-03-13,"-10 day ahead inc hosp","quantile",0.25,3708,"COVID-19"
"DE","80+",2022-03-23,2022-03-13,"-10 day ahead inc hosp","quantile",0.5,3799,"COVID-19"
"DE","80+",2022-03-23,2022-03-13,"-10 day ahead inc hosp","quantile",0.75,3900,"COVID-19"
"DE","80+",2022-03-23,2022-03-13,"-10 day ahead inc hosp","quantile",0.9,4001,"COVID-19"
"DE","80+",2022-03-23,2022-03-13,"-10 day ahead inc hosp","quantile",0.975,4123,"COVID-19"
"DE","80+",2022-03-23,2022-03-12,"-11 day ahead inc hosp","mean",NA,3767,"COVID-19"
"DE","80+",2022-03-23,2022-03-12,"-11 day ahead inc hosp","quantile",0.025,3527,"COVID-19"
"DE","80+",2022-03-23,2022-03-12,"-11 day ahead inc hosp","quantile",0.1,3597,"COVID-19"
"DE","80+",2022-03-23,2022-03-12,"-11 day ahead inc hosp","quantile",0.25,3668,"COVID-19"
"DE","80+",2022-03-23,2022-03-12,"-11 day ahead inc hosp","quantile",0.5,3756,"COVID-19"
"DE","80+",2022-03-23,2022-03-12,"-11 day ahead inc hosp","quantile",0.75,3854,"COVID-19"
"DE","80+",2022-03-23,2022-03-12,"-11 day ahead inc hosp","quantile",0.9,3952,"COVID-19"
"DE","80+",2022-03-23,2022-03-12,"-11 day ahead inc hosp","quantile",0.975,4071,"COVID-19"
"DE","80+",2022-03-23,2022-03-11,"-12 day ahead inc hosp","mean",NA,3617,"COVID-19"
"DE","80+",2022-03-23,2022-03-11,"-12 day ahead inc hosp","quantile",0.025,3403,"COVID-19"
"DE","80+",2022-03-23,2022-03-11,"-12 day ahead inc hosp","quantile",0.1,3465,"COVID-19"
"DE","80+",2022-03-23,2022-03-11,"-12 day ahead inc hosp","quantile",0.25,3528,"COVID-19"
"DE","80+",2022-03-23,2022-03-11,"-12 day ahead inc hosp","quantile",0.5,3607,"COVID-19"
"DE","80+",2022-03-23,2022-03-11,"-12 day ahead inc hosp","quantile",0.75,3695,"COVID-19"
"DE","80+",2022-03-23,2022-03-11,"-12 day ahead inc hosp","quantile",0.9,3782,"COVID-19"
"DE","80+",2022-03-23,2022-03-11,"-12 day ahead inc hosp","quantile",0.975,3890,"COVID-19"
"DE","80+",2022-03-23,2022-03-10,"-13 day ahead inc hosp","mean",NA,3491,"COVID-19"
"DE","80+",2022-03-23,2022-03-10,"-13 day ahead inc hosp","quantile",0.025,3298,"COVID-19"
"DE","80+",2022-03-23,2022-03-10,"-13 day ahead inc hosp","quantile",0.1,3354,"COVID-19"
"DE","80+",2022-03-23,2022-03-10,"-13 day ahead inc hosp","quantile",0.25,3410,"COVID-19"
"DE","80+",2022-03-23,2022-03-10,"-13 day ahead inc hosp","quantile",0.5,3482,"COVID-19"
"DE","80+",2022-03-23,2022-03-10,"-13 day ahead inc hosp","quantile",0.75,3562,"COVID-19"
"DE","80+",2022-03-23,2022-03-10,"-13 day ahead inc hosp","quantile",0.9,3642,"COVID-19"
"DE","80+",2022-03-23,2022-03-10,"-13 day ahead inc hosp","quantile",0.975,3740,"COVID-19"
"DE","80+",2022-03-23,2022-03-09,"-14 day ahead inc hosp","mean",NA,3391,"COVID-19"
"DE","80+",2022-03-23,2022-03-09,"-14 day ahead inc hosp","quantile",0.025,3217,"COVID-19"
"DE","80+",2022-03-23,2022-03-09,"-14 day ahead inc hosp","quantile",0.1,3267,"COVID-19"
"DE","80+",2022-03-23,2022-03-09,"-14 day ahead inc hosp","quantile",0.25,3318,"COVID-19"
"DE","80+",2022-03-23,2022-03-09,"-14 day ahead inc hosp","quantile",0.5,3382,"COVID-19"
"DE","80+",2022-03-23,2022-03-09,"-14 day ahead inc hosp","quantile",0.75,3454,"COVID-19"
"DE","80+",2022-03-23,2022-03-09,"-14 day ahead inc hosp","quantile",0.9,3527,"COVID-19"
"DE","80+",2022-03-23,2022-03-09,"-14 day ahead inc hosp","quantile",0.975,3617,"COVID-19"
"DE","80+",2022-03-23,2022-03-08,"-15 day ahead inc hosp","mean",NA,3233,"COVID-19"
"DE","80+",2022-03-23,2022-03-08,"-15 day ahead inc hosp","quantile",0.025,3080,"COVID-19"
"DE","80+",2022-03-23,2022-03-08,"-15 day ahead inc hosp","quantile",0.1,3123,"COVID-19"
"DE","80+",2022-03-23,2022-03-08,"-15 day ahead inc hosp","quantile",0.25,3168,"COVID-19"
"DE","80+",2022-03-23,2022-03-08,"-15 day ahead inc hosp","quantile",0.5,3225,"COVID-19"
"DE","80+",2022-03-23,2022-03-08,"-15 day ahead inc hosp","quantile",0.75,3289,"COVID-19"
"DE","80+",2022-03-23,2022-03-08,"-15 day ahead inc hosp","quantile",0.9,3354,"COVID-19"
"DE","80+",2022-03-23,2022-03-08,"-15 day ahead inc hosp","quantile",0.975,3434,"COVID-19"
"DE","80+",2022-03-23,2022-03-07,"-16 day ahead inc hosp","mean",NA,3126,"COVID-19"
"DE","80+",2022-03-23,2022-03-07,"-16 day ahead inc hosp","quantile",0.025,2988,"COVID-19"
"DE","80+",2022-03-23,2022-03-07,"-16 day ahead inc hosp","quantile",0.1,3027,"COVID-19"
"DE","80+",2022-03-23,2022-03-07,"-16 day ahead inc hosp","quantile",0.25,3067,"COVID-19"
"DE","80+",2022-03-23,2022-03-07,"-16 day ahead inc hosp","quantile",0.5,3118,"COVID-19"
"DE","80+",2022-03-23,2022-03-07,"-16 day ahead inc hosp","quantile",0.75,3176,"COVID-19"
"DE","80+",2022-03-23,2022-03-07,"-16 day ahead inc hosp","quantile",0.9,3235,"COVID-19"
"DE","80+",2022-03-23,2022-03-07,"-16 day ahead inc hosp","quantile",0.975,3308,"COVID-19"
"DE","80+",2022-03-23,2022-03-06,"-17 day ahead inc hosp","mean",NA,3151,"COVID-19"
"DE","80+",2022-03-23,2022-03-06,"-17 day ahead inc hosp","quantile",0.025,3015,"COVID-19"
"DE","80+",2022-03-23,2022-03-06,"-17 day ahead inc hosp","quantile",0.1,3053,"COVID-19"
"DE","80+",2022-03-23,2022-03-06,"-17 day ahead inc hosp","quantile",0.25,3092,"COVID-19"
"DE","80+",2022-03-23,2022-03-06,"-17 day ahead inc hosp","quantile",0.5,3143,"COVID-19"
"DE","80+",2022-03-23,2022-03-06,"-17 day ahead inc hosp","quantile",0.75,3201,"COVID-19"
"DE","80+",2022-03-23,2022-03-06,"-17 day ahead inc hosp","quantile",0.9,3260,"COVID-19"
"DE","80+",2022-03-23,2022-03-06,"-17 day ahead inc hosp","quantile",0.975,3334,"COVID-19"
"DE","80+",2022-03-23,2022-03-05,"-18 day ahead inc hosp","mean",NA,3160,"COVID-19"
"DE","80+",2022-03-23,2022-03-05,"-18 day ahead inc hosp","quantile",0.025,3028,"COVID-19"
"DE","80+",2022-03-23,2022-03-05,"-18 day ahead inc hosp","quantile",0.1,3064,"COVID-19"
"DE","80+",2022-03-23,2022-03-05,"-18 day ahead inc hosp","quantile",0.25,3103,"COVID-19"
"DE","80+",2022-03-23,2022-03-05,"-18 day ahead inc hosp","quantile",0.5,3152,"COVID-19"
"DE","80+",2022-03-23,2022-03-05,"-18 day ahead inc hosp","quantile",0.75,3208,"COVID-19"
"DE","80+",2022-03-23,2022-03-05,"-18 day ahead inc hosp","quantile",0.9,3266,"COVID-19"
"DE","80+",2022-03-23,2022-03-05,"-18 day ahead inc hosp","quantile",0.975,3338,"COVID-19"
"DE","80+",2022-03-23,2022-03-04,"-19 day ahead inc hosp","mean",NA,3199,"COVID-19"
"DE","80+",2022-03-23,2022-03-04,"-19 day ahead inc hosp","quantile",0.025,3073,"COVID-19"
"DE","80+",2022-03-23,2022-03-04,"-19 day ahead inc hosp","quantile",0.1,3108,"COVID-19"
"DE","80+",2022-03-23,2022-03-04,"-19 day ahead inc hosp","quantile",0.25,3144,"COVID-19"
"DE","80+",2022-03-23,2022-03-04,"-19 day ahead inc hosp","quantile",0.5,3191,"COVID-19"
"DE","80+",2022-03-23,2022-03-04,"-19 day ahead inc hosp","quantile",0.75,3245,"COVID-19"
"DE","80+",2022-03-23,2022-03-04,"-19 day ahead inc hosp","quantile",0.9,3301,"COVID-19"
"DE","80+",2022-03-23,2022-03-04,"-19 day ahead inc hosp","quantile",0.975,3370,"COVID-19"
"DE","80+",2022-03-23,2022-03-03,"-20 day ahead inc hosp","mean",NA,3181,"COVID-19"
"DE","80+",2022-03-23,2022-03-03,"-20 day ahead inc hosp","quantile",0.025,3064,"COVID-19"
"DE","80+",2022-03-23,2022-03-03,"-20 day ahead inc hosp","quantile",0.1,3095,"COVID-19"
"DE","80+",2022-03-23,2022-03-03,"-20 day ahead inc hosp","quantile",0.25,3129,"COVID-19"
"DE","80+",2022-03-23,2022-03-03,"-20 day ahead inc hosp","quantile",0.5,3173,"COVID-19"
"DE","80+",2022-03-23,2022-03-03,"-20 day ahead inc hosp","quantile",0.75,3224,"COVID-19"
"DE","80+",2022-03-23,2022-03-03,"-20 day ahead inc hosp","quantile",0.9,3277,"COVID-19"
"DE","80+",2022-03-23,2022-03-03,"-20 day ahead inc hosp","quantile",0.975,3343,"COVID-19"
"DE","80+",2022-03-23,2022-03-02,"-21 day ahead inc hosp","mean",NA,3166,"COVID-19"
"DE","80+",2022-03-23,2022-03-02,"-21 day ahead inc hosp","quantile",0.025,3058,"COVID-19"
"DE","80+",2022-03-23,2022-03-02,"-21 day ahead inc hosp","quantile",0.1,3087,"COVID-19"
"DE","80+",2022-03-23,2022-03-02,"-21 day ahead inc hosp","quantile",0.25,3117,"COVID-19"
"DE","80+",2022-03-23,2022-03-02,"-21 day ahead inc hosp","quantile",0.5,3158,"COVID-19"
"DE","80+",2022-03-23,2022-03-02,"-21 day ahead inc hosp","quantile",0.75,3206,"COVID-19"
"DE","80+",2022-03-23,2022-03-02,"-21 day ahead inc hosp","quantile",0.9,3255,"COVID-19"
"DE","80+",2022-03-23,2022-03-02,"-21 day ahead inc hosp","quantile",0.975,3318,"COVID-19"
"DE","80+",2022-03-23,2022-03-01,"-22 day ahead inc hosp","mean",NA,3179,"COVID-19"
"DE","80+",2022-03-23,2022-03-01,"-22 day ahead inc hosp","quantile",0.025,3079,"COVID-19"
"DE","80+",2022-03-23,2022-03-01,"-22 day ahead inc hosp","quantile",0.1,3105,"COVID-19"
"DE","80+",2022-03-23,2022-03-01,"-22 day ahead inc hosp","quantile",0.25,3133,"COVID-19"
"DE","80+",2022-03-23,2022-03-01,"-22 day ahead inc hosp","quantile",0.5,3171,"COVID-19"
"DE","80+",2022-03-23,2022-03-01,"-22 day ahead inc hosp","quantile",0.75,3216,"COVID-19"
"DE","80+",2022-03-23,2022-03-01,"-22 day ahead inc hosp","quantile",0.9,3263,"COVID-19"
"DE","80+",2022-03-23,2022-03-01,"-22 day ahead inc hosp","quantile",0.975,3322,"COVID-19"
"DE","80+",2022-03-23,2022-02-28,"-23 day ahead inc hosp","mean",NA,3218,"COVID-19"
"DE","80+",2022-03-23,2022-02-28,"-23 day ahead inc hosp","quantile",0.025,3125,"COVID-19"
"DE","80+",2022-03-23,2022-02-28,"-23 day ahead inc hosp","quantile",0.1,3149,"COVID-19"
"DE","80+",2022-03-23,2022-02-28,"-23 day ahead inc hosp","quantile",0.25,3175,"COVID-19"
"DE","80+",2022-03-23,2022-02-28,"-23 day ahead inc hosp","quantile",0.5,3211,"COVID-19"
"DE","80+",2022-03-23,2022-02-28,"-23 day ahead inc hosp","quantile",0.75,3253,"COVID-19"
"DE","80+",2022-03-23,2022-02-28,"-23 day ahead inc hosp","quantile",0.9,3296,"COVID-19"
"DE","80+",2022-03-23,2022-02-28,"-23 day ahead inc hosp","quantile",0.975,3352,"COVID-19"
"DE","80+",2022-03-23,2022-02-27,"-24 day ahead inc hosp","mean",NA,3210,"COVID-19"
"DE","80+",2022-03-23,2022-02-27,"-24 day ahead inc hosp","quantile",0.025,3119,"COVID-19"
"DE","80+",2022-03-23,2022-02-27,"-24 day ahead inc hosp","quantile",0.1,3143,"COVID-19"
"DE","80+",2022-03-23,2022-02-27,"-24 day ahead inc hosp","quantile",0.25,3168,"COVID-19"
"DE","80+",2022-03-23,2022-02-27,"-24 day ahead inc hosp","quantile",0.5,3202,"COVID-19"
"DE","80+",2022-03-23,2022-02-27,"-24 day ahead inc hosp","quantile",0.75,3243,"COVID-19"
"DE","80+",2022-03-23,2022-02-27,"-24 day ahead inc hosp","quantile",0.9,3286,"COVID-19"
"DE","80+",2022-03-23,2022-02-27,"-24 day ahead inc hosp","quantile",0.975,3341,"COVID-19"
"DE","80+",2022-03-23,2022-02-26,"-25 day ahead inc hosp","mean",NA,3194,"COVID-19"
"DE","80+",2022-03-23,2022-02-26,"-25 day ahead inc hosp","quantile",0.025,3108,"COVID-19"
"DE","80+",2022-03-23,2022-02-26,"-25 day ahead inc hosp","quantile",0.1,3130,"COVID-19"
"DE","80+",2022-03-23,2022-02-26,"-25 day ahead inc hosp","quantile",0.25,3155,"COVID-19"
"DE","80+",2022-03-23,2022-02-26,"-25 day ahead inc hosp","quantile",0.5,3187,"COVID-19"
"DE","80+",2022-03-23,2022-02-26,"-25 day ahead inc hosp","quantile",0.75,3227,"COVID-19"
"DE","80+",2022-03-23,2022-02-26,"-25 day ahead inc hosp","quantile",0.9,3268,"COVID-19"
"DE","80+",2022-03-23,2022-02-26,"-25 day ahead inc hosp","quantile",0.975,3321,"COVID-19"
"DE","80+",2022-03-23,2022-02-25,"-26 day ahead inc hosp","mean",NA,3193,"COVID-19"
"DE","80+",2022-03-23,2022-02-25,"-26 day ahead inc hosp","quantile",0.025,3114,"COVID-19"
"DE","80+",2022-03-23,2022-02-25,"-26 day ahead inc hosp","quantile",0.1,3134,"COVID-19"
"DE","80+",2022-03-23,2022-02-25,"-26 day ahead inc hosp","quantile",0.25,3156,"COVID-19"
"DE","80+",2022-03-23,2022-02-25,"-26 day ahead inc hosp","quantile",0.5,3186,"COVID-19"
"DE","80+",2022-03-23,2022-02-25,"-26 day ahead inc hosp","quantile",0.75,3222,"COVID-19"
"DE","80+",2022-03-23,2022-02-25,"-26 day ahead inc hosp","quantile",0.9,3260,"COVID-19"
"DE","80+",2022-03-23,2022-02-25,"-26 day ahead inc hosp","quantile",0.975,3309,"COVID-19"
"DE","80+",2022-03-23,2022-02-24,"-27 day ahead inc hosp","mean",NA,3243,"COVID-19"
"DE","80+",2022-03-23,2022-02-24,"-27 day ahead inc hosp","quantile",0.025,3171,"COVID-19"
"DE","80+",2022-03-23,2022-02-24,"-27 day ahead inc hosp","quantile",0.1,3189,"COVID-19"
"DE","80+",2022-03-23,2022-02-24,"-27 day ahead inc hosp","quantile",0.25,3209,"COVID-19"
"DE","80+",2022-03-23,2022-02-24,"-27 day ahead inc hosp","quantile",0.5,3237,"COVID-19"
"DE","80+",2022-03-23,2022-02-24,"-27 day ahead inc hosp","quantile",0.75,3270,"COVID-19"
"DE","80+",2022-03-23,2022-02-24,"-27 day ahead inc hosp","quantile",0.9,3304,"COVID-19"
"DE","80+",2022-03-23,2022-02-24,"-27 day ahead inc hosp","quantile",0.975,3348,"COVID-19"
"DE","80+",2022-03-23,2022-02-23,"-28 day ahead inc hosp","mean",NA,3216,"COVID-19"
"DE","80+",2022-03-23,2022-02-23,"-28 day ahead inc hosp","quantile",0.025,3150,"COVID-19"
"DE","80+",2022-03-23,2022-02-23,"-28 day ahead inc hosp","quantile",0.1,3167,"COVID-19"
"DE","80+",2022-03-23,2022-02-23,"-28 day ahead inc hosp","quantile",0.25,3185,"COVID-19"
"DE","80+",2022-03-23,2022-02-23,"-28 day ahead inc hosp","quantile",0.5,3210,"COVID-19"
"DE","80+",2022-03-23,2022-02-23,"-28 day ahead inc hosp","quantile",0.75,3240,"COVID-19"
"DE","80+",2022-03-23,2022-02-23,"-28 day ahead inc hosp","quantile",0.9,3272,"COVID-19"
"DE","80+",2022-03-23,2022-02-23,"-28 day ahead inc hosp","quantile",0.975,3312,"COVID-19"
"DE-BB","00+",2022-03-23,2022-03-23,"0 day ahead inc hosp","mean",NA,272,"COVID-19"
"DE-BB","00+",2022-03-23,2022-03-23,"0 day ahead inc hosp","quantile",0.025,190,"COVID-19"
"DE-BB","00+",2022-03-23,2022-03-23,"0 day ahead inc hosp","quantile",0.1,210,"COVID-19"
"DE-BB","00+",2022-03-23,2022-03-23,"0 day ahead inc hosp","quantile",0.25,232,"COVID-19"
"DE-BB","00+",2022-03-23,2022-03-23,"0 day ahead inc hosp","quantile",0.5,264,"COVID-19"
"DE-BB","00+",2022-03-23,2022-03-23,"0 day ahead inc hosp","quantile",0.75,302,"COVID-19"
"DE-BB","00+",2022-03-23,2022-03-23,"0 day ahead inc hosp","quantile",0.9,343,"COVID-19"
"DE-BB","00+",2022-03-23,2022-03-23,"0 day ahead inc hosp","quantile",0.975,397,"COVID-19"
"DE-BB","00+",2022-03-23,2022-03-22,"-1 day ahead inc hosp","mean",NA,270,"COVID-19"
"DE-BB","00+",2022-03-23,2022-03-22,"-1 day ahead inc hosp","quantile",0.025,202,"COVID-19"
"DE-BB","00+",2022-03-23,2022-03-22,"-1 day ahead inc hosp","quantile",0.1,217,"COVID-19"
"DE-BB","00+",2022-03-23,2022-03-22,"-1 day ahead inc hosp","quantile",0.25,236,"COVID-19"
"DE-BB","00+",2022-03-23,2022-03-22,"-1 day ahead inc hosp","quantile",0.5,262,"COVID-19"
"DE-BB","00+",2022-03-23,2022-03-22,"-1 day ahead inc hosp","quantile",0.75,295,"COVID-19"
"DE-BB","00+",2022-03-23,2022-03-22,"-1 day ahead inc hosp","quantile",0.9,331,"COVID-19"
"DE-BB","00+",2022-03-23,2022-03-22,"-1 day ahead inc hosp","quantile",0.975,378,"COVID-19"
"DE-BB","00+",2022-03-23,2022-03-21,"-2 day ahead inc hosp","mean",NA,278,"COVID-19"
"DE-BB","00+",2022-03-23,2022-03-21,"-2 day ahead inc hosp","quantile",0.025,218,"COVID-19"
"DE-BB","00+",2022-03-23,2022-03-21,"-2 day ahead inc hosp","quantile",0.1,232,"COVID-19"
"DE-BB","00+",2022-03-23,2022-03-21,"-2 day ahead inc hosp","quantile",0.25,248,"COVID-19"
"DE-BB","00+",2022-03-23,2022-03-21,"-2 day ahead inc hosp","quantile",0.5,271,"COVID-19"
"DE-BB","00+",2022-03-23,2022-03-21,"-2 day ahead inc hosp","quantile",0.75,301,"COVID-19"
"DE-BB","00+",2022-03-23,2022-03-21,"-2 day ahead inc hosp","quantile",0.9,333,"COVID-19"
"DE-BB","00+",2022-03-23,2022-03-21,"-2 day ahead inc hosp","quantile",0.975,376,"COVID-19"
"DE-BB","00+",2022-03-23,2022-03-20,"-3 day ahead inc hosp","mean",NA,287,"COVID-19"
"DE-BB","00+",2022-03-23,2022-03-20,"-3 day ahead inc hosp","quantile",0.025,225,"COVID-19"
"DE-BB","00+",2022-03-23,2022-03-20,"-3 day ahead inc hosp","quantile",0.1,238,"COVID-19"
"DE-BB","00+",2022-03-23,2022-03-20,"-3 day ahead inc hosp","quantile",0.25,255,"COVID-19"
"DE-BB","00+",2022-03-23,2022-03-20,"-3 day ahead inc hosp","quantile",0.5,279,"COVID-19"
"DE-BB","00+",2022-03-23,2022-03-20,"-3 day ahead inc hosp","quantile",0.75,310,"COVID-19"
"DE-BB","00+",2022-03-23,2022-03-20,"-3 day ahead inc hosp","quantile",0.9,345,"COVID-19"
"DE-BB","00+",2022-03-23,2022-03-20,"-3 day ahead inc hosp","quantile",0.975,390,"COVID-19"
"DE-BB","00+",2022-03-23,2022-03-19,"-4 day ahead inc hosp","mean",NA,276,"COVID-19"
"DE-BB","00+",2022-03-23,2022-03-19,"-4 day ahead inc hosp","quantile",0.025,219,"COVID-19"
"DE-BB","00+",2022-03-23,2022-03-19,"-4 day ahead inc hosp","quantile",0.1,231,"COVID-19"
"DE-BB","00+",2022-03-23,2022-03-19,"-4 day ahead inc hosp","quantile",0.25,247,"COVID-19"
"DE-BB","00+",2022-03-23,2022-03-19,"-4 day ahead inc hosp","quantile",0.5,269,"COVID-19"
"DE-BB","00+",2022-03-23,2022-03-19,"-4 day ahead inc hosp","quantile",0.75,298,"COVID-19"
"DE-BB","00+",2022-03-23,2022-03-19,"-4 day ahead inc hosp","quantile",0.9,329,"COVID-19"
"DE-BB","00+",2022-03-23,2022-03-19,"-4 day ahead inc hosp","quantile",0.975,371,"COVID-19"
"DE-BB","00+",2022-03-23,2022-03-18,"-5 day ahead inc hosp","mean",NA,284,"COVID-19"
"DE-BB","00+",2022-03-23,2022-03-18,"-5 day ahead inc hosp","quantile",0.025,230,"COVID-19"
"DE-BB","00+",2022-03-23,2022-03-18,"-5 day ahead inc hosp","quantile",0.1,241,"COVID-19"
"DE-BB","00+",2022-03-23,2022-03-18,"-5 day ahead inc hosp","quantile",0.25,256,"COVID-19"
"DE-BB","00+",2022-03-23,2022-03-18,"-5 day ahead inc hosp","quantile",0.5,278,"COVID-19"
"DE-BB","00+",2022-03-23,2022-03-18,"-5 day ahead inc hosp","quantile",0.75,306,"COVID-19"
"DE-BB","00+",2022-03-23,2022-03-18,"-5 day ahead inc hosp","quantile",0.9,337,"COVID-19"
"DE-BB","00+",2022-03-23,2022-03-18,"-5 day ahead inc hosp","quantile",0.975,378,"COVID-19"
"DE-BB","00+",2022-03-23,2022-03-17,"-6 day ahead inc hosp","mean",NA,276,"COVID-19"
"DE-BB","00+",2022-03-23,2022-03-17,"-6 day ahead inc hosp","quantile",0.025,227,"COVID-19"
"DE-BB","00+",2022-03-23,2022-03-17,"-6 day ahead inc hosp","quantile",0.1,237,"COVID-19"
"DE-BB","00+",2022-03-23,2022-03-17,"-6 day ahead inc hosp","quantile",0.25,250,"COVID-19"
"DE-BB","00+",2022-03-23,2022-03-17,"-6 day ahead inc hosp","quantile",0.5,269,"COVID-19"
"DE-BB","00+",2022-03-23,2022-03-17,"-6 day ahead inc hosp","quantile",0.75,295,"COVID-19"
"DE-BB","00+",2022-03-23,2022-03-17,"-6 day ahead inc hosp","quantile",0.9,323,"COVID-19"
"DE-BB","00+",2022-03-23,2022-03-17,"-6 day ahead inc hosp","quantile",0.975,360,"COVID-19"
"DE-BB","00+",2022-03-23,2022-03-16,"-7 day ahead inc hosp","mean",NA,266,"COVID-19"
"DE-BB","00+",2022-03-23,2022-03-16,"-7 day ahead inc hosp","quantile",0.025,223,"COVID-19"
"DE-BB","00+",2022-03-23,2022-03-16,"-7 day ahead inc hosp","quantile",0.1,232,"COVID-19"
"DE-BB","00+",2022-03-23,2022-03-16,"-7 day ahead inc hosp","quantile",0.25,243,"COVID-19"
"DE-BB","00+",2022-03-23,2022-03-16,"-7 day ahead inc hosp","quantile",0.5,260,"COVID-19"
"DE-BB","00+",2022-03-23,2022-03-16,"-7 day ahead inc hosp","quantile",0.75,282,"COVID-19"
"DE-BB","00+",2022-03-23,2022-03-16,"-7 day ahead inc hosp","quantile",0.9,307,"COVID-19"
"DE-BB","00+",2022-03-23,2022-03-16,"-7 day ahead inc hosp","quantile",0.975,342,"COVID-19"
"DE-BB","00+",2022-03-23,2022-03-15,"-8 day ahead inc hosp","mean",NA,297,"COVID-19"
"DE-BB","00+",2022-03-23,2022-03-15,"-8 day ahead inc hosp","quantile",0.025,255,"COVID-19"
"DE-BB","00+",2022-03-23,2022-03-15,"-8 day ahead inc hosp","quantile",0.1,263,"COVID-19"
"DE-BB","00+",2022-03-23,2022-03-15,"-8 day ahead inc hosp","quantile",0.25,274,"COVID-19"
"DE-BB","00+",2022-03-23,2022-03-15,"-8 day ahead inc hosp","quantile",0.5,291,"COVID-19"
"DE-BB","00+",2022-03-23,2022-03-15,"-8 day ahead inc hosp","quantile",0.75,313,"COVID-19"
"DE-BB","00+",2022-03-23,2022-03-15,"-8 day ahead inc hosp","quantile",0.9,338,"COVID-19"
"DE-BB","00+",2022-03-23,2022-03-15,"-8 day ahead inc hosp","quantile",0.975,373,"COVID-19"
"DE-BB","00+",2022-03-23,2022-03-14,"-9 day ahead inc hosp","mean",NA,279,"COVID-19"
"DE-BB","00+",2022-03-23,2022-03-14,"-9 day ahead inc hosp","quantile",0.025,244,"COVID-19"
"DE-BB","00+",2022-03-23,2022-03-14,"-9 day ahead inc hosp","quantile",0.1,250,"COVID-19"
"DE-BB","00+",2022-03-23,2022-03-14,"-9 day ahead inc hosp","quantile",0.25,259,"COVID-19"
"DE-BB","00+",2022-03-23,2022-03-14,"-9 day ahead inc hosp","quantile",0.5,274,"COVID-19"
"DE-BB","00+",2022-03-23,2022-03-14,"-9 day ahead inc hosp","quantile",0.75,293,"COVID-19"
"DE-BB","00+",2022-03-23,2022-03-14,"-9 day ahead inc hosp","quantile",0.9,315,"COVID-19"
"DE-BB","00+",2022-03-23,2022-03-14,"-9 day ahead inc hosp","quantile",0.975,345,"COVID-19"
"DE-BB","00+",2022-03-23,2022-03-13,"-10 day ahead inc hosp","mean",NA,278,"COVID-19"
"DE-BB","00+",2022-03-23,2022-03-13,"-10 day ahead inc hosp","quantile",0.025,243,"COVID-19"
"DE-BB","00+",2022-03-23,2022-03-13,"-10 day ahead inc hosp","quantile",0.1,249,"COVID-19"
"DE-BB","00+",2022-03-23,2022-03-13,"-10 day ahead inc hosp","quantile",0.25,258,"COVID-19"
"DE-BB","00+",2022-03-23,2022-03-13,"-10 day ahead inc hosp","quantile",0.5,272,"COVID-19"
"DE-BB","00+",2022-03-23,2022-03-13,"-10 day ahead inc hosp","quantile",0.75,292,"COVID-19"
"DE-BB","00+",2022-03-23,2022-03-13,"-10 day ahead inc hosp","quantile",0.9,314,"COVID-19"
"DE-BB","00+",2022-03-23,2022-03-13,"-10 day ahead inc hosp","quantile",0.975,346,"COVID-19"
"DE-BB","00+",2022-03-23,2022-03-12,"-11 day ahead inc hosp","mean",NA,276,"COVID-19"
"DE-BB","00+",2022-03-23,2022-03-12,"-11 day ahead inc hosp","quantile",0.025,241,"COVID-19"
"DE-BB","00+",2022-03-23,2022-03-12,"-11 day ahead inc hosp","quantile",0.1,247,"COVID-19"
"DE-BB","00+",2022-03-23,2022-03-12,"-11 day ahead inc hosp","quantile",0.25,255,"COVID-19"
"DE-BB","00+",2022-03-23,2022-03-12,"-11 day ahead inc hosp","quantile",0.5,270,"COVID-19"
"DE-BB","00+",2022-03-23,2022-03-12,"-11 day ahead inc hosp","quantile",0.75,289,"COVID-19"
"DE-BB","00+",2022-03-23,2022-03-12,"-11 day ahead inc hosp","quantile",0.9,313,"COVID-19"
"DE-BB","00+",2022-03-23,2022-03-12,"-11 day ahead inc hosp","quantile",0.975,345,"COVID-19"
"DE-BB","00+",2022-03-23,2022-03-11,"-12 day ahead inc hosp","mean",NA,270,"COVID-19"
"DE-BB","00+",2022-03-23,2022-03-11,"-12 day ahead inc hosp","quantile",0.025,238,"COVID-19"
"DE-BB","00+",2022-03-23,2022-03-11,"-12 day ahead inc hosp","quantile",0.1,243,"COVID-19"
"DE-BB","00+",2022-03-23,2022-03-11,"-12 day ahead inc hosp","quantile",0.25,251,"COVID-19"
"DE-BB","00+",2022-03-23,2022-03-11,"-12 day ahead inc hosp","quantile",0.5,264,"COVID-19"
"DE-BB","00+",2022-03-23,2022-03-11,"-12 day ahead inc hosp","quantile",0.75,282,"COVID-19"
"DE-BB","00+",2022-03-23,2022-03-11,"-12 day ahead inc hosp","quantile",0.9,304,"COVID-19"
"DE-BB","00+",2022-03-23,2022-03-11,"-12 day ahead inc hosp","quantile",0.975,335,"COVID-19"
"DE-BB","00+",2022-03-23,2022-03-10,"-13 day ahead inc hosp","mean",NA,284,"COVID-19"
"DE-BB","00+",2022-03-23,2022-03-10,"-13 day ahead inc hosp","quantile",0.025,254,"COVID-19"
"DE-BB","00+",2022-03-23,2022-03-10,"-13 day ahead inc hosp","quantile",0.1,258,"COVID-19"
"DE-BB","00+",2022-03-23,2022-03-10,"-13 day ahead inc hosp","quantile",0.25,266,"COVID-19"
"DE-BB","00+",2022-03-23,2022-03-10,"-13 day ahead inc hosp","quantile",0.5,278,"COVID-19"
"DE-BB","00+",2022-03-23,2022-03-10,"-13 day ahead inc hosp","quantile",0.75,296,"COVID-19"
"DE-BB","00+",2022-03-23,2022-03-10,"-13 day ahead inc hosp","quantile",0.9,317,"COVID-19"
"DE-BB","00+",2022-03-23,2022-03-10,"-13 day ahead inc hosp","quantile",0.975,347,"COVID-19"
"DE-BB","00+",2022-03-23,2022-03-09,"-14 day ahead inc hosp","mean",NA,298,"COVID-19"
"DE-BB","00+",2022-03-23,2022-03-09,"-14 day ahead inc hosp","quantile",0.025,268,"COVID-19"
"DE-BB","00+",2022-03-23,2022-03-09,"-14 day ahead inc hosp","quantile",0.1,273,"COVID-19"
"DE-BB","00+",2022-03-23,2022-03-09,"-14 day ahead inc hosp","quantile",0.25,280,"COVID-19"
"DE-BB","00+",2022-03-23,2022-03-09,"-14 day ahead inc hosp","quantile",0.5,292,"COVID-19"
"DE-BB","00+",2022-03-23,2022-03-09,"-14 day ahead inc hosp","quantile",0.75,309,"COVID-19"
"DE-BB","00+",2022-03-23,2022-03-09,"-14 day ahead inc hosp","quantile",0.9,331,"COVID-19"
"DE-BB","00+",2022-03-23,2022-03-09,"-14 day ahead inc hosp","quantile",0.975,361,"COVID-19"
"DE-BB","00+",2022-03-23,2022-03-08,"-15 day ahead inc hosp","mean",NA,269,"COVID-19"
"DE-BB","00+",2022-03-23,2022-03-08,"-15 day ahead inc hosp","quantile",0.025,245,"COVID-19"
"DE-BB","00+",2022-03-23,2022-03-08,"-15 day ahead inc hosp","quantile",0.1,249,"COVID-19"
"DE-BB","00+",2022-03-23,2022-03-08,"-15 day ahead inc hosp","quantile",0.25,254,"COVID-19"
"DE-BB","00+",2022-03-23,2022-03-08,"-15 day ahead inc hosp","quantile",0.5,264,"COVID-19"
"DE-BB","00+",2022-03-23,2022-03-08,"-15 day ahead inc hosp","quantile",0.75,278,"COVID-19"
"DE-BB","00+",2022-03-23,2022-03-08,"-15 day ahead inc hosp","quantile",0.9,295,"COVID-19"
"DE-BB","00+",2022-03-23,2022-03-08,"-15 day ahead inc hosp","quantile",0.975,320,"COVID-19"
"DE-BB","00+",2022-03-23,2022-03-07,"-16 day ahead inc hosp","mean",NA,290,"COVID-19"
"DE-BB","00+",2022-03-23,2022-03-07,"-16 day ahead inc hosp","quantile",0.025,267,"COVID-19"
"DE-BB","00+",2022-03-23,2022-03-07,"-16 day ahead inc hosp","quantile",0.1,270,"COVID-19"
"DE-BB","00+",2022-03-23,2022-03-07,"-16 day ahead inc hosp","quantile",0.25,275,"COVID-19"
"DE-BB","00+",2022-03-23,2022-03-07,"-16 day ahead inc hosp","quantile",0.5,285,"COVID-19"
"DE-BB","00+",2022-03-23,2022-03-07,"-16 day ahead inc hosp","quantile",0.75,299,"COVID-19"
"DE-BB","00+",2022-03-23,2022-03-07,"-16 day ahead inc hosp","quantile",0.9,316,"COVID-19"
"DE-BB","00+",2022-03-23,2022-03-07,"-16 day ahead inc hosp","quantile",0.975,340,"COVID-19"
"DE-BB","00+",2022-03-23,2022-03-06,"-17 day ahead inc hosp","mean",NA,288,"COVID-19"
"DE-BB","00+",2022-03-23,2022-03-06,"-17 day ahead inc hosp","quantile",0.025,266,"COVID-19"
"DE-BB","00+",2022-03-23,2022-03-06,"-17 day ahead inc hosp","quantile",0.1,269,"COVID-19"
"DE-BB","00+",2022-03-23,2022-03-06,"-17 day ahead inc hosp","quantile",0.25,274,"COVID-19"
"DE-BB","00+",2022-03-23,2022-03-06,"-17 day ahead inc hosp","quantile",0.5,283,"COVID-19"
"DE-BB","00+",2022-03-23,2022-03-06,"-17 day ahead inc hosp","quantile",0.75,297,"COVID-19"
"DE-BB","00+",2022-03-23,2022-03-06,"-17 day ahead inc hosp","quantile",0.9,314,"COVID-19"
"DE-BB","00+",2022-03-23,2022-03-06,"-17 day ahead inc hosp","quantile",0.975,339,"COVID-19"
"DE-BB","00+",2022-03-23,2022-03-05,"-18 day ahead inc hosp","mean",NA,301,"COVID-19"
"DE-BB","00+",2022-03-23,2022-03-05,"-18 day ahead inc hosp","quantile",0.025,278,"COVID-19"
"DE-BB","00+",2022-03-23,2022-03-05,"-18 day ahead inc hosp","quantile",0.1,281,"COVID-19"
"DE-BB","00+",2022-03-23,2022-03-05,"-18 day ahead inc hosp","quantile",0.25,286,"COVID-19"
"DE-BB","00+",2022-03-23,2022-03-05,"-18 day ahead inc hosp","quantile",0.5,295,"COVID-19"
"DE-BB","00+",2022-03-23,2022-03-05,"-18 day ahead inc hosp","quantile",0.75,310,"COVID-19"
"DE-BB","00+",2022-03-23,2022-03-05,"-18 day ahead inc hosp","quantile",0.9,328,"COVID-19"
"DE-BB","00+",2022-03-23,2022-03-05,"-18 day ahead inc hosp","quantile",0.975,354,"COVID-19"
"DE-BB","00+",2022-03-23,2022-03-04,"-19 day ahead inc hosp","mean",NA,330,"COVID-19"
"DE-BB","00+",2022-03-23,2022-03-04,"-19 day ahead inc hosp","quantile",0.025,306,"COVID-19"
"DE-BB","00+",2022-03-23,2022-03-04,"-19 day ahead inc hosp","quantile",0.1,309,"COVID-19"
"DE-BB","00+",2022-03-23,2022-03-04,"-19 day ahead inc hosp","quantile",0.25,314,"COVID-19"
"DE-BB","00+",2022-03-23,2022-03-04,"-19 day ahead inc hosp","quantile",0.5,324,"COVID-19"
"DE-BB","00+",2022-03-23,2022-03-04,"-19 day ahead inc hosp","quantile",0.75,339,"COVID-19"
"DE-BB","00+",2022-03-23,2022-03-04,"-19 day ahead inc hosp","quantile",0.9,358,"COVID-19"
"DE-BB","00+",2022-03-23,2022-03-04,"-19 day ahead inc hosp","quantile",0.975,386,"COVID-19"
"DE-BB","00+",2022-03-23,2022-03-03,"-20 day ahead inc hosp","mean",NA,302,"COVID-19"
"DE-BB","00+",2022-03-23,2022-03-03,"-20 day ahead inc hosp","quantile",0.025,281,"COVID-19"
"DE-BB","00+",2022-03-23,2022-03-03,"-20 day ahead inc hosp","quantile",0.1,284,"COVID-19"
"DE-BB","00+",2022-03-23,2022-03-03,"-20 day ahead inc hosp","quantile",0.25,288,"COVID-19"
"DE-BB","00+",2022-03-23,2022-03-03,"-20 day ahead inc hosp","quantile",0.5,297,"COVID-19"
"DE-BB","00+",2022-03-23,2022-03-03,"-20 day ahead inc hosp","quantile",0.75,310,"COVID-19"
"DE-BB","00+",2022-03-23,2022-03-03,"-20 day ahead inc hosp","quantile",0.9,328,"COVID-19"
"DE-BB","00+",2022-03-23,2022-03-03,"-20 day ahead inc hosp","quantile",0.975,353,"COVID-19"
"DE-BB","00+",2022-03-23,2022-03-02,"-21 day ahead inc hosp","mean",NA,275,"COVID-19"
"DE-BB","00+",2022-03-23,2022-03-02,"-21 day ahead inc hosp","quantile",0.025,257,"COVID-19"
"DE-BB","00+",2022-03-23,2022-03-02,"-21 day ahead inc hosp","quantile",0.1,259,"COVID-19"
"DE-BB","00+",2022-03-23,2022-03-02,"-21 day ahead inc hosp","quantile",0.25,263,"COVID-19"
"DE-BB","00+",2022-03-23,2022-03-02,"-21 day ahead inc hosp","quantile",0.5,270,"COVID-19"
"DE-BB","00+",2022-03-23,2022-03-02,"-21 day ahead inc hosp","quantile",0.75,282,"COVID-19"
"DE-BB","00+",2022-03-23,2022-03-02,"-21 day ahead inc hosp","quantile",0.9,297,"COVID-19"
"DE-BB","00+",2022-03-23,2022-03-02,"-21 day ahead inc hosp","quantile",0.975,320,"COVID-19"
"DE-BB","00+",2022-03-23,2022-03-01,"-22 day ahead inc hosp","mean",NA,245,"COVID-19"
"DE-BB","00+",2022-03-23,2022-03-01,"-22 day ahead inc hosp","quantile",0.025,230,"COVID-19"
"DE-BB","00+",2022-03-23,2022-03-01,"-22 day ahead inc hosp","quantile",0.1,231,"COVID-19"
"DE-BB","00+",2022-03-23,2022-03-01,"-22 day ahead inc hosp","quantile",0.25,234,"COVID-19"
"DE-BB","00+",2022-03-23,2022-03-01,"-22 day ahead inc hosp","quantile",0.5,240,"COVID-19"
"DE-BB","00+",2022-03-23,2022-03-01,"-22 day ahead inc hosp","quantile",0.75,251,"COVID-19"
"DE-BB","00+",2022-03-23,2022-03-01,"-22 day ahead inc hosp","quantile",0.9,264,"COVID-19"
"DE-BB","00+",2022-03-23,2022-03-01,"-22 day ahead inc hosp","quantile",0.975,283,"COVID-19"
"DE-BB","00+",2022-03-23,2022-02-28,"-23 day ahead inc hosp","mean",NA,240,"COVID-19"
"DE-BB","00+",2022-03-23,2022-02-28,"-23 day ahead inc hosp","quantile",0.025,227,"COVID-19"
"DE-BB","00+",2022-03-23,2022-02-28,"-23 day ahead inc hosp","quantile",0.1,228,"COVID-19"
"DE-BB","00+",2022-03-23,2022-02-28,"-23 day ahead inc hosp","quantile",0.25,231,"COVID-19"
"DE-BB","00+",2022-03-23,2022-02-28,"-23 day ahead inc hosp","quantile",0.5,236,"COVID-19"
"DE-BB","00+",2022-03-23,2022-02-28,"-23 day ahead inc hosp","quantile",0.75,245,"COVID-19"
"DE-BB","00+",2022-03-23,2022-02-28,"-23 day ahead inc hosp","quantile",0.9,256,"COVID-19"
"DE-BB","00+",2022-03-23,2022-02-28,"-23 day ahead inc hosp","quantile",0.975,273,"COVID-19"
"DE-BB","00+",2022-03-23,2022-02-27,"-24 day ahead inc hosp","mean",NA,243,"COVID-19"
"DE-BB","00+",2022-03-23,2022-02-27,"-24 day ahead inc hosp","quantile",0.025,230,"COVID-19"
"DE-BB","00+",2022-03-23,2022-02-27,"-24 day ahead inc hosp","quantile",0.1,231,"COVID-19"
"DE-BB","00+",2022-03-23,2022-02-27,"-24 day ahead inc hosp","quantile",0.25,234,"COVID-19"
"DE-BB","00+",2022-03-23,2022-02-27,"-24 day ahead inc hosp","quantile",0.5,239,"COVID-19"
"DE-BB","00+",2022-03-23,2022-02-27,"-24 day ahead inc hosp","quantile",0.75,248,"COVID-19"
"DE-BB","00+",2022-03-23,2022-02-27,"-24 day ahead inc hosp","quantile",0.9,259,"COVID-19"
"DE-BB","00+",2022-03-23,2022-02-27,"-24 day ahead inc hosp","quantile",0.975,276,"COVID-19"
"DE-BB","00+",2022-03-23,2022-02-26,"-25 day ahead inc hosp","mean",NA,233,"COVID-19"
"DE-BB","00+",2022-03-23,2022-02-26,"-25 day ahead inc hosp","quantile",0.025,221,"COVID-19"
"DE-BB","00+",2022-03-23,2022-02-26,"-25 day ahead inc hosp","quantile",0.1,222,"COVID-19"
"DE-BB","00+",2022-03-23,2022-02-26,"-25 day ahead inc hosp","quantile",0.25,224,"COVID-19"
"DE-BB","00+",2022-03-23,2022-02-26,"-25 day ahead inc hosp","quantile",0.5,229,"COVID-19"
"DE-BB","00+",2022-03-23,2022-02-26,"-25 day ahead inc hosp","quantile",0.75,237,"COVID-19"
"DE-BB","00+",2022-03-23,2022-02-26,"-25 day ahead inc hosp","quantile",0.9,247,"COVID-19"
"DE-BB","00+",2022-03-23,2022-02-26,"-25 day ahead inc hosp","quantile",0.975,263,"COVID-19"
"DE-BB","00+",2022-03-23,2022-02-25,"-26 day ahead inc hosp","mean",NA,215,"COVID-19"
"DE-BB","00+",2022-03-23,2022-02-25,"-26 day ahead inc hosp","quantile",0.025,206,"COVID-19"
"DE-BB","00+",2022-03-23,2022-02-25,"-26 day ahead inc hosp","quantile",0.1,207,"COVID-19"
"DE-BB","00+",2022-03-23,2022-02-25,"-26 day ahead inc hosp","quantile",0.25,209,"COVID-19"
"DE-BB","00+",2022-03-23,2022-02-25,"-26 day ahead inc hosp","quantile",0.5,212,"COVID-19"
"DE-BB","00+",2022-03-23,2022-02-25,"-26 day ahead inc hosp","quantile",0.75,219,"COVID-19"
"DE-BB","00+",2022-03-23,2022-02-25,"-26 day ahead inc hosp","quantile",0.9,227,"COVID-19"
"DE-BB","00+",2022-03-23,2022-02-25,"-26 day ahead inc hosp","quantile",0.975,239,"COVID-19"
"DE-BB","00+",2022-03-23,2022-02-24,"-27 day ahead inc hosp","mean",NA,214,"COVID-19"
"DE-BB","00+",2022-03-23,2022-02-24,"-27 day ahead inc hosp","quantile",0.025,206,"COVID-19"
"DE-BB","00+",2022-03-23,2022-02-24,"-27 day ahead inc hosp","quantile",0.1,207,"COVID-19"
"DE-BB","00+",2022-03-23,2022-02-24,"-27 day ahead inc hosp","quantile",0.25,208,"COVID-19"
"DE-BB","00+",2022-03-23,2022-02-24,"-27 day ahead inc hosp","quantile",0.5,212,"COVID-19"
"DE-BB","00+",2022-03-23,2022-02-24,"-27 day ahead inc hosp","quantile",0.75,218,"COVID-19"
"DE-BB","00+",2022-03-23,2022-02-24,"-27 day ahead inc hosp","quantile",0.9,225,"COVID-19"
"DE-BB","00+",2022-03-23,2022-02-24,"-27 day ahead inc hosp","quantile",0.975,236,"COVID-19"
"DE-BB","00+",2022-03-23,2022-02-23,"-28 day ahead inc hosp","mean",NA,215,"COVID-19"
"DE-BB","00+",2022-03-23,2022-02-23,"-28 day ahead inc hosp","quantile",0.025,207,"COVID-19"
"DE-BB","00+",2022-03-23,2022-02-23,"-28 day ahead inc hosp","quantile",0.1,208,"COVID-19"
"DE-BB","00+",2022-03-23,2022-02-23,"-28 day ahead inc hosp","quantile",0.25,209,"COVID-19"
"DE-BB","00+",2022-03-23,2022-02-23,"-28 day ahead inc hosp","quantile",0.5,213,"COVID-19"
"DE-BB","00+",2022-03-23,2022-02-23,"-28 day ahead inc hosp","quantile",0.75,218,"COVID-19"
"DE-BB","00+",2022-03-23,2022-02-23,"-28 day ahead inc hosp","quantile",0.9,225,"COVID-19"
"DE-BB","00+",2022-03-23,2022-02-23,"-28 day ahead inc hosp","quantile",0.975,235,"COVID-19"
"DE-BE","00+",2022-03-23,2022-03-23,"0 day ahead inc hosp","mean",NA,190,"COVID-19"
"DE-BE","00+",2022-03-23,2022-03-23,"0 day ahead inc hosp","quantile",0.025,149,"COVID-19"
"DE-BE","00+",2022-03-23,2022-03-23,"0 day ahead inc hosp","quantile",0.1,160,"COVID-19"
"DE-BE","00+",2022-03-23,2022-03-23,"0 day ahead inc hosp","quantile",0.25,172,"COVID-19"
"DE-BE","00+",2022-03-23,2022-03-23,"0 day ahead inc hosp","quantile",0.5,187,"COVID-19"
"DE-BE","00+",2022-03-23,2022-03-23,"0 day ahead inc hosp","quantile",0.75,205,"COVID-19"
"DE-BE","00+",2022-03-23,2022-03-23,"0 day ahead inc hosp","quantile",0.9,223,"COVID-19"
"DE-BE","00+",2022-03-23,2022-03-23,"0 day ahead inc hosp","quantile",0.975,245,"COVID-19"
"DE-BE","00+",2022-03-23,2022-03-22,"-1 day ahead inc hosp","mean",NA,208,"COVID-19"
"DE-BE","00+",2022-03-23,2022-03-22,"-1 day ahead inc hosp","quantile",0.025,169,"COVID-19"
"DE-BE","00+",2022-03-23,2022-03-22,"-1 day ahead inc hosp","quantile",0.1,180,"COVID-19"
"DE-BE","00+",2022-03-23,2022-03-22,"-1 day ahead inc hosp","quantile",0.25,191,"COVID-19"
"DE-BE","00+",2022-03-23,2022-03-22,"-1 day ahead inc hosp","quantile",0.5,205,"COVID-19"
"DE-BE","00+",2022-03-23,2022-03-22,"-1 day ahead inc hosp","quantile",0.75,222,"COVID-19"
"DE-BE","00+",2022-03-23,2022-03-22,"-1 day ahead inc hosp","quantile",0.9,239,"COVID-19"
"DE-BE","00+",2022-03-23,2022-03-22,"-1 day ahead inc hosp","quantile",0.975,261,"COVID-19"
"DE-BE","00+",2022-03-23,2022-03-21,"-2 day ahead inc hosp","mean",NA,223,"COVID-19"
"DE-BE","00+",2022-03-23,2022-03-21,"-2 day ahead inc hosp","quantile",0.025,187,"COVID-19"
"DE-BE","00+",2022-03-23,2022-03-21,"-2 day ahead inc hosp","quantile",0.1,197,"COVID-19"
"DE-BE","00+",2022-03-23,2022-03-21,"-2 day ahead inc hosp","quantile",0.25,207,"COVID-19"
"DE-BE","00+",2022-03-23,2022-03-21,"-2 day ahead inc hosp","quantile",0.5,221,"COVID-19"
"DE-BE","00+",2022-03-23,2022-03-21,"-2 day ahead inc hosp","quantile",0.75,236,"COVID-19"
"DE-BE","00+",2022-03-23,2022-03-21,"-2 day ahead inc hosp","quantile",0.9,252,"COVID-19"
"DE-BE","00+",2022-03-23,2022-03-21,"-2 day ahead inc hosp","quantile",0.975,272,"COVID-19"
"DE-BE","00+",2022-03-23,2022-03-20,"-3 day ahead inc hosp","mean",NA,224,"COVID-19"
"DE-BE","00+",2022-03-23,2022-03-20,"-3 day ahead inc hosp","quantile",0.025,190,"COVID-19"
"DE-BE","00+",2022-03-23,2022-03-20,"-3 day ahead inc hosp","quantile",0.1,199,"COVID-19"
"DE-BE","00+",2022-03-23,2022-03-20,"-3 day ahead inc hosp","quantile",0.25,209,"COVID-19"
"DE-BE","00+",2022-03-23,2022-03-20,"-3 day ahead inc hosp","quantile",0.5,222,"COVID-19"
"DE-BE","00+",2022-03-23,2022-03-20,"-3 day ahead inc hosp","quantile",0.75,236,"COVID-19"
"DE-BE","00+",2022-03-23,2022-03-20,"-3 day ahead inc hosp","quantile",0.9,251,"COVID-19"
"DE-BE","00+",2022-03-23,2022-03-20,"-3 day ahead inc hosp","quantile",0.975,269,"COVID-19"
"DE-BE","00+",2022-03-23,2022-03-19,"-4 day ahead inc hosp","mean",NA,230,"COVID-19"
"DE-BE","00+",2022-03-23,2022-03-19,"-4 day ahead inc hosp","quantile",0.025,197,"COVID-19"
"DE-BE","00+",2022-03-23,2022-03-19,"-4 day ahead inc hosp","quantile",0.1,206,"COVID-19"
"DE-BE","00+",2022-03-23,2022-03-19,"-4 day ahead inc hosp","quantile",0.25,216,"COVID-19"
"DE-BE","00+",2022-03-23,2022-03-19,"-4 day ahead inc hosp","quantile",0.5,228,"COVID-19"
"DE-BE","00+",2022-03-23,2022-03-19,"-4 day ahead inc hosp","quantile",0.75,241,"COVID-19"
"DE-BE","00+",2022-03-23,2022-03-19,"-4 day ahead inc hosp","quantile",0.9,255,"COVID-19"
"DE-BE","00+",2022-03-23,2022-03-19,"-4 day ahead inc hosp","quantile",0.975,272,"COVID-19"
"DE-BE","00+",2022-03-23,2022-03-18,"-5 day ahead inc hosp","mean",NA,219,"COVID-19"
"DE-BE","00+",2022-03-23,2022-03-18,"-5 day ahead inc hosp","quantile",0.025,192,"COVID-19"
"DE-BE","00+",2022-03-23,2022-03-18,"-5 day ahead inc hosp","quantile",0.1,200,"COVID-19"
"DE-BE","00+",2022-03-23,2022-03-18,"-5 day ahead inc hosp","quantile",0.25,208,"COVID-19"
"DE-BE","00+",2022-03-23,2022-03-18,"-5 day ahead inc hosp","quantile",0.5,218,"COVID-19"
"DE-BE","00+",2022-03-23,2022-03-18,"-5 day ahead inc hosp","quantile",0.75,229,"COVID-19"
"DE-BE","00+",2022-03-23,2022-03-18,"-5 day ahead inc hosp","quantile",0.9,241,"COVID-19"
"DE-BE","00+",2022-03-23,2022-03-18,"-5 day ahead inc hosp","quantile",0.975,255,"COVID-19"
"DE-BE","00+",2022-03-23,2022-03-17,"-6 day ahead inc hosp","mean",NA,227,"COVID-19"
"DE-BE","00+",2022-03-23,2022-03-17,"-6 day ahead inc hosp","quantile",0.025,201,"COVID-19"
"DE-BE","00+",2022-03-23,2022-03-17,"-6 day ahead inc hosp","quantile",0.1,208,"COVID-19"
"DE-BE","00+",2022-03-23,2022-03-17,"-6 day ahead inc hosp","quantile",0.25,216,"COVID-19"
"DE-BE","00+",2022-03-23,2022-03-17,"-6 day ahead inc hosp","quantile",0.5,225,"COVID-19"
"DE-BE","00+",2022-03-23,2022-03-17,"-6 day ahead inc hosp","quantile",0.75,236,"COVID-19"
"DE-BE","00+",2022-03-23,2022-03-17,"-6 day ahead inc hosp","quantile",0.9,247,"COVID-19"
"DE-BE","00+",2022-03-23,2022-03-17,"-6 day ahead inc hosp","quantile",0.975,261,"COVID-19"
"DE-BE","00+",2022-03-23,2022-03-16,"-7 day ahead inc hosp","mean",NA,261,"COVID-19"
"DE-BE","00+",2022-03-23,2022-03-16,"-7 day ahead inc hosp","quantile",0.025,234,"COVID-19"
"DE-BE","00+",2022-03-23,2022-03-16,"-7 day ahead inc hosp","quantile",0.1,241,"COVID-19"
"DE-BE","00+",2022-03-23,2022-03-16,"-7 day ahead inc hosp","quantile",0.25,249,"COVID-19"
"DE-BE","00+",2022-03-23,2022-03-16,"-7 day ahead inc hosp","quantile",0.5,259,"COVID-19"
"DE-BE","00+",2022-03-23,2022-03-16,"-7 day ahead inc hosp","quantile",0.75,270,"COVID-19"
"DE-BE","00+",2022-03-23,2022-03-16,"-7 day ahead inc hosp","quantile",0.9,282,"COVID-19"
"DE-BE","00+",2022-03-23,2022-03-16,"-7 day ahead inc hosp","quantile",0.975,297,"COVID-19"
"DE-BE","00+",2022-03-23,2022-03-15,"-8 day ahead inc hosp","mean",NA,223,"COVID-19"
"DE-BE","00+",2022-03-23,2022-03-15,"-8 day ahead inc hosp","quantile",0.025,201,"COVID-19"
"DE-BE","00+",2022-03-23,2022-03-15,"-8 day ahead inc hosp","quantile",0.1,207,"COVID-19"
"DE-BE","00+",2022-03-23,2022-03-15,"-8 day ahead inc hosp","quantile",0.25,213,"COVID-19"
"DE-BE","00+",2022-03-23,2022-03-15,"-8 day ahead inc hosp","quantile",0.5,221,"COVID-19"
"DE-BE","00+",2022-03-23,2022-03-15,"-8 day ahead inc hosp","quantile",0.75,231,"COVID-19"
"DE-BE","00+",2022-03-23,2022-03-15,"-8 day ahead inc hosp","quantile",0.9,241,"COVID-19"
"DE-BE","00+",2022-03-23,2022-03-15,"-8 day ahead inc hosp","quantile",0.975,253,"COVID-19"
"DE-BE","00+",2022-03-23,2022-03-14,"-9 day ahead inc hosp","mean",NA,213,"COVID-19"
"DE-BE","00+",2022-03-23,2022-03-14,"-9 day ahead inc hosp","quantile",0.025,193,"COVID-19"
"DE-BE","00+",2022-03-23,2022-03-14,"-9 day ahead inc hosp","quantile",0.1,198,"COVID-19"
"DE-BE","00+",2022-03-23,2022-03-14,"-9 day ahead inc hosp","quantile",0.25,204,"COVID-19"
"DE-BE","00+",2022-03-23,2022-03-14,"-9 day ahead inc hosp","quantile",0.5,211,"COVID-19"
"DE-BE","00+",2022-03-23,2022-03-14,"-9 day ahead inc hosp","quantile",0.75,220,"COVID-19"
"DE-BE","00+",2022-03-23,2022-03-14,"-9 day ahead inc hosp","quantile",0.9,229,"COVID-19"
"DE-BE","00+",2022-03-23,2022-03-14,"-9 day ahead inc hosp","quantile",0.975,241,"COVID-19"
"DE-BE","00+",2022-03-23,2022-03-13,"-10 day ahead inc hosp","mean",NA,216,"COVID-19"
"DE-BE","00+",2022-03-23,2022-03-13,"-10 day ahead inc hosp","quantile",0.025,195,"COVID-19"
"DE-BE","00+",2022-03-23,2022-03-13,"-10 day ahead inc hosp","quantile",0.1,200,"COVID-19"
"DE-BE","00+",2022-03-23,2022-03-13,"-10 day ahead inc hosp","quantile",0.25,206,"COVID-19"
"DE-BE","00+",2022-03-23,2022-03-13,"-10 day ahead inc hosp","quantile",0.5,214,"COVID-19"
"DE-BE","00+",2022-03-23,2022-03-13,"-10 day ahead inc hosp","quantile",0.75,223,"COVID-19"
"DE-BE","00+",2022-03-23,2022-03-13,"-10 day ahead inc hosp","quantile",0.9,233,"COVID-19"
"DE-BE","00+",2022-03-23,2022-03-13,"-10 day ahead inc hosp","quantile",0.975,246,"COVID-19"
"DE-BE","00+",2022-03-23,2022-03-12,"-11 day ahead inc hosp","mean",NA,206,"COVID-19"
"DE-BE","00+",2022-03-23,2022-03-12,"-11 day ahead inc hosp","quantile",0.025,187,"COVID-19"
"DE-BE","00+",2022-03-23,2022-03-12,"-11 day ahead inc hosp","quantile",0.1,192,"COVID-19"
"DE-BE","00+",2022-03-23,2022-03-12,"-11 day ahead inc hosp","quantile",0.25,197,"COVID-19"
"DE-BE","00+",2022-03-23,2022-03-12,"-11 day ahead inc hosp","quantile",0.5,205,"COVID-19"
"DE-BE","00+",2022-03-23,2022-03-12,"-11 day ahead inc hosp","quantile",0.75,214,"COVID-19"
"DE-BE","00+",2022-03-23,2022-03-12,"-11 day ahead inc hosp","quantile",0.9,223,"COVID-19"
"DE-BE","00+",2022-03-23,2022-03-12,"-11 day ahead inc hosp","quantile",0.975,235,"COVID-19"
"DE-BE","00+",2022-03-23,2022-03-11,"-12 day ahead inc hosp","mean",NA,199,"COVID-19"
"DE-BE","00+",2022-03-23,2022-03-11,"-12 day ahead inc hosp","quantile",0.025,181,"COVID-19"
"DE-BE","00+",2022-03-23,2022-03-11,"-12 day ahead inc hosp","quantile",0.1,185,"COVID-19"
"DE-BE","00+",2022-03-23,2022-03-11,"-12 day ahead inc hosp","quantile",0.25,190,"COVID-19"
"DE-BE","00+",2022-03-23,2022-03-11,"-12 day ahead inc hosp","quantile",0.5,197,"COVID-19"
"DE-BE","00+",2022-03-23,2022-03-11,"-12 day ahead inc hosp","quantile",0.75,205,"COVID-19"
"DE-BE","00+",2022-03-23,2022-03-11,"-12 day ahead inc hosp","quantile",0.9,214,"COVID-19"
"DE-BE","00+",2022-03-23,2022-03-11,"-12 day ahead inc hosp","quantile",0.975,225,"COVID-19"
"DE-BE","00+",2022-03-23,2022-03-10,"-13 day ahead inc hosp","mean",NA,188,"COVID-19"
"DE-BE","00+",2022-03-23,2022-03-10,"-13 day ahead inc hosp","quantile",0.025,173,"COVID-19"
"DE-BE","00+",2022-03-23,2022-03-10,"-13 day ahead inc hosp","quantile",0.1,177,"COVID-19"
"DE-BE","00+",2022-03-23,2022-03-10,"-13 day ahead inc hosp","quantile",0.25,181,"COVID-19"
"DE-BE","00+",2022-03-23,2022-03-10,"-13 day ahead inc hosp","quantile",0.5,187,"COVID-19"
"DE-BE","00+",2022-03-23,2022-03-10,"-13 day ahead inc hosp","quantile",0.75,194,"COVID-19"
"DE-BE","00+",2022-03-23,2022-03-10,"-13 day ahead inc hosp","quantile",0.9,202,"COVID-19"
"DE-BE","00+",2022-03-23,2022-03-10,"-13 day ahead inc hosp","quantile",0.975,213,"COVID-19"
"DE-BE","00+",2022-03-23,2022-03-09,"-14 day ahead inc hosp","mean",NA,151,"COVID-19"
"DE-BE","00+",2022-03-23,2022-03-09,"-14 day ahead inc hosp","quantile",0.025,140,"COVID-19"
"DE-BE","00+",2022-03-23,2022-03-09,"-14 day ahead inc hosp","quantile",0.1,143,"COVID-19"
"DE-BE","00+",2022-03-23,2022-03-09,"-14 day ahead inc hosp","quantile",0.25,146,"COVID-19"
"DE-BE","00+",2022-03-23,2022-03-09,"-14 day ahead inc hosp","quantile",0.5,150,"COVID-19"
"DE-BE","00+",2022-03-23,2022-03-09,"-14 day ahead inc hosp","quantile",0.75,155,"COVID-19"
"DE-BE","00+",2022-03-23,2022-03-09,"-14 day ahead inc hosp","quantile",0.9,160,"COVID-19"
"DE-BE","00+",2022-03-23,2022-03-09,"-14 day ahead inc hosp","quantile",0.975,168,"COVID-19"
"DE-BE","00+",2022-03-23,2022-03-08,"-15 day ahead inc hosp","mean",NA,176,"COVID-19"
"DE-BE","00+",2022-03-23,2022-03-08,"-15 day ahead inc hosp","quantile",0.025,165,"COVID-19"
"DE-BE","00+",2022-03-23,2022-03-08,"-15 day ahead inc hosp","quantile",0.1,167,"COVID-19"
"DE-BE","00+",2022-03-23,2022-03-08,"-15 day ahead inc hosp","quantile",0.25,170,"COVID-19"
"DE-BE","00+",2022-03-23,2022-03-08,"-15 day ahead inc hosp","quantile",0.5,175,"COVID-19"
"DE-BE","00+",2022-03-23,2022-03-08,"-15 day ahead inc hosp","quantile",0.75,181,"COVID-19"
"DE-BE","00+",2022-03-23,2022-03-08,"-15 day ahead inc hosp","quantile",0.9,187,"COVID-19"
"DE-BE","00+",2022-03-23,2022-03-08,"-15 day ahead inc hosp","quantile",0.975,195,"COVID-19"
"DE-BE","00+",2022-03-23,2022-03-07,"-16 day ahead inc hosp","mean",NA,181,"COVID-19"
"DE-BE","00+",2022-03-23,2022-03-07,"-16 day ahead inc hosp","quantile",0.025,170,"COVID-19"
"DE-BE","00+",2022-03-23,2022-03-07,"-16 day ahead inc hosp","quantile",0.1,173,"COVID-19"
"DE-BE","00+",2022-03-23,2022-03-07,"-16 day ahead inc hosp","quantile",0.25,176,"COVID-19"
"DE-BE","00+",2022-03-23,2022-03-07,"-16 day ahead inc hosp","quantile",0.5,180,"COVID-19"
"DE-BE","00+",2022-03-23,2022-03-07,"-16 day ahead inc hosp","quantile",0.75,185,"COVID-19"
"DE-BE","00+",2022-03-23,2022-03-07,"-16 day ahead inc hosp","quantile",0.9,191,"COVID-19"
"DE-BE","00+",2022-03-23,2022-03-07,"-16 day ahead inc hosp","quantile",0.975,199,"COVID-19"
"DE-BE","00+",2022-03-23,2022-03-06,"-17 day ahead inc hosp","mean",NA,178,"COVID-19"
"DE-BE","00+",2022-03-23,2022-03-06,"-17 day ahead inc hosp","quantile",0.025,167,"COVID-19"
"DE-BE","00+",2022-03-23,2022-03-06,"-17 day ahead inc hosp","quantile",0.1,169,"COVID-19"
"DE-BE","00+",2022-03-23,2022-03-06,"-17 day ahead inc hosp","quantile",0.25,172,"COVID-19"
"DE-BE","00+",2022-03-23,2022-03-06,"-17 day ahead inc hosp","quantile",0.5,177,"COVID-19"
"DE-BE","00+",2022-03-23,2022-03-06,"-17 day ahead inc hosp","quantile",0.75,182,"COVID-19"
"DE-BE","00+",2022-03-23,2022-03-06,"-17 day ahead inc hosp","quantile",0.9,188,"COVID-19"
"DE-BE","00+",2022-03-23,2022-03-06,"-17 day ahead inc hosp","quantile",0.975,195,"COVID-19"
"DE-BE","00+",2022-03-23,2022-03-05,"-18 day ahead inc hosp","mean",NA,179,"COVID-19"
"DE-BE","00+",2022-03-23,2022-03-05,"-18 day ahead inc hosp","quantile",0.025,168,"COVID-19"
"DE-BE","00+",2022-03-23,2022-03-05,"-18 day ahead inc hosp","quantile",0.1,170,"COVID-19"
"DE-BE","00+",2022-03-23,2022-03-05,"-18 day ahead inc hosp","quantile",0.25,173,"COVID-19"
"DE-BE","00+",2022-03-23,2022-03-05,"-18 day ahead inc hosp","quantile",0.5,177,"COVID-19"
"DE-BE","00+",2022-03-23,2022-03-05,"-18 day ahead inc hosp","quantile",0.75,183,"COVID-19"
"DE-BE","00+",2022-03-23,2022-03-05,"-18 day ahead inc hosp","quantile",0.9,188,"COVID-19"
"DE-BE","00+",2022-03-23,2022-03-05,"-18 day ahead inc hosp","quantile",0.975,196,"COVID-19"
"DE-BE","00+",2022-03-23,2022-03-04,"-19 day ahead inc hosp","mean",NA,191,"COVID-19"
"DE-BE","00+",2022-03-23,2022-03-04,"-19 day ahead inc hosp","quantile",0.025,181,"COVID-19"
"DE-BE","00+",2022-03-23,2022-03-04,"-19 day ahead inc hosp","quantile",0.1,183,"COVID-19"
"DE-BE","00+",2022-03-23,2022-03-04,"-19 day ahead inc hosp","quantile",0.25,186,"COVID-19"
"DE-BE","00+",2022-03-23,2022-03-04,"-19 day ahead inc hosp","quantile",0.5,190,"COVID-19"
"DE-BE","00+",2022-03-23,2022-03-04,"-19 day ahead inc hosp","quantile",0.75,195,"COVID-19"
"DE-BE","00+",2022-03-23,2022-03-04,"-19 day ahead inc hosp","quantile",0.9,201,"COVID-19"
"DE-BE","00+",2022-03-23,2022-03-04,"-19 day ahead inc hosp","quantile",0.975,208,"COVID-19"
"DE-BE","00+",2022-03-23,2022-03-03,"-20 day ahead inc hosp","mean",NA,199,"COVID-19"
"DE-BE","00+",2022-03-23,2022-03-03,"-20 day ahead inc hosp","quantile",0.025,189,"COVID-19"
"DE-BE","00+",2022-03-23,2022-03-03,"-20 day ahead inc hosp","quantile",0.1,191,"COVID-19"
"DE-BE","00+",2022-03-23,2022-03-03,"-20 day ahead inc hosp","quantile",0.25,194,"COVID-19"
"DE-BE","00+",2022-03-23,2022-03-03,"-20 day ahead inc hosp","quantile",0.5,198,"COVID-19"
"DE-BE","00+",2022-03-23,2022-03-03,"-20 day ahead inc hosp","quantile",0.75,203,"COVID-19"
"DE-BE","00+",2022-03-23,2022-03-03,"-20 day ahead inc hosp","quantile",0.9,208,"COVID-19"
"DE-BE","00+",2022-03-23,2022-03-03,"-20 day ahead inc hosp","quantile",0.975,214,"COVID-19"
"DE-BE","00+",2022-03-23,2022-03-02,"-21 day ahead inc hosp","mean",NA,194,"COVID-19"
"DE-BE","00+",2022-03-23,2022-03-02,"-21 day ahead inc hosp","quantile",0.025,185,"COVID-19"
"DE-BE","00+",2022-03-23,2022-03-02,"-21 day ahead inc hosp","quantile",0.1,187,"COVID-19"
"DE-BE","00+",2022-03-23,2022-03-02,"-21 day ahead inc hosp","quantile",0.25,189,"COVID-19"
"DE-BE","00+",2022-03-23,2022-03-02,"-21 day ahead inc hosp","quantile",0.5,193,"COVID-19"
"DE-BE","00+",2022-03-23,2022-03-02,"-21 day ahead inc hosp","quantile",0.75,197,"COVID-19"
"DE-BE","00+",2022-03-23,2022-03-02,"-21 day ahead inc hosp","quantile",0.9,202,"COVID-19"
"DE-BE","00+",2022-03-23,2022-03-02,"-21 day ahead inc hosp","quantile",0.975,208,"COVID-19"
"DE-BE","00+",2022-03-23,2022-03-01,"-22 day ahead inc hosp","mean",NA,224,"COVID-19"
"DE-BE","00+",2022-03-23,2022-03-01,"-22 day ahead inc hosp","quantile",0.025,215,"COVID-19"
"DE-BE","00+",2022-03-23,2022-03-01,"-22 day ahead inc hosp","quantile",0.1,217,"COVID-19"
"DE-BE","00+",2022-03-23,2022-03-01,"-22 day ahead inc hosp","quantile",0.25,220,"COVID-19"
"DE-BE","00+",2022-03-23,2022-03-01,"-22 day ahead inc hosp","quantile",0.5,223,"COVID-19"
"DE-BE","00+",2022-03-23,2022-03-01,"-22 day ahead inc hosp","quantile",0.75,228,"COVID-19"
"DE-BE","00+",2022-03-23,2022-03-01,"-22 day ahead inc hosp","quantile",0.9,232,"COVID-19"
"DE-BE","00+",2022-03-23,2022-03-01,"-22 day ahead inc hosp","quantile",0.975,239,"COVID-19"
"DE-BE","00+",2022-03-23,2022-02-28,"-23 day ahead inc hosp","mean",NA,219,"COVID-19"
"DE-BE","00+",2022-03-23,2022-02-28,"-23 day ahead inc hosp","quantile",0.025,210,"COVID-19"
"DE-BE","00+",2022-03-23,2022-02-28,"-23 day ahead inc hosp","quantile",0.1,212,"COVID-19"
"DE-BE","00+",2022-03-23,2022-02-28,"-23 day ahead inc hosp","quantile",0.25,215,"COVID-19"
"DE-BE","00+",2022-03-23,2022-02-28,"-23 day ahead inc hosp","quantile",0.5,218,"COVID-19"
"DE-BE","00+",2022-03-23,2022-02-28,"-23 day ahead inc hosp","quantile",0.75,222,"COVID-19"
"DE-BE","00+",2022-03-23,2022-02-28,"-23 day ahead inc hosp","quantile",0.9,227,"COVID-19"
"DE-BE","00+",2022-03-23,2022-02-28,"-23 day ahead inc hosp","quantile",0.975,233,"COVID-19"
"DE-BE","00+",2022-03-23,2022-02-27,"-24 day ahead inc hosp","mean",NA,219,"COVID-19"
"DE-BE","00+",2022-03-23,2022-02-27,"-24 day ahead inc hosp","quantile",0.025,210,"COVID-19"
"DE-BE","00+",2022-03-23,2022-02-27,"-24 day ahead inc hosp","quantile",0.1,212,"COVID-19"
"DE-BE","00+",2022-03-23,2022-02-27,"-24 day ahead inc hosp","quantile",0.25,214,"COVID-19"
"DE-BE","00+",2022-03-23,2022-02-27,"-24 day ahead inc hosp","quantile",0.5,218,"COVID-19"
"DE-BE","00+",2022-03-23,2022-02-27,"-24 day ahead inc hosp","quantile",0.75,222,"COVID-19"
"DE-BE","00+",2022-03-23,2022-02-27,"-24 day ahead inc hosp","quantile",0.9,227,"COVID-19"
"DE-BE","00+",2022-03-23,2022-02-27,"-24 day ahead inc hosp","quantile",0.975,233,"COVID-19"
"DE-BE","00+",2022-03-23,2022-02-26,"-25 day ahead inc hosp","mean",NA,213,"COVID-19"
"DE-BE","00+",2022-03-23,2022-02-26,"-25 day ahead inc hosp","quantile",0.025,205,"COVID-19"
"DE-BE","00+",2022-03-23,2022-02-26,"-25 day ahead inc hosp","quantile",0.1,207,"COVID-19"
"DE-BE","00+",2022-03-23,2022-02-26,"-25 day ahead inc hosp","quantile",0.25,209,"COVID-19"
"DE-BE","00+",2022-03-23,2022-02-26,"-25 day ahead inc hosp","quantile",0.5,212,"COVID-19"
"DE-BE","00+",2022-03-23,2022-02-26,"-25 day ahead inc hosp","quantile",0.75,217,"COVID-19"
"DE-BE","00+",2022-03-23,2022-02-26,"-25 day ahead inc hosp","quantile",0.9,221,"COVID-19"
"DE-BE","00+",2022-03-23,2022-02-26,"-25 day ahead inc hosp","quantile",0.975,228,"COVID-19"
"DE-BE","00+",2022-03-23,2022-02-25,"-26 day ahead inc hosp","mean",NA,208,"COVID-19"
"DE-BE","00+",2022-03-23,2022-02-25,"-26 day ahead inc hosp","quantile",0.025,201,"COVID-19"
"DE-BE","00+",2022-03-23,2022-02-25,"-26 day ahead inc hosp","quantile",0.1,202,"COVID-19"
"DE-BE","00+",2022-03-23,2022-02-25,"-26 day ahead inc hosp","quantile",0.25,204,"COVID-19"
"DE-BE","00+",2022-03-23,2022-02-25,"-26 day ahead inc hosp","quantile",0.5,207,"COVID-19"
"DE-BE","00+",2022-03-23,2022-02-25,"-26 day ahead inc hosp","quantile",0.75,211,"COVID-19"
"DE-BE","00+",2022-03-23,2022-02-25,"-26 day ahead inc hosp","quantile",0.9,215,"COVID-19"
"DE-BE","00+",2022-03-23,2022-02-25,"-26 day ahead inc hosp","quantile",0.975,222,"COVID-19"
"DE-BE","00+",2022-03-23,2022-02-24,"-27 day ahead inc hosp","mean",NA,189,"COVID-19"
"DE-BE","00+",2022-03-23,2022-02-24,"-27 day ahead inc hosp","quantile",0.025,182,"COVID-19"
"DE-BE","00+",2022-03-23,2022-02-24,"-27 day ahead inc hosp","quantile",0.1,183,"COVID-19"
"DE-BE","00+",2022-03-23,2022-02-24,"-27 day ahead inc hosp","quantile",0.25,185,"COVID-19"
"DE-BE","00+",2022-03-23,2022-02-24,"-27 day ahead inc hosp","quantile",0.5,188,"COVID-19"
"DE-BE","00+",2022-03-23,2022-02-24,"-27 day ahead inc hosp","quantile",0.75,191,"COVID-19"
"DE-BE","00+",2022-03-23,2022-02-24,"-27 day ahead inc hosp","quantile",0.9,195,"COVID-19"
"DE-BE","00+",2022-03-23,2022-02-24,"-27 day ahead inc hosp","quantile",0.975,200,"COVID-19"
"DE-BE","00+",2022-03-23,2022-02-23,"-28 day ahead inc hosp","mean",NA,190,"COVID-19"
"DE-BE","00+",2022-03-23,2022-02-23,"-28 day ahead inc hosp","quantile",0.025,184,"COVID-19"
"DE-BE","00+",2022-03-23,2022-02-23,"-28 day ahead inc hosp","quantile",0.1,185,"COVID-19"
"DE-BE","00+",2022-03-23,2022-02-23,"-28 day ahead inc hosp","quantile",0.25,187,"COVID-19"
"DE-BE","00+",2022-03-23,2022-02-23,"-28 day ahead inc hosp","quantile",0.5,189,"COVID-19"
"DE-BE","00+",2022-03-23,2022-02-23,"-28 day ahead inc hosp","quantile",0.75,192,"COVID-19"
"DE-BE","00+",2022-03-23,2022-02-23,"-28 day ahead inc hosp","quantile",0.9,195,"COVID-19"
"DE-BE","00+",2022-03-23,2022-02-23,"-28 day ahead inc hosp","quantile",0.975,200,"COVID-19"
"DE-BW","00+",2022-03-23,2022-03-23,"0 day ahead inc hosp","mean",NA,1638,"COVID-19"
"DE-BW","00+",2022-03-23,2022-03-23,"0 day ahead inc hosp","quantile",0.025,1234,"COVID-19"
"DE-BW","00+",2022-03-23,2022-03-23,"0 day ahead inc hosp","quantile",0.1,1343,"COVID-19"
"DE-BW","00+",2022-03-23,2022-03-23,"0 day ahead inc hosp","quantile",0.25,1459,"COVID-19"
"DE-BW","00+",2022-03-23,2022-03-23,"0 day ahead inc hosp","quantile",0.5,1611,"COVID-19"
"DE-BW","00+",2022-03-23,2022-03-23,"0 day ahead inc hosp","quantile",0.75,1787,"COVID-19"
"DE-BW","00+",2022-03-23,2022-03-23,"0 day ahead inc hosp","quantile",0.9,1968,"COVID-19"
"DE-BW","00+",2022-03-23,2022-03-23,"0 day ahead inc hosp","quantile",0.975,2197,"COVID-19"
"DE-BW","00+",2022-03-23,2022-03-22,"-1 day ahead inc hosp","mean",NA,1558,"COVID-19"
"DE-BW","00+",2022-03-23,2022-03-22,"-1 day ahead inc hosp","quantile",0.025,1265,"COVID-19"
"DE-BW","00+",2022-03-23,2022-03-22,"-1 day ahead inc hosp","quantile",0.1,1344,"COVID-19"
"DE-BW","00+",2022-03-23,2022-03-22,"-1 day ahead inc hosp","quantile",0.25,1428,"COVID-19"
"DE-BW","00+",2022-03-23,2022-03-22,"-1 day ahead inc hosp","quantile",0.5,1538,"COVID-19"
"DE-BW","00+",2022-03-23,2022-03-22,"-1 day ahead inc hosp","quantile",0.75,1667,"COVID-19"
"DE-BW","00+",2022-03-23,2022-03-22,"-1 day ahead inc hosp","quantile",0.9,1799,"COVID-19"
"DE-BW","00+",2022-03-23,2022-03-22,"-1 day ahead inc hosp","quantile",0.975,1966,"COVID-19"
"DE-BW","00+",2022-03-23,2022-03-21,"-2 day ahead inc hosp","mean",NA,1540,"COVID-19"
"DE-BW","00+",2022-03-23,2022-03-21,"-2 day ahead inc hosp","quantile",0.025,1315,"COVID-19"
"DE-BW","00+",2022-03-23,2022-03-21,"-2 day ahead inc hosp","quantile",0.1,1376,"COVID-19"
"DE-BW","00+",2022-03-23,2022-03-21,"-2 day ahead inc hosp","quantile",0.25,1440,"COVID-19"
"DE-BW","00+",2022-03-23,2022-03-21,"-2 day ahead inc hosp","quantile",0.5,1525,"COVID-19"
"DE-BW","00+",2022-03-23,2022-03-21,"-2 day ahead inc hosp","quantile",0.75,1623,"COVID-19"
"DE-BW","00+",2022-03-23,2022-03-21,"-2 day ahead inc hosp","quantile",0.9,1723,"COVID-19"
"DE-BW","00+",2022-03-23,2022-03-21,"-2 day ahead inc hosp","quantile",0.975,1850,"COVID-19"
"DE-BW","00+",2022-03-23,2022-03-20,"-3 day ahead inc hosp","mean",NA,1544,"COVID-19"
"DE-BW","00+",2022-03-23,2022-03-20,"-3 day ahead inc hosp","quantile",0.025,1341,"COVID-19"
"DE-BW","00+",2022-03-23,2022-03-20,"-3 day ahead inc hosp","quantile",0.1,1397,"COVID-19"
"DE-BW","00+",2022-03-23,2022-03-20,"-3 day ahead inc hosp","quantile",0.25,1456,"COVID-19"
"DE-BW","00+",2022-03-23,2022-03-20,"-3 day ahead inc hosp","quantile",0.5,1531,"COVID-19"
"DE-BW","00+",2022-03-23,2022-03-20,"-3 day ahead inc hosp","quantile",0.75,1619,"COVID-19"
"DE-BW","00+",2022-03-23,2022-03-20,"-3 day ahead inc hosp","quantile",0.9,1708,"COVID-19"
"DE-BW","00+",2022-03-23,2022-03-20,"-3 day ahead inc hosp","quantile",0.975,1820,"COVID-19"
"DE-BW","00+",2022-03-23,2022-03-19,"-4 day ahead inc hosp","mean",NA,1582,"COVID-19"
"DE-BW","00+",2022-03-23,2022-03-19,"-4 day ahead inc hosp","quantile",0.025,1395,"COVID-19"
"DE-BW","00+",2022-03-23,2022-03-19,"-4 day ahead inc hosp","quantile",0.1,1447,"COVID-19"
"DE-BW","00+",2022-03-23,2022-03-19,"-4 day ahead inc hosp","quantile",0.25,1501,"COVID-19"
"DE-BW","00+",2022-03-23,2022-03-19,"-4 day ahead inc hosp","quantile",0.5,1570,"COVID-19"
"DE-BW","00+",2022-03-23,2022-03-19,"-4 day ahead inc hosp","quantile",0.75,1650,"COVID-19"
"DE-BW","00+",2022-03-23,2022-03-19,"-4 day ahead inc hosp","quantile",0.9,1731,"COVID-19"
"DE-BW","00+",2022-03-23,2022-03-19,"-4 day ahead inc hosp","quantile",0.975,1833,"COVID-19"
"DE-BW","00+",2022-03-23,2022-03-18,"-5 day ahead inc hosp","mean",NA,1569,"COVID-19"
"DE-BW","00+",2022-03-23,2022-03-18,"-5 day ahead inc hosp","quantile",0.025,1415,"COVID-19"
"DE-BW","00+",2022-03-23,2022-03-18,"-5 day ahead inc hosp","quantile",0.1,1459,"COVID-19"
"DE-BW","00+",2022-03-23,2022-03-18,"-5 day ahead inc hosp","quantile",0.25,1503,"COVID-19"
"DE-BW","00+",2022-03-23,2022-03-18,"-5 day ahead inc hosp","quantile",0.5,1560,"COVID-19"
"DE-BW","00+",2022-03-23,2022-03-18,"-5 day ahead inc hosp","quantile",0.75,1625,"COVID-19"
"DE-BW","00+",2022-03-23,2022-03-18,"-5 day ahead inc hosp","quantile",0.9,1691,"COVID-19"
"DE-BW","00+",2022-03-23,2022-03-18,"-5 day ahead inc hosp","quantile",0.975,1773,"COVID-19"
"DE-BW","00+",2022-03-23,2022-03-17,"-6 day ahead inc hosp","mean",NA,1498,"COVID-19"
"DE-BW","00+",2022-03-23,2022-03-17,"-6 day ahead inc hosp","quantile",0.025,1377,"COVID-19"
"DE-BW","00+",2022-03-23,2022-03-17,"-6 day ahead inc hosp","quantile",0.1,1412,"COVID-19"
"DE-BW","00+",2022-03-23,2022-03-17,"-6 day ahead inc hosp","quantile",0.25,1447,"COVID-19"
"DE-BW","00+",2022-03-23,2022-03-17,"-6 day ahead inc hosp","quantile",0.5,1492,"COVID-19"
"DE-BW","00+",2022-03-23,2022-03-17,"-6 day ahead inc hosp","quantile",0.75,1542,"COVID-19"
"DE-BW","00+",2022-03-23,2022-03-17,"-6 day ahead inc hosp","quantile",0.9,1593,"COVID-19"
"DE-BW","00+",2022-03-23,2022-03-17,"-6 day ahead inc hosp","quantile",0.975,1656,"COVID-19"
"DE-BW","00+",2022-03-23,2022-03-16,"-7 day ahead inc hosp","mean",NA,1477,"COVID-19"
"DE-BW","00+",2022-03-23,2022-03-16,"-7 day ahead inc hosp","quantile",0.025,1377,"COVID-19"
"DE-BW","00+",2022-03-23,2022-03-16,"-7 day ahead inc hosp","quantile",0.1,1406,"COVID-19"
"DE-BW","00+",2022-03-23,2022-03-16,"-7 day ahead inc hosp","quantile",0.25,1435,"COVID-19"
"DE-BW","00+",2022-03-23,2022-03-16,"-7 day ahead inc hosp","quantile",0.5,1472,"COVID-19"
"DE-BW","00+",2022-03-23,2022-03-16,"-7 day ahead inc hosp","quantile",0.75,1514,"COVID-19"
"DE-BW","00+",2022-03-23,2022-03-16,"-7 day ahead inc hosp","quantile",0.9,1555,"COVID-19"
"DE-BW","00+",2022-03-23,2022-03-16,"-7 day ahead inc hosp","quantile",0.975,1607,"COVID-19"
"DE-BW","00+",2022-03-23,2022-03-15,"-8 day ahead inc hosp","mean",NA,1497,"COVID-19"
"DE-BW","00+",2022-03-23,2022-03-15,"-8 day ahead inc hosp","quantile",0.025,1412,"COVID-19"
"DE-BW","00+",2022-03-23,2022-03-15,"-8 day ahead inc hosp","quantile",0.1,1436,"COVID-19"
"DE-BW","00+",2022-03-23,2022-03-15,"-8 day ahead inc hosp","quantile",0.25,1461,"COVID-19"
"DE-BW","00+",2022-03-23,2022-03-15,"-8 day ahead inc hosp","quantile",0.5,1492,"COVID-19"
"DE-BW","00+",2022-03-23,2022-03-15,"-8 day ahead inc hosp","quantile",0.75,1528,"COVID-19"
"DE-BW","00+",2022-03-23,2022-03-15,"-8 day ahead inc hosp","quantile",0.9,1563,"COVID-19"
"DE-BW","00+",2022-03-23,2022-03-15,"-8 day ahead inc hosp","quantile",0.975,1606,"COVID-19"
"DE-BW","00+",2022-03-23,2022-03-14,"-9 day ahead inc hosp","mean",NA,1425,"COVID-19"
"DE-BW","00+",2022-03-23,2022-03-14,"-9 day ahead inc hosp","quantile",0.025,1359,"COVID-19"
"DE-BW","00+",2022-03-23,2022-03-14,"-9 day ahead inc hosp","quantile",0.1,1378,"COVID-19"
"DE-BW","00+",2022-03-23,2022-03-14,"-9 day ahead inc hosp","quantile",0.25,1397,"COVID-19"
"DE-BW","00+",2022-03-23,2022-03-14,"-9 day ahead inc hosp","quantile",0.5,1422,"COVID-19"
"DE-BW","00+",2022-03-23,2022-03-14,"-9 day ahead inc hosp","quantile",0.75,1449,"COVID-19"
"DE-BW","00+",2022-03-23,2022-03-14,"-9 day ahead inc hosp","quantile",0.9,1476,"COVID-19"
"DE-BW","00+",2022-03-23,2022-03-14,"-9 day ahead inc hosp","quantile",0.975,1508,"COVID-19"
"DE-BW","00+",2022-03-23,2022-03-13,"-10 day ahead inc hosp","mean",NA,1414,"COVID-19"
"DE-BW","00+",2022-03-23,2022-03-13,"-10 day ahead inc hosp","quantile",0.025,1355,"COVID-19"
"DE-BW","00+",2022-03-23,2022-03-13,"-10 day ahead inc hosp","quantile",0.1,1373,"COVID-19"
"DE-BW","00+",2022-03-23,2022-03-13,"-10 day ahead inc hosp","quantile",0.25,1390,"COVID-19"
"DE-BW","00+",2022-03-23,2022-03-13,"-10 day ahead inc hosp","quantile",0.5,1412,"COVID-19"
"DE-BW","00+",2022-03-23,2022-03-13,"-10 day ahead inc hosp","quantile",0.75,1435,"COVID-19"
"DE-BW","00+",2022-03-23,2022-03-13,"-10 day ahead inc hosp","quantile",0.9,1458,"COVID-19"
"DE-BW","00+",2022-03-23,2022-03-13,"-10 day ahead inc hosp","quantile",0.975,1487,"COVID-19"
"DE-BW","00+",2022-03-23,2022-03-12,"-11 day ahead inc hosp","mean",NA,1392,"COVID-19"
"DE-BW","00+",2022-03-23,2022-03-12,"-11 day ahead inc hosp","quantile",0.025,1341,"COVID-19"
"DE-BW","00+",2022-03-23,2022-03-12,"-11 day ahead inc hosp","quantile",0.1,1356,"COVID-19"
"DE-BW","00+",2022-03-23,2022-03-12,"-11 day ahead inc hosp","quantile",0.25,1371,"COVID-19"
"DE-BW","00+",2022-03-23,2022-03-12,"-11 day ahead inc hosp","quantile",0.5,1390,"COVID-19"
"DE-BW","00+",2022-03-23,2022-03-12,"-11 day ahead inc hosp","quantile",0.75,1411,"COVID-19"
"DE-BW","00+",2022-03-23,2022-03-12,"-11 day ahead inc hosp","quantile",0.9,1431,"COVID-19"
"DE-BW","00+",2022-03-23,2022-03-12,"-11 day ahead inc hosp","quantile",0.975,1455,"COVID-19"
"DE-BW","00+",2022-03-23,2022-03-11,"-12 day ahead inc hosp","mean",NA,1379,"COVID-19"
"DE-BW","00+",2022-03-23,2022-03-11,"-12 day ahead inc hosp","quantile",0.025,1335,"COVID-19"
"DE-BW","00+",2022-03-23,2022-03-11,"-12 day ahead inc hosp","quantile",0.1,1348,"COVID-19"
"DE-BW","00+",2022-03-23,2022-03-11,"-12 day ahead inc hosp","quantile",0.25,1361,"COVID-19"
"DE-BW","00+",2022-03-23,2022-03-11,"-12 day ahead inc hosp","quantile",0.5,1377,"COVID-19"
"DE-BW","00+",2022-03-23,2022-03-11,"-12 day ahead inc hosp","quantile",0.75,1395,"COVID-19"
"DE-BW","00+",2022-03-23,2022-03-11,"-12 day ahead inc hosp","quantile",0.9,1412,"COVID-19"
"DE-BW","00+",2022-03-23,2022-03-11,"-12 day ahead inc hosp","quantile",0.975,1432,"COVID-19"
"DE-BW","00+",2022-03-23,2022-03-10,"-13 day ahead inc hosp","mean",NA,1373,"COVID-19"
"DE-BW","00+",2022-03-23,2022-03-10,"-13 day ahead inc hosp","quantile",0.025,1333,"COVID-19"
"DE-BW","00+",2022-03-23,2022-03-10,"-13 day ahead inc hosp","quantile",0.1,1345,"COVID-19"
"DE-BW","00+",2022-03-23,2022-03-10,"-13 day ahead inc hosp","quantile",0.25,1357,"COVID-19"
"DE-BW","00+",2022-03-23,2022-03-10,"-13 day ahead inc hosp","quantile",0.5,1372,"COVID-19"
"DE-BW","00+",2022-03-23,2022-03-10,"-13 day ahead inc hosp","quantile",0.75,1388,"COVID-19"
"DE-BW","00+",2022-03-23,2022-03-10,"-13 day ahead inc hosp","quantile",0.9,1404,"COVID-19"
"DE-BW","00+",2022-03-23,2022-03-10,"-13 day ahead inc hosp","quantile",0.975,1423,"COVID-19"
"DE-BW","00+",2022-03-23,2022-03-09,"-14 day ahead inc hosp","mean",NA,1397,"COVID-19"
"DE-BW","00+",2022-03-23,2022-03-09,"-14 day ahead inc hosp","quantile",0.025,1359,"COVID-19"
"DE-BW","00+",2022-03-23,2022-03-09,"-14 day ahead inc hosp","quantile",0.1,1370,"COVID-19"
"DE-BW","00+",2022-03-23,2022-03-09,"-14 day ahead inc hosp","quantile",0.25,1382,"COVID-19"
"DE-BW","00+",2022-03-23,2022-03-09,"-14 day ahead inc hosp","quantile",0.5,1396,"COVID-19"
"DE-BW","00+",2022-03-23,2022-03-09,"-14 day ahead inc hosp","quantile",0.75,1411,"COVID-19"
"DE-BW","00+",2022-03-23,2022-03-09,"-14 day ahead inc hosp","quantile",0.9,1426,"COVID-19"
"DE-BW","00+",2022-03-23,2022-03-09,"-14 day ahead inc hosp","quantile",0.975,1444,"COVID-19"
"DE-BW","00+",2022-03-23,2022-03-08,"-15 day ahead inc hosp","mean",NA,1336,"COVID-19"
"DE-BW","00+",2022-03-23,2022-03-08,"-15 day ahead inc hosp","quantile",0.025,1302,"COVID-19"
"DE-BW","00+",2022-03-23,2022-03-08,"-15 day ahead inc hosp","quantile",0.1,1313,"COVID-19"
"DE-BW","00+",2022-03-23,2022-03-08,"-15 day ahead inc hosp","quantile",0.25,1323,"COVID-19"
"DE-BW","00+",2022-03-23,2022-03-08,"-15 day ahead inc hosp","quantile",0.5,1335,"COVID-19"
"DE-BW","00+",2022-03-23,2022-03-08,"-15 day ahead inc hosp","quantile",0.75,1349,"COVID-19"
"DE-BW","00+",2022-03-23,2022-03-08,"-15 day ahead inc hosp","quantile",0.9,1362,"COVID-19"
"DE-BW","00+",2022-03-23,2022-03-08,"-15 day ahead inc hosp","quantile",0.975,1379,"COVID-19"
"DE-BW","00+",2022-03-23,2022-03-07,"-16 day ahead inc hosp","mean",NA,1325,"COVID-19"
"DE-BW","00+",2022-03-23,2022-03-07,"-16 day ahead inc hosp","quantile",0.025,1294,"COVID-19"
"DE-BW","00+",2022-03-23,2022-03-07,"-16 day ahead inc hosp","quantile",0.1,1303,"COVID-19"
"DE-BW","00+",2022-03-23,2022-03-07,"-16 day ahead inc hosp","quantile",0.25,1312,"COVID-19"
"DE-BW","00+",2022-03-23,2022-03-07,"-16 day ahead inc hosp","quantile",0.5,1323,"COVID-19"
"DE-BW","00+",2022-03-23,2022-03-07,"-16 day ahead inc hosp","quantile",0.75,1336,"COVID-19"
"DE-BW","00+",2022-03-23,2022-03-07,"-16 day ahead inc hosp","quantile",0.9,1348,"COVID-19"
"DE-BW","00+",2022-03-23,2022-03-07,"-16 day ahead inc hosp","quantile",0.975,1364,"COVID-19"
"DE-BW","00+",2022-03-23,2022-03-06,"-17 day ahead inc hosp","mean",NA,1324,"COVID-19"
"DE-BW","00+",2022-03-23,2022-03-06,"-17 day ahead inc hosp","quantile",0.025,1294,"COVID-19"
"DE-BW","00+",2022-03-23,2022-03-06,"-17 day ahead inc hosp","quantile",0.1,1303,"COVID-19"
"DE-BW","00+",2022-03-23,2022-03-06,"-17 day ahead inc hosp","quantile",0.25,1312,"COVID-19"
"DE-BW","00+",2022-03-23,2022-03-06,"-17 day ahead inc hosp","quantile",0.5,1323,"COVID-19"
"DE-BW","00+",2022-03-23,2022-03-06,"-17 day ahead inc hosp","quantile",0.75,1335,"COVID-19"
"DE-BW","00+",2022-03-23,2022-03-06,"-17 day ahead inc hosp","quantile",0.9,1348,"COVID-19"
"DE-BW","00+",2022-03-23,2022-03-06,"-17 day ahead inc hosp","quantile",0.975,1363,"COVID-19"
"DE-BW","00+",2022-03-23,2022-03-05,"-18 day ahead inc hosp","mean",NA,1329,"COVID-19"
"DE-BW","00+",2022-03-23,2022-03-05,"-18 day ahead inc hosp","quantile",0.025,1300,"COVID-19"
"DE-BW","00+",2022-03-23,2022-03-05,"-18 day ahead inc hosp","quantile",0.1,1308,"COVID-19"
"DE-BW","00+",2022-03-23,2022-03-05,"-18 day ahead inc hosp","quantile",0.25,1317,"COVID-19"
"DE-BW","00+",2022-03-23,2022-03-05,"-18 day ahead inc hosp","quantile",0.5,1327,"COVID-19"
"DE-BW","00+",2022-03-23,2022-03-05,"-18 day ahead inc hosp","quantile",0.75,1339,"COVID-19"
"DE-BW","00+",2022-03-23,2022-03-05,"-18 day ahead inc hosp","quantile",0.9,1351,"COVID-19"
"DE-BW","00+",2022-03-23,2022-03-05,"-18 day ahead inc hosp","quantile",0.975,1366,"COVID-19"
"DE-BW","00+",2022-03-23,2022-03-04,"-19 day ahead inc hosp","mean",NA,1288,"COVID-19"
"DE-BW","00+",2022-03-23,2022-03-04,"-19 day ahead inc hosp","quantile",0.025,1262,"COVID-19"
"DE-BW","00+",2022-03-23,2022-03-04,"-19 day ahead inc hosp","quantile",0.1,1270,"COVID-19"
"DE-BW","00+",2022-03-23,2022-03-04,"-19 day ahead inc hosp","quantile",0.25,1277,"COVID-19"
"DE-BW","00+",2022-03-23,2022-03-04,"-19 day ahead inc hosp","quantile",0.5,1287,"COVID-19"
"DE-BW","00+",2022-03-23,2022-03-04,"-19 day ahead inc hosp","quantile",0.75,1297,"COVID-19"
"DE-BW","00+",2022-03-23,2022-03-04,"-19 day ahead inc hosp","quantile",0.9,1308,"COVID-19"
"DE-BW","00+",2022-03-23,2022-03-04,"-19 day ahead inc hosp","quantile",0.975,1321,"COVID-19"
"DE-BW","00+",2022-03-23,2022-03-03,"-20 day ahead inc hosp","mean",NA,1301,"COVID-19"
"DE-BW","00+",2022-03-23,2022-03-03,"-20 day ahead inc hosp","quantile",0.025,1277,"COVID-19"
"DE-BW","00+",2022-03-23,2022-03-03,"-20 day ahead inc hosp","quantile",0.1,1284,"COVID-19"
"DE-BW","00+",2022-03-23,2022-03-03,"-20 day ahead inc hosp","quantile",0.25,1291,"COVID-19"
"DE-BW","00+",2022-03-23,2022-03-03,"-20 day ahead inc hosp","quantile",0.5,1300,"COVID-19"
"DE-BW","00+",2022-03-23,2022-03-03,"-20 day ahead inc hosp","quantile",0.75,1309,"COVID-19"
"DE-BW","00+",2022-03-23,2022-03-03,"-20 day ahead inc hosp","quantile",0.9,1319,"COVID-19"
"DE-BW","00+",2022-03-23,2022-03-03,"-20 day ahead inc hosp","quantile",0.975,1331,"COVID-19"
"DE-BW","00+",2022-03-23,2022-03-02,"-21 day ahead inc hosp","mean",NA,1289,"COVID-19"
"DE-BW","00+",2022-03-23,2022-03-02,"-21 day ahead inc hosp","quantile",0.025,1267,"COVID-19"
"DE-BW","00+",2022-03-23,2022-03-02,"-21 day ahead inc hosp","quantile",0.1,1273,"COVID-19"
"DE-BW","00+",2022-03-23,2022-03-02,"-21 day ahead inc hosp","quantile",0.25,1279,"COVID-19"
"DE-BW","00+",2022-03-23,2022-03-02,"-21 day ahead inc hosp","quantile",0.5,1287,"COVID-19"
"DE-BW","00+",2022-03-23,2022-03-02,"-21 day ahead inc hosp","quantile",0.75,1297,"COVID-19"
"DE-BW","00+",2022-03-23,2022-03-02,"-21 day ahead inc hosp","quantile",0.9,1306,"COVID-19"
"DE-BW","00+",2022-03-23,2022-03-02,"-21 day ahead inc hosp","quantile",0.975,1317,"COVID-19"
"DE-BW","00+",2022-03-23,2022-03-01,"-22 day ahead inc hosp","mean",NA,1308,"COVID-19"
"DE-BW","00+",2022-03-23,2022-03-01,"-22 day ahead inc hosp","quantile",0.025,1287,"COVID-19"
"DE-BW","00+",2022-03-23,2022-03-01,"-22 day ahead inc hosp","quantile",0.1,1293,"COVID-19"
"DE-BW","00+",2022-03-23,2022-03-01,"-22 day ahead inc hosp","quantile",0.25,1299,"COVID-19"
"DE-BW","00+",2022-03-23,2022-03-01,"-22 day ahead inc hosp","quantile",0.5,1306,"COVID-19"
"DE-BW","00+",2022-03-23,2022-03-01,"-22 day ahead inc hosp","quantile",0.75,1315,"COVID-19"
"DE-BW","00+",2022-03-23,2022-03-01,"-22 day ahead inc hosp","quantile",0.9,1324,"COVID-19"
"DE-BW","00+",2022-03-23,2022-03-01,"-22 day ahead inc hosp","quantile",0.975,1335,"COVID-19"
"DE-BW","00+",2022-03-23,2022-02-28,"-23 day ahead inc hosp","mean",NA,1326,"COVID-19"
"DE-BW","00+",2022-03-23,2022-02-28,"-23 day ahead inc hosp","quantile",0.025,1307,"COVID-19"
"DE-BW","00+",2022-03-23,2022-02-28,"-23 day ahead inc hosp","quantile",0.1,1312,"COVID-19"
"DE-BW","00+",2022-03-23,2022-02-28,"-23 day ahead inc hosp","quantile",0.25,1317,"COVID-19"
"DE-BW","00+",2022-03-23,2022-02-28,"-23 day ahead inc hosp","quantile",0.5,1325,"COVID-19"
"DE-BW","00+",2022-03-23,2022-02-28,"-23 day ahead inc hosp","quantile",0.75,1333,"COVID-19"
"DE-BW","00+",2022-03-23,2022-02-28,"-23 day ahead inc hosp","quantile",0.9,1342,"COVID-19"
"DE-BW","00+",2022-03-23,2022-02-28,"-23 day ahead inc hosp","quantile",0.975,1353,"COVID-19"
"DE-BW","00+",2022-03-23,2022-02-27,"-24 day ahead inc hosp","mean",NA,1359,"COVID-19"
"DE-BW","00+",2022-03-23,2022-02-27,"-24 day ahead inc hosp","quantile",0.025,1339,"COVID-19"
"DE-BW","00+",2022-03-23,2022-02-27,"-24 day ahead inc hosp","quantile",0.1,1344,"COVID-19"
"DE-BW","00+",2022-03-23,2022-02-27,"-24 day ahead inc hosp","quantile",0.25,1350,"COVID-19"
"DE-BW","00+",2022-03-23,2022-02-27,"-24 day ahead inc hosp","quantile",0.5,1357,"COVID-19"
"DE-BW","00+",2022-03-23,2022-02-27,"-24 day ahead inc hosp","quantile",0.75,1366,"COVID-19"
"DE-BW","00+",2022-03-23,2022-02-27,"-24 day ahead inc hosp","quantile",0.9,1375,"COVID-19"
"DE-BW","00+",2022-03-23,2022-02-27,"-24 day ahead inc hosp","quantile",0.975,1386,"COVID-19"
"DE-BW","00+",2022-03-23,2022-02-26,"-25 day ahead inc hosp","mean",NA,1339,"COVID-19"
"DE-BW","00+",2022-03-23,2022-02-26,"-25 day ahead inc hosp","quantile",0.025,1320,"COVID-19"
"DE-BW","00+",2022-03-23,2022-02-26,"-25 day ahead inc hosp","quantile",0.1,1325,"COVID-19"
"DE-BW","00+",2022-03-23,2022-02-26,"-25 day ahead inc hosp","quantile",0.25,1331,"COVID-19"
"DE-BW","00+",2022-03-23,2022-02-26,"-25 day ahead inc hosp","quantile",0.5,1338,"COVID-19"
"DE-BW","00+",2022-03-23,2022-02-26,"-25 day ahead inc hosp","quantile",0.75,1346,"COVID-19"
"DE-BW","00+",2022-03-23,2022-02-26,"-25 day ahead inc hosp","quantile",0.9,1355,"COVID-19"
"DE-BW","00+",2022-03-23,2022-02-26,"-25 day ahead inc hosp","quantile",0.975,1366,"COVID-19"
"DE-BW","00+",2022-03-23,2022-02-25,"-26 day ahead inc hosp","mean",NA,1384,"COVID-19"
"DE-BW","00+",2022-03-23,2022-02-25,"-26 day ahead inc hosp","quantile",0.025,1366,"COVID-19"
"DE-BW","00+",2022-03-23,2022-02-25,"-26 day ahead inc hosp","quantile",0.1,1370,"COVID-19"
"DE-BW","00+",2022-03-23,2022-02-25,"-26 day ahead inc hosp","quantile",0.25,1375,"COVID-19"
"DE-BW","00+",2022-03-23,2022-02-25,"-26 day ahead inc hosp","quantile",0.5,1382,"COVID-19"
"DE-BW","00+",2022-03-23,2022-02-25,"-26 day ahead inc hosp","quantile",0.75,1390,"COVID-19"
"DE-BW","00+",2022-03-23,2022-02-25,"-26 day ahead inc hosp","quantile",0.9,1399,"COVID-19"
"DE-BW","00+",2022-03-23,2022-02-25,"-26 day ahead inc hosp","quantile",0.975,1410,"COVID-19"
"DE-BW","00+",2022-03-23,2022-02-24,"-27 day ahead inc hosp","mean",NA,1396,"COVID-19"
"DE-BW","00+",2022-03-23,2022-02-24,"-27 day ahead inc hosp","quantile",0.025,1380,"COVID-19"
"DE-BW","00+",2022-03-23,2022-02-24,"-27 day ahead inc hosp","quantile",0.1,1384,"COVID-19"
"DE-BW","00+",2022-03-23,2022-02-24,"-27 day ahead inc hosp","quantile",0.25,1388,"COVID-19"
"DE-BW","00+",2022-03-23,2022-02-24,"-27 day ahead inc hosp","quantile",0.5,1395,"COVID-19"
"DE-BW","00+",2022-03-23,2022-02-24,"-27 day ahead inc hosp","quantile",0.75,1402,"COVID-19"
"DE-BW","00+",2022-03-23,2022-02-24,"-27 day ahead inc hosp","quantile",0.9,1411,"COVID-19"
"DE-BW","00+",2022-03-23,2022-02-24,"-27 day ahead inc hosp","quantile",0.975,1421,"COVID-19"
"DE-BW","00+",2022-03-23,2022-02-23,"-28 day ahead inc hosp","mean",NA,1426,"COVID-19"
"DE-BW","00+",2022-03-23,2022-02-23,"-28 day ahead inc hosp","quantile",0.025,1411,"COVID-19"
"DE-BW","00+",2022-03-23,2022-02-23,"-28 day ahead inc hosp","quantile",0.1,1415,"COVID-19"
"DE-BW","00+",2022-03-23,2022-02-23,"-28 day ahead inc hosp","quantile",0.25,1419,"COVID-19"
"DE-BW","00+",2022-03-23,2022-02-23,"-28 day ahead inc hosp","quantile",0.5,1425,"COVID-19"
"DE-BW","00+",2022-03-23,2022-02-23,"-28 day ahead inc hosp","quantile",0.75,1432,"COVID-19"
"DE-BW","00+",2022-03-23,2022-02-23,"-28 day ahead inc hosp","quantile",0.9,1440,"COVID-19"
"DE-BW","00+",2022-03-23,2022-02-23,"-28 day ahead inc hosp","quantile",0.975,1449,"COVID-19"
"DE-BY","00+",2022-03-23,2022-03-23,"0 day ahead inc hosp","mean",NA,2074,"COVID-19"
"DE-BY","00+",2022-03-23,2022-03-23,"0 day ahead inc hosp","quantile",0.025,1516,"COVID-19"
"DE-BY","00+",2022-03-23,2022-03-23,"0 day ahead inc hosp","quantile",0.1,1674,"COVID-19"
"DE-BY","00+",2022-03-23,2022-03-23,"0 day ahead inc hosp","quantile",0.25,1837,"COVID-19"
"DE-BY","00+",2022-03-23,2022-03-23,"0 day ahead inc hosp","quantile",0.5,2044,"COVID-19"
"DE-BY","00+",2022-03-23,2022-03-23,"0 day ahead inc hosp","quantile",0.75,2278,"COVID-19"
"DE-BY","00+",2022-03-23,2022-03-23,"0 day ahead inc hosp","quantile",0.9,2515,"COVID-19"
"DE-BY","00+",2022-03-23,2022-03-23,"0 day ahead inc hosp","quantile",0.975,2808,"COVID-19"
"DE-BY","00+",2022-03-23,2022-03-22,"-1 day ahead inc hosp","mean",NA,1901,"COVID-19"
"DE-BY","00+",2022-03-23,2022-03-22,"-1 day ahead inc hosp","quantile",0.025,1508,"COVID-19"
"DE-BY","00+",2022-03-23,2022-03-22,"-1 day ahead inc hosp","quantile",0.1,1620,"COVID-19"
"DE-BY","00+",2022-03-23,2022-03-22,"-1 day ahead inc hosp","quantile",0.25,1736,"COVID-19"
"DE-BY","00+",2022-03-23,2022-03-22,"-1 day ahead inc hosp","quantile",0.5,1881,"COVID-19"
"DE-BY","00+",2022-03-23,2022-03-22,"-1 day ahead inc hosp","quantile",0.75,2044,"COVID-19"
"DE-BY","00+",2022-03-23,2022-03-22,"-1 day ahead inc hosp","quantile",0.9,2209,"COVID-19"
"DE-BY","00+",2022-03-23,2022-03-22,"-1 day ahead inc hosp","quantile",0.975,2412,"COVID-19"
"DE-BY","00+",2022-03-23,2022-03-21,"-2 day ahead inc hosp","mean",NA,1972,"COVID-19"
"DE-BY","00+",2022-03-23,2022-03-21,"-2 day ahead inc hosp","quantile",0.025,1636,"COVID-19"
"DE-BY","00+",2022-03-23,2022-03-21,"-2 day ahead inc hosp","quantile",0.1,1732,"COVID-19"
"DE-BY","00+",2022-03-23,2022-03-21,"-2 day ahead inc hosp","quantile",0.25,1831,"COVID-19"
"DE-BY","00+",2022-03-23,2022-03-21,"-2 day ahead inc hosp","quantile",0.5,1955,"COVID-19"
"DE-BY","00+",2022-03-23,2022-03-21,"-2 day ahead inc hosp","quantile",0.75,2094,"COVID-19"
"DE-BY","00+",2022-03-23,2022-03-21,"-2 day ahead inc hosp","quantile",0.9,2233,"COVID-19"
"DE-BY","00+",2022-03-23,2022-03-21,"-2 day ahead inc hosp","quantile",0.975,2405,"COVID-19"
"DE-BY","00+",2022-03-23,2022-03-20,"-3 day ahead inc hosp","mean",NA,2015,"COVID-19"
"DE-BY","00+",2022-03-23,2022-03-20,"-3 day ahead inc hosp","quantile",0.025,1702,"COVID-19"
"DE-BY","00+",2022-03-23,2022-03-20,"-3 day ahead inc hosp","quantile",0.1,1793,"COVID-19"
"DE-BY","00+",2022-03-23,2022-03-20,"-3 day ahead inc hosp","quantile",0.25,1885,"COVID-19"
"DE-BY","00+",2022-03-23,2022-03-20,"-3 day ahead inc hosp","quantile",0.5,1999,"COVID-19"
"DE-BY","00+",2022-03-23,2022-03-20,"-3 day ahead inc hosp","quantile",0.75,2128,"COVID-19"
"DE-BY","00+",2022-03-23,2022-03-20,"-3 day ahead inc hosp","quantile",0.9,2256,"COVID-19"
"DE-BY","00+",2022-03-23,2022-03-20,"-3 day ahead inc hosp","quantile",0.975,2414,"COVID-19"
"DE-BY","00+",2022-03-23,2022-03-19,"-4 day ahead inc hosp","mean",NA,1981,"COVID-19"
"DE-BY","00+",2022-03-23,2022-03-19,"-4 day ahead inc hosp","quantile",0.025,1699,"COVID-19"
"DE-BY","00+",2022-03-23,2022-03-19,"-4 day ahead inc hosp","quantile",0.1,1781,"COVID-19"
"DE-BY","00+",2022-03-23,2022-03-19,"-4 day ahead inc hosp","quantile",0.25,1864,"COVID-19"
"DE-BY","00+",2022-03-23,2022-03-19,"-4 day ahead inc hosp","quantile",0.5,1968,"COVID-19"
"DE-BY","00+",2022-03-23,2022-03-19,"-4 day ahead inc hosp","quantile",0.75,2084,"COVID-19"
"DE-BY","00+",2022-03-23,2022-03-19,"-4 day ahead inc hosp","quantile",0.9,2199,"COVID-19"
"DE-BY","00+",2022-03-23,2022-03-19,"-4 day ahead inc hosp","quantile",0.975,2341,"COVID-19"
"DE-BY","00+",2022-03-23,2022-03-18,"-5 day ahead inc hosp","mean",NA,2051,"COVID-19"
"DE-BY","00+",2022-03-23,2022-03-18,"-5 day ahead inc hosp","quantile",0.025,1777,"COVID-19"
"DE-BY","00+",2022-03-23,2022-03-18,"-5 day ahead inc hosp","quantile",0.1,1856,"COVID-19"
"DE-BY","00+",2022-03-23,2022-03-18,"-5 day ahead inc hosp","quantile",0.25,1936,"COVID-19"
"DE-BY","00+",2022-03-23,2022-03-18,"-5 day ahead inc hosp","quantile",0.5,2037,"COVID-19"
"DE-BY","00+",2022-03-23,2022-03-18,"-5 day ahead inc hosp","quantile",0.75,2151,"COVID-19"
"DE-BY","00+",2022-03-23,2022-03-18,"-5 day ahead inc hosp","quantile",0.9,2264,"COVID-19"
"DE-BY","00+",2022-03-23,2022-03-18,"-5 day ahead inc hosp","quantile",0.975,2405,"COVID-19"
"DE-BY","00+",2022-03-23,2022-03-17,"-6 day ahead inc hosp","mean",NA,2088,"COVID-19"
"DE-BY","00+",2022-03-23,2022-03-17,"-6 day ahead inc hosp","quantile",0.025,1827,"COVID-19"
"DE-BY","00+",2022-03-23,2022-03-17,"-6 day ahead inc hosp","quantile",0.1,1901,"COVID-19"
"DE-BY","00+",2022-03-23,2022-03-17,"-6 day ahead inc hosp","quantile",0.25,1978,"COVID-19"
"DE-BY","00+",2022-03-23,2022-03-17,"-6 day ahead inc hosp","quantile",0.5,2074,"COVID-19"
"DE-BY","00+",2022-03-23,2022-03-17,"-6 day ahead inc hosp","quantile",0.75,2183,"COVID-19"
"DE-BY","00+",2022-03-23,2022-03-17,"-6 day ahead inc hosp","quantile",0.9,2293,"COVID-19"
"DE-BY","00+",2022-03-23,2022-03-17,"-6 day ahead inc hosp","quantile",0.975,2429,"COVID-19"
"DE-BY","00+",2022-03-23,2022-03-16,"-7 day ahead inc hosp","mean",NA,2065,"COVID-19"
"DE-BY","00+",2022-03-23,2022-03-16,"-7 day ahead inc hosp","quantile",0.025,1826,"COVID-19"
"DE-BY","00+",2022-03-23,2022-03-16,"-7 day ahead inc hosp","quantile",0.1,1893,"COVID-19"
"DE-BY","00+",2022-03-23,2022-03-16,"-7 day ahead inc hosp","quantile",0.25,1963,"COVID-19"
"DE-BY","00+",2022-03-23,2022-03-16,"-7 day ahead inc hosp","quantile",0.5,2052,"COVID-19"
"DE-BY","00+",2022-03-23,2022-03-16,"-7 day ahead inc hosp","quantile",0.75,2153,"COVID-19"
"DE-BY","00+",2022-03-23,2022-03-16,"-7 day ahead inc hosp","quantile",0.9,2255,"COVID-19"
"DE-BY","00+",2022-03-23,2022-03-16,"-7 day ahead inc hosp","quantile",0.975,2382,"COVID-19"
"DE-BY","00+",2022-03-23,2022-03-15,"-8 day ahead inc hosp","mean",NA,2071,"COVID-19"
"DE-BY","00+",2022-03-23,2022-03-15,"-8 day ahead inc hosp","quantile",0.025,1851,"COVID-19"
"DE-BY","00+",2022-03-23,2022-03-15,"-8 day ahead inc hosp","quantile",0.1,1912,"COVID-19"
"DE-BY","00+",2022-03-23,2022-03-15,"-8 day ahead inc hosp","quantile",0.25,1976,"COVID-19"
"DE-BY","00+",2022-03-23,2022-03-15,"-8 day ahead inc hosp","quantile",0.5,2058,"COVID-19"
"DE-BY","00+",2022-03-23,2022-03-15,"-8 day ahead inc hosp","quantile",0.75,2151,"COVID-19"
"DE-BY","00+",2022-03-23,2022-03-15,"-8 day ahead inc hosp","quantile",0.9,2246,"COVID-19"
"DE-BY","00+",2022-03-23,2022-03-15,"-8 day ahead inc hosp","quantile",0.975,2365,"COVID-19"
"DE-BY","00+",2022-03-23,2022-03-14,"-9 day ahead inc hosp","mean",NA,1953,"COVID-19"
"DE-BY","00+",2022-03-23,2022-03-14,"-9 day ahead inc hosp","quantile",0.025,1768,"COVID-19"
"DE-BY","00+",2022-03-23,2022-03-14,"-9 day ahead inc hosp","quantile",0.1,1820,"COVID-19"
"DE-BY","00+",2022-03-23,2022-03-14,"-9 day ahead inc hosp","quantile",0.25,1873,"COVID-19"
"DE-BY","00+",2022-03-23,2022-03-14,"-9 day ahead inc hosp","quantile",0.5,1942,"COVID-19"
"DE-BY","00+",2022-03-23,2022-03-14,"-9 day ahead inc hosp","quantile",0.75,2021,"COVID-19"
"DE-BY","00+",2022-03-23,2022-03-14,"-9 day ahead inc hosp","quantile",0.9,2101,"COVID-19"
"DE-BY","00+",2022-03-23,2022-03-14,"-9 day ahead inc hosp","quantile",0.975,2201,"COVID-19"
"DE-BY","00+",2022-03-23,2022-03-13,"-10 day ahead inc hosp","mean",NA,1913,"COVID-19"
"DE-BY","00+",2022-03-23,2022-03-13,"-10 day ahead inc hosp","quantile",0.025,1741,"COVID-19"
"DE-BY","00+",2022-03-23,2022-03-13,"-10 day ahead inc hosp","quantile",0.1,1789,"COVID-19"
"DE-BY","00+",2022-03-23,2022-03-13,"-10 day ahead inc hosp","quantile",0.25,1839,"COVID-19"
"DE-BY","00+",2022-03-23,2022-03-13,"-10 day ahead inc hosp","quantile",0.5,1903,"COVID-19"
"DE-BY","00+",2022-03-23,2022-03-13,"-10 day ahead inc hosp","quantile",0.75,1976,"COVID-19"
"DE-BY","00+",2022-03-23,2022-03-13,"-10 day ahead inc hosp","quantile",0.9,2051,"COVID-19"
"DE-BY","00+",2022-03-23,2022-03-13,"-10 day ahead inc hosp","quantile",0.975,2144,"COVID-19"
"DE-BY","00+",2022-03-23,2022-03-12,"-11 day ahead inc hosp","mean",NA,1877,"COVID-19"
"DE-BY","00+",2022-03-23,2022-03-12,"-11 day ahead inc hosp","quantile",0.025,1719,"COVID-19"
"DE-BY","00+",2022-03-23,2022-03-12,"-11 day ahead inc hosp","quantile",0.1,1763,"COVID-19"
"DE-BY","00+",2022-03-23,2022-03-12,"-11 day ahead inc hosp","quantile",0.25,1809,"COVID-19"
"DE-BY","00+",2022-03-23,2022-03-12,"-11 day ahead inc hosp","quantile",0.5,1868,"COVID-19"
"DE-BY","00+",2022-03-23,2022-03-12,"-11 day ahead inc hosp","quantile",0.75,1935,"COVID-19"
"DE-BY","00+",2022-03-23,2022-03-12,"-11 day ahead inc hosp","quantile",0.9,2004,"COVID-19"
"DE-BY","00+",2022-03-23,2022-03-12,"-11 day ahead inc hosp","quantile",0.975,2089,"COVID-19"
"DE-BY","00+",2022-03-23,2022-03-11,"-12 day ahead inc hosp","mean",NA,1817,"COVID-19"
"DE-BY","00+",2022-03-23,2022-03-11,"-12 day ahead inc hosp","quantile",0.025,1681,"COVID-19"
"DE-BY","00+",2022-03-23,2022-03-11,"-12 day ahead inc hosp","quantile",0.1,1719,"COVID-19"
"DE-BY","00+",2022-03-23,2022-03-11,"-12 day ahead inc hosp","quantile",0.25,1759,"COVID-19"
"DE-BY","00+",2022-03-23,2022-03-11,"-12 day ahead inc hosp","quantile",0.5,1810,"COVID-19"
"DE-BY","00+",2022-03-23,2022-03-11,"-12 day ahead inc hosp","quantile",0.75,1867,"COVID-19"
"DE-BY","00+",2022-03-23,2022-03-11,"-12 day ahead inc hosp","quantile",0.9,1925,"COVID-19"
"DE-BY","00+",2022-03-23,2022-03-11,"-12 day ahead inc hosp","quantile",0.975,1998,"COVID-19"
"DE-BY","00+",2022-03-23,2022-03-10,"-13 day ahead inc hosp","mean",NA,1734,"COVID-19"
"DE-BY","00+",2022-03-23,2022-03-10,"-13 day ahead inc hosp","quantile",0.025,1617,"COVID-19"
"DE-BY","00+",2022-03-23,2022-03-10,"-13 day ahead inc hosp","quantile",0.1,1650,"COVID-19"
"DE-BY","00+",2022-03-23,2022-03-10,"-13 day ahead inc hosp","quantile",0.25,1684,"COVID-19"
"DE-BY","00+",2022-03-23,2022-03-10,"-13 day ahead inc hosp","quantile",0.5,1727,"COVID-19"
"DE-BY","00+",2022-03-23,2022-03-10,"-13 day ahead inc hosp","quantile",0.75,1776,"COVID-19"
"DE-BY","00+",2022-03-23,2022-03-10,"-13 day ahead inc hosp","quantile",0.9,1825,"COVID-19"
"DE-BY","00+",2022-03-23,2022-03-10,"-13 day ahead inc hosp","quantile",0.975,1886,"COVID-19"
"DE-BY","00+",2022-03-23,2022-03-09,"-14 day ahead inc hosp","mean",NA,1724,"COVID-19"
"DE-BY","00+",2022-03-23,2022-03-09,"-14 day ahead inc hosp","quantile",0.025,1620,"COVID-19"
"DE-BY","00+",2022-03-23,2022-03-09,"-14 day ahead inc hosp","quantile",0.1,1650,"COVID-19"
"DE-BY","00+",2022-03-23,2022-03-09,"-14 day ahead inc hosp","quantile",0.25,1680,"COVID-19"
"DE-BY","00+",2022-03-23,2022-03-09,"-14 day ahead inc hosp","quantile",0.5,1719,"COVID-19"
"DE-BY","00+",2022-03-23,2022-03-09,"-14 day ahead inc hosp","quantile",0.75,1762,"COVID-19"
"DE-BY","00+",2022-03-23,2022-03-09,"-14 day ahead inc hosp","quantile",0.9,1806,"COVID-19"
"DE-BY","00+",2022-03-23,2022-03-09,"-14 day ahead inc hosp","quantile",0.975,1860,"COVID-19"
"DE-BY","00+",2022-03-23,2022-03-08,"-15 day ahead inc hosp","mean",NA,1665,"COVID-19"
"DE-BY","00+",2022-03-23,2022-03-08,"-15 day ahead inc hosp","quantile",0.025,1574,"COVID-19"
"DE-BY","00+",2022-03-23,2022-03-08,"-15 day ahead inc hosp","quantile",0.1,1600,"COVID-19"
"DE-BY","00+",2022-03-23,2022-03-08,"-15 day ahead inc hosp","quantile",0.25,1626,"COVID-19"
"DE-BY","00+",2022-03-23,2022-03-08,"-15 day ahead inc hosp","quantile",0.5,1660,"COVID-19"
"DE-BY","00+",2022-03-23,2022-03-08,"-15 day ahead inc hosp","quantile",0.75,1699,"COVID-19"
"DE-BY","00+",2022-03-23,2022-03-08,"-15 day ahead inc hosp","quantile",0.9,1738,"COVID-19"
"DE-BY","00+",2022-03-23,2022-03-08,"-15 day ahead inc hosp","quantile",0.975,1786,"COVID-19"
"DE-BY","00+",2022-03-23,2022-03-07,"-16 day ahead inc hosp","mean",NA,1668,"COVID-19"
"DE-BY","00+",2022-03-23,2022-03-07,"-16 day ahead inc hosp","quantile",0.025,1583,"COVID-19"
"DE-BY","00+",2022-03-23,2022-03-07,"-16 day ahead inc hosp","quantile",0.1,1607,"COVID-19"
"DE-BY","00+",2022-03-23,2022-03-07,"-16 day ahead inc hosp","quantile",0.25,1632,"COVID-19"
"DE-BY","00+",2022-03-23,2022-03-07,"-16 day ahead inc hosp","quantile",0.5,1663,"COVID-19"
"DE-BY","00+",2022-03-23,2022-03-07,"-16 day ahead inc hosp","quantile",0.75,1698,"COVID-19"
"DE-BY","00+",2022-03-23,2022-03-07,"-16 day ahead inc hosp","quantile",0.9,1734,"COVID-19"
"DE-BY","00+",2022-03-23,2022-03-07,"-16 day ahead inc hosp","quantile",0.975,1779,"COVID-19"
"DE-BY","00+",2022-03-23,2022-03-06,"-17 day ahead inc hosp","mean",NA,1653,"COVID-19"
"DE-BY","00+",2022-03-23,2022-03-06,"-17 day ahead inc hosp","quantile",0.025,1571,"COVID-19"
"DE-BY","00+",2022-03-23,2022-03-06,"-17 day ahead inc hosp","quantile",0.1,1594,"COVID-19"
"DE-BY","00+",2022-03-23,2022-03-06,"-17 day ahead inc hosp","quantile",0.25,1618,"COVID-19"
"DE-BY","00+",2022-03-23,2022-03-06,"-17 day ahead inc hosp","quantile",0.5,1648,"COVID-19"
"DE-BY","00+",2022-03-23,2022-03-06,"-17 day ahead inc hosp","quantile",0.75,1683,"COVID-19"
"DE-BY","00+",2022-03-23,2022-03-06,"-17 day ahead inc hosp","quantile",0.9,1718,"COVID-19"
"DE-BY","00+",2022-03-23,2022-03-06,"-17 day ahead inc hosp","quantile",0.975,1762,"COVID-19"
"DE-BY","00+",2022-03-23,2022-03-05,"-18 day ahead inc hosp","mean",NA,1674,"COVID-19"
"DE-BY","00+",2022-03-23,2022-03-05,"-18 day ahead inc hosp","quantile",0.025,1594,"COVID-19"
"DE-BY","00+",2022-03-23,2022-03-05,"-18 day ahead inc hosp","quantile",0.1,1616,"COVID-19"
"DE-BY","00+",2022-03-23,2022-03-05,"-18 day ahead inc hosp","quantile",0.25,1639,"COVID-19"
"DE-BY","00+",2022-03-23,2022-03-05,"-18 day ahead inc hosp","quantile",0.5,1669,"COVID-19"
"DE-BY","00+",2022-03-23,2022-03-05,"-18 day ahead inc hosp","quantile",0.75,1703,"COVID-19"
"DE-BY","00+",2022-03-23,2022-03-05,"-18 day ahead inc hosp","quantile",0.9,1738,"COVID-19"
"DE-BY","00+",2022-03-23,2022-03-05,"-18 day ahead inc hosp","quantile",0.975,1781,"COVID-19"
"DE-BY","00+",2022-03-23,2022-03-04,"-19 day ahead inc hosp","mean",NA,1676,"COVID-19"
"DE-BY","00+",2022-03-23,2022-03-04,"-19 day ahead inc hosp","quantile",0.025,1598,"COVID-19"
"DE-BY","00+",2022-03-23,2022-03-04,"-19 day ahead inc hosp","quantile",0.1,1619,"COVID-19"
"DE-BY","00+",2022-03-23,2022-03-04,"-19 day ahead inc hosp","quantile",0.25,1641,"COVID-19"
"DE-BY","00+",2022-03-23,2022-03-04,"-19 day ahead inc hosp","quantile",0.5,1670,"COVID-19"
"DE-BY","00+",2022-03-23,2022-03-04,"-19 day ahead inc hosp","quantile",0.75,1704,"COVID-19"
"DE-BY","00+",2022-03-23,2022-03-04,"-19 day ahead inc hosp","quantile",0.9,1739,"COVID-19"
"DE-BY","00+",2022-03-23,2022-03-04,"-19 day ahead inc hosp","quantile",0.975,1782,"COVID-19"
"DE-BY","00+",2022-03-23,2022-03-03,"-20 day ahead inc hosp","mean",NA,1678,"COVID-19"
"DE-BY","00+",2022-03-23,2022-03-03,"-20 day ahead inc hosp","quantile",0.025,1601,"COVID-19"
"DE-BY","00+",2022-03-23,2022-03-03,"-20 day ahead inc hosp","quantile",0.1,1621,"COVID-19"
"DE-BY","00+",2022-03-23,2022-03-03,"-20 day ahead inc hosp","quantile",0.25,1643,"COVID-19"
"DE-BY","00+",2022-03-23,2022-03-03,"-20 day ahead inc hosp","quantile",0.5,1673,"COVID-19"
"DE-BY","00+",2022-03-23,2022-03-03,"-20 day ahead inc hosp","quantile",0.75,1707,"COVID-19"
"DE-BY","00+",2022-03-23,2022-03-03,"-20 day ahead inc hosp","quantile",0.9,1743,"COVID-19"
"DE-BY","00+",2022-03-23,2022-03-03,"-20 day ahead inc hosp","quantile",0.975,1789,"COVID-19"
"DE-BY","00+",2022-03-23,2022-03-02,"-21 day ahead inc hosp","mean",NA,1683,"COVID-19"
"DE-BY","00+",2022-03-23,2022-03-02,"-21 day ahead inc hosp","quantile",0.025,1608,"COVID-19"
"DE-BY","00+",2022-03-23,2022-03-02,"-21 day ahead inc hosp","quantile",0.1,1627,"COVID-19"
"DE-BY","00+",2022-03-23,2022-03-02,"-21 day ahead inc hosp","quantile",0.25,1648,"COVID-19"
"DE-BY","00+",2022-03-23,2022-03-02,"-21 day ahead inc hosp","quantile",0.5,1677,"COVID-19"
"DE-BY","00+",2022-03-23,2022-03-02,"-21 day ahead inc hosp","quantile",0.75,1712,"COVID-19"
"DE-BY","00+",2022-03-23,2022-03-02,"-21 day ahead inc hosp","quantile",0.9,1748,"COVID-19"
"DE-BY","00+",2022-03-23,2022-03-02,"-21 day ahead inc hosp","quantile",0.975,1795,"COVID-19"
"DE-BY","00+",2022-03-23,2022-03-01,"-22 day ahead inc hosp","mean",NA,1742,"COVID-19"
"DE-BY","00+",2022-03-23,2022-03-01,"-22 day ahead inc hosp","quantile",0.025,1667,"COVID-19"
"DE-BY","00+",2022-03-23,2022-03-01,"-22 day ahead inc hosp","quantile",0.1,1685,"COVID-19"
"DE-BY","00+",2022-03-23,2022-03-01,"-22 day ahead inc hosp","quantile",0.25,1706,"COVID-19"
"DE-BY","00+",2022-03-23,2022-03-01,"-22 day ahead inc hosp","quantile",0.5,1735,"COVID-19"
"DE-BY","00+",2022-03-23,2022-03-01,"-22 day ahead inc hosp","quantile",0.75,1770,"COVID-19"
"DE-BY","00+",2022-03-23,2022-03-01,"-22 day ahead inc hosp","quantile",0.9,1808,"COVID-19"
"DE-BY","00+",2022-03-23,2022-03-01,"-22 day ahead inc hosp","quantile",0.975,1857,"COVID-19"
"DE-BY","00+",2022-03-23,2022-02-28,"-23 day ahead inc hosp","mean",NA,1768,"COVID-19"
"DE-BY","00+",2022-03-23,2022-02-28,"-23 day ahead inc hosp","quantile",0.025,1696,"COVID-19"
"DE-BY","00+",2022-03-23,2022-02-28,"-23 day ahead inc hosp","quantile",0.1,1713,"COVID-19"
"DE-BY","00+",2022-03-23,2022-02-28,"-23 day ahead inc hosp","quantile",0.25,1733,"COVID-19"
"DE-BY","00+",2022-03-23,2022-02-28,"-23 day ahead inc hosp","quantile",0.5,1761,"COVID-19"
"DE-BY","00+",2022-03-23,2022-02-28,"-23 day ahead inc hosp","quantile",0.75,1796,"COVID-19"
"DE-BY","00+",2022-03-23,2022-02-28,"-23 day ahead inc hosp","quantile",0.9,1833,"COVID-19"
"DE-BY","00+",2022-03-23,2022-02-28,"-23 day ahead inc hosp","quantile",0.975,1883,"COVID-19"
"DE-BY","00+",2022-03-23,2022-02-27,"-24 day ahead inc hosp","mean",NA,1795,"COVID-19"
"DE-BY","00+",2022-03-23,2022-02-27,"-24 day ahead inc hosp","quantile",0.025,1722,"COVID-19"
"DE-BY","00+",2022-03-23,2022-02-27,"-24 day ahead inc hosp","quantile",0.1,1739,"COVID-19"
"DE-BY","00+",2022-03-23,2022-02-27,"-24 day ahead inc hosp","quantile",0.25,1758,"COVID-19"
"DE-BY","00+",2022-03-23,2022-02-27,"-24 day ahead inc hosp","quantile",0.5,1787,"COVID-19"
"DE-BY","00+",2022-03-23,2022-02-27,"-24 day ahead inc hosp","quantile",0.75,1823,"COVID-19"
"DE-BY","00+",2022-03-23,2022-02-27,"-24 day ahead inc hosp","quantile",0.9,1862,"COVID-19"
"DE-BY","00+",2022-03-23,2022-02-27,"-24 day ahead inc hosp","quantile",0.975,1914,"COVID-19"
"DE-BY","00+",2022-03-23,2022-02-26,"-25 day ahead inc hosp","mean",NA,1815,"COVID-19"
"DE-BY","00+",2022-03-23,2022-02-26,"-25 day ahead inc hosp","quantile",0.025,1742,"COVID-19"
"DE-BY","00+",2022-03-23,2022-02-26,"-25 day ahead inc hosp","quantile",0.1,1758,"COVID-19"
"DE-BY","00+",2022-03-23,2022-02-26,"-25 day ahead inc hosp","quantile",0.25,1777,"COVID-19"
"DE-BY","00+",2022-03-23,2022-02-26,"-25 day ahead inc hosp","quantile",0.5,1806,"COVID-19"
"DE-BY","00+",2022-03-23,2022-02-26,"-25 day ahead inc hosp","quantile",0.75,1842,"COVID-19"
"DE-BY","00+",2022-03-23,2022-02-26,"-25 day ahead inc hosp","quantile",0.9,1883,"COVID-19"
"DE-BY","00+",2022-03-23,2022-02-26,"-25 day ahead inc hosp","quantile",0.975,1936,"COVID-19"
"DE-BY","00+",2022-03-23,2022-02-25,"-26 day ahead inc hosp","mean",NA,1806,"COVID-19"
"DE-BY","00+",2022-03-23,2022-02-25,"-26 day ahead inc hosp","quantile",0.025,1736,"COVID-19"
"DE-BY","00+",2022-03-23,2022-02-25,"-26 day ahead inc hosp","quantile",0.1,1751,"COVID-19"
"DE-BY","00+",2022-03-23,2022-02-25,"-26 day ahead inc hosp","quantile",0.25,1769,"COVID-19"
"DE-BY","00+",2022-03-23,2022-02-25,"-26 day ahead inc hosp","quantile",0.5,1797,"COVID-19"
"DE-BY","00+",2022-03-23,2022-02-25,"-26 day ahead inc hosp","quantile",0.75,1833,"COVID-19"
"DE-BY","00+",2022-03-23,2022-02-25,"-26 day ahead inc hosp","quantile",0.9,1873,"COVID-19"
"DE-BY","00+",2022-03-23,2022-02-25,"-26 day ahead inc hosp","quantile",0.975,1927,"COVID-19"
"DE-BY","00+",2022-03-23,2022-02-24,"-27 day ahead inc hosp","mean",NA,1869,"COVID-19"
"DE-BY","00+",2022-03-23,2022-02-24,"-27 day ahead inc hosp","quantile",0.025,1801,"COVID-19"
"DE-BY","00+",2022-03-23,2022-02-24,"-27 day ahead inc hosp","quantile",0.1,1815,"COVID-19"
"DE-BY","00+",2022-03-23,2022-02-24,"-27 day ahead inc hosp","quantile",0.25,1832,"COVID-19"
"DE-BY","00+",2022-03-23,2022-02-24,"-27 day ahead inc hosp","quantile",0.5,1859,"COVID-19"
"DE-BY","00+",2022-03-23,2022-02-24,"-27 day ahead inc hosp","quantile",0.75,1895,"COVID-19"
"DE-BY","00+",2022-03-23,2022-02-24,"-27 day ahead inc hosp","quantile",0.9,1935,"COVID-19"
"DE-BY","00+",2022-03-23,2022-02-24,"-27 day ahead inc hosp","quantile",0.975,1990,"COVID-19"
"DE-BY","00+",2022-03-23,2022-02-23,"-28 day ahead inc hosp","mean",NA,1881,"COVID-19"
"DE-BY","00+",2022-03-23,2022-02-23,"-28 day ahead inc hosp","quantile",0.025,1818,"COVID-19"
"DE-BY","00+",2022-03-23,2022-02-23,"-28 day ahead inc hosp","quantile",0.1,1830,"COVID-19"
"DE-BY","00+",2022-03-23,2022-02-23,"-28 day ahead inc hosp","quantile",0.25,1847,"COVID-19"
"DE-BY","00+",2022-03-23,2022-02-23,"-28 day ahead inc hosp","quantile",0.5,1872,"COVID-19"
"DE-BY","00+",2022-03-23,2022-02-23,"-28 day ahead inc hosp","quantile",0.75,1906,"COVID-19"
"DE-BY","00+",2022-03-23,2022-02-23,"-28 day ahead inc hosp","quantile",0.9,1944,"COVID-19"
"DE-BY","00+",2022-03-23,2022-02-23,"-28 day ahead inc hosp","quantile",0.975,1997,"COVID-19"
"DE-HB","00+",2022-03-23,2022-03-23,"0 day ahead inc hosp","mean",NA,46,"COVID-19"
"DE-HB","00+",2022-03-23,2022-03-23,"0 day ahead inc hosp","quantile",0.025,33,"COVID-19"
"DE-HB","00+",2022-03-23,2022-03-23,"0 day ahead inc hosp","quantile",0.1,36,"COVID-19"
"DE-HB","00+",2022-03-23,2022-03-23,"0 day ahead inc hosp","quantile",0.25,40,"COVID-19"
"DE-HB","00+",2022-03-23,2022-03-23,"0 day ahead inc hosp","quantile",0.5,45,"COVID-19"
"DE-HB","00+",2022-03-23,2022-03-23,"0 day ahead inc hosp","quantile",0.75,51,"COVID-19"
"DE-HB","00+",2022-03-23,2022-03-23,"0 day ahead inc hosp","quantile",0.9,57,"COVID-19"
"DE-HB","00+",2022-03-23,2022-03-23,"0 day ahead inc hosp","quantile",0.975,66,"COVID-19"
"DE-HB","00+",2022-03-23,2022-03-22,"-1 day ahead inc hosp","mean",NA,40,"COVID-19"
"DE-HB","00+",2022-03-23,2022-03-22,"-1 day ahead inc hosp","quantile",0.025,32,"COVID-19"
"DE-HB","00+",2022-03-23,2022-03-22,"-1 day ahead inc hosp","quantile",0.1,34,"COVID-19"
"DE-HB","00+",2022-03-23,2022-03-22,"-1 day ahead inc hosp","quantile",0.25,36,"COVID-19"
"DE-HB","00+",2022-03-23,2022-03-22,"-1 day ahead inc hosp","quantile",0.5,39,"COVID-19"
"DE-HB","00+",2022-03-23,2022-03-22,"-1 day ahead inc hosp","quantile",0.75,43,"COVID-19"
"DE-HB","00+",2022-03-23,2022-03-22,"-1 day ahead inc hosp","quantile",0.9,47,"COVID-19"
"DE-HB","00+",2022-03-23,2022-03-22,"-1 day ahead inc hosp","quantile",0.975,52,"COVID-19"
"DE-HB","00+",2022-03-23,2022-03-21,"-2 day ahead inc hosp","mean",NA,42,"COVID-19"
"DE-HB","00+",2022-03-23,2022-03-21,"-2 day ahead inc hosp","quantile",0.025,36,"COVID-19"
"DE-HB","00+",2022-03-23,2022-03-21,"-2 day ahead inc hosp","quantile",0.1,37,"COVID-19"
"DE-HB","00+",2022-03-23,2022-03-21,"-2 day ahead inc hosp","quantile",0.25,39,"COVID-19"
"DE-HB","00+",2022-03-23,2022-03-21,"-2 day ahead inc hosp","quantile",0.5,41,"COVID-19"
"DE-HB","00+",2022-03-23,2022-03-21,"-2 day ahead inc hosp","quantile",0.75,44,"COVID-19"
"DE-HB","00+",2022-03-23,2022-03-21,"-2 day ahead inc hosp","quantile",0.9,47,"COVID-19"
"DE-HB","00+",2022-03-23,2022-03-21,"-2 day ahead inc hosp","quantile",0.975,51,"COVID-19"
"DE-HB","00+",2022-03-23,2022-03-20,"-3 day ahead inc hosp","mean",NA,43,"COVID-19"
"DE-HB","00+",2022-03-23,2022-03-20,"-3 day ahead inc hosp","quantile",0.025,37,"COVID-19"
"DE-HB","00+",2022-03-23,2022-03-20,"-3 day ahead inc hosp","quantile",0.1,38,"COVID-19"
"DE-HB","00+",2022-03-23,2022-03-20,"-3 day ahead inc hosp","quantile",0.25,40,"COVID-19"
"DE-HB","00+",2022-03-23,2022-03-20,"-3 day ahead inc hosp","quantile",0.5,42,"COVID-19"
"DE-HB","00+",2022-03-23,2022-03-20,"-3 day ahead inc hosp","quantile",0.75,45,"COVID-19"
"DE-HB","00+",2022-03-23,2022-03-20,"-3 day ahead inc hosp","quantile",0.9,47,"COVID-19"
"DE-HB","00+",2022-03-23,2022-03-20,"-3 day ahead inc hosp","quantile",0.975,51,"COVID-19"
"DE-HB","00+",2022-03-23,2022-03-19,"-4 day ahead inc hosp","mean",NA,44,"COVID-19"
"DE-HB","00+",2022-03-23,2022-03-19,"-4 day ahead inc hosp","quantile",0.025,38,"COVID-19"
"DE-HB","00+",2022-03-23,2022-03-19,"-4 day ahead inc hosp","quantile",0.1,39,"COVID-19"
"DE-HB","00+",2022-03-23,2022-03-19,"-4 day ahead inc hosp","quantile",0.25,41,"COVID-19"
"DE-HB","00+",2022-03-23,2022-03-19,"-4 day ahead inc hosp","quantile",0.5,43,"COVID-19"
"DE-HB","00+",2022-03-23,2022-03-19,"-4 day ahead inc hosp","quantile",0.75,46,"COVID-19"
"DE-HB","00+",2022-03-23,2022-03-19,"-4 day ahead inc hosp","quantile",0.9,48,"COVID-19"
"DE-HB","00+",2022-03-23,2022-03-19,"-4 day ahead inc hosp","quantile",0.975,52,"COVID-19"
"DE-HB","00+",2022-03-23,2022-03-18,"-5 day ahead inc hosp","mean",NA,44,"COVID-19"
"DE-HB","00+",2022-03-23,2022-03-18,"-5 day ahead inc hosp","quantile",0.025,39,"COVID-19"
"DE-HB","00+",2022-03-23,2022-03-18,"-5 day ahead inc hosp","quantile",0.1,40,"COVID-19"
"DE-HB","00+",2022-03-23,2022-03-18,"-5 day ahead inc hosp","quantile",0.25,42,"COVID-19"
"DE-HB","00+",2022-03-23,2022-03-18,"-5 day ahead inc hosp","quantile",0.5,44,"COVID-19"
"DE-HB","00+",2022-03-23,2022-03-18,"-5 day ahead inc hosp","quantile",0.75,46,"COVID-19"
"DE-HB","00+",2022-03-23,2022-03-18,"-5 day ahead inc hosp","quantile",0.9,49,"COVID-19"
"DE-HB","00+",2022-03-23,2022-03-18,"-5 day ahead inc hosp","quantile",0.975,52,"COVID-19"
"DE-HB","00+",2022-03-23,2022-03-17,"-6 day ahead inc hosp","mean",NA,44,"COVID-19"
"DE-HB","00+",2022-03-23,2022-03-17,"-6 day ahead inc hosp","quantile",0.025,39,"COVID-19"
"DE-HB","00+",2022-03-23,2022-03-17,"-6 day ahead inc hosp","quantile",0.1,40,"COVID-19"
"DE-HB","00+",2022-03-23,2022-03-17,"-6 day ahead inc hosp","quantile",0.25,42,"COVID-19"
"DE-HB","00+",2022-03-23,2022-03-17,"-6 day ahead inc hosp","quantile",0.5,44,"COVID-19"
"DE-HB","00+",2022-03-23,2022-03-17,"-6 day ahead inc hosp","quantile",0.75,46,"COVID-19"
"DE-HB","00+",2022-03-23,2022-03-17,"-6 day ahead inc hosp","quantile",0.9,48,"COVID-19"
"DE-HB","00+",2022-03-23,2022-03-17,"-6 day ahead inc hosp","quantile",0.975,51,"COVID-19"
"DE-HB","00+",2022-03-23,2022-03-16,"-7 day ahead inc hosp","mean",NA,41,"COVID-19"
"DE-HB","00+",2022-03-23,2022-03-16,"-7 day ahead inc hosp","quantile",0.025,36,"COVID-19"
"DE-HB","00+",2022-03-23,2022-03-16,"-7 day ahead inc hosp","quantile",0.1,37,"COVID-19"
"DE-HB","00+",2022-03-23,2022-03-16,"-7 day ahead inc hosp","quantile",0.25,39,"COVID-19"
"DE-HB","00+",2022-03-23,2022-03-16,"-7 day ahead inc hosp","quantile",0.5,40,"COVID-19"
"DE-HB","00+",2022-03-23,2022-03-16,"-7 day ahead inc hosp","quantile",0.75,42,"COVID-19"
"DE-HB","00+",2022-03-23,2022-03-16,"-7 day ahead inc hosp","quantile",0.9,44,"COVID-19"
"DE-HB","00+",2022-03-23,2022-03-16,"-7 day ahead inc hosp","quantile",0.975,47,"COVID-19"
"DE-HB","00+",2022-03-23,2022-03-15,"-8 day ahead inc hosp","mean",NA,36,"COVID-19"
"DE-HB","00+",2022-03-23,2022-03-15,"-8 day ahead inc hosp","quantile",0.025,33,"COVID-19"
"DE-HB","00+",2022-03-23,2022-03-15,"-8 day ahead inc hosp","quantile",0.1,34,"COVID-19"
"DE-HB","00+",2022-03-23,2022-03-15,"-8 day ahead inc hosp","quantile",0.25,35,"COVID-19"
"DE-HB","00+",2022-03-23,2022-03-15,"-8 day ahead inc hosp","quantile",0.5,36,"COVID-19"
"DE-HB","00+",2022-03-23,2022-03-15,"-8 day ahead inc hosp","quantile",0.75,38,"COVID-19"
"DE-HB","00+",2022-03-23,2022-03-15,"-8 day ahead inc hosp","quantile",0.9,40,"COVID-19"
"DE-HB","00+",2022-03-23,2022-03-15,"-8 day ahead inc hosp","quantile",0.975,42,"COVID-19"
"DE-HB","00+",2022-03-23,2022-03-14,"-9 day ahead inc hosp","mean",NA,24,"COVID-19"
"DE-HB","00+",2022-03-23,2022-03-14,"-9 day ahead inc hosp","quantile",0.025,23,"COVID-19"
"DE-HB","00+",2022-03-23,2022-03-14,"-9 day ahead inc hosp","quantile",0.1,23,"COVID-19"
"DE-HB","00+",2022-03-23,2022-03-14,"-9 day ahead inc hosp","quantile",0.25,23,"COVID-19"
"DE-HB","00+",2022-03-23,2022-03-14,"-9 day ahead inc hosp","quantile",0.5,24,"COVID-19"
"DE-HB","00+",2022-03-23,2022-03-14,"-9 day ahead inc hosp","quantile",0.75,25,"COVID-19"
"DE-HB","00+",2022-03-23,2022-03-14,"-9 day ahead inc hosp","quantile",0.9,26,"COVID-19"
"DE-HB","00+",2022-03-23,2022-03-14,"-9 day ahead inc hosp","quantile",0.975,28,"COVID-19"
"DE-HB","00+",2022-03-23,2022-03-13,"-10 day ahead inc hosp","mean",NA,23,"COVID-19"
"DE-HB","00+",2022-03-23,2022-03-13,"-10 day ahead inc hosp","quantile",0.025,22,"COVID-19"
"DE-HB","00+",2022-03-23,2022-03-13,"-10 day ahead inc hosp","quantile",0.1,22,"COVID-19"
"DE-HB","00+",2022-03-23,2022-03-13,"-10 day ahead inc hosp","quantile",0.25,22,"COVID-19"
"DE-HB","00+",2022-03-23,2022-03-13,"-10 day ahead inc hosp","quantile",0.5,23,"COVID-19"
"DE-HB","00+",2022-03-23,2022-03-13,"-10 day ahead inc hosp","quantile",0.75,24,"COVID-19"
"DE-HB","00+",2022-03-23,2022-03-13,"-10 day ahead inc hosp","quantile",0.9,25,"COVID-19"
"DE-HB","00+",2022-03-23,2022-03-13,"-10 day ahead inc hosp","quantile",0.975,27,"COVID-19"
"DE-HB","00+",2022-03-23,2022-03-12,"-11 day ahead inc hosp","mean",NA,21,"COVID-19"
"DE-HB","00+",2022-03-23,2022-03-12,"-11 day ahead inc hosp","quantile",0.025,20,"COVID-19"
"DE-HB","00+",2022-03-23,2022-03-12,"-11 day ahead inc hosp","quantile",0.1,20,"COVID-19"
"DE-HB","00+",2022-03-23,2022-03-12,"-11 day ahead inc hosp","quantile",0.25,20,"COVID-19"
"DE-HB","00+",2022-03-23,2022-03-12,"-11 day ahead inc hosp","quantile",0.5,21,"COVID-19"
"DE-HB","00+",2022-03-23,2022-03-12,"-11 day ahead inc hosp","quantile",0.75,22,"COVID-19"
"DE-HB","00+",2022-03-23,2022-03-12,"-11 day ahead inc hosp","quantile",0.9,23,"COVID-19"
"DE-HB","00+",2022-03-23,2022-03-12,"-11 day ahead inc hosp","quantile",0.975,24,"COVID-19"
"DE-HB","00+",2022-03-23,2022-03-11,"-12 day ahead inc hosp","mean",NA,22,"COVID-19"
"DE-HB","00+",2022-03-23,2022-03-11,"-12 day ahead inc hosp","quantile",0.025,21,"COVID-19"
"DE-HB","00+",2022-03-23,2022-03-11,"-12 day ahead inc hosp","quantile",0.1,21,"COVID-19"
"DE-HB","00+",2022-03-23,2022-03-11,"-12 day ahead inc hosp","quantile",0.25,21,"COVID-19"
"DE-HB","00+",2022-03-23,2022-03-11,"-12 day ahead inc hosp","quantile",0.5,22,"COVID-19"
"DE-HB","00+",2022-03-23,2022-03-11,"-12 day ahead inc hosp","quantile",0.75,22,"COVID-19"
"DE-HB","00+",2022-03-23,2022-03-11,"-12 day ahead inc hosp","quantile",0.9,23,"COVID-19"
"DE-HB","00+",2022-03-23,2022-03-11,"-12 day ahead inc hosp","quantile",0.975,25,"COVID-19"
"DE-HB","00+",2022-03-23,2022-03-10,"-13 day ahead inc hosp","mean",NA,25,"COVID-19"
"DE-HB","00+",2022-03-23,2022-03-10,"-13 day ahead inc hosp","quantile",0.025,24,"COVID-19"
"DE-HB","00+",2022-03-23,2022-03-10,"-13 day ahead inc hosp","quantile",0.1,24,"COVID-19"
"DE-HB","00+",2022-03-23,2022-03-10,"-13 day ahead inc hosp","quantile",0.25,24,"COVID-19"
"DE-HB","00+",2022-03-23,2022-03-10,"-13 day ahead inc hosp","quantile",0.5,25,"COVID-19"
"DE-HB","00+",2022-03-23,2022-03-10,"-13 day ahead inc hosp","quantile",0.75,25,"COVID-19"
"DE-HB","00+",2022-03-23,2022-03-10,"-13 day ahead inc hosp","quantile",0.9,26,"COVID-19"
"DE-HB","00+",2022-03-23,2022-03-10,"-13 day ahead inc hosp","quantile",0.975,28,"COVID-19"
"DE-HB","00+",2022-03-23,2022-03-09,"-14 day ahead inc hosp","mean",NA,21,"COVID-19"
"DE-HB","00+",2022-03-23,2022-03-09,"-14 day ahead inc hosp","quantile",0.025,20,"COVID-19"
"DE-HB","00+",2022-03-23,2022-03-09,"-14 day ahead inc hosp","quantile",0.1,20,"COVID-19"
"DE-HB","00+",2022-03-23,2022-03-09,"-14 day ahead inc hosp","quantile",0.25,20,"COVID-19"
"DE-HB","00+",2022-03-23,2022-03-09,"-14 day ahead inc hosp","quantile",0.5,20,"COVID-19"
"DE-HB","00+",2022-03-23,2022-03-09,"-14 day ahead inc hosp","quantile",0.75,21,"COVID-19"
"DE-HB","00+",2022-03-23,2022-03-09,"-14 day ahead inc hosp","quantile",0.9,22,"COVID-19"
"DE-HB","00+",2022-03-23,2022-03-09,"-14 day ahead inc hosp","quantile",0.975,23,"COVID-19"
"DE-HB","00+",2022-03-23,2022-03-08,"-15 day ahead inc hosp","mean",NA,16,"COVID-19"
"DE-HB","00+",2022-03-23,2022-03-08,"-15 day ahead inc hosp","quantile",0.025,16,"COVID-19"
"DE-HB","00+",2022-03-23,2022-03-08,"-15 day ahead inc hosp","quantile",0.1,16,"COVID-19"
"DE-HB","00+",2022-03-23,2022-03-08,"-15 day ahead inc hosp","quantile",0.25,16,"COVID-19"
"DE-HB","00+",2022-03-23,2022-03-08,"-15 day ahead inc hosp","quantile",0.5,16,"COVID-19"
"DE-HB","00+",2022-03-23,2022-03-08,"-15 day ahead inc hosp","quantile",0.75,17,"COVID-19"
"DE-HB","00+",2022-03-23,2022-03-08,"-15 day ahead inc hosp","quantile",0.9,17,"COVID-19"
"DE-HB","00+",2022-03-23,2022-03-08,"-15 day ahead inc hosp","quantile",0.975,18,"COVID-19"
"DE-HB","00+",2022-03-23,2022-03-07,"-16 day ahead inc hosp","mean",NA,13,"COVID-19"
"DE-HB","00+",2022-03-23,2022-03-07,"-16 day ahead inc hosp","quantile",0.025,13,"COVID-19"
"DE-HB","00+",2022-03-23,2022-03-07,"-16 day ahead inc hosp","quantile",0.1,13,"COVID-19"
"DE-HB","00+",2022-03-23,2022-03-07,"-16 day ahead inc hosp","quantile",0.25,13,"COVID-19"
"DE-HB","00+",2022-03-23,2022-03-07,"-16 day ahead inc hosp","quantile",0.5,13,"COVID-19"
"DE-HB","00+",2022-03-23,2022-03-07,"-16 day ahead inc hosp","quantile",0.75,13,"COVID-19"
"DE-HB","00+",2022-03-23,2022-03-07,"-16 day ahead inc hosp","quantile",0.9,14,"COVID-19"
"DE-HB","00+",2022-03-23,2022-03-07,"-16 day ahead inc hosp","quantile",0.975,15,"COVID-19"
"DE-HB","00+",2022-03-23,2022-03-06,"-17 day ahead inc hosp","mean",NA,13,"COVID-19"
"DE-HB","00+",2022-03-23,2022-03-06,"-17 day ahead inc hosp","quantile",0.025,13,"COVID-19"
"DE-HB","00+",2022-03-23,2022-03-06,"-17 day ahead inc hosp","quantile",0.1,13,"COVID-19"
"DE-HB","00+",2022-03-23,2022-03-06,"-17 day ahead inc hosp","quantile",0.25,13,"COVID-19"
"DE-HB","00+",2022-03-23,2022-03-06,"-17 day ahead inc hosp","quantile",0.5,13,"COVID-19"
"DE-HB","00+",2022-03-23,2022-03-06,"-17 day ahead inc hosp","quantile",0.75,13,"COVID-19"
"DE-HB","00+",2022-03-23,2022-03-06,"-17 day ahead inc hosp","quantile",0.9,14,"COVID-19"
"DE-HB","00+",2022-03-23,2022-03-06,"-17 day ahead inc hosp","quantile",0.975,15,"COVID-19"
"DE-HB","00+",2022-03-23,2022-03-05,"-18 day ahead inc hosp","mean",NA,14,"COVID-19"
"DE-HB","00+",2022-03-23,2022-03-05,"-18 day ahead inc hosp","quantile",0.025,14,"COVID-19"
"DE-HB","00+",2022-03-23,2022-03-05,"-18 day ahead inc hosp","quantile",0.1,14,"COVID-19"
"DE-HB","00+",2022-03-23,2022-03-05,"-18 day ahead inc hosp","quantile",0.25,14,"COVID-19"
"DE-HB","00+",2022-03-23,2022-03-05,"-18 day ahead inc hosp","quantile",0.5,14,"COVID-19"
"DE-HB","00+",2022-03-23,2022-03-05,"-18 day ahead inc hosp","quantile",0.75,14,"COVID-19"
"DE-HB","00+",2022-03-23,2022-03-05,"-18 day ahead inc hosp","quantile",0.9,15,"COVID-19"
"DE-HB","00+",2022-03-23,2022-03-05,"-18 day ahead inc hosp","quantile",0.975,16,"COVID-19"
"DE-HB","00+",2022-03-23,2022-03-04,"-19 day ahead inc hosp","mean",NA,17,"COVID-19"
"DE-HB","00+",2022-03-23,2022-03-04,"-19 day ahead inc hosp","quantile",0.025,17,"COVID-19"
"DE-HB","00+",2022-03-23,2022-03-04,"-19 day ahead inc hosp","quantile",0.1,17,"COVID-19"
"DE-HB","00+",2022-03-23,2022-03-04,"-19 day ahead inc hosp","quantile",0.25,17,"COVID-19"
"DE-HB","00+",2022-03-23,2022-03-04,"-19 day ahead inc hosp","quantile",0.5,17,"COVID-19"
"DE-HB","00+",2022-03-23,2022-03-04,"-19 day ahead inc hosp","quantile",0.75,17,"COVID-19"
"DE-HB","00+",2022-03-23,2022-03-04,"-19 day ahead inc hosp","quantile",0.9,18,"COVID-19"
"DE-HB","00+",2022-03-23,2022-03-04,"-19 day ahead inc hosp","quantile",0.975,19,"COVID-19"
"DE-HB","00+",2022-03-23,2022-03-03,"-20 day ahead inc hosp","mean",NA,15,"COVID-19"
"DE-HB","00+",2022-03-23,2022-03-03,"-20 day ahead inc hosp","quantile",0.025,15,"COVID-19"
"DE-HB","00+",2022-03-23,2022-03-03,"-20 day ahead inc hosp","quantile",0.1,15,"COVID-19"
"DE-HB","00+",2022-03-23,2022-03-03,"-20 day ahead inc hosp","quantile",0.25,15,"COVID-19"
"DE-HB","00+",2022-03-23,2022-03-03,"-20 day ahead inc hosp","quantile",0.5,15,"COVID-19"
"DE-HB","00+",2022-03-23,2022-03-03,"-20 day ahead inc hosp","quantile",0.75,15,"COVID-19"
"DE-HB","00+",2022-03-23,2022-03-03,"-20 day ahead inc hosp","quantile",0.9,16,"COVID-19"
"DE-HB","00+",2022-03-23,2022-03-03,"-20 day ahead inc hosp","quantile",0.975,16,"COVID-19"
"DE-HB","00+",2022-03-23,2022-03-02,"-21 day ahead inc hosp","mean",NA,22,"COVID-19"
"DE-HB","00+",2022-03-23,2022-03-02,"-21 day ahead inc hosp","quantile",0.025,22,"COVID-19"
"DE-HB","00+",2022-03-23,2022-03-02,"-21 day ahead inc hosp","quantile",0.1,22,"COVID-19"
"DE-HB","00+",2022-03-23,2022-03-02,"-21 day ahead inc hosp","quantile",0.25,22,"COVID-19"
"DE-HB","00+",2022-03-23,2022-03-02,"-21 day ahead inc hosp","quantile",0.5,22,"COVID-19"
"DE-HB","00+",2022-03-23,2022-03-02,"-21 day ahead inc hosp","quantile",0.75,22,"COVID-19"
"DE-HB","00+",2022-03-23,2022-03-02,"-21 day ahead inc hosp","quantile",0.9,23,"COVID-19"
"DE-HB","00+",2022-03-23,2022-03-02,"-21 day ahead inc hosp","quantile",0.975,23,"COVID-19"
"DE-HB","00+",2022-03-23,2022-03-01,"-22 day ahead inc hosp","mean",NA,22,"COVID-19"
"DE-HB","00+",2022-03-23,2022-03-01,"-22 day ahead inc hosp","quantile",0.025,22,"COVID-19"
"DE-HB","00+",2022-03-23,2022-03-01,"-22 day ahead inc hosp","quantile",0.1,22,"COVID-19"
"DE-HB","00+",2022-03-23,2022-03-01,"-22 day ahead inc hosp","quantile",0.25,22,"COVID-19"
"DE-HB","00+",2022-03-23,2022-03-01,"-22 day ahead inc hosp","quantile",0.5,22,"COVID-19"
"DE-HB","00+",2022-03-23,2022-03-01,"-22 day ahead inc hosp","quantile",0.75,22,"COVID-19"
"DE-HB","00+",2022-03-23,2022-03-01,"-22 day ahead inc hosp","quantile",0.9,23,"COVID-19"
"DE-HB","00+",2022-03-23,2022-03-01,"-22 day ahead inc hosp","quantile",0.975,23,"COVID-19"
"DE-HB","00+",2022-03-23,2022-02-28,"-23 day ahead inc hosp","mean",NA,28,"COVID-19"
"DE-HB","00+",2022-03-23,2022-02-28,"-23 day ahead inc hosp","quantile",0.025,28,"COVID-19"
"DE-HB","00+",2022-03-23,2022-02-28,"-23 day ahead inc hosp","quantile",0.1,28,"COVID-19"
"DE-HB","00+",2022-03-23,2022-02-28,"-23 day ahead inc hosp","quantile",0.25,28,"COVID-19"
"DE-HB","00+",2022-03-23,2022-02-28,"-23 day ahead inc hosp","quantile",0.5,28,"COVID-19"
"DE-HB","00+",2022-03-23,2022-02-28,"-23 day ahead inc hosp","quantile",0.75,28,"COVID-19"
"DE-HB","00+",2022-03-23,2022-02-28,"-23 day ahead inc hosp","quantile",0.9,29,"COVID-19"
"DE-HB","00+",2022-03-23,2022-02-28,"-23 day ahead inc hosp","quantile",0.975,29,"COVID-19"
"DE-HB","00+",2022-03-23,2022-02-27,"-24 day ahead inc hosp","mean",NA,30,"COVID-19"
"DE-HB","00+",2022-03-23,2022-02-27,"-24 day ahead inc hosp","quantile",0.025,30,"COVID-19"
"DE-HB","00+",2022-03-23,2022-02-27,"-24 day ahead inc hosp","quantile",0.1,30,"COVID-19"
"DE-HB","00+",2022-03-23,2022-02-27,"-24 day ahead inc hosp","quantile",0.25,30,"COVID-19"
"DE-HB","00+",2022-03-23,2022-02-27,"-24 day ahead inc hosp","quantile",0.5,30,"COVID-19"
"DE-HB","00+",2022-03-23,2022-02-27,"-24 day ahead inc hosp","quantile",0.75,30,"COVID-19"
"DE-HB","00+",2022-03-23,2022-02-27,"-24 day ahead inc hosp","quantile",0.9,31,"COVID-19"
"DE-HB","00+",2022-03-23,2022-02-27,"-24 day ahead inc hosp","quantile",0.975,31,"COVID-19"
"DE-HB","00+",2022-03-23,2022-02-26,"-25 day ahead inc hosp","mean",NA,31,"COVID-19"
"DE-HB","00+",2022-03-23,2022-02-26,"-25 day ahead inc hosp","quantile",0.025,31,"COVID-19"
"DE-HB","00+",2022-03-23,2022-02-26,"-25 day ahead inc hosp","quantile",0.1,31,"COVID-19"
"DE-HB","00+",2022-03-23,2022-02-26,"-25 day ahead inc hosp","quantile",0.25,31,"COVID-19"
"DE-HB","00+",2022-03-23,2022-02-26,"-25 day ahead inc hosp","quantile",0.5,31,"COVID-19"
"DE-HB","00+",2022-03-23,2022-02-26,"-25 day ahead inc hosp","quantile",0.75,31,"COVID-19"
"DE-HB","00+",2022-03-23,2022-02-26,"-25 day ahead inc hosp","quantile",0.9,31,"COVID-19"
"DE-HB","00+",2022-03-23,2022-02-26,"-25 day ahead inc hosp","quantile",0.975,32,"COVID-19"
"DE-HB","00+",2022-03-23,2022-02-25,"-26 day ahead inc hosp","mean",NA,26,"COVID-19"
"DE-HB","00+",2022-03-23,2022-02-25,"-26 day ahead inc hosp","quantile",0.025,26,"COVID-19"
"DE-HB","00+",2022-03-23,2022-02-25,"-26 day ahead inc hosp","quantile",0.1,26,"COVID-19"
"DE-HB","00+",2022-03-23,2022-02-25,"-26 day ahead inc hosp","quantile",0.25,26,"COVID-19"
"DE-HB","00+",2022-03-23,2022-02-25,"-26 day ahead inc hosp","quantile",0.5,26,"COVID-19"
"DE-HB","00+",2022-03-23,2022-02-25,"-26 day ahead inc hosp","quantile",0.75,26,"COVID-19"
"DE-HB","00+",2022-03-23,2022-02-25,"-26 day ahead inc hosp","quantile",0.9,26,"COVID-19"
"DE-HB","00+",2022-03-23,2022-02-25,"-26 day ahead inc hosp","quantile",0.975,27,"COVID-19"
"DE-HB","00+",2022-03-23,2022-02-24,"-27 day ahead inc hosp","mean",NA,25,"COVID-19"
"DE-HB","00+",2022-03-23,2022-02-24,"-27 day ahead inc hosp","quantile",0.025,25,"COVID-19"
"DE-HB","00+",2022-03-23,2022-02-24,"-27 day ahead inc hosp","quantile",0.1,25,"COVID-19"
"DE-HB","00+",2022-03-23,2022-02-24,"-27 day ahead inc hosp","quantile",0.25,25,"COVID-19"
"DE-HB","00+",2022-03-23,2022-02-24,"-27 day ahead inc hosp","quantile",0.5,25,"COVID-19"
"DE-HB","00+",2022-03-23,2022-02-24,"-27 day ahead inc hosp","quantile",0.75,25,"COVID-19"
"DE-HB","00+",2022-03-23,2022-02-24,"-27 day ahead inc hosp","quantile",0.9,25,"COVID-19"
"DE-HB","00+",2022-03-23,2022-02-24,"-27 day ahead inc hosp","quantile",0.975,26,"COVID-19"
"DE-HB","00+",2022-03-23,2022-02-23,"-28 day ahead inc hosp","mean",NA,21,"COVID-19"
"DE-HB","00+",2022-03-23,2022-02-23,"-28 day ahead inc hosp","quantile",0.025,21,"COVID-19"
"DE-HB","00+",2022-03-23,2022-02-23,"-28 day ahead inc hosp","quantile",0.1,21,"COVID-19"
"DE-HB","00+",2022-03-23,2022-02-23,"-28 day ahead inc hosp","quantile",0.25,21,"COVID-19"
"DE-HB","00+",2022-03-23,2022-02-23,"-28 day ahead inc hosp","quantile",0.5,21,"COVID-19"
"DE-HB","00+",2022-03-23,2022-02-23,"-28 day ahead inc hosp","quantile",0.75,21,"COVID-19"
"DE-HB","00+",2022-03-23,2022-02-23,"-28 day ahead inc hosp","quantile",0.9,21,"COVID-19"
"DE-HB","00+",2022-03-23,2022-02-23,"-28 day ahead inc hosp","quantile",0.975,21,"COVID-19"
"DE-HE","00+",2022-03-23,2022-03-23,"0 day ahead inc hosp","mean",NA,833,"COVID-19"
"DE-HE","00+",2022-03-23,2022-03-23,"0 day ahead inc hosp","quantile",0.025,567,"COVID-19"
"DE-HE","00+",2022-03-23,2022-03-23,"0 day ahead inc hosp","quantile",0.1,634,"COVID-19"
"DE-HE","00+",2022-03-23,2022-03-23,"0 day ahead inc hosp","quantile",0.25,709,"COVID-19"
"DE-HE","00+",2022-03-23,2022-03-23,"0 day ahead inc hosp","quantile",0.5,810,"COVID-19"
"DE-HE","00+",2022-03-23,2022-03-23,"0 day ahead inc hosp","quantile",0.75,933,"COVID-19"
"DE-HE","00+",2022-03-23,2022-03-23,"0 day ahead inc hosp","quantile",0.9,1062,"COVID-19"
"DE-HE","00+",2022-03-23,2022-03-23,"0 day ahead inc hosp","quantile",0.975,1229,"COVID-19"
"DE-HE","00+",2022-03-23,2022-03-22,"-1 day ahead inc hosp","mean",NA,795,"COVID-19"
"DE-HE","00+",2022-03-23,2022-03-22,"-1 day ahead inc hosp","quantile",0.025,581,"COVID-19"
"DE-HE","00+",2022-03-23,2022-03-22,"-1 day ahead inc hosp","quantile",0.1,634,"COVID-19"
"DE-HE","00+",2022-03-23,2022-03-22,"-1 day ahead inc hosp","quantile",0.25,694,"COVID-19"
"DE-HE","00+",2022-03-23,2022-03-22,"-1 day ahead inc hosp","quantile",0.5,776,"COVID-19"
"DE-HE","00+",2022-03-23,2022-03-22,"-1 day ahead inc hosp","quantile",0.75,876,"COVID-19"
"DE-HE","00+",2022-03-23,2022-03-22,"-1 day ahead inc hosp","quantile",0.9,983,"COVID-19"
"DE-HE","00+",2022-03-23,2022-03-22,"-1 day ahead inc hosp","quantile",0.975,1121,"COVID-19"
"DE-HE","00+",2022-03-23,2022-03-21,"-2 day ahead inc hosp","mean",NA,739,"COVID-19"
"DE-HE","00+",2022-03-23,2022-03-21,"-2 day ahead inc hosp","quantile",0.025,577,"COVID-19"
"DE-HE","00+",2022-03-23,2022-03-21,"-2 day ahead inc hosp","quantile",0.1,616,"COVID-19"
"DE-HE","00+",2022-03-23,2022-03-21,"-2 day ahead inc hosp","quantile",0.25,661,"COVID-19"
"DE-HE","00+",2022-03-23,2022-03-21,"-2 day ahead inc hosp","quantile",0.5,723,"COVID-19"
"DE-HE","00+",2022-03-23,2022-03-21,"-2 day ahead inc hosp","quantile",0.75,800,"COVID-19"
"DE-HE","00+",2022-03-23,2022-03-21,"-2 day ahead inc hosp","quantile",0.9,883,"COVID-19"
"DE-HE","00+",2022-03-23,2022-03-21,"-2 day ahead inc hosp","quantile",0.975,991,"COVID-19"
"DE-HE","00+",2022-03-23,2022-03-20,"-3 day ahead inc hosp","mean",NA,729,"COVID-19"
"DE-HE","00+",2022-03-23,2022-03-20,"-3 day ahead inc hosp","quantile",0.025,575,"COVID-19"
"DE-HE","00+",2022-03-23,2022-03-20,"-3 day ahead inc hosp","quantile",0.1,611,"COVID-19"
"DE-HE","00+",2022-03-23,2022-03-20,"-3 day ahead inc hosp","quantile",0.25,653,"COVID-19"
"DE-HE","00+",2022-03-23,2022-03-20,"-3 day ahead inc hosp","quantile",0.5,713,"COVID-19"
"DE-HE","00+",2022-03-23,2022-03-20,"-3 day ahead inc hosp","quantile",0.75,787,"COVID-19"
"DE-HE","00+",2022-03-23,2022-03-20,"-3 day ahead inc hosp","quantile",0.9,868,"COVID-19"
"DE-HE","00+",2022-03-23,2022-03-20,"-3 day ahead inc hosp","quantile",0.975,973,"COVID-19"
"DE-HE","00+",2022-03-23,2022-03-19,"-4 day ahead inc hosp","mean",NA,755,"COVID-19"
"DE-HE","00+",2022-03-23,2022-03-19,"-4 day ahead inc hosp","quantile",0.025,598,"COVID-19"
"DE-HE","00+",2022-03-23,2022-03-19,"-4 day ahead inc hosp","quantile",0.1,634,"COVID-19"
"DE-HE","00+",2022-03-23,2022-03-19,"-4 day ahead inc hosp","quantile",0.25,677,"COVID-19"
"DE-HE","00+",2022-03-23,2022-03-19,"-4 day ahead inc hosp","quantile",0.5,738,"COVID-19"
"DE-HE","00+",2022-03-23,2022-03-19,"-4 day ahead inc hosp","quantile",0.75,815,"COVID-19"
"DE-HE","00+",2022-03-23,2022-03-19,"-4 day ahead inc hosp","quantile",0.9,899,"COVID-19"
"DE-HE","00+",2022-03-23,2022-03-19,"-4 day ahead inc hosp","quantile",0.975,1011,"COVID-19"
"DE-HE","00+",2022-03-23,2022-03-18,"-5 day ahead inc hosp","mean",NA,782,"COVID-19"
"DE-HE","00+",2022-03-23,2022-03-18,"-5 day ahead inc hosp","quantile",0.025,633,"COVID-19"
"DE-HE","00+",2022-03-23,2022-03-18,"-5 day ahead inc hosp","quantile",0.1,666,"COVID-19"
"DE-HE","00+",2022-03-23,2022-03-18,"-5 day ahead inc hosp","quantile",0.25,706,"COVID-19"
"DE-HE","00+",2022-03-23,2022-03-18,"-5 day ahead inc hosp","quantile",0.5,765,"COVID-19"
"DE-HE","00+",2022-03-23,2022-03-18,"-5 day ahead inc hosp","quantile",0.75,839,"COVID-19"
"DE-HE","00+",2022-03-23,2022-03-18,"-5 day ahead inc hosp","quantile",0.9,921,"COVID-19"
"DE-HE","00+",2022-03-23,2022-03-18,"-5 day ahead inc hosp","quantile",0.975,1031,"COVID-19"
"DE-HE","00+",2022-03-23,2022-03-17,"-6 day ahead inc hosp","mean",NA,774,"COVID-19"
"DE-HE","00+",2022-03-23,2022-03-17,"-6 day ahead inc hosp","quantile",0.025,639,"COVID-19"
"DE-HE","00+",2022-03-23,2022-03-17,"-6 day ahead inc hosp","quantile",0.1,668,"COVID-19"
"DE-HE","00+",2022-03-23,2022-03-17,"-6 day ahead inc hosp","quantile",0.25,704,"COVID-19"
"DE-HE","00+",2022-03-23,2022-03-17,"-6 day ahead inc hosp","quantile",0.5,757,"COVID-19"
"DE-HE","00+",2022-03-23,2022-03-17,"-6 day ahead inc hosp","quantile",0.75,826,"COVID-19"
"DE-HE","00+",2022-03-23,2022-03-17,"-6 day ahead inc hosp","quantile",0.9,903,"COVID-19"
"DE-HE","00+",2022-03-23,2022-03-17,"-6 day ahead inc hosp","quantile",0.975,1006,"COVID-19"
"DE-HE","00+",2022-03-23,2022-03-16,"-7 day ahead inc hosp","mean",NA,733,"COVID-19"
"DE-HE","00+",2022-03-23,2022-03-16,"-7 day ahead inc hosp","quantile",0.025,616,"COVID-19"
"DE-HE","00+",2022-03-23,2022-03-16,"-7 day ahead inc hosp","quantile",0.1,641,"COVID-19"
"DE-HE","00+",2022-03-23,2022-03-16,"-7 day ahead inc hosp","quantile",0.25,671,"COVID-19"
"DE-HE","00+",2022-03-23,2022-03-16,"-7 day ahead inc hosp","quantile",0.5,718,"COVID-19"
"DE-HE","00+",2022-03-23,2022-03-16,"-7 day ahead inc hosp","quantile",0.75,778,"COVID-19"
"DE-HE","00+",2022-03-23,2022-03-16,"-7 day ahead inc hosp","quantile",0.9,846,"COVID-19"
"DE-HE","00+",2022-03-23,2022-03-16,"-7 day ahead inc hosp","quantile",0.975,938,"COVID-19"
"DE-HE","00+",2022-03-23,2022-03-15,"-8 day ahead inc hosp","mean",NA,707,"COVID-19"
"DE-HE","00+",2022-03-23,2022-03-15,"-8 day ahead inc hosp","quantile",0.025,605,"COVID-19"
"DE-HE","00+",2022-03-23,2022-03-15,"-8 day ahead inc hosp","quantile",0.1,625,"COVID-19"
"DE-HE","00+",2022-03-23,2022-03-15,"-8 day ahead inc hosp","quantile",0.25,652,"COVID-19"
"DE-HE","00+",2022-03-23,2022-03-15,"-8 day ahead inc hosp","quantile",0.5,692,"COVID-19"
"DE-HE","00+",2022-03-23,2022-03-15,"-8 day ahead inc hosp","quantile",0.75,746,"COVID-19"
"DE-HE","00+",2022-03-23,2022-03-15,"-8 day ahead inc hosp","quantile",0.9,807,"COVID-19"
"DE-HE","00+",2022-03-23,2022-03-15,"-8 day ahead inc hosp","quantile",0.975,890,"COVID-19"
"DE-HE","00+",2022-03-23,2022-03-14,"-9 day ahead inc hosp","mean",NA,684,"COVID-19"
"DE-HE","00+",2022-03-23,2022-03-14,"-9 day ahead inc hosp","quantile",0.025,596,"COVID-19"
"DE-HE","00+",2022-03-23,2022-03-14,"-9 day ahead inc hosp","quantile",0.1,613,"COVID-19"
"DE-HE","00+",2022-03-23,2022-03-14,"-9 day ahead inc hosp","quantile",0.25,636,"COVID-19"
"DE-HE","00+",2022-03-23,2022-03-14,"-9 day ahead inc hosp","quantile",0.5,671,"COVID-19"
"DE-HE","00+",2022-03-23,2022-03-14,"-9 day ahead inc hosp","quantile",0.75,718,"COVID-19"
"DE-HE","00+",2022-03-23,2022-03-14,"-9 day ahead inc hosp","quantile",0.9,771,"COVID-19"
"DE-HE","00+",2022-03-23,2022-03-14,"-9 day ahead inc hosp","quantile",0.975,845,"COVID-19"
"DE-HE","00+",2022-03-23,2022-03-13,"-10 day ahead inc hosp","mean",NA,683,"COVID-19"
"DE-HE","00+",2022-03-23,2022-03-13,"-10 day ahead inc hosp","quantile",0.025,598,"COVID-19"
"DE-HE","00+",2022-03-23,2022-03-13,"-10 day ahead inc hosp","quantile",0.1,613,"COVID-19"
"DE-HE","00+",2022-03-23,2022-03-13,"-10 day ahead inc hosp","quantile",0.25,635,"COVID-19"
"DE-HE","00+",2022-03-23,2022-03-13,"-10 day ahead inc hosp","quantile",0.5,669,"COVID-19"
"DE-HE","00+",2022-03-23,2022-03-13,"-10 day ahead inc hosp","quantile",0.75,716,"COVID-19"
"DE-HE","00+",2022-03-23,2022-03-13,"-10 day ahead inc hosp","quantile",0.9,771,"COVID-19"
"DE-HE","00+",2022-03-23,2022-03-13,"-10 day ahead inc hosp","quantile",0.975,846,"COVID-19"
"DE-HE","00+",2022-03-23,2022-03-12,"-11 day ahead inc hosp","mean",NA,682,"COVID-19"
"DE-HE","00+",2022-03-23,2022-03-12,"-11 day ahead inc hosp","quantile",0.025,600,"COVID-19"
"DE-HE","00+",2022-03-23,2022-03-12,"-11 day ahead inc hosp","quantile",0.1,614,"COVID-19"
"DE-HE","00+",2022-03-23,2022-03-12,"-11 day ahead inc hosp","quantile",0.25,634,"COVID-19"
"DE-HE","00+",2022-03-23,2022-03-12,"-11 day ahead inc hosp","quantile",0.5,668,"COVID-19"
"DE-HE","00+",2022-03-23,2022-03-12,"-11 day ahead inc hosp","quantile",0.75,714,"COVID-19"
"DE-HE","00+",2022-03-23,2022-03-12,"-11 day ahead inc hosp","quantile",0.9,768,"COVID-19"
"DE-HE","00+",2022-03-23,2022-03-12,"-11 day ahead inc hosp","quantile",0.975,844,"COVID-19"
"DE-HE","00+",2022-03-23,2022-03-11,"-12 day ahead inc hosp","mean",NA,668,"COVID-19"
"DE-HE","00+",2022-03-23,2022-03-11,"-12 day ahead inc hosp","quantile",0.025,595,"COVID-19"
"DE-HE","00+",2022-03-23,2022-03-11,"-12 day ahead inc hosp","quantile",0.1,607,"COVID-19"
"DE-HE","00+",2022-03-23,2022-03-11,"-12 day ahead inc hosp","quantile",0.25,625,"COVID-19"
"DE-HE","00+",2022-03-23,2022-03-11,"-12 day ahead inc hosp","quantile",0.5,654,"COVID-19"
"DE-HE","00+",2022-03-23,2022-03-11,"-12 day ahead inc hosp","quantile",0.75,696,"COVID-19"
"DE-HE","00+",2022-03-23,2022-03-11,"-12 day ahead inc hosp","quantile",0.9,746,"COVID-19"
"DE-HE","00+",2022-03-23,2022-03-11,"-12 day ahead inc hosp","quantile",0.975,816,"COVID-19"
"DE-HE","00+",2022-03-23,2022-03-10,"-13 day ahead inc hosp","mean",NA,651,"COVID-19"
"DE-HE","00+",2022-03-23,2022-03-10,"-13 day ahead inc hosp","quantile",0.025,587,"COVID-19"
"DE-HE","00+",2022-03-23,2022-03-10,"-13 day ahead inc hosp","quantile",0.1,596,"COVID-19"
"DE-HE","00+",2022-03-23,2022-03-10,"-13 day ahead inc hosp","quantile",0.25,611,"COVID-19"
"DE-HE","00+",2022-03-23,2022-03-10,"-13 day ahead inc hosp","quantile",0.5,638,"COVID-19"
"DE-HE","00+",2022-03-23,2022-03-10,"-13 day ahead inc hosp","quantile",0.75,677,"COVID-19"
"DE-HE","00+",2022-03-23,2022-03-10,"-13 day ahead inc hosp","quantile",0.9,724,"COVID-19"
"DE-HE","00+",2022-03-23,2022-03-10,"-13 day ahead inc hosp","quantile",0.975,790,"COVID-19"
"DE-HE","00+",2022-03-23,2022-03-09,"-14 day ahead inc hosp","mean",NA,648,"COVID-19"
"DE-HE","00+",2022-03-23,2022-03-09,"-14 day ahead inc hosp","quantile",0.025,589,"COVID-19"
"DE-HE","00+",2022-03-23,2022-03-09,"-14 day ahead inc hosp","quantile",0.1,597,"COVID-19"
"DE-HE","00+",2022-03-23,2022-03-09,"-14 day ahead inc hosp","quantile",0.25,611,"COVID-19"
"DE-HE","00+",2022-03-23,2022-03-09,"-14 day ahead inc hosp","quantile",0.5,635,"COVID-19"
"DE-HE","00+",2022-03-23,2022-03-09,"-14 day ahead inc hosp","quantile",0.75,671,"COVID-19"
"DE-HE","00+",2022-03-23,2022-03-09,"-14 day ahead inc hosp","quantile",0.9,716,"COVID-19"
"DE-HE","00+",2022-03-23,2022-03-09,"-14 day ahead inc hosp","quantile",0.975,779,"COVID-19"
"DE-HE","00+",2022-03-23,2022-03-08,"-15 day ahead inc hosp","mean",NA,654,"COVID-19"
"DE-HE","00+",2022-03-23,2022-03-08,"-15 day ahead inc hosp","quantile",0.025,600,"COVID-19"
"DE-HE","00+",2022-03-23,2022-03-08,"-15 day ahead inc hosp","quantile",0.1,607,"COVID-19"
"DE-HE","00+",2022-03-23,2022-03-08,"-15 day ahead inc hosp","quantile",0.25,619,"COVID-19"
"DE-HE","00+",2022-03-23,2022-03-08,"-15 day ahead inc hosp","quantile",0.5,642,"COVID-19"
"DE-HE","00+",2022-03-23,2022-03-08,"-15 day ahead inc hosp","quantile",0.75,675,"COVID-19"
"DE-HE","00+",2022-03-23,2022-03-08,"-15 day ahead inc hosp","quantile",0.9,717,"COVID-19"
"DE-HE","00+",2022-03-23,2022-03-08,"-15 day ahead inc hosp","quantile",0.975,776,"COVID-19"
"DE-HE","00+",2022-03-23,2022-03-07,"-16 day ahead inc hosp","mean",NA,634,"COVID-19"
"DE-HE","00+",2022-03-23,2022-03-07,"-16 day ahead inc hosp","quantile",0.025,588,"COVID-19"
"DE-HE","00+",2022-03-23,2022-03-07,"-16 day ahead inc hosp","quantile",0.1,594,"COVID-19"
"DE-HE","00+",2022-03-23,2022-03-07,"-16 day ahead inc hosp","quantile",0.25,604,"COVID-19"
"DE-HE","00+",2022-03-23,2022-03-07,"-16 day ahead inc hosp","quantile",0.5,623,"COVID-19"
"DE-HE","00+",2022-03-23,2022-03-07,"-16 day ahead inc hosp","quantile",0.75,652,"COVID-19"
"DE-HE","00+",2022-03-23,2022-03-07,"-16 day ahead inc hosp","quantile",0.9,688,"COVID-19"
"DE-HE","00+",2022-03-23,2022-03-07,"-16 day ahead inc hosp","quantile",0.975,741,"COVID-19"
"DE-HE","00+",2022-03-23,2022-03-06,"-17 day ahead inc hosp","mean",NA,632,"COVID-19"
"DE-HE","00+",2022-03-23,2022-03-06,"-17 day ahead inc hosp","quantile",0.025,587,"COVID-19"
"DE-HE","00+",2022-03-23,2022-03-06,"-17 day ahead inc hosp","quantile",0.1,593,"COVID-19"
"DE-HE","00+",2022-03-23,2022-03-06,"-17 day ahead inc hosp","quantile",0.25,603,"COVID-19"
"DE-HE","00+",2022-03-23,2022-03-06,"-17 day ahead inc hosp","quantile",0.5,621,"COVID-19"
"DE-HE","00+",2022-03-23,2022-03-06,"-17 day ahead inc hosp","quantile",0.75,649,"COVID-19"
"DE-HE","00+",2022-03-23,2022-03-06,"-17 day ahead inc hosp","quantile",0.9,684,"COVID-19"
"DE-HE","00+",2022-03-23,2022-03-06,"-17 day ahead inc hosp","quantile",0.975,735,"COVID-19"
"DE-HE","00+",2022-03-23,2022-03-05,"-18 day ahead inc hosp","mean",NA,654,"COVID-19"
"DE-HE","00+",2022-03-23,2022-03-05,"-18 day ahead inc hosp","quantile",0.025,611,"COVID-19"
"DE-HE","00+",2022-03-23,2022-03-05,"-18 day ahead inc hosp","quantile",0.1,616,"COVID-19"
"DE-HE","00+",2022-03-23,2022-03-05,"-18 day ahead inc hosp","quantile",0.25,626,"COVID-19"
"DE-HE","00+",2022-03-23,2022-03-05,"-18 day ahead inc hosp","quantile",0.5,644,"COVID-19"
"DE-HE","00+",2022-03-23,2022-03-05,"-18 day ahead inc hosp","quantile",0.75,672,"COVID-19"
"DE-HE","00+",2022-03-23,2022-03-05,"-18 day ahead inc hosp","quantile",0.9,706,"COVID-19"
"DE-HE","00+",2022-03-23,2022-03-05,"-18 day ahead inc hosp","quantile",0.975,757,"COVID-19"
"DE-HE","00+",2022-03-23,2022-03-04,"-19 day ahead inc hosp","mean",NA,635,"COVID-19"
"DE-HE","00+",2022-03-23,2022-03-04,"-19 day ahead inc hosp","quantile",0.025,597,"COVID-19"
"DE-HE","00+",2022-03-23,2022-03-04,"-19 day ahead inc hosp","quantile",0.1,601,"COVID-19"
"DE-HE","00+",2022-03-23,2022-03-04,"-19 day ahead inc hosp","quantile",0.25,609,"COVID-19"
"DE-HE","00+",2022-03-23,2022-03-04,"-19 day ahead inc hosp","quantile",0.5,625,"COVID-19"
"DE-HE","00+",2022-03-23,2022-03-04,"-19 day ahead inc hosp","quantile",0.75,650,"COVID-19"
"DE-HE","00+",2022-03-23,2022-03-04,"-19 day ahead inc hosp","quantile",0.9,681,"COVID-19"
"DE-HE","00+",2022-03-23,2022-03-04,"-19 day ahead inc hosp","quantile",0.975,727,"COVID-19"
"DE-HE","00+",2022-03-23,2022-03-03,"-20 day ahead inc hosp","mean",NA,666,"COVID-19"
"DE-HE","00+",2022-03-23,2022-03-03,"-20 day ahead inc hosp","quantile",0.025,629,"COVID-19"
"DE-HE","00+",2022-03-23,2022-03-03,"-20 day ahead inc hosp","quantile",0.1,633,"COVID-19"
"DE-HE","00+",2022-03-23,2022-03-03,"-20 day ahead inc hosp","quantile",0.25,641,"COVID-19"
"DE-HE","00+",2022-03-23,2022-03-03,"-20 day ahead inc hosp","quantile",0.5,657,"COVID-19"
"DE-HE","00+",2022-03-23,2022-03-03,"-20 day ahead inc hosp","quantile",0.75,681,"COVID-19"
"DE-HE","00+",2022-03-23,2022-03-03,"-20 day ahead inc hosp","quantile",0.9,711,"COVID-19"
"DE-HE","00+",2022-03-23,2022-03-03,"-20 day ahead inc hosp","quantile",0.975,756,"COVID-19"
"DE-HE","00+",2022-03-23,2022-03-02,"-21 day ahead inc hosp","mean",NA,704,"COVID-19"
"DE-HE","00+",2022-03-23,2022-03-02,"-21 day ahead inc hosp","quantile",0.025,668,"COVID-19"
"DE-HE","00+",2022-03-23,2022-03-02,"-21 day ahead inc hosp","quantile",0.1,672,"COVID-19"
"DE-HE","00+",2022-03-23,2022-03-02,"-21 day ahead inc hosp","quantile",0.25,680,"COVID-19"
"DE-HE","00+",2022-03-23,2022-03-02,"-21 day ahead inc hosp","quantile",0.5,695,"COVID-19"
"DE-HE","00+",2022-03-23,2022-03-02,"-21 day ahead inc hosp","quantile",0.75,718,"COVID-19"
"DE-HE","00+",2022-03-23,2022-03-02,"-21 day ahead inc hosp","quantile",0.9,748,"COVID-19"
"DE-HE","00+",2022-03-23,2022-03-02,"-21 day ahead inc hosp","quantile",0.975,793,"COVID-19"
"DE-HE","00+",2022-03-23,2022-03-01,"-22 day ahead inc hosp","mean",NA,711,"COVID-19"
"DE-HE","00+",2022-03-23,2022-03-01,"-22 day ahead inc hosp","quantile",0.025,678,"COVID-19"
"DE-HE","00+",2022-03-23,2022-03-01,"-22 day ahead inc hosp","quantile",0.1,682,"COVID-19"
"DE-HE","00+",2022-03-23,2022-03-01,"-22 day ahead inc hosp","quantile",0.25,689,"COVID-19"
"DE-HE","00+",2022-03-23,2022-03-01,"-22 day ahead inc hosp","quantile",0.5,703,"COVID-19"
"DE-HE","00+",2022-03-23,2022-03-01,"-22 day ahead inc hosp","quantile",0.75,725,"COVID-19"
"DE-HE","00+",2022-03-23,2022-03-01,"-22 day ahead inc hosp","quantile",0.9,753,"COVID-19"
"DE-HE","00+",2022-03-23,2022-03-01,"-22 day ahead inc hosp","quantile",0.975,794,"COVID-19"
"DE-HE","00+",2022-03-23,2022-02-28,"-23 day ahead inc hosp","mean",NA,738,"COVID-19"
"DE-HE","00+",2022-03-23,2022-02-28,"-23 day ahead inc hosp","quantile",0.025,706,"COVID-19"
"DE-HE","00+",2022-03-23,2022-02-28,"-23 day ahead inc hosp","quantile",0.1,710,"COVID-19"
"DE-HE","00+",2022-03-23,2022-02-28,"-23 day ahead inc hosp","quantile",0.25,716,"COVID-19"
"DE-HE","00+",2022-03-23,2022-02-28,"-23 day ahead inc hosp","quantile",0.5,730,"COVID-19"
"DE-HE","00+",2022-03-23,2022-02-28,"-23 day ahead inc hosp","quantile",0.75,751,"COVID-19"
"DE-HE","00+",2022-03-23,2022-02-28,"-23 day ahead inc hosp","quantile",0.9,777,"COVID-19"
"DE-HE","00+",2022-03-23,2022-02-28,"-23 day ahead inc hosp","quantile",0.975,816,"COVID-19"
"DE-HE","00+",2022-03-23,2022-02-27,"-24 day ahead inc hosp","mean",NA,748,"COVID-19"
"DE-HE","00+",2022-03-23,2022-02-27,"-24 day ahead inc hosp","quantile",0.025,717,"COVID-19"
"DE-HE","00+",2022-03-23,2022-02-27,"-24 day ahead inc hosp","quantile",0.1,721,"COVID-19"
"DE-HE","00+",2022-03-23,2022-02-27,"-24 day ahead inc hosp","quantile",0.25,727,"COVID-19"
"DE-HE","00+",2022-03-23,2022-02-27,"-24 day ahead inc hosp","quantile",0.5,740,"COVID-19"
"DE-HE","00+",2022-03-23,2022-02-27,"-24 day ahead inc hosp","quantile",0.75,761,"COVID-19"
"DE-HE","00+",2022-03-23,2022-02-27,"-24 day ahead inc hosp","quantile",0.9,787,"COVID-19"
"DE-HE","00+",2022-03-23,2022-02-27,"-24 day ahead inc hosp","quantile",0.975,825,"COVID-19"
"DE-HE","00+",2022-03-23,2022-02-26,"-25 day ahead inc hosp","mean",NA,726,"COVID-19"
"DE-HE","00+",2022-03-23,2022-02-26,"-25 day ahead inc hosp","quantile",0.025,697,"COVID-19"
"DE-HE","00+",2022-03-23,2022-02-26,"-25 day ahead inc hosp","quantile",0.1,700,"COVID-19"
"DE-HE","00+",2022-03-23,2022-02-26,"-25 day ahead inc hosp","quantile",0.25,707,"COVID-19"
"DE-HE","00+",2022-03-23,2022-02-26,"-25 day ahead inc hosp","quantile",0.5,719,"COVID-19"
"DE-HE","00+",2022-03-23,2022-02-26,"-25 day ahead inc hosp","quantile",0.75,738,"COVID-19"
"DE-HE","00+",2022-03-23,2022-02-26,"-25 day ahead inc hosp","quantile",0.9,762,"COVID-19"
"DE-HE","00+",2022-03-23,2022-02-26,"-25 day ahead inc hosp","quantile",0.975,796,"COVID-19"
"DE-HE","00+",2022-03-23,2022-02-25,"-26 day ahead inc hosp","mean",NA,724,"COVID-19"
"DE-HE","00+",2022-03-23,2022-02-25,"-26 day ahead inc hosp","quantile",0.025,697,"COVID-19"
"DE-HE","00+",2022-03-23,2022-02-25,"-26 day ahead inc hosp","quantile",0.1,700,"COVID-19"
"DE-HE","00+",2022-03-23,2022-02-25,"-26 day ahead inc hosp","quantile",0.25,706,"COVID-19"
"DE-HE","00+",2022-03-23,2022-02-25,"-26 day ahead inc hosp","quantile",0.5,717,"COVID-19"
"DE-HE","00+",2022-03-23,2022-02-25,"-26 day ahead inc hosp","quantile",0.75,735,"COVID-19"
"DE-HE","00+",2022-03-23,2022-02-25,"-26 day ahead inc hosp","quantile",0.9,757,"COVID-19"
"DE-HE","00+",2022-03-23,2022-02-25,"-26 day ahead inc hosp","quantile",0.975,790,"COVID-19"
"DE-HE","00+",2022-03-23,2022-02-24,"-27 day ahead inc hosp","mean",NA,732,"COVID-19"
"DE-HE","00+",2022-03-23,2022-02-24,"-27 day ahead inc hosp","quantile",0.025,707,"COVID-19"
"DE-HE","00+",2022-03-23,2022-02-24,"-27 day ahead inc hosp","quantile",0.1,710,"COVID-19"
"DE-HE","00+",2022-03-23,2022-02-24,"-27 day ahead inc hosp","quantile",0.25,715,"COVID-19"
"DE-HE","00+",2022-03-23,2022-02-24,"-27 day ahead inc hosp","quantile",0.5,726,"COVID-19"
"DE-HE","00+",2022-03-23,2022-02-24,"-27 day ahead inc hosp","quantile",0.75,743,"COVID-19"
"DE-HE","00+",2022-03-23,2022-02-24,"-27 day ahead inc hosp","quantile",0.9,764,"COVID-19"
"DE-HE","00+",2022-03-23,2022-02-24,"-27 day ahead inc hosp","quantile",0.975,794,"COVID-19"
"DE-HE","00+",2022-03-23,2022-02-23,"-28 day ahead inc hosp","mean",NA,707,"COVID-19"
"DE-HE","00+",2022-03-23,2022-02-23,"-28 day ahead inc hosp","quantile",0.025,684,"COVID-19"
"DE-HE","00+",2022-03-23,2022-02-23,"-28 day ahead inc hosp","quantile",0.1,686,"COVID-19"
"DE-HE","00+",2022-03-23,2022-02-23,"-28 day ahead inc hosp","quantile",0.25,691,"COVID-19"
"DE-HE","00+",2022-03-23,2022-02-23,"-28 day ahead inc hosp","quantile",0.5,701,"COVID-19"
"DE-HE","00+",2022-03-23,2022-02-23,"-28 day ahead inc hosp","quantile",0.75,716,"COVID-19"
"DE-HE","00+",2022-03-23,2022-02-23,"-28 day ahead inc hosp","quantile",0.9,735,"COVID-19"
"DE-HE","00+",2022-03-23,2022-02-23,"-28 day ahead inc hosp","quantile",0.975,763,"COVID-19"
"DE-HH","00+",2022-03-23,2022-03-23,"0 day ahead inc hosp","mean",NA,130,"COVID-19"
"DE-HH","00+",2022-03-23,2022-03-23,"0 day ahead inc hosp","quantile",0.025,70,"COVID-19"
"DE-HH","00+",2022-03-23,2022-03-23,"0 day ahead inc hosp","quantile",0.1,82,"COVID-19"
"DE-HH","00+",2022-03-23,2022-03-23,"0 day ahead inc hosp","quantile",0.25,98,"COVID-19"
"DE-HH","00+",2022-03-23,2022-03-23,"0 day ahead inc hosp","quantile",0.5,121,"COVID-19"
"DE-HH","00+",2022-03-23,2022-03-23,"0 day ahead inc hosp","quantile",0.75,153,"COVID-19"
"DE-HH","00+",2022-03-23,2022-03-23,"0 day ahead inc hosp","quantile",0.9,188,"COVID-19"
"DE-HH","00+",2022-03-23,2022-03-23,"0 day ahead inc hosp","quantile",0.975,236,"COVID-19"
"DE-HH","00+",2022-03-23,2022-03-22,"-1 day ahead inc hosp","mean",NA,168,"COVID-19"
"DE-HH","00+",2022-03-23,2022-03-22,"-1 day ahead inc hosp","quantile",0.025,106,"COVID-19"
"DE-HH","00+",2022-03-23,2022-03-22,"-1 day ahead inc hosp","quantile",0.1,120,"COVID-19"
"DE-HH","00+",2022-03-23,2022-03-22,"-1 day ahead inc hosp","quantile",0.25,137,"COVID-19"
"DE-HH","00+",2022-03-23,2022-03-22,"-1 day ahead inc hosp","quantile",0.5,161,"COVID-19"
"DE-HH","00+",2022-03-23,2022-03-22,"-1 day ahead inc hosp","quantile",0.75,191,"COVID-19"
"DE-HH","00+",2022-03-23,2022-03-22,"-1 day ahead inc hosp","quantile",0.9,224,"COVID-19"
"DE-HH","00+",2022-03-23,2022-03-22,"-1 day ahead inc hosp","quantile",0.975,268,"COVID-19"
"DE-HH","00+",2022-03-23,2022-03-21,"-2 day ahead inc hosp","mean",NA,135,"COVID-19"
"DE-HH","00+",2022-03-23,2022-03-21,"-2 day ahead inc hosp","quantile",0.025,96,"COVID-19"
"DE-HH","00+",2022-03-23,2022-03-21,"-2 day ahead inc hosp","quantile",0.1,105,"COVID-19"
"DE-HH","00+",2022-03-23,2022-03-21,"-2 day ahead inc hosp","quantile",0.25,115,"COVID-19"
"DE-HH","00+",2022-03-23,2022-03-21,"-2 day ahead inc hosp","quantile",0.5,131,"COVID-19"
"DE-HH","00+",2022-03-23,2022-03-21,"-2 day ahead inc hosp","quantile",0.75,151,"COVID-19"
"DE-HH","00+",2022-03-23,2022-03-21,"-2 day ahead inc hosp","quantile",0.9,173,"COVID-19"
"DE-HH","00+",2022-03-23,2022-03-21,"-2 day ahead inc hosp","quantile",0.975,202,"COVID-19"
"DE-HH","00+",2022-03-23,2022-03-20,"-3 day ahead inc hosp","mean",NA,145,"COVID-19"
"DE-HH","00+",2022-03-23,2022-03-20,"-3 day ahead inc hosp","quantile",0.025,102,"COVID-19"
"DE-HH","00+",2022-03-23,2022-03-20,"-3 day ahead inc hosp","quantile",0.1,111,"COVID-19"
"DE-HH","00+",2022-03-23,2022-03-20,"-3 day ahead inc hosp","quantile",0.25,122,"COVID-19"
"DE-HH","00+",2022-03-23,2022-03-20,"-3 day ahead inc hosp","quantile",0.5,139,"COVID-19"
"DE-HH","00+",2022-03-23,2022-03-20,"-3 day ahead inc hosp","quantile",0.75,162,"COVID-19"
"DE-HH","00+",2022-03-23,2022-03-20,"-3 day ahead inc hosp","quantile",0.9,187,"COVID-19"
"DE-HH","00+",2022-03-23,2022-03-20,"-3 day ahead inc hosp","quantile",0.975,221,"COVID-19"
"DE-HH","00+",2022-03-23,2022-03-19,"-4 day ahead inc hosp","mean",NA,138,"COVID-19"
"DE-HH","00+",2022-03-23,2022-03-19,"-4 day ahead inc hosp","quantile",0.025,99,"COVID-19"
"DE-HH","00+",2022-03-23,2022-03-19,"-4 day ahead inc hosp","quantile",0.1,107,"COVID-19"
"DE-HH","00+",2022-03-23,2022-03-19,"-4 day ahead inc hosp","quantile",0.25,117,"COVID-19"
"DE-HH","00+",2022-03-23,2022-03-19,"-4 day ahead inc hosp","quantile",0.5,133,"COVID-19"
"DE-HH","00+",2022-03-23,2022-03-19,"-4 day ahead inc hosp","quantile",0.75,153,"COVID-19"
"DE-HH","00+",2022-03-23,2022-03-19,"-4 day ahead inc hosp","quantile",0.9,176,"COVID-19"
"DE-HH","00+",2022-03-23,2022-03-19,"-4 day ahead inc hosp","quantile",0.975,207,"COVID-19"
"DE-HH","00+",2022-03-23,2022-03-18,"-5 day ahead inc hosp","mean",NA,137,"COVID-19"
"DE-HH","00+",2022-03-23,2022-03-18,"-5 day ahead inc hosp","quantile",0.025,101,"COVID-19"
"DE-HH","00+",2022-03-23,2022-03-18,"-5 day ahead inc hosp","quantile",0.1,108,"COVID-19"
"DE-HH","00+",2022-03-23,2022-03-18,"-5 day ahead inc hosp","quantile",0.25,118,"COVID-19"
"DE-HH","00+",2022-03-23,2022-03-18,"-5 day ahead inc hosp","quantile",0.5,132,"COVID-19"
"DE-HH","00+",2022-03-23,2022-03-18,"-5 day ahead inc hosp","quantile",0.75,151,"COVID-19"
"DE-HH","00+",2022-03-23,2022-03-18,"-5 day ahead inc hosp","quantile",0.9,173,"COVID-19"
"DE-HH","00+",2022-03-23,2022-03-18,"-5 day ahead inc hosp","quantile",0.975,202,"COVID-19"
"DE-HH","00+",2022-03-23,2022-03-17,"-6 day ahead inc hosp","mean",NA,142,"COVID-19"
"DE-HH","00+",2022-03-23,2022-03-17,"-6 day ahead inc hosp","quantile",0.025,108,"COVID-19"
"DE-HH","00+",2022-03-23,2022-03-17,"-6 day ahead inc hosp","quantile",0.1,115,"COVID-19"
"DE-HH","00+",2022-03-23,2022-03-17,"-6 day ahead inc hosp","quantile",0.25,124,"COVID-19"
"DE-HH","00+",2022-03-23,2022-03-17,"-6 day ahead inc hosp","quantile",0.5,137,"COVID-19"
"DE-HH","00+",2022-03-23,2022-03-17,"-6 day ahead inc hosp","quantile",0.75,155,"COVID-19"
"DE-HH","00+",2022-03-23,2022-03-17,"-6 day ahead inc hosp","quantile",0.9,176,"COVID-19"
"DE-HH","00+",2022-03-23,2022-03-17,"-6 day ahead inc hosp","quantile",0.975,204,"COVID-19"
"DE-HH","00+",2022-03-23,2022-03-16,"-7 day ahead inc hosp","mean",NA,148,"COVID-19"
"DE-HH","00+",2022-03-23,2022-03-16,"-7 day ahead inc hosp","quantile",0.025,115,"COVID-19"
"DE-HH","00+",2022-03-23,2022-03-16,"-7 day ahead inc hosp","quantile",0.1,122,"COVID-19"
"DE-HH","00+",2022-03-23,2022-03-16,"-7 day ahead inc hosp","quantile",0.25,130,"COVID-19"
"DE-HH","00+",2022-03-23,2022-03-16,"-7 day ahead inc hosp","quantile",0.5,143,"COVID-19"
"DE-HH","00+",2022-03-23,2022-03-16,"-7 day ahead inc hosp","quantile",0.75,161,"COVID-19"
"DE-HH","00+",2022-03-23,2022-03-16,"-7 day ahead inc hosp","quantile",0.9,181,"COVID-19"
"DE-HH","00+",2022-03-23,2022-03-16,"-7 day ahead inc hosp","quantile",0.975,208,"COVID-19"
"DE-HH","00+",2022-03-23,2022-03-15,"-8 day ahead inc hosp","mean",NA,142,"COVID-19"
"DE-HH","00+",2022-03-23,2022-03-15,"-8 day ahead inc hosp","quantile",0.025,114,"COVID-19"
"DE-HH","00+",2022-03-23,2022-03-15,"-8 day ahead inc hosp","quantile",0.1,119,"COVID-19"
"DE-HH","00+",2022-03-23,2022-03-15,"-8 day ahead inc hosp","quantile",0.25,126,"COVID-19"
"DE-HH","00+",2022-03-23,2022-03-15,"-8 day ahead inc hosp","quantile",0.5,138,"COVID-19"
"DE-HH","00+",2022-03-23,2022-03-15,"-8 day ahead inc hosp","quantile",0.75,153,"COVID-19"
"DE-HH","00+",2022-03-23,2022-03-15,"-8 day ahead inc hosp","quantile",0.9,171,"COVID-19"
"DE-HH","00+",2022-03-23,2022-03-15,"-8 day ahead inc hosp","quantile",0.975,195,"COVID-19"
"DE-HH","00+",2022-03-23,2022-03-14,"-9 day ahead inc hosp","mean",NA,144,"COVID-19"
"DE-HH","00+",2022-03-23,2022-03-14,"-9 day ahead inc hosp","quantile",0.025,117,"COVID-19"
"DE-HH","00+",2022-03-23,2022-03-14,"-9 day ahead inc hosp","quantile",0.1,122,"COVID-19"
"DE-HH","00+",2022-03-23,2022-03-14,"-9 day ahead inc hosp","quantile",0.25,129,"COVID-19"
"DE-HH","00+",2022-03-23,2022-03-14,"-9 day ahead inc hosp","quantile",0.5,140,"COVID-19"
"DE-HH","00+",2022-03-23,2022-03-14,"-9 day ahead inc hosp","quantile",0.75,155,"COVID-19"
"DE-HH","00+",2022-03-23,2022-03-14,"-9 day ahead inc hosp","quantile",0.9,171,"COVID-19"
"DE-HH","00+",2022-03-23,2022-03-14,"-9 day ahead inc hosp","quantile",0.975,194,"COVID-19"
"DE-HH","00+",2022-03-23,2022-03-13,"-10 day ahead inc hosp","mean",NA,140,"COVID-19"
"DE-HH","00+",2022-03-23,2022-03-13,"-10 day ahead inc hosp","quantile",0.025,115,"COVID-19"
"DE-HH","00+",2022-03-23,2022-03-13,"-10 day ahead inc hosp","quantile",0.1,120,"COVID-19"
"DE-HH","00+",2022-03-23,2022-03-13,"-10 day ahead inc hosp","quantile",0.25,126,"COVID-19"
"DE-HH","00+",2022-03-23,2022-03-13,"-10 day ahead inc hosp","quantile",0.5,136,"COVID-19"
"DE-HH","00+",2022-03-23,2022-03-13,"-10 day ahead inc hosp","quantile",0.75,150,"COVID-19"
"DE-HH","00+",2022-03-23,2022-03-13,"-10 day ahead inc hosp","quantile",0.9,165,"COVID-19"
"DE-HH","00+",2022-03-23,2022-03-13,"-10 day ahead inc hosp","quantile",0.975,186,"COVID-19"
"DE-HH","00+",2022-03-23,2022-03-12,"-11 day ahead inc hosp","mean",NA,143,"COVID-19"
"DE-HH","00+",2022-03-23,2022-03-12,"-11 day ahead inc hosp","quantile",0.025,118,"COVID-19"
"DE-HH","00+",2022-03-23,2022-03-12,"-11 day ahead inc hosp","quantile",0.1,123,"COVID-19"
"DE-HH","00+",2022-03-23,2022-03-12,"-11 day ahead inc hosp","quantile",0.25,129,"COVID-19"
"DE-HH","00+",2022-03-23,2022-03-12,"-11 day ahead inc hosp","quantile",0.5,139,"COVID-19"
"DE-HH","00+",2022-03-23,2022-03-12,"-11 day ahead inc hosp","quantile",0.75,153,"COVID-19"
"DE-HH","00+",2022-03-23,2022-03-12,"-11 day ahead inc hosp","quantile",0.9,168,"COVID-19"
"DE-HH","00+",2022-03-23,2022-03-12,"-11 day ahead inc hosp","quantile",0.975,189,"COVID-19"
"DE-HH","00+",2022-03-23,2022-03-11,"-12 day ahead inc hosp","mean",NA,147,"COVID-19"
"DE-HH","00+",2022-03-23,2022-03-11,"-12 day ahead inc hosp","quantile",0.025,122,"COVID-19"
"DE-HH","00+",2022-03-23,2022-03-11,"-12 day ahead inc hosp","quantile",0.1,126,"COVID-19"
"DE-HH","00+",2022-03-23,2022-03-11,"-12 day ahead inc hosp","quantile",0.25,133,"COVID-19"
"DE-HH","00+",2022-03-23,2022-03-11,"-12 day ahead inc hosp","quantile",0.5,143,"COVID-19"
"DE-HH","00+",2022-03-23,2022-03-11,"-12 day ahead inc hosp","quantile",0.75,156,"COVID-19"
"DE-HH","00+",2022-03-23,2022-03-11,"-12 day ahead inc hosp","quantile",0.9,172,"COVID-19"
"DE-HH","00+",2022-03-23,2022-03-11,"-12 day ahead inc hosp","quantile",0.975,193,"COVID-19"
"DE-HH","00+",2022-03-23,2022-03-10,"-13 day ahead inc hosp","mean",NA,130,"COVID-19"
"DE-HH","00+",2022-03-23,2022-03-10,"-13 day ahead inc hosp","quantile",0.025,109,"COVID-19"
"DE-HH","00+",2022-03-23,2022-03-10,"-13 day ahead inc hosp","quantile",0.1,113,"COVID-19"
"DE-HH","00+",2022-03-23,2022-03-10,"-13 day ahead inc hosp","quantile",0.25,118,"COVID-19"
"DE-HH","00+",2022-03-23,2022-03-10,"-13 day ahead inc hosp","quantile",0.5,126,"COVID-19"
"DE-HH","00+",2022-03-23,2022-03-10,"-13 day ahead inc hosp","quantile",0.75,138,"COVID-19"
"DE-HH","00+",2022-03-23,2022-03-10,"-13 day ahead inc hosp","quantile",0.9,151,"COVID-19"
"DE-HH","00+",2022-03-23,2022-03-10,"-13 day ahead inc hosp","quantile",0.975,169,"COVID-19"
"DE-HH","00+",2022-03-23,2022-03-09,"-14 day ahead inc hosp","mean",NA,116,"COVID-19"
"DE-HH","00+",2022-03-23,2022-03-09,"-14 day ahead inc hosp","quantile",0.025,98,"COVID-19"
"DE-HH","00+",2022-03-23,2022-03-09,"-14 day ahead inc hosp","quantile",0.1,101,"COVID-19"
"DE-HH","00+",2022-03-23,2022-03-09,"-14 day ahead inc hosp","quantile",0.25,106,"COVID-19"
"DE-HH","00+",2022-03-23,2022-03-09,"-14 day ahead inc hosp","quantile",0.5,113,"COVID-19"
"DE-HH","00+",2022-03-23,2022-03-09,"-14 day ahead inc hosp","quantile",0.75,122,"COVID-19"
"DE-HH","00+",2022-03-23,2022-03-09,"-14 day ahead inc hosp","quantile",0.9,133,"COVID-19"
"DE-HH","00+",2022-03-23,2022-03-09,"-14 day ahead inc hosp","quantile",0.975,148,"COVID-19"
"DE-HH","00+",2022-03-23,2022-03-08,"-15 day ahead inc hosp","mean",NA,112,"COVID-19"
"DE-HH","00+",2022-03-23,2022-03-08,"-15 day ahead inc hosp","quantile",0.025,97,"COVID-19"
"DE-HH","00+",2022-03-23,2022-03-08,"-15 day ahead inc hosp","quantile",0.1,99,"COVID-19"
"DE-HH","00+",2022-03-23,2022-03-08,"-15 day ahead inc hosp","quantile",0.25,103,"COVID-19"
"DE-HH","00+",2022-03-23,2022-03-08,"-15 day ahead inc hosp","quantile",0.5,109,"COVID-19"
"DE-HH","00+",2022-03-23,2022-03-08,"-15 day ahead inc hosp","quantile",0.75,118,"COVID-19"
"DE-HH","00+",2022-03-23,2022-03-08,"-15 day ahead inc hosp","quantile",0.9,128,"COVID-19"
"DE-HH","00+",2022-03-23,2022-03-08,"-15 day ahead inc hosp","quantile",0.975,142,"COVID-19"
"DE-HH","00+",2022-03-23,2022-03-07,"-16 day ahead inc hosp","mean",NA,114,"COVID-19"
"DE-HH","00+",2022-03-23,2022-03-07,"-16 day ahead inc hosp","quantile",0.025,99,"COVID-19"
"DE-HH","00+",2022-03-23,2022-03-07,"-16 day ahead inc hosp","quantile",0.1,102,"COVID-19"
"DE-HH","00+",2022-03-23,2022-03-07,"-16 day ahead inc hosp","quantile",0.25,105,"COVID-19"
"DE-HH","00+",2022-03-23,2022-03-07,"-16 day ahead inc hosp","quantile",0.5,111,"COVID-19"
"DE-HH","00+",2022-03-23,2022-03-07,"-16 day ahead inc hosp","quantile",0.75,120,"COVID-19"
"DE-HH","00+",2022-03-23,2022-03-07,"-16 day ahead inc hosp","quantile",0.9,130,"COVID-19"
"DE-HH","00+",2022-03-23,2022-03-07,"-16 day ahead inc hosp","quantile",0.975,143,"COVID-19"
"DE-HH","00+",2022-03-23,2022-03-06,"-17 day ahead inc hosp","mean",NA,110,"COVID-19"
"DE-HH","00+",2022-03-23,2022-03-06,"-17 day ahead inc hosp","quantile",0.025,96,"COVID-19"
"DE-HH","00+",2022-03-23,2022-03-06,"-17 day ahead inc hosp","quantile",0.1,98,"COVID-19"
"DE-HH","00+",2022-03-23,2022-03-06,"-17 day ahead inc hosp","quantile",0.25,102,"COVID-19"
"DE-HH","00+",2022-03-23,2022-03-06,"-17 day ahead inc hosp","quantile",0.5,107,"COVID-19"
"DE-HH","00+",2022-03-23,2022-03-06,"-17 day ahead inc hosp","quantile",0.75,116,"COVID-19"
"DE-HH","00+",2022-03-23,2022-03-06,"-17 day ahead inc hosp","quantile",0.9,125,"COVID-19"
"DE-HH","00+",2022-03-23,2022-03-06,"-17 day ahead inc hosp","quantile",0.975,139,"COVID-19"
"DE-HH","00+",2022-03-23,2022-03-05,"-18 day ahead inc hosp","mean",NA,112,"COVID-19"
"DE-HH","00+",2022-03-23,2022-03-05,"-18 day ahead inc hosp","quantile",0.025,98,"COVID-19"
"DE-HH","00+",2022-03-23,2022-03-05,"-18 day ahead inc hosp","quantile",0.1,100,"COVID-19"
"DE-HH","00+",2022-03-23,2022-03-05,"-18 day ahead inc hosp","quantile",0.25,103,"COVID-19"
"DE-HH","00+",2022-03-23,2022-03-05,"-18 day ahead inc hosp","quantile",0.5,109,"COVID-19"
"DE-HH","00+",2022-03-23,2022-03-05,"-18 day ahead inc hosp","quantile",0.75,117,"COVID-19"
"DE-HH","00+",2022-03-23,2022-03-05,"-18 day ahead inc hosp","quantile",0.9,128,"COVID-19"
"DE-HH","00+",2022-03-23,2022-03-05,"-18 day ahead inc hosp","quantile",0.975,142,"COVID-19"
"DE-HH","00+",2022-03-23,2022-03-04,"-19 day ahead inc hosp","mean",NA,103,"COVID-19"
"DE-HH","00+",2022-03-23,2022-03-04,"-19 day ahead inc hosp","quantile",0.025,90,"COVID-19"
"DE-HH","00+",2022-03-23,2022-03-04,"-19 day ahead inc hosp","quantile",0.1,92,"COVID-19"
"DE-HH","00+",2022-03-23,2022-03-04,"-19 day ahead inc hosp","quantile",0.25,95,"COVID-19"
"DE-HH","00+",2022-03-23,2022-03-04,"-19 day ahead inc hosp","quantile",0.5,100,"COVID-19"
"DE-HH","00+",2022-03-23,2022-03-04,"-19 day ahead inc hosp","quantile",0.75,108,"COVID-19"
"DE-HH","00+",2022-03-23,2022-03-04,"-19 day ahead inc hosp","quantile",0.9,118,"COVID-19"
"DE-HH","00+",2022-03-23,2022-03-04,"-19 day ahead inc hosp","quantile",0.975,132,"COVID-19"
"DE-HH","00+",2022-03-23,2022-03-03,"-20 day ahead inc hosp","mean",NA,107,"COVID-19"
"DE-HH","00+",2022-03-23,2022-03-03,"-20 day ahead inc hosp","quantile",0.025,94,"COVID-19"
"DE-HH","00+",2022-03-23,2022-03-03,"-20 day ahead inc hosp","quantile",0.1,96,"COVID-19"
"DE-HH","00+",2022-03-23,2022-03-03,"-20 day ahead inc hosp","quantile",0.25,99,"COVID-19"
"DE-HH","00+",2022-03-23,2022-03-03,"-20 day ahead inc hosp","quantile",0.5,104,"COVID-19"
"DE-HH","00+",2022-03-23,2022-03-03,"-20 day ahead inc hosp","quantile",0.75,112,"COVID-19"
"DE-HH","00+",2022-03-23,2022-03-03,"-20 day ahead inc hosp","quantile",0.9,122,"COVID-19"
"DE-HH","00+",2022-03-23,2022-03-03,"-20 day ahead inc hosp","quantile",0.975,136,"COVID-19"
"DE-HH","00+",2022-03-23,2022-03-02,"-21 day ahead inc hosp","mean",NA,102,"COVID-19"
"DE-HH","00+",2022-03-23,2022-03-02,"-21 day ahead inc hosp","quantile",0.025,90,"COVID-19"
"DE-HH","00+",2022-03-23,2022-03-02,"-21 day ahead inc hosp","quantile",0.1,91,"COVID-19"
"DE-HH","00+",2022-03-23,2022-03-02,"-21 day ahead inc hosp","quantile",0.25,94,"COVID-19"
"DE-HH","00+",2022-03-23,2022-03-02,"-21 day ahead inc hosp","quantile",0.5,99,"COVID-19"
"DE-HH","00+",2022-03-23,2022-03-02,"-21 day ahead inc hosp","quantile",0.75,106,"COVID-19"
"DE-HH","00+",2022-03-23,2022-03-02,"-21 day ahead inc hosp","quantile",0.9,116,"COVID-19"
"DE-HH","00+",2022-03-23,2022-03-02,"-21 day ahead inc hosp","quantile",0.975,130,"COVID-19"
"DE-HH","00+",2022-03-23,2022-03-01,"-22 day ahead inc hosp","mean",NA,91,"COVID-19"
"DE-HH","00+",2022-03-23,2022-03-01,"-22 day ahead inc hosp","quantile",0.025,81,"COVID-19"
"DE-HH","00+",2022-03-23,2022-03-01,"-22 day ahead inc hosp","quantile",0.1,82,"COVID-19"
"DE-HH","00+",2022-03-23,2022-03-01,"-22 day ahead inc hosp","quantile",0.25,84,"COVID-19"
"DE-HH","00+",2022-03-23,2022-03-01,"-22 day ahead inc hosp","quantile",0.5,88,"COVID-19"
"DE-HH","00+",2022-03-23,2022-03-01,"-22 day ahead inc hosp","quantile",0.75,95,"COVID-19"
"DE-HH","00+",2022-03-23,2022-03-01,"-22 day ahead inc hosp","quantile",0.9,103,"COVID-19"
"DE-HH","00+",2022-03-23,2022-03-01,"-22 day ahead inc hosp","quantile",0.975,114,"COVID-19"
"DE-HH","00+",2022-03-23,2022-02-28,"-23 day ahead inc hosp","mean",NA,77,"COVID-19"
"DE-HH","00+",2022-03-23,2022-02-28,"-23 day ahead inc hosp","quantile",0.025,69,"COVID-19"
"DE-HH","00+",2022-03-23,2022-02-28,"-23 day ahead inc hosp","quantile",0.1,70,"COVID-19"
"DE-HH","00+",2022-03-23,2022-02-28,"-23 day ahead inc hosp","quantile",0.25,71,"COVID-19"
"DE-HH","00+",2022-03-23,2022-02-28,"-23 day ahead inc hosp","quantile",0.5,75,"COVID-19"
"DE-HH","00+",2022-03-23,2022-02-28,"-23 day ahead inc hosp","quantile",0.75,80,"COVID-19"
"DE-HH","00+",2022-03-23,2022-02-28,"-23 day ahead inc hosp","quantile",0.9,86,"COVID-19"
"DE-HH","00+",2022-03-23,2022-02-28,"-23 day ahead inc hosp","quantile",0.975,95,"COVID-19"
"DE-HH","00+",2022-03-23,2022-02-27,"-24 day ahead inc hosp","mean",NA,83,"COVID-19"
"DE-HH","00+",2022-03-23,2022-02-27,"-24 day ahead inc hosp","quantile",0.025,75,"COVID-19"
"DE-HH","00+",2022-03-23,2022-02-27,"-24 day ahead inc hosp","quantile",0.1,76,"COVID-19"
"DE-HH","00+",2022-03-23,2022-02-27,"-24 day ahead inc hosp","quantile",0.25,78,"COVID-19"
"DE-HH","00+",2022-03-23,2022-02-27,"-24 day ahead inc hosp","quantile",0.5,81,"COVID-19"
"DE-HH","00+",2022-03-23,2022-02-27,"-24 day ahead inc hosp","quantile",0.75,86,"COVID-19"
"DE-HH","00+",2022-03-23,2022-02-27,"-24 day ahead inc hosp","quantile",0.9,93,"COVID-19"
"DE-HH","00+",2022-03-23,2022-02-27,"-24 day ahead inc hosp","quantile",0.975,102,"COVID-19"
"DE-HH","00+",2022-03-23,2022-02-26,"-25 day ahead inc hosp","mean",NA,84,"COVID-19"
"DE-HH","00+",2022-03-23,2022-02-26,"-25 day ahead inc hosp","quantile",0.025,76,"COVID-19"
"DE-HH","00+",2022-03-23,2022-02-26,"-25 day ahead inc hosp","quantile",0.1,77,"COVID-19"
"DE-HH","00+",2022-03-23,2022-02-26,"-25 day ahead inc hosp","quantile",0.25,79,"COVID-19"
"DE-HH","00+",2022-03-23,2022-02-26,"-25 day ahead inc hosp","quantile",0.5,82,"COVID-19"
"DE-HH","00+",2022-03-23,2022-02-26,"-25 day ahead inc hosp","quantile",0.75,87,"COVID-19"
"DE-HH","00+",2022-03-23,2022-02-26,"-25 day ahead inc hosp","quantile",0.9,93,"COVID-19"
"DE-HH","00+",2022-03-23,2022-02-26,"-25 day ahead inc hosp","quantile",0.975,102,"COVID-19"
"DE-HH","00+",2022-03-23,2022-02-25,"-26 day ahead inc hosp","mean",NA,99,"COVID-19"
"DE-HH","00+",2022-03-23,2022-02-25,"-26 day ahead inc hosp","quantile",0.025,90,"COVID-19"
"DE-HH","00+",2022-03-23,2022-02-25,"-26 day ahead inc hosp","quantile",0.1,91,"COVID-19"
"DE-HH","00+",2022-03-23,2022-02-25,"-26 day ahead inc hosp","quantile",0.25,93,"COVID-19"
"DE-HH","00+",2022-03-23,2022-02-25,"-26 day ahead inc hosp","quantile",0.5,97,"COVID-19"
"DE-HH","00+",2022-03-23,2022-02-25,"-26 day ahead inc hosp","quantile",0.75,102,"COVID-19"
"DE-HH","00+",2022-03-23,2022-02-25,"-26 day ahead inc hosp","quantile",0.9,109,"COVID-19"
"DE-HH","00+",2022-03-23,2022-02-25,"-26 day ahead inc hosp","quantile",0.975,118,"COVID-19"
"DE-HH","00+",2022-03-23,2022-02-24,"-27 day ahead inc hosp","mean",NA,110,"COVID-19"
"DE-HH","00+",2022-03-23,2022-02-24,"-27 day ahead inc hosp","quantile",0.025,101,"COVID-19"
"DE-HH","00+",2022-03-23,2022-02-24,"-27 day ahead inc hosp","quantile",0.1,102,"COVID-19"
"DE-HH","00+",2022-03-23,2022-02-24,"-27 day ahead inc hosp","quantile",0.25,104,"COVID-19"
"DE-HH","00+",2022-03-23,2022-02-24,"-27 day ahead inc hosp","quantile",0.5,108,"COVID-19"
"DE-HH","00+",2022-03-23,2022-02-24,"-27 day ahead inc hosp","quantile",0.75,114,"COVID-19"
"DE-HH","00+",2022-03-23,2022-02-24,"-27 day ahead inc hosp","quantile",0.9,120,"COVID-19"
"DE-HH","00+",2022-03-23,2022-02-24,"-27 day ahead inc hosp","quantile",0.975,130,"COVID-19"
"DE-HH","00+",2022-03-23,2022-02-23,"-28 day ahead inc hosp","mean",NA,113,"COVID-19"
"DE-HH","00+",2022-03-23,2022-02-23,"-28 day ahead inc hosp","quantile",0.025,104,"COVID-19"
"DE-HH","00+",2022-03-23,2022-02-23,"-28 day ahead inc hosp","quantile",0.1,105,"COVID-19"
"DE-HH","00+",2022-03-23,2022-02-23,"-28 day ahead inc hosp","quantile",0.25,108,"COVID-19"
"DE-HH","00+",2022-03-23,2022-02-23,"-28 day ahead inc hosp","quantile",0.5,111,"COVID-19"
"DE-HH","00+",2022-03-23,2022-02-23,"-28 day ahead inc hosp","quantile",0.75,116,"COVID-19"
"DE-HH","00+",2022-03-23,2022-02-23,"-28 day ahead inc hosp","quantile",0.9,123,"COVID-19"
"DE-HH","00+",2022-03-23,2022-02-23,"-28 day ahead inc hosp","quantile",0.975,132,"COVID-19"
"DE-MV","00+",2022-03-23,2022-03-23,"0 day ahead inc hosp","mean",NA,426,"COVID-19"
"DE-MV","00+",2022-03-23,2022-03-23,"0 day ahead inc hosp","quantile",0.025,332,"COVID-19"
"DE-MV","00+",2022-03-23,2022-03-23,"0 day ahead inc hosp","quantile",0.1,355,"COVID-19"
"DE-MV","00+",2022-03-23,2022-03-23,"0 day ahead inc hosp","quantile",0.25,382,"COVID-19"
"DE-MV","00+",2022-03-23,2022-03-23,"0 day ahead inc hosp","quantile",0.5,418,"COVID-19"
"DE-MV","00+",2022-03-23,2022-03-23,"0 day ahead inc hosp","quantile",0.75,462,"COVID-19"
"DE-MV","00+",2022-03-23,2022-03-23,"0 day ahead inc hosp","quantile",0.9,508,"COVID-19"
"DE-MV","00+",2022-03-23,2022-03-23,"0 day ahead inc hosp","quantile",0.975,569,"COVID-19"
"DE-MV","00+",2022-03-23,2022-03-22,"-1 day ahead inc hosp","mean",NA,480,"COVID-19"
"DE-MV","00+",2022-03-23,2022-03-22,"-1 day ahead inc hosp","quantile",0.025,393,"COVID-19"
"DE-MV","00+",2022-03-23,2022-03-22,"-1 day ahead inc hosp","quantile",0.1,413,"COVID-19"
"DE-MV","00+",2022-03-23,2022-03-22,"-1 day ahead inc hosp","quantile",0.25,437,"COVID-19"
"DE-MV","00+",2022-03-23,2022-03-22,"-1 day ahead inc hosp","quantile",0.5,471,"COVID-19"
"DE-MV","00+",2022-03-23,2022-03-22,"-1 day ahead inc hosp","quantile",0.75,513,"COVID-19"
"DE-MV","00+",2022-03-23,2022-03-22,"-1 day ahead inc hosp","quantile",0.9,558,"COVID-19"
"DE-MV","00+",2022-03-23,2022-03-22,"-1 day ahead inc hosp","quantile",0.975,618,"COVID-19"
"DE-MV","00+",2022-03-23,2022-03-21,"-2 day ahead inc hosp","mean",NA,491,"COVID-19"
"DE-MV","00+",2022-03-23,2022-03-21,"-2 day ahead inc hosp","quantile",0.025,417,"COVID-19"
"DE-MV","00+",2022-03-23,2022-03-21,"-2 day ahead inc hosp","quantile",0.1,434,"COVID-19"
"DE-MV","00+",2022-03-23,2022-03-21,"-2 day ahead inc hosp","quantile",0.25,454,"COVID-19"
"DE-MV","00+",2022-03-23,2022-03-21,"-2 day ahead inc hosp","quantile",0.5,483,"COVID-19"
"DE-MV","00+",2022-03-23,2022-03-21,"-2 day ahead inc hosp","quantile",0.75,519,"COVID-19"
"DE-MV","00+",2022-03-23,2022-03-21,"-2 day ahead inc hosp","quantile",0.9,557,"COVID-19"
"DE-MV","00+",2022-03-23,2022-03-21,"-2 day ahead inc hosp","quantile",0.975,608,"COVID-19"
"DE-MV","00+",2022-03-23,2022-03-20,"-3 day ahead inc hosp","mean",NA,459,"COVID-19"
"DE-MV","00+",2022-03-23,2022-03-20,"-3 day ahead inc hosp","quantile",0.025,398,"COVID-19"
"DE-MV","00+",2022-03-23,2022-03-20,"-3 day ahead inc hosp","quantile",0.1,413,"COVID-19"
"DE-MV","00+",2022-03-23,2022-03-20,"-3 day ahead inc hosp","quantile",0.25,429,"COVID-19"
"DE-MV","00+",2022-03-23,2022-03-20,"-3 day ahead inc hosp","quantile",0.5,453,"COVID-19"
"DE-MV","00+",2022-03-23,2022-03-20,"-3 day ahead inc hosp","quantile",0.75,482,"COVID-19"
"DE-MV","00+",2022-03-23,2022-03-20,"-3 day ahead inc hosp","quantile",0.9,513,"COVID-19"
"DE-MV","00+",2022-03-23,2022-03-20,"-3 day ahead inc hosp","quantile",0.975,554,"COVID-19"
"DE-MV","00+",2022-03-23,2022-03-19,"-4 day ahead inc hosp","mean",NA,452,"COVID-19"
"DE-MV","00+",2022-03-23,2022-03-19,"-4 day ahead inc hosp","quantile",0.025,398,"COVID-19"
"DE-MV","00+",2022-03-23,2022-03-19,"-4 day ahead inc hosp","quantile",0.1,411,"COVID-19"
"DE-MV","00+",2022-03-23,2022-03-19,"-4 day ahead inc hosp","quantile",0.25,426,"COVID-19"
"DE-MV","00+",2022-03-23,2022-03-19,"-4 day ahead inc hosp","quantile",0.5,446,"COVID-19"
"DE-MV","00+",2022-03-23,2022-03-19,"-4 day ahead inc hosp","quantile",0.75,472,"COVID-19"
"DE-MV","00+",2022-03-23,2022-03-19,"-4 day ahead inc hosp","quantile",0.9,500,"COVID-19"
"DE-MV","00+",2022-03-23,2022-03-19,"-4 day ahead inc hosp","quantile",0.975,536,"COVID-19"
"DE-MV","00+",2022-03-23,2022-03-18,"-5 day ahead inc hosp","mean",NA,461,"COVID-19"
"DE-MV","00+",2022-03-23,2022-03-18,"-5 day ahead inc hosp","quantile",0.025,415,"COVID-19"
"DE-MV","00+",2022-03-23,2022-03-18,"-5 day ahead inc hosp","quantile",0.1,426,"COVID-19"
"DE-MV","00+",2022-03-23,2022-03-18,"-5 day ahead inc hosp","quantile",0.25,439,"COVID-19"
"DE-MV","00+",2022-03-23,2022-03-18,"-5 day ahead inc hosp","quantile",0.5,456,"COVID-19"
"DE-MV","00+",2022-03-23,2022-03-18,"-5 day ahead inc hosp","quantile",0.75,478,"COVID-19"
"DE-MV","00+",2022-03-23,2022-03-18,"-5 day ahead inc hosp","quantile",0.9,501,"COVID-19"
"DE-MV","00+",2022-03-23,2022-03-18,"-5 day ahead inc hosp","quantile",0.975,532,"COVID-19"
"DE-MV","00+",2022-03-23,2022-03-17,"-6 day ahead inc hosp","mean",NA,445,"COVID-19"
"DE-MV","00+",2022-03-23,2022-03-17,"-6 day ahead inc hosp","quantile",0.025,406,"COVID-19"
"DE-MV","00+",2022-03-23,2022-03-17,"-6 day ahead inc hosp","quantile",0.1,415,"COVID-19"
"DE-MV","00+",2022-03-23,2022-03-17,"-6 day ahead inc hosp","quantile",0.25,426,"COVID-19"
"DE-MV","00+",2022-03-23,2022-03-17,"-6 day ahead inc hosp","quantile",0.5,441,"COVID-19"
"DE-MV","00+",2022-03-23,2022-03-17,"-6 day ahead inc hosp","quantile",0.75,459,"COVID-19"
"DE-MV","00+",2022-03-23,2022-03-17,"-6 day ahead inc hosp","quantile",0.9,479,"COVID-19"
"DE-MV","00+",2022-03-23,2022-03-17,"-6 day ahead inc hosp","quantile",0.975,504,"COVID-19"
"DE-MV","00+",2022-03-23,2022-03-16,"-7 day ahead inc hosp","mean",NA,435,"COVID-19"
"DE-MV","00+",2022-03-23,2022-03-16,"-7 day ahead inc hosp","quantile",0.025,402,"COVID-19"
"DE-MV","00+",2022-03-23,2022-03-16,"-7 day ahead inc hosp","quantile",0.1,410,"COVID-19"
"DE-MV","00+",2022-03-23,2022-03-16,"-7 day ahead inc hosp","quantile",0.25,419,"COVID-19"
"DE-MV","00+",2022-03-23,2022-03-16,"-7 day ahead inc hosp","quantile",0.5,432,"COVID-19"
"DE-MV","00+",2022-03-23,2022-03-16,"-7 day ahead inc hosp","quantile",0.75,447,"COVID-19"
"DE-MV","00+",2022-03-23,2022-03-16,"-7 day ahead inc hosp","quantile",0.9,464,"COVID-19"
"DE-MV","00+",2022-03-23,2022-03-16,"-7 day ahead inc hosp","quantile",0.975,486,"COVID-19"
"DE-MV","00+",2022-03-23,2022-03-15,"-8 day ahead inc hosp","mean",NA,398,"COVID-19"
"DE-MV","00+",2022-03-23,2022-03-15,"-8 day ahead inc hosp","quantile",0.025,373,"COVID-19"
"DE-MV","00+",2022-03-23,2022-03-15,"-8 day ahead inc hosp","quantile",0.1,379,"COVID-19"
"DE-MV","00+",2022-03-23,2022-03-15,"-8 day ahead inc hosp","quantile",0.25,386,"COVID-19"
"DE-MV","00+",2022-03-23,2022-03-15,"-8 day ahead inc hosp","quantile",0.5,395,"COVID-19"
"DE-MV","00+",2022-03-23,2022-03-15,"-8 day ahead inc hosp","quantile",0.75,407,"COVID-19"
"DE-MV","00+",2022-03-23,2022-03-15,"-8 day ahead inc hosp","quantile",0.9,420,"COVID-19"
"DE-MV","00+",2022-03-23,2022-03-15,"-8 day ahead inc hosp","quantile",0.975,438,"COVID-19"
"DE-MV","00+",2022-03-23,2022-03-14,"-9 day ahead inc hosp","mean",NA,375,"COVID-19"
"DE-MV","00+",2022-03-23,2022-03-14,"-9 day ahead inc hosp","quantile",0.025,354,"COVID-19"
"DE-MV","00+",2022-03-23,2022-03-14,"-9 day ahead inc hosp","quantile",0.1,359,"COVID-19"
"DE-MV","00+",2022-03-23,2022-03-14,"-9 day ahead inc hosp","quantile",0.25,365,"COVID-19"
"DE-MV","00+",2022-03-23,2022-03-14,"-9 day ahead inc hosp","quantile",0.5,373,"COVID-19"
"DE-MV","00+",2022-03-23,2022-03-14,"-9 day ahead inc hosp","quantile",0.75,383,"COVID-19"
"DE-MV","00+",2022-03-23,2022-03-14,"-9 day ahead inc hosp","quantile",0.9,394,"COVID-19"
"DE-MV","00+",2022-03-23,2022-03-14,"-9 day ahead inc hosp","quantile",0.975,408,"COVID-19"
"DE-MV","00+",2022-03-23,2022-03-13,"-10 day ahead inc hosp","mean",NA,372,"COVID-19"
"DE-MV","00+",2022-03-23,2022-03-13,"-10 day ahead inc hosp","quantile",0.025,353,"COVID-19"
"DE-MV","00+",2022-03-23,2022-03-13,"-10 day ahead inc hosp","quantile",0.1,357,"COVID-19"
"DE-MV","00+",2022-03-23,2022-03-13,"-10 day ahead inc hosp","quantile",0.25,362,"COVID-19"
"DE-MV","00+",2022-03-23,2022-03-13,"-10 day ahead inc hosp","quantile",0.5,370,"COVID-19"
"DE-MV","00+",2022-03-23,2022-03-13,"-10 day ahead inc hosp","quantile",0.75,379,"COVID-19"
"DE-MV","00+",2022-03-23,2022-03-13,"-10 day ahead inc hosp","quantile",0.9,390,"COVID-19"
"DE-MV","00+",2022-03-23,2022-03-13,"-10 day ahead inc hosp","quantile",0.975,404,"COVID-19"
"DE-MV","00+",2022-03-23,2022-03-12,"-11 day ahead inc hosp","mean",NA,386,"COVID-19"
"DE-MV","00+",2022-03-23,2022-03-12,"-11 day ahead inc hosp","quantile",0.025,368,"COVID-19"
"DE-MV","00+",2022-03-23,2022-03-12,"-11 day ahead inc hosp","quantile",0.1,372,"COVID-19"
"DE-MV","00+",2022-03-23,2022-03-12,"-11 day ahead inc hosp","quantile",0.25,377,"COVID-19"
"DE-MV","00+",2022-03-23,2022-03-12,"-11 day ahead inc hosp","quantile",0.5,384,"COVID-19"
"DE-MV","00+",2022-03-23,2022-03-12,"-11 day ahead inc hosp","quantile",0.75,393,"COVID-19"
"DE-MV","00+",2022-03-23,2022-03-12,"-11 day ahead inc hosp","quantile",0.9,403,"COVID-19"
"DE-MV","00+",2022-03-23,2022-03-12,"-11 day ahead inc hosp","quantile",0.975,416,"COVID-19"
"DE-MV","00+",2022-03-23,2022-03-11,"-12 day ahead inc hosp","mean",NA,371,"COVID-19"
"DE-MV","00+",2022-03-23,2022-03-11,"-12 day ahead inc hosp","quantile",0.025,356,"COVID-19"
"DE-MV","00+",2022-03-23,2022-03-11,"-12 day ahead inc hosp","quantile",0.1,359,"COVID-19"
"DE-MV","00+",2022-03-23,2022-03-11,"-12 day ahead inc hosp","quantile",0.25,363,"COVID-19"
"DE-MV","00+",2022-03-23,2022-03-11,"-12 day ahead inc hosp","quantile",0.5,369,"COVID-19"
"DE-MV","00+",2022-03-23,2022-03-11,"-12 day ahead inc hosp","quantile",0.75,376,"COVID-19"
"DE-MV","00+",2022-03-23,2022-03-11,"-12 day ahead inc hosp","quantile",0.9,384,"COVID-19"
"DE-MV","00+",2022-03-23,2022-03-11,"-12 day ahead inc hosp","quantile",0.975,395,"COVID-19"
"DE-MV","00+",2022-03-23,2022-03-10,"-13 day ahead inc hosp","mean",NA,372,"COVID-19"
"DE-MV","00+",2022-03-23,2022-03-10,"-13 day ahead inc hosp","quantile",0.025,358,"COVID-19"
"DE-MV","00+",2022-03-23,2022-03-10,"-13 day ahead inc hosp","quantile",0.1,361,"COVID-19"
"DE-MV","00+",2022-03-23,2022-03-10,"-13 day ahead inc hosp","quantile",0.25,365,"COVID-19"
"DE-MV","00+",2022-03-23,2022-03-10,"-13 day ahead inc hosp","quantile",0.5,370,"COVID-19"
"DE-MV","00+",2022-03-23,2022-03-10,"-13 day ahead inc hosp","quantile",0.75,377,"COVID-19"
"DE-MV","00+",2022-03-23,2022-03-10,"-13 day ahead inc hosp","quantile",0.9,384,"COVID-19"
"DE-MV","00+",2022-03-23,2022-03-10,"-13 day ahead inc hosp","quantile",0.975,394,"COVID-19"
"DE-MV","00+",2022-03-23,2022-03-09,"-14 day ahead inc hosp","mean",NA,364,"COVID-19"
"DE-MV","00+",2022-03-23,2022-03-09,"-14 day ahead inc hosp","quantile",0.025,353,"COVID-19"
"DE-MV","00+",2022-03-23,2022-03-09,"-14 day ahead inc hosp","quantile",0.1,355,"COVID-19"
"DE-MV","00+",2022-03-23,2022-03-09,"-14 day ahead inc hosp","quantile",0.25,358,"COVID-19"
"DE-MV","00+",2022-03-23,2022-03-09,"-14 day ahead inc hosp","quantile",0.5,363,"COVID-19"
"DE-MV","00+",2022-03-23,2022-03-09,"-14 day ahead inc hosp","quantile",0.75,369,"COVID-19"
"DE-MV","00+",2022-03-23,2022-03-09,"-14 day ahead inc hosp","quantile",0.9,375,"COVID-19"
"DE-MV","00+",2022-03-23,2022-03-09,"-14 day ahead inc hosp","quantile",0.975,384,"COVID-19"
"DE-MV","00+",2022-03-23,2022-03-08,"-15 day ahead inc hosp","mean",NA,373,"COVID-19"
"DE-MV","00+",2022-03-23,2022-03-08,"-15 day ahead inc hosp","quantile",0.025,363,"COVID-19"
"DE-MV","00+",2022-03-23,2022-03-08,"-15 day ahead inc hosp","quantile",0.1,365,"COVID-19"
"DE-MV","00+",2022-03-23,2022-03-08,"-15 day ahead inc hosp","quantile",0.25,368,"COVID-19"
"DE-MV","00+",2022-03-23,2022-03-08,"-15 day ahead inc hosp","quantile",0.5,372,"COVID-19"
"DE-MV","00+",2022-03-23,2022-03-08,"-15 day ahead inc hosp","quantile",0.75,377,"COVID-19"
"DE-MV","00+",2022-03-23,2022-03-08,"-15 day ahead inc hosp","quantile",0.9,383,"COVID-19"
"DE-MV","00+",2022-03-23,2022-03-08,"-15 day ahead inc hosp","quantile",0.975,390,"COVID-19"
"DE-MV","00+",2022-03-23,2022-03-07,"-16 day ahead inc hosp","mean",NA,381,"COVID-19"
"DE-MV","00+",2022-03-23,2022-03-07,"-16 day ahead inc hosp","quantile",0.025,372,"COVID-19"
"DE-MV","00+",2022-03-23,2022-03-07,"-16 day ahead inc hosp","quantile",0.1,374,"COVID-19"
"DE-MV","00+",2022-03-23,2022-03-07,"-16 day ahead inc hosp","quantile",0.25,376,"COVID-19"
"DE-MV","00+",2022-03-23,2022-03-07,"-16 day ahead inc hosp","quantile",0.5,380,"COVID-19"
"DE-MV","00+",2022-03-23,2022-03-07,"-16 day ahead inc hosp","quantile",0.75,385,"COVID-19"
"DE-MV","00+",2022-03-23,2022-03-07,"-16 day ahead inc hosp","quantile",0.9,390,"COVID-19"
"DE-MV","00+",2022-03-23,2022-03-07,"-16 day ahead inc hosp","quantile",0.975,397,"COVID-19"
"DE-MV","00+",2022-03-23,2022-03-06,"-17 day ahead inc hosp","mean",NA,387,"COVID-19"
"DE-MV","00+",2022-03-23,2022-03-06,"-17 day ahead inc hosp","quantile",0.025,377,"COVID-19"
"DE-MV","00+",2022-03-23,2022-03-06,"-17 day ahead inc hosp","quantile",0.1,379,"COVID-19"
"DE-MV","00+",2022-03-23,2022-03-06,"-17 day ahead inc hosp","quantile",0.25,382,"COVID-19"
"DE-MV","00+",2022-03-23,2022-03-06,"-17 day ahead inc hosp","quantile",0.5,385,"COVID-19"
"DE-MV","00+",2022-03-23,2022-03-06,"-17 day ahead inc hosp","quantile",0.75,390,"COVID-19"
"DE-MV","00+",2022-03-23,2022-03-06,"-17 day ahead inc hosp","quantile",0.9,396,"COVID-19"
"DE-MV","00+",2022-03-23,2022-03-06,"-17 day ahead inc hosp","quantile",0.975,403,"COVID-19"
"DE-MV","00+",2022-03-23,2022-03-05,"-18 day ahead inc hosp","mean",NA,379,"COVID-19"
"DE-MV","00+",2022-03-23,2022-03-05,"-18 day ahead inc hosp","quantile",0.025,371,"COVID-19"
"DE-MV","00+",2022-03-23,2022-03-05,"-18 day ahead inc hosp","quantile",0.1,373,"COVID-19"
"DE-MV","00+",2022-03-23,2022-03-05,"-18 day ahead inc hosp","quantile",0.25,375,"COVID-19"
"DE-MV","00+",2022-03-23,2022-03-05,"-18 day ahead inc hosp","quantile",0.5,378,"COVID-19"
"DE-MV","00+",2022-03-23,2022-03-05,"-18 day ahead inc hosp","quantile",0.75,383,"COVID-19"
"DE-MV","00+",2022-03-23,2022-03-05,"-18 day ahead inc hosp","quantile",0.9,388,"COVID-19"
"DE-MV","00+",2022-03-23,2022-03-05,"-18 day ahead inc hosp","quantile",0.975,395,"COVID-19"
"DE-MV","00+",2022-03-23,2022-03-04,"-19 day ahead inc hosp","mean",NA,371,"COVID-19"
"DE-MV","00+",2022-03-23,2022-03-04,"-19 day ahead inc hosp","quantile",0.025,364,"COVID-19"
"DE-MV","00+",2022-03-23,2022-03-04,"-19 day ahead inc hosp","quantile",0.1,365,"COVID-19"
"DE-MV","00+",2022-03-23,2022-03-04,"-19 day ahead inc hosp","quantile",0.25,367,"COVID-19"
"DE-MV","00+",2022-03-23,2022-03-04,"-19 day ahead inc hosp","quantile",0.5,370,"COVID-19"
"DE-MV","00+",2022-03-23,2022-03-04,"-19 day ahead inc hosp","quantile",0.75,374,"COVID-19"
"DE-MV","00+",2022-03-23,2022-03-04,"-19 day ahead inc hosp","quantile",0.9,378,"COVID-19"
"DE-MV","00+",2022-03-23,2022-03-04,"-19 day ahead inc hosp","quantile",0.975,384,"COVID-19"
"DE-MV","00+",2022-03-23,2022-03-03,"-20 day ahead inc hosp","mean",NA,377,"COVID-19"
"DE-MV","00+",2022-03-23,2022-03-03,"-20 day ahead inc hosp","quantile",0.025,370,"COVID-19"
"DE-MV","00+",2022-03-23,2022-03-03,"-20 day ahead inc hosp","quantile",0.1,372,"COVID-19"
"DE-MV","00+",2022-03-23,2022-03-03,"-20 day ahead inc hosp","quantile",0.25,373,"COVID-19"
"DE-MV","00+",2022-03-23,2022-03-03,"-20 day ahead inc hosp","quantile",0.5,376,"COVID-19"
"DE-MV","00+",2022-03-23,2022-03-03,"-20 day ahead inc hosp","quantile",0.75,380,"COVID-19"
"DE-MV","00+",2022-03-23,2022-03-03,"-20 day ahead inc hosp","quantile",0.9,384,"COVID-19"
"DE-MV","00+",2022-03-23,2022-03-03,"-20 day ahead inc hosp","quantile",0.975,390,"COVID-19"
"DE-MV","00+",2022-03-23,2022-03-02,"-21 day ahead inc hosp","mean",NA,413,"COVID-19"
"DE-MV","00+",2022-03-23,2022-03-02,"-21 day ahead inc hosp","quantile",0.025,406,"COVID-19"
"DE-MV","00+",2022-03-23,2022-03-02,"-21 day ahead inc hosp","quantile",0.1,408,"COVID-19"
"DE-MV","00+",2022-03-23,2022-03-02,"-21 day ahead inc hosp","quantile",0.25,409,"COVID-19"
"DE-MV","00+",2022-03-23,2022-03-02,"-21 day ahead inc hosp","quantile",0.5,412,"COVID-19"
"DE-MV","00+",2022-03-23,2022-03-02,"-21 day ahead inc hosp","quantile",0.75,415,"COVID-19"
"DE-MV","00+",2022-03-23,2022-03-02,"-21 day ahead inc hosp","quantile",0.9,419,"COVID-19"
"DE-MV","00+",2022-03-23,2022-03-02,"-21 day ahead inc hosp","quantile",0.975,425,"COVID-19"
"DE-MV","00+",2022-03-23,2022-03-01,"-22 day ahead inc hosp","mean",NA,410,"COVID-19"
"DE-MV","00+",2022-03-23,2022-03-01,"-22 day ahead inc hosp","quantile",0.025,404,"COVID-19"
"DE-MV","00+",2022-03-23,2022-03-01,"-22 day ahead inc hosp","quantile",0.1,405,"COVID-19"
"DE-MV","00+",2022-03-23,2022-03-01,"-22 day ahead inc hosp","quantile",0.25,407,"COVID-19"
"DE-MV","00+",2022-03-23,2022-03-01,"-22 day ahead inc hosp","quantile",0.5,409,"COVID-19"
"DE-MV","00+",2022-03-23,2022-03-01,"-22 day ahead inc hosp","quantile",0.75,412,"COVID-19"
"DE-MV","00+",2022-03-23,2022-03-01,"-22 day ahead inc hosp","quantile",0.9,416,"COVID-19"
"DE-MV","00+",2022-03-23,2022-03-01,"-22 day ahead inc hosp","quantile",0.975,421,"COVID-19"
"DE-MV","00+",2022-03-23,2022-02-28,"-23 day ahead inc hosp","mean",NA,397,"COVID-19"
"DE-MV","00+",2022-03-23,2022-02-28,"-23 day ahead inc hosp","quantile",0.025,392,"COVID-19"
"DE-MV","00+",2022-03-23,2022-02-28,"-23 day ahead inc hosp","quantile",0.1,393,"COVID-19"
"DE-MV","00+",2022-03-23,2022-02-28,"-23 day ahead inc hosp","quantile",0.25,394,"COVID-19"
"DE-MV","00+",2022-03-23,2022-02-28,"-23 day ahead inc hosp","quantile",0.5,396,"COVID-19"
"DE-MV","00+",2022-03-23,2022-02-28,"-23 day ahead inc hosp","quantile",0.75,399,"COVID-19"
"DE-MV","00+",2022-03-23,2022-02-28,"-23 day ahead inc hosp","quantile",0.9,403,"COVID-19"
"DE-MV","00+",2022-03-23,2022-02-28,"-23 day ahead inc hosp","quantile",0.975,407,"COVID-19"
"DE-MV","00+",2022-03-23,2022-02-27,"-24 day ahead inc hosp","mean",NA,402,"COVID-19"
"DE-MV","00+",2022-03-23,2022-02-27,"-24 day ahead inc hosp","quantile",0.025,397,"COVID-19"
"DE-MV","00+",2022-03-23,2022-02-27,"-24 day ahead inc hosp","quantile",0.1,398,"COVID-19"
"DE-MV","00+",2022-03-23,2022-02-27,"-24 day ahead inc hosp","quantile",0.25,399,"COVID-19"
"DE-MV","00+",2022-03-23,2022-02-27,"-24 day ahead inc hosp","quantile",0.5,401,"COVID-19"
"DE-MV","00+",2022-03-23,2022-02-27,"-24 day ahead inc hosp","quantile",0.75,404,"COVID-19"
"DE-MV","00+",2022-03-23,2022-02-27,"-24 day ahead inc hosp","quantile",0.9,407,"COVID-19"
"DE-MV","00+",2022-03-23,2022-02-27,"-24 day ahead inc hosp","quantile",0.975,412,"COVID-19"
"DE-MV","00+",2022-03-23,2022-02-26,"-25 day ahead inc hosp","mean",NA,392,"COVID-19"
"DE-MV","00+",2022-03-23,2022-02-26,"-25 day ahead inc hosp","quantile",0.025,387,"COVID-19"
"DE-MV","00+",2022-03-23,2022-02-26,"-25 day ahead inc hosp","quantile",0.1,388,"COVID-19"
"DE-MV","00+",2022-03-23,2022-02-26,"-25 day ahead inc hosp","quantile",0.25,389,"COVID-19"
"DE-MV","00+",2022-03-23,2022-02-26,"-25 day ahead inc hosp","quantile",0.5,391,"COVID-19"
"DE-MV","00+",2022-03-23,2022-02-26,"-25 day ahead inc hosp","quantile",0.75,394,"COVID-19"
"DE-MV","00+",2022-03-23,2022-02-26,"-25 day ahead inc hosp","quantile",0.9,396,"COVID-19"
"DE-MV","00+",2022-03-23,2022-02-26,"-25 day ahead inc hosp","quantile",0.975,400,"COVID-19"
"DE-MV","00+",2022-03-23,2022-02-25,"-26 day ahead inc hosp","mean",NA,404,"COVID-19"
"DE-MV","00+",2022-03-23,2022-02-25,"-26 day ahead inc hosp","quantile",0.025,399,"COVID-19"
"DE-MV","00+",2022-03-23,2022-02-25,"-26 day ahead inc hosp","quantile",0.1,400,"COVID-19"
"DE-MV","00+",2022-03-23,2022-02-25,"-26 day ahead inc hosp","quantile",0.25,401,"COVID-19"
"DE-MV","00+",2022-03-23,2022-02-25,"-26 day ahead inc hosp","quantile",0.5,403,"COVID-19"
"DE-MV","00+",2022-03-23,2022-02-25,"-26 day ahead inc hosp","quantile",0.75,405,"COVID-19"
"DE-MV","00+",2022-03-23,2022-02-25,"-26 day ahead inc hosp","quantile",0.9,408,"COVID-19"
"DE-MV","00+",2022-03-23,2022-02-25,"-26 day ahead inc hosp","quantile",0.975,412,"COVID-19"
"DE-MV","00+",2022-03-23,2022-02-24,"-27 day ahead inc hosp","mean",NA,421,"COVID-19"
"DE-MV","00+",2022-03-23,2022-02-24,"-27 day ahead inc hosp","quantile",0.025,416,"COVID-19"
"DE-MV","00+",2022-03-23,2022-02-24,"-27 day ahead inc hosp","quantile",0.1,417,"COVID-19"
"DE-MV","00+",2022-03-23,2022-02-24,"-27 day ahead inc hosp","quantile",0.25,418,"COVID-19"
"DE-MV","00+",2022-03-23,2022-02-24,"-27 day ahead inc hosp","quantile",0.5,420,"COVID-19"
"DE-MV","00+",2022-03-23,2022-02-24,"-27 day ahead inc hosp","quantile",0.75,422,"COVID-19"
"DE-MV","00+",2022-03-23,2022-02-24,"-27 day ahead inc hosp","quantile",0.9,425,"COVID-19"
"DE-MV","00+",2022-03-23,2022-02-24,"-27 day ahead inc hosp","quantile",0.975,428,"COVID-19"
"DE-MV","00+",2022-03-23,2022-02-23,"-28 day ahead inc hosp","mean",NA,386,"COVID-19"
"DE-MV","00+",2022-03-23,2022-02-23,"-28 day ahead inc hosp","quantile",0.025,382,"COVID-19"
"DE-MV","00+",2022-03-23,2022-02-23,"-28 day ahead inc hosp","quantile",0.1,383,"COVID-19"
"DE-MV","00+",2022-03-23,2022-02-23,"-28 day ahead inc hosp","quantile",0.25,384,"COVID-19"
"DE-MV","00+",2022-03-23,2022-02-23,"-28 day ahead inc hosp","quantile",0.5,385,"COVID-19"
"DE-MV","00+",2022-03-23,2022-02-23,"-28 day ahead inc hosp","quantile",0.75,387,"COVID-19"
"DE-MV","00+",2022-03-23,2022-02-23,"-28 day ahead inc hosp","quantile",0.9,390,"COVID-19"
"DE-MV","00+",2022-03-23,2022-02-23,"-28 day ahead inc hosp","quantile",0.975,392,"COVID-19"
"DE-NI","00+",2022-03-23,2022-03-23,"0 day ahead inc hosp","mean",NA,810,"COVID-19"
"DE-NI","00+",2022-03-23,2022-03-23,"0 day ahead inc hosp","quantile",0.025,636,"COVID-19"
"DE-NI","00+",2022-03-23,2022-03-23,"0 day ahead inc hosp","quantile",0.1,685,"COVID-19"
"DE-NI","00+",2022-03-23,2022-03-23,"0 day ahead inc hosp","quantile",0.25,735,"COVID-19"
"DE-NI","00+",2022-03-23,2022-03-23,"0 day ahead inc hosp","quantile",0.5,800,"COVID-19"
"DE-NI","00+",2022-03-23,2022-03-23,"0 day ahead inc hosp","quantile",0.75,874,"COVID-19"
"DE-NI","00+",2022-03-23,2022-03-23,"0 day ahead inc hosp","quantile",0.9,949,"COVID-19"
"DE-NI","00+",2022-03-23,2022-03-23,"0 day ahead inc hosp","quantile",0.975,1042,"COVID-19"
"DE-NI","00+",2022-03-23,2022-03-22,"-1 day ahead inc hosp","mean",NA,808,"COVID-19"
"DE-NI","00+",2022-03-23,2022-03-22,"-1 day ahead inc hosp","quantile",0.025,667,"COVID-19"
"DE-NI","00+",2022-03-23,2022-03-22,"-1 day ahead inc hosp","quantile",0.1,706,"COVID-19"
"DE-NI","00+",2022-03-23,2022-03-22,"-1 day ahead inc hosp","quantile",0.25,747,"COVID-19"
"DE-NI","00+",2022-03-23,2022-03-22,"-1 day ahead inc hosp","quantile",0.5,800,"COVID-19"
"DE-NI","00+",2022-03-23,2022-03-22,"-1 day ahead inc hosp","quantile",0.75,860,"COVID-19"
"DE-NI","00+",2022-03-23,2022-03-22,"-1 day ahead inc hosp","quantile",0.9,921,"COVID-19"
"DE-NI","00+",2022-03-23,2022-03-22,"-1 day ahead inc hosp","quantile",0.975,998,"COVID-19"
"DE-NI","00+",2022-03-23,2022-03-21,"-2 day ahead inc hosp","mean",NA,761,"COVID-19"
"DE-NI","00+",2022-03-23,2022-03-21,"-2 day ahead inc hosp","quantile",0.025,652,"COVID-19"
"DE-NI","00+",2022-03-23,2022-03-21,"-2 day ahead inc hosp","quantile",0.1,682,"COVID-19"
"DE-NI","00+",2022-03-23,2022-03-21,"-2 day ahead inc hosp","quantile",0.25,714,"COVID-19"
"DE-NI","00+",2022-03-23,2022-03-21,"-2 day ahead inc hosp","quantile",0.5,754,"COVID-19"
"DE-NI","00+",2022-03-23,2022-03-21,"-2 day ahead inc hosp","quantile",0.75,801,"COVID-19"
"DE-NI","00+",2022-03-23,2022-03-21,"-2 day ahead inc hosp","quantile",0.9,848,"COVID-19"
"DE-NI","00+",2022-03-23,2022-03-21,"-2 day ahead inc hosp","quantile",0.975,907,"COVID-19"
"DE-NI","00+",2022-03-23,2022-03-20,"-3 day ahead inc hosp","mean",NA,779,"COVID-19"
"DE-NI","00+",2022-03-23,2022-03-20,"-3 day ahead inc hosp","quantile",0.025,673,"COVID-19"
"DE-NI","00+",2022-03-23,2022-03-20,"-3 day ahead inc hosp","quantile",0.1,703,"COVID-19"
"DE-NI","00+",2022-03-23,2022-03-20,"-3 day ahead inc hosp","quantile",0.25,734,"COVID-19"
"DE-NI","00+",2022-03-23,2022-03-20,"-3 day ahead inc hosp","quantile",0.5,773,"COVID-19"
"DE-NI","00+",2022-03-23,2022-03-20,"-3 day ahead inc hosp","quantile",0.75,817,"COVID-19"
"DE-NI","00+",2022-03-23,2022-03-20,"-3 day ahead inc hosp","quantile",0.9,862,"COVID-19"
"DE-NI","00+",2022-03-23,2022-03-20,"-3 day ahead inc hosp","quantile",0.975,918,"COVID-19"
"DE-NI","00+",2022-03-23,2022-03-19,"-4 day ahead inc hosp","mean",NA,795,"COVID-19"
"DE-NI","00+",2022-03-23,2022-03-19,"-4 day ahead inc hosp","quantile",0.025,696,"COVID-19"
"DE-NI","00+",2022-03-23,2022-03-19,"-4 day ahead inc hosp","quantile",0.1,724,"COVID-19"
"DE-NI","00+",2022-03-23,2022-03-19,"-4 day ahead inc hosp","quantile",0.25,753,"COVID-19"
"DE-NI","00+",2022-03-23,2022-03-19,"-4 day ahead inc hosp","quantile",0.5,789,"COVID-19"
"DE-NI","00+",2022-03-23,2022-03-19,"-4 day ahead inc hosp","quantile",0.75,831,"COVID-19"
"DE-NI","00+",2022-03-23,2022-03-19,"-4 day ahead inc hosp","quantile",0.9,874,"COVID-19"
"DE-NI","00+",2022-03-23,2022-03-19,"-4 day ahead inc hosp","quantile",0.975,927,"COVID-19"
"DE-NI","00+",2022-03-23,2022-03-18,"-5 day ahead inc hosp","mean",NA,750,"COVID-19"
"DE-NI","00+",2022-03-23,2022-03-18,"-5 day ahead inc hosp","quantile",0.025,668,"COVID-19"
"DE-NI","00+",2022-03-23,2022-03-18,"-5 day ahead inc hosp","quantile",0.1,691,"COVID-19"
"DE-NI","00+",2022-03-23,2022-03-18,"-5 day ahead inc hosp","quantile",0.25,715,"COVID-19"
"DE-NI","00+",2022-03-23,2022-03-18,"-5 day ahead inc hosp","quantile",0.5,746,"COVID-19"
"DE-NI","00+",2022-03-23,2022-03-18,"-5 day ahead inc hosp","quantile",0.75,781,"COVID-19"
"DE-NI","00+",2022-03-23,2022-03-18,"-5 day ahead inc hosp","quantile",0.9,816,"COVID-19"
"DE-NI","00+",2022-03-23,2022-03-18,"-5 day ahead inc hosp","quantile",0.975,859,"COVID-19"
"DE-NI","00+",2022-03-23,2022-03-17,"-6 day ahead inc hosp","mean",NA,740,"COVID-19"
"DE-NI","00+",2022-03-23,2022-03-17,"-6 day ahead inc hosp","quantile",0.025,667,"COVID-19"
"DE-NI","00+",2022-03-23,2022-03-17,"-6 day ahead inc hosp","quantile",0.1,688,"COVID-19"
"DE-NI","00+",2022-03-23,2022-03-17,"-6 day ahead inc hosp","quantile",0.25,709,"COVID-19"
"DE-NI","00+",2022-03-23,2022-03-17,"-6 day ahead inc hosp","quantile",0.5,736,"COVID-19"
"DE-NI","00+",2022-03-23,2022-03-17,"-6 day ahead inc hosp","quantile",0.75,766,"COVID-19"
"DE-NI","00+",2022-03-23,2022-03-17,"-6 day ahead inc hosp","quantile",0.9,798,"COVID-19"
"DE-NI","00+",2022-03-23,2022-03-17,"-6 day ahead inc hosp","quantile",0.975,837,"COVID-19"
"DE-NI","00+",2022-03-23,2022-03-16,"-7 day ahead inc hosp","mean",NA,702,"COVID-19"
"DE-NI","00+",2022-03-23,2022-03-16,"-7 day ahead inc hosp","quantile",0.025,638,"COVID-19"
"DE-NI","00+",2022-03-23,2022-03-16,"-7 day ahead inc hosp","quantile",0.1,656,"COVID-19"
"DE-NI","00+",2022-03-23,2022-03-16,"-7 day ahead inc hosp","quantile",0.25,674,"COVID-19"
"DE-NI","00+",2022-03-23,2022-03-16,"-7 day ahead inc hosp","quantile",0.5,698,"COVID-19"
"DE-NI","00+",2022-03-23,2022-03-16,"-7 day ahead inc hosp","quantile",0.75,726,"COVID-19"
"DE-NI","00+",2022-03-23,2022-03-16,"-7 day ahead inc hosp","quantile",0.9,754,"COVID-19"
"DE-NI","00+",2022-03-23,2022-03-16,"-7 day ahead inc hosp","quantile",0.975,790,"COVID-19"
"DE-NI","00+",2022-03-23,2022-03-15,"-8 day ahead inc hosp","mean",NA,641,"COVID-19"
"DE-NI","00+",2022-03-23,2022-03-15,"-8 day ahead inc hosp","quantile",0.025,588,"COVID-19"
"DE-NI","00+",2022-03-23,2022-03-15,"-8 day ahead inc hosp","quantile",0.1,602,"COVID-19"
"DE-NI","00+",2022-03-23,2022-03-15,"-8 day ahead inc hosp","quantile",0.25,617,"COVID-19"
"DE-NI","00+",2022-03-23,2022-03-15,"-8 day ahead inc hosp","quantile",0.5,637,"COVID-19"
"DE-NI","00+",2022-03-23,2022-03-15,"-8 day ahead inc hosp","quantile",0.75,660,"COVID-19"
"DE-NI","00+",2022-03-23,2022-03-15,"-8 day ahead inc hosp","quantile",0.9,684,"COVID-19"
"DE-NI","00+",2022-03-23,2022-03-15,"-8 day ahead inc hosp","quantile",0.975,713,"COVID-19"
"DE-NI","00+",2022-03-23,2022-03-14,"-9 day ahead inc hosp","mean",NA,640,"COVID-19"
"DE-NI","00+",2022-03-23,2022-03-14,"-9 day ahead inc hosp","quantile",0.025,593,"COVID-19"
"DE-NI","00+",2022-03-23,2022-03-14,"-9 day ahead inc hosp","quantile",0.1,606,"COVID-19"
"DE-NI","00+",2022-03-23,2022-03-14,"-9 day ahead inc hosp","quantile",0.25,619,"COVID-19"
"DE-NI","00+",2022-03-23,2022-03-14,"-9 day ahead inc hosp","quantile",0.5,637,"COVID-19"
"DE-NI","00+",2022-03-23,2022-03-14,"-9 day ahead inc hosp","quantile",0.75,658,"COVID-19"
"DE-NI","00+",2022-03-23,2022-03-14,"-9 day ahead inc hosp","quantile",0.9,680,"COVID-19"
"DE-NI","00+",2022-03-23,2022-03-14,"-9 day ahead inc hosp","quantile",0.975,707,"COVID-19"
"DE-NI","00+",2022-03-23,2022-03-13,"-10 day ahead inc hosp","mean",NA,629,"COVID-19"
"DE-NI","00+",2022-03-23,2022-03-13,"-10 day ahead inc hosp","quantile",0.025,583,"COVID-19"
"DE-NI","00+",2022-03-23,2022-03-13,"-10 day ahead inc hosp","quantile",0.1,595,"COVID-19"
"DE-NI","00+",2022-03-23,2022-03-13,"-10 day ahead inc hosp","quantile",0.25,608,"COVID-19"
"DE-NI","00+",2022-03-23,2022-03-13,"-10 day ahead inc hosp","quantile",0.5,626,"COVID-19"
"DE-NI","00+",2022-03-23,2022-03-13,"-10 day ahead inc hosp","quantile",0.75,646,"COVID-19"
"DE-NI","00+",2022-03-23,2022-03-13,"-10 day ahead inc hosp","quantile",0.9,668,"COVID-19"
"DE-NI","00+",2022-03-23,2022-03-13,"-10 day ahead inc hosp","quantile",0.975,696,"COVID-19"
"DE-NI","00+",2022-03-23,2022-03-12,"-11 day ahead inc hosp","mean",NA,601,"COVID-19"
"DE-NI","00+",2022-03-23,2022-03-12,"-11 day ahead inc hosp","quantile",0.025,557,"COVID-19"
"DE-NI","00+",2022-03-23,2022-03-12,"-11 day ahead inc hosp","quantile",0.1,568,"COVID-19"
"DE-NI","00+",2022-03-23,2022-03-12,"-11 day ahead inc hosp","quantile",0.25,581,"COVID-19"
"DE-NI","00+",2022-03-23,2022-03-12,"-11 day ahead inc hosp","quantile",0.5,597,"COVID-19"
"DE-NI","00+",2022-03-23,2022-03-12,"-11 day ahead inc hosp","quantile",0.75,617,"COVID-19"
"DE-NI","00+",2022-03-23,2022-03-12,"-11 day ahead inc hosp","quantile",0.9,638,"COVID-19"
"DE-NI","00+",2022-03-23,2022-03-12,"-11 day ahead inc hosp","quantile",0.975,664,"COVID-19"
"DE-NI","00+",2022-03-23,2022-03-11,"-12 day ahead inc hosp","mean",NA,594,"COVID-19"
"DE-NI","00+",2022-03-23,2022-03-11,"-12 day ahead inc hosp","quantile",0.025,553,"COVID-19"
"DE-NI","00+",2022-03-23,2022-03-11,"-12 day ahead inc hosp","quantile",0.1,563,"COVID-19"
"DE-NI","00+",2022-03-23,2022-03-11,"-12 day ahead inc hosp","quantile",0.25,575,"COVID-19"
"DE-NI","00+",2022-03-23,2022-03-11,"-12 day ahead inc hosp","quantile",0.5,590,"COVID-19"
"DE-NI","00+",2022-03-23,2022-03-11,"-12 day ahead inc hosp","quantile",0.75,609,"COVID-19"
"DE-NI","00+",2022-03-23,2022-03-11,"-12 day ahead inc hosp","quantile",0.9,628,"COVID-19"
"DE-NI","00+",2022-03-23,2022-03-11,"-12 day ahead inc hosp","quantile",0.975,653,"COVID-19"
"DE-NI","00+",2022-03-23,2022-03-10,"-13 day ahead inc hosp","mean",NA,606,"COVID-19"
"DE-NI","00+",2022-03-23,2022-03-10,"-13 day ahead inc hosp","quantile",0.025,570,"COVID-19"
"DE-NI","00+",2022-03-23,2022-03-10,"-13 day ahead inc hosp","quantile",0.1,579,"COVID-19"
"DE-NI","00+",2022-03-23,2022-03-10,"-13 day ahead inc hosp","quantile",0.25,589,"COVID-19"
"DE-NI","00+",2022-03-23,2022-03-10,"-13 day ahead inc hosp","quantile",0.5,603,"COVID-19"
"DE-NI","00+",2022-03-23,2022-03-10,"-13 day ahead inc hosp","quantile",0.75,620,"COVID-19"
"DE-NI","00+",2022-03-23,2022-03-10,"-13 day ahead inc hosp","quantile",0.9,639,"COVID-19"
"DE-NI","00+",2022-03-23,2022-03-10,"-13 day ahead inc hosp","quantile",0.975,663,"COVID-19"
"DE-NI","00+",2022-03-23,2022-03-09,"-14 day ahead inc hosp","mean",NA,635,"COVID-19"
"DE-NI","00+",2022-03-23,2022-03-09,"-14 day ahead inc hosp","quantile",0.025,599,"COVID-19"
"DE-NI","00+",2022-03-23,2022-03-09,"-14 day ahead inc hosp","quantile",0.1,608,"COVID-19"
"DE-NI","00+",2022-03-23,2022-03-09,"-14 day ahead inc hosp","quantile",0.25,618,"COVID-19"
"DE-NI","00+",2022-03-23,2022-03-09,"-14 day ahead inc hosp","quantile",0.5,632,"COVID-19"
"DE-NI","00+",2022-03-23,2022-03-09,"-14 day ahead inc hosp","quantile",0.75,649,"COVID-19"
"DE-NI","00+",2022-03-23,2022-03-09,"-14 day ahead inc hosp","quantile",0.9,667,"COVID-19"
"DE-NI","00+",2022-03-23,2022-03-09,"-14 day ahead inc hosp","quantile",0.975,692,"COVID-19"
"DE-NI","00+",2022-03-23,2022-03-08,"-15 day ahead inc hosp","mean",NA,651,"COVID-19"
"DE-NI","00+",2022-03-23,2022-03-08,"-15 day ahead inc hosp","quantile",0.025,617,"COVID-19"
"DE-NI","00+",2022-03-23,2022-03-08,"-15 day ahead inc hosp","quantile",0.1,625,"COVID-19"
"DE-NI","00+",2022-03-23,2022-03-08,"-15 day ahead inc hosp","quantile",0.25,634,"COVID-19"
"DE-NI","00+",2022-03-23,2022-03-08,"-15 day ahead inc hosp","quantile",0.5,647,"COVID-19"
"DE-NI","00+",2022-03-23,2022-03-08,"-15 day ahead inc hosp","quantile",0.75,663,"COVID-19"
"DE-NI","00+",2022-03-23,2022-03-08,"-15 day ahead inc hosp","quantile",0.9,681,"COVID-19"
"DE-NI","00+",2022-03-23,2022-03-08,"-15 day ahead inc hosp","quantile",0.975,703,"COVID-19"
"DE-NI","00+",2022-03-23,2022-03-07,"-16 day ahead inc hosp","mean",NA,639,"COVID-19"
"DE-NI","00+",2022-03-23,2022-03-07,"-16 day ahead inc hosp","quantile",0.025,610,"COVID-19"
"DE-NI","00+",2022-03-23,2022-03-07,"-16 day ahead inc hosp","quantile",0.1,617,"COVID-19"
"DE-NI","00+",2022-03-23,2022-03-07,"-16 day ahead inc hosp","quantile",0.25,625,"COVID-19"
"DE-NI","00+",2022-03-23,2022-03-07,"-16 day ahead inc hosp","quantile",0.5,636,"COVID-19"
"DE-NI","00+",2022-03-23,2022-03-07,"-16 day ahead inc hosp","quantile",0.75,650,"COVID-19"
"DE-NI","00+",2022-03-23,2022-03-07,"-16 day ahead inc hosp","quantile",0.9,666,"COVID-19"
"DE-NI","00+",2022-03-23,2022-03-07,"-16 day ahead inc hosp","quantile",0.975,686,"COVID-19"
"DE-NI","00+",2022-03-23,2022-03-06,"-17 day ahead inc hosp","mean",NA,631,"COVID-19"
"DE-NI","00+",2022-03-23,2022-03-06,"-17 day ahead inc hosp","quantile",0.025,603,"COVID-19"
"DE-NI","00+",2022-03-23,2022-03-06,"-17 day ahead inc hosp","quantile",0.1,609,"COVID-19"
"DE-NI","00+",2022-03-23,2022-03-06,"-17 day ahead inc hosp","quantile",0.25,617,"COVID-19"
"DE-NI","00+",2022-03-23,2022-03-06,"-17 day ahead inc hosp","quantile",0.5,628,"COVID-19"
"DE-NI","00+",2022-03-23,2022-03-06,"-17 day ahead inc hosp","quantile",0.75,642,"COVID-19"
"DE-NI","00+",2022-03-23,2022-03-06,"-17 day ahead inc hosp","quantile",0.9,658,"COVID-19"
"DE-NI","00+",2022-03-23,2022-03-06,"-17 day ahead inc hosp","quantile",0.975,678,"COVID-19"
"DE-NI","00+",2022-03-23,2022-03-05,"-18 day ahead inc hosp","mean",NA,640,"COVID-19"
"DE-NI","00+",2022-03-23,2022-03-05,"-18 day ahead inc hosp","quantile",0.025,612,"COVID-19"
"DE-NI","00+",2022-03-23,2022-03-05,"-18 day ahead inc hosp","quantile",0.1,619,"COVID-19"
"DE-NI","00+",2022-03-23,2022-03-05,"-18 day ahead inc hosp","quantile",0.25,626,"COVID-19"
"DE-NI","00+",2022-03-23,2022-03-05,"-18 day ahead inc hosp","quantile",0.5,637,"COVID-19"
"DE-NI","00+",2022-03-23,2022-03-05,"-18 day ahead inc hosp","quantile",0.75,651,"COVID-19"
"DE-NI","00+",2022-03-23,2022-03-05,"-18 day ahead inc hosp","quantile",0.9,666,"COVID-19"
"DE-NI","00+",2022-03-23,2022-03-05,"-18 day ahead inc hosp","quantile",0.975,686,"COVID-19"
"DE-NI","00+",2022-03-23,2022-03-04,"-19 day ahead inc hosp","mean",NA,632,"COVID-19"
"DE-NI","00+",2022-03-23,2022-03-04,"-19 day ahead inc hosp","quantile",0.025,606,"COVID-19"
"DE-NI","00+",2022-03-23,2022-03-04,"-19 day ahead inc hosp","quantile",0.1,612,"COVID-19"
"DE-NI","00+",2022-03-23,2022-03-04,"-19 day ahead inc hosp","quantile",0.25,619,"COVID-19"
"DE-NI","00+",2022-03-23,2022-03-04,"-19 day ahead inc hosp","quantile",0.5,629,"COVID-19"
"DE-NI","00+",2022-03-23,2022-03-04,"-19 day ahead inc hosp","quantile",0.75,642,"COVID-19"
"DE-NI","00+",2022-03-23,2022-03-04,"-19 day ahead inc hosp","quantile",0.9,656,"COVID-19"
"DE-NI","00+",2022-03-23,2022-03-04,"-19 day ahead inc hosp","quantile",0.975,675,"COVID-19"
"DE-NI","00+",2022-03-23,2022-03-03,"-20 day ahead inc hosp","mean",NA,585,"COVID-19"
"DE-NI","00+",2022-03-23,2022-03-03,"-20 day ahead inc hosp","quantile",0.025,562,"COVID-19"
"DE-NI","00+",2022-03-23,2022-03-03,"-20 day ahead inc hosp","quantile",0.1,567,"COVID-19"
"DE-NI","00+",2022-03-23,2022-03-03,"-20 day ahead inc hosp","quantile",0.25,573,"COVID-19"
"DE-NI","00+",2022-03-23,2022-03-03,"-20 day ahead inc hosp","quantile",0.5,582,"COVID-19"
"DE-NI","00+",2022-03-23,2022-03-03,"-20 day ahead inc hosp","quantile",0.75,593,"COVID-19"
"DE-NI","00+",2022-03-23,2022-03-03,"-20 day ahead inc hosp","quantile",0.9,605,"COVID-19"
"DE-NI","00+",2022-03-23,2022-03-03,"-20 day ahead inc hosp","quantile",0.975,622,"COVID-19"
"DE-NI","00+",2022-03-23,2022-03-02,"-21 day ahead inc hosp","mean",NA,568,"COVID-19"
"DE-NI","00+",2022-03-23,2022-03-02,"-21 day ahead inc hosp","quantile",0.025,548,"COVID-19"
"DE-NI","00+",2022-03-23,2022-03-02,"-21 day ahead inc hosp","quantile",0.1,552,"COVID-19"
"DE-NI","00+",2022-03-23,2022-03-02,"-21 day ahead inc hosp","quantile",0.25,558,"COVID-19"
"DE-NI","00+",2022-03-23,2022-03-02,"-21 day ahead inc hosp","quantile",0.5,565,"COVID-19"
"DE-NI","00+",2022-03-23,2022-03-02,"-21 day ahead inc hosp","quantile",0.75,576,"COVID-19"
"DE-NI","00+",2022-03-23,2022-03-02,"-21 day ahead inc hosp","quantile",0.9,587,"COVID-19"
"DE-NI","00+",2022-03-23,2022-03-02,"-21 day ahead inc hosp","quantile",0.975,603,"COVID-19"
"DE-NI","00+",2022-03-23,2022-03-01,"-22 day ahead inc hosp","mean",NA,583,"COVID-19"
"DE-NI","00+",2022-03-23,2022-03-01,"-22 day ahead inc hosp","quantile",0.025,564,"COVID-19"
"DE-NI","00+",2022-03-23,2022-03-01,"-22 day ahead inc hosp","quantile",0.1,568,"COVID-19"
"DE-NI","00+",2022-03-23,2022-03-01,"-22 day ahead inc hosp","quantile",0.25,573,"COVID-19"
"DE-NI","00+",2022-03-23,2022-03-01,"-22 day ahead inc hosp","quantile",0.5,580,"COVID-19"
"DE-NI","00+",2022-03-23,2022-03-01,"-22 day ahead inc hosp","quantile",0.75,590,"COVID-19"
"DE-NI","00+",2022-03-23,2022-03-01,"-22 day ahead inc hosp","quantile",0.9,601,"COVID-19"
"DE-NI","00+",2022-03-23,2022-03-01,"-22 day ahead inc hosp","quantile",0.975,616,"COVID-19"
"DE-NI","00+",2022-03-23,2022-02-28,"-23 day ahead inc hosp","mean",NA,588,"COVID-19"
"DE-NI","00+",2022-03-23,2022-02-28,"-23 day ahead inc hosp","quantile",0.025,571,"COVID-19"
"DE-NI","00+",2022-03-23,2022-02-28,"-23 day ahead inc hosp","quantile",0.1,574,"COVID-19"
"DE-NI","00+",2022-03-23,2022-02-28,"-23 day ahead inc hosp","quantile",0.25,579,"COVID-19"
"DE-NI","00+",2022-03-23,2022-02-28,"-23 day ahead inc hosp","quantile",0.5,586,"COVID-19"
"DE-NI","00+",2022-03-23,2022-02-28,"-23 day ahead inc hosp","quantile",0.75,595,"COVID-19"
"DE-NI","00+",2022-03-23,2022-02-28,"-23 day ahead inc hosp","quantile",0.9,606,"COVID-19"
"DE-NI","00+",2022-03-23,2022-02-28,"-23 day ahead inc hosp","quantile",0.975,620,"COVID-19"
"DE-NI","00+",2022-03-23,2022-02-27,"-24 day ahead inc hosp","mean",NA,593,"COVID-19"
"DE-NI","00+",2022-03-23,2022-02-27,"-24 day ahead inc hosp","quantile",0.025,576,"COVID-19"
"DE-NI","00+",2022-03-23,2022-02-27,"-24 day ahead inc hosp","quantile",0.1,579,"COVID-19"
"DE-NI","00+",2022-03-23,2022-02-27,"-24 day ahead inc hosp","quantile",0.25,584,"COVID-19"
"DE-NI","00+",2022-03-23,2022-02-27,"-24 day ahead inc hosp","quantile",0.5,590,"COVID-19"
"DE-NI","00+",2022-03-23,2022-02-27,"-24 day ahead inc hosp","quantile",0.75,600,"COVID-19"
"DE-NI","00+",2022-03-23,2022-02-27,"-24 day ahead inc hosp","quantile",0.9,610,"COVID-19"
"DE-NI","00+",2022-03-23,2022-02-27,"-24 day ahead inc hosp","quantile",0.975,624,"COVID-19"
"DE-NI","00+",2022-03-23,2022-02-26,"-25 day ahead inc hosp","mean",NA,606,"COVID-19"
"DE-NI","00+",2022-03-23,2022-02-26,"-25 day ahead inc hosp","quantile",0.025,590,"COVID-19"
"DE-NI","00+",2022-03-23,2022-02-26,"-25 day ahead inc hosp","quantile",0.1,593,"COVID-19"
"DE-NI","00+",2022-03-23,2022-02-26,"-25 day ahead inc hosp","quantile",0.25,597,"COVID-19"
"DE-NI","00+",2022-03-23,2022-02-26,"-25 day ahead inc hosp","quantile",0.5,604,"COVID-19"
"DE-NI","00+",2022-03-23,2022-02-26,"-25 day ahead inc hosp","quantile",0.75,613,"COVID-19"
"DE-NI","00+",2022-03-23,2022-02-26,"-25 day ahead inc hosp","quantile",0.9,623,"COVID-19"
"DE-NI","00+",2022-03-23,2022-02-26,"-25 day ahead inc hosp","quantile",0.975,637,"COVID-19"
"DE-NI","00+",2022-03-23,2022-02-25,"-26 day ahead inc hosp","mean",NA,602,"COVID-19"
"DE-NI","00+",2022-03-23,2022-02-25,"-26 day ahead inc hosp","quantile",0.025,586,"COVID-19"
"DE-NI","00+",2022-03-23,2022-02-25,"-26 day ahead inc hosp","quantile",0.1,589,"COVID-19"
"DE-NI","00+",2022-03-23,2022-02-25,"-26 day ahead inc hosp","quantile",0.25,593,"COVID-19"
"DE-NI","00+",2022-03-23,2022-02-25,"-26 day ahead inc hosp","quantile",0.5,599,"COVID-19"
"DE-NI","00+",2022-03-23,2022-02-25,"-26 day ahead inc hosp","quantile",0.75,608,"COVID-19"
"DE-NI","00+",2022-03-23,2022-02-25,"-26 day ahead inc hosp","quantile",0.9,617,"COVID-19"
"DE-NI","00+",2022-03-23,2022-02-25,"-26 day ahead inc hosp","quantile",0.975,630,"COVID-19"
"DE-NI","00+",2022-03-23,2022-02-24,"-27 day ahead inc hosp","mean",NA,611,"COVID-19"
"DE-NI","00+",2022-03-23,2022-02-24,"-27 day ahead inc hosp","quantile",0.025,597,"COVID-19"
"DE-NI","00+",2022-03-23,2022-02-24,"-27 day ahead inc hosp","quantile",0.1,600,"COVID-19"
"DE-NI","00+",2022-03-23,2022-02-24,"-27 day ahead inc hosp","quantile",0.25,603,"COVID-19"
"DE-NI","00+",2022-03-23,2022-02-24,"-27 day ahead inc hosp","quantile",0.5,609,"COVID-19"
"DE-NI","00+",2022-03-23,2022-02-24,"-27 day ahead inc hosp","quantile",0.75,617,"COVID-19"
"DE-NI","00+",2022-03-23,2022-02-24,"-27 day ahead inc hosp","quantile",0.9,626,"COVID-19"
"DE-NI","00+",2022-03-23,2022-02-24,"-27 day ahead inc hosp","quantile",0.975,638,"COVID-19"
"DE-NI","00+",2022-03-23,2022-02-23,"-28 day ahead inc hosp","mean",NA,594,"COVID-19"
"DE-NI","00+",2022-03-23,2022-02-23,"-28 day ahead inc hosp","quantile",0.025,582,"COVID-19"
"DE-NI","00+",2022-03-23,2022-02-23,"-28 day ahead inc hosp","quantile",0.1,584,"COVID-19"
"DE-NI","00+",2022-03-23,2022-02-23,"-28 day ahead inc hosp","quantile",0.25,587,"COVID-19"
"DE-NI","00+",2022-03-23,2022-02-23,"-28 day ahead inc hosp","quantile",0.5,593,"COVID-19"
"DE-NI","00+",2022-03-23,2022-02-23,"-28 day ahead inc hosp","quantile",0.75,600,"COVID-19"
"DE-NI","00+",2022-03-23,2022-02-23,"-28 day ahead inc hosp","quantile",0.9,608,"COVID-19"
"DE-NI","00+",2022-03-23,2022-02-23,"-28 day ahead inc hosp","quantile",0.975,619,"COVID-19"
"DE-NW","00+",2022-03-23,2022-03-23,"0 day ahead inc hosp","mean",NA,2558,"COVID-19"
"DE-NW","00+",2022-03-23,2022-03-23,"0 day ahead inc hosp","quantile",0.025,1840,"COVID-19"
"DE-NW","00+",2022-03-23,2022-03-23,"0 day ahead inc hosp","quantile",0.1,2032,"COVID-19"
"DE-NW","00+",2022-03-23,2022-03-23,"0 day ahead inc hosp","quantile",0.25,2239,"COVID-19"
"DE-NW","00+",2022-03-23,2022-03-23,"0 day ahead inc hosp","quantile",0.5,2508,"COVID-19"
"DE-NW","00+",2022-03-23,2022-03-23,"0 day ahead inc hosp","quantile",0.75,2823,"COVID-19"
"DE-NW","00+",2022-03-23,2022-03-23,"0 day ahead inc hosp","quantile",0.9,3147,"COVID-19"
"DE-NW","00+",2022-03-23,2022-03-23,"0 day ahead inc hosp","quantile",0.975,3557,"COVID-19"
"DE-NW","00+",2022-03-23,2022-03-22,"-1 day ahead inc hosp","mean",NA,2632,"COVID-19"
"DE-NW","00+",2022-03-23,2022-03-22,"-1 day ahead inc hosp","quantile",0.025,1995,"COVID-19"
"DE-NW","00+",2022-03-23,2022-03-22,"-1 day ahead inc hosp","quantile",0.1,2161,"COVID-19"
"DE-NW","00+",2022-03-23,2022-03-22,"-1 day ahead inc hosp","quantile",0.25,2343,"COVID-19"
"DE-NW","00+",2022-03-23,2022-03-22,"-1 day ahead inc hosp","quantile",0.5,2583,"COVID-19"
"DE-NW","00+",2022-03-23,2022-03-22,"-1 day ahead inc hosp","quantile",0.75,2869,"COVID-19"
"DE-NW","00+",2022-03-23,2022-03-22,"-1 day ahead inc hosp","quantile",0.9,3165,"COVID-19"
"DE-NW","00+",2022-03-23,2022-03-22,"-1 day ahead inc hosp","quantile",0.975,3544,"COVID-19"
"DE-NW","00+",2022-03-23,2022-03-21,"-2 day ahead inc hosp","mean",NA,2684,"COVID-19"
"DE-NW","00+",2022-03-23,2022-03-21,"-2 day ahead inc hosp","quantile",0.025,2144,"COVID-19"
"DE-NW","00+",2022-03-23,2022-03-21,"-2 day ahead inc hosp","quantile",0.1,2285,"COVID-19"
"DE-NW","00+",2022-03-23,2022-03-21,"-2 day ahead inc hosp","quantile",0.25,2439,"COVID-19"
"DE-NW","00+",2022-03-23,2022-03-21,"-2 day ahead inc hosp","quantile",0.5,2643,"COVID-19"
"DE-NW","00+",2022-03-23,2022-03-21,"-2 day ahead inc hosp","quantile",0.75,2885,"COVID-19"
"DE-NW","00+",2022-03-23,2022-03-21,"-2 day ahead inc hosp","quantile",0.9,3136,"COVID-19"
"DE-NW","00+",2022-03-23,2022-03-21,"-2 day ahead inc hosp","quantile",0.975,3457,"COVID-19"
"DE-NW","00+",2022-03-23,2022-03-20,"-3 day ahead inc hosp","mean",NA,2728,"COVID-19"
"DE-NW","00+",2022-03-23,2022-03-20,"-3 day ahead inc hosp","quantile",0.025,2216,"COVID-19"
"DE-NW","00+",2022-03-23,2022-03-20,"-3 day ahead inc hosp","quantile",0.1,2351,"COVID-19"
"DE-NW","00+",2022-03-23,2022-03-20,"-3 day ahead inc hosp","quantile",0.25,2498,"COVID-19"
"DE-NW","00+",2022-03-23,2022-03-20,"-3 day ahead inc hosp","quantile",0.5,2691,"COVID-19"
"DE-NW","00+",2022-03-23,2022-03-20,"-3 day ahead inc hosp","quantile",0.75,2918,"COVID-19"
"DE-NW","00+",2022-03-23,2022-03-20,"-3 day ahead inc hosp","quantile",0.9,3154,"COVID-19"
"DE-NW","00+",2022-03-23,2022-03-20,"-3 day ahead inc hosp","quantile",0.975,3453,"COVID-19"
"DE-NW","00+",2022-03-23,2022-03-19,"-4 day ahead inc hosp","mean",NA,2811,"COVID-19"
"DE-NW","00+",2022-03-23,2022-03-19,"-4 day ahead inc hosp","quantile",0.025,2303,"COVID-19"
"DE-NW","00+",2022-03-23,2022-03-19,"-4 day ahead inc hosp","quantile",0.1,2436,"COVID-19"
"DE-NW","00+",2022-03-23,2022-03-19,"-4 day ahead inc hosp","quantile",0.25,2582,"COVID-19"
"DE-NW","00+",2022-03-23,2022-03-19,"-4 day ahead inc hosp","quantile",0.5,2773,"COVID-19"
"DE-NW","00+",2022-03-23,2022-03-19,"-4 day ahead inc hosp","quantile",0.75,2999,"COVID-19"
"DE-NW","00+",2022-03-23,2022-03-19,"-4 day ahead inc hosp","quantile",0.9,3234,"COVID-19"
"DE-NW","00+",2022-03-23,2022-03-19,"-4 day ahead inc hosp","quantile",0.975,3532,"COVID-19"
"DE-NW","00+",2022-03-23,2022-03-18,"-5 day ahead inc hosp","mean",NA,2808,"COVID-19"
"DE-NW","00+",2022-03-23,2022-03-18,"-5 day ahead inc hosp","quantile",0.025,2331,"COVID-19"
"DE-NW","00+",2022-03-23,2022-03-18,"-5 day ahead inc hosp","quantile",0.1,2455,"COVID-19"
"DE-NW","00+",2022-03-23,2022-03-18,"-5 day ahead inc hosp","quantile",0.25,2591,"COVID-19"
"DE-NW","00+",2022-03-23,2022-03-18,"-5 day ahead inc hosp","quantile",0.5,2771,"COVID-19"
"DE-NW","00+",2022-03-23,2022-03-18,"-5 day ahead inc hosp","quantile",0.75,2985,"COVID-19"
"DE-NW","00+",2022-03-23,2022-03-18,"-5 day ahead inc hosp","quantile",0.9,3207,"COVID-19"
"DE-NW","00+",2022-03-23,2022-03-18,"-5 day ahead inc hosp","quantile",0.975,3491,"COVID-19"
"DE-NW","00+",2022-03-23,2022-03-17,"-6 day ahead inc hosp","mean",NA,2829,"COVID-19"
"DE-NW","00+",2022-03-23,2022-03-17,"-6 day ahead inc hosp","quantile",0.025,2387,"COVID-19"
"DE-NW","00+",2022-03-23,2022-03-17,"-6 day ahead inc hosp","quantile",0.1,2501,"COVID-19"
"DE-NW","00+",2022-03-23,2022-03-17,"-6 day ahead inc hosp","quantile",0.25,2626,"COVID-19"
"DE-NW","00+",2022-03-23,2022-03-17,"-6 day ahead inc hosp","quantile",0.5,2794,"COVID-19"
"DE-NW","00+",2022-03-23,2022-03-17,"-6 day ahead inc hosp","quantile",0.75,2993,"COVID-19"
"DE-NW","00+",2022-03-23,2022-03-17,"-6 day ahead inc hosp","quantile",0.9,3202,"COVID-19"
"DE-NW","00+",2022-03-23,2022-03-17,"-6 day ahead inc hosp","quantile",0.975,3470,"COVID-19"
"DE-NW","00+",2022-03-23,2022-03-16,"-7 day ahead inc hosp","mean",NA,2768,"COVID-19"
"DE-NW","00+",2022-03-23,2022-03-16,"-7 day ahead inc hosp","quantile",0.025,2372,"COVID-19"
"DE-NW","00+",2022-03-23,2022-03-16,"-7 day ahead inc hosp","quantile",0.1,2473,"COVID-19"
"DE-NW","00+",2022-03-23,2022-03-16,"-7 day ahead inc hosp","quantile",0.25,2584,"COVID-19"
"DE-NW","00+",2022-03-23,2022-03-16,"-7 day ahead inc hosp","quantile",0.5,2735,"COVID-19"
"DE-NW","00+",2022-03-23,2022-03-16,"-7 day ahead inc hosp","quantile",0.75,2915,"COVID-19"
"DE-NW","00+",2022-03-23,2022-03-16,"-7 day ahead inc hosp","quantile",0.9,3105,"COVID-19"
"DE-NW","00+",2022-03-23,2022-03-16,"-7 day ahead inc hosp","quantile",0.975,3348,"COVID-19"
"DE-NW","00+",2022-03-23,2022-03-15,"-8 day ahead inc hosp","mean",NA,2709,"COVID-19"
"DE-NW","00+",2022-03-23,2022-03-15,"-8 day ahead inc hosp","quantile",0.025,2358,"COVID-19"
"DE-NW","00+",2022-03-23,2022-03-15,"-8 day ahead inc hosp","quantile",0.1,2446,"COVID-19"
"DE-NW","00+",2022-03-23,2022-03-15,"-8 day ahead inc hosp","quantile",0.25,2545,"COVID-19"
"DE-NW","00+",2022-03-23,2022-03-15,"-8 day ahead inc hosp","quantile",0.5,2678,"COVID-19"
"DE-NW","00+",2022-03-23,2022-03-15,"-8 day ahead inc hosp","quantile",0.75,2840,"COVID-19"
"DE-NW","00+",2022-03-23,2022-03-15,"-8 day ahead inc hosp","quantile",0.9,3010,"COVID-19"
"DE-NW","00+",2022-03-23,2022-03-15,"-8 day ahead inc hosp","quantile",0.975,3230,"COVID-19"
"DE-NW","00+",2022-03-23,2022-03-14,"-9 day ahead inc hosp","mean",NA,2579,"COVID-19"
"DE-NW","00+",2022-03-23,2022-03-14,"-9 day ahead inc hosp","quantile",0.025,2281,"COVID-19"
"DE-NW","00+",2022-03-23,2022-03-14,"-9 day ahead inc hosp","quantile",0.1,2355,"COVID-19"
"DE-NW","00+",2022-03-23,2022-03-14,"-9 day ahead inc hosp","quantile",0.25,2439,"COVID-19"
"DE-NW","00+",2022-03-23,2022-03-14,"-9 day ahead inc hosp","quantile",0.5,2553,"COVID-19"
"DE-NW","00+",2022-03-23,2022-03-14,"-9 day ahead inc hosp","quantile",0.75,2691,"COVID-19"
"DE-NW","00+",2022-03-23,2022-03-14,"-9 day ahead inc hosp","quantile",0.9,2838,"COVID-19"
"DE-NW","00+",2022-03-23,2022-03-14,"-9 day ahead inc hosp","quantile",0.975,3027,"COVID-19"
"DE-NW","00+",2022-03-23,2022-03-13,"-10 day ahead inc hosp","mean",NA,2581,"COVID-19"
"DE-NW","00+",2022-03-23,2022-03-13,"-10 day ahead inc hosp","quantile",0.025,2291,"COVID-19"
"DE-NW","00+",2022-03-23,2022-03-13,"-10 day ahead inc hosp","quantile",0.1,2362,"COVID-19"
"DE-NW","00+",2022-03-23,2022-03-13,"-10 day ahead inc hosp","quantile",0.25,2443,"COVID-19"
"DE-NW","00+",2022-03-23,2022-03-13,"-10 day ahead inc hosp","quantile",0.5,2554,"COVID-19"
"DE-NW","00+",2022-03-23,2022-03-13,"-10 day ahead inc hosp","quantile",0.75,2690,"COVID-19"
"DE-NW","00+",2022-03-23,2022-03-13,"-10 day ahead inc hosp","quantile",0.9,2834,"COVID-19"
"DE-NW","00+",2022-03-23,2022-03-13,"-10 day ahead inc hosp","quantile",0.975,3021,"COVID-19"
"DE-NW","00+",2022-03-23,2022-03-12,"-11 day ahead inc hosp","mean",NA,2541,"COVID-19"
"DE-NW","00+",2022-03-23,2022-03-12,"-11 day ahead inc hosp","quantile",0.025,2263,"COVID-19"
"DE-NW","00+",2022-03-23,2022-03-12,"-11 day ahead inc hosp","quantile",0.1,2331,"COVID-19"
"DE-NW","00+",2022-03-23,2022-03-12,"-11 day ahead inc hosp","quantile",0.25,2408,"COVID-19"
"DE-NW","00+",2022-03-23,2022-03-12,"-11 day ahead inc hosp","quantile",0.5,2515,"COVID-19"
"DE-NW","00+",2022-03-23,2022-03-12,"-11 day ahead inc hosp","quantile",0.75,2645,"COVID-19"
"DE-NW","00+",2022-03-23,2022-03-12,"-11 day ahead inc hosp","quantile",0.9,2785,"COVID-19"
"DE-NW","00+",2022-03-23,2022-03-12,"-11 day ahead inc hosp","quantile",0.975,2966,"COVID-19"
"DE-NW","00+",2022-03-23,2022-03-11,"-12 day ahead inc hosp","mean",NA,2474,"COVID-19"
"DE-NW","00+",2022-03-23,2022-03-11,"-12 day ahead inc hosp","quantile",0.025,2220,"COVID-19"
"DE-NW","00+",2022-03-23,2022-03-11,"-12 day ahead inc hosp","quantile",0.1,2281,"COVID-19"
"DE-NW","00+",2022-03-23,2022-03-11,"-12 day ahead inc hosp","quantile",0.25,2352,"COVID-19"
"DE-NW","00+",2022-03-23,2022-03-11,"-12 day ahead inc hosp","quantile",0.5,2450,"COVID-19"
"DE-NW","00+",2022-03-23,2022-03-11,"-12 day ahead inc hosp","quantile",0.75,2569,"COVID-19"
"DE-NW","00+",2022-03-23,2022-03-11,"-12 day ahead inc hosp","quantile",0.9,2697,"COVID-19"
"DE-NW","00+",2022-03-23,2022-03-11,"-12 day ahead inc hosp","quantile",0.975,2864,"COVID-19"
"DE-NW","00+",2022-03-23,2022-03-10,"-13 day ahead inc hosp","mean",NA,2398,"COVID-19"
"DE-NW","00+",2022-03-23,2022-03-10,"-13 day ahead inc hosp","quantile",0.025,2169,"COVID-19"
"DE-NW","00+",2022-03-23,2022-03-10,"-13 day ahead inc hosp","quantile",0.1,2224,"COVID-19"
"DE-NW","00+",2022-03-23,2022-03-10,"-13 day ahead inc hosp","quantile",0.25,2287,"COVID-19"
"DE-NW","00+",2022-03-23,2022-03-10,"-13 day ahead inc hosp","quantile",0.5,2376,"COVID-19"
"DE-NW","00+",2022-03-23,2022-03-10,"-13 day ahead inc hosp","quantile",0.75,2485,"COVID-19"
"DE-NW","00+",2022-03-23,2022-03-10,"-13 day ahead inc hosp","quantile",0.9,2602,"COVID-19"
"DE-NW","00+",2022-03-23,2022-03-10,"-13 day ahead inc hosp","quantile",0.975,2756,"COVID-19"
"DE-NW","00+",2022-03-23,2022-03-09,"-14 day ahead inc hosp","mean",NA,2301,"COVID-19"
"DE-NW","00+",2022-03-23,2022-03-09,"-14 day ahead inc hosp","quantile",0.025,2099,"COVID-19"
"DE-NW","00+",2022-03-23,2022-03-09,"-14 day ahead inc hosp","quantile",0.1,2147,"COVID-19"
"DE-NW","00+",2022-03-23,2022-03-09,"-14 day ahead inc hosp","quantile",0.25,2203,"COVID-19"
"DE-NW","00+",2022-03-23,2022-03-09,"-14 day ahead inc hosp","quantile",0.5,2281,"COVID-19"
"DE-NW","00+",2022-03-23,2022-03-09,"-14 day ahead inc hosp","quantile",0.75,2378,"COVID-19"
"DE-NW","00+",2022-03-23,2022-03-09,"-14 day ahead inc hosp","quantile",0.9,2482,"COVID-19"
"DE-NW","00+",2022-03-23,2022-03-09,"-14 day ahead inc hosp","quantile",0.975,2619,"COVID-19"
"DE-NW","00+",2022-03-23,2022-03-08,"-15 day ahead inc hosp","mean",NA,2152,"COVID-19"
"DE-NW","00+",2022-03-23,2022-03-08,"-15 day ahead inc hosp","quantile",0.025,1981,"COVID-19"
"DE-NW","00+",2022-03-23,2022-03-08,"-15 day ahead inc hosp","quantile",0.1,2022,"COVID-19"
"DE-NW","00+",2022-03-23,2022-03-08,"-15 day ahead inc hosp","quantile",0.25,2069,"COVID-19"
"DE-NW","00+",2022-03-23,2022-03-08,"-15 day ahead inc hosp","quantile",0.5,2135,"COVID-19"
"DE-NW","00+",2022-03-23,2022-03-08,"-15 day ahead inc hosp","quantile",0.75,2217,"COVID-19"
"DE-NW","00+",2022-03-23,2022-03-08,"-15 day ahead inc hosp","quantile",0.9,2305,"COVID-19"
"DE-NW","00+",2022-03-23,2022-03-08,"-15 day ahead inc hosp","quantile",0.975,2420,"COVID-19"
"DE-NW","00+",2022-03-23,2022-03-07,"-16 day ahead inc hosp","mean",NA,2015,"COVID-19"
"DE-NW","00+",2022-03-23,2022-03-07,"-16 day ahead inc hosp","quantile",0.025,1869,"COVID-19"
"DE-NW","00+",2022-03-23,2022-03-07,"-16 day ahead inc hosp","quantile",0.1,1904,"COVID-19"
"DE-NW","00+",2022-03-23,2022-03-07,"-16 day ahead inc hosp","quantile",0.25,1944,"COVID-19"
"DE-NW","00+",2022-03-23,2022-03-07,"-16 day ahead inc hosp","quantile",0.5,2000,"COVID-19"
"DE-NW","00+",2022-03-23,2022-03-07,"-16 day ahead inc hosp","quantile",0.75,2070,"COVID-19"
"DE-NW","00+",2022-03-23,2022-03-07,"-16 day ahead inc hosp","quantile",0.9,2143,"COVID-19"
"DE-NW","00+",2022-03-23,2022-03-07,"-16 day ahead inc hosp","quantile",0.975,2240,"COVID-19"
"DE-NW","00+",2022-03-23,2022-03-06,"-17 day ahead inc hosp","mean",NA,1969,"COVID-19"
"DE-NW","00+",2022-03-23,2022-03-06,"-17 day ahead inc hosp","quantile",0.025,1834,"COVID-19"
"DE-NW","00+",2022-03-23,2022-03-06,"-17 day ahead inc hosp","quantile",0.1,1867,"COVID-19"
"DE-NW","00+",2022-03-23,2022-03-06,"-17 day ahead inc hosp","quantile",0.25,1904,"COVID-19"
"DE-NW","00+",2022-03-23,2022-03-06,"-17 day ahead inc hosp","quantile",0.5,1956,"COVID-19"
"DE-NW","00+",2022-03-23,2022-03-06,"-17 day ahead inc hosp","quantile",0.75,2020,"COVID-19"
"DE-NW","00+",2022-03-23,2022-03-06,"-17 day ahead inc hosp","quantile",0.9,2088,"COVID-19"
"DE-NW","00+",2022-03-23,2022-03-06,"-17 day ahead inc hosp","quantile",0.975,2177,"COVID-19"
"DE-NW","00+",2022-03-23,2022-03-05,"-18 day ahead inc hosp","mean",NA,1969,"COVID-19"
"DE-NW","00+",2022-03-23,2022-03-05,"-18 day ahead inc hosp","quantile",0.025,1842,"COVID-19"
"DE-NW","00+",2022-03-23,2022-03-05,"-18 day ahead inc hosp","quantile",0.1,1873,"COVID-19"
"DE-NW","00+",2022-03-23,2022-03-05,"-18 day ahead inc hosp","quantile",0.25,1909,"COVID-19"
"DE-NW","00+",2022-03-23,2022-03-05,"-18 day ahead inc hosp","quantile",0.5,1957,"COVID-19"
"DE-NW","00+",2022-03-23,2022-03-05,"-18 day ahead inc hosp","quantile",0.75,2017,"COVID-19"
"DE-NW","00+",2022-03-23,2022-03-05,"-18 day ahead inc hosp","quantile",0.9,2080,"COVID-19"
"DE-NW","00+",2022-03-23,2022-03-05,"-18 day ahead inc hosp","quantile",0.975,2162,"COVID-19"
"DE-NW","00+",2022-03-23,2022-03-04,"-19 day ahead inc hosp","mean",NA,2013,"COVID-19"
"DE-NW","00+",2022-03-23,2022-03-04,"-19 day ahead inc hosp","quantile",0.025,1896,"COVID-19"
"DE-NW","00+",2022-03-23,2022-03-04,"-19 day ahead inc hosp","quantile",0.1,1925,"COVID-19"
"DE-NW","00+",2022-03-23,2022-03-04,"-19 day ahead inc hosp","quantile",0.25,1958,"COVID-19"
"DE-NW","00+",2022-03-23,2022-03-04,"-19 day ahead inc hosp","quantile",0.5,2002,"COVID-19"
"DE-NW","00+",2022-03-23,2022-03-04,"-19 day ahead inc hosp","quantile",0.75,2057,"COVID-19"
"DE-NW","00+",2022-03-23,2022-03-04,"-19 day ahead inc hosp","quantile",0.9,2114,"COVID-19"
"DE-NW","00+",2022-03-23,2022-03-04,"-19 day ahead inc hosp","quantile",0.975,2189,"COVID-19"
"DE-NW","00+",2022-03-23,2022-03-03,"-20 day ahead inc hosp","mean",NA,1990,"COVID-19"
"DE-NW","00+",2022-03-23,2022-03-03,"-20 day ahead inc hosp","quantile",0.025,1887,"COVID-19"
"DE-NW","00+",2022-03-23,2022-03-03,"-20 day ahead inc hosp","quantile",0.1,1913,"COVID-19"
"DE-NW","00+",2022-03-23,2022-03-03,"-20 day ahead inc hosp","quantile",0.25,1942,"COVID-19"
"DE-NW","00+",2022-03-23,2022-03-03,"-20 day ahead inc hosp","quantile",0.5,1981,"COVID-19"
"DE-NW","00+",2022-03-23,2022-03-03,"-20 day ahead inc hosp","quantile",0.75,2028,"COVID-19"
"DE-NW","00+",2022-03-23,2022-03-03,"-20 day ahead inc hosp","quantile",0.9,2078,"COVID-19"
"DE-NW","00+",2022-03-23,2022-03-03,"-20 day ahead inc hosp","quantile",0.975,2141,"COVID-19"
"DE-NW","00+",2022-03-23,2022-03-02,"-21 day ahead inc hosp","mean",NA,1983,"COVID-19"
"DE-NW","00+",2022-03-23,2022-03-02,"-21 day ahead inc hosp","quantile",0.025,1892,"COVID-19"
"DE-NW","00+",2022-03-23,2022-03-02,"-21 day ahead inc hosp","quantile",0.1,1915,"COVID-19"
"DE-NW","00+",2022-03-23,2022-03-02,"-21 day ahead inc hosp","quantile",0.25,1941,"COVID-19"
"DE-NW","00+",2022-03-23,2022-03-02,"-21 day ahead inc hosp","quantile",0.5,1975,"COVID-19"
"DE-NW","00+",2022-03-23,2022-03-02,"-21 day ahead inc hosp","quantile",0.75,2017,"COVID-19"
"DE-NW","00+",2022-03-23,2022-03-02,"-21 day ahead inc hosp","quantile",0.9,2061,"COVID-19"
"DE-NW","00+",2022-03-23,2022-03-02,"-21 day ahead inc hosp","quantile",0.975,2117,"COVID-19"
"DE-NW","00+",2022-03-23,2022-03-01,"-22 day ahead inc hosp","mean",NA,2028,"COVID-19"
"DE-NW","00+",2022-03-23,2022-03-01,"-22 day ahead inc hosp","quantile",0.025,1945,"COVID-19"
"DE-NW","00+",2022-03-23,2022-03-01,"-22 day ahead inc hosp","quantile",0.1,1966,"COVID-19"
"DE-NW","00+",2022-03-23,2022-03-01,"-22 day ahead inc hosp","quantile",0.25,1990,"COVID-19"
"DE-NW","00+",2022-03-23,2022-03-01,"-22 day ahead inc hosp","quantile",0.5,2021,"COVID-19"
"DE-NW","00+",2022-03-23,2022-03-01,"-22 day ahead inc hosp","quantile",0.75,2059,"COVID-19"
"DE-NW","00+",2022-03-23,2022-03-01,"-22 day ahead inc hosp","quantile",0.9,2098,"COVID-19"
"DE-NW","00+",2022-03-23,2022-03-01,"-22 day ahead inc hosp","quantile",0.975,2149,"COVID-19"
"DE-NW","00+",2022-03-23,2022-02-28,"-23 day ahead inc hosp","mean",NA,2145,"COVID-19"
"DE-NW","00+",2022-03-23,2022-02-28,"-23 day ahead inc hosp","quantile",0.025,2066,"COVID-19"
"DE-NW","00+",2022-03-23,2022-02-28,"-23 day ahead inc hosp","quantile",0.1,2087,"COVID-19"
"DE-NW","00+",2022-03-23,2022-02-28,"-23 day ahead inc hosp","quantile",0.25,2109,"COVID-19"
"DE-NW","00+",2022-03-23,2022-02-28,"-23 day ahead inc hosp","quantile",0.5,2139,"COVID-19"
"DE-NW","00+",2022-03-23,2022-02-28,"-23 day ahead inc hosp","quantile",0.75,2175,"COVID-19"
"DE-NW","00+",2022-03-23,2022-02-28,"-23 day ahead inc hosp","quantile",0.9,2212,"COVID-19"
"DE-NW","00+",2022-03-23,2022-02-28,"-23 day ahead inc hosp","quantile",0.975,2259,"COVID-19"
"DE-NW","00+",2022-03-23,2022-02-27,"-24 day ahead inc hosp","mean",NA,2179,"COVID-19"
"DE-NW","00+",2022-03-23,2022-02-27,"-24 day ahead inc hosp","quantile",0.025,2104,"COVID-19"
"DE-NW","00+",2022-03-23,2022-02-27,"-24 day ahead inc hosp","quantile",0.1,2123,"COVID-19"
"DE-NW","00+",2022-03-23,2022-02-27,"-24 day ahead inc hosp","quantile",0.25,2145,"COVID-19"
"DE-NW","00+",2022-03-23,2022-02-27,"-24 day ahead inc hosp","quantile",0.5,2174,"COVID-19"
"DE-NW","00+",2022-03-23,2022-02-27,"-24 day ahead inc hosp","quantile",0.75,2207,"COVID-19"
"DE-NW","00+",2022-03-23,2022-02-27,"-24 day ahead inc hosp","quantile",0.9,2243,"COVID-19"
"DE-NW","00+",2022-03-23,2022-02-27,"-24 day ahead inc hosp","quantile",0.975,2287,"COVID-19"
"DE-NW","00+",2022-03-23,2022-02-26,"-25 day ahead inc hosp","mean",NA,2244,"COVID-19"
"DE-NW","00+",2022-03-23,2022-02-26,"-25 day ahead inc hosp","quantile",0.025,2172,"COVID-19"
"DE-NW","00+",2022-03-23,2022-02-26,"-25 day ahead inc hosp","quantile",0.1,2191,"COVID-19"
"DE-NW","00+",2022-03-23,2022-02-26,"-25 day ahead inc hosp","quantile",0.25,2211,"COVID-19"
"DE-NW","00+",2022-03-23,2022-02-26,"-25 day ahead inc hosp","quantile",0.5,2239,"COVID-19"
"DE-NW","00+",2022-03-23,2022-02-26,"-25 day ahead inc hosp","quantile",0.75,2271,"COVID-19"
"DE-NW","00+",2022-03-23,2022-02-26,"-25 day ahead inc hosp","quantile",0.9,2304,"COVID-19"
"DE-NW","00+",2022-03-23,2022-02-26,"-25 day ahead inc hosp","quantile",0.975,2346,"COVID-19"
"DE-NW","00+",2022-03-23,2022-02-25,"-26 day ahead inc hosp","mean",NA,2239,"COVID-19"
"DE-NW","00+",2022-03-23,2022-02-25,"-26 day ahead inc hosp","quantile",0.025,2174,"COVID-19"
"DE-NW","00+",2022-03-23,2022-02-25,"-26 day ahead inc hosp","quantile",0.1,2192,"COVID-19"
"DE-NW","00+",2022-03-23,2022-02-25,"-26 day ahead inc hosp","quantile",0.25,2211,"COVID-19"
"DE-NW","00+",2022-03-23,2022-02-25,"-26 day ahead inc hosp","quantile",0.5,2235,"COVID-19"
"DE-NW","00+",2022-03-23,2022-02-25,"-26 day ahead inc hosp","quantile",0.75,2263,"COVID-19"
"DE-NW","00+",2022-03-23,2022-02-25,"-26 day ahead inc hosp","quantile",0.9,2292,"COVID-19"
"DE-NW","00+",2022-03-23,2022-02-25,"-26 day ahead inc hosp","quantile",0.975,2329,"COVID-19"
"DE-NW","00+",2022-03-23,2022-02-24,"-27 day ahead inc hosp","mean",NA,2294,"COVID-19"
"DE-NW","00+",2022-03-23,2022-02-24,"-27 day ahead inc hosp","quantile",0.025,2236,"COVID-19"
"DE-NW","00+",2022-03-23,2022-02-24,"-27 day ahead inc hosp","quantile",0.1,2252,"COVID-19"
"DE-NW","00+",2022-03-23,2022-02-24,"-27 day ahead inc hosp","quantile",0.25,2268,"COVID-19"
"DE-NW","00+",2022-03-23,2022-02-24,"-27 day ahead inc hosp","quantile",0.5,2290,"COVID-19"
"DE-NW","00+",2022-03-23,2022-02-24,"-27 day ahead inc hosp","quantile",0.75,2315,"COVID-19"
"DE-NW","00+",2022-03-23,2022-02-24,"-27 day ahead inc hosp","quantile",0.9,2341,"COVID-19"
"DE-NW","00+",2022-03-23,2022-02-24,"-27 day ahead inc hosp","quantile",0.975,2373,"COVID-19"
"DE-NW","00+",2022-03-23,2022-02-23,"-28 day ahead inc hosp","mean",NA,2355,"COVID-19"
"DE-NW","00+",2022-03-23,2022-02-23,"-28 day ahead inc hosp","quantile",0.025,2301,"COVID-19"
"DE-NW","00+",2022-03-23,2022-02-23,"-28 day ahead inc hosp","quantile",0.1,2316,"COVID-19"
"DE-NW","00+",2022-03-23,2022-02-23,"-28 day ahead inc hosp","quantile",0.25,2331,"COVID-19"
"DE-NW","00+",2022-03-23,2022-02-23,"-28 day ahead inc hosp","quantile",0.5,2352,"COVID-19"
"DE-NW","00+",2022-03-23,2022-02-23,"-28 day ahead inc hosp","quantile",0.75,2375,"COVID-19"
"DE-NW","00+",2022-03-23,2022-02-23,"-28 day ahead inc hosp","quantile",0.9,2400,"COVID-19"
"DE-NW","00+",2022-03-23,2022-02-23,"-28 day ahead inc hosp","quantile",0.975,2430,"COVID-19"
"DE-RP","00+",2022-03-23,2022-03-23,"0 day ahead inc hosp","mean",NA,548,"COVID-19"
"DE-RP","00+",2022-03-23,2022-03-23,"0 day ahead inc hosp","quantile",0.025,394,"COVID-19"
"DE-RP","00+",2022-03-23,2022-03-23,"0 day ahead inc hosp","quantile",0.1,435,"COVID-19"
"DE-RP","00+",2022-03-23,2022-03-23,"0 day ahead inc hosp","quantile",0.25,480,"COVID-19"
"DE-RP","00+",2022-03-23,2022-03-23,"0 day ahead inc hosp","quantile",0.5,537,"COVID-19"
"DE-RP","00+",2022-03-23,2022-03-23,"0 day ahead inc hosp","quantile",0.75,605,"COVID-19"
"DE-RP","00+",2022-03-23,2022-03-23,"0 day ahead inc hosp","quantile",0.9,674,"COVID-19"
"DE-RP","00+",2022-03-23,2022-03-23,"0 day ahead inc hosp","quantile",0.975,761,"COVID-19"
"DE-RP","00+",2022-03-23,2022-03-22,"-1 day ahead inc hosp","mean",NA,547,"COVID-19"
"DE-RP","00+",2022-03-23,2022-03-22,"-1 day ahead inc hosp","quantile",0.025,418,"COVID-19"
"DE-RP","00+",2022-03-23,2022-03-22,"-1 day ahead inc hosp","quantile",0.1,453,"COVID-19"
"DE-RP","00+",2022-03-23,2022-03-22,"-1 day ahead inc hosp","quantile",0.25,490,"COVID-19"
"DE-RP","00+",2022-03-23,2022-03-22,"-1 day ahead inc hosp","quantile",0.5,539,"COVID-19"
"DE-RP","00+",2022-03-23,2022-03-22,"-1 day ahead inc hosp","quantile",0.75,595,"COVID-19"
"DE-RP","00+",2022-03-23,2022-03-22,"-1 day ahead inc hosp","quantile",0.9,653,"COVID-19"
"DE-RP","00+",2022-03-23,2022-03-22,"-1 day ahead inc hosp","quantile",0.975,727,"COVID-19"
"DE-RP","00+",2022-03-23,2022-03-21,"-2 day ahead inc hosp","mean",NA,503,"COVID-19"
"DE-RP","00+",2022-03-23,2022-03-21,"-2 day ahead inc hosp","quantile",0.025,407,"COVID-19"
"DE-RP","00+",2022-03-23,2022-03-21,"-2 day ahead inc hosp","quantile",0.1,432,"COVID-19"
"DE-RP","00+",2022-03-23,2022-03-21,"-2 day ahead inc hosp","quantile",0.25,460,"COVID-19"
"DE-RP","00+",2022-03-23,2022-03-21,"-2 day ahead inc hosp","quantile",0.5,496,"COVID-19"
"DE-RP","00+",2022-03-23,2022-03-21,"-2 day ahead inc hosp","quantile",0.75,539,"COVID-19"
"DE-RP","00+",2022-03-23,2022-03-21,"-2 day ahead inc hosp","quantile",0.9,583,"COVID-19"
"DE-RP","00+",2022-03-23,2022-03-21,"-2 day ahead inc hosp","quantile",0.975,639,"COVID-19"
"DE-RP","00+",2022-03-23,2022-03-20,"-3 day ahead inc hosp","mean",NA,518,"COVID-19"
"DE-RP","00+",2022-03-23,2022-03-20,"-3 day ahead inc hosp","quantile",0.025,418,"COVID-19"
"DE-RP","00+",2022-03-23,2022-03-20,"-3 day ahead inc hosp","quantile",0.1,444,"COVID-19"
"DE-RP","00+",2022-03-23,2022-03-20,"-3 day ahead inc hosp","quantile",0.25,472,"COVID-19"
"DE-RP","00+",2022-03-23,2022-03-20,"-3 day ahead inc hosp","quantile",0.5,510,"COVID-19"
"DE-RP","00+",2022-03-23,2022-03-20,"-3 day ahead inc hosp","quantile",0.75,555,"COVID-19"
"DE-RP","00+",2022-03-23,2022-03-20,"-3 day ahead inc hosp","quantile",0.9,601,"COVID-19"
"DE-RP","00+",2022-03-23,2022-03-20,"-3 day ahead inc hosp","quantile",0.975,660,"COVID-19"
"DE-RP","00+",2022-03-23,2022-03-19,"-4 day ahead inc hosp","mean",NA,515,"COVID-19"
"DE-RP","00+",2022-03-23,2022-03-19,"-4 day ahead inc hosp","quantile",0.025,419,"COVID-19"
"DE-RP","00+",2022-03-23,2022-03-19,"-4 day ahead inc hosp","quantile",0.1,444,"COVID-19"
"DE-RP","00+",2022-03-23,2022-03-19,"-4 day ahead inc hosp","quantile",0.25,472,"COVID-19"
"DE-RP","00+",2022-03-23,2022-03-19,"-4 day ahead inc hosp","quantile",0.5,508,"COVID-19"
"DE-RP","00+",2022-03-23,2022-03-19,"-4 day ahead inc hosp","quantile",0.75,551,"COVID-19"
"DE-RP","00+",2022-03-23,2022-03-19,"-4 day ahead inc hosp","quantile",0.9,596,"COVID-19"
"DE-RP","00+",2022-03-23,2022-03-19,"-4 day ahead inc hosp","quantile",0.975,653,"COVID-19"
"DE-RP","00+",2022-03-23,2022-03-18,"-5 day ahead inc hosp","mean",NA,541,"COVID-19"
"DE-RP","00+",2022-03-23,2022-03-18,"-5 day ahead inc hosp","quantile",0.025,453,"COVID-19"
"DE-RP","00+",2022-03-23,2022-03-18,"-5 day ahead inc hosp","quantile",0.1,476,"COVID-19"
"DE-RP","00+",2022-03-23,2022-03-18,"-5 day ahead inc hosp","quantile",0.25,501,"COVID-19"
"DE-RP","00+",2022-03-23,2022-03-18,"-5 day ahead inc hosp","quantile",0.5,534,"COVID-19"
"DE-RP","00+",2022-03-23,2022-03-18,"-5 day ahead inc hosp","quantile",0.75,573,"COVID-19"
"DE-RP","00+",2022-03-23,2022-03-18,"-5 day ahead inc hosp","quantile",0.9,614,"COVID-19"
"DE-RP","00+",2022-03-23,2022-03-18,"-5 day ahead inc hosp","quantile",0.975,665,"COVID-19"
"DE-RP","00+",2022-03-23,2022-03-17,"-6 day ahead inc hosp","mean",NA,546,"COVID-19"
"DE-RP","00+",2022-03-23,2022-03-17,"-6 day ahead inc hosp","quantile",0.025,471,"COVID-19"
"DE-RP","00+",2022-03-23,2022-03-17,"-6 day ahead inc hosp","quantile",0.1,490,"COVID-19"
"DE-RP","00+",2022-03-23,2022-03-17,"-6 day ahead inc hosp","quantile",0.25,512,"COVID-19"
"DE-RP","00+",2022-03-23,2022-03-17,"-6 day ahead inc hosp","quantile",0.5,540,"COVID-19"
"DE-RP","00+",2022-03-23,2022-03-17,"-6 day ahead inc hosp","quantile",0.75,574,"COVID-19"
"DE-RP","00+",2022-03-23,2022-03-17,"-6 day ahead inc hosp","quantile",0.9,609,"COVID-19"
"DE-RP","00+",2022-03-23,2022-03-17,"-6 day ahead inc hosp","quantile",0.975,653,"COVID-19"
"DE-RP","00+",2022-03-23,2022-03-16,"-7 day ahead inc hosp","mean",NA,537,"COVID-19"
"DE-RP","00+",2022-03-23,2022-03-16,"-7 day ahead inc hosp","quantile",0.025,473,"COVID-19"
"DE-RP","00+",2022-03-23,2022-03-16,"-7 day ahead inc hosp","quantile",0.1,490,"COVID-19"
"DE-RP","00+",2022-03-23,2022-03-16,"-7 day ahead inc hosp","quantile",0.25,508,"COVID-19"
"DE-RP","00+",2022-03-23,2022-03-16,"-7 day ahead inc hosp","quantile",0.5,532,"COVID-19"
"DE-RP","00+",2022-03-23,2022-03-16,"-7 day ahead inc hosp","quantile",0.75,561,"COVID-19"
"DE-RP","00+",2022-03-23,2022-03-16,"-7 day ahead inc hosp","quantile",0.9,590,"COVID-19"
"DE-RP","00+",2022-03-23,2022-03-16,"-7 day ahead inc hosp","quantile",0.975,628,"COVID-19"
"DE-RP","00+",2022-03-23,2022-03-15,"-8 day ahead inc hosp","mean",NA,562,"COVID-19"
"DE-RP","00+",2022-03-23,2022-03-15,"-8 day ahead inc hosp","quantile",0.025,505,"COVID-19"
"DE-RP","00+",2022-03-23,2022-03-15,"-8 day ahead inc hosp","quantile",0.1,520,"COVID-19"
"DE-RP","00+",2022-03-23,2022-03-15,"-8 day ahead inc hosp","quantile",0.25,536,"COVID-19"
"DE-RP","00+",2022-03-23,2022-03-15,"-8 day ahead inc hosp","quantile",0.5,558,"COVID-19"
"DE-RP","00+",2022-03-23,2022-03-15,"-8 day ahead inc hosp","quantile",0.75,583,"COVID-19"
"DE-RP","00+",2022-03-23,2022-03-15,"-8 day ahead inc hosp","quantile",0.9,610,"COVID-19"
"DE-RP","00+",2022-03-23,2022-03-15,"-8 day ahead inc hosp","quantile",0.975,644,"COVID-19"
"DE-RP","00+",2022-03-23,2022-03-14,"-9 day ahead inc hosp","mean",NA,557,"COVID-19"
"DE-RP","00+",2022-03-23,2022-03-14,"-9 day ahead inc hosp","quantile",0.025,509,"COVID-19"
"DE-RP","00+",2022-03-23,2022-03-14,"-9 day ahead inc hosp","quantile",0.1,521,"COVID-19"
"DE-RP","00+",2022-03-23,2022-03-14,"-9 day ahead inc hosp","quantile",0.25,535,"COVID-19"
"DE-RP","00+",2022-03-23,2022-03-14,"-9 day ahead inc hosp","quantile",0.5,553,"COVID-19"
"DE-RP","00+",2022-03-23,2022-03-14,"-9 day ahead inc hosp","quantile",0.75,575,"COVID-19"
"DE-RP","00+",2022-03-23,2022-03-14,"-9 day ahead inc hosp","quantile",0.9,597,"COVID-19"
"DE-RP","00+",2022-03-23,2022-03-14,"-9 day ahead inc hosp","quantile",0.975,626,"COVID-19"
"DE-RP","00+",2022-03-23,2022-03-13,"-10 day ahead inc hosp","mean",NA,549,"COVID-19"
"DE-RP","00+",2022-03-23,2022-03-13,"-10 day ahead inc hosp","quantile",0.025,501,"COVID-19"
"DE-RP","00+",2022-03-23,2022-03-13,"-10 day ahead inc hosp","quantile",0.1,514,"COVID-19"
"DE-RP","00+",2022-03-23,2022-03-13,"-10 day ahead inc hosp","quantile",0.25,527,"COVID-19"
"DE-RP","00+",2022-03-23,2022-03-13,"-10 day ahead inc hosp","quantile",0.5,545,"COVID-19"
"DE-RP","00+",2022-03-23,2022-03-13,"-10 day ahead inc hosp","quantile",0.75,567,"COVID-19"
"DE-RP","00+",2022-03-23,2022-03-13,"-10 day ahead inc hosp","quantile",0.9,589,"COVID-19"
"DE-RP","00+",2022-03-23,2022-03-13,"-10 day ahead inc hosp","quantile",0.975,618,"COVID-19"
"DE-RP","00+",2022-03-23,2022-03-12,"-11 day ahead inc hosp","mean",NA,555,"COVID-19"
"DE-RP","00+",2022-03-23,2022-03-12,"-11 day ahead inc hosp","quantile",0.025,507,"COVID-19"
"DE-RP","00+",2022-03-23,2022-03-12,"-11 day ahead inc hosp","quantile",0.1,519,"COVID-19"
"DE-RP","00+",2022-03-23,2022-03-12,"-11 day ahead inc hosp","quantile",0.25,532,"COVID-19"
"DE-RP","00+",2022-03-23,2022-03-12,"-11 day ahead inc hosp","quantile",0.5,551,"COVID-19"
"DE-RP","00+",2022-03-23,2022-03-12,"-11 day ahead inc hosp","quantile",0.75,573,"COVID-19"
"DE-RP","00+",2022-03-23,2022-03-12,"-11 day ahead inc hosp","quantile",0.9,596,"COVID-19"
"DE-RP","00+",2022-03-23,2022-03-12,"-11 day ahead inc hosp","quantile",0.975,626,"COVID-19"
"DE-RP","00+",2022-03-23,2022-03-11,"-12 day ahead inc hosp","mean",NA,563,"COVID-19"
"DE-RP","00+",2022-03-23,2022-03-11,"-12 day ahead inc hosp","quantile",0.025,518,"COVID-19"
"DE-RP","00+",2022-03-23,2022-03-11,"-12 day ahead inc hosp","quantile",0.1,529,"COVID-19"
"DE-RP","00+",2022-03-23,2022-03-11,"-12 day ahead inc hosp","quantile",0.25,542,"COVID-19"
"DE-RP","00+",2022-03-23,2022-03-11,"-12 day ahead inc hosp","quantile",0.5,559,"COVID-19"
"DE-RP","00+",2022-03-23,2022-03-11,"-12 day ahead inc hosp","quantile",0.75,580,"COVID-19"
"DE-RP","00+",2022-03-23,2022-03-11,"-12 day ahead inc hosp","quantile",0.9,602,"COVID-19"
"DE-RP","00+",2022-03-23,2022-03-11,"-12 day ahead inc hosp","quantile",0.975,631,"COVID-19"
"DE-RP","00+",2022-03-23,2022-03-10,"-13 day ahead inc hosp","mean",NA,556,"COVID-19"
"DE-RP","00+",2022-03-23,2022-03-10,"-13 day ahead inc hosp","quantile",0.025,516,"COVID-19"
"DE-RP","00+",2022-03-23,2022-03-10,"-13 day ahead inc hosp","quantile",0.1,525,"COVID-19"
"DE-RP","00+",2022-03-23,2022-03-10,"-13 day ahead inc hosp","quantile",0.25,536,"COVID-19"
"DE-RP","00+",2022-03-23,2022-03-10,"-13 day ahead inc hosp","quantile",0.5,552,"COVID-19"
"DE-RP","00+",2022-03-23,2022-03-10,"-13 day ahead inc hosp","quantile",0.75,571,"COVID-19"
"DE-RP","00+",2022-03-23,2022-03-10,"-13 day ahead inc hosp","quantile",0.9,591,"COVID-19"
"DE-RP","00+",2022-03-23,2022-03-10,"-13 day ahead inc hosp","quantile",0.975,617,"COVID-19"
"DE-RP","00+",2022-03-23,2022-03-09,"-14 day ahead inc hosp","mean",NA,540,"COVID-19"
"DE-RP","00+",2022-03-23,2022-03-09,"-14 day ahead inc hosp","quantile",0.025,505,"COVID-19"
"DE-RP","00+",2022-03-23,2022-03-09,"-14 day ahead inc hosp","quantile",0.1,513,"COVID-19"
"DE-RP","00+",2022-03-23,2022-03-09,"-14 day ahead inc hosp","quantile",0.25,523,"COVID-19"
"DE-RP","00+",2022-03-23,2022-03-09,"-14 day ahead inc hosp","quantile",0.5,536,"COVID-19"
"DE-RP","00+",2022-03-23,2022-03-09,"-14 day ahead inc hosp","quantile",0.75,553,"COVID-19"
"DE-RP","00+",2022-03-23,2022-03-09,"-14 day ahead inc hosp","quantile",0.9,570,"COVID-19"
"DE-RP","00+",2022-03-23,2022-03-09,"-14 day ahead inc hosp","quantile",0.975,593,"COVID-19"
"DE-RP","00+",2022-03-23,2022-03-08,"-15 day ahead inc hosp","mean",NA,521,"COVID-19"
"DE-RP","00+",2022-03-23,2022-03-08,"-15 day ahead inc hosp","quantile",0.025,492,"COVID-19"
"DE-RP","00+",2022-03-23,2022-03-08,"-15 day ahead inc hosp","quantile",0.1,499,"COVID-19"
"DE-RP","00+",2022-03-23,2022-03-08,"-15 day ahead inc hosp","quantile",0.25,507,"COVID-19"
"DE-RP","00+",2022-03-23,2022-03-08,"-15 day ahead inc hosp","quantile",0.5,519,"COVID-19"
"DE-RP","00+",2022-03-23,2022-03-08,"-15 day ahead inc hosp","quantile",0.75,532,"COVID-19"
"DE-RP","00+",2022-03-23,2022-03-08,"-15 day ahead inc hosp","quantile",0.9,547,"COVID-19"
"DE-RP","00+",2022-03-23,2022-03-08,"-15 day ahead inc hosp","quantile",0.975,566,"COVID-19"
"DE-RP","00+",2022-03-23,2022-03-07,"-16 day ahead inc hosp","mean",NA,494,"COVID-19"
"DE-RP","00+",2022-03-23,2022-03-07,"-16 day ahead inc hosp","quantile",0.025,470,"COVID-19"
"DE-RP","00+",2022-03-23,2022-03-07,"-16 day ahead inc hosp","quantile",0.1,476,"COVID-19"
"DE-RP","00+",2022-03-23,2022-03-07,"-16 day ahead inc hosp","quantile",0.25,483,"COVID-19"
"DE-RP","00+",2022-03-23,2022-03-07,"-16 day ahead inc hosp","quantile",0.5,492,"COVID-19"
"DE-RP","00+",2022-03-23,2022-03-07,"-16 day ahead inc hosp","quantile",0.75,503,"COVID-19"
"DE-RP","00+",2022-03-23,2022-03-07,"-16 day ahead inc hosp","quantile",0.9,514,"COVID-19"
"DE-RP","00+",2022-03-23,2022-03-07,"-16 day ahead inc hosp","quantile",0.975,529,"COVID-19"
"DE-RP","00+",2022-03-23,2022-03-06,"-17 day ahead inc hosp","mean",NA,502,"COVID-19"
"DE-RP","00+",2022-03-23,2022-03-06,"-17 day ahead inc hosp","quantile",0.025,479,"COVID-19"
"DE-RP","00+",2022-03-23,2022-03-06,"-17 day ahead inc hosp","quantile",0.1,484,"COVID-19"
"DE-RP","00+",2022-03-23,2022-03-06,"-17 day ahead inc hosp","quantile",0.25,491,"COVID-19"
"DE-RP","00+",2022-03-23,2022-03-06,"-17 day ahead inc hosp","quantile",0.5,500,"COVID-19"
"DE-RP","00+",2022-03-23,2022-03-06,"-17 day ahead inc hosp","quantile",0.75,510,"COVID-19"
"DE-RP","00+",2022-03-23,2022-03-06,"-17 day ahead inc hosp","quantile",0.9,521,"COVID-19"
"DE-RP","00+",2022-03-23,2022-03-06,"-17 day ahead inc hosp","quantile",0.975,536,"COVID-19"
"DE-RP","00+",2022-03-23,2022-03-05,"-18 day ahead inc hosp","mean",NA,505,"COVID-19"
"DE-RP","00+",2022-03-23,2022-03-05,"-18 day ahead inc hosp","quantile",0.025,483,"COVID-19"
"DE-RP","00+",2022-03-23,2022-03-05,"-18 day ahead inc hosp","quantile",0.1,488,"COVID-19"
"DE-RP","00+",2022-03-23,2022-03-05,"-18 day ahead inc hosp","quantile",0.25,495,"COVID-19"
"DE-RP","00+",2022-03-23,2022-03-05,"-18 day ahead inc hosp","quantile",0.5,503,"COVID-19"
"DE-RP","00+",2022-03-23,2022-03-05,"-18 day ahead inc hosp","quantile",0.75,513,"COVID-19"
"DE-RP","00+",2022-03-23,2022-03-05,"-18 day ahead inc hosp","quantile",0.9,523,"COVID-19"
"DE-RP","00+",2022-03-23,2022-03-05,"-18 day ahead inc hosp","quantile",0.975,537,"COVID-19"
"DE-RP","00+",2022-03-23,2022-03-04,"-19 day ahead inc hosp","mean",NA,470,"COVID-19"
"DE-RP","00+",2022-03-23,2022-03-04,"-19 day ahead inc hosp","quantile",0.025,452,"COVID-19"
"DE-RP","00+",2022-03-23,2022-03-04,"-19 day ahead inc hosp","quantile",0.1,457,"COVID-19"
"DE-RP","00+",2022-03-23,2022-03-04,"-19 day ahead inc hosp","quantile",0.25,462,"COVID-19"
"DE-RP","00+",2022-03-23,2022-03-04,"-19 day ahead inc hosp","quantile",0.5,469,"COVID-19"
"DE-RP","00+",2022-03-23,2022-03-04,"-19 day ahead inc hosp","quantile",0.75,477,"COVID-19"
"DE-RP","00+",2022-03-23,2022-03-04,"-19 day ahead inc hosp","quantile",0.9,486,"COVID-19"
"DE-RP","00+",2022-03-23,2022-03-04,"-19 day ahead inc hosp","quantile",0.975,497,"COVID-19"
"DE-RP","00+",2022-03-23,2022-03-03,"-20 day ahead inc hosp","mean",NA,484,"COVID-19"
"DE-RP","00+",2022-03-23,2022-03-03,"-20 day ahead inc hosp","quantile",0.025,468,"COVID-19"
"DE-RP","00+",2022-03-23,2022-03-03,"-20 day ahead inc hosp","quantile",0.1,472,"COVID-19"
"DE-RP","00+",2022-03-23,2022-03-03,"-20 day ahead inc hosp","quantile",0.25,477,"COVID-19"
"DE-RP","00+",2022-03-23,2022-03-03,"-20 day ahead inc hosp","quantile",0.5,483,"COVID-19"
"DE-RP","00+",2022-03-23,2022-03-03,"-20 day ahead inc hosp","quantile",0.75,491,"COVID-19"
"DE-RP","00+",2022-03-23,2022-03-03,"-20 day ahead inc hosp","quantile",0.9,499,"COVID-19"
"DE-RP","00+",2022-03-23,2022-03-03,"-20 day ahead inc hosp","quantile",0.975,509,"COVID-19"
"DE-RP","00+",2022-03-23,2022-03-02,"-21 day ahead inc hosp","mean",NA,480,"COVID-19"
"DE-RP","00+",2022-03-23,2022-03-02,"-21 day ahead inc hosp","quantile",0.025,465,"COVID-19"
"DE-RP","00+",2022-03-23,2022-03-02,"-21 day ahead inc hosp","quantile",0.1,469,"COVID-19"
"DE-RP","00+",2022-03-23,2022-03-02,"-21 day ahead inc hosp","quantile",0.25,473,"COVID-19"
"DE-RP","00+",2022-03-23,2022-03-02,"-21 day ahead inc hosp","quantile",0.5,479,"COVID-19"
"DE-RP","00+",2022-03-23,2022-03-02,"-21 day ahead inc hosp","quantile",0.75,486,"COVID-19"
"DE-RP","00+",2022-03-23,2022-03-02,"-21 day ahead inc hosp","quantile",0.9,493,"COVID-19"
"DE-RP","00+",2022-03-23,2022-03-02,"-21 day ahead inc hosp","quantile",0.975,503,"COVID-19"
"DE-RP","00+",2022-03-23,2022-03-01,"-22 day ahead inc hosp","mean",NA,485,"COVID-19"
"DE-RP","00+",2022-03-23,2022-03-01,"-22 day ahead inc hosp","quantile",0.025,472,"COVID-19"
"DE-RP","00+",2022-03-23,2022-03-01,"-22 day ahead inc hosp","quantile",0.1,475,"COVID-19"
"DE-RP","00+",2022-03-23,2022-03-01,"-22 day ahead inc hosp","quantile",0.25,479,"COVID-19"
"DE-RP","00+",2022-03-23,2022-03-01,"-22 day ahead inc hosp","quantile",0.5,484,"COVID-19"
"DE-RP","00+",2022-03-23,2022-03-01,"-22 day ahead inc hosp","quantile",0.75,491,"COVID-19"
"DE-RP","00+",2022-03-23,2022-03-01,"-22 day ahead inc hosp","quantile",0.9,497,"COVID-19"
"DE-RP","00+",2022-03-23,2022-03-01,"-22 day ahead inc hosp","quantile",0.975,506,"COVID-19"
"DE-RP","00+",2022-03-23,2022-02-28,"-23 day ahead inc hosp","mean",NA,494,"COVID-19"
"DE-RP","00+",2022-03-23,2022-02-28,"-23 day ahead inc hosp","quantile",0.025,482,"COVID-19"
"DE-RP","00+",2022-03-23,2022-02-28,"-23 day ahead inc hosp","quantile",0.1,485,"COVID-19"
"DE-RP","00+",2022-03-23,2022-02-28,"-23 day ahead inc hosp","quantile",0.25,488,"COVID-19"
"DE-RP","00+",2022-03-23,2022-02-28,"-23 day ahead inc hosp","quantile",0.5,493,"COVID-19"
"DE-RP","00+",2022-03-23,2022-02-28,"-23 day ahead inc hosp","quantile",0.75,499,"COVID-19"
"DE-RP","00+",2022-03-23,2022-02-28,"-23 day ahead inc hosp","quantile",0.9,505,"COVID-19"
"DE-RP","00+",2022-03-23,2022-02-28,"-23 day ahead inc hosp","quantile",0.975,513,"COVID-19"
"DE-RP","00+",2022-03-23,2022-02-27,"-24 day ahead inc hosp","mean",NA,485,"COVID-19"
"DE-RP","00+",2022-03-23,2022-02-27,"-24 day ahead inc hosp","quantile",0.025,474,"COVID-19"
"DE-RP","00+",2022-03-23,2022-02-27,"-24 day ahead inc hosp","quantile",0.1,477,"COVID-19"
"DE-RP","00+",2022-03-23,2022-02-27,"-24 day ahead inc hosp","quantile",0.25,480,"COVID-19"
"DE-RP","00+",2022-03-23,2022-02-27,"-24 day ahead inc hosp","quantile",0.5,484,"COVID-19"
"DE-RP","00+",2022-03-23,2022-02-27,"-24 day ahead inc hosp","quantile",0.75,490,"COVID-19"
"DE-RP","00+",2022-03-23,2022-02-27,"-24 day ahead inc hosp","quantile",0.9,496,"COVID-19"
"DE-RP","00+",2022-03-23,2022-02-27,"-24 day ahead inc hosp","quantile",0.975,503,"COVID-19"
"DE-RP","00+",2022-03-23,2022-02-26,"-25 day ahead inc hosp","mean",NA,495,"COVID-19"
"DE-RP","00+",2022-03-23,2022-02-26,"-25 day ahead inc hosp","quantile",0.025,484,"COVID-19"
"DE-RP","00+",2022-03-23,2022-02-26,"-25 day ahead inc hosp","quantile",0.1,487,"COVID-19"
"DE-RP","00+",2022-03-23,2022-02-26,"-25 day ahead inc hosp","quantile",0.25,490,"COVID-19"
"DE-RP","00+",2022-03-23,2022-02-26,"-25 day ahead inc hosp","quantile",0.5,494,"COVID-19"
"DE-RP","00+",2022-03-23,2022-02-26,"-25 day ahead inc hosp","quantile",0.75,499,"COVID-19"
"DE-RP","00+",2022-03-23,2022-02-26,"-25 day ahead inc hosp","quantile",0.9,505,"COVID-19"
"DE-RP","00+",2022-03-23,2022-02-26,"-25 day ahead inc hosp","quantile",0.975,512,"COVID-19"
"DE-RP","00+",2022-03-23,2022-02-25,"-26 day ahead inc hosp","mean",NA,524,"COVID-19"
"DE-RP","00+",2022-03-23,2022-02-25,"-26 day ahead inc hosp","quantile",0.025,514,"COVID-19"
"DE-RP","00+",2022-03-23,2022-02-25,"-26 day ahead inc hosp","quantile",0.1,516,"COVID-19"
"DE-RP","00+",2022-03-23,2022-02-25,"-26 day ahead inc hosp","quantile",0.25,519,"COVID-19"
"DE-RP","00+",2022-03-23,2022-02-25,"-26 day ahead inc hosp","quantile",0.5,523,"COVID-19"
"DE-RP","00+",2022-03-23,2022-02-25,"-26 day ahead inc hosp","quantile",0.75,528,"COVID-19"
"DE-RP","00+",2022-03-23,2022-02-25,"-26 day ahead inc hosp","quantile",0.9,533,"COVID-19"
"DE-RP","00+",2022-03-23,2022-02-25,"-26 day ahead inc hosp","quantile",0.975,540,"COVID-19"
"DE-RP","00+",2022-03-23,2022-02-24,"-27 day ahead inc hosp","mean",NA,517,"COVID-19"
"DE-RP","00+",2022-03-23,2022-02-24,"-27 day ahead inc hosp","quantile",0.025,508,"COVID-19"
"DE-RP","00+",2022-03-23,2022-02-24,"-27 day ahead inc hosp","quantile",0.1,510,"COVID-19"
"DE-RP","00+",2022-03-23,2022-02-24,"-27 day ahead inc hosp","quantile",0.25,513,"COVID-19"
"DE-RP","00+",2022-03-23,2022-02-24,"-27 day ahead inc hosp","quantile",0.5,516,"COVID-19"
"DE-RP","00+",2022-03-23,2022-02-24,"-27 day ahead inc hosp","quantile",0.75,520,"COVID-19"
"DE-RP","00+",2022-03-23,2022-02-24,"-27 day ahead inc hosp","quantile",0.9,525,"COVID-19"
"DE-RP","00+",2022-03-23,2022-02-24,"-27 day ahead inc hosp","quantile",0.975,530,"COVID-19"
"DE-RP","00+",2022-03-23,2022-02-23,"-28 day ahead inc hosp","mean",NA,540,"COVID-19"
"DE-RP","00+",2022-03-23,2022-02-23,"-28 day ahead inc hosp","quantile",0.025,532,"COVID-19"
"DE-RP","00+",2022-03-23,2022-02-23,"-28 day ahead inc hosp","quantile",0.1,534,"COVID-19"
"DE-RP","00+",2022-03-23,2022-02-23,"-28 day ahead inc hosp","quantile",0.25,536,"COVID-19"
"DE-RP","00+",2022-03-23,2022-02-23,"-28 day ahead inc hosp","quantile",0.5,539,"COVID-19"
"DE-RP","00+",2022-03-23,2022-02-23,"-28 day ahead inc hosp","quantile",0.75,543,"COVID-19"
"DE-RP","00+",2022-03-23,2022-02-23,"-28 day ahead inc hosp","quantile",0.9,547,"COVID-19"
"DE-RP","00+",2022-03-23,2022-02-23,"-28 day ahead inc hosp","quantile",0.975,552,"COVID-19"
"DE-SH","00+",2022-03-23,2022-03-23,"0 day ahead inc hosp","mean",NA,312,"COVID-19"
"DE-SH","00+",2022-03-23,2022-03-23,"0 day ahead inc hosp","quantile",0.025,230,"COVID-19"
"DE-SH","00+",2022-03-23,2022-03-23,"0 day ahead inc hosp","quantile",0.1,251,"COVID-19"
"DE-SH","00+",2022-03-23,2022-03-23,"0 day ahead inc hosp","quantile",0.25,274,"COVID-19"
"DE-SH","00+",2022-03-23,2022-03-23,"0 day ahead inc hosp","quantile",0.5,305,"COVID-19"
"DE-SH","00+",2022-03-23,2022-03-23,"0 day ahead inc hosp","quantile",0.75,343,"COVID-19"
"DE-SH","00+",2022-03-23,2022-03-23,"0 day ahead inc hosp","quantile",0.9,384,"COVID-19"
"DE-SH","00+",2022-03-23,2022-03-23,"0 day ahead inc hosp","quantile",0.975,436,"COVID-19"
"DE-SH","00+",2022-03-23,2022-03-22,"-1 day ahead inc hosp","mean",NA,313,"COVID-19"
"DE-SH","00+",2022-03-23,2022-03-22,"-1 day ahead inc hosp","quantile",0.025,247,"COVID-19"
"DE-SH","00+",2022-03-23,2022-03-22,"-1 day ahead inc hosp","quantile",0.1,263,"COVID-19"
"DE-SH","00+",2022-03-23,2022-03-22,"-1 day ahead inc hosp","quantile",0.25,281,"COVID-19"
"DE-SH","00+",2022-03-23,2022-03-22,"-1 day ahead inc hosp","quantile",0.5,306,"COVID-19"
"DE-SH","00+",2022-03-23,2022-03-22,"-1 day ahead inc hosp","quantile",0.75,338,"COVID-19"
"DE-SH","00+",2022-03-23,2022-03-22,"-1 day ahead inc hosp","quantile",0.9,372,"COVID-19"
"DE-SH","00+",2022-03-23,2022-03-22,"-1 day ahead inc hosp","quantile",0.975,417,"COVID-19"
"DE-SH","00+",2022-03-23,2022-03-21,"-2 day ahead inc hosp","mean",NA,328,"COVID-19"
"DE-SH","00+",2022-03-23,2022-03-21,"-2 day ahead inc hosp","quantile",0.025,270,"COVID-19"
"DE-SH","00+",2022-03-23,2022-03-21,"-2 day ahead inc hosp","quantile",0.1,283,"COVID-19"
"DE-SH","00+",2022-03-23,2022-03-21,"-2 day ahead inc hosp","quantile",0.25,299,"COVID-19"
"DE-SH","00+",2022-03-23,2022-03-21,"-2 day ahead inc hosp","quantile",0.5,322,"COVID-19"
"DE-SH","00+",2022-03-23,2022-03-21,"-2 day ahead inc hosp","quantile",0.75,351,"COVID-19"
"DE-SH","00+",2022-03-23,2022-03-21,"-2 day ahead inc hosp","quantile",0.9,381,"COVID-19"
"DE-SH","00+",2022-03-23,2022-03-21,"-2 day ahead inc hosp","quantile",0.975,422,"COVID-19"
"DE-SH","00+",2022-03-23,2022-03-20,"-3 day ahead inc hosp","mean",NA,316,"COVID-19"
"DE-SH","00+",2022-03-23,2022-03-20,"-3 day ahead inc hosp","quantile",0.025,263,"COVID-19"
"DE-SH","00+",2022-03-23,2022-03-20,"-3 day ahead inc hosp","quantile",0.1,276,"COVID-19"
"DE-SH","00+",2022-03-23,2022-03-20,"-3 day ahead inc hosp","quantile",0.25,290,"COVID-19"
"DE-SH","00+",2022-03-23,2022-03-20,"-3 day ahead inc hosp","quantile",0.5,311,"COVID-19"
"DE-SH","00+",2022-03-23,2022-03-20,"-3 day ahead inc hosp","quantile",0.75,336,"COVID-19"
"DE-SH","00+",2022-03-23,2022-03-20,"-3 day ahead inc hosp","quantile",0.9,364,"COVID-19"
"DE-SH","00+",2022-03-23,2022-03-20,"-3 day ahead inc hosp","quantile",0.975,401,"COVID-19"
"DE-SH","00+",2022-03-23,2022-03-19,"-4 day ahead inc hosp","mean",NA,327,"COVID-19"
"DE-SH","00+",2022-03-23,2022-03-19,"-4 day ahead inc hosp","quantile",0.025,274,"COVID-19"
"DE-SH","00+",2022-03-23,2022-03-19,"-4 day ahead inc hosp","quantile",0.1,286,"COVID-19"
"DE-SH","00+",2022-03-23,2022-03-19,"-4 day ahead inc hosp","quantile",0.25,300,"COVID-19"
"DE-SH","00+",2022-03-23,2022-03-19,"-4 day ahead inc hosp","quantile",0.5,321,"COVID-19"
"DE-SH","00+",2022-03-23,2022-03-19,"-4 day ahead inc hosp","quantile",0.75,347,"COVID-19"
"DE-SH","00+",2022-03-23,2022-03-19,"-4 day ahead inc hosp","quantile",0.9,376,"COVID-19"
"DE-SH","00+",2022-03-23,2022-03-19,"-4 day ahead inc hosp","quantile",0.975,413,"COVID-19"
"DE-SH","00+",2022-03-23,2022-03-18,"-5 day ahead inc hosp","mean",NA,313,"COVID-19"
"DE-SH","00+",2022-03-23,2022-03-18,"-5 day ahead inc hosp","quantile",0.025,266,"COVID-19"
"DE-SH","00+",2022-03-23,2022-03-18,"-5 day ahead inc hosp","quantile",0.1,276,"COVID-19"
"DE-SH","00+",2022-03-23,2022-03-18,"-5 day ahead inc hosp","quantile",0.25,289,"COVID-19"
"DE-SH","00+",2022-03-23,2022-03-18,"-5 day ahead inc hosp","quantile",0.5,308,"COVID-19"
"DE-SH","00+",2022-03-23,2022-03-18,"-5 day ahead inc hosp","quantile",0.75,331,"COVID-19"
"DE-SH","00+",2022-03-23,2022-03-18,"-5 day ahead inc hosp","quantile",0.9,357,"COVID-19"
"DE-SH","00+",2022-03-23,2022-03-18,"-5 day ahead inc hosp","quantile",0.975,390,"COVID-19"
"DE-SH","00+",2022-03-23,2022-03-17,"-6 day ahead inc hosp","mean",NA,312,"COVID-19"
"DE-SH","00+",2022-03-23,2022-03-17,"-6 day ahead inc hosp","quantile",0.025,269,"COVID-19"
"DE-SH","00+",2022-03-23,2022-03-17,"-6 day ahead inc hosp","quantile",0.1,279,"COVID-19"
"DE-SH","00+",2022-03-23,2022-03-17,"-6 day ahead inc hosp","quantile",0.25,290,"COVID-19"
"DE-SH","00+",2022-03-23,2022-03-17,"-6 day ahead inc hosp","quantile",0.5,307,"COVID-19"
"DE-SH","00+",2022-03-23,2022-03-17,"-6 day ahead inc hosp","quantile",0.75,329,"COVID-19"
"DE-SH","00+",2022-03-23,2022-03-17,"-6 day ahead inc hosp","quantile",0.9,353,"COVID-19"
"DE-SH","00+",2022-03-23,2022-03-17,"-6 day ahead inc hosp","quantile",0.975,385,"COVID-19"
"DE-SH","00+",2022-03-23,2022-03-16,"-7 day ahead inc hosp","mean",NA,298,"COVID-19"
"DE-SH","00+",2022-03-23,2022-03-16,"-7 day ahead inc hosp","quantile",0.025,261,"COVID-19"
"DE-SH","00+",2022-03-23,2022-03-16,"-7 day ahead inc hosp","quantile",0.1,269,"COVID-19"
"DE-SH","00+",2022-03-23,2022-03-16,"-7 day ahead inc hosp","quantile",0.25,279,"COVID-19"
"DE-SH","00+",2022-03-23,2022-03-16,"-7 day ahead inc hosp","quantile",0.5,293,"COVID-19"
"DE-SH","00+",2022-03-23,2022-03-16,"-7 day ahead inc hosp","quantile",0.75,312,"COVID-19"
"DE-SH","00+",2022-03-23,2022-03-16,"-7 day ahead inc hosp","quantile",0.9,334,"COVID-19"
"DE-SH","00+",2022-03-23,2022-03-16,"-7 day ahead inc hosp","quantile",0.975,362,"COVID-19"
"DE-SH","00+",2022-03-23,2022-03-15,"-8 day ahead inc hosp","mean",NA,267,"COVID-19"
"DE-SH","00+",2022-03-23,2022-03-15,"-8 day ahead inc hosp","quantile",0.025,238,"COVID-19"
"DE-SH","00+",2022-03-23,2022-03-15,"-8 day ahead inc hosp","quantile",0.1,244,"COVID-19"
"DE-SH","00+",2022-03-23,2022-03-15,"-8 day ahead inc hosp","quantile",0.25,251,"COVID-19"
"DE-SH","00+",2022-03-23,2022-03-15,"-8 day ahead inc hosp","quantile",0.5,263,"COVID-19"
"DE-SH","00+",2022-03-23,2022-03-15,"-8 day ahead inc hosp","quantile",0.75,278,"COVID-19"
"DE-SH","00+",2022-03-23,2022-03-15,"-8 day ahead inc hosp","quantile",0.9,295,"COVID-19"
"DE-SH","00+",2022-03-23,2022-03-15,"-8 day ahead inc hosp","quantile",0.975,317,"COVID-19"
"DE-SH","00+",2022-03-23,2022-03-14,"-9 day ahead inc hosp","mean",NA,245,"COVID-19"
"DE-SH","00+",2022-03-23,2022-03-14,"-9 day ahead inc hosp","quantile",0.025,222,"COVID-19"
"DE-SH","00+",2022-03-23,2022-03-14,"-9 day ahead inc hosp","quantile",0.1,226,"COVID-19"
"DE-SH","00+",2022-03-23,2022-03-14,"-9 day ahead inc hosp","quantile",0.25,232,"COVID-19"
"DE-SH","00+",2022-03-23,2022-03-14,"-9 day ahead inc hosp","quantile",0.5,242,"COVID-19"
"DE-SH","00+",2022-03-23,2022-03-14,"-9 day ahead inc hosp","quantile",0.75,254,"COVID-19"
"DE-SH","00+",2022-03-23,2022-03-14,"-9 day ahead inc hosp","quantile",0.9,267,"COVID-19"
"DE-SH","00+",2022-03-23,2022-03-14,"-9 day ahead inc hosp","quantile",0.975,286,"COVID-19"
"DE-SH","00+",2022-03-23,2022-03-13,"-10 day ahead inc hosp","mean",NA,255,"COVID-19"
"DE-SH","00+",2022-03-23,2022-03-13,"-10 day ahead inc hosp","quantile",0.025,232,"COVID-19"
"DE-SH","00+",2022-03-23,2022-03-13,"-10 day ahead inc hosp","quantile",0.1,236,"COVID-19"
"DE-SH","00+",2022-03-23,2022-03-13,"-10 day ahead inc hosp","quantile",0.25,242,"COVID-19"
"DE-SH","00+",2022-03-23,2022-03-13,"-10 day ahead inc hosp","quantile",0.5,252,"COVID-19"
"DE-SH","00+",2022-03-23,2022-03-13,"-10 day ahead inc hosp","quantile",0.75,264,"COVID-19"
"DE-SH","00+",2022-03-23,2022-03-13,"-10 day ahead inc hosp","quantile",0.9,278,"COVID-19"
"DE-SH","00+",2022-03-23,2022-03-13,"-10 day ahead inc hosp","quantile",0.975,297,"COVID-19"
"DE-SH","00+",2022-03-23,2022-03-12,"-11 day ahead inc hosp","mean",NA,247,"COVID-19"
"DE-SH","00+",2022-03-23,2022-03-12,"-11 day ahead inc hosp","quantile",0.025,225,"COVID-19"
"DE-SH","00+",2022-03-23,2022-03-12,"-11 day ahead inc hosp","quantile",0.1,229,"COVID-19"
"DE-SH","00+",2022-03-23,2022-03-12,"-11 day ahead inc hosp","quantile",0.25,235,"COVID-19"
"DE-SH","00+",2022-03-23,2022-03-12,"-11 day ahead inc hosp","quantile",0.5,244,"COVID-19"
"DE-SH","00+",2022-03-23,2022-03-12,"-11 day ahead inc hosp","quantile",0.75,255,"COVID-19"
"DE-SH","00+",2022-03-23,2022-03-12,"-11 day ahead inc hosp","quantile",0.9,269,"COVID-19"
"DE-SH","00+",2022-03-23,2022-03-12,"-11 day ahead inc hosp","quantile",0.975,287,"COVID-19"
"DE-SH","00+",2022-03-23,2022-03-11,"-12 day ahead inc hosp","mean",NA,258,"COVID-19"
"DE-SH","00+",2022-03-23,2022-03-11,"-12 day ahead inc hosp","quantile",0.025,237,"COVID-19"
"DE-SH","00+",2022-03-23,2022-03-11,"-12 day ahead inc hosp","quantile",0.1,241,"COVID-19"
"DE-SH","00+",2022-03-23,2022-03-11,"-12 day ahead inc hosp","quantile",0.25,246,"COVID-19"
"DE-SH","00+",2022-03-23,2022-03-11,"-12 day ahead inc hosp","quantile",0.5,255,"COVID-19"
"DE-SH","00+",2022-03-23,2022-03-11,"-12 day ahead inc hosp","quantile",0.75,266,"COVID-19"
"DE-SH","00+",2022-03-23,2022-03-11,"-12 day ahead inc hosp","quantile",0.9,279,"COVID-19"
"DE-SH","00+",2022-03-23,2022-03-11,"-12 day ahead inc hosp","quantile",0.975,297,"COVID-19"
"DE-SH","00+",2022-03-23,2022-03-10,"-13 day ahead inc hosp","mean",NA,250,"COVID-19"
"DE-SH","00+",2022-03-23,2022-03-10,"-13 day ahead inc hosp","quantile",0.025,231,"COVID-19"
"DE-SH","00+",2022-03-23,2022-03-10,"-13 day ahead inc hosp","quantile",0.1,235,"COVID-19"
"DE-SH","00+",2022-03-23,2022-03-10,"-13 day ahead inc hosp","quantile",0.25,239,"COVID-19"
"DE-SH","00+",2022-03-23,2022-03-10,"-13 day ahead inc hosp","quantile",0.5,247,"COVID-19"
"DE-SH","00+",2022-03-23,2022-03-10,"-13 day ahead inc hosp","quantile",0.75,257,"COVID-19"
"DE-SH","00+",2022-03-23,2022-03-10,"-13 day ahead inc hosp","quantile",0.9,269,"COVID-19"
"DE-SH","00+",2022-03-23,2022-03-10,"-13 day ahead inc hosp","quantile",0.975,285,"COVID-19"
"DE-SH","00+",2022-03-23,2022-03-09,"-14 day ahead inc hosp","mean",NA,237,"COVID-19"
"DE-SH","00+",2022-03-23,2022-03-09,"-14 day ahead inc hosp","quantile",0.025,220,"COVID-19"
"DE-SH","00+",2022-03-23,2022-03-09,"-14 day ahead inc hosp","quantile",0.1,223,"COVID-19"
"DE-SH","00+",2022-03-23,2022-03-09,"-14 day ahead inc hosp","quantile",0.25,228,"COVID-19"
"DE-SH","00+",2022-03-23,2022-03-09,"-14 day ahead inc hosp","quantile",0.5,234,"COVID-19"
"DE-SH","00+",2022-03-23,2022-03-09,"-14 day ahead inc hosp","quantile",0.75,243,"COVID-19"
"DE-SH","00+",2022-03-23,2022-03-09,"-14 day ahead inc hosp","quantile",0.9,253,"COVID-19"
"DE-SH","00+",2022-03-23,2022-03-09,"-14 day ahead inc hosp","quantile",0.975,267,"COVID-19"
"DE-SH","00+",2022-03-23,2022-03-08,"-15 day ahead inc hosp","mean",NA,243,"COVID-19"
"DE-SH","00+",2022-03-23,2022-03-08,"-15 day ahead inc hosp","quantile",0.025,228,"COVID-19"
"DE-SH","00+",2022-03-23,2022-03-08,"-15 day ahead inc hosp","quantile",0.1,231,"COVID-19"
"DE-SH","00+",2022-03-23,2022-03-08,"-15 day ahead inc hosp","quantile",0.25,234,"COVID-19"
"DE-SH","00+",2022-03-23,2022-03-08,"-15 day ahead inc hosp","quantile",0.5,240,"COVID-19"
"DE-SH","00+",2022-03-23,2022-03-08,"-15 day ahead inc hosp","quantile",0.75,248,"COVID-19"
"DE-SH","00+",2022-03-23,2022-03-08,"-15 day ahead inc hosp","quantile",0.9,258,"COVID-19"
"DE-SH","00+",2022-03-23,2022-03-08,"-15 day ahead inc hosp","quantile",0.975,270,"COVID-19"
"DE-SH","00+",2022-03-23,2022-03-07,"-16 day ahead inc hosp","mean",NA,244,"COVID-19"
"DE-SH","00+",2022-03-23,2022-03-07,"-16 day ahead inc hosp","quantile",0.025,231,"COVID-19"
"DE-SH","00+",2022-03-23,2022-03-07,"-16 day ahead inc hosp","quantile",0.1,234,"COVID-19"
"DE-SH","00+",2022-03-23,2022-03-07,"-16 day ahead inc hosp","quantile",0.25,237,"COVID-19"
"DE-SH","00+",2022-03-23,2022-03-07,"-16 day ahead inc hosp","quantile",0.5,242,"COVID-19"
"DE-SH","00+",2022-03-23,2022-03-07,"-16 day ahead inc hosp","quantile",0.75,250,"COVID-19"
"DE-SH","00+",2022-03-23,2022-03-07,"-16 day ahead inc hosp","quantile",0.9,258,"COVID-19"
"DE-SH","00+",2022-03-23,2022-03-07,"-16 day ahead inc hosp","quantile",0.975,270,"COVID-19"
"DE-SH","00+",2022-03-23,2022-03-06,"-17 day ahead inc hosp","mean",NA,239,"COVID-19"
"DE-SH","00+",2022-03-23,2022-03-06,"-17 day ahead inc hosp","quantile",0.025,227,"COVID-19"
"DE-SH","00+",2022-03-23,2022-03-06,"-17 day ahead inc hosp","quantile",0.1,229,"COVID-19"
"DE-SH","00+",2022-03-23,2022-03-06,"-17 day ahead inc hosp","quantile",0.25,232,"COVID-19"
"DE-SH","00+",2022-03-23,2022-03-06,"-17 day ahead inc hosp","quantile",0.5,237,"COVID-19"
"DE-SH","00+",2022-03-23,2022-03-06,"-17 day ahead inc hosp","quantile",0.75,244,"COVID-19"
"DE-SH","00+",2022-03-23,2022-03-06,"-17 day ahead inc hosp","quantile",0.9,252,"COVID-19"
"DE-SH","00+",2022-03-23,2022-03-06,"-17 day ahead inc hosp","quantile",0.975,263,"COVID-19"
"DE-SH","00+",2022-03-23,2022-03-05,"-18 day ahead inc hosp","mean",NA,255,"COVID-19"
"DE-SH","00+",2022-03-23,2022-03-05,"-18 day ahead inc hosp","quantile",0.025,243,"COVID-19"
"DE-SH","00+",2022-03-23,2022-03-05,"-18 day ahead inc hosp","quantile",0.1,245,"COVID-19"
"DE-SH","00+",2022-03-23,2022-03-05,"-18 day ahead inc hosp","quantile",0.25,248,"COVID-19"
"DE-SH","00+",2022-03-23,2022-03-05,"-18 day ahead inc hosp","quantile",0.5,253,"COVID-19"
"DE-SH","00+",2022-03-23,2022-03-05,"-18 day ahead inc hosp","quantile",0.75,260,"COVID-19"
"DE-SH","00+",2022-03-23,2022-03-05,"-18 day ahead inc hosp","quantile",0.9,269,"COVID-19"
"DE-SH","00+",2022-03-23,2022-03-05,"-18 day ahead inc hosp","quantile",0.975,280,"COVID-19"
"DE-SH","00+",2022-03-23,2022-03-04,"-19 day ahead inc hosp","mean",NA,248,"COVID-19"
"DE-SH","00+",2022-03-23,2022-03-04,"-19 day ahead inc hosp","quantile",0.025,238,"COVID-19"
"DE-SH","00+",2022-03-23,2022-03-04,"-19 day ahead inc hosp","quantile",0.1,239,"COVID-19"
"DE-SH","00+",2022-03-23,2022-03-04,"-19 day ahead inc hosp","quantile",0.25,242,"COVID-19"
"DE-SH","00+",2022-03-23,2022-03-04,"-19 day ahead inc hosp","quantile",0.5,246,"COVID-19"
"DE-SH","00+",2022-03-23,2022-03-04,"-19 day ahead inc hosp","quantile",0.75,253,"COVID-19"
"DE-SH","00+",2022-03-23,2022-03-04,"-19 day ahead inc hosp","quantile",0.9,260,"COVID-19"
"DE-SH","00+",2022-03-23,2022-03-04,"-19 day ahead inc hosp","quantile",0.975,270,"COVID-19"
"DE-SH","00+",2022-03-23,2022-03-03,"-20 day ahead inc hosp","mean",NA,265,"COVID-19"
"DE-SH","00+",2022-03-23,2022-03-03,"-20 day ahead inc hosp","quantile",0.025,254,"COVID-19"
"DE-SH","00+",2022-03-23,2022-03-03,"-20 day ahead inc hosp","quantile",0.1,256,"COVID-19"
"DE-SH","00+",2022-03-23,2022-03-03,"-20 day ahead inc hosp","quantile",0.25,259,"COVID-19"
"DE-SH","00+",2022-03-23,2022-03-03,"-20 day ahead inc hosp","quantile",0.5,263,"COVID-19"
"DE-SH","00+",2022-03-23,2022-03-03,"-20 day ahead inc hosp","quantile",0.75,269,"COVID-19"
"DE-SH","00+",2022-03-23,2022-03-03,"-20 day ahead inc hosp","quantile",0.9,276,"COVID-19"
"DE-SH","00+",2022-03-23,2022-03-03,"-20 day ahead inc hosp","quantile",0.975,286,"COVID-19"
"DE-SH","00+",2022-03-23,2022-03-02,"-21 day ahead inc hosp","mean",NA,273,"COVID-19"
"DE-SH","00+",2022-03-23,2022-03-02,"-21 day ahead inc hosp","quantile",0.025,263,"COVID-19"
"DE-SH","00+",2022-03-23,2022-03-02,"-21 day ahead inc hosp","quantile",0.1,265,"COVID-19"
"DE-SH","00+",2022-03-23,2022-03-02,"-21 day ahead inc hosp","quantile",0.25,267,"COVID-19"
"DE-SH","00+",2022-03-23,2022-03-02,"-21 day ahead inc hosp","quantile",0.5,271,"COVID-19"
"DE-SH","00+",2022-03-23,2022-03-02,"-21 day ahead inc hosp","quantile",0.75,277,"COVID-19"
"DE-SH","00+",2022-03-23,2022-03-02,"-21 day ahead inc hosp","quantile",0.9,284,"COVID-19"
"DE-SH","00+",2022-03-23,2022-03-02,"-21 day ahead inc hosp","quantile",0.975,293,"COVID-19"
"DE-SH","00+",2022-03-23,2022-03-01,"-22 day ahead inc hosp","mean",NA,265,"COVID-19"
"DE-SH","00+",2022-03-23,2022-03-01,"-22 day ahead inc hosp","quantile",0.025,257,"COVID-19"
"DE-SH","00+",2022-03-23,2022-03-01,"-22 day ahead inc hosp","quantile",0.1,258,"COVID-19"
"DE-SH","00+",2022-03-23,2022-03-01,"-22 day ahead inc hosp","quantile",0.25,260,"COVID-19"
"DE-SH","00+",2022-03-23,2022-03-01,"-22 day ahead inc hosp","quantile",0.5,264,"COVID-19"
"DE-SH","00+",2022-03-23,2022-03-01,"-22 day ahead inc hosp","quantile",0.75,269,"COVID-19"
"DE-SH","00+",2022-03-23,2022-03-01,"-22 day ahead inc hosp","quantile",0.9,275,"COVID-19"
"DE-SH","00+",2022-03-23,2022-03-01,"-22 day ahead inc hosp","quantile",0.975,284,"COVID-19"
"DE-SH","00+",2022-03-23,2022-02-28,"-23 day ahead inc hosp","mean",NA,272,"COVID-19"
"DE-SH","00+",2022-03-23,2022-02-28,"-23 day ahead inc hosp","quantile",0.025,264,"COVID-19"
"DE-SH","00+",2022-03-23,2022-02-28,"-23 day ahead inc hosp","quantile",0.1,265,"COVID-19"
"DE-SH","00+",2022-03-23,2022-02-28,"-23 day ahead inc hosp","quantile",0.25,267,"COVID-19"
"DE-SH","00+",2022-03-23,2022-02-28,"-23 day ahead inc hosp","quantile",0.5,270,"COVID-19"
"DE-SH","00+",2022-03-23,2022-02-28,"-23 day ahead inc hosp","quantile",0.75,275,"COVID-19"
"DE-SH","00+",2022-03-23,2022-02-28,"-23 day ahead inc hosp","quantile",0.9,280,"COVID-19"
"DE-SH","00+",2022-03-23,2022-02-28,"-23 day ahead inc hosp","quantile",0.975,289,"COVID-19"
"DE-SH","00+",2022-03-23,2022-02-27,"-24 day ahead inc hosp","mean",NA,264,"COVID-19"
"DE-SH","00+",2022-03-23,2022-02-27,"-24 day ahead inc hosp","quantile",0.025,257,"COVID-19"
"DE-SH","00+",2022-03-23,2022-02-27,"-24 day ahead inc hosp","quantile",0.1,258,"COVID-19"
"DE-SH","00+",2022-03-23,2022-02-27,"-24 day ahead inc hosp","quantile",0.25,259,"COVID-19"
"DE-SH","00+",2022-03-23,2022-02-27,"-24 day ahead inc hosp","quantile",0.5,262,"COVID-19"
"DE-SH","00+",2022-03-23,2022-02-27,"-24 day ahead inc hosp","quantile",0.75,267,"COVID-19"
"DE-SH","00+",2022-03-23,2022-02-27,"-24 day ahead inc hosp","quantile",0.9,273,"COVID-19"
"DE-SH","00+",2022-03-23,2022-02-27,"-24 day ahead inc hosp","quantile",0.975,281,"COVID-19"
"DE-SH","00+",2022-03-23,2022-02-26,"-25 day ahead inc hosp","mean",NA,255,"COVID-19"
"DE-SH","00+",2022-03-23,2022-02-26,"-25 day ahead inc hosp","quantile",0.025,248,"COVID-19"
"DE-SH","00+",2022-03-23,2022-02-26,"-25 day ahead inc hosp","quantile",0.1,249,"COVID-19"
"DE-SH","00+",2022-03-23,2022-02-26,"-25 day ahead inc hosp","quantile",0.25,250,"COVID-19"
"DE-SH","00+",2022-03-23,2022-02-26,"-25 day ahead inc hosp","quantile",0.5,253,"COVID-19"
"DE-SH","00+",2022-03-23,2022-02-26,"-25 day ahead inc hosp","quantile",0.75,257,"COVID-19"
"DE-SH","00+",2022-03-23,2022-02-26,"-25 day ahead inc hosp","quantile",0.9,263,"COVID-19"
"DE-SH","00+",2022-03-23,2022-02-26,"-25 day ahead inc hosp","quantile",0.975,271,"COVID-19"
"DE-SH","00+",2022-03-23,2022-02-25,"-26 day ahead inc hosp","mean",NA,269,"COVID-19"
"DE-SH","00+",2022-03-23,2022-02-25,"-26 day ahead inc hosp","quantile",0.025,263,"COVID-19"
"DE-SH","00+",2022-03-23,2022-02-25,"-26 day ahead inc hosp","quantile",0.1,263,"COVID-19"
"DE-SH","00+",2022-03-23,2022-02-25,"-26 day ahead inc hosp","quantile",0.25,265,"COVID-19"
"DE-SH","00+",2022-03-23,2022-02-25,"-26 day ahead inc hosp","quantile",0.5,267,"COVID-19"
"DE-SH","00+",2022-03-23,2022-02-25,"-26 day ahead inc hosp","quantile",0.75,272,"COVID-19"
"DE-SH","00+",2022-03-23,2022-02-25,"-26 day ahead inc hosp","quantile",0.9,277,"COVID-19"
"DE-SH","00+",2022-03-23,2022-02-25,"-26 day ahead inc hosp","quantile",0.975,285,"COVID-19"
"DE-SH","00+",2022-03-23,2022-02-24,"-27 day ahead inc hosp","mean",NA,259,"COVID-19"
"DE-SH","00+",2022-03-23,2022-02-24,"-27 day ahead inc hosp","quantile",0.025,254,"COVID-19"
"DE-SH","00+",2022-03-23,2022-02-24,"-27 day ahead inc hosp","quantile",0.1,254,"COVID-19"
"DE-SH","00+",2022-03-23,2022-02-24,"-27 day ahead inc hosp","quantile",0.25,255,"COVID-19"
"DE-SH","00+",2022-03-23,2022-02-24,"-27 day ahead inc hosp","quantile",0.5,257,"COVID-19"
"DE-SH","00+",2022-03-23,2022-02-24,"-27 day ahead inc hosp","quantile",0.75,261,"COVID-19"
"DE-SH","00+",2022-03-23,2022-02-24,"-27 day ahead inc hosp","quantile",0.9,266,"COVID-19"
"DE-SH","00+",2022-03-23,2022-02-24,"-27 day ahead inc hosp","quantile",0.975,272,"COVID-19"
"DE-SH","00+",2022-03-23,2022-02-23,"-28 day ahead inc hosp","mean",NA,259,"COVID-19"
"DE-SH","00+",2022-03-23,2022-02-23,"-28 day ahead inc hosp","quantile",0.025,255,"COVID-19"
"DE-SH","00+",2022-03-23,2022-02-23,"-28 day ahead inc hosp","quantile",0.1,255,"COVID-19"
"DE-SH","00+",2022-03-23,2022-02-23,"-28 day ahead inc hosp","quantile",0.25,256,"COVID-19"
"DE-SH","00+",2022-03-23,2022-02-23,"-28 day ahead inc hosp","quantile",0.5,258,"COVID-19"
"DE-SH","00+",2022-03-23,2022-02-23,"-28 day ahead inc hosp","quantile",0.75,261,"COVID-19"
"DE-SH","00+",2022-03-23,2022-02-23,"-28 day ahead inc hosp","quantile",0.9,265,"COVID-19"
"DE-SH","00+",2022-03-23,2022-02-23,"-28 day ahead inc hosp","quantile",0.975,270,"COVID-19"
"DE-SL","00+",2022-03-23,2022-03-23,"0 day ahead inc hosp","mean",NA,155,"COVID-19"
"DE-SL","00+",2022-03-23,2022-03-23,"0 day ahead inc hosp","quantile",0.025,122,"COVID-19"
"DE-SL","00+",2022-03-23,2022-03-23,"0 day ahead inc hosp","quantile",0.1,130,"COVID-19"
"DE-SL","00+",2022-03-23,2022-03-23,"0 day ahead inc hosp","quantile",0.25,139,"COVID-19"
"DE-SL","00+",2022-03-23,2022-03-23,"0 day ahead inc hosp","quantile",0.5,152,"COVID-19"
"DE-SL","00+",2022-03-23,2022-03-23,"0 day ahead inc hosp","quantile",0.75,168,"COVID-19"
"DE-SL","00+",2022-03-23,2022-03-23,"0 day ahead inc hosp","quantile",0.9,184,"COVID-19"
"DE-SL","00+",2022-03-23,2022-03-23,"0 day ahead inc hosp","quantile",0.975,206,"COVID-19"
"DE-SL","00+",2022-03-23,2022-03-22,"-1 day ahead inc hosp","mean",NA,158,"COVID-19"
"DE-SL","00+",2022-03-23,2022-03-22,"-1 day ahead inc hosp","quantile",0.025,131,"COVID-19"
"DE-SL","00+",2022-03-23,2022-03-22,"-1 day ahead inc hosp","quantile",0.1,137,"COVID-19"
"DE-SL","00+",2022-03-23,2022-03-22,"-1 day ahead inc hosp","quantile",0.25,145,"COVID-19"
"DE-SL","00+",2022-03-23,2022-03-22,"-1 day ahead inc hosp","quantile",0.5,155,"COVID-19"
"DE-SL","00+",2022-03-23,2022-03-22,"-1 day ahead inc hosp","quantile",0.75,169,"COVID-19"
"DE-SL","00+",2022-03-23,2022-03-22,"-1 day ahead inc hosp","quantile",0.9,183,"COVID-19"
"DE-SL","00+",2022-03-23,2022-03-22,"-1 day ahead inc hosp","quantile",0.975,202,"COVID-19"
"DE-SL","00+",2022-03-23,2022-03-21,"-2 day ahead inc hosp","mean",NA,157,"COVID-19"
"DE-SL","00+",2022-03-23,2022-03-21,"-2 day ahead inc hosp","quantile",0.025,133,"COVID-19"
"DE-SL","00+",2022-03-23,2022-03-21,"-2 day ahead inc hosp","quantile",0.1,139,"COVID-19"
"DE-SL","00+",2022-03-23,2022-03-21,"-2 day ahead inc hosp","quantile",0.25,145,"COVID-19"
"DE-SL","00+",2022-03-23,2022-03-21,"-2 day ahead inc hosp","quantile",0.5,155,"COVID-19"
"DE-SL","00+",2022-03-23,2022-03-21,"-2 day ahead inc hosp","quantile",0.75,166,"COVID-19"
"DE-SL","00+",2022-03-23,2022-03-21,"-2 day ahead inc hosp","quantile",0.9,178,"COVID-19"
"DE-SL","00+",2022-03-23,2022-03-21,"-2 day ahead inc hosp","quantile",0.975,193,"COVID-19"
"DE-SL","00+",2022-03-23,2022-03-20,"-3 day ahead inc hosp","mean",NA,169,"COVID-19"
"DE-SL","00+",2022-03-23,2022-03-20,"-3 day ahead inc hosp","quantile",0.025,146,"COVID-19"
"DE-SL","00+",2022-03-23,2022-03-20,"-3 day ahead inc hosp","quantile",0.1,151,"COVID-19"
"DE-SL","00+",2022-03-23,2022-03-20,"-3 day ahead inc hosp","quantile",0.25,158,"COVID-19"
"DE-SL","00+",2022-03-23,2022-03-20,"-3 day ahead inc hosp","quantile",0.5,167,"COVID-19"
"DE-SL","00+",2022-03-23,2022-03-20,"-3 day ahead inc hosp","quantile",0.75,178,"COVID-19"
"DE-SL","00+",2022-03-23,2022-03-20,"-3 day ahead inc hosp","quantile",0.9,189,"COVID-19"
"DE-SL","00+",2022-03-23,2022-03-20,"-3 day ahead inc hosp","quantile",0.975,203,"COVID-19"
"DE-SL","00+",2022-03-23,2022-03-19,"-4 day ahead inc hosp","mean",NA,166,"COVID-19"
"DE-SL","00+",2022-03-23,2022-03-19,"-4 day ahead inc hosp","quantile",0.025,146,"COVID-19"
"DE-SL","00+",2022-03-23,2022-03-19,"-4 day ahead inc hosp","quantile",0.1,151,"COVID-19"
"DE-SL","00+",2022-03-23,2022-03-19,"-4 day ahead inc hosp","quantile",0.25,157,"COVID-19"
"DE-SL","00+",2022-03-23,2022-03-19,"-4 day ahead inc hosp","quantile",0.5,165,"COVID-19"
"DE-SL","00+",2022-03-23,2022-03-19,"-4 day ahead inc hosp","quantile",0.75,173,"COVID-19"
"DE-SL","00+",2022-03-23,2022-03-19,"-4 day ahead inc hosp","quantile",0.9,182,"COVID-19"
"DE-SL","00+",2022-03-23,2022-03-19,"-4 day ahead inc hosp","quantile",0.975,194,"COVID-19"
"DE-SL","00+",2022-03-23,2022-03-18,"-5 day ahead inc hosp","mean",NA,157,"COVID-19"
"DE-SL","00+",2022-03-23,2022-03-18,"-5 day ahead inc hosp","quantile",0.025,142,"COVID-19"
"DE-SL","00+",2022-03-23,2022-03-18,"-5 day ahead inc hosp","quantile",0.1,146,"COVID-19"
"DE-SL","00+",2022-03-23,2022-03-18,"-5 day ahead inc hosp","quantile",0.25,150,"COVID-19"
"DE-SL","00+",2022-03-23,2022-03-18,"-5 day ahead inc hosp","quantile",0.5,156,"COVID-19"
"DE-SL","00+",2022-03-23,2022-03-18,"-5 day ahead inc hosp","quantile",0.75,162,"COVID-19"
"DE-SL","00+",2022-03-23,2022-03-18,"-5 day ahead inc hosp","quantile",0.9,169,"COVID-19"
"DE-SL","00+",2022-03-23,2022-03-18,"-5 day ahead inc hosp","quantile",0.975,177,"COVID-19"
"DE-SL","00+",2022-03-23,2022-03-17,"-6 day ahead inc hosp","mean",NA,157,"COVID-19"
"DE-SL","00+",2022-03-23,2022-03-17,"-6 day ahead inc hosp","quantile",0.025,146,"COVID-19"
"DE-SL","00+",2022-03-23,2022-03-17,"-6 day ahead inc hosp","quantile",0.1,149,"COVID-19"
"DE-SL","00+",2022-03-23,2022-03-17,"-6 day ahead inc hosp","quantile",0.25,152,"COVID-19"
"DE-SL","00+",2022-03-23,2022-03-17,"-6 day ahead inc hosp","quantile",0.5,156,"COVID-19"
"DE-SL","00+",2022-03-23,2022-03-17,"-6 day ahead inc hosp","quantile",0.75,160,"COVID-19"
"DE-SL","00+",2022-03-23,2022-03-17,"-6 day ahead inc hosp","quantile",0.9,165,"COVID-19"
"DE-SL","00+",2022-03-23,2022-03-17,"-6 day ahead inc hosp","quantile",0.975,170,"COVID-19"
"DE-SL","00+",2022-03-23,2022-03-16,"-7 day ahead inc hosp","mean",NA,156,"COVID-19"
"DE-SL","00+",2022-03-23,2022-03-16,"-7 day ahead inc hosp","quantile",0.025,147,"COVID-19"
"DE-SL","00+",2022-03-23,2022-03-16,"-7 day ahead inc hosp","quantile",0.1,150,"COVID-19"
"DE-SL","00+",2022-03-23,2022-03-16,"-7 day ahead inc hosp","quantile",0.25,153,"COVID-19"
"DE-SL","00+",2022-03-23,2022-03-16,"-7 day ahead inc hosp","quantile",0.5,156,"COVID-19"
"DE-SL","00+",2022-03-23,2022-03-16,"-7 day ahead inc hosp","quantile",0.75,160,"COVID-19"
"DE-SL","00+",2022-03-23,2022-03-16,"-7 day ahead inc hosp","quantile",0.9,163,"COVID-19"
"DE-SL","00+",2022-03-23,2022-03-16,"-7 day ahead inc hosp","quantile",0.975,167,"COVID-19"
"DE-SL","00+",2022-03-23,2022-03-15,"-8 day ahead inc hosp","mean",NA,149,"COVID-19"
"DE-SL","00+",2022-03-23,2022-03-15,"-8 day ahead inc hosp","quantile",0.025,141,"COVID-19"
"DE-SL","00+",2022-03-23,2022-03-15,"-8 day ahead inc hosp","quantile",0.1,144,"COVID-19"
"DE-SL","00+",2022-03-23,2022-03-15,"-8 day ahead inc hosp","quantile",0.25,146,"COVID-19"
"DE-SL","00+",2022-03-23,2022-03-15,"-8 day ahead inc hosp","quantile",0.5,149,"COVID-19"
"DE-SL","00+",2022-03-23,2022-03-15,"-8 day ahead inc hosp","quantile",0.75,152,"COVID-19"
"DE-SL","00+",2022-03-23,2022-03-15,"-8 day ahead inc hosp","quantile",0.9,155,"COVID-19"
"DE-SL","00+",2022-03-23,2022-03-15,"-8 day ahead inc hosp","quantile",0.975,158,"COVID-19"
"DE-SL","00+",2022-03-23,2022-03-14,"-9 day ahead inc hosp","mean",NA,137,"COVID-19"
"DE-SL","00+",2022-03-23,2022-03-14,"-9 day ahead inc hosp","quantile",0.025,130,"COVID-19"
"DE-SL","00+",2022-03-23,2022-03-14,"-9 day ahead inc hosp","quantile",0.1,132,"COVID-19"
"DE-SL","00+",2022-03-23,2022-03-14,"-9 day ahead inc hosp","quantile",0.25,134,"COVID-19"
"DE-SL","00+",2022-03-23,2022-03-14,"-9 day ahead inc hosp","quantile",0.5,136,"COVID-19"
"DE-SL","00+",2022-03-23,2022-03-14,"-9 day ahead inc hosp","quantile",0.75,139,"COVID-19"
"DE-SL","00+",2022-03-23,2022-03-14,"-9 day ahead inc hosp","quantile",0.9,142,"COVID-19"
"DE-SL","00+",2022-03-23,2022-03-14,"-9 day ahead inc hosp","quantile",0.975,145,"COVID-19"
"DE-SL","00+",2022-03-23,2022-03-13,"-10 day ahead inc hosp","mean",NA,121,"COVID-19"
"DE-SL","00+",2022-03-23,2022-03-13,"-10 day ahead inc hosp","quantile",0.025,115,"COVID-19"
"DE-SL","00+",2022-03-23,2022-03-13,"-10 day ahead inc hosp","quantile",0.1,117,"COVID-19"
"DE-SL","00+",2022-03-23,2022-03-13,"-10 day ahead inc hosp","quantile",0.25,119,"COVID-19"
"DE-SL","00+",2022-03-23,2022-03-13,"-10 day ahead inc hosp","quantile",0.5,121,"COVID-19"
"DE-SL","00+",2022-03-23,2022-03-13,"-10 day ahead inc hosp","quantile",0.75,124,"COVID-19"
"DE-SL","00+",2022-03-23,2022-03-13,"-10 day ahead inc hosp","quantile",0.9,126,"COVID-19"
"DE-SL","00+",2022-03-23,2022-03-13,"-10 day ahead inc hosp","quantile",0.975,129,"COVID-19"
"DE-SL","00+",2022-03-23,2022-03-12,"-11 day ahead inc hosp","mean",NA,112,"COVID-19"
"DE-SL","00+",2022-03-23,2022-03-12,"-11 day ahead inc hosp","quantile",0.025,106,"COVID-19"
"DE-SL","00+",2022-03-23,2022-03-12,"-11 day ahead inc hosp","quantile",0.1,108,"COVID-19"
"DE-SL","00+",2022-03-23,2022-03-12,"-11 day ahead inc hosp","quantile",0.25,109,"COVID-19"
"DE-SL","00+",2022-03-23,2022-03-12,"-11 day ahead inc hosp","quantile",0.5,112,"COVID-19"
"DE-SL","00+",2022-03-23,2022-03-12,"-11 day ahead inc hosp","quantile",0.75,114,"COVID-19"
"DE-SL","00+",2022-03-23,2022-03-12,"-11 day ahead inc hosp","quantile",0.9,116,"COVID-19"
"DE-SL","00+",2022-03-23,2022-03-12,"-11 day ahead inc hosp","quantile",0.975,119,"COVID-19"
"DE-SL","00+",2022-03-23,2022-03-11,"-12 day ahead inc hosp","mean",NA,104,"COVID-19"
"DE-SL","00+",2022-03-23,2022-03-11,"-12 day ahead inc hosp","quantile",0.025,98,"COVID-19"
"DE-SL","00+",2022-03-23,2022-03-11,"-12 day ahead inc hosp","quantile",0.1,99,"COVID-19"
"DE-SL","00+",2022-03-23,2022-03-11,"-12 day ahead inc hosp","quantile",0.25,101,"COVID-19"
"DE-SL","00+",2022-03-23,2022-03-11,"-12 day ahead inc hosp","quantile",0.5,103,"COVID-19"
"DE-SL","00+",2022-03-23,2022-03-11,"-12 day ahead inc hosp","quantile",0.75,106,"COVID-19"
"DE-SL","00+",2022-03-23,2022-03-11,"-12 day ahead inc hosp","quantile",0.9,108,"COVID-19"
"DE-SL","00+",2022-03-23,2022-03-11,"-12 day ahead inc hosp","quantile",0.975,111,"COVID-19"
"DE-SL","00+",2022-03-23,2022-03-10,"-13 day ahead inc hosp","mean",NA,82,"COVID-19"
"DE-SL","00+",2022-03-23,2022-03-10,"-13 day ahead inc hosp","quantile",0.025,78,"COVID-19"
"DE-SL","00+",2022-03-23,2022-03-10,"-13 day ahead inc hosp","quantile",0.1,79,"COVID-19"
"DE-SL","00+",2022-03-23,2022-03-10,"-13 day ahead inc hosp","quantile",0.25,80,"COVID-19"
"DE-SL","00+",2022-03-23,2022-03-10,"-13 day ahead inc hosp","quantile",0.5,82,"COVID-19"
"DE-SL","00+",2022-03-23,2022-03-10,"-13 day ahead inc hosp","quantile",0.75,84,"COVID-19"
"DE-SL","00+",2022-03-23,2022-03-10,"-13 day ahead inc hosp","quantile",0.9,87,"COVID-19"
"DE-SL","00+",2022-03-23,2022-03-10,"-13 day ahead inc hosp","quantile",0.975,90,"COVID-19"
"DE-SL","00+",2022-03-23,2022-03-09,"-14 day ahead inc hosp","mean",NA,70,"COVID-19"
"DE-SL","00+",2022-03-23,2022-03-09,"-14 day ahead inc hosp","quantile",0.025,67,"COVID-19"
"DE-SL","00+",2022-03-23,2022-03-09,"-14 day ahead inc hosp","quantile",0.1,68,"COVID-19"
"DE-SL","00+",2022-03-23,2022-03-09,"-14 day ahead inc hosp","quantile",0.25,68,"COVID-19"
"DE-SL","00+",2022-03-23,2022-03-09,"-14 day ahead inc hosp","quantile",0.5,70,"COVID-19"
"DE-SL","00+",2022-03-23,2022-03-09,"-14 day ahead inc hosp","quantile",0.75,72,"COVID-19"
"DE-SL","00+",2022-03-23,2022-03-09,"-14 day ahead inc hosp","quantile",0.9,74,"COVID-19"
"DE-SL","00+",2022-03-23,2022-03-09,"-14 day ahead inc hosp","quantile",0.975,77,"COVID-19"
"DE-SL","00+",2022-03-23,2022-03-08,"-15 day ahead inc hosp","mean",NA,60,"COVID-19"
"DE-SL","00+",2022-03-23,2022-03-08,"-15 day ahead inc hosp","quantile",0.025,58,"COVID-19"
"DE-SL","00+",2022-03-23,2022-03-08,"-15 day ahead inc hosp","quantile",0.1,58,"COVID-19"
"DE-SL","00+",2022-03-23,2022-03-08,"-15 day ahead inc hosp","quantile",0.25,59,"COVID-19"
"DE-SL","00+",2022-03-23,2022-03-08,"-15 day ahead inc hosp","quantile",0.5,60,"COVID-19"
"DE-SL","00+",2022-03-23,2022-03-08,"-15 day ahead inc hosp","quantile",0.75,61,"COVID-19"
"DE-SL","00+",2022-03-23,2022-03-08,"-15 day ahead inc hosp","quantile",0.9,62,"COVID-19"
"DE-SL","00+",2022-03-23,2022-03-08,"-15 day ahead inc hosp","quantile",0.975,65,"COVID-19"
"DE-SL","00+",2022-03-23,2022-03-07,"-16 day ahead inc hosp","mean",NA,57,"COVID-19"
"DE-SL","00+",2022-03-23,2022-03-07,"-16 day ahead inc hosp","quantile",0.025,55,"COVID-19"
"DE-SL","00+",2022-03-23,2022-03-07,"-16 day ahead inc hosp","quantile",0.1,55,"COVID-19"
"DE-SL","00+",2022-03-23,2022-03-07,"-16 day ahead inc hosp","quantile",0.25,55,"COVID-19"
"DE-SL","00+",2022-03-23,2022-03-07,"-16 day ahead inc hosp","quantile",0.5,56,"COVID-19"
"DE-SL","00+",2022-03-23,2022-03-07,"-16 day ahead inc hosp","quantile",0.75,58,"COVID-19"
"DE-SL","00+",2022-03-23,2022-03-07,"-16 day ahead inc hosp","quantile",0.9,59,"COVID-19"
"DE-SL","00+",2022-03-23,2022-03-07,"-16 day ahead inc hosp","quantile",0.975,61,"COVID-19"
"DE-SL","00+",2022-03-23,2022-03-06,"-17 day ahead inc hosp","mean",NA,58,"COVID-19"
"DE-SL","00+",2022-03-23,2022-03-06,"-17 day ahead inc hosp","quantile",0.025,56,"COVID-19"
"DE-SL","00+",2022-03-23,2022-03-06,"-17 day ahead inc hosp","quantile",0.1,56,"COVID-19"
"DE-SL","00+",2022-03-23,2022-03-06,"-17 day ahead inc hosp","quantile",0.25,56,"COVID-19"
"DE-SL","00+",2022-03-23,2022-03-06,"-17 day ahead inc hosp","quantile",0.5,57,"COVID-19"
"DE-SL","00+",2022-03-23,2022-03-06,"-17 day ahead inc hosp","quantile",0.75,59,"COVID-19"
"DE-SL","00+",2022-03-23,2022-03-06,"-17 day ahead inc hosp","quantile",0.9,60,"COVID-19"
"DE-SL","00+",2022-03-23,2022-03-06,"-17 day ahead inc hosp","quantile",0.975,62,"COVID-19"
"DE-SL","00+",2022-03-23,2022-03-05,"-18 day ahead inc hosp","mean",NA,58,"COVID-19"
"DE-SL","00+",2022-03-23,2022-03-05,"-18 day ahead inc hosp","quantile",0.025,56,"COVID-19"
"DE-SL","00+",2022-03-23,2022-03-05,"-18 day ahead inc hosp","quantile",0.1,56,"COVID-19"
"DE-SL","00+",2022-03-23,2022-03-05,"-18 day ahead inc hosp","quantile",0.25,56,"COVID-19"
"DE-SL","00+",2022-03-23,2022-03-05,"-18 day ahead inc hosp","quantile",0.5,57,"COVID-19"
"DE-SL","00+",2022-03-23,2022-03-05,"-18 day ahead inc hosp","quantile",0.75,58,"COVID-19"
"DE-SL","00+",2022-03-23,2022-03-05,"-18 day ahead inc hosp","quantile",0.9,60,"COVID-19"
"DE-SL","00+",2022-03-23,2022-03-05,"-18 day ahead inc hosp","quantile",0.975,62,"COVID-19"
"DE-SL","00+",2022-03-23,2022-03-04,"-19 day ahead inc hosp","mean",NA,48,"COVID-19"
"DE-SL","00+",2022-03-23,2022-03-04,"-19 day ahead inc hosp","quantile",0.025,47,"COVID-19"
"DE-SL","00+",2022-03-23,2022-03-04,"-19 day ahead inc hosp","quantile",0.1,47,"COVID-19"
"DE-SL","00+",2022-03-23,2022-03-04,"-19 day ahead inc hosp","quantile",0.25,47,"COVID-19"
"DE-SL","00+",2022-03-23,2022-03-04,"-19 day ahead inc hosp","quantile",0.5,48,"COVID-19"
"DE-SL","00+",2022-03-23,2022-03-04,"-19 day ahead inc hosp","quantile",0.75,49,"COVID-19"
"DE-SL","00+",2022-03-23,2022-03-04,"-19 day ahead inc hosp","quantile",0.9,50,"COVID-19"
"DE-SL","00+",2022-03-23,2022-03-04,"-19 day ahead inc hosp","quantile",0.975,52,"COVID-19"
"DE-SL","00+",2022-03-23,2022-03-03,"-20 day ahead inc hosp","mean",NA,45,"COVID-19"
"DE-SL","00+",2022-03-23,2022-03-03,"-20 day ahead inc hosp","quantile",0.025,44,"COVID-19"
"DE-SL","00+",2022-03-23,2022-03-03,"-20 day ahead inc hosp","quantile",0.1,44,"COVID-19"
"DE-SL","00+",2022-03-23,2022-03-03,"-20 day ahead inc hosp","quantile",0.25,44,"COVID-19"
"DE-SL","00+",2022-03-23,2022-03-03,"-20 day ahead inc hosp","quantile",0.5,45,"COVID-19"
"DE-SL","00+",2022-03-23,2022-03-03,"-20 day ahead inc hosp","quantile",0.75,46,"COVID-19"
"DE-SL","00+",2022-03-23,2022-03-03,"-20 day ahead inc hosp","quantile",0.9,47,"COVID-19"
"DE-SL","00+",2022-03-23,2022-03-03,"-20 day ahead inc hosp","quantile",0.975,48,"COVID-19"
"DE-SL","00+",2022-03-23,2022-03-02,"-21 day ahead inc hosp","mean",NA,41,"COVID-19"
"DE-SL","00+",2022-03-23,2022-03-02,"-21 day ahead inc hosp","quantile",0.025,40,"COVID-19"
"DE-SL","00+",2022-03-23,2022-03-02,"-21 day ahead inc hosp","quantile",0.1,40,"COVID-19"
"DE-SL","00+",2022-03-23,2022-03-02,"-21 day ahead inc hosp","quantile",0.25,40,"COVID-19"
"DE-SL","00+",2022-03-23,2022-03-02,"-21 day ahead inc hosp","quantile",0.5,41,"COVID-19"
"DE-SL","00+",2022-03-23,2022-03-02,"-21 day ahead inc hosp","quantile",0.75,41,"COVID-19"
"DE-SL","00+",2022-03-23,2022-03-02,"-21 day ahead inc hosp","quantile",0.9,42,"COVID-19"
"DE-SL","00+",2022-03-23,2022-03-02,"-21 day ahead inc hosp","quantile",0.975,44,"COVID-19"
"DE-SL","00+",2022-03-23,2022-03-01,"-22 day ahead inc hosp","mean",NA,32,"COVID-19"
"DE-SL","00+",2022-03-23,2022-03-01,"-22 day ahead inc hosp","quantile",0.025,31,"COVID-19"
"DE-SL","00+",2022-03-23,2022-03-01,"-22 day ahead inc hosp","quantile",0.1,31,"COVID-19"
"DE-SL","00+",2022-03-23,2022-03-01,"-22 day ahead inc hosp","quantile",0.25,31,"COVID-19"
"DE-SL","00+",2022-03-23,2022-03-01,"-22 day ahead inc hosp","quantile",0.5,31,"COVID-19"
"DE-SL","00+",2022-03-23,2022-03-01,"-22 day ahead inc hosp","quantile",0.75,32,"COVID-19"
"DE-SL","00+",2022-03-23,2022-03-01,"-22 day ahead inc hosp","quantile",0.9,33,"COVID-19"
"DE-SL","00+",2022-03-23,2022-03-01,"-22 day ahead inc hosp","quantile",0.975,34,"COVID-19"
"DE-SL","00+",2022-03-23,2022-02-28,"-23 day ahead inc hosp","mean",NA,35,"COVID-19"
"DE-SL","00+",2022-03-23,2022-02-28,"-23 day ahead inc hosp","quantile",0.025,34,"COVID-19"
"DE-SL","00+",2022-03-23,2022-02-28,"-23 day ahead inc hosp","quantile",0.1,34,"COVID-19"
"DE-SL","00+",2022-03-23,2022-02-28,"-23 day ahead inc hosp","quantile",0.25,34,"COVID-19"
"DE-SL","00+",2022-03-23,2022-02-28,"-23 day ahead inc hosp","quantile",0.5,35,"COVID-19"
"DE-SL","00+",2022-03-23,2022-02-28,"-23 day ahead inc hosp","quantile",0.75,35,"COVID-19"
"DE-SL","00+",2022-03-23,2022-02-28,"-23 day ahead inc hosp","quantile",0.9,36,"COVID-19"
"DE-SL","00+",2022-03-23,2022-02-28,"-23 day ahead inc hosp","quantile",0.975,37,"COVID-19"
"DE-SL","00+",2022-03-23,2022-02-27,"-24 day ahead inc hosp","mean",NA,36,"COVID-19"
"DE-SL","00+",2022-03-23,2022-02-27,"-24 day ahead inc hosp","quantile",0.025,35,"COVID-19"
"DE-SL","00+",2022-03-23,2022-02-27,"-24 day ahead inc hosp","quantile",0.1,35,"COVID-19"
"DE-SL","00+",2022-03-23,2022-02-27,"-24 day ahead inc hosp","quantile",0.25,35,"COVID-19"
"DE-SL","00+",2022-03-23,2022-02-27,"-24 day ahead inc hosp","quantile",0.5,36,"COVID-19"
"DE-SL","00+",2022-03-23,2022-02-27,"-24 day ahead inc hosp","quantile",0.75,36,"COVID-19"
"DE-SL","00+",2022-03-23,2022-02-27,"-24 day ahead inc hosp","quantile",0.9,37,"COVID-19"
"DE-SL","00+",2022-03-23,2022-02-27,"-24 day ahead inc hosp","quantile",0.975,38,"COVID-19"
"DE-SL","00+",2022-03-23,2022-02-26,"-25 day ahead inc hosp","mean",NA,38,"COVID-19"
"DE-SL","00+",2022-03-23,2022-02-26,"-25 day ahead inc hosp","quantile",0.025,37,"COVID-19"
"DE-SL","00+",2022-03-23,2022-02-26,"-25 day ahead inc hosp","quantile",0.1,37,"COVID-19"
"DE-SL","00+",2022-03-23,2022-02-26,"-25 day ahead inc hosp","quantile",0.25,37,"COVID-19"
"DE-SL","00+",2022-03-23,2022-02-26,"-25 day ahead inc hosp","quantile",0.5,38,"COVID-19"
"DE-SL","00+",2022-03-23,2022-02-26,"-25 day ahead inc hosp","quantile",0.75,38,"COVID-19"
"DE-SL","00+",2022-03-23,2022-02-26,"-25 day ahead inc hosp","quantile",0.9,39,"COVID-19"
"DE-SL","00+",2022-03-23,2022-02-26,"-25 day ahead inc hosp","quantile",0.975,40,"COVID-19"
"DE-SL","00+",2022-03-23,2022-02-25,"-26 day ahead inc hosp","mean",NA,44,"COVID-19"
"DE-SL","00+",2022-03-23,2022-02-25,"-26 day ahead inc hosp","quantile",0.025,43,"COVID-19"
"DE-SL","00+",2022-03-23,2022-02-25,"-26 day ahead inc hosp","quantile",0.1,43,"COVID-19"
"DE-SL","00+",2022-03-23,2022-02-25,"-26 day ahead inc hosp","quantile",0.25,43,"COVID-19"
"DE-SL","00+",2022-03-23,2022-02-25,"-26 day ahead inc hosp","quantile",0.5,44,"COVID-19"
"DE-SL","00+",2022-03-23,2022-02-25,"-26 day ahead inc hosp","quantile",0.75,44,"COVID-19"
"DE-SL","00+",2022-03-23,2022-02-25,"-26 day ahead inc hosp","quantile",0.9,45,"COVID-19"
"DE-SL","00+",2022-03-23,2022-02-25,"-26 day ahead inc hosp","quantile",0.975,46,"COVID-19"
"DE-SL","00+",2022-03-23,2022-02-24,"-27 day ahead inc hosp","mean",NA,50,"COVID-19"
"DE-SL","00+",2022-03-23,2022-02-24,"-27 day ahead inc hosp","quantile",0.025,49,"COVID-19"
"DE-SL","00+",2022-03-23,2022-02-24,"-27 day ahead inc hosp","quantile",0.1,49,"COVID-19"
"DE-SL","00+",2022-03-23,2022-02-24,"-27 day ahead inc hosp","quantile",0.25,49,"COVID-19"
"DE-SL","00+",2022-03-23,2022-02-24,"-27 day ahead inc hosp","quantile",0.5,50,"COVID-19"
"DE-SL","00+",2022-03-23,2022-02-24,"-27 day ahead inc hosp","quantile",0.75,50,"COVID-19"
"DE-SL","00+",2022-03-23,2022-02-24,"-27 day ahead inc hosp","quantile",0.9,51,"COVID-19"
"DE-SL","00+",2022-03-23,2022-02-24,"-27 day ahead inc hosp","quantile",0.975,52,"COVID-19"
"DE-SL","00+",2022-03-23,2022-02-23,"-28 day ahead inc hosp","mean",NA,65,"COVID-19"
"DE-SL","00+",2022-03-23,2022-02-23,"-28 day ahead inc hosp","quantile",0.025,64,"COVID-19"
"DE-SL","00+",2022-03-23,2022-02-23,"-28 day ahead inc hosp","quantile",0.1,64,"COVID-19"
"DE-SL","00+",2022-03-23,2022-02-23,"-28 day ahead inc hosp","quantile",0.25,64,"COVID-19"
"DE-SL","00+",2022-03-23,2022-02-23,"-28 day ahead inc hosp","quantile",0.5,65,"COVID-19"
"DE-SL","00+",2022-03-23,2022-02-23,"-28 day ahead inc hosp","quantile",0.75,66,"COVID-19"
"DE-SL","00+",2022-03-23,2022-02-23,"-28 day ahead inc hosp","quantile",0.9,67,"COVID-19"
"DE-SL","00+",2022-03-23,2022-02-23,"-28 day ahead inc hosp","quantile",0.975,68,"COVID-19"
"DE-SN","00+",2022-03-23,2022-03-23,"0 day ahead inc hosp","mean",NA,715,"COVID-19"
"DE-SN","00+",2022-03-23,2022-03-23,"0 day ahead inc hosp","quantile",0.025,395,"COVID-19"
"DE-SN","00+",2022-03-23,2022-03-23,"0 day ahead inc hosp","quantile",0.1,458,"COVID-19"
"DE-SN","00+",2022-03-23,2022-03-23,"0 day ahead inc hosp","quantile",0.25,542,"COVID-19"
"DE-SN","00+",2022-03-23,2022-03-23,"0 day ahead inc hosp","quantile",0.5,669,"COVID-19"
"DE-SN","00+",2022-03-23,2022-03-23,"0 day ahead inc hosp","quantile",0.75,838,"COVID-19"
"DE-SN","00+",2022-03-23,2022-03-23,"0 day ahead inc hosp","quantile",0.9,1030,"COVID-19"
"DE-SN","00+",2022-03-23,2022-03-23,"0 day ahead inc hosp","quantile",0.975,1291,"COVID-19"
"DE-SN","00+",2022-03-23,2022-03-22,"-1 day ahead inc hosp","mean",NA,595,"COVID-19"
"DE-SN","00+",2022-03-23,2022-03-22,"-1 day ahead inc hosp","quantile",0.025,410,"COVID-19"
"DE-SN","00+",2022-03-23,2022-03-22,"-1 day ahead inc hosp","quantile",0.1,444,"COVID-19"
"DE-SN","00+",2022-03-23,2022-03-22,"-1 day ahead inc hosp","quantile",0.25,490,"COVID-19"
"DE-SN","00+",2022-03-23,2022-03-22,"-1 day ahead inc hosp","quantile",0.5,565,"COVID-19"
"DE-SN","00+",2022-03-23,2022-03-22,"-1 day ahead inc hosp","quantile",0.75,667,"COVID-19"
"DE-SN","00+",2022-03-23,2022-03-22,"-1 day ahead inc hosp","quantile",0.9,786,"COVID-19"
"DE-SN","00+",2022-03-23,2022-03-22,"-1 day ahead inc hosp","quantile",0.975,949,"COVID-19"
"DE-SN","00+",2022-03-23,2022-03-21,"-2 day ahead inc hosp","mean",NA,531,"COVID-19"
"DE-SN","00+",2022-03-23,2022-03-21,"-2 day ahead inc hosp","quantile",0.025,418,"COVID-19"
"DE-SN","00+",2022-03-23,2022-03-21,"-2 day ahead inc hosp","quantile",0.1,438,"COVID-19"
"DE-SN","00+",2022-03-23,2022-03-21,"-2 day ahead inc hosp","quantile",0.25,466,"COVID-19"
"DE-SN","00+",2022-03-23,2022-03-21,"-2 day ahead inc hosp","quantile",0.5,512,"COVID-19"
"DE-SN","00+",2022-03-23,2022-03-21,"-2 day ahead inc hosp","quantile",0.75,575,"COVID-19"
"DE-SN","00+",2022-03-23,2022-03-21,"-2 day ahead inc hosp","quantile",0.9,648,"COVID-19"
"DE-SN","00+",2022-03-23,2022-03-21,"-2 day ahead inc hosp","quantile",0.975,749,"COVID-19"
"DE-SN","00+",2022-03-23,2022-03-20,"-3 day ahead inc hosp","mean",NA,540,"COVID-19"
"DE-SN","00+",2022-03-23,2022-03-20,"-3 day ahead inc hosp","quantile",0.025,433,"COVID-19"
"DE-SN","00+",2022-03-23,2022-03-20,"-3 day ahead inc hosp","quantile",0.1,452,"COVID-19"
"DE-SN","00+",2022-03-23,2022-03-20,"-3 day ahead inc hosp","quantile",0.25,479,"COVID-19"
"DE-SN","00+",2022-03-23,2022-03-20,"-3 day ahead inc hosp","quantile",0.5,523,"COVID-19"
"DE-SN","00+",2022-03-23,2022-03-20,"-3 day ahead inc hosp","quantile",0.75,582,"COVID-19"
"DE-SN","00+",2022-03-23,2022-03-20,"-3 day ahead inc hosp","quantile",0.9,650,"COVID-19"
"DE-SN","00+",2022-03-23,2022-03-20,"-3 day ahead inc hosp","quantile",0.975,745,"COVID-19"
"DE-SN","00+",2022-03-23,2022-03-19,"-4 day ahead inc hosp","mean",NA,549,"COVID-19"
"DE-SN","00+",2022-03-23,2022-03-19,"-4 day ahead inc hosp","quantile",0.025,448,"COVID-19"
"DE-SN","00+",2022-03-23,2022-03-19,"-4 day ahead inc hosp","quantile",0.1,467,"COVID-19"
"DE-SN","00+",2022-03-23,2022-03-19,"-4 day ahead inc hosp","quantile",0.25,493,"COVID-19"
"DE-SN","00+",2022-03-23,2022-03-19,"-4 day ahead inc hosp","quantile",0.5,533,"COVID-19"
"DE-SN","00+",2022-03-23,2022-03-19,"-4 day ahead inc hosp","quantile",0.75,588,"COVID-19"
"DE-SN","00+",2022-03-23,2022-03-19,"-4 day ahead inc hosp","quantile",0.9,652,"COVID-19"
"DE-SN","00+",2022-03-23,2022-03-19,"-4 day ahead inc hosp","quantile",0.975,739,"COVID-19"
"DE-SN","00+",2022-03-23,2022-03-18,"-5 day ahead inc hosp","mean",NA,544,"COVID-19"
"DE-SN","00+",2022-03-23,2022-03-18,"-5 day ahead inc hosp","quantile",0.025,455,"COVID-19"
"DE-SN","00+",2022-03-23,2022-03-18,"-5 day ahead inc hosp","quantile",0.1,471,"COVID-19"
"DE-SN","00+",2022-03-23,2022-03-18,"-5 day ahead inc hosp","quantile",0.25,494,"COVID-19"
"DE-SN","00+",2022-03-23,2022-03-18,"-5 day ahead inc hosp","quantile",0.5,530,"COVID-19"
"DE-SN","00+",2022-03-23,2022-03-18,"-5 day ahead inc hosp","quantile",0.75,579,"COVID-19"
"DE-SN","00+",2022-03-23,2022-03-18,"-5 day ahead inc hosp","quantile",0.9,635,"COVID-19"
"DE-SN","00+",2022-03-23,2022-03-18,"-5 day ahead inc hosp","quantile",0.975,713,"COVID-19"
"DE-SN","00+",2022-03-23,2022-03-17,"-6 day ahead inc hosp","mean",NA,539,"COVID-19"
"DE-SN","00+",2022-03-23,2022-03-17,"-6 day ahead inc hosp","quantile",0.025,462,"COVID-19"
"DE-SN","00+",2022-03-23,2022-03-17,"-6 day ahead inc hosp","quantile",0.1,477,"COVID-19"
"DE-SN","00+",2022-03-23,2022-03-17,"-6 day ahead inc hosp","quantile",0.25,496,"COVID-19"
"DE-SN","00+",2022-03-23,2022-03-17,"-6 day ahead inc hosp","quantile",0.5,527,"COVID-19"
"DE-SN","00+",2022-03-23,2022-03-17,"-6 day ahead inc hosp","quantile",0.75,568,"COVID-19"
"DE-SN","00+",2022-03-23,2022-03-17,"-6 day ahead inc hosp","quantile",0.9,617,"COVID-19"
"DE-SN","00+",2022-03-23,2022-03-17,"-6 day ahead inc hosp","quantile",0.975,683,"COVID-19"
"DE-SN","00+",2022-03-23,2022-03-16,"-7 day ahead inc hosp","mean",NA,554,"COVID-19"
"DE-SN","00+",2022-03-23,2022-03-16,"-7 day ahead inc hosp","quantile",0.025,485,"COVID-19"
"DE-SN","00+",2022-03-23,2022-03-16,"-7 day ahead inc hosp","quantile",0.1,497,"COVID-19"
"DE-SN","00+",2022-03-23,2022-03-16,"-7 day ahead inc hosp","quantile",0.25,515,"COVID-19"
"DE-SN","00+",2022-03-23,2022-03-16,"-7 day ahead inc hosp","quantile",0.5,543,"COVID-19"
"DE-SN","00+",2022-03-23,2022-03-16,"-7 day ahead inc hosp","quantile",0.75,581,"COVID-19"
"DE-SN","00+",2022-03-23,2022-03-16,"-7 day ahead inc hosp","quantile",0.9,626,"COVID-19"
"DE-SN","00+",2022-03-23,2022-03-16,"-7 day ahead inc hosp","quantile",0.975,687,"COVID-19"
"DE-SN","00+",2022-03-23,2022-03-15,"-8 day ahead inc hosp","mean",NA,562,"COVID-19"
"DE-SN","00+",2022-03-23,2022-03-15,"-8 day ahead inc hosp","quantile",0.025,501,"COVID-19"
"DE-SN","00+",2022-03-23,2022-03-15,"-8 day ahead inc hosp","quantile",0.1,512,"COVID-19"
"DE-SN","00+",2022-03-23,2022-03-15,"-8 day ahead inc hosp","quantile",0.25,528,"COVID-19"
"DE-SN","00+",2022-03-23,2022-03-15,"-8 day ahead inc hosp","quantile",0.5,552,"COVID-19"
"DE-SN","00+",2022-03-23,2022-03-15,"-8 day ahead inc hosp","quantile",0.75,586,"COVID-19"
"DE-SN","00+",2022-03-23,2022-03-15,"-8 day ahead inc hosp","quantile",0.9,626,"COVID-19"
"DE-SN","00+",2022-03-23,2022-03-15,"-8 day ahead inc hosp","quantile",0.975,681,"COVID-19"
"DE-SN","00+",2022-03-23,2022-03-14,"-9 day ahead inc hosp","mean",NA,519,"COVID-19"
"DE-SN","00+",2022-03-23,2022-03-14,"-9 day ahead inc hosp","quantile",0.025,469,"COVID-19"
"DE-SN","00+",2022-03-23,2022-03-14,"-9 day ahead inc hosp","quantile",0.1,478,"COVID-19"
"DE-SN","00+",2022-03-23,2022-03-14,"-9 day ahead inc hosp","quantile",0.25,490,"COVID-19"
"DE-SN","00+",2022-03-23,2022-03-14,"-9 day ahead inc hosp","quantile",0.5,510,"COVID-19"
"DE-SN","00+",2022-03-23,2022-03-14,"-9 day ahead inc hosp","quantile",0.75,538,"COVID-19"
"DE-SN","00+",2022-03-23,2022-03-14,"-9 day ahead inc hosp","quantile",0.9,570,"COVID-19"
"DE-SN","00+",2022-03-23,2022-03-14,"-9 day ahead inc hosp","quantile",0.975,615,"COVID-19"
"DE-SN","00+",2022-03-23,2022-03-13,"-10 day ahead inc hosp","mean",NA,513,"COVID-19"
"DE-SN","00+",2022-03-23,2022-03-13,"-10 day ahead inc hosp","quantile",0.025,465,"COVID-19"
"DE-SN","00+",2022-03-23,2022-03-13,"-10 day ahead inc hosp","quantile",0.1,474,"COVID-19"
"DE-SN","00+",2022-03-23,2022-03-13,"-10 day ahead inc hosp","quantile",0.25,485,"COVID-19"
"DE-SN","00+",2022-03-23,2022-03-13,"-10 day ahead inc hosp","quantile",0.5,504,"COVID-19"
"DE-SN","00+",2022-03-23,2022-03-13,"-10 day ahead inc hosp","quantile",0.75,531,"COVID-19"
"DE-SN","00+",2022-03-23,2022-03-13,"-10 day ahead inc hosp","quantile",0.9,562,"COVID-19"
"DE-SN","00+",2022-03-23,2022-03-13,"-10 day ahead inc hosp","quantile",0.975,606,"COVID-19"
"DE-SN","00+",2022-03-23,2022-03-12,"-11 day ahead inc hosp","mean",NA,504,"COVID-19"
"DE-SN","00+",2022-03-23,2022-03-12,"-11 day ahead inc hosp","quantile",0.025,460,"COVID-19"
"DE-SN","00+",2022-03-23,2022-03-12,"-11 day ahead inc hosp","quantile",0.1,467,"COVID-19"
"DE-SN","00+",2022-03-23,2022-03-12,"-11 day ahead inc hosp","quantile",0.25,478,"COVID-19"
"DE-SN","00+",2022-03-23,2022-03-12,"-11 day ahead inc hosp","quantile",0.5,496,"COVID-19"
"DE-SN","00+",2022-03-23,2022-03-12,"-11 day ahead inc hosp","quantile",0.75,522,"COVID-19"
"DE-SN","00+",2022-03-23,2022-03-12,"-11 day ahead inc hosp","quantile",0.9,551,"COVID-19"
"DE-SN","00+",2022-03-23,2022-03-12,"-11 day ahead inc hosp","quantile",0.975,592,"COVID-19"
"DE-SN","00+",2022-03-23,2022-03-11,"-12 day ahead inc hosp","mean",NA,486,"COVID-19"
"DE-SN","00+",2022-03-23,2022-03-11,"-12 day ahead inc hosp","quantile",0.025,446,"COVID-19"
"DE-SN","00+",2022-03-23,2022-03-11,"-12 day ahead inc hosp","quantile",0.1,452,"COVID-19"
"DE-SN","00+",2022-03-23,2022-03-11,"-12 day ahead inc hosp","quantile",0.25,462,"COVID-19"
"DE-SN","00+",2022-03-23,2022-03-11,"-12 day ahead inc hosp","quantile",0.5,479,"COVID-19"
"DE-SN","00+",2022-03-23,2022-03-11,"-12 day ahead inc hosp","quantile",0.75,501,"COVID-19"
"DE-SN","00+",2022-03-23,2022-03-11,"-12 day ahead inc hosp","quantile",0.9,528,"COVID-19"
"DE-SN","00+",2022-03-23,2022-03-11,"-12 day ahead inc hosp","quantile",0.975,566,"COVID-19"
"DE-SN","00+",2022-03-23,2022-03-10,"-13 day ahead inc hosp","mean",NA,447,"COVID-19"
"DE-SN","00+",2022-03-23,2022-03-10,"-13 day ahead inc hosp","quantile",0.025,413,"COVID-19"
"DE-SN","00+",2022-03-23,2022-03-10,"-13 day ahead inc hosp","quantile",0.1,419,"COVID-19"
"DE-SN","00+",2022-03-23,2022-03-10,"-13 day ahead inc hosp","quantile",0.25,427,"COVID-19"
"DE-SN","00+",2022-03-23,2022-03-10,"-13 day ahead inc hosp","quantile",0.5,441,"COVID-19"
"DE-SN","00+",2022-03-23,2022-03-10,"-13 day ahead inc hosp","quantile",0.75,461,"COVID-19"
"DE-SN","00+",2022-03-23,2022-03-10,"-13 day ahead inc hosp","quantile",0.9,484,"COVID-19"
"DE-SN","00+",2022-03-23,2022-03-10,"-13 day ahead inc hosp","quantile",0.975,518,"COVID-19"
"DE-SN","00+",2022-03-23,2022-03-09,"-14 day ahead inc hosp","mean",NA,441,"COVID-19"
"DE-SN","00+",2022-03-23,2022-03-09,"-14 day ahead inc hosp","quantile",0.025,410,"COVID-19"
"DE-SN","00+",2022-03-23,2022-03-09,"-14 day ahead inc hosp","quantile",0.1,415,"COVID-19"
"DE-SN","00+",2022-03-23,2022-03-09,"-14 day ahead inc hosp","quantile",0.25,422,"COVID-19"
"DE-SN","00+",2022-03-23,2022-03-09,"-14 day ahead inc hosp","quantile",0.5,435,"COVID-19"
"DE-SN","00+",2022-03-23,2022-03-09,"-14 day ahead inc hosp","quantile",0.75,452,"COVID-19"
"DE-SN","00+",2022-03-23,2022-03-09,"-14 day ahead inc hosp","quantile",0.9,474,"COVID-19"
"DE-SN","00+",2022-03-23,2022-03-09,"-14 day ahead inc hosp","quantile",0.975,505,"COVID-19"
"DE-SN","00+",2022-03-23,2022-03-08,"-15 day ahead inc hosp","mean",NA,401,"COVID-19"
"DE-SN","00+",2022-03-23,2022-03-08,"-15 day ahead inc hosp","quantile",0.025,377,"COVID-19"
"DE-SN","00+",2022-03-23,2022-03-08,"-15 day ahead inc hosp","quantile",0.1,380,"COVID-19"
"DE-SN","00+",2022-03-23,2022-03-08,"-15 day ahead inc hosp","quantile",0.25,386,"COVID-19"
"DE-SN","00+",2022-03-23,2022-03-08,"-15 day ahead inc hosp","quantile",0.5,396,"COVID-19"
"DE-SN","00+",2022-03-23,2022-03-08,"-15 day ahead inc hosp","quantile",0.75,410,"COVID-19"
"DE-SN","00+",2022-03-23,2022-03-08,"-15 day ahead inc hosp","quantile",0.9,428,"COVID-19"
"DE-SN","00+",2022-03-23,2022-03-08,"-15 day ahead inc hosp","quantile",0.975,454,"COVID-19"
"DE-SN","00+",2022-03-23,2022-03-07,"-16 day ahead inc hosp","mean",NA,418,"COVID-19"
"DE-SN","00+",2022-03-23,2022-03-07,"-16 day ahead inc hosp","quantile",0.025,395,"COVID-19"
"DE-SN","00+",2022-03-23,2022-03-07,"-16 day ahead inc hosp","quantile",0.1,398,"COVID-19"
"DE-SN","00+",2022-03-23,2022-03-07,"-16 day ahead inc hosp","quantile",0.25,404,"COVID-19"
"DE-SN","00+",2022-03-23,2022-03-07,"-16 day ahead inc hosp","quantile",0.5,413,"COVID-19"
"DE-SN","00+",2022-03-23,2022-03-07,"-16 day ahead inc hosp","quantile",0.75,427,"COVID-19"
"DE-SN","00+",2022-03-23,2022-03-07,"-16 day ahead inc hosp","quantile",0.9,444,"COVID-19"
"DE-SN","00+",2022-03-23,2022-03-07,"-16 day ahead inc hosp","quantile",0.975,469,"COVID-19"
"DE-SN","00+",2022-03-23,2022-03-06,"-17 day ahead inc hosp","mean",NA,420,"COVID-19"
"DE-SN","00+",2022-03-23,2022-03-06,"-17 day ahead inc hosp","quantile",0.025,398,"COVID-19"
"DE-SN","00+",2022-03-23,2022-03-06,"-17 day ahead inc hosp","quantile",0.1,401,"COVID-19"
"DE-SN","00+",2022-03-23,2022-03-06,"-17 day ahead inc hosp","quantile",0.25,406,"COVID-19"
"DE-SN","00+",2022-03-23,2022-03-06,"-17 day ahead inc hosp","quantile",0.5,415,"COVID-19"
"DE-SN","00+",2022-03-23,2022-03-06,"-17 day ahead inc hosp","quantile",0.75,429,"COVID-19"
"DE-SN","00+",2022-03-23,2022-03-06,"-17 day ahead inc hosp","quantile",0.9,446,"COVID-19"
"DE-SN","00+",2022-03-23,2022-03-06,"-17 day ahead inc hosp","quantile",0.975,470,"COVID-19"
"DE-SN","00+",2022-03-23,2022-03-05,"-18 day ahead inc hosp","mean",NA,426,"COVID-19"
"DE-SN","00+",2022-03-23,2022-03-05,"-18 day ahead inc hosp","quantile",0.025,404,"COVID-19"
"DE-SN","00+",2022-03-23,2022-03-05,"-18 day ahead inc hosp","quantile",0.1,407,"COVID-19"
"DE-SN","00+",2022-03-23,2022-03-05,"-18 day ahead inc hosp","quantile",0.25,412,"COVID-19"
"DE-SN","00+",2022-03-23,2022-03-05,"-18 day ahead inc hosp","quantile",0.5,421,"COVID-19"
"DE-SN","00+",2022-03-23,2022-03-05,"-18 day ahead inc hosp","quantile",0.75,434,"COVID-19"
"DE-SN","00+",2022-03-23,2022-03-05,"-18 day ahead inc hosp","quantile",0.9,451,"COVID-19"
"DE-SN","00+",2022-03-23,2022-03-05,"-18 day ahead inc hosp","quantile",0.975,475,"COVID-19"
"DE-SN","00+",2022-03-23,2022-03-04,"-19 day ahead inc hosp","mean",NA,442,"COVID-19"
"DE-SN","00+",2022-03-23,2022-03-04,"-19 day ahead inc hosp","quantile",0.025,421,"COVID-19"
"DE-SN","00+",2022-03-23,2022-03-04,"-19 day ahead inc hosp","quantile",0.1,424,"COVID-19"
"DE-SN","00+",2022-03-23,2022-03-04,"-19 day ahead inc hosp","quantile",0.25,429,"COVID-19"
"DE-SN","00+",2022-03-23,2022-03-04,"-19 day ahead inc hosp","quantile",0.5,437,"COVID-19"
"DE-SN","00+",2022-03-23,2022-03-04,"-19 day ahead inc hosp","quantile",0.75,451,"COVID-19"
"DE-SN","00+",2022-03-23,2022-03-04,"-19 day ahead inc hosp","quantile",0.9,467,"COVID-19"
"DE-SN","00+",2022-03-23,2022-03-04,"-19 day ahead inc hosp","quantile",0.975,491,"COVID-19"
"DE-SN","00+",2022-03-23,2022-03-03,"-20 day ahead inc hosp","mean",NA,450,"COVID-19"
"DE-SN","00+",2022-03-23,2022-03-03,"-20 day ahead inc hosp","quantile",0.025,430,"COVID-19"
"DE-SN","00+",2022-03-23,2022-03-03,"-20 day ahead inc hosp","quantile",0.1,432,"COVID-19"
"DE-SN","00+",2022-03-23,2022-03-03,"-20 day ahead inc hosp","quantile",0.25,437,"COVID-19"
"DE-SN","00+",2022-03-23,2022-03-03,"-20 day ahead inc hosp","quantile",0.5,445,"COVID-19"
"DE-SN","00+",2022-03-23,2022-03-03,"-20 day ahead inc hosp","quantile",0.75,459,"COVID-19"
"DE-SN","00+",2022-03-23,2022-03-03,"-20 day ahead inc hosp","quantile",0.9,475,"COVID-19"
"DE-SN","00+",2022-03-23,2022-03-03,"-20 day ahead inc hosp","quantile",0.975,499,"COVID-19"
"DE-SN","00+",2022-03-23,2022-03-02,"-21 day ahead inc hosp","mean",NA,439,"COVID-19"
"DE-SN","00+",2022-03-23,2022-03-02,"-21 day ahead inc hosp","quantile",0.025,421,"COVID-19"
"DE-SN","00+",2022-03-23,2022-03-02,"-21 day ahead inc hosp","quantile",0.1,423,"COVID-19"
"DE-SN","00+",2022-03-23,2022-03-02,"-21 day ahead inc hosp","quantile",0.25,427,"COVID-19"
"DE-SN","00+",2022-03-23,2022-03-02,"-21 day ahead inc hosp","quantile",0.5,434,"COVID-19"
"DE-SN","00+",2022-03-23,2022-03-02,"-21 day ahead inc hosp","quantile",0.75,446,"COVID-19"
"DE-SN","00+",2022-03-23,2022-03-02,"-21 day ahead inc hosp","quantile",0.9,461,"COVID-19"
"DE-SN","00+",2022-03-23,2022-03-02,"-21 day ahead inc hosp","quantile",0.975,482,"COVID-19"
"DE-SN","00+",2022-03-23,2022-03-01,"-22 day ahead inc hosp","mean",NA,437,"COVID-19"
"DE-SN","00+",2022-03-23,2022-03-01,"-22 day ahead inc hosp","quantile",0.025,420,"COVID-19"
"DE-SN","00+",2022-03-23,2022-03-01,"-22 day ahead inc hosp","quantile",0.1,422,"COVID-19"
"DE-SN","00+",2022-03-23,2022-03-01,"-22 day ahead inc hosp","quantile",0.25,426,"COVID-19"
"DE-SN","00+",2022-03-23,2022-03-01,"-22 day ahead inc hosp","quantile",0.5,433,"COVID-19"
"DE-SN","00+",2022-03-23,2022-03-01,"-22 day ahead inc hosp","quantile",0.75,444,"COVID-19"
"DE-SN","00+",2022-03-23,2022-03-01,"-22 day ahead inc hosp","quantile",0.9,457,"COVID-19"
"DE-SN","00+",2022-03-23,2022-03-01,"-22 day ahead inc hosp","quantile",0.975,477,"COVID-19"
"DE-SN","00+",2022-03-23,2022-02-28,"-23 day ahead inc hosp","mean",NA,446,"COVID-19"
"DE-SN","00+",2022-03-23,2022-02-28,"-23 day ahead inc hosp","quantile",0.025,431,"COVID-19"
"DE-SN","00+",2022-03-23,2022-02-28,"-23 day ahead inc hosp","quantile",0.1,433,"COVID-19"
"DE-SN","00+",2022-03-23,2022-02-28,"-23 day ahead inc hosp","quantile",0.25,436,"COVID-19"
"DE-SN","00+",2022-03-23,2022-02-28,"-23 day ahead inc hosp","quantile",0.5,442,"COVID-19"
"DE-SN","00+",2022-03-23,2022-02-28,"-23 day ahead inc hosp","quantile",0.75,452,"COVID-19"
"DE-SN","00+",2022-03-23,2022-02-28,"-23 day ahead inc hosp","quantile",0.9,464,"COVID-19"
"DE-SN","00+",2022-03-23,2022-02-28,"-23 day ahead inc hosp","quantile",0.975,482,"COVID-19"
"DE-SN","00+",2022-03-23,2022-02-27,"-24 day ahead inc hosp","mean",NA,441,"COVID-19"
"DE-SN","00+",2022-03-23,2022-02-27,"-24 day ahead inc hosp","quantile",0.025,427,"COVID-19"
"DE-SN","00+",2022-03-23,2022-02-27,"-24 day ahead inc hosp","quantile",0.1,429,"COVID-19"
"DE-SN","00+",2022-03-23,2022-02-27,"-24 day ahead inc hosp","quantile",0.25,431,"COVID-19"
"DE-SN","00+",2022-03-23,2022-02-27,"-24 day ahead inc hosp","quantile",0.5,437,"COVID-19"
"DE-SN","00+",2022-03-23,2022-02-27,"-24 day ahead inc hosp","quantile",0.75,447,"COVID-19"
"DE-SN","00+",2022-03-23,2022-02-27,"-24 day ahead inc hosp","quantile",0.9,459,"COVID-19"
"DE-SN","00+",2022-03-23,2022-02-27,"-24 day ahead inc hosp","quantile",0.975,477,"COVID-19"
"DE-SN","00+",2022-03-23,2022-02-26,"-25 day ahead inc hosp","mean",NA,433,"COVID-19"
"DE-SN","00+",2022-03-23,2022-02-26,"-25 day ahead inc hosp","quantile",0.025,420,"COVID-19"
"DE-SN","00+",2022-03-23,2022-02-26,"-25 day ahead inc hosp","quantile",0.1,421,"COVID-19"
"DE-SN","00+",2022-03-23,2022-02-26,"-25 day ahead inc hosp","quantile",0.25,424,"COVID-19"
"DE-SN","00+",2022-03-23,2022-02-26,"-25 day ahead inc hosp","quantile",0.5,430,"COVID-19"
"DE-SN","00+",2022-03-23,2022-02-26,"-25 day ahead inc hosp","quantile",0.75,439,"COVID-19"
"DE-SN","00+",2022-03-23,2022-02-26,"-25 day ahead inc hosp","quantile",0.9,450,"COVID-19"
"DE-SN","00+",2022-03-23,2022-02-26,"-25 day ahead inc hosp","quantile",0.975,468,"COVID-19"
"DE-SN","00+",2022-03-23,2022-02-25,"-26 day ahead inc hosp","mean",NA,433,"COVID-19"
"DE-SN","00+",2022-03-23,2022-02-25,"-26 day ahead inc hosp","quantile",0.025,421,"COVID-19"
"DE-SN","00+",2022-03-23,2022-02-25,"-26 day ahead inc hosp","quantile",0.1,422,"COVID-19"
"DE-SN","00+",2022-03-23,2022-02-25,"-26 day ahead inc hosp","quantile",0.25,424,"COVID-19"
"DE-SN","00+",2022-03-23,2022-02-25,"-26 day ahead inc hosp","quantile",0.5,429,"COVID-19"
"DE-SN","00+",2022-03-23,2022-02-25,"-26 day ahead inc hosp","quantile",0.75,438,"COVID-19"
"DE-SN","00+",2022-03-23,2022-02-25,"-26 day ahead inc hosp","quantile",0.9,448,"COVID-19"
"DE-SN","00+",2022-03-23,2022-02-25,"-26 day ahead inc hosp","quantile",0.975,464,"COVID-19"
"DE-SN","00+",2022-03-23,2022-02-24,"-27 day ahead inc hosp","mean",NA,426,"COVID-19"
"DE-SN","00+",2022-03-23,2022-02-24,"-27 day ahead inc hosp","quantile",0.025,416,"COVID-19"
"DE-SN","00+",2022-03-23,2022-02-24,"-27 day ahead inc hosp","quantile",0.1,417,"COVID-19"
"DE-SN","00+",2022-03-23,2022-02-24,"-27 day ahead inc hosp","quantile",0.25,419,"COVID-19"
"DE-SN","00+",2022-03-23,2022-02-24,"-27 day ahead inc hosp","quantile",0.5,424,"COVID-19"
"DE-SN","00+",2022-03-23,2022-02-24,"-27 day ahead inc hosp","quantile",0.75,431,"COVID-19"
"DE-SN","00+",2022-03-23,2022-02-24,"-27 day ahead inc hosp","quantile",0.9,440,"COVID-19"
"DE-SN","00+",2022-03-23,2022-02-24,"-27 day ahead inc hosp","quantile",0.975,453,"COVID-19"
"DE-SN","00+",2022-03-23,2022-02-23,"-28 day ahead inc hosp","mean",NA,428,"COVID-19"
"DE-SN","00+",2022-03-23,2022-02-23,"-28 day ahead inc hosp","quantile",0.025,419,"COVID-19"
"DE-SN","00+",2022-03-23,2022-02-23,"-28 day ahead inc hosp","quantile",0.1,420,"COVID-19"
"DE-SN","00+",2022-03-23,2022-02-23,"-28 day ahead inc hosp","quantile",0.25,422,"COVID-19"
"DE-SN","00+",2022-03-23,2022-02-23,"-28 day ahead inc hosp","quantile",0.5,426,"COVID-19"
"DE-SN","00+",2022-03-23,2022-02-23,"-28 day ahead inc hosp","quantile",0.75,432,"COVID-19"
"DE-SN","00+",2022-03-23,2022-02-23,"-28 day ahead inc hosp","quantile",0.9,440,"COVID-19"
"DE-SN","00+",2022-03-23,2022-02-23,"-28 day ahead inc hosp","quantile",0.975,452,"COVID-19"
"DE-ST","00+",2022-03-23,2022-03-23,"0 day ahead inc hosp","mean",NA,393,"COVID-19"
"DE-ST","00+",2022-03-23,2022-03-23,"0 day ahead inc hosp","quantile",0.025,271,"COVID-19"
"DE-ST","00+",2022-03-23,2022-03-23,"0 day ahead inc hosp","quantile",0.1,299,"COVID-19"
"DE-ST","00+",2022-03-23,2022-03-23,"0 day ahead inc hosp","quantile",0.25,333,"COVID-19"
"DE-ST","00+",2022-03-23,2022-03-23,"0 day ahead inc hosp","quantile",0.5,380,"COVID-19"
"DE-ST","00+",2022-03-23,2022-03-23,"0 day ahead inc hosp","quantile",0.75,439,"COVID-19"
"DE-ST","00+",2022-03-23,2022-03-23,"0 day ahead inc hosp","quantile",0.9,503,"COVID-19"
"DE-ST","00+",2022-03-23,2022-03-23,"0 day ahead inc hosp","quantile",0.975,588,"COVID-19"
"DE-ST","00+",2022-03-23,2022-03-22,"-1 day ahead inc hosp","mean",NA,404,"COVID-19"
"DE-ST","00+",2022-03-23,2022-03-22,"-1 day ahead inc hosp","quantile",0.025,310,"COVID-19"
"DE-ST","00+",2022-03-23,2022-03-22,"-1 day ahead inc hosp","quantile",0.1,331,"COVID-19"
"DE-ST","00+",2022-03-23,2022-03-22,"-1 day ahead inc hosp","quantile",0.25,357,"COVID-19"
"DE-ST","00+",2022-03-23,2022-03-22,"-1 day ahead inc hosp","quantile",0.5,394,"COVID-19"
"DE-ST","00+",2022-03-23,2022-03-22,"-1 day ahead inc hosp","quantile",0.75,440,"COVID-19"
"DE-ST","00+",2022-03-23,2022-03-22,"-1 day ahead inc hosp","quantile",0.9,492,"COVID-19"
"DE-ST","00+",2022-03-23,2022-03-22,"-1 day ahead inc hosp","quantile",0.975,560,"COVID-19"
"DE-ST","00+",2022-03-23,2022-03-21,"-2 day ahead inc hosp","mean",NA,419,"COVID-19"
"DE-ST","00+",2022-03-23,2022-03-21,"-2 day ahead inc hosp","quantile",0.025,336,"COVID-19"
"DE-ST","00+",2022-03-23,2022-03-21,"-2 day ahead inc hosp","quantile",0.1,354,"COVID-19"
"DE-ST","00+",2022-03-23,2022-03-21,"-2 day ahead inc hosp","quantile",0.25,376,"COVID-19"
"DE-ST","00+",2022-03-23,2022-03-21,"-2 day ahead inc hosp","quantile",0.5,409,"COVID-19"
"DE-ST","00+",2022-03-23,2022-03-21,"-2 day ahead inc hosp","quantile",0.75,450,"COVID-19"
"DE-ST","00+",2022-03-23,2022-03-21,"-2 day ahead inc hosp","quantile",0.9,496,"COVID-19"
"DE-ST","00+",2022-03-23,2022-03-21,"-2 day ahead inc hosp","quantile",0.975,558,"COVID-19"
"DE-ST","00+",2022-03-23,2022-03-20,"-3 day ahead inc hosp","mean",NA,409,"COVID-19"
"DE-ST","00+",2022-03-23,2022-03-20,"-3 day ahead inc hosp","quantile",0.025,333,"COVID-19"
"DE-ST","00+",2022-03-23,2022-03-20,"-3 day ahead inc hosp","quantile",0.1,349,"COVID-19"
"DE-ST","00+",2022-03-23,2022-03-20,"-3 day ahead inc hosp","quantile",0.25,369,"COVID-19"
"DE-ST","00+",2022-03-23,2022-03-20,"-3 day ahead inc hosp","quantile",0.5,400,"COVID-19"
"DE-ST","00+",2022-03-23,2022-03-20,"-3 day ahead inc hosp","quantile",0.75,439,"COVID-19"
"DE-ST","00+",2022-03-23,2022-03-20,"-3 day ahead inc hosp","quantile",0.9,482,"COVID-19"
"DE-ST","00+",2022-03-23,2022-03-20,"-3 day ahead inc hosp","quantile",0.975,540,"COVID-19"
"DE-ST","00+",2022-03-23,2022-03-19,"-4 day ahead inc hosp","mean",NA,444,"COVID-19"
"DE-ST","00+",2022-03-23,2022-03-19,"-4 day ahead inc hosp","quantile",0.025,366,"COVID-19"
"DE-ST","00+",2022-03-23,2022-03-19,"-4 day ahead inc hosp","quantile",0.1,382,"COVID-19"
"DE-ST","00+",2022-03-23,2022-03-19,"-4 day ahead inc hosp","quantile",0.25,403,"COVID-19"
"DE-ST","00+",2022-03-23,2022-03-19,"-4 day ahead inc hosp","quantile",0.5,433,"COVID-19"
"DE-ST","00+",2022-03-23,2022-03-19,"-4 day ahead inc hosp","quantile",0.75,474,"COVID-19"
"DE-ST","00+",2022-03-23,2022-03-19,"-4 day ahead inc hosp","quantile",0.9,518,"COVID-19"
"DE-ST","00+",2022-03-23,2022-03-19,"-4 day ahead inc hosp","quantile",0.975,579,"COVID-19"
"DE-ST","00+",2022-03-23,2022-03-18,"-5 day ahead inc hosp","mean",NA,448,"COVID-19"
"DE-ST","00+",2022-03-23,2022-03-18,"-5 day ahead inc hosp","quantile",0.025,378,"COVID-19"
"DE-ST","00+",2022-03-23,2022-03-18,"-5 day ahead inc hosp","quantile",0.1,392,"COVID-19"
"DE-ST","00+",2022-03-23,2022-03-18,"-5 day ahead inc hosp","quantile",0.25,411,"COVID-19"
"DE-ST","00+",2022-03-23,2022-03-18,"-5 day ahead inc hosp","quantile",0.5,438,"COVID-19"
"DE-ST","00+",2022-03-23,2022-03-18,"-5 day ahead inc hosp","quantile",0.75,474,"COVID-19"
"DE-ST","00+",2022-03-23,2022-03-18,"-5 day ahead inc hosp","quantile",0.9,515,"COVID-19"
"DE-ST","00+",2022-03-23,2022-03-18,"-5 day ahead inc hosp","quantile",0.975,570,"COVID-19"
"DE-ST","00+",2022-03-23,2022-03-17,"-6 day ahead inc hosp","mean",NA,426,"COVID-19"
"DE-ST","00+",2022-03-23,2022-03-17,"-6 day ahead inc hosp","quantile",0.025,366,"COVID-19"
"DE-ST","00+",2022-03-23,2022-03-17,"-6 day ahead inc hosp","quantile",0.1,378,"COVID-19"
"DE-ST","00+",2022-03-23,2022-03-17,"-6 day ahead inc hosp","quantile",0.25,394,"COVID-19"
"DE-ST","00+",2022-03-23,2022-03-17,"-6 day ahead inc hosp","quantile",0.5,417,"COVID-19"
"DE-ST","00+",2022-03-23,2022-03-17,"-6 day ahead inc hosp","quantile",0.75,448,"COVID-19"
"DE-ST","00+",2022-03-23,2022-03-17,"-6 day ahead inc hosp","quantile",0.9,483,"COVID-19"
"DE-ST","00+",2022-03-23,2022-03-17,"-6 day ahead inc hosp","quantile",0.975,531,"COVID-19"
"DE-ST","00+",2022-03-23,2022-03-16,"-7 day ahead inc hosp","mean",NA,424,"COVID-19"
"DE-ST","00+",2022-03-23,2022-03-16,"-7 day ahead inc hosp","quantile",0.025,372,"COVID-19"
"DE-ST","00+",2022-03-23,2022-03-16,"-7 day ahead inc hosp","quantile",0.1,382,"COVID-19"
"DE-ST","00+",2022-03-23,2022-03-16,"-7 day ahead inc hosp","quantile",0.25,396,"COVID-19"
"DE-ST","00+",2022-03-23,2022-03-16,"-7 day ahead inc hosp","quantile",0.5,417,"COVID-19"
"DE-ST","00+",2022-03-23,2022-03-16,"-7 day ahead inc hosp","quantile",0.75,445,"COVID-19"
"DE-ST","00+",2022-03-23,2022-03-16,"-7 day ahead inc hosp","quantile",0.9,476,"COVID-19"
"DE-ST","00+",2022-03-23,2022-03-16,"-7 day ahead inc hosp","quantile",0.975,519,"COVID-19"
"DE-ST","00+",2022-03-23,2022-03-15,"-8 day ahead inc hosp","mean",NA,406,"COVID-19"
"DE-ST","00+",2022-03-23,2022-03-15,"-8 day ahead inc hosp","quantile",0.025,364,"COVID-19"
"DE-ST","00+",2022-03-23,2022-03-15,"-8 day ahead inc hosp","quantile",0.1,372,"COVID-19"
"DE-ST","00+",2022-03-23,2022-03-15,"-8 day ahead inc hosp","quantile",0.25,382,"COVID-19"
"DE-ST","00+",2022-03-23,2022-03-15,"-8 day ahead inc hosp","quantile",0.5,399,"COVID-19"
"DE-ST","00+",2022-03-23,2022-03-15,"-8 day ahead inc hosp","quantile",0.75,422,"COVID-19"
"DE-ST","00+",2022-03-23,2022-03-15,"-8 day ahead inc hosp","quantile",0.9,448,"COVID-19"
"DE-ST","00+",2022-03-23,2022-03-15,"-8 day ahead inc hosp","quantile",0.975,484,"COVID-19"
"DE-ST","00+",2022-03-23,2022-03-14,"-9 day ahead inc hosp","mean",NA,393,"COVID-19"
"DE-ST","00+",2022-03-23,2022-03-14,"-9 day ahead inc hosp","quantile",0.025,358,"COVID-19"
"DE-ST","00+",2022-03-23,2022-03-14,"-9 day ahead inc hosp","quantile",0.1,365,"COVID-19"
"DE-ST","00+",2022-03-23,2022-03-14,"-9 day ahead inc hosp","quantile",0.25,373,"COVID-19"
"DE-ST","00+",2022-03-23,2022-03-14,"-9 day ahead inc hosp","quantile",0.5,388,"COVID-19"
"DE-ST","00+",2022-03-23,2022-03-14,"-9 day ahead inc hosp","quantile",0.75,407,"COVID-19"
"DE-ST","00+",2022-03-23,2022-03-14,"-9 day ahead inc hosp","quantile",0.9,429,"COVID-19"
"DE-ST","00+",2022-03-23,2022-03-14,"-9 day ahead inc hosp","quantile",0.975,460,"COVID-19"
"DE-ST","00+",2022-03-23,2022-03-13,"-10 day ahead inc hosp","mean",NA,390,"COVID-19"
"DE-ST","00+",2022-03-23,2022-03-13,"-10 day ahead inc hosp","quantile",0.025,356,"COVID-19"
"DE-ST","00+",2022-03-23,2022-03-13,"-10 day ahead inc hosp","quantile",0.1,362,"COVID-19"
"DE-ST","00+",2022-03-23,2022-03-13,"-10 day ahead inc hosp","quantile",0.25,371,"COVID-19"
"DE-ST","00+",2022-03-23,2022-03-13,"-10 day ahead inc hosp","quantile",0.5,384,"COVID-19"
"DE-ST","00+",2022-03-23,2022-03-13,"-10 day ahead inc hosp","quantile",0.75,403,"COVID-19"
"DE-ST","00+",2022-03-23,2022-03-13,"-10 day ahead inc hosp","quantile",0.9,425,"COVID-19"
"DE-ST","00+",2022-03-23,2022-03-13,"-10 day ahead inc hosp","quantile",0.975,455,"COVID-19"
"DE-ST","00+",2022-03-23,2022-03-12,"-11 day ahead inc hosp","mean",NA,395,"COVID-19"
"DE-ST","00+",2022-03-23,2022-03-12,"-11 day ahead inc hosp","quantile",0.025,364,"COVID-19"
"DE-ST","00+",2022-03-23,2022-03-12,"-11 day ahead inc hosp","quantile",0.1,370,"COVID-19"
"DE-ST","00+",2022-03-23,2022-03-12,"-11 day ahead inc hosp","quantile",0.25,377,"COVID-19"
"DE-ST","00+",2022-03-23,2022-03-12,"-11 day ahead inc hosp","quantile",0.5,390,"COVID-19"
"DE-ST","00+",2022-03-23,2022-03-12,"-11 day ahead inc hosp","quantile",0.75,407,"COVID-19"
"DE-ST","00+",2022-03-23,2022-03-12,"-11 day ahead inc hosp","quantile",0.9,428,"COVID-19"
"DE-ST","00+",2022-03-23,2022-03-12,"-11 day ahead inc hosp","quantile",0.975,457,"COVID-19"
"DE-ST","00+",2022-03-23,2022-03-11,"-12 day ahead inc hosp","mean",NA,373,"COVID-19"
"DE-ST","00+",2022-03-23,2022-03-11,"-12 day ahead inc hosp","quantile",0.025,347,"COVID-19"
"DE-ST","00+",2022-03-23,2022-03-11,"-12 day ahead inc hosp","quantile",0.1,351,"COVID-19"
"DE-ST","00+",2022-03-23,2022-03-11,"-12 day ahead inc hosp","quantile",0.25,358,"COVID-19"
"DE-ST","00+",2022-03-23,2022-03-11,"-12 day ahead inc hosp","quantile",0.5,368,"COVID-19"
"DE-ST","00+",2022-03-23,2022-03-11,"-12 day ahead inc hosp","quantile",0.75,383,"COVID-19"
"DE-ST","00+",2022-03-23,2022-03-11,"-12 day ahead inc hosp","quantile",0.9,401,"COVID-19"
"DE-ST","00+",2022-03-23,2022-03-11,"-12 day ahead inc hosp","quantile",0.975,426,"COVID-19"
"DE-ST","00+",2022-03-23,2022-03-10,"-13 day ahead inc hosp","mean",NA,387,"COVID-19"
"DE-ST","00+",2022-03-23,2022-03-10,"-13 day ahead inc hosp","quantile",0.025,362,"COVID-19"
"DE-ST","00+",2022-03-23,2022-03-10,"-13 day ahead inc hosp","quantile",0.1,366,"COVID-19"
"DE-ST","00+",2022-03-23,2022-03-10,"-13 day ahead inc hosp","quantile",0.25,372,"COVID-19"
"DE-ST","00+",2022-03-23,2022-03-10,"-13 day ahead inc hosp","quantile",0.5,382,"COVID-19"
"DE-ST","00+",2022-03-23,2022-03-10,"-13 day ahead inc hosp","quantile",0.75,396,"COVID-19"
"DE-ST","00+",2022-03-23,2022-03-10,"-13 day ahead inc hosp","quantile",0.9,414,"COVID-19"
"DE-ST","00+",2022-03-23,2022-03-10,"-13 day ahead inc hosp","quantile",0.975,439,"COVID-19"
"DE-ST","00+",2022-03-23,2022-03-09,"-14 day ahead inc hosp","mean",NA,363,"COVID-19"
"DE-ST","00+",2022-03-23,2022-03-09,"-14 day ahead inc hosp","quantile",0.025,342,"COVID-19"
"DE-ST","00+",2022-03-23,2022-03-09,"-14 day ahead inc hosp","quantile",0.1,345,"COVID-19"
"DE-ST","00+",2022-03-23,2022-03-09,"-14 day ahead inc hosp","quantile",0.25,350,"COVID-19"
"DE-ST","00+",2022-03-23,2022-03-09,"-14 day ahead inc hosp","quantile",0.5,359,"COVID-19"
"DE-ST","00+",2022-03-23,2022-03-09,"-14 day ahead inc hosp","quantile",0.75,372,"COVID-19"
"DE-ST","00+",2022-03-23,2022-03-09,"-14 day ahead inc hosp","quantile",0.9,387,"COVID-19"
"DE-ST","00+",2022-03-23,2022-03-09,"-14 day ahead inc hosp","quantile",0.975,410,"COVID-19"
"DE-ST","00+",2022-03-23,2022-03-08,"-15 day ahead inc hosp","mean",NA,347,"COVID-19"
"DE-ST","00+",2022-03-23,2022-03-08,"-15 day ahead inc hosp","quantile",0.025,329,"COVID-19"
"DE-ST","00+",2022-03-23,2022-03-08,"-15 day ahead inc hosp","quantile",0.1,331,"COVID-19"
"DE-ST","00+",2022-03-23,2022-03-08,"-15 day ahead inc hosp","quantile",0.25,335,"COVID-19"
"DE-ST","00+",2022-03-23,2022-03-08,"-15 day ahead inc hosp","quantile",0.5,342,"COVID-19"
"DE-ST","00+",2022-03-23,2022-03-08,"-15 day ahead inc hosp","quantile",0.75,354,"COVID-19"
"DE-ST","00+",2022-03-23,2022-03-08,"-15 day ahead inc hosp","quantile",0.9,368,"COVID-19"
"DE-ST","00+",2022-03-23,2022-03-08,"-15 day ahead inc hosp","quantile",0.975,388,"COVID-19"
"DE-ST","00+",2022-03-23,2022-03-07,"-16 day ahead inc hosp","mean",NA,322,"COVID-19"
"DE-ST","00+",2022-03-23,2022-03-07,"-16 day ahead inc hosp","quantile",0.025,307,"COVID-19"
"DE-ST","00+",2022-03-23,2022-03-07,"-16 day ahead inc hosp","quantile",0.1,309,"COVID-19"
"DE-ST","00+",2022-03-23,2022-03-07,"-16 day ahead inc hosp","quantile",0.25,312,"COVID-19"
"DE-ST","00+",2022-03-23,2022-03-07,"-16 day ahead inc hosp","quantile",0.5,318,"COVID-19"
"DE-ST","00+",2022-03-23,2022-03-07,"-16 day ahead inc hosp","quantile",0.75,328,"COVID-19"
"DE-ST","00+",2022-03-23,2022-03-07,"-16 day ahead inc hosp","quantile",0.9,341,"COVID-19"
"DE-ST","00+",2022-03-23,2022-03-07,"-16 day ahead inc hosp","quantile",0.975,360,"COVID-19"
"DE-ST","00+",2022-03-23,2022-03-06,"-17 day ahead inc hosp","mean",NA,325,"COVID-19"
"DE-ST","00+",2022-03-23,2022-03-06,"-17 day ahead inc hosp","quantile",0.025,310,"COVID-19"
"DE-ST","00+",2022-03-23,2022-03-06,"-17 day ahead inc hosp","quantile",0.1,311,"COVID-19"
"DE-ST","00+",2022-03-23,2022-03-06,"-17 day ahead inc hosp","quantile",0.25,314,"COVID-19"
"DE-ST","00+",2022-03-23,2022-03-06,"-17 day ahead inc hosp","quantile",0.5,320,"COVID-19"
"DE-ST","00+",2022-03-23,2022-03-06,"-17 day ahead inc hosp","quantile",0.75,331,"COVID-19"
"DE-ST","00+",2022-03-23,2022-03-06,"-17 day ahead inc hosp","quantile",0.9,344,"COVID-19"
"DE-ST","00+",2022-03-23,2022-03-06,"-17 day ahead inc hosp","quantile",0.975,363,"COVID-19"
"DE-ST","00+",2022-03-23,2022-03-05,"-18 day ahead inc hosp","mean",NA,297,"COVID-19"
"DE-ST","00+",2022-03-23,2022-03-05,"-18 day ahead inc hosp","quantile",0.025,285,"COVID-19"
"DE-ST","00+",2022-03-23,2022-03-05,"-18 day ahead inc hosp","quantile",0.1,286,"COVID-19"
"DE-ST","00+",2022-03-23,2022-03-05,"-18 day ahead inc hosp","quantile",0.25,288,"COVID-19"
"DE-ST","00+",2022-03-23,2022-03-05,"-18 day ahead inc hosp","quantile",0.5,293,"COVID-19"
"DE-ST","00+",2022-03-23,2022-03-05,"-18 day ahead inc hosp","quantile",0.75,302,"COVID-19"
"DE-ST","00+",2022-03-23,2022-03-05,"-18 day ahead inc hosp","quantile",0.9,314,"COVID-19"
"DE-ST","00+",2022-03-23,2022-03-05,"-18 day ahead inc hosp","quantile",0.975,332,"COVID-19"
"DE-ST","00+",2022-03-23,2022-03-04,"-19 day ahead inc hosp","mean",NA,308,"COVID-19"
"DE-ST","00+",2022-03-23,2022-03-04,"-19 day ahead inc hosp","quantile",0.025,297,"COVID-19"
"DE-ST","00+",2022-03-23,2022-03-04,"-19 day ahead inc hosp","quantile",0.1,297,"COVID-19"
"DE-ST","00+",2022-03-23,2022-03-04,"-19 day ahead inc hosp","quantile",0.25,299,"COVID-19"
"DE-ST","00+",2022-03-23,2022-03-04,"-19 day ahead inc hosp","quantile",0.5,304,"COVID-19"
"DE-ST","00+",2022-03-23,2022-03-04,"-19 day ahead inc hosp","quantile",0.75,312,"COVID-19"
"DE-ST","00+",2022-03-23,2022-03-04,"-19 day ahead inc hosp","quantile",0.9,324,"COVID-19"
"DE-ST","00+",2022-03-23,2022-03-04,"-19 day ahead inc hosp","quantile",0.975,341,"COVID-19"
"DE-ST","00+",2022-03-23,2022-03-03,"-20 day ahead inc hosp","mean",NA,307,"COVID-19"
"DE-ST","00+",2022-03-23,2022-03-03,"-20 day ahead inc hosp","quantile",0.025,298,"COVID-19"
"DE-ST","00+",2022-03-23,2022-03-03,"-20 day ahead inc hosp","quantile",0.1,298,"COVID-19"
"DE-ST","00+",2022-03-23,2022-03-03,"-20 day ahead inc hosp","quantile",0.25,300,"COVID-19"
"DE-ST","00+",2022-03-23,2022-03-03,"-20 day ahead inc hosp","quantile",0.5,304,"COVID-19"
"DE-ST","00+",2022-03-23,2022-03-03,"-20 day ahead inc hosp","quantile",0.75,311,"COVID-19"
"DE-ST","00+",2022-03-23,2022-03-03,"-20 day ahead inc hosp","quantile",0.9,321,"COVID-19"
"DE-ST","00+",2022-03-23,2022-03-03,"-20 day ahead inc hosp","quantile",0.975,337,"COVID-19"
"DE-ST","00+",2022-03-23,2022-03-02,"-21 day ahead inc hosp","mean",NA,332,"COVID-19"
"DE-ST","00+",2022-03-23,2022-03-02,"-21 day ahead inc hosp","quantile",0.025,323,"COVID-19"
"DE-ST","00+",2022-03-23,2022-03-02,"-21 day ahead inc hosp","quantile",0.1,323,"COVID-19"
"DE-ST","00+",2022-03-23,2022-03-02,"-21 day ahead inc hosp","quantile",0.25,325,"COVID-19"
"DE-ST","00+",2022-03-23,2022-03-02,"-21 day ahead inc hosp","quantile",0.5,328,"COVID-19"
"DE-ST","00+",2022-03-23,2022-03-02,"-21 day ahead inc hosp","quantile",0.75,335,"COVID-19"
"DE-ST","00+",2022-03-23,2022-03-02,"-21 day ahead inc hosp","quantile",0.9,345,"COVID-19"
"DE-ST","00+",2022-03-23,2022-03-02,"-21 day ahead inc hosp","quantile",0.975,360,"COVID-19"
"DE-ST","00+",2022-03-23,2022-03-01,"-22 day ahead inc hosp","mean",NA,344,"COVID-19"
"DE-ST","00+",2022-03-23,2022-03-01,"-22 day ahead inc hosp","quantile",0.025,336,"COVID-19"
"DE-ST","00+",2022-03-23,2022-03-01,"-22 day ahead inc hosp","quantile",0.1,336,"COVID-19"
"DE-ST","00+",2022-03-23,2022-03-01,"-22 day ahead inc hosp","quantile",0.25,337,"COVID-19"
"DE-ST","00+",2022-03-23,2022-03-01,"-22 day ahead inc hosp","quantile",0.5,341,"COVID-19"
"DE-ST","00+",2022-03-23,2022-03-01,"-22 day ahead inc hosp","quantile",0.75,347,"COVID-19"
"DE-ST","00+",2022-03-23,2022-03-01,"-22 day ahead inc hosp","quantile",0.9,355,"COVID-19"
"DE-ST","00+",2022-03-23,2022-03-01,"-22 day ahead inc hosp","quantile",0.975,368,"COVID-19"
"DE-ST","00+",2022-03-23,2022-02-28,"-23 day ahead inc hosp","mean",NA,364,"COVID-19"
"DE-ST","00+",2022-03-23,2022-02-28,"-23 day ahead inc hosp","quantile",0.025,357,"COVID-19"
"DE-ST","00+",2022-03-23,2022-02-28,"-23 day ahead inc hosp","quantile",0.1,357,"COVID-19"
"DE-ST","00+",2022-03-23,2022-02-28,"-23 day ahead inc hosp","quantile",0.25,358,"COVID-19"
"DE-ST","00+",2022-03-23,2022-02-28,"-23 day ahead inc hosp","quantile",0.5,361,"COVID-19"
"DE-ST","00+",2022-03-23,2022-02-28,"-23 day ahead inc hosp","quantile",0.75,367,"COVID-19"
"DE-ST","00+",2022-03-23,2022-02-28,"-23 day ahead inc hosp","quantile",0.9,374,"COVID-19"
"DE-ST","00+",2022-03-23,2022-02-28,"-23 day ahead inc hosp","quantile",0.975,386,"COVID-19"
"DE-ST","00+",2022-03-23,2022-02-27,"-24 day ahead inc hosp","mean",NA,362,"COVID-19"
"DE-ST","00+",2022-03-23,2022-02-27,"-24 day ahead inc hosp","quantile",0.025,355,"COVID-19"
"DE-ST","00+",2022-03-23,2022-02-27,"-24 day ahead inc hosp","quantile",0.1,355,"COVID-19"
"DE-ST","00+",2022-03-23,2022-02-27,"-24 day ahead inc hosp","quantile",0.25,356,"COVID-19"
"DE-ST","00+",2022-03-23,2022-02-27,"-24 day ahead inc hosp","quantile",0.5,359,"COVID-19"
"DE-ST","00+",2022-03-23,2022-02-27,"-24 day ahead inc hosp","quantile",0.75,364,"COVID-19"
"DE-ST","00+",2022-03-23,2022-02-27,"-24 day ahead inc hosp","quantile",0.9,371,"COVID-19"
"DE-ST","00+",2022-03-23,2022-02-27,"-24 day ahead inc hosp","quantile",0.975,382,"COVID-19"
"DE-ST","00+",2022-03-23,2022-02-26,"-25 day ahead inc hosp","mean",NA,369,"COVID-19"
"DE-ST","00+",2022-03-23,2022-02-26,"-25 day ahead inc hosp","quantile",0.025,363,"COVID-19"
"DE-ST","00+",2022-03-23,2022-02-26,"-25 day ahead inc hosp","quantile",0.1,363,"COVID-19"
"DE-ST","00+",2022-03-23,2022-02-26,"-25 day ahead inc hosp","quantile",0.25,364,"COVID-19"
"DE-ST","00+",2022-03-23,2022-02-26,"-25 day ahead inc hosp","quantile",0.5,367,"COVID-19"
"DE-ST","00+",2022-03-23,2022-02-26,"-25 day ahead inc hosp","quantile",0.75,372,"COVID-19"
"DE-ST","00+",2022-03-23,2022-02-26,"-25 day ahead inc hosp","quantile",0.9,378,"COVID-19"
"DE-ST","00+",2022-03-23,2022-02-26,"-25 day ahead inc hosp","quantile",0.975,388,"COVID-19"
"DE-ST","00+",2022-03-23,2022-02-25,"-26 day ahead inc hosp","mean",NA,387,"COVID-19"
"DE-ST","00+",2022-03-23,2022-02-25,"-26 day ahead inc hosp","quantile",0.025,382,"COVID-19"
"DE-ST","00+",2022-03-23,2022-02-25,"-26 day ahead inc hosp","quantile",0.1,382,"COVID-19"
"DE-ST","00+",2022-03-23,2022-02-25,"-26 day ahead inc hosp","quantile",0.25,383,"COVID-19"
"DE-ST","00+",2022-03-23,2022-02-25,"-26 day ahead inc hosp","quantile",0.5,385,"COVID-19"
"DE-ST","00+",2022-03-23,2022-02-25,"-26 day ahead inc hosp","quantile",0.75,389,"COVID-19"
"DE-ST","00+",2022-03-23,2022-02-25,"-26 day ahead inc hosp","quantile",0.9,395,"COVID-19"
"DE-ST","00+",2022-03-23,2022-02-25,"-26 day ahead inc hosp","quantile",0.975,403,"COVID-19"
"DE-ST","00+",2022-03-23,2022-02-24,"-27 day ahead inc hosp","mean",NA,382,"COVID-19"
"DE-ST","00+",2022-03-23,2022-02-24,"-27 day ahead inc hosp","quantile",0.025,378,"COVID-19"
"DE-ST","00+",2022-03-23,2022-02-24,"-27 day ahead inc hosp","quantile",0.1,378,"COVID-19"
"DE-ST","00+",2022-03-23,2022-02-24,"-27 day ahead inc hosp","quantile",0.25,379,"COVID-19"
"DE-ST","00+",2022-03-23,2022-02-24,"-27 day ahead inc hosp","quantile",0.5,381,"COVID-19"
"DE-ST","00+",2022-03-23,2022-02-24,"-27 day ahead inc hosp","quantile",0.75,384,"COVID-19"
"DE-ST","00+",2022-03-23,2022-02-24,"-27 day ahead inc hosp","quantile",0.9,388,"COVID-19"
"DE-ST","00+",2022-03-23,2022-02-24,"-27 day ahead inc hosp","quantile",0.975,395,"COVID-19"
"DE-ST","00+",2022-03-23,2022-02-23,"-28 day ahead inc hosp","mean",NA,375,"COVID-19"
"DE-ST","00+",2022-03-23,2022-02-23,"-28 day ahead inc hosp","quantile",0.025,372,"COVID-19"
"DE-ST","00+",2022-03-23,2022-02-23,"-28 day ahead inc hosp","quantile",0.1,372,"COVID-19"
"DE-ST","00+",2022-03-23,2022-02-23,"-28 day ahead inc hosp","quantile",0.25,372,"COVID-19"
"DE-ST","00+",2022-03-23,2022-02-23,"-28 day ahead inc hosp","quantile",0.5,374,"COVID-19"
"DE-ST","00+",2022-03-23,2022-02-23,"-28 day ahead inc hosp","quantile",0.75,376,"COVID-19"
"DE-ST","00+",2022-03-23,2022-02-23,"-28 day ahead inc hosp","quantile",0.9,380,"COVID-19"
"DE-ST","00+",2022-03-23,2022-02-23,"-28 day ahead inc hosp","quantile",0.975,385,"COVID-19"
"DE-TH","00+",2022-03-23,2022-03-23,"0 day ahead inc hosp","mean",NA,551,"COVID-19"
"DE-TH","00+",2022-03-23,2022-03-23,"0 day ahead inc hosp","quantile",0.025,413,"COVID-19"
"DE-TH","00+",2022-03-23,2022-03-23,"0 day ahead inc hosp","quantile",0.1,446,"COVID-19"
"DE-TH","00+",2022-03-23,2022-03-23,"0 day ahead inc hosp","quantile",0.25,485,"COVID-19"
"DE-TH","00+",2022-03-23,2022-03-23,"0 day ahead inc hosp","quantile",0.5,538,"COVID-19"
"DE-TH","00+",2022-03-23,2022-03-23,"0 day ahead inc hosp","quantile",0.75,603,"COVID-19"
"DE-TH","00+",2022-03-23,2022-03-23,"0 day ahead inc hosp","quantile",0.9,673,"COVID-19"
"DE-TH","00+",2022-03-23,2022-03-23,"0 day ahead inc hosp","quantile",0.975,765,"COVID-19"
"DE-TH","00+",2022-03-23,2022-03-22,"-1 day ahead inc hosp","mean",NA,577,"COVID-19"
"DE-TH","00+",2022-03-23,2022-03-22,"-1 day ahead inc hosp","quantile",0.025,456,"COVID-19"
"DE-TH","00+",2022-03-23,2022-03-22,"-1 day ahead inc hosp","quantile",0.1,484,"COVID-19"
"DE-TH","00+",2022-03-23,2022-03-22,"-1 day ahead inc hosp","quantile",0.25,517,"COVID-19"
"DE-TH","00+",2022-03-23,2022-03-22,"-1 day ahead inc hosp","quantile",0.5,564,"COVID-19"
"DE-TH","00+",2022-03-23,2022-03-22,"-1 day ahead inc hosp","quantile",0.75,623,"COVID-19"
"DE-TH","00+",2022-03-23,2022-03-22,"-1 day ahead inc hosp","quantile",0.9,688,"COVID-19"
"DE-TH","00+",2022-03-23,2022-03-22,"-1 day ahead inc hosp","quantile",0.975,773,"COVID-19"
"DE-TH","00+",2022-03-23,2022-03-21,"-2 day ahead inc hosp","mean",NA,544,"COVID-19"
"DE-TH","00+",2022-03-23,2022-03-21,"-2 day ahead inc hosp","quantile",0.025,463,"COVID-19"
"DE-TH","00+",2022-03-23,2022-03-21,"-2 day ahead inc hosp","quantile",0.1,481,"COVID-19"
"DE-TH","00+",2022-03-23,2022-03-21,"-2 day ahead inc hosp","quantile",0.25,503,"COVID-19"
"DE-TH","00+",2022-03-23,2022-03-21,"-2 day ahead inc hosp","quantile",0.5,535,"COVID-19"
"DE-TH","00+",2022-03-23,2022-03-21,"-2 day ahead inc hosp","quantile",0.75,575,"COVID-19"
"DE-TH","00+",2022-03-23,2022-03-21,"-2 day ahead inc hosp","quantile",0.9,618,"COVID-19"
"DE-TH","00+",2022-03-23,2022-03-21,"-2 day ahead inc hosp","quantile",0.975,675,"COVID-19"
"DE-TH","00+",2022-03-23,2022-03-20,"-3 day ahead inc hosp","mean",NA,547,"COVID-19"
"DE-TH","00+",2022-03-23,2022-03-20,"-3 day ahead inc hosp","quantile",0.025,471,"COVID-19"
"DE-TH","00+",2022-03-23,2022-03-20,"-3 day ahead inc hosp","quantile",0.1,488,"COVID-19"
"DE-TH","00+",2022-03-23,2022-03-20,"-3 day ahead inc hosp","quantile",0.25,508,"COVID-19"
"DE-TH","00+",2022-03-23,2022-03-20,"-3 day ahead inc hosp","quantile",0.5,538,"COVID-19"
"DE-TH","00+",2022-03-23,2022-03-20,"-3 day ahead inc hosp","quantile",0.75,576,"COVID-19"
"DE-TH","00+",2022-03-23,2022-03-20,"-3 day ahead inc hosp","quantile",0.9,618,"COVID-19"
"DE-TH","00+",2022-03-23,2022-03-20,"-3 day ahead inc hosp","quantile",0.975,674,"COVID-19"
"DE-TH","00+",2022-03-23,2022-03-19,"-4 day ahead inc hosp","mean",NA,570,"COVID-19"
"DE-TH","00+",2022-03-23,2022-03-19,"-4 day ahead inc hosp","quantile",0.025,497,"COVID-19"
"DE-TH","00+",2022-03-23,2022-03-19,"-4 day ahead inc hosp","quantile",0.1,513,"COVID-19"
"DE-TH","00+",2022-03-23,2022-03-19,"-4 day ahead inc hosp","quantile",0.25,532,"COVID-19"
"DE-TH","00+",2022-03-23,2022-03-19,"-4 day ahead inc hosp","quantile",0.5,561,"COVID-19"
"DE-TH","00+",2022-03-23,2022-03-19,"-4 day ahead inc hosp","quantile",0.75,598,"COVID-19"
"DE-TH","00+",2022-03-23,2022-03-19,"-4 day ahead inc hosp","quantile",0.9,638,"COVID-19"
"DE-TH","00+",2022-03-23,2022-03-19,"-4 day ahead inc hosp","quantile",0.975,692,"COVID-19"
"DE-TH","00+",2022-03-23,2022-03-18,"-5 day ahead inc hosp","mean",NA,565,"COVID-19"
"DE-TH","00+",2022-03-23,2022-03-18,"-5 day ahead inc hosp","quantile",0.025,502,"COVID-19"
"DE-TH","00+",2022-03-23,2022-03-18,"-5 day ahead inc hosp","quantile",0.1,516,"COVID-19"
"DE-TH","00+",2022-03-23,2022-03-18,"-5 day ahead inc hosp","quantile",0.25,533,"COVID-19"
"DE-TH","00+",2022-03-23,2022-03-18,"-5 day ahead inc hosp","quantile",0.5,557,"COVID-19"
"DE-TH","00+",2022-03-23,2022-03-18,"-5 day ahead inc hosp","quantile",0.75,589,"COVID-19"
"DE-TH","00+",2022-03-23,2022-03-18,"-5 day ahead inc hosp","quantile",0.9,623,"COVID-19"
"DE-TH","00+",2022-03-23,2022-03-18,"-5 day ahead inc hosp","quantile",0.975,670,"COVID-19"
"DE-TH","00+",2022-03-23,2022-03-17,"-6 day ahead inc hosp","mean",NA,564,"COVID-19"
"DE-TH","00+",2022-03-23,2022-03-17,"-6 day ahead inc hosp","quantile",0.025,512,"COVID-19"
"DE-TH","00+",2022-03-23,2022-03-17,"-6 day ahead inc hosp","quantile",0.1,523,"COVID-19"
"DE-TH","00+",2022-03-23,2022-03-17,"-6 day ahead inc hosp","quantile",0.25,537,"COVID-19"
"DE-TH","00+",2022-03-23,2022-03-17,"-6 day ahead inc hosp","quantile",0.5,557,"COVID-19"
"DE-TH","00+",2022-03-23,2022-03-17,"-6 day ahead inc hosp","quantile",0.75,584,"COVID-19"
"DE-TH","00+",2022-03-23,2022-03-17,"-6 day ahead inc hosp","quantile",0.9,614,"COVID-19"
"DE-TH","00+",2022-03-23,2022-03-17,"-6 day ahead inc hosp","quantile",0.975,655,"COVID-19"
"DE-TH","00+",2022-03-23,2022-03-16,"-7 day ahead inc hosp","mean",NA,583,"COVID-19"
"DE-TH","00+",2022-03-23,2022-03-16,"-7 day ahead inc hosp","quantile",0.025,537,"COVID-19"
"DE-TH","00+",2022-03-23,2022-03-16,"-7 day ahead inc hosp","quantile",0.1,546,"COVID-19"
"DE-TH","00+",2022-03-23,2022-03-16,"-7 day ahead inc hosp","quantile",0.25,558,"COVID-19"
"DE-TH","00+",2022-03-23,2022-03-16,"-7 day ahead inc hosp","quantile",0.5,577,"COVID-19"
"DE-TH","00+",2022-03-23,2022-03-16,"-7 day ahead inc hosp","quantile",0.75,602,"COVID-19"
"DE-TH","00+",2022-03-23,2022-03-16,"-7 day ahead inc hosp","quantile",0.9,629,"COVID-19"
"DE-TH","00+",2022-03-23,2022-03-16,"-7 day ahead inc hosp","quantile",0.975,667,"COVID-19"
"DE-TH","00+",2022-03-23,2022-03-15,"-8 day ahead inc hosp","mean",NA,594,"COVID-19"
"DE-TH","00+",2022-03-23,2022-03-15,"-8 day ahead inc hosp","quantile",0.025,554,"COVID-19"
"DE-TH","00+",2022-03-23,2022-03-15,"-8 day ahead inc hosp","quantile",0.1,561,"COVID-19"
"DE-TH","00+",2022-03-23,2022-03-15,"-8 day ahead inc hosp","quantile",0.25,572,"COVID-19"
"DE-TH","00+",2022-03-23,2022-03-15,"-8 day ahead inc hosp","quantile",0.5,588,"COVID-19"
"DE-TH","00+",2022-03-23,2022-03-15,"-8 day ahead inc hosp","quantile",0.75,609,"COVID-19"
"DE-TH","00+",2022-03-23,2022-03-15,"-8 day ahead inc hosp","quantile",0.9,634,"COVID-19"
"DE-TH","00+",2022-03-23,2022-03-15,"-8 day ahead inc hosp","quantile",0.975,667,"COVID-19"
"DE-TH","00+",2022-03-23,2022-03-14,"-9 day ahead inc hosp","mean",NA,554,"COVID-19"
"DE-TH","00+",2022-03-23,2022-03-14,"-9 day ahead inc hosp","quantile",0.025,522,"COVID-19"
"DE-TH","00+",2022-03-23,2022-03-14,"-9 day ahead inc hosp","quantile",0.1,528,"COVID-19"
"DE-TH","00+",2022-03-23,2022-03-14,"-9 day ahead inc hosp","quantile",0.25,536,"COVID-19"
"DE-TH","00+",2022-03-23,2022-03-14,"-9 day ahead inc hosp","quantile",0.5,549,"COVID-19"
"DE-TH","00+",2022-03-23,2022-03-14,"-9 day ahead inc hosp","quantile",0.75,566,"COVID-19"
"DE-TH","00+",2022-03-23,2022-03-14,"-9 day ahead inc hosp","quantile",0.9,585,"COVID-19"
"DE-TH","00+",2022-03-23,2022-03-14,"-9 day ahead inc hosp","quantile",0.975,612,"COVID-19"
"DE-TH","00+",2022-03-23,2022-03-13,"-10 day ahead inc hosp","mean",NA,541,"COVID-19"
"DE-TH","00+",2022-03-23,2022-03-13,"-10 day ahead inc hosp","quantile",0.025,511,"COVID-19"
"DE-TH","00+",2022-03-23,2022-03-13,"-10 day ahead inc hosp","quantile",0.1,517,"COVID-19"
"DE-TH","00+",2022-03-23,2022-03-13,"-10 day ahead inc hosp","quantile",0.25,524,"COVID-19"
"DE-TH","00+",2022-03-23,2022-03-13,"-10 day ahead inc hosp","quantile",0.5,536,"COVID-19"
"DE-TH","00+",2022-03-23,2022-03-13,"-10 day ahead inc hosp","quantile",0.75,552,"COVID-19"
"DE-TH","00+",2022-03-23,2022-03-13,"-10 day ahead inc hosp","quantile",0.9,571,"COVID-19"
"DE-TH","00+",2022-03-23,2022-03-13,"-10 day ahead inc hosp","quantile",0.975,596,"COVID-19"
"DE-TH","00+",2022-03-23,2022-03-12,"-11 day ahead inc hosp","mean",NA,542,"COVID-19"
"DE-TH","00+",2022-03-23,2022-03-12,"-11 day ahead inc hosp","quantile",0.025,515,"COVID-19"
"DE-TH","00+",2022-03-23,2022-03-12,"-11 day ahead inc hosp","quantile",0.1,520,"COVID-19"
"DE-TH","00+",2022-03-23,2022-03-12,"-11 day ahead inc hosp","quantile",0.25,527,"COVID-19"
"DE-TH","00+",2022-03-23,2022-03-12,"-11 day ahead inc hosp","quantile",0.5,538,"COVID-19"
"DE-TH","00+",2022-03-23,2022-03-12,"-11 day ahead inc hosp","quantile",0.75,553,"COVID-19"
"DE-TH","00+",2022-03-23,2022-03-12,"-11 day ahead inc hosp","quantile",0.9,571,"COVID-19"
"DE-TH","00+",2022-03-23,2022-03-12,"-11 day ahead inc hosp","quantile",0.975,595,"COVID-19"
"DE-TH","00+",2022-03-23,2022-03-11,"-12 day ahead inc hosp","mean",NA,526,"COVID-19"
"DE-TH","00+",2022-03-23,2022-03-11,"-12 day ahead inc hosp","quantile",0.025,503,"COVID-19"
"DE-TH","00+",2022-03-23,2022-03-11,"-12 day ahead inc hosp","quantile",0.1,507,"COVID-19"
"DE-TH","00+",2022-03-23,2022-03-11,"-12 day ahead inc hosp","quantile",0.25,512,"COVID-19"
"DE-TH","00+",2022-03-23,2022-03-11,"-12 day ahead inc hosp","quantile",0.5,522,"COVID-19"
"DE-TH","00+",2022-03-23,2022-03-11,"-12 day ahead inc hosp","quantile",0.75,536,"COVID-19"
"DE-TH","00+",2022-03-23,2022-03-11,"-12 day ahead inc hosp","quantile",0.9,552,"COVID-19"
"DE-TH","00+",2022-03-23,2022-03-11,"-12 day ahead inc hosp","quantile",0.975,574,"COVID-19"
"DE-TH","00+",2022-03-23,2022-03-10,"-13 day ahead inc hosp","mean",NA,499,"COVID-19"
"DE-TH","00+",2022-03-23,2022-03-10,"-13 day ahead inc hosp","quantile",0.025,479,"COVID-19"
"DE-TH","00+",2022-03-23,2022-03-10,"-13 day ahead inc hosp","quantile",0.1,482,"COVID-19"
"DE-TH","00+",2022-03-23,2022-03-10,"-13 day ahead inc hosp","quantile",0.25,487,"COVID-19"
"DE-TH","00+",2022-03-23,2022-03-10,"-13 day ahead inc hosp","quantile",0.5,495,"COVID-19"
"DE-TH","00+",2022-03-23,2022-03-10,"-13 day ahead inc hosp","quantile",0.75,507,"COVID-19"
"DE-TH","00+",2022-03-23,2022-03-10,"-13 day ahead inc hosp","quantile",0.9,520,"COVID-19"
"DE-TH","00+",2022-03-23,2022-03-10,"-13 day ahead inc hosp","quantile",0.975,540,"COVID-19"
"DE-TH","00+",2022-03-23,2022-03-09,"-14 day ahead inc hosp","mean",NA,463,"COVID-19"
"DE-TH","00+",2022-03-23,2022-03-09,"-14 day ahead inc hosp","quantile",0.025,446,"COVID-19"
"DE-TH","00+",2022-03-23,2022-03-09,"-14 day ahead inc hosp","quantile",0.1,449,"COVID-19"
"DE-TH","00+",2022-03-23,2022-03-09,"-14 day ahead inc hosp","quantile",0.25,453,"COVID-19"
"DE-TH","00+",2022-03-23,2022-03-09,"-14 day ahead inc hosp","quantile",0.5,460,"COVID-19"
"DE-TH","00+",2022-03-23,2022-03-09,"-14 day ahead inc hosp","quantile",0.75,469,"COVID-19"
"DE-TH","00+",2022-03-23,2022-03-09,"-14 day ahead inc hosp","quantile",0.9,480,"COVID-19"
"DE-TH","00+",2022-03-23,2022-03-09,"-14 day ahead inc hosp","quantile",0.975,496,"COVID-19"
"DE-TH","00+",2022-03-23,2022-03-08,"-15 day ahead inc hosp","mean",NA,422,"COVID-19"
"DE-TH","00+",2022-03-23,2022-03-08,"-15 day ahead inc hosp","quantile",0.025,409,"COVID-19"
"DE-TH","00+",2022-03-23,2022-03-08,"-15 day ahead inc hosp","quantile",0.1,411,"COVID-19"
"DE-TH","00+",2022-03-23,2022-03-08,"-15 day ahead inc hosp","quantile",0.25,414,"COVID-19"
"DE-TH","00+",2022-03-23,2022-03-08,"-15 day ahead inc hosp","quantile",0.5,420,"COVID-19"
"DE-TH","00+",2022-03-23,2022-03-08,"-15 day ahead inc hosp","quantile",0.75,427,"COVID-19"
"DE-TH","00+",2022-03-23,2022-03-08,"-15 day ahead inc hosp","quantile",0.9,436,"COVID-19"
"DE-TH","00+",2022-03-23,2022-03-08,"-15 day ahead inc hosp","quantile",0.975,448,"COVID-19"
"DE-TH","00+",2022-03-23,2022-03-07,"-16 day ahead inc hosp","mean",NA,412,"COVID-19"
"DE-TH","00+",2022-03-23,2022-03-07,"-16 day ahead inc hosp","quantile",0.025,401,"COVID-19"
"DE-TH","00+",2022-03-23,2022-03-07,"-16 day ahead inc hosp","quantile",0.1,402,"COVID-19"
"DE-TH","00+",2022-03-23,2022-03-07,"-16 day ahead inc hosp","quantile",0.25,405,"COVID-19"
"DE-TH","00+",2022-03-23,2022-03-07,"-16 day ahead inc hosp","quantile",0.5,410,"COVID-19"
"DE-TH","00+",2022-03-23,2022-03-07,"-16 day ahead inc hosp","quantile",0.75,416,"COVID-19"
"DE-TH","00+",2022-03-23,2022-03-07,"-16 day ahead inc hosp","quantile",0.9,424,"COVID-19"
"DE-TH","00+",2022-03-23,2022-03-07,"-16 day ahead inc hosp","quantile",0.975,434,"COVID-19"
"DE-TH","00+",2022-03-23,2022-03-06,"-17 day ahead inc hosp","mean",NA,413,"COVID-19"
"DE-TH","00+",2022-03-23,2022-03-06,"-17 day ahead inc hosp","quantile",0.025,403,"COVID-19"
"DE-TH","00+",2022-03-23,2022-03-06,"-17 day ahead inc hosp","quantile",0.1,404,"COVID-19"
"DE-TH","00+",2022-03-23,2022-03-06,"-17 day ahead inc hosp","quantile",0.25,407,"COVID-19"
"DE-TH","00+",2022-03-23,2022-03-06,"-17 day ahead inc hosp","quantile",0.5,411,"COVID-19"
"DE-TH","00+",2022-03-23,2022-03-06,"-17 day ahead inc hosp","quantile",0.75,418,"COVID-19"
"DE-TH","00+",2022-03-23,2022-03-06,"-17 day ahead inc hosp","quantile",0.9,425,"COVID-19"
"DE-TH","00+",2022-03-23,2022-03-06,"-17 day ahead inc hosp","quantile",0.975,435,"COVID-19"
"DE-TH","00+",2022-03-23,2022-03-05,"-18 day ahead inc hosp","mean",NA,401,"COVID-19"
"DE-TH","00+",2022-03-23,2022-03-05,"-18 day ahead inc hosp","quantile",0.025,391,"COVID-19"
"DE-TH","00+",2022-03-23,2022-03-05,"-18 day ahead inc hosp","quantile",0.1,393,"COVID-19"
"DE-TH","00+",2022-03-23,2022-03-05,"-18 day ahead inc hosp","quantile",0.25,395,"COVID-19"
"DE-TH","00+",2022-03-23,2022-03-05,"-18 day ahead inc hosp","quantile",0.5,399,"COVID-19"
"DE-TH","00+",2022-03-23,2022-03-05,"-18 day ahead inc hosp","quantile",0.75,405,"COVID-19"
"DE-TH","00+",2022-03-23,2022-03-05,"-18 day ahead inc hosp","quantile",0.9,412,"COVID-19"
"DE-TH","00+",2022-03-23,2022-03-05,"-18 day ahead inc hosp","quantile",0.975,421,"COVID-19"
"DE-TH","00+",2022-03-23,2022-03-04,"-19 day ahead inc hosp","mean",NA,411,"COVID-19"
"DE-TH","00+",2022-03-23,2022-03-04,"-19 day ahead inc hosp","quantile",0.025,402,"COVID-19"
"DE-TH","00+",2022-03-23,2022-03-04,"-19 day ahead inc hosp","quantile",0.1,403,"COVID-19"
"DE-TH","00+",2022-03-23,2022-03-04,"-19 day ahead inc hosp","quantile",0.25,406,"COVID-19"
"DE-TH","00+",2022-03-23,2022-03-04,"-19 day ahead inc hosp","quantile",0.5,409,"COVID-19"
"DE-TH","00+",2022-03-23,2022-03-04,"-19 day ahead inc hosp","quantile",0.75,415,"COVID-19"
"DE-TH","00+",2022-03-23,2022-03-04,"-19 day ahead inc hosp","quantile",0.9,421,"COVID-19"
"DE-TH","00+",2022-03-23,2022-03-04,"-19 day ahead inc hosp","quantile",0.975,430,"COVID-19"
"DE-TH","00+",2022-03-23,2022-03-03,"-20 day ahead inc hosp","mean",NA,415,"COVID-19"
"DE-TH","00+",2022-03-23,2022-03-03,"-20 day ahead inc hosp","quantile",0.025,407,"COVID-19"
"DE-TH","00+",2022-03-23,2022-03-03,"-20 day ahead inc hosp","quantile",0.1,408,"COVID-19"
"DE-TH","00+",2022-03-23,2022-03-03,"-20 day ahead inc hosp","quantile",0.25,410,"COVID-19"
"DE-TH","00+",2022-03-23,2022-03-03,"-20 day ahead inc hosp","quantile",0.5,413,"COVID-19"
"DE-TH","00+",2022-03-23,2022-03-03,"-20 day ahead inc hosp","quantile",0.75,418,"COVID-19"
"DE-TH","00+",2022-03-23,2022-03-03,"-20 day ahead inc hosp","quantile",0.9,424,"COVID-19"
"DE-TH","00+",2022-03-23,2022-03-03,"-20 day ahead inc hosp","quantile",0.975,433,"COVID-19"
"DE-TH","00+",2022-03-23,2022-03-02,"-21 day ahead inc hosp","mean",NA,411,"COVID-19"
"DE-TH","00+",2022-03-23,2022-03-02,"-21 day ahead inc hosp","quantile",0.025,404,"COVID-19"
"DE-TH","00+",2022-03-23,2022-03-02,"-21 day ahead inc hosp","quantile",0.1,405,"COVID-19"
"DE-TH","00+",2022-03-23,2022-03-02,"-21 day ahead inc hosp","quantile",0.25,406,"COVID-19"
"DE-TH","00+",2022-03-23,2022-03-02,"-21 day ahead inc hosp","quantile",0.5,409,"COVID-19"
"DE-TH","00+",2022-03-23,2022-03-02,"-21 day ahead inc hosp","quantile",0.75,414,"COVID-19"
"DE-TH","00+",2022-03-23,2022-03-02,"-21 day ahead inc hosp","quantile",0.9,419,"COVID-19"
"DE-TH","00+",2022-03-23,2022-03-02,"-21 day ahead inc hosp","quantile",0.975,427,"COVID-19"
"DE-TH","00+",2022-03-23,2022-03-01,"-22 day ahead inc hosp","mean",NA,418,"COVID-19"
"DE-TH","00+",2022-03-23,2022-03-01,"-22 day ahead inc hosp","quantile",0.025,412,"COVID-19"
"DE-TH","00+",2022-03-23,2022-03-01,"-22 day ahead inc hosp","quantile",0.1,413,"COVID-19"
"DE-TH","00+",2022-03-23,2022-03-01,"-22 day ahead inc hosp","quantile",0.25,414,"COVID-19"
"DE-TH","00+",2022-03-23,2022-03-01,"-22 day ahead inc hosp","quantile",0.5,417,"COVID-19"
"DE-TH","00+",2022-03-23,2022-03-01,"-22 day ahead inc hosp","quantile",0.75,421,"COVID-19"
"DE-TH","00+",2022-03-23,2022-03-01,"-22 day ahead inc hosp","quantile",0.9,426,"COVID-19"
"DE-TH","00+",2022-03-23,2022-03-01,"-22 day ahead inc hosp","quantile",0.975,434,"COVID-19"
"DE-TH","00+",2022-03-23,2022-02-28,"-23 day ahead inc hosp","mean",NA,411,"COVID-19"
"DE-TH","00+",2022-03-23,2022-02-28,"-23 day ahead inc hosp","quantile",0.025,405,"COVID-19"
"DE-TH","00+",2022-03-23,2022-02-28,"-23 day ahead inc hosp","quantile",0.1,405,"COVID-19"
"DE-TH","00+",2022-03-23,2022-02-28,"-23 day ahead inc hosp","quantile",0.25,407,"COVID-19"
"DE-TH","00+",2022-03-23,2022-02-28,"-23 day ahead inc hosp","quantile",0.5,409,"COVID-19"
"DE-TH","00+",2022-03-23,2022-02-28,"-23 day ahead inc hosp","quantile",0.75,413,"COVID-19"
"DE-TH","00+",2022-03-23,2022-02-28,"-23 day ahead inc hosp","quantile",0.9,418,"COVID-19"
"DE-TH","00+",2022-03-23,2022-02-28,"-23 day ahead inc hosp","quantile",0.975,425,"COVID-19"
"DE-TH","00+",2022-03-23,2022-02-27,"-24 day ahead inc hosp","mean",NA,413,"COVID-19"
"DE-TH","00+",2022-03-23,2022-02-27,"-24 day ahead inc hosp","quantile",0.025,408,"COVID-19"
"DE-TH","00+",2022-03-23,2022-02-27,"-24 day ahead inc hosp","quantile",0.1,408,"COVID-19"
"DE-TH","00+",2022-03-23,2022-02-27,"-24 day ahead inc hosp","quantile",0.25,409,"COVID-19"
"DE-TH","00+",2022-03-23,2022-02-27,"-24 day ahead inc hosp","quantile",0.5,412,"COVID-19"
"DE-TH","00+",2022-03-23,2022-02-27,"-24 day ahead inc hosp","quantile",0.75,416,"COVID-19"
"DE-TH","00+",2022-03-23,2022-02-27,"-24 day ahead inc hosp","quantile",0.9,421,"COVID-19"
"DE-TH","00+",2022-03-23,2022-02-27,"-24 day ahead inc hosp","quantile",0.975,428,"COVID-19"
"DE-TH","00+",2022-03-23,2022-02-26,"-25 day ahead inc hosp","mean",NA,403,"COVID-19"
"DE-TH","00+",2022-03-23,2022-02-26,"-25 day ahead inc hosp","quantile",0.025,398,"COVID-19"
"DE-TH","00+",2022-03-23,2022-02-26,"-25 day ahead inc hosp","quantile",0.1,398,"COVID-19"
"DE-TH","00+",2022-03-23,2022-02-26,"-25 day ahead inc hosp","quantile",0.25,399,"COVID-19"
"DE-TH","00+",2022-03-23,2022-02-26,"-25 day ahead inc hosp","quantile",0.5,402,"COVID-19"
"DE-TH","00+",2022-03-23,2022-02-26,"-25 day ahead inc hosp","quantile",0.75,405,"COVID-19"
"DE-TH","00+",2022-03-23,2022-02-26,"-25 day ahead inc hosp","quantile",0.9,409,"COVID-19"
"DE-TH","00+",2022-03-23,2022-02-26,"-25 day ahead inc hosp","quantile",0.975,416,"COVID-19"
"DE-TH","00+",2022-03-23,2022-02-25,"-26 day ahead inc hosp","mean",NA,372,"COVID-19"
"DE-TH","00+",2022-03-23,2022-02-25,"-26 day ahead inc hosp","quantile",0.025,368,"COVID-19"
"DE-TH","00+",2022-03-23,2022-02-25,"-26 day ahead inc hosp","quantile",0.1,368,"COVID-19"
"DE-TH","00+",2022-03-23,2022-02-25,"-26 day ahead inc hosp","quantile",0.25,369,"COVID-19"
"DE-TH","00+",2022-03-23,2022-02-25,"-26 day ahead inc hosp","quantile",0.5,371,"COVID-19"
"DE-TH","00+",2022-03-23,2022-02-25,"-26 day ahead inc hosp","quantile",0.75,374,"COVID-19"
"DE-TH","00+",2022-03-23,2022-02-25,"-26 day ahead inc hosp","quantile",0.9,378,"COVID-19"
"DE-TH","00+",2022-03-23,2022-02-25,"-26 day ahead inc hosp","quantile",0.975,383,"COVID-19"
"DE-TH","00+",2022-03-23,2022-02-24,"-27 day ahead inc hosp","mean",NA,361,"COVID-19"
"DE-TH","00+",2022-03-23,2022-02-24,"-27 day ahead inc hosp","quantile",0.025,357,"COVID-19"
"DE-TH","00+",2022-03-23,2022-02-24,"-27 day ahead inc hosp","quantile",0.1,357,"COVID-19"
"DE-TH","00+",2022-03-23,2022-02-24,"-27 day ahead inc hosp","quantile",0.25,358,"COVID-19"
"DE-TH","00+",2022-03-23,2022-02-24,"-27 day ahead inc hosp","quantile",0.5,360,"COVID-19"
"DE-TH","00+",2022-03-23,2022-02-24,"-27 day ahead inc hosp","quantile",0.75,362,"COVID-19"
"DE-TH","00+",2022-03-23,2022-02-24,"-27 day ahead inc hosp","quantile",0.9,365,"COVID-19"
"DE-TH","00+",2022-03-23,2022-02-24,"-27 day ahead inc hosp","quantile",0.975,369,"COVID-19"
"DE-TH","00+",2022-03-23,2022-02-23,"-28 day ahead inc hosp","mean",NA,362,"COVID-19"
"DE-TH","00+",2022-03-23,2022-02-23,"-28 day ahead inc hosp","quantile",0.025,359,"COVID-19"
"DE-TH","00+",2022-03-23,2022-02-23,"-28 day ahead inc hosp","quantile",0.1,359,"COVID-19"
"DE-TH","00+",2022-03-23,2022-02-23,"-28 day ahead inc hosp","quantile",0.25,360,"COVID-19"
"DE-TH","00+",2022-03-23,2022-02-23,"-28 day ahead inc hosp","quantile",0.5,362,"COVID-19"
"DE-TH","00+",2022-03-23,2022-02-23,"-28 day ahead inc hosp","quantile",0.75,364,"COVID-19"
"DE-TH","00+",2022-03-23,2022-02-23,"-28 day ahead inc hosp","quantile",0.9,366,"COVID-19"
"DE-TH","00+",2022-03-23,2022-02-23,"-28 day ahead inc hosp","quantile",0.975,370,"COVID-19"
