"location","age_group","forecast_date","target_end_date","target","type","quantile","value","pathogen"
"DE","00+",2022-04-27,2022-04-27,"0 day ahead inc hosp","mean",NA,8590,"COVID-19"
"DE","00+",2022-04-27,2022-04-27,"0 day ahead inc hosp","quantile",0.025,6439,"COVID-19"
"DE","00+",2022-04-27,2022-04-27,"0 day ahead inc hosp","quantile",0.1,7019,"COVID-19"
"DE","00+",2022-04-27,2022-04-27,"0 day ahead inc hosp","quantile",0.25,7637,"COVID-19"
"DE","00+",2022-04-27,2022-04-27,"0 day ahead inc hosp","quantile",0.5,8444,"COVID-19"
"DE","00+",2022-04-27,2022-04-27,"0 day ahead inc hosp","quantile",0.75,9384,"COVID-19"
"DE","00+",2022-04-27,2022-04-27,"0 day ahead inc hosp","quantile",0.9,10350,"COVID-19"
"DE","00+",2022-04-27,2022-04-27,"0 day ahead inc hosp","quantile",0.975,11571,"COVID-19"
"DE","00+",2022-04-27,2022-04-26,"-1 day ahead inc hosp","mean",NA,9229,"COVID-19"
"DE","00+",2022-04-27,2022-04-26,"-1 day ahead inc hosp","quantile",0.025,7376,"COVID-19"
"DE","00+",2022-04-27,2022-04-26,"-1 day ahead inc hosp","quantile",0.1,7872,"COVID-19"
"DE","00+",2022-04-27,2022-04-26,"-1 day ahead inc hosp","quantile",0.25,8404,"COVID-19"
"DE","00+",2022-04-27,2022-04-26,"-1 day ahead inc hosp","quantile",0.5,9100,"COVID-19"
"DE","00+",2022-04-27,2022-04-26,"-1 day ahead inc hosp","quantile",0.75,9914,"COVID-19"
"DE","00+",2022-04-27,2022-04-26,"-1 day ahead inc hosp","quantile",0.9,10753,"COVID-19"
"DE","00+",2022-04-27,2022-04-26,"-1 day ahead inc hosp","quantile",0.975,11815,"COVID-19"
"DE","00+",2022-04-27,2022-04-25,"-2 day ahead inc hosp","mean",NA,7775,"COVID-19"
"DE","00+",2022-04-27,2022-04-25,"-2 day ahead inc hosp","quantile",0.025,6500,"COVID-19"
"DE","00+",2022-04-27,2022-04-25,"-2 day ahead inc hosp","quantile",0.1,6843,"COVID-19"
"DE","00+",2022-04-27,2022-04-25,"-2 day ahead inc hosp","quantile",0.25,7210,"COVID-19"
"DE","00+",2022-04-27,2022-04-25,"-2 day ahead inc hosp","quantile",0.5,7688,"COVID-19"
"DE","00+",2022-04-27,2022-04-25,"-2 day ahead inc hosp","quantile",0.75,8246,"COVID-19"
"DE","00+",2022-04-27,2022-04-25,"-2 day ahead inc hosp","quantile",0.9,8820,"COVID-19"
"DE","00+",2022-04-27,2022-04-25,"-2 day ahead inc hosp","quantile",0.975,9546,"COVID-19"
"DE","00+",2022-04-27,2022-04-24,"-3 day ahead inc hosp","mean",NA,7684,"COVID-19"
"DE","00+",2022-04-27,2022-04-24,"-3 day ahead inc hosp","quantile",0.025,6524,"COVID-19"
"DE","00+",2022-04-27,2022-04-24,"-3 day ahead inc hosp","quantile",0.1,6840,"COVID-19"
"DE","00+",2022-04-27,2022-04-24,"-3 day ahead inc hosp","quantile",0.25,7175,"COVID-19"
"DE","00+",2022-04-27,2022-04-24,"-3 day ahead inc hosp","quantile",0.5,7608,"COVID-19"
"DE","00+",2022-04-27,2022-04-24,"-3 day ahead inc hosp","quantile",0.75,8111,"COVID-19"
"DE","00+",2022-04-27,2022-04-24,"-3 day ahead inc hosp","quantile",0.9,8625,"COVID-19"
"DE","00+",2022-04-27,2022-04-24,"-3 day ahead inc hosp","quantile",0.975,9273,"COVID-19"
"DE","00+",2022-04-27,2022-04-23,"-4 day ahead inc hosp","mean",NA,7665,"COVID-19"
"DE","00+",2022-04-27,2022-04-23,"-4 day ahead inc hosp","quantile",0.025,6585,"COVID-19"
"DE","00+",2022-04-27,2022-04-23,"-4 day ahead inc hosp","quantile",0.1,6881,"COVID-19"
"DE","00+",2022-04-27,2022-04-23,"-4 day ahead inc hosp","quantile",0.25,7194,"COVID-19"
"DE","00+",2022-04-27,2022-04-23,"-4 day ahead inc hosp","quantile",0.5,7597,"COVID-19"
"DE","00+",2022-04-27,2022-04-23,"-4 day ahead inc hosp","quantile",0.75,8062,"COVID-19"
"DE","00+",2022-04-27,2022-04-23,"-4 day ahead inc hosp","quantile",0.9,8538,"COVID-19"
"DE","00+",2022-04-27,2022-04-23,"-4 day ahead inc hosp","quantile",0.975,9134,"COVID-19"
"DE","00+",2022-04-27,2022-04-22,"-5 day ahead inc hosp","mean",NA,6927,"COVID-19"
"DE","00+",2022-04-27,2022-04-22,"-5 day ahead inc hosp","quantile",0.025,6031,"COVID-19"
"DE","00+",2022-04-27,2022-04-22,"-5 day ahead inc hosp","quantile",0.1,6277,"COVID-19"
"DE","00+",2022-04-27,2022-04-22,"-5 day ahead inc hosp","quantile",0.25,6537,"COVID-19"
"DE","00+",2022-04-27,2022-04-22,"-5 day ahead inc hosp","quantile",0.5,6871,"COVID-19"
"DE","00+",2022-04-27,2022-04-22,"-5 day ahead inc hosp","quantile",0.75,7257,"COVID-19"
"DE","00+",2022-04-27,2022-04-22,"-5 day ahead inc hosp","quantile",0.9,7651,"COVID-19"
"DE","00+",2022-04-27,2022-04-22,"-5 day ahead inc hosp","quantile",0.975,8145,"COVID-19"
"DE","00+",2022-04-27,2022-04-21,"-6 day ahead inc hosp","mean",NA,6899,"COVID-19"
"DE","00+",2022-04-27,2022-04-21,"-6 day ahead inc hosp","quantile",0.025,6113,"COVID-19"
"DE","00+",2022-04-27,2022-04-21,"-6 day ahead inc hosp","quantile",0.1,6328,"COVID-19"
"DE","00+",2022-04-27,2022-04-21,"-6 day ahead inc hosp","quantile",0.25,6555,"COVID-19"
"DE","00+",2022-04-27,2022-04-21,"-6 day ahead inc hosp","quantile",0.5,6849,"COVID-19"
"DE","00+",2022-04-27,2022-04-21,"-6 day ahead inc hosp","quantile",0.75,7189,"COVID-19"
"DE","00+",2022-04-27,2022-04-21,"-6 day ahead inc hosp","quantile",0.9,7536,"COVID-19"
"DE","00+",2022-04-27,2022-04-21,"-6 day ahead inc hosp","quantile",0.975,7972,"COVID-19"
"DE","00+",2022-04-27,2022-04-20,"-7 day ahead inc hosp","mean",NA,6634,"COVID-19"
"DE","00+",2022-04-27,2022-04-20,"-7 day ahead inc hosp","quantile",0.025,5972,"COVID-19"
"DE","00+",2022-04-27,2022-04-20,"-7 day ahead inc hosp","quantile",0.1,6152,"COVID-19"
"DE","00+",2022-04-27,2022-04-20,"-7 day ahead inc hosp","quantile",0.25,6343,"COVID-19"
"DE","00+",2022-04-27,2022-04-20,"-7 day ahead inc hosp","quantile",0.5,6590,"COVID-19"
"DE","00+",2022-04-27,2022-04-20,"-7 day ahead inc hosp","quantile",0.75,6878,"COVID-19"
"DE","00+",2022-04-27,2022-04-20,"-7 day ahead inc hosp","quantile",0.9,7173,"COVID-19"
"DE","00+",2022-04-27,2022-04-20,"-7 day ahead inc hosp","quantile",0.975,7544,"COVID-19"
"DE","00+",2022-04-27,2022-04-19,"-8 day ahead inc hosp","mean",NA,6220,"COVID-19"
"DE","00+",2022-04-27,2022-04-19,"-8 day ahead inc hosp","quantile",0.025,5702,"COVID-19"
"DE","00+",2022-04-27,2022-04-19,"-8 day ahead inc hosp","quantile",0.1,5841,"COVID-19"
"DE","00+",2022-04-27,2022-04-19,"-8 day ahead inc hosp","quantile",0.25,5990,"COVID-19"
"DE","00+",2022-04-27,2022-04-19,"-8 day ahead inc hosp","quantile",0.5,6185,"COVID-19"
"DE","00+",2022-04-27,2022-04-19,"-8 day ahead inc hosp","quantile",0.75,6412,"COVID-19"
"DE","00+",2022-04-27,2022-04-19,"-8 day ahead inc hosp","quantile",0.9,6646,"COVID-19"
"DE","00+",2022-04-27,2022-04-19,"-8 day ahead inc hosp","quantile",0.975,6941,"COVID-19"
"DE","00+",2022-04-27,2022-04-18,"-9 day ahead inc hosp","mean",NA,7455,"COVID-19"
"DE","00+",2022-04-27,2022-04-18,"-9 day ahead inc hosp","quantile",0.025,6874,"COVID-19"
"DE","00+",2022-04-27,2022-04-18,"-9 day ahead inc hosp","quantile",0.1,7028,"COVID-19"
"DE","00+",2022-04-27,2022-04-18,"-9 day ahead inc hosp","quantile",0.25,7194,"COVID-19"
"DE","00+",2022-04-27,2022-04-18,"-9 day ahead inc hosp","quantile",0.5,7413,"COVID-19"
"DE","00+",2022-04-27,2022-04-18,"-9 day ahead inc hosp","quantile",0.75,7670,"COVID-19"
"DE","00+",2022-04-27,2022-04-18,"-9 day ahead inc hosp","quantile",0.9,7936,"COVID-19"
"DE","00+",2022-04-27,2022-04-18,"-9 day ahead inc hosp","quantile",0.975,8274,"COVID-19"
"DE","00+",2022-04-27,2022-04-17,"-10 day ahead inc hosp","mean",NA,7603,"COVID-19"
"DE","00+",2022-04-27,2022-04-17,"-10 day ahead inc hosp","quantile",0.025,7017,"COVID-19"
"DE","00+",2022-04-27,2022-04-17,"-10 day ahead inc hosp","quantile",0.1,7171,"COVID-19"
"DE","00+",2022-04-27,2022-04-17,"-10 day ahead inc hosp","quantile",0.25,7338,"COVID-19"
"DE","00+",2022-04-27,2022-04-17,"-10 day ahead inc hosp","quantile",0.5,7559,"COVID-19"
"DE","00+",2022-04-27,2022-04-17,"-10 day ahead inc hosp","quantile",0.75,7820,"COVID-19"
"DE","00+",2022-04-27,2022-04-17,"-10 day ahead inc hosp","quantile",0.9,8092,"COVID-19"
"DE","00+",2022-04-27,2022-04-17,"-10 day ahead inc hosp","quantile",0.975,8439,"COVID-19"
"DE","00+",2022-04-27,2022-04-16,"-11 day ahead inc hosp","mean",NA,7763,"COVID-19"
"DE","00+",2022-04-27,2022-04-16,"-11 day ahead inc hosp","quantile",0.025,7180,"COVID-19"
"DE","00+",2022-04-27,2022-04-16,"-11 day ahead inc hosp","quantile",0.1,7331,"COVID-19"
"DE","00+",2022-04-27,2022-04-16,"-11 day ahead inc hosp","quantile",0.25,7497,"COVID-19"
"DE","00+",2022-04-27,2022-04-16,"-11 day ahead inc hosp","quantile",0.5,7718,"COVID-19"
"DE","00+",2022-04-27,2022-04-16,"-11 day ahead inc hosp","quantile",0.75,7980,"COVID-19"
"DE","00+",2022-04-27,2022-04-16,"-11 day ahead inc hosp","quantile",0.9,8253,"COVID-19"
"DE","00+",2022-04-27,2022-04-16,"-11 day ahead inc hosp","quantile",0.975,8603,"COVID-19"
"DE","00+",2022-04-27,2022-04-15,"-12 day ahead inc hosp","mean",NA,8629,"COVID-19"
"DE","00+",2022-04-27,2022-04-15,"-12 day ahead inc hosp","quantile",0.025,8007,"COVID-19"
"DE","00+",2022-04-27,2022-04-15,"-12 day ahead inc hosp","quantile",0.1,8167,"COVID-19"
"DE","00+",2022-04-27,2022-04-15,"-12 day ahead inc hosp","quantile",0.25,8344,"COVID-19"
"DE","00+",2022-04-27,2022-04-15,"-12 day ahead inc hosp","quantile",0.5,8580,"COVID-19"
"DE","00+",2022-04-27,2022-04-15,"-12 day ahead inc hosp","quantile",0.75,8861,"COVID-19"
"DE","00+",2022-04-27,2022-04-15,"-12 day ahead inc hosp","quantile",0.9,9156,"COVID-19"
"DE","00+",2022-04-27,2022-04-15,"-12 day ahead inc hosp","quantile",0.975,9533,"COVID-19"
"DE","00+",2022-04-27,2022-04-14,"-13 day ahead inc hosp","mean",NA,8713,"COVID-19"
"DE","00+",2022-04-27,2022-04-14,"-13 day ahead inc hosp","quantile",0.025,8130,"COVID-19"
"DE","00+",2022-04-27,2022-04-14,"-13 day ahead inc hosp","quantile",0.1,8278,"COVID-19"
"DE","00+",2022-04-27,2022-04-14,"-13 day ahead inc hosp","quantile",0.25,8443,"COVID-19"
"DE","00+",2022-04-27,2022-04-14,"-13 day ahead inc hosp","quantile",0.5,8666,"COVID-19"
"DE","00+",2022-04-27,2022-04-14,"-13 day ahead inc hosp","quantile",0.75,8931,"COVID-19"
"DE","00+",2022-04-27,2022-04-14,"-13 day ahead inc hosp","quantile",0.9,9210,"COVID-19"
"DE","00+",2022-04-27,2022-04-14,"-13 day ahead inc hosp","quantile",0.975,9569,"COVID-19"
"DE","00+",2022-04-27,2022-04-13,"-14 day ahead inc hosp","mean",NA,9027,"COVID-19"
"DE","00+",2022-04-27,2022-04-13,"-14 day ahead inc hosp","quantile",0.025,8465,"COVID-19"
"DE","00+",2022-04-27,2022-04-13,"-14 day ahead inc hosp","quantile",0.1,8607,"COVID-19"
"DE","00+",2022-04-27,2022-04-13,"-14 day ahead inc hosp","quantile",0.25,8765,"COVID-19"
"DE","00+",2022-04-27,2022-04-13,"-14 day ahead inc hosp","quantile",0.5,8979,"COVID-19"
"DE","00+",2022-04-27,2022-04-13,"-14 day ahead inc hosp","quantile",0.75,9237,"COVID-19"
"DE","00+",2022-04-27,2022-04-13,"-14 day ahead inc hosp","quantile",0.9,9508,"COVID-19"
"DE","00+",2022-04-27,2022-04-13,"-14 day ahead inc hosp","quantile",0.975,9858,"COVID-19"
"DE","00+",2022-04-27,2022-04-12,"-15 day ahead inc hosp","mean",NA,9158,"COVID-19"
"DE","00+",2022-04-27,2022-04-12,"-15 day ahead inc hosp","quantile",0.025,8634,"COVID-19"
"DE","00+",2022-04-27,2022-04-12,"-15 day ahead inc hosp","quantile",0.1,8764,"COVID-19"
"DE","00+",2022-04-27,2022-04-12,"-15 day ahead inc hosp","quantile",0.25,8911,"COVID-19"
"DE","00+",2022-04-27,2022-04-12,"-15 day ahead inc hosp","quantile",0.5,9112,"COVID-19"
"DE","00+",2022-04-27,2022-04-12,"-15 day ahead inc hosp","quantile",0.75,9354,"COVID-19"
"DE","00+",2022-04-27,2022-04-12,"-15 day ahead inc hosp","quantile",0.9,9611,"COVID-19"
"DE","00+",2022-04-27,2022-04-12,"-15 day ahead inc hosp","quantile",0.975,9943,"COVID-19"
"DE","00+",2022-04-27,2022-04-11,"-16 day ahead inc hosp","mean",NA,9164,"COVID-19"
"DE","00+",2022-04-27,2022-04-11,"-16 day ahead inc hosp","quantile",0.025,8681,"COVID-19"
"DE","00+",2022-04-27,2022-04-11,"-16 day ahead inc hosp","quantile",0.1,8800,"COVID-19"
"DE","00+",2022-04-27,2022-04-11,"-16 day ahead inc hosp","quantile",0.25,8935,"COVID-19"
"DE","00+",2022-04-27,2022-04-11,"-16 day ahead inc hosp","quantile",0.5,9120,"COVID-19"
"DE","00+",2022-04-27,2022-04-11,"-16 day ahead inc hosp","quantile",0.75,9346,"COVID-19"
"DE","00+",2022-04-27,2022-04-11,"-16 day ahead inc hosp","quantile",0.9,9586,"COVID-19"
"DE","00+",2022-04-27,2022-04-11,"-16 day ahead inc hosp","quantile",0.975,9898,"COVID-19"
"DE","00+",2022-04-27,2022-04-10,"-17 day ahead inc hosp","mean",NA,9146,"COVID-19"
"DE","00+",2022-04-27,2022-04-10,"-17 day ahead inc hosp","quantile",0.025,8667,"COVID-19"
"DE","00+",2022-04-27,2022-04-10,"-17 day ahead inc hosp","quantile",0.1,8782,"COVID-19"
"DE","00+",2022-04-27,2022-04-10,"-17 day ahead inc hosp","quantile",0.25,8916,"COVID-19"
"DE","00+",2022-04-27,2022-04-10,"-17 day ahead inc hosp","quantile",0.5,9100,"COVID-19"
"DE","00+",2022-04-27,2022-04-10,"-17 day ahead inc hosp","quantile",0.75,9327,"COVID-19"
"DE","00+",2022-04-27,2022-04-10,"-17 day ahead inc hosp","quantile",0.9,9570,"COVID-19"
"DE","00+",2022-04-27,2022-04-10,"-17 day ahead inc hosp","quantile",0.975,9886,"COVID-19"
"DE","00+",2022-04-27,2022-04-09,"-18 day ahead inc hosp","mean",NA,9215,"COVID-19"
"DE","00+",2022-04-27,2022-04-09,"-18 day ahead inc hosp","quantile",0.025,8738,"COVID-19"
"DE","00+",2022-04-27,2022-04-09,"-18 day ahead inc hosp","quantile",0.1,8851,"COVID-19"
"DE","00+",2022-04-27,2022-04-09,"-18 day ahead inc hosp","quantile",0.25,8983,"COVID-19"
"DE","00+",2022-04-27,2022-04-09,"-18 day ahead inc hosp","quantile",0.5,9167,"COVID-19"
"DE","00+",2022-04-27,2022-04-09,"-18 day ahead inc hosp","quantile",0.75,9395,"COVID-19"
"DE","00+",2022-04-27,2022-04-09,"-18 day ahead inc hosp","quantile",0.9,9639,"COVID-19"
"DE","00+",2022-04-27,2022-04-09,"-18 day ahead inc hosp","quantile",0.975,9960,"COVID-19"
"DE","00+",2022-04-27,2022-04-08,"-19 day ahead inc hosp","mean",NA,9246,"COVID-19"
"DE","00+",2022-04-27,2022-04-08,"-19 day ahead inc hosp","quantile",0.025,8794,"COVID-19"
"DE","00+",2022-04-27,2022-04-08,"-19 day ahead inc hosp","quantile",0.1,8899,"COVID-19"
"DE","00+",2022-04-27,2022-04-08,"-19 day ahead inc hosp","quantile",0.25,9024,"COVID-19"
"DE","00+",2022-04-27,2022-04-08,"-19 day ahead inc hosp","quantile",0.5,9199,"COVID-19"
"DE","00+",2022-04-27,2022-04-08,"-19 day ahead inc hosp","quantile",0.75,9418,"COVID-19"
"DE","00+",2022-04-27,2022-04-08,"-19 day ahead inc hosp","quantile",0.9,9655,"COVID-19"
"DE","00+",2022-04-27,2022-04-08,"-19 day ahead inc hosp","quantile",0.975,9966,"COVID-19"
"DE","00+",2022-04-27,2022-04-07,"-20 day ahead inc hosp","mean",NA,9513,"COVID-19"
"DE","00+",2022-04-27,2022-04-07,"-20 day ahead inc hosp","quantile",0.025,9079,"COVID-19"
"DE","00+",2022-04-27,2022-04-07,"-20 day ahead inc hosp","quantile",0.1,9178,"COVID-19"
"DE","00+",2022-04-27,2022-04-07,"-20 day ahead inc hosp","quantile",0.25,9297,"COVID-19"
"DE","00+",2022-04-27,2022-04-07,"-20 day ahead inc hosp","quantile",0.5,9466,"COVID-19"
"DE","00+",2022-04-27,2022-04-07,"-20 day ahead inc hosp","quantile",0.75,9678,"COVID-19"
"DE","00+",2022-04-27,2022-04-07,"-20 day ahead inc hosp","quantile",0.9,9909,"COVID-19"
"DE","00+",2022-04-27,2022-04-07,"-20 day ahead inc hosp","quantile",0.975,10215,"COVID-19"
"DE","00+",2022-04-27,2022-04-06,"-21 day ahead inc hosp","mean",NA,9651,"COVID-19"
"DE","00+",2022-04-27,2022-04-06,"-21 day ahead inc hosp","quantile",0.025,9247,"COVID-19"
"DE","00+",2022-04-27,2022-04-06,"-21 day ahead inc hosp","quantile",0.1,9338,"COVID-19"
"DE","00+",2022-04-27,2022-04-06,"-21 day ahead inc hosp","quantile",0.25,9447,"COVID-19"
"DE","00+",2022-04-27,2022-04-06,"-21 day ahead inc hosp","quantile",0.5,9605,"COVID-19"
"DE","00+",2022-04-27,2022-04-06,"-21 day ahead inc hosp","quantile",0.75,9805,"COVID-19"
"DE","00+",2022-04-27,2022-04-06,"-21 day ahead inc hosp","quantile",0.9,10024,"COVID-19"
"DE","00+",2022-04-27,2022-04-06,"-21 day ahead inc hosp","quantile",0.975,10314,"COVID-19"
"DE","00+",2022-04-27,2022-04-05,"-22 day ahead inc hosp","mean",NA,9982,"COVID-19"
"DE","00+",2022-04-27,2022-04-05,"-22 day ahead inc hosp","quantile",0.025,9603,"COVID-19"
"DE","00+",2022-04-27,2022-04-05,"-22 day ahead inc hosp","quantile",0.1,9687,"COVID-19"
"DE","00+",2022-04-27,2022-04-05,"-22 day ahead inc hosp","quantile",0.25,9789,"COVID-19"
"DE","00+",2022-04-27,2022-04-05,"-22 day ahead inc hosp","quantile",0.5,9938,"COVID-19"
"DE","00+",2022-04-27,2022-04-05,"-22 day ahead inc hosp","quantile",0.75,10126,"COVID-19"
"DE","00+",2022-04-27,2022-04-05,"-22 day ahead inc hosp","quantile",0.9,10334,"COVID-19"
"DE","00+",2022-04-27,2022-04-05,"-22 day ahead inc hosp","quantile",0.975,10611,"COVID-19"
"DE","00+",2022-04-27,2022-04-04,"-23 day ahead inc hosp","mean",NA,10226,"COVID-19"
"DE","00+",2022-04-27,2022-04-04,"-23 day ahead inc hosp","quantile",0.025,9876,"COVID-19"
"DE","00+",2022-04-27,2022-04-04,"-23 day ahead inc hosp","quantile",0.1,9952,"COVID-19"
"DE","00+",2022-04-27,2022-04-04,"-23 day ahead inc hosp","quantile",0.25,10046,"COVID-19"
"DE","00+",2022-04-27,2022-04-04,"-23 day ahead inc hosp","quantile",0.5,10184,"COVID-19"
"DE","00+",2022-04-27,2022-04-04,"-23 day ahead inc hosp","quantile",0.75,10359,"COVID-19"
"DE","00+",2022-04-27,2022-04-04,"-23 day ahead inc hosp","quantile",0.9,10553,"COVID-19"
"DE","00+",2022-04-27,2022-04-04,"-23 day ahead inc hosp","quantile",0.975,10812,"COVID-19"
"DE","00+",2022-04-27,2022-04-03,"-24 day ahead inc hosp","mean",NA,10397,"COVID-19"
"DE","00+",2022-04-27,2022-04-03,"-24 day ahead inc hosp","quantile",0.025,10050,"COVID-19"
"DE","00+",2022-04-27,2022-04-03,"-24 day ahead inc hosp","quantile",0.1,10125,"COVID-19"
"DE","00+",2022-04-27,2022-04-03,"-24 day ahead inc hosp","quantile",0.25,10218,"COVID-19"
"DE","00+",2022-04-27,2022-04-03,"-24 day ahead inc hosp","quantile",0.5,10354,"COVID-19"
"DE","00+",2022-04-27,2022-04-03,"-24 day ahead inc hosp","quantile",0.75,10530,"COVID-19"
"DE","00+",2022-04-27,2022-04-03,"-24 day ahead inc hosp","quantile",0.9,10724,"COVID-19"
"DE","00+",2022-04-27,2022-04-03,"-24 day ahead inc hosp","quantile",0.975,10984,"COVID-19"
"DE","00+",2022-04-27,2022-04-02,"-25 day ahead inc hosp","mean",NA,10606,"COVID-19"
"DE","00+",2022-04-27,2022-04-02,"-25 day ahead inc hosp","quantile",0.025,10264,"COVID-19"
"DE","00+",2022-04-27,2022-04-02,"-25 day ahead inc hosp","quantile",0.1,10337,"COVID-19"
"DE","00+",2022-04-27,2022-04-02,"-25 day ahead inc hosp","quantile",0.25,10428,"COVID-19"
"DE","00+",2022-04-27,2022-04-02,"-25 day ahead inc hosp","quantile",0.5,10563,"COVID-19"
"DE","00+",2022-04-27,2022-04-02,"-25 day ahead inc hosp","quantile",0.75,10738,"COVID-19"
"DE","00+",2022-04-27,2022-04-02,"-25 day ahead inc hosp","quantile",0.9,10931,"COVID-19"
"DE","00+",2022-04-27,2022-04-02,"-25 day ahead inc hosp","quantile",0.975,11192,"COVID-19"
"DE","00+",2022-04-27,2022-04-01,"-26 day ahead inc hosp","mean",NA,10979,"COVID-19"
"DE","00+",2022-04-27,2022-04-01,"-26 day ahead inc hosp","quantile",0.025,10650,"COVID-19"
"DE","00+",2022-04-27,2022-04-01,"-26 day ahead inc hosp","quantile",0.1,10720,"COVID-19"
"DE","00+",2022-04-27,2022-04-01,"-26 day ahead inc hosp","quantile",0.25,10807,"COVID-19"
"DE","00+",2022-04-27,2022-04-01,"-26 day ahead inc hosp","quantile",0.5,10937,"COVID-19"
"DE","00+",2022-04-27,2022-04-01,"-26 day ahead inc hosp","quantile",0.75,11106,"COVID-19"
"DE","00+",2022-04-27,2022-04-01,"-26 day ahead inc hosp","quantile",0.9,11294,"COVID-19"
"DE","00+",2022-04-27,2022-04-01,"-26 day ahead inc hosp","quantile",0.975,11547,"COVID-19"
"DE","00+",2022-04-27,2022-03-31,"-27 day ahead inc hosp","mean",NA,11126,"COVID-19"
"DE","00+",2022-04-27,2022-03-31,"-27 day ahead inc hosp","quantile",0.025,10821,"COVID-19"
"DE","00+",2022-04-27,2022-03-31,"-27 day ahead inc hosp","quantile",0.1,10885,"COVID-19"
"DE","00+",2022-04-27,2022-03-31,"-27 day ahead inc hosp","quantile",0.25,10966,"COVID-19"
"DE","00+",2022-04-27,2022-03-31,"-27 day ahead inc hosp","quantile",0.5,11086,"COVID-19"
"DE","00+",2022-04-27,2022-03-31,"-27 day ahead inc hosp","quantile",0.75,11244,"COVID-19"
"DE","00+",2022-04-27,2022-03-31,"-27 day ahead inc hosp","quantile",0.9,11420,"COVID-19"
"DE","00+",2022-04-27,2022-03-31,"-27 day ahead inc hosp","quantile",0.975,11657,"COVID-19"
"DE","00+",2022-04-27,2022-03-30,"-28 day ahead inc hosp","mean",NA,11330,"COVID-19"
"DE","00+",2022-04-27,2022-03-30,"-28 day ahead inc hosp","quantile",0.025,11048,"COVID-19"
"DE","00+",2022-04-27,2022-03-30,"-28 day ahead inc hosp","quantile",0.1,11106,"COVID-19"
"DE","00+",2022-04-27,2022-03-30,"-28 day ahead inc hosp","quantile",0.25,11180,"COVID-19"
"DE","00+",2022-04-27,2022-03-30,"-28 day ahead inc hosp","quantile",0.5,11292,"COVID-19"
"DE","00+",2022-04-27,2022-03-30,"-28 day ahead inc hosp","quantile",0.75,11438,"COVID-19"
"DE","00+",2022-04-27,2022-03-30,"-28 day ahead inc hosp","quantile",0.9,11602,"COVID-19"
"DE","00+",2022-04-27,2022-03-30,"-28 day ahead inc hosp","quantile",0.975,11823,"COVID-19"
"DE","00-04",2022-04-27,2022-04-27,"0 day ahead inc hosp","mean",NA,257,"COVID-19"
"DE","00-04",2022-04-27,2022-04-27,"0 day ahead inc hosp","quantile",0.025,199,"COVID-19"
"DE","00-04",2022-04-27,2022-04-27,"0 day ahead inc hosp","quantile",0.1,213,"COVID-19"
"DE","00-04",2022-04-27,2022-04-27,"0 day ahead inc hosp","quantile",0.25,230,"COVID-19"
"DE","00-04",2022-04-27,2022-04-27,"0 day ahead inc hosp","quantile",0.5,252,"COVID-19"
"DE","00-04",2022-04-27,2022-04-27,"0 day ahead inc hosp","quantile",0.75,278,"COVID-19"
"DE","00-04",2022-04-27,2022-04-27,"0 day ahead inc hosp","quantile",0.9,306,"COVID-19"
"DE","00-04",2022-04-27,2022-04-27,"0 day ahead inc hosp","quantile",0.975,342,"COVID-19"
"DE","00-04",2022-04-27,2022-04-26,"-1 day ahead inc hosp","mean",NA,299,"COVID-19"
"DE","00-04",2022-04-27,2022-04-26,"-1 day ahead inc hosp","quantile",0.025,244,"COVID-19"
"DE","00-04",2022-04-27,2022-04-26,"-1 day ahead inc hosp","quantile",0.1,258,"COVID-19"
"DE","00-04",2022-04-27,2022-04-26,"-1 day ahead inc hosp","quantile",0.25,273,"COVID-19"
"DE","00-04",2022-04-27,2022-04-26,"-1 day ahead inc hosp","quantile",0.5,294,"COVID-19"
"DE","00-04",2022-04-27,2022-04-26,"-1 day ahead inc hosp","quantile",0.75,320,"COVID-19"
"DE","00-04",2022-04-27,2022-04-26,"-1 day ahead inc hosp","quantile",0.9,348,"COVID-19"
"DE","00-04",2022-04-27,2022-04-26,"-1 day ahead inc hosp","quantile",0.975,384,"COVID-19"
"DE","00-04",2022-04-27,2022-04-25,"-2 day ahead inc hosp","mean",NA,250,"COVID-19"
"DE","00-04",2022-04-27,2022-04-25,"-2 day ahead inc hosp","quantile",0.025,213,"COVID-19"
"DE","00-04",2022-04-27,2022-04-25,"-2 day ahead inc hosp","quantile",0.1,222,"COVID-19"
"DE","00-04",2022-04-27,2022-04-25,"-2 day ahead inc hosp","quantile",0.25,232,"COVID-19"
"DE","00-04",2022-04-27,2022-04-25,"-2 day ahead inc hosp","quantile",0.5,246,"COVID-19"
"DE","00-04",2022-04-27,2022-04-25,"-2 day ahead inc hosp","quantile",0.75,263,"COVID-19"
"DE","00-04",2022-04-27,2022-04-25,"-2 day ahead inc hosp","quantile",0.9,282,"COVID-19"
"DE","00-04",2022-04-27,2022-04-25,"-2 day ahead inc hosp","quantile",0.975,306,"COVID-19"
"DE","00-04",2022-04-27,2022-04-24,"-3 day ahead inc hosp","mean",NA,247,"COVID-19"
"DE","00-04",2022-04-27,2022-04-24,"-3 day ahead inc hosp","quantile",0.025,213,"COVID-19"
"DE","00-04",2022-04-27,2022-04-24,"-3 day ahead inc hosp","quantile",0.1,221,"COVID-19"
"DE","00-04",2022-04-27,2022-04-24,"-3 day ahead inc hosp","quantile",0.25,230,"COVID-19"
"DE","00-04",2022-04-27,2022-04-24,"-3 day ahead inc hosp","quantile",0.5,243,"COVID-19"
"DE","00-04",2022-04-27,2022-04-24,"-3 day ahead inc hosp","quantile",0.75,259,"COVID-19"
"DE","00-04",2022-04-27,2022-04-24,"-3 day ahead inc hosp","quantile",0.9,277,"COVID-19"
"DE","00-04",2022-04-27,2022-04-24,"-3 day ahead inc hosp","quantile",0.975,300,"COVID-19"
"DE","00-04",2022-04-27,2022-04-23,"-4 day ahead inc hosp","mean",NA,238,"COVID-19"
"DE","00-04",2022-04-27,2022-04-23,"-4 day ahead inc hosp","quantile",0.025,209,"COVID-19"
"DE","00-04",2022-04-27,2022-04-23,"-4 day ahead inc hosp","quantile",0.1,215,"COVID-19"
"DE","00-04",2022-04-27,2022-04-23,"-4 day ahead inc hosp","quantile",0.25,223,"COVID-19"
"DE","00-04",2022-04-27,2022-04-23,"-4 day ahead inc hosp","quantile",0.5,235,"COVID-19"
"DE","00-04",2022-04-27,2022-04-23,"-4 day ahead inc hosp","quantile",0.75,249,"COVID-19"
"DE","00-04",2022-04-27,2022-04-23,"-4 day ahead inc hosp","quantile",0.9,265,"COVID-19"
"DE","00-04",2022-04-27,2022-04-23,"-4 day ahead inc hosp","quantile",0.975,286,"COVID-19"
"DE","00-04",2022-04-27,2022-04-22,"-5 day ahead inc hosp","mean",NA,217,"COVID-19"
"DE","00-04",2022-04-27,2022-04-22,"-5 day ahead inc hosp","quantile",0.025,192,"COVID-19"
"DE","00-04",2022-04-27,2022-04-22,"-5 day ahead inc hosp","quantile",0.1,198,"COVID-19"
"DE","00-04",2022-04-27,2022-04-22,"-5 day ahead inc hosp","quantile",0.25,204,"COVID-19"
"DE","00-04",2022-04-27,2022-04-22,"-5 day ahead inc hosp","quantile",0.5,214,"COVID-19"
"DE","00-04",2022-04-27,2022-04-22,"-5 day ahead inc hosp","quantile",0.75,226,"COVID-19"
"DE","00-04",2022-04-27,2022-04-22,"-5 day ahead inc hosp","quantile",0.9,239,"COVID-19"
"DE","00-04",2022-04-27,2022-04-22,"-5 day ahead inc hosp","quantile",0.975,257,"COVID-19"
"DE","00-04",2022-04-27,2022-04-21,"-6 day ahead inc hosp","mean",NA,218,"COVID-19"
"DE","00-04",2022-04-27,2022-04-21,"-6 day ahead inc hosp","quantile",0.025,196,"COVID-19"
"DE","00-04",2022-04-27,2022-04-21,"-6 day ahead inc hosp","quantile",0.1,201,"COVID-19"
"DE","00-04",2022-04-27,2022-04-21,"-6 day ahead inc hosp","quantile",0.25,207,"COVID-19"
"DE","00-04",2022-04-27,2022-04-21,"-6 day ahead inc hosp","quantile",0.5,215,"COVID-19"
"DE","00-04",2022-04-27,2022-04-21,"-6 day ahead inc hosp","quantile",0.75,226,"COVID-19"
"DE","00-04",2022-04-27,2022-04-21,"-6 day ahead inc hosp","quantile",0.9,238,"COVID-19"
"DE","00-04",2022-04-27,2022-04-21,"-6 day ahead inc hosp","quantile",0.975,254,"COVID-19"
"DE","00-04",2022-04-27,2022-04-20,"-7 day ahead inc hosp","mean",NA,223,"COVID-19"
"DE","00-04",2022-04-27,2022-04-20,"-7 day ahead inc hosp","quantile",0.025,204,"COVID-19"
"DE","00-04",2022-04-27,2022-04-20,"-7 day ahead inc hosp","quantile",0.1,208,"COVID-19"
"DE","00-04",2022-04-27,2022-04-20,"-7 day ahead inc hosp","quantile",0.25,213,"COVID-19"
"DE","00-04",2022-04-27,2022-04-20,"-7 day ahead inc hosp","quantile",0.5,221,"COVID-19"
"DE","00-04",2022-04-27,2022-04-20,"-7 day ahead inc hosp","quantile",0.75,231,"COVID-19"
"DE","00-04",2022-04-27,2022-04-20,"-7 day ahead inc hosp","quantile",0.9,242,"COVID-19"
"DE","00-04",2022-04-27,2022-04-20,"-7 day ahead inc hosp","quantile",0.975,256,"COVID-19"
"DE","00-04",2022-04-27,2022-04-19,"-8 day ahead inc hosp","mean",NA,201,"COVID-19"
"DE","00-04",2022-04-27,2022-04-19,"-8 day ahead inc hosp","quantile",0.025,186,"COVID-19"
"DE","00-04",2022-04-27,2022-04-19,"-8 day ahead inc hosp","quantile",0.1,189,"COVID-19"
"DE","00-04",2022-04-27,2022-04-19,"-8 day ahead inc hosp","quantile",0.25,193,"COVID-19"
"DE","00-04",2022-04-27,2022-04-19,"-8 day ahead inc hosp","quantile",0.5,199,"COVID-19"
"DE","00-04",2022-04-27,2022-04-19,"-8 day ahead inc hosp","quantile",0.75,206,"COVID-19"
"DE","00-04",2022-04-27,2022-04-19,"-8 day ahead inc hosp","quantile",0.9,214,"COVID-19"
"DE","00-04",2022-04-27,2022-04-19,"-8 day ahead inc hosp","quantile",0.975,225,"COVID-19"
"DE","00-04",2022-04-27,2022-04-18,"-9 day ahead inc hosp","mean",NA,267,"COVID-19"
"DE","00-04",2022-04-27,2022-04-18,"-9 day ahead inc hosp","quantile",0.025,250,"COVID-19"
"DE","00-04",2022-04-27,2022-04-18,"-9 day ahead inc hosp","quantile",0.1,253,"COVID-19"
"DE","00-04",2022-04-27,2022-04-18,"-9 day ahead inc hosp","quantile",0.25,258,"COVID-19"
"DE","00-04",2022-04-27,2022-04-18,"-9 day ahead inc hosp","quantile",0.5,265,"COVID-19"
"DE","00-04",2022-04-27,2022-04-18,"-9 day ahead inc hosp","quantile",0.75,274,"COVID-19"
"DE","00-04",2022-04-27,2022-04-18,"-9 day ahead inc hosp","quantile",0.9,284,"COVID-19"
"DE","00-04",2022-04-27,2022-04-18,"-9 day ahead inc hosp","quantile",0.975,297,"COVID-19"
"DE","00-04",2022-04-27,2022-04-17,"-10 day ahead inc hosp","mean",NA,273,"COVID-19"
"DE","00-04",2022-04-27,2022-04-17,"-10 day ahead inc hosp","quantile",0.025,256,"COVID-19"
"DE","00-04",2022-04-27,2022-04-17,"-10 day ahead inc hosp","quantile",0.1,259,"COVID-19"
"DE","00-04",2022-04-27,2022-04-17,"-10 day ahead inc hosp","quantile",0.25,264,"COVID-19"
"DE","00-04",2022-04-27,2022-04-17,"-10 day ahead inc hosp","quantile",0.5,270,"COVID-19"
"DE","00-04",2022-04-27,2022-04-17,"-10 day ahead inc hosp","quantile",0.75,279,"COVID-19"
"DE","00-04",2022-04-27,2022-04-17,"-10 day ahead inc hosp","quantile",0.9,289,"COVID-19"
"DE","00-04",2022-04-27,2022-04-17,"-10 day ahead inc hosp","quantile",0.975,302,"COVID-19"
"DE","00-04",2022-04-27,2022-04-16,"-11 day ahead inc hosp","mean",NA,275,"COVID-19"
"DE","00-04",2022-04-27,2022-04-16,"-11 day ahead inc hosp","quantile",0.025,258,"COVID-19"
"DE","00-04",2022-04-27,2022-04-16,"-11 day ahead inc hosp","quantile",0.1,262,"COVID-19"
"DE","00-04",2022-04-27,2022-04-16,"-11 day ahead inc hosp","quantile",0.25,266,"COVID-19"
"DE","00-04",2022-04-27,2022-04-16,"-11 day ahead inc hosp","quantile",0.5,273,"COVID-19"
"DE","00-04",2022-04-27,2022-04-16,"-11 day ahead inc hosp","quantile",0.75,281,"COVID-19"
"DE","00-04",2022-04-27,2022-04-16,"-11 day ahead inc hosp","quantile",0.9,291,"COVID-19"
"DE","00-04",2022-04-27,2022-04-16,"-11 day ahead inc hosp","quantile",0.975,304,"COVID-19"
"DE","00-04",2022-04-27,2022-04-15,"-12 day ahead inc hosp","mean",NA,308,"COVID-19"
"DE","00-04",2022-04-27,2022-04-15,"-12 day ahead inc hosp","quantile",0.025,290,"COVID-19"
"DE","00-04",2022-04-27,2022-04-15,"-12 day ahead inc hosp","quantile",0.1,294,"COVID-19"
"DE","00-04",2022-04-27,2022-04-15,"-12 day ahead inc hosp","quantile",0.25,298,"COVID-19"
"DE","00-04",2022-04-27,2022-04-15,"-12 day ahead inc hosp","quantile",0.5,305,"COVID-19"
"DE","00-04",2022-04-27,2022-04-15,"-12 day ahead inc hosp","quantile",0.75,315,"COVID-19"
"DE","00-04",2022-04-27,2022-04-15,"-12 day ahead inc hosp","quantile",0.9,325,"COVID-19"
"DE","00-04",2022-04-27,2022-04-15,"-12 day ahead inc hosp","quantile",0.975,340,"COVID-19"
"DE","00-04",2022-04-27,2022-04-14,"-13 day ahead inc hosp","mean",NA,320,"COVID-19"
"DE","00-04",2022-04-27,2022-04-14,"-13 day ahead inc hosp","quantile",0.025,303,"COVID-19"
"DE","00-04",2022-04-27,2022-04-14,"-13 day ahead inc hosp","quantile",0.1,306,"COVID-19"
"DE","00-04",2022-04-27,2022-04-14,"-13 day ahead inc hosp","quantile",0.25,310,"COVID-19"
"DE","00-04",2022-04-27,2022-04-14,"-13 day ahead inc hosp","quantile",0.5,317,"COVID-19"
"DE","00-04",2022-04-27,2022-04-14,"-13 day ahead inc hosp","quantile",0.75,327,"COVID-19"
"DE","00-04",2022-04-27,2022-04-14,"-13 day ahead inc hosp","quantile",0.9,337,"COVID-19"
"DE","00-04",2022-04-27,2022-04-14,"-13 day ahead inc hosp","quantile",0.975,352,"COVID-19"
"DE","00-04",2022-04-27,2022-04-13,"-14 day ahead inc hosp","mean",NA,312,"COVID-19"
"DE","00-04",2022-04-27,2022-04-13,"-14 day ahead inc hosp","quantile",0.025,296,"COVID-19"
"DE","00-04",2022-04-27,2022-04-13,"-14 day ahead inc hosp","quantile",0.1,299,"COVID-19"
"DE","00-04",2022-04-27,2022-04-13,"-14 day ahead inc hosp","quantile",0.25,303,"COVID-19"
"DE","00-04",2022-04-27,2022-04-13,"-14 day ahead inc hosp","quantile",0.5,309,"COVID-19"
"DE","00-04",2022-04-27,2022-04-13,"-14 day ahead inc hosp","quantile",0.75,318,"COVID-19"
"DE","00-04",2022-04-27,2022-04-13,"-14 day ahead inc hosp","quantile",0.9,328,"COVID-19"
"DE","00-04",2022-04-27,2022-04-13,"-14 day ahead inc hosp","quantile",0.975,342,"COVID-19"
"DE","00-04",2022-04-27,2022-04-12,"-15 day ahead inc hosp","mean",NA,327,"COVID-19"
"DE","00-04",2022-04-27,2022-04-12,"-15 day ahead inc hosp","quantile",0.025,312,"COVID-19"
"DE","00-04",2022-04-27,2022-04-12,"-15 day ahead inc hosp","quantile",0.1,314,"COVID-19"
"DE","00-04",2022-04-27,2022-04-12,"-15 day ahead inc hosp","quantile",0.25,318,"COVID-19"
"DE","00-04",2022-04-27,2022-04-12,"-15 day ahead inc hosp","quantile",0.5,324,"COVID-19"
"DE","00-04",2022-04-27,2022-04-12,"-15 day ahead inc hosp","quantile",0.75,333,"COVID-19"
"DE","00-04",2022-04-27,2022-04-12,"-15 day ahead inc hosp","quantile",0.9,343,"COVID-19"
"DE","00-04",2022-04-27,2022-04-12,"-15 day ahead inc hosp","quantile",0.975,356,"COVID-19"
"DE","00-04",2022-04-27,2022-04-11,"-16 day ahead inc hosp","mean",NA,305,"COVID-19"
"DE","00-04",2022-04-27,2022-04-11,"-16 day ahead inc hosp","quantile",0.025,292,"COVID-19"
"DE","00-04",2022-04-27,2022-04-11,"-16 day ahead inc hosp","quantile",0.1,294,"COVID-19"
"DE","00-04",2022-04-27,2022-04-11,"-16 day ahead inc hosp","quantile",0.25,297,"COVID-19"
"DE","00-04",2022-04-27,2022-04-11,"-16 day ahead inc hosp","quantile",0.5,303,"COVID-19"
"DE","00-04",2022-04-27,2022-04-11,"-16 day ahead inc hosp","quantile",0.75,310,"COVID-19"
"DE","00-04",2022-04-27,2022-04-11,"-16 day ahead inc hosp","quantile",0.9,318,"COVID-19"
"DE","00-04",2022-04-27,2022-04-11,"-16 day ahead inc hosp","quantile",0.975,329,"COVID-19"
"DE","00-04",2022-04-27,2022-04-10,"-17 day ahead inc hosp","mean",NA,304,"COVID-19"
"DE","00-04",2022-04-27,2022-04-10,"-17 day ahead inc hosp","quantile",0.025,292,"COVID-19"
"DE","00-04",2022-04-27,2022-04-10,"-17 day ahead inc hosp","quantile",0.1,294,"COVID-19"
"DE","00-04",2022-04-27,2022-04-10,"-17 day ahead inc hosp","quantile",0.25,297,"COVID-19"
"DE","00-04",2022-04-27,2022-04-10,"-17 day ahead inc hosp","quantile",0.5,302,"COVID-19"
"DE","00-04",2022-04-27,2022-04-10,"-17 day ahead inc hosp","quantile",0.75,309,"COVID-19"
"DE","00-04",2022-04-27,2022-04-10,"-17 day ahead inc hosp","quantile",0.9,317,"COVID-19"
"DE","00-04",2022-04-27,2022-04-10,"-17 day ahead inc hosp","quantile",0.975,329,"COVID-19"
"DE","00-04",2022-04-27,2022-04-09,"-18 day ahead inc hosp","mean",NA,311,"COVID-19"
"DE","00-04",2022-04-27,2022-04-09,"-18 day ahead inc hosp","quantile",0.025,299,"COVID-19"
"DE","00-04",2022-04-27,2022-04-09,"-18 day ahead inc hosp","quantile",0.1,301,"COVID-19"
"DE","00-04",2022-04-27,2022-04-09,"-18 day ahead inc hosp","quantile",0.25,303,"COVID-19"
"DE","00-04",2022-04-27,2022-04-09,"-18 day ahead inc hosp","quantile",0.5,308,"COVID-19"
"DE","00-04",2022-04-27,2022-04-09,"-18 day ahead inc hosp","quantile",0.75,315,"COVID-19"
"DE","00-04",2022-04-27,2022-04-09,"-18 day ahead inc hosp","quantile",0.9,323,"COVID-19"
"DE","00-04",2022-04-27,2022-04-09,"-18 day ahead inc hosp","quantile",0.975,335,"COVID-19"
"DE","00-04",2022-04-27,2022-04-08,"-19 day ahead inc hosp","mean",NA,313,"COVID-19"
"DE","00-04",2022-04-27,2022-04-08,"-19 day ahead inc hosp","quantile",0.025,303,"COVID-19"
"DE","00-04",2022-04-27,2022-04-08,"-19 day ahead inc hosp","quantile",0.1,304,"COVID-19"
"DE","00-04",2022-04-27,2022-04-08,"-19 day ahead inc hosp","quantile",0.25,307,"COVID-19"
"DE","00-04",2022-04-27,2022-04-08,"-19 day ahead inc hosp","quantile",0.5,311,"COVID-19"
"DE","00-04",2022-04-27,2022-04-08,"-19 day ahead inc hosp","quantile",0.75,318,"COVID-19"
"DE","00-04",2022-04-27,2022-04-08,"-19 day ahead inc hosp","quantile",0.9,325,"COVID-19"
"DE","00-04",2022-04-27,2022-04-08,"-19 day ahead inc hosp","quantile",0.975,336,"COVID-19"
"DE","00-04",2022-04-27,2022-04-07,"-20 day ahead inc hosp","mean",NA,330,"COVID-19"
"DE","00-04",2022-04-27,2022-04-07,"-20 day ahead inc hosp","quantile",0.025,319,"COVID-19"
"DE","00-04",2022-04-27,2022-04-07,"-20 day ahead inc hosp","quantile",0.1,321,"COVID-19"
"DE","00-04",2022-04-27,2022-04-07,"-20 day ahead inc hosp","quantile",0.25,323,"COVID-19"
"DE","00-04",2022-04-27,2022-04-07,"-20 day ahead inc hosp","quantile",0.5,328,"COVID-19"
"DE","00-04",2022-04-27,2022-04-07,"-20 day ahead inc hosp","quantile",0.75,334,"COVID-19"
"DE","00-04",2022-04-27,2022-04-07,"-20 day ahead inc hosp","quantile",0.9,341,"COVID-19"
"DE","00-04",2022-04-27,2022-04-07,"-20 day ahead inc hosp","quantile",0.975,351,"COVID-19"
"DE","00-04",2022-04-27,2022-04-06,"-21 day ahead inc hosp","mean",NA,345,"COVID-19"
"DE","00-04",2022-04-27,2022-04-06,"-21 day ahead inc hosp","quantile",0.025,335,"COVID-19"
"DE","00-04",2022-04-27,2022-04-06,"-21 day ahead inc hosp","quantile",0.1,337,"COVID-19"
"DE","00-04",2022-04-27,2022-04-06,"-21 day ahead inc hosp","quantile",0.25,339,"COVID-19"
"DE","00-04",2022-04-27,2022-04-06,"-21 day ahead inc hosp","quantile",0.5,343,"COVID-19"
"DE","00-04",2022-04-27,2022-04-06,"-21 day ahead inc hosp","quantile",0.75,349,"COVID-19"
"DE","00-04",2022-04-27,2022-04-06,"-21 day ahead inc hosp","quantile",0.9,356,"COVID-19"
"DE","00-04",2022-04-27,2022-04-06,"-21 day ahead inc hosp","quantile",0.975,366,"COVID-19"
"DE","00-04",2022-04-27,2022-04-05,"-22 day ahead inc hosp","mean",NA,362,"COVID-19"
"DE","00-04",2022-04-27,2022-04-05,"-22 day ahead inc hosp","quantile",0.025,353,"COVID-19"
"DE","00-04",2022-04-27,2022-04-05,"-22 day ahead inc hosp","quantile",0.1,354,"COVID-19"
"DE","00-04",2022-04-27,2022-04-05,"-22 day ahead inc hosp","quantile",0.25,357,"COVID-19"
"DE","00-04",2022-04-27,2022-04-05,"-22 day ahead inc hosp","quantile",0.5,360,"COVID-19"
"DE","00-04",2022-04-27,2022-04-05,"-22 day ahead inc hosp","quantile",0.75,365,"COVID-19"
"DE","00-04",2022-04-27,2022-04-05,"-22 day ahead inc hosp","quantile",0.9,372,"COVID-19"
"DE","00-04",2022-04-27,2022-04-05,"-22 day ahead inc hosp","quantile",0.975,381,"COVID-19"
"DE","00-04",2022-04-27,2022-04-04,"-23 day ahead inc hosp","mean",NA,391,"COVID-19"
"DE","00-04",2022-04-27,2022-04-04,"-23 day ahead inc hosp","quantile",0.025,383,"COVID-19"
"DE","00-04",2022-04-27,2022-04-04,"-23 day ahead inc hosp","quantile",0.1,384,"COVID-19"
"DE","00-04",2022-04-27,2022-04-04,"-23 day ahead inc hosp","quantile",0.25,386,"COVID-19"
"DE","00-04",2022-04-27,2022-04-04,"-23 day ahead inc hosp","quantile",0.5,390,"COVID-19"
"DE","00-04",2022-04-27,2022-04-04,"-23 day ahead inc hosp","quantile",0.75,395,"COVID-19"
"DE","00-04",2022-04-27,2022-04-04,"-23 day ahead inc hosp","quantile",0.9,401,"COVID-19"
"DE","00-04",2022-04-27,2022-04-04,"-23 day ahead inc hosp","quantile",0.975,410,"COVID-19"
"DE","00-04",2022-04-27,2022-04-03,"-24 day ahead inc hosp","mean",NA,389,"COVID-19"
"DE","00-04",2022-04-27,2022-04-03,"-24 day ahead inc hosp","quantile",0.025,381,"COVID-19"
"DE","00-04",2022-04-27,2022-04-03,"-24 day ahead inc hosp","quantile",0.1,382,"COVID-19"
"DE","00-04",2022-04-27,2022-04-03,"-24 day ahead inc hosp","quantile",0.25,384,"COVID-19"
"DE","00-04",2022-04-27,2022-04-03,"-24 day ahead inc hosp","quantile",0.5,387,"COVID-19"
"DE","00-04",2022-04-27,2022-04-03,"-24 day ahead inc hosp","quantile",0.75,392,"COVID-19"
"DE","00-04",2022-04-27,2022-04-03,"-24 day ahead inc hosp","quantile",0.9,398,"COVID-19"
"DE","00-04",2022-04-27,2022-04-03,"-24 day ahead inc hosp","quantile",0.975,407,"COVID-19"
"DE","00-04",2022-04-27,2022-04-02,"-25 day ahead inc hosp","mean",NA,382,"COVID-19"
"DE","00-04",2022-04-27,2022-04-02,"-25 day ahead inc hosp","quantile",0.025,374,"COVID-19"
"DE","00-04",2022-04-27,2022-04-02,"-25 day ahead inc hosp","quantile",0.1,375,"COVID-19"
"DE","00-04",2022-04-27,2022-04-02,"-25 day ahead inc hosp","quantile",0.25,377,"COVID-19"
"DE","00-04",2022-04-27,2022-04-02,"-25 day ahead inc hosp","quantile",0.5,380,"COVID-19"
"DE","00-04",2022-04-27,2022-04-02,"-25 day ahead inc hosp","quantile",0.75,385,"COVID-19"
"DE","00-04",2022-04-27,2022-04-02,"-25 day ahead inc hosp","quantile",0.9,390,"COVID-19"
"DE","00-04",2022-04-27,2022-04-02,"-25 day ahead inc hosp","quantile",0.975,398,"COVID-19"
"DE","00-04",2022-04-27,2022-04-01,"-26 day ahead inc hosp","mean",NA,392,"COVID-19"
"DE","00-04",2022-04-27,2022-04-01,"-26 day ahead inc hosp","quantile",0.025,385,"COVID-19"
"DE","00-04",2022-04-27,2022-04-01,"-26 day ahead inc hosp","quantile",0.1,386,"COVID-19"
"DE","00-04",2022-04-27,2022-04-01,"-26 day ahead inc hosp","quantile",0.25,388,"COVID-19"
"DE","00-04",2022-04-27,2022-04-01,"-26 day ahead inc hosp","quantile",0.5,391,"COVID-19"
"DE","00-04",2022-04-27,2022-04-01,"-26 day ahead inc hosp","quantile",0.75,395,"COVID-19"
"DE","00-04",2022-04-27,2022-04-01,"-26 day ahead inc hosp","quantile",0.9,400,"COVID-19"
"DE","00-04",2022-04-27,2022-04-01,"-26 day ahead inc hosp","quantile",0.975,408,"COVID-19"
"DE","00-04",2022-04-27,2022-03-31,"-27 day ahead inc hosp","mean",NA,390,"COVID-19"
"DE","00-04",2022-04-27,2022-03-31,"-27 day ahead inc hosp","quantile",0.025,384,"COVID-19"
"DE","00-04",2022-04-27,2022-03-31,"-27 day ahead inc hosp","quantile",0.1,385,"COVID-19"
"DE","00-04",2022-04-27,2022-03-31,"-27 day ahead inc hosp","quantile",0.25,386,"COVID-19"
"DE","00-04",2022-04-27,2022-03-31,"-27 day ahead inc hosp","quantile",0.5,389,"COVID-19"
"DE","00-04",2022-04-27,2022-03-31,"-27 day ahead inc hosp","quantile",0.75,393,"COVID-19"
"DE","00-04",2022-04-27,2022-03-31,"-27 day ahead inc hosp","quantile",0.9,398,"COVID-19"
"DE","00-04",2022-04-27,2022-03-31,"-27 day ahead inc hosp","quantile",0.975,405,"COVID-19"
"DE","00-04",2022-04-27,2022-03-30,"-28 day ahead inc hosp","mean",NA,400,"COVID-19"
"DE","00-04",2022-04-27,2022-03-30,"-28 day ahead inc hosp","quantile",0.025,394,"COVID-19"
"DE","00-04",2022-04-27,2022-03-30,"-28 day ahead inc hosp","quantile",0.1,395,"COVID-19"
"DE","00-04",2022-04-27,2022-03-30,"-28 day ahead inc hosp","quantile",0.25,396,"COVID-19"
"DE","00-04",2022-04-27,2022-03-30,"-28 day ahead inc hosp","quantile",0.5,399,"COVID-19"
"DE","00-04",2022-04-27,2022-03-30,"-28 day ahead inc hosp","quantile",0.75,403,"COVID-19"
"DE","00-04",2022-04-27,2022-03-30,"-28 day ahead inc hosp","quantile",0.9,407,"COVID-19"
"DE","00-04",2022-04-27,2022-03-30,"-28 day ahead inc hosp","quantile",0.975,414,"COVID-19"
"DE","05-14",2022-04-27,2022-04-27,"0 day ahead inc hosp","mean",NA,135,"COVID-19"
"DE","05-14",2022-04-27,2022-04-27,"0 day ahead inc hosp","quantile",0.025,101,"COVID-19"
"DE","05-14",2022-04-27,2022-04-27,"0 day ahead inc hosp","quantile",0.1,109,"COVID-19"
"DE","05-14",2022-04-27,2022-04-27,"0 day ahead inc hosp","quantile",0.25,118,"COVID-19"
"DE","05-14",2022-04-27,2022-04-27,"0 day ahead inc hosp","quantile",0.5,131,"COVID-19"
"DE","05-14",2022-04-27,2022-04-27,"0 day ahead inc hosp","quantile",0.75,147,"COVID-19"
"DE","05-14",2022-04-27,2022-04-27,"0 day ahead inc hosp","quantile",0.9,165,"COVID-19"
"DE","05-14",2022-04-27,2022-04-27,"0 day ahead inc hosp","quantile",0.975,187,"COVID-19"
"DE","05-14",2022-04-27,2022-04-26,"-1 day ahead inc hosp","mean",NA,125,"COVID-19"
"DE","05-14",2022-04-27,2022-04-26,"-1 day ahead inc hosp","quantile",0.025,102,"COVID-19"
"DE","05-14",2022-04-27,2022-04-26,"-1 day ahead inc hosp","quantile",0.1,108,"COVID-19"
"DE","05-14",2022-04-27,2022-04-26,"-1 day ahead inc hosp","quantile",0.25,114,"COVID-19"
"DE","05-14",2022-04-27,2022-04-26,"-1 day ahead inc hosp","quantile",0.5,123,"COVID-19"
"DE","05-14",2022-04-27,2022-04-26,"-1 day ahead inc hosp","quantile",0.75,134,"COVID-19"
"DE","05-14",2022-04-27,2022-04-26,"-1 day ahead inc hosp","quantile",0.9,146,"COVID-19"
"DE","05-14",2022-04-27,2022-04-26,"-1 day ahead inc hosp","quantile",0.975,162,"COVID-19"
"DE","05-14",2022-04-27,2022-04-25,"-2 day ahead inc hosp","mean",NA,110,"COVID-19"
"DE","05-14",2022-04-27,2022-04-25,"-2 day ahead inc hosp","quantile",0.025,93,"COVID-19"
"DE","05-14",2022-04-27,2022-04-25,"-2 day ahead inc hosp","quantile",0.1,97,"COVID-19"
"DE","05-14",2022-04-27,2022-04-25,"-2 day ahead inc hosp","quantile",0.25,101,"COVID-19"
"DE","05-14",2022-04-27,2022-04-25,"-2 day ahead inc hosp","quantile",0.5,108,"COVID-19"
"DE","05-14",2022-04-27,2022-04-25,"-2 day ahead inc hosp","quantile",0.75,117,"COVID-19"
"DE","05-14",2022-04-27,2022-04-25,"-2 day ahead inc hosp","quantile",0.9,126,"COVID-19"
"DE","05-14",2022-04-27,2022-04-25,"-2 day ahead inc hosp","quantile",0.975,139,"COVID-19"
"DE","05-14",2022-04-27,2022-04-24,"-3 day ahead inc hosp","mean",NA,109,"COVID-19"
"DE","05-14",2022-04-27,2022-04-24,"-3 day ahead inc hosp","quantile",0.025,92,"COVID-19"
"DE","05-14",2022-04-27,2022-04-24,"-3 day ahead inc hosp","quantile",0.1,96,"COVID-19"
"DE","05-14",2022-04-27,2022-04-24,"-3 day ahead inc hosp","quantile",0.25,100,"COVID-19"
"DE","05-14",2022-04-27,2022-04-24,"-3 day ahead inc hosp","quantile",0.5,107,"COVID-19"
"DE","05-14",2022-04-27,2022-04-24,"-3 day ahead inc hosp","quantile",0.75,115,"COVID-19"
"DE","05-14",2022-04-27,2022-04-24,"-3 day ahead inc hosp","quantile",0.9,125,"COVID-19"
"DE","05-14",2022-04-27,2022-04-24,"-3 day ahead inc hosp","quantile",0.975,138,"COVID-19"
"DE","05-14",2022-04-27,2022-04-23,"-4 day ahead inc hosp","mean",NA,110,"COVID-19"
"DE","05-14",2022-04-27,2022-04-23,"-4 day ahead inc hosp","quantile",0.025,94,"COVID-19"
"DE","05-14",2022-04-27,2022-04-23,"-4 day ahead inc hosp","quantile",0.1,97,"COVID-19"
"DE","05-14",2022-04-27,2022-04-23,"-4 day ahead inc hosp","quantile",0.25,101,"COVID-19"
"DE","05-14",2022-04-27,2022-04-23,"-4 day ahead inc hosp","quantile",0.5,107,"COVID-19"
"DE","05-14",2022-04-27,2022-04-23,"-4 day ahead inc hosp","quantile",0.75,116,"COVID-19"
"DE","05-14",2022-04-27,2022-04-23,"-4 day ahead inc hosp","quantile",0.9,126,"COVID-19"
"DE","05-14",2022-04-27,2022-04-23,"-4 day ahead inc hosp","quantile",0.975,139,"COVID-19"
"DE","05-14",2022-04-27,2022-04-22,"-5 day ahead inc hosp","mean",NA,98,"COVID-19"
"DE","05-14",2022-04-27,2022-04-22,"-5 day ahead inc hosp","quantile",0.025,85,"COVID-19"
"DE","05-14",2022-04-27,2022-04-22,"-5 day ahead inc hosp","quantile",0.1,87,"COVID-19"
"DE","05-14",2022-04-27,2022-04-22,"-5 day ahead inc hosp","quantile",0.25,90,"COVID-19"
"DE","05-14",2022-04-27,2022-04-22,"-5 day ahead inc hosp","quantile",0.5,96,"COVID-19"
"DE","05-14",2022-04-27,2022-04-22,"-5 day ahead inc hosp","quantile",0.75,103,"COVID-19"
"DE","05-14",2022-04-27,2022-04-22,"-5 day ahead inc hosp","quantile",0.9,111,"COVID-19"
"DE","05-14",2022-04-27,2022-04-22,"-5 day ahead inc hosp","quantile",0.975,122,"COVID-19"
"DE","05-14",2022-04-27,2022-04-21,"-6 day ahead inc hosp","mean",NA,106,"COVID-19"
"DE","05-14",2022-04-27,2022-04-21,"-6 day ahead inc hosp","quantile",0.025,93,"COVID-19"
"DE","05-14",2022-04-27,2022-04-21,"-6 day ahead inc hosp","quantile",0.1,95,"COVID-19"
"DE","05-14",2022-04-27,2022-04-21,"-6 day ahead inc hosp","quantile",0.25,99,"COVID-19"
"DE","05-14",2022-04-27,2022-04-21,"-6 day ahead inc hosp","quantile",0.5,104,"COVID-19"
"DE","05-14",2022-04-27,2022-04-21,"-6 day ahead inc hosp","quantile",0.75,111,"COVID-19"
"DE","05-14",2022-04-27,2022-04-21,"-6 day ahead inc hosp","quantile",0.9,120,"COVID-19"
"DE","05-14",2022-04-27,2022-04-21,"-6 day ahead inc hosp","quantile",0.975,131,"COVID-19"
"DE","05-14",2022-04-27,2022-04-20,"-7 day ahead inc hosp","mean",NA,97,"COVID-19"
"DE","05-14",2022-04-27,2022-04-20,"-7 day ahead inc hosp","quantile",0.025,87,"COVID-19"
"DE","05-14",2022-04-27,2022-04-20,"-7 day ahead inc hosp","quantile",0.1,88,"COVID-19"
"DE","05-14",2022-04-27,2022-04-20,"-7 day ahead inc hosp","quantile",0.25,91,"COVID-19"
"DE","05-14",2022-04-27,2022-04-20,"-7 day ahead inc hosp","quantile",0.5,95,"COVID-19"
"DE","05-14",2022-04-27,2022-04-20,"-7 day ahead inc hosp","quantile",0.75,101,"COVID-19"
"DE","05-14",2022-04-27,2022-04-20,"-7 day ahead inc hosp","quantile",0.9,107,"COVID-19"
"DE","05-14",2022-04-27,2022-04-20,"-7 day ahead inc hosp","quantile",0.975,117,"COVID-19"
"DE","05-14",2022-04-27,2022-04-19,"-8 day ahead inc hosp","mean",NA,104,"COVID-19"
"DE","05-14",2022-04-27,2022-04-19,"-8 day ahead inc hosp","quantile",0.025,94,"COVID-19"
"DE","05-14",2022-04-27,2022-04-19,"-8 day ahead inc hosp","quantile",0.1,96,"COVID-19"
"DE","05-14",2022-04-27,2022-04-19,"-8 day ahead inc hosp","quantile",0.25,98,"COVID-19"
"DE","05-14",2022-04-27,2022-04-19,"-8 day ahead inc hosp","quantile",0.5,102,"COVID-19"
"DE","05-14",2022-04-27,2022-04-19,"-8 day ahead inc hosp","quantile",0.75,107,"COVID-19"
"DE","05-14",2022-04-27,2022-04-19,"-8 day ahead inc hosp","quantile",0.9,114,"COVID-19"
"DE","05-14",2022-04-27,2022-04-19,"-8 day ahead inc hosp","quantile",0.975,122,"COVID-19"
"DE","05-14",2022-04-27,2022-04-18,"-9 day ahead inc hosp","mean",NA,119,"COVID-19"
"DE","05-14",2022-04-27,2022-04-18,"-9 day ahead inc hosp","quantile",0.025,109,"COVID-19"
"DE","05-14",2022-04-27,2022-04-18,"-9 day ahead inc hosp","quantile",0.1,111,"COVID-19"
"DE","05-14",2022-04-27,2022-04-18,"-9 day ahead inc hosp","quantile",0.25,113,"COVID-19"
"DE","05-14",2022-04-27,2022-04-18,"-9 day ahead inc hosp","quantile",0.5,118,"COVID-19"
"DE","05-14",2022-04-27,2022-04-18,"-9 day ahead inc hosp","quantile",0.75,123,"COVID-19"
"DE","05-14",2022-04-27,2022-04-18,"-9 day ahead inc hosp","quantile",0.9,130,"COVID-19"
"DE","05-14",2022-04-27,2022-04-18,"-9 day ahead inc hosp","quantile",0.975,140,"COVID-19"
"DE","05-14",2022-04-27,2022-04-17,"-10 day ahead inc hosp","mean",NA,126,"COVID-19"
"DE","05-14",2022-04-27,2022-04-17,"-10 day ahead inc hosp","quantile",0.025,115,"COVID-19"
"DE","05-14",2022-04-27,2022-04-17,"-10 day ahead inc hosp","quantile",0.1,117,"COVID-19"
"DE","05-14",2022-04-27,2022-04-17,"-10 day ahead inc hosp","quantile",0.25,119,"COVID-19"
"DE","05-14",2022-04-27,2022-04-17,"-10 day ahead inc hosp","quantile",0.5,124,"COVID-19"
"DE","05-14",2022-04-27,2022-04-17,"-10 day ahead inc hosp","quantile",0.75,130,"COVID-19"
"DE","05-14",2022-04-27,2022-04-17,"-10 day ahead inc hosp","quantile",0.9,137,"COVID-19"
"DE","05-14",2022-04-27,2022-04-17,"-10 day ahead inc hosp","quantile",0.975,147,"COVID-19"
"DE","05-14",2022-04-27,2022-04-16,"-11 day ahead inc hosp","mean",NA,135,"COVID-19"
"DE","05-14",2022-04-27,2022-04-16,"-11 day ahead inc hosp","quantile",0.025,124,"COVID-19"
"DE","05-14",2022-04-27,2022-04-16,"-11 day ahead inc hosp","quantile",0.1,126,"COVID-19"
"DE","05-14",2022-04-27,2022-04-16,"-11 day ahead inc hosp","quantile",0.25,129,"COVID-19"
"DE","05-14",2022-04-27,2022-04-16,"-11 day ahead inc hosp","quantile",0.5,133,"COVID-19"
"DE","05-14",2022-04-27,2022-04-16,"-11 day ahead inc hosp","quantile",0.75,139,"COVID-19"
"DE","05-14",2022-04-27,2022-04-16,"-11 day ahead inc hosp","quantile",0.9,147,"COVID-19"
"DE","05-14",2022-04-27,2022-04-16,"-11 day ahead inc hosp","quantile",0.975,157,"COVID-19"
"DE","05-14",2022-04-27,2022-04-15,"-12 day ahead inc hosp","mean",NA,163,"COVID-19"
"DE","05-14",2022-04-27,2022-04-15,"-12 day ahead inc hosp","quantile",0.025,152,"COVID-19"
"DE","05-14",2022-04-27,2022-04-15,"-12 day ahead inc hosp","quantile",0.1,153,"COVID-19"
"DE","05-14",2022-04-27,2022-04-15,"-12 day ahead inc hosp","quantile",0.25,156,"COVID-19"
"DE","05-14",2022-04-27,2022-04-15,"-12 day ahead inc hosp","quantile",0.5,161,"COVID-19"
"DE","05-14",2022-04-27,2022-04-15,"-12 day ahead inc hosp","quantile",0.75,168,"COVID-19"
"DE","05-14",2022-04-27,2022-04-15,"-12 day ahead inc hosp","quantile",0.9,177,"COVID-19"
"DE","05-14",2022-04-27,2022-04-15,"-12 day ahead inc hosp","quantile",0.975,189,"COVID-19"
"DE","05-14",2022-04-27,2022-04-14,"-13 day ahead inc hosp","mean",NA,164,"COVID-19"
"DE","05-14",2022-04-27,2022-04-14,"-13 day ahead inc hosp","quantile",0.025,152,"COVID-19"
"DE","05-14",2022-04-27,2022-04-14,"-13 day ahead inc hosp","quantile",0.1,154,"COVID-19"
"DE","05-14",2022-04-27,2022-04-14,"-13 day ahead inc hosp","quantile",0.25,157,"COVID-19"
"DE","05-14",2022-04-27,2022-04-14,"-13 day ahead inc hosp","quantile",0.5,162,"COVID-19"
"DE","05-14",2022-04-27,2022-04-14,"-13 day ahead inc hosp","quantile",0.75,168,"COVID-19"
"DE","05-14",2022-04-27,2022-04-14,"-13 day ahead inc hosp","quantile",0.9,176,"COVID-19"
"DE","05-14",2022-04-27,2022-04-14,"-13 day ahead inc hosp","quantile",0.975,188,"COVID-19"
"DE","05-14",2022-04-27,2022-04-13,"-14 day ahead inc hosp","mean",NA,171,"COVID-19"
"DE","05-14",2022-04-27,2022-04-13,"-14 day ahead inc hosp","quantile",0.025,159,"COVID-19"
"DE","05-14",2022-04-27,2022-04-13,"-14 day ahead inc hosp","quantile",0.1,161,"COVID-19"
"DE","05-14",2022-04-27,2022-04-13,"-14 day ahead inc hosp","quantile",0.25,164,"COVID-19"
"DE","05-14",2022-04-27,2022-04-13,"-14 day ahead inc hosp","quantile",0.5,168,"COVID-19"
"DE","05-14",2022-04-27,2022-04-13,"-14 day ahead inc hosp","quantile",0.75,175,"COVID-19"
"DE","05-14",2022-04-27,2022-04-13,"-14 day ahead inc hosp","quantile",0.9,183,"COVID-19"
"DE","05-14",2022-04-27,2022-04-13,"-14 day ahead inc hosp","quantile",0.975,194,"COVID-19"
"DE","05-14",2022-04-27,2022-04-12,"-15 day ahead inc hosp","mean",NA,180,"COVID-19"
"DE","05-14",2022-04-27,2022-04-12,"-15 day ahead inc hosp","quantile",0.025,169,"COVID-19"
"DE","05-14",2022-04-27,2022-04-12,"-15 day ahead inc hosp","quantile",0.1,171,"COVID-19"
"DE","05-14",2022-04-27,2022-04-12,"-15 day ahead inc hosp","quantile",0.25,174,"COVID-19"
"DE","05-14",2022-04-27,2022-04-12,"-15 day ahead inc hosp","quantile",0.5,178,"COVID-19"
"DE","05-14",2022-04-27,2022-04-12,"-15 day ahead inc hosp","quantile",0.75,184,"COVID-19"
"DE","05-14",2022-04-27,2022-04-12,"-15 day ahead inc hosp","quantile",0.9,192,"COVID-19"
"DE","05-14",2022-04-27,2022-04-12,"-15 day ahead inc hosp","quantile",0.975,203,"COVID-19"
"DE","05-14",2022-04-27,2022-04-11,"-16 day ahead inc hosp","mean",NA,194,"COVID-19"
"DE","05-14",2022-04-27,2022-04-11,"-16 day ahead inc hosp","quantile",0.025,183,"COVID-19"
"DE","05-14",2022-04-27,2022-04-11,"-16 day ahead inc hosp","quantile",0.1,185,"COVID-19"
"DE","05-14",2022-04-27,2022-04-11,"-16 day ahead inc hosp","quantile",0.25,188,"COVID-19"
"DE","05-14",2022-04-27,2022-04-11,"-16 day ahead inc hosp","quantile",0.5,192,"COVID-19"
"DE","05-14",2022-04-27,2022-04-11,"-16 day ahead inc hosp","quantile",0.75,198,"COVID-19"
"DE","05-14",2022-04-27,2022-04-11,"-16 day ahead inc hosp","quantile",0.9,206,"COVID-19"
"DE","05-14",2022-04-27,2022-04-11,"-16 day ahead inc hosp","quantile",0.975,217,"COVID-19"
"DE","05-14",2022-04-27,2022-04-10,"-17 day ahead inc hosp","mean",NA,195,"COVID-19"
"DE","05-14",2022-04-27,2022-04-10,"-17 day ahead inc hosp","quantile",0.025,184,"COVID-19"
"DE","05-14",2022-04-27,2022-04-10,"-17 day ahead inc hosp","quantile",0.1,186,"COVID-19"
"DE","05-14",2022-04-27,2022-04-10,"-17 day ahead inc hosp","quantile",0.25,189,"COVID-19"
"DE","05-14",2022-04-27,2022-04-10,"-17 day ahead inc hosp","quantile",0.5,193,"COVID-19"
"DE","05-14",2022-04-27,2022-04-10,"-17 day ahead inc hosp","quantile",0.75,199,"COVID-19"
"DE","05-14",2022-04-27,2022-04-10,"-17 day ahead inc hosp","quantile",0.9,207,"COVID-19"
"DE","05-14",2022-04-27,2022-04-10,"-17 day ahead inc hosp","quantile",0.975,218,"COVID-19"
"DE","05-14",2022-04-27,2022-04-09,"-18 day ahead inc hosp","mean",NA,187,"COVID-19"
"DE","05-14",2022-04-27,2022-04-09,"-18 day ahead inc hosp","quantile",0.025,177,"COVID-19"
"DE","05-14",2022-04-27,2022-04-09,"-18 day ahead inc hosp","quantile",0.1,179,"COVID-19"
"DE","05-14",2022-04-27,2022-04-09,"-18 day ahead inc hosp","quantile",0.25,181,"COVID-19"
"DE","05-14",2022-04-27,2022-04-09,"-18 day ahead inc hosp","quantile",0.5,185,"COVID-19"
"DE","05-14",2022-04-27,2022-04-09,"-18 day ahead inc hosp","quantile",0.75,191,"COVID-19"
"DE","05-14",2022-04-27,2022-04-09,"-18 day ahead inc hosp","quantile",0.9,198,"COVID-19"
"DE","05-14",2022-04-27,2022-04-09,"-18 day ahead inc hosp","quantile",0.975,209,"COVID-19"
"DE","05-14",2022-04-27,2022-04-08,"-19 day ahead inc hosp","mean",NA,176,"COVID-19"
"DE","05-14",2022-04-27,2022-04-08,"-19 day ahead inc hosp","quantile",0.025,167,"COVID-19"
"DE","05-14",2022-04-27,2022-04-08,"-19 day ahead inc hosp","quantile",0.1,169,"COVID-19"
"DE","05-14",2022-04-27,2022-04-08,"-19 day ahead inc hosp","quantile",0.25,171,"COVID-19"
"DE","05-14",2022-04-27,2022-04-08,"-19 day ahead inc hosp","quantile",0.5,174,"COVID-19"
"DE","05-14",2022-04-27,2022-04-08,"-19 day ahead inc hosp","quantile",0.75,179,"COVID-19"
"DE","05-14",2022-04-27,2022-04-08,"-19 day ahead inc hosp","quantile",0.9,186,"COVID-19"
"DE","05-14",2022-04-27,2022-04-08,"-19 day ahead inc hosp","quantile",0.975,195,"COVID-19"
"DE","05-14",2022-04-27,2022-04-07,"-20 day ahead inc hosp","mean",NA,191,"COVID-19"
"DE","05-14",2022-04-27,2022-04-07,"-20 day ahead inc hosp","quantile",0.025,182,"COVID-19"
"DE","05-14",2022-04-27,2022-04-07,"-20 day ahead inc hosp","quantile",0.1,184,"COVID-19"
"DE","05-14",2022-04-27,2022-04-07,"-20 day ahead inc hosp","quantile",0.25,186,"COVID-19"
"DE","05-14",2022-04-27,2022-04-07,"-20 day ahead inc hosp","quantile",0.5,189,"COVID-19"
"DE","05-14",2022-04-27,2022-04-07,"-20 day ahead inc hosp","quantile",0.75,195,"COVID-19"
"DE","05-14",2022-04-27,2022-04-07,"-20 day ahead inc hosp","quantile",0.9,201,"COVID-19"
"DE","05-14",2022-04-27,2022-04-07,"-20 day ahead inc hosp","quantile",0.975,210,"COVID-19"
"DE","05-14",2022-04-27,2022-04-06,"-21 day ahead inc hosp","mean",NA,200,"COVID-19"
"DE","05-14",2022-04-27,2022-04-06,"-21 day ahead inc hosp","quantile",0.025,191,"COVID-19"
"DE","05-14",2022-04-27,2022-04-06,"-21 day ahead inc hosp","quantile",0.1,192,"COVID-19"
"DE","05-14",2022-04-27,2022-04-06,"-21 day ahead inc hosp","quantile",0.25,194,"COVID-19"
"DE","05-14",2022-04-27,2022-04-06,"-21 day ahead inc hosp","quantile",0.5,198,"COVID-19"
"DE","05-14",2022-04-27,2022-04-06,"-21 day ahead inc hosp","quantile",0.75,203,"COVID-19"
"DE","05-14",2022-04-27,2022-04-06,"-21 day ahead inc hosp","quantile",0.9,209,"COVID-19"
"DE","05-14",2022-04-27,2022-04-06,"-21 day ahead inc hosp","quantile",0.975,218,"COVID-19"
"DE","05-14",2022-04-27,2022-04-05,"-22 day ahead inc hosp","mean",NA,203,"COVID-19"
"DE","05-14",2022-04-27,2022-04-05,"-22 day ahead inc hosp","quantile",0.025,195,"COVID-19"
"DE","05-14",2022-04-27,2022-04-05,"-22 day ahead inc hosp","quantile",0.1,196,"COVID-19"
"DE","05-14",2022-04-27,2022-04-05,"-22 day ahead inc hosp","quantile",0.25,198,"COVID-19"
"DE","05-14",2022-04-27,2022-04-05,"-22 day ahead inc hosp","quantile",0.5,201,"COVID-19"
"DE","05-14",2022-04-27,2022-04-05,"-22 day ahead inc hosp","quantile",0.75,206,"COVID-19"
"DE","05-14",2022-04-27,2022-04-05,"-22 day ahead inc hosp","quantile",0.9,212,"COVID-19"
"DE","05-14",2022-04-27,2022-04-05,"-22 day ahead inc hosp","quantile",0.975,220,"COVID-19"
"DE","05-14",2022-04-27,2022-04-04,"-23 day ahead inc hosp","mean",NA,203,"COVID-19"
"DE","05-14",2022-04-27,2022-04-04,"-23 day ahead inc hosp","quantile",0.025,196,"COVID-19"
"DE","05-14",2022-04-27,2022-04-04,"-23 day ahead inc hosp","quantile",0.1,197,"COVID-19"
"DE","05-14",2022-04-27,2022-04-04,"-23 day ahead inc hosp","quantile",0.25,199,"COVID-19"
"DE","05-14",2022-04-27,2022-04-04,"-23 day ahead inc hosp","quantile",0.5,202,"COVID-19"
"DE","05-14",2022-04-27,2022-04-04,"-23 day ahead inc hosp","quantile",0.75,206,"COVID-19"
"DE","05-14",2022-04-27,2022-04-04,"-23 day ahead inc hosp","quantile",0.9,211,"COVID-19"
"DE","05-14",2022-04-27,2022-04-04,"-23 day ahead inc hosp","quantile",0.975,218,"COVID-19"
"DE","05-14",2022-04-27,2022-04-03,"-24 day ahead inc hosp","mean",NA,205,"COVID-19"
"DE","05-14",2022-04-27,2022-04-03,"-24 day ahead inc hosp","quantile",0.025,198,"COVID-19"
"DE","05-14",2022-04-27,2022-04-03,"-24 day ahead inc hosp","quantile",0.1,199,"COVID-19"
"DE","05-14",2022-04-27,2022-04-03,"-24 day ahead inc hosp","quantile",0.25,201,"COVID-19"
"DE","05-14",2022-04-27,2022-04-03,"-24 day ahead inc hosp","quantile",0.5,204,"COVID-19"
"DE","05-14",2022-04-27,2022-04-03,"-24 day ahead inc hosp","quantile",0.75,208,"COVID-19"
"DE","05-14",2022-04-27,2022-04-03,"-24 day ahead inc hosp","quantile",0.9,213,"COVID-19"
"DE","05-14",2022-04-27,2022-04-03,"-24 day ahead inc hosp","quantile",0.975,220,"COVID-19"
"DE","05-14",2022-04-27,2022-04-02,"-25 day ahead inc hosp","mean",NA,212,"COVID-19"
"DE","05-14",2022-04-27,2022-04-02,"-25 day ahead inc hosp","quantile",0.025,205,"COVID-19"
"DE","05-14",2022-04-27,2022-04-02,"-25 day ahead inc hosp","quantile",0.1,206,"COVID-19"
"DE","05-14",2022-04-27,2022-04-02,"-25 day ahead inc hosp","quantile",0.25,208,"COVID-19"
"DE","05-14",2022-04-27,2022-04-02,"-25 day ahead inc hosp","quantile",0.5,211,"COVID-19"
"DE","05-14",2022-04-27,2022-04-02,"-25 day ahead inc hosp","quantile",0.75,215,"COVID-19"
"DE","05-14",2022-04-27,2022-04-02,"-25 day ahead inc hosp","quantile",0.9,220,"COVID-19"
"DE","05-14",2022-04-27,2022-04-02,"-25 day ahead inc hosp","quantile",0.975,227,"COVID-19"
"DE","05-14",2022-04-27,2022-04-01,"-26 day ahead inc hosp","mean",NA,218,"COVID-19"
"DE","05-14",2022-04-27,2022-04-01,"-26 day ahead inc hosp","quantile",0.025,211,"COVID-19"
"DE","05-14",2022-04-27,2022-04-01,"-26 day ahead inc hosp","quantile",0.1,212,"COVID-19"
"DE","05-14",2022-04-27,2022-04-01,"-26 day ahead inc hosp","quantile",0.25,214,"COVID-19"
"DE","05-14",2022-04-27,2022-04-01,"-26 day ahead inc hosp","quantile",0.5,216,"COVID-19"
"DE","05-14",2022-04-27,2022-04-01,"-26 day ahead inc hosp","quantile",0.75,220,"COVID-19"
"DE","05-14",2022-04-27,2022-04-01,"-26 day ahead inc hosp","quantile",0.9,225,"COVID-19"
"DE","05-14",2022-04-27,2022-04-01,"-26 day ahead inc hosp","quantile",0.975,232,"COVID-19"
"DE","05-14",2022-04-27,2022-03-31,"-27 day ahead inc hosp","mean",NA,221,"COVID-19"
"DE","05-14",2022-04-27,2022-03-31,"-27 day ahead inc hosp","quantile",0.025,215,"COVID-19"
"DE","05-14",2022-04-27,2022-03-31,"-27 day ahead inc hosp","quantile",0.1,216,"COVID-19"
"DE","05-14",2022-04-27,2022-03-31,"-27 day ahead inc hosp","quantile",0.25,217,"COVID-19"
"DE","05-14",2022-04-27,2022-03-31,"-27 day ahead inc hosp","quantile",0.5,220,"COVID-19"
"DE","05-14",2022-04-27,2022-03-31,"-27 day ahead inc hosp","quantile",0.75,224,"COVID-19"
"DE","05-14",2022-04-27,2022-03-31,"-27 day ahead inc hosp","quantile",0.9,229,"COVID-19"
"DE","05-14",2022-04-27,2022-03-31,"-27 day ahead inc hosp","quantile",0.975,235,"COVID-19"
"DE","05-14",2022-04-27,2022-03-30,"-28 day ahead inc hosp","mean",NA,230,"COVID-19"
"DE","05-14",2022-04-27,2022-03-30,"-28 day ahead inc hosp","quantile",0.025,224,"COVID-19"
"DE","05-14",2022-04-27,2022-03-30,"-28 day ahead inc hosp","quantile",0.1,225,"COVID-19"
"DE","05-14",2022-04-27,2022-03-30,"-28 day ahead inc hosp","quantile",0.25,226,"COVID-19"
"DE","05-14",2022-04-27,2022-03-30,"-28 day ahead inc hosp","quantile",0.5,229,"COVID-19"
"DE","05-14",2022-04-27,2022-03-30,"-28 day ahead inc hosp","quantile",0.75,233,"COVID-19"
"DE","05-14",2022-04-27,2022-03-30,"-28 day ahead inc hosp","quantile",0.9,237,"COVID-19"
"DE","05-14",2022-04-27,2022-03-30,"-28 day ahead inc hosp","quantile",0.975,243,"COVID-19"
"DE","15-34",2022-04-27,2022-04-27,"0 day ahead inc hosp","mean",NA,841,"COVID-19"
"DE","15-34",2022-04-27,2022-04-27,"0 day ahead inc hosp","quantile",0.025,645,"COVID-19"
"DE","15-34",2022-04-27,2022-04-27,"0 day ahead inc hosp","quantile",0.1,698,"COVID-19"
"DE","15-34",2022-04-27,2022-04-27,"0 day ahead inc hosp","quantile",0.25,754,"COVID-19"
"DE","15-34",2022-04-27,2022-04-27,"0 day ahead inc hosp","quantile",0.5,828,"COVID-19"
"DE","15-34",2022-04-27,2022-04-27,"0 day ahead inc hosp","quantile",0.75,913,"COVID-19"
"DE","15-34",2022-04-27,2022-04-27,"0 day ahead inc hosp","quantile",0.9,1002,"COVID-19"
"DE","15-34",2022-04-27,2022-04-27,"0 day ahead inc hosp","quantile",0.975,1113,"COVID-19"
"DE","15-34",2022-04-27,2022-04-26,"-1 day ahead inc hosp","mean",NA,886,"COVID-19"
"DE","15-34",2022-04-27,2022-04-26,"-1 day ahead inc hosp","quantile",0.025,720,"COVID-19"
"DE","15-34",2022-04-27,2022-04-26,"-1 day ahead inc hosp","quantile",0.1,764,"COVID-19"
"DE","15-34",2022-04-27,2022-04-26,"-1 day ahead inc hosp","quantile",0.25,811,"COVID-19"
"DE","15-34",2022-04-27,2022-04-26,"-1 day ahead inc hosp","quantile",0.5,874,"COVID-19"
"DE","15-34",2022-04-27,2022-04-26,"-1 day ahead inc hosp","quantile",0.75,948,"COVID-19"
"DE","15-34",2022-04-27,2022-04-26,"-1 day ahead inc hosp","quantile",0.9,1024,"COVID-19"
"DE","15-34",2022-04-27,2022-04-26,"-1 day ahead inc hosp","quantile",0.975,1122,"COVID-19"
"DE","15-34",2022-04-27,2022-04-25,"-2 day ahead inc hosp","mean",NA,738,"COVID-19"
"DE","15-34",2022-04-27,2022-04-25,"-2 day ahead inc hosp","quantile",0.025,626,"COVID-19"
"DE","15-34",2022-04-27,2022-04-25,"-2 day ahead inc hosp","quantile",0.1,655,"COVID-19"
"DE","15-34",2022-04-27,2022-04-25,"-2 day ahead inc hosp","quantile",0.25,687,"COVID-19"
"DE","15-34",2022-04-27,2022-04-25,"-2 day ahead inc hosp","quantile",0.5,729,"COVID-19"
"DE","15-34",2022-04-27,2022-04-25,"-2 day ahead inc hosp","quantile",0.75,779,"COVID-19"
"DE","15-34",2022-04-27,2022-04-25,"-2 day ahead inc hosp","quantile",0.9,831,"COVID-19"
"DE","15-34",2022-04-27,2022-04-25,"-2 day ahead inc hosp","quantile",0.975,897,"COVID-19"
"DE","15-34",2022-04-27,2022-04-24,"-3 day ahead inc hosp","mean",NA,733,"COVID-19"
"DE","15-34",2022-04-27,2022-04-24,"-3 day ahead inc hosp","quantile",0.025,629,"COVID-19"
"DE","15-34",2022-04-27,2022-04-24,"-3 day ahead inc hosp","quantile",0.1,656,"COVID-19"
"DE","15-34",2022-04-27,2022-04-24,"-3 day ahead inc hosp","quantile",0.25,686,"COVID-19"
"DE","15-34",2022-04-27,2022-04-24,"-3 day ahead inc hosp","quantile",0.5,725,"COVID-19"
"DE","15-34",2022-04-27,2022-04-24,"-3 day ahead inc hosp","quantile",0.75,771,"COVID-19"
"DE","15-34",2022-04-27,2022-04-24,"-3 day ahead inc hosp","quantile",0.9,820,"COVID-19"
"DE","15-34",2022-04-27,2022-04-24,"-3 day ahead inc hosp","quantile",0.975,881,"COVID-19"
"DE","15-34",2022-04-27,2022-04-23,"-4 day ahead inc hosp","mean",NA,747,"COVID-19"
"DE","15-34",2022-04-27,2022-04-23,"-4 day ahead inc hosp","quantile",0.025,647,"COVID-19"
"DE","15-34",2022-04-27,2022-04-23,"-4 day ahead inc hosp","quantile",0.1,673,"COVID-19"
"DE","15-34",2022-04-27,2022-04-23,"-4 day ahead inc hosp","quantile",0.25,701,"COVID-19"
"DE","15-34",2022-04-27,2022-04-23,"-4 day ahead inc hosp","quantile",0.5,739,"COVID-19"
"DE","15-34",2022-04-27,2022-04-23,"-4 day ahead inc hosp","quantile",0.75,784,"COVID-19"
"DE","15-34",2022-04-27,2022-04-23,"-4 day ahead inc hosp","quantile",0.9,831,"COVID-19"
"DE","15-34",2022-04-27,2022-04-23,"-4 day ahead inc hosp","quantile",0.975,890,"COVID-19"
"DE","15-34",2022-04-27,2022-04-22,"-5 day ahead inc hosp","mean",NA,678,"COVID-19"
"DE","15-34",2022-04-27,2022-04-22,"-5 day ahead inc hosp","quantile",0.025,595,"COVID-19"
"DE","15-34",2022-04-27,2022-04-22,"-5 day ahead inc hosp","quantile",0.1,617,"COVID-19"
"DE","15-34",2022-04-27,2022-04-22,"-5 day ahead inc hosp","quantile",0.25,640,"COVID-19"
"DE","15-34",2022-04-27,2022-04-22,"-5 day ahead inc hosp","quantile",0.5,672,"COVID-19"
"DE","15-34",2022-04-27,2022-04-22,"-5 day ahead inc hosp","quantile",0.75,709,"COVID-19"
"DE","15-34",2022-04-27,2022-04-22,"-5 day ahead inc hosp","quantile",0.9,748,"COVID-19"
"DE","15-34",2022-04-27,2022-04-22,"-5 day ahead inc hosp","quantile",0.975,798,"COVID-19"
"DE","15-34",2022-04-27,2022-04-21,"-6 day ahead inc hosp","mean",NA,656,"COVID-19"
"DE","15-34",2022-04-27,2022-04-21,"-6 day ahead inc hosp","quantile",0.025,585,"COVID-19"
"DE","15-34",2022-04-27,2022-04-21,"-6 day ahead inc hosp","quantile",0.1,603,"COVID-19"
"DE","15-34",2022-04-27,2022-04-21,"-6 day ahead inc hosp","quantile",0.25,623,"COVID-19"
"DE","15-34",2022-04-27,2022-04-21,"-6 day ahead inc hosp","quantile",0.5,650,"COVID-19"
"DE","15-34",2022-04-27,2022-04-21,"-6 day ahead inc hosp","quantile",0.75,682,"COVID-19"
"DE","15-34",2022-04-27,2022-04-21,"-6 day ahead inc hosp","quantile",0.9,715,"COVID-19"
"DE","15-34",2022-04-27,2022-04-21,"-6 day ahead inc hosp","quantile",0.975,758,"COVID-19"
"DE","15-34",2022-04-27,2022-04-20,"-7 day ahead inc hosp","mean",NA,651,"COVID-19"
"DE","15-34",2022-04-27,2022-04-20,"-7 day ahead inc hosp","quantile",0.025,589,"COVID-19"
"DE","15-34",2022-04-27,2022-04-20,"-7 day ahead inc hosp","quantile",0.1,604,"COVID-19"
"DE","15-34",2022-04-27,2022-04-20,"-7 day ahead inc hosp","quantile",0.25,622,"COVID-19"
"DE","15-34",2022-04-27,2022-04-20,"-7 day ahead inc hosp","quantile",0.5,645,"COVID-19"
"DE","15-34",2022-04-27,2022-04-20,"-7 day ahead inc hosp","quantile",0.75,674,"COVID-19"
"DE","15-34",2022-04-27,2022-04-20,"-7 day ahead inc hosp","quantile",0.9,704,"COVID-19"
"DE","15-34",2022-04-27,2022-04-20,"-7 day ahead inc hosp","quantile",0.975,743,"COVID-19"
"DE","15-34",2022-04-27,2022-04-19,"-8 day ahead inc hosp","mean",NA,592,"COVID-19"
"DE","15-34",2022-04-27,2022-04-19,"-8 day ahead inc hosp","quantile",0.025,544,"COVID-19"
"DE","15-34",2022-04-27,2022-04-19,"-8 day ahead inc hosp","quantile",0.1,556,"COVID-19"
"DE","15-34",2022-04-27,2022-04-19,"-8 day ahead inc hosp","quantile",0.25,569,"COVID-19"
"DE","15-34",2022-04-27,2022-04-19,"-8 day ahead inc hosp","quantile",0.5,587,"COVID-19"
"DE","15-34",2022-04-27,2022-04-19,"-8 day ahead inc hosp","quantile",0.75,610,"COVID-19"
"DE","15-34",2022-04-27,2022-04-19,"-8 day ahead inc hosp","quantile",0.9,633,"COVID-19"
"DE","15-34",2022-04-27,2022-04-19,"-8 day ahead inc hosp","quantile",0.975,664,"COVID-19"
"DE","15-34",2022-04-27,2022-04-18,"-9 day ahead inc hosp","mean",NA,725,"COVID-19"
"DE","15-34",2022-04-27,2022-04-18,"-9 day ahead inc hosp","quantile",0.025,671,"COVID-19"
"DE","15-34",2022-04-27,2022-04-18,"-9 day ahead inc hosp","quantile",0.1,684,"COVID-19"
"DE","15-34",2022-04-27,2022-04-18,"-9 day ahead inc hosp","quantile",0.25,699,"COVID-19"
"DE","15-34",2022-04-27,2022-04-18,"-9 day ahead inc hosp","quantile",0.5,719,"COVID-19"
"DE","15-34",2022-04-27,2022-04-18,"-9 day ahead inc hosp","quantile",0.75,745,"COVID-19"
"DE","15-34",2022-04-27,2022-04-18,"-9 day ahead inc hosp","quantile",0.9,772,"COVID-19"
"DE","15-34",2022-04-27,2022-04-18,"-9 day ahead inc hosp","quantile",0.975,808,"COVID-19"
"DE","15-34",2022-04-27,2022-04-17,"-10 day ahead inc hosp","mean",NA,740,"COVID-19"
"DE","15-34",2022-04-27,2022-04-17,"-10 day ahead inc hosp","quantile",0.025,685,"COVID-19"
"DE","15-34",2022-04-27,2022-04-17,"-10 day ahead inc hosp","quantile",0.1,698,"COVID-19"
"DE","15-34",2022-04-27,2022-04-17,"-10 day ahead inc hosp","quantile",0.25,713,"COVID-19"
"DE","15-34",2022-04-27,2022-04-17,"-10 day ahead inc hosp","quantile",0.5,734,"COVID-19"
"DE","15-34",2022-04-27,2022-04-17,"-10 day ahead inc hosp","quantile",0.75,760,"COVID-19"
"DE","15-34",2022-04-27,2022-04-17,"-10 day ahead inc hosp","quantile",0.9,789,"COVID-19"
"DE","15-34",2022-04-27,2022-04-17,"-10 day ahead inc hosp","quantile",0.975,826,"COVID-19"
"DE","15-34",2022-04-27,2022-04-16,"-11 day ahead inc hosp","mean",NA,739,"COVID-19"
"DE","15-34",2022-04-27,2022-04-16,"-11 day ahead inc hosp","quantile",0.025,686,"COVID-19"
"DE","15-34",2022-04-27,2022-04-16,"-11 day ahead inc hosp","quantile",0.1,698,"COVID-19"
"DE","15-34",2022-04-27,2022-04-16,"-11 day ahead inc hosp","quantile",0.25,713,"COVID-19"
"DE","15-34",2022-04-27,2022-04-16,"-11 day ahead inc hosp","quantile",0.5,733,"COVID-19"
"DE","15-34",2022-04-27,2022-04-16,"-11 day ahead inc hosp","quantile",0.75,760,"COVID-19"
"DE","15-34",2022-04-27,2022-04-16,"-11 day ahead inc hosp","quantile",0.9,788,"COVID-19"
"DE","15-34",2022-04-27,2022-04-16,"-11 day ahead inc hosp","quantile",0.975,825,"COVID-19"
"DE","15-34",2022-04-27,2022-04-15,"-12 day ahead inc hosp","mean",NA,834,"COVID-19"
"DE","15-34",2022-04-27,2022-04-15,"-12 day ahead inc hosp","quantile",0.025,777,"COVID-19"
"DE","15-34",2022-04-27,2022-04-15,"-12 day ahead inc hosp","quantile",0.1,789,"COVID-19"
"DE","15-34",2022-04-27,2022-04-15,"-12 day ahead inc hosp","quantile",0.25,805,"COVID-19"
"DE","15-34",2022-04-27,2022-04-15,"-12 day ahead inc hosp","quantile",0.5,827,"COVID-19"
"DE","15-34",2022-04-27,2022-04-15,"-12 day ahead inc hosp","quantile",0.75,856,"COVID-19"
"DE","15-34",2022-04-27,2022-04-15,"-12 day ahead inc hosp","quantile",0.9,887,"COVID-19"
"DE","15-34",2022-04-27,2022-04-15,"-12 day ahead inc hosp","quantile",0.975,928,"COVID-19"
"DE","15-34",2022-04-27,2022-04-14,"-13 day ahead inc hosp","mean",NA,833,"COVID-19"
"DE","15-34",2022-04-27,2022-04-14,"-13 day ahead inc hosp","quantile",0.025,780,"COVID-19"
"DE","15-34",2022-04-27,2022-04-14,"-13 day ahead inc hosp","quantile",0.1,791,"COVID-19"
"DE","15-34",2022-04-27,2022-04-14,"-13 day ahead inc hosp","quantile",0.25,806,"COVID-19"
"DE","15-34",2022-04-27,2022-04-14,"-13 day ahead inc hosp","quantile",0.5,827,"COVID-19"
"DE","15-34",2022-04-27,2022-04-14,"-13 day ahead inc hosp","quantile",0.75,854,"COVID-19"
"DE","15-34",2022-04-27,2022-04-14,"-13 day ahead inc hosp","quantile",0.9,884,"COVID-19"
"DE","15-34",2022-04-27,2022-04-14,"-13 day ahead inc hosp","quantile",0.975,924,"COVID-19"
"DE","15-34",2022-04-27,2022-04-13,"-14 day ahead inc hosp","mean",NA,841,"COVID-19"
"DE","15-34",2022-04-27,2022-04-13,"-14 day ahead inc hosp","quantile",0.025,791,"COVID-19"
"DE","15-34",2022-04-27,2022-04-13,"-14 day ahead inc hosp","quantile",0.1,801,"COVID-19"
"DE","15-34",2022-04-27,2022-04-13,"-14 day ahead inc hosp","quantile",0.25,815,"COVID-19"
"DE","15-34",2022-04-27,2022-04-13,"-14 day ahead inc hosp","quantile",0.5,835,"COVID-19"
"DE","15-34",2022-04-27,2022-04-13,"-14 day ahead inc hosp","quantile",0.75,860,"COVID-19"
"DE","15-34",2022-04-27,2022-04-13,"-14 day ahead inc hosp","quantile",0.9,889,"COVID-19"
"DE","15-34",2022-04-27,2022-04-13,"-14 day ahead inc hosp","quantile",0.975,927,"COVID-19"
"DE","15-34",2022-04-27,2022-04-12,"-15 day ahead inc hosp","mean",NA,860,"COVID-19"
"DE","15-34",2022-04-27,2022-04-12,"-15 day ahead inc hosp","quantile",0.025,812,"COVID-19"
"DE","15-34",2022-04-27,2022-04-12,"-15 day ahead inc hosp","quantile",0.1,822,"COVID-19"
"DE","15-34",2022-04-27,2022-04-12,"-15 day ahead inc hosp","quantile",0.25,835,"COVID-19"
"DE","15-34",2022-04-27,2022-04-12,"-15 day ahead inc hosp","quantile",0.5,854,"COVID-19"
"DE","15-34",2022-04-27,2022-04-12,"-15 day ahead inc hosp","quantile",0.75,878,"COVID-19"
"DE","15-34",2022-04-27,2022-04-12,"-15 day ahead inc hosp","quantile",0.9,905,"COVID-19"
"DE","15-34",2022-04-27,2022-04-12,"-15 day ahead inc hosp","quantile",0.975,941,"COVID-19"
"DE","15-34",2022-04-27,2022-04-11,"-16 day ahead inc hosp","mean",NA,850,"COVID-19"
"DE","15-34",2022-04-27,2022-04-11,"-16 day ahead inc hosp","quantile",0.025,808,"COVID-19"
"DE","15-34",2022-04-27,2022-04-11,"-16 day ahead inc hosp","quantile",0.1,817,"COVID-19"
"DE","15-34",2022-04-27,2022-04-11,"-16 day ahead inc hosp","quantile",0.25,828,"COVID-19"
"DE","15-34",2022-04-27,2022-04-11,"-16 day ahead inc hosp","quantile",0.5,844,"COVID-19"
"DE","15-34",2022-04-27,2022-04-11,"-16 day ahead inc hosp","quantile",0.75,866,"COVID-19"
"DE","15-34",2022-04-27,2022-04-11,"-16 day ahead inc hosp","quantile",0.9,891,"COVID-19"
"DE","15-34",2022-04-27,2022-04-11,"-16 day ahead inc hosp","quantile",0.975,924,"COVID-19"
"DE","15-34",2022-04-27,2022-04-10,"-17 day ahead inc hosp","mean",NA,840,"COVID-19"
"DE","15-34",2022-04-27,2022-04-10,"-17 day ahead inc hosp","quantile",0.025,799,"COVID-19"
"DE","15-34",2022-04-27,2022-04-10,"-17 day ahead inc hosp","quantile",0.1,807,"COVID-19"
"DE","15-34",2022-04-27,2022-04-10,"-17 day ahead inc hosp","quantile",0.25,818,"COVID-19"
"DE","15-34",2022-04-27,2022-04-10,"-17 day ahead inc hosp","quantile",0.5,834,"COVID-19"
"DE","15-34",2022-04-27,2022-04-10,"-17 day ahead inc hosp","quantile",0.75,855,"COVID-19"
"DE","15-34",2022-04-27,2022-04-10,"-17 day ahead inc hosp","quantile",0.9,880,"COVID-19"
"DE","15-34",2022-04-27,2022-04-10,"-17 day ahead inc hosp","quantile",0.975,912,"COVID-19"
"DE","15-34",2022-04-27,2022-04-09,"-18 day ahead inc hosp","mean",NA,857,"COVID-19"
"DE","15-34",2022-04-27,2022-04-09,"-18 day ahead inc hosp","quantile",0.025,816,"COVID-19"
"DE","15-34",2022-04-27,2022-04-09,"-18 day ahead inc hosp","quantile",0.1,824,"COVID-19"
"DE","15-34",2022-04-27,2022-04-09,"-18 day ahead inc hosp","quantile",0.25,835,"COVID-19"
"DE","15-34",2022-04-27,2022-04-09,"-18 day ahead inc hosp","quantile",0.5,851,"COVID-19"
"DE","15-34",2022-04-27,2022-04-09,"-18 day ahead inc hosp","quantile",0.75,872,"COVID-19"
"DE","15-34",2022-04-27,2022-04-09,"-18 day ahead inc hosp","quantile",0.9,896,"COVID-19"
"DE","15-34",2022-04-27,2022-04-09,"-18 day ahead inc hosp","quantile",0.975,930,"COVID-19"
"DE","15-34",2022-04-27,2022-04-08,"-19 day ahead inc hosp","mean",NA,833,"COVID-19"
"DE","15-34",2022-04-27,2022-04-08,"-19 day ahead inc hosp","quantile",0.025,797,"COVID-19"
"DE","15-34",2022-04-27,2022-04-08,"-19 day ahead inc hosp","quantile",0.1,804,"COVID-19"
"DE","15-34",2022-04-27,2022-04-08,"-19 day ahead inc hosp","quantile",0.25,813,"COVID-19"
"DE","15-34",2022-04-27,2022-04-08,"-19 day ahead inc hosp","quantile",0.5,828,"COVID-19"
"DE","15-34",2022-04-27,2022-04-08,"-19 day ahead inc hosp","quantile",0.75,847,"COVID-19"
"DE","15-34",2022-04-27,2022-04-08,"-19 day ahead inc hosp","quantile",0.9,869,"COVID-19"
"DE","15-34",2022-04-27,2022-04-08,"-19 day ahead inc hosp","quantile",0.975,900,"COVID-19"
"DE","15-34",2022-04-27,2022-04-07,"-20 day ahead inc hosp","mean",NA,890,"COVID-19"
"DE","15-34",2022-04-27,2022-04-07,"-20 day ahead inc hosp","quantile",0.025,855,"COVID-19"
"DE","15-34",2022-04-27,2022-04-07,"-20 day ahead inc hosp","quantile",0.1,862,"COVID-19"
"DE","15-34",2022-04-27,2022-04-07,"-20 day ahead inc hosp","quantile",0.25,871,"COVID-19"
"DE","15-34",2022-04-27,2022-04-07,"-20 day ahead inc hosp","quantile",0.5,885,"COVID-19"
"DE","15-34",2022-04-27,2022-04-07,"-20 day ahead inc hosp","quantile",0.75,904,"COVID-19"
"DE","15-34",2022-04-27,2022-04-07,"-20 day ahead inc hosp","quantile",0.9,926,"COVID-19"
"DE","15-34",2022-04-27,2022-04-07,"-20 day ahead inc hosp","quantile",0.975,956,"COVID-19"
"DE","15-34",2022-04-27,2022-04-06,"-21 day ahead inc hosp","mean",NA,935,"COVID-19"
"DE","15-34",2022-04-27,2022-04-06,"-21 day ahead inc hosp","quantile",0.025,901,"COVID-19"
"DE","15-34",2022-04-27,2022-04-06,"-21 day ahead inc hosp","quantile",0.1,908,"COVID-19"
"DE","15-34",2022-04-27,2022-04-06,"-21 day ahead inc hosp","quantile",0.25,916,"COVID-19"
"DE","15-34",2022-04-27,2022-04-06,"-21 day ahead inc hosp","quantile",0.5,930,"COVID-19"
"DE","15-34",2022-04-27,2022-04-06,"-21 day ahead inc hosp","quantile",0.75,948,"COVID-19"
"DE","15-34",2022-04-27,2022-04-06,"-21 day ahead inc hosp","quantile",0.9,969,"COVID-19"
"DE","15-34",2022-04-27,2022-04-06,"-21 day ahead inc hosp","quantile",0.975,998,"COVID-19"
"DE","15-34",2022-04-27,2022-04-05,"-22 day ahead inc hosp","mean",NA,964,"COVID-19"
"DE","15-34",2022-04-27,2022-04-05,"-22 day ahead inc hosp","quantile",0.025,933,"COVID-19"
"DE","15-34",2022-04-27,2022-04-05,"-22 day ahead inc hosp","quantile",0.1,938,"COVID-19"
"DE","15-34",2022-04-27,2022-04-05,"-22 day ahead inc hosp","quantile",0.25,946,"COVID-19"
"DE","15-34",2022-04-27,2022-04-05,"-22 day ahead inc hosp","quantile",0.5,959,"COVID-19"
"DE","15-34",2022-04-27,2022-04-05,"-22 day ahead inc hosp","quantile",0.75,976,"COVID-19"
"DE","15-34",2022-04-27,2022-04-05,"-22 day ahead inc hosp","quantile",0.9,996,"COVID-19"
"DE","15-34",2022-04-27,2022-04-05,"-22 day ahead inc hosp","quantile",0.975,1023,"COVID-19"
"DE","15-34",2022-04-27,2022-04-04,"-23 day ahead inc hosp","mean",NA,974,"COVID-19"
"DE","15-34",2022-04-27,2022-04-04,"-23 day ahead inc hosp","quantile",0.025,946,"COVID-19"
"DE","15-34",2022-04-27,2022-04-04,"-23 day ahead inc hosp","quantile",0.1,951,"COVID-19"
"DE","15-34",2022-04-27,2022-04-04,"-23 day ahead inc hosp","quantile",0.25,958,"COVID-19"
"DE","15-34",2022-04-27,2022-04-04,"-23 day ahead inc hosp","quantile",0.5,969,"COVID-19"
"DE","15-34",2022-04-27,2022-04-04,"-23 day ahead inc hosp","quantile",0.75,984,"COVID-19"
"DE","15-34",2022-04-27,2022-04-04,"-23 day ahead inc hosp","quantile",0.9,1002,"COVID-19"
"DE","15-34",2022-04-27,2022-04-04,"-23 day ahead inc hosp","quantile",0.975,1027,"COVID-19"
"DE","15-34",2022-04-27,2022-04-03,"-24 day ahead inc hosp","mean",NA,1001,"COVID-19"
"DE","15-34",2022-04-27,2022-04-03,"-24 day ahead inc hosp","quantile",0.025,974,"COVID-19"
"DE","15-34",2022-04-27,2022-04-03,"-24 day ahead inc hosp","quantile",0.1,979,"COVID-19"
"DE","15-34",2022-04-27,2022-04-03,"-24 day ahead inc hosp","quantile",0.25,986,"COVID-19"
"DE","15-34",2022-04-27,2022-04-03,"-24 day ahead inc hosp","quantile",0.5,997,"COVID-19"
"DE","15-34",2022-04-27,2022-04-03,"-24 day ahead inc hosp","quantile",0.75,1012,"COVID-19"
"DE","15-34",2022-04-27,2022-04-03,"-24 day ahead inc hosp","quantile",0.9,1030,"COVID-19"
"DE","15-34",2022-04-27,2022-04-03,"-24 day ahead inc hosp","quantile",0.975,1055,"COVID-19"
"DE","15-34",2022-04-27,2022-04-02,"-25 day ahead inc hosp","mean",NA,1020,"COVID-19"
"DE","15-34",2022-04-27,2022-04-02,"-25 day ahead inc hosp","quantile",0.025,993,"COVID-19"
"DE","15-34",2022-04-27,2022-04-02,"-25 day ahead inc hosp","quantile",0.1,998,"COVID-19"
"DE","15-34",2022-04-27,2022-04-02,"-25 day ahead inc hosp","quantile",0.25,1005,"COVID-19"
"DE","15-34",2022-04-27,2022-04-02,"-25 day ahead inc hosp","quantile",0.5,1016,"COVID-19"
"DE","15-34",2022-04-27,2022-04-02,"-25 day ahead inc hosp","quantile",0.75,1031,"COVID-19"
"DE","15-34",2022-04-27,2022-04-02,"-25 day ahead inc hosp","quantile",0.9,1049,"COVID-19"
"DE","15-34",2022-04-27,2022-04-02,"-25 day ahead inc hosp","quantile",0.975,1074,"COVID-19"
"DE","15-34",2022-04-27,2022-04-01,"-26 day ahead inc hosp","mean",NA,1064,"COVID-19"
"DE","15-34",2022-04-27,2022-04-01,"-26 day ahead inc hosp","quantile",0.025,1037,"COVID-19"
"DE","15-34",2022-04-27,2022-04-01,"-26 day ahead inc hosp","quantile",0.1,1042,"COVID-19"
"DE","15-34",2022-04-27,2022-04-01,"-26 day ahead inc hosp","quantile",0.25,1048,"COVID-19"
"DE","15-34",2022-04-27,2022-04-01,"-26 day ahead inc hosp","quantile",0.5,1059,"COVID-19"
"DE","15-34",2022-04-27,2022-04-01,"-26 day ahead inc hosp","quantile",0.75,1074,"COVID-19"
"DE","15-34",2022-04-27,2022-04-01,"-26 day ahead inc hosp","quantile",0.9,1091,"COVID-19"
"DE","15-34",2022-04-27,2022-04-01,"-26 day ahead inc hosp","quantile",0.975,1115,"COVID-19"
"DE","15-34",2022-04-27,2022-03-31,"-27 day ahead inc hosp","mean",NA,1074,"COVID-19"
"DE","15-34",2022-04-27,2022-03-31,"-27 day ahead inc hosp","quantile",0.025,1050,"COVID-19"
"DE","15-34",2022-04-27,2022-03-31,"-27 day ahead inc hosp","quantile",0.1,1054,"COVID-19"
"DE","15-34",2022-04-27,2022-03-31,"-27 day ahead inc hosp","quantile",0.25,1060,"COVID-19"
"DE","15-34",2022-04-27,2022-03-31,"-27 day ahead inc hosp","quantile",0.5,1070,"COVID-19"
"DE","15-34",2022-04-27,2022-03-31,"-27 day ahead inc hosp","quantile",0.75,1084,"COVID-19"
"DE","15-34",2022-04-27,2022-03-31,"-27 day ahead inc hosp","quantile",0.9,1100,"COVID-19"
"DE","15-34",2022-04-27,2022-03-31,"-27 day ahead inc hosp","quantile",0.975,1122,"COVID-19"
"DE","15-34",2022-04-27,2022-03-30,"-28 day ahead inc hosp","mean",NA,1105,"COVID-19"
"DE","15-34",2022-04-27,2022-03-30,"-28 day ahead inc hosp","quantile",0.025,1083,"COVID-19"
"DE","15-34",2022-04-27,2022-03-30,"-28 day ahead inc hosp","quantile",0.1,1086,"COVID-19"
"DE","15-34",2022-04-27,2022-03-30,"-28 day ahead inc hosp","quantile",0.25,1092,"COVID-19"
"DE","15-34",2022-04-27,2022-03-30,"-28 day ahead inc hosp","quantile",0.5,1101,"COVID-19"
"DE","15-34",2022-04-27,2022-03-30,"-28 day ahead inc hosp","quantile",0.75,1114,"COVID-19"
"DE","15-34",2022-04-27,2022-03-30,"-28 day ahead inc hosp","quantile",0.9,1129,"COVID-19"
"DE","15-34",2022-04-27,2022-03-30,"-28 day ahead inc hosp","quantile",0.975,1150,"COVID-19"
"DE","35-59",2022-04-27,2022-04-27,"0 day ahead inc hosp","mean",NA,1430,"COVID-19"
"DE","35-59",2022-04-27,2022-04-27,"0 day ahead inc hosp","quantile",0.025,1078,"COVID-19"
"DE","35-59",2022-04-27,2022-04-27,"0 day ahead inc hosp","quantile",0.1,1171,"COVID-19"
"DE","35-59",2022-04-27,2022-04-27,"0 day ahead inc hosp","quantile",0.25,1272,"COVID-19"
"DE","35-59",2022-04-27,2022-04-27,"0 day ahead inc hosp","quantile",0.5,1405,"COVID-19"
"DE","35-59",2022-04-27,2022-04-27,"0 day ahead inc hosp","quantile",0.75,1560,"COVID-19"
"DE","35-59",2022-04-27,2022-04-27,"0 day ahead inc hosp","quantile",0.9,1721,"COVID-19"
"DE","35-59",2022-04-27,2022-04-27,"0 day ahead inc hosp","quantile",0.975,1925,"COVID-19"
"DE","35-59",2022-04-27,2022-04-26,"-1 day ahead inc hosp","mean",NA,1568,"COVID-19"
"DE","35-59",2022-04-27,2022-04-26,"-1 day ahead inc hosp","quantile",0.025,1253,"COVID-19"
"DE","35-59",2022-04-27,2022-04-26,"-1 day ahead inc hosp","quantile",0.1,1337,"COVID-19"
"DE","35-59",2022-04-27,2022-04-26,"-1 day ahead inc hosp","quantile",0.25,1427,"COVID-19"
"DE","35-59",2022-04-27,2022-04-26,"-1 day ahead inc hosp","quantile",0.5,1545,"COVID-19"
"DE","35-59",2022-04-27,2022-04-26,"-1 day ahead inc hosp","quantile",0.75,1684,"COVID-19"
"DE","35-59",2022-04-27,2022-04-26,"-1 day ahead inc hosp","quantile",0.9,1828,"COVID-19"
"DE","35-59",2022-04-27,2022-04-26,"-1 day ahead inc hosp","quantile",0.975,2011,"COVID-19"
"DE","35-59",2022-04-27,2022-04-25,"-2 day ahead inc hosp","mean",NA,1340,"COVID-19"
"DE","35-59",2022-04-27,2022-04-25,"-2 day ahead inc hosp","quantile",0.025,1113,"COVID-19"
"DE","35-59",2022-04-27,2022-04-25,"-2 day ahead inc hosp","quantile",0.1,1173,"COVID-19"
"DE","35-59",2022-04-27,2022-04-25,"-2 day ahead inc hosp","quantile",0.25,1238,"COVID-19"
"DE","35-59",2022-04-27,2022-04-25,"-2 day ahead inc hosp","quantile",0.5,1323,"COVID-19"
"DE","35-59",2022-04-27,2022-04-25,"-2 day ahead inc hosp","quantile",0.75,1424,"COVID-19"
"DE","35-59",2022-04-27,2022-04-25,"-2 day ahead inc hosp","quantile",0.9,1528,"COVID-19"
"DE","35-59",2022-04-27,2022-04-25,"-2 day ahead inc hosp","quantile",0.975,1660,"COVID-19"
"DE","35-59",2022-04-27,2022-04-24,"-3 day ahead inc hosp","mean",NA,1310,"COVID-19"
"DE","35-59",2022-04-27,2022-04-24,"-3 day ahead inc hosp","quantile",0.025,1101,"COVID-19"
"DE","35-59",2022-04-27,2022-04-24,"-3 day ahead inc hosp","quantile",0.1,1157,"COVID-19"
"DE","35-59",2022-04-27,2022-04-24,"-3 day ahead inc hosp","quantile",0.25,1217,"COVID-19"
"DE","35-59",2022-04-27,2022-04-24,"-3 day ahead inc hosp","quantile",0.5,1295,"COVID-19"
"DE","35-59",2022-04-27,2022-04-24,"-3 day ahead inc hosp","quantile",0.75,1388,"COVID-19"
"DE","35-59",2022-04-27,2022-04-24,"-3 day ahead inc hosp","quantile",0.9,1483,"COVID-19"
"DE","35-59",2022-04-27,2022-04-24,"-3 day ahead inc hosp","quantile",0.975,1604,"COVID-19"
"DE","35-59",2022-04-27,2022-04-23,"-4 day ahead inc hosp","mean",NA,1309,"COVID-19"
"DE","35-59",2022-04-27,2022-04-23,"-4 day ahead inc hosp","quantile",0.025,1112,"COVID-19"
"DE","35-59",2022-04-27,2022-04-23,"-4 day ahead inc hosp","quantile",0.1,1165,"COVID-19"
"DE","35-59",2022-04-27,2022-04-23,"-4 day ahead inc hosp","quantile",0.25,1221,"COVID-19"
"DE","35-59",2022-04-27,2022-04-23,"-4 day ahead inc hosp","quantile",0.5,1295,"COVID-19"
"DE","35-59",2022-04-27,2022-04-23,"-4 day ahead inc hosp","quantile",0.75,1382,"COVID-19"
"DE","35-59",2022-04-27,2022-04-23,"-4 day ahead inc hosp","quantile",0.9,1471,"COVID-19"
"DE","35-59",2022-04-27,2022-04-23,"-4 day ahead inc hosp","quantile",0.975,1584,"COVID-19"
"DE","35-59",2022-04-27,2022-04-22,"-5 day ahead inc hosp","mean",NA,1153,"COVID-19"
"DE","35-59",2022-04-27,2022-04-22,"-5 day ahead inc hosp","quantile",0.025,994,"COVID-19"
"DE","35-59",2022-04-27,2022-04-22,"-5 day ahead inc hosp","quantile",0.1,1036,"COVID-19"
"DE","35-59",2022-04-27,2022-04-22,"-5 day ahead inc hosp","quantile",0.25,1082,"COVID-19"
"DE","35-59",2022-04-27,2022-04-22,"-5 day ahead inc hosp","quantile",0.5,1142,"COVID-19"
"DE","35-59",2022-04-27,2022-04-22,"-5 day ahead inc hosp","quantile",0.75,1212,"COVID-19"
"DE","35-59",2022-04-27,2022-04-22,"-5 day ahead inc hosp","quantile",0.9,1284,"COVID-19"
"DE","35-59",2022-04-27,2022-04-22,"-5 day ahead inc hosp","quantile",0.975,1375,"COVID-19"
"DE","35-59",2022-04-27,2022-04-21,"-6 day ahead inc hosp","mean",NA,1145,"COVID-19"
"DE","35-59",2022-04-27,2022-04-21,"-6 day ahead inc hosp","quantile",0.025,1007,"COVID-19"
"DE","35-59",2022-04-27,2022-04-21,"-6 day ahead inc hosp","quantile",0.1,1043,"COVID-19"
"DE","35-59",2022-04-27,2022-04-21,"-6 day ahead inc hosp","quantile",0.25,1083,"COVID-19"
"DE","35-59",2022-04-27,2022-04-21,"-6 day ahead inc hosp","quantile",0.5,1135,"COVID-19"
"DE","35-59",2022-04-27,2022-04-21,"-6 day ahead inc hosp","quantile",0.75,1196,"COVID-19"
"DE","35-59",2022-04-27,2022-04-21,"-6 day ahead inc hosp","quantile",0.9,1259,"COVID-19"
"DE","35-59",2022-04-27,2022-04-21,"-6 day ahead inc hosp","quantile",0.975,1339,"COVID-19"
"DE","35-59",2022-04-27,2022-04-20,"-7 day ahead inc hosp","mean",NA,1081,"COVID-19"
"DE","35-59",2022-04-27,2022-04-20,"-7 day ahead inc hosp","quantile",0.025,969,"COVID-19"
"DE","35-59",2022-04-27,2022-04-20,"-7 day ahead inc hosp","quantile",0.1,999,"COVID-19"
"DE","35-59",2022-04-27,2022-04-20,"-7 day ahead inc hosp","quantile",0.25,1031,"COVID-19"
"DE","35-59",2022-04-27,2022-04-20,"-7 day ahead inc hosp","quantile",0.5,1073,"COVID-19"
"DE","35-59",2022-04-27,2022-04-20,"-7 day ahead inc hosp","quantile",0.75,1123,"COVID-19"
"DE","35-59",2022-04-27,2022-04-20,"-7 day ahead inc hosp","quantile",0.9,1175,"COVID-19"
"DE","35-59",2022-04-27,2022-04-20,"-7 day ahead inc hosp","quantile",0.975,1240,"COVID-19"
"DE","35-59",2022-04-27,2022-04-19,"-8 day ahead inc hosp","mean",NA,1025,"COVID-19"
"DE","35-59",2022-04-27,2022-04-19,"-8 day ahead inc hosp","quantile",0.025,937,"COVID-19"
"DE","35-59",2022-04-27,2022-04-19,"-8 day ahead inc hosp","quantile",0.1,960,"COVID-19"
"DE","35-59",2022-04-27,2022-04-19,"-8 day ahead inc hosp","quantile",0.25,985,"COVID-19"
"DE","35-59",2022-04-27,2022-04-19,"-8 day ahead inc hosp","quantile",0.5,1019,"COVID-19"
"DE","35-59",2022-04-27,2022-04-19,"-8 day ahead inc hosp","quantile",0.75,1058,"COVID-19"
"DE","35-59",2022-04-27,2022-04-19,"-8 day ahead inc hosp","quantile",0.9,1099,"COVID-19"
"DE","35-59",2022-04-27,2022-04-19,"-8 day ahead inc hosp","quantile",0.975,1151,"COVID-19"
"DE","35-59",2022-04-27,2022-04-18,"-9 day ahead inc hosp","mean",NA,1220,"COVID-19"
"DE","35-59",2022-04-27,2022-04-18,"-9 day ahead inc hosp","quantile",0.025,1122,"COVID-19"
"DE","35-59",2022-04-27,2022-04-18,"-9 day ahead inc hosp","quantile",0.1,1147,"COVID-19"
"DE","35-59",2022-04-27,2022-04-18,"-9 day ahead inc hosp","quantile",0.25,1175,"COVID-19"
"DE","35-59",2022-04-27,2022-04-18,"-9 day ahead inc hosp","quantile",0.5,1212,"COVID-19"
"DE","35-59",2022-04-27,2022-04-18,"-9 day ahead inc hosp","quantile",0.75,1256,"COVID-19"
"DE","35-59",2022-04-27,2022-04-18,"-9 day ahead inc hosp","quantile",0.9,1302,"COVID-19"
"DE","35-59",2022-04-27,2022-04-18,"-9 day ahead inc hosp","quantile",0.975,1361,"COVID-19"
"DE","35-59",2022-04-27,2022-04-17,"-10 day ahead inc hosp","mean",NA,1246,"COVID-19"
"DE","35-59",2022-04-27,2022-04-17,"-10 day ahead inc hosp","quantile",0.025,1148,"COVID-19"
"DE","35-59",2022-04-27,2022-04-17,"-10 day ahead inc hosp","quantile",0.1,1173,"COVID-19"
"DE","35-59",2022-04-27,2022-04-17,"-10 day ahead inc hosp","quantile",0.25,1201,"COVID-19"
"DE","35-59",2022-04-27,2022-04-17,"-10 day ahead inc hosp","quantile",0.5,1238,"COVID-19"
"DE","35-59",2022-04-27,2022-04-17,"-10 day ahead inc hosp","quantile",0.75,1283,"COVID-19"
"DE","35-59",2022-04-27,2022-04-17,"-10 day ahead inc hosp","quantile",0.9,1329,"COVID-19"
"DE","35-59",2022-04-27,2022-04-17,"-10 day ahead inc hosp","quantile",0.975,1389,"COVID-19"
"DE","35-59",2022-04-27,2022-04-16,"-11 day ahead inc hosp","mean",NA,1279,"COVID-19"
"DE","35-59",2022-04-27,2022-04-16,"-11 day ahead inc hosp","quantile",0.025,1181,"COVID-19"
"DE","35-59",2022-04-27,2022-04-16,"-11 day ahead inc hosp","quantile",0.1,1206,"COVID-19"
"DE","35-59",2022-04-27,2022-04-16,"-11 day ahead inc hosp","quantile",0.25,1234,"COVID-19"
"DE","35-59",2022-04-27,2022-04-16,"-11 day ahead inc hosp","quantile",0.5,1271,"COVID-19"
"DE","35-59",2022-04-27,2022-04-16,"-11 day ahead inc hosp","quantile",0.75,1315,"COVID-19"
"DE","35-59",2022-04-27,2022-04-16,"-11 day ahead inc hosp","quantile",0.9,1362,"COVID-19"
"DE","35-59",2022-04-27,2022-04-16,"-11 day ahead inc hosp","quantile",0.975,1422,"COVID-19"
"DE","35-59",2022-04-27,2022-04-15,"-12 day ahead inc hosp","mean",NA,1426,"COVID-19"
"DE","35-59",2022-04-27,2022-04-15,"-12 day ahead inc hosp","quantile",0.025,1321,"COVID-19"
"DE","35-59",2022-04-27,2022-04-15,"-12 day ahead inc hosp","quantile",0.1,1347,"COVID-19"
"DE","35-59",2022-04-27,2022-04-15,"-12 day ahead inc hosp","quantile",0.25,1377,"COVID-19"
"DE","35-59",2022-04-27,2022-04-15,"-12 day ahead inc hosp","quantile",0.5,1417,"COVID-19"
"DE","35-59",2022-04-27,2022-04-15,"-12 day ahead inc hosp","quantile",0.75,1465,"COVID-19"
"DE","35-59",2022-04-27,2022-04-15,"-12 day ahead inc hosp","quantile",0.9,1516,"COVID-19"
"DE","35-59",2022-04-27,2022-04-15,"-12 day ahead inc hosp","quantile",0.975,1581,"COVID-19"
"DE","35-59",2022-04-27,2022-04-14,"-13 day ahead inc hosp","mean",NA,1438,"COVID-19"
"DE","35-59",2022-04-27,2022-04-14,"-13 day ahead inc hosp","quantile",0.025,1339,"COVID-19"
"DE","35-59",2022-04-27,2022-04-14,"-13 day ahead inc hosp","quantile",0.1,1364,"COVID-19"
"DE","35-59",2022-04-27,2022-04-14,"-13 day ahead inc hosp","quantile",0.25,1392,"COVID-19"
"DE","35-59",2022-04-27,2022-04-14,"-13 day ahead inc hosp","quantile",0.5,1430,"COVID-19"
"DE","35-59",2022-04-27,2022-04-14,"-13 day ahead inc hosp","quantile",0.75,1476,"COVID-19"
"DE","35-59",2022-04-27,2022-04-14,"-13 day ahead inc hosp","quantile",0.9,1524,"COVID-19"
"DE","35-59",2022-04-27,2022-04-14,"-13 day ahead inc hosp","quantile",0.975,1586,"COVID-19"
"DE","35-59",2022-04-27,2022-04-13,"-14 day ahead inc hosp","mean",NA,1503,"COVID-19"
"DE","35-59",2022-04-27,2022-04-13,"-14 day ahead inc hosp","quantile",0.025,1407,"COVID-19"
"DE","35-59",2022-04-27,2022-04-13,"-14 day ahead inc hosp","quantile",0.1,1431,"COVID-19"
"DE","35-59",2022-04-27,2022-04-13,"-14 day ahead inc hosp","quantile",0.25,1458,"COVID-19"
"DE","35-59",2022-04-27,2022-04-13,"-14 day ahead inc hosp","quantile",0.5,1495,"COVID-19"
"DE","35-59",2022-04-27,2022-04-13,"-14 day ahead inc hosp","quantile",0.75,1540,"COVID-19"
"DE","35-59",2022-04-27,2022-04-13,"-14 day ahead inc hosp","quantile",0.9,1587,"COVID-19"
"DE","35-59",2022-04-27,2022-04-13,"-14 day ahead inc hosp","quantile",0.975,1648,"COVID-19"
"DE","35-59",2022-04-27,2022-04-12,"-15 day ahead inc hosp","mean",NA,1544,"COVID-19"
"DE","35-59",2022-04-27,2022-04-12,"-15 day ahead inc hosp","quantile",0.025,1453,"COVID-19"
"DE","35-59",2022-04-27,2022-04-12,"-15 day ahead inc hosp","quantile",0.1,1475,"COVID-19"
"DE","35-59",2022-04-27,2022-04-12,"-15 day ahead inc hosp","quantile",0.25,1500,"COVID-19"
"DE","35-59",2022-04-27,2022-04-12,"-15 day ahead inc hosp","quantile",0.5,1535,"COVID-19"
"DE","35-59",2022-04-27,2022-04-12,"-15 day ahead inc hosp","quantile",0.75,1578,"COVID-19"
"DE","35-59",2022-04-27,2022-04-12,"-15 day ahead inc hosp","quantile",0.9,1623,"COVID-19"
"DE","35-59",2022-04-27,2022-04-12,"-15 day ahead inc hosp","quantile",0.975,1682,"COVID-19"
"DE","35-59",2022-04-27,2022-04-11,"-16 day ahead inc hosp","mean",NA,1554,"COVID-19"
"DE","35-59",2022-04-27,2022-04-11,"-16 day ahead inc hosp","quantile",0.025,1469,"COVID-19"
"DE","35-59",2022-04-27,2022-04-11,"-16 day ahead inc hosp","quantile",0.1,1490,"COVID-19"
"DE","35-59",2022-04-27,2022-04-11,"-16 day ahead inc hosp","quantile",0.25,1513,"COVID-19"
"DE","35-59",2022-04-27,2022-04-11,"-16 day ahead inc hosp","quantile",0.5,1546,"COVID-19"
"DE","35-59",2022-04-27,2022-04-11,"-16 day ahead inc hosp","quantile",0.75,1586,"COVID-19"
"DE","35-59",2022-04-27,2022-04-11,"-16 day ahead inc hosp","quantile",0.9,1629,"COVID-19"
"DE","35-59",2022-04-27,2022-04-11,"-16 day ahead inc hosp","quantile",0.975,1685,"COVID-19"
"DE","35-59",2022-04-27,2022-04-10,"-17 day ahead inc hosp","mean",NA,1547,"COVID-19"
"DE","35-59",2022-04-27,2022-04-10,"-17 day ahead inc hosp","quantile",0.025,1463,"COVID-19"
"DE","35-59",2022-04-27,2022-04-10,"-17 day ahead inc hosp","quantile",0.1,1483,"COVID-19"
"DE","35-59",2022-04-27,2022-04-10,"-17 day ahead inc hosp","quantile",0.25,1506,"COVID-19"
"DE","35-59",2022-04-27,2022-04-10,"-17 day ahead inc hosp","quantile",0.5,1539,"COVID-19"
"DE","35-59",2022-04-27,2022-04-10,"-17 day ahead inc hosp","quantile",0.75,1579,"COVID-19"
"DE","35-59",2022-04-27,2022-04-10,"-17 day ahead inc hosp","quantile",0.9,1623,"COVID-19"
"DE","35-59",2022-04-27,2022-04-10,"-17 day ahead inc hosp","quantile",0.975,1680,"COVID-19"
"DE","35-59",2022-04-27,2022-04-09,"-18 day ahead inc hosp","mean",NA,1567,"COVID-19"
"DE","35-59",2022-04-27,2022-04-09,"-18 day ahead inc hosp","quantile",0.025,1483,"COVID-19"
"DE","35-59",2022-04-27,2022-04-09,"-18 day ahead inc hosp","quantile",0.1,1503,"COVID-19"
"DE","35-59",2022-04-27,2022-04-09,"-18 day ahead inc hosp","quantile",0.25,1526,"COVID-19"
"DE","35-59",2022-04-27,2022-04-09,"-18 day ahead inc hosp","quantile",0.5,1558,"COVID-19"
"DE","35-59",2022-04-27,2022-04-09,"-18 day ahead inc hosp","quantile",0.75,1599,"COVID-19"
"DE","35-59",2022-04-27,2022-04-09,"-18 day ahead inc hosp","quantile",0.9,1643,"COVID-19"
"DE","35-59",2022-04-27,2022-04-09,"-18 day ahead inc hosp","quantile",0.975,1701,"COVID-19"
"DE","35-59",2022-04-27,2022-04-08,"-19 day ahead inc hosp","mean",NA,1596,"COVID-19"
"DE","35-59",2022-04-27,2022-04-08,"-19 day ahead inc hosp","quantile",0.025,1515,"COVID-19"
"DE","35-59",2022-04-27,2022-04-08,"-19 day ahead inc hosp","quantile",0.1,1533,"COVID-19"
"DE","35-59",2022-04-27,2022-04-08,"-19 day ahead inc hosp","quantile",0.25,1555,"COVID-19"
"DE","35-59",2022-04-27,2022-04-08,"-19 day ahead inc hosp","quantile",0.5,1587,"COVID-19"
"DE","35-59",2022-04-27,2022-04-08,"-19 day ahead inc hosp","quantile",0.75,1626,"COVID-19"
"DE","35-59",2022-04-27,2022-04-08,"-19 day ahead inc hosp","quantile",0.9,1670,"COVID-19"
"DE","35-59",2022-04-27,2022-04-08,"-19 day ahead inc hosp","quantile",0.975,1727,"COVID-19"
"DE","35-59",2022-04-27,2022-04-07,"-20 day ahead inc hosp","mean",NA,1640,"COVID-19"
"DE","35-59",2022-04-27,2022-04-07,"-20 day ahead inc hosp","quantile",0.025,1563,"COVID-19"
"DE","35-59",2022-04-27,2022-04-07,"-20 day ahead inc hosp","quantile",0.1,1580,"COVID-19"
"DE","35-59",2022-04-27,2022-04-07,"-20 day ahead inc hosp","quantile",0.25,1601,"COVID-19"
"DE","35-59",2022-04-27,2022-04-07,"-20 day ahead inc hosp","quantile",0.5,1631,"COVID-19"
"DE","35-59",2022-04-27,2022-04-07,"-20 day ahead inc hosp","quantile",0.75,1669,"COVID-19"
"DE","35-59",2022-04-27,2022-04-07,"-20 day ahead inc hosp","quantile",0.9,1711,"COVID-19"
"DE","35-59",2022-04-27,2022-04-07,"-20 day ahead inc hosp","quantile",0.975,1767,"COVID-19"
"DE","35-59",2022-04-27,2022-04-06,"-21 day ahead inc hosp","mean",NA,1648,"COVID-19"
"DE","35-59",2022-04-27,2022-04-06,"-21 day ahead inc hosp","quantile",0.025,1578,"COVID-19"
"DE","35-59",2022-04-27,2022-04-06,"-21 day ahead inc hosp","quantile",0.1,1593,"COVID-19"
"DE","35-59",2022-04-27,2022-04-06,"-21 day ahead inc hosp","quantile",0.25,1612,"COVID-19"
"DE","35-59",2022-04-27,2022-04-06,"-21 day ahead inc hosp","quantile",0.5,1640,"COVID-19"
"DE","35-59",2022-04-27,2022-04-06,"-21 day ahead inc hosp","quantile",0.75,1675,"COVID-19"
"DE","35-59",2022-04-27,2022-04-06,"-21 day ahead inc hosp","quantile",0.9,1714,"COVID-19"
"DE","35-59",2022-04-27,2022-04-06,"-21 day ahead inc hosp","quantile",0.975,1767,"COVID-19"
"DE","35-59",2022-04-27,2022-04-05,"-22 day ahead inc hosp","mean",NA,1685,"COVID-19"
"DE","35-59",2022-04-27,2022-04-05,"-22 day ahead inc hosp","quantile",0.025,1621,"COVID-19"
"DE","35-59",2022-04-27,2022-04-05,"-22 day ahead inc hosp","quantile",0.1,1635,"COVID-19"
"DE","35-59",2022-04-27,2022-04-05,"-22 day ahead inc hosp","quantile",0.25,1652,"COVID-19"
"DE","35-59",2022-04-27,2022-04-05,"-22 day ahead inc hosp","quantile",0.5,1677,"COVID-19"
"DE","35-59",2022-04-27,2022-04-05,"-22 day ahead inc hosp","quantile",0.75,1710,"COVID-19"
"DE","35-59",2022-04-27,2022-04-05,"-22 day ahead inc hosp","quantile",0.9,1747,"COVID-19"
"DE","35-59",2022-04-27,2022-04-05,"-22 day ahead inc hosp","quantile",0.975,1796,"COVID-19"
"DE","35-59",2022-04-27,2022-04-04,"-23 day ahead inc hosp","mean",NA,1729,"COVID-19"
"DE","35-59",2022-04-27,2022-04-04,"-23 day ahead inc hosp","quantile",0.025,1670,"COVID-19"
"DE","35-59",2022-04-27,2022-04-04,"-23 day ahead inc hosp","quantile",0.1,1683,"COVID-19"
"DE","35-59",2022-04-27,2022-04-04,"-23 day ahead inc hosp","quantile",0.25,1698,"COVID-19"
"DE","35-59",2022-04-27,2022-04-04,"-23 day ahead inc hosp","quantile",0.5,1722,"COVID-19"
"DE","35-59",2022-04-27,2022-04-04,"-23 day ahead inc hosp","quantile",0.75,1752,"COVID-19"
"DE","35-59",2022-04-27,2022-04-04,"-23 day ahead inc hosp","quantile",0.9,1786,"COVID-19"
"DE","35-59",2022-04-27,2022-04-04,"-23 day ahead inc hosp","quantile",0.975,1832,"COVID-19"
"DE","35-59",2022-04-27,2022-04-03,"-24 day ahead inc hosp","mean",NA,1758,"COVID-19"
"DE","35-59",2022-04-27,2022-04-03,"-24 day ahead inc hosp","quantile",0.025,1699,"COVID-19"
"DE","35-59",2022-04-27,2022-04-03,"-24 day ahead inc hosp","quantile",0.1,1712,"COVID-19"
"DE","35-59",2022-04-27,2022-04-03,"-24 day ahead inc hosp","quantile",0.25,1727,"COVID-19"
"DE","35-59",2022-04-27,2022-04-03,"-24 day ahead inc hosp","quantile",0.5,1750,"COVID-19"
"DE","35-59",2022-04-27,2022-04-03,"-24 day ahead inc hosp","quantile",0.75,1781,"COVID-19"
"DE","35-59",2022-04-27,2022-04-03,"-24 day ahead inc hosp","quantile",0.9,1815,"COVID-19"
"DE","35-59",2022-04-27,2022-04-03,"-24 day ahead inc hosp","quantile",0.975,1861,"COVID-19"
"DE","35-59",2022-04-27,2022-04-02,"-25 day ahead inc hosp","mean",NA,1762,"COVID-19"
"DE","35-59",2022-04-27,2022-04-02,"-25 day ahead inc hosp","quantile",0.025,1705,"COVID-19"
"DE","35-59",2022-04-27,2022-04-02,"-25 day ahead inc hosp","quantile",0.1,1716,"COVID-19"
"DE","35-59",2022-04-27,2022-04-02,"-25 day ahead inc hosp","quantile",0.25,1731,"COVID-19"
"DE","35-59",2022-04-27,2022-04-02,"-25 day ahead inc hosp","quantile",0.5,1754,"COVID-19"
"DE","35-59",2022-04-27,2022-04-02,"-25 day ahead inc hosp","quantile",0.75,1784,"COVID-19"
"DE","35-59",2022-04-27,2022-04-02,"-25 day ahead inc hosp","quantile",0.9,1818,"COVID-19"
"DE","35-59",2022-04-27,2022-04-02,"-25 day ahead inc hosp","quantile",0.975,1864,"COVID-19"
"DE","35-59",2022-04-27,2022-04-01,"-26 day ahead inc hosp","mean",NA,1800,"COVID-19"
"DE","35-59",2022-04-27,2022-04-01,"-26 day ahead inc hosp","quantile",0.025,1747,"COVID-19"
"DE","35-59",2022-04-27,2022-04-01,"-26 day ahead inc hosp","quantile",0.1,1757,"COVID-19"
"DE","35-59",2022-04-27,2022-04-01,"-26 day ahead inc hosp","quantile",0.25,1771,"COVID-19"
"DE","35-59",2022-04-27,2022-04-01,"-26 day ahead inc hosp","quantile",0.5,1793,"COVID-19"
"DE","35-59",2022-04-27,2022-04-01,"-26 day ahead inc hosp","quantile",0.75,1821,"COVID-19"
"DE","35-59",2022-04-27,2022-04-01,"-26 day ahead inc hosp","quantile",0.9,1853,"COVID-19"
"DE","35-59",2022-04-27,2022-04-01,"-26 day ahead inc hosp","quantile",0.975,1897,"COVID-19"
"DE","35-59",2022-04-27,2022-03-31,"-27 day ahead inc hosp","mean",NA,1847,"COVID-19"
"DE","35-59",2022-04-27,2022-03-31,"-27 day ahead inc hosp","quantile",0.025,1797,"COVID-19"
"DE","35-59",2022-04-27,2022-03-31,"-27 day ahead inc hosp","quantile",0.1,1807,"COVID-19"
"DE","35-59",2022-04-27,2022-03-31,"-27 day ahead inc hosp","quantile",0.25,1820,"COVID-19"
"DE","35-59",2022-04-27,2022-03-31,"-27 day ahead inc hosp","quantile",0.5,1840,"COVID-19"
"DE","35-59",2022-04-27,2022-03-31,"-27 day ahead inc hosp","quantile",0.75,1867,"COVID-19"
"DE","35-59",2022-04-27,2022-03-31,"-27 day ahead inc hosp","quantile",0.9,1897,"COVID-19"
"DE","35-59",2022-04-27,2022-03-31,"-27 day ahead inc hosp","quantile",0.975,1939,"COVID-19"
"DE","35-59",2022-04-27,2022-03-30,"-28 day ahead inc hosp","mean",NA,1865,"COVID-19"
"DE","35-59",2022-04-27,2022-03-30,"-28 day ahead inc hosp","quantile",0.025,1820,"COVID-19"
"DE","35-59",2022-04-27,2022-03-30,"-28 day ahead inc hosp","quantile",0.1,1829,"COVID-19"
"DE","35-59",2022-04-27,2022-03-30,"-28 day ahead inc hosp","quantile",0.25,1840,"COVID-19"
"DE","35-59",2022-04-27,2022-03-30,"-28 day ahead inc hosp","quantile",0.5,1859,"COVID-19"
"DE","35-59",2022-04-27,2022-03-30,"-28 day ahead inc hosp","quantile",0.75,1883,"COVID-19"
"DE","35-59",2022-04-27,2022-03-30,"-28 day ahead inc hosp","quantile",0.9,1911,"COVID-19"
"DE","35-59",2022-04-27,2022-03-30,"-28 day ahead inc hosp","quantile",0.975,1949,"COVID-19"
"DE","60-79",2022-04-27,2022-04-27,"0 day ahead inc hosp","mean",NA,2764,"COVID-19"
"DE","60-79",2022-04-27,2022-04-27,"0 day ahead inc hosp","quantile",0.025,2032,"COVID-19"
"DE","60-79",2022-04-27,2022-04-27,"0 day ahead inc hosp","quantile",0.1,2228,"COVID-19"
"DE","60-79",2022-04-27,2022-04-27,"0 day ahead inc hosp","quantile",0.25,2439,"COVID-19"
"DE","60-79",2022-04-27,2022-04-27,"0 day ahead inc hosp","quantile",0.5,2714,"COVID-19"
"DE","60-79",2022-04-27,2022-04-27,"0 day ahead inc hosp","quantile",0.75,3035,"COVID-19"
"DE","60-79",2022-04-27,2022-04-27,"0 day ahead inc hosp","quantile",0.9,3366,"COVID-19"
"DE","60-79",2022-04-27,2022-04-27,"0 day ahead inc hosp","quantile",0.975,3784,"COVID-19"
"DE","60-79",2022-04-27,2022-04-26,"-1 day ahead inc hosp","mean",NA,2970,"COVID-19"
"DE","60-79",2022-04-27,2022-04-26,"-1 day ahead inc hosp","quantile",0.025,2341,"COVID-19"
"DE","60-79",2022-04-27,2022-04-26,"-1 day ahead inc hosp","quantile",0.1,2509,"COVID-19"
"DE","60-79",2022-04-27,2022-04-26,"-1 day ahead inc hosp","quantile",0.25,2689,"COVID-19"
"DE","60-79",2022-04-27,2022-04-26,"-1 day ahead inc hosp","quantile",0.5,2926,"COVID-19"
"DE","60-79",2022-04-27,2022-04-26,"-1 day ahead inc hosp","quantile",0.75,3203,"COVID-19"
"DE","60-79",2022-04-27,2022-04-26,"-1 day ahead inc hosp","quantile",0.9,3490,"COVID-19"
"DE","60-79",2022-04-27,2022-04-26,"-1 day ahead inc hosp","quantile",0.975,3853,"COVID-19"
"DE","60-79",2022-04-27,2022-04-25,"-2 day ahead inc hosp","mean",NA,2465,"COVID-19"
"DE","60-79",2022-04-27,2022-04-25,"-2 day ahead inc hosp","quantile",0.025,2036,"COVID-19"
"DE","60-79",2022-04-27,2022-04-25,"-2 day ahead inc hosp","quantile",0.1,2151,"COVID-19"
"DE","60-79",2022-04-27,2022-04-25,"-2 day ahead inc hosp","quantile",0.25,2274,"COVID-19"
"DE","60-79",2022-04-27,2022-04-25,"-2 day ahead inc hosp","quantile",0.5,2435,"COVID-19"
"DE","60-79",2022-04-27,2022-04-25,"-2 day ahead inc hosp","quantile",0.75,2624,"COVID-19"
"DE","60-79",2022-04-27,2022-04-25,"-2 day ahead inc hosp","quantile",0.9,2818,"COVID-19"
"DE","60-79",2022-04-27,2022-04-25,"-2 day ahead inc hosp","quantile",0.975,3064,"COVID-19"
"DE","60-79",2022-04-27,2022-04-24,"-3 day ahead inc hosp","mean",NA,2451,"COVID-19"
"DE","60-79",2022-04-27,2022-04-24,"-3 day ahead inc hosp","quantile",0.025,2060,"COVID-19"
"DE","60-79",2022-04-27,2022-04-24,"-3 day ahead inc hosp","quantile",0.1,2167,"COVID-19"
"DE","60-79",2022-04-27,2022-04-24,"-3 day ahead inc hosp","quantile",0.25,2279,"COVID-19"
"DE","60-79",2022-04-27,2022-04-24,"-3 day ahead inc hosp","quantile",0.5,2426,"COVID-19"
"DE","60-79",2022-04-27,2022-04-24,"-3 day ahead inc hosp","quantile",0.75,2595,"COVID-19"
"DE","60-79",2022-04-27,2022-04-24,"-3 day ahead inc hosp","quantile",0.9,2769,"COVID-19"
"DE","60-79",2022-04-27,2022-04-24,"-3 day ahead inc hosp","quantile",0.975,2988,"COVID-19"
"DE","60-79",2022-04-27,2022-04-23,"-4 day ahead inc hosp","mean",NA,2425,"COVID-19"
"DE","60-79",2022-04-27,2022-04-23,"-4 day ahead inc hosp","quantile",0.025,2064,"COVID-19"
"DE","60-79",2022-04-27,2022-04-23,"-4 day ahead inc hosp","quantile",0.1,2163,"COVID-19"
"DE","60-79",2022-04-27,2022-04-23,"-4 day ahead inc hosp","quantile",0.25,2267,"COVID-19"
"DE","60-79",2022-04-27,2022-04-23,"-4 day ahead inc hosp","quantile",0.5,2402,"COVID-19"
"DE","60-79",2022-04-27,2022-04-23,"-4 day ahead inc hosp","quantile",0.75,2557,"COVID-19"
"DE","60-79",2022-04-27,2022-04-23,"-4 day ahead inc hosp","quantile",0.9,2716,"COVID-19"
"DE","60-79",2022-04-27,2022-04-23,"-4 day ahead inc hosp","quantile",0.975,2915,"COVID-19"
"DE","60-79",2022-04-27,2022-04-22,"-5 day ahead inc hosp","mean",NA,2200,"COVID-19"
"DE","60-79",2022-04-27,2022-04-22,"-5 day ahead inc hosp","quantile",0.025,1900,"COVID-19"
"DE","60-79",2022-04-27,2022-04-22,"-5 day ahead inc hosp","quantile",0.1,1983,"COVID-19"
"DE","60-79",2022-04-27,2022-04-22,"-5 day ahead inc hosp","quantile",0.25,2070,"COVID-19"
"DE","60-79",2022-04-27,2022-04-22,"-5 day ahead inc hosp","quantile",0.5,2182,"COVID-19"
"DE","60-79",2022-04-27,2022-04-22,"-5 day ahead inc hosp","quantile",0.75,2311,"COVID-19"
"DE","60-79",2022-04-27,2022-04-22,"-5 day ahead inc hosp","quantile",0.9,2442,"COVID-19"
"DE","60-79",2022-04-27,2022-04-22,"-5 day ahead inc hosp","quantile",0.975,2606,"COVID-19"
"DE","60-79",2022-04-27,2022-04-21,"-6 day ahead inc hosp","mean",NA,2182,"COVID-19"
"DE","60-79",2022-04-27,2022-04-21,"-6 day ahead inc hosp","quantile",0.025,1921,"COVID-19"
"DE","60-79",2022-04-27,2022-04-21,"-6 day ahead inc hosp","quantile",0.1,1993,"COVID-19"
"DE","60-79",2022-04-27,2022-04-21,"-6 day ahead inc hosp","quantile",0.25,2069,"COVID-19"
"DE","60-79",2022-04-27,2022-04-21,"-6 day ahead inc hosp","quantile",0.5,2166,"COVID-19"
"DE","60-79",2022-04-27,2022-04-21,"-6 day ahead inc hosp","quantile",0.75,2278,"COVID-19"
"DE","60-79",2022-04-27,2022-04-21,"-6 day ahead inc hosp","quantile",0.9,2393,"COVID-19"
"DE","60-79",2022-04-27,2022-04-21,"-6 day ahead inc hosp","quantile",0.975,2536,"COVID-19"
"DE","60-79",2022-04-27,2022-04-20,"-7 day ahead inc hosp","mean",NA,2075,"COVID-19"
"DE","60-79",2022-04-27,2022-04-20,"-7 day ahead inc hosp","quantile",0.025,1858,"COVID-19"
"DE","60-79",2022-04-27,2022-04-20,"-7 day ahead inc hosp","quantile",0.1,1918,"COVID-19"
"DE","60-79",2022-04-27,2022-04-20,"-7 day ahead inc hosp","quantile",0.25,1981,"COVID-19"
"DE","60-79",2022-04-27,2022-04-20,"-7 day ahead inc hosp","quantile",0.5,2062,"COVID-19"
"DE","60-79",2022-04-27,2022-04-20,"-7 day ahead inc hosp","quantile",0.75,2155,"COVID-19"
"DE","60-79",2022-04-27,2022-04-20,"-7 day ahead inc hosp","quantile",0.9,2251,"COVID-19"
"DE","60-79",2022-04-27,2022-04-20,"-7 day ahead inc hosp","quantile",0.975,2371,"COVID-19"
"DE","60-79",2022-04-27,2022-04-19,"-8 day ahead inc hosp","mean",NA,1969,"COVID-19"
"DE","60-79",2022-04-27,2022-04-19,"-8 day ahead inc hosp","quantile",0.025,1800,"COVID-19"
"DE","60-79",2022-04-27,2022-04-19,"-8 day ahead inc hosp","quantile",0.1,1846,"COVID-19"
"DE","60-79",2022-04-27,2022-04-19,"-8 day ahead inc hosp","quantile",0.25,1895,"COVID-19"
"DE","60-79",2022-04-27,2022-04-19,"-8 day ahead inc hosp","quantile",0.5,1958,"COVID-19"
"DE","60-79",2022-04-27,2022-04-19,"-8 day ahead inc hosp","quantile",0.75,2031,"COVID-19"
"DE","60-79",2022-04-27,2022-04-19,"-8 day ahead inc hosp","quantile",0.9,2107,"COVID-19"
"DE","60-79",2022-04-27,2022-04-19,"-8 day ahead inc hosp","quantile",0.975,2202,"COVID-19"
"DE","60-79",2022-04-27,2022-04-18,"-9 day ahead inc hosp","mean",NA,2372,"COVID-19"
"DE","60-79",2022-04-27,2022-04-18,"-9 day ahead inc hosp","quantile",0.025,2181,"COVID-19"
"DE","60-79",2022-04-27,2022-04-18,"-9 day ahead inc hosp","quantile",0.1,2232,"COVID-19"
"DE","60-79",2022-04-27,2022-04-18,"-9 day ahead inc hosp","quantile",0.25,2287,"COVID-19"
"DE","60-79",2022-04-27,2022-04-18,"-9 day ahead inc hosp","quantile",0.5,2359,"COVID-19"
"DE","60-79",2022-04-27,2022-04-18,"-9 day ahead inc hosp","quantile",0.75,2443,"COVID-19"
"DE","60-79",2022-04-27,2022-04-18,"-9 day ahead inc hosp","quantile",0.9,2529,"COVID-19"
"DE","60-79",2022-04-27,2022-04-18,"-9 day ahead inc hosp","quantile",0.975,2639,"COVID-19"
"DE","60-79",2022-04-27,2022-04-17,"-10 day ahead inc hosp","mean",NA,2408,"COVID-19"
"DE","60-79",2022-04-27,2022-04-17,"-10 day ahead inc hosp","quantile",0.025,2217,"COVID-19"
"DE","60-79",2022-04-27,2022-04-17,"-10 day ahead inc hosp","quantile",0.1,2268,"COVID-19"
"DE","60-79",2022-04-27,2022-04-17,"-10 day ahead inc hosp","quantile",0.25,2323,"COVID-19"
"DE","60-79",2022-04-27,2022-04-17,"-10 day ahead inc hosp","quantile",0.5,2395,"COVID-19"
"DE","60-79",2022-04-27,2022-04-17,"-10 day ahead inc hosp","quantile",0.75,2479,"COVID-19"
"DE","60-79",2022-04-27,2022-04-17,"-10 day ahead inc hosp","quantile",0.9,2567,"COVID-19"
"DE","60-79",2022-04-27,2022-04-17,"-10 day ahead inc hosp","quantile",0.975,2677,"COVID-19"
"DE","60-79",2022-04-27,2022-04-16,"-11 day ahead inc hosp","mean",NA,2488,"COVID-19"
"DE","60-79",2022-04-27,2022-04-16,"-11 day ahead inc hosp","quantile",0.025,2294,"COVID-19"
"DE","60-79",2022-04-27,2022-04-16,"-11 day ahead inc hosp","quantile",0.1,2346,"COVID-19"
"DE","60-79",2022-04-27,2022-04-16,"-11 day ahead inc hosp","quantile",0.25,2401,"COVID-19"
"DE","60-79",2022-04-27,2022-04-16,"-11 day ahead inc hosp","quantile",0.5,2474,"COVID-19"
"DE","60-79",2022-04-27,2022-04-16,"-11 day ahead inc hosp","quantile",0.75,2560,"COVID-19"
"DE","60-79",2022-04-27,2022-04-16,"-11 day ahead inc hosp","quantile",0.9,2650,"COVID-19"
"DE","60-79",2022-04-27,2022-04-16,"-11 day ahead inc hosp","quantile",0.975,2763,"COVID-19"
"DE","60-79",2022-04-27,2022-04-15,"-12 day ahead inc hosp","mean",NA,2746,"COVID-19"
"DE","60-79",2022-04-27,2022-04-15,"-12 day ahead inc hosp","quantile",0.025,2540,"COVID-19"
"DE","60-79",2022-04-27,2022-04-15,"-12 day ahead inc hosp","quantile",0.1,2594,"COVID-19"
"DE","60-79",2022-04-27,2022-04-15,"-12 day ahead inc hosp","quantile",0.25,2653,"COVID-19"
"DE","60-79",2022-04-27,2022-04-15,"-12 day ahead inc hosp","quantile",0.5,2731,"COVID-19"
"DE","60-79",2022-04-27,2022-04-15,"-12 day ahead inc hosp","quantile",0.75,2823,"COVID-19"
"DE","60-79",2022-04-27,2022-04-15,"-12 day ahead inc hosp","quantile",0.9,2919,"COVID-19"
"DE","60-79",2022-04-27,2022-04-15,"-12 day ahead inc hosp","quantile",0.975,3041,"COVID-19"
"DE","60-79",2022-04-27,2022-04-14,"-13 day ahead inc hosp","mean",NA,2789,"COVID-19"
"DE","60-79",2022-04-27,2022-04-14,"-13 day ahead inc hosp","quantile",0.025,2594,"COVID-19"
"DE","60-79",2022-04-27,2022-04-14,"-13 day ahead inc hosp","quantile",0.1,2644,"COVID-19"
"DE","60-79",2022-04-27,2022-04-14,"-13 day ahead inc hosp","quantile",0.25,2700,"COVID-19"
"DE","60-79",2022-04-27,2022-04-14,"-13 day ahead inc hosp","quantile",0.5,2773,"COVID-19"
"DE","60-79",2022-04-27,2022-04-14,"-13 day ahead inc hosp","quantile",0.75,2861,"COVID-19"
"DE","60-79",2022-04-27,2022-04-14,"-13 day ahead inc hosp","quantile",0.9,2953,"COVID-19"
"DE","60-79",2022-04-27,2022-04-14,"-13 day ahead inc hosp","quantile",0.975,3070,"COVID-19"
"DE","60-79",2022-04-27,2022-04-13,"-14 day ahead inc hosp","mean",NA,2924,"COVID-19"
"DE","60-79",2022-04-27,2022-04-13,"-14 day ahead inc hosp","quantile",0.025,2734,"COVID-19"
"DE","60-79",2022-04-27,2022-04-13,"-14 day ahead inc hosp","quantile",0.1,2783,"COVID-19"
"DE","60-79",2022-04-27,2022-04-13,"-14 day ahead inc hosp","quantile",0.25,2836,"COVID-19"
"DE","60-79",2022-04-27,2022-04-13,"-14 day ahead inc hosp","quantile",0.5,2909,"COVID-19"
"DE","60-79",2022-04-27,2022-04-13,"-14 day ahead inc hosp","quantile",0.75,2995,"COVID-19"
"DE","60-79",2022-04-27,2022-04-13,"-14 day ahead inc hosp","quantile",0.9,3086,"COVID-19"
"DE","60-79",2022-04-27,2022-04-13,"-14 day ahead inc hosp","quantile",0.975,3203,"COVID-19"
"DE","60-79",2022-04-27,2022-04-12,"-15 day ahead inc hosp","mean",NA,2910,"COVID-19"
"DE","60-79",2022-04-27,2022-04-12,"-15 day ahead inc hosp","quantile",0.025,2736,"COVID-19"
"DE","60-79",2022-04-27,2022-04-12,"-15 day ahead inc hosp","quantile",0.1,2780,"COVID-19"
"DE","60-79",2022-04-27,2022-04-12,"-15 day ahead inc hosp","quantile",0.25,2829,"COVID-19"
"DE","60-79",2022-04-27,2022-04-12,"-15 day ahead inc hosp","quantile",0.5,2895,"COVID-19"
"DE","60-79",2022-04-27,2022-04-12,"-15 day ahead inc hosp","quantile",0.75,2974,"COVID-19"
"DE","60-79",2022-04-27,2022-04-12,"-15 day ahead inc hosp","quantile",0.9,3058,"COVID-19"
"DE","60-79",2022-04-27,2022-04-12,"-15 day ahead inc hosp","quantile",0.975,3167,"COVID-19"
"DE","60-79",2022-04-27,2022-04-11,"-16 day ahead inc hosp","mean",NA,2908,"COVID-19"
"DE","60-79",2022-04-27,2022-04-11,"-16 day ahead inc hosp","quantile",0.025,2748,"COVID-19"
"DE","60-79",2022-04-27,2022-04-11,"-16 day ahead inc hosp","quantile",0.1,2788,"COVID-19"
"DE","60-79",2022-04-27,2022-04-11,"-16 day ahead inc hosp","quantile",0.25,2832,"COVID-19"
"DE","60-79",2022-04-27,2022-04-11,"-16 day ahead inc hosp","quantile",0.5,2893,"COVID-19"
"DE","60-79",2022-04-27,2022-04-11,"-16 day ahead inc hosp","quantile",0.75,2968,"COVID-19"
"DE","60-79",2022-04-27,2022-04-11,"-16 day ahead inc hosp","quantile",0.9,3046,"COVID-19"
"DE","60-79",2022-04-27,2022-04-11,"-16 day ahead inc hosp","quantile",0.975,3148,"COVID-19"
"DE","60-79",2022-04-27,2022-04-10,"-17 day ahead inc hosp","mean",NA,2913,"COVID-19"
"DE","60-79",2022-04-27,2022-04-10,"-17 day ahead inc hosp","quantile",0.025,2753,"COVID-19"
"DE","60-79",2022-04-27,2022-04-10,"-17 day ahead inc hosp","quantile",0.1,2792,"COVID-19"
"DE","60-79",2022-04-27,2022-04-10,"-17 day ahead inc hosp","quantile",0.25,2836,"COVID-19"
"DE","60-79",2022-04-27,2022-04-10,"-17 day ahead inc hosp","quantile",0.5,2898,"COVID-19"
"DE","60-79",2022-04-27,2022-04-10,"-17 day ahead inc hosp","quantile",0.75,2973,"COVID-19"
"DE","60-79",2022-04-27,2022-04-10,"-17 day ahead inc hosp","quantile",0.9,3053,"COVID-19"
"DE","60-79",2022-04-27,2022-04-10,"-17 day ahead inc hosp","quantile",0.975,3157,"COVID-19"
"DE","60-79",2022-04-27,2022-04-09,"-18 day ahead inc hosp","mean",NA,2922,"COVID-19"
"DE","60-79",2022-04-27,2022-04-09,"-18 day ahead inc hosp","quantile",0.025,2764,"COVID-19"
"DE","60-79",2022-04-27,2022-04-09,"-18 day ahead inc hosp","quantile",0.1,2802,"COVID-19"
"DE","60-79",2022-04-27,2022-04-09,"-18 day ahead inc hosp","quantile",0.25,2845,"COVID-19"
"DE","60-79",2022-04-27,2022-04-09,"-18 day ahead inc hosp","quantile",0.5,2906,"COVID-19"
"DE","60-79",2022-04-27,2022-04-09,"-18 day ahead inc hosp","quantile",0.75,2982,"COVID-19"
"DE","60-79",2022-04-27,2022-04-09,"-18 day ahead inc hosp","quantile",0.9,3062,"COVID-19"
"DE","60-79",2022-04-27,2022-04-09,"-18 day ahead inc hosp","quantile",0.975,3168,"COVID-19"
"DE","60-79",2022-04-27,2022-04-08,"-19 day ahead inc hosp","mean",NA,2962,"COVID-19"
"DE","60-79",2022-04-27,2022-04-08,"-19 day ahead inc hosp","quantile",0.025,2809,"COVID-19"
"DE","60-79",2022-04-27,2022-04-08,"-19 day ahead inc hosp","quantile",0.1,2845,"COVID-19"
"DE","60-79",2022-04-27,2022-04-08,"-19 day ahead inc hosp","quantile",0.25,2887,"COVID-19"
"DE","60-79",2022-04-27,2022-04-08,"-19 day ahead inc hosp","quantile",0.5,2946,"COVID-19"
"DE","60-79",2022-04-27,2022-04-08,"-19 day ahead inc hosp","quantile",0.75,3019,"COVID-19"
"DE","60-79",2022-04-27,2022-04-08,"-19 day ahead inc hosp","quantile",0.9,3099,"COVID-19"
"DE","60-79",2022-04-27,2022-04-08,"-19 day ahead inc hosp","quantile",0.975,3203,"COVID-19"
"DE","60-79",2022-04-27,2022-04-07,"-20 day ahead inc hosp","mean",NA,3016,"COVID-19"
"DE","60-79",2022-04-27,2022-04-07,"-20 day ahead inc hosp","quantile",0.025,2870,"COVID-19"
"DE","60-79",2022-04-27,2022-04-07,"-20 day ahead inc hosp","quantile",0.1,2903,"COVID-19"
"DE","60-79",2022-04-27,2022-04-07,"-20 day ahead inc hosp","quantile",0.25,2943,"COVID-19"
"DE","60-79",2022-04-27,2022-04-07,"-20 day ahead inc hosp","quantile",0.5,3000,"COVID-19"
"DE","60-79",2022-04-27,2022-04-07,"-20 day ahead inc hosp","quantile",0.75,3072,"COVID-19"
"DE","60-79",2022-04-27,2022-04-07,"-20 day ahead inc hosp","quantile",0.9,3150,"COVID-19"
"DE","60-79",2022-04-27,2022-04-07,"-20 day ahead inc hosp","quantile",0.975,3253,"COVID-19"
"DE","60-79",2022-04-27,2022-04-06,"-21 day ahead inc hosp","mean",NA,3011,"COVID-19"
"DE","60-79",2022-04-27,2022-04-06,"-21 day ahead inc hosp","quantile",0.025,2876,"COVID-19"
"DE","60-79",2022-04-27,2022-04-06,"-21 day ahead inc hosp","quantile",0.1,2906,"COVID-19"
"DE","60-79",2022-04-27,2022-04-06,"-21 day ahead inc hosp","quantile",0.25,2943,"COVID-19"
"DE","60-79",2022-04-27,2022-04-06,"-21 day ahead inc hosp","quantile",0.5,2996,"COVID-19"
"DE","60-79",2022-04-27,2022-04-06,"-21 day ahead inc hosp","quantile",0.75,3063,"COVID-19"
"DE","60-79",2022-04-27,2022-04-06,"-21 day ahead inc hosp","quantile",0.9,3137,"COVID-19"
"DE","60-79",2022-04-27,2022-04-06,"-21 day ahead inc hosp","quantile",0.975,3235,"COVID-19"
"DE","60-79",2022-04-27,2022-04-05,"-22 day ahead inc hosp","mean",NA,3131,"COVID-19"
"DE","60-79",2022-04-27,2022-04-05,"-22 day ahead inc hosp","quantile",0.025,3002,"COVID-19"
"DE","60-79",2022-04-27,2022-04-05,"-22 day ahead inc hosp","quantile",0.1,3030,"COVID-19"
"DE","60-79",2022-04-27,2022-04-05,"-22 day ahead inc hosp","quantile",0.25,3065,"COVID-19"
"DE","60-79",2022-04-27,2022-04-05,"-22 day ahead inc hosp","quantile",0.5,3115,"COVID-19"
"DE","60-79",2022-04-27,2022-04-05,"-22 day ahead inc hosp","quantile",0.75,3180,"COVID-19"
"DE","60-79",2022-04-27,2022-04-05,"-22 day ahead inc hosp","quantile",0.9,3251,"COVID-19"
"DE","60-79",2022-04-27,2022-04-05,"-22 day ahead inc hosp","quantile",0.975,3347,"COVID-19"
"DE","60-79",2022-04-27,2022-04-04,"-23 day ahead inc hosp","mean",NA,3201,"COVID-19"
"DE","60-79",2022-04-27,2022-04-04,"-23 day ahead inc hosp","quantile",0.025,3081,"COVID-19"
"DE","60-79",2022-04-27,2022-04-04,"-23 day ahead inc hosp","quantile",0.1,3107,"COVID-19"
"DE","60-79",2022-04-27,2022-04-04,"-23 day ahead inc hosp","quantile",0.25,3139,"COVID-19"
"DE","60-79",2022-04-27,2022-04-04,"-23 day ahead inc hosp","quantile",0.5,3187,"COVID-19"
"DE","60-79",2022-04-27,2022-04-04,"-23 day ahead inc hosp","quantile",0.75,3247,"COVID-19"
"DE","60-79",2022-04-27,2022-04-04,"-23 day ahead inc hosp","quantile",0.9,3315,"COVID-19"
"DE","60-79",2022-04-27,2022-04-04,"-23 day ahead inc hosp","quantile",0.975,3405,"COVID-19"
"DE","60-79",2022-04-27,2022-04-03,"-24 day ahead inc hosp","mean",NA,3244,"COVID-19"
"DE","60-79",2022-04-27,2022-04-03,"-24 day ahead inc hosp","quantile",0.025,3125,"COVID-19"
"DE","60-79",2022-04-27,2022-04-03,"-24 day ahead inc hosp","quantile",0.1,3151,"COVID-19"
"DE","60-79",2022-04-27,2022-04-03,"-24 day ahead inc hosp","quantile",0.25,3182,"COVID-19"
"DE","60-79",2022-04-27,2022-04-03,"-24 day ahead inc hosp","quantile",0.5,3229,"COVID-19"
"DE","60-79",2022-04-27,2022-04-03,"-24 day ahead inc hosp","quantile",0.75,3290,"COVID-19"
"DE","60-79",2022-04-27,2022-04-03,"-24 day ahead inc hosp","quantile",0.9,3357,"COVID-19"
"DE","60-79",2022-04-27,2022-04-03,"-24 day ahead inc hosp","quantile",0.975,3448,"COVID-19"
"DE","60-79",2022-04-27,2022-04-02,"-25 day ahead inc hosp","mean",NA,3335,"COVID-19"
"DE","60-79",2022-04-27,2022-04-02,"-25 day ahead inc hosp","quantile",0.025,3217,"COVID-19"
"DE","60-79",2022-04-27,2022-04-02,"-25 day ahead inc hosp","quantile",0.1,3242,"COVID-19"
"DE","60-79",2022-04-27,2022-04-02,"-25 day ahead inc hosp","quantile",0.25,3273,"COVID-19"
"DE","60-79",2022-04-27,2022-04-02,"-25 day ahead inc hosp","quantile",0.5,3320,"COVID-19"
"DE","60-79",2022-04-27,2022-04-02,"-25 day ahead inc hosp","quantile",0.75,3381,"COVID-19"
"DE","60-79",2022-04-27,2022-04-02,"-25 day ahead inc hosp","quantile",0.9,3449,"COVID-19"
"DE","60-79",2022-04-27,2022-04-02,"-25 day ahead inc hosp","quantile",0.975,3540,"COVID-19"
"DE","60-79",2022-04-27,2022-04-01,"-26 day ahead inc hosp","mean",NA,3438,"COVID-19"
"DE","60-79",2022-04-27,2022-04-01,"-26 day ahead inc hosp","quantile",0.025,3325,"COVID-19"
"DE","60-79",2022-04-27,2022-04-01,"-26 day ahead inc hosp","quantile",0.1,3348,"COVID-19"
"DE","60-79",2022-04-27,2022-04-01,"-26 day ahead inc hosp","quantile",0.25,3378,"COVID-19"
"DE","60-79",2022-04-27,2022-04-01,"-26 day ahead inc hosp","quantile",0.5,3423,"COVID-19"
"DE","60-79",2022-04-27,2022-04-01,"-26 day ahead inc hosp","quantile",0.75,3482,"COVID-19"
"DE","60-79",2022-04-27,2022-04-01,"-26 day ahead inc hosp","quantile",0.9,3547,"COVID-19"
"DE","60-79",2022-04-27,2022-04-01,"-26 day ahead inc hosp","quantile",0.975,3636,"COVID-19"
"DE","60-79",2022-04-27,2022-03-31,"-27 day ahead inc hosp","mean",NA,3474,"COVID-19"
"DE","60-79",2022-04-27,2022-03-31,"-27 day ahead inc hosp","quantile",0.025,3370,"COVID-19"
"DE","60-79",2022-04-27,2022-03-31,"-27 day ahead inc hosp","quantile",0.1,3391,"COVID-19"
"DE","60-79",2022-04-27,2022-03-31,"-27 day ahead inc hosp","quantile",0.25,3419,"COVID-19"
"DE","60-79",2022-04-27,2022-03-31,"-27 day ahead inc hosp","quantile",0.5,3460,"COVID-19"
"DE","60-79",2022-04-27,2022-03-31,"-27 day ahead inc hosp","quantile",0.75,3515,"COVID-19"
"DE","60-79",2022-04-27,2022-03-31,"-27 day ahead inc hosp","quantile",0.9,3576,"COVID-19"
"DE","60-79",2022-04-27,2022-03-31,"-27 day ahead inc hosp","quantile",0.975,3659,"COVID-19"
"DE","60-79",2022-04-27,2022-03-30,"-28 day ahead inc hosp","mean",NA,3593,"COVID-19"
"DE","60-79",2022-04-27,2022-03-30,"-28 day ahead inc hosp","quantile",0.025,3495,"COVID-19"
"DE","60-79",2022-04-27,2022-03-30,"-28 day ahead inc hosp","quantile",0.1,3515,"COVID-19"
"DE","60-79",2022-04-27,2022-03-30,"-28 day ahead inc hosp","quantile",0.25,3540,"COVID-19"
"DE","60-79",2022-04-27,2022-03-30,"-28 day ahead inc hosp","quantile",0.5,3580,"COVID-19"
"DE","60-79",2022-04-27,2022-03-30,"-28 day ahead inc hosp","quantile",0.75,3631,"COVID-19"
"DE","60-79",2022-04-27,2022-03-30,"-28 day ahead inc hosp","quantile",0.9,3689,"COVID-19"
"DE","60-79",2022-04-27,2022-03-30,"-28 day ahead inc hosp","quantile",0.975,3768,"COVID-19"
"DE","80+",2022-04-27,2022-04-27,"0 day ahead inc hosp","mean",NA,3205,"COVID-19"
"DE","80+",2022-04-27,2022-04-27,"0 day ahead inc hosp","quantile",0.025,2333,"COVID-19"
"DE","80+",2022-04-27,2022-04-27,"0 day ahead inc hosp","quantile",0.1,2565,"COVID-19"
"DE","80+",2022-04-27,2022-04-27,"0 day ahead inc hosp","quantile",0.25,2815,"COVID-19"
"DE","80+",2022-04-27,2022-04-27,"0 day ahead inc hosp","quantile",0.5,3143,"COVID-19"
"DE","80+",2022-04-27,2022-04-27,"0 day ahead inc hosp","quantile",0.75,3527,"COVID-19"
"DE","80+",2022-04-27,2022-04-27,"0 day ahead inc hosp","quantile",0.9,3924,"COVID-19"
"DE","80+",2022-04-27,2022-04-27,"0 day ahead inc hosp","quantile",0.975,4427,"COVID-19"
"DE","80+",2022-04-27,2022-04-26,"-1 day ahead inc hosp","mean",NA,3412,"COVID-19"
"DE","80+",2022-04-27,2022-04-26,"-1 day ahead inc hosp","quantile",0.025,2679,"COVID-19"
"DE","80+",2022-04-27,2022-04-26,"-1 day ahead inc hosp","quantile",0.1,2875,"COVID-19"
"DE","80+",2022-04-27,2022-04-26,"-1 day ahead inc hosp","quantile",0.25,3085,"COVID-19"
"DE","80+",2022-04-27,2022-04-26,"-1 day ahead inc hosp","quantile",0.5,3361,"COVID-19"
"DE","80+",2022-04-27,2022-04-26,"-1 day ahead inc hosp","quantile",0.75,3683,"COVID-19"
"DE","80+",2022-04-27,2022-04-26,"-1 day ahead inc hosp","quantile",0.9,4016,"COVID-19"
"DE","80+",2022-04-27,2022-04-26,"-1 day ahead inc hosp","quantile",0.975,4437,"COVID-19"
"DE","80+",2022-04-27,2022-04-25,"-2 day ahead inc hosp","mean",NA,2895,"COVID-19"
"DE","80+",2022-04-27,2022-04-25,"-2 day ahead inc hosp","quantile",0.025,2395,"COVID-19"
"DE","80+",2022-04-27,2022-04-25,"-2 day ahead inc hosp","quantile",0.1,2531,"COVID-19"
"DE","80+",2022-04-27,2022-04-25,"-2 day ahead inc hosp","quantile",0.25,2675,"COVID-19"
"DE","80+",2022-04-27,2022-04-25,"-2 day ahead inc hosp","quantile",0.5,2862,"COVID-19"
"DE","80+",2022-04-27,2022-04-25,"-2 day ahead inc hosp","quantile",0.75,3080,"COVID-19"
"DE","80+",2022-04-27,2022-04-25,"-2 day ahead inc hosp","quantile",0.9,3303,"COVID-19"
"DE","80+",2022-04-27,2022-04-25,"-2 day ahead inc hosp","quantile",0.975,3585,"COVID-19"
"DE","80+",2022-04-27,2022-04-24,"-3 day ahead inc hosp","mean",NA,2854,"COVID-19"
"DE","80+",2022-04-27,2022-04-24,"-3 day ahead inc hosp","quantile",0.025,2406,"COVID-19"
"DE","80+",2022-04-27,2022-04-24,"-3 day ahead inc hosp","quantile",0.1,2530,"COVID-19"
"DE","80+",2022-04-27,2022-04-24,"-3 day ahead inc hosp","quantile",0.25,2659,"COVID-19"
"DE","80+",2022-04-27,2022-04-24,"-3 day ahead inc hosp","quantile",0.5,2826,"COVID-19"
"DE","80+",2022-04-27,2022-04-24,"-3 day ahead inc hosp","quantile",0.75,3018,"COVID-19"
"DE","80+",2022-04-27,2022-04-24,"-3 day ahead inc hosp","quantile",0.9,3214,"COVID-19"
"DE","80+",2022-04-27,2022-04-24,"-3 day ahead inc hosp","quantile",0.975,3459,"COVID-19"
"DE","80+",2022-04-27,2022-04-23,"-4 day ahead inc hosp","mean",NA,2856,"COVID-19"
"DE","80+",2022-04-27,2022-04-23,"-4 day ahead inc hosp","quantile",0.025,2440,"COVID-19"
"DE","80+",2022-04-27,2022-04-23,"-4 day ahead inc hosp","quantile",0.1,2556,"COVID-19"
"DE","80+",2022-04-27,2022-04-23,"-4 day ahead inc hosp","quantile",0.25,2677,"COVID-19"
"DE","80+",2022-04-27,2022-04-23,"-4 day ahead inc hosp","quantile",0.5,2832,"COVID-19"
"DE","80+",2022-04-27,2022-04-23,"-4 day ahead inc hosp","quantile",0.75,3009,"COVID-19"
"DE","80+",2022-04-27,2022-04-23,"-4 day ahead inc hosp","quantile",0.9,3189,"COVID-19"
"DE","80+",2022-04-27,2022-04-23,"-4 day ahead inc hosp","quantile",0.975,3414,"COVID-19"
"DE","80+",2022-04-27,2022-04-22,"-5 day ahead inc hosp","mean",NA,2601,"COVID-19"
"DE","80+",2022-04-27,2022-04-22,"-5 day ahead inc hosp","quantile",0.025,2251,"COVID-19"
"DE","80+",2022-04-27,2022-04-22,"-5 day ahead inc hosp","quantile",0.1,2348,"COVID-19"
"DE","80+",2022-04-27,2022-04-22,"-5 day ahead inc hosp","quantile",0.25,2450,"COVID-19"
"DE","80+",2022-04-27,2022-04-22,"-5 day ahead inc hosp","quantile",0.5,2580,"COVID-19"
"DE","80+",2022-04-27,2022-04-22,"-5 day ahead inc hosp","quantile",0.75,2729,"COVID-19"
"DE","80+",2022-04-27,2022-04-22,"-5 day ahead inc hosp","quantile",0.9,2881,"COVID-19"
"DE","80+",2022-04-27,2022-04-22,"-5 day ahead inc hosp","quantile",0.975,3069,"COVID-19"
"DE","80+",2022-04-27,2022-04-21,"-6 day ahead inc hosp","mean",NA,2605,"COVID-19"
"DE","80+",2022-04-27,2022-04-21,"-6 day ahead inc hosp","quantile",0.025,2294,"COVID-19"
"DE","80+",2022-04-27,2022-04-21,"-6 day ahead inc hosp","quantile",0.1,2380,"COVID-19"
"DE","80+",2022-04-27,2022-04-21,"-6 day ahead inc hosp","quantile",0.25,2470,"COVID-19"
"DE","80+",2022-04-27,2022-04-21,"-6 day ahead inc hosp","quantile",0.5,2586,"COVID-19"
"DE","80+",2022-04-27,2022-04-21,"-6 day ahead inc hosp","quantile",0.75,2719,"COVID-19"
"DE","80+",2022-04-27,2022-04-21,"-6 day ahead inc hosp","quantile",0.9,2854,"COVID-19"
"DE","80+",2022-04-27,2022-04-21,"-6 day ahead inc hosp","quantile",0.975,3023,"COVID-19"
"DE","80+",2022-04-27,2022-04-20,"-7 day ahead inc hosp","mean",NA,2512,"COVID-19"
"DE","80+",2022-04-27,2022-04-20,"-7 day ahead inc hosp","quantile",0.025,2248,"COVID-19"
"DE","80+",2022-04-27,2022-04-20,"-7 day ahead inc hosp","quantile",0.1,2321,"COVID-19"
"DE","80+",2022-04-27,2022-04-20,"-7 day ahead inc hosp","quantile",0.25,2398,"COVID-19"
"DE","80+",2022-04-27,2022-04-20,"-7 day ahead inc hosp","quantile",0.5,2496,"COVID-19"
"DE","80+",2022-04-27,2022-04-20,"-7 day ahead inc hosp","quantile",0.75,2609,"COVID-19"
"DE","80+",2022-04-27,2022-04-20,"-7 day ahead inc hosp","quantile",0.9,2725,"COVID-19"
"DE","80+",2022-04-27,2022-04-20,"-7 day ahead inc hosp","quantile",0.975,2870,"COVID-19"
"DE","80+",2022-04-27,2022-04-19,"-8 day ahead inc hosp","mean",NA,2332,"COVID-19"
"DE","80+",2022-04-27,2022-04-19,"-8 day ahead inc hosp","quantile",0.025,2123,"COVID-19"
"DE","80+",2022-04-27,2022-04-19,"-8 day ahead inc hosp","quantile",0.1,2180,"COVID-19"
"DE","80+",2022-04-27,2022-04-19,"-8 day ahead inc hosp","quantile",0.25,2241,"COVID-19"
"DE","80+",2022-04-27,2022-04-19,"-8 day ahead inc hosp","quantile",0.5,2319,"COVID-19"
"DE","80+",2022-04-27,2022-04-19,"-8 day ahead inc hosp","quantile",0.75,2409,"COVID-19"
"DE","80+",2022-04-27,2022-04-19,"-8 day ahead inc hosp","quantile",0.9,2502,"COVID-19"
"DE","80+",2022-04-27,2022-04-19,"-8 day ahead inc hosp","quantile",0.975,2619,"COVID-19"
"DE","80+",2022-04-27,2022-04-18,"-9 day ahead inc hosp","mean",NA,2754,"COVID-19"
"DE","80+",2022-04-27,2022-04-18,"-9 day ahead inc hosp","quantile",0.025,2525,"COVID-19"
"DE","80+",2022-04-27,2022-04-18,"-9 day ahead inc hosp","quantile",0.1,2587,"COVID-19"
"DE","80+",2022-04-27,2022-04-18,"-9 day ahead inc hosp","quantile",0.25,2653,"COVID-19"
"DE","80+",2022-04-27,2022-04-18,"-9 day ahead inc hosp","quantile",0.5,2738,"COVID-19"
"DE","80+",2022-04-27,2022-04-18,"-9 day ahead inc hosp","quantile",0.75,2838,"COVID-19"
"DE","80+",2022-04-27,2022-04-18,"-9 day ahead inc hosp","quantile",0.9,2940,"COVID-19"
"DE","80+",2022-04-27,2022-04-18,"-9 day ahead inc hosp","quantile",0.975,3070,"COVID-19"
"DE","80+",2022-04-27,2022-04-17,"-10 day ahead inc hosp","mean",NA,2811,"COVID-19"
"DE","80+",2022-04-27,2022-04-17,"-10 day ahead inc hosp","quantile",0.025,2581,"COVID-19"
"DE","80+",2022-04-27,2022-04-17,"-10 day ahead inc hosp","quantile",0.1,2642,"COVID-19"
"DE","80+",2022-04-27,2022-04-17,"-10 day ahead inc hosp","quantile",0.25,2708,"COVID-19"
"DE","80+",2022-04-27,2022-04-17,"-10 day ahead inc hosp","quantile",0.5,2795,"COVID-19"
"DE","80+",2022-04-27,2022-04-17,"-10 day ahead inc hosp","quantile",0.75,2896,"COVID-19"
"DE","80+",2022-04-27,2022-04-17,"-10 day ahead inc hosp","quantile",0.9,3000,"COVID-19"
"DE","80+",2022-04-27,2022-04-17,"-10 day ahead inc hosp","quantile",0.975,3132,"COVID-19"
"DE","80+",2022-04-27,2022-04-16,"-11 day ahead inc hosp","mean",NA,2848,"COVID-19"
"DE","80+",2022-04-27,2022-04-16,"-11 day ahead inc hosp","quantile",0.025,2623,"COVID-19"
"DE","80+",2022-04-27,2022-04-16,"-11 day ahead inc hosp","quantile",0.1,2683,"COVID-19"
"DE","80+",2022-04-27,2022-04-16,"-11 day ahead inc hosp","quantile",0.25,2747,"COVID-19"
"DE","80+",2022-04-27,2022-04-16,"-11 day ahead inc hosp","quantile",0.5,2832,"COVID-19"
"DE","80+",2022-04-27,2022-04-16,"-11 day ahead inc hosp","quantile",0.75,2931,"COVID-19"
"DE","80+",2022-04-27,2022-04-16,"-11 day ahead inc hosp","quantile",0.9,3034,"COVID-19"
"DE","80+",2022-04-27,2022-04-16,"-11 day ahead inc hosp","quantile",0.975,3164,"COVID-19"
"DE","80+",2022-04-27,2022-04-15,"-12 day ahead inc hosp","mean",NA,3152,"COVID-19"
"DE","80+",2022-04-27,2022-04-15,"-12 day ahead inc hosp","quantile",0.025,2916,"COVID-19"
"DE","80+",2022-04-27,2022-04-15,"-12 day ahead inc hosp","quantile",0.1,2979,"COVID-19"
"DE","80+",2022-04-27,2022-04-15,"-12 day ahead inc hosp","quantile",0.25,3046,"COVID-19"
"DE","80+",2022-04-27,2022-04-15,"-12 day ahead inc hosp","quantile",0.5,3135,"COVID-19"
"DE","80+",2022-04-27,2022-04-15,"-12 day ahead inc hosp","quantile",0.75,3239,"COVID-19"
"DE","80+",2022-04-27,2022-04-15,"-12 day ahead inc hosp","quantile",0.9,3347,"COVID-19"
"DE","80+",2022-04-27,2022-04-15,"-12 day ahead inc hosp","quantile",0.975,3484,"COVID-19"
"DE","80+",2022-04-27,2022-04-14,"-13 day ahead inc hosp","mean",NA,3170,"COVID-19"
"DE","80+",2022-04-27,2022-04-14,"-13 day ahead inc hosp","quantile",0.025,2952,"COVID-19"
"DE","80+",2022-04-27,2022-04-14,"-13 day ahead inc hosp","quantile",0.1,3010,"COVID-19"
"DE","80+",2022-04-27,2022-04-14,"-13 day ahead inc hosp","quantile",0.25,3072,"COVID-19"
"DE","80+",2022-04-27,2022-04-14,"-13 day ahead inc hosp","quantile",0.5,3154,"COVID-19"
"DE","80+",2022-04-27,2022-04-14,"-13 day ahead inc hosp","quantile",0.75,3250,"COVID-19"
"DE","80+",2022-04-27,2022-04-14,"-13 day ahead inc hosp","quantile",0.9,3350,"COVID-19"
"DE","80+",2022-04-27,2022-04-14,"-13 day ahead inc hosp","quantile",0.975,3477,"COVID-19"
"DE","80+",2022-04-27,2022-04-13,"-14 day ahead inc hosp","mean",NA,3278,"COVID-19"
"DE","80+",2022-04-27,2022-04-13,"-14 day ahead inc hosp","quantile",0.025,3071,"COVID-19"
"DE","80+",2022-04-27,2022-04-13,"-14 day ahead inc hosp","quantile",0.1,3126,"COVID-19"
"DE","80+",2022-04-27,2022-04-13,"-14 day ahead inc hosp","quantile",0.25,3185,"COVID-19"
"DE","80+",2022-04-27,2022-04-13,"-14 day ahead inc hosp","quantile",0.5,3263,"COVID-19"
"DE","80+",2022-04-27,2022-04-13,"-14 day ahead inc hosp","quantile",0.75,3354,"COVID-19"
"DE","80+",2022-04-27,2022-04-13,"-14 day ahead inc hosp","quantile",0.9,3450,"COVID-19"
"DE","80+",2022-04-27,2022-04-13,"-14 day ahead inc hosp","quantile",0.975,3571,"COVID-19"
"DE","80+",2022-04-27,2022-04-12,"-15 day ahead inc hosp","mean",NA,3336,"COVID-19"
"DE","80+",2022-04-27,2022-04-12,"-15 day ahead inc hosp","quantile",0.025,3143,"COVID-19"
"DE","80+",2022-04-27,2022-04-12,"-15 day ahead inc hosp","quantile",0.1,3193,"COVID-19"
"DE","80+",2022-04-27,2022-04-12,"-15 day ahead inc hosp","quantile",0.25,3248,"COVID-19"
"DE","80+",2022-04-27,2022-04-12,"-15 day ahead inc hosp","quantile",0.5,3321,"COVID-19"
"DE","80+",2022-04-27,2022-04-12,"-15 day ahead inc hosp","quantile",0.75,3408,"COVID-19"
"DE","80+",2022-04-27,2022-04-12,"-15 day ahead inc hosp","quantile",0.9,3497,"COVID-19"
"DE","80+",2022-04-27,2022-04-12,"-15 day ahead inc hosp","quantile",0.975,3612,"COVID-19"
"DE","80+",2022-04-27,2022-04-11,"-16 day ahead inc hosp","mean",NA,3352,"COVID-19"
"DE","80+",2022-04-27,2022-04-11,"-16 day ahead inc hosp","quantile",0.025,3174,"COVID-19"
"DE","80+",2022-04-27,2022-04-11,"-16 day ahead inc hosp","quantile",0.1,3220,"COVID-19"
"DE","80+",2022-04-27,2022-04-11,"-16 day ahead inc hosp","quantile",0.25,3270,"COVID-19"
"DE","80+",2022-04-27,2022-04-11,"-16 day ahead inc hosp","quantile",0.5,3338,"COVID-19"
"DE","80+",2022-04-27,2022-04-11,"-16 day ahead inc hosp","quantile",0.75,3418,"COVID-19"
"DE","80+",2022-04-27,2022-04-11,"-16 day ahead inc hosp","quantile",0.9,3502,"COVID-19"
"DE","80+",2022-04-27,2022-04-11,"-16 day ahead inc hosp","quantile",0.975,3609,"COVID-19"
"DE","80+",2022-04-27,2022-04-10,"-17 day ahead inc hosp","mean",NA,3347,"COVID-19"
"DE","80+",2022-04-27,2022-04-10,"-17 day ahead inc hosp","quantile",0.025,3171,"COVID-19"
"DE","80+",2022-04-27,2022-04-10,"-17 day ahead inc hosp","quantile",0.1,3216,"COVID-19"
"DE","80+",2022-04-27,2022-04-10,"-17 day ahead inc hosp","quantile",0.25,3266,"COVID-19"
"DE","80+",2022-04-27,2022-04-10,"-17 day ahead inc hosp","quantile",0.5,3333,"COVID-19"
"DE","80+",2022-04-27,2022-04-10,"-17 day ahead inc hosp","quantile",0.75,3413,"COVID-19"
"DE","80+",2022-04-27,2022-04-10,"-17 day ahead inc hosp","quantile",0.9,3497,"COVID-19"
"DE","80+",2022-04-27,2022-04-10,"-17 day ahead inc hosp","quantile",0.975,3604,"COVID-19"
"DE","80+",2022-04-27,2022-04-09,"-18 day ahead inc hosp","mean",NA,3370,"COVID-19"
"DE","80+",2022-04-27,2022-04-09,"-18 day ahead inc hosp","quantile",0.025,3196,"COVID-19"
"DE","80+",2022-04-27,2022-04-09,"-18 day ahead inc hosp","quantile",0.1,3240,"COVID-19"
"DE","80+",2022-04-27,2022-04-09,"-18 day ahead inc hosp","quantile",0.25,3289,"COVID-19"
"DE","80+",2022-04-27,2022-04-09,"-18 day ahead inc hosp","quantile",0.5,3356,"COVID-19"
"DE","80+",2022-04-27,2022-04-09,"-18 day ahead inc hosp","quantile",0.75,3436,"COVID-19"
"DE","80+",2022-04-27,2022-04-09,"-18 day ahead inc hosp","quantile",0.9,3520,"COVID-19"
"DE","80+",2022-04-27,2022-04-09,"-18 day ahead inc hosp","quantile",0.975,3628,"COVID-19"
"DE","80+",2022-04-27,2022-04-08,"-19 day ahead inc hosp","mean",NA,3366,"COVID-19"
"DE","80+",2022-04-27,2022-04-08,"-19 day ahead inc hosp","quantile",0.025,3200,"COVID-19"
"DE","80+",2022-04-27,2022-04-08,"-19 day ahead inc hosp","quantile",0.1,3241,"COVID-19"
"DE","80+",2022-04-27,2022-04-08,"-19 day ahead inc hosp","quantile",0.25,3288,"COVID-19"
"DE","80+",2022-04-27,2022-04-08,"-19 day ahead inc hosp","quantile",0.5,3351,"COVID-19"
"DE","80+",2022-04-27,2022-04-08,"-19 day ahead inc hosp","quantile",0.75,3428,"COVID-19"
"DE","80+",2022-04-27,2022-04-08,"-19 day ahead inc hosp","quantile",0.9,3509,"COVID-19"
"DE","80+",2022-04-27,2022-04-08,"-19 day ahead inc hosp","quantile",0.975,3613,"COVID-19"
"DE","80+",2022-04-27,2022-04-07,"-20 day ahead inc hosp","mean",NA,3444,"COVID-19"
"DE","80+",2022-04-27,2022-04-07,"-20 day ahead inc hosp","quantile",0.025,3285,"COVID-19"
"DE","80+",2022-04-27,2022-04-07,"-20 day ahead inc hosp","quantile",0.1,3324,"COVID-19"
"DE","80+",2022-04-27,2022-04-07,"-20 day ahead inc hosp","quantile",0.25,3368,"COVID-19"
"DE","80+",2022-04-27,2022-04-07,"-20 day ahead inc hosp","quantile",0.5,3429,"COVID-19"
"DE","80+",2022-04-27,2022-04-07,"-20 day ahead inc hosp","quantile",0.75,3503,"COVID-19"
"DE","80+",2022-04-27,2022-04-07,"-20 day ahead inc hosp","quantile",0.9,3582,"COVID-19"
"DE","80+",2022-04-27,2022-04-07,"-20 day ahead inc hosp","quantile",0.975,3683,"COVID-19"
"DE","80+",2022-04-27,2022-04-06,"-21 day ahead inc hosp","mean",NA,3508,"COVID-19"
"DE","80+",2022-04-27,2022-04-06,"-21 day ahead inc hosp","quantile",0.025,3360,"COVID-19"
"DE","80+",2022-04-27,2022-04-06,"-21 day ahead inc hosp","quantile",0.1,3396,"COVID-19"
"DE","80+",2022-04-27,2022-04-06,"-21 day ahead inc hosp","quantile",0.25,3438,"COVID-19"
"DE","80+",2022-04-27,2022-04-06,"-21 day ahead inc hosp","quantile",0.5,3495,"COVID-19"
"DE","80+",2022-04-27,2022-04-06,"-21 day ahead inc hosp","quantile",0.75,3564,"COVID-19"
"DE","80+",2022-04-27,2022-04-06,"-21 day ahead inc hosp","quantile",0.9,3638,"COVID-19"
"DE","80+",2022-04-27,2022-04-06,"-21 day ahead inc hosp","quantile",0.975,3734,"COVID-19"
"DE","80+",2022-04-27,2022-04-05,"-22 day ahead inc hosp","mean",NA,3634,"COVID-19"
"DE","80+",2022-04-27,2022-04-05,"-22 day ahead inc hosp","quantile",0.025,3494,"COVID-19"
"DE","80+",2022-04-27,2022-04-05,"-22 day ahead inc hosp","quantile",0.1,3528,"COVID-19"
"DE","80+",2022-04-27,2022-04-05,"-22 day ahead inc hosp","quantile",0.25,3567,"COVID-19"
"DE","80+",2022-04-27,2022-04-05,"-22 day ahead inc hosp","quantile",0.5,3621,"COVID-19"
"DE","80+",2022-04-27,2022-04-05,"-22 day ahead inc hosp","quantile",0.75,3687,"COVID-19"
"DE","80+",2022-04-27,2022-04-05,"-22 day ahead inc hosp","quantile",0.9,3757,"COVID-19"
"DE","80+",2022-04-27,2022-04-05,"-22 day ahead inc hosp","quantile",0.975,3849,"COVID-19"
"DE","80+",2022-04-27,2022-04-04,"-23 day ahead inc hosp","mean",NA,3721,"COVID-19"
"DE","80+",2022-04-27,2022-04-04,"-23 day ahead inc hosp","quantile",0.025,3591,"COVID-19"
"DE","80+",2022-04-27,2022-04-04,"-23 day ahead inc hosp","quantile",0.1,3622,"COVID-19"
"DE","80+",2022-04-27,2022-04-04,"-23 day ahead inc hosp","quantile",0.25,3658,"COVID-19"
"DE","80+",2022-04-27,2022-04-04,"-23 day ahead inc hosp","quantile",0.5,3708,"COVID-19"
"DE","80+",2022-04-27,2022-04-04,"-23 day ahead inc hosp","quantile",0.75,3770,"COVID-19"
"DE","80+",2022-04-27,2022-04-04,"-23 day ahead inc hosp","quantile",0.9,3836,"COVID-19"
"DE","80+",2022-04-27,2022-04-04,"-23 day ahead inc hosp","quantile",0.975,3923,"COVID-19"
"DE","80+",2022-04-27,2022-04-03,"-24 day ahead inc hosp","mean",NA,3793,"COVID-19"
"DE","80+",2022-04-27,2022-04-03,"-24 day ahead inc hosp","quantile",0.025,3663,"COVID-19"
"DE","80+",2022-04-27,2022-04-03,"-24 day ahead inc hosp","quantile",0.1,3694,"COVID-19"
"DE","80+",2022-04-27,2022-04-03,"-24 day ahead inc hosp","quantile",0.25,3730,"COVID-19"
"DE","80+",2022-04-27,2022-04-03,"-24 day ahead inc hosp","quantile",0.5,3780,"COVID-19"
"DE","80+",2022-04-27,2022-04-03,"-24 day ahead inc hosp","quantile",0.75,3843,"COVID-19"
"DE","80+",2022-04-27,2022-04-03,"-24 day ahead inc hosp","quantile",0.9,3910,"COVID-19"
"DE","80+",2022-04-27,2022-04-03,"-24 day ahead inc hosp","quantile",0.975,3998,"COVID-19"
"DE","80+",2022-04-27,2022-04-02,"-25 day ahead inc hosp","mean",NA,3889,"COVID-19"
"DE","80+",2022-04-27,2022-04-02,"-25 day ahead inc hosp","quantile",0.025,3759,"COVID-19"
"DE","80+",2022-04-27,2022-04-02,"-25 day ahead inc hosp","quantile",0.1,3789,"COVID-19"
"DE","80+",2022-04-27,2022-04-02,"-25 day ahead inc hosp","quantile",0.25,3825,"COVID-19"
"DE","80+",2022-04-27,2022-04-02,"-25 day ahead inc hosp","quantile",0.5,3875,"COVID-19"
"DE","80+",2022-04-27,2022-04-02,"-25 day ahead inc hosp","quantile",0.75,3938,"COVID-19"
"DE","80+",2022-04-27,2022-04-02,"-25 day ahead inc hosp","quantile",0.9,4006,"COVID-19"
"DE","80+",2022-04-27,2022-04-02,"-25 day ahead inc hosp","quantile",0.975,4095,"COVID-19"
"DE","80+",2022-04-27,2022-04-01,"-26 day ahead inc hosp","mean",NA,4063,"COVID-19"
"DE","80+",2022-04-27,2022-04-01,"-26 day ahead inc hosp","quantile",0.025,3937,"COVID-19"
"DE","80+",2022-04-27,2022-04-01,"-26 day ahead inc hosp","quantile",0.1,3966,"COVID-19"
"DE","80+",2022-04-27,2022-04-01,"-26 day ahead inc hosp","quantile",0.25,4001,"COVID-19"
"DE","80+",2022-04-27,2022-04-01,"-26 day ahead inc hosp","quantile",0.5,4050,"COVID-19"
"DE","80+",2022-04-27,2022-04-01,"-26 day ahead inc hosp","quantile",0.75,4112,"COVID-19"
"DE","80+",2022-04-27,2022-04-01,"-26 day ahead inc hosp","quantile",0.9,4178,"COVID-19"
"DE","80+",2022-04-27,2022-04-01,"-26 day ahead inc hosp","quantile",0.975,4266,"COVID-19"
"DE","80+",2022-04-27,2022-03-31,"-27 day ahead inc hosp","mean",NA,4115,"COVID-19"
"DE","80+",2022-04-27,2022-03-31,"-27 day ahead inc hosp","quantile",0.025,3996,"COVID-19"
"DE","80+",2022-04-27,2022-03-31,"-27 day ahead inc hosp","quantile",0.1,4023,"COVID-19"
"DE","80+",2022-04-27,2022-03-31,"-27 day ahead inc hosp","quantile",0.25,4056,"COVID-19"
"DE","80+",2022-04-27,2022-03-31,"-27 day ahead inc hosp","quantile",0.5,4102,"COVID-19"
"DE","80+",2022-04-27,2022-03-31,"-27 day ahead inc hosp","quantile",0.75,4160,"COVID-19"
"DE","80+",2022-04-27,2022-03-31,"-27 day ahead inc hosp","quantile",0.9,4224,"COVID-19"
"DE","80+",2022-04-27,2022-03-31,"-27 day ahead inc hosp","quantile",0.975,4307,"COVID-19"
"DE","80+",2022-04-27,2022-03-30,"-28 day ahead inc hosp","mean",NA,4132,"COVID-19"
"DE","80+",2022-04-27,2022-03-30,"-28 day ahead inc hosp","quantile",0.025,4023,"COVID-19"
"DE","80+",2022-04-27,2022-03-30,"-28 day ahead inc hosp","quantile",0.1,4047,"COVID-19"
"DE","80+",2022-04-27,2022-03-30,"-28 day ahead inc hosp","quantile",0.25,4077,"COVID-19"
"DE","80+",2022-04-27,2022-03-30,"-28 day ahead inc hosp","quantile",0.5,4120,"COVID-19"
"DE","80+",2022-04-27,2022-03-30,"-28 day ahead inc hosp","quantile",0.75,4173,"COVID-19"
"DE","80+",2022-04-27,2022-03-30,"-28 day ahead inc hosp","quantile",0.9,4232,"COVID-19"
"DE","80+",2022-04-27,2022-03-30,"-28 day ahead inc hosp","quantile",0.975,4309,"COVID-19"
"DE-BB","00+",2022-04-27,2022-04-27,"0 day ahead inc hosp","mean",NA,216,"COVID-19"
"DE-BB","00+",2022-04-27,2022-04-27,"0 day ahead inc hosp","quantile",0.025,144,"COVID-19"
"DE-BB","00+",2022-04-27,2022-04-27,"0 day ahead inc hosp","quantile",0.1,158,"COVID-19"
"DE-BB","00+",2022-04-27,2022-04-27,"0 day ahead inc hosp","quantile",0.25,177,"COVID-19"
"DE-BB","00+",2022-04-27,2022-04-27,"0 day ahead inc hosp","quantile",0.5,206,"COVID-19"
"DE-BB","00+",2022-04-27,2022-04-27,"0 day ahead inc hosp","quantile",0.75,244,"COVID-19"
"DE-BB","00+",2022-04-27,2022-04-27,"0 day ahead inc hosp","quantile",0.9,287,"COVID-19"
"DE-BB","00+",2022-04-27,2022-04-27,"0 day ahead inc hosp","quantile",0.975,346,"COVID-19"
"DE-BB","00+",2022-04-27,2022-04-26,"-1 day ahead inc hosp","mean",NA,257,"COVID-19"
"DE-BB","00+",2022-04-27,2022-04-26,"-1 day ahead inc hosp","quantile",0.025,187,"COVID-19"
"DE-BB","00+",2022-04-27,2022-04-26,"-1 day ahead inc hosp","quantile",0.1,201,"COVID-19"
"DE-BB","00+",2022-04-27,2022-04-26,"-1 day ahead inc hosp","quantile",0.25,220,"COVID-19"
"DE-BB","00+",2022-04-27,2022-04-26,"-1 day ahead inc hosp","quantile",0.5,247,"COVID-19"
"DE-BB","00+",2022-04-27,2022-04-26,"-1 day ahead inc hosp","quantile",0.75,284,"COVID-19"
"DE-BB","00+",2022-04-27,2022-04-26,"-1 day ahead inc hosp","quantile",0.9,326,"COVID-19"
"DE-BB","00+",2022-04-27,2022-04-26,"-1 day ahead inc hosp","quantile",0.975,383,"COVID-19"
"DE-BB","00+",2022-04-27,2022-04-25,"-2 day ahead inc hosp","mean",NA,205,"COVID-19"
"DE-BB","00+",2022-04-27,2022-04-25,"-2 day ahead inc hosp","quantile",0.025,156,"COVID-19"
"DE-BB","00+",2022-04-27,2022-04-25,"-2 day ahead inc hosp","quantile",0.1,166,"COVID-19"
"DE-BB","00+",2022-04-27,2022-04-25,"-2 day ahead inc hosp","quantile",0.25,178,"COVID-19"
"DE-BB","00+",2022-04-27,2022-04-25,"-2 day ahead inc hosp","quantile",0.5,198,"COVID-19"
"DE-BB","00+",2022-04-27,2022-04-25,"-2 day ahead inc hosp","quantile",0.75,224,"COVID-19"
"DE-BB","00+",2022-04-27,2022-04-25,"-2 day ahead inc hosp","quantile",0.9,254,"COVID-19"
"DE-BB","00+",2022-04-27,2022-04-25,"-2 day ahead inc hosp","quantile",0.975,295,"COVID-19"
"DE-BB","00+",2022-04-27,2022-04-24,"-3 day ahead inc hosp","mean",NA,193,"COVID-19"
"DE-BB","00+",2022-04-27,2022-04-24,"-3 day ahead inc hosp","quantile",0.025,149,"COVID-19"
"DE-BB","00+",2022-04-27,2022-04-24,"-3 day ahead inc hosp","quantile",0.1,157,"COVID-19"
"DE-BB","00+",2022-04-27,2022-04-24,"-3 day ahead inc hosp","quantile",0.25,168,"COVID-19"
"DE-BB","00+",2022-04-27,2022-04-24,"-3 day ahead inc hosp","quantile",0.5,186,"COVID-19"
"DE-BB","00+",2022-04-27,2022-04-24,"-3 day ahead inc hosp","quantile",0.75,211,"COVID-19"
"DE-BB","00+",2022-04-27,2022-04-24,"-3 day ahead inc hosp","quantile",0.9,239,"COVID-19"
"DE-BB","00+",2022-04-27,2022-04-24,"-3 day ahead inc hosp","quantile",0.975,277,"COVID-19"
"DE-BB","00+",2022-04-27,2022-04-23,"-4 day ahead inc hosp","mean",NA,193,"COVID-19"
"DE-BB","00+",2022-04-27,2022-04-23,"-4 day ahead inc hosp","quantile",0.025,148,"COVID-19"
"DE-BB","00+",2022-04-27,2022-04-23,"-4 day ahead inc hosp","quantile",0.1,156,"COVID-19"
"DE-BB","00+",2022-04-27,2022-04-23,"-4 day ahead inc hosp","quantile",0.25,167,"COVID-19"
"DE-BB","00+",2022-04-27,2022-04-23,"-4 day ahead inc hosp","quantile",0.5,185,"COVID-19"
"DE-BB","00+",2022-04-27,2022-04-23,"-4 day ahead inc hosp","quantile",0.75,210,"COVID-19"
"DE-BB","00+",2022-04-27,2022-04-23,"-4 day ahead inc hosp","quantile",0.9,238,"COVID-19"
"DE-BB","00+",2022-04-27,2022-04-23,"-4 day ahead inc hosp","quantile",0.975,277,"COVID-19"
"DE-BB","00+",2022-04-27,2022-04-22,"-5 day ahead inc hosp","mean",NA,163,"COVID-19"
"DE-BB","00+",2022-04-27,2022-04-22,"-5 day ahead inc hosp","quantile",0.025,127,"COVID-19"
"DE-BB","00+",2022-04-27,2022-04-22,"-5 day ahead inc hosp","quantile",0.1,134,"COVID-19"
"DE-BB","00+",2022-04-27,2022-04-22,"-5 day ahead inc hosp","quantile",0.25,143,"COVID-19"
"DE-BB","00+",2022-04-27,2022-04-22,"-5 day ahead inc hosp","quantile",0.5,157,"COVID-19"
"DE-BB","00+",2022-04-27,2022-04-22,"-5 day ahead inc hosp","quantile",0.75,177,"COVID-19"
"DE-BB","00+",2022-04-27,2022-04-22,"-5 day ahead inc hosp","quantile",0.9,200,"COVID-19"
"DE-BB","00+",2022-04-27,2022-04-22,"-5 day ahead inc hosp","quantile",0.975,233,"COVID-19"
"DE-BB","00+",2022-04-27,2022-04-21,"-6 day ahead inc hosp","mean",NA,157,"COVID-19"
"DE-BB","00+",2022-04-27,2022-04-21,"-6 day ahead inc hosp","quantile",0.025,126,"COVID-19"
"DE-BB","00+",2022-04-27,2022-04-21,"-6 day ahead inc hosp","quantile",0.1,131,"COVID-19"
"DE-BB","00+",2022-04-27,2022-04-21,"-6 day ahead inc hosp","quantile",0.25,139,"COVID-19"
"DE-BB","00+",2022-04-27,2022-04-21,"-6 day ahead inc hosp","quantile",0.5,152,"COVID-19"
"DE-BB","00+",2022-04-27,2022-04-21,"-6 day ahead inc hosp","quantile",0.75,169,"COVID-19"
"DE-BB","00+",2022-04-27,2022-04-21,"-6 day ahead inc hosp","quantile",0.9,190,"COVID-19"
"DE-BB","00+",2022-04-27,2022-04-21,"-6 day ahead inc hosp","quantile",0.975,218,"COVID-19"
"DE-BB","00+",2022-04-27,2022-04-20,"-7 day ahead inc hosp","mean",NA,143,"COVID-19"
"DE-BB","00+",2022-04-27,2022-04-20,"-7 day ahead inc hosp","quantile",0.025,118,"COVID-19"
"DE-BB","00+",2022-04-27,2022-04-20,"-7 day ahead inc hosp","quantile",0.1,122,"COVID-19"
"DE-BB","00+",2022-04-27,2022-04-20,"-7 day ahead inc hosp","quantile",0.25,128,"COVID-19"
"DE-BB","00+",2022-04-27,2022-04-20,"-7 day ahead inc hosp","quantile",0.5,139,"COVID-19"
"DE-BB","00+",2022-04-27,2022-04-20,"-7 day ahead inc hosp","quantile",0.75,153,"COVID-19"
"DE-BB","00+",2022-04-27,2022-04-20,"-7 day ahead inc hosp","quantile",0.9,169,"COVID-19"
"DE-BB","00+",2022-04-27,2022-04-20,"-7 day ahead inc hosp","quantile",0.975,192,"COVID-19"
"DE-BB","00+",2022-04-27,2022-04-19,"-8 day ahead inc hosp","mean",NA,114,"COVID-19"
"DE-BB","00+",2022-04-27,2022-04-19,"-8 day ahead inc hosp","quantile",0.025,98,"COVID-19"
"DE-BB","00+",2022-04-27,2022-04-19,"-8 day ahead inc hosp","quantile",0.1,101,"COVID-19"
"DE-BB","00+",2022-04-27,2022-04-19,"-8 day ahead inc hosp","quantile",0.25,105,"COVID-19"
"DE-BB","00+",2022-04-27,2022-04-19,"-8 day ahead inc hosp","quantile",0.5,111,"COVID-19"
"DE-BB","00+",2022-04-27,2022-04-19,"-8 day ahead inc hosp","quantile",0.75,120,"COVID-19"
"DE-BB","00+",2022-04-27,2022-04-19,"-8 day ahead inc hosp","quantile",0.9,130,"COVID-19"
"DE-BB","00+",2022-04-27,2022-04-19,"-8 day ahead inc hosp","quantile",0.975,144,"COVID-19"
"DE-BB","00+",2022-04-27,2022-04-18,"-9 day ahead inc hosp","mean",NA,162,"COVID-19"
"DE-BB","00+",2022-04-27,2022-04-18,"-9 day ahead inc hosp","quantile",0.025,142,"COVID-19"
"DE-BB","00+",2022-04-27,2022-04-18,"-9 day ahead inc hosp","quantile",0.1,145,"COVID-19"
"DE-BB","00+",2022-04-27,2022-04-18,"-9 day ahead inc hosp","quantile",0.25,150,"COVID-19"
"DE-BB","00+",2022-04-27,2022-04-18,"-9 day ahead inc hosp","quantile",0.5,158,"COVID-19"
"DE-BB","00+",2022-04-27,2022-04-18,"-9 day ahead inc hosp","quantile",0.75,170,"COVID-19"
"DE-BB","00+",2022-04-27,2022-04-18,"-9 day ahead inc hosp","quantile",0.9,184,"COVID-19"
"DE-BB","00+",2022-04-27,2022-04-18,"-9 day ahead inc hosp","quantile",0.975,202,"COVID-19"
"DE-BB","00+",2022-04-27,2022-04-17,"-10 day ahead inc hosp","mean",NA,165,"COVID-19"
"DE-BB","00+",2022-04-27,2022-04-17,"-10 day ahead inc hosp","quantile",0.025,145,"COVID-19"
"DE-BB","00+",2022-04-27,2022-04-17,"-10 day ahead inc hosp","quantile",0.1,148,"COVID-19"
"DE-BB","00+",2022-04-27,2022-04-17,"-10 day ahead inc hosp","quantile",0.25,153,"COVID-19"
"DE-BB","00+",2022-04-27,2022-04-17,"-10 day ahead inc hosp","quantile",0.5,161,"COVID-19"
"DE-BB","00+",2022-04-27,2022-04-17,"-10 day ahead inc hosp","quantile",0.75,173,"COVID-19"
"DE-BB","00+",2022-04-27,2022-04-17,"-10 day ahead inc hosp","quantile",0.9,187,"COVID-19"
"DE-BB","00+",2022-04-27,2022-04-17,"-10 day ahead inc hosp","quantile",0.975,207,"COVID-19"
"DE-BB","00+",2022-04-27,2022-04-16,"-11 day ahead inc hosp","mean",NA,168,"COVID-19"
"DE-BB","00+",2022-04-27,2022-04-16,"-11 day ahead inc hosp","quantile",0.025,148,"COVID-19"
"DE-BB","00+",2022-04-27,2022-04-16,"-11 day ahead inc hosp","quantile",0.1,151,"COVID-19"
"DE-BB","00+",2022-04-27,2022-04-16,"-11 day ahead inc hosp","quantile",0.25,156,"COVID-19"
"DE-BB","00+",2022-04-27,2022-04-16,"-11 day ahead inc hosp","quantile",0.5,164,"COVID-19"
"DE-BB","00+",2022-04-27,2022-04-16,"-11 day ahead inc hosp","quantile",0.75,177,"COVID-19"
"DE-BB","00+",2022-04-27,2022-04-16,"-11 day ahead inc hosp","quantile",0.9,191,"COVID-19"
"DE-BB","00+",2022-04-27,2022-04-16,"-11 day ahead inc hosp","quantile",0.975,212,"COVID-19"
"DE-BB","00+",2022-04-27,2022-04-15,"-12 day ahead inc hosp","mean",NA,192,"COVID-19"
"DE-BB","00+",2022-04-27,2022-04-15,"-12 day ahead inc hosp","quantile",0.025,170,"COVID-19"
"DE-BB","00+",2022-04-27,2022-04-15,"-12 day ahead inc hosp","quantile",0.1,173,"COVID-19"
"DE-BB","00+",2022-04-27,2022-04-15,"-12 day ahead inc hosp","quantile",0.25,178,"COVID-19"
"DE-BB","00+",2022-04-27,2022-04-15,"-12 day ahead inc hosp","quantile",0.5,188,"COVID-19"
"DE-BB","00+",2022-04-27,2022-04-15,"-12 day ahead inc hosp","quantile",0.75,201,"COVID-19"
"DE-BB","00+",2022-04-27,2022-04-15,"-12 day ahead inc hosp","quantile",0.9,218,"COVID-19"
"DE-BB","00+",2022-04-27,2022-04-15,"-12 day ahead inc hosp","quantile",0.975,241,"COVID-19"
"DE-BB","00+",2022-04-27,2022-04-14,"-13 day ahead inc hosp","mean",NA,196,"COVID-19"
"DE-BB","00+",2022-04-27,2022-04-14,"-13 day ahead inc hosp","quantile",0.025,174,"COVID-19"
"DE-BB","00+",2022-04-27,2022-04-14,"-13 day ahead inc hosp","quantile",0.1,177,"COVID-19"
"DE-BB","00+",2022-04-27,2022-04-14,"-13 day ahead inc hosp","quantile",0.25,182,"COVID-19"
"DE-BB","00+",2022-04-27,2022-04-14,"-13 day ahead inc hosp","quantile",0.5,191,"COVID-19"
"DE-BB","00+",2022-04-27,2022-04-14,"-13 day ahead inc hosp","quantile",0.75,204,"COVID-19"
"DE-BB","00+",2022-04-27,2022-04-14,"-13 day ahead inc hosp","quantile",0.9,220,"COVID-19"
"DE-BB","00+",2022-04-27,2022-04-14,"-13 day ahead inc hosp","quantile",0.975,243,"COVID-19"
"DE-BB","00+",2022-04-27,2022-04-13,"-14 day ahead inc hosp","mean",NA,193,"COVID-19"
"DE-BB","00+",2022-04-27,2022-04-13,"-14 day ahead inc hosp","quantile",0.025,173,"COVID-19"
"DE-BB","00+",2022-04-27,2022-04-13,"-14 day ahead inc hosp","quantile",0.1,176,"COVID-19"
"DE-BB","00+",2022-04-27,2022-04-13,"-14 day ahead inc hosp","quantile",0.25,180,"COVID-19"
"DE-BB","00+",2022-04-27,2022-04-13,"-14 day ahead inc hosp","quantile",0.5,188,"COVID-19"
"DE-BB","00+",2022-04-27,2022-04-13,"-14 day ahead inc hosp","quantile",0.75,201,"COVID-19"
"DE-BB","00+",2022-04-27,2022-04-13,"-14 day ahead inc hosp","quantile",0.9,216,"COVID-19"
"DE-BB","00+",2022-04-27,2022-04-13,"-14 day ahead inc hosp","quantile",0.975,237,"COVID-19"
"DE-BB","00+",2022-04-27,2022-04-12,"-15 day ahead inc hosp","mean",NA,190,"COVID-19"
"DE-BB","00+",2022-04-27,2022-04-12,"-15 day ahead inc hosp","quantile",0.025,173,"COVID-19"
"DE-BB","00+",2022-04-27,2022-04-12,"-15 day ahead inc hosp","quantile",0.1,175,"COVID-19"
"DE-BB","00+",2022-04-27,2022-04-12,"-15 day ahead inc hosp","quantile",0.25,179,"COVID-19"
"DE-BB","00+",2022-04-27,2022-04-12,"-15 day ahead inc hosp","quantile",0.5,186,"COVID-19"
"DE-BB","00+",2022-04-27,2022-04-12,"-15 day ahead inc hosp","quantile",0.75,197,"COVID-19"
"DE-BB","00+",2022-04-27,2022-04-12,"-15 day ahead inc hosp","quantile",0.9,211,"COVID-19"
"DE-BB","00+",2022-04-27,2022-04-12,"-15 day ahead inc hosp","quantile",0.975,230,"COVID-19"
"DE-BB","00+",2022-04-27,2022-04-11,"-16 day ahead inc hosp","mean",NA,196,"COVID-19"
"DE-BB","00+",2022-04-27,2022-04-11,"-16 day ahead inc hosp","quantile",0.025,180,"COVID-19"
"DE-BB","00+",2022-04-27,2022-04-11,"-16 day ahead inc hosp","quantile",0.1,183,"COVID-19"
"DE-BB","00+",2022-04-27,2022-04-11,"-16 day ahead inc hosp","quantile",0.25,186,"COVID-19"
"DE-BB","00+",2022-04-27,2022-04-11,"-16 day ahead inc hosp","quantile",0.5,193,"COVID-19"
"DE-BB","00+",2022-04-27,2022-04-11,"-16 day ahead inc hosp","quantile",0.75,203,"COVID-19"
"DE-BB","00+",2022-04-27,2022-04-11,"-16 day ahead inc hosp","quantile",0.9,215,"COVID-19"
"DE-BB","00+",2022-04-27,2022-04-11,"-16 day ahead inc hosp","quantile",0.975,233,"COVID-19"
"DE-BB","00+",2022-04-27,2022-04-10,"-17 day ahead inc hosp","mean",NA,199,"COVID-19"
"DE-BB","00+",2022-04-27,2022-04-10,"-17 day ahead inc hosp","quantile",0.025,183,"COVID-19"
"DE-BB","00+",2022-04-27,2022-04-10,"-17 day ahead inc hosp","quantile",0.1,185,"COVID-19"
"DE-BB","00+",2022-04-27,2022-04-10,"-17 day ahead inc hosp","quantile",0.25,189,"COVID-19"
"DE-BB","00+",2022-04-27,2022-04-10,"-17 day ahead inc hosp","quantile",0.5,196,"COVID-19"
"DE-BB","00+",2022-04-27,2022-04-10,"-17 day ahead inc hosp","quantile",0.75,206,"COVID-19"
"DE-BB","00+",2022-04-27,2022-04-10,"-17 day ahead inc hosp","quantile",0.9,218,"COVID-19"
"DE-BB","00+",2022-04-27,2022-04-10,"-17 day ahead inc hosp","quantile",0.975,237,"COVID-19"
"DE-BB","00+",2022-04-27,2022-04-09,"-18 day ahead inc hosp","mean",NA,200,"COVID-19"
"DE-BB","00+",2022-04-27,2022-04-09,"-18 day ahead inc hosp","quantile",0.025,184,"COVID-19"
"DE-BB","00+",2022-04-27,2022-04-09,"-18 day ahead inc hosp","quantile",0.1,186,"COVID-19"
"DE-BB","00+",2022-04-27,2022-04-09,"-18 day ahead inc hosp","quantile",0.25,190,"COVID-19"
"DE-BB","00+",2022-04-27,2022-04-09,"-18 day ahead inc hosp","quantile",0.5,196,"COVID-19"
"DE-BB","00+",2022-04-27,2022-04-09,"-18 day ahead inc hosp","quantile",0.75,207,"COVID-19"
"DE-BB","00+",2022-04-27,2022-04-09,"-18 day ahead inc hosp","quantile",0.9,219,"COVID-19"
"DE-BB","00+",2022-04-27,2022-04-09,"-18 day ahead inc hosp","quantile",0.975,238,"COVID-19"
"DE-BB","00+",2022-04-27,2022-04-08,"-19 day ahead inc hosp","mean",NA,202,"COVID-19"
"DE-BB","00+",2022-04-27,2022-04-08,"-19 day ahead inc hosp","quantile",0.025,186,"COVID-19"
"DE-BB","00+",2022-04-27,2022-04-08,"-19 day ahead inc hosp","quantile",0.1,188,"COVID-19"
"DE-BB","00+",2022-04-27,2022-04-08,"-19 day ahead inc hosp","quantile",0.25,192,"COVID-19"
"DE-BB","00+",2022-04-27,2022-04-08,"-19 day ahead inc hosp","quantile",0.5,198,"COVID-19"
"DE-BB","00+",2022-04-27,2022-04-08,"-19 day ahead inc hosp","quantile",0.75,208,"COVID-19"
"DE-BB","00+",2022-04-27,2022-04-08,"-19 day ahead inc hosp","quantile",0.9,220,"COVID-19"
"DE-BB","00+",2022-04-27,2022-04-08,"-19 day ahead inc hosp","quantile",0.975,237,"COVID-19"
"DE-BB","00+",2022-04-27,2022-04-07,"-20 day ahead inc hosp","mean",NA,215,"COVID-19"
"DE-BB","00+",2022-04-27,2022-04-07,"-20 day ahead inc hosp","quantile",0.025,200,"COVID-19"
"DE-BB","00+",2022-04-27,2022-04-07,"-20 day ahead inc hosp","quantile",0.1,202,"COVID-19"
"DE-BB","00+",2022-04-27,2022-04-07,"-20 day ahead inc hosp","quantile",0.25,205,"COVID-19"
"DE-BB","00+",2022-04-27,2022-04-07,"-20 day ahead inc hosp","quantile",0.5,212,"COVID-19"
"DE-BB","00+",2022-04-27,2022-04-07,"-20 day ahead inc hosp","quantile",0.75,222,"COVID-19"
"DE-BB","00+",2022-04-27,2022-04-07,"-20 day ahead inc hosp","quantile",0.9,234,"COVID-19"
"DE-BB","00+",2022-04-27,2022-04-07,"-20 day ahead inc hosp","quantile",0.975,251,"COVID-19"
"DE-BB","00+",2022-04-27,2022-04-06,"-21 day ahead inc hosp","mean",NA,222,"COVID-19"
"DE-BB","00+",2022-04-27,2022-04-06,"-21 day ahead inc hosp","quantile",0.025,207,"COVID-19"
"DE-BB","00+",2022-04-27,2022-04-06,"-21 day ahead inc hosp","quantile",0.1,209,"COVID-19"
"DE-BB","00+",2022-04-27,2022-04-06,"-21 day ahead inc hosp","quantile",0.25,212,"COVID-19"
"DE-BB","00+",2022-04-27,2022-04-06,"-21 day ahead inc hosp","quantile",0.5,218,"COVID-19"
"DE-BB","00+",2022-04-27,2022-04-06,"-21 day ahead inc hosp","quantile",0.75,228,"COVID-19"
"DE-BB","00+",2022-04-27,2022-04-06,"-21 day ahead inc hosp","quantile",0.9,240,"COVID-19"
"DE-BB","00+",2022-04-27,2022-04-06,"-21 day ahead inc hosp","quantile",0.975,257,"COVID-19"
"DE-BB","00+",2022-04-27,2022-04-05,"-22 day ahead inc hosp","mean",NA,253,"COVID-19"
"DE-BB","00+",2022-04-27,2022-04-05,"-22 day ahead inc hosp","quantile",0.025,237,"COVID-19"
"DE-BB","00+",2022-04-27,2022-04-05,"-22 day ahead inc hosp","quantile",0.1,239,"COVID-19"
"DE-BB","00+",2022-04-27,2022-04-05,"-22 day ahead inc hosp","quantile",0.25,242,"COVID-19"
"DE-BB","00+",2022-04-27,2022-04-05,"-22 day ahead inc hosp","quantile",0.5,249,"COVID-19"
"DE-BB","00+",2022-04-27,2022-04-05,"-22 day ahead inc hosp","quantile",0.75,259,"COVID-19"
"DE-BB","00+",2022-04-27,2022-04-05,"-22 day ahead inc hosp","quantile",0.9,271,"COVID-19"
"DE-BB","00+",2022-04-27,2022-04-05,"-22 day ahead inc hosp","quantile",0.975,289,"COVID-19"
"DE-BB","00+",2022-04-27,2022-04-04,"-23 day ahead inc hosp","mean",NA,263,"COVID-19"
"DE-BB","00+",2022-04-27,2022-04-04,"-23 day ahead inc hosp","quantile",0.025,249,"COVID-19"
"DE-BB","00+",2022-04-27,2022-04-04,"-23 day ahead inc hosp","quantile",0.1,251,"COVID-19"
"DE-BB","00+",2022-04-27,2022-04-04,"-23 day ahead inc hosp","quantile",0.25,254,"COVID-19"
"DE-BB","00+",2022-04-27,2022-04-04,"-23 day ahead inc hosp","quantile",0.5,260,"COVID-19"
"DE-BB","00+",2022-04-27,2022-04-04,"-23 day ahead inc hosp","quantile",0.75,269,"COVID-19"
"DE-BB","00+",2022-04-27,2022-04-04,"-23 day ahead inc hosp","quantile",0.9,280,"COVID-19"
"DE-BB","00+",2022-04-27,2022-04-04,"-23 day ahead inc hosp","quantile",0.975,297,"COVID-19"
"DE-BB","00+",2022-04-27,2022-04-03,"-24 day ahead inc hosp","mean",NA,257,"COVID-19"
"DE-BB","00+",2022-04-27,2022-04-03,"-24 day ahead inc hosp","quantile",0.025,243,"COVID-19"
"DE-BB","00+",2022-04-27,2022-04-03,"-24 day ahead inc hosp","quantile",0.1,245,"COVID-19"
"DE-BB","00+",2022-04-27,2022-04-03,"-24 day ahead inc hosp","quantile",0.25,248,"COVID-19"
"DE-BB","00+",2022-04-27,2022-04-03,"-24 day ahead inc hosp","quantile",0.5,253,"COVID-19"
"DE-BB","00+",2022-04-27,2022-04-03,"-24 day ahead inc hosp","quantile",0.75,262,"COVID-19"
"DE-BB","00+",2022-04-27,2022-04-03,"-24 day ahead inc hosp","quantile",0.9,273,"COVID-19"
"DE-BB","00+",2022-04-27,2022-04-03,"-24 day ahead inc hosp","quantile",0.975,289,"COVID-19"
"DE-BB","00+",2022-04-27,2022-04-02,"-25 day ahead inc hosp","mean",NA,252,"COVID-19"
"DE-BB","00+",2022-04-27,2022-04-02,"-25 day ahead inc hosp","quantile",0.025,239,"COVID-19"
"DE-BB","00+",2022-04-27,2022-04-02,"-25 day ahead inc hosp","quantile",0.1,241,"COVID-19"
"DE-BB","00+",2022-04-27,2022-04-02,"-25 day ahead inc hosp","quantile",0.25,243,"COVID-19"
"DE-BB","00+",2022-04-27,2022-04-02,"-25 day ahead inc hosp","quantile",0.5,249,"COVID-19"
"DE-BB","00+",2022-04-27,2022-04-02,"-25 day ahead inc hosp","quantile",0.75,258,"COVID-19"
"DE-BB","00+",2022-04-27,2022-04-02,"-25 day ahead inc hosp","quantile",0.9,268,"COVID-19"
"DE-BB","00+",2022-04-27,2022-04-02,"-25 day ahead inc hosp","quantile",0.975,284,"COVID-19"
"DE-BB","00+",2022-04-27,2022-04-01,"-26 day ahead inc hosp","mean",NA,276,"COVID-19"
"DE-BB","00+",2022-04-27,2022-04-01,"-26 day ahead inc hosp","quantile",0.025,263,"COVID-19"
"DE-BB","00+",2022-04-27,2022-04-01,"-26 day ahead inc hosp","quantile",0.1,265,"COVID-19"
"DE-BB","00+",2022-04-27,2022-04-01,"-26 day ahead inc hosp","quantile",0.25,267,"COVID-19"
"DE-BB","00+",2022-04-27,2022-04-01,"-26 day ahead inc hosp","quantile",0.5,273,"COVID-19"
"DE-BB","00+",2022-04-27,2022-04-01,"-26 day ahead inc hosp","quantile",0.75,282,"COVID-19"
"DE-BB","00+",2022-04-27,2022-04-01,"-26 day ahead inc hosp","quantile",0.9,293,"COVID-19"
"DE-BB","00+",2022-04-27,2022-04-01,"-26 day ahead inc hosp","quantile",0.975,309,"COVID-19"
"DE-BB","00+",2022-04-27,2022-03-31,"-27 day ahead inc hosp","mean",NA,283,"COVID-19"
"DE-BB","00+",2022-04-27,2022-03-31,"-27 day ahead inc hosp","quantile",0.025,271,"COVID-19"
"DE-BB","00+",2022-04-27,2022-03-31,"-27 day ahead inc hosp","quantile",0.1,272,"COVID-19"
"DE-BB","00+",2022-04-27,2022-03-31,"-27 day ahead inc hosp","quantile",0.25,275,"COVID-19"
"DE-BB","00+",2022-04-27,2022-03-31,"-27 day ahead inc hosp","quantile",0.5,280,"COVID-19"
"DE-BB","00+",2022-04-27,2022-03-31,"-27 day ahead inc hosp","quantile",0.75,288,"COVID-19"
"DE-BB","00+",2022-04-27,2022-03-31,"-27 day ahead inc hosp","quantile",0.9,299,"COVID-19"
"DE-BB","00+",2022-04-27,2022-03-31,"-27 day ahead inc hosp","quantile",0.975,314,"COVID-19"
"DE-BB","00+",2022-04-27,2022-03-30,"-28 day ahead inc hosp","mean",NA,296,"COVID-19"
"DE-BB","00+",2022-04-27,2022-03-30,"-28 day ahead inc hosp","quantile",0.025,284,"COVID-19"
"DE-BB","00+",2022-04-27,2022-03-30,"-28 day ahead inc hosp","quantile",0.1,285,"COVID-19"
"DE-BB","00+",2022-04-27,2022-03-30,"-28 day ahead inc hosp","quantile",0.25,288,"COVID-19"
"DE-BB","00+",2022-04-27,2022-03-30,"-28 day ahead inc hosp","quantile",0.5,293,"COVID-19"
"DE-BB","00+",2022-04-27,2022-03-30,"-28 day ahead inc hosp","quantile",0.75,301,"COVID-19"
"DE-BB","00+",2022-04-27,2022-03-30,"-28 day ahead inc hosp","quantile",0.9,311,"COVID-19"
"DE-BB","00+",2022-04-27,2022-03-30,"-28 day ahead inc hosp","quantile",0.975,326,"COVID-19"
"DE-BE","00+",2022-04-27,2022-04-27,"0 day ahead inc hosp","mean",NA,104,"COVID-19"
"DE-BE","00+",2022-04-27,2022-04-27,"0 day ahead inc hosp","quantile",0.025,79,"COVID-19"
"DE-BE","00+",2022-04-27,2022-04-27,"0 day ahead inc hosp","quantile",0.1,86,"COVID-19"
"DE-BE","00+",2022-04-27,2022-04-27,"0 day ahead inc hosp","quantile",0.25,93,"COVID-19"
"DE-BE","00+",2022-04-27,2022-04-27,"0 day ahead inc hosp","quantile",0.5,102,"COVID-19"
"DE-BE","00+",2022-04-27,2022-04-27,"0 day ahead inc hosp","quantile",0.75,113,"COVID-19"
"DE-BE","00+",2022-04-27,2022-04-27,"0 day ahead inc hosp","quantile",0.9,124,"COVID-19"
"DE-BE","00+",2022-04-27,2022-04-27,"0 day ahead inc hosp","quantile",0.975,138,"COVID-19"
"DE-BE","00+",2022-04-27,2022-04-26,"-1 day ahead inc hosp","mean",NA,136,"COVID-19"
"DE-BE","00+",2022-04-27,2022-04-26,"-1 day ahead inc hosp","quantile",0.025,105,"COVID-19"
"DE-BE","00+",2022-04-27,2022-04-26,"-1 day ahead inc hosp","quantile",0.1,113,"COVID-19"
"DE-BE","00+",2022-04-27,2022-04-26,"-1 day ahead inc hosp","quantile",0.25,122,"COVID-19"
"DE-BE","00+",2022-04-27,2022-04-26,"-1 day ahead inc hosp","quantile",0.5,133,"COVID-19"
"DE-BE","00+",2022-04-27,2022-04-26,"-1 day ahead inc hosp","quantile",0.75,147,"COVID-19"
"DE-BE","00+",2022-04-27,2022-04-26,"-1 day ahead inc hosp","quantile",0.9,161,"COVID-19"
"DE-BE","00+",2022-04-27,2022-04-26,"-1 day ahead inc hosp","quantile",0.975,179,"COVID-19"
"DE-BE","00+",2022-04-27,2022-04-25,"-2 day ahead inc hosp","mean",NA,115,"COVID-19"
"DE-BE","00+",2022-04-27,2022-04-25,"-2 day ahead inc hosp","quantile",0.025,91,"COVID-19"
"DE-BE","00+",2022-04-27,2022-04-25,"-2 day ahead inc hosp","quantile",0.1,97,"COVID-19"
"DE-BE","00+",2022-04-27,2022-04-25,"-2 day ahead inc hosp","quantile",0.25,104,"COVID-19"
"DE-BE","00+",2022-04-27,2022-04-25,"-2 day ahead inc hosp","quantile",0.5,113,"COVID-19"
"DE-BE","00+",2022-04-27,2022-04-25,"-2 day ahead inc hosp","quantile",0.75,124,"COVID-19"
"DE-BE","00+",2022-04-27,2022-04-25,"-2 day ahead inc hosp","quantile",0.9,135,"COVID-19"
"DE-BE","00+",2022-04-27,2022-04-25,"-2 day ahead inc hosp","quantile",0.975,150,"COVID-19"
"DE-BE","00+",2022-04-27,2022-04-24,"-3 day ahead inc hosp","mean",NA,115,"COVID-19"
"DE-BE","00+",2022-04-27,2022-04-24,"-3 day ahead inc hosp","quantile",0.025,92,"COVID-19"
"DE-BE","00+",2022-04-27,2022-04-24,"-3 day ahead inc hosp","quantile",0.1,98,"COVID-19"
"DE-BE","00+",2022-04-27,2022-04-24,"-3 day ahead inc hosp","quantile",0.25,104,"COVID-19"
"DE-BE","00+",2022-04-27,2022-04-24,"-3 day ahead inc hosp","quantile",0.5,113,"COVID-19"
"DE-BE","00+",2022-04-27,2022-04-24,"-3 day ahead inc hosp","quantile",0.75,123,"COVID-19"
"DE-BE","00+",2022-04-27,2022-04-24,"-3 day ahead inc hosp","quantile",0.9,134,"COVID-19"
"DE-BE","00+",2022-04-27,2022-04-24,"-3 day ahead inc hosp","quantile",0.975,149,"COVID-19"
"DE-BE","00+",2022-04-27,2022-04-23,"-4 day ahead inc hosp","mean",NA,114,"COVID-19"
"DE-BE","00+",2022-04-27,2022-04-23,"-4 day ahead inc hosp","quantile",0.025,92,"COVID-19"
"DE-BE","00+",2022-04-27,2022-04-23,"-4 day ahead inc hosp","quantile",0.1,97,"COVID-19"
"DE-BE","00+",2022-04-27,2022-04-23,"-4 day ahead inc hosp","quantile",0.25,103,"COVID-19"
"DE-BE","00+",2022-04-27,2022-04-23,"-4 day ahead inc hosp","quantile",0.5,111,"COVID-19"
"DE-BE","00+",2022-04-27,2022-04-23,"-4 day ahead inc hosp","quantile",0.75,122,"COVID-19"
"DE-BE","00+",2022-04-27,2022-04-23,"-4 day ahead inc hosp","quantile",0.9,133,"COVID-19"
"DE-BE","00+",2022-04-27,2022-04-23,"-4 day ahead inc hosp","quantile",0.975,147,"COVID-19"
"DE-BE","00+",2022-04-27,2022-04-22,"-5 day ahead inc hosp","mean",NA,101,"COVID-19"
"DE-BE","00+",2022-04-27,2022-04-22,"-5 day ahead inc hosp","quantile",0.025,83,"COVID-19"
"DE-BE","00+",2022-04-27,2022-04-22,"-5 day ahead inc hosp","quantile",0.1,87,"COVID-19"
"DE-BE","00+",2022-04-27,2022-04-22,"-5 day ahead inc hosp","quantile",0.25,92,"COVID-19"
"DE-BE","00+",2022-04-27,2022-04-22,"-5 day ahead inc hosp","quantile",0.5,99,"COVID-19"
"DE-BE","00+",2022-04-27,2022-04-22,"-5 day ahead inc hosp","quantile",0.75,108,"COVID-19"
"DE-BE","00+",2022-04-27,2022-04-22,"-5 day ahead inc hosp","quantile",0.9,117,"COVID-19"
"DE-BE","00+",2022-04-27,2022-04-22,"-5 day ahead inc hosp","quantile",0.975,129,"COVID-19"
"DE-BE","00+",2022-04-27,2022-04-21,"-6 day ahead inc hosp","mean",NA,108,"COVID-19"
"DE-BE","00+",2022-04-27,2022-04-21,"-6 day ahead inc hosp","quantile",0.025,90,"COVID-19"
"DE-BE","00+",2022-04-27,2022-04-21,"-6 day ahead inc hosp","quantile",0.1,94,"COVID-19"
"DE-BE","00+",2022-04-27,2022-04-21,"-6 day ahead inc hosp","quantile",0.25,99,"COVID-19"
"DE-BE","00+",2022-04-27,2022-04-21,"-6 day ahead inc hosp","quantile",0.5,106,"COVID-19"
"DE-BE","00+",2022-04-27,2022-04-21,"-6 day ahead inc hosp","quantile",0.75,114,"COVID-19"
"DE-BE","00+",2022-04-27,2022-04-21,"-6 day ahead inc hosp","quantile",0.9,123,"COVID-19"
"DE-BE","00+",2022-04-27,2022-04-21,"-6 day ahead inc hosp","quantile",0.975,134,"COVID-19"
"DE-BE","00+",2022-04-27,2022-04-20,"-7 day ahead inc hosp","mean",NA,105,"COVID-19"
"DE-BE","00+",2022-04-27,2022-04-20,"-7 day ahead inc hosp","quantile",0.025,89,"COVID-19"
"DE-BE","00+",2022-04-27,2022-04-20,"-7 day ahead inc hosp","quantile",0.1,93,"COVID-19"
"DE-BE","00+",2022-04-27,2022-04-20,"-7 day ahead inc hosp","quantile",0.25,98,"COVID-19"
"DE-BE","00+",2022-04-27,2022-04-20,"-7 day ahead inc hosp","quantile",0.5,104,"COVID-19"
"DE-BE","00+",2022-04-27,2022-04-20,"-7 day ahead inc hosp","quantile",0.75,112,"COVID-19"
"DE-BE","00+",2022-04-27,2022-04-20,"-7 day ahead inc hosp","quantile",0.9,120,"COVID-19"
"DE-BE","00+",2022-04-27,2022-04-20,"-7 day ahead inc hosp","quantile",0.975,130,"COVID-19"
"DE-BE","00+",2022-04-27,2022-04-19,"-8 day ahead inc hosp","mean",NA,103,"COVID-19"
"DE-BE","00+",2022-04-27,2022-04-19,"-8 day ahead inc hosp","quantile",0.025,90,"COVID-19"
"DE-BE","00+",2022-04-27,2022-04-19,"-8 day ahead inc hosp","quantile",0.1,93,"COVID-19"
"DE-BE","00+",2022-04-27,2022-04-19,"-8 day ahead inc hosp","quantile",0.25,97,"COVID-19"
"DE-BE","00+",2022-04-27,2022-04-19,"-8 day ahead inc hosp","quantile",0.5,102,"COVID-19"
"DE-BE","00+",2022-04-27,2022-04-19,"-8 day ahead inc hosp","quantile",0.75,108,"COVID-19"
"DE-BE","00+",2022-04-27,2022-04-19,"-8 day ahead inc hosp","quantile",0.9,115,"COVID-19"
"DE-BE","00+",2022-04-27,2022-04-19,"-8 day ahead inc hosp","quantile",0.975,124,"COVID-19"
"DE-BE","00+",2022-04-27,2022-04-18,"-9 day ahead inc hosp","mean",NA,125,"COVID-19"
"DE-BE","00+",2022-04-27,2022-04-18,"-9 day ahead inc hosp","quantile",0.025,110,"COVID-19"
"DE-BE","00+",2022-04-27,2022-04-18,"-9 day ahead inc hosp","quantile",0.1,114,"COVID-19"
"DE-BE","00+",2022-04-27,2022-04-18,"-9 day ahead inc hosp","quantile",0.25,118,"COVID-19"
"DE-BE","00+",2022-04-27,2022-04-18,"-9 day ahead inc hosp","quantile",0.5,124,"COVID-19"
"DE-BE","00+",2022-04-27,2022-04-18,"-9 day ahead inc hosp","quantile",0.75,131,"COVID-19"
"DE-BE","00+",2022-04-27,2022-04-18,"-9 day ahead inc hosp","quantile",0.9,139,"COVID-19"
"DE-BE","00+",2022-04-27,2022-04-18,"-9 day ahead inc hosp","quantile",0.975,149,"COVID-19"
"DE-BE","00+",2022-04-27,2022-04-17,"-10 day ahead inc hosp","mean",NA,126,"COVID-19"
"DE-BE","00+",2022-04-27,2022-04-17,"-10 day ahead inc hosp","quantile",0.025,111,"COVID-19"
"DE-BE","00+",2022-04-27,2022-04-17,"-10 day ahead inc hosp","quantile",0.1,114,"COVID-19"
"DE-BE","00+",2022-04-27,2022-04-17,"-10 day ahead inc hosp","quantile",0.25,118,"COVID-19"
"DE-BE","00+",2022-04-27,2022-04-17,"-10 day ahead inc hosp","quantile",0.5,124,"COVID-19"
"DE-BE","00+",2022-04-27,2022-04-17,"-10 day ahead inc hosp","quantile",0.75,131,"COVID-19"
"DE-BE","00+",2022-04-27,2022-04-17,"-10 day ahead inc hosp","quantile",0.9,139,"COVID-19"
"DE-BE","00+",2022-04-27,2022-04-17,"-10 day ahead inc hosp","quantile",0.975,150,"COVID-19"
"DE-BE","00+",2022-04-27,2022-04-16,"-11 day ahead inc hosp","mean",NA,122,"COVID-19"
"DE-BE","00+",2022-04-27,2022-04-16,"-11 day ahead inc hosp","quantile",0.025,108,"COVID-19"
"DE-BE","00+",2022-04-27,2022-04-16,"-11 day ahead inc hosp","quantile",0.1,111,"COVID-19"
"DE-BE","00+",2022-04-27,2022-04-16,"-11 day ahead inc hosp","quantile",0.25,115,"COVID-19"
"DE-BE","00+",2022-04-27,2022-04-16,"-11 day ahead inc hosp","quantile",0.5,120,"COVID-19"
"DE-BE","00+",2022-04-27,2022-04-16,"-11 day ahead inc hosp","quantile",0.75,127,"COVID-19"
"DE-BE","00+",2022-04-27,2022-04-16,"-11 day ahead inc hosp","quantile",0.9,135,"COVID-19"
"DE-BE","00+",2022-04-27,2022-04-16,"-11 day ahead inc hosp","quantile",0.975,146,"COVID-19"
"DE-BE","00+",2022-04-27,2022-04-15,"-12 day ahead inc hosp","mean",NA,151,"COVID-19"
"DE-BE","00+",2022-04-27,2022-04-15,"-12 day ahead inc hosp","quantile",0.025,134,"COVID-19"
"DE-BE","00+",2022-04-27,2022-04-15,"-12 day ahead inc hosp","quantile",0.1,138,"COVID-19"
"DE-BE","00+",2022-04-27,2022-04-15,"-12 day ahead inc hosp","quantile",0.25,142,"COVID-19"
"DE-BE","00+",2022-04-27,2022-04-15,"-12 day ahead inc hosp","quantile",0.5,149,"COVID-19"
"DE-BE","00+",2022-04-27,2022-04-15,"-12 day ahead inc hosp","quantile",0.75,157,"COVID-19"
"DE-BE","00+",2022-04-27,2022-04-15,"-12 day ahead inc hosp","quantile",0.9,166,"COVID-19"
"DE-BE","00+",2022-04-27,2022-04-15,"-12 day ahead inc hosp","quantile",0.975,178,"COVID-19"
"DE-BE","00+",2022-04-27,2022-04-14,"-13 day ahead inc hosp","mean",NA,158,"COVID-19"
"DE-BE","00+",2022-04-27,2022-04-14,"-13 day ahead inc hosp","quantile",0.025,141,"COVID-19"
"DE-BE","00+",2022-04-27,2022-04-14,"-13 day ahead inc hosp","quantile",0.1,145,"COVID-19"
"DE-BE","00+",2022-04-27,2022-04-14,"-13 day ahead inc hosp","quantile",0.25,149,"COVID-19"
"DE-BE","00+",2022-04-27,2022-04-14,"-13 day ahead inc hosp","quantile",0.5,156,"COVID-19"
"DE-BE","00+",2022-04-27,2022-04-14,"-13 day ahead inc hosp","quantile",0.75,164,"COVID-19"
"DE-BE","00+",2022-04-27,2022-04-14,"-13 day ahead inc hosp","quantile",0.9,173,"COVID-19"
"DE-BE","00+",2022-04-27,2022-04-14,"-13 day ahead inc hosp","quantile",0.975,185,"COVID-19"
"DE-BE","00+",2022-04-27,2022-04-13,"-14 day ahead inc hosp","mean",NA,168,"COVID-19"
"DE-BE","00+",2022-04-27,2022-04-13,"-14 day ahead inc hosp","quantile",0.025,151,"COVID-19"
"DE-BE","00+",2022-04-27,2022-04-13,"-14 day ahead inc hosp","quantile",0.1,155,"COVID-19"
"DE-BE","00+",2022-04-27,2022-04-13,"-14 day ahead inc hosp","quantile",0.25,159,"COVID-19"
"DE-BE","00+",2022-04-27,2022-04-13,"-14 day ahead inc hosp","quantile",0.5,166,"COVID-19"
"DE-BE","00+",2022-04-27,2022-04-13,"-14 day ahead inc hosp","quantile",0.75,174,"COVID-19"
"DE-BE","00+",2022-04-27,2022-04-13,"-14 day ahead inc hosp","quantile",0.9,183,"COVID-19"
"DE-BE","00+",2022-04-27,2022-04-13,"-14 day ahead inc hosp","quantile",0.975,196,"COVID-19"
"DE-BE","00+",2022-04-27,2022-04-12,"-15 day ahead inc hosp","mean",NA,162,"COVID-19"
"DE-BE","00+",2022-04-27,2022-04-12,"-15 day ahead inc hosp","quantile",0.025,148,"COVID-19"
"DE-BE","00+",2022-04-27,2022-04-12,"-15 day ahead inc hosp","quantile",0.1,151,"COVID-19"
"DE-BE","00+",2022-04-27,2022-04-12,"-15 day ahead inc hosp","quantile",0.25,155,"COVID-19"
"DE-BE","00+",2022-04-27,2022-04-12,"-15 day ahead inc hosp","quantile",0.5,160,"COVID-19"
"DE-BE","00+",2022-04-27,2022-04-12,"-15 day ahead inc hosp","quantile",0.75,168,"COVID-19"
"DE-BE","00+",2022-04-27,2022-04-12,"-15 day ahead inc hosp","quantile",0.9,176,"COVID-19"
"DE-BE","00+",2022-04-27,2022-04-12,"-15 day ahead inc hosp","quantile",0.975,188,"COVID-19"
"DE-BE","00+",2022-04-27,2022-04-11,"-16 day ahead inc hosp","mean",NA,165,"COVID-19"
"DE-BE","00+",2022-04-27,2022-04-11,"-16 day ahead inc hosp","quantile",0.025,151,"COVID-19"
"DE-BE","00+",2022-04-27,2022-04-11,"-16 day ahead inc hosp","quantile",0.1,154,"COVID-19"
"DE-BE","00+",2022-04-27,2022-04-11,"-16 day ahead inc hosp","quantile",0.25,158,"COVID-19"
"DE-BE","00+",2022-04-27,2022-04-11,"-16 day ahead inc hosp","quantile",0.5,163,"COVID-19"
"DE-BE","00+",2022-04-27,2022-04-11,"-16 day ahead inc hosp","quantile",0.75,171,"COVID-19"
"DE-BE","00+",2022-04-27,2022-04-11,"-16 day ahead inc hosp","quantile",0.9,179,"COVID-19"
"DE-BE","00+",2022-04-27,2022-04-11,"-16 day ahead inc hosp","quantile",0.975,190,"COVID-19"
"DE-BE","00+",2022-04-27,2022-04-10,"-17 day ahead inc hosp","mean",NA,161,"COVID-19"
"DE-BE","00+",2022-04-27,2022-04-10,"-17 day ahead inc hosp","quantile",0.025,147,"COVID-19"
"DE-BE","00+",2022-04-27,2022-04-10,"-17 day ahead inc hosp","quantile",0.1,150,"COVID-19"
"DE-BE","00+",2022-04-27,2022-04-10,"-17 day ahead inc hosp","quantile",0.25,153,"COVID-19"
"DE-BE","00+",2022-04-27,2022-04-10,"-17 day ahead inc hosp","quantile",0.5,159,"COVID-19"
"DE-BE","00+",2022-04-27,2022-04-10,"-17 day ahead inc hosp","quantile",0.75,166,"COVID-19"
"DE-BE","00+",2022-04-27,2022-04-10,"-17 day ahead inc hosp","quantile",0.9,174,"COVID-19"
"DE-BE","00+",2022-04-27,2022-04-10,"-17 day ahead inc hosp","quantile",0.975,184,"COVID-19"
"DE-BE","00+",2022-04-27,2022-04-09,"-18 day ahead inc hosp","mean",NA,165,"COVID-19"
"DE-BE","00+",2022-04-27,2022-04-09,"-18 day ahead inc hosp","quantile",0.025,151,"COVID-19"
"DE-BE","00+",2022-04-27,2022-04-09,"-18 day ahead inc hosp","quantile",0.1,154,"COVID-19"
"DE-BE","00+",2022-04-27,2022-04-09,"-18 day ahead inc hosp","quantile",0.25,157,"COVID-19"
"DE-BE","00+",2022-04-27,2022-04-09,"-18 day ahead inc hosp","quantile",0.5,163,"COVID-19"
"DE-BE","00+",2022-04-27,2022-04-09,"-18 day ahead inc hosp","quantile",0.75,170,"COVID-19"
"DE-BE","00+",2022-04-27,2022-04-09,"-18 day ahead inc hosp","quantile",0.9,179,"COVID-19"
"DE-BE","00+",2022-04-27,2022-04-09,"-18 day ahead inc hosp","quantile",0.975,190,"COVID-19"
"DE-BE","00+",2022-04-27,2022-04-08,"-19 day ahead inc hosp","mean",NA,149,"COVID-19"
"DE-BE","00+",2022-04-27,2022-04-08,"-19 day ahead inc hosp","quantile",0.025,137,"COVID-19"
"DE-BE","00+",2022-04-27,2022-04-08,"-19 day ahead inc hosp","quantile",0.1,140,"COVID-19"
"DE-BE","00+",2022-04-27,2022-04-08,"-19 day ahead inc hosp","quantile",0.25,143,"COVID-19"
"DE-BE","00+",2022-04-27,2022-04-08,"-19 day ahead inc hosp","quantile",0.5,148,"COVID-19"
"DE-BE","00+",2022-04-27,2022-04-08,"-19 day ahead inc hosp","quantile",0.75,154,"COVID-19"
"DE-BE","00+",2022-04-27,2022-04-08,"-19 day ahead inc hosp","quantile",0.9,161,"COVID-19"
"DE-BE","00+",2022-04-27,2022-04-08,"-19 day ahead inc hosp","quantile",0.975,171,"COVID-19"
"DE-BE","00+",2022-04-27,2022-04-07,"-20 day ahead inc hosp","mean",NA,147,"COVID-19"
"DE-BE","00+",2022-04-27,2022-04-07,"-20 day ahead inc hosp","quantile",0.025,136,"COVID-19"
"DE-BE","00+",2022-04-27,2022-04-07,"-20 day ahead inc hosp","quantile",0.1,138,"COVID-19"
"DE-BE","00+",2022-04-27,2022-04-07,"-20 day ahead inc hosp","quantile",0.25,141,"COVID-19"
"DE-BE","00+",2022-04-27,2022-04-07,"-20 day ahead inc hosp","quantile",0.5,145,"COVID-19"
"DE-BE","00+",2022-04-27,2022-04-07,"-20 day ahead inc hosp","quantile",0.75,151,"COVID-19"
"DE-BE","00+",2022-04-27,2022-04-07,"-20 day ahead inc hosp","quantile",0.9,158,"COVID-19"
"DE-BE","00+",2022-04-27,2022-04-07,"-20 day ahead inc hosp","quantile",0.975,167,"COVID-19"
"DE-BE","00+",2022-04-27,2022-04-06,"-21 day ahead inc hosp","mean",NA,144,"COVID-19"
"DE-BE","00+",2022-04-27,2022-04-06,"-21 day ahead inc hosp","quantile",0.025,134,"COVID-19"
"DE-BE","00+",2022-04-27,2022-04-06,"-21 day ahead inc hosp","quantile",0.1,136,"COVID-19"
"DE-BE","00+",2022-04-27,2022-04-06,"-21 day ahead inc hosp","quantile",0.25,138,"COVID-19"
"DE-BE","00+",2022-04-27,2022-04-06,"-21 day ahead inc hosp","quantile",0.5,142,"COVID-19"
"DE-BE","00+",2022-04-27,2022-04-06,"-21 day ahead inc hosp","quantile",0.75,148,"COVID-19"
"DE-BE","00+",2022-04-27,2022-04-06,"-21 day ahead inc hosp","quantile",0.9,154,"COVID-19"
"DE-BE","00+",2022-04-27,2022-04-06,"-21 day ahead inc hosp","quantile",0.975,162,"COVID-19"
"DE-BE","00+",2022-04-27,2022-04-05,"-22 day ahead inc hosp","mean",NA,142,"COVID-19"
"DE-BE","00+",2022-04-27,2022-04-05,"-22 day ahead inc hosp","quantile",0.025,133,"COVID-19"
"DE-BE","00+",2022-04-27,2022-04-05,"-22 day ahead inc hosp","quantile",0.1,134,"COVID-19"
"DE-BE","00+",2022-04-27,2022-04-05,"-22 day ahead inc hosp","quantile",0.25,137,"COVID-19"
"DE-BE","00+",2022-04-27,2022-04-05,"-22 day ahead inc hosp","quantile",0.5,140,"COVID-19"
"DE-BE","00+",2022-04-27,2022-04-05,"-22 day ahead inc hosp","quantile",0.75,145,"COVID-19"
"DE-BE","00+",2022-04-27,2022-04-05,"-22 day ahead inc hosp","quantile",0.9,151,"COVID-19"
"DE-BE","00+",2022-04-27,2022-04-05,"-22 day ahead inc hosp","quantile",0.975,158,"COVID-19"
"DE-BE","00+",2022-04-27,2022-04-04,"-23 day ahead inc hosp","mean",NA,157,"COVID-19"
"DE-BE","00+",2022-04-27,2022-04-04,"-23 day ahead inc hosp","quantile",0.025,149,"COVID-19"
"DE-BE","00+",2022-04-27,2022-04-04,"-23 day ahead inc hosp","quantile",0.1,150,"COVID-19"
"DE-BE","00+",2022-04-27,2022-04-04,"-23 day ahead inc hosp","quantile",0.25,152,"COVID-19"
"DE-BE","00+",2022-04-27,2022-04-04,"-23 day ahead inc hosp","quantile",0.5,156,"COVID-19"
"DE-BE","00+",2022-04-27,2022-04-04,"-23 day ahead inc hosp","quantile",0.75,161,"COVID-19"
"DE-BE","00+",2022-04-27,2022-04-04,"-23 day ahead inc hosp","quantile",0.9,166,"COVID-19"
"DE-BE","00+",2022-04-27,2022-04-04,"-23 day ahead inc hosp","quantile",0.975,174,"COVID-19"
"DE-BE","00+",2022-04-27,2022-04-03,"-24 day ahead inc hosp","mean",NA,160,"COVID-19"
"DE-BE","00+",2022-04-27,2022-04-03,"-24 day ahead inc hosp","quantile",0.025,152,"COVID-19"
"DE-BE","00+",2022-04-27,2022-04-03,"-24 day ahead inc hosp","quantile",0.1,153,"COVID-19"
"DE-BE","00+",2022-04-27,2022-04-03,"-24 day ahead inc hosp","quantile",0.25,155,"COVID-19"
"DE-BE","00+",2022-04-27,2022-04-03,"-24 day ahead inc hosp","quantile",0.5,159,"COVID-19"
"DE-BE","00+",2022-04-27,2022-04-03,"-24 day ahead inc hosp","quantile",0.75,164,"COVID-19"
"DE-BE","00+",2022-04-27,2022-04-03,"-24 day ahead inc hosp","quantile",0.9,169,"COVID-19"
"DE-BE","00+",2022-04-27,2022-04-03,"-24 day ahead inc hosp","quantile",0.975,177,"COVID-19"
"DE-BE","00+",2022-04-27,2022-04-02,"-25 day ahead inc hosp","mean",NA,161,"COVID-19"
"DE-BE","00+",2022-04-27,2022-04-02,"-25 day ahead inc hosp","quantile",0.025,153,"COVID-19"
"DE-BE","00+",2022-04-27,2022-04-02,"-25 day ahead inc hosp","quantile",0.1,154,"COVID-19"
"DE-BE","00+",2022-04-27,2022-04-02,"-25 day ahead inc hosp","quantile",0.25,156,"COVID-19"
"DE-BE","00+",2022-04-27,2022-04-02,"-25 day ahead inc hosp","quantile",0.5,160,"COVID-19"
"DE-BE","00+",2022-04-27,2022-04-02,"-25 day ahead inc hosp","quantile",0.75,165,"COVID-19"
"DE-BE","00+",2022-04-27,2022-04-02,"-25 day ahead inc hosp","quantile",0.9,170,"COVID-19"
"DE-BE","00+",2022-04-27,2022-04-02,"-25 day ahead inc hosp","quantile",0.975,178,"COVID-19"
"DE-BE","00+",2022-04-27,2022-04-01,"-26 day ahead inc hosp","mean",NA,163,"COVID-19"
"DE-BE","00+",2022-04-27,2022-04-01,"-26 day ahead inc hosp","quantile",0.025,154,"COVID-19"
"DE-BE","00+",2022-04-27,2022-04-01,"-26 day ahead inc hosp","quantile",0.1,156,"COVID-19"
"DE-BE","00+",2022-04-27,2022-04-01,"-26 day ahead inc hosp","quantile",0.25,158,"COVID-19"
"DE-BE","00+",2022-04-27,2022-04-01,"-26 day ahead inc hosp","quantile",0.5,161,"COVID-19"
"DE-BE","00+",2022-04-27,2022-04-01,"-26 day ahead inc hosp","quantile",0.75,166,"COVID-19"
"DE-BE","00+",2022-04-27,2022-04-01,"-26 day ahead inc hosp","quantile",0.9,172,"COVID-19"
"DE-BE","00+",2022-04-27,2022-04-01,"-26 day ahead inc hosp","quantile",0.975,179,"COVID-19"
"DE-BE","00+",2022-04-27,2022-03-31,"-27 day ahead inc hosp","mean",NA,167,"COVID-19"
"DE-BE","00+",2022-04-27,2022-03-31,"-27 day ahead inc hosp","quantile",0.025,159,"COVID-19"
"DE-BE","00+",2022-04-27,2022-03-31,"-27 day ahead inc hosp","quantile",0.1,161,"COVID-19"
"DE-BE","00+",2022-04-27,2022-03-31,"-27 day ahead inc hosp","quantile",0.25,163,"COVID-19"
"DE-BE","00+",2022-04-27,2022-03-31,"-27 day ahead inc hosp","quantile",0.5,166,"COVID-19"
"DE-BE","00+",2022-04-27,2022-03-31,"-27 day ahead inc hosp","quantile",0.75,170,"COVID-19"
"DE-BE","00+",2022-04-27,2022-03-31,"-27 day ahead inc hosp","quantile",0.9,176,"COVID-19"
"DE-BE","00+",2022-04-27,2022-03-31,"-27 day ahead inc hosp","quantile",0.975,183,"COVID-19"
"DE-BE","00+",2022-04-27,2022-03-30,"-28 day ahead inc hosp","mean",NA,186,"COVID-19"
"DE-BE","00+",2022-04-27,2022-03-30,"-28 day ahead inc hosp","quantile",0.025,177,"COVID-19"
"DE-BE","00+",2022-04-27,2022-03-30,"-28 day ahead inc hosp","quantile",0.1,179,"COVID-19"
"DE-BE","00+",2022-04-27,2022-03-30,"-28 day ahead inc hosp","quantile",0.25,181,"COVID-19"
"DE-BE","00+",2022-04-27,2022-03-30,"-28 day ahead inc hosp","quantile",0.5,184,"COVID-19"
"DE-BE","00+",2022-04-27,2022-03-30,"-28 day ahead inc hosp","quantile",0.75,189,"COVID-19"
"DE-BE","00+",2022-04-27,2022-03-30,"-28 day ahead inc hosp","quantile",0.9,194,"COVID-19"
"DE-BE","00+",2022-04-27,2022-03-30,"-28 day ahead inc hosp","quantile",0.975,202,"COVID-19"
"DE-BW","00+",2022-04-27,2022-04-27,"0 day ahead inc hosp","mean",NA,959,"COVID-19"
"DE-BW","00+",2022-04-27,2022-04-27,"0 day ahead inc hosp","quantile",0.025,637,"COVID-19"
"DE-BW","00+",2022-04-27,2022-04-27,"0 day ahead inc hosp","quantile",0.1,711,"COVID-19"
"DE-BW","00+",2022-04-27,2022-04-27,"0 day ahead inc hosp","quantile",0.25,799,"COVID-19"
"DE-BW","00+",2022-04-27,2022-04-27,"0 day ahead inc hosp","quantile",0.5,924,"COVID-19"
"DE-BW","00+",2022-04-27,2022-04-27,"0 day ahead inc hosp","quantile",0.75,1081,"COVID-19"
"DE-BW","00+",2022-04-27,2022-04-27,"0 day ahead inc hosp","quantile",0.9,1252,"COVID-19"
"DE-BW","00+",2022-04-27,2022-04-27,"0 day ahead inc hosp","quantile",0.975,1478,"COVID-19"
"DE-BW","00+",2022-04-27,2022-04-26,"-1 day ahead inc hosp","mean",NA,1029,"COVID-19"
"DE-BW","00+",2022-04-27,2022-04-26,"-1 day ahead inc hosp","quantile",0.025,797,"COVID-19"
"DE-BW","00+",2022-04-27,2022-04-26,"-1 day ahead inc hosp","quantile",0.1,855,"COVID-19"
"DE-BW","00+",2022-04-27,2022-04-26,"-1 day ahead inc hosp","quantile",0.25,920,"COVID-19"
"DE-BW","00+",2022-04-27,2022-04-26,"-1 day ahead inc hosp","quantile",0.5,1008,"COVID-19"
"DE-BW","00+",2022-04-27,2022-04-26,"-1 day ahead inc hosp","quantile",0.75,1116,"COVID-19"
"DE-BW","00+",2022-04-27,2022-04-26,"-1 day ahead inc hosp","quantile",0.9,1231,"COVID-19"
"DE-BW","00+",2022-04-27,2022-04-26,"-1 day ahead inc hosp","quantile",0.975,1379,"COVID-19"
"DE-BW","00+",2022-04-27,2022-04-25,"-2 day ahead inc hosp","mean",NA,852,"COVID-19"
"DE-BW","00+",2022-04-27,2022-04-25,"-2 day ahead inc hosp","quantile",0.025,711,"COVID-19"
"DE-BW","00+",2022-04-27,2022-04-25,"-2 day ahead inc hosp","quantile",0.1,748,"COVID-19"
"DE-BW","00+",2022-04-27,2022-04-25,"-2 day ahead inc hosp","quantile",0.25,788,"COVID-19"
"DE-BW","00+",2022-04-27,2022-04-25,"-2 day ahead inc hosp","quantile",0.5,841,"COVID-19"
"DE-BW","00+",2022-04-27,2022-04-25,"-2 day ahead inc hosp","quantile",0.75,904,"COVID-19"
"DE-BW","00+",2022-04-27,2022-04-25,"-2 day ahead inc hosp","quantile",0.9,969,"COVID-19"
"DE-BW","00+",2022-04-27,2022-04-25,"-2 day ahead inc hosp","quantile",0.975,1052,"COVID-19"
"DE-BW","00+",2022-04-27,2022-04-24,"-3 day ahead inc hosp","mean",NA,855,"COVID-19"
"DE-BW","00+",2022-04-27,2022-04-24,"-3 day ahead inc hosp","quantile",0.025,738,"COVID-19"
"DE-BW","00+",2022-04-27,2022-04-24,"-3 day ahead inc hosp","quantile",0.1,771,"COVID-19"
"DE-BW","00+",2022-04-27,2022-04-24,"-3 day ahead inc hosp","quantile",0.25,804,"COVID-19"
"DE-BW","00+",2022-04-27,2022-04-24,"-3 day ahead inc hosp","quantile",0.5,848,"COVID-19"
"DE-BW","00+",2022-04-27,2022-04-24,"-3 day ahead inc hosp","quantile",0.75,898,"COVID-19"
"DE-BW","00+",2022-04-27,2022-04-24,"-3 day ahead inc hosp","quantile",0.9,948,"COVID-19"
"DE-BW","00+",2022-04-27,2022-04-24,"-3 day ahead inc hosp","quantile",0.975,1011,"COVID-19"
"DE-BW","00+",2022-04-27,2022-04-23,"-4 day ahead inc hosp","mean",NA,865,"COVID-19"
"DE-BW","00+",2022-04-27,2022-04-23,"-4 day ahead inc hosp","quantile",0.025,768,"COVID-19"
"DE-BW","00+",2022-04-27,2022-04-23,"-4 day ahead inc hosp","quantile",0.1,796,"COVID-19"
"DE-BW","00+",2022-04-27,2022-04-23,"-4 day ahead inc hosp","quantile",0.25,825,"COVID-19"
"DE-BW","00+",2022-04-27,2022-04-23,"-4 day ahead inc hosp","quantile",0.5,860,"COVID-19"
"DE-BW","00+",2022-04-27,2022-04-23,"-4 day ahead inc hosp","quantile",0.75,900,"COVID-19"
"DE-BW","00+",2022-04-27,2022-04-23,"-4 day ahead inc hosp","quantile",0.9,939,"COVID-19"
"DE-BW","00+",2022-04-27,2022-04-23,"-4 day ahead inc hosp","quantile",0.975,988,"COVID-19"
"DE-BW","00+",2022-04-27,2022-04-22,"-5 day ahead inc hosp","mean",NA,782,"COVID-19"
"DE-BW","00+",2022-04-27,2022-04-22,"-5 day ahead inc hosp","quantile",0.025,712,"COVID-19"
"DE-BW","00+",2022-04-27,2022-04-22,"-5 day ahead inc hosp","quantile",0.1,733,"COVID-19"
"DE-BW","00+",2022-04-27,2022-04-22,"-5 day ahead inc hosp","quantile",0.25,754,"COVID-19"
"DE-BW","00+",2022-04-27,2022-04-22,"-5 day ahead inc hosp","quantile",0.5,779,"COVID-19"
"DE-BW","00+",2022-04-27,2022-04-22,"-5 day ahead inc hosp","quantile",0.75,807,"COVID-19"
"DE-BW","00+",2022-04-27,2022-04-22,"-5 day ahead inc hosp","quantile",0.9,834,"COVID-19"
"DE-BW","00+",2022-04-27,2022-04-22,"-5 day ahead inc hosp","quantile",0.975,867,"COVID-19"
"DE-BW","00+",2022-04-27,2022-04-21,"-6 day ahead inc hosp","mean",NA,796,"COVID-19"
"DE-BW","00+",2022-04-27,2022-04-21,"-6 day ahead inc hosp","quantile",0.025,736,"COVID-19"
"DE-BW","00+",2022-04-27,2022-04-21,"-6 day ahead inc hosp","quantile",0.1,754,"COVID-19"
"DE-BW","00+",2022-04-27,2022-04-21,"-6 day ahead inc hosp","quantile",0.25,772,"COVID-19"
"DE-BW","00+",2022-04-27,2022-04-21,"-6 day ahead inc hosp","quantile",0.5,793,"COVID-19"
"DE-BW","00+",2022-04-27,2022-04-21,"-6 day ahead inc hosp","quantile",0.75,817,"COVID-19"
"DE-BW","00+",2022-04-27,2022-04-21,"-6 day ahead inc hosp","quantile",0.9,840,"COVID-19"
"DE-BW","00+",2022-04-27,2022-04-21,"-6 day ahead inc hosp","quantile",0.975,868,"COVID-19"
"DE-BW","00+",2022-04-27,2022-04-20,"-7 day ahead inc hosp","mean",NA,748,"COVID-19"
"DE-BW","00+",2022-04-27,2022-04-20,"-7 day ahead inc hosp","quantile",0.025,699,"COVID-19"
"DE-BW","00+",2022-04-27,2022-04-20,"-7 day ahead inc hosp","quantile",0.1,714,"COVID-19"
"DE-BW","00+",2022-04-27,2022-04-20,"-7 day ahead inc hosp","quantile",0.25,728,"COVID-19"
"DE-BW","00+",2022-04-27,2022-04-20,"-7 day ahead inc hosp","quantile",0.5,746,"COVID-19"
"DE-BW","00+",2022-04-27,2022-04-20,"-7 day ahead inc hosp","quantile",0.75,765,"COVID-19"
"DE-BW","00+",2022-04-27,2022-04-20,"-7 day ahead inc hosp","quantile",0.9,784,"COVID-19"
"DE-BW","00+",2022-04-27,2022-04-20,"-7 day ahead inc hosp","quantile",0.975,807,"COVID-19"
"DE-BW","00+",2022-04-27,2022-04-19,"-8 day ahead inc hosp","mean",NA,656,"COVID-19"
"DE-BW","00+",2022-04-27,2022-04-19,"-8 day ahead inc hosp","quantile",0.025,621,"COVID-19"
"DE-BW","00+",2022-04-27,2022-04-19,"-8 day ahead inc hosp","quantile",0.1,631,"COVID-19"
"DE-BW","00+",2022-04-27,2022-04-19,"-8 day ahead inc hosp","quantile",0.25,642,"COVID-19"
"DE-BW","00+",2022-04-27,2022-04-19,"-8 day ahead inc hosp","quantile",0.5,655,"COVID-19"
"DE-BW","00+",2022-04-27,2022-04-19,"-8 day ahead inc hosp","quantile",0.75,669,"COVID-19"
"DE-BW","00+",2022-04-27,2022-04-19,"-8 day ahead inc hosp","quantile",0.9,683,"COVID-19"
"DE-BW","00+",2022-04-27,2022-04-19,"-8 day ahead inc hosp","quantile",0.975,700,"COVID-19"
"DE-BW","00+",2022-04-27,2022-04-18,"-9 day ahead inc hosp","mean",NA,849,"COVID-19"
"DE-BW","00+",2022-04-27,2022-04-18,"-9 day ahead inc hosp","quantile",0.025,807,"COVID-19"
"DE-BW","00+",2022-04-27,2022-04-18,"-9 day ahead inc hosp","quantile",0.1,819,"COVID-19"
"DE-BW","00+",2022-04-27,2022-04-18,"-9 day ahead inc hosp","quantile",0.25,832,"COVID-19"
"DE-BW","00+",2022-04-27,2022-04-18,"-9 day ahead inc hosp","quantile",0.5,847,"COVID-19"
"DE-BW","00+",2022-04-27,2022-04-18,"-9 day ahead inc hosp","quantile",0.75,864,"COVID-19"
"DE-BW","00+",2022-04-27,2022-04-18,"-9 day ahead inc hosp","quantile",0.9,881,"COVID-19"
"DE-BW","00+",2022-04-27,2022-04-18,"-9 day ahead inc hosp","quantile",0.975,901,"COVID-19"
"DE-BW","00+",2022-04-27,2022-04-17,"-10 day ahead inc hosp","mean",NA,848,"COVID-19"
"DE-BW","00+",2022-04-27,2022-04-17,"-10 day ahead inc hosp","quantile",0.025,806,"COVID-19"
"DE-BW","00+",2022-04-27,2022-04-17,"-10 day ahead inc hosp","quantile",0.1,819,"COVID-19"
"DE-BW","00+",2022-04-27,2022-04-17,"-10 day ahead inc hosp","quantile",0.25,831,"COVID-19"
"DE-BW","00+",2022-04-27,2022-04-17,"-10 day ahead inc hosp","quantile",0.5,846,"COVID-19"
"DE-BW","00+",2022-04-27,2022-04-17,"-10 day ahead inc hosp","quantile",0.75,863,"COVID-19"
"DE-BW","00+",2022-04-27,2022-04-17,"-10 day ahead inc hosp","quantile",0.9,880,"COVID-19"
"DE-BW","00+",2022-04-27,2022-04-17,"-10 day ahead inc hosp","quantile",0.975,901,"COVID-19"
"DE-BW","00+",2022-04-27,2022-04-16,"-11 day ahead inc hosp","mean",NA,868,"COVID-19"
"DE-BW","00+",2022-04-27,2022-04-16,"-11 day ahead inc hosp","quantile",0.025,827,"COVID-19"
"DE-BW","00+",2022-04-27,2022-04-16,"-11 day ahead inc hosp","quantile",0.1,839,"COVID-19"
"DE-BW","00+",2022-04-27,2022-04-16,"-11 day ahead inc hosp","quantile",0.25,851,"COVID-19"
"DE-BW","00+",2022-04-27,2022-04-16,"-11 day ahead inc hosp","quantile",0.5,866,"COVID-19"
"DE-BW","00+",2022-04-27,2022-04-16,"-11 day ahead inc hosp","quantile",0.75,882,"COVID-19"
"DE-BW","00+",2022-04-27,2022-04-16,"-11 day ahead inc hosp","quantile",0.9,899,"COVID-19"
"DE-BW","00+",2022-04-27,2022-04-16,"-11 day ahead inc hosp","quantile",0.975,919,"COVID-19"
"DE-BW","00+",2022-04-27,2022-04-15,"-12 day ahead inc hosp","mean",NA,978,"COVID-19"
"DE-BW","00+",2022-04-27,2022-04-15,"-12 day ahead inc hosp","quantile",0.025,936,"COVID-19"
"DE-BW","00+",2022-04-27,2022-04-15,"-12 day ahead inc hosp","quantile",0.1,948,"COVID-19"
"DE-BW","00+",2022-04-27,2022-04-15,"-12 day ahead inc hosp","quantile",0.25,961,"COVID-19"
"DE-BW","00+",2022-04-27,2022-04-15,"-12 day ahead inc hosp","quantile",0.5,976,"COVID-19"
"DE-BW","00+",2022-04-27,2022-04-15,"-12 day ahead inc hosp","quantile",0.75,994,"COVID-19"
"DE-BW","00+",2022-04-27,2022-04-15,"-12 day ahead inc hosp","quantile",0.9,1011,"COVID-19"
"DE-BW","00+",2022-04-27,2022-04-15,"-12 day ahead inc hosp","quantile",0.975,1032,"COVID-19"
"DE-BW","00+",2022-04-27,2022-04-14,"-13 day ahead inc hosp","mean",NA,950,"COVID-19"
"DE-BW","00+",2022-04-27,2022-04-14,"-13 day ahead inc hosp","quantile",0.025,912,"COVID-19"
"DE-BW","00+",2022-04-27,2022-04-14,"-13 day ahead inc hosp","quantile",0.1,923,"COVID-19"
"DE-BW","00+",2022-04-27,2022-04-14,"-13 day ahead inc hosp","quantile",0.25,934,"COVID-19"
"DE-BW","00+",2022-04-27,2022-04-14,"-13 day ahead inc hosp","quantile",0.5,948,"COVID-19"
"DE-BW","00+",2022-04-27,2022-04-14,"-13 day ahead inc hosp","quantile",0.75,964,"COVID-19"
"DE-BW","00+",2022-04-27,2022-04-14,"-13 day ahead inc hosp","quantile",0.9,979,"COVID-19"
"DE-BW","00+",2022-04-27,2022-04-14,"-13 day ahead inc hosp","quantile",0.975,998,"COVID-19"
"DE-BW","00+",2022-04-27,2022-04-13,"-14 day ahead inc hosp","mean",NA,1024,"COVID-19"
"DE-BW","00+",2022-04-27,2022-04-13,"-14 day ahead inc hosp","quantile",0.025,987,"COVID-19"
"DE-BW","00+",2022-04-27,2022-04-13,"-14 day ahead inc hosp","quantile",0.1,997,"COVID-19"
"DE-BW","00+",2022-04-27,2022-04-13,"-14 day ahead inc hosp","quantile",0.25,1008,"COVID-19"
"DE-BW","00+",2022-04-27,2022-04-13,"-14 day ahead inc hosp","quantile",0.5,1022,"COVID-19"
"DE-BW","00+",2022-04-27,2022-04-13,"-14 day ahead inc hosp","quantile",0.75,1037,"COVID-19"
"DE-BW","00+",2022-04-27,2022-04-13,"-14 day ahead inc hosp","quantile",0.9,1053,"COVID-19"
"DE-BW","00+",2022-04-27,2022-04-13,"-14 day ahead inc hosp","quantile",0.975,1072,"COVID-19"
"DE-BW","00+",2022-04-27,2022-04-12,"-15 day ahead inc hosp","mean",NA,1062,"COVID-19"
"DE-BW","00+",2022-04-27,2022-04-12,"-15 day ahead inc hosp","quantile",0.025,1027,"COVID-19"
"DE-BW","00+",2022-04-27,2022-04-12,"-15 day ahead inc hosp","quantile",0.1,1037,"COVID-19"
"DE-BW","00+",2022-04-27,2022-04-12,"-15 day ahead inc hosp","quantile",0.25,1047,"COVID-19"
"DE-BW","00+",2022-04-27,2022-04-12,"-15 day ahead inc hosp","quantile",0.5,1060,"COVID-19"
"DE-BW","00+",2022-04-27,2022-04-12,"-15 day ahead inc hosp","quantile",0.75,1075,"COVID-19"
"DE-BW","00+",2022-04-27,2022-04-12,"-15 day ahead inc hosp","quantile",0.9,1090,"COVID-19"
"DE-BW","00+",2022-04-27,2022-04-12,"-15 day ahead inc hosp","quantile",0.975,1109,"COVID-19"
"DE-BW","00+",2022-04-27,2022-04-11,"-16 day ahead inc hosp","mean",NA,1077,"COVID-19"
"DE-BW","00+",2022-04-27,2022-04-11,"-16 day ahead inc hosp","quantile",0.025,1045,"COVID-19"
"DE-BW","00+",2022-04-27,2022-04-11,"-16 day ahead inc hosp","quantile",0.1,1054,"COVID-19"
"DE-BW","00+",2022-04-27,2022-04-11,"-16 day ahead inc hosp","quantile",0.25,1063,"COVID-19"
"DE-BW","00+",2022-04-27,2022-04-11,"-16 day ahead inc hosp","quantile",0.5,1075,"COVID-19"
"DE-BW","00+",2022-04-27,2022-04-11,"-16 day ahead inc hosp","quantile",0.75,1088,"COVID-19"
"DE-BW","00+",2022-04-27,2022-04-11,"-16 day ahead inc hosp","quantile",0.9,1102,"COVID-19"
"DE-BW","00+",2022-04-27,2022-04-11,"-16 day ahead inc hosp","quantile",0.975,1119,"COVID-19"
"DE-BW","00+",2022-04-27,2022-04-10,"-17 day ahead inc hosp","mean",NA,1075,"COVID-19"
"DE-BW","00+",2022-04-27,2022-04-10,"-17 day ahead inc hosp","quantile",0.025,1043,"COVID-19"
"DE-BW","00+",2022-04-27,2022-04-10,"-17 day ahead inc hosp","quantile",0.1,1052,"COVID-19"
"DE-BW","00+",2022-04-27,2022-04-10,"-17 day ahead inc hosp","quantile",0.25,1061,"COVID-19"
"DE-BW","00+",2022-04-27,2022-04-10,"-17 day ahead inc hosp","quantile",0.5,1073,"COVID-19"
"DE-BW","00+",2022-04-27,2022-04-10,"-17 day ahead inc hosp","quantile",0.75,1087,"COVID-19"
"DE-BW","00+",2022-04-27,2022-04-10,"-17 day ahead inc hosp","quantile",0.9,1101,"COVID-19"
"DE-BW","00+",2022-04-27,2022-04-10,"-17 day ahead inc hosp","quantile",0.975,1119,"COVID-19"
"DE-BW","00+",2022-04-27,2022-04-09,"-18 day ahead inc hosp","mean",NA,1072,"COVID-19"
"DE-BW","00+",2022-04-27,2022-04-09,"-18 day ahead inc hosp","quantile",0.025,1040,"COVID-19"
"DE-BW","00+",2022-04-27,2022-04-09,"-18 day ahead inc hosp","quantile",0.1,1049,"COVID-19"
"DE-BW","00+",2022-04-27,2022-04-09,"-18 day ahead inc hosp","quantile",0.25,1058,"COVID-19"
"DE-BW","00+",2022-04-27,2022-04-09,"-18 day ahead inc hosp","quantile",0.5,1070,"COVID-19"
"DE-BW","00+",2022-04-27,2022-04-09,"-18 day ahead inc hosp","quantile",0.75,1084,"COVID-19"
"DE-BW","00+",2022-04-27,2022-04-09,"-18 day ahead inc hosp","quantile",0.9,1098,"COVID-19"
"DE-BW","00+",2022-04-27,2022-04-09,"-18 day ahead inc hosp","quantile",0.975,1116,"COVID-19"
"DE-BW","00+",2022-04-27,2022-04-08,"-19 day ahead inc hosp","mean",NA,1102,"COVID-19"
"DE-BW","00+",2022-04-27,2022-04-08,"-19 day ahead inc hosp","quantile",0.025,1071,"COVID-19"
"DE-BW","00+",2022-04-27,2022-04-08,"-19 day ahead inc hosp","quantile",0.1,1079,"COVID-19"
"DE-BW","00+",2022-04-27,2022-04-08,"-19 day ahead inc hosp","quantile",0.25,1088,"COVID-19"
"DE-BW","00+",2022-04-27,2022-04-08,"-19 day ahead inc hosp","quantile",0.5,1099,"COVID-19"
"DE-BW","00+",2022-04-27,2022-04-08,"-19 day ahead inc hosp","quantile",0.75,1113,"COVID-19"
"DE-BW","00+",2022-04-27,2022-04-08,"-19 day ahead inc hosp","quantile",0.9,1126,"COVID-19"
"DE-BW","00+",2022-04-27,2022-04-08,"-19 day ahead inc hosp","quantile",0.975,1144,"COVID-19"
"DE-BW","00+",2022-04-27,2022-04-07,"-20 day ahead inc hosp","mean",NA,1192,"COVID-19"
"DE-BW","00+",2022-04-27,2022-04-07,"-20 day ahead inc hosp","quantile",0.025,1163,"COVID-19"
"DE-BW","00+",2022-04-27,2022-04-07,"-20 day ahead inc hosp","quantile",0.1,1171,"COVID-19"
"DE-BW","00+",2022-04-27,2022-04-07,"-20 day ahead inc hosp","quantile",0.25,1179,"COVID-19"
"DE-BW","00+",2022-04-27,2022-04-07,"-20 day ahead inc hosp","quantile",0.5,1190,"COVID-19"
"DE-BW","00+",2022-04-27,2022-04-07,"-20 day ahead inc hosp","quantile",0.75,1203,"COVID-19"
"DE-BW","00+",2022-04-27,2022-04-07,"-20 day ahead inc hosp","quantile",0.9,1217,"COVID-19"
"DE-BW","00+",2022-04-27,2022-04-07,"-20 day ahead inc hosp","quantile",0.975,1234,"COVID-19"
"DE-BW","00+",2022-04-27,2022-04-06,"-21 day ahead inc hosp","mean",NA,1204,"COVID-19"
"DE-BW","00+",2022-04-27,2022-04-06,"-21 day ahead inc hosp","quantile",0.025,1177,"COVID-19"
"DE-BW","00+",2022-04-27,2022-04-06,"-21 day ahead inc hosp","quantile",0.1,1184,"COVID-19"
"DE-BW","00+",2022-04-27,2022-04-06,"-21 day ahead inc hosp","quantile",0.25,1192,"COVID-19"
"DE-BW","00+",2022-04-27,2022-04-06,"-21 day ahead inc hosp","quantile",0.5,1202,"COVID-19"
"DE-BW","00+",2022-04-27,2022-04-06,"-21 day ahead inc hosp","quantile",0.75,1214,"COVID-19"
"DE-BW","00+",2022-04-27,2022-04-06,"-21 day ahead inc hosp","quantile",0.9,1226,"COVID-19"
"DE-BW","00+",2022-04-27,2022-04-06,"-21 day ahead inc hosp","quantile",0.975,1242,"COVID-19"
"DE-BW","00+",2022-04-27,2022-04-05,"-22 day ahead inc hosp","mean",NA,1282,"COVID-19"
"DE-BW","00+",2022-04-27,2022-04-05,"-22 day ahead inc hosp","quantile",0.025,1257,"COVID-19"
"DE-BW","00+",2022-04-27,2022-04-05,"-22 day ahead inc hosp","quantile",0.1,1263,"COVID-19"
"DE-BW","00+",2022-04-27,2022-04-05,"-22 day ahead inc hosp","quantile",0.25,1270,"COVID-19"
"DE-BW","00+",2022-04-27,2022-04-05,"-22 day ahead inc hosp","quantile",0.5,1280,"COVID-19"
"DE-BW","00+",2022-04-27,2022-04-05,"-22 day ahead inc hosp","quantile",0.75,1291,"COVID-19"
"DE-BW","00+",2022-04-27,2022-04-05,"-22 day ahead inc hosp","quantile",0.9,1303,"COVID-19"
"DE-BW","00+",2022-04-27,2022-04-05,"-22 day ahead inc hosp","quantile",0.975,1318,"COVID-19"
"DE-BW","00+",2022-04-27,2022-04-04,"-23 day ahead inc hosp","mean",NA,1305,"COVID-19"
"DE-BW","00+",2022-04-27,2022-04-04,"-23 day ahead inc hosp","quantile",0.025,1283,"COVID-19"
"DE-BW","00+",2022-04-27,2022-04-04,"-23 day ahead inc hosp","quantile",0.1,1289,"COVID-19"
"DE-BW","00+",2022-04-27,2022-04-04,"-23 day ahead inc hosp","quantile",0.25,1295,"COVID-19"
"DE-BW","00+",2022-04-27,2022-04-04,"-23 day ahead inc hosp","quantile",0.5,1304,"COVID-19"
"DE-BW","00+",2022-04-27,2022-04-04,"-23 day ahead inc hosp","quantile",0.75,1314,"COVID-19"
"DE-BW","00+",2022-04-27,2022-04-04,"-23 day ahead inc hosp","quantile",0.9,1325,"COVID-19"
"DE-BW","00+",2022-04-27,2022-04-04,"-23 day ahead inc hosp","quantile",0.975,1338,"COVID-19"
"DE-BW","00+",2022-04-27,2022-04-03,"-24 day ahead inc hosp","mean",NA,1331,"COVID-19"
"DE-BW","00+",2022-04-27,2022-04-03,"-24 day ahead inc hosp","quantile",0.025,1309,"COVID-19"
"DE-BW","00+",2022-04-27,2022-04-03,"-24 day ahead inc hosp","quantile",0.1,1314,"COVID-19"
"DE-BW","00+",2022-04-27,2022-04-03,"-24 day ahead inc hosp","quantile",0.25,1321,"COVID-19"
"DE-BW","00+",2022-04-27,2022-04-03,"-24 day ahead inc hosp","quantile",0.5,1329,"COVID-19"
"DE-BW","00+",2022-04-27,2022-04-03,"-24 day ahead inc hosp","quantile",0.75,1340,"COVID-19"
"DE-BW","00+",2022-04-27,2022-04-03,"-24 day ahead inc hosp","quantile",0.9,1351,"COVID-19"
"DE-BW","00+",2022-04-27,2022-04-03,"-24 day ahead inc hosp","quantile",0.975,1365,"COVID-19"
"DE-BW","00+",2022-04-27,2022-04-02,"-25 day ahead inc hosp","mean",NA,1366,"COVID-19"
"DE-BW","00+",2022-04-27,2022-04-02,"-25 day ahead inc hosp","quantile",0.025,1344,"COVID-19"
"DE-BW","00+",2022-04-27,2022-04-02,"-25 day ahead inc hosp","quantile",0.1,1350,"COVID-19"
"DE-BW","00+",2022-04-27,2022-04-02,"-25 day ahead inc hosp","quantile",0.25,1356,"COVID-19"
"DE-BW","00+",2022-04-27,2022-04-02,"-25 day ahead inc hosp","quantile",0.5,1364,"COVID-19"
"DE-BW","00+",2022-04-27,2022-04-02,"-25 day ahead inc hosp","quantile",0.75,1375,"COVID-19"
"DE-BW","00+",2022-04-27,2022-04-02,"-25 day ahead inc hosp","quantile",0.9,1386,"COVID-19"
"DE-BW","00+",2022-04-27,2022-04-02,"-25 day ahead inc hosp","quantile",0.975,1400,"COVID-19"
"DE-BW","00+",2022-04-27,2022-04-01,"-26 day ahead inc hosp","mean",NA,1384,"COVID-19"
"DE-BW","00+",2022-04-27,2022-04-01,"-26 day ahead inc hosp","quantile",0.025,1364,"COVID-19"
"DE-BW","00+",2022-04-27,2022-04-01,"-26 day ahead inc hosp","quantile",0.1,1369,"COVID-19"
"DE-BW","00+",2022-04-27,2022-04-01,"-26 day ahead inc hosp","quantile",0.25,1375,"COVID-19"
"DE-BW","00+",2022-04-27,2022-04-01,"-26 day ahead inc hosp","quantile",0.5,1382,"COVID-19"
"DE-BW","00+",2022-04-27,2022-04-01,"-26 day ahead inc hosp","quantile",0.75,1392,"COVID-19"
"DE-BW","00+",2022-04-27,2022-04-01,"-26 day ahead inc hosp","quantile",0.9,1402,"COVID-19"
"DE-BW","00+",2022-04-27,2022-04-01,"-26 day ahead inc hosp","quantile",0.975,1416,"COVID-19"
"DE-BW","00+",2022-04-27,2022-03-31,"-27 day ahead inc hosp","mean",NA,1377,"COVID-19"
"DE-BW","00+",2022-04-27,2022-03-31,"-27 day ahead inc hosp","quantile",0.025,1358,"COVID-19"
"DE-BW","00+",2022-04-27,2022-03-31,"-27 day ahead inc hosp","quantile",0.1,1363,"COVID-19"
"DE-BW","00+",2022-04-27,2022-03-31,"-27 day ahead inc hosp","quantile",0.25,1368,"COVID-19"
"DE-BW","00+",2022-04-27,2022-03-31,"-27 day ahead inc hosp","quantile",0.5,1375,"COVID-19"
"DE-BW","00+",2022-04-27,2022-03-31,"-27 day ahead inc hosp","quantile",0.75,1384,"COVID-19"
"DE-BW","00+",2022-04-27,2022-03-31,"-27 day ahead inc hosp","quantile",0.9,1393,"COVID-19"
"DE-BW","00+",2022-04-27,2022-03-31,"-27 day ahead inc hosp","quantile",0.975,1405,"COVID-19"
"DE-BW","00+",2022-04-27,2022-03-30,"-28 day ahead inc hosp","mean",NA,1405,"COVID-19"
"DE-BW","00+",2022-04-27,2022-03-30,"-28 day ahead inc hosp","quantile",0.025,1388,"COVID-19"
"DE-BW","00+",2022-04-27,2022-03-30,"-28 day ahead inc hosp","quantile",0.1,1392,"COVID-19"
"DE-BW","00+",2022-04-27,2022-03-30,"-28 day ahead inc hosp","quantile",0.25,1397,"COVID-19"
"DE-BW","00+",2022-04-27,2022-03-30,"-28 day ahead inc hosp","quantile",0.5,1403,"COVID-19"
"DE-BW","00+",2022-04-27,2022-03-30,"-28 day ahead inc hosp","quantile",0.75,1411,"COVID-19"
"DE-BW","00+",2022-04-27,2022-03-30,"-28 day ahead inc hosp","quantile",0.9,1420,"COVID-19"
"DE-BW","00+",2022-04-27,2022-03-30,"-28 day ahead inc hosp","quantile",0.975,1431,"COVID-19"
"DE-BY","00+",2022-04-27,2022-04-27,"0 day ahead inc hosp","mean",NA,1730,"COVID-19"
"DE-BY","00+",2022-04-27,2022-04-27,"0 day ahead inc hosp","quantile",0.025,1242,"COVID-19"
"DE-BY","00+",2022-04-27,2022-04-27,"0 day ahead inc hosp","quantile",0.1,1377,"COVID-19"
"DE-BY","00+",2022-04-27,2022-04-27,"0 day ahead inc hosp","quantile",0.25,1518,"COVID-19"
"DE-BY","00+",2022-04-27,2022-04-27,"0 day ahead inc hosp","quantile",0.5,1700,"COVID-19"
"DE-BY","00+",2022-04-27,2022-04-27,"0 day ahead inc hosp","quantile",0.75,1910,"COVID-19"
"DE-BY","00+",2022-04-27,2022-04-27,"0 day ahead inc hosp","quantile",0.9,2124,"COVID-19"
"DE-BY","00+",2022-04-27,2022-04-27,"0 day ahead inc hosp","quantile",0.975,2392,"COVID-19"
"DE-BY","00+",2022-04-27,2022-04-26,"-1 day ahead inc hosp","mean",NA,1689,"COVID-19"
"DE-BY","00+",2022-04-27,2022-04-26,"-1 day ahead inc hosp","quantile",0.025,1306,"COVID-19"
"DE-BY","00+",2022-04-27,2022-04-26,"-1 day ahead inc hosp","quantile",0.1,1412,"COVID-19"
"DE-BY","00+",2022-04-27,2022-04-26,"-1 day ahead inc hosp","quantile",0.25,1523,"COVID-19"
"DE-BY","00+",2022-04-27,2022-04-26,"-1 day ahead inc hosp","quantile",0.5,1665,"COVID-19"
"DE-BY","00+",2022-04-27,2022-04-26,"-1 day ahead inc hosp","quantile",0.75,1829,"COVID-19"
"DE-BY","00+",2022-04-27,2022-04-26,"-1 day ahead inc hosp","quantile",0.9,1997,"COVID-19"
"DE-BY","00+",2022-04-27,2022-04-26,"-1 day ahead inc hosp","quantile",0.975,2206,"COVID-19"
"DE-BY","00+",2022-04-27,2022-04-25,"-2 day ahead inc hosp","mean",NA,1501,"COVID-19"
"DE-BY","00+",2022-04-27,2022-04-25,"-2 day ahead inc hosp","quantile",0.025,1212,"COVID-19"
"DE-BY","00+",2022-04-27,2022-04-25,"-2 day ahead inc hosp","quantile",0.1,1292,"COVID-19"
"DE-BY","00+",2022-04-27,2022-04-25,"-2 day ahead inc hosp","quantile",0.25,1376,"COVID-19"
"DE-BY","00+",2022-04-27,2022-04-25,"-2 day ahead inc hosp","quantile",0.5,1484,"COVID-19"
"DE-BY","00+",2022-04-27,2022-04-25,"-2 day ahead inc hosp","quantile",0.75,1607,"COVID-19"
"DE-BY","00+",2022-04-27,2022-04-25,"-2 day ahead inc hosp","quantile",0.9,1733,"COVID-19"
"DE-BY","00+",2022-04-27,2022-04-25,"-2 day ahead inc hosp","quantile",0.975,1889,"COVID-19"
"DE-BY","00+",2022-04-27,2022-04-24,"-3 day ahead inc hosp","mean",NA,1470,"COVID-19"
"DE-BY","00+",2022-04-27,2022-04-24,"-3 day ahead inc hosp","quantile",0.025,1214,"COVID-19"
"DE-BY","00+",2022-04-27,2022-04-24,"-3 day ahead inc hosp","quantile",0.1,1286,"COVID-19"
"DE-BY","00+",2022-04-27,2022-04-24,"-3 day ahead inc hosp","quantile",0.25,1360,"COVID-19"
"DE-BY","00+",2022-04-27,2022-04-24,"-3 day ahead inc hosp","quantile",0.5,1455,"COVID-19"
"DE-BY","00+",2022-04-27,2022-04-24,"-3 day ahead inc hosp","quantile",0.75,1563,"COVID-19"
"DE-BY","00+",2022-04-27,2022-04-24,"-3 day ahead inc hosp","quantile",0.9,1673,"COVID-19"
"DE-BY","00+",2022-04-27,2022-04-24,"-3 day ahead inc hosp","quantile",0.975,1808,"COVID-19"
"DE-BY","00+",2022-04-27,2022-04-23,"-4 day ahead inc hosp","mean",NA,1432,"COVID-19"
"DE-BY","00+",2022-04-27,2022-04-23,"-4 day ahead inc hosp","quantile",0.025,1200,"COVID-19"
"DE-BY","00+",2022-04-27,2022-04-23,"-4 day ahead inc hosp","quantile",0.1,1266,"COVID-19"
"DE-BY","00+",2022-04-27,2022-04-23,"-4 day ahead inc hosp","quantile",0.25,1333,"COVID-19"
"DE-BY","00+",2022-04-27,2022-04-23,"-4 day ahead inc hosp","quantile",0.5,1419,"COVID-19"
"DE-BY","00+",2022-04-27,2022-04-23,"-4 day ahead inc hosp","quantile",0.75,1517,"COVID-19"
"DE-BY","00+",2022-04-27,2022-04-23,"-4 day ahead inc hosp","quantile",0.9,1615,"COVID-19"
"DE-BY","00+",2022-04-27,2022-04-23,"-4 day ahead inc hosp","quantile",0.975,1737,"COVID-19"
"DE-BY","00+",2022-04-27,2022-04-22,"-5 day ahead inc hosp","mean",NA,1319,"COVID-19"
"DE-BY","00+",2022-04-27,2022-04-22,"-5 day ahead inc hosp","quantile",0.025,1121,"COVID-19"
"DE-BY","00+",2022-04-27,2022-04-22,"-5 day ahead inc hosp","quantile",0.1,1177,"COVID-19"
"DE-BY","00+",2022-04-27,2022-04-22,"-5 day ahead inc hosp","quantile",0.25,1235,"COVID-19"
"DE-BY","00+",2022-04-27,2022-04-22,"-5 day ahead inc hosp","quantile",0.5,1308,"COVID-19"
"DE-BY","00+",2022-04-27,2022-04-22,"-5 day ahead inc hosp","quantile",0.75,1391,"COVID-19"
"DE-BY","00+",2022-04-27,2022-04-22,"-5 day ahead inc hosp","quantile",0.9,1475,"COVID-19"
"DE-BY","00+",2022-04-27,2022-04-22,"-5 day ahead inc hosp","quantile",0.975,1579,"COVID-19"
"DE-BY","00+",2022-04-27,2022-04-21,"-6 day ahead inc hosp","mean",NA,1291,"COVID-19"
"DE-BY","00+",2022-04-27,2022-04-21,"-6 day ahead inc hosp","quantile",0.025,1120,"COVID-19"
"DE-BY","00+",2022-04-27,2022-04-21,"-6 day ahead inc hosp","quantile",0.1,1168,"COVID-19"
"DE-BY","00+",2022-04-27,2022-04-21,"-6 day ahead inc hosp","quantile",0.25,1218,"COVID-19"
"DE-BY","00+",2022-04-27,2022-04-21,"-6 day ahead inc hosp","quantile",0.5,1282,"COVID-19"
"DE-BY","00+",2022-04-27,2022-04-21,"-6 day ahead inc hosp","quantile",0.75,1354,"COVID-19"
"DE-BY","00+",2022-04-27,2022-04-21,"-6 day ahead inc hosp","quantile",0.9,1427,"COVID-19"
"DE-BY","00+",2022-04-27,2022-04-21,"-6 day ahead inc hosp","quantile",0.975,1517,"COVID-19"
"DE-BY","00+",2022-04-27,2022-04-20,"-7 day ahead inc hosp","mean",NA,1254,"COVID-19"
"DE-BY","00+",2022-04-27,2022-04-20,"-7 day ahead inc hosp","quantile",0.025,1104,"COVID-19"
"DE-BY","00+",2022-04-27,2022-04-20,"-7 day ahead inc hosp","quantile",0.1,1146,"COVID-19"
"DE-BY","00+",2022-04-27,2022-04-20,"-7 day ahead inc hosp","quantile",0.25,1190,"COVID-19"
"DE-BY","00+",2022-04-27,2022-04-20,"-7 day ahead inc hosp","quantile",0.5,1246,"COVID-19"
"DE-BY","00+",2022-04-27,2022-04-20,"-7 day ahead inc hosp","quantile",0.75,1309,"COVID-19"
"DE-BY","00+",2022-04-27,2022-04-20,"-7 day ahead inc hosp","quantile",0.9,1373,"COVID-19"
"DE-BY","00+",2022-04-27,2022-04-20,"-7 day ahead inc hosp","quantile",0.975,1453,"COVID-19"
"DE-BY","00+",2022-04-27,2022-04-19,"-8 day ahead inc hosp","mean",NA,1242,"COVID-19"
"DE-BY","00+",2022-04-27,2022-04-19,"-8 day ahead inc hosp","quantile",0.025,1111,"COVID-19"
"DE-BY","00+",2022-04-27,2022-04-19,"-8 day ahead inc hosp","quantile",0.1,1148,"COVID-19"
"DE-BY","00+",2022-04-27,2022-04-19,"-8 day ahead inc hosp","quantile",0.25,1185,"COVID-19"
"DE-BY","00+",2022-04-27,2022-04-19,"-8 day ahead inc hosp","quantile",0.5,1234,"COVID-19"
"DE-BY","00+",2022-04-27,2022-04-19,"-8 day ahead inc hosp","quantile",0.75,1289,"COVID-19"
"DE-BY","00+",2022-04-27,2022-04-19,"-8 day ahead inc hosp","quantile",0.9,1346,"COVID-19"
"DE-BY","00+",2022-04-27,2022-04-19,"-8 day ahead inc hosp","quantile",0.975,1416,"COVID-19"
"DE-BY","00+",2022-04-27,2022-04-18,"-9 day ahead inc hosp","mean",NA,1358,"COVID-19"
"DE-BY","00+",2022-04-27,2022-04-18,"-9 day ahead inc hosp","quantile",0.025,1223,"COVID-19"
"DE-BY","00+",2022-04-27,2022-04-18,"-9 day ahead inc hosp","quantile",0.1,1261,"COVID-19"
"DE-BY","00+",2022-04-27,2022-04-18,"-9 day ahead inc hosp","quantile",0.25,1300,"COVID-19"
"DE-BY","00+",2022-04-27,2022-04-18,"-9 day ahead inc hosp","quantile",0.5,1350,"COVID-19"
"DE-BY","00+",2022-04-27,2022-04-18,"-9 day ahead inc hosp","quantile",0.75,1408,"COVID-19"
"DE-BY","00+",2022-04-27,2022-04-18,"-9 day ahead inc hosp","quantile",0.9,1466,"COVID-19"
"DE-BY","00+",2022-04-27,2022-04-18,"-9 day ahead inc hosp","quantile",0.975,1539,"COVID-19"
"DE-BY","00+",2022-04-27,2022-04-17,"-10 day ahead inc hosp","mean",NA,1368,"COVID-19"
"DE-BY","00+",2022-04-27,2022-04-17,"-10 day ahead inc hosp","quantile",0.025,1238,"COVID-19"
"DE-BY","00+",2022-04-27,2022-04-17,"-10 day ahead inc hosp","quantile",0.1,1274,"COVID-19"
"DE-BY","00+",2022-04-27,2022-04-17,"-10 day ahead inc hosp","quantile",0.25,1312,"COVID-19"
"DE-BY","00+",2022-04-27,2022-04-17,"-10 day ahead inc hosp","quantile",0.5,1360,"COVID-19"
"DE-BY","00+",2022-04-27,2022-04-17,"-10 day ahead inc hosp","quantile",0.75,1416,"COVID-19"
"DE-BY","00+",2022-04-27,2022-04-17,"-10 day ahead inc hosp","quantile",0.9,1472,"COVID-19"
"DE-BY","00+",2022-04-27,2022-04-17,"-10 day ahead inc hosp","quantile",0.975,1543,"COVID-19"
"DE-BY","00+",2022-04-27,2022-04-16,"-11 day ahead inc hosp","mean",NA,1411,"COVID-19"
"DE-BY","00+",2022-04-27,2022-04-16,"-11 day ahead inc hosp","quantile",0.025,1284,"COVID-19"
"DE-BY","00+",2022-04-27,2022-04-16,"-11 day ahead inc hosp","quantile",0.1,1319,"COVID-19"
"DE-BY","00+",2022-04-27,2022-04-16,"-11 day ahead inc hosp","quantile",0.25,1356,"COVID-19"
"DE-BY","00+",2022-04-27,2022-04-16,"-11 day ahead inc hosp","quantile",0.5,1404,"COVID-19"
"DE-BY","00+",2022-04-27,2022-04-16,"-11 day ahead inc hosp","quantile",0.75,1458,"COVID-19"
"DE-BY","00+",2022-04-27,2022-04-16,"-11 day ahead inc hosp","quantile",0.9,1513,"COVID-19"
"DE-BY","00+",2022-04-27,2022-04-16,"-11 day ahead inc hosp","quantile",0.975,1582,"COVID-19"
"DE-BY","00+",2022-04-27,2022-04-15,"-12 day ahead inc hosp","mean",NA,1562,"COVID-19"
"DE-BY","00+",2022-04-27,2022-04-15,"-12 day ahead inc hosp","quantile",0.025,1431,"COVID-19"
"DE-BY","00+",2022-04-27,2022-04-15,"-12 day ahead inc hosp","quantile",0.1,1468,"COVID-19"
"DE-BY","00+",2022-04-27,2022-04-15,"-12 day ahead inc hosp","quantile",0.25,1506,"COVID-19"
"DE-BY","00+",2022-04-27,2022-04-15,"-12 day ahead inc hosp","quantile",0.5,1554,"COVID-19"
"DE-BY","00+",2022-04-27,2022-04-15,"-12 day ahead inc hosp","quantile",0.75,1610,"COVID-19"
"DE-BY","00+",2022-04-27,2022-04-15,"-12 day ahead inc hosp","quantile",0.9,1666,"COVID-19"
"DE-BY","00+",2022-04-27,2022-04-15,"-12 day ahead inc hosp","quantile",0.975,1736,"COVID-19"
"DE-BY","00+",2022-04-27,2022-04-14,"-13 day ahead inc hosp","mean",NA,1558,"COVID-19"
"DE-BY","00+",2022-04-27,2022-04-14,"-13 day ahead inc hosp","quantile",0.025,1440,"COVID-19"
"DE-BY","00+",2022-04-27,2022-04-14,"-13 day ahead inc hosp","quantile",0.1,1473,"COVID-19"
"DE-BY","00+",2022-04-27,2022-04-14,"-13 day ahead inc hosp","quantile",0.25,1508,"COVID-19"
"DE-BY","00+",2022-04-27,2022-04-14,"-13 day ahead inc hosp","quantile",0.5,1552,"COVID-19"
"DE-BY","00+",2022-04-27,2022-04-14,"-13 day ahead inc hosp","quantile",0.75,1602,"COVID-19"
"DE-BY","00+",2022-04-27,2022-04-14,"-13 day ahead inc hosp","quantile",0.9,1652,"COVID-19"
"DE-BY","00+",2022-04-27,2022-04-14,"-13 day ahead inc hosp","quantile",0.975,1715,"COVID-19"
"DE-BY","00+",2022-04-27,2022-04-13,"-14 day ahead inc hosp","mean",NA,1614,"COVID-19"
"DE-BY","00+",2022-04-27,2022-04-13,"-14 day ahead inc hosp","quantile",0.025,1500,"COVID-19"
"DE-BY","00+",2022-04-27,2022-04-13,"-14 day ahead inc hosp","quantile",0.1,1532,"COVID-19"
"DE-BY","00+",2022-04-27,2022-04-13,"-14 day ahead inc hosp","quantile",0.25,1565,"COVID-19"
"DE-BY","00+",2022-04-27,2022-04-13,"-14 day ahead inc hosp","quantile",0.5,1607,"COVID-19"
"DE-BY","00+",2022-04-27,2022-04-13,"-14 day ahead inc hosp","quantile",0.75,1655,"COVID-19"
"DE-BY","00+",2022-04-27,2022-04-13,"-14 day ahead inc hosp","quantile",0.9,1703,"COVID-19"
"DE-BY","00+",2022-04-27,2022-04-13,"-14 day ahead inc hosp","quantile",0.975,1763,"COVID-19"
"DE-BY","00+",2022-04-27,2022-04-12,"-15 day ahead inc hosp","mean",NA,1590,"COVID-19"
"DE-BY","00+",2022-04-27,2022-04-12,"-15 day ahead inc hosp","quantile",0.025,1485,"COVID-19"
"DE-BY","00+",2022-04-27,2022-04-12,"-15 day ahead inc hosp","quantile",0.1,1515,"COVID-19"
"DE-BY","00+",2022-04-27,2022-04-12,"-15 day ahead inc hosp","quantile",0.25,1545,"COVID-19"
"DE-BY","00+",2022-04-27,2022-04-12,"-15 day ahead inc hosp","quantile",0.5,1584,"COVID-19"
"DE-BY","00+",2022-04-27,2022-04-12,"-15 day ahead inc hosp","quantile",0.75,1628,"COVID-19"
"DE-BY","00+",2022-04-27,2022-04-12,"-15 day ahead inc hosp","quantile",0.9,1673,"COVID-19"
"DE-BY","00+",2022-04-27,2022-04-12,"-15 day ahead inc hosp","quantile",0.975,1729,"COVID-19"
"DE-BY","00+",2022-04-27,2022-04-11,"-16 day ahead inc hosp","mean",NA,1620,"COVID-19"
"DE-BY","00+",2022-04-27,2022-04-11,"-16 day ahead inc hosp","quantile",0.025,1515,"COVID-19"
"DE-BY","00+",2022-04-27,2022-04-11,"-16 day ahead inc hosp","quantile",0.1,1544,"COVID-19"
"DE-BY","00+",2022-04-27,2022-04-11,"-16 day ahead inc hosp","quantile",0.25,1574,"COVID-19"
"DE-BY","00+",2022-04-27,2022-04-11,"-16 day ahead inc hosp","quantile",0.5,1614,"COVID-19"
"DE-BY","00+",2022-04-27,2022-04-11,"-16 day ahead inc hosp","quantile",0.75,1659,"COVID-19"
"DE-BY","00+",2022-04-27,2022-04-11,"-16 day ahead inc hosp","quantile",0.9,1705,"COVID-19"
"DE-BY","00+",2022-04-27,2022-04-11,"-16 day ahead inc hosp","quantile",0.975,1763,"COVID-19"
"DE-BY","00+",2022-04-27,2022-04-10,"-17 day ahead inc hosp","mean",NA,1629,"COVID-19"
"DE-BY","00+",2022-04-27,2022-04-10,"-17 day ahead inc hosp","quantile",0.025,1518,"COVID-19"
"DE-BY","00+",2022-04-27,2022-04-10,"-17 day ahead inc hosp","quantile",0.1,1548,"COVID-19"
"DE-BY","00+",2022-04-27,2022-04-10,"-17 day ahead inc hosp","quantile",0.25,1579,"COVID-19"
"DE-BY","00+",2022-04-27,2022-04-10,"-17 day ahead inc hosp","quantile",0.5,1621,"COVID-19"
"DE-BY","00+",2022-04-27,2022-04-10,"-17 day ahead inc hosp","quantile",0.75,1669,"COVID-19"
"DE-BY","00+",2022-04-27,2022-04-10,"-17 day ahead inc hosp","quantile",0.9,1720,"COVID-19"
"DE-BY","00+",2022-04-27,2022-04-10,"-17 day ahead inc hosp","quantile",0.975,1783,"COVID-19"
"DE-BY","00+",2022-04-27,2022-04-09,"-18 day ahead inc hosp","mean",NA,1657,"COVID-19"
"DE-BY","00+",2022-04-27,2022-04-09,"-18 day ahead inc hosp","quantile",0.025,1541,"COVID-19"
"DE-BY","00+",2022-04-27,2022-04-09,"-18 day ahead inc hosp","quantile",0.1,1571,"COVID-19"
"DE-BY","00+",2022-04-27,2022-04-09,"-18 day ahead inc hosp","quantile",0.25,1604,"COVID-19"
"DE-BY","00+",2022-04-27,2022-04-09,"-18 day ahead inc hosp","quantile",0.5,1648,"COVID-19"
"DE-BY","00+",2022-04-27,2022-04-09,"-18 day ahead inc hosp","quantile",0.75,1700,"COVID-19"
"DE-BY","00+",2022-04-27,2022-04-09,"-18 day ahead inc hosp","quantile",0.9,1755,"COVID-19"
"DE-BY","00+",2022-04-27,2022-04-09,"-18 day ahead inc hosp","quantile",0.975,1825,"COVID-19"
"DE-BY","00+",2022-04-27,2022-04-08,"-19 day ahead inc hosp","mean",NA,1650,"COVID-19"
"DE-BY","00+",2022-04-27,2022-04-08,"-19 day ahead inc hosp","quantile",0.025,1535,"COVID-19"
"DE-BY","00+",2022-04-27,2022-04-08,"-19 day ahead inc hosp","quantile",0.1,1564,"COVID-19"
"DE-BY","00+",2022-04-27,2022-04-08,"-19 day ahead inc hosp","quantile",0.25,1596,"COVID-19"
"DE-BY","00+",2022-04-27,2022-04-08,"-19 day ahead inc hosp","quantile",0.5,1640,"COVID-19"
"DE-BY","00+",2022-04-27,2022-04-08,"-19 day ahead inc hosp","quantile",0.75,1693,"COVID-19"
"DE-BY","00+",2022-04-27,2022-04-08,"-19 day ahead inc hosp","quantile",0.9,1750,"COVID-19"
"DE-BY","00+",2022-04-27,2022-04-08,"-19 day ahead inc hosp","quantile",0.975,1824,"COVID-19"
"DE-BY","00+",2022-04-27,2022-04-07,"-20 day ahead inc hosp","mean",NA,1729,"COVID-19"
"DE-BY","00+",2022-04-27,2022-04-07,"-20 day ahead inc hosp","quantile",0.025,1612,"COVID-19"
"DE-BY","00+",2022-04-27,2022-04-07,"-20 day ahead inc hosp","quantile",0.1,1639,"COVID-19"
"DE-BY","00+",2022-04-27,2022-04-07,"-20 day ahead inc hosp","quantile",0.25,1672,"COVID-19"
"DE-BY","00+",2022-04-27,2022-04-07,"-20 day ahead inc hosp","quantile",0.5,1717,"COVID-19"
"DE-BY","00+",2022-04-27,2022-04-07,"-20 day ahead inc hosp","quantile",0.75,1774,"COVID-19"
"DE-BY","00+",2022-04-27,2022-04-07,"-20 day ahead inc hosp","quantile",0.9,1835,"COVID-19"
"DE-BY","00+",2022-04-27,2022-04-07,"-20 day ahead inc hosp","quantile",0.975,1916,"COVID-19"
"DE-BY","00+",2022-04-27,2022-04-06,"-21 day ahead inc hosp","mean",NA,1793,"COVID-19"
"DE-BY","00+",2022-04-27,2022-04-06,"-21 day ahead inc hosp","quantile",0.025,1676,"COVID-19"
"DE-BY","00+",2022-04-27,2022-04-06,"-21 day ahead inc hosp","quantile",0.1,1702,"COVID-19"
"DE-BY","00+",2022-04-27,2022-04-06,"-21 day ahead inc hosp","quantile",0.25,1734,"COVID-19"
"DE-BY","00+",2022-04-27,2022-04-06,"-21 day ahead inc hosp","quantile",0.5,1779,"COVID-19"
"DE-BY","00+",2022-04-27,2022-04-06,"-21 day ahead inc hosp","quantile",0.75,1837,"COVID-19"
"DE-BY","00+",2022-04-27,2022-04-06,"-21 day ahead inc hosp","quantile",0.9,1901,"COVID-19"
"DE-BY","00+",2022-04-27,2022-04-06,"-21 day ahead inc hosp","quantile",0.975,1985,"COVID-19"
"DE-BY","00+",2022-04-27,2022-04-05,"-22 day ahead inc hosp","mean",NA,1862,"COVID-19"
"DE-BY","00+",2022-04-27,2022-04-05,"-22 day ahead inc hosp","quantile",0.025,1749,"COVID-19"
"DE-BY","00+",2022-04-27,2022-04-05,"-22 day ahead inc hosp","quantile",0.1,1773,"COVID-19"
"DE-BY","00+",2022-04-27,2022-04-05,"-22 day ahead inc hosp","quantile",0.25,1803,"COVID-19"
"DE-BY","00+",2022-04-27,2022-04-05,"-22 day ahead inc hosp","quantile",0.5,1848,"COVID-19"
"DE-BY","00+",2022-04-27,2022-04-05,"-22 day ahead inc hosp","quantile",0.75,1906,"COVID-19"
"DE-BY","00+",2022-04-27,2022-04-05,"-22 day ahead inc hosp","quantile",0.9,1971,"COVID-19"
"DE-BY","00+",2022-04-27,2022-04-05,"-22 day ahead inc hosp","quantile",0.975,2057,"COVID-19"
"DE-BY","00+",2022-04-27,2022-04-04,"-23 day ahead inc hosp","mean",NA,1920,"COVID-19"
"DE-BY","00+",2022-04-27,2022-04-04,"-23 day ahead inc hosp","quantile",0.025,1811,"COVID-19"
"DE-BY","00+",2022-04-27,2022-04-04,"-23 day ahead inc hosp","quantile",0.1,1833,"COVID-19"
"DE-BY","00+",2022-04-27,2022-04-04,"-23 day ahead inc hosp","quantile",0.25,1862,"COVID-19"
"DE-BY","00+",2022-04-27,2022-04-04,"-23 day ahead inc hosp","quantile",0.5,1905,"COVID-19"
"DE-BY","00+",2022-04-27,2022-04-04,"-23 day ahead inc hosp","quantile",0.75,1962,"COVID-19"
"DE-BY","00+",2022-04-27,2022-04-04,"-23 day ahead inc hosp","quantile",0.9,2026,"COVID-19"
"DE-BY","00+",2022-04-27,2022-04-04,"-23 day ahead inc hosp","quantile",0.975,2113,"COVID-19"
"DE-BY","00+",2022-04-27,2022-04-03,"-24 day ahead inc hosp","mean",NA,1965,"COVID-19"
"DE-BY","00+",2022-04-27,2022-04-03,"-24 day ahead inc hosp","quantile",0.025,1856,"COVID-19"
"DE-BY","00+",2022-04-27,2022-04-03,"-24 day ahead inc hosp","quantile",0.1,1878,"COVID-19"
"DE-BY","00+",2022-04-27,2022-04-03,"-24 day ahead inc hosp","quantile",0.25,1906,"COVID-19"
"DE-BY","00+",2022-04-27,2022-04-03,"-24 day ahead inc hosp","quantile",0.5,1949,"COVID-19"
"DE-BY","00+",2022-04-27,2022-04-03,"-24 day ahead inc hosp","quantile",0.75,2007,"COVID-19"
"DE-BY","00+",2022-04-27,2022-04-03,"-24 day ahead inc hosp","quantile",0.9,2072,"COVID-19"
"DE-BY","00+",2022-04-27,2022-04-03,"-24 day ahead inc hosp","quantile",0.975,2161,"COVID-19"
"DE-BY","00+",2022-04-27,2022-04-02,"-25 day ahead inc hosp","mean",NA,1975,"COVID-19"
"DE-BY","00+",2022-04-27,2022-04-02,"-25 day ahead inc hosp","quantile",0.025,1870,"COVID-19"
"DE-BY","00+",2022-04-27,2022-04-02,"-25 day ahead inc hosp","quantile",0.1,1889,"COVID-19"
"DE-BY","00+",2022-04-27,2022-04-02,"-25 day ahead inc hosp","quantile",0.25,1916,"COVID-19"
"DE-BY","00+",2022-04-27,2022-04-02,"-25 day ahead inc hosp","quantile",0.5,1959,"COVID-19"
"DE-BY","00+",2022-04-27,2022-04-02,"-25 day ahead inc hosp","quantile",0.75,2016,"COVID-19"
"DE-BY","00+",2022-04-27,2022-04-02,"-25 day ahead inc hosp","quantile",0.9,2081,"COVID-19"
"DE-BY","00+",2022-04-27,2022-04-02,"-25 day ahead inc hosp","quantile",0.975,2171,"COVID-19"
"DE-BY","00+",2022-04-27,2022-04-01,"-26 day ahead inc hosp","mean",NA,2005,"COVID-19"
"DE-BY","00+",2022-04-27,2022-04-01,"-26 day ahead inc hosp","quantile",0.025,1905,"COVID-19"
"DE-BY","00+",2022-04-27,2022-04-01,"-26 day ahead inc hosp","quantile",0.1,1924,"COVID-19"
"DE-BY","00+",2022-04-27,2022-04-01,"-26 day ahead inc hosp","quantile",0.25,1949,"COVID-19"
"DE-BY","00+",2022-04-27,2022-04-01,"-26 day ahead inc hosp","quantile",0.5,1989,"COVID-19"
"DE-BY","00+",2022-04-27,2022-04-01,"-26 day ahead inc hosp","quantile",0.75,2044,"COVID-19"
"DE-BY","00+",2022-04-27,2022-04-01,"-26 day ahead inc hosp","quantile",0.9,2107,"COVID-19"
"DE-BY","00+",2022-04-27,2022-04-01,"-26 day ahead inc hosp","quantile",0.975,2194,"COVID-19"
"DE-BY","00+",2022-04-27,2022-03-31,"-27 day ahead inc hosp","mean",NA,2015,"COVID-19"
"DE-BY","00+",2022-04-27,2022-03-31,"-27 day ahead inc hosp","quantile",0.025,1924,"COVID-19"
"DE-BY","00+",2022-04-27,2022-03-31,"-27 day ahead inc hosp","quantile",0.1,1941,"COVID-19"
"DE-BY","00+",2022-04-27,2022-03-31,"-27 day ahead inc hosp","quantile",0.25,1964,"COVID-19"
"DE-BY","00+",2022-04-27,2022-03-31,"-27 day ahead inc hosp","quantile",0.5,2001,"COVID-19"
"DE-BY","00+",2022-04-27,2022-03-31,"-27 day ahead inc hosp","quantile",0.75,2051,"COVID-19"
"DE-BY","00+",2022-04-27,2022-03-31,"-27 day ahead inc hosp","quantile",0.9,2108,"COVID-19"
"DE-BY","00+",2022-04-27,2022-03-31,"-27 day ahead inc hosp","quantile",0.975,2187,"COVID-19"
"DE-BY","00+",2022-04-27,2022-03-30,"-28 day ahead inc hosp","mean",NA,2014,"COVID-19"
"DE-BY","00+",2022-04-27,2022-03-30,"-28 day ahead inc hosp","quantile",0.025,1933,"COVID-19"
"DE-BY","00+",2022-04-27,2022-03-30,"-28 day ahead inc hosp","quantile",0.1,1948,"COVID-19"
"DE-BY","00+",2022-04-27,2022-03-30,"-28 day ahead inc hosp","quantile",0.25,1968,"COVID-19"
"DE-BY","00+",2022-04-27,2022-03-30,"-28 day ahead inc hosp","quantile",0.5,2001,"COVID-19"
"DE-BY","00+",2022-04-27,2022-03-30,"-28 day ahead inc hosp","quantile",0.75,2045,"COVID-19"
"DE-BY","00+",2022-04-27,2022-03-30,"-28 day ahead inc hosp","quantile",0.9,2097,"COVID-19"
"DE-BY","00+",2022-04-27,2022-03-30,"-28 day ahead inc hosp","quantile",0.975,2167,"COVID-19"
"DE-HB","00+",2022-04-27,2022-04-27,"0 day ahead inc hosp","mean",NA,13,"COVID-19"
"DE-HB","00+",2022-04-27,2022-04-27,"0 day ahead inc hosp","quantile",0.025,10,"COVID-19"
"DE-HB","00+",2022-04-27,2022-04-27,"0 day ahead inc hosp","quantile",0.1,11,"COVID-19"
"DE-HB","00+",2022-04-27,2022-04-27,"0 day ahead inc hosp","quantile",0.25,12,"COVID-19"
"DE-HB","00+",2022-04-27,2022-04-27,"0 day ahead inc hosp","quantile",0.5,13,"COVID-19"
"DE-HB","00+",2022-04-27,2022-04-27,"0 day ahead inc hosp","quantile",0.75,15,"COVID-19"
"DE-HB","00+",2022-04-27,2022-04-27,"0 day ahead inc hosp","quantile",0.9,17,"COVID-19"
"DE-HB","00+",2022-04-27,2022-04-27,"0 day ahead inc hosp","quantile",0.975,19,"COVID-19"
"DE-HB","00+",2022-04-27,2022-04-26,"-1 day ahead inc hosp","mean",NA,18,"COVID-19"
"DE-HB","00+",2022-04-27,2022-04-26,"-1 day ahead inc hosp","quantile",0.025,14,"COVID-19"
"DE-HB","00+",2022-04-27,2022-04-26,"-1 day ahead inc hosp","quantile",0.1,15,"COVID-19"
"DE-HB","00+",2022-04-27,2022-04-26,"-1 day ahead inc hosp","quantile",0.25,16,"COVID-19"
"DE-HB","00+",2022-04-27,2022-04-26,"-1 day ahead inc hosp","quantile",0.5,18,"COVID-19"
"DE-HB","00+",2022-04-27,2022-04-26,"-1 day ahead inc hosp","quantile",0.75,20,"COVID-19"
"DE-HB","00+",2022-04-27,2022-04-26,"-1 day ahead inc hosp","quantile",0.9,22,"COVID-19"
"DE-HB","00+",2022-04-27,2022-04-26,"-1 day ahead inc hosp","quantile",0.975,24,"COVID-19"
"DE-HB","00+",2022-04-27,2022-04-25,"-2 day ahead inc hosp","mean",NA,16,"COVID-19"
"DE-HB","00+",2022-04-27,2022-04-25,"-2 day ahead inc hosp","quantile",0.025,13,"COVID-19"
"DE-HB","00+",2022-04-27,2022-04-25,"-2 day ahead inc hosp","quantile",0.1,14,"COVID-19"
"DE-HB","00+",2022-04-27,2022-04-25,"-2 day ahead inc hosp","quantile",0.25,15,"COVID-19"
"DE-HB","00+",2022-04-27,2022-04-25,"-2 day ahead inc hosp","quantile",0.5,16,"COVID-19"
"DE-HB","00+",2022-04-27,2022-04-25,"-2 day ahead inc hosp","quantile",0.75,18,"COVID-19"
"DE-HB","00+",2022-04-27,2022-04-25,"-2 day ahead inc hosp","quantile",0.9,19,"COVID-19"
"DE-HB","00+",2022-04-27,2022-04-25,"-2 day ahead inc hosp","quantile",0.975,21,"COVID-19"
"DE-HB","00+",2022-04-27,2022-04-24,"-3 day ahead inc hosp","mean",NA,14,"COVID-19"
"DE-HB","00+",2022-04-27,2022-04-24,"-3 day ahead inc hosp","quantile",0.025,11,"COVID-19"
"DE-HB","00+",2022-04-27,2022-04-24,"-3 day ahead inc hosp","quantile",0.1,12,"COVID-19"
"DE-HB","00+",2022-04-27,2022-04-24,"-3 day ahead inc hosp","quantile",0.25,12,"COVID-19"
"DE-HB","00+",2022-04-27,2022-04-24,"-3 day ahead inc hosp","quantile",0.5,13,"COVID-19"
"DE-HB","00+",2022-04-27,2022-04-24,"-3 day ahead inc hosp","quantile",0.75,15,"COVID-19"
"DE-HB","00+",2022-04-27,2022-04-24,"-3 day ahead inc hosp","quantile",0.9,16,"COVID-19"
"DE-HB","00+",2022-04-27,2022-04-24,"-3 day ahead inc hosp","quantile",0.975,17,"COVID-19"
"DE-HB","00+",2022-04-27,2022-04-23,"-4 day ahead inc hosp","mean",NA,18,"COVID-19"
"DE-HB","00+",2022-04-27,2022-04-23,"-4 day ahead inc hosp","quantile",0.025,15,"COVID-19"
"DE-HB","00+",2022-04-27,2022-04-23,"-4 day ahead inc hosp","quantile",0.1,16,"COVID-19"
"DE-HB","00+",2022-04-27,2022-04-23,"-4 day ahead inc hosp","quantile",0.25,17,"COVID-19"
"DE-HB","00+",2022-04-27,2022-04-23,"-4 day ahead inc hosp","quantile",0.5,18,"COVID-19"
"DE-HB","00+",2022-04-27,2022-04-23,"-4 day ahead inc hosp","quantile",0.75,19,"COVID-19"
"DE-HB","00+",2022-04-27,2022-04-23,"-4 day ahead inc hosp","quantile",0.9,21,"COVID-19"
"DE-HB","00+",2022-04-27,2022-04-23,"-4 day ahead inc hosp","quantile",0.975,22,"COVID-19"
"DE-HB","00+",2022-04-27,2022-04-22,"-5 day ahead inc hosp","mean",NA,15,"COVID-19"
"DE-HB","00+",2022-04-27,2022-04-22,"-5 day ahead inc hosp","quantile",0.025,13,"COVID-19"
"DE-HB","00+",2022-04-27,2022-04-22,"-5 day ahead inc hosp","quantile",0.1,14,"COVID-19"
"DE-HB","00+",2022-04-27,2022-04-22,"-5 day ahead inc hosp","quantile",0.25,14,"COVID-19"
"DE-HB","00+",2022-04-27,2022-04-22,"-5 day ahead inc hosp","quantile",0.5,15,"COVID-19"
"DE-HB","00+",2022-04-27,2022-04-22,"-5 day ahead inc hosp","quantile",0.75,16,"COVID-19"
"DE-HB","00+",2022-04-27,2022-04-22,"-5 day ahead inc hosp","quantile",0.9,18,"COVID-19"
"DE-HB","00+",2022-04-27,2022-04-22,"-5 day ahead inc hosp","quantile",0.975,19,"COVID-19"
"DE-HB","00+",2022-04-27,2022-04-21,"-6 day ahead inc hosp","mean",NA,16,"COVID-19"
"DE-HB","00+",2022-04-27,2022-04-21,"-6 day ahead inc hosp","quantile",0.025,14,"COVID-19"
"DE-HB","00+",2022-04-27,2022-04-21,"-6 day ahead inc hosp","quantile",0.1,14,"COVID-19"
"DE-HB","00+",2022-04-27,2022-04-21,"-6 day ahead inc hosp","quantile",0.25,15,"COVID-19"
"DE-HB","00+",2022-04-27,2022-04-21,"-6 day ahead inc hosp","quantile",0.5,16,"COVID-19"
"DE-HB","00+",2022-04-27,2022-04-21,"-6 day ahead inc hosp","quantile",0.75,17,"COVID-19"
"DE-HB","00+",2022-04-27,2022-04-21,"-6 day ahead inc hosp","quantile",0.9,18,"COVID-19"
"DE-HB","00+",2022-04-27,2022-04-21,"-6 day ahead inc hosp","quantile",0.975,19,"COVID-19"
"DE-HB","00+",2022-04-27,2022-04-20,"-7 day ahead inc hosp","mean",NA,19,"COVID-19"
"DE-HB","00+",2022-04-27,2022-04-20,"-7 day ahead inc hosp","quantile",0.025,17,"COVID-19"
"DE-HB","00+",2022-04-27,2022-04-20,"-7 day ahead inc hosp","quantile",0.1,17,"COVID-19"
"DE-HB","00+",2022-04-27,2022-04-20,"-7 day ahead inc hosp","quantile",0.25,18,"COVID-19"
"DE-HB","00+",2022-04-27,2022-04-20,"-7 day ahead inc hosp","quantile",0.5,19,"COVID-19"
"DE-HB","00+",2022-04-27,2022-04-20,"-7 day ahead inc hosp","quantile",0.75,20,"COVID-19"
"DE-HB","00+",2022-04-27,2022-04-20,"-7 day ahead inc hosp","quantile",0.9,21,"COVID-19"
"DE-HB","00+",2022-04-27,2022-04-20,"-7 day ahead inc hosp","quantile",0.975,22,"COVID-19"
"DE-HB","00+",2022-04-27,2022-04-19,"-8 day ahead inc hosp","mean",NA,20,"COVID-19"
"DE-HB","00+",2022-04-27,2022-04-19,"-8 day ahead inc hosp","quantile",0.025,18,"COVID-19"
"DE-HB","00+",2022-04-27,2022-04-19,"-8 day ahead inc hosp","quantile",0.1,18,"COVID-19"
"DE-HB","00+",2022-04-27,2022-04-19,"-8 day ahead inc hosp","quantile",0.25,19,"COVID-19"
"DE-HB","00+",2022-04-27,2022-04-19,"-8 day ahead inc hosp","quantile",0.5,20,"COVID-19"
"DE-HB","00+",2022-04-27,2022-04-19,"-8 day ahead inc hosp","quantile",0.75,21,"COVID-19"
"DE-HB","00+",2022-04-27,2022-04-19,"-8 day ahead inc hosp","quantile",0.9,22,"COVID-19"
"DE-HB","00+",2022-04-27,2022-04-19,"-8 day ahead inc hosp","quantile",0.975,23,"COVID-19"
"DE-HB","00+",2022-04-27,2022-04-18,"-9 day ahead inc hosp","mean",NA,26,"COVID-19"
"DE-HB","00+",2022-04-27,2022-04-18,"-9 day ahead inc hosp","quantile",0.025,24,"COVID-19"
"DE-HB","00+",2022-04-27,2022-04-18,"-9 day ahead inc hosp","quantile",0.1,24,"COVID-19"
"DE-HB","00+",2022-04-27,2022-04-18,"-9 day ahead inc hosp","quantile",0.25,25,"COVID-19"
"DE-HB","00+",2022-04-27,2022-04-18,"-9 day ahead inc hosp","quantile",0.5,26,"COVID-19"
"DE-HB","00+",2022-04-27,2022-04-18,"-9 day ahead inc hosp","quantile",0.75,27,"COVID-19"
"DE-HB","00+",2022-04-27,2022-04-18,"-9 day ahead inc hosp","quantile",0.9,28,"COVID-19"
"DE-HB","00+",2022-04-27,2022-04-18,"-9 day ahead inc hosp","quantile",0.975,29,"COVID-19"
"DE-HB","00+",2022-04-27,2022-04-17,"-10 day ahead inc hosp","mean",NA,27,"COVID-19"
"DE-HB","00+",2022-04-27,2022-04-17,"-10 day ahead inc hosp","quantile",0.025,25,"COVID-19"
"DE-HB","00+",2022-04-27,2022-04-17,"-10 day ahead inc hosp","quantile",0.1,25,"COVID-19"
"DE-HB","00+",2022-04-27,2022-04-17,"-10 day ahead inc hosp","quantile",0.25,26,"COVID-19"
"DE-HB","00+",2022-04-27,2022-04-17,"-10 day ahead inc hosp","quantile",0.5,27,"COVID-19"
"DE-HB","00+",2022-04-27,2022-04-17,"-10 day ahead inc hosp","quantile",0.75,28,"COVID-19"
"DE-HB","00+",2022-04-27,2022-04-17,"-10 day ahead inc hosp","quantile",0.9,29,"COVID-19"
"DE-HB","00+",2022-04-27,2022-04-17,"-10 day ahead inc hosp","quantile",0.975,31,"COVID-19"
"DE-HB","00+",2022-04-27,2022-04-16,"-11 day ahead inc hosp","mean",NA,24,"COVID-19"
"DE-HB","00+",2022-04-27,2022-04-16,"-11 day ahead inc hosp","quantile",0.025,22,"COVID-19"
"DE-HB","00+",2022-04-27,2022-04-16,"-11 day ahead inc hosp","quantile",0.1,22,"COVID-19"
"DE-HB","00+",2022-04-27,2022-04-16,"-11 day ahead inc hosp","quantile",0.25,23,"COVID-19"
"DE-HB","00+",2022-04-27,2022-04-16,"-11 day ahead inc hosp","quantile",0.5,24,"COVID-19"
"DE-HB","00+",2022-04-27,2022-04-16,"-11 day ahead inc hosp","quantile",0.75,25,"COVID-19"
"DE-HB","00+",2022-04-27,2022-04-16,"-11 day ahead inc hosp","quantile",0.9,26,"COVID-19"
"DE-HB","00+",2022-04-27,2022-04-16,"-11 day ahead inc hosp","quantile",0.975,27,"COVID-19"
"DE-HB","00+",2022-04-27,2022-04-15,"-12 day ahead inc hosp","mean",NA,25,"COVID-19"
"DE-HB","00+",2022-04-27,2022-04-15,"-12 day ahead inc hosp","quantile",0.025,23,"COVID-19"
"DE-HB","00+",2022-04-27,2022-04-15,"-12 day ahead inc hosp","quantile",0.1,23,"COVID-19"
"DE-HB","00+",2022-04-27,2022-04-15,"-12 day ahead inc hosp","quantile",0.25,24,"COVID-19"
"DE-HB","00+",2022-04-27,2022-04-15,"-12 day ahead inc hosp","quantile",0.5,25,"COVID-19"
"DE-HB","00+",2022-04-27,2022-04-15,"-12 day ahead inc hosp","quantile",0.75,26,"COVID-19"
"DE-HB","00+",2022-04-27,2022-04-15,"-12 day ahead inc hosp","quantile",0.9,27,"COVID-19"
"DE-HB","00+",2022-04-27,2022-04-15,"-12 day ahead inc hosp","quantile",0.975,28,"COVID-19"
"DE-HB","00+",2022-04-27,2022-04-14,"-13 day ahead inc hosp","mean",NA,25,"COVID-19"
"DE-HB","00+",2022-04-27,2022-04-14,"-13 day ahead inc hosp","quantile",0.025,23,"COVID-19"
"DE-HB","00+",2022-04-27,2022-04-14,"-13 day ahead inc hosp","quantile",0.1,23,"COVID-19"
"DE-HB","00+",2022-04-27,2022-04-14,"-13 day ahead inc hosp","quantile",0.25,24,"COVID-19"
"DE-HB","00+",2022-04-27,2022-04-14,"-13 day ahead inc hosp","quantile",0.5,25,"COVID-19"
"DE-HB","00+",2022-04-27,2022-04-14,"-13 day ahead inc hosp","quantile",0.75,26,"COVID-19"
"DE-HB","00+",2022-04-27,2022-04-14,"-13 day ahead inc hosp","quantile",0.9,27,"COVID-19"
"DE-HB","00+",2022-04-27,2022-04-14,"-13 day ahead inc hosp","quantile",0.975,28,"COVID-19"
"DE-HB","00+",2022-04-27,2022-04-13,"-14 day ahead inc hosp","mean",NA,24,"COVID-19"
"DE-HB","00+",2022-04-27,2022-04-13,"-14 day ahead inc hosp","quantile",0.025,22,"COVID-19"
"DE-HB","00+",2022-04-27,2022-04-13,"-14 day ahead inc hosp","quantile",0.1,22,"COVID-19"
"DE-HB","00+",2022-04-27,2022-04-13,"-14 day ahead inc hosp","quantile",0.25,23,"COVID-19"
"DE-HB","00+",2022-04-27,2022-04-13,"-14 day ahead inc hosp","quantile",0.5,23,"COVID-19"
"DE-HB","00+",2022-04-27,2022-04-13,"-14 day ahead inc hosp","quantile",0.75,24,"COVID-19"
"DE-HB","00+",2022-04-27,2022-04-13,"-14 day ahead inc hosp","quantile",0.9,25,"COVID-19"
"DE-HB","00+",2022-04-27,2022-04-13,"-14 day ahead inc hosp","quantile",0.975,27,"COVID-19"
"DE-HB","00+",2022-04-27,2022-04-12,"-15 day ahead inc hosp","mean",NA,19,"COVID-19"
"DE-HB","00+",2022-04-27,2022-04-12,"-15 day ahead inc hosp","quantile",0.025,18,"COVID-19"
"DE-HB","00+",2022-04-27,2022-04-12,"-15 day ahead inc hosp","quantile",0.1,18,"COVID-19"
"DE-HB","00+",2022-04-27,2022-04-12,"-15 day ahead inc hosp","quantile",0.25,18,"COVID-19"
"DE-HB","00+",2022-04-27,2022-04-12,"-15 day ahead inc hosp","quantile",0.5,19,"COVID-19"
"DE-HB","00+",2022-04-27,2022-04-12,"-15 day ahead inc hosp","quantile",0.75,20,"COVID-19"
"DE-HB","00+",2022-04-27,2022-04-12,"-15 day ahead inc hosp","quantile",0.9,21,"COVID-19"
"DE-HB","00+",2022-04-27,2022-04-12,"-15 day ahead inc hosp","quantile",0.975,22,"COVID-19"
"DE-HB","00+",2022-04-27,2022-04-11,"-16 day ahead inc hosp","mean",NA,27,"COVID-19"
"DE-HB","00+",2022-04-27,2022-04-11,"-16 day ahead inc hosp","quantile",0.025,26,"COVID-19"
"DE-HB","00+",2022-04-27,2022-04-11,"-16 day ahead inc hosp","quantile",0.1,26,"COVID-19"
"DE-HB","00+",2022-04-27,2022-04-11,"-16 day ahead inc hosp","quantile",0.25,26,"COVID-19"
"DE-HB","00+",2022-04-27,2022-04-11,"-16 day ahead inc hosp","quantile",0.5,27,"COVID-19"
"DE-HB","00+",2022-04-27,2022-04-11,"-16 day ahead inc hosp","quantile",0.75,28,"COVID-19"
"DE-HB","00+",2022-04-27,2022-04-11,"-16 day ahead inc hosp","quantile",0.9,29,"COVID-19"
"DE-HB","00+",2022-04-27,2022-04-11,"-16 day ahead inc hosp","quantile",0.975,31,"COVID-19"
"DE-HB","00+",2022-04-27,2022-04-10,"-17 day ahead inc hosp","mean",NA,26,"COVID-19"
"DE-HB","00+",2022-04-27,2022-04-10,"-17 day ahead inc hosp","quantile",0.025,25,"COVID-19"
"DE-HB","00+",2022-04-27,2022-04-10,"-17 day ahead inc hosp","quantile",0.1,25,"COVID-19"
"DE-HB","00+",2022-04-27,2022-04-10,"-17 day ahead inc hosp","quantile",0.25,25,"COVID-19"
"DE-HB","00+",2022-04-27,2022-04-10,"-17 day ahead inc hosp","quantile",0.5,26,"COVID-19"
"DE-HB","00+",2022-04-27,2022-04-10,"-17 day ahead inc hosp","quantile",0.75,27,"COVID-19"
"DE-HB","00+",2022-04-27,2022-04-10,"-17 day ahead inc hosp","quantile",0.9,28,"COVID-19"
"DE-HB","00+",2022-04-27,2022-04-10,"-17 day ahead inc hosp","quantile",0.975,30,"COVID-19"
"DE-HB","00+",2022-04-27,2022-04-09,"-18 day ahead inc hosp","mean",NA,26,"COVID-19"
"DE-HB","00+",2022-04-27,2022-04-09,"-18 day ahead inc hosp","quantile",0.025,25,"COVID-19"
"DE-HB","00+",2022-04-27,2022-04-09,"-18 day ahead inc hosp","quantile",0.1,25,"COVID-19"
"DE-HB","00+",2022-04-27,2022-04-09,"-18 day ahead inc hosp","quantile",0.25,25,"COVID-19"
"DE-HB","00+",2022-04-27,2022-04-09,"-18 day ahead inc hosp","quantile",0.5,26,"COVID-19"
"DE-HB","00+",2022-04-27,2022-04-09,"-18 day ahead inc hosp","quantile",0.75,27,"COVID-19"
"DE-HB","00+",2022-04-27,2022-04-09,"-18 day ahead inc hosp","quantile",0.9,28,"COVID-19"
"DE-HB","00+",2022-04-27,2022-04-09,"-18 day ahead inc hosp","quantile",0.975,30,"COVID-19"
"DE-HB","00+",2022-04-27,2022-04-08,"-19 day ahead inc hosp","mean",NA,28,"COVID-19"
"DE-HB","00+",2022-04-27,2022-04-08,"-19 day ahead inc hosp","quantile",0.025,27,"COVID-19"
"DE-HB","00+",2022-04-27,2022-04-08,"-19 day ahead inc hosp","quantile",0.1,27,"COVID-19"
"DE-HB","00+",2022-04-27,2022-04-08,"-19 day ahead inc hosp","quantile",0.25,27,"COVID-19"
"DE-HB","00+",2022-04-27,2022-04-08,"-19 day ahead inc hosp","quantile",0.5,28,"COVID-19"
"DE-HB","00+",2022-04-27,2022-04-08,"-19 day ahead inc hosp","quantile",0.75,29,"COVID-19"
"DE-HB","00+",2022-04-27,2022-04-08,"-19 day ahead inc hosp","quantile",0.9,30,"COVID-19"
"DE-HB","00+",2022-04-27,2022-04-08,"-19 day ahead inc hosp","quantile",0.975,31,"COVID-19"
"DE-HB","00+",2022-04-27,2022-04-07,"-20 day ahead inc hosp","mean",NA,30,"COVID-19"
"DE-HB","00+",2022-04-27,2022-04-07,"-20 day ahead inc hosp","quantile",0.025,29,"COVID-19"
"DE-HB","00+",2022-04-27,2022-04-07,"-20 day ahead inc hosp","quantile",0.1,29,"COVID-19"
"DE-HB","00+",2022-04-27,2022-04-07,"-20 day ahead inc hosp","quantile",0.25,29,"COVID-19"
"DE-HB","00+",2022-04-27,2022-04-07,"-20 day ahead inc hosp","quantile",0.5,30,"COVID-19"
"DE-HB","00+",2022-04-27,2022-04-07,"-20 day ahead inc hosp","quantile",0.75,31,"COVID-19"
"DE-HB","00+",2022-04-27,2022-04-07,"-20 day ahead inc hosp","quantile",0.9,32,"COVID-19"
"DE-HB","00+",2022-04-27,2022-04-07,"-20 day ahead inc hosp","quantile",0.975,33,"COVID-19"
"DE-HB","00+",2022-04-27,2022-04-06,"-21 day ahead inc hosp","mean",NA,32,"COVID-19"
"DE-HB","00+",2022-04-27,2022-04-06,"-21 day ahead inc hosp","quantile",0.025,31,"COVID-19"
"DE-HB","00+",2022-04-27,2022-04-06,"-21 day ahead inc hosp","quantile",0.1,31,"COVID-19"
"DE-HB","00+",2022-04-27,2022-04-06,"-21 day ahead inc hosp","quantile",0.25,31,"COVID-19"
"DE-HB","00+",2022-04-27,2022-04-06,"-21 day ahead inc hosp","quantile",0.5,32,"COVID-19"
"DE-HB","00+",2022-04-27,2022-04-06,"-21 day ahead inc hosp","quantile",0.75,33,"COVID-19"
"DE-HB","00+",2022-04-27,2022-04-06,"-21 day ahead inc hosp","quantile",0.9,33,"COVID-19"
"DE-HB","00+",2022-04-27,2022-04-06,"-21 day ahead inc hosp","quantile",0.975,34,"COVID-19"
"DE-HB","00+",2022-04-27,2022-04-05,"-22 day ahead inc hosp","mean",NA,38,"COVID-19"
"DE-HB","00+",2022-04-27,2022-04-05,"-22 day ahead inc hosp","quantile",0.025,37,"COVID-19"
"DE-HB","00+",2022-04-27,2022-04-05,"-22 day ahead inc hosp","quantile",0.1,37,"COVID-19"
"DE-HB","00+",2022-04-27,2022-04-05,"-22 day ahead inc hosp","quantile",0.25,37,"COVID-19"
"DE-HB","00+",2022-04-27,2022-04-05,"-22 day ahead inc hosp","quantile",0.5,38,"COVID-19"
"DE-HB","00+",2022-04-27,2022-04-05,"-22 day ahead inc hosp","quantile",0.75,39,"COVID-19"
"DE-HB","00+",2022-04-27,2022-04-05,"-22 day ahead inc hosp","quantile",0.9,40,"COVID-19"
"DE-HB","00+",2022-04-27,2022-04-05,"-22 day ahead inc hosp","quantile",0.975,41,"COVID-19"
"DE-HB","00+",2022-04-27,2022-04-04,"-23 day ahead inc hosp","mean",NA,27,"COVID-19"
"DE-HB","00+",2022-04-27,2022-04-04,"-23 day ahead inc hosp","quantile",0.025,26,"COVID-19"
"DE-HB","00+",2022-04-27,2022-04-04,"-23 day ahead inc hosp","quantile",0.1,26,"COVID-19"
"DE-HB","00+",2022-04-27,2022-04-04,"-23 day ahead inc hosp","quantile",0.25,26,"COVID-19"
"DE-HB","00+",2022-04-27,2022-04-04,"-23 day ahead inc hosp","quantile",0.5,26,"COVID-19"
"DE-HB","00+",2022-04-27,2022-04-04,"-23 day ahead inc hosp","quantile",0.75,27,"COVID-19"
"DE-HB","00+",2022-04-27,2022-04-04,"-23 day ahead inc hosp","quantile",0.9,27,"COVID-19"
"DE-HB","00+",2022-04-27,2022-04-04,"-23 day ahead inc hosp","quantile",0.975,28,"COVID-19"
"DE-HB","00+",2022-04-27,2022-04-03,"-24 day ahead inc hosp","mean",NA,28,"COVID-19"
"DE-HB","00+",2022-04-27,2022-04-03,"-24 day ahead inc hosp","quantile",0.025,27,"COVID-19"
"DE-HB","00+",2022-04-27,2022-04-03,"-24 day ahead inc hosp","quantile",0.1,27,"COVID-19"
"DE-HB","00+",2022-04-27,2022-04-03,"-24 day ahead inc hosp","quantile",0.25,27,"COVID-19"
"DE-HB","00+",2022-04-27,2022-04-03,"-24 day ahead inc hosp","quantile",0.5,27,"COVID-19"
"DE-HB","00+",2022-04-27,2022-04-03,"-24 day ahead inc hosp","quantile",0.75,28,"COVID-19"
"DE-HB","00+",2022-04-27,2022-04-03,"-24 day ahead inc hosp","quantile",0.9,28,"COVID-19"
"DE-HB","00+",2022-04-27,2022-04-03,"-24 day ahead inc hosp","quantile",0.975,29,"COVID-19"
"DE-HB","00+",2022-04-27,2022-04-02,"-25 day ahead inc hosp","mean",NA,30,"COVID-19"
"DE-HB","00+",2022-04-27,2022-04-02,"-25 day ahead inc hosp","quantile",0.025,29,"COVID-19"
"DE-HB","00+",2022-04-27,2022-04-02,"-25 day ahead inc hosp","quantile",0.1,29,"COVID-19"
"DE-HB","00+",2022-04-27,2022-04-02,"-25 day ahead inc hosp","quantile",0.25,29,"COVID-19"
"DE-HB","00+",2022-04-27,2022-04-02,"-25 day ahead inc hosp","quantile",0.5,29,"COVID-19"
"DE-HB","00+",2022-04-27,2022-04-02,"-25 day ahead inc hosp","quantile",0.75,30,"COVID-19"
"DE-HB","00+",2022-04-27,2022-04-02,"-25 day ahead inc hosp","quantile",0.9,31,"COVID-19"
"DE-HB","00+",2022-04-27,2022-04-02,"-25 day ahead inc hosp","quantile",0.975,31,"COVID-19"
"DE-HB","00+",2022-04-27,2022-04-01,"-26 day ahead inc hosp","mean",NA,29,"COVID-19"
"DE-HB","00+",2022-04-27,2022-04-01,"-26 day ahead inc hosp","quantile",0.025,28,"COVID-19"
"DE-HB","00+",2022-04-27,2022-04-01,"-26 day ahead inc hosp","quantile",0.1,28,"COVID-19"
"DE-HB","00+",2022-04-27,2022-04-01,"-26 day ahead inc hosp","quantile",0.25,28,"COVID-19"
"DE-HB","00+",2022-04-27,2022-04-01,"-26 day ahead inc hosp","quantile",0.5,28,"COVID-19"
"DE-HB","00+",2022-04-27,2022-04-01,"-26 day ahead inc hosp","quantile",0.75,29,"COVID-19"
"DE-HB","00+",2022-04-27,2022-04-01,"-26 day ahead inc hosp","quantile",0.9,29,"COVID-19"
"DE-HB","00+",2022-04-27,2022-04-01,"-26 day ahead inc hosp","quantile",0.975,30,"COVID-19"
"DE-HB","00+",2022-04-27,2022-03-31,"-27 day ahead inc hosp","mean",NA,30,"COVID-19"
"DE-HB","00+",2022-04-27,2022-03-31,"-27 day ahead inc hosp","quantile",0.025,30,"COVID-19"
"DE-HB","00+",2022-04-27,2022-03-31,"-27 day ahead inc hosp","quantile",0.1,30,"COVID-19"
"DE-HB","00+",2022-04-27,2022-03-31,"-27 day ahead inc hosp","quantile",0.25,30,"COVID-19"
"DE-HB","00+",2022-04-27,2022-03-31,"-27 day ahead inc hosp","quantile",0.5,30,"COVID-19"
"DE-HB","00+",2022-04-27,2022-03-31,"-27 day ahead inc hosp","quantile",0.75,31,"COVID-19"
"DE-HB","00+",2022-04-27,2022-03-31,"-27 day ahead inc hosp","quantile",0.9,31,"COVID-19"
"DE-HB","00+",2022-04-27,2022-03-31,"-27 day ahead inc hosp","quantile",0.975,32,"COVID-19"
"DE-HB","00+",2022-04-27,2022-03-30,"-28 day ahead inc hosp","mean",NA,39,"COVID-19"
"DE-HB","00+",2022-04-27,2022-03-30,"-28 day ahead inc hosp","quantile",0.025,38,"COVID-19"
"DE-HB","00+",2022-04-27,2022-03-30,"-28 day ahead inc hosp","quantile",0.1,38,"COVID-19"
"DE-HB","00+",2022-04-27,2022-03-30,"-28 day ahead inc hosp","quantile",0.25,38,"COVID-19"
"DE-HB","00+",2022-04-27,2022-03-30,"-28 day ahead inc hosp","quantile",0.5,38,"COVID-19"
"DE-HB","00+",2022-04-27,2022-03-30,"-28 day ahead inc hosp","quantile",0.75,39,"COVID-19"
"DE-HB","00+",2022-04-27,2022-03-30,"-28 day ahead inc hosp","quantile",0.9,40,"COVID-19"
"DE-HB","00+",2022-04-27,2022-03-30,"-28 day ahead inc hosp","quantile",0.975,41,"COVID-19"
"DE-HE","00+",2022-04-27,2022-04-27,"0 day ahead inc hosp","mean",NA,622,"COVID-19"
"DE-HE","00+",2022-04-27,2022-04-27,"0 day ahead inc hosp","quantile",0.025,435,"COVID-19"
"DE-HE","00+",2022-04-27,2022-04-27,"0 day ahead inc hosp","quantile",0.1,479,"COVID-19"
"DE-HE","00+",2022-04-27,2022-04-27,"0 day ahead inc hosp","quantile",0.25,531,"COVID-19"
"DE-HE","00+",2022-04-27,2022-04-27,"0 day ahead inc hosp","quantile",0.5,603,"COVID-19"
"DE-HE","00+",2022-04-27,2022-04-27,"0 day ahead inc hosp","quantile",0.75,693,"COVID-19"
"DE-HE","00+",2022-04-27,2022-04-27,"0 day ahead inc hosp","quantile",0.9,791,"COVID-19"
"DE-HE","00+",2022-04-27,2022-04-27,"0 day ahead inc hosp","quantile",0.975,919,"COVID-19"
"DE-HE","00+",2022-04-27,2022-04-26,"-1 day ahead inc hosp","mean",NA,658,"COVID-19"
"DE-HE","00+",2022-04-27,2022-04-26,"-1 day ahead inc hosp","quantile",0.025,496,"COVID-19"
"DE-HE","00+",2022-04-27,2022-04-26,"-1 day ahead inc hosp","quantile",0.1,533,"COVID-19"
"DE-HE","00+",2022-04-27,2022-04-26,"-1 day ahead inc hosp","quantile",0.25,577,"COVID-19"
"DE-HE","00+",2022-04-27,2022-04-26,"-1 day ahead inc hosp","quantile",0.5,640,"COVID-19"
"DE-HE","00+",2022-04-27,2022-04-26,"-1 day ahead inc hosp","quantile",0.75,719,"COVID-19"
"DE-HE","00+",2022-04-27,2022-04-26,"-1 day ahead inc hosp","quantile",0.9,806,"COVID-19"
"DE-HE","00+",2022-04-27,2022-04-26,"-1 day ahead inc hosp","quantile",0.975,921,"COVID-19"
"DE-HE","00+",2022-04-27,2022-04-25,"-2 day ahead inc hosp","mean",NA,528,"COVID-19"
"DE-HE","00+",2022-04-27,2022-04-25,"-2 day ahead inc hosp","quantile",0.025,428,"COVID-19"
"DE-HE","00+",2022-04-27,2022-04-25,"-2 day ahead inc hosp","quantile",0.1,451,"COVID-19"
"DE-HE","00+",2022-04-27,2022-04-25,"-2 day ahead inc hosp","quantile",0.25,478,"COVID-19"
"DE-HE","00+",2022-04-27,2022-04-25,"-2 day ahead inc hosp","quantile",0.5,516,"COVID-19"
"DE-HE","00+",2022-04-27,2022-04-25,"-2 day ahead inc hosp","quantile",0.75,566,"COVID-19"
"DE-HE","00+",2022-04-27,2022-04-25,"-2 day ahead inc hosp","quantile",0.9,619,"COVID-19"
"DE-HE","00+",2022-04-27,2022-04-25,"-2 day ahead inc hosp","quantile",0.975,690,"COVID-19"
"DE-HE","00+",2022-04-27,2022-04-24,"-3 day ahead inc hosp","mean",NA,534,"COVID-19"
"DE-HE","00+",2022-04-27,2022-04-24,"-3 day ahead inc hosp","quantile",0.025,439,"COVID-19"
"DE-HE","00+",2022-04-27,2022-04-24,"-3 day ahead inc hosp","quantile",0.1,460,"COVID-19"
"DE-HE","00+",2022-04-27,2022-04-24,"-3 day ahead inc hosp","quantile",0.25,486,"COVID-19"
"DE-HE","00+",2022-04-27,2022-04-24,"-3 day ahead inc hosp","quantile",0.5,523,"COVID-19"
"DE-HE","00+",2022-04-27,2022-04-24,"-3 day ahead inc hosp","quantile",0.75,570,"COVID-19"
"DE-HE","00+",2022-04-27,2022-04-24,"-3 day ahead inc hosp","quantile",0.9,621,"COVID-19"
"DE-HE","00+",2022-04-27,2022-04-24,"-3 day ahead inc hosp","quantile",0.975,689,"COVID-19"
"DE-HE","00+",2022-04-27,2022-04-23,"-4 day ahead inc hosp","mean",NA,548,"COVID-19"
"DE-HE","00+",2022-04-27,2022-04-23,"-4 day ahead inc hosp","quantile",0.025,457,"COVID-19"
"DE-HE","00+",2022-04-27,2022-04-23,"-4 day ahead inc hosp","quantile",0.1,477,"COVID-19"
"DE-HE","00+",2022-04-27,2022-04-23,"-4 day ahead inc hosp","quantile",0.25,502,"COVID-19"
"DE-HE","00+",2022-04-27,2022-04-23,"-4 day ahead inc hosp","quantile",0.5,538,"COVID-19"
"DE-HE","00+",2022-04-27,2022-04-23,"-4 day ahead inc hosp","quantile",0.75,582,"COVID-19"
"DE-HE","00+",2022-04-27,2022-04-23,"-4 day ahead inc hosp","quantile",0.9,631,"COVID-19"
"DE-HE","00+",2022-04-27,2022-04-23,"-4 day ahead inc hosp","quantile",0.975,696,"COVID-19"
"DE-HE","00+",2022-04-27,2022-04-22,"-5 day ahead inc hosp","mean",NA,504,"COVID-19"
"DE-HE","00+",2022-04-27,2022-04-22,"-5 day ahead inc hosp","quantile",0.025,427,"COVID-19"
"DE-HE","00+",2022-04-27,2022-04-22,"-5 day ahead inc hosp","quantile",0.1,444,"COVID-19"
"DE-HE","00+",2022-04-27,2022-04-22,"-5 day ahead inc hosp","quantile",0.25,465,"COVID-19"
"DE-HE","00+",2022-04-27,2022-04-22,"-5 day ahead inc hosp","quantile",0.5,495,"COVID-19"
"DE-HE","00+",2022-04-27,2022-04-22,"-5 day ahead inc hosp","quantile",0.75,533,"COVID-19"
"DE-HE","00+",2022-04-27,2022-04-22,"-5 day ahead inc hosp","quantile",0.9,575,"COVID-19"
"DE-HE","00+",2022-04-27,2022-04-22,"-5 day ahead inc hosp","quantile",0.975,630,"COVID-19"
"DE-HE","00+",2022-04-27,2022-04-21,"-6 day ahead inc hosp","mean",NA,531,"COVID-19"
"DE-HE","00+",2022-04-27,2022-04-21,"-6 day ahead inc hosp","quantile",0.025,458,"COVID-19"
"DE-HE","00+",2022-04-27,2022-04-21,"-6 day ahead inc hosp","quantile",0.1,474,"COVID-19"
"DE-HE","00+",2022-04-27,2022-04-21,"-6 day ahead inc hosp","quantile",0.25,494,"COVID-19"
"DE-HE","00+",2022-04-27,2022-04-21,"-6 day ahead inc hosp","quantile",0.5,522,"COVID-19"
"DE-HE","00+",2022-04-27,2022-04-21,"-6 day ahead inc hosp","quantile",0.75,558,"COVID-19"
"DE-HE","00+",2022-04-27,2022-04-21,"-6 day ahead inc hosp","quantile",0.9,598,"COVID-19"
"DE-HE","00+",2022-04-27,2022-04-21,"-6 day ahead inc hosp","quantile",0.975,651,"COVID-19"
"DE-HE","00+",2022-04-27,2022-04-20,"-7 day ahead inc hosp","mean",NA,483,"COVID-19"
"DE-HE","00+",2022-04-27,2022-04-20,"-7 day ahead inc hosp","quantile",0.025,424,"COVID-19"
"DE-HE","00+",2022-04-27,2022-04-20,"-7 day ahead inc hosp","quantile",0.1,437,"COVID-19"
"DE-HE","00+",2022-04-27,2022-04-20,"-7 day ahead inc hosp","quantile",0.25,453,"COVID-19"
"DE-HE","00+",2022-04-27,2022-04-20,"-7 day ahead inc hosp","quantile",0.5,476,"COVID-19"
"DE-HE","00+",2022-04-27,2022-04-20,"-7 day ahead inc hosp","quantile",0.75,505,"COVID-19"
"DE-HE","00+",2022-04-27,2022-04-20,"-7 day ahead inc hosp","quantile",0.9,538,"COVID-19"
"DE-HE","00+",2022-04-27,2022-04-20,"-7 day ahead inc hosp","quantile",0.975,581,"COVID-19"
"DE-HE","00+",2022-04-27,2022-04-19,"-8 day ahead inc hosp","mean",NA,443,"COVID-19"
"DE-HE","00+",2022-04-27,2022-04-19,"-8 day ahead inc hosp","quantile",0.025,398,"COVID-19"
"DE-HE","00+",2022-04-27,2022-04-19,"-8 day ahead inc hosp","quantile",0.1,407,"COVID-19"
"DE-HE","00+",2022-04-27,2022-04-19,"-8 day ahead inc hosp","quantile",0.25,419,"COVID-19"
"DE-HE","00+",2022-04-27,2022-04-19,"-8 day ahead inc hosp","quantile",0.5,437,"COVID-19"
"DE-HE","00+",2022-04-27,2022-04-19,"-8 day ahead inc hosp","quantile",0.75,460,"COVID-19"
"DE-HE","00+",2022-04-27,2022-04-19,"-8 day ahead inc hosp","quantile",0.9,486,"COVID-19"
"DE-HE","00+",2022-04-27,2022-04-19,"-8 day ahead inc hosp","quantile",0.975,521,"COVID-19"
"DE-HE","00+",2022-04-27,2022-04-18,"-9 day ahead inc hosp","mean",NA,505,"COVID-19"
"DE-HE","00+",2022-04-27,2022-04-18,"-9 day ahead inc hosp","quantile",0.025,458,"COVID-19"
"DE-HE","00+",2022-04-27,2022-04-18,"-9 day ahead inc hosp","quantile",0.1,468,"COVID-19"
"DE-HE","00+",2022-04-27,2022-04-18,"-9 day ahead inc hosp","quantile",0.25,480,"COVID-19"
"DE-HE","00+",2022-04-27,2022-04-18,"-9 day ahead inc hosp","quantile",0.5,499,"COVID-19"
"DE-HE","00+",2022-04-27,2022-04-18,"-9 day ahead inc hosp","quantile",0.75,524,"COVID-19"
"DE-HE","00+",2022-04-27,2022-04-18,"-9 day ahead inc hosp","quantile",0.9,551,"COVID-19"
"DE-HE","00+",2022-04-27,2022-04-18,"-9 day ahead inc hosp","quantile",0.975,589,"COVID-19"
"DE-HE","00+",2022-04-27,2022-04-17,"-10 day ahead inc hosp","mean",NA,513,"COVID-19"
"DE-HE","00+",2022-04-27,2022-04-17,"-10 day ahead inc hosp","quantile",0.025,466,"COVID-19"
"DE-HE","00+",2022-04-27,2022-04-17,"-10 day ahead inc hosp","quantile",0.1,475,"COVID-19"
"DE-HE","00+",2022-04-27,2022-04-17,"-10 day ahead inc hosp","quantile",0.25,487,"COVID-19"
"DE-HE","00+",2022-04-27,2022-04-17,"-10 day ahead inc hosp","quantile",0.5,506,"COVID-19"
"DE-HE","00+",2022-04-27,2022-04-17,"-10 day ahead inc hosp","quantile",0.75,531,"COVID-19"
"DE-HE","00+",2022-04-27,2022-04-17,"-10 day ahead inc hosp","quantile",0.9,559,"COVID-19"
"DE-HE","00+",2022-04-27,2022-04-17,"-10 day ahead inc hosp","quantile",0.975,597,"COVID-19"
"DE-HE","00+",2022-04-27,2022-04-16,"-11 day ahead inc hosp","mean",NA,518,"COVID-19"
"DE-HE","00+",2022-04-27,2022-04-16,"-11 day ahead inc hosp","quantile",0.025,473,"COVID-19"
"DE-HE","00+",2022-04-27,2022-04-16,"-11 day ahead inc hosp","quantile",0.1,482,"COVID-19"
"DE-HE","00+",2022-04-27,2022-04-16,"-11 day ahead inc hosp","quantile",0.25,494,"COVID-19"
"DE-HE","00+",2022-04-27,2022-04-16,"-11 day ahead inc hosp","quantile",0.5,512,"COVID-19"
"DE-HE","00+",2022-04-27,2022-04-16,"-11 day ahead inc hosp","quantile",0.75,536,"COVID-19"
"DE-HE","00+",2022-04-27,2022-04-16,"-11 day ahead inc hosp","quantile",0.9,563,"COVID-19"
"DE-HE","00+",2022-04-27,2022-04-16,"-11 day ahead inc hosp","quantile",0.975,601,"COVID-19"
"DE-HE","00+",2022-04-27,2022-04-15,"-12 day ahead inc hosp","mean",NA,562,"COVID-19"
"DE-HE","00+",2022-04-27,2022-04-15,"-12 day ahead inc hosp","quantile",0.025,516,"COVID-19"
"DE-HE","00+",2022-04-27,2022-04-15,"-12 day ahead inc hosp","quantile",0.1,524,"COVID-19"
"DE-HE","00+",2022-04-27,2022-04-15,"-12 day ahead inc hosp","quantile",0.25,536,"COVID-19"
"DE-HE","00+",2022-04-27,2022-04-15,"-12 day ahead inc hosp","quantile",0.5,555,"COVID-19"
"DE-HE","00+",2022-04-27,2022-04-15,"-12 day ahead inc hosp","quantile",0.75,580,"COVID-19"
"DE-HE","00+",2022-04-27,2022-04-15,"-12 day ahead inc hosp","quantile",0.9,609,"COVID-19"
"DE-HE","00+",2022-04-27,2022-04-15,"-12 day ahead inc hosp","quantile",0.975,650,"COVID-19"
"DE-HE","00+",2022-04-27,2022-04-14,"-13 day ahead inc hosp","mean",NA,570,"COVID-19"
"DE-HE","00+",2022-04-27,2022-04-14,"-13 day ahead inc hosp","quantile",0.025,527,"COVID-19"
"DE-HE","00+",2022-04-27,2022-04-14,"-13 day ahead inc hosp","quantile",0.1,534,"COVID-19"
"DE-HE","00+",2022-04-27,2022-04-14,"-13 day ahead inc hosp","quantile",0.25,545,"COVID-19"
"DE-HE","00+",2022-04-27,2022-04-14,"-13 day ahead inc hosp","quantile",0.5,562,"COVID-19"
"DE-HE","00+",2022-04-27,2022-04-14,"-13 day ahead inc hosp","quantile",0.75,587,"COVID-19"
"DE-HE","00+",2022-04-27,2022-04-14,"-13 day ahead inc hosp","quantile",0.9,615,"COVID-19"
"DE-HE","00+",2022-04-27,2022-04-14,"-13 day ahead inc hosp","quantile",0.975,654,"COVID-19"
"DE-HE","00+",2022-04-27,2022-04-13,"-14 day ahead inc hosp","mean",NA,606,"COVID-19"
"DE-HE","00+",2022-04-27,2022-04-13,"-14 day ahead inc hosp","quantile",0.025,564,"COVID-19"
"DE-HE","00+",2022-04-27,2022-04-13,"-14 day ahead inc hosp","quantile",0.1,571,"COVID-19"
"DE-HE","00+",2022-04-27,2022-04-13,"-14 day ahead inc hosp","quantile",0.25,582,"COVID-19"
"DE-HE","00+",2022-04-27,2022-04-13,"-14 day ahead inc hosp","quantile",0.5,599,"COVID-19"
"DE-HE","00+",2022-04-27,2022-04-13,"-14 day ahead inc hosp","quantile",0.75,623,"COVID-19"
"DE-HE","00+",2022-04-27,2022-04-13,"-14 day ahead inc hosp","quantile",0.9,651,"COVID-19"
"DE-HE","00+",2022-04-27,2022-04-13,"-14 day ahead inc hosp","quantile",0.975,690,"COVID-19"
"DE-HE","00+",2022-04-27,2022-04-12,"-15 day ahead inc hosp","mean",NA,616,"COVID-19"
"DE-HE","00+",2022-04-27,2022-04-12,"-15 day ahead inc hosp","quantile",0.025,577,"COVID-19"
"DE-HE","00+",2022-04-27,2022-04-12,"-15 day ahead inc hosp","quantile",0.1,584,"COVID-19"
"DE-HE","00+",2022-04-27,2022-04-12,"-15 day ahead inc hosp","quantile",0.25,593,"COVID-19"
"DE-HE","00+",2022-04-27,2022-04-12,"-15 day ahead inc hosp","quantile",0.5,609,"COVID-19"
"DE-HE","00+",2022-04-27,2022-04-12,"-15 day ahead inc hosp","quantile",0.75,632,"COVID-19"
"DE-HE","00+",2022-04-27,2022-04-12,"-15 day ahead inc hosp","quantile",0.9,658,"COVID-19"
"DE-HE","00+",2022-04-27,2022-04-12,"-15 day ahead inc hosp","quantile",0.975,696,"COVID-19"
"DE-HE","00+",2022-04-27,2022-04-11,"-16 day ahead inc hosp","mean",NA,594,"COVID-19"
"DE-HE","00+",2022-04-27,2022-04-11,"-16 day ahead inc hosp","quantile",0.025,559,"COVID-19"
"DE-HE","00+",2022-04-27,2022-04-11,"-16 day ahead inc hosp","quantile",0.1,565,"COVID-19"
"DE-HE","00+",2022-04-27,2022-04-11,"-16 day ahead inc hosp","quantile",0.25,573,"COVID-19"
"DE-HE","00+",2022-04-27,2022-04-11,"-16 day ahead inc hosp","quantile",0.5,587,"COVID-19"
"DE-HE","00+",2022-04-27,2022-04-11,"-16 day ahead inc hosp","quantile",0.75,607,"COVID-19"
"DE-HE","00+",2022-04-27,2022-04-11,"-16 day ahead inc hosp","quantile",0.9,632,"COVID-19"
"DE-HE","00+",2022-04-27,2022-04-11,"-16 day ahead inc hosp","quantile",0.975,666,"COVID-19"
"DE-HE","00+",2022-04-27,2022-04-10,"-17 day ahead inc hosp","mean",NA,586,"COVID-19"
"DE-HE","00+",2022-04-27,2022-04-10,"-17 day ahead inc hosp","quantile",0.025,553,"COVID-19"
"DE-HE","00+",2022-04-27,2022-04-10,"-17 day ahead inc hosp","quantile",0.1,558,"COVID-19"
"DE-HE","00+",2022-04-27,2022-04-10,"-17 day ahead inc hosp","quantile",0.25,566,"COVID-19"
"DE-HE","00+",2022-04-27,2022-04-10,"-17 day ahead inc hosp","quantile",0.5,579,"COVID-19"
"DE-HE","00+",2022-04-27,2022-04-10,"-17 day ahead inc hosp","quantile",0.75,599,"COVID-19"
"DE-HE","00+",2022-04-27,2022-04-10,"-17 day ahead inc hosp","quantile",0.9,623,"COVID-19"
"DE-HE","00+",2022-04-27,2022-04-10,"-17 day ahead inc hosp","quantile",0.975,657,"COVID-19"
"DE-HE","00+",2022-04-27,2022-04-09,"-18 day ahead inc hosp","mean",NA,587,"COVID-19"
"DE-HE","00+",2022-04-27,2022-04-09,"-18 day ahead inc hosp","quantile",0.025,555,"COVID-19"
"DE-HE","00+",2022-04-27,2022-04-09,"-18 day ahead inc hosp","quantile",0.1,560,"COVID-19"
"DE-HE","00+",2022-04-27,2022-04-09,"-18 day ahead inc hosp","quantile",0.25,567,"COVID-19"
"DE-HE","00+",2022-04-27,2022-04-09,"-18 day ahead inc hosp","quantile",0.5,580,"COVID-19"
"DE-HE","00+",2022-04-27,2022-04-09,"-18 day ahead inc hosp","quantile",0.75,600,"COVID-19"
"DE-HE","00+",2022-04-27,2022-04-09,"-18 day ahead inc hosp","quantile",0.9,623,"COVID-19"
"DE-HE","00+",2022-04-27,2022-04-09,"-18 day ahead inc hosp","quantile",0.975,657,"COVID-19"
"DE-HE","00+",2022-04-27,2022-04-08,"-19 day ahead inc hosp","mean",NA,608,"COVID-19"
"DE-HE","00+",2022-04-27,2022-04-08,"-19 day ahead inc hosp","quantile",0.025,577,"COVID-19"
"DE-HE","00+",2022-04-27,2022-04-08,"-19 day ahead inc hosp","quantile",0.1,581,"COVID-19"
"DE-HE","00+",2022-04-27,2022-04-08,"-19 day ahead inc hosp","quantile",0.25,588,"COVID-19"
"DE-HE","00+",2022-04-27,2022-04-08,"-19 day ahead inc hosp","quantile",0.5,601,"COVID-19"
"DE-HE","00+",2022-04-27,2022-04-08,"-19 day ahead inc hosp","quantile",0.75,620,"COVID-19"
"DE-HE","00+",2022-04-27,2022-04-08,"-19 day ahead inc hosp","quantile",0.9,643,"COVID-19"
"DE-HE","00+",2022-04-27,2022-04-08,"-19 day ahead inc hosp","quantile",0.975,676,"COVID-19"
"DE-HE","00+",2022-04-27,2022-04-07,"-20 day ahead inc hosp","mean",NA,628,"COVID-19"
"DE-HE","00+",2022-04-27,2022-04-07,"-20 day ahead inc hosp","quantile",0.025,600,"COVID-19"
"DE-HE","00+",2022-04-27,2022-04-07,"-20 day ahead inc hosp","quantile",0.1,604,"COVID-19"
"DE-HE","00+",2022-04-27,2022-04-07,"-20 day ahead inc hosp","quantile",0.25,610,"COVID-19"
"DE-HE","00+",2022-04-27,2022-04-07,"-20 day ahead inc hosp","quantile",0.5,622,"COVID-19"
"DE-HE","00+",2022-04-27,2022-04-07,"-20 day ahead inc hosp","quantile",0.75,640,"COVID-19"
"DE-HE","00+",2022-04-27,2022-04-07,"-20 day ahead inc hosp","quantile",0.9,662,"COVID-19"
"DE-HE","00+",2022-04-27,2022-04-07,"-20 day ahead inc hosp","quantile",0.975,693,"COVID-19"
"DE-HE","00+",2022-04-27,2022-04-06,"-21 day ahead inc hosp","mean",NA,640,"COVID-19"
"DE-HE","00+",2022-04-27,2022-04-06,"-21 day ahead inc hosp","quantile",0.025,613,"COVID-19"
"DE-HE","00+",2022-04-27,2022-04-06,"-21 day ahead inc hosp","quantile",0.1,617,"COVID-19"
"DE-HE","00+",2022-04-27,2022-04-06,"-21 day ahead inc hosp","quantile",0.25,623,"COVID-19"
"DE-HE","00+",2022-04-27,2022-04-06,"-21 day ahead inc hosp","quantile",0.5,634,"COVID-19"
"DE-HE","00+",2022-04-27,2022-04-06,"-21 day ahead inc hosp","quantile",0.75,651,"COVID-19"
"DE-HE","00+",2022-04-27,2022-04-06,"-21 day ahead inc hosp","quantile",0.9,671,"COVID-19"
"DE-HE","00+",2022-04-27,2022-04-06,"-21 day ahead inc hosp","quantile",0.975,700,"COVID-19"
"DE-HE","00+",2022-04-27,2022-04-05,"-22 day ahead inc hosp","mean",NA,657,"COVID-19"
"DE-HE","00+",2022-04-27,2022-04-05,"-22 day ahead inc hosp","quantile",0.025,632,"COVID-19"
"DE-HE","00+",2022-04-27,2022-04-05,"-22 day ahead inc hosp","quantile",0.1,635,"COVID-19"
"DE-HE","00+",2022-04-27,2022-04-05,"-22 day ahead inc hosp","quantile",0.25,641,"COVID-19"
"DE-HE","00+",2022-04-27,2022-04-05,"-22 day ahead inc hosp","quantile",0.5,651,"COVID-19"
"DE-HE","00+",2022-04-27,2022-04-05,"-22 day ahead inc hosp","quantile",0.75,667,"COVID-19"
"DE-HE","00+",2022-04-27,2022-04-05,"-22 day ahead inc hosp","quantile",0.9,686,"COVID-19"
"DE-HE","00+",2022-04-27,2022-04-05,"-22 day ahead inc hosp","quantile",0.975,713,"COVID-19"
"DE-HE","00+",2022-04-27,2022-04-04,"-23 day ahead inc hosp","mean",NA,720,"COVID-19"
"DE-HE","00+",2022-04-27,2022-04-04,"-23 day ahead inc hosp","quantile",0.025,696,"COVID-19"
"DE-HE","00+",2022-04-27,2022-04-04,"-23 day ahead inc hosp","quantile",0.1,699,"COVID-19"
"DE-HE","00+",2022-04-27,2022-04-04,"-23 day ahead inc hosp","quantile",0.25,705,"COVID-19"
"DE-HE","00+",2022-04-27,2022-04-04,"-23 day ahead inc hosp","quantile",0.5,715,"COVID-19"
"DE-HE","00+",2022-04-27,2022-04-04,"-23 day ahead inc hosp","quantile",0.75,730,"COVID-19"
"DE-HE","00+",2022-04-27,2022-04-04,"-23 day ahead inc hosp","quantile",0.9,749,"COVID-19"
"DE-HE","00+",2022-04-27,2022-04-04,"-23 day ahead inc hosp","quantile",0.975,776,"COVID-19"
"DE-HE","00+",2022-04-27,2022-04-03,"-24 day ahead inc hosp","mean",NA,733,"COVID-19"
"DE-HE","00+",2022-04-27,2022-04-03,"-24 day ahead inc hosp","quantile",0.025,709,"COVID-19"
"DE-HE","00+",2022-04-27,2022-04-03,"-24 day ahead inc hosp","quantile",0.1,712,"COVID-19"
"DE-HE","00+",2022-04-27,2022-04-03,"-24 day ahead inc hosp","quantile",0.25,718,"COVID-19"
"DE-HE","00+",2022-04-27,2022-04-03,"-24 day ahead inc hosp","quantile",0.5,727,"COVID-19"
"DE-HE","00+",2022-04-27,2022-04-03,"-24 day ahead inc hosp","quantile",0.75,743,"COVID-19"
"DE-HE","00+",2022-04-27,2022-04-03,"-24 day ahead inc hosp","quantile",0.9,761,"COVID-19"
"DE-HE","00+",2022-04-27,2022-04-03,"-24 day ahead inc hosp","quantile",0.975,788,"COVID-19"
"DE-HE","00+",2022-04-27,2022-04-02,"-25 day ahead inc hosp","mean",NA,761,"COVID-19"
"DE-HE","00+",2022-04-27,2022-04-02,"-25 day ahead inc hosp","quantile",0.025,738,"COVID-19"
"DE-HE","00+",2022-04-27,2022-04-02,"-25 day ahead inc hosp","quantile",0.1,741,"COVID-19"
"DE-HE","00+",2022-04-27,2022-04-02,"-25 day ahead inc hosp","quantile",0.25,746,"COVID-19"
"DE-HE","00+",2022-04-27,2022-04-02,"-25 day ahead inc hosp","quantile",0.5,756,"COVID-19"
"DE-HE","00+",2022-04-27,2022-04-02,"-25 day ahead inc hosp","quantile",0.75,771,"COVID-19"
"DE-HE","00+",2022-04-27,2022-04-02,"-25 day ahead inc hosp","quantile",0.9,789,"COVID-19"
"DE-HE","00+",2022-04-27,2022-04-02,"-25 day ahead inc hosp","quantile",0.975,815,"COVID-19"
"DE-HE","00+",2022-04-27,2022-04-01,"-26 day ahead inc hosp","mean",NA,783,"COVID-19"
"DE-HE","00+",2022-04-27,2022-04-01,"-26 day ahead inc hosp","quantile",0.025,761,"COVID-19"
"DE-HE","00+",2022-04-27,2022-04-01,"-26 day ahead inc hosp","quantile",0.1,763,"COVID-19"
"DE-HE","00+",2022-04-27,2022-04-01,"-26 day ahead inc hosp","quantile",0.25,768,"COVID-19"
"DE-HE","00+",2022-04-27,2022-04-01,"-26 day ahead inc hosp","quantile",0.5,777,"COVID-19"
"DE-HE","00+",2022-04-27,2022-04-01,"-26 day ahead inc hosp","quantile",0.75,791,"COVID-19"
"DE-HE","00+",2022-04-27,2022-04-01,"-26 day ahead inc hosp","quantile",0.9,808,"COVID-19"
"DE-HE","00+",2022-04-27,2022-04-01,"-26 day ahead inc hosp","quantile",0.975,833,"COVID-19"
"DE-HE","00+",2022-04-27,2022-03-31,"-27 day ahead inc hosp","mean",NA,786,"COVID-19"
"DE-HE","00+",2022-04-27,2022-03-31,"-27 day ahead inc hosp","quantile",0.025,767,"COVID-19"
"DE-HE","00+",2022-04-27,2022-03-31,"-27 day ahead inc hosp","quantile",0.1,769,"COVID-19"
"DE-HE","00+",2022-04-27,2022-03-31,"-27 day ahead inc hosp","quantile",0.25,773,"COVID-19"
"DE-HE","00+",2022-04-27,2022-03-31,"-27 day ahead inc hosp","quantile",0.5,781,"COVID-19"
"DE-HE","00+",2022-04-27,2022-03-31,"-27 day ahead inc hosp","quantile",0.75,794,"COVID-19"
"DE-HE","00+",2022-04-27,2022-03-31,"-27 day ahead inc hosp","quantile",0.9,810,"COVID-19"
"DE-HE","00+",2022-04-27,2022-03-31,"-27 day ahead inc hosp","quantile",0.975,833,"COVID-19"
"DE-HE","00+",2022-04-27,2022-03-30,"-28 day ahead inc hosp","mean",NA,792,"COVID-19"
"DE-HE","00+",2022-04-27,2022-03-30,"-28 day ahead inc hosp","quantile",0.025,774,"COVID-19"
"DE-HE","00+",2022-04-27,2022-03-30,"-28 day ahead inc hosp","quantile",0.1,776,"COVID-19"
"DE-HE","00+",2022-04-27,2022-03-30,"-28 day ahead inc hosp","quantile",0.25,780,"COVID-19"
"DE-HE","00+",2022-04-27,2022-03-30,"-28 day ahead inc hosp","quantile",0.5,788,"COVID-19"
"DE-HE","00+",2022-04-27,2022-03-30,"-28 day ahead inc hosp","quantile",0.75,799,"COVID-19"
"DE-HE","00+",2022-04-27,2022-03-30,"-28 day ahead inc hosp","quantile",0.9,814,"COVID-19"
"DE-HE","00+",2022-04-27,2022-03-30,"-28 day ahead inc hosp","quantile",0.975,835,"COVID-19"
"DE-HH","00+",2022-04-27,2022-04-27,"0 day ahead inc hosp","mean",NA,718,"COVID-19"
"DE-HH","00+",2022-04-27,2022-04-27,"0 day ahead inc hosp","quantile",0.025,177,"COVID-19"
"DE-HH","00+",2022-04-27,2022-04-27,"0 day ahead inc hosp","quantile",0.1,272,"COVID-19"
"DE-HH","00+",2022-04-27,2022-04-27,"0 day ahead inc hosp","quantile",0.25,406,"COVID-19"
"DE-HH","00+",2022-04-27,2022-04-27,"0 day ahead inc hosp","quantile",0.5,625,"COVID-19"
"DE-HH","00+",2022-04-27,2022-04-27,"0 day ahead inc hosp","quantile",0.75,929,"COVID-19"
"DE-HH","00+",2022-04-27,2022-04-27,"0 day ahead inc hosp","quantile",0.9,1284,"COVID-19"
"DE-HH","00+",2022-04-27,2022-04-27,"0 day ahead inc hosp","quantile",0.975,1778,"COVID-19"
"DE-HH","00+",2022-04-27,2022-04-26,"-1 day ahead inc hosp","mean",NA,195,"COVID-19"
"DE-HH","00+",2022-04-27,2022-04-26,"-1 day ahead inc hosp","quantile",0.025,132,"COVID-19"
"DE-HH","00+",2022-04-27,2022-04-26,"-1 day ahead inc hosp","quantile",0.1,143,"COVID-19"
"DE-HH","00+",2022-04-27,2022-04-26,"-1 day ahead inc hosp","quantile",0.25,158,"COVID-19"
"DE-HH","00+",2022-04-27,2022-04-26,"-1 day ahead inc hosp","quantile",0.5,184,"COVID-19"
"DE-HH","00+",2022-04-27,2022-04-26,"-1 day ahead inc hosp","quantile",0.75,220,"COVID-19"
"DE-HH","00+",2022-04-27,2022-04-26,"-1 day ahead inc hosp","quantile",0.9,262,"COVID-19"
"DE-HH","00+",2022-04-27,2022-04-26,"-1 day ahead inc hosp","quantile",0.975,322,"COVID-19"
"DE-HH","00+",2022-04-27,2022-04-25,"-2 day ahead inc hosp","mean",NA,165,"COVID-19"
"DE-HH","00+",2022-04-27,2022-04-25,"-2 day ahead inc hosp","quantile",0.025,119,"COVID-19"
"DE-HH","00+",2022-04-27,2022-04-25,"-2 day ahead inc hosp","quantile",0.1,127,"COVID-19"
"DE-HH","00+",2022-04-27,2022-04-25,"-2 day ahead inc hosp","quantile",0.25,138,"COVID-19"
"DE-HH","00+",2022-04-27,2022-04-25,"-2 day ahead inc hosp","quantile",0.5,156,"COVID-19"
"DE-HH","00+",2022-04-27,2022-04-25,"-2 day ahead inc hosp","quantile",0.75,183,"COVID-19"
"DE-HH","00+",2022-04-27,2022-04-25,"-2 day ahead inc hosp","quantile",0.9,214,"COVID-19"
"DE-HH","00+",2022-04-27,2022-04-25,"-2 day ahead inc hosp","quantile",0.975,258,"COVID-19"
"DE-HH","00+",2022-04-27,2022-04-24,"-3 day ahead inc hosp","mean",NA,151,"COVID-19"
"DE-HH","00+",2022-04-27,2022-04-24,"-3 day ahead inc hosp","quantile",0.025,111,"COVID-19"
"DE-HH","00+",2022-04-27,2022-04-24,"-3 day ahead inc hosp","quantile",0.1,118,"COVID-19"
"DE-HH","00+",2022-04-27,2022-04-24,"-3 day ahead inc hosp","quantile",0.25,127,"COVID-19"
"DE-HH","00+",2022-04-27,2022-04-24,"-3 day ahead inc hosp","quantile",0.5,143,"COVID-19"
"DE-HH","00+",2022-04-27,2022-04-24,"-3 day ahead inc hosp","quantile",0.75,167,"COVID-19"
"DE-HH","00+",2022-04-27,2022-04-24,"-3 day ahead inc hosp","quantile",0.9,194,"COVID-19"
"DE-HH","00+",2022-04-27,2022-04-24,"-3 day ahead inc hosp","quantile",0.975,233,"COVID-19"
"DE-HH","00+",2022-04-27,2022-04-23,"-4 day ahead inc hosp","mean",NA,148,"COVID-19"
"DE-HH","00+",2022-04-27,2022-04-23,"-4 day ahead inc hosp","quantile",0.025,110,"COVID-19"
"DE-HH","00+",2022-04-27,2022-04-23,"-4 day ahead inc hosp","quantile",0.1,116,"COVID-19"
"DE-HH","00+",2022-04-27,2022-04-23,"-4 day ahead inc hosp","quantile",0.25,125,"COVID-19"
"DE-HH","00+",2022-04-27,2022-04-23,"-4 day ahead inc hosp","quantile",0.5,141,"COVID-19"
"DE-HH","00+",2022-04-27,2022-04-23,"-4 day ahead inc hosp","quantile",0.75,163,"COVID-19"
"DE-HH","00+",2022-04-27,2022-04-23,"-4 day ahead inc hosp","quantile",0.9,189,"COVID-19"
"DE-HH","00+",2022-04-27,2022-04-23,"-4 day ahead inc hosp","quantile",0.975,226,"COVID-19"
"DE-HH","00+",2022-04-27,2022-04-22,"-5 day ahead inc hosp","mean",NA,130,"COVID-19"
"DE-HH","00+",2022-04-27,2022-04-22,"-5 day ahead inc hosp","quantile",0.025,98,"COVID-19"
"DE-HH","00+",2022-04-27,2022-04-22,"-5 day ahead inc hosp","quantile",0.1,103,"COVID-19"
"DE-HH","00+",2022-04-27,2022-04-22,"-5 day ahead inc hosp","quantile",0.25,111,"COVID-19"
"DE-HH","00+",2022-04-27,2022-04-22,"-5 day ahead inc hosp","quantile",0.5,124,"COVID-19"
"DE-HH","00+",2022-04-27,2022-04-22,"-5 day ahead inc hosp","quantile",0.75,143,"COVID-19"
"DE-HH","00+",2022-04-27,2022-04-22,"-5 day ahead inc hosp","quantile",0.9,165,"COVID-19"
"DE-HH","00+",2022-04-27,2022-04-22,"-5 day ahead inc hosp","quantile",0.975,196,"COVID-19"
"DE-HH","00+",2022-04-27,2022-04-21,"-6 day ahead inc hosp","mean",NA,101,"COVID-19"
"DE-HH","00+",2022-04-27,2022-04-21,"-6 day ahead inc hosp","quantile",0.025,78,"COVID-19"
"DE-HH","00+",2022-04-27,2022-04-21,"-6 day ahead inc hosp","quantile",0.1,82,"COVID-19"
"DE-HH","00+",2022-04-27,2022-04-21,"-6 day ahead inc hosp","quantile",0.25,87,"COVID-19"
"DE-HH","00+",2022-04-27,2022-04-21,"-6 day ahead inc hosp","quantile",0.5,97,"COVID-19"
"DE-HH","00+",2022-04-27,2022-04-21,"-6 day ahead inc hosp","quantile",0.75,111,"COVID-19"
"DE-HH","00+",2022-04-27,2022-04-21,"-6 day ahead inc hosp","quantile",0.9,127,"COVID-19"
"DE-HH","00+",2022-04-27,2022-04-21,"-6 day ahead inc hosp","quantile",0.975,150,"COVID-19"
"DE-HH","00+",2022-04-27,2022-04-20,"-7 day ahead inc hosp","mean",NA,86,"COVID-19"
"DE-HH","00+",2022-04-27,2022-04-20,"-7 day ahead inc hosp","quantile",0.025,68,"COVID-19"
"DE-HH","00+",2022-04-27,2022-04-20,"-7 day ahead inc hosp","quantile",0.1,71,"COVID-19"
"DE-HH","00+",2022-04-27,2022-04-20,"-7 day ahead inc hosp","quantile",0.25,75,"COVID-19"
"DE-HH","00+",2022-04-27,2022-04-20,"-7 day ahead inc hosp","quantile",0.5,83,"COVID-19"
"DE-HH","00+",2022-04-27,2022-04-20,"-7 day ahead inc hosp","quantile",0.75,93,"COVID-19"
"DE-HH","00+",2022-04-27,2022-04-20,"-7 day ahead inc hosp","quantile",0.9,106,"COVID-19"
"DE-HH","00+",2022-04-27,2022-04-20,"-7 day ahead inc hosp","quantile",0.975,124,"COVID-19"
"DE-HH","00+",2022-04-27,2022-04-19,"-8 day ahead inc hosp","mean",NA,73,"COVID-19"
"DE-HH","00+",2022-04-27,2022-04-19,"-8 day ahead inc hosp","quantile",0.025,61,"COVID-19"
"DE-HH","00+",2022-04-27,2022-04-19,"-8 day ahead inc hosp","quantile",0.1,63,"COVID-19"
"DE-HH","00+",2022-04-27,2022-04-19,"-8 day ahead inc hosp","quantile",0.25,66,"COVID-19"
"DE-HH","00+",2022-04-27,2022-04-19,"-8 day ahead inc hosp","quantile",0.5,71,"COVID-19"
"DE-HH","00+",2022-04-27,2022-04-19,"-8 day ahead inc hosp","quantile",0.75,78,"COVID-19"
"DE-HH","00+",2022-04-27,2022-04-19,"-8 day ahead inc hosp","quantile",0.9,87,"COVID-19"
"DE-HH","00+",2022-04-27,2022-04-19,"-8 day ahead inc hosp","quantile",0.975,99,"COVID-19"
"DE-HH","00+",2022-04-27,2022-04-18,"-9 day ahead inc hosp","mean",NA,101,"COVID-19"
"DE-HH","00+",2022-04-27,2022-04-18,"-9 day ahead inc hosp","quantile",0.025,86,"COVID-19"
"DE-HH","00+",2022-04-27,2022-04-18,"-9 day ahead inc hosp","quantile",0.1,88,"COVID-19"
"DE-HH","00+",2022-04-27,2022-04-18,"-9 day ahead inc hosp","quantile",0.25,91,"COVID-19"
"DE-HH","00+",2022-04-27,2022-04-18,"-9 day ahead inc hosp","quantile",0.5,98,"COVID-19"
"DE-HH","00+",2022-04-27,2022-04-18,"-9 day ahead inc hosp","quantile",0.75,107,"COVID-19"
"DE-HH","00+",2022-04-27,2022-04-18,"-9 day ahead inc hosp","quantile",0.9,119,"COVID-19"
"DE-HH","00+",2022-04-27,2022-04-18,"-9 day ahead inc hosp","quantile",0.975,136,"COVID-19"
"DE-HH","00+",2022-04-27,2022-04-17,"-10 day ahead inc hosp","mean",NA,106,"COVID-19"
"DE-HH","00+",2022-04-27,2022-04-17,"-10 day ahead inc hosp","quantile",0.025,89,"COVID-19"
"DE-HH","00+",2022-04-27,2022-04-17,"-10 day ahead inc hosp","quantile",0.1,92,"COVID-19"
"DE-HH","00+",2022-04-27,2022-04-17,"-10 day ahead inc hosp","quantile",0.25,95,"COVID-19"
"DE-HH","00+",2022-04-27,2022-04-17,"-10 day ahead inc hosp","quantile",0.5,102,"COVID-19"
"DE-HH","00+",2022-04-27,2022-04-17,"-10 day ahead inc hosp","quantile",0.75,112,"COVID-19"
"DE-HH","00+",2022-04-27,2022-04-17,"-10 day ahead inc hosp","quantile",0.9,125,"COVID-19"
"DE-HH","00+",2022-04-27,2022-04-17,"-10 day ahead inc hosp","quantile",0.975,143,"COVID-19"
"DE-HH","00+",2022-04-27,2022-04-16,"-11 day ahead inc hosp","mean",NA,103,"COVID-19"
"DE-HH","00+",2022-04-27,2022-04-16,"-11 day ahead inc hosp","quantile",0.025,87,"COVID-19"
"DE-HH","00+",2022-04-27,2022-04-16,"-11 day ahead inc hosp","quantile",0.1,89,"COVID-19"
"DE-HH","00+",2022-04-27,2022-04-16,"-11 day ahead inc hosp","quantile",0.25,92,"COVID-19"
"DE-HH","00+",2022-04-27,2022-04-16,"-11 day ahead inc hosp","quantile",0.5,99,"COVID-19"
"DE-HH","00+",2022-04-27,2022-04-16,"-11 day ahead inc hosp","quantile",0.75,109,"COVID-19"
"DE-HH","00+",2022-04-27,2022-04-16,"-11 day ahead inc hosp","quantile",0.9,122,"COVID-19"
"DE-HH","00+",2022-04-27,2022-04-16,"-11 day ahead inc hosp","quantile",0.975,141,"COVID-19"
"DE-HH","00+",2022-04-27,2022-04-15,"-12 day ahead inc hosp","mean",NA,124,"COVID-19"
"DE-HH","00+",2022-04-27,2022-04-15,"-12 day ahead inc hosp","quantile",0.025,106,"COVID-19"
"DE-HH","00+",2022-04-27,2022-04-15,"-12 day ahead inc hosp","quantile",0.1,108,"COVID-19"
"DE-HH","00+",2022-04-27,2022-04-15,"-12 day ahead inc hosp","quantile",0.25,112,"COVID-19"
"DE-HH","00+",2022-04-27,2022-04-15,"-12 day ahead inc hosp","quantile",0.5,119,"COVID-19"
"DE-HH","00+",2022-04-27,2022-04-15,"-12 day ahead inc hosp","quantile",0.75,131,"COVID-19"
"DE-HH","00+",2022-04-27,2022-04-15,"-12 day ahead inc hosp","quantile",0.9,146,"COVID-19"
"DE-HH","00+",2022-04-27,2022-04-15,"-12 day ahead inc hosp","quantile",0.975,169,"COVID-19"
"DE-HH","00+",2022-04-27,2022-04-14,"-13 day ahead inc hosp","mean",NA,139,"COVID-19"
"DE-HH","00+",2022-04-27,2022-04-14,"-13 day ahead inc hosp","quantile",0.025,120,"COVID-19"
"DE-HH","00+",2022-04-27,2022-04-14,"-13 day ahead inc hosp","quantile",0.1,122,"COVID-19"
"DE-HH","00+",2022-04-27,2022-04-14,"-13 day ahead inc hosp","quantile",0.25,126,"COVID-19"
"DE-HH","00+",2022-04-27,2022-04-14,"-13 day ahead inc hosp","quantile",0.5,134,"COVID-19"
"DE-HH","00+",2022-04-27,2022-04-14,"-13 day ahead inc hosp","quantile",0.75,147,"COVID-19"
"DE-HH","00+",2022-04-27,2022-04-14,"-13 day ahead inc hosp","quantile",0.9,163,"COVID-19"
"DE-HH","00+",2022-04-27,2022-04-14,"-13 day ahead inc hosp","quantile",0.975,188,"COVID-19"
"DE-HH","00+",2022-04-27,2022-04-13,"-14 day ahead inc hosp","mean",NA,147,"COVID-19"
"DE-HH","00+",2022-04-27,2022-04-13,"-14 day ahead inc hosp","quantile",0.025,128,"COVID-19"
"DE-HH","00+",2022-04-27,2022-04-13,"-14 day ahead inc hosp","quantile",0.1,130,"COVID-19"
"DE-HH","00+",2022-04-27,2022-04-13,"-14 day ahead inc hosp","quantile",0.25,133,"COVID-19"
"DE-HH","00+",2022-04-27,2022-04-13,"-14 day ahead inc hosp","quantile",0.5,141,"COVID-19"
"DE-HH","00+",2022-04-27,2022-04-13,"-14 day ahead inc hosp","quantile",0.75,154,"COVID-19"
"DE-HH","00+",2022-04-27,2022-04-13,"-14 day ahead inc hosp","quantile",0.9,171,"COVID-19"
"DE-HH","00+",2022-04-27,2022-04-13,"-14 day ahead inc hosp","quantile",0.975,196,"COVID-19"
"DE-HH","00+",2022-04-27,2022-04-12,"-15 day ahead inc hosp","mean",NA,139,"COVID-19"
"DE-HH","00+",2022-04-27,2022-04-12,"-15 day ahead inc hosp","quantile",0.025,123,"COVID-19"
"DE-HH","00+",2022-04-27,2022-04-12,"-15 day ahead inc hosp","quantile",0.1,124,"COVID-19"
"DE-HH","00+",2022-04-27,2022-04-12,"-15 day ahead inc hosp","quantile",0.25,127,"COVID-19"
"DE-HH","00+",2022-04-27,2022-04-12,"-15 day ahead inc hosp","quantile",0.5,134,"COVID-19"
"DE-HH","00+",2022-04-27,2022-04-12,"-15 day ahead inc hosp","quantile",0.75,145,"COVID-19"
"DE-HH","00+",2022-04-27,2022-04-12,"-15 day ahead inc hosp","quantile",0.9,160,"COVID-19"
"DE-HH","00+",2022-04-27,2022-04-12,"-15 day ahead inc hosp","quantile",0.975,182,"COVID-19"
"DE-HH","00+",2022-04-27,2022-04-11,"-16 day ahead inc hosp","mean",NA,140,"COVID-19"
"DE-HH","00+",2022-04-27,2022-04-11,"-16 day ahead inc hosp","quantile",0.025,126,"COVID-19"
"DE-HH","00+",2022-04-27,2022-04-11,"-16 day ahead inc hosp","quantile",0.1,127,"COVID-19"
"DE-HH","00+",2022-04-27,2022-04-11,"-16 day ahead inc hosp","quantile",0.25,130,"COVID-19"
"DE-HH","00+",2022-04-27,2022-04-11,"-16 day ahead inc hosp","quantile",0.5,136,"COVID-19"
"DE-HH","00+",2022-04-27,2022-04-11,"-16 day ahead inc hosp","quantile",0.75,146,"COVID-19"
"DE-HH","00+",2022-04-27,2022-04-11,"-16 day ahead inc hosp","quantile",0.9,159,"COVID-19"
"DE-HH","00+",2022-04-27,2022-04-11,"-16 day ahead inc hosp","quantile",0.975,179,"COVID-19"
"DE-HH","00+",2022-04-27,2022-04-10,"-17 day ahead inc hosp","mean",NA,138,"COVID-19"
"DE-HH","00+",2022-04-27,2022-04-10,"-17 day ahead inc hosp","quantile",0.025,124,"COVID-19"
"DE-HH","00+",2022-04-27,2022-04-10,"-17 day ahead inc hosp","quantile",0.1,125,"COVID-19"
"DE-HH","00+",2022-04-27,2022-04-10,"-17 day ahead inc hosp","quantile",0.25,128,"COVID-19"
"DE-HH","00+",2022-04-27,2022-04-10,"-17 day ahead inc hosp","quantile",0.5,133,"COVID-19"
"DE-HH","00+",2022-04-27,2022-04-10,"-17 day ahead inc hosp","quantile",0.75,143,"COVID-19"
"DE-HH","00+",2022-04-27,2022-04-10,"-17 day ahead inc hosp","quantile",0.9,156,"COVID-19"
"DE-HH","00+",2022-04-27,2022-04-10,"-17 day ahead inc hosp","quantile",0.975,175,"COVID-19"
"DE-HH","00+",2022-04-27,2022-04-09,"-18 day ahead inc hosp","mean",NA,145,"COVID-19"
"DE-HH","00+",2022-04-27,2022-04-09,"-18 day ahead inc hosp","quantile",0.025,131,"COVID-19"
"DE-HH","00+",2022-04-27,2022-04-09,"-18 day ahead inc hosp","quantile",0.1,132,"COVID-19"
"DE-HH","00+",2022-04-27,2022-04-09,"-18 day ahead inc hosp","quantile",0.25,135,"COVID-19"
"DE-HH","00+",2022-04-27,2022-04-09,"-18 day ahead inc hosp","quantile",0.5,141,"COVID-19"
"DE-HH","00+",2022-04-27,2022-04-09,"-18 day ahead inc hosp","quantile",0.75,151,"COVID-19"
"DE-HH","00+",2022-04-27,2022-04-09,"-18 day ahead inc hosp","quantile",0.9,164,"COVID-19"
"DE-HH","00+",2022-04-27,2022-04-09,"-18 day ahead inc hosp","quantile",0.975,183,"COVID-19"
"DE-HH","00+",2022-04-27,2022-04-08,"-19 day ahead inc hosp","mean",NA,133,"COVID-19"
"DE-HH","00+",2022-04-27,2022-04-08,"-19 day ahead inc hosp","quantile",0.025,121,"COVID-19"
"DE-HH","00+",2022-04-27,2022-04-08,"-19 day ahead inc hosp","quantile",0.1,122,"COVID-19"
"DE-HH","00+",2022-04-27,2022-04-08,"-19 day ahead inc hosp","quantile",0.25,124,"COVID-19"
"DE-HH","00+",2022-04-27,2022-04-08,"-19 day ahead inc hosp","quantile",0.5,129,"COVID-19"
"DE-HH","00+",2022-04-27,2022-04-08,"-19 day ahead inc hosp","quantile",0.75,138,"COVID-19"
"DE-HH","00+",2022-04-27,2022-04-08,"-19 day ahead inc hosp","quantile",0.9,149,"COVID-19"
"DE-HH","00+",2022-04-27,2022-04-08,"-19 day ahead inc hosp","quantile",0.975,166,"COVID-19"
"DE-HH","00+",2022-04-27,2022-04-07,"-20 day ahead inc hosp","mean",NA,130,"COVID-19"
"DE-HH","00+",2022-04-27,2022-04-07,"-20 day ahead inc hosp","quantile",0.025,119,"COVID-19"
"DE-HH","00+",2022-04-27,2022-04-07,"-20 day ahead inc hosp","quantile",0.1,120,"COVID-19"
"DE-HH","00+",2022-04-27,2022-04-07,"-20 day ahead inc hosp","quantile",0.25,122,"COVID-19"
"DE-HH","00+",2022-04-27,2022-04-07,"-20 day ahead inc hosp","quantile",0.5,126,"COVID-19"
"DE-HH","00+",2022-04-27,2022-04-07,"-20 day ahead inc hosp","quantile",0.75,134,"COVID-19"
"DE-HH","00+",2022-04-27,2022-04-07,"-20 day ahead inc hosp","quantile",0.9,144,"COVID-19"
"DE-HH","00+",2022-04-27,2022-04-07,"-20 day ahead inc hosp","quantile",0.975,159,"COVID-19"
"DE-HH","00+",2022-04-27,2022-04-06,"-21 day ahead inc hosp","mean",NA,120,"COVID-19"
"DE-HH","00+",2022-04-27,2022-04-06,"-21 day ahead inc hosp","quantile",0.025,111,"COVID-19"
"DE-HH","00+",2022-04-27,2022-04-06,"-21 day ahead inc hosp","quantile",0.1,112,"COVID-19"
"DE-HH","00+",2022-04-27,2022-04-06,"-21 day ahead inc hosp","quantile",0.25,113,"COVID-19"
"DE-HH","00+",2022-04-27,2022-04-06,"-21 day ahead inc hosp","quantile",0.5,117,"COVID-19"
"DE-HH","00+",2022-04-27,2022-04-06,"-21 day ahead inc hosp","quantile",0.75,124,"COVID-19"
"DE-HH","00+",2022-04-27,2022-04-06,"-21 day ahead inc hosp","quantile",0.9,132,"COVID-19"
"DE-HH","00+",2022-04-27,2022-04-06,"-21 day ahead inc hosp","quantile",0.975,145,"COVID-19"
"DE-HH","00+",2022-04-27,2022-04-05,"-22 day ahead inc hosp","mean",NA,125,"COVID-19"
"DE-HH","00+",2022-04-27,2022-04-05,"-22 day ahead inc hosp","quantile",0.025,116,"COVID-19"
"DE-HH","00+",2022-04-27,2022-04-05,"-22 day ahead inc hosp","quantile",0.1,117,"COVID-19"
"DE-HH","00+",2022-04-27,2022-04-05,"-22 day ahead inc hosp","quantile",0.25,118,"COVID-19"
"DE-HH","00+",2022-04-27,2022-04-05,"-22 day ahead inc hosp","quantile",0.5,122,"COVID-19"
"DE-HH","00+",2022-04-27,2022-04-05,"-22 day ahead inc hosp","quantile",0.75,128,"COVID-19"
"DE-HH","00+",2022-04-27,2022-04-05,"-22 day ahead inc hosp","quantile",0.9,136,"COVID-19"
"DE-HH","00+",2022-04-27,2022-04-05,"-22 day ahead inc hosp","quantile",0.975,148,"COVID-19"
"DE-HH","00+",2022-04-27,2022-04-04,"-23 day ahead inc hosp","mean",NA,123,"COVID-19"
"DE-HH","00+",2022-04-27,2022-04-04,"-23 day ahead inc hosp","quantile",0.025,115,"COVID-19"
"DE-HH","00+",2022-04-27,2022-04-04,"-23 day ahead inc hosp","quantile",0.1,115,"COVID-19"
"DE-HH","00+",2022-04-27,2022-04-04,"-23 day ahead inc hosp","quantile",0.25,117,"COVID-19"
"DE-HH","00+",2022-04-27,2022-04-04,"-23 day ahead inc hosp","quantile",0.5,120,"COVID-19"
"DE-HH","00+",2022-04-27,2022-04-04,"-23 day ahead inc hosp","quantile",0.75,126,"COVID-19"
"DE-HH","00+",2022-04-27,2022-04-04,"-23 day ahead inc hosp","quantile",0.9,133,"COVID-19"
"DE-HH","00+",2022-04-27,2022-04-04,"-23 day ahead inc hosp","quantile",0.975,144,"COVID-19"
"DE-HH","00+",2022-04-27,2022-04-03,"-24 day ahead inc hosp","mean",NA,131,"COVID-19"
"DE-HH","00+",2022-04-27,2022-04-03,"-24 day ahead inc hosp","quantile",0.025,123,"COVID-19"
"DE-HH","00+",2022-04-27,2022-04-03,"-24 day ahead inc hosp","quantile",0.1,124,"COVID-19"
"DE-HH","00+",2022-04-27,2022-04-03,"-24 day ahead inc hosp","quantile",0.25,125,"COVID-19"
"DE-HH","00+",2022-04-27,2022-04-03,"-24 day ahead inc hosp","quantile",0.5,129,"COVID-19"
"DE-HH","00+",2022-04-27,2022-04-03,"-24 day ahead inc hosp","quantile",0.75,135,"COVID-19"
"DE-HH","00+",2022-04-27,2022-04-03,"-24 day ahead inc hosp","quantile",0.9,142,"COVID-19"
"DE-HH","00+",2022-04-27,2022-04-03,"-24 day ahead inc hosp","quantile",0.975,154,"COVID-19"
"DE-HH","00+",2022-04-27,2022-04-02,"-25 day ahead inc hosp","mean",NA,131,"COVID-19"
"DE-HH","00+",2022-04-27,2022-04-02,"-25 day ahead inc hosp","quantile",0.025,123,"COVID-19"
"DE-HH","00+",2022-04-27,2022-04-02,"-25 day ahead inc hosp","quantile",0.1,124,"COVID-19"
"DE-HH","00+",2022-04-27,2022-04-02,"-25 day ahead inc hosp","quantile",0.25,125,"COVID-19"
"DE-HH","00+",2022-04-27,2022-04-02,"-25 day ahead inc hosp","quantile",0.5,129,"COVID-19"
"DE-HH","00+",2022-04-27,2022-04-02,"-25 day ahead inc hosp","quantile",0.75,135,"COVID-19"
"DE-HH","00+",2022-04-27,2022-04-02,"-25 day ahead inc hosp","quantile",0.9,142,"COVID-19"
"DE-HH","00+",2022-04-27,2022-04-02,"-25 day ahead inc hosp","quantile",0.975,153,"COVID-19"
"DE-HH","00+",2022-04-27,2022-04-01,"-26 day ahead inc hosp","mean",NA,146,"COVID-19"
"DE-HH","00+",2022-04-27,2022-04-01,"-26 day ahead inc hosp","quantile",0.025,137,"COVID-19"
"DE-HH","00+",2022-04-27,2022-04-01,"-26 day ahead inc hosp","quantile",0.1,138,"COVID-19"
"DE-HH","00+",2022-04-27,2022-04-01,"-26 day ahead inc hosp","quantile",0.25,140,"COVID-19"
"DE-HH","00+",2022-04-27,2022-04-01,"-26 day ahead inc hosp","quantile",0.5,143,"COVID-19"
"DE-HH","00+",2022-04-27,2022-04-01,"-26 day ahead inc hosp","quantile",0.75,150,"COVID-19"
"DE-HH","00+",2022-04-27,2022-04-01,"-26 day ahead inc hosp","quantile",0.9,158,"COVID-19"
"DE-HH","00+",2022-04-27,2022-04-01,"-26 day ahead inc hosp","quantile",0.975,169,"COVID-19"
"DE-HH","00+",2022-04-27,2022-03-31,"-27 day ahead inc hosp","mean",NA,147,"COVID-19"
"DE-HH","00+",2022-04-27,2022-03-31,"-27 day ahead inc hosp","quantile",0.025,138,"COVID-19"
"DE-HH","00+",2022-04-27,2022-03-31,"-27 day ahead inc hosp","quantile",0.1,139,"COVID-19"
"DE-HH","00+",2022-04-27,2022-03-31,"-27 day ahead inc hosp","quantile",0.25,141,"COVID-19"
"DE-HH","00+",2022-04-27,2022-03-31,"-27 day ahead inc hosp","quantile",0.5,144,"COVID-19"
"DE-HH","00+",2022-04-27,2022-03-31,"-27 day ahead inc hosp","quantile",0.75,150,"COVID-19"
"DE-HH","00+",2022-04-27,2022-03-31,"-27 day ahead inc hosp","quantile",0.9,158,"COVID-19"
"DE-HH","00+",2022-04-27,2022-03-31,"-27 day ahead inc hosp","quantile",0.975,169,"COVID-19"
"DE-HH","00+",2022-04-27,2022-03-30,"-28 day ahead inc hosp","mean",NA,162,"COVID-19"
"DE-HH","00+",2022-04-27,2022-03-30,"-28 day ahead inc hosp","quantile",0.025,152,"COVID-19"
"DE-HH","00+",2022-04-27,2022-03-30,"-28 day ahead inc hosp","quantile",0.1,153,"COVID-19"
"DE-HH","00+",2022-04-27,2022-03-30,"-28 day ahead inc hosp","quantile",0.25,155,"COVID-19"
"DE-HH","00+",2022-04-27,2022-03-30,"-28 day ahead inc hosp","quantile",0.5,159,"COVID-19"
"DE-HH","00+",2022-04-27,2022-03-30,"-28 day ahead inc hosp","quantile",0.75,165,"COVID-19"
"DE-HH","00+",2022-04-27,2022-03-30,"-28 day ahead inc hosp","quantile",0.9,173,"COVID-19"
"DE-HH","00+",2022-04-27,2022-03-30,"-28 day ahead inc hosp","quantile",0.975,184,"COVID-19"
"DE-MV","00+",2022-04-27,2022-04-27,"0 day ahead inc hosp","mean",NA,255,"COVID-19"
"DE-MV","00+",2022-04-27,2022-04-27,"0 day ahead inc hosp","quantile",0.025,197,"COVID-19"
"DE-MV","00+",2022-04-27,2022-04-27,"0 day ahead inc hosp","quantile",0.1,212,"COVID-19"
"DE-MV","00+",2022-04-27,2022-04-27,"0 day ahead inc hosp","quantile",0.25,228,"COVID-19"
"DE-MV","00+",2022-04-27,2022-04-27,"0 day ahead inc hosp","quantile",0.5,250,"COVID-19"
"DE-MV","00+",2022-04-27,2022-04-27,"0 day ahead inc hosp","quantile",0.75,277,"COVID-19"
"DE-MV","00+",2022-04-27,2022-04-27,"0 day ahead inc hosp","quantile",0.9,305,"COVID-19"
"DE-MV","00+",2022-04-27,2022-04-27,"0 day ahead inc hosp","quantile",0.975,341,"COVID-19"
"DE-MV","00+",2022-04-27,2022-04-26,"-1 day ahead inc hosp","mean",NA,248,"COVID-19"
"DE-MV","00+",2022-04-27,2022-04-26,"-1 day ahead inc hosp","quantile",0.025,205,"COVID-19"
"DE-MV","00+",2022-04-27,2022-04-26,"-1 day ahead inc hosp","quantile",0.1,216,"COVID-19"
"DE-MV","00+",2022-04-27,2022-04-26,"-1 day ahead inc hosp","quantile",0.25,228,"COVID-19"
"DE-MV","00+",2022-04-27,2022-04-26,"-1 day ahead inc hosp","quantile",0.5,245,"COVID-19"
"DE-MV","00+",2022-04-27,2022-04-26,"-1 day ahead inc hosp","quantile",0.75,265,"COVID-19"
"DE-MV","00+",2022-04-27,2022-04-26,"-1 day ahead inc hosp","quantile",0.9,285,"COVID-19"
"DE-MV","00+",2022-04-27,2022-04-26,"-1 day ahead inc hosp","quantile",0.975,312,"COVID-19"
"DE-MV","00+",2022-04-27,2022-04-25,"-2 day ahead inc hosp","mean",NA,241,"COVID-19"
"DE-MV","00+",2022-04-27,2022-04-25,"-2 day ahead inc hosp","quantile",0.025,206,"COVID-19"
"DE-MV","00+",2022-04-27,2022-04-25,"-2 day ahead inc hosp","quantile",0.1,215,"COVID-19"
"DE-MV","00+",2022-04-27,2022-04-25,"-2 day ahead inc hosp","quantile",0.25,225,"COVID-19"
"DE-MV","00+",2022-04-27,2022-04-25,"-2 day ahead inc hosp","quantile",0.5,238,"COVID-19"
"DE-MV","00+",2022-04-27,2022-04-25,"-2 day ahead inc hosp","quantile",0.75,254,"COVID-19"
"DE-MV","00+",2022-04-27,2022-04-25,"-2 day ahead inc hosp","quantile",0.9,271,"COVID-19"
"DE-MV","00+",2022-04-27,2022-04-25,"-2 day ahead inc hosp","quantile",0.975,292,"COVID-19"
"DE-MV","00+",2022-04-27,2022-04-24,"-3 day ahead inc hosp","mean",NA,227,"COVID-19"
"DE-MV","00+",2022-04-27,2022-04-24,"-3 day ahead inc hosp","quantile",0.025,197,"COVID-19"
"DE-MV","00+",2022-04-27,2022-04-24,"-3 day ahead inc hosp","quantile",0.1,205,"COVID-19"
"DE-MV","00+",2022-04-27,2022-04-24,"-3 day ahead inc hosp","quantile",0.25,214,"COVID-19"
"DE-MV","00+",2022-04-27,2022-04-24,"-3 day ahead inc hosp","quantile",0.5,225,"COVID-19"
"DE-MV","00+",2022-04-27,2022-04-24,"-3 day ahead inc hosp","quantile",0.75,238,"COVID-19"
"DE-MV","00+",2022-04-27,2022-04-24,"-3 day ahead inc hosp","quantile",0.9,252,"COVID-19"
"DE-MV","00+",2022-04-27,2022-04-24,"-3 day ahead inc hosp","quantile",0.975,270,"COVID-19"
"DE-MV","00+",2022-04-27,2022-04-23,"-4 day ahead inc hosp","mean",NA,219,"COVID-19"
"DE-MV","00+",2022-04-27,2022-04-23,"-4 day ahead inc hosp","quantile",0.025,192,"COVID-19"
"DE-MV","00+",2022-04-27,2022-04-23,"-4 day ahead inc hosp","quantile",0.1,199,"COVID-19"
"DE-MV","00+",2022-04-27,2022-04-23,"-4 day ahead inc hosp","quantile",0.25,207,"COVID-19"
"DE-MV","00+",2022-04-27,2022-04-23,"-4 day ahead inc hosp","quantile",0.5,217,"COVID-19"
"DE-MV","00+",2022-04-27,2022-04-23,"-4 day ahead inc hosp","quantile",0.75,229,"COVID-19"
"DE-MV","00+",2022-04-27,2022-04-23,"-4 day ahead inc hosp","quantile",0.9,241,"COVID-19"
"DE-MV","00+",2022-04-27,2022-04-23,"-4 day ahead inc hosp","quantile",0.975,256,"COVID-19"
"DE-MV","00+",2022-04-27,2022-04-22,"-5 day ahead inc hosp","mean",NA,214,"COVID-19"
"DE-MV","00+",2022-04-27,2022-04-22,"-5 day ahead inc hosp","quantile",0.025,191,"COVID-19"
"DE-MV","00+",2022-04-27,2022-04-22,"-5 day ahead inc hosp","quantile",0.1,197,"COVID-19"
"DE-MV","00+",2022-04-27,2022-04-22,"-5 day ahead inc hosp","quantile",0.25,204,"COVID-19"
"DE-MV","00+",2022-04-27,2022-04-22,"-5 day ahead inc hosp","quantile",0.5,213,"COVID-19"
"DE-MV","00+",2022-04-27,2022-04-22,"-5 day ahead inc hosp","quantile",0.75,223,"COVID-19"
"DE-MV","00+",2022-04-27,2022-04-22,"-5 day ahead inc hosp","quantile",0.9,234,"COVID-19"
"DE-MV","00+",2022-04-27,2022-04-22,"-5 day ahead inc hosp","quantile",0.975,248,"COVID-19"
"DE-MV","00+",2022-04-27,2022-04-21,"-6 day ahead inc hosp","mean",NA,215,"COVID-19"
"DE-MV","00+",2022-04-27,2022-04-21,"-6 day ahead inc hosp","quantile",0.025,193,"COVID-19"
"DE-MV","00+",2022-04-27,2022-04-21,"-6 day ahead inc hosp","quantile",0.1,199,"COVID-19"
"DE-MV","00+",2022-04-27,2022-04-21,"-6 day ahead inc hosp","quantile",0.25,205,"COVID-19"
"DE-MV","00+",2022-04-27,2022-04-21,"-6 day ahead inc hosp","quantile",0.5,213,"COVID-19"
"DE-MV","00+",2022-04-27,2022-04-21,"-6 day ahead inc hosp","quantile",0.75,222,"COVID-19"
"DE-MV","00+",2022-04-27,2022-04-21,"-6 day ahead inc hosp","quantile",0.9,232,"COVID-19"
"DE-MV","00+",2022-04-27,2022-04-21,"-6 day ahead inc hosp","quantile",0.975,245,"COVID-19"
"DE-MV","00+",2022-04-27,2022-04-20,"-7 day ahead inc hosp","mean",NA,206,"COVID-19"
"DE-MV","00+",2022-04-27,2022-04-20,"-7 day ahead inc hosp","quantile",0.025,188,"COVID-19"
"DE-MV","00+",2022-04-27,2022-04-20,"-7 day ahead inc hosp","quantile",0.1,193,"COVID-19"
"DE-MV","00+",2022-04-27,2022-04-20,"-7 day ahead inc hosp","quantile",0.25,198,"COVID-19"
"DE-MV","00+",2022-04-27,2022-04-20,"-7 day ahead inc hosp","quantile",0.5,205,"COVID-19"
"DE-MV","00+",2022-04-27,2022-04-20,"-7 day ahead inc hosp","quantile",0.75,213,"COVID-19"
"DE-MV","00+",2022-04-27,2022-04-20,"-7 day ahead inc hosp","quantile",0.9,221,"COVID-19"
"DE-MV","00+",2022-04-27,2022-04-20,"-7 day ahead inc hosp","quantile",0.975,232,"COVID-19"
"DE-MV","00+",2022-04-27,2022-04-19,"-8 day ahead inc hosp","mean",NA,236,"COVID-19"
"DE-MV","00+",2022-04-27,2022-04-19,"-8 day ahead inc hosp","quantile",0.025,217,"COVID-19"
"DE-MV","00+",2022-04-27,2022-04-19,"-8 day ahead inc hosp","quantile",0.1,222,"COVID-19"
"DE-MV","00+",2022-04-27,2022-04-19,"-8 day ahead inc hosp","quantile",0.25,227,"COVID-19"
"DE-MV","00+",2022-04-27,2022-04-19,"-8 day ahead inc hosp","quantile",0.5,234,"COVID-19"
"DE-MV","00+",2022-04-27,2022-04-19,"-8 day ahead inc hosp","quantile",0.75,243,"COVID-19"
"DE-MV","00+",2022-04-27,2022-04-19,"-8 day ahead inc hosp","quantile",0.9,251,"COVID-19"
"DE-MV","00+",2022-04-27,2022-04-19,"-8 day ahead inc hosp","quantile",0.975,263,"COVID-19"
"DE-MV","00+",2022-04-27,2022-04-18,"-9 day ahead inc hosp","mean",NA,270,"COVID-19"
"DE-MV","00+",2022-04-27,2022-04-18,"-9 day ahead inc hosp","quantile",0.025,250,"COVID-19"
"DE-MV","00+",2022-04-27,2022-04-18,"-9 day ahead inc hosp","quantile",0.1,255,"COVID-19"
"DE-MV","00+",2022-04-27,2022-04-18,"-9 day ahead inc hosp","quantile",0.25,261,"COVID-19"
"DE-MV","00+",2022-04-27,2022-04-18,"-9 day ahead inc hosp","quantile",0.5,268,"COVID-19"
"DE-MV","00+",2022-04-27,2022-04-18,"-9 day ahead inc hosp","quantile",0.75,277,"COVID-19"
"DE-MV","00+",2022-04-27,2022-04-18,"-9 day ahead inc hosp","quantile",0.9,287,"COVID-19"
"DE-MV","00+",2022-04-27,2022-04-18,"-9 day ahead inc hosp","quantile",0.975,299,"COVID-19"
"DE-MV","00+",2022-04-27,2022-04-17,"-10 day ahead inc hosp","mean",NA,276,"COVID-19"
"DE-MV","00+",2022-04-27,2022-04-17,"-10 day ahead inc hosp","quantile",0.025,257,"COVID-19"
"DE-MV","00+",2022-04-27,2022-04-17,"-10 day ahead inc hosp","quantile",0.1,261,"COVID-19"
"DE-MV","00+",2022-04-27,2022-04-17,"-10 day ahead inc hosp","quantile",0.25,267,"COVID-19"
"DE-MV","00+",2022-04-27,2022-04-17,"-10 day ahead inc hosp","quantile",0.5,274,"COVID-19"
"DE-MV","00+",2022-04-27,2022-04-17,"-10 day ahead inc hosp","quantile",0.75,284,"COVID-19"
"DE-MV","00+",2022-04-27,2022-04-17,"-10 day ahead inc hosp","quantile",0.9,293,"COVID-19"
"DE-MV","00+",2022-04-27,2022-04-17,"-10 day ahead inc hosp","quantile",0.975,306,"COVID-19"
"DE-MV","00+",2022-04-27,2022-04-16,"-11 day ahead inc hosp","mean",NA,295,"COVID-19"
"DE-MV","00+",2022-04-27,2022-04-16,"-11 day ahead inc hosp","quantile",0.025,275,"COVID-19"
"DE-MV","00+",2022-04-27,2022-04-16,"-11 day ahead inc hosp","quantile",0.1,279,"COVID-19"
"DE-MV","00+",2022-04-27,2022-04-16,"-11 day ahead inc hosp","quantile",0.25,285,"COVID-19"
"DE-MV","00+",2022-04-27,2022-04-16,"-11 day ahead inc hosp","quantile",0.5,293,"COVID-19"
"DE-MV","00+",2022-04-27,2022-04-16,"-11 day ahead inc hosp","quantile",0.75,303,"COVID-19"
"DE-MV","00+",2022-04-27,2022-04-16,"-11 day ahead inc hosp","quantile",0.9,313,"COVID-19"
"DE-MV","00+",2022-04-27,2022-04-16,"-11 day ahead inc hosp","quantile",0.975,326,"COVID-19"
"DE-MV","00+",2022-04-27,2022-04-15,"-12 day ahead inc hosp","mean",NA,318,"COVID-19"
"DE-MV","00+",2022-04-27,2022-04-15,"-12 day ahead inc hosp","quantile",0.025,298,"COVID-19"
"DE-MV","00+",2022-04-27,2022-04-15,"-12 day ahead inc hosp","quantile",0.1,302,"COVID-19"
"DE-MV","00+",2022-04-27,2022-04-15,"-12 day ahead inc hosp","quantile",0.25,308,"COVID-19"
"DE-MV","00+",2022-04-27,2022-04-15,"-12 day ahead inc hosp","quantile",0.5,316,"COVID-19"
"DE-MV","00+",2022-04-27,2022-04-15,"-12 day ahead inc hosp","quantile",0.75,326,"COVID-19"
"DE-MV","00+",2022-04-27,2022-04-15,"-12 day ahead inc hosp","quantile",0.9,337,"COVID-19"
"DE-MV","00+",2022-04-27,2022-04-15,"-12 day ahead inc hosp","quantile",0.975,351,"COVID-19"
"DE-MV","00+",2022-04-27,2022-04-14,"-13 day ahead inc hosp","mean",NA,326,"COVID-19"
"DE-MV","00+",2022-04-27,2022-04-14,"-13 day ahead inc hosp","quantile",0.025,306,"COVID-19"
"DE-MV","00+",2022-04-27,2022-04-14,"-13 day ahead inc hosp","quantile",0.1,311,"COVID-19"
"DE-MV","00+",2022-04-27,2022-04-14,"-13 day ahead inc hosp","quantile",0.25,316,"COVID-19"
"DE-MV","00+",2022-04-27,2022-04-14,"-13 day ahead inc hosp","quantile",0.5,324,"COVID-19"
"DE-MV","00+",2022-04-27,2022-04-14,"-13 day ahead inc hosp","quantile",0.75,333,"COVID-19"
"DE-MV","00+",2022-04-27,2022-04-14,"-13 day ahead inc hosp","quantile",0.9,344,"COVID-19"
"DE-MV","00+",2022-04-27,2022-04-14,"-13 day ahead inc hosp","quantile",0.975,357,"COVID-19"
"DE-MV","00+",2022-04-27,2022-04-13,"-14 day ahead inc hosp","mean",NA,339,"COVID-19"
"DE-MV","00+",2022-04-27,2022-04-13,"-14 day ahead inc hosp","quantile",0.025,319,"COVID-19"
"DE-MV","00+",2022-04-27,2022-04-13,"-14 day ahead inc hosp","quantile",0.1,324,"COVID-19"
"DE-MV","00+",2022-04-27,2022-04-13,"-14 day ahead inc hosp","quantile",0.25,329,"COVID-19"
"DE-MV","00+",2022-04-27,2022-04-13,"-14 day ahead inc hosp","quantile",0.5,337,"COVID-19"
"DE-MV","00+",2022-04-27,2022-04-13,"-14 day ahead inc hosp","quantile",0.75,346,"COVID-19"
"DE-MV","00+",2022-04-27,2022-04-13,"-14 day ahead inc hosp","quantile",0.9,356,"COVID-19"
"DE-MV","00+",2022-04-27,2022-04-13,"-14 day ahead inc hosp","quantile",0.975,369,"COVID-19"
"DE-MV","00+",2022-04-27,2022-04-12,"-15 day ahead inc hosp","mean",NA,349,"COVID-19"
"DE-MV","00+",2022-04-27,2022-04-12,"-15 day ahead inc hosp","quantile",0.025,330,"COVID-19"
"DE-MV","00+",2022-04-27,2022-04-12,"-15 day ahead inc hosp","quantile",0.1,335,"COVID-19"
"DE-MV","00+",2022-04-27,2022-04-12,"-15 day ahead inc hosp","quantile",0.25,340,"COVID-19"
"DE-MV","00+",2022-04-27,2022-04-12,"-15 day ahead inc hosp","quantile",0.5,347,"COVID-19"
"DE-MV","00+",2022-04-27,2022-04-12,"-15 day ahead inc hosp","quantile",0.75,356,"COVID-19"
"DE-MV","00+",2022-04-27,2022-04-12,"-15 day ahead inc hosp","quantile",0.9,366,"COVID-19"
"DE-MV","00+",2022-04-27,2022-04-12,"-15 day ahead inc hosp","quantile",0.975,380,"COVID-19"
"DE-MV","00+",2022-04-27,2022-04-11,"-16 day ahead inc hosp","mean",NA,358,"COVID-19"
"DE-MV","00+",2022-04-27,2022-04-11,"-16 day ahead inc hosp","quantile",0.025,340,"COVID-19"
"DE-MV","00+",2022-04-27,2022-04-11,"-16 day ahead inc hosp","quantile",0.1,344,"COVID-19"
"DE-MV","00+",2022-04-27,2022-04-11,"-16 day ahead inc hosp","quantile",0.25,348,"COVID-19"
"DE-MV","00+",2022-04-27,2022-04-11,"-16 day ahead inc hosp","quantile",0.5,356,"COVID-19"
"DE-MV","00+",2022-04-27,2022-04-11,"-16 day ahead inc hosp","quantile",0.75,365,"COVID-19"
"DE-MV","00+",2022-04-27,2022-04-11,"-16 day ahead inc hosp","quantile",0.9,375,"COVID-19"
"DE-MV","00+",2022-04-27,2022-04-11,"-16 day ahead inc hosp","quantile",0.975,388,"COVID-19"
"DE-MV","00+",2022-04-27,2022-04-10,"-17 day ahead inc hosp","mean",NA,358,"COVID-19"
"DE-MV","00+",2022-04-27,2022-04-10,"-17 day ahead inc hosp","quantile",0.025,340,"COVID-19"
"DE-MV","00+",2022-04-27,2022-04-10,"-17 day ahead inc hosp","quantile",0.1,344,"COVID-19"
"DE-MV","00+",2022-04-27,2022-04-10,"-17 day ahead inc hosp","quantile",0.25,349,"COVID-19"
"DE-MV","00+",2022-04-27,2022-04-10,"-17 day ahead inc hosp","quantile",0.5,356,"COVID-19"
"DE-MV","00+",2022-04-27,2022-04-10,"-17 day ahead inc hosp","quantile",0.75,365,"COVID-19"
"DE-MV","00+",2022-04-27,2022-04-10,"-17 day ahead inc hosp","quantile",0.9,375,"COVID-19"
"DE-MV","00+",2022-04-27,2022-04-10,"-17 day ahead inc hosp","quantile",0.975,389,"COVID-19"
"DE-MV","00+",2022-04-27,2022-04-09,"-18 day ahead inc hosp","mean",NA,357,"COVID-19"
"DE-MV","00+",2022-04-27,2022-04-09,"-18 day ahead inc hosp","quantile",0.025,340,"COVID-19"
"DE-MV","00+",2022-04-27,2022-04-09,"-18 day ahead inc hosp","quantile",0.1,344,"COVID-19"
"DE-MV","00+",2022-04-27,2022-04-09,"-18 day ahead inc hosp","quantile",0.25,348,"COVID-19"
"DE-MV","00+",2022-04-27,2022-04-09,"-18 day ahead inc hosp","quantile",0.5,355,"COVID-19"
"DE-MV","00+",2022-04-27,2022-04-09,"-18 day ahead inc hosp","quantile",0.75,364,"COVID-19"
"DE-MV","00+",2022-04-27,2022-04-09,"-18 day ahead inc hosp","quantile",0.9,374,"COVID-19"
"DE-MV","00+",2022-04-27,2022-04-09,"-18 day ahead inc hosp","quantile",0.975,388,"COVID-19"
"DE-MV","00+",2022-04-27,2022-04-08,"-19 day ahead inc hosp","mean",NA,341,"COVID-19"
"DE-MV","00+",2022-04-27,2022-04-08,"-19 day ahead inc hosp","quantile",0.025,324,"COVID-19"
"DE-MV","00+",2022-04-27,2022-04-08,"-19 day ahead inc hosp","quantile",0.1,328,"COVID-19"
"DE-MV","00+",2022-04-27,2022-04-08,"-19 day ahead inc hosp","quantile",0.25,332,"COVID-19"
"DE-MV","00+",2022-04-27,2022-04-08,"-19 day ahead inc hosp","quantile",0.5,339,"COVID-19"
"DE-MV","00+",2022-04-27,2022-04-08,"-19 day ahead inc hosp","quantile",0.75,347,"COVID-19"
"DE-MV","00+",2022-04-27,2022-04-08,"-19 day ahead inc hosp","quantile",0.9,356,"COVID-19"
"DE-MV","00+",2022-04-27,2022-04-08,"-19 day ahead inc hosp","quantile",0.975,369,"COVID-19"
"DE-MV","00+",2022-04-27,2022-04-07,"-20 day ahead inc hosp","mean",NA,339,"COVID-19"
"DE-MV","00+",2022-04-27,2022-04-07,"-20 day ahead inc hosp","quantile",0.025,323,"COVID-19"
"DE-MV","00+",2022-04-27,2022-04-07,"-20 day ahead inc hosp","quantile",0.1,326,"COVID-19"
"DE-MV","00+",2022-04-27,2022-04-07,"-20 day ahead inc hosp","quantile",0.25,330,"COVID-19"
"DE-MV","00+",2022-04-27,2022-04-07,"-20 day ahead inc hosp","quantile",0.5,336,"COVID-19"
"DE-MV","00+",2022-04-27,2022-04-07,"-20 day ahead inc hosp","quantile",0.75,345,"COVID-19"
"DE-MV","00+",2022-04-27,2022-04-07,"-20 day ahead inc hosp","quantile",0.9,353,"COVID-19"
"DE-MV","00+",2022-04-27,2022-04-07,"-20 day ahead inc hosp","quantile",0.975,366,"COVID-19"
"DE-MV","00+",2022-04-27,2022-04-06,"-21 day ahead inc hosp","mean",NA,349,"COVID-19"
"DE-MV","00+",2022-04-27,2022-04-06,"-21 day ahead inc hosp","quantile",0.025,334,"COVID-19"
"DE-MV","00+",2022-04-27,2022-04-06,"-21 day ahead inc hosp","quantile",0.1,337,"COVID-19"
"DE-MV","00+",2022-04-27,2022-04-06,"-21 day ahead inc hosp","quantile",0.25,341,"COVID-19"
"DE-MV","00+",2022-04-27,2022-04-06,"-21 day ahead inc hosp","quantile",0.5,347,"COVID-19"
"DE-MV","00+",2022-04-27,2022-04-06,"-21 day ahead inc hosp","quantile",0.75,355,"COVID-19"
"DE-MV","00+",2022-04-27,2022-04-06,"-21 day ahead inc hosp","quantile",0.9,363,"COVID-19"
"DE-MV","00+",2022-04-27,2022-04-06,"-21 day ahead inc hosp","quantile",0.975,375,"COVID-19"
"DE-MV","00+",2022-04-27,2022-04-05,"-22 day ahead inc hosp","mean",NA,340,"COVID-19"
"DE-MV","00+",2022-04-27,2022-04-05,"-22 day ahead inc hosp","quantile",0.025,326,"COVID-19"
"DE-MV","00+",2022-04-27,2022-04-05,"-22 day ahead inc hosp","quantile",0.1,329,"COVID-19"
"DE-MV","00+",2022-04-27,2022-04-05,"-22 day ahead inc hosp","quantile",0.25,333,"COVID-19"
"DE-MV","00+",2022-04-27,2022-04-05,"-22 day ahead inc hosp","quantile",0.5,338,"COVID-19"
"DE-MV","00+",2022-04-27,2022-04-05,"-22 day ahead inc hosp","quantile",0.75,345,"COVID-19"
"DE-MV","00+",2022-04-27,2022-04-05,"-22 day ahead inc hosp","quantile",0.9,353,"COVID-19"
"DE-MV","00+",2022-04-27,2022-04-05,"-22 day ahead inc hosp","quantile",0.975,363,"COVID-19"
"DE-MV","00+",2022-04-27,2022-04-04,"-23 day ahead inc hosp","mean",NA,340,"COVID-19"
"DE-MV","00+",2022-04-27,2022-04-04,"-23 day ahead inc hosp","quantile",0.025,327,"COVID-19"
"DE-MV","00+",2022-04-27,2022-04-04,"-23 day ahead inc hosp","quantile",0.1,330,"COVID-19"
"DE-MV","00+",2022-04-27,2022-04-04,"-23 day ahead inc hosp","quantile",0.25,333,"COVID-19"
"DE-MV","00+",2022-04-27,2022-04-04,"-23 day ahead inc hosp","quantile",0.5,338,"COVID-19"
"DE-MV","00+",2022-04-27,2022-04-04,"-23 day ahead inc hosp","quantile",0.75,344,"COVID-19"
"DE-MV","00+",2022-04-27,2022-04-04,"-23 day ahead inc hosp","quantile",0.9,351,"COVID-19"
"DE-MV","00+",2022-04-27,2022-04-04,"-23 day ahead inc hosp","quantile",0.975,361,"COVID-19"
"DE-MV","00+",2022-04-27,2022-04-03,"-24 day ahead inc hosp","mean",NA,338,"COVID-19"
"DE-MV","00+",2022-04-27,2022-04-03,"-24 day ahead inc hosp","quantile",0.025,326,"COVID-19"
"DE-MV","00+",2022-04-27,2022-04-03,"-24 day ahead inc hosp","quantile",0.1,329,"COVID-19"
"DE-MV","00+",2022-04-27,2022-04-03,"-24 day ahead inc hosp","quantile",0.25,332,"COVID-19"
"DE-MV","00+",2022-04-27,2022-04-03,"-24 day ahead inc hosp","quantile",0.5,336,"COVID-19"
"DE-MV","00+",2022-04-27,2022-04-03,"-24 day ahead inc hosp","quantile",0.75,343,"COVID-19"
"DE-MV","00+",2022-04-27,2022-04-03,"-24 day ahead inc hosp","quantile",0.9,349,"COVID-19"
"DE-MV","00+",2022-04-27,2022-04-03,"-24 day ahead inc hosp","quantile",0.975,359,"COVID-19"
"DE-MV","00+",2022-04-27,2022-04-02,"-25 day ahead inc hosp","mean",NA,358,"COVID-19"
"DE-MV","00+",2022-04-27,2022-04-02,"-25 day ahead inc hosp","quantile",0.025,346,"COVID-19"
"DE-MV","00+",2022-04-27,2022-04-02,"-25 day ahead inc hosp","quantile",0.1,349,"COVID-19"
"DE-MV","00+",2022-04-27,2022-04-02,"-25 day ahead inc hosp","quantile",0.25,352,"COVID-19"
"DE-MV","00+",2022-04-27,2022-04-02,"-25 day ahead inc hosp","quantile",0.5,357,"COVID-19"
"DE-MV","00+",2022-04-27,2022-04-02,"-25 day ahead inc hosp","quantile",0.75,363,"COVID-19"
"DE-MV","00+",2022-04-27,2022-04-02,"-25 day ahead inc hosp","quantile",0.9,370,"COVID-19"
"DE-MV","00+",2022-04-27,2022-04-02,"-25 day ahead inc hosp","quantile",0.975,379,"COVID-19"
"DE-MV","00+",2022-04-27,2022-04-01,"-26 day ahead inc hosp","mean",NA,415,"COVID-19"
"DE-MV","00+",2022-04-27,2022-04-01,"-26 day ahead inc hosp","quantile",0.025,401,"COVID-19"
"DE-MV","00+",2022-04-27,2022-04-01,"-26 day ahead inc hosp","quantile",0.1,404,"COVID-19"
"DE-MV","00+",2022-04-27,2022-04-01,"-26 day ahead inc hosp","quantile",0.25,408,"COVID-19"
"DE-MV","00+",2022-04-27,2022-04-01,"-26 day ahead inc hosp","quantile",0.5,413,"COVID-19"
"DE-MV","00+",2022-04-27,2022-04-01,"-26 day ahead inc hosp","quantile",0.75,420,"COVID-19"
"DE-MV","00+",2022-04-27,2022-04-01,"-26 day ahead inc hosp","quantile",0.9,427,"COVID-19"
"DE-MV","00+",2022-04-27,2022-04-01,"-26 day ahead inc hosp","quantile",0.975,437,"COVID-19"
"DE-MV","00+",2022-04-27,2022-03-31,"-27 day ahead inc hosp","mean",NA,452,"COVID-19"
"DE-MV","00+",2022-04-27,2022-03-31,"-27 day ahead inc hosp","quantile",0.025,439,"COVID-19"
"DE-MV","00+",2022-04-27,2022-03-31,"-27 day ahead inc hosp","quantile",0.1,442,"COVID-19"
"DE-MV","00+",2022-04-27,2022-03-31,"-27 day ahead inc hosp","quantile",0.25,445,"COVID-19"
"DE-MV","00+",2022-04-27,2022-03-31,"-27 day ahead inc hosp","quantile",0.5,451,"COVID-19"
"DE-MV","00+",2022-04-27,2022-03-31,"-27 day ahead inc hosp","quantile",0.75,457,"COVID-19"
"DE-MV","00+",2022-04-27,2022-03-31,"-27 day ahead inc hosp","quantile",0.9,465,"COVID-19"
"DE-MV","00+",2022-04-27,2022-03-31,"-27 day ahead inc hosp","quantile",0.975,476,"COVID-19"
"DE-MV","00+",2022-04-27,2022-03-30,"-28 day ahead inc hosp","mean",NA,470,"COVID-19"
"DE-MV","00+",2022-04-27,2022-03-30,"-28 day ahead inc hosp","quantile",0.025,457,"COVID-19"
"DE-MV","00+",2022-04-27,2022-03-30,"-28 day ahead inc hosp","quantile",0.1,459,"COVID-19"
"DE-MV","00+",2022-04-27,2022-03-30,"-28 day ahead inc hosp","quantile",0.25,463,"COVID-19"
"DE-MV","00+",2022-04-27,2022-03-30,"-28 day ahead inc hosp","quantile",0.5,468,"COVID-19"
"DE-MV","00+",2022-04-27,2022-03-30,"-28 day ahead inc hosp","quantile",0.75,475,"COVID-19"
"DE-MV","00+",2022-04-27,2022-03-30,"-28 day ahead inc hosp","quantile",0.9,483,"COVID-19"
"DE-MV","00+",2022-04-27,2022-03-30,"-28 day ahead inc hosp","quantile",0.975,493,"COVID-19"
"DE-NI","00+",2022-04-27,2022-04-27,"0 day ahead inc hosp","mean",NA,561,"COVID-19"
"DE-NI","00+",2022-04-27,2022-04-27,"0 day ahead inc hosp","quantile",0.025,414,"COVID-19"
"DE-NI","00+",2022-04-27,2022-04-27,"0 day ahead inc hosp","quantile",0.1,452,"COVID-19"
"DE-NI","00+",2022-04-27,2022-04-27,"0 day ahead inc hosp","quantile",0.25,493,"COVID-19"
"DE-NI","00+",2022-04-27,2022-04-27,"0 day ahead inc hosp","quantile",0.5,549,"COVID-19"
"DE-NI","00+",2022-04-27,2022-04-27,"0 day ahead inc hosp","quantile",0.75,616,"COVID-19"
"DE-NI","00+",2022-04-27,2022-04-27,"0 day ahead inc hosp","quantile",0.9,687,"COVID-19"
"DE-NI","00+",2022-04-27,2022-04-27,"0 day ahead inc hosp","quantile",0.975,778,"COVID-19"
"DE-NI","00+",2022-04-27,2022-04-26,"-1 day ahead inc hosp","mean",NA,647,"COVID-19"
"DE-NI","00+",2022-04-27,2022-04-26,"-1 day ahead inc hosp","quantile",0.025,515,"COVID-19"
"DE-NI","00+",2022-04-27,2022-04-26,"-1 day ahead inc hosp","quantile",0.1,549,"COVID-19"
"DE-NI","00+",2022-04-27,2022-04-26,"-1 day ahead inc hosp","quantile",0.25,586,"COVID-19"
"DE-NI","00+",2022-04-27,2022-04-26,"-1 day ahead inc hosp","quantile",0.5,636,"COVID-19"
"DE-NI","00+",2022-04-27,2022-04-26,"-1 day ahead inc hosp","quantile",0.75,696,"COVID-19"
"DE-NI","00+",2022-04-27,2022-04-26,"-1 day ahead inc hosp","quantile",0.9,759,"COVID-19"
"DE-NI","00+",2022-04-27,2022-04-26,"-1 day ahead inc hosp","quantile",0.975,840,"COVID-19"
"DE-NI","00+",2022-04-27,2022-04-25,"-2 day ahead inc hosp","mean",NA,519,"COVID-19"
"DE-NI","00+",2022-04-27,2022-04-25,"-2 day ahead inc hosp","quantile",0.025,432,"COVID-19"
"DE-NI","00+",2022-04-27,2022-04-25,"-2 day ahead inc hosp","quantile",0.1,454,"COVID-19"
"DE-NI","00+",2022-04-27,2022-04-25,"-2 day ahead inc hosp","quantile",0.25,479,"COVID-19"
"DE-NI","00+",2022-04-27,2022-04-25,"-2 day ahead inc hosp","quantile",0.5,512,"COVID-19"
"DE-NI","00+",2022-04-27,2022-04-25,"-2 day ahead inc hosp","quantile",0.75,551,"COVID-19"
"DE-NI","00+",2022-04-27,2022-04-25,"-2 day ahead inc hosp","quantile",0.9,593,"COVID-19"
"DE-NI","00+",2022-04-27,2022-04-25,"-2 day ahead inc hosp","quantile",0.975,646,"COVID-19"
"DE-NI","00+",2022-04-27,2022-04-24,"-3 day ahead inc hosp","mean",NA,510,"COVID-19"
"DE-NI","00+",2022-04-27,2022-04-24,"-3 day ahead inc hosp","quantile",0.025,429,"COVID-19"
"DE-NI","00+",2022-04-27,2022-04-24,"-3 day ahead inc hosp","quantile",0.1,450,"COVID-19"
"DE-NI","00+",2022-04-27,2022-04-24,"-3 day ahead inc hosp","quantile",0.25,472,"COVID-19"
"DE-NI","00+",2022-04-27,2022-04-24,"-3 day ahead inc hosp","quantile",0.5,503,"COVID-19"
"DE-NI","00+",2022-04-27,2022-04-24,"-3 day ahead inc hosp","quantile",0.75,540,"COVID-19"
"DE-NI","00+",2022-04-27,2022-04-24,"-3 day ahead inc hosp","quantile",0.9,579,"COVID-19"
"DE-NI","00+",2022-04-27,2022-04-24,"-3 day ahead inc hosp","quantile",0.975,628,"COVID-19"
"DE-NI","00+",2022-04-27,2022-04-23,"-4 day ahead inc hosp","mean",NA,501,"COVID-19"
"DE-NI","00+",2022-04-27,2022-04-23,"-4 day ahead inc hosp","quantile",0.025,424,"COVID-19"
"DE-NI","00+",2022-04-27,2022-04-23,"-4 day ahead inc hosp","quantile",0.1,444,"COVID-19"
"DE-NI","00+",2022-04-27,2022-04-23,"-4 day ahead inc hosp","quantile",0.25,465,"COVID-19"
"DE-NI","00+",2022-04-27,2022-04-23,"-4 day ahead inc hosp","quantile",0.5,495,"COVID-19"
"DE-NI","00+",2022-04-27,2022-04-23,"-4 day ahead inc hosp","quantile",0.75,530,"COVID-19"
"DE-NI","00+",2022-04-27,2022-04-23,"-4 day ahead inc hosp","quantile",0.9,566,"COVID-19"
"DE-NI","00+",2022-04-27,2022-04-23,"-4 day ahead inc hosp","quantile",0.975,614,"COVID-19"
"DE-NI","00+",2022-04-27,2022-04-22,"-5 day ahead inc hosp","mean",NA,410,"COVID-19"
"DE-NI","00+",2022-04-27,2022-04-22,"-5 day ahead inc hosp","quantile",0.025,351,"COVID-19"
"DE-NI","00+",2022-04-27,2022-04-22,"-5 day ahead inc hosp","quantile",0.1,366,"COVID-19"
"DE-NI","00+",2022-04-27,2022-04-22,"-5 day ahead inc hosp","quantile",0.25,383,"COVID-19"
"DE-NI","00+",2022-04-27,2022-04-22,"-5 day ahead inc hosp","quantile",0.5,405,"COVID-19"
"DE-NI","00+",2022-04-27,2022-04-22,"-5 day ahead inc hosp","quantile",0.75,432,"COVID-19"
"DE-NI","00+",2022-04-27,2022-04-22,"-5 day ahead inc hosp","quantile",0.9,461,"COVID-19"
"DE-NI","00+",2022-04-27,2022-04-22,"-5 day ahead inc hosp","quantile",0.975,498,"COVID-19"
"DE-NI","00+",2022-04-27,2022-04-21,"-6 day ahead inc hosp","mean",NA,409,"COVID-19"
"DE-NI","00+",2022-04-27,2022-04-21,"-6 day ahead inc hosp","quantile",0.025,357,"COVID-19"
"DE-NI","00+",2022-04-27,2022-04-21,"-6 day ahead inc hosp","quantile",0.1,369,"COVID-19"
"DE-NI","00+",2022-04-27,2022-04-21,"-6 day ahead inc hosp","quantile",0.25,384,"COVID-19"
"DE-NI","00+",2022-04-27,2022-04-21,"-6 day ahead inc hosp","quantile",0.5,404,"COVID-19"
"DE-NI","00+",2022-04-27,2022-04-21,"-6 day ahead inc hosp","quantile",0.75,429,"COVID-19"
"DE-NI","00+",2022-04-27,2022-04-21,"-6 day ahead inc hosp","quantile",0.9,455,"COVID-19"
"DE-NI","00+",2022-04-27,2022-04-21,"-6 day ahead inc hosp","quantile",0.975,489,"COVID-19"
"DE-NI","00+",2022-04-27,2022-04-20,"-7 day ahead inc hosp","mean",NA,392,"COVID-19"
"DE-NI","00+",2022-04-27,2022-04-20,"-7 day ahead inc hosp","quantile",0.025,348,"COVID-19"
"DE-NI","00+",2022-04-27,2022-04-20,"-7 day ahead inc hosp","quantile",0.1,358,"COVID-19"
"DE-NI","00+",2022-04-27,2022-04-20,"-7 day ahead inc hosp","quantile",0.25,370,"COVID-19"
"DE-NI","00+",2022-04-27,2022-04-20,"-7 day ahead inc hosp","quantile",0.5,388,"COVID-19"
"DE-NI","00+",2022-04-27,2022-04-20,"-7 day ahead inc hosp","quantile",0.75,409,"COVID-19"
"DE-NI","00+",2022-04-27,2022-04-20,"-7 day ahead inc hosp","quantile",0.9,432,"COVID-19"
"DE-NI","00+",2022-04-27,2022-04-20,"-7 day ahead inc hosp","quantile",0.975,462,"COVID-19"
"DE-NI","00+",2022-04-27,2022-04-19,"-8 day ahead inc hosp","mean",NA,335,"COVID-19"
"DE-NI","00+",2022-04-27,2022-04-19,"-8 day ahead inc hosp","quantile",0.025,307,"COVID-19"
"DE-NI","00+",2022-04-27,2022-04-19,"-8 day ahead inc hosp","quantile",0.1,313,"COVID-19"
"DE-NI","00+",2022-04-27,2022-04-19,"-8 day ahead inc hosp","quantile",0.25,321,"COVID-19"
"DE-NI","00+",2022-04-27,2022-04-19,"-8 day ahead inc hosp","quantile",0.5,332,"COVID-19"
"DE-NI","00+",2022-04-27,2022-04-19,"-8 day ahead inc hosp","quantile",0.75,345,"COVID-19"
"DE-NI","00+",2022-04-27,2022-04-19,"-8 day ahead inc hosp","quantile",0.9,360,"COVID-19"
"DE-NI","00+",2022-04-27,2022-04-19,"-8 day ahead inc hosp","quantile",0.975,379,"COVID-19"
"DE-NI","00+",2022-04-27,2022-04-18,"-9 day ahead inc hosp","mean",NA,453,"COVID-19"
"DE-NI","00+",2022-04-27,2022-04-18,"-9 day ahead inc hosp","quantile",0.025,420,"COVID-19"
"DE-NI","00+",2022-04-27,2022-04-18,"-9 day ahead inc hosp","quantile",0.1,427,"COVID-19"
"DE-NI","00+",2022-04-27,2022-04-18,"-9 day ahead inc hosp","quantile",0.25,436,"COVID-19"
"DE-NI","00+",2022-04-27,2022-04-18,"-9 day ahead inc hosp","quantile",0.5,450,"COVID-19"
"DE-NI","00+",2022-04-27,2022-04-18,"-9 day ahead inc hosp","quantile",0.75,466,"COVID-19"
"DE-NI","00+",2022-04-27,2022-04-18,"-9 day ahead inc hosp","quantile",0.9,484,"COVID-19"
"DE-NI","00+",2022-04-27,2022-04-18,"-9 day ahead inc hosp","quantile",0.975,508,"COVID-19"
"DE-NI","00+",2022-04-27,2022-04-17,"-10 day ahead inc hosp","mean",NA,463,"COVID-19"
"DE-NI","00+",2022-04-27,2022-04-17,"-10 day ahead inc hosp","quantile",0.025,429,"COVID-19"
"DE-NI","00+",2022-04-27,2022-04-17,"-10 day ahead inc hosp","quantile",0.1,436,"COVID-19"
"DE-NI","00+",2022-04-27,2022-04-17,"-10 day ahead inc hosp","quantile",0.25,445,"COVID-19"
"DE-NI","00+",2022-04-27,2022-04-17,"-10 day ahead inc hosp","quantile",0.5,459,"COVID-19"
"DE-NI","00+",2022-04-27,2022-04-17,"-10 day ahead inc hosp","quantile",0.75,476,"COVID-19"
"DE-NI","00+",2022-04-27,2022-04-17,"-10 day ahead inc hosp","quantile",0.9,494,"COVID-19"
"DE-NI","00+",2022-04-27,2022-04-17,"-10 day ahead inc hosp","quantile",0.975,520,"COVID-19"
"DE-NI","00+",2022-04-27,2022-04-16,"-11 day ahead inc hosp","mean",NA,471,"COVID-19"
"DE-NI","00+",2022-04-27,2022-04-16,"-11 day ahead inc hosp","quantile",0.025,437,"COVID-19"
"DE-NI","00+",2022-04-27,2022-04-16,"-11 day ahead inc hosp","quantile",0.1,444,"COVID-19"
"DE-NI","00+",2022-04-27,2022-04-16,"-11 day ahead inc hosp","quantile",0.25,453,"COVID-19"
"DE-NI","00+",2022-04-27,2022-04-16,"-11 day ahead inc hosp","quantile",0.5,467,"COVID-19"
"DE-NI","00+",2022-04-27,2022-04-16,"-11 day ahead inc hosp","quantile",0.75,484,"COVID-19"
"DE-NI","00+",2022-04-27,2022-04-16,"-11 day ahead inc hosp","quantile",0.9,504,"COVID-19"
"DE-NI","00+",2022-04-27,2022-04-16,"-11 day ahead inc hosp","quantile",0.975,530,"COVID-19"
"DE-NI","00+",2022-04-27,2022-04-15,"-12 day ahead inc hosp","mean",NA,531,"COVID-19"
"DE-NI","00+",2022-04-27,2022-04-15,"-12 day ahead inc hosp","quantile",0.025,494,"COVID-19"
"DE-NI","00+",2022-04-27,2022-04-15,"-12 day ahead inc hosp","quantile",0.1,501,"COVID-19"
"DE-NI","00+",2022-04-27,2022-04-15,"-12 day ahead inc hosp","quantile",0.25,511,"COVID-19"
"DE-NI","00+",2022-04-27,2022-04-15,"-12 day ahead inc hosp","quantile",0.5,526,"COVID-19"
"DE-NI","00+",2022-04-27,2022-04-15,"-12 day ahead inc hosp","quantile",0.75,546,"COVID-19"
"DE-NI","00+",2022-04-27,2022-04-15,"-12 day ahead inc hosp","quantile",0.9,567,"COVID-19"
"DE-NI","00+",2022-04-27,2022-04-15,"-12 day ahead inc hosp","quantile",0.975,597,"COVID-19"
"DE-NI","00+",2022-04-27,2022-04-14,"-13 day ahead inc hosp","mean",NA,546,"COVID-19"
"DE-NI","00+",2022-04-27,2022-04-14,"-13 day ahead inc hosp","quantile",0.025,511,"COVID-19"
"DE-NI","00+",2022-04-27,2022-04-14,"-13 day ahead inc hosp","quantile",0.1,518,"COVID-19"
"DE-NI","00+",2022-04-27,2022-04-14,"-13 day ahead inc hosp","quantile",0.25,527,"COVID-19"
"DE-NI","00+",2022-04-27,2022-04-14,"-13 day ahead inc hosp","quantile",0.5,541,"COVID-19"
"DE-NI","00+",2022-04-27,2022-04-14,"-13 day ahead inc hosp","quantile",0.75,560,"COVID-19"
"DE-NI","00+",2022-04-27,2022-04-14,"-13 day ahead inc hosp","quantile",0.9,581,"COVID-19"
"DE-NI","00+",2022-04-27,2022-04-14,"-13 day ahead inc hosp","quantile",0.975,610,"COVID-19"
"DE-NI","00+",2022-04-27,2022-04-13,"-14 day ahead inc hosp","mean",NA,570,"COVID-19"
"DE-NI","00+",2022-04-27,2022-04-13,"-14 day ahead inc hosp","quantile",0.025,536,"COVID-19"
"DE-NI","00+",2022-04-27,2022-04-13,"-14 day ahead inc hosp","quantile",0.1,543,"COVID-19"
"DE-NI","00+",2022-04-27,2022-04-13,"-14 day ahead inc hosp","quantile",0.25,551,"COVID-19"
"DE-NI","00+",2022-04-27,2022-04-13,"-14 day ahead inc hosp","quantile",0.5,565,"COVID-19"
"DE-NI","00+",2022-04-27,2022-04-13,"-14 day ahead inc hosp","quantile",0.75,583,"COVID-19"
"DE-NI","00+",2022-04-27,2022-04-13,"-14 day ahead inc hosp","quantile",0.9,604,"COVID-19"
"DE-NI","00+",2022-04-27,2022-04-13,"-14 day ahead inc hosp","quantile",0.975,633,"COVID-19"
"DE-NI","00+",2022-04-27,2022-04-12,"-15 day ahead inc hosp","mean",NA,601,"COVID-19"
"DE-NI","00+",2022-04-27,2022-04-12,"-15 day ahead inc hosp","quantile",0.025,570,"COVID-19"
"DE-NI","00+",2022-04-27,2022-04-12,"-15 day ahead inc hosp","quantile",0.1,576,"COVID-19"
"DE-NI","00+",2022-04-27,2022-04-12,"-15 day ahead inc hosp","quantile",0.25,584,"COVID-19"
"DE-NI","00+",2022-04-27,2022-04-12,"-15 day ahead inc hosp","quantile",0.5,596,"COVID-19"
"DE-NI","00+",2022-04-27,2022-04-12,"-15 day ahead inc hosp","quantile",0.75,613,"COVID-19"
"DE-NI","00+",2022-04-27,2022-04-12,"-15 day ahead inc hosp","quantile",0.9,633,"COVID-19"
"DE-NI","00+",2022-04-27,2022-04-12,"-15 day ahead inc hosp","quantile",0.975,660,"COVID-19"
"DE-NI","00+",2022-04-27,2022-04-11,"-16 day ahead inc hosp","mean",NA,588,"COVID-19"
"DE-NI","00+",2022-04-27,2022-04-11,"-16 day ahead inc hosp","quantile",0.025,562,"COVID-19"
"DE-NI","00+",2022-04-27,2022-04-11,"-16 day ahead inc hosp","quantile",0.1,566,"COVID-19"
"DE-NI","00+",2022-04-27,2022-04-11,"-16 day ahead inc hosp","quantile",0.25,573,"COVID-19"
"DE-NI","00+",2022-04-27,2022-04-11,"-16 day ahead inc hosp","quantile",0.5,584,"COVID-19"
"DE-NI","00+",2022-04-27,2022-04-11,"-16 day ahead inc hosp","quantile",0.75,598,"COVID-19"
"DE-NI","00+",2022-04-27,2022-04-11,"-16 day ahead inc hosp","quantile",0.9,615,"COVID-19"
"DE-NI","00+",2022-04-27,2022-04-11,"-16 day ahead inc hosp","quantile",0.975,639,"COVID-19"
"DE-NI","00+",2022-04-27,2022-04-10,"-17 day ahead inc hosp","mean",NA,586,"COVID-19"
"DE-NI","00+",2022-04-27,2022-04-10,"-17 day ahead inc hosp","quantile",0.025,560,"COVID-19"
"DE-NI","00+",2022-04-27,2022-04-10,"-17 day ahead inc hosp","quantile",0.1,565,"COVID-19"
"DE-NI","00+",2022-04-27,2022-04-10,"-17 day ahead inc hosp","quantile",0.25,571,"COVID-19"
"DE-NI","00+",2022-04-27,2022-04-10,"-17 day ahead inc hosp","quantile",0.5,581,"COVID-19"
"DE-NI","00+",2022-04-27,2022-04-10,"-17 day ahead inc hosp","quantile",0.75,596,"COVID-19"
"DE-NI","00+",2022-04-27,2022-04-10,"-17 day ahead inc hosp","quantile",0.9,613,"COVID-19"
"DE-NI","00+",2022-04-27,2022-04-10,"-17 day ahead inc hosp","quantile",0.975,637,"COVID-19"
"DE-NI","00+",2022-04-27,2022-04-09,"-18 day ahead inc hosp","mean",NA,585,"COVID-19"
"DE-NI","00+",2022-04-27,2022-04-09,"-18 day ahead inc hosp","quantile",0.025,560,"COVID-19"
"DE-NI","00+",2022-04-27,2022-04-09,"-18 day ahead inc hosp","quantile",0.1,564,"COVID-19"
"DE-NI","00+",2022-04-27,2022-04-09,"-18 day ahead inc hosp","quantile",0.25,570,"COVID-19"
"DE-NI","00+",2022-04-27,2022-04-09,"-18 day ahead inc hosp","quantile",0.5,581,"COVID-19"
"DE-NI","00+",2022-04-27,2022-04-09,"-18 day ahead inc hosp","quantile",0.75,595,"COVID-19"
"DE-NI","00+",2022-04-27,2022-04-09,"-18 day ahead inc hosp","quantile",0.9,612,"COVID-19"
"DE-NI","00+",2022-04-27,2022-04-09,"-18 day ahead inc hosp","quantile",0.975,636,"COVID-19"
"DE-NI","00+",2022-04-27,2022-04-08,"-19 day ahead inc hosp","mean",NA,614,"COVID-19"
"DE-NI","00+",2022-04-27,2022-04-08,"-19 day ahead inc hosp","quantile",0.025,589,"COVID-19"
"DE-NI","00+",2022-04-27,2022-04-08,"-19 day ahead inc hosp","quantile",0.1,593,"COVID-19"
"DE-NI","00+",2022-04-27,2022-04-08,"-19 day ahead inc hosp","quantile",0.25,599,"COVID-19"
"DE-NI","00+",2022-04-27,2022-04-08,"-19 day ahead inc hosp","quantile",0.5,609,"COVID-19"
"DE-NI","00+",2022-04-27,2022-04-08,"-19 day ahead inc hosp","quantile",0.75,624,"COVID-19"
"DE-NI","00+",2022-04-27,2022-04-08,"-19 day ahead inc hosp","quantile",0.9,640,"COVID-19"
"DE-NI","00+",2022-04-27,2022-04-08,"-19 day ahead inc hosp","quantile",0.975,664,"COVID-19"
"DE-NI","00+",2022-04-27,2022-04-07,"-20 day ahead inc hosp","mean",NA,637,"COVID-19"
"DE-NI","00+",2022-04-27,2022-04-07,"-20 day ahead inc hosp","quantile",0.025,614,"COVID-19"
"DE-NI","00+",2022-04-27,2022-04-07,"-20 day ahead inc hosp","quantile",0.1,617,"COVID-19"
"DE-NI","00+",2022-04-27,2022-04-07,"-20 day ahead inc hosp","quantile",0.25,623,"COVID-19"
"DE-NI","00+",2022-04-27,2022-04-07,"-20 day ahead inc hosp","quantile",0.5,633,"COVID-19"
"DE-NI","00+",2022-04-27,2022-04-07,"-20 day ahead inc hosp","quantile",0.75,646,"COVID-19"
"DE-NI","00+",2022-04-27,2022-04-07,"-20 day ahead inc hosp","quantile",0.9,662,"COVID-19"
"DE-NI","00+",2022-04-27,2022-04-07,"-20 day ahead inc hosp","quantile",0.975,685,"COVID-19"
"DE-NI","00+",2022-04-27,2022-04-06,"-21 day ahead inc hosp","mean",NA,649,"COVID-19"
"DE-NI","00+",2022-04-27,2022-04-06,"-21 day ahead inc hosp","quantile",0.025,627,"COVID-19"
"DE-NI","00+",2022-04-27,2022-04-06,"-21 day ahead inc hosp","quantile",0.1,631,"COVID-19"
"DE-NI","00+",2022-04-27,2022-04-06,"-21 day ahead inc hosp","quantile",0.25,636,"COVID-19"
"DE-NI","00+",2022-04-27,2022-04-06,"-21 day ahead inc hosp","quantile",0.5,645,"COVID-19"
"DE-NI","00+",2022-04-27,2022-04-06,"-21 day ahead inc hosp","quantile",0.75,657,"COVID-19"
"DE-NI","00+",2022-04-27,2022-04-06,"-21 day ahead inc hosp","quantile",0.9,673,"COVID-19"
"DE-NI","00+",2022-04-27,2022-04-06,"-21 day ahead inc hosp","quantile",0.975,695,"COVID-19"
"DE-NI","00+",2022-04-27,2022-04-05,"-22 day ahead inc hosp","mean",NA,645,"COVID-19"
"DE-NI","00+",2022-04-27,2022-04-05,"-22 day ahead inc hosp","quantile",0.025,626,"COVID-19"
"DE-NI","00+",2022-04-27,2022-04-05,"-22 day ahead inc hosp","quantile",0.1,629,"COVID-19"
"DE-NI","00+",2022-04-27,2022-04-05,"-22 day ahead inc hosp","quantile",0.25,633,"COVID-19"
"DE-NI","00+",2022-04-27,2022-04-05,"-22 day ahead inc hosp","quantile",0.5,641,"COVID-19"
"DE-NI","00+",2022-04-27,2022-04-05,"-22 day ahead inc hosp","quantile",0.75,652,"COVID-19"
"DE-NI","00+",2022-04-27,2022-04-05,"-22 day ahead inc hosp","quantile",0.9,666,"COVID-19"
"DE-NI","00+",2022-04-27,2022-04-05,"-22 day ahead inc hosp","quantile",0.975,685,"COVID-19"
"DE-NI","00+",2022-04-27,2022-04-04,"-23 day ahead inc hosp","mean",NA,659,"COVID-19"
"DE-NI","00+",2022-04-27,2022-04-04,"-23 day ahead inc hosp","quantile",0.025,643,"COVID-19"
"DE-NI","00+",2022-04-27,2022-04-04,"-23 day ahead inc hosp","quantile",0.1,645,"COVID-19"
"DE-NI","00+",2022-04-27,2022-04-04,"-23 day ahead inc hosp","quantile",0.25,649,"COVID-19"
"DE-NI","00+",2022-04-27,2022-04-04,"-23 day ahead inc hosp","quantile",0.5,656,"COVID-19"
"DE-NI","00+",2022-04-27,2022-04-04,"-23 day ahead inc hosp","quantile",0.75,666,"COVID-19"
"DE-NI","00+",2022-04-27,2022-04-04,"-23 day ahead inc hosp","quantile",0.9,678,"COVID-19"
"DE-NI","00+",2022-04-27,2022-04-04,"-23 day ahead inc hosp","quantile",0.975,696,"COVID-19"
"DE-NI","00+",2022-04-27,2022-04-03,"-24 day ahead inc hosp","mean",NA,678,"COVID-19"
"DE-NI","00+",2022-04-27,2022-04-03,"-24 day ahead inc hosp","quantile",0.025,662,"COVID-19"
"DE-NI","00+",2022-04-27,2022-04-03,"-24 day ahead inc hosp","quantile",0.1,664,"COVID-19"
"DE-NI","00+",2022-04-27,2022-04-03,"-24 day ahead inc hosp","quantile",0.25,668,"COVID-19"
"DE-NI","00+",2022-04-27,2022-04-03,"-24 day ahead inc hosp","quantile",0.5,675,"COVID-19"
"DE-NI","00+",2022-04-27,2022-04-03,"-24 day ahead inc hosp","quantile",0.75,685,"COVID-19"
"DE-NI","00+",2022-04-27,2022-04-03,"-24 day ahead inc hosp","quantile",0.9,697,"COVID-19"
"DE-NI","00+",2022-04-27,2022-04-03,"-24 day ahead inc hosp","quantile",0.975,715,"COVID-19"
"DE-NI","00+",2022-04-27,2022-04-02,"-25 day ahead inc hosp","mean",NA,710,"COVID-19"
"DE-NI","00+",2022-04-27,2022-04-02,"-25 day ahead inc hosp","quantile",0.025,694,"COVID-19"
"DE-NI","00+",2022-04-27,2022-04-02,"-25 day ahead inc hosp","quantile",0.1,696,"COVID-19"
"DE-NI","00+",2022-04-27,2022-04-02,"-25 day ahead inc hosp","quantile",0.25,700,"COVID-19"
"DE-NI","00+",2022-04-27,2022-04-02,"-25 day ahead inc hosp","quantile",0.5,707,"COVID-19"
"DE-NI","00+",2022-04-27,2022-04-02,"-25 day ahead inc hosp","quantile",0.75,717,"COVID-19"
"DE-NI","00+",2022-04-27,2022-04-02,"-25 day ahead inc hosp","quantile",0.9,730,"COVID-19"
"DE-NI","00+",2022-04-27,2022-04-02,"-25 day ahead inc hosp","quantile",0.975,748,"COVID-19"
"DE-NI","00+",2022-04-27,2022-04-01,"-26 day ahead inc hosp","mean",NA,753,"COVID-19"
"DE-NI","00+",2022-04-27,2022-04-01,"-26 day ahead inc hosp","quantile",0.025,737,"COVID-19"
"DE-NI","00+",2022-04-27,2022-04-01,"-26 day ahead inc hosp","quantile",0.1,739,"COVID-19"
"DE-NI","00+",2022-04-27,2022-04-01,"-26 day ahead inc hosp","quantile",0.25,742,"COVID-19"
"DE-NI","00+",2022-04-27,2022-04-01,"-26 day ahead inc hosp","quantile",0.5,749,"COVID-19"
"DE-NI","00+",2022-04-27,2022-04-01,"-26 day ahead inc hosp","quantile",0.75,759,"COVID-19"
"DE-NI","00+",2022-04-27,2022-04-01,"-26 day ahead inc hosp","quantile",0.9,771,"COVID-19"
"DE-NI","00+",2022-04-27,2022-04-01,"-26 day ahead inc hosp","quantile",0.975,788,"COVID-19"
"DE-NI","00+",2022-04-27,2022-03-31,"-27 day ahead inc hosp","mean",NA,763,"COVID-19"
"DE-NI","00+",2022-04-27,2022-03-31,"-27 day ahead inc hosp","quantile",0.025,748,"COVID-19"
"DE-NI","00+",2022-04-27,2022-03-31,"-27 day ahead inc hosp","quantile",0.1,750,"COVID-19"
"DE-NI","00+",2022-04-27,2022-03-31,"-27 day ahead inc hosp","quantile",0.25,754,"COVID-19"
"DE-NI","00+",2022-04-27,2022-03-31,"-27 day ahead inc hosp","quantile",0.5,760,"COVID-19"
"DE-NI","00+",2022-04-27,2022-03-31,"-27 day ahead inc hosp","quantile",0.75,769,"COVID-19"
"DE-NI","00+",2022-04-27,2022-03-31,"-27 day ahead inc hosp","quantile",0.9,780,"COVID-19"
"DE-NI","00+",2022-04-27,2022-03-31,"-27 day ahead inc hosp","quantile",0.975,796,"COVID-19"
"DE-NI","00+",2022-04-27,2022-03-30,"-28 day ahead inc hosp","mean",NA,782,"COVID-19"
"DE-NI","00+",2022-04-27,2022-03-30,"-28 day ahead inc hosp","quantile",0.025,768,"COVID-19"
"DE-NI","00+",2022-04-27,2022-03-30,"-28 day ahead inc hosp","quantile",0.1,770,"COVID-19"
"DE-NI","00+",2022-04-27,2022-03-30,"-28 day ahead inc hosp","quantile",0.25,773,"COVID-19"
"DE-NI","00+",2022-04-27,2022-03-30,"-28 day ahead inc hosp","quantile",0.5,779,"COVID-19"
"DE-NI","00+",2022-04-27,2022-03-30,"-28 day ahead inc hosp","quantile",0.75,787,"COVID-19"
"DE-NI","00+",2022-04-27,2022-03-30,"-28 day ahead inc hosp","quantile",0.9,797,"COVID-19"
"DE-NI","00+",2022-04-27,2022-03-30,"-28 day ahead inc hosp","quantile",0.975,812,"COVID-19"
"DE-NW","00+",2022-04-27,2022-04-27,"0 day ahead inc hosp","mean",NA,1926,"COVID-19"
"DE-NW","00+",2022-04-27,2022-04-27,"0 day ahead inc hosp","quantile",0.025,1432,"COVID-19"
"DE-NW","00+",2022-04-27,2022-04-27,"0 day ahead inc hosp","quantile",0.1,1562,"COVID-19"
"DE-NW","00+",2022-04-27,2022-04-27,"0 day ahead inc hosp","quantile",0.25,1703,"COVID-19"
"DE-NW","00+",2022-04-27,2022-04-27,"0 day ahead inc hosp","quantile",0.5,1889,"COVID-19"
"DE-NW","00+",2022-04-27,2022-04-27,"0 day ahead inc hosp","quantile",0.75,2109,"COVID-19"
"DE-NW","00+",2022-04-27,2022-04-27,"0 day ahead inc hosp","quantile",0.9,2338,"COVID-19"
"DE-NW","00+",2022-04-27,2022-04-27,"0 day ahead inc hosp","quantile",0.975,2628,"COVID-19"
"DE-NW","00+",2022-04-27,2022-04-26,"-1 day ahead inc hosp","mean",NA,2088,"COVID-19"
"DE-NW","00+",2022-04-27,2022-04-26,"-1 day ahead inc hosp","quantile",0.025,1615,"COVID-19"
"DE-NW","00+",2022-04-27,2022-04-26,"-1 day ahead inc hosp","quantile",0.1,1736,"COVID-19"
"DE-NW","00+",2022-04-27,2022-04-26,"-1 day ahead inc hosp","quantile",0.25,1870,"COVID-19"
"DE-NW","00+",2022-04-27,2022-04-26,"-1 day ahead inc hosp","quantile",0.5,2050,"COVID-19"
"DE-NW","00+",2022-04-27,2022-04-26,"-1 day ahead inc hosp","quantile",0.75,2265,"COVID-19"
"DE-NW","00+",2022-04-27,2022-04-26,"-1 day ahead inc hosp","quantile",0.9,2491,"COVID-19"
"DE-NW","00+",2022-04-27,2022-04-26,"-1 day ahead inc hosp","quantile",0.975,2781,"COVID-19"
"DE-NW","00+",2022-04-27,2022-04-25,"-2 day ahead inc hosp","mean",NA,1818,"COVID-19"
"DE-NW","00+",2022-04-27,2022-04-25,"-2 day ahead inc hosp","quantile",0.025,1480,"COVID-19"
"DE-NW","00+",2022-04-27,2022-04-25,"-2 day ahead inc hosp","quantile",0.1,1566,"COVID-19"
"DE-NW","00+",2022-04-27,2022-04-25,"-2 day ahead inc hosp","quantile",0.25,1662,"COVID-19"
"DE-NW","00+",2022-04-27,2022-04-25,"-2 day ahead inc hosp","quantile",0.5,1790,"COVID-19"
"DE-NW","00+",2022-04-27,2022-04-25,"-2 day ahead inc hosp","quantile",0.75,1944,"COVID-19"
"DE-NW","00+",2022-04-27,2022-04-25,"-2 day ahead inc hosp","quantile",0.9,2105,"COVID-19"
"DE-NW","00+",2022-04-27,2022-04-25,"-2 day ahead inc hosp","quantile",0.975,2312,"COVID-19"
"DE-NW","00+",2022-04-27,2022-04-24,"-3 day ahead inc hosp","mean",NA,1803,"COVID-19"
"DE-NW","00+",2022-04-27,2022-04-24,"-3 day ahead inc hosp","quantile",0.025,1491,"COVID-19"
"DE-NW","00+",2022-04-27,2022-04-24,"-3 day ahead inc hosp","quantile",0.1,1571,"COVID-19"
"DE-NW","00+",2022-04-27,2022-04-24,"-3 day ahead inc hosp","quantile",0.25,1660,"COVID-19"
"DE-NW","00+",2022-04-27,2022-04-24,"-3 day ahead inc hosp","quantile",0.5,1778,"COVID-19"
"DE-NW","00+",2022-04-27,2022-04-24,"-3 day ahead inc hosp","quantile",0.75,1920,"COVID-19"
"DE-NW","00+",2022-04-27,2022-04-24,"-3 day ahead inc hosp","quantile",0.9,2068,"COVID-19"
"DE-NW","00+",2022-04-27,2022-04-24,"-3 day ahead inc hosp","quantile",0.975,2258,"COVID-19"
"DE-NW","00+",2022-04-27,2022-04-23,"-4 day ahead inc hosp","mean",NA,1823,"COVID-19"
"DE-NW","00+",2022-04-27,2022-04-23,"-4 day ahead inc hosp","quantile",0.025,1527,"COVID-19"
"DE-NW","00+",2022-04-27,2022-04-23,"-4 day ahead inc hosp","quantile",0.1,1603,"COVID-19"
"DE-NW","00+",2022-04-27,2022-04-23,"-4 day ahead inc hosp","quantile",0.25,1687,"COVID-19"
"DE-NW","00+",2022-04-27,2022-04-23,"-4 day ahead inc hosp","quantile",0.5,1799,"COVID-19"
"DE-NW","00+",2022-04-27,2022-04-23,"-4 day ahead inc hosp","quantile",0.75,1933,"COVID-19"
"DE-NW","00+",2022-04-27,2022-04-23,"-4 day ahead inc hosp","quantile",0.9,2073,"COVID-19"
"DE-NW","00+",2022-04-27,2022-04-23,"-4 day ahead inc hosp","quantile",0.975,2253,"COVID-19"
"DE-NW","00+",2022-04-27,2022-04-22,"-5 day ahead inc hosp","mean",NA,1697,"COVID-19"
"DE-NW","00+",2022-04-27,2022-04-22,"-5 day ahead inc hosp","quantile",0.025,1443,"COVID-19"
"DE-NW","00+",2022-04-27,2022-04-22,"-5 day ahead inc hosp","quantile",0.1,1508,"COVID-19"
"DE-NW","00+",2022-04-27,2022-04-22,"-5 day ahead inc hosp","quantile",0.25,1580,"COVID-19"
"DE-NW","00+",2022-04-27,2022-04-22,"-5 day ahead inc hosp","quantile",0.5,1676,"COVID-19"
"DE-NW","00+",2022-04-27,2022-04-22,"-5 day ahead inc hosp","quantile",0.75,1792,"COVID-19"
"DE-NW","00+",2022-04-27,2022-04-22,"-5 day ahead inc hosp","quantile",0.9,1912,"COVID-19"
"DE-NW","00+",2022-04-27,2022-04-22,"-5 day ahead inc hosp","quantile",0.975,2067,"COVID-19"
"DE-NW","00+",2022-04-27,2022-04-21,"-6 day ahead inc hosp","mean",NA,1686,"COVID-19"
"DE-NW","00+",2022-04-27,2022-04-21,"-6 day ahead inc hosp","quantile",0.025,1467,"COVID-19"
"DE-NW","00+",2022-04-27,2022-04-21,"-6 day ahead inc hosp","quantile",0.1,1522,"COVID-19"
"DE-NW","00+",2022-04-27,2022-04-21,"-6 day ahead inc hosp","quantile",0.25,1584,"COVID-19"
"DE-NW","00+",2022-04-27,2022-04-21,"-6 day ahead inc hosp","quantile",0.5,1668,"COVID-19"
"DE-NW","00+",2022-04-27,2022-04-21,"-6 day ahead inc hosp","quantile",0.75,1768,"COVID-19"
"DE-NW","00+",2022-04-27,2022-04-21,"-6 day ahead inc hosp","quantile",0.9,1873,"COVID-19"
"DE-NW","00+",2022-04-27,2022-04-21,"-6 day ahead inc hosp","quantile",0.975,2008,"COVID-19"
"DE-NW","00+",2022-04-27,2022-04-20,"-7 day ahead inc hosp","mean",NA,1671,"COVID-19"
"DE-NW","00+",2022-04-27,2022-04-20,"-7 day ahead inc hosp","quantile",0.025,1485,"COVID-19"
"DE-NW","00+",2022-04-27,2022-04-20,"-7 day ahead inc hosp","quantile",0.1,1532,"COVID-19"
"DE-NW","00+",2022-04-27,2022-04-20,"-7 day ahead inc hosp","quantile",0.25,1584,"COVID-19"
"DE-NW","00+",2022-04-27,2022-04-20,"-7 day ahead inc hosp","quantile",0.5,1655,"COVID-19"
"DE-NW","00+",2022-04-27,2022-04-20,"-7 day ahead inc hosp","quantile",0.75,1740,"COVID-19"
"DE-NW","00+",2022-04-27,2022-04-20,"-7 day ahead inc hosp","quantile",0.9,1830,"COVID-19"
"DE-NW","00+",2022-04-27,2022-04-20,"-7 day ahead inc hosp","quantile",0.975,1947,"COVID-19"
"DE-NW","00+",2022-04-27,2022-04-19,"-8 day ahead inc hosp","mean",NA,1668,"COVID-19"
"DE-NW","00+",2022-04-27,2022-04-19,"-8 day ahead inc hosp","quantile",0.025,1509,"COVID-19"
"DE-NW","00+",2022-04-27,2022-04-19,"-8 day ahead inc hosp","quantile",0.1,1548,"COVID-19"
"DE-NW","00+",2022-04-27,2022-04-19,"-8 day ahead inc hosp","quantile",0.25,1593,"COVID-19"
"DE-NW","00+",2022-04-27,2022-04-19,"-8 day ahead inc hosp","quantile",0.5,1654,"COVID-19"
"DE-NW","00+",2022-04-27,2022-04-19,"-8 day ahead inc hosp","quantile",0.75,1727,"COVID-19"
"DE-NW","00+",2022-04-27,2022-04-19,"-8 day ahead inc hosp","quantile",0.9,1806,"COVID-19"
"DE-NW","00+",2022-04-27,2022-04-19,"-8 day ahead inc hosp","quantile",0.975,1907,"COVID-19"
"DE-NW","00+",2022-04-27,2022-04-18,"-9 day ahead inc hosp","mean",NA,1915,"COVID-19"
"DE-NW","00+",2022-04-27,2022-04-18,"-9 day ahead inc hosp","quantile",0.025,1748,"COVID-19"
"DE-NW","00+",2022-04-27,2022-04-18,"-9 day ahead inc hosp","quantile",0.1,1788,"COVID-19"
"DE-NW","00+",2022-04-27,2022-04-18,"-9 day ahead inc hosp","quantile",0.25,1835,"COVID-19"
"DE-NW","00+",2022-04-27,2022-04-18,"-9 day ahead inc hosp","quantile",0.5,1899,"COVID-19"
"DE-NW","00+",2022-04-27,2022-04-18,"-9 day ahead inc hosp","quantile",0.75,1978,"COVID-19"
"DE-NW","00+",2022-04-27,2022-04-18,"-9 day ahead inc hosp","quantile",0.9,2062,"COVID-19"
"DE-NW","00+",2022-04-27,2022-04-18,"-9 day ahead inc hosp","quantile",0.975,2172,"COVID-19"
"DE-NW","00+",2022-04-27,2022-04-17,"-10 day ahead inc hosp","mean",NA,1979,"COVID-19"
"DE-NW","00+",2022-04-27,2022-04-17,"-10 day ahead inc hosp","quantile",0.025,1810,"COVID-19"
"DE-NW","00+",2022-04-27,2022-04-17,"-10 day ahead inc hosp","quantile",0.1,1850,"COVID-19"
"DE-NW","00+",2022-04-27,2022-04-17,"-10 day ahead inc hosp","quantile",0.25,1897,"COVID-19"
"DE-NW","00+",2022-04-27,2022-04-17,"-10 day ahead inc hosp","quantile",0.5,1962,"COVID-19"
"DE-NW","00+",2022-04-27,2022-04-17,"-10 day ahead inc hosp","quantile",0.75,2043,"COVID-19"
"DE-NW","00+",2022-04-27,2022-04-17,"-10 day ahead inc hosp","quantile",0.9,2130,"COVID-19"
"DE-NW","00+",2022-04-27,2022-04-17,"-10 day ahead inc hosp","quantile",0.975,2243,"COVID-19"
"DE-NW","00+",2022-04-27,2022-04-16,"-11 day ahead inc hosp","mean",NA,1993,"COVID-19"
"DE-NW","00+",2022-04-27,2022-04-16,"-11 day ahead inc hosp","quantile",0.025,1829,"COVID-19"
"DE-NW","00+",2022-04-27,2022-04-16,"-11 day ahead inc hosp","quantile",0.1,1868,"COVID-19"
"DE-NW","00+",2022-04-27,2022-04-16,"-11 day ahead inc hosp","quantile",0.25,1913,"COVID-19"
"DE-NW","00+",2022-04-27,2022-04-16,"-11 day ahead inc hosp","quantile",0.5,1976,"COVID-19"
"DE-NW","00+",2022-04-27,2022-04-16,"-11 day ahead inc hosp","quantile",0.75,2055,"COVID-19"
"DE-NW","00+",2022-04-27,2022-04-16,"-11 day ahead inc hosp","quantile",0.9,2139,"COVID-19"
"DE-NW","00+",2022-04-27,2022-04-16,"-11 day ahead inc hosp","quantile",0.975,2250,"COVID-19"
"DE-NW","00+",2022-04-27,2022-04-15,"-12 day ahead inc hosp","mean",NA,2177,"COVID-19"
"DE-NW","00+",2022-04-27,2022-04-15,"-12 day ahead inc hosp","quantile",0.025,2009,"COVID-19"
"DE-NW","00+",2022-04-27,2022-04-15,"-12 day ahead inc hosp","quantile",0.1,2048,"COVID-19"
"DE-NW","00+",2022-04-27,2022-04-15,"-12 day ahead inc hosp","quantile",0.25,2094,"COVID-19"
"DE-NW","00+",2022-04-27,2022-04-15,"-12 day ahead inc hosp","quantile",0.5,2160,"COVID-19"
"DE-NW","00+",2022-04-27,2022-04-15,"-12 day ahead inc hosp","quantile",0.75,2241,"COVID-19"
"DE-NW","00+",2022-04-27,2022-04-15,"-12 day ahead inc hosp","quantile",0.9,2329,"COVID-19"
"DE-NW","00+",2022-04-27,2022-04-15,"-12 day ahead inc hosp","quantile",0.975,2445,"COVID-19"
"DE-NW","00+",2022-04-27,2022-04-14,"-13 day ahead inc hosp","mean",NA,2205,"COVID-19"
"DE-NW","00+",2022-04-27,2022-04-14,"-13 day ahead inc hosp","quantile",0.025,2049,"COVID-19"
"DE-NW","00+",2022-04-27,2022-04-14,"-13 day ahead inc hosp","quantile",0.1,2085,"COVID-19"
"DE-NW","00+",2022-04-27,2022-04-14,"-13 day ahead inc hosp","quantile",0.25,2128,"COVID-19"
"DE-NW","00+",2022-04-27,2022-04-14,"-13 day ahead inc hosp","quantile",0.5,2189,"COVID-19"
"DE-NW","00+",2022-04-27,2022-04-14,"-13 day ahead inc hosp","quantile",0.75,2265,"COVID-19"
"DE-NW","00+",2022-04-27,2022-04-14,"-13 day ahead inc hosp","quantile",0.9,2347,"COVID-19"
"DE-NW","00+",2022-04-27,2022-04-14,"-13 day ahead inc hosp","quantile",0.975,2455,"COVID-19"
"DE-NW","00+",2022-04-27,2022-04-13,"-14 day ahead inc hosp","mean",NA,2253,"COVID-19"
"DE-NW","00+",2022-04-27,2022-04-13,"-14 day ahead inc hosp","quantile",0.025,2109,"COVID-19"
"DE-NW","00+",2022-04-27,2022-04-13,"-14 day ahead inc hosp","quantile",0.1,2142,"COVID-19"
"DE-NW","00+",2022-04-27,2022-04-13,"-14 day ahead inc hosp","quantile",0.25,2182,"COVID-19"
"DE-NW","00+",2022-04-27,2022-04-13,"-14 day ahead inc hosp","quantile",0.5,2238,"COVID-19"
"DE-NW","00+",2022-04-27,2022-04-13,"-14 day ahead inc hosp","quantile",0.75,2308,"COVID-19"
"DE-NW","00+",2022-04-27,2022-04-13,"-14 day ahead inc hosp","quantile",0.9,2384,"COVID-19"
"DE-NW","00+",2022-04-27,2022-04-13,"-14 day ahead inc hosp","quantile",0.975,2486,"COVID-19"
"DE-NW","00+",2022-04-27,2022-04-12,"-15 day ahead inc hosp","mean",NA,2311,"COVID-19"
"DE-NW","00+",2022-04-27,2022-04-12,"-15 day ahead inc hosp","quantile",0.025,2175,"COVID-19"
"DE-NW","00+",2022-04-27,2022-04-12,"-15 day ahead inc hosp","quantile",0.1,2206,"COVID-19"
"DE-NW","00+",2022-04-27,2022-04-12,"-15 day ahead inc hosp","quantile",0.25,2243,"COVID-19"
"DE-NW","00+",2022-04-27,2022-04-12,"-15 day ahead inc hosp","quantile",0.5,2296,"COVID-19"
"DE-NW","00+",2022-04-27,2022-04-12,"-15 day ahead inc hosp","quantile",0.75,2362,"COVID-19"
"DE-NW","00+",2022-04-27,2022-04-12,"-15 day ahead inc hosp","quantile",0.9,2434,"COVID-19"
"DE-NW","00+",2022-04-27,2022-04-12,"-15 day ahead inc hosp","quantile",0.975,2530,"COVID-19"
"DE-NW","00+",2022-04-27,2022-04-11,"-16 day ahead inc hosp","mean",NA,2256,"COVID-19"
"DE-NW","00+",2022-04-27,2022-04-11,"-16 day ahead inc hosp","quantile",0.025,2135,"COVID-19"
"DE-NW","00+",2022-04-27,2022-04-11,"-16 day ahead inc hosp","quantile",0.1,2162,"COVID-19"
"DE-NW","00+",2022-04-27,2022-04-11,"-16 day ahead inc hosp","quantile",0.25,2195,"COVID-19"
"DE-NW","00+",2022-04-27,2022-04-11,"-16 day ahead inc hosp","quantile",0.5,2243,"COVID-19"
"DE-NW","00+",2022-04-27,2022-04-11,"-16 day ahead inc hosp","quantile",0.75,2302,"COVID-19"
"DE-NW","00+",2022-04-27,2022-04-11,"-16 day ahead inc hosp","quantile",0.9,2368,"COVID-19"
"DE-NW","00+",2022-04-27,2022-04-11,"-16 day ahead inc hosp","quantile",0.975,2454,"COVID-19"
"DE-NW","00+",2022-04-27,2022-04-10,"-17 day ahead inc hosp","mean",NA,2237,"COVID-19"
"DE-NW","00+",2022-04-27,2022-04-10,"-17 day ahead inc hosp","quantile",0.025,2120,"COVID-19"
"DE-NW","00+",2022-04-27,2022-04-10,"-17 day ahead inc hosp","quantile",0.1,2146,"COVID-19"
"DE-NW","00+",2022-04-27,2022-04-10,"-17 day ahead inc hosp","quantile",0.25,2178,"COVID-19"
"DE-NW","00+",2022-04-27,2022-04-10,"-17 day ahead inc hosp","quantile",0.5,2224,"COVID-19"
"DE-NW","00+",2022-04-27,2022-04-10,"-17 day ahead inc hosp","quantile",0.75,2282,"COVID-19"
"DE-NW","00+",2022-04-27,2022-04-10,"-17 day ahead inc hosp","quantile",0.9,2345,"COVID-19"
"DE-NW","00+",2022-04-27,2022-04-10,"-17 day ahead inc hosp","quantile",0.975,2428,"COVID-19"
"DE-NW","00+",2022-04-27,2022-04-09,"-18 day ahead inc hosp","mean",NA,2259,"COVID-19"
"DE-NW","00+",2022-04-27,2022-04-09,"-18 day ahead inc hosp","quantile",0.025,2144,"COVID-19"
"DE-NW","00+",2022-04-27,2022-04-09,"-18 day ahead inc hosp","quantile",0.1,2169,"COVID-19"
"DE-NW","00+",2022-04-27,2022-04-09,"-18 day ahead inc hosp","quantile",0.25,2201,"COVID-19"
"DE-NW","00+",2022-04-27,2022-04-09,"-18 day ahead inc hosp","quantile",0.5,2245,"COVID-19"
"DE-NW","00+",2022-04-27,2022-04-09,"-18 day ahead inc hosp","quantile",0.75,2302,"COVID-19"
"DE-NW","00+",2022-04-27,2022-04-09,"-18 day ahead inc hosp","quantile",0.9,2365,"COVID-19"
"DE-NW","00+",2022-04-27,2022-04-09,"-18 day ahead inc hosp","quantile",0.975,2448,"COVID-19"
"DE-NW","00+",2022-04-27,2022-04-08,"-19 day ahead inc hosp","mean",NA,2198,"COVID-19"
"DE-NW","00+",2022-04-27,2022-04-08,"-19 day ahead inc hosp","quantile",0.025,2092,"COVID-19"
"DE-NW","00+",2022-04-27,2022-04-08,"-19 day ahead inc hosp","quantile",0.1,2115,"COVID-19"
"DE-NW","00+",2022-04-27,2022-04-08,"-19 day ahead inc hosp","quantile",0.25,2144,"COVID-19"
"DE-NW","00+",2022-04-27,2022-04-08,"-19 day ahead inc hosp","quantile",0.5,2186,"COVID-19"
"DE-NW","00+",2022-04-27,2022-04-08,"-19 day ahead inc hosp","quantile",0.75,2239,"COVID-19"
"DE-NW","00+",2022-04-27,2022-04-08,"-19 day ahead inc hosp","quantile",0.9,2297,"COVID-19"
"DE-NW","00+",2022-04-27,2022-04-08,"-19 day ahead inc hosp","quantile",0.975,2375,"COVID-19"
"DE-NW","00+",2022-04-27,2022-04-07,"-20 day ahead inc hosp","mean",NA,2198,"COVID-19"
"DE-NW","00+",2022-04-27,2022-04-07,"-20 day ahead inc hosp","quantile",0.025,2100,"COVID-19"
"DE-NW","00+",2022-04-27,2022-04-07,"-20 day ahead inc hosp","quantile",0.1,2121,"COVID-19"
"DE-NW","00+",2022-04-27,2022-04-07,"-20 day ahead inc hosp","quantile",0.25,2147,"COVID-19"
"DE-NW","00+",2022-04-27,2022-04-07,"-20 day ahead inc hosp","quantile",0.5,2186,"COVID-19"
"DE-NW","00+",2022-04-27,2022-04-07,"-20 day ahead inc hosp","quantile",0.75,2236,"COVID-19"
"DE-NW","00+",2022-04-27,2022-04-07,"-20 day ahead inc hosp","quantile",0.9,2291,"COVID-19"
"DE-NW","00+",2022-04-27,2022-04-07,"-20 day ahead inc hosp","quantile",0.975,2364,"COVID-19"
"DE-NW","00+",2022-04-27,2022-04-06,"-21 day ahead inc hosp","mean",NA,2182,"COVID-19"
"DE-NW","00+",2022-04-27,2022-04-06,"-21 day ahead inc hosp","quantile",0.025,2093,"COVID-19"
"DE-NW","00+",2022-04-27,2022-04-06,"-21 day ahead inc hosp","quantile",0.1,2112,"COVID-19"
"DE-NW","00+",2022-04-27,2022-04-06,"-21 day ahead inc hosp","quantile",0.25,2136,"COVID-19"
"DE-NW","00+",2022-04-27,2022-04-06,"-21 day ahead inc hosp","quantile",0.5,2171,"COVID-19"
"DE-NW","00+",2022-04-27,2022-04-06,"-21 day ahead inc hosp","quantile",0.75,2217,"COVID-19"
"DE-NW","00+",2022-04-27,2022-04-06,"-21 day ahead inc hosp","quantile",0.9,2267,"COVID-19"
"DE-NW","00+",2022-04-27,2022-04-06,"-21 day ahead inc hosp","quantile",0.975,2335,"COVID-19"
"DE-NW","00+",2022-04-27,2022-04-05,"-22 day ahead inc hosp","mean",NA,2211,"COVID-19"
"DE-NW","00+",2022-04-27,2022-04-05,"-22 day ahead inc hosp","quantile",0.025,2130,"COVID-19"
"DE-NW","00+",2022-04-27,2022-04-05,"-22 day ahead inc hosp","quantile",0.1,2147,"COVID-19"
"DE-NW","00+",2022-04-27,2022-04-05,"-22 day ahead inc hosp","quantile",0.25,2168,"COVID-19"
"DE-NW","00+",2022-04-27,2022-04-05,"-22 day ahead inc hosp","quantile",0.5,2201,"COVID-19"
"DE-NW","00+",2022-04-27,2022-04-05,"-22 day ahead inc hosp","quantile",0.75,2242,"COVID-19"
"DE-NW","00+",2022-04-27,2022-04-05,"-22 day ahead inc hosp","quantile",0.9,2289,"COVID-19"
"DE-NW","00+",2022-04-27,2022-04-05,"-22 day ahead inc hosp","quantile",0.975,2351,"COVID-19"
"DE-NW","00+",2022-04-27,2022-04-04,"-23 day ahead inc hosp","mean",NA,2227,"COVID-19"
"DE-NW","00+",2022-04-27,2022-04-04,"-23 day ahead inc hosp","quantile",0.025,2152,"COVID-19"
"DE-NW","00+",2022-04-27,2022-04-04,"-23 day ahead inc hosp","quantile",0.1,2168,"COVID-19"
"DE-NW","00+",2022-04-27,2022-04-04,"-23 day ahead inc hosp","quantile",0.25,2187,"COVID-19"
"DE-NW","00+",2022-04-27,2022-04-04,"-23 day ahead inc hosp","quantile",0.5,2217,"COVID-19"
"DE-NW","00+",2022-04-27,2022-04-04,"-23 day ahead inc hosp","quantile",0.75,2255,"COVID-19"
"DE-NW","00+",2022-04-27,2022-04-04,"-23 day ahead inc hosp","quantile",0.9,2298,"COVID-19"
"DE-NW","00+",2022-04-27,2022-04-04,"-23 day ahead inc hosp","quantile",0.975,2356,"COVID-19"
"DE-NW","00+",2022-04-27,2022-04-03,"-24 day ahead inc hosp","mean",NA,2240,"COVID-19"
"DE-NW","00+",2022-04-27,2022-04-03,"-24 day ahead inc hosp","quantile",0.025,2168,"COVID-19"
"DE-NW","00+",2022-04-27,2022-04-03,"-24 day ahead inc hosp","quantile",0.1,2183,"COVID-19"
"DE-NW","00+",2022-04-27,2022-04-03,"-24 day ahead inc hosp","quantile",0.25,2202,"COVID-19"
"DE-NW","00+",2022-04-27,2022-04-03,"-24 day ahead inc hosp","quantile",0.5,2231,"COVID-19"
"DE-NW","00+",2022-04-27,2022-04-03,"-24 day ahead inc hosp","quantile",0.75,2268,"COVID-19"
"DE-NW","00+",2022-04-27,2022-04-03,"-24 day ahead inc hosp","quantile",0.9,2309,"COVID-19"
"DE-NW","00+",2022-04-27,2022-04-03,"-24 day ahead inc hosp","quantile",0.975,2366,"COVID-19"
"DE-NW","00+",2022-04-27,2022-04-02,"-25 day ahead inc hosp","mean",NA,2282,"COVID-19"
"DE-NW","00+",2022-04-27,2022-04-02,"-25 day ahead inc hosp","quantile",0.025,2212,"COVID-19"
"DE-NW","00+",2022-04-27,2022-04-02,"-25 day ahead inc hosp","quantile",0.1,2226,"COVID-19"
"DE-NW","00+",2022-04-27,2022-04-02,"-25 day ahead inc hosp","quantile",0.25,2245,"COVID-19"
"DE-NW","00+",2022-04-27,2022-04-02,"-25 day ahead inc hosp","quantile",0.5,2272,"COVID-19"
"DE-NW","00+",2022-04-27,2022-04-02,"-25 day ahead inc hosp","quantile",0.75,2308,"COVID-19"
"DE-NW","00+",2022-04-27,2022-04-02,"-25 day ahead inc hosp","quantile",0.9,2349,"COVID-19"
"DE-NW","00+",2022-04-27,2022-04-02,"-25 day ahead inc hosp","quantile",0.975,2403,"COVID-19"
"DE-NW","00+",2022-04-27,2022-04-01,"-26 day ahead inc hosp","mean",NA,2403,"COVID-19"
"DE-NW","00+",2022-04-27,2022-04-01,"-26 day ahead inc hosp","quantile",0.025,2335,"COVID-19"
"DE-NW","00+",2022-04-27,2022-04-01,"-26 day ahead inc hosp","quantile",0.1,2349,"COVID-19"
"DE-NW","00+",2022-04-27,2022-04-01,"-26 day ahead inc hosp","quantile",0.25,2367,"COVID-19"
"DE-NW","00+",2022-04-27,2022-04-01,"-26 day ahead inc hosp","quantile",0.5,2394,"COVID-19"
"DE-NW","00+",2022-04-27,2022-04-01,"-26 day ahead inc hosp","quantile",0.75,2429,"COVID-19"
"DE-NW","00+",2022-04-27,2022-04-01,"-26 day ahead inc hosp","quantile",0.9,2468,"COVID-19"
"DE-NW","00+",2022-04-27,2022-04-01,"-26 day ahead inc hosp","quantile",0.975,2520,"COVID-19"
"DE-NW","00+",2022-04-27,2022-03-31,"-27 day ahead inc hosp","mean",NA,2419,"COVID-19"
"DE-NW","00+",2022-04-27,2022-03-31,"-27 day ahead inc hosp","quantile",0.025,2358,"COVID-19"
"DE-NW","00+",2022-04-27,2022-03-31,"-27 day ahead inc hosp","quantile",0.1,2371,"COVID-19"
"DE-NW","00+",2022-04-27,2022-03-31,"-27 day ahead inc hosp","quantile",0.25,2387,"COVID-19"
"DE-NW","00+",2022-04-27,2022-03-31,"-27 day ahead inc hosp","quantile",0.5,2411,"COVID-19"
"DE-NW","00+",2022-04-27,2022-03-31,"-27 day ahead inc hosp","quantile",0.75,2443,"COVID-19"
"DE-NW","00+",2022-04-27,2022-03-31,"-27 day ahead inc hosp","quantile",0.9,2479,"COVID-19"
"DE-NW","00+",2022-04-27,2022-03-31,"-27 day ahead inc hosp","quantile",0.975,2526,"COVID-19"
"DE-NW","00+",2022-04-27,2022-03-30,"-28 day ahead inc hosp","mean",NA,2465,"COVID-19"
"DE-NW","00+",2022-04-27,2022-03-30,"-28 day ahead inc hosp","quantile",0.025,2409,"COVID-19"
"DE-NW","00+",2022-04-27,2022-03-30,"-28 day ahead inc hosp","quantile",0.1,2421,"COVID-19"
"DE-NW","00+",2022-04-27,2022-03-30,"-28 day ahead inc hosp","quantile",0.25,2435,"COVID-19"
"DE-NW","00+",2022-04-27,2022-03-30,"-28 day ahead inc hosp","quantile",0.5,2457,"COVID-19"
"DE-NW","00+",2022-04-27,2022-03-30,"-28 day ahead inc hosp","quantile",0.75,2486,"COVID-19"
"DE-NW","00+",2022-04-27,2022-03-30,"-28 day ahead inc hosp","quantile",0.9,2518,"COVID-19"
"DE-NW","00+",2022-04-27,2022-03-30,"-28 day ahead inc hosp","quantile",0.975,2562,"COVID-19"
"DE-RP","00+",2022-04-27,2022-04-27,"0 day ahead inc hosp","mean",NA,674,"COVID-19"
"DE-RP","00+",2022-04-27,2022-04-27,"0 day ahead inc hosp","quantile",0.025,476,"COVID-19"
"DE-RP","00+",2022-04-27,2022-04-27,"0 day ahead inc hosp","quantile",0.1,527,"COVID-19"
"DE-RP","00+",2022-04-27,2022-04-27,"0 day ahead inc hosp","quantile",0.25,584,"COVID-19"
"DE-RP","00+",2022-04-27,2022-04-27,"0 day ahead inc hosp","quantile",0.5,659,"COVID-19"
"DE-RP","00+",2022-04-27,2022-04-27,"0 day ahead inc hosp","quantile",0.75,748,"COVID-19"
"DE-RP","00+",2022-04-27,2022-04-27,"0 day ahead inc hosp","quantile",0.9,840,"COVID-19"
"DE-RP","00+",2022-04-27,2022-04-27,"0 day ahead inc hosp","quantile",0.975,959,"COVID-19"
"DE-RP","00+",2022-04-27,2022-04-26,"-1 day ahead inc hosp","mean",NA,695,"COVID-19"
"DE-RP","00+",2022-04-27,2022-04-26,"-1 day ahead inc hosp","quantile",0.025,540,"COVID-19"
"DE-RP","00+",2022-04-27,2022-04-26,"-1 day ahead inc hosp","quantile",0.1,580,"COVID-19"
"DE-RP","00+",2022-04-27,2022-04-26,"-1 day ahead inc hosp","quantile",0.25,625,"COVID-19"
"DE-RP","00+",2022-04-27,2022-04-26,"-1 day ahead inc hosp","quantile",0.5,684,"COVID-19"
"DE-RP","00+",2022-04-27,2022-04-26,"-1 day ahead inc hosp","quantile",0.75,753,"COVID-19"
"DE-RP","00+",2022-04-27,2022-04-26,"-1 day ahead inc hosp","quantile",0.9,825,"COVID-19"
"DE-RP","00+",2022-04-27,2022-04-26,"-1 day ahead inc hosp","quantile",0.975,917,"COVID-19"
"DE-RP","00+",2022-04-27,2022-04-25,"-2 day ahead inc hosp","mean",NA,507,"COVID-19"
"DE-RP","00+",2022-04-27,2022-04-25,"-2 day ahead inc hosp","quantile",0.025,411,"COVID-19"
"DE-RP","00+",2022-04-27,2022-04-25,"-2 day ahead inc hosp","quantile",0.1,436,"COVID-19"
"DE-RP","00+",2022-04-27,2022-04-25,"-2 day ahead inc hosp","quantile",0.25,464,"COVID-19"
"DE-RP","00+",2022-04-27,2022-04-25,"-2 day ahead inc hosp","quantile",0.5,500,"COVID-19"
"DE-RP","00+",2022-04-27,2022-04-25,"-2 day ahead inc hosp","quantile",0.75,542,"COVID-19"
"DE-RP","00+",2022-04-27,2022-04-25,"-2 day ahead inc hosp","quantile",0.9,587,"COVID-19"
"DE-RP","00+",2022-04-27,2022-04-25,"-2 day ahead inc hosp","quantile",0.975,643,"COVID-19"
"DE-RP","00+",2022-04-27,2022-04-24,"-3 day ahead inc hosp","mean",NA,503,"COVID-19"
"DE-RP","00+",2022-04-27,2022-04-24,"-3 day ahead inc hosp","quantile",0.025,414,"COVID-19"
"DE-RP","00+",2022-04-27,2022-04-24,"-3 day ahead inc hosp","quantile",0.1,438,"COVID-19"
"DE-RP","00+",2022-04-27,2022-04-24,"-3 day ahead inc hosp","quantile",0.25,463,"COVID-19"
"DE-RP","00+",2022-04-27,2022-04-24,"-3 day ahead inc hosp","quantile",0.5,497,"COVID-19"
"DE-RP","00+",2022-04-27,2022-04-24,"-3 day ahead inc hosp","quantile",0.75,536,"COVID-19"
"DE-RP","00+",2022-04-27,2022-04-24,"-3 day ahead inc hosp","quantile",0.9,576,"COVID-19"
"DE-RP","00+",2022-04-27,2022-04-24,"-3 day ahead inc hosp","quantile",0.975,627,"COVID-19"
"DE-RP","00+",2022-04-27,2022-04-23,"-4 day ahead inc hosp","mean",NA,493,"COVID-19"
"DE-RP","00+",2022-04-27,2022-04-23,"-4 day ahead inc hosp","quantile",0.025,411,"COVID-19"
"DE-RP","00+",2022-04-27,2022-04-23,"-4 day ahead inc hosp","quantile",0.1,433,"COVID-19"
"DE-RP","00+",2022-04-27,2022-04-23,"-4 day ahead inc hosp","quantile",0.25,457,"COVID-19"
"DE-RP","00+",2022-04-27,2022-04-23,"-4 day ahead inc hosp","quantile",0.5,488,"COVID-19"
"DE-RP","00+",2022-04-27,2022-04-23,"-4 day ahead inc hosp","quantile",0.75,524,"COVID-19"
"DE-RP","00+",2022-04-27,2022-04-23,"-4 day ahead inc hosp","quantile",0.9,561,"COVID-19"
"DE-RP","00+",2022-04-27,2022-04-23,"-4 day ahead inc hosp","quantile",0.975,607,"COVID-19"
"DE-RP","00+",2022-04-27,2022-04-22,"-5 day ahead inc hosp","mean",NA,417,"COVID-19"
"DE-RP","00+",2022-04-27,2022-04-22,"-5 day ahead inc hosp","quantile",0.025,354,"COVID-19"
"DE-RP","00+",2022-04-27,2022-04-22,"-5 day ahead inc hosp","quantile",0.1,371,"COVID-19"
"DE-RP","00+",2022-04-27,2022-04-22,"-5 day ahead inc hosp","quantile",0.25,390,"COVID-19"
"DE-RP","00+",2022-04-27,2022-04-22,"-5 day ahead inc hosp","quantile",0.5,413,"COVID-19"
"DE-RP","00+",2022-04-27,2022-04-22,"-5 day ahead inc hosp","quantile",0.75,440,"COVID-19"
"DE-RP","00+",2022-04-27,2022-04-22,"-5 day ahead inc hosp","quantile",0.9,468,"COVID-19"
"DE-RP","00+",2022-04-27,2022-04-22,"-5 day ahead inc hosp","quantile",0.975,502,"COVID-19"
"DE-RP","00+",2022-04-27,2022-04-21,"-6 day ahead inc hosp","mean",NA,402,"COVID-19"
"DE-RP","00+",2022-04-27,2022-04-21,"-6 day ahead inc hosp","quantile",0.025,351,"COVID-19"
"DE-RP","00+",2022-04-27,2022-04-21,"-6 day ahead inc hosp","quantile",0.1,365,"COVID-19"
"DE-RP","00+",2022-04-27,2022-04-21,"-6 day ahead inc hosp","quantile",0.25,380,"COVID-19"
"DE-RP","00+",2022-04-27,2022-04-21,"-6 day ahead inc hosp","quantile",0.5,399,"COVID-19"
"DE-RP","00+",2022-04-27,2022-04-21,"-6 day ahead inc hosp","quantile",0.75,421,"COVID-19"
"DE-RP","00+",2022-04-27,2022-04-21,"-6 day ahead inc hosp","quantile",0.9,443,"COVID-19"
"DE-RP","00+",2022-04-27,2022-04-21,"-6 day ahead inc hosp","quantile",0.975,470,"COVID-19"
"DE-RP","00+",2022-04-27,2022-04-20,"-7 day ahead inc hosp","mean",NA,374,"COVID-19"
"DE-RP","00+",2022-04-27,2022-04-20,"-7 day ahead inc hosp","quantile",0.025,335,"COVID-19"
"DE-RP","00+",2022-04-27,2022-04-20,"-7 day ahead inc hosp","quantile",0.1,346,"COVID-19"
"DE-RP","00+",2022-04-27,2022-04-20,"-7 day ahead inc hosp","quantile",0.25,358,"COVID-19"
"DE-RP","00+",2022-04-27,2022-04-20,"-7 day ahead inc hosp","quantile",0.5,372,"COVID-19"
"DE-RP","00+",2022-04-27,2022-04-20,"-7 day ahead inc hosp","quantile",0.75,388,"COVID-19"
"DE-RP","00+",2022-04-27,2022-04-20,"-7 day ahead inc hosp","quantile",0.9,405,"COVID-19"
"DE-RP","00+",2022-04-27,2022-04-20,"-7 day ahead inc hosp","quantile",0.975,425,"COVID-19"
"DE-RP","00+",2022-04-27,2022-04-19,"-8 day ahead inc hosp","mean",NA,299,"COVID-19"
"DE-RP","00+",2022-04-27,2022-04-19,"-8 day ahead inc hosp","quantile",0.025,275,"COVID-19"
"DE-RP","00+",2022-04-27,2022-04-19,"-8 day ahead inc hosp","quantile",0.1,282,"COVID-19"
"DE-RP","00+",2022-04-27,2022-04-19,"-8 day ahead inc hosp","quantile",0.25,289,"COVID-19"
"DE-RP","00+",2022-04-27,2022-04-19,"-8 day ahead inc hosp","quantile",0.5,297,"COVID-19"
"DE-RP","00+",2022-04-27,2022-04-19,"-8 day ahead inc hosp","quantile",0.75,307,"COVID-19"
"DE-RP","00+",2022-04-27,2022-04-19,"-8 day ahead inc hosp","quantile",0.9,317,"COVID-19"
"DE-RP","00+",2022-04-27,2022-04-19,"-8 day ahead inc hosp","quantile",0.975,330,"COVID-19"
"DE-RP","00+",2022-04-27,2022-04-18,"-9 day ahead inc hosp","mean",NA,410,"COVID-19"
"DE-RP","00+",2022-04-27,2022-04-18,"-9 day ahead inc hosp","quantile",0.025,380,"COVID-19"
"DE-RP","00+",2022-04-27,2022-04-18,"-9 day ahead inc hosp","quantile",0.1,389,"COVID-19"
"DE-RP","00+",2022-04-27,2022-04-18,"-9 day ahead inc hosp","quantile",0.25,397,"COVID-19"
"DE-RP","00+",2022-04-27,2022-04-18,"-9 day ahead inc hosp","quantile",0.5,408,"COVID-19"
"DE-RP","00+",2022-04-27,2022-04-18,"-9 day ahead inc hosp","quantile",0.75,420,"COVID-19"
"DE-RP","00+",2022-04-27,2022-04-18,"-9 day ahead inc hosp","quantile",0.9,432,"COVID-19"
"DE-RP","00+",2022-04-27,2022-04-18,"-9 day ahead inc hosp","quantile",0.975,447,"COVID-19"
"DE-RP","00+",2022-04-27,2022-04-17,"-10 day ahead inc hosp","mean",NA,414,"COVID-19"
"DE-RP","00+",2022-04-27,2022-04-17,"-10 day ahead inc hosp","quantile",0.025,385,"COVID-19"
"DE-RP","00+",2022-04-27,2022-04-17,"-10 day ahead inc hosp","quantile",0.1,394,"COVID-19"
"DE-RP","00+",2022-04-27,2022-04-17,"-10 day ahead inc hosp","quantile",0.25,402,"COVID-19"
"DE-RP","00+",2022-04-27,2022-04-17,"-10 day ahead inc hosp","quantile",0.5,413,"COVID-19"
"DE-RP","00+",2022-04-27,2022-04-17,"-10 day ahead inc hosp","quantile",0.75,425,"COVID-19"
"DE-RP","00+",2022-04-27,2022-04-17,"-10 day ahead inc hosp","quantile",0.9,437,"COVID-19"
"DE-RP","00+",2022-04-27,2022-04-17,"-10 day ahead inc hosp","quantile",0.975,452,"COVID-19"
"DE-RP","00+",2022-04-27,2022-04-16,"-11 day ahead inc hosp","mean",NA,419,"COVID-19"
"DE-RP","00+",2022-04-27,2022-04-16,"-11 day ahead inc hosp","quantile",0.025,389,"COVID-19"
"DE-RP","00+",2022-04-27,2022-04-16,"-11 day ahead inc hosp","quantile",0.1,398,"COVID-19"
"DE-RP","00+",2022-04-27,2022-04-16,"-11 day ahead inc hosp","quantile",0.25,407,"COVID-19"
"DE-RP","00+",2022-04-27,2022-04-16,"-11 day ahead inc hosp","quantile",0.5,417,"COVID-19"
"DE-RP","00+",2022-04-27,2022-04-16,"-11 day ahead inc hosp","quantile",0.75,430,"COVID-19"
"DE-RP","00+",2022-04-27,2022-04-16,"-11 day ahead inc hosp","quantile",0.9,442,"COVID-19"
"DE-RP","00+",2022-04-27,2022-04-16,"-11 day ahead inc hosp","quantile",0.975,457,"COVID-19"
"DE-RP","00+",2022-04-27,2022-04-15,"-12 day ahead inc hosp","mean",NA,478,"COVID-19"
"DE-RP","00+",2022-04-27,2022-04-15,"-12 day ahead inc hosp","quantile",0.025,445,"COVID-19"
"DE-RP","00+",2022-04-27,2022-04-15,"-12 day ahead inc hosp","quantile",0.1,454,"COVID-19"
"DE-RP","00+",2022-04-27,2022-04-15,"-12 day ahead inc hosp","quantile",0.25,464,"COVID-19"
"DE-RP","00+",2022-04-27,2022-04-15,"-12 day ahead inc hosp","quantile",0.5,476,"COVID-19"
"DE-RP","00+",2022-04-27,2022-04-15,"-12 day ahead inc hosp","quantile",0.75,490,"COVID-19"
"DE-RP","00+",2022-04-27,2022-04-15,"-12 day ahead inc hosp","quantile",0.9,504,"COVID-19"
"DE-RP","00+",2022-04-27,2022-04-15,"-12 day ahead inc hosp","quantile",0.975,522,"COVID-19"
"DE-RP","00+",2022-04-27,2022-04-14,"-13 day ahead inc hosp","mean",NA,462,"COVID-19"
"DE-RP","00+",2022-04-27,2022-04-14,"-13 day ahead inc hosp","quantile",0.025,431,"COVID-19"
"DE-RP","00+",2022-04-27,2022-04-14,"-13 day ahead inc hosp","quantile",0.1,440,"COVID-19"
"DE-RP","00+",2022-04-27,2022-04-14,"-13 day ahead inc hosp","quantile",0.25,449,"COVID-19"
"DE-RP","00+",2022-04-27,2022-04-14,"-13 day ahead inc hosp","quantile",0.5,460,"COVID-19"
"DE-RP","00+",2022-04-27,2022-04-14,"-13 day ahead inc hosp","quantile",0.75,473,"COVID-19"
"DE-RP","00+",2022-04-27,2022-04-14,"-13 day ahead inc hosp","quantile",0.9,487,"COVID-19"
"DE-RP","00+",2022-04-27,2022-04-14,"-13 day ahead inc hosp","quantile",0.975,504,"COVID-19"
"DE-RP","00+",2022-04-27,2022-04-13,"-14 day ahead inc hosp","mean",NA,481,"COVID-19"
"DE-RP","00+",2022-04-27,2022-04-13,"-14 day ahead inc hosp","quantile",0.025,450,"COVID-19"
"DE-RP","00+",2022-04-27,2022-04-13,"-14 day ahead inc hosp","quantile",0.1,459,"COVID-19"
"DE-RP","00+",2022-04-27,2022-04-13,"-14 day ahead inc hosp","quantile",0.25,467,"COVID-19"
"DE-RP","00+",2022-04-27,2022-04-13,"-14 day ahead inc hosp","quantile",0.5,479,"COVID-19"
"DE-RP","00+",2022-04-27,2022-04-13,"-14 day ahead inc hosp","quantile",0.75,492,"COVID-19"
"DE-RP","00+",2022-04-27,2022-04-13,"-14 day ahead inc hosp","quantile",0.9,505,"COVID-19"
"DE-RP","00+",2022-04-27,2022-04-13,"-14 day ahead inc hosp","quantile",0.975,522,"COVID-19"
"DE-RP","00+",2022-04-27,2022-04-12,"-15 day ahead inc hosp","mean",NA,506,"COVID-19"
"DE-RP","00+",2022-04-27,2022-04-12,"-15 day ahead inc hosp","quantile",0.025,475,"COVID-19"
"DE-RP","00+",2022-04-27,2022-04-12,"-15 day ahead inc hosp","quantile",0.1,483,"COVID-19"
"DE-RP","00+",2022-04-27,2022-04-12,"-15 day ahead inc hosp","quantile",0.25,492,"COVID-19"
"DE-RP","00+",2022-04-27,2022-04-12,"-15 day ahead inc hosp","quantile",0.5,503,"COVID-19"
"DE-RP","00+",2022-04-27,2022-04-12,"-15 day ahead inc hosp","quantile",0.75,517,"COVID-19"
"DE-RP","00+",2022-04-27,2022-04-12,"-15 day ahead inc hosp","quantile",0.9,531,"COVID-19"
"DE-RP","00+",2022-04-27,2022-04-12,"-15 day ahead inc hosp","quantile",0.975,548,"COVID-19"
"DE-RP","00+",2022-04-27,2022-04-11,"-16 day ahead inc hosp","mean",NA,537,"COVID-19"
"DE-RP","00+",2022-04-27,2022-04-11,"-16 day ahead inc hosp","quantile",0.025,508,"COVID-19"
"DE-RP","00+",2022-04-27,2022-04-11,"-16 day ahead inc hosp","quantile",0.1,515,"COVID-19"
"DE-RP","00+",2022-04-27,2022-04-11,"-16 day ahead inc hosp","quantile",0.25,524,"COVID-19"
"DE-RP","00+",2022-04-27,2022-04-11,"-16 day ahead inc hosp","quantile",0.5,535,"COVID-19"
"DE-RP","00+",2022-04-27,2022-04-11,"-16 day ahead inc hosp","quantile",0.75,548,"COVID-19"
"DE-RP","00+",2022-04-27,2022-04-11,"-16 day ahead inc hosp","quantile",0.9,562,"COVID-19"
"DE-RP","00+",2022-04-27,2022-04-11,"-16 day ahead inc hosp","quantile",0.975,579,"COVID-19"
"DE-RP","00+",2022-04-27,2022-04-10,"-17 day ahead inc hosp","mean",NA,534,"COVID-19"
"DE-RP","00+",2022-04-27,2022-04-10,"-17 day ahead inc hosp","quantile",0.025,504,"COVID-19"
"DE-RP","00+",2022-04-27,2022-04-10,"-17 day ahead inc hosp","quantile",0.1,512,"COVID-19"
"DE-RP","00+",2022-04-27,2022-04-10,"-17 day ahead inc hosp","quantile",0.25,520,"COVID-19"
"DE-RP","00+",2022-04-27,2022-04-10,"-17 day ahead inc hosp","quantile",0.5,532,"COVID-19"
"DE-RP","00+",2022-04-27,2022-04-10,"-17 day ahead inc hosp","quantile",0.75,545,"COVID-19"
"DE-RP","00+",2022-04-27,2022-04-10,"-17 day ahead inc hosp","quantile",0.9,560,"COVID-19"
"DE-RP","00+",2022-04-27,2022-04-10,"-17 day ahead inc hosp","quantile",0.975,578,"COVID-19"
"DE-RP","00+",2022-04-27,2022-04-09,"-18 day ahead inc hosp","mean",NA,540,"COVID-19"
"DE-RP","00+",2022-04-27,2022-04-09,"-18 day ahead inc hosp","quantile",0.025,510,"COVID-19"
"DE-RP","00+",2022-04-27,2022-04-09,"-18 day ahead inc hosp","quantile",0.1,517,"COVID-19"
"DE-RP","00+",2022-04-27,2022-04-09,"-18 day ahead inc hosp","quantile",0.25,526,"COVID-19"
"DE-RP","00+",2022-04-27,2022-04-09,"-18 day ahead inc hosp","quantile",0.5,537,"COVID-19"
"DE-RP","00+",2022-04-27,2022-04-09,"-18 day ahead inc hosp","quantile",0.75,551,"COVID-19"
"DE-RP","00+",2022-04-27,2022-04-09,"-18 day ahead inc hosp","quantile",0.9,566,"COVID-19"
"DE-RP","00+",2022-04-27,2022-04-09,"-18 day ahead inc hosp","quantile",0.975,584,"COVID-19"
"DE-RP","00+",2022-04-27,2022-04-08,"-19 day ahead inc hosp","mean",NA,548,"COVID-19"
"DE-RP","00+",2022-04-27,2022-04-08,"-19 day ahead inc hosp","quantile",0.025,520,"COVID-19"
"DE-RP","00+",2022-04-27,2022-04-08,"-19 day ahead inc hosp","quantile",0.1,527,"COVID-19"
"DE-RP","00+",2022-04-27,2022-04-08,"-19 day ahead inc hosp","quantile",0.25,535,"COVID-19"
"DE-RP","00+",2022-04-27,2022-04-08,"-19 day ahead inc hosp","quantile",0.5,546,"COVID-19"
"DE-RP","00+",2022-04-27,2022-04-08,"-19 day ahead inc hosp","quantile",0.75,559,"COVID-19"
"DE-RP","00+",2022-04-27,2022-04-08,"-19 day ahead inc hosp","quantile",0.9,572,"COVID-19"
"DE-RP","00+",2022-04-27,2022-04-08,"-19 day ahead inc hosp","quantile",0.975,590,"COVID-19"
"DE-RP","00+",2022-04-27,2022-04-07,"-20 day ahead inc hosp","mean",NA,568,"COVID-19"
"DE-RP","00+",2022-04-27,2022-04-07,"-20 day ahead inc hosp","quantile",0.025,541,"COVID-19"
"DE-RP","00+",2022-04-27,2022-04-07,"-20 day ahead inc hosp","quantile",0.1,548,"COVID-19"
"DE-RP","00+",2022-04-27,2022-04-07,"-20 day ahead inc hosp","quantile",0.25,556,"COVID-19"
"DE-RP","00+",2022-04-27,2022-04-07,"-20 day ahead inc hosp","quantile",0.5,566,"COVID-19"
"DE-RP","00+",2022-04-27,2022-04-07,"-20 day ahead inc hosp","quantile",0.75,579,"COVID-19"
"DE-RP","00+",2022-04-27,2022-04-07,"-20 day ahead inc hosp","quantile",0.9,592,"COVID-19"
"DE-RP","00+",2022-04-27,2022-04-07,"-20 day ahead inc hosp","quantile",0.975,609,"COVID-19"
"DE-RP","00+",2022-04-27,2022-04-06,"-21 day ahead inc hosp","mean",NA,572,"COVID-19"
"DE-RP","00+",2022-04-27,2022-04-06,"-21 day ahead inc hosp","quantile",0.025,547,"COVID-19"
"DE-RP","00+",2022-04-27,2022-04-06,"-21 day ahead inc hosp","quantile",0.1,553,"COVID-19"
"DE-RP","00+",2022-04-27,2022-04-06,"-21 day ahead inc hosp","quantile",0.25,560,"COVID-19"
"DE-RP","00+",2022-04-27,2022-04-06,"-21 day ahead inc hosp","quantile",0.5,570,"COVID-19"
"DE-RP","00+",2022-04-27,2022-04-06,"-21 day ahead inc hosp","quantile",0.75,582,"COVID-19"
"DE-RP","00+",2022-04-27,2022-04-06,"-21 day ahead inc hosp","quantile",0.9,594,"COVID-19"
"DE-RP","00+",2022-04-27,2022-04-06,"-21 day ahead inc hosp","quantile",0.975,610,"COVID-19"
"DE-RP","00+",2022-04-27,2022-04-05,"-22 day ahead inc hosp","mean",NA,612,"COVID-19"
"DE-RP","00+",2022-04-27,2022-04-05,"-22 day ahead inc hosp","quantile",0.025,587,"COVID-19"
"DE-RP","00+",2022-04-27,2022-04-05,"-22 day ahead inc hosp","quantile",0.1,593,"COVID-19"
"DE-RP","00+",2022-04-27,2022-04-05,"-22 day ahead inc hosp","quantile",0.25,600,"COVID-19"
"DE-RP","00+",2022-04-27,2022-04-05,"-22 day ahead inc hosp","quantile",0.5,609,"COVID-19"
"DE-RP","00+",2022-04-27,2022-04-05,"-22 day ahead inc hosp","quantile",0.75,621,"COVID-19"
"DE-RP","00+",2022-04-27,2022-04-05,"-22 day ahead inc hosp","quantile",0.9,633,"COVID-19"
"DE-RP","00+",2022-04-27,2022-04-05,"-22 day ahead inc hosp","quantile",0.975,648,"COVID-19"
"DE-RP","00+",2022-04-27,2022-04-04,"-23 day ahead inc hosp","mean",NA,601,"COVID-19"
"DE-RP","00+",2022-04-27,2022-04-04,"-23 day ahead inc hosp","quantile",0.025,579,"COVID-19"
"DE-RP","00+",2022-04-27,2022-04-04,"-23 day ahead inc hosp","quantile",0.1,584,"COVID-19"
"DE-RP","00+",2022-04-27,2022-04-04,"-23 day ahead inc hosp","quantile",0.25,591,"COVID-19"
"DE-RP","00+",2022-04-27,2022-04-04,"-23 day ahead inc hosp","quantile",0.5,599,"COVID-19"
"DE-RP","00+",2022-04-27,2022-04-04,"-23 day ahead inc hosp","quantile",0.75,609,"COVID-19"
"DE-RP","00+",2022-04-27,2022-04-04,"-23 day ahead inc hosp","quantile",0.9,620,"COVID-19"
"DE-RP","00+",2022-04-27,2022-04-04,"-23 day ahead inc hosp","quantile",0.975,634,"COVID-19"
"DE-RP","00+",2022-04-27,2022-04-03,"-24 day ahead inc hosp","mean",NA,606,"COVID-19"
"DE-RP","00+",2022-04-27,2022-04-03,"-24 day ahead inc hosp","quantile",0.025,584,"COVID-19"
"DE-RP","00+",2022-04-27,2022-04-03,"-24 day ahead inc hosp","quantile",0.1,589,"COVID-19"
"DE-RP","00+",2022-04-27,2022-04-03,"-24 day ahead inc hosp","quantile",0.25,595,"COVID-19"
"DE-RP","00+",2022-04-27,2022-04-03,"-24 day ahead inc hosp","quantile",0.5,604,"COVID-19"
"DE-RP","00+",2022-04-27,2022-04-03,"-24 day ahead inc hosp","quantile",0.75,614,"COVID-19"
"DE-RP","00+",2022-04-27,2022-04-03,"-24 day ahead inc hosp","quantile",0.9,625,"COVID-19"
"DE-RP","00+",2022-04-27,2022-04-03,"-24 day ahead inc hosp","quantile",0.975,640,"COVID-19"
"DE-RP","00+",2022-04-27,2022-04-02,"-25 day ahead inc hosp","mean",NA,604,"COVID-19"
"DE-RP","00+",2022-04-27,2022-04-02,"-25 day ahead inc hosp","quantile",0.025,582,"COVID-19"
"DE-RP","00+",2022-04-27,2022-04-02,"-25 day ahead inc hosp","quantile",0.1,587,"COVID-19"
"DE-RP","00+",2022-04-27,2022-04-02,"-25 day ahead inc hosp","quantile",0.25,593,"COVID-19"
"DE-RP","00+",2022-04-27,2022-04-02,"-25 day ahead inc hosp","quantile",0.5,602,"COVID-19"
"DE-RP","00+",2022-04-27,2022-04-02,"-25 day ahead inc hosp","quantile",0.75,613,"COVID-19"
"DE-RP","00+",2022-04-27,2022-04-02,"-25 day ahead inc hosp","quantile",0.9,624,"COVID-19"
"DE-RP","00+",2022-04-27,2022-04-02,"-25 day ahead inc hosp","quantile",0.975,639,"COVID-19"
"DE-RP","00+",2022-04-27,2022-04-01,"-26 day ahead inc hosp","mean",NA,605,"COVID-19"
"DE-RP","00+",2022-04-27,2022-04-01,"-26 day ahead inc hosp","quantile",0.025,584,"COVID-19"
"DE-RP","00+",2022-04-27,2022-04-01,"-26 day ahead inc hosp","quantile",0.1,589,"COVID-19"
"DE-RP","00+",2022-04-27,2022-04-01,"-26 day ahead inc hosp","quantile",0.25,595,"COVID-19"
"DE-RP","00+",2022-04-27,2022-04-01,"-26 day ahead inc hosp","quantile",0.5,603,"COVID-19"
"DE-RP","00+",2022-04-27,2022-04-01,"-26 day ahead inc hosp","quantile",0.75,613,"COVID-19"
"DE-RP","00+",2022-04-27,2022-04-01,"-26 day ahead inc hosp","quantile",0.9,624,"COVID-19"
"DE-RP","00+",2022-04-27,2022-04-01,"-26 day ahead inc hosp","quantile",0.975,639,"COVID-19"
"DE-RP","00+",2022-04-27,2022-03-31,"-27 day ahead inc hosp","mean",NA,638,"COVID-19"
"DE-RP","00+",2022-04-27,2022-03-31,"-27 day ahead inc hosp","quantile",0.025,617,"COVID-19"
"DE-RP","00+",2022-04-27,2022-03-31,"-27 day ahead inc hosp","quantile",0.1,622,"COVID-19"
"DE-RP","00+",2022-04-27,2022-03-31,"-27 day ahead inc hosp","quantile",0.25,627,"COVID-19"
"DE-RP","00+",2022-04-27,2022-03-31,"-27 day ahead inc hosp","quantile",0.5,635,"COVID-19"
"DE-RP","00+",2022-04-27,2022-03-31,"-27 day ahead inc hosp","quantile",0.75,646,"COVID-19"
"DE-RP","00+",2022-04-27,2022-03-31,"-27 day ahead inc hosp","quantile",0.9,657,"COVID-19"
"DE-RP","00+",2022-04-27,2022-03-31,"-27 day ahead inc hosp","quantile",0.975,672,"COVID-19"
"DE-RP","00+",2022-04-27,2022-03-30,"-28 day ahead inc hosp","mean",NA,657,"COVID-19"
"DE-RP","00+",2022-04-27,2022-03-30,"-28 day ahead inc hosp","quantile",0.025,638,"COVID-19"
"DE-RP","00+",2022-04-27,2022-03-30,"-28 day ahead inc hosp","quantile",0.1,642,"COVID-19"
"DE-RP","00+",2022-04-27,2022-03-30,"-28 day ahead inc hosp","quantile",0.25,648,"COVID-19"
"DE-RP","00+",2022-04-27,2022-03-30,"-28 day ahead inc hosp","quantile",0.5,655,"COVID-19"
"DE-RP","00+",2022-04-27,2022-03-30,"-28 day ahead inc hosp","quantile",0.75,665,"COVID-19"
"DE-RP","00+",2022-04-27,2022-03-30,"-28 day ahead inc hosp","quantile",0.9,676,"COVID-19"
"DE-RP","00+",2022-04-27,2022-03-30,"-28 day ahead inc hosp","quantile",0.975,690,"COVID-19"
"DE-SH","00+",2022-04-27,2022-04-27,"0 day ahead inc hosp","mean",NA,353,"COVID-19"
"DE-SH","00+",2022-04-27,2022-04-27,"0 day ahead inc hosp","quantile",0.025,270,"COVID-19"
"DE-SH","00+",2022-04-27,2022-04-27,"0 day ahead inc hosp","quantile",0.1,292,"COVID-19"
"DE-SH","00+",2022-04-27,2022-04-27,"0 day ahead inc hosp","quantile",0.25,315,"COVID-19"
"DE-SH","00+",2022-04-27,2022-04-27,"0 day ahead inc hosp","quantile",0.5,347,"COVID-19"
"DE-SH","00+",2022-04-27,2022-04-27,"0 day ahead inc hosp","quantile",0.75,384,"COVID-19"
"DE-SH","00+",2022-04-27,2022-04-27,"0 day ahead inc hosp","quantile",0.9,423,"COVID-19"
"DE-SH","00+",2022-04-27,2022-04-27,"0 day ahead inc hosp","quantile",0.975,472,"COVID-19"
"DE-SH","00+",2022-04-27,2022-04-26,"-1 day ahead inc hosp","mean",NA,381,"COVID-19"
"DE-SH","00+",2022-04-27,2022-04-26,"-1 day ahead inc hosp","quantile",0.025,304,"COVID-19"
"DE-SH","00+",2022-04-27,2022-04-26,"-1 day ahead inc hosp","quantile",0.1,323,"COVID-19"
"DE-SH","00+",2022-04-27,2022-04-26,"-1 day ahead inc hosp","quantile",0.25,345,"COVID-19"
"DE-SH","00+",2022-04-27,2022-04-26,"-1 day ahead inc hosp","quantile",0.5,374,"COVID-19"
"DE-SH","00+",2022-04-27,2022-04-26,"-1 day ahead inc hosp","quantile",0.75,410,"COVID-19"
"DE-SH","00+",2022-04-27,2022-04-26,"-1 day ahead inc hosp","quantile",0.9,446,"COVID-19"
"DE-SH","00+",2022-04-27,2022-04-26,"-1 day ahead inc hosp","quantile",0.975,494,"COVID-19"
"DE-SH","00+",2022-04-27,2022-04-25,"-2 day ahead inc hosp","mean",NA,300,"COVID-19"
"DE-SH","00+",2022-04-27,2022-04-25,"-2 day ahead inc hosp","quantile",0.025,249,"COVID-19"
"DE-SH","00+",2022-04-27,2022-04-25,"-2 day ahead inc hosp","quantile",0.1,262,"COVID-19"
"DE-SH","00+",2022-04-27,2022-04-25,"-2 day ahead inc hosp","quantile",0.25,276,"COVID-19"
"DE-SH","00+",2022-04-27,2022-04-25,"-2 day ahead inc hosp","quantile",0.5,296,"COVID-19"
"DE-SH","00+",2022-04-27,2022-04-25,"-2 day ahead inc hosp","quantile",0.75,319,"COVID-19"
"DE-SH","00+",2022-04-27,2022-04-25,"-2 day ahead inc hosp","quantile",0.9,344,"COVID-19"
"DE-SH","00+",2022-04-27,2022-04-25,"-2 day ahead inc hosp","quantile",0.975,375,"COVID-19"
"DE-SH","00+",2022-04-27,2022-04-24,"-3 day ahead inc hosp","mean",NA,307,"COVID-19"
"DE-SH","00+",2022-04-27,2022-04-24,"-3 day ahead inc hosp","quantile",0.025,256,"COVID-19"
"DE-SH","00+",2022-04-27,2022-04-24,"-3 day ahead inc hosp","quantile",0.1,269,"COVID-19"
"DE-SH","00+",2022-04-27,2022-04-24,"-3 day ahead inc hosp","quantile",0.25,284,"COVID-19"
"DE-SH","00+",2022-04-27,2022-04-24,"-3 day ahead inc hosp","quantile",0.5,303,"COVID-19"
"DE-SH","00+",2022-04-27,2022-04-24,"-3 day ahead inc hosp","quantile",0.75,326,"COVID-19"
"DE-SH","00+",2022-04-27,2022-04-24,"-3 day ahead inc hosp","quantile",0.9,351,"COVID-19"
"DE-SH","00+",2022-04-27,2022-04-24,"-3 day ahead inc hosp","quantile",0.975,382,"COVID-19"
"DE-SH","00+",2022-04-27,2022-04-23,"-4 day ahead inc hosp","mean",NA,304,"COVID-19"
"DE-SH","00+",2022-04-27,2022-04-23,"-4 day ahead inc hosp","quantile",0.025,255,"COVID-19"
"DE-SH","00+",2022-04-27,2022-04-23,"-4 day ahead inc hosp","quantile",0.1,267,"COVID-19"
"DE-SH","00+",2022-04-27,2022-04-23,"-4 day ahead inc hosp","quantile",0.25,281,"COVID-19"
"DE-SH","00+",2022-04-27,2022-04-23,"-4 day ahead inc hosp","quantile",0.5,300,"COVID-19"
"DE-SH","00+",2022-04-27,2022-04-23,"-4 day ahead inc hosp","quantile",0.75,322,"COVID-19"
"DE-SH","00+",2022-04-27,2022-04-23,"-4 day ahead inc hosp","quantile",0.9,345,"COVID-19"
"DE-SH","00+",2022-04-27,2022-04-23,"-4 day ahead inc hosp","quantile",0.975,375,"COVID-19"
"DE-SH","00+",2022-04-27,2022-04-22,"-5 day ahead inc hosp","mean",NA,262,"COVID-19"
"DE-SH","00+",2022-04-27,2022-04-22,"-5 day ahead inc hosp","quantile",0.025,221,"COVID-19"
"DE-SH","00+",2022-04-27,2022-04-22,"-5 day ahead inc hosp","quantile",0.1,231,"COVID-19"
"DE-SH","00+",2022-04-27,2022-04-22,"-5 day ahead inc hosp","quantile",0.25,243,"COVID-19"
"DE-SH","00+",2022-04-27,2022-04-22,"-5 day ahead inc hosp","quantile",0.5,259,"COVID-19"
"DE-SH","00+",2022-04-27,2022-04-22,"-5 day ahead inc hosp","quantile",0.75,278,"COVID-19"
"DE-SH","00+",2022-04-27,2022-04-22,"-5 day ahead inc hosp","quantile",0.9,298,"COVID-19"
"DE-SH","00+",2022-04-27,2022-04-22,"-5 day ahead inc hosp","quantile",0.975,324,"COVID-19"
"DE-SH","00+",2022-04-27,2022-04-21,"-6 day ahead inc hosp","mean",NA,258,"COVID-19"
"DE-SH","00+",2022-04-27,2022-04-21,"-6 day ahead inc hosp","quantile",0.025,220,"COVID-19"
"DE-SH","00+",2022-04-27,2022-04-21,"-6 day ahead inc hosp","quantile",0.1,230,"COVID-19"
"DE-SH","00+",2022-04-27,2022-04-21,"-6 day ahead inc hosp","quantile",0.25,240,"COVID-19"
"DE-SH","00+",2022-04-27,2022-04-21,"-6 day ahead inc hosp","quantile",0.5,255,"COVID-19"
"DE-SH","00+",2022-04-27,2022-04-21,"-6 day ahead inc hosp","quantile",0.75,272,"COVID-19"
"DE-SH","00+",2022-04-27,2022-04-21,"-6 day ahead inc hosp","quantile",0.9,292,"COVID-19"
"DE-SH","00+",2022-04-27,2022-04-21,"-6 day ahead inc hosp","quantile",0.975,316,"COVID-19"
"DE-SH","00+",2022-04-27,2022-04-20,"-7 day ahead inc hosp","mean",NA,211,"COVID-19"
"DE-SH","00+",2022-04-27,2022-04-20,"-7 day ahead inc hosp","quantile",0.025,184,"COVID-19"
"DE-SH","00+",2022-04-27,2022-04-20,"-7 day ahead inc hosp","quantile",0.1,190,"COVID-19"
"DE-SH","00+",2022-04-27,2022-04-20,"-7 day ahead inc hosp","quantile",0.25,198,"COVID-19"
"DE-SH","00+",2022-04-27,2022-04-20,"-7 day ahead inc hosp","quantile",0.5,208,"COVID-19"
"DE-SH","00+",2022-04-27,2022-04-20,"-7 day ahead inc hosp","quantile",0.75,221,"COVID-19"
"DE-SH","00+",2022-04-27,2022-04-20,"-7 day ahead inc hosp","quantile",0.9,235,"COVID-19"
"DE-SH","00+",2022-04-27,2022-04-20,"-7 day ahead inc hosp","quantile",0.975,253,"COVID-19"
"DE-SH","00+",2022-04-27,2022-04-19,"-8 day ahead inc hosp","mean",NA,192,"COVID-19"
"DE-SH","00+",2022-04-27,2022-04-19,"-8 day ahead inc hosp","quantile",0.025,172,"COVID-19"
"DE-SH","00+",2022-04-27,2022-04-19,"-8 day ahead inc hosp","quantile",0.1,176,"COVID-19"
"DE-SH","00+",2022-04-27,2022-04-19,"-8 day ahead inc hosp","quantile",0.25,182,"COVID-19"
"DE-SH","00+",2022-04-27,2022-04-19,"-8 day ahead inc hosp","quantile",0.5,190,"COVID-19"
"DE-SH","00+",2022-04-27,2022-04-19,"-8 day ahead inc hosp","quantile",0.75,200,"COVID-19"
"DE-SH","00+",2022-04-27,2022-04-19,"-8 day ahead inc hosp","quantile",0.9,211,"COVID-19"
"DE-SH","00+",2022-04-27,2022-04-19,"-8 day ahead inc hosp","quantile",0.975,225,"COVID-19"
"DE-SH","00+",2022-04-27,2022-04-18,"-9 day ahead inc hosp","mean",NA,236,"COVID-19"
"DE-SH","00+",2022-04-27,2022-04-18,"-9 day ahead inc hosp","quantile",0.025,212,"COVID-19"
"DE-SH","00+",2022-04-27,2022-04-18,"-9 day ahead inc hosp","quantile",0.1,217,"COVID-19"
"DE-SH","00+",2022-04-27,2022-04-18,"-9 day ahead inc hosp","quantile",0.25,224,"COVID-19"
"DE-SH","00+",2022-04-27,2022-04-18,"-9 day ahead inc hosp","quantile",0.5,233,"COVID-19"
"DE-SH","00+",2022-04-27,2022-04-18,"-9 day ahead inc hosp","quantile",0.75,245,"COVID-19"
"DE-SH","00+",2022-04-27,2022-04-18,"-9 day ahead inc hosp","quantile",0.9,258,"COVID-19"
"DE-SH","00+",2022-04-27,2022-04-18,"-9 day ahead inc hosp","quantile",0.975,276,"COVID-19"
"DE-SH","00+",2022-04-27,2022-04-17,"-10 day ahead inc hosp","mean",NA,236,"COVID-19"
"DE-SH","00+",2022-04-27,2022-04-17,"-10 day ahead inc hosp","quantile",0.025,213,"COVID-19"
"DE-SH","00+",2022-04-27,2022-04-17,"-10 day ahead inc hosp","quantile",0.1,218,"COVID-19"
"DE-SH","00+",2022-04-27,2022-04-17,"-10 day ahead inc hosp","quantile",0.25,224,"COVID-19"
"DE-SH","00+",2022-04-27,2022-04-17,"-10 day ahead inc hosp","quantile",0.5,233,"COVID-19"
"DE-SH","00+",2022-04-27,2022-04-17,"-10 day ahead inc hosp","quantile",0.75,246,"COVID-19"
"DE-SH","00+",2022-04-27,2022-04-17,"-10 day ahead inc hosp","quantile",0.9,259,"COVID-19"
"DE-SH","00+",2022-04-27,2022-04-17,"-10 day ahead inc hosp","quantile",0.975,277,"COVID-19"
"DE-SH","00+",2022-04-27,2022-04-16,"-11 day ahead inc hosp","mean",NA,248,"COVID-19"
"DE-SH","00+",2022-04-27,2022-04-16,"-11 day ahead inc hosp","quantile",0.025,223,"COVID-19"
"DE-SH","00+",2022-04-27,2022-04-16,"-11 day ahead inc hosp","quantile",0.1,228,"COVID-19"
"DE-SH","00+",2022-04-27,2022-04-16,"-11 day ahead inc hosp","quantile",0.25,235,"COVID-19"
"DE-SH","00+",2022-04-27,2022-04-16,"-11 day ahead inc hosp","quantile",0.5,245,"COVID-19"
"DE-SH","00+",2022-04-27,2022-04-16,"-11 day ahead inc hosp","quantile",0.75,258,"COVID-19"
"DE-SH","00+",2022-04-27,2022-04-16,"-11 day ahead inc hosp","quantile",0.9,272,"COVID-19"
"DE-SH","00+",2022-04-27,2022-04-16,"-11 day ahead inc hosp","quantile",0.975,292,"COVID-19"
"DE-SH","00+",2022-04-27,2022-04-15,"-12 day ahead inc hosp","mean",NA,286,"COVID-19"
"DE-SH","00+",2022-04-27,2022-04-15,"-12 day ahead inc hosp","quantile",0.025,258,"COVID-19"
"DE-SH","00+",2022-04-27,2022-04-15,"-12 day ahead inc hosp","quantile",0.1,264,"COVID-19"
"DE-SH","00+",2022-04-27,2022-04-15,"-12 day ahead inc hosp","quantile",0.25,271,"COVID-19"
"DE-SH","00+",2022-04-27,2022-04-15,"-12 day ahead inc hosp","quantile",0.5,282,"COVID-19"
"DE-SH","00+",2022-04-27,2022-04-15,"-12 day ahead inc hosp","quantile",0.75,296,"COVID-19"
"DE-SH","00+",2022-04-27,2022-04-15,"-12 day ahead inc hosp","quantile",0.9,312,"COVID-19"
"DE-SH","00+",2022-04-27,2022-04-15,"-12 day ahead inc hosp","quantile",0.975,334,"COVID-19"
"DE-SH","00+",2022-04-27,2022-04-14,"-13 day ahead inc hosp","mean",NA,288,"COVID-19"
"DE-SH","00+",2022-04-27,2022-04-14,"-13 day ahead inc hosp","quantile",0.025,263,"COVID-19"
"DE-SH","00+",2022-04-27,2022-04-14,"-13 day ahead inc hosp","quantile",0.1,268,"COVID-19"
"DE-SH","00+",2022-04-27,2022-04-14,"-13 day ahead inc hosp","quantile",0.25,274,"COVID-19"
"DE-SH","00+",2022-04-27,2022-04-14,"-13 day ahead inc hosp","quantile",0.5,284,"COVID-19"
"DE-SH","00+",2022-04-27,2022-04-14,"-13 day ahead inc hosp","quantile",0.75,298,"COVID-19"
"DE-SH","00+",2022-04-27,2022-04-14,"-13 day ahead inc hosp","quantile",0.9,313,"COVID-19"
"DE-SH","00+",2022-04-27,2022-04-14,"-13 day ahead inc hosp","quantile",0.975,334,"COVID-19"
"DE-SH","00+",2022-04-27,2022-04-13,"-14 day ahead inc hosp","mean",NA,295,"COVID-19"
"DE-SH","00+",2022-04-27,2022-04-13,"-14 day ahead inc hosp","quantile",0.025,272,"COVID-19"
"DE-SH","00+",2022-04-27,2022-04-13,"-14 day ahead inc hosp","quantile",0.1,276,"COVID-19"
"DE-SH","00+",2022-04-27,2022-04-13,"-14 day ahead inc hosp","quantile",0.25,282,"COVID-19"
"DE-SH","00+",2022-04-27,2022-04-13,"-14 day ahead inc hosp","quantile",0.5,292,"COVID-19"
"DE-SH","00+",2022-04-27,2022-04-13,"-14 day ahead inc hosp","quantile",0.75,304,"COVID-19"
"DE-SH","00+",2022-04-27,2022-04-13,"-14 day ahead inc hosp","quantile",0.9,319,"COVID-19"
"DE-SH","00+",2022-04-27,2022-04-13,"-14 day ahead inc hosp","quantile",0.975,338,"COVID-19"
"DE-SH","00+",2022-04-27,2022-04-12,"-15 day ahead inc hosp","mean",NA,325,"COVID-19"
"DE-SH","00+",2022-04-27,2022-04-12,"-15 day ahead inc hosp","quantile",0.025,303,"COVID-19"
"DE-SH","00+",2022-04-27,2022-04-12,"-15 day ahead inc hosp","quantile",0.1,307,"COVID-19"
"DE-SH","00+",2022-04-27,2022-04-12,"-15 day ahead inc hosp","quantile",0.25,313,"COVID-19"
"DE-SH","00+",2022-04-27,2022-04-12,"-15 day ahead inc hosp","quantile",0.5,322,"COVID-19"
"DE-SH","00+",2022-04-27,2022-04-12,"-15 day ahead inc hosp","quantile",0.75,334,"COVID-19"
"DE-SH","00+",2022-04-27,2022-04-12,"-15 day ahead inc hosp","quantile",0.9,348,"COVID-19"
"DE-SH","00+",2022-04-27,2022-04-12,"-15 day ahead inc hosp","quantile",0.975,367,"COVID-19"
"DE-SH","00+",2022-04-27,2022-04-11,"-16 day ahead inc hosp","mean",NA,334,"COVID-19"
"DE-SH","00+",2022-04-27,2022-04-11,"-16 day ahead inc hosp","quantile",0.025,313,"COVID-19"
"DE-SH","00+",2022-04-27,2022-04-11,"-16 day ahead inc hosp","quantile",0.1,317,"COVID-19"
"DE-SH","00+",2022-04-27,2022-04-11,"-16 day ahead inc hosp","quantile",0.25,322,"COVID-19"
"DE-SH","00+",2022-04-27,2022-04-11,"-16 day ahead inc hosp","quantile",0.5,331,"COVID-19"
"DE-SH","00+",2022-04-27,2022-04-11,"-16 day ahead inc hosp","quantile",0.75,342,"COVID-19"
"DE-SH","00+",2022-04-27,2022-04-11,"-16 day ahead inc hosp","quantile",0.9,355,"COVID-19"
"DE-SH","00+",2022-04-27,2022-04-11,"-16 day ahead inc hosp","quantile",0.975,373,"COVID-19"
"DE-SH","00+",2022-04-27,2022-04-10,"-17 day ahead inc hosp","mean",NA,340,"COVID-19"
"DE-SH","00+",2022-04-27,2022-04-10,"-17 day ahead inc hosp","quantile",0.025,319,"COVID-19"
"DE-SH","00+",2022-04-27,2022-04-10,"-17 day ahead inc hosp","quantile",0.1,323,"COVID-19"
"DE-SH","00+",2022-04-27,2022-04-10,"-17 day ahead inc hosp","quantile",0.25,328,"COVID-19"
"DE-SH","00+",2022-04-27,2022-04-10,"-17 day ahead inc hosp","quantile",0.5,337,"COVID-19"
"DE-SH","00+",2022-04-27,2022-04-10,"-17 day ahead inc hosp","quantile",0.75,348,"COVID-19"
"DE-SH","00+",2022-04-27,2022-04-10,"-17 day ahead inc hosp","quantile",0.9,361,"COVID-19"
"DE-SH","00+",2022-04-27,2022-04-10,"-17 day ahead inc hosp","quantile",0.975,379,"COVID-19"
"DE-SH","00+",2022-04-27,2022-04-09,"-18 day ahead inc hosp","mean",NA,330,"COVID-19"
"DE-SH","00+",2022-04-27,2022-04-09,"-18 day ahead inc hosp","quantile",0.025,310,"COVID-19"
"DE-SH","00+",2022-04-27,2022-04-09,"-18 day ahead inc hosp","quantile",0.1,314,"COVID-19"
"DE-SH","00+",2022-04-27,2022-04-09,"-18 day ahead inc hosp","quantile",0.25,319,"COVID-19"
"DE-SH","00+",2022-04-27,2022-04-09,"-18 day ahead inc hosp","quantile",0.5,327,"COVID-19"
"DE-SH","00+",2022-04-27,2022-04-09,"-18 day ahead inc hosp","quantile",0.75,337,"COVID-19"
"DE-SH","00+",2022-04-27,2022-04-09,"-18 day ahead inc hosp","quantile",0.9,350,"COVID-19"
"DE-SH","00+",2022-04-27,2022-04-09,"-18 day ahead inc hosp","quantile",0.975,366,"COVID-19"
"DE-SH","00+",2022-04-27,2022-04-08,"-19 day ahead inc hosp","mean",NA,334,"COVID-19"
"DE-SH","00+",2022-04-27,2022-04-08,"-19 day ahead inc hosp","quantile",0.025,316,"COVID-19"
"DE-SH","00+",2022-04-27,2022-04-08,"-19 day ahead inc hosp","quantile",0.1,319,"COVID-19"
"DE-SH","00+",2022-04-27,2022-04-08,"-19 day ahead inc hosp","quantile",0.25,324,"COVID-19"
"DE-SH","00+",2022-04-27,2022-04-08,"-19 day ahead inc hosp","quantile",0.5,331,"COVID-19"
"DE-SH","00+",2022-04-27,2022-04-08,"-19 day ahead inc hosp","quantile",0.75,341,"COVID-19"
"DE-SH","00+",2022-04-27,2022-04-08,"-19 day ahead inc hosp","quantile",0.9,352,"COVID-19"
"DE-SH","00+",2022-04-27,2022-04-08,"-19 day ahead inc hosp","quantile",0.975,368,"COVID-19"
"DE-SH","00+",2022-04-27,2022-04-07,"-20 day ahead inc hosp","mean",NA,332,"COVID-19"
"DE-SH","00+",2022-04-27,2022-04-07,"-20 day ahead inc hosp","quantile",0.025,315,"COVID-19"
"DE-SH","00+",2022-04-27,2022-04-07,"-20 day ahead inc hosp","quantile",0.1,319,"COVID-19"
"DE-SH","00+",2022-04-27,2022-04-07,"-20 day ahead inc hosp","quantile",0.25,323,"COVID-19"
"DE-SH","00+",2022-04-27,2022-04-07,"-20 day ahead inc hosp","quantile",0.5,330,"COVID-19"
"DE-SH","00+",2022-04-27,2022-04-07,"-20 day ahead inc hosp","quantile",0.75,338,"COVID-19"
"DE-SH","00+",2022-04-27,2022-04-07,"-20 day ahead inc hosp","quantile",0.9,349,"COVID-19"
"DE-SH","00+",2022-04-27,2022-04-07,"-20 day ahead inc hosp","quantile",0.975,362,"COVID-19"
"DE-SH","00+",2022-04-27,2022-04-06,"-21 day ahead inc hosp","mean",NA,318,"COVID-19"
"DE-SH","00+",2022-04-27,2022-04-06,"-21 day ahead inc hosp","quantile",0.025,304,"COVID-19"
"DE-SH","00+",2022-04-27,2022-04-06,"-21 day ahead inc hosp","quantile",0.1,307,"COVID-19"
"DE-SH","00+",2022-04-27,2022-04-06,"-21 day ahead inc hosp","quantile",0.25,311,"COVID-19"
"DE-SH","00+",2022-04-27,2022-04-06,"-21 day ahead inc hosp","quantile",0.5,316,"COVID-19"
"DE-SH","00+",2022-04-27,2022-04-06,"-21 day ahead inc hosp","quantile",0.75,324,"COVID-19"
"DE-SH","00+",2022-04-27,2022-04-06,"-21 day ahead inc hosp","quantile",0.9,333,"COVID-19"
"DE-SH","00+",2022-04-27,2022-04-06,"-21 day ahead inc hosp","quantile",0.975,345,"COVID-19"
"DE-SH","00+",2022-04-27,2022-04-05,"-22 day ahead inc hosp","mean",NA,312,"COVID-19"
"DE-SH","00+",2022-04-27,2022-04-05,"-22 day ahead inc hosp","quantile",0.025,299,"COVID-19"
"DE-SH","00+",2022-04-27,2022-04-05,"-22 day ahead inc hosp","quantile",0.1,302,"COVID-19"
"DE-SH","00+",2022-04-27,2022-04-05,"-22 day ahead inc hosp","quantile",0.25,305,"COVID-19"
"DE-SH","00+",2022-04-27,2022-04-05,"-22 day ahead inc hosp","quantile",0.5,310,"COVID-19"
"DE-SH","00+",2022-04-27,2022-04-05,"-22 day ahead inc hosp","quantile",0.75,317,"COVID-19"
"DE-SH","00+",2022-04-27,2022-04-05,"-22 day ahead inc hosp","quantile",0.9,324,"COVID-19"
"DE-SH","00+",2022-04-27,2022-04-05,"-22 day ahead inc hosp","quantile",0.975,335,"COVID-19"
"DE-SH","00+",2022-04-27,2022-04-04,"-23 day ahead inc hosp","mean",NA,338,"COVID-19"
"DE-SH","00+",2022-04-27,2022-04-04,"-23 day ahead inc hosp","quantile",0.025,326,"COVID-19"
"DE-SH","00+",2022-04-27,2022-04-04,"-23 day ahead inc hosp","quantile",0.1,328,"COVID-19"
"DE-SH","00+",2022-04-27,2022-04-04,"-23 day ahead inc hosp","quantile",0.25,331,"COVID-19"
"DE-SH","00+",2022-04-27,2022-04-04,"-23 day ahead inc hosp","quantile",0.5,336,"COVID-19"
"DE-SH","00+",2022-04-27,2022-04-04,"-23 day ahead inc hosp","quantile",0.75,343,"COVID-19"
"DE-SH","00+",2022-04-27,2022-04-04,"-23 day ahead inc hosp","quantile",0.9,350,"COVID-19"
"DE-SH","00+",2022-04-27,2022-04-04,"-23 day ahead inc hosp","quantile",0.975,361,"COVID-19"
"DE-SH","00+",2022-04-27,2022-04-03,"-24 day ahead inc hosp","mean",NA,341,"COVID-19"
"DE-SH","00+",2022-04-27,2022-04-03,"-24 day ahead inc hosp","quantile",0.025,329,"COVID-19"
"DE-SH","00+",2022-04-27,2022-04-03,"-24 day ahead inc hosp","quantile",0.1,331,"COVID-19"
"DE-SH","00+",2022-04-27,2022-04-03,"-24 day ahead inc hosp","quantile",0.25,334,"COVID-19"
"DE-SH","00+",2022-04-27,2022-04-03,"-24 day ahead inc hosp","quantile",0.5,339,"COVID-19"
"DE-SH","00+",2022-04-27,2022-04-03,"-24 day ahead inc hosp","quantile",0.75,345,"COVID-19"
"DE-SH","00+",2022-04-27,2022-04-03,"-24 day ahead inc hosp","quantile",0.9,353,"COVID-19"
"DE-SH","00+",2022-04-27,2022-04-03,"-24 day ahead inc hosp","quantile",0.975,364,"COVID-19"
"DE-SH","00+",2022-04-27,2022-04-02,"-25 day ahead inc hosp","mean",NA,355,"COVID-19"
"DE-SH","00+",2022-04-27,2022-04-02,"-25 day ahead inc hosp","quantile",0.025,343,"COVID-19"
"DE-SH","00+",2022-04-27,2022-04-02,"-25 day ahead inc hosp","quantile",0.1,345,"COVID-19"
"DE-SH","00+",2022-04-27,2022-04-02,"-25 day ahead inc hosp","quantile",0.25,348,"COVID-19"
"DE-SH","00+",2022-04-27,2022-04-02,"-25 day ahead inc hosp","quantile",0.5,353,"COVID-19"
"DE-SH","00+",2022-04-27,2022-04-02,"-25 day ahead inc hosp","quantile",0.75,360,"COVID-19"
"DE-SH","00+",2022-04-27,2022-04-02,"-25 day ahead inc hosp","quantile",0.9,368,"COVID-19"
"DE-SH","00+",2022-04-27,2022-04-02,"-25 day ahead inc hosp","quantile",0.975,380,"COVID-19"
"DE-SH","00+",2022-04-27,2022-04-01,"-26 day ahead inc hosp","mean",NA,361,"COVID-19"
"DE-SH","00+",2022-04-27,2022-04-01,"-26 day ahead inc hosp","quantile",0.025,349,"COVID-19"
"DE-SH","00+",2022-04-27,2022-04-01,"-26 day ahead inc hosp","quantile",0.1,351,"COVID-19"
"DE-SH","00+",2022-04-27,2022-04-01,"-26 day ahead inc hosp","quantile",0.25,354,"COVID-19"
"DE-SH","00+",2022-04-27,2022-04-01,"-26 day ahead inc hosp","quantile",0.5,359,"COVID-19"
"DE-SH","00+",2022-04-27,2022-04-01,"-26 day ahead inc hosp","quantile",0.75,366,"COVID-19"
"DE-SH","00+",2022-04-27,2022-04-01,"-26 day ahead inc hosp","quantile",0.9,374,"COVID-19"
"DE-SH","00+",2022-04-27,2022-04-01,"-26 day ahead inc hosp","quantile",0.975,386,"COVID-19"
"DE-SH","00+",2022-04-27,2022-03-31,"-27 day ahead inc hosp","mean",NA,362,"COVID-19"
"DE-SH","00+",2022-04-27,2022-03-31,"-27 day ahead inc hosp","quantile",0.025,351,"COVID-19"
"DE-SH","00+",2022-04-27,2022-03-31,"-27 day ahead inc hosp","quantile",0.1,353,"COVID-19"
"DE-SH","00+",2022-04-27,2022-03-31,"-27 day ahead inc hosp","quantile",0.25,355,"COVID-19"
"DE-SH","00+",2022-04-27,2022-03-31,"-27 day ahead inc hosp","quantile",0.5,360,"COVID-19"
"DE-SH","00+",2022-04-27,2022-03-31,"-27 day ahead inc hosp","quantile",0.75,367,"COVID-19"
"DE-SH","00+",2022-04-27,2022-03-31,"-27 day ahead inc hosp","quantile",0.9,375,"COVID-19"
"DE-SH","00+",2022-04-27,2022-03-31,"-27 day ahead inc hosp","quantile",0.975,386,"COVID-19"
"DE-SH","00+",2022-04-27,2022-03-30,"-28 day ahead inc hosp","mean",NA,374,"COVID-19"
"DE-SH","00+",2022-04-27,2022-03-30,"-28 day ahead inc hosp","quantile",0.025,363,"COVID-19"
"DE-SH","00+",2022-04-27,2022-03-30,"-28 day ahead inc hosp","quantile",0.1,365,"COVID-19"
"DE-SH","00+",2022-04-27,2022-03-30,"-28 day ahead inc hosp","quantile",0.25,367,"COVID-19"
"DE-SH","00+",2022-04-27,2022-03-30,"-28 day ahead inc hosp","quantile",0.5,371,"COVID-19"
"DE-SH","00+",2022-04-27,2022-03-30,"-28 day ahead inc hosp","quantile",0.75,378,"COVID-19"
"DE-SH","00+",2022-04-27,2022-03-30,"-28 day ahead inc hosp","quantile",0.9,386,"COVID-19"
"DE-SH","00+",2022-04-27,2022-03-30,"-28 day ahead inc hosp","quantile",0.975,398,"COVID-19"
"DE-SL","00+",2022-04-27,2022-04-27,"0 day ahead inc hosp","mean",NA,90,"COVID-19"
"DE-SL","00+",2022-04-27,2022-04-27,"0 day ahead inc hosp","quantile",0.025,69,"COVID-19"
"DE-SL","00+",2022-04-27,2022-04-27,"0 day ahead inc hosp","quantile",0.1,74,"COVID-19"
"DE-SL","00+",2022-04-27,2022-04-27,"0 day ahead inc hosp","quantile",0.25,80,"COVID-19"
"DE-SL","00+",2022-04-27,2022-04-27,"0 day ahead inc hosp","quantile",0.5,88,"COVID-19"
"DE-SL","00+",2022-04-27,2022-04-27,"0 day ahead inc hosp","quantile",0.75,98,"COVID-19"
"DE-SL","00+",2022-04-27,2022-04-27,"0 day ahead inc hosp","quantile",0.9,110,"COVID-19"
"DE-SL","00+",2022-04-27,2022-04-27,"0 day ahead inc hosp","quantile",0.975,124,"COVID-19"
"DE-SL","00+",2022-04-27,2022-04-26,"-1 day ahead inc hosp","mean",NA,85,"COVID-19"
"DE-SL","00+",2022-04-27,2022-04-26,"-1 day ahead inc hosp","quantile",0.025,70,"COVID-19"
"DE-SL","00+",2022-04-27,2022-04-26,"-1 day ahead inc hosp","quantile",0.1,73,"COVID-19"
"DE-SL","00+",2022-04-27,2022-04-26,"-1 day ahead inc hosp","quantile",0.25,77,"COVID-19"
"DE-SL","00+",2022-04-27,2022-04-26,"-1 day ahead inc hosp","quantile",0.5,83,"COVID-19"
"DE-SL","00+",2022-04-27,2022-04-26,"-1 day ahead inc hosp","quantile",0.75,91,"COVID-19"
"DE-SL","00+",2022-04-27,2022-04-26,"-1 day ahead inc hosp","quantile",0.9,99,"COVID-19"
"DE-SL","00+",2022-04-27,2022-04-26,"-1 day ahead inc hosp","quantile",0.975,110,"COVID-19"
"DE-SL","00+",2022-04-27,2022-04-25,"-2 day ahead inc hosp","mean",NA,69,"COVID-19"
"DE-SL","00+",2022-04-27,2022-04-25,"-2 day ahead inc hosp","quantile",0.025,58,"COVID-19"
"DE-SL","00+",2022-04-27,2022-04-25,"-2 day ahead inc hosp","quantile",0.1,61,"COVID-19"
"DE-SL","00+",2022-04-27,2022-04-25,"-2 day ahead inc hosp","quantile",0.25,63,"COVID-19"
"DE-SL","00+",2022-04-27,2022-04-25,"-2 day ahead inc hosp","quantile",0.5,68,"COVID-19"
"DE-SL","00+",2022-04-27,2022-04-25,"-2 day ahead inc hosp","quantile",0.75,73,"COVID-19"
"DE-SL","00+",2022-04-27,2022-04-25,"-2 day ahead inc hosp","quantile",0.9,79,"COVID-19"
"DE-SL","00+",2022-04-27,2022-04-25,"-2 day ahead inc hosp","quantile",0.975,87,"COVID-19"
"DE-SL","00+",2022-04-27,2022-04-24,"-3 day ahead inc hosp","mean",NA,69,"COVID-19"
"DE-SL","00+",2022-04-27,2022-04-24,"-3 day ahead inc hosp","quantile",0.025,58,"COVID-19"
"DE-SL","00+",2022-04-27,2022-04-24,"-3 day ahead inc hosp","quantile",0.1,61,"COVID-19"
"DE-SL","00+",2022-04-27,2022-04-24,"-3 day ahead inc hosp","quantile",0.25,64,"COVID-19"
"DE-SL","00+",2022-04-27,2022-04-24,"-3 day ahead inc hosp","quantile",0.5,68,"COVID-19"
"DE-SL","00+",2022-04-27,2022-04-24,"-3 day ahead inc hosp","quantile",0.75,73,"COVID-19"
"DE-SL","00+",2022-04-27,2022-04-24,"-3 day ahead inc hosp","quantile",0.9,79,"COVID-19"
"DE-SL","00+",2022-04-27,2022-04-24,"-3 day ahead inc hosp","quantile",0.975,87,"COVID-19"
"DE-SL","00+",2022-04-27,2022-04-23,"-4 day ahead inc hosp","mean",NA,70,"COVID-19"
"DE-SL","00+",2022-04-27,2022-04-23,"-4 day ahead inc hosp","quantile",0.025,60,"COVID-19"
"DE-SL","00+",2022-04-27,2022-04-23,"-4 day ahead inc hosp","quantile",0.1,62,"COVID-19"
"DE-SL","00+",2022-04-27,2022-04-23,"-4 day ahead inc hosp","quantile",0.25,65,"COVID-19"
"DE-SL","00+",2022-04-27,2022-04-23,"-4 day ahead inc hosp","quantile",0.5,69,"COVID-19"
"DE-SL","00+",2022-04-27,2022-04-23,"-4 day ahead inc hosp","quantile",0.75,74,"COVID-19"
"DE-SL","00+",2022-04-27,2022-04-23,"-4 day ahead inc hosp","quantile",0.9,79,"COVID-19"
"DE-SL","00+",2022-04-27,2022-04-23,"-4 day ahead inc hosp","quantile",0.975,86,"COVID-19"
"DE-SL","00+",2022-04-27,2022-04-22,"-5 day ahead inc hosp","mean",NA,61,"COVID-19"
"DE-SL","00+",2022-04-27,2022-04-22,"-5 day ahead inc hosp","quantile",0.025,53,"COVID-19"
"DE-SL","00+",2022-04-27,2022-04-22,"-5 day ahead inc hosp","quantile",0.1,54,"COVID-19"
"DE-SL","00+",2022-04-27,2022-04-22,"-5 day ahead inc hosp","quantile",0.25,57,"COVID-19"
"DE-SL","00+",2022-04-27,2022-04-22,"-5 day ahead inc hosp","quantile",0.5,60,"COVID-19"
"DE-SL","00+",2022-04-27,2022-04-22,"-5 day ahead inc hosp","quantile",0.75,64,"COVID-19"
"DE-SL","00+",2022-04-27,2022-04-22,"-5 day ahead inc hosp","quantile",0.9,69,"COVID-19"
"DE-SL","00+",2022-04-27,2022-04-22,"-5 day ahead inc hosp","quantile",0.975,75,"COVID-19"
"DE-SL","00+",2022-04-27,2022-04-21,"-6 day ahead inc hosp","mean",NA,66,"COVID-19"
"DE-SL","00+",2022-04-27,2022-04-21,"-6 day ahead inc hosp","quantile",0.025,57,"COVID-19"
"DE-SL","00+",2022-04-27,2022-04-21,"-6 day ahead inc hosp","quantile",0.1,59,"COVID-19"
"DE-SL","00+",2022-04-27,2022-04-21,"-6 day ahead inc hosp","quantile",0.25,61,"COVID-19"
"DE-SL","00+",2022-04-27,2022-04-21,"-6 day ahead inc hosp","quantile",0.5,65,"COVID-19"
"DE-SL","00+",2022-04-27,2022-04-21,"-6 day ahead inc hosp","quantile",0.75,69,"COVID-19"
"DE-SL","00+",2022-04-27,2022-04-21,"-6 day ahead inc hosp","quantile",0.9,73,"COVID-19"
"DE-SL","00+",2022-04-27,2022-04-21,"-6 day ahead inc hosp","quantile",0.975,79,"COVID-19"
"DE-SL","00+",2022-04-27,2022-04-20,"-7 day ahead inc hosp","mean",NA,72,"COVID-19"
"DE-SL","00+",2022-04-27,2022-04-20,"-7 day ahead inc hosp","quantile",0.025,64,"COVID-19"
"DE-SL","00+",2022-04-27,2022-04-20,"-7 day ahead inc hosp","quantile",0.1,66,"COVID-19"
"DE-SL","00+",2022-04-27,2022-04-20,"-7 day ahead inc hosp","quantile",0.25,68,"COVID-19"
"DE-SL","00+",2022-04-27,2022-04-20,"-7 day ahead inc hosp","quantile",0.5,71,"COVID-19"
"DE-SL","00+",2022-04-27,2022-04-20,"-7 day ahead inc hosp","quantile",0.75,75,"COVID-19"
"DE-SL","00+",2022-04-27,2022-04-20,"-7 day ahead inc hosp","quantile",0.9,79,"COVID-19"
"DE-SL","00+",2022-04-27,2022-04-20,"-7 day ahead inc hosp","quantile",0.975,85,"COVID-19"
"DE-SL","00+",2022-04-27,2022-04-19,"-8 day ahead inc hosp","mean",NA,71,"COVID-19"
"DE-SL","00+",2022-04-27,2022-04-19,"-8 day ahead inc hosp","quantile",0.025,65,"COVID-19"
"DE-SL","00+",2022-04-27,2022-04-19,"-8 day ahead inc hosp","quantile",0.1,66,"COVID-19"
"DE-SL","00+",2022-04-27,2022-04-19,"-8 day ahead inc hosp","quantile",0.25,68,"COVID-19"
"DE-SL","00+",2022-04-27,2022-04-19,"-8 day ahead inc hosp","quantile",0.5,70,"COVID-19"
"DE-SL","00+",2022-04-27,2022-04-19,"-8 day ahead inc hosp","quantile",0.75,74,"COVID-19"
"DE-SL","00+",2022-04-27,2022-04-19,"-8 day ahead inc hosp","quantile",0.9,77,"COVID-19"
"DE-SL","00+",2022-04-27,2022-04-19,"-8 day ahead inc hosp","quantile",0.975,82,"COVID-19"
"DE-SL","00+",2022-04-27,2022-04-18,"-9 day ahead inc hosp","mean",NA,95,"COVID-19"
"DE-SL","00+",2022-04-27,2022-04-18,"-9 day ahead inc hosp","quantile",0.025,87,"COVID-19"
"DE-SL","00+",2022-04-27,2022-04-18,"-9 day ahead inc hosp","quantile",0.1,89,"COVID-19"
"DE-SL","00+",2022-04-27,2022-04-18,"-9 day ahead inc hosp","quantile",0.25,91,"COVID-19"
"DE-SL","00+",2022-04-27,2022-04-18,"-9 day ahead inc hosp","quantile",0.5,94,"COVID-19"
"DE-SL","00+",2022-04-27,2022-04-18,"-9 day ahead inc hosp","quantile",0.75,98,"COVID-19"
"DE-SL","00+",2022-04-27,2022-04-18,"-9 day ahead inc hosp","quantile",0.9,102,"COVID-19"
"DE-SL","00+",2022-04-27,2022-04-18,"-9 day ahead inc hosp","quantile",0.975,108,"COVID-19"
"DE-SL","00+",2022-04-27,2022-04-17,"-10 day ahead inc hosp","mean",NA,95,"COVID-19"
"DE-SL","00+",2022-04-27,2022-04-17,"-10 day ahead inc hosp","quantile",0.025,87,"COVID-19"
"DE-SL","00+",2022-04-27,2022-04-17,"-10 day ahead inc hosp","quantile",0.1,88,"COVID-19"
"DE-SL","00+",2022-04-27,2022-04-17,"-10 day ahead inc hosp","quantile",0.25,91,"COVID-19"
"DE-SL","00+",2022-04-27,2022-04-17,"-10 day ahead inc hosp","quantile",0.5,94,"COVID-19"
"DE-SL","00+",2022-04-27,2022-04-17,"-10 day ahead inc hosp","quantile",0.75,98,"COVID-19"
"DE-SL","00+",2022-04-27,2022-04-17,"-10 day ahead inc hosp","quantile",0.9,103,"COVID-19"
"DE-SL","00+",2022-04-27,2022-04-17,"-10 day ahead inc hosp","quantile",0.975,109,"COVID-19"
"DE-SL","00+",2022-04-27,2022-04-16,"-11 day ahead inc hosp","mean",NA,96,"COVID-19"
"DE-SL","00+",2022-04-27,2022-04-16,"-11 day ahead inc hosp","quantile",0.025,89,"COVID-19"
"DE-SL","00+",2022-04-27,2022-04-16,"-11 day ahead inc hosp","quantile",0.1,90,"COVID-19"
"DE-SL","00+",2022-04-27,2022-04-16,"-11 day ahead inc hosp","quantile",0.25,92,"COVID-19"
"DE-SL","00+",2022-04-27,2022-04-16,"-11 day ahead inc hosp","quantile",0.5,95,"COVID-19"
"DE-SL","00+",2022-04-27,2022-04-16,"-11 day ahead inc hosp","quantile",0.75,99,"COVID-19"
"DE-SL","00+",2022-04-27,2022-04-16,"-11 day ahead inc hosp","quantile",0.9,104,"COVID-19"
"DE-SL","00+",2022-04-27,2022-04-16,"-11 day ahead inc hosp","quantile",0.975,110,"COVID-19"
"DE-SL","00+",2022-04-27,2022-04-15,"-12 day ahead inc hosp","mean",NA,126,"COVID-19"
"DE-SL","00+",2022-04-27,2022-04-15,"-12 day ahead inc hosp","quantile",0.025,117,"COVID-19"
"DE-SL","00+",2022-04-27,2022-04-15,"-12 day ahead inc hosp","quantile",0.1,118,"COVID-19"
"DE-SL","00+",2022-04-27,2022-04-15,"-12 day ahead inc hosp","quantile",0.25,121,"COVID-19"
"DE-SL","00+",2022-04-27,2022-04-15,"-12 day ahead inc hosp","quantile",0.5,125,"COVID-19"
"DE-SL","00+",2022-04-27,2022-04-15,"-12 day ahead inc hosp","quantile",0.75,130,"COVID-19"
"DE-SL","00+",2022-04-27,2022-04-15,"-12 day ahead inc hosp","quantile",0.9,136,"COVID-19"
"DE-SL","00+",2022-04-27,2022-04-15,"-12 day ahead inc hosp","quantile",0.975,144,"COVID-19"
"DE-SL","00+",2022-04-27,2022-04-14,"-13 day ahead inc hosp","mean",NA,127,"COVID-19"
"DE-SL","00+",2022-04-27,2022-04-14,"-13 day ahead inc hosp","quantile",0.025,118,"COVID-19"
"DE-SL","00+",2022-04-27,2022-04-14,"-13 day ahead inc hosp","quantile",0.1,120,"COVID-19"
"DE-SL","00+",2022-04-27,2022-04-14,"-13 day ahead inc hosp","quantile",0.25,122,"COVID-19"
"DE-SL","00+",2022-04-27,2022-04-14,"-13 day ahead inc hosp","quantile",0.5,126,"COVID-19"
"DE-SL","00+",2022-04-27,2022-04-14,"-13 day ahead inc hosp","quantile",0.75,131,"COVID-19"
"DE-SL","00+",2022-04-27,2022-04-14,"-13 day ahead inc hosp","quantile",0.9,137,"COVID-19"
"DE-SL","00+",2022-04-27,2022-04-14,"-13 day ahead inc hosp","quantile",0.975,145,"COVID-19"
"DE-SL","00+",2022-04-27,2022-04-13,"-14 day ahead inc hosp","mean",NA,133,"COVID-19"
"DE-SL","00+",2022-04-27,2022-04-13,"-14 day ahead inc hosp","quantile",0.025,124,"COVID-19"
"DE-SL","00+",2022-04-27,2022-04-13,"-14 day ahead inc hosp","quantile",0.1,126,"COVID-19"
"DE-SL","00+",2022-04-27,2022-04-13,"-14 day ahead inc hosp","quantile",0.25,128,"COVID-19"
"DE-SL","00+",2022-04-27,2022-04-13,"-14 day ahead inc hosp","quantile",0.5,131,"COVID-19"
"DE-SL","00+",2022-04-27,2022-04-13,"-14 day ahead inc hosp","quantile",0.75,136,"COVID-19"
"DE-SL","00+",2022-04-27,2022-04-13,"-14 day ahead inc hosp","quantile",0.9,142,"COVID-19"
"DE-SL","00+",2022-04-27,2022-04-13,"-14 day ahead inc hosp","quantile",0.975,150,"COVID-19"
"DE-SL","00+",2022-04-27,2022-04-12,"-15 day ahead inc hosp","mean",NA,123,"COVID-19"
"DE-SL","00+",2022-04-27,2022-04-12,"-15 day ahead inc hosp","quantile",0.025,116,"COVID-19"
"DE-SL","00+",2022-04-27,2022-04-12,"-15 day ahead inc hosp","quantile",0.1,117,"COVID-19"
"DE-SL","00+",2022-04-27,2022-04-12,"-15 day ahead inc hosp","quantile",0.25,119,"COVID-19"
"DE-SL","00+",2022-04-27,2022-04-12,"-15 day ahead inc hosp","quantile",0.5,122,"COVID-19"
"DE-SL","00+",2022-04-27,2022-04-12,"-15 day ahead inc hosp","quantile",0.75,126,"COVID-19"
"DE-SL","00+",2022-04-27,2022-04-12,"-15 day ahead inc hosp","quantile",0.9,132,"COVID-19"
"DE-SL","00+",2022-04-27,2022-04-12,"-15 day ahead inc hosp","quantile",0.975,139,"COVID-19"
"DE-SL","00+",2022-04-27,2022-04-11,"-16 day ahead inc hosp","mean",NA,112,"COVID-19"
"DE-SL","00+",2022-04-27,2022-04-11,"-16 day ahead inc hosp","quantile",0.025,106,"COVID-19"
"DE-SL","00+",2022-04-27,2022-04-11,"-16 day ahead inc hosp","quantile",0.1,107,"COVID-19"
"DE-SL","00+",2022-04-27,2022-04-11,"-16 day ahead inc hosp","quantile",0.25,108,"COVID-19"
"DE-SL","00+",2022-04-27,2022-04-11,"-16 day ahead inc hosp","quantile",0.5,111,"COVID-19"
"DE-SL","00+",2022-04-27,2022-04-11,"-16 day ahead inc hosp","quantile",0.75,115,"COVID-19"
"DE-SL","00+",2022-04-27,2022-04-11,"-16 day ahead inc hosp","quantile",0.9,119,"COVID-19"
"DE-SL","00+",2022-04-27,2022-04-11,"-16 day ahead inc hosp","quantile",0.975,126,"COVID-19"
"DE-SL","00+",2022-04-27,2022-04-10,"-17 day ahead inc hosp","mean",NA,115,"COVID-19"
"DE-SL","00+",2022-04-27,2022-04-10,"-17 day ahead inc hosp","quantile",0.025,109,"COVID-19"
"DE-SL","00+",2022-04-27,2022-04-10,"-17 day ahead inc hosp","quantile",0.1,110,"COVID-19"
"DE-SL","00+",2022-04-27,2022-04-10,"-17 day ahead inc hosp","quantile",0.25,111,"COVID-19"
"DE-SL","00+",2022-04-27,2022-04-10,"-17 day ahead inc hosp","quantile",0.5,114,"COVID-19"
"DE-SL","00+",2022-04-27,2022-04-10,"-17 day ahead inc hosp","quantile",0.75,118,"COVID-19"
"DE-SL","00+",2022-04-27,2022-04-10,"-17 day ahead inc hosp","quantile",0.9,122,"COVID-19"
"DE-SL","00+",2022-04-27,2022-04-10,"-17 day ahead inc hosp","quantile",0.975,129,"COVID-19"
"DE-SL","00+",2022-04-27,2022-04-09,"-18 day ahead inc hosp","mean",NA,112,"COVID-19"
"DE-SL","00+",2022-04-27,2022-04-09,"-18 day ahead inc hosp","quantile",0.025,106,"COVID-19"
"DE-SL","00+",2022-04-27,2022-04-09,"-18 day ahead inc hosp","quantile",0.1,107,"COVID-19"
"DE-SL","00+",2022-04-27,2022-04-09,"-18 day ahead inc hosp","quantile",0.25,108,"COVID-19"
"DE-SL","00+",2022-04-27,2022-04-09,"-18 day ahead inc hosp","quantile",0.5,111,"COVID-19"
"DE-SL","00+",2022-04-27,2022-04-09,"-18 day ahead inc hosp","quantile",0.75,114,"COVID-19"
"DE-SL","00+",2022-04-27,2022-04-09,"-18 day ahead inc hosp","quantile",0.9,118,"COVID-19"
"DE-SL","00+",2022-04-27,2022-04-09,"-18 day ahead inc hosp","quantile",0.975,124,"COVID-19"
"DE-SL","00+",2022-04-27,2022-04-08,"-19 day ahead inc hosp","mean",NA,94,"COVID-19"
"DE-SL","00+",2022-04-27,2022-04-08,"-19 day ahead inc hosp","quantile",0.025,90,"COVID-19"
"DE-SL","00+",2022-04-27,2022-04-08,"-19 day ahead inc hosp","quantile",0.1,90,"COVID-19"
"DE-SL","00+",2022-04-27,2022-04-08,"-19 day ahead inc hosp","quantile",0.25,92,"COVID-19"
"DE-SL","00+",2022-04-27,2022-04-08,"-19 day ahead inc hosp","quantile",0.5,93,"COVID-19"
"DE-SL","00+",2022-04-27,2022-04-08,"-19 day ahead inc hosp","quantile",0.75,96,"COVID-19"
"DE-SL","00+",2022-04-27,2022-04-08,"-19 day ahead inc hosp","quantile",0.9,99,"COVID-19"
"DE-SL","00+",2022-04-27,2022-04-08,"-19 day ahead inc hosp","quantile",0.975,104,"COVID-19"
"DE-SL","00+",2022-04-27,2022-04-07,"-20 day ahead inc hosp","mean",NA,97,"COVID-19"
"DE-SL","00+",2022-04-27,2022-04-07,"-20 day ahead inc hosp","quantile",0.025,93,"COVID-19"
"DE-SL","00+",2022-04-27,2022-04-07,"-20 day ahead inc hosp","quantile",0.1,93,"COVID-19"
"DE-SL","00+",2022-04-27,2022-04-07,"-20 day ahead inc hosp","quantile",0.25,94,"COVID-19"
"DE-SL","00+",2022-04-27,2022-04-07,"-20 day ahead inc hosp","quantile",0.5,96,"COVID-19"
"DE-SL","00+",2022-04-27,2022-04-07,"-20 day ahead inc hosp","quantile",0.75,99,"COVID-19"
"DE-SL","00+",2022-04-27,2022-04-07,"-20 day ahead inc hosp","quantile",0.9,102,"COVID-19"
"DE-SL","00+",2022-04-27,2022-04-07,"-20 day ahead inc hosp","quantile",0.975,106,"COVID-19"
"DE-SL","00+",2022-04-27,2022-04-06,"-21 day ahead inc hosp","mean",NA,89,"COVID-19"
"DE-SL","00+",2022-04-27,2022-04-06,"-21 day ahead inc hosp","quantile",0.025,86,"COVID-19"
"DE-SL","00+",2022-04-27,2022-04-06,"-21 day ahead inc hosp","quantile",0.1,86,"COVID-19"
"DE-SL","00+",2022-04-27,2022-04-06,"-21 day ahead inc hosp","quantile",0.25,87,"COVID-19"
"DE-SL","00+",2022-04-27,2022-04-06,"-21 day ahead inc hosp","quantile",0.5,89,"COVID-19"
"DE-SL","00+",2022-04-27,2022-04-06,"-21 day ahead inc hosp","quantile",0.75,91,"COVID-19"
"DE-SL","00+",2022-04-27,2022-04-06,"-21 day ahead inc hosp","quantile",0.9,94,"COVID-19"
"DE-SL","00+",2022-04-27,2022-04-06,"-21 day ahead inc hosp","quantile",0.975,97,"COVID-19"
"DE-SL","00+",2022-04-27,2022-04-05,"-22 day ahead inc hosp","mean",NA,102,"COVID-19"
"DE-SL","00+",2022-04-27,2022-04-05,"-22 day ahead inc hosp","quantile",0.025,98,"COVID-19"
"DE-SL","00+",2022-04-27,2022-04-05,"-22 day ahead inc hosp","quantile",0.1,98,"COVID-19"
"DE-SL","00+",2022-04-27,2022-04-05,"-22 day ahead inc hosp","quantile",0.25,99,"COVID-19"
"DE-SL","00+",2022-04-27,2022-04-05,"-22 day ahead inc hosp","quantile",0.5,101,"COVID-19"
"DE-SL","00+",2022-04-27,2022-04-05,"-22 day ahead inc hosp","quantile",0.75,103,"COVID-19"
"DE-SL","00+",2022-04-27,2022-04-05,"-22 day ahead inc hosp","quantile",0.9,106,"COVID-19"
"DE-SL","00+",2022-04-27,2022-04-05,"-22 day ahead inc hosp","quantile",0.975,110,"COVID-19"
"DE-SL","00+",2022-04-27,2022-04-04,"-23 day ahead inc hosp","mean",NA,99,"COVID-19"
"DE-SL","00+",2022-04-27,2022-04-04,"-23 day ahead inc hosp","quantile",0.025,96,"COVID-19"
"DE-SL","00+",2022-04-27,2022-04-04,"-23 day ahead inc hosp","quantile",0.1,96,"COVID-19"
"DE-SL","00+",2022-04-27,2022-04-04,"-23 day ahead inc hosp","quantile",0.25,97,"COVID-19"
"DE-SL","00+",2022-04-27,2022-04-04,"-23 day ahead inc hosp","quantile",0.5,98,"COVID-19"
"DE-SL","00+",2022-04-27,2022-04-04,"-23 day ahead inc hosp","quantile",0.75,101,"COVID-19"
"DE-SL","00+",2022-04-27,2022-04-04,"-23 day ahead inc hosp","quantile",0.9,103,"COVID-19"
"DE-SL","00+",2022-04-27,2022-04-04,"-23 day ahead inc hosp","quantile",0.975,107,"COVID-19"
"DE-SL","00+",2022-04-27,2022-04-03,"-24 day ahead inc hosp","mean",NA,103,"COVID-19"
"DE-SL","00+",2022-04-27,2022-04-03,"-24 day ahead inc hosp","quantile",0.025,100,"COVID-19"
"DE-SL","00+",2022-04-27,2022-04-03,"-24 day ahead inc hosp","quantile",0.1,100,"COVID-19"
"DE-SL","00+",2022-04-27,2022-04-03,"-24 day ahead inc hosp","quantile",0.25,101,"COVID-19"
"DE-SL","00+",2022-04-27,2022-04-03,"-24 day ahead inc hosp","quantile",0.5,102,"COVID-19"
"DE-SL","00+",2022-04-27,2022-04-03,"-24 day ahead inc hosp","quantile",0.75,105,"COVID-19"
"DE-SL","00+",2022-04-27,2022-04-03,"-24 day ahead inc hosp","quantile",0.9,108,"COVID-19"
"DE-SL","00+",2022-04-27,2022-04-03,"-24 day ahead inc hosp","quantile",0.975,112,"COVID-19"
"DE-SL","00+",2022-04-27,2022-04-02,"-25 day ahead inc hosp","mean",NA,111,"COVID-19"
"DE-SL","00+",2022-04-27,2022-04-02,"-25 day ahead inc hosp","quantile",0.025,108,"COVID-19"
"DE-SL","00+",2022-04-27,2022-04-02,"-25 day ahead inc hosp","quantile",0.1,108,"COVID-19"
"DE-SL","00+",2022-04-27,2022-04-02,"-25 day ahead inc hosp","quantile",0.25,109,"COVID-19"
"DE-SL","00+",2022-04-27,2022-04-02,"-25 day ahead inc hosp","quantile",0.5,110,"COVID-19"
"DE-SL","00+",2022-04-27,2022-04-02,"-25 day ahead inc hosp","quantile",0.75,113,"COVID-19"
"DE-SL","00+",2022-04-27,2022-04-02,"-25 day ahead inc hosp","quantile",0.9,116,"COVID-19"
"DE-SL","00+",2022-04-27,2022-04-02,"-25 day ahead inc hosp","quantile",0.975,120,"COVID-19"
"DE-SL","00+",2022-04-27,2022-04-01,"-26 day ahead inc hosp","mean",NA,121,"COVID-19"
"DE-SL","00+",2022-04-27,2022-04-01,"-26 day ahead inc hosp","quantile",0.025,118,"COVID-19"
"DE-SL","00+",2022-04-27,2022-04-01,"-26 day ahead inc hosp","quantile",0.1,118,"COVID-19"
"DE-SL","00+",2022-04-27,2022-04-01,"-26 day ahead inc hosp","quantile",0.25,119,"COVID-19"
"DE-SL","00+",2022-04-27,2022-04-01,"-26 day ahead inc hosp","quantile",0.5,120,"COVID-19"
"DE-SL","00+",2022-04-27,2022-04-01,"-26 day ahead inc hosp","quantile",0.75,123,"COVID-19"
"DE-SL","00+",2022-04-27,2022-04-01,"-26 day ahead inc hosp","quantile",0.9,126,"COVID-19"
"DE-SL","00+",2022-04-27,2022-04-01,"-26 day ahead inc hosp","quantile",0.975,130,"COVID-19"
"DE-SL","00+",2022-04-27,2022-03-31,"-27 day ahead inc hosp","mean",NA,127,"COVID-19"
"DE-SL","00+",2022-04-27,2022-03-31,"-27 day ahead inc hosp","quantile",0.025,124,"COVID-19"
"DE-SL","00+",2022-04-27,2022-03-31,"-27 day ahead inc hosp","quantile",0.1,124,"COVID-19"
"DE-SL","00+",2022-04-27,2022-03-31,"-27 day ahead inc hosp","quantile",0.25,125,"COVID-19"
"DE-SL","00+",2022-04-27,2022-03-31,"-27 day ahead inc hosp","quantile",0.5,126,"COVID-19"
"DE-SL","00+",2022-04-27,2022-03-31,"-27 day ahead inc hosp","quantile",0.75,129,"COVID-19"
"DE-SL","00+",2022-04-27,2022-03-31,"-27 day ahead inc hosp","quantile",0.9,132,"COVID-19"
"DE-SL","00+",2022-04-27,2022-03-31,"-27 day ahead inc hosp","quantile",0.975,136,"COVID-19"
"DE-SL","00+",2022-04-27,2022-03-30,"-28 day ahead inc hosp","mean",NA,139,"COVID-19"
"DE-SL","00+",2022-04-27,2022-03-30,"-28 day ahead inc hosp","quantile",0.025,136,"COVID-19"
"DE-SL","00+",2022-04-27,2022-03-30,"-28 day ahead inc hosp","quantile",0.1,136,"COVID-19"
"DE-SL","00+",2022-04-27,2022-03-30,"-28 day ahead inc hosp","quantile",0.25,137,"COVID-19"
"DE-SL","00+",2022-04-27,2022-03-30,"-28 day ahead inc hosp","quantile",0.5,138,"COVID-19"
"DE-SL","00+",2022-04-27,2022-03-30,"-28 day ahead inc hosp","quantile",0.75,141,"COVID-19"
"DE-SL","00+",2022-04-27,2022-03-30,"-28 day ahead inc hosp","quantile",0.9,144,"COVID-19"
"DE-SL","00+",2022-04-27,2022-03-30,"-28 day ahead inc hosp","quantile",0.975,148,"COVID-19"
"DE-SN","00+",2022-04-27,2022-04-27,"0 day ahead inc hosp","mean",NA,360,"COVID-19"
"DE-SN","00+",2022-04-27,2022-04-27,"0 day ahead inc hosp","quantile",0.025,227,"COVID-19"
"DE-SN","00+",2022-04-27,2022-04-27,"0 day ahead inc hosp","quantile",0.1,255,"COVID-19"
"DE-SN","00+",2022-04-27,2022-04-27,"0 day ahead inc hosp","quantile",0.25,290,"COVID-19"
"DE-SN","00+",2022-04-27,2022-04-27,"0 day ahead inc hosp","quantile",0.5,343,"COVID-19"
"DE-SN","00+",2022-04-27,2022-04-27,"0 day ahead inc hosp","quantile",0.75,411,"COVID-19"
"DE-SN","00+",2022-04-27,2022-04-27,"0 day ahead inc hosp","quantile",0.9,488,"COVID-19"
"DE-SN","00+",2022-04-27,2022-04-27,"0 day ahead inc hosp","quantile",0.975,592,"COVID-19"
"DE-SN","00+",2022-04-27,2022-04-26,"-1 day ahead inc hosp","mean",NA,411,"COVID-19"
"DE-SN","00+",2022-04-27,2022-04-26,"-1 day ahead inc hosp","quantile",0.025,309,"COVID-19"
"DE-SN","00+",2022-04-27,2022-04-26,"-1 day ahead inc hosp","quantile",0.1,332,"COVID-19"
"DE-SN","00+",2022-04-27,2022-04-26,"-1 day ahead inc hosp","quantile",0.25,359,"COVID-19"
"DE-SN","00+",2022-04-27,2022-04-26,"-1 day ahead inc hosp","quantile",0.5,399,"COVID-19"
"DE-SN","00+",2022-04-27,2022-04-26,"-1 day ahead inc hosp","quantile",0.75,450,"COVID-19"
"DE-SN","00+",2022-04-27,2022-04-26,"-1 day ahead inc hosp","quantile",0.9,505,"COVID-19"
"DE-SN","00+",2022-04-27,2022-04-26,"-1 day ahead inc hosp","quantile",0.975,578,"COVID-19"
"DE-SN","00+",2022-04-27,2022-04-25,"-2 day ahead inc hosp","mean",NA,350,"COVID-19"
"DE-SN","00+",2022-04-27,2022-04-25,"-2 day ahead inc hosp","quantile",0.025,288,"COVID-19"
"DE-SN","00+",2022-04-27,2022-04-25,"-2 day ahead inc hosp","quantile",0.1,303,"COVID-19"
"DE-SN","00+",2022-04-27,2022-04-25,"-2 day ahead inc hosp","quantile",0.25,320,"COVID-19"
"DE-SN","00+",2022-04-27,2022-04-25,"-2 day ahead inc hosp","quantile",0.5,344,"COVID-19"
"DE-SN","00+",2022-04-27,2022-04-25,"-2 day ahead inc hosp","quantile",0.75,373,"COVID-19"
"DE-SN","00+",2022-04-27,2022-04-25,"-2 day ahead inc hosp","quantile",0.9,404,"COVID-19"
"DE-SN","00+",2022-04-27,2022-04-25,"-2 day ahead inc hosp","quantile",0.975,445,"COVID-19"
"DE-SN","00+",2022-04-27,2022-04-24,"-3 day ahead inc hosp","mean",NA,337,"COVID-19"
"DE-SN","00+",2022-04-27,2022-04-24,"-3 day ahead inc hosp","quantile",0.025,289,"COVID-19"
"DE-SN","00+",2022-04-27,2022-04-24,"-3 day ahead inc hosp","quantile",0.1,302,"COVID-19"
"DE-SN","00+",2022-04-27,2022-04-24,"-3 day ahead inc hosp","quantile",0.25,315,"COVID-19"
"DE-SN","00+",2022-04-27,2022-04-24,"-3 day ahead inc hosp","quantile",0.5,334,"COVID-19"
"DE-SN","00+",2022-04-27,2022-04-24,"-3 day ahead inc hosp","quantile",0.75,355,"COVID-19"
"DE-SN","00+",2022-04-27,2022-04-24,"-3 day ahead inc hosp","quantile",0.9,378,"COVID-19"
"DE-SN","00+",2022-04-27,2022-04-24,"-3 day ahead inc hosp","quantile",0.975,406,"COVID-19"
"DE-SN","00+",2022-04-27,2022-04-23,"-4 day ahead inc hosp","mean",NA,326,"COVID-19"
"DE-SN","00+",2022-04-27,2022-04-23,"-4 day ahead inc hosp","quantile",0.025,286,"COVID-19"
"DE-SN","00+",2022-04-27,2022-04-23,"-4 day ahead inc hosp","quantile",0.1,297,"COVID-19"
"DE-SN","00+",2022-04-27,2022-04-23,"-4 day ahead inc hosp","quantile",0.25,309,"COVID-19"
"DE-SN","00+",2022-04-27,2022-04-23,"-4 day ahead inc hosp","quantile",0.5,323,"COVID-19"
"DE-SN","00+",2022-04-27,2022-04-23,"-4 day ahead inc hosp","quantile",0.75,341,"COVID-19"
"DE-SN","00+",2022-04-27,2022-04-23,"-4 day ahead inc hosp","quantile",0.9,358,"COVID-19"
"DE-SN","00+",2022-04-27,2022-04-23,"-4 day ahead inc hosp","quantile",0.975,380,"COVID-19"
"DE-SN","00+",2022-04-27,2022-04-22,"-5 day ahead inc hosp","mean",NA,286,"COVID-19"
"DE-SN","00+",2022-04-27,2022-04-22,"-5 day ahead inc hosp","quantile",0.025,254,"COVID-19"
"DE-SN","00+",2022-04-27,2022-04-22,"-5 day ahead inc hosp","quantile",0.1,263,"COVID-19"
"DE-SN","00+",2022-04-27,2022-04-22,"-5 day ahead inc hosp","quantile",0.25,272,"COVID-19"
"DE-SN","00+",2022-04-27,2022-04-22,"-5 day ahead inc hosp","quantile",0.5,284,"COVID-19"
"DE-SN","00+",2022-04-27,2022-04-22,"-5 day ahead inc hosp","quantile",0.75,297,"COVID-19"
"DE-SN","00+",2022-04-27,2022-04-22,"-5 day ahead inc hosp","quantile",0.9,311,"COVID-19"
"DE-SN","00+",2022-04-27,2022-04-22,"-5 day ahead inc hosp","quantile",0.975,327,"COVID-19"
"DE-SN","00+",2022-04-27,2022-04-21,"-6 day ahead inc hosp","mean",NA,279,"COVID-19"
"DE-SN","00+",2022-04-27,2022-04-21,"-6 day ahead inc hosp","quantile",0.025,252,"COVID-19"
"DE-SN","00+",2022-04-27,2022-04-21,"-6 day ahead inc hosp","quantile",0.1,260,"COVID-19"
"DE-SN","00+",2022-04-27,2022-04-21,"-6 day ahead inc hosp","quantile",0.25,268,"COVID-19"
"DE-SN","00+",2022-04-27,2022-04-21,"-6 day ahead inc hosp","quantile",0.5,278,"COVID-19"
"DE-SN","00+",2022-04-27,2022-04-21,"-6 day ahead inc hosp","quantile",0.75,289,"COVID-19"
"DE-SN","00+",2022-04-27,2022-04-21,"-6 day ahead inc hosp","quantile",0.9,301,"COVID-19"
"DE-SN","00+",2022-04-27,2022-04-21,"-6 day ahead inc hosp","quantile",0.975,316,"COVID-19"
"DE-SN","00+",2022-04-27,2022-04-20,"-7 day ahead inc hosp","mean",NA,277,"COVID-19"
"DE-SN","00+",2022-04-27,2022-04-20,"-7 day ahead inc hosp","quantile",0.025,252,"COVID-19"
"DE-SN","00+",2022-04-27,2022-04-20,"-7 day ahead inc hosp","quantile",0.1,259,"COVID-19"
"DE-SN","00+",2022-04-27,2022-04-20,"-7 day ahead inc hosp","quantile",0.25,266,"COVID-19"
"DE-SN","00+",2022-04-27,2022-04-20,"-7 day ahead inc hosp","quantile",0.5,275,"COVID-19"
"DE-SN","00+",2022-04-27,2022-04-20,"-7 day ahead inc hosp","quantile",0.75,286,"COVID-19"
"DE-SN","00+",2022-04-27,2022-04-20,"-7 day ahead inc hosp","quantile",0.9,297,"COVID-19"
"DE-SN","00+",2022-04-27,2022-04-20,"-7 day ahead inc hosp","quantile",0.975,310,"COVID-19"
"DE-SN","00+",2022-04-27,2022-04-19,"-8 day ahead inc hosp","mean",NA,252,"COVID-19"
"DE-SN","00+",2022-04-27,2022-04-19,"-8 day ahead inc hosp","quantile",0.025,233,"COVID-19"
"DE-SN","00+",2022-04-27,2022-04-19,"-8 day ahead inc hosp","quantile",0.1,238,"COVID-19"
"DE-SN","00+",2022-04-27,2022-04-19,"-8 day ahead inc hosp","quantile",0.25,243,"COVID-19"
"DE-SN","00+",2022-04-27,2022-04-19,"-8 day ahead inc hosp","quantile",0.5,250,"COVID-19"
"DE-SN","00+",2022-04-27,2022-04-19,"-8 day ahead inc hosp","quantile",0.75,258,"COVID-19"
"DE-SN","00+",2022-04-27,2022-04-19,"-8 day ahead inc hosp","quantile",0.9,267,"COVID-19"
"DE-SN","00+",2022-04-27,2022-04-19,"-8 day ahead inc hosp","quantile",0.975,277,"COVID-19"
"DE-SN","00+",2022-04-27,2022-04-18,"-9 day ahead inc hosp","mean",NA,289,"COVID-19"
"DE-SN","00+",2022-04-27,2022-04-18,"-9 day ahead inc hosp","quantile",0.025,268,"COVID-19"
"DE-SN","00+",2022-04-27,2022-04-18,"-9 day ahead inc hosp","quantile",0.1,274,"COVID-19"
"DE-SN","00+",2022-04-27,2022-04-18,"-9 day ahead inc hosp","quantile",0.25,280,"COVID-19"
"DE-SN","00+",2022-04-27,2022-04-18,"-9 day ahead inc hosp","quantile",0.5,287,"COVID-19"
"DE-SN","00+",2022-04-27,2022-04-18,"-9 day ahead inc hosp","quantile",0.75,296,"COVID-19"
"DE-SN","00+",2022-04-27,2022-04-18,"-9 day ahead inc hosp","quantile",0.9,305,"COVID-19"
"DE-SN","00+",2022-04-27,2022-04-18,"-9 day ahead inc hosp","quantile",0.975,317,"COVID-19"
"DE-SN","00+",2022-04-27,2022-04-17,"-10 day ahead inc hosp","mean",NA,306,"COVID-19"
"DE-SN","00+",2022-04-27,2022-04-17,"-10 day ahead inc hosp","quantile",0.025,285,"COVID-19"
"DE-SN","00+",2022-04-27,2022-04-17,"-10 day ahead inc hosp","quantile",0.1,291,"COVID-19"
"DE-SN","00+",2022-04-27,2022-04-17,"-10 day ahead inc hosp","quantile",0.25,297,"COVID-19"
"DE-SN","00+",2022-04-27,2022-04-17,"-10 day ahead inc hosp","quantile",0.5,305,"COVID-19"
"DE-SN","00+",2022-04-27,2022-04-17,"-10 day ahead inc hosp","quantile",0.75,314,"COVID-19"
"DE-SN","00+",2022-04-27,2022-04-17,"-10 day ahead inc hosp","quantile",0.9,324,"COVID-19"
"DE-SN","00+",2022-04-27,2022-04-17,"-10 day ahead inc hosp","quantile",0.975,336,"COVID-19"
"DE-SN","00+",2022-04-27,2022-04-16,"-11 day ahead inc hosp","mean",NA,325,"COVID-19"
"DE-SN","00+",2022-04-27,2022-04-16,"-11 day ahead inc hosp","quantile",0.025,303,"COVID-19"
"DE-SN","00+",2022-04-27,2022-04-16,"-11 day ahead inc hosp","quantile",0.1,308,"COVID-19"
"DE-SN","00+",2022-04-27,2022-04-16,"-11 day ahead inc hosp","quantile",0.25,315,"COVID-19"
"DE-SN","00+",2022-04-27,2022-04-16,"-11 day ahead inc hosp","quantile",0.5,323,"COVID-19"
"DE-SN","00+",2022-04-27,2022-04-16,"-11 day ahead inc hosp","quantile",0.75,333,"COVID-19"
"DE-SN","00+",2022-04-27,2022-04-16,"-11 day ahead inc hosp","quantile",0.9,344,"COVID-19"
"DE-SN","00+",2022-04-27,2022-04-16,"-11 day ahead inc hosp","quantile",0.975,357,"COVID-19"
"DE-SN","00+",2022-04-27,2022-04-15,"-12 day ahead inc hosp","mean",NA,359,"COVID-19"
"DE-SN","00+",2022-04-27,2022-04-15,"-12 day ahead inc hosp","quantile",0.025,335,"COVID-19"
"DE-SN","00+",2022-04-27,2022-04-15,"-12 day ahead inc hosp","quantile",0.1,341,"COVID-19"
"DE-SN","00+",2022-04-27,2022-04-15,"-12 day ahead inc hosp","quantile",0.25,348,"COVID-19"
"DE-SN","00+",2022-04-27,2022-04-15,"-12 day ahead inc hosp","quantile",0.5,357,"COVID-19"
"DE-SN","00+",2022-04-27,2022-04-15,"-12 day ahead inc hosp","quantile",0.75,368,"COVID-19"
"DE-SN","00+",2022-04-27,2022-04-15,"-12 day ahead inc hosp","quantile",0.9,379,"COVID-19"
"DE-SN","00+",2022-04-27,2022-04-15,"-12 day ahead inc hosp","quantile",0.975,394,"COVID-19"
"DE-SN","00+",2022-04-27,2022-04-14,"-13 day ahead inc hosp","mean",NA,383,"COVID-19"
"DE-SN","00+",2022-04-27,2022-04-14,"-13 day ahead inc hosp","quantile",0.025,360,"COVID-19"
"DE-SN","00+",2022-04-27,2022-04-14,"-13 day ahead inc hosp","quantile",0.1,366,"COVID-19"
"DE-SN","00+",2022-04-27,2022-04-14,"-13 day ahead inc hosp","quantile",0.25,372,"COVID-19"
"DE-SN","00+",2022-04-27,2022-04-14,"-13 day ahead inc hosp","quantile",0.5,381,"COVID-19"
"DE-SN","00+",2022-04-27,2022-04-14,"-13 day ahead inc hosp","quantile",0.75,392,"COVID-19"
"DE-SN","00+",2022-04-27,2022-04-14,"-13 day ahead inc hosp","quantile",0.9,404,"COVID-19"
"DE-SN","00+",2022-04-27,2022-04-14,"-13 day ahead inc hosp","quantile",0.975,419,"COVID-19"
"DE-SN","00+",2022-04-27,2022-04-13,"-14 day ahead inc hosp","mean",NA,388,"COVID-19"
"DE-SN","00+",2022-04-27,2022-04-13,"-14 day ahead inc hosp","quantile",0.025,365,"COVID-19"
"DE-SN","00+",2022-04-27,2022-04-13,"-14 day ahead inc hosp","quantile",0.1,371,"COVID-19"
"DE-SN","00+",2022-04-27,2022-04-13,"-14 day ahead inc hosp","quantile",0.25,377,"COVID-19"
"DE-SN","00+",2022-04-27,2022-04-13,"-14 day ahead inc hosp","quantile",0.5,386,"COVID-19"
"DE-SN","00+",2022-04-27,2022-04-13,"-14 day ahead inc hosp","quantile",0.75,396,"COVID-19"
"DE-SN","00+",2022-04-27,2022-04-13,"-14 day ahead inc hosp","quantile",0.9,408,"COVID-19"
"DE-SN","00+",2022-04-27,2022-04-13,"-14 day ahead inc hosp","quantile",0.975,422,"COVID-19"
"DE-SN","00+",2022-04-27,2022-04-12,"-15 day ahead inc hosp","mean",NA,381,"COVID-19"
"DE-SN","00+",2022-04-27,2022-04-12,"-15 day ahead inc hosp","quantile",0.025,361,"COVID-19"
"DE-SN","00+",2022-04-27,2022-04-12,"-15 day ahead inc hosp","quantile",0.1,365,"COVID-19"
"DE-SN","00+",2022-04-27,2022-04-12,"-15 day ahead inc hosp","quantile",0.25,371,"COVID-19"
"DE-SN","00+",2022-04-27,2022-04-12,"-15 day ahead inc hosp","quantile",0.5,379,"COVID-19"
"DE-SN","00+",2022-04-27,2022-04-12,"-15 day ahead inc hosp","quantile",0.75,389,"COVID-19"
"DE-SN","00+",2022-04-27,2022-04-12,"-15 day ahead inc hosp","quantile",0.9,399,"COVID-19"
"DE-SN","00+",2022-04-27,2022-04-12,"-15 day ahead inc hosp","quantile",0.975,412,"COVID-19"
"DE-SN","00+",2022-04-27,2022-04-11,"-16 day ahead inc hosp","mean",NA,393,"COVID-19"
"DE-SN","00+",2022-04-27,2022-04-11,"-16 day ahead inc hosp","quantile",0.025,374,"COVID-19"
"DE-SN","00+",2022-04-27,2022-04-11,"-16 day ahead inc hosp","quantile",0.1,378,"COVID-19"
"DE-SN","00+",2022-04-27,2022-04-11,"-16 day ahead inc hosp","quantile",0.25,384,"COVID-19"
"DE-SN","00+",2022-04-27,2022-04-11,"-16 day ahead inc hosp","quantile",0.5,391,"COVID-19"
"DE-SN","00+",2022-04-27,2022-04-11,"-16 day ahead inc hosp","quantile",0.75,401,"COVID-19"
"DE-SN","00+",2022-04-27,2022-04-11,"-16 day ahead inc hosp","quantile",0.9,411,"COVID-19"
"DE-SN","00+",2022-04-27,2022-04-11,"-16 day ahead inc hosp","quantile",0.975,424,"COVID-19"
"DE-SN","00+",2022-04-27,2022-04-10,"-17 day ahead inc hosp","mean",NA,385,"COVID-19"
"DE-SN","00+",2022-04-27,2022-04-10,"-17 day ahead inc hosp","quantile",0.025,366,"COVID-19"
"DE-SN","00+",2022-04-27,2022-04-10,"-17 day ahead inc hosp","quantile",0.1,371,"COVID-19"
"DE-SN","00+",2022-04-27,2022-04-10,"-17 day ahead inc hosp","quantile",0.25,376,"COVID-19"
"DE-SN","00+",2022-04-27,2022-04-10,"-17 day ahead inc hosp","quantile",0.5,383,"COVID-19"
"DE-SN","00+",2022-04-27,2022-04-10,"-17 day ahead inc hosp","quantile",0.75,392,"COVID-19"
"DE-SN","00+",2022-04-27,2022-04-10,"-17 day ahead inc hosp","quantile",0.9,402,"COVID-19"
"DE-SN","00+",2022-04-27,2022-04-10,"-17 day ahead inc hosp","quantile",0.975,415,"COVID-19"
"DE-SN","00+",2022-04-27,2022-04-09,"-18 day ahead inc hosp","mean",NA,391,"COVID-19"
"DE-SN","00+",2022-04-27,2022-04-09,"-18 day ahead inc hosp","quantile",0.025,372,"COVID-19"
"DE-SN","00+",2022-04-27,2022-04-09,"-18 day ahead inc hosp","quantile",0.1,376,"COVID-19"
"DE-SN","00+",2022-04-27,2022-04-09,"-18 day ahead inc hosp","quantile",0.25,381,"COVID-19"
"DE-SN","00+",2022-04-27,2022-04-09,"-18 day ahead inc hosp","quantile",0.5,389,"COVID-19"
"DE-SN","00+",2022-04-27,2022-04-09,"-18 day ahead inc hosp","quantile",0.75,398,"COVID-19"
"DE-SN","00+",2022-04-27,2022-04-09,"-18 day ahead inc hosp","quantile",0.9,407,"COVID-19"
"DE-SN","00+",2022-04-27,2022-04-09,"-18 day ahead inc hosp","quantile",0.975,420,"COVID-19"
"DE-SN","00+",2022-04-27,2022-04-08,"-19 day ahead inc hosp","mean",NA,407,"COVID-19"
"DE-SN","00+",2022-04-27,2022-04-08,"-19 day ahead inc hosp","quantile",0.025,389,"COVID-19"
"DE-SN","00+",2022-04-27,2022-04-08,"-19 day ahead inc hosp","quantile",0.1,393,"COVID-19"
"DE-SN","00+",2022-04-27,2022-04-08,"-19 day ahead inc hosp","quantile",0.25,398,"COVID-19"
"DE-SN","00+",2022-04-27,2022-04-08,"-19 day ahead inc hosp","quantile",0.5,405,"COVID-19"
"DE-SN","00+",2022-04-27,2022-04-08,"-19 day ahead inc hosp","quantile",0.75,414,"COVID-19"
"DE-SN","00+",2022-04-27,2022-04-08,"-19 day ahead inc hosp","quantile",0.9,424,"COVID-19"
"DE-SN","00+",2022-04-27,2022-04-08,"-19 day ahead inc hosp","quantile",0.975,437,"COVID-19"
"DE-SN","00+",2022-04-27,2022-04-07,"-20 day ahead inc hosp","mean",NA,417,"COVID-19"
"DE-SN","00+",2022-04-27,2022-04-07,"-20 day ahead inc hosp","quantile",0.025,399,"COVID-19"
"DE-SN","00+",2022-04-27,2022-04-07,"-20 day ahead inc hosp","quantile",0.1,404,"COVID-19"
"DE-SN","00+",2022-04-27,2022-04-07,"-20 day ahead inc hosp","quantile",0.25,408,"COVID-19"
"DE-SN","00+",2022-04-27,2022-04-07,"-20 day ahead inc hosp","quantile",0.5,415,"COVID-19"
"DE-SN","00+",2022-04-27,2022-04-07,"-20 day ahead inc hosp","quantile",0.75,424,"COVID-19"
"DE-SN","00+",2022-04-27,2022-04-07,"-20 day ahead inc hosp","quantile",0.9,434,"COVID-19"
"DE-SN","00+",2022-04-27,2022-04-07,"-20 day ahead inc hosp","quantile",0.975,446,"COVID-19"
"DE-SN","00+",2022-04-27,2022-04-06,"-21 day ahead inc hosp","mean",NA,443,"COVID-19"
"DE-SN","00+",2022-04-27,2022-04-06,"-21 day ahead inc hosp","quantile",0.025,425,"COVID-19"
"DE-SN","00+",2022-04-27,2022-04-06,"-21 day ahead inc hosp","quantile",0.1,429,"COVID-19"
"DE-SN","00+",2022-04-27,2022-04-06,"-21 day ahead inc hosp","quantile",0.25,434,"COVID-19"
"DE-SN","00+",2022-04-27,2022-04-06,"-21 day ahead inc hosp","quantile",0.5,441,"COVID-19"
"DE-SN","00+",2022-04-27,2022-04-06,"-21 day ahead inc hosp","quantile",0.75,450,"COVID-19"
"DE-SN","00+",2022-04-27,2022-04-06,"-21 day ahead inc hosp","quantile",0.9,459,"COVID-19"
"DE-SN","00+",2022-04-27,2022-04-06,"-21 day ahead inc hosp","quantile",0.975,472,"COVID-19"
"DE-SN","00+",2022-04-27,2022-04-05,"-22 day ahead inc hosp","mean",NA,457,"COVID-19"
"DE-SN","00+",2022-04-27,2022-04-05,"-22 day ahead inc hosp","quantile",0.025,440,"COVID-19"
"DE-SN","00+",2022-04-27,2022-04-05,"-22 day ahead inc hosp","quantile",0.1,444,"COVID-19"
"DE-SN","00+",2022-04-27,2022-04-05,"-22 day ahead inc hosp","quantile",0.25,448,"COVID-19"
"DE-SN","00+",2022-04-27,2022-04-05,"-22 day ahead inc hosp","quantile",0.5,455,"COVID-19"
"DE-SN","00+",2022-04-27,2022-04-05,"-22 day ahead inc hosp","quantile",0.75,463,"COVID-19"
"DE-SN","00+",2022-04-27,2022-04-05,"-22 day ahead inc hosp","quantile",0.9,472,"COVID-19"
"DE-SN","00+",2022-04-27,2022-04-05,"-22 day ahead inc hosp","quantile",0.975,485,"COVID-19"
"DE-SN","00+",2022-04-27,2022-04-04,"-23 day ahead inc hosp","mean",NA,492,"COVID-19"
"DE-SN","00+",2022-04-27,2022-04-04,"-23 day ahead inc hosp","quantile",0.025,475,"COVID-19"
"DE-SN","00+",2022-04-27,2022-04-04,"-23 day ahead inc hosp","quantile",0.1,479,"COVID-19"
"DE-SN","00+",2022-04-27,2022-04-04,"-23 day ahead inc hosp","quantile",0.25,484,"COVID-19"
"DE-SN","00+",2022-04-27,2022-04-04,"-23 day ahead inc hosp","quantile",0.5,490,"COVID-19"
"DE-SN","00+",2022-04-27,2022-04-04,"-23 day ahead inc hosp","quantile",0.75,499,"COVID-19"
"DE-SN","00+",2022-04-27,2022-04-04,"-23 day ahead inc hosp","quantile",0.9,508,"COVID-19"
"DE-SN","00+",2022-04-27,2022-04-04,"-23 day ahead inc hosp","quantile",0.975,520,"COVID-19"
"DE-SN","00+",2022-04-27,2022-04-03,"-24 day ahead inc hosp","mean",NA,507,"COVID-19"
"DE-SN","00+",2022-04-27,2022-04-03,"-24 day ahead inc hosp","quantile",0.025,490,"COVID-19"
"DE-SN","00+",2022-04-27,2022-04-03,"-24 day ahead inc hosp","quantile",0.1,494,"COVID-19"
"DE-SN","00+",2022-04-27,2022-04-03,"-24 day ahead inc hosp","quantile",0.25,498,"COVID-19"
"DE-SN","00+",2022-04-27,2022-04-03,"-24 day ahead inc hosp","quantile",0.5,505,"COVID-19"
"DE-SN","00+",2022-04-27,2022-04-03,"-24 day ahead inc hosp","quantile",0.75,514,"COVID-19"
"DE-SN","00+",2022-04-27,2022-04-03,"-24 day ahead inc hosp","quantile",0.9,524,"COVID-19"
"DE-SN","00+",2022-04-27,2022-04-03,"-24 day ahead inc hosp","quantile",0.975,537,"COVID-19"
"DE-SN","00+",2022-04-27,2022-04-02,"-25 day ahead inc hosp","mean",NA,521,"COVID-19"
"DE-SN","00+",2022-04-27,2022-04-02,"-25 day ahead inc hosp","quantile",0.025,503,"COVID-19"
"DE-SN","00+",2022-04-27,2022-04-02,"-25 day ahead inc hosp","quantile",0.1,507,"COVID-19"
"DE-SN","00+",2022-04-27,2022-04-02,"-25 day ahead inc hosp","quantile",0.25,512,"COVID-19"
"DE-SN","00+",2022-04-27,2022-04-02,"-25 day ahead inc hosp","quantile",0.5,519,"COVID-19"
"DE-SN","00+",2022-04-27,2022-04-02,"-25 day ahead inc hosp","quantile",0.75,528,"COVID-19"
"DE-SN","00+",2022-04-27,2022-04-02,"-25 day ahead inc hosp","quantile",0.9,538,"COVID-19"
"DE-SN","00+",2022-04-27,2022-04-02,"-25 day ahead inc hosp","quantile",0.975,552,"COVID-19"
"DE-SN","00+",2022-04-27,2022-04-01,"-26 day ahead inc hosp","mean",NA,539,"COVID-19"
"DE-SN","00+",2022-04-27,2022-04-01,"-26 day ahead inc hosp","quantile",0.025,522,"COVID-19"
"DE-SN","00+",2022-04-27,2022-04-01,"-26 day ahead inc hosp","quantile",0.1,525,"COVID-19"
"DE-SN","00+",2022-04-27,2022-04-01,"-26 day ahead inc hosp","quantile",0.25,530,"COVID-19"
"DE-SN","00+",2022-04-27,2022-04-01,"-26 day ahead inc hosp","quantile",0.5,537,"COVID-19"
"DE-SN","00+",2022-04-27,2022-04-01,"-26 day ahead inc hosp","quantile",0.75,546,"COVID-19"
"DE-SN","00+",2022-04-27,2022-04-01,"-26 day ahead inc hosp","quantile",0.9,557,"COVID-19"
"DE-SN","00+",2022-04-27,2022-04-01,"-26 day ahead inc hosp","quantile",0.975,571,"COVID-19"
"DE-SN","00+",2022-04-27,2022-03-31,"-27 day ahead inc hosp","mean",NA,547,"COVID-19"
"DE-SN","00+",2022-04-27,2022-03-31,"-27 day ahead inc hosp","quantile",0.025,530,"COVID-19"
"DE-SN","00+",2022-04-27,2022-03-31,"-27 day ahead inc hosp","quantile",0.1,533,"COVID-19"
"DE-SN","00+",2022-04-27,2022-03-31,"-27 day ahead inc hosp","quantile",0.25,537,"COVID-19"
"DE-SN","00+",2022-04-27,2022-03-31,"-27 day ahead inc hosp","quantile",0.5,544,"COVID-19"
"DE-SN","00+",2022-04-27,2022-03-31,"-27 day ahead inc hosp","quantile",0.75,554,"COVID-19"
"DE-SN","00+",2022-04-27,2022-03-31,"-27 day ahead inc hosp","quantile",0.9,565,"COVID-19"
"DE-SN","00+",2022-04-27,2022-03-31,"-27 day ahead inc hosp","quantile",0.975,580,"COVID-19"
"DE-SN","00+",2022-04-27,2022-03-30,"-28 day ahead inc hosp","mean",NA,565,"COVID-19"
"DE-SN","00+",2022-04-27,2022-03-30,"-28 day ahead inc hosp","quantile",0.025,548,"COVID-19"
"DE-SN","00+",2022-04-27,2022-03-30,"-28 day ahead inc hosp","quantile",0.1,551,"COVID-19"
"DE-SN","00+",2022-04-27,2022-03-30,"-28 day ahead inc hosp","quantile",0.25,555,"COVID-19"
"DE-SN","00+",2022-04-27,2022-03-30,"-28 day ahead inc hosp","quantile",0.5,562,"COVID-19"
"DE-SN","00+",2022-04-27,2022-03-30,"-28 day ahead inc hosp","quantile",0.75,572,"COVID-19"
"DE-SN","00+",2022-04-27,2022-03-30,"-28 day ahead inc hosp","quantile",0.9,583,"COVID-19"
"DE-SN","00+",2022-04-27,2022-03-30,"-28 day ahead inc hosp","quantile",0.975,599,"COVID-19"
"DE-ST","00+",2022-04-27,2022-04-27,"0 day ahead inc hosp","mean",NA,285,"COVID-19"
"DE-ST","00+",2022-04-27,2022-04-27,"0 day ahead inc hosp","quantile",0.025,195,"COVID-19"
"DE-ST","00+",2022-04-27,2022-04-27,"0 day ahead inc hosp","quantile",0.1,218,"COVID-19"
"DE-ST","00+",2022-04-27,2022-04-27,"0 day ahead inc hosp","quantile",0.25,243,"COVID-19"
"DE-ST","00+",2022-04-27,2022-04-27,"0 day ahead inc hosp","quantile",0.5,278,"COVID-19"
"DE-ST","00+",2022-04-27,2022-04-27,"0 day ahead inc hosp","quantile",0.75,319,"COVID-19"
"DE-ST","00+",2022-04-27,2022-04-27,"0 day ahead inc hosp","quantile",0.9,362,"COVID-19"
"DE-ST","00+",2022-04-27,2022-04-27,"0 day ahead inc hosp","quantile",0.975,417,"COVID-19"
"DE-ST","00+",2022-04-27,2022-04-26,"-1 day ahead inc hosp","mean",NA,346,"COVID-19"
"DE-ST","00+",2022-04-27,2022-04-26,"-1 day ahead inc hosp","quantile",0.025,272,"COVID-19"
"DE-ST","00+",2022-04-27,2022-04-26,"-1 day ahead inc hosp","quantile",0.1,292,"COVID-19"
"DE-ST","00+",2022-04-27,2022-04-26,"-1 day ahead inc hosp","quantile",0.25,314,"COVID-19"
"DE-ST","00+",2022-04-27,2022-04-26,"-1 day ahead inc hosp","quantile",0.5,341,"COVID-19"
"DE-ST","00+",2022-04-27,2022-04-26,"-1 day ahead inc hosp","quantile",0.75,373,"COVID-19"
"DE-ST","00+",2022-04-27,2022-04-26,"-1 day ahead inc hosp","quantile",0.9,406,"COVID-19"
"DE-ST","00+",2022-04-27,2022-04-26,"-1 day ahead inc hosp","quantile",0.975,447,"COVID-19"
"DE-ST","00+",2022-04-27,2022-04-25,"-2 day ahead inc hosp","mean",NA,298,"COVID-19"
"DE-ST","00+",2022-04-27,2022-04-25,"-2 day ahead inc hosp","quantile",0.025,244,"COVID-19"
"DE-ST","00+",2022-04-27,2022-04-25,"-2 day ahead inc hosp","quantile",0.1,259,"COVID-19"
"DE-ST","00+",2022-04-27,2022-04-25,"-2 day ahead inc hosp","quantile",0.25,274,"COVID-19"
"DE-ST","00+",2022-04-27,2022-04-25,"-2 day ahead inc hosp","quantile",0.5,294,"COVID-19"
"DE-ST","00+",2022-04-27,2022-04-25,"-2 day ahead inc hosp","quantile",0.75,318,"COVID-19"
"DE-ST","00+",2022-04-27,2022-04-25,"-2 day ahead inc hosp","quantile",0.9,342,"COVID-19"
"DE-ST","00+",2022-04-27,2022-04-25,"-2 day ahead inc hosp","quantile",0.975,372,"COVID-19"
"DE-ST","00+",2022-04-27,2022-04-24,"-3 day ahead inc hosp","mean",NA,287,"COVID-19"
"DE-ST","00+",2022-04-27,2022-04-24,"-3 day ahead inc hosp","quantile",0.025,240,"COVID-19"
"DE-ST","00+",2022-04-27,2022-04-24,"-3 day ahead inc hosp","quantile",0.1,253,"COVID-19"
"DE-ST","00+",2022-04-27,2022-04-24,"-3 day ahead inc hosp","quantile",0.25,267,"COVID-19"
"DE-ST","00+",2022-04-27,2022-04-24,"-3 day ahead inc hosp","quantile",0.5,284,"COVID-19"
"DE-ST","00+",2022-04-27,2022-04-24,"-3 day ahead inc hosp","quantile",0.75,304,"COVID-19"
"DE-ST","00+",2022-04-27,2022-04-24,"-3 day ahead inc hosp","quantile",0.9,325,"COVID-19"
"DE-ST","00+",2022-04-27,2022-04-24,"-3 day ahead inc hosp","quantile",0.975,351,"COVID-19"
"DE-ST","00+",2022-04-27,2022-04-23,"-4 day ahead inc hosp","mean",NA,292,"COVID-19"
"DE-ST","00+",2022-04-27,2022-04-23,"-4 day ahead inc hosp","quantile",0.025,245,"COVID-19"
"DE-ST","00+",2022-04-27,2022-04-23,"-4 day ahead inc hosp","quantile",0.1,258,"COVID-19"
"DE-ST","00+",2022-04-27,2022-04-23,"-4 day ahead inc hosp","quantile",0.25,272,"COVID-19"
"DE-ST","00+",2022-04-27,2022-04-23,"-4 day ahead inc hosp","quantile",0.5,289,"COVID-19"
"DE-ST","00+",2022-04-27,2022-04-23,"-4 day ahead inc hosp","quantile",0.75,309,"COVID-19"
"DE-ST","00+",2022-04-27,2022-04-23,"-4 day ahead inc hosp","quantile",0.9,329,"COVID-19"
"DE-ST","00+",2022-04-27,2022-04-23,"-4 day ahead inc hosp","quantile",0.975,354,"COVID-19"
"DE-ST","00+",2022-04-27,2022-04-22,"-5 day ahead inc hosp","mean",NA,257,"COVID-19"
"DE-ST","00+",2022-04-27,2022-04-22,"-5 day ahead inc hosp","quantile",0.025,218,"COVID-19"
"DE-ST","00+",2022-04-27,2022-04-22,"-5 day ahead inc hosp","quantile",0.1,229,"COVID-19"
"DE-ST","00+",2022-04-27,2022-04-22,"-5 day ahead inc hosp","quantile",0.25,240,"COVID-19"
"DE-ST","00+",2022-04-27,2022-04-22,"-5 day ahead inc hosp","quantile",0.5,254,"COVID-19"
"DE-ST","00+",2022-04-27,2022-04-22,"-5 day ahead inc hosp","quantile",0.75,271,"COVID-19"
"DE-ST","00+",2022-04-27,2022-04-22,"-5 day ahead inc hosp","quantile",0.9,288,"COVID-19"
"DE-ST","00+",2022-04-27,2022-04-22,"-5 day ahead inc hosp","quantile",0.975,309,"COVID-19"
"DE-ST","00+",2022-04-27,2022-04-21,"-6 day ahead inc hosp","mean",NA,268,"COVID-19"
"DE-ST","00+",2022-04-27,2022-04-21,"-6 day ahead inc hosp","quantile",0.025,229,"COVID-19"
"DE-ST","00+",2022-04-27,2022-04-21,"-6 day ahead inc hosp","quantile",0.1,240,"COVID-19"
"DE-ST","00+",2022-04-27,2022-04-21,"-6 day ahead inc hosp","quantile",0.25,251,"COVID-19"
"DE-ST","00+",2022-04-27,2022-04-21,"-6 day ahead inc hosp","quantile",0.5,265,"COVID-19"
"DE-ST","00+",2022-04-27,2022-04-21,"-6 day ahead inc hosp","quantile",0.75,282,"COVID-19"
"DE-ST","00+",2022-04-27,2022-04-21,"-6 day ahead inc hosp","quantile",0.9,299,"COVID-19"
"DE-ST","00+",2022-04-27,2022-04-21,"-6 day ahead inc hosp","quantile",0.975,320,"COVID-19"
"DE-ST","00+",2022-04-27,2022-04-20,"-7 day ahead inc hosp","mean",NA,281,"COVID-19"
"DE-ST","00+",2022-04-27,2022-04-20,"-7 day ahead inc hosp","quantile",0.025,242,"COVID-19"
"DE-ST","00+",2022-04-27,2022-04-20,"-7 day ahead inc hosp","quantile",0.1,252,"COVID-19"
"DE-ST","00+",2022-04-27,2022-04-20,"-7 day ahead inc hosp","quantile",0.25,264,"COVID-19"
"DE-ST","00+",2022-04-27,2022-04-20,"-7 day ahead inc hosp","quantile",0.5,278,"COVID-19"
"DE-ST","00+",2022-04-27,2022-04-20,"-7 day ahead inc hosp","quantile",0.75,296,"COVID-19"
"DE-ST","00+",2022-04-27,2022-04-20,"-7 day ahead inc hosp","quantile",0.9,314,"COVID-19"
"DE-ST","00+",2022-04-27,2022-04-20,"-7 day ahead inc hosp","quantile",0.975,337,"COVID-19"
"DE-ST","00+",2022-04-27,2022-04-19,"-8 day ahead inc hosp","mean",NA,236,"COVID-19"
"DE-ST","00+",2022-04-27,2022-04-19,"-8 day ahead inc hosp","quantile",0.025,207,"COVID-19"
"DE-ST","00+",2022-04-27,2022-04-19,"-8 day ahead inc hosp","quantile",0.1,214,"COVID-19"
"DE-ST","00+",2022-04-27,2022-04-19,"-8 day ahead inc hosp","quantile",0.25,222,"COVID-19"
"DE-ST","00+",2022-04-27,2022-04-19,"-8 day ahead inc hosp","quantile",0.5,233,"COVID-19"
"DE-ST","00+",2022-04-27,2022-04-19,"-8 day ahead inc hosp","quantile",0.75,247,"COVID-19"
"DE-ST","00+",2022-04-27,2022-04-19,"-8 day ahead inc hosp","quantile",0.9,261,"COVID-19"
"DE-ST","00+",2022-04-27,2022-04-19,"-8 day ahead inc hosp","quantile",0.975,279,"COVID-19"
"DE-ST","00+",2022-04-27,2022-04-18,"-9 day ahead inc hosp","mean",NA,290,"COVID-19"
"DE-ST","00+",2022-04-27,2022-04-18,"-9 day ahead inc hosp","quantile",0.025,255,"COVID-19"
"DE-ST","00+",2022-04-27,2022-04-18,"-9 day ahead inc hosp","quantile",0.1,264,"COVID-19"
"DE-ST","00+",2022-04-27,2022-04-18,"-9 day ahead inc hosp","quantile",0.25,274,"COVID-19"
"DE-ST","00+",2022-04-27,2022-04-18,"-9 day ahead inc hosp","quantile",0.5,287,"COVID-19"
"DE-ST","00+",2022-04-27,2022-04-18,"-9 day ahead inc hosp","quantile",0.75,303,"COVID-19"
"DE-ST","00+",2022-04-27,2022-04-18,"-9 day ahead inc hosp","quantile",0.9,320,"COVID-19"
"DE-ST","00+",2022-04-27,2022-04-18,"-9 day ahead inc hosp","quantile",0.975,342,"COVID-19"
"DE-ST","00+",2022-04-27,2022-04-17,"-10 day ahead inc hosp","mean",NA,298,"COVID-19"
"DE-ST","00+",2022-04-27,2022-04-17,"-10 day ahead inc hosp","quantile",0.025,261,"COVID-19"
"DE-ST","00+",2022-04-27,2022-04-17,"-10 day ahead inc hosp","quantile",0.1,270,"COVID-19"
"DE-ST","00+",2022-04-27,2022-04-17,"-10 day ahead inc hosp","quantile",0.25,280,"COVID-19"
"DE-ST","00+",2022-04-27,2022-04-17,"-10 day ahead inc hosp","quantile",0.5,294,"COVID-19"
"DE-ST","00+",2022-04-27,2022-04-17,"-10 day ahead inc hosp","quantile",0.75,312,"COVID-19"
"DE-ST","00+",2022-04-27,2022-04-17,"-10 day ahead inc hosp","quantile",0.9,330,"COVID-19"
"DE-ST","00+",2022-04-27,2022-04-17,"-10 day ahead inc hosp","quantile",0.975,355,"COVID-19"
"DE-ST","00+",2022-04-27,2022-04-16,"-11 day ahead inc hosp","mean",NA,304,"COVID-19"
"DE-ST","00+",2022-04-27,2022-04-16,"-11 day ahead inc hosp","quantile",0.025,265,"COVID-19"
"DE-ST","00+",2022-04-27,2022-04-16,"-11 day ahead inc hosp","quantile",0.1,274,"COVID-19"
"DE-ST","00+",2022-04-27,2022-04-16,"-11 day ahead inc hosp","quantile",0.25,285,"COVID-19"
"DE-ST","00+",2022-04-27,2022-04-16,"-11 day ahead inc hosp","quantile",0.5,300,"COVID-19"
"DE-ST","00+",2022-04-27,2022-04-16,"-11 day ahead inc hosp","quantile",0.75,318,"COVID-19"
"DE-ST","00+",2022-04-27,2022-04-16,"-11 day ahead inc hosp","quantile",0.9,339,"COVID-19"
"DE-ST","00+",2022-04-27,2022-04-16,"-11 day ahead inc hosp","quantile",0.975,366,"COVID-19"
"DE-ST","00+",2022-04-27,2022-04-15,"-12 day ahead inc hosp","mean",NA,315,"COVID-19"
"DE-ST","00+",2022-04-27,2022-04-15,"-12 day ahead inc hosp","quantile",0.025,275,"COVID-19"
"DE-ST","00+",2022-04-27,2022-04-15,"-12 day ahead inc hosp","quantile",0.1,283,"COVID-19"
"DE-ST","00+",2022-04-27,2022-04-15,"-12 day ahead inc hosp","quantile",0.25,294,"COVID-19"
"DE-ST","00+",2022-04-27,2022-04-15,"-12 day ahead inc hosp","quantile",0.5,310,"COVID-19"
"DE-ST","00+",2022-04-27,2022-04-15,"-12 day ahead inc hosp","quantile",0.75,330,"COVID-19"
"DE-ST","00+",2022-04-27,2022-04-15,"-12 day ahead inc hosp","quantile",0.9,353,"COVID-19"
"DE-ST","00+",2022-04-27,2022-04-15,"-12 day ahead inc hosp","quantile",0.975,382,"COVID-19"
"DE-ST","00+",2022-04-27,2022-04-14,"-13 day ahead inc hosp","mean",NA,321,"COVID-19"
"DE-ST","00+",2022-04-27,2022-04-14,"-13 day ahead inc hosp","quantile",0.025,282,"COVID-19"
"DE-ST","00+",2022-04-27,2022-04-14,"-13 day ahead inc hosp","quantile",0.1,290,"COVID-19"
"DE-ST","00+",2022-04-27,2022-04-14,"-13 day ahead inc hosp","quantile",0.25,300,"COVID-19"
"DE-ST","00+",2022-04-27,2022-04-14,"-13 day ahead inc hosp","quantile",0.5,316,"COVID-19"
"DE-ST","00+",2022-04-27,2022-04-14,"-13 day ahead inc hosp","quantile",0.75,336,"COVID-19"
"DE-ST","00+",2022-04-27,2022-04-14,"-13 day ahead inc hosp","quantile",0.9,359,"COVID-19"
"DE-ST","00+",2022-04-27,2022-04-14,"-13 day ahead inc hosp","quantile",0.975,390,"COVID-19"
"DE-ST","00+",2022-04-27,2022-04-13,"-14 day ahead inc hosp","mean",NA,327,"COVID-19"
"DE-ST","00+",2022-04-27,2022-04-13,"-14 day ahead inc hosp","quantile",0.025,289,"COVID-19"
"DE-ST","00+",2022-04-27,2022-04-13,"-14 day ahead inc hosp","quantile",0.1,296,"COVID-19"
"DE-ST","00+",2022-04-27,2022-04-13,"-14 day ahead inc hosp","quantile",0.25,306,"COVID-19"
"DE-ST","00+",2022-04-27,2022-04-13,"-14 day ahead inc hosp","quantile",0.5,321,"COVID-19"
"DE-ST","00+",2022-04-27,2022-04-13,"-14 day ahead inc hosp","quantile",0.75,341,"COVID-19"
"DE-ST","00+",2022-04-27,2022-04-13,"-14 day ahead inc hosp","quantile",0.9,364,"COVID-19"
"DE-ST","00+",2022-04-27,2022-04-13,"-14 day ahead inc hosp","quantile",0.975,394,"COVID-19"
"DE-ST","00+",2022-04-27,2022-04-12,"-15 day ahead inc hosp","mean",NA,331,"COVID-19"
"DE-ST","00+",2022-04-27,2022-04-12,"-15 day ahead inc hosp","quantile",0.025,296,"COVID-19"
"DE-ST","00+",2022-04-27,2022-04-12,"-15 day ahead inc hosp","quantile",0.1,303,"COVID-19"
"DE-ST","00+",2022-04-27,2022-04-12,"-15 day ahead inc hosp","quantile",0.25,312,"COVID-19"
"DE-ST","00+",2022-04-27,2022-04-12,"-15 day ahead inc hosp","quantile",0.5,326,"COVID-19"
"DE-ST","00+",2022-04-27,2022-04-12,"-15 day ahead inc hosp","quantile",0.75,345,"COVID-19"
"DE-ST","00+",2022-04-27,2022-04-12,"-15 day ahead inc hosp","quantile",0.9,366,"COVID-19"
"DE-ST","00+",2022-04-27,2022-04-12,"-15 day ahead inc hosp","quantile",0.975,396,"COVID-19"
"DE-ST","00+",2022-04-27,2022-04-11,"-16 day ahead inc hosp","mean",NA,333,"COVID-19"
"DE-ST","00+",2022-04-27,2022-04-11,"-16 day ahead inc hosp","quantile",0.025,302,"COVID-19"
"DE-ST","00+",2022-04-27,2022-04-11,"-16 day ahead inc hosp","quantile",0.1,308,"COVID-19"
"DE-ST","00+",2022-04-27,2022-04-11,"-16 day ahead inc hosp","quantile",0.25,316,"COVID-19"
"DE-ST","00+",2022-04-27,2022-04-11,"-16 day ahead inc hosp","quantile",0.5,328,"COVID-19"
"DE-ST","00+",2022-04-27,2022-04-11,"-16 day ahead inc hosp","quantile",0.75,346,"COVID-19"
"DE-ST","00+",2022-04-27,2022-04-11,"-16 day ahead inc hosp","quantile",0.9,366,"COVID-19"
"DE-ST","00+",2022-04-27,2022-04-11,"-16 day ahead inc hosp","quantile",0.975,393,"COVID-19"
"DE-ST","00+",2022-04-27,2022-04-10,"-17 day ahead inc hosp","mean",NA,345,"COVID-19"
"DE-ST","00+",2022-04-27,2022-04-10,"-17 day ahead inc hosp","quantile",0.025,313,"COVID-19"
"DE-ST","00+",2022-04-27,2022-04-10,"-17 day ahead inc hosp","quantile",0.1,319,"COVID-19"
"DE-ST","00+",2022-04-27,2022-04-10,"-17 day ahead inc hosp","quantile",0.25,327,"COVID-19"
"DE-ST","00+",2022-04-27,2022-04-10,"-17 day ahead inc hosp","quantile",0.5,340,"COVID-19"
"DE-ST","00+",2022-04-27,2022-04-10,"-17 day ahead inc hosp","quantile",0.75,358,"COVID-19"
"DE-ST","00+",2022-04-27,2022-04-10,"-17 day ahead inc hosp","quantile",0.9,379,"COVID-19"
"DE-ST","00+",2022-04-27,2022-04-10,"-17 day ahead inc hosp","quantile",0.975,408,"COVID-19"
"DE-ST","00+",2022-04-27,2022-04-09,"-18 day ahead inc hosp","mean",NA,355,"COVID-19"
"DE-ST","00+",2022-04-27,2022-04-09,"-18 day ahead inc hosp","quantile",0.025,323,"COVID-19"
"DE-ST","00+",2022-04-27,2022-04-09,"-18 day ahead inc hosp","quantile",0.1,328,"COVID-19"
"DE-ST","00+",2022-04-27,2022-04-09,"-18 day ahead inc hosp","quantile",0.25,336,"COVID-19"
"DE-ST","00+",2022-04-27,2022-04-09,"-18 day ahead inc hosp","quantile",0.5,349,"COVID-19"
"DE-ST","00+",2022-04-27,2022-04-09,"-18 day ahead inc hosp","quantile",0.75,368,"COVID-19"
"DE-ST","00+",2022-04-27,2022-04-09,"-18 day ahead inc hosp","quantile",0.9,389,"COVID-19"
"DE-ST","00+",2022-04-27,2022-04-09,"-18 day ahead inc hosp","quantile",0.975,420,"COVID-19"
"DE-ST","00+",2022-04-27,2022-04-08,"-19 day ahead inc hosp","mean",NA,369,"COVID-19"
"DE-ST","00+",2022-04-27,2022-04-08,"-19 day ahead inc hosp","quantile",0.025,337,"COVID-19"
"DE-ST","00+",2022-04-27,2022-04-08,"-19 day ahead inc hosp","quantile",0.1,343,"COVID-19"
"DE-ST","00+",2022-04-27,2022-04-08,"-19 day ahead inc hosp","quantile",0.25,350,"COVID-19"
"DE-ST","00+",2022-04-27,2022-04-08,"-19 day ahead inc hosp","quantile",0.5,363,"COVID-19"
"DE-ST","00+",2022-04-27,2022-04-08,"-19 day ahead inc hosp","quantile",0.75,382,"COVID-19"
"DE-ST","00+",2022-04-27,2022-04-08,"-19 day ahead inc hosp","quantile",0.9,403,"COVID-19"
"DE-ST","00+",2022-04-27,2022-04-08,"-19 day ahead inc hosp","quantile",0.975,434,"COVID-19"
"DE-ST","00+",2022-04-27,2022-04-07,"-20 day ahead inc hosp","mean",NA,372,"COVID-19"
"DE-ST","00+",2022-04-27,2022-04-07,"-20 day ahead inc hosp","quantile",0.025,343,"COVID-19"
"DE-ST","00+",2022-04-27,2022-04-07,"-20 day ahead inc hosp","quantile",0.1,348,"COVID-19"
"DE-ST","00+",2022-04-27,2022-04-07,"-20 day ahead inc hosp","quantile",0.25,355,"COVID-19"
"DE-ST","00+",2022-04-27,2022-04-07,"-20 day ahead inc hosp","quantile",0.5,366,"COVID-19"
"DE-ST","00+",2022-04-27,2022-04-07,"-20 day ahead inc hosp","quantile",0.75,383,"COVID-19"
"DE-ST","00+",2022-04-27,2022-04-07,"-20 day ahead inc hosp","quantile",0.9,403,"COVID-19"
"DE-ST","00+",2022-04-27,2022-04-07,"-20 day ahead inc hosp","quantile",0.975,431,"COVID-19"
"DE-ST","00+",2022-04-27,2022-04-06,"-21 day ahead inc hosp","mean",NA,371,"COVID-19"
"DE-ST","00+",2022-04-27,2022-04-06,"-21 day ahead inc hosp","quantile",0.025,345,"COVID-19"
"DE-ST","00+",2022-04-27,2022-04-06,"-21 day ahead inc hosp","quantile",0.1,349,"COVID-19"
"DE-ST","00+",2022-04-27,2022-04-06,"-21 day ahead inc hosp","quantile",0.25,355,"COVID-19"
"DE-ST","00+",2022-04-27,2022-04-06,"-21 day ahead inc hosp","quantile",0.5,366,"COVID-19"
"DE-ST","00+",2022-04-27,2022-04-06,"-21 day ahead inc hosp","quantile",0.75,381,"COVID-19"
"DE-ST","00+",2022-04-27,2022-04-06,"-21 day ahead inc hosp","quantile",0.9,399,"COVID-19"
"DE-ST","00+",2022-04-27,2022-04-06,"-21 day ahead inc hosp","quantile",0.975,424,"COVID-19"
"DE-ST","00+",2022-04-27,2022-04-05,"-22 day ahead inc hosp","mean",NA,376,"COVID-19"
"DE-ST","00+",2022-04-27,2022-04-05,"-22 day ahead inc hosp","quantile",0.025,352,"COVID-19"
"DE-ST","00+",2022-04-27,2022-04-05,"-22 day ahead inc hosp","quantile",0.1,356,"COVID-19"
"DE-ST","00+",2022-04-27,2022-04-05,"-22 day ahead inc hosp","quantile",0.25,362,"COVID-19"
"DE-ST","00+",2022-04-27,2022-04-05,"-22 day ahead inc hosp","quantile",0.5,372,"COVID-19"
"DE-ST","00+",2022-04-27,2022-04-05,"-22 day ahead inc hosp","quantile",0.75,386,"COVID-19"
"DE-ST","00+",2022-04-27,2022-04-05,"-22 day ahead inc hosp","quantile",0.9,402,"COVID-19"
"DE-ST","00+",2022-04-27,2022-04-05,"-22 day ahead inc hosp","quantile",0.975,426,"COVID-19"
"DE-ST","00+",2022-04-27,2022-04-04,"-23 day ahead inc hosp","mean",NA,368,"COVID-19"
"DE-ST","00+",2022-04-27,2022-04-04,"-23 day ahead inc hosp","quantile",0.025,347,"COVID-19"
"DE-ST","00+",2022-04-27,2022-04-04,"-23 day ahead inc hosp","quantile",0.1,350,"COVID-19"
"DE-ST","00+",2022-04-27,2022-04-04,"-23 day ahead inc hosp","quantile",0.25,356,"COVID-19"
"DE-ST","00+",2022-04-27,2022-04-04,"-23 day ahead inc hosp","quantile",0.5,364,"COVID-19"
"DE-ST","00+",2022-04-27,2022-04-04,"-23 day ahead inc hosp","quantile",0.75,376,"COVID-19"
"DE-ST","00+",2022-04-27,2022-04-04,"-23 day ahead inc hosp","quantile",0.9,390,"COVID-19"
"DE-ST","00+",2022-04-27,2022-04-04,"-23 day ahead inc hosp","quantile",0.975,410,"COVID-19"
"DE-ST","00+",2022-04-27,2022-04-03,"-24 day ahead inc hosp","mean",NA,382,"COVID-19"
"DE-ST","00+",2022-04-27,2022-04-03,"-24 day ahead inc hosp","quantile",0.025,361,"COVID-19"
"DE-ST","00+",2022-04-27,2022-04-03,"-24 day ahead inc hosp","quantile",0.1,365,"COVID-19"
"DE-ST","00+",2022-04-27,2022-04-03,"-24 day ahead inc hosp","quantile",0.25,370,"COVID-19"
"DE-ST","00+",2022-04-27,2022-04-03,"-24 day ahead inc hosp","quantile",0.5,378,"COVID-19"
"DE-ST","00+",2022-04-27,2022-04-03,"-24 day ahead inc hosp","quantile",0.75,390,"COVID-19"
"DE-ST","00+",2022-04-27,2022-04-03,"-24 day ahead inc hosp","quantile",0.9,404,"COVID-19"
"DE-ST","00+",2022-04-27,2022-04-03,"-24 day ahead inc hosp","quantile",0.975,423,"COVID-19"
"DE-ST","00+",2022-04-27,2022-04-02,"-25 day ahead inc hosp","mean",NA,390,"COVID-19"
"DE-ST","00+",2022-04-27,2022-04-02,"-25 day ahead inc hosp","quantile",0.025,370,"COVID-19"
"DE-ST","00+",2022-04-27,2022-04-02,"-25 day ahead inc hosp","quantile",0.1,374,"COVID-19"
"DE-ST","00+",2022-04-27,2022-04-02,"-25 day ahead inc hosp","quantile",0.25,379,"COVID-19"
"DE-ST","00+",2022-04-27,2022-04-02,"-25 day ahead inc hosp","quantile",0.5,387,"COVID-19"
"DE-ST","00+",2022-04-27,2022-04-02,"-25 day ahead inc hosp","quantile",0.75,398,"COVID-19"
"DE-ST","00+",2022-04-27,2022-04-02,"-25 day ahead inc hosp","quantile",0.9,411,"COVID-19"
"DE-ST","00+",2022-04-27,2022-04-02,"-25 day ahead inc hosp","quantile",0.975,430,"COVID-19"
"DE-ST","00+",2022-04-27,2022-04-01,"-26 day ahead inc hosp","mean",NA,413,"COVID-19"
"DE-ST","00+",2022-04-27,2022-04-01,"-26 day ahead inc hosp","quantile",0.025,394,"COVID-19"
"DE-ST","00+",2022-04-27,2022-04-01,"-26 day ahead inc hosp","quantile",0.1,397,"COVID-19"
"DE-ST","00+",2022-04-27,2022-04-01,"-26 day ahead inc hosp","quantile",0.25,402,"COVID-19"
"DE-ST","00+",2022-04-27,2022-04-01,"-26 day ahead inc hosp","quantile",0.5,410,"COVID-19"
"DE-ST","00+",2022-04-27,2022-04-01,"-26 day ahead inc hosp","quantile",0.75,421,"COVID-19"
"DE-ST","00+",2022-04-27,2022-04-01,"-26 day ahead inc hosp","quantile",0.9,434,"COVID-19"
"DE-ST","00+",2022-04-27,2022-04-01,"-26 day ahead inc hosp","quantile",0.975,451,"COVID-19"
"DE-ST","00+",2022-04-27,2022-03-31,"-27 day ahead inc hosp","mean",NA,432,"COVID-19"
"DE-ST","00+",2022-04-27,2022-03-31,"-27 day ahead inc hosp","quantile",0.025,414,"COVID-19"
"DE-ST","00+",2022-04-27,2022-03-31,"-27 day ahead inc hosp","quantile",0.1,417,"COVID-19"
"DE-ST","00+",2022-04-27,2022-03-31,"-27 day ahead inc hosp","quantile",0.25,422,"COVID-19"
"DE-ST","00+",2022-04-27,2022-03-31,"-27 day ahead inc hosp","quantile",0.5,429,"COVID-19"
"DE-ST","00+",2022-04-27,2022-03-31,"-27 day ahead inc hosp","quantile",0.75,439,"COVID-19"
"DE-ST","00+",2022-04-27,2022-03-31,"-27 day ahead inc hosp","quantile",0.9,451,"COVID-19"
"DE-ST","00+",2022-04-27,2022-03-31,"-27 day ahead inc hosp","quantile",0.975,467,"COVID-19"
"DE-ST","00+",2022-04-27,2022-03-30,"-28 day ahead inc hosp","mean",NA,446,"COVID-19"
"DE-ST","00+",2022-04-27,2022-03-30,"-28 day ahead inc hosp","quantile",0.025,429,"COVID-19"
"DE-ST","00+",2022-04-27,2022-03-30,"-28 day ahead inc hosp","quantile",0.1,432,"COVID-19"
"DE-ST","00+",2022-04-27,2022-03-30,"-28 day ahead inc hosp","quantile",0.25,436,"COVID-19"
"DE-ST","00+",2022-04-27,2022-03-30,"-28 day ahead inc hosp","quantile",0.5,443,"COVID-19"
"DE-ST","00+",2022-04-27,2022-03-30,"-28 day ahead inc hosp","quantile",0.75,452,"COVID-19"
"DE-ST","00+",2022-04-27,2022-03-30,"-28 day ahead inc hosp","quantile",0.9,463,"COVID-19"
"DE-ST","00+",2022-04-27,2022-03-30,"-28 day ahead inc hosp","quantile",0.975,478,"COVID-19"
"DE-TH","00+",2022-04-27,2022-04-27,"0 day ahead inc hosp","mean",NA,283,"COVID-19"
"DE-TH","00+",2022-04-27,2022-04-27,"0 day ahead inc hosp","quantile",0.025,211,"COVID-19"
"DE-TH","00+",2022-04-27,2022-04-27,"0 day ahead inc hosp","quantile",0.1,228,"COVID-19"
"DE-TH","00+",2022-04-27,2022-04-27,"0 day ahead inc hosp","quantile",0.25,248,"COVID-19"
"DE-TH","00+",2022-04-27,2022-04-27,"0 day ahead inc hosp","quantile",0.5,276,"COVID-19"
"DE-TH","00+",2022-04-27,2022-04-27,"0 day ahead inc hosp","quantile",0.75,311,"COVID-19"
"DE-TH","00+",2022-04-27,2022-04-27,"0 day ahead inc hosp","quantile",0.9,348,"COVID-19"
"DE-TH","00+",2022-04-27,2022-04-27,"0 day ahead inc hosp","quantile",0.975,396,"COVID-19"
"DE-TH","00+",2022-04-27,2022-04-26,"-1 day ahead inc hosp","mean",NA,358,"COVID-19"
"DE-TH","00+",2022-04-27,2022-04-26,"-1 day ahead inc hosp","quantile",0.025,290,"COVID-19"
"DE-TH","00+",2022-04-27,2022-04-26,"-1 day ahead inc hosp","quantile",0.1,307,"COVID-19"
"DE-TH","00+",2022-04-27,2022-04-26,"-1 day ahead inc hosp","quantile",0.25,326,"COVID-19"
"DE-TH","00+",2022-04-27,2022-04-26,"-1 day ahead inc hosp","quantile",0.5,352,"COVID-19"
"DE-TH","00+",2022-04-27,2022-04-26,"-1 day ahead inc hosp","quantile",0.75,383,"COVID-19"
"DE-TH","00+",2022-04-27,2022-04-26,"-1 day ahead inc hosp","quantile",0.9,416,"COVID-19"
"DE-TH","00+",2022-04-27,2022-04-26,"-1 day ahead inc hosp","quantile",0.975,459,"COVID-19"
"DE-TH","00+",2022-04-27,2022-04-25,"-2 day ahead inc hosp","mean",NA,317,"COVID-19"
"DE-TH","00+",2022-04-27,2022-04-25,"-2 day ahead inc hosp","quantile",0.025,273,"COVID-19"
"DE-TH","00+",2022-04-27,2022-04-25,"-2 day ahead inc hosp","quantile",0.1,284,"COVID-19"
"DE-TH","00+",2022-04-27,2022-04-25,"-2 day ahead inc hosp","quantile",0.25,297,"COVID-19"
"DE-TH","00+",2022-04-27,2022-04-25,"-2 day ahead inc hosp","quantile",0.5,313,"COVID-19"
"DE-TH","00+",2022-04-27,2022-04-25,"-2 day ahead inc hosp","quantile",0.75,333,"COVID-19"
"DE-TH","00+",2022-04-27,2022-04-25,"-2 day ahead inc hosp","quantile",0.9,354,"COVID-19"
"DE-TH","00+",2022-04-27,2022-04-25,"-2 day ahead inc hosp","quantile",0.975,380,"COVID-19"
"DE-TH","00+",2022-04-27,2022-04-24,"-3 day ahead inc hosp","mean",NA,328,"COVID-19"
"DE-TH","00+",2022-04-27,2022-04-24,"-3 day ahead inc hosp","quantile",0.025,288,"COVID-19"
"DE-TH","00+",2022-04-27,2022-04-24,"-3 day ahead inc hosp","quantile",0.1,299,"COVID-19"
"DE-TH","00+",2022-04-27,2022-04-24,"-3 day ahead inc hosp","quantile",0.25,310,"COVID-19"
"DE-TH","00+",2022-04-27,2022-04-24,"-3 day ahead inc hosp","quantile",0.5,325,"COVID-19"
"DE-TH","00+",2022-04-27,2022-04-24,"-3 day ahead inc hosp","quantile",0.75,342,"COVID-19"
"DE-TH","00+",2022-04-27,2022-04-24,"-3 day ahead inc hosp","quantile",0.9,359,"COVID-19"
"DE-TH","00+",2022-04-27,2022-04-24,"-3 day ahead inc hosp","quantile",0.975,380,"COVID-19"
"DE-TH","00+",2022-04-27,2022-04-23,"-4 day ahead inc hosp","mean",NA,333,"COVID-19"
"DE-TH","00+",2022-04-27,2022-04-23,"-4 day ahead inc hosp","quantile",0.025,298,"COVID-19"
"DE-TH","00+",2022-04-27,2022-04-23,"-4 day ahead inc hosp","quantile",0.1,308,"COVID-19"
"DE-TH","00+",2022-04-27,2022-04-23,"-4 day ahead inc hosp","quantile",0.25,318,"COVID-19"
"DE-TH","00+",2022-04-27,2022-04-23,"-4 day ahead inc hosp","quantile",0.5,332,"COVID-19"
"DE-TH","00+",2022-04-27,2022-04-23,"-4 day ahead inc hosp","quantile",0.75,346,"COVID-19"
"DE-TH","00+",2022-04-27,2022-04-23,"-4 day ahead inc hosp","quantile",0.9,361,"COVID-19"
"DE-TH","00+",2022-04-27,2022-04-23,"-4 day ahead inc hosp","quantile",0.975,379,"COVID-19"
"DE-TH","00+",2022-04-27,2022-04-22,"-5 day ahead inc hosp","mean",NA,317,"COVID-19"
"DE-TH","00+",2022-04-27,2022-04-22,"-5 day ahead inc hosp","quantile",0.025,286,"COVID-19"
"DE-TH","00+",2022-04-27,2022-04-22,"-5 day ahead inc hosp","quantile",0.1,295,"COVID-19"
"DE-TH","00+",2022-04-27,2022-04-22,"-5 day ahead inc hosp","quantile",0.25,304,"COVID-19"
"DE-TH","00+",2022-04-27,2022-04-22,"-5 day ahead inc hosp","quantile",0.5,316,"COVID-19"
"DE-TH","00+",2022-04-27,2022-04-22,"-5 day ahead inc hosp","quantile",0.75,329,"COVID-19"
"DE-TH","00+",2022-04-27,2022-04-22,"-5 day ahead inc hosp","quantile",0.9,342,"COVID-19"
"DE-TH","00+",2022-04-27,2022-04-22,"-5 day ahead inc hosp","quantile",0.975,357,"COVID-19"
"DE-TH","00+",2022-04-27,2022-04-21,"-6 day ahead inc hosp","mean",NA,319,"COVID-19"
"DE-TH","00+",2022-04-27,2022-04-21,"-6 day ahead inc hosp","quantile",0.025,292,"COVID-19"
"DE-TH","00+",2022-04-27,2022-04-21,"-6 day ahead inc hosp","quantile",0.1,300,"COVID-19"
"DE-TH","00+",2022-04-27,2022-04-21,"-6 day ahead inc hosp","quantile",0.25,308,"COVID-19"
"DE-TH","00+",2022-04-27,2022-04-21,"-6 day ahead inc hosp","quantile",0.5,318,"COVID-19"
"DE-TH","00+",2022-04-27,2022-04-21,"-6 day ahead inc hosp","quantile",0.75,329,"COVID-19"
"DE-TH","00+",2022-04-27,2022-04-21,"-6 day ahead inc hosp","quantile",0.9,341,"COVID-19"
"DE-TH","00+",2022-04-27,2022-04-21,"-6 day ahead inc hosp","quantile",0.975,354,"COVID-19"
"DE-TH","00+",2022-04-27,2022-04-20,"-7 day ahead inc hosp","mean",NA,313,"COVID-19"
"DE-TH","00+",2022-04-27,2022-04-20,"-7 day ahead inc hosp","quantile",0.025,290,"COVID-19"
"DE-TH","00+",2022-04-27,2022-04-20,"-7 day ahead inc hosp","quantile",0.1,296,"COVID-19"
"DE-TH","00+",2022-04-27,2022-04-20,"-7 day ahead inc hosp","quantile",0.25,303,"COVID-19"
"DE-TH","00+",2022-04-27,2022-04-20,"-7 day ahead inc hosp","quantile",0.5,312,"COVID-19"
"DE-TH","00+",2022-04-27,2022-04-20,"-7 day ahead inc hosp","quantile",0.75,321,"COVID-19"
"DE-TH","00+",2022-04-27,2022-04-20,"-7 day ahead inc hosp","quantile",0.9,331,"COVID-19"
"DE-TH","00+",2022-04-27,2022-04-20,"-7 day ahead inc hosp","quantile",0.975,342,"COVID-19"
"DE-TH","00+",2022-04-27,2022-04-19,"-8 day ahead inc hosp","mean",NA,285,"COVID-19"
"DE-TH","00+",2022-04-27,2022-04-19,"-8 day ahead inc hosp","quantile",0.025,268,"COVID-19"
"DE-TH","00+",2022-04-27,2022-04-19,"-8 day ahead inc hosp","quantile",0.1,273,"COVID-19"
"DE-TH","00+",2022-04-27,2022-04-19,"-8 day ahead inc hosp","quantile",0.25,278,"COVID-19"
"DE-TH","00+",2022-04-27,2022-04-19,"-8 day ahead inc hosp","quantile",0.5,284,"COVID-19"
"DE-TH","00+",2022-04-27,2022-04-19,"-8 day ahead inc hosp","quantile",0.75,292,"COVID-19"
"DE-TH","00+",2022-04-27,2022-04-19,"-8 day ahead inc hosp","quantile",0.9,299,"COVID-19"
"DE-TH","00+",2022-04-27,2022-04-19,"-8 day ahead inc hosp","quantile",0.975,308,"COVID-19"
"DE-TH","00+",2022-04-27,2022-04-18,"-9 day ahead inc hosp","mean",NA,366,"COVID-19"
"DE-TH","00+",2022-04-27,2022-04-18,"-9 day ahead inc hosp","quantile",0.025,347,"COVID-19"
"DE-TH","00+",2022-04-27,2022-04-18,"-9 day ahead inc hosp","quantile",0.1,352,"COVID-19"
"DE-TH","00+",2022-04-27,2022-04-18,"-9 day ahead inc hosp","quantile",0.25,358,"COVID-19"
"DE-TH","00+",2022-04-27,2022-04-18,"-9 day ahead inc hosp","quantile",0.5,365,"COVID-19"
"DE-TH","00+",2022-04-27,2022-04-18,"-9 day ahead inc hosp","quantile",0.75,372,"COVID-19"
"DE-TH","00+",2022-04-27,2022-04-18,"-9 day ahead inc hosp","quantile",0.9,380,"COVID-19"
"DE-TH","00+",2022-04-27,2022-04-18,"-9 day ahead inc hosp","quantile",0.975,390,"COVID-19"
"DE-TH","00+",2022-04-27,2022-04-17,"-10 day ahead inc hosp","mean",NA,375,"COVID-19"
"DE-TH","00+",2022-04-27,2022-04-17,"-10 day ahead inc hosp","quantile",0.025,357,"COVID-19"
"DE-TH","00+",2022-04-27,2022-04-17,"-10 day ahead inc hosp","quantile",0.1,362,"COVID-19"
"DE-TH","00+",2022-04-27,2022-04-17,"-10 day ahead inc hosp","quantile",0.25,368,"COVID-19"
"DE-TH","00+",2022-04-27,2022-04-17,"-10 day ahead inc hosp","quantile",0.5,374,"COVID-19"
"DE-TH","00+",2022-04-27,2022-04-17,"-10 day ahead inc hosp","quantile",0.75,382,"COVID-19"
"DE-TH","00+",2022-04-27,2022-04-17,"-10 day ahead inc hosp","quantile",0.9,390,"COVID-19"
"DE-TH","00+",2022-04-27,2022-04-17,"-10 day ahead inc hosp","quantile",0.975,399,"COVID-19"
"DE-TH","00+",2022-04-27,2022-04-16,"-11 day ahead inc hosp","mean",NA,390,"COVID-19"
"DE-TH","00+",2022-04-27,2022-04-16,"-11 day ahead inc hosp","quantile",0.025,370,"COVID-19"
"DE-TH","00+",2022-04-27,2022-04-16,"-11 day ahead inc hosp","quantile",0.1,376,"COVID-19"
"DE-TH","00+",2022-04-27,2022-04-16,"-11 day ahead inc hosp","quantile",0.25,382,"COVID-19"
"DE-TH","00+",2022-04-27,2022-04-16,"-11 day ahead inc hosp","quantile",0.5,389,"COVID-19"
"DE-TH","00+",2022-04-27,2022-04-16,"-11 day ahead inc hosp","quantile",0.75,397,"COVID-19"
"DE-TH","00+",2022-04-27,2022-04-16,"-11 day ahead inc hosp","quantile",0.9,404,"COVID-19"
"DE-TH","00+",2022-04-27,2022-04-16,"-11 day ahead inc hosp","quantile",0.975,414,"COVID-19"
"DE-TH","00+",2022-04-27,2022-04-15,"-12 day ahead inc hosp","mean",NA,433,"COVID-19"
"DE-TH","00+",2022-04-27,2022-04-15,"-12 day ahead inc hosp","quantile",0.025,413,"COVID-19"
"DE-TH","00+",2022-04-27,2022-04-15,"-12 day ahead inc hosp","quantile",0.1,419,"COVID-19"
"DE-TH","00+",2022-04-27,2022-04-15,"-12 day ahead inc hosp","quantile",0.25,425,"COVID-19"
"DE-TH","00+",2022-04-27,2022-04-15,"-12 day ahead inc hosp","quantile",0.5,432,"COVID-19"
"DE-TH","00+",2022-04-27,2022-04-15,"-12 day ahead inc hosp","quantile",0.75,441,"COVID-19"
"DE-TH","00+",2022-04-27,2022-04-15,"-12 day ahead inc hosp","quantile",0.9,449,"COVID-19"
"DE-TH","00+",2022-04-27,2022-04-15,"-12 day ahead inc hosp","quantile",0.975,460,"COVID-19"
"DE-TH","00+",2022-04-27,2022-04-14,"-13 day ahead inc hosp","mean",NA,443,"COVID-19"
"DE-TH","00+",2022-04-27,2022-04-14,"-13 day ahead inc hosp","quantile",0.025,423,"COVID-19"
"DE-TH","00+",2022-04-27,2022-04-14,"-13 day ahead inc hosp","quantile",0.1,428,"COVID-19"
"DE-TH","00+",2022-04-27,2022-04-14,"-13 day ahead inc hosp","quantile",0.25,434,"COVID-19"
"DE-TH","00+",2022-04-27,2022-04-14,"-13 day ahead inc hosp","quantile",0.5,441,"COVID-19"
"DE-TH","00+",2022-04-27,2022-04-14,"-13 day ahead inc hosp","quantile",0.75,450,"COVID-19"
"DE-TH","00+",2022-04-27,2022-04-14,"-13 day ahead inc hosp","quantile",0.9,458,"COVID-19"
"DE-TH","00+",2022-04-27,2022-04-14,"-13 day ahead inc hosp","quantile",0.975,469,"COVID-19"
"DE-TH","00+",2022-04-27,2022-04-13,"-14 day ahead inc hosp","mean",NA,453,"COVID-19"
"DE-TH","00+",2022-04-27,2022-04-13,"-14 day ahead inc hosp","quantile",0.025,434,"COVID-19"
"DE-TH","00+",2022-04-27,2022-04-13,"-14 day ahead inc hosp","quantile",0.1,439,"COVID-19"
"DE-TH","00+",2022-04-27,2022-04-13,"-14 day ahead inc hosp","quantile",0.25,444,"COVID-19"
"DE-TH","00+",2022-04-27,2022-04-13,"-14 day ahead inc hosp","quantile",0.5,451,"COVID-19"
"DE-TH","00+",2022-04-27,2022-04-13,"-14 day ahead inc hosp","quantile",0.75,459,"COVID-19"
"DE-TH","00+",2022-04-27,2022-04-13,"-14 day ahead inc hosp","quantile",0.9,468,"COVID-19"
"DE-TH","00+",2022-04-27,2022-04-13,"-14 day ahead inc hosp","quantile",0.975,478,"COVID-19"
"DE-TH","00+",2022-04-27,2022-04-12,"-15 day ahead inc hosp","mean",NA,432,"COVID-19"
"DE-TH","00+",2022-04-27,2022-04-12,"-15 day ahead inc hosp","quantile",0.025,415,"COVID-19"
"DE-TH","00+",2022-04-27,2022-04-12,"-15 day ahead inc hosp","quantile",0.1,420,"COVID-19"
"DE-TH","00+",2022-04-27,2022-04-12,"-15 day ahead inc hosp","quantile",0.25,425,"COVID-19"
"DE-TH","00+",2022-04-27,2022-04-12,"-15 day ahead inc hosp","quantile",0.5,431,"COVID-19"
"DE-TH","00+",2022-04-27,2022-04-12,"-15 day ahead inc hosp","quantile",0.75,438,"COVID-19"
"DE-TH","00+",2022-04-27,2022-04-12,"-15 day ahead inc hosp","quantile",0.9,445,"COVID-19"
"DE-TH","00+",2022-04-27,2022-04-12,"-15 day ahead inc hosp","quantile",0.975,454,"COVID-19"
"DE-TH","00+",2022-04-27,2022-04-11,"-16 day ahead inc hosp","mean",NA,414,"COVID-19"
"DE-TH","00+",2022-04-27,2022-04-11,"-16 day ahead inc hosp","quantile",0.025,399,"COVID-19"
"DE-TH","00+",2022-04-27,2022-04-11,"-16 day ahead inc hosp","quantile",0.1,403,"COVID-19"
"DE-TH","00+",2022-04-27,2022-04-11,"-16 day ahead inc hosp","quantile",0.25,407,"COVID-19"
"DE-TH","00+",2022-04-27,2022-04-11,"-16 day ahead inc hosp","quantile",0.5,413,"COVID-19"
"DE-TH","00+",2022-04-27,2022-04-11,"-16 day ahead inc hosp","quantile",0.75,419,"COVID-19"
"DE-TH","00+",2022-04-27,2022-04-11,"-16 day ahead inc hosp","quantile",0.9,425,"COVID-19"
"DE-TH","00+",2022-04-27,2022-04-11,"-16 day ahead inc hosp","quantile",0.975,433,"COVID-19"
"DE-TH","00+",2022-04-27,2022-04-10,"-17 day ahead inc hosp","mean",NA,413,"COVID-19"
"DE-TH","00+",2022-04-27,2022-04-10,"-17 day ahead inc hosp","quantile",0.025,398,"COVID-19"
"DE-TH","00+",2022-04-27,2022-04-10,"-17 day ahead inc hosp","quantile",0.1,402,"COVID-19"
"DE-TH","00+",2022-04-27,2022-04-10,"-17 day ahead inc hosp","quantile",0.25,406,"COVID-19"
"DE-TH","00+",2022-04-27,2022-04-10,"-17 day ahead inc hosp","quantile",0.5,412,"COVID-19"
"DE-TH","00+",2022-04-27,2022-04-10,"-17 day ahead inc hosp","quantile",0.75,418,"COVID-19"
"DE-TH","00+",2022-04-27,2022-04-10,"-17 day ahead inc hosp","quantile",0.9,425,"COVID-19"
"DE-TH","00+",2022-04-27,2022-04-10,"-17 day ahead inc hosp","quantile",0.975,433,"COVID-19"
"DE-TH","00+",2022-04-27,2022-04-09,"-18 day ahead inc hosp","mean",NA,414,"COVID-19"
"DE-TH","00+",2022-04-27,2022-04-09,"-18 day ahead inc hosp","quantile",0.025,399,"COVID-19"
"DE-TH","00+",2022-04-27,2022-04-09,"-18 day ahead inc hosp","quantile",0.1,403,"COVID-19"
"DE-TH","00+",2022-04-27,2022-04-09,"-18 day ahead inc hosp","quantile",0.25,407,"COVID-19"
"DE-TH","00+",2022-04-27,2022-04-09,"-18 day ahead inc hosp","quantile",0.5,413,"COVID-19"
"DE-TH","00+",2022-04-27,2022-04-09,"-18 day ahead inc hosp","quantile",0.75,419,"COVID-19"
"DE-TH","00+",2022-04-27,2022-04-09,"-18 day ahead inc hosp","quantile",0.9,426,"COVID-19"
"DE-TH","00+",2022-04-27,2022-04-09,"-18 day ahead inc hosp","quantile",0.975,435,"COVID-19"
"DE-TH","00+",2022-04-27,2022-04-08,"-19 day ahead inc hosp","mean",NA,449,"COVID-19"
"DE-TH","00+",2022-04-27,2022-04-08,"-19 day ahead inc hosp","quantile",0.025,434,"COVID-19"
"DE-TH","00+",2022-04-27,2022-04-08,"-19 day ahead inc hosp","quantile",0.1,438,"COVID-19"
"DE-TH","00+",2022-04-27,2022-04-08,"-19 day ahead inc hosp","quantile",0.25,442,"COVID-19"
"DE-TH","00+",2022-04-27,2022-04-08,"-19 day ahead inc hosp","quantile",0.5,448,"COVID-19"
"DE-TH","00+",2022-04-27,2022-04-08,"-19 day ahead inc hosp","quantile",0.75,455,"COVID-19"
"DE-TH","00+",2022-04-27,2022-04-08,"-19 day ahead inc hosp","quantile",0.9,462,"COVID-19"
"DE-TH","00+",2022-04-27,2022-04-08,"-19 day ahead inc hosp","quantile",0.975,471,"COVID-19"
"DE-TH","00+",2022-04-27,2022-04-07,"-20 day ahead inc hosp","mean",NA,464,"COVID-19"
"DE-TH","00+",2022-04-27,2022-04-07,"-20 day ahead inc hosp","quantile",0.025,449,"COVID-19"
"DE-TH","00+",2022-04-27,2022-04-07,"-20 day ahead inc hosp","quantile",0.1,453,"COVID-19"
"DE-TH","00+",2022-04-27,2022-04-07,"-20 day ahead inc hosp","quantile",0.25,457,"COVID-19"
"DE-TH","00+",2022-04-27,2022-04-07,"-20 day ahead inc hosp","quantile",0.5,462,"COVID-19"
"DE-TH","00+",2022-04-27,2022-04-07,"-20 day ahead inc hosp","quantile",0.75,469,"COVID-19"
"DE-TH","00+",2022-04-27,2022-04-07,"-20 day ahead inc hosp","quantile",0.9,477,"COVID-19"
"DE-TH","00+",2022-04-27,2022-04-07,"-20 day ahead inc hosp","quantile",0.975,486,"COVID-19"
"DE-TH","00+",2022-04-27,2022-04-06,"-21 day ahead inc hosp","mean",NA,507,"COVID-19"
"DE-TH","00+",2022-04-27,2022-04-06,"-21 day ahead inc hosp","quantile",0.025,492,"COVID-19"
"DE-TH","00+",2022-04-27,2022-04-06,"-21 day ahead inc hosp","quantile",0.1,496,"COVID-19"
"DE-TH","00+",2022-04-27,2022-04-06,"-21 day ahead inc hosp","quantile",0.25,500,"COVID-19"
"DE-TH","00+",2022-04-27,2022-04-06,"-21 day ahead inc hosp","quantile",0.5,505,"COVID-19"
"DE-TH","00+",2022-04-27,2022-04-06,"-21 day ahead inc hosp","quantile",0.75,512,"COVID-19"
"DE-TH","00+",2022-04-27,2022-04-06,"-21 day ahead inc hosp","quantile",0.9,520,"COVID-19"
"DE-TH","00+",2022-04-27,2022-04-06,"-21 day ahead inc hosp","quantile",0.975,530,"COVID-19"
"DE-TH","00+",2022-04-27,2022-04-05,"-22 day ahead inc hosp","mean",NA,556,"COVID-19"
"DE-TH","00+",2022-04-27,2022-04-05,"-22 day ahead inc hosp","quantile",0.025,541,"COVID-19"
"DE-TH","00+",2022-04-27,2022-04-05,"-22 day ahead inc hosp","quantile",0.1,544,"COVID-19"
"DE-TH","00+",2022-04-27,2022-04-05,"-22 day ahead inc hosp","quantile",0.25,548,"COVID-19"
"DE-TH","00+",2022-04-27,2022-04-05,"-22 day ahead inc hosp","quantile",0.5,554,"COVID-19"
"DE-TH","00+",2022-04-27,2022-04-05,"-22 day ahead inc hosp","quantile",0.75,562,"COVID-19"
"DE-TH","00+",2022-04-27,2022-04-05,"-22 day ahead inc hosp","quantile",0.9,570,"COVID-19"
"DE-TH","00+",2022-04-27,2022-04-05,"-22 day ahead inc hosp","quantile",0.975,581,"COVID-19"
"DE-TH","00+",2022-04-27,2022-04-04,"-23 day ahead inc hosp","mean",NA,576,"COVID-19"
"DE-TH","00+",2022-04-27,2022-04-04,"-23 day ahead inc hosp","quantile",0.025,562,"COVID-19"
"DE-TH","00+",2022-04-27,2022-04-04,"-23 day ahead inc hosp","quantile",0.1,565,"COVID-19"
"DE-TH","00+",2022-04-27,2022-04-04,"-23 day ahead inc hosp","quantile",0.25,569,"COVID-19"
"DE-TH","00+",2022-04-27,2022-04-04,"-23 day ahead inc hosp","quantile",0.5,575,"COVID-19"
"DE-TH","00+",2022-04-27,2022-04-04,"-23 day ahead inc hosp","quantile",0.75,582,"COVID-19"
"DE-TH","00+",2022-04-27,2022-04-04,"-23 day ahead inc hosp","quantile",0.9,590,"COVID-19"
"DE-TH","00+",2022-04-27,2022-04-04,"-23 day ahead inc hosp","quantile",0.975,600,"COVID-19"
"DE-TH","00+",2022-04-27,2022-04-03,"-24 day ahead inc hosp","mean",NA,587,"COVID-19"
"DE-TH","00+",2022-04-27,2022-04-03,"-24 day ahead inc hosp","quantile",0.025,573,"COVID-19"
"DE-TH","00+",2022-04-27,2022-04-03,"-24 day ahead inc hosp","quantile",0.1,576,"COVID-19"
"DE-TH","00+",2022-04-27,2022-04-03,"-24 day ahead inc hosp","quantile",0.25,580,"COVID-19"
"DE-TH","00+",2022-04-27,2022-04-03,"-24 day ahead inc hosp","quantile",0.5,585,"COVID-19"
"DE-TH","00+",2022-04-27,2022-04-03,"-24 day ahead inc hosp","quantile",0.75,593,"COVID-19"
"DE-TH","00+",2022-04-27,2022-04-03,"-24 day ahead inc hosp","quantile",0.9,601,"COVID-19"
"DE-TH","00+",2022-04-27,2022-04-03,"-24 day ahead inc hosp","quantile",0.975,611,"COVID-19"
"DE-TH","00+",2022-04-27,2022-04-02,"-25 day ahead inc hosp","mean",NA,589,"COVID-19"
"DE-TH","00+",2022-04-27,2022-04-02,"-25 day ahead inc hosp","quantile",0.025,575,"COVID-19"
"DE-TH","00+",2022-04-27,2022-04-02,"-25 day ahead inc hosp","quantile",0.1,578,"COVID-19"
"DE-TH","00+",2022-04-27,2022-04-02,"-25 day ahead inc hosp","quantile",0.25,581,"COVID-19"
"DE-TH","00+",2022-04-27,2022-04-02,"-25 day ahead inc hosp","quantile",0.5,587,"COVID-19"
"DE-TH","00+",2022-04-27,2022-04-02,"-25 day ahead inc hosp","quantile",0.75,594,"COVID-19"
"DE-TH","00+",2022-04-27,2022-04-02,"-25 day ahead inc hosp","quantile",0.9,602,"COVID-19"
"DE-TH","00+",2022-04-27,2022-04-02,"-25 day ahead inc hosp","quantile",0.975,613,"COVID-19"
"DE-TH","00+",2022-04-27,2022-04-01,"-26 day ahead inc hosp","mean",NA,573,"COVID-19"
"DE-TH","00+",2022-04-27,2022-04-01,"-26 day ahead inc hosp","quantile",0.025,560,"COVID-19"
"DE-TH","00+",2022-04-27,2022-04-01,"-26 day ahead inc hosp","quantile",0.1,563,"COVID-19"
"DE-TH","00+",2022-04-27,2022-04-01,"-26 day ahead inc hosp","quantile",0.25,566,"COVID-19"
"DE-TH","00+",2022-04-27,2022-04-01,"-26 day ahead inc hosp","quantile",0.5,571,"COVID-19"
"DE-TH","00+",2022-04-27,2022-04-01,"-26 day ahead inc hosp","quantile",0.75,578,"COVID-19"
"DE-TH","00+",2022-04-27,2022-04-01,"-26 day ahead inc hosp","quantile",0.9,585,"COVID-19"
"DE-TH","00+",2022-04-27,2022-04-01,"-26 day ahead inc hosp","quantile",0.975,595,"COVID-19"
"DE-TH","00+",2022-04-27,2022-03-31,"-27 day ahead inc hosp","mean",NA,568,"COVID-19"
"DE-TH","00+",2022-04-27,2022-03-31,"-27 day ahead inc hosp","quantile",0.025,556,"COVID-19"
"DE-TH","00+",2022-04-27,2022-03-31,"-27 day ahead inc hosp","quantile",0.1,558,"COVID-19"
"DE-TH","00+",2022-04-27,2022-03-31,"-27 day ahead inc hosp","quantile",0.25,561,"COVID-19"
"DE-TH","00+",2022-04-27,2022-03-31,"-27 day ahead inc hosp","quantile",0.5,566,"COVID-19"
"DE-TH","00+",2022-04-27,2022-03-31,"-27 day ahead inc hosp","quantile",0.75,572,"COVID-19"
"DE-TH","00+",2022-04-27,2022-03-31,"-27 day ahead inc hosp","quantile",0.9,579,"COVID-19"
"DE-TH","00+",2022-04-27,2022-03-31,"-27 day ahead inc hosp","quantile",0.975,588,"COVID-19"
"DE-TH","00+",2022-04-27,2022-03-30,"-28 day ahead inc hosp","mean",NA,525,"COVID-19"
"DE-TH","00+",2022-04-27,2022-03-30,"-28 day ahead inc hosp","quantile",0.025,515,"COVID-19"
"DE-TH","00+",2022-04-27,2022-03-30,"-28 day ahead inc hosp","quantile",0.1,517,"COVID-19"
"DE-TH","00+",2022-04-27,2022-03-30,"-28 day ahead inc hosp","quantile",0.25,520,"COVID-19"
"DE-TH","00+",2022-04-27,2022-03-30,"-28 day ahead inc hosp","quantile",0.5,524,"COVID-19"
"DE-TH","00+",2022-04-27,2022-03-30,"-28 day ahead inc hosp","quantile",0.75,529,"COVID-19"
"DE-TH","00+",2022-04-27,2022-03-30,"-28 day ahead inc hosp","quantile",0.9,535,"COVID-19"
"DE-TH","00+",2022-04-27,2022-03-30,"-28 day ahead inc hosp","quantile",0.975,544,"COVID-19"
