"location","age_group","forecast_date","target_end_date","target","type","quantile","value","pathogen"
"DE","00+",2022-02-20,2022-02-20,"0 day ahead inc hosp","mean",NA,9421,"COVID-19"
"DE","00+",2022-02-20,2022-02-20,"0 day ahead inc hosp","quantile",0.025,7288,"COVID-19"
"DE","00+",2022-02-20,2022-02-20,"0 day ahead inc hosp","quantile",0.1,7878,"COVID-19"
"DE","00+",2022-02-20,2022-02-20,"0 day ahead inc hosp","quantile",0.25,8496,"COVID-19"
"DE","00+",2022-02-20,2022-02-20,"0 day ahead inc hosp","quantile",0.5,9290,"COVID-19"
"DE","00+",2022-02-20,2022-02-20,"0 day ahead inc hosp","quantile",0.75,10203,"COVID-19"
"DE","00+",2022-02-20,2022-02-20,"0 day ahead inc hosp","quantile",0.9,11132,"COVID-19"
"DE","00+",2022-02-20,2022-02-20,"0 day ahead inc hosp","quantile",0.975,12294,"COVID-19"
"DE","00+",2022-02-20,2022-02-19,"-1 day ahead inc hosp","mean",NA,9648,"COVID-19"
"DE","00+",2022-02-20,2022-02-19,"-1 day ahead inc hosp","quantile",0.025,7501,"COVID-19"
"DE","00+",2022-02-20,2022-02-19,"-1 day ahead inc hosp","quantile",0.1,8082,"COVID-19"
"DE","00+",2022-02-20,2022-02-19,"-1 day ahead inc hosp","quantile",0.25,8701,"COVID-19"
"DE","00+",2022-02-20,2022-02-19,"-1 day ahead inc hosp","quantile",0.5,9505,"COVID-19"
"DE","00+",2022-02-20,2022-02-19,"-1 day ahead inc hosp","quantile",0.75,10440,"COVID-19"
"DE","00+",2022-02-20,2022-02-19,"-1 day ahead inc hosp","quantile",0.9,11400,"COVID-19"
"DE","00+",2022-02-20,2022-02-19,"-1 day ahead inc hosp","quantile",0.975,12611,"COVID-19"
"DE","00+",2022-02-20,2022-02-18,"-2 day ahead inc hosp","mean",NA,9859,"COVID-19"
"DE","00+",2022-02-20,2022-02-18,"-2 day ahead inc hosp","quantile",0.025,7904,"COVID-19"
"DE","00+",2022-02-20,2022-02-18,"-2 day ahead inc hosp","quantile",0.1,8429,"COVID-19"
"DE","00+",2022-02-20,2022-02-18,"-2 day ahead inc hosp","quantile",0.25,8991,"COVID-19"
"DE","00+",2022-02-20,2022-02-18,"-2 day ahead inc hosp","quantile",0.5,9725,"COVID-19"
"DE","00+",2022-02-20,2022-02-18,"-2 day ahead inc hosp","quantile",0.75,10580,"COVID-19"
"DE","00+",2022-02-20,2022-02-18,"-2 day ahead inc hosp","quantile",0.9,11461,"COVID-19"
"DE","00+",2022-02-20,2022-02-18,"-2 day ahead inc hosp","quantile",0.975,12573,"COVID-19"
"DE","00+",2022-02-20,2022-02-17,"-3 day ahead inc hosp","mean",NA,9694,"COVID-19"
"DE","00+",2022-02-20,2022-02-17,"-3 day ahead inc hosp","quantile",0.025,8036,"COVID-19"
"DE","00+",2022-02-20,2022-02-17,"-3 day ahead inc hosp","quantile",0.1,8481,"COVID-19"
"DE","00+",2022-02-20,2022-02-17,"-3 day ahead inc hosp","quantile",0.25,8957,"COVID-19"
"DE","00+",2022-02-20,2022-02-17,"-3 day ahead inc hosp","quantile",0.5,9580,"COVID-19"
"DE","00+",2022-02-20,2022-02-17,"-3 day ahead inc hosp","quantile",0.75,10306,"COVID-19"
"DE","00+",2022-02-20,2022-02-17,"-3 day ahead inc hosp","quantile",0.9,11054,"COVID-19"
"DE","00+",2022-02-20,2022-02-17,"-3 day ahead inc hosp","quantile",0.975,12001,"COVID-19"
"DE","00+",2022-02-20,2022-02-16,"-4 day ahead inc hosp","mean",NA,9654,"COVID-19"
"DE","00+",2022-02-20,2022-02-16,"-4 day ahead inc hosp","quantile",0.025,8239,"COVID-19"
"DE","00+",2022-02-20,2022-02-16,"-4 day ahead inc hosp","quantile",0.1,8618,"COVID-19"
"DE","00+",2022-02-20,2022-02-16,"-4 day ahead inc hosp","quantile",0.25,9024,"COVID-19"
"DE","00+",2022-02-20,2022-02-16,"-4 day ahead inc hosp","quantile",0.5,9556,"COVID-19"
"DE","00+",2022-02-20,2022-02-16,"-4 day ahead inc hosp","quantile",0.75,10177,"COVID-19"
"DE","00+",2022-02-20,2022-02-16,"-4 day ahead inc hosp","quantile",0.9,10816,"COVID-19"
"DE","00+",2022-02-20,2022-02-16,"-4 day ahead inc hosp","quantile",0.975,11625,"COVID-19"
"DE","00+",2022-02-20,2022-02-15,"-5 day ahead inc hosp","mean",NA,9609,"COVID-19"
"DE","00+",2022-02-20,2022-02-15,"-5 day ahead inc hosp","quantile",0.025,8448,"COVID-19"
"DE","00+",2022-02-20,2022-02-15,"-5 day ahead inc hosp","quantile",0.1,8760,"COVID-19"
"DE","00+",2022-02-20,2022-02-15,"-5 day ahead inc hosp","quantile",0.25,9094,"COVID-19"
"DE","00+",2022-02-20,2022-02-15,"-5 day ahead inc hosp","quantile",0.5,9529,"COVID-19"
"DE","00+",2022-02-20,2022-02-15,"-5 day ahead inc hosp","quantile",0.75,10037,"COVID-19"
"DE","00+",2022-02-20,2022-02-15,"-5 day ahead inc hosp","quantile",0.9,10560,"COVID-19"
"DE","00+",2022-02-20,2022-02-15,"-5 day ahead inc hosp","quantile",0.975,11221,"COVID-19"
"DE","00+",2022-02-20,2022-02-14,"-6 day ahead inc hosp","mean",NA,9572,"COVID-19"
"DE","00+",2022-02-20,2022-02-14,"-6 day ahead inc hosp","quantile",0.025,8593,"COVID-19"
"DE","00+",2022-02-20,2022-02-14,"-6 day ahead inc hosp","quantile",0.1,8855,"COVID-19"
"DE","00+",2022-02-20,2022-02-14,"-6 day ahead inc hosp","quantile",0.25,9136,"COVID-19"
"DE","00+",2022-02-20,2022-02-14,"-6 day ahead inc hosp","quantile",0.5,9504,"COVID-19"
"DE","00+",2022-02-20,2022-02-14,"-6 day ahead inc hosp","quantile",0.75,9934,"COVID-19"
"DE","00+",2022-02-20,2022-02-14,"-6 day ahead inc hosp","quantile",0.9,10377,"COVID-19"
"DE","00+",2022-02-20,2022-02-14,"-6 day ahead inc hosp","quantile",0.975,10938,"COVID-19"
"DE","00+",2022-02-20,2022-02-13,"-7 day ahead inc hosp","mean",NA,9596,"COVID-19"
"DE","00+",2022-02-20,2022-02-13,"-7 day ahead inc hosp","quantile",0.025,8649,"COVID-19"
"DE","00+",2022-02-20,2022-02-13,"-7 day ahead inc hosp","quantile",0.1,8900,"COVID-19"
"DE","00+",2022-02-20,2022-02-13,"-7 day ahead inc hosp","quantile",0.25,9170,"COVID-19"
"DE","00+",2022-02-20,2022-02-13,"-7 day ahead inc hosp","quantile",0.5,9527,"COVID-19"
"DE","00+",2022-02-20,2022-02-13,"-7 day ahead inc hosp","quantile",0.75,9946,"COVID-19"
"DE","00+",2022-02-20,2022-02-13,"-7 day ahead inc hosp","quantile",0.9,10380,"COVID-19"
"DE","00+",2022-02-20,2022-02-13,"-7 day ahead inc hosp","quantile",0.975,10931,"COVID-19"
"DE","00+",2022-02-20,2022-02-12,"-8 day ahead inc hosp","mean",NA,9710,"COVID-19"
"DE","00+",2022-02-20,2022-02-12,"-8 day ahead inc hosp","quantile",0.025,8796,"COVID-19"
"DE","00+",2022-02-20,2022-02-12,"-8 day ahead inc hosp","quantile",0.1,9035,"COVID-19"
"DE","00+",2022-02-20,2022-02-12,"-8 day ahead inc hosp","quantile",0.25,9296,"COVID-19"
"DE","00+",2022-02-20,2022-02-12,"-8 day ahead inc hosp","quantile",0.5,9641,"COVID-19"
"DE","00+",2022-02-20,2022-02-12,"-8 day ahead inc hosp","quantile",0.75,10050,"COVID-19"
"DE","00+",2022-02-20,2022-02-12,"-8 day ahead inc hosp","quantile",0.9,10474,"COVID-19"
"DE","00+",2022-02-20,2022-02-12,"-8 day ahead inc hosp","quantile",0.975,11016,"COVID-19"
"DE","00+",2022-02-20,2022-02-11,"-9 day ahead inc hosp","mean",NA,9758,"COVID-19"
"DE","00+",2022-02-20,2022-02-11,"-9 day ahead inc hosp","quantile",0.025,8928,"COVID-19"
"DE","00+",2022-02-20,2022-02-11,"-9 day ahead inc hosp","quantile",0.1,9143,"COVID-19"
"DE","00+",2022-02-20,2022-02-11,"-9 day ahead inc hosp","quantile",0.25,9379,"COVID-19"
"DE","00+",2022-02-20,2022-02-11,"-9 day ahead inc hosp","quantile",0.5,9694,"COVID-19"
"DE","00+",2022-02-20,2022-02-11,"-9 day ahead inc hosp","quantile",0.75,10068,"COVID-19"
"DE","00+",2022-02-20,2022-02-11,"-9 day ahead inc hosp","quantile",0.9,10458,"COVID-19"
"DE","00+",2022-02-20,2022-02-11,"-9 day ahead inc hosp","quantile",0.975,10957,"COVID-19"
"DE","00+",2022-02-20,2022-02-10,"-10 day ahead inc hosp","mean",NA,9906,"COVID-19"
"DE","00+",2022-02-20,2022-02-10,"-10 day ahead inc hosp","quantile",0.025,9150,"COVID-19"
"DE","00+",2022-02-20,2022-02-10,"-10 day ahead inc hosp","quantile",0.1,9343,"COVID-19"
"DE","00+",2022-02-20,2022-02-10,"-10 day ahead inc hosp","quantile",0.25,9557,"COVID-19"
"DE","00+",2022-02-20,2022-02-10,"-10 day ahead inc hosp","quantile",0.5,9844,"COVID-19"
"DE","00+",2022-02-20,2022-02-10,"-10 day ahead inc hosp","quantile",0.75,10187,"COVID-19"
"DE","00+",2022-02-20,2022-02-10,"-10 day ahead inc hosp","quantile",0.9,10546,"COVID-19"
"DE","00+",2022-02-20,2022-02-10,"-10 day ahead inc hosp","quantile",0.975,11007,"COVID-19"
"DE","00+",2022-02-20,2022-02-09,"-11 day ahead inc hosp","mean",NA,9855,"COVID-19"
"DE","00+",2022-02-20,2022-02-09,"-11 day ahead inc hosp","quantile",0.025,9183,"COVID-19"
"DE","00+",2022-02-20,2022-02-09,"-11 day ahead inc hosp","quantile",0.1,9353,"COVID-19"
"DE","00+",2022-02-20,2022-02-09,"-11 day ahead inc hosp","quantile",0.25,9543,"COVID-19"
"DE","00+",2022-02-20,2022-02-09,"-11 day ahead inc hosp","quantile",0.5,9798,"COVID-19"
"DE","00+",2022-02-20,2022-02-09,"-11 day ahead inc hosp","quantile",0.75,10106,"COVID-19"
"DE","00+",2022-02-20,2022-02-09,"-11 day ahead inc hosp","quantile",0.9,10429,"COVID-19"
"DE","00+",2022-02-20,2022-02-09,"-11 day ahead inc hosp","quantile",0.975,10846,"COVID-19"
"DE","00+",2022-02-20,2022-02-08,"-12 day ahead inc hosp","mean",NA,9624,"COVID-19"
"DE","00+",2022-02-20,2022-02-08,"-12 day ahead inc hosp","quantile",0.025,9048,"COVID-19"
"DE","00+",2022-02-20,2022-02-08,"-12 day ahead inc hosp","quantile",0.1,9192,"COVID-19"
"DE","00+",2022-02-20,2022-02-08,"-12 day ahead inc hosp","quantile",0.25,9354,"COVID-19"
"DE","00+",2022-02-20,2022-02-08,"-12 day ahead inc hosp","quantile",0.5,9574,"COVID-19"
"DE","00+",2022-02-20,2022-02-08,"-12 day ahead inc hosp","quantile",0.75,9840,"COVID-19"
"DE","00+",2022-02-20,2022-02-08,"-12 day ahead inc hosp","quantile",0.9,10120,"COVID-19"
"DE","00+",2022-02-20,2022-02-08,"-12 day ahead inc hosp","quantile",0.975,10483,"COVID-19"
"DE","00+",2022-02-20,2022-02-07,"-13 day ahead inc hosp","mean",NA,9308,"COVID-19"
"DE","00+",2022-02-20,2022-02-07,"-13 day ahead inc hosp","quantile",0.025,8815,"COVID-19"
"DE","00+",2022-02-20,2022-02-07,"-13 day ahead inc hosp","quantile",0.1,8937,"COVID-19"
"DE","00+",2022-02-20,2022-02-07,"-13 day ahead inc hosp","quantile",0.25,9075,"COVID-19"
"DE","00+",2022-02-20,2022-02-07,"-13 day ahead inc hosp","quantile",0.5,9264,"COVID-19"
"DE","00+",2022-02-20,2022-02-07,"-13 day ahead inc hosp","quantile",0.75,9493,"COVID-19"
"DE","00+",2022-02-20,2022-02-07,"-13 day ahead inc hosp","quantile",0.9,9736,"COVID-19"
"DE","00+",2022-02-20,2022-02-07,"-13 day ahead inc hosp","quantile",0.975,10051,"COVID-19"
"DE","00+",2022-02-20,2022-02-06,"-14 day ahead inc hosp","mean",NA,9233,"COVID-19"
"DE","00+",2022-02-20,2022-02-06,"-14 day ahead inc hosp","quantile",0.025,8765,"COVID-19"
"DE","00+",2022-02-20,2022-02-06,"-14 day ahead inc hosp","quantile",0.1,8880,"COVID-19"
"DE","00+",2022-02-20,2022-02-06,"-14 day ahead inc hosp","quantile",0.25,9011,"COVID-19"
"DE","00+",2022-02-20,2022-02-06,"-14 day ahead inc hosp","quantile",0.5,9191,"COVID-19"
"DE","00+",2022-02-20,2022-02-06,"-14 day ahead inc hosp","quantile",0.75,9409,"COVID-19"
"DE","00+",2022-02-20,2022-02-06,"-14 day ahead inc hosp","quantile",0.9,9640,"COVID-19"
"DE","00+",2022-02-20,2022-02-06,"-14 day ahead inc hosp","quantile",0.975,9941,"COVID-19"
"DE","00+",2022-02-20,2022-02-05,"-15 day ahead inc hosp","mean",NA,9125,"COVID-19"
"DE","00+",2022-02-20,2022-02-05,"-15 day ahead inc hosp","quantile",0.025,8682,"COVID-19"
"DE","00+",2022-02-20,2022-02-05,"-15 day ahead inc hosp","quantile",0.1,8790,"COVID-19"
"DE","00+",2022-02-20,2022-02-05,"-15 day ahead inc hosp","quantile",0.25,8914,"COVID-19"
"DE","00+",2022-02-20,2022-02-05,"-15 day ahead inc hosp","quantile",0.5,9084,"COVID-19"
"DE","00+",2022-02-20,2022-02-05,"-15 day ahead inc hosp","quantile",0.75,9291,"COVID-19"
"DE","00+",2022-02-20,2022-02-05,"-15 day ahead inc hosp","quantile",0.9,9512,"COVID-19"
"DE","00+",2022-02-20,2022-02-05,"-15 day ahead inc hosp","quantile",0.975,9800,"COVID-19"
"DE","00+",2022-02-20,2022-02-04,"-16 day ahead inc hosp","mean",NA,8827,"COVID-19"
"DE","00+",2022-02-20,2022-02-04,"-16 day ahead inc hosp","quantile",0.025,8430,"COVID-19"
"DE","00+",2022-02-20,2022-02-04,"-16 day ahead inc hosp","quantile",0.1,8525,"COVID-19"
"DE","00+",2022-02-20,2022-02-04,"-16 day ahead inc hosp","quantile",0.25,8635,"COVID-19"
"DE","00+",2022-02-20,2022-02-04,"-16 day ahead inc hosp","quantile",0.5,8789,"COVID-19"
"DE","00+",2022-02-20,2022-02-04,"-16 day ahead inc hosp","quantile",0.75,8977,"COVID-19"
"DE","00+",2022-02-20,2022-02-04,"-16 day ahead inc hosp","quantile",0.9,9179,"COVID-19"
"DE","00+",2022-02-20,2022-02-04,"-16 day ahead inc hosp","quantile",0.975,9443,"COVID-19"
"DE","00+",2022-02-20,2022-02-03,"-17 day ahead inc hosp","mean",NA,8362,"COVID-19"
"DE","00+",2022-02-20,2022-02-03,"-17 day ahead inc hosp","quantile",0.025,8019,"COVID-19"
"DE","00+",2022-02-20,2022-02-03,"-17 day ahead inc hosp","quantile",0.1,8100,"COVID-19"
"DE","00+",2022-02-20,2022-02-03,"-17 day ahead inc hosp","quantile",0.25,8195,"COVID-19"
"DE","00+",2022-02-20,2022-02-03,"-17 day ahead inc hosp","quantile",0.5,8328,"COVID-19"
"DE","00+",2022-02-20,2022-02-03,"-17 day ahead inc hosp","quantile",0.75,8492,"COVID-19"
"DE","00+",2022-02-20,2022-02-03,"-17 day ahead inc hosp","quantile",0.9,8669,"COVID-19"
"DE","00+",2022-02-20,2022-02-03,"-17 day ahead inc hosp","quantile",0.975,8901,"COVID-19"
"DE","00+",2022-02-20,2022-02-02,"-18 day ahead inc hosp","mean",NA,8000,"COVID-19"
"DE","00+",2022-02-20,2022-02-02,"-18 day ahead inc hosp","quantile",0.025,7702,"COVID-19"
"DE","00+",2022-02-20,2022-02-02,"-18 day ahead inc hosp","quantile",0.1,7771,"COVID-19"
"DE","00+",2022-02-20,2022-02-02,"-18 day ahead inc hosp","quantile",0.25,7853,"COVID-19"
"DE","00+",2022-02-20,2022-02-02,"-18 day ahead inc hosp","quantile",0.5,7969,"COVID-19"
"DE","00+",2022-02-20,2022-02-02,"-18 day ahead inc hosp","quantile",0.75,8113,"COVID-19"
"DE","00+",2022-02-20,2022-02-02,"-18 day ahead inc hosp","quantile",0.9,8269,"COVID-19"
"DE","00+",2022-02-20,2022-02-02,"-18 day ahead inc hosp","quantile",0.975,8475,"COVID-19"
"DE","00+",2022-02-20,2022-02-01,"-19 day ahead inc hosp","mean",NA,7735,"COVID-19"
"DE","00+",2022-02-20,2022-02-01,"-19 day ahead inc hosp","quantile",0.025,7483,"COVID-19"
"DE","00+",2022-02-20,2022-02-01,"-19 day ahead inc hosp","quantile",0.1,7542,"COVID-19"
"DE","00+",2022-02-20,2022-02-01,"-19 day ahead inc hosp","quantile",0.25,7611,"COVID-19"
"DE","00+",2022-02-20,2022-02-01,"-19 day ahead inc hosp","quantile",0.5,7708,"COVID-19"
"DE","00+",2022-02-20,2022-02-01,"-19 day ahead inc hosp","quantile",0.75,7830,"COVID-19"
"DE","00+",2022-02-20,2022-02-01,"-19 day ahead inc hosp","quantile",0.9,7961,"COVID-19"
"DE","00+",2022-02-20,2022-02-01,"-19 day ahead inc hosp","quantile",0.975,8135,"COVID-19"
"DE","00+",2022-02-20,2022-01-31,"-20 day ahead inc hosp","mean",NA,7630,"COVID-19"
"DE","00+",2022-02-20,2022-01-31,"-20 day ahead inc hosp","quantile",0.025,7410,"COVID-19"
"DE","00+",2022-02-20,2022-01-31,"-20 day ahead inc hosp","quantile",0.1,7460,"COVID-19"
"DE","00+",2022-02-20,2022-01-31,"-20 day ahead inc hosp","quantile",0.25,7521,"COVID-19"
"DE","00+",2022-02-20,2022-01-31,"-20 day ahead inc hosp","quantile",0.5,7606,"COVID-19"
"DE","00+",2022-02-20,2022-01-31,"-20 day ahead inc hosp","quantile",0.75,7714,"COVID-19"
"DE","00+",2022-02-20,2022-01-31,"-20 day ahead inc hosp","quantile",0.9,7830,"COVID-19"
"DE","00+",2022-02-20,2022-01-31,"-20 day ahead inc hosp","quantile",0.975,7984,"COVID-19"
"DE","00+",2022-02-20,2022-01-30,"-21 day ahead inc hosp","mean",NA,7602,"COVID-19"
"DE","00+",2022-02-20,2022-01-30,"-21 day ahead inc hosp","quantile",0.025,7391,"COVID-19"
"DE","00+",2022-02-20,2022-01-30,"-21 day ahead inc hosp","quantile",0.1,7439,"COVID-19"
"DE","00+",2022-02-20,2022-01-30,"-21 day ahead inc hosp","quantile",0.25,7497,"COVID-19"
"DE","00+",2022-02-20,2022-01-30,"-21 day ahead inc hosp","quantile",0.5,7579,"COVID-19"
"DE","00+",2022-02-20,2022-01-30,"-21 day ahead inc hosp","quantile",0.75,7682,"COVID-19"
"DE","00+",2022-02-20,2022-01-30,"-21 day ahead inc hosp","quantile",0.9,7795,"COVID-19"
"DE","00+",2022-02-20,2022-01-30,"-21 day ahead inc hosp","quantile",0.975,7945,"COVID-19"
"DE","00+",2022-02-20,2022-01-29,"-22 day ahead inc hosp","mean",NA,7426,"COVID-19"
"DE","00+",2022-02-20,2022-01-29,"-22 day ahead inc hosp","quantile",0.025,7227,"COVID-19"
"DE","00+",2022-02-20,2022-01-29,"-22 day ahead inc hosp","quantile",0.1,7272,"COVID-19"
"DE","00+",2022-02-20,2022-01-29,"-22 day ahead inc hosp","quantile",0.25,7325,"COVID-19"
"DE","00+",2022-02-20,2022-01-29,"-22 day ahead inc hosp","quantile",0.5,7403,"COVID-19"
"DE","00+",2022-02-20,2022-01-29,"-22 day ahead inc hosp","quantile",0.75,7501,"COVID-19"
"DE","00+",2022-02-20,2022-01-29,"-22 day ahead inc hosp","quantile",0.9,7609,"COVID-19"
"DE","00+",2022-02-20,2022-01-29,"-22 day ahead inc hosp","quantile",0.975,7753,"COVID-19"
"DE","00+",2022-02-20,2022-01-28,"-23 day ahead inc hosp","mean",NA,7322,"COVID-19"
"DE","00+",2022-02-20,2022-01-28,"-23 day ahead inc hosp","quantile",0.025,7139,"COVID-19"
"DE","00+",2022-02-20,2022-01-28,"-23 day ahead inc hosp","quantile",0.1,7178,"COVID-19"
"DE","00+",2022-02-20,2022-01-28,"-23 day ahead inc hosp","quantile",0.25,7227,"COVID-19"
"DE","00+",2022-02-20,2022-01-28,"-23 day ahead inc hosp","quantile",0.5,7299,"COVID-19"
"DE","00+",2022-02-20,2022-01-28,"-23 day ahead inc hosp","quantile",0.75,7392,"COVID-19"
"DE","00+",2022-02-20,2022-01-28,"-23 day ahead inc hosp","quantile",0.9,7496,"COVID-19"
"DE","00+",2022-02-20,2022-01-28,"-23 day ahead inc hosp","quantile",0.975,7635,"COVID-19"
"DE","00+",2022-02-20,2022-01-27,"-24 day ahead inc hosp","mean",NA,7141,"COVID-19"
"DE","00+",2022-02-20,2022-01-27,"-24 day ahead inc hosp","quantile",0.025,6976,"COVID-19"
"DE","00+",2022-02-20,2022-01-27,"-24 day ahead inc hosp","quantile",0.1,7011,"COVID-19"
"DE","00+",2022-02-20,2022-01-27,"-24 day ahead inc hosp","quantile",0.25,7054,"COVID-19"
"DE","00+",2022-02-20,2022-01-27,"-24 day ahead inc hosp","quantile",0.5,7119,"COVID-19"
"DE","00+",2022-02-20,2022-01-27,"-24 day ahead inc hosp","quantile",0.75,7204,"COVID-19"
"DE","00+",2022-02-20,2022-01-27,"-24 day ahead inc hosp","quantile",0.9,7299,"COVID-19"
"DE","00+",2022-02-20,2022-01-27,"-24 day ahead inc hosp","quantile",0.975,7427,"COVID-19"
"DE","00+",2022-02-20,2022-01-26,"-25 day ahead inc hosp","mean",NA,7018,"COVID-19"
"DE","00+",2022-02-20,2022-01-26,"-25 day ahead inc hosp","quantile",0.025,6871,"COVID-19"
"DE","00+",2022-02-20,2022-01-26,"-25 day ahead inc hosp","quantile",0.1,6901,"COVID-19"
"DE","00+",2022-02-20,2022-01-26,"-25 day ahead inc hosp","quantile",0.25,6940,"COVID-19"
"DE","00+",2022-02-20,2022-01-26,"-25 day ahead inc hosp","quantile",0.5,6998,"COVID-19"
"DE","00+",2022-02-20,2022-01-26,"-25 day ahead inc hosp","quantile",0.75,7075,"COVID-19"
"DE","00+",2022-02-20,2022-01-26,"-25 day ahead inc hosp","quantile",0.9,7160,"COVID-19"
"DE","00+",2022-02-20,2022-01-26,"-25 day ahead inc hosp","quantile",0.975,7276,"COVID-19"
"DE","00+",2022-02-20,2022-01-25,"-26 day ahead inc hosp","mean",NA,6727,"COVID-19"
"DE","00+",2022-02-20,2022-01-25,"-26 day ahead inc hosp","quantile",0.025,6599,"COVID-19"
"DE","00+",2022-02-20,2022-01-25,"-26 day ahead inc hosp","quantile",0.1,6624,"COVID-19"
"DE","00+",2022-02-20,2022-01-25,"-26 day ahead inc hosp","quantile",0.25,6658,"COVID-19"
"DE","00+",2022-02-20,2022-01-25,"-26 day ahead inc hosp","quantile",0.5,6709,"COVID-19"
"DE","00+",2022-02-20,2022-01-25,"-26 day ahead inc hosp","quantile",0.75,6777,"COVID-19"
"DE","00+",2022-02-20,2022-01-25,"-26 day ahead inc hosp","quantile",0.9,6853,"COVID-19"
"DE","00+",2022-02-20,2022-01-25,"-26 day ahead inc hosp","quantile",0.975,6958,"COVID-19"
"DE","00+",2022-02-20,2022-01-24,"-27 day ahead inc hosp","mean",NA,6430,"COVID-19"
"DE","00+",2022-02-20,2022-01-24,"-27 day ahead inc hosp","quantile",0.025,6320,"COVID-19"
"DE","00+",2022-02-20,2022-01-24,"-27 day ahead inc hosp","quantile",0.1,6341,"COVID-19"
"DE","00+",2022-02-20,2022-01-24,"-27 day ahead inc hosp","quantile",0.25,6370,"COVID-19"
"DE","00+",2022-02-20,2022-01-24,"-27 day ahead inc hosp","quantile",0.5,6414,"COVID-19"
"DE","00+",2022-02-20,2022-01-24,"-27 day ahead inc hosp","quantile",0.75,6473,"COVID-19"
"DE","00+",2022-02-20,2022-01-24,"-27 day ahead inc hosp","quantile",0.9,6540,"COVID-19"
"DE","00+",2022-02-20,2022-01-24,"-27 day ahead inc hosp","quantile",0.975,6632,"COVID-19"
"DE","00+",2022-02-20,2022-01-23,"-28 day ahead inc hosp","mean",NA,6223,"COVID-19"
"DE","00+",2022-02-20,2022-01-23,"-28 day ahead inc hosp","quantile",0.025,6121,"COVID-19"
"DE","00+",2022-02-20,2022-01-23,"-28 day ahead inc hosp","quantile",0.1,6141,"COVID-19"
"DE","00+",2022-02-20,2022-01-23,"-28 day ahead inc hosp","quantile",0.25,6167,"COVID-19"
"DE","00+",2022-02-20,2022-01-23,"-28 day ahead inc hosp","quantile",0.5,6208,"COVID-19"
"DE","00+",2022-02-20,2022-01-23,"-28 day ahead inc hosp","quantile",0.75,6263,"COVID-19"
"DE","00+",2022-02-20,2022-01-23,"-28 day ahead inc hosp","quantile",0.9,6325,"COVID-19"
"DE","00+",2022-02-20,2022-01-23,"-28 day ahead inc hosp","quantile",0.975,6410,"COVID-19"
"DE","00-04",2022-02-20,2022-02-20,"0 day ahead inc hosp","mean",NA,364,"COVID-19"
"DE","00-04",2022-02-20,2022-02-20,"0 day ahead inc hosp","quantile",0.025,301,"COVID-19"
"DE","00-04",2022-02-20,2022-02-20,"0 day ahead inc hosp","quantile",0.1,319,"COVID-19"
"DE","00-04",2022-02-20,2022-02-20,"0 day ahead inc hosp","quantile",0.25,337,"COVID-19"
"DE","00-04",2022-02-20,2022-02-20,"0 day ahead inc hosp","quantile",0.5,361,"COVID-19"
"DE","00-04",2022-02-20,2022-02-20,"0 day ahead inc hosp","quantile",0.75,388,"COVID-19"
"DE","00-04",2022-02-20,2022-02-20,"0 day ahead inc hosp","quantile",0.9,415,"COVID-19"
"DE","00-04",2022-02-20,2022-02-20,"0 day ahead inc hosp","quantile",0.975,449,"COVID-19"
"DE","00-04",2022-02-20,2022-02-19,"-1 day ahead inc hosp","mean",NA,378,"COVID-19"
"DE","00-04",2022-02-20,2022-02-19,"-1 day ahead inc hosp","quantile",0.025,317,"COVID-19"
"DE","00-04",2022-02-20,2022-02-19,"-1 day ahead inc hosp","quantile",0.1,334,"COVID-19"
"DE","00-04",2022-02-20,2022-02-19,"-1 day ahead inc hosp","quantile",0.25,352,"COVID-19"
"DE","00-04",2022-02-20,2022-02-19,"-1 day ahead inc hosp","quantile",0.5,374,"COVID-19"
"DE","00-04",2022-02-20,2022-02-19,"-1 day ahead inc hosp","quantile",0.75,401,"COVID-19"
"DE","00-04",2022-02-20,2022-02-19,"-1 day ahead inc hosp","quantile",0.9,427,"COVID-19"
"DE","00-04",2022-02-20,2022-02-19,"-1 day ahead inc hosp","quantile",0.975,461,"COVID-19"
"DE","00-04",2022-02-20,2022-02-18,"-2 day ahead inc hosp","mean",NA,396,"COVID-19"
"DE","00-04",2022-02-20,2022-02-18,"-2 day ahead inc hosp","quantile",0.025,341,"COVID-19"
"DE","00-04",2022-02-20,2022-02-18,"-2 day ahead inc hosp","quantile",0.1,356,"COVID-19"
"DE","00-04",2022-02-20,2022-02-18,"-2 day ahead inc hosp","quantile",0.25,372,"COVID-19"
"DE","00-04",2022-02-20,2022-02-18,"-2 day ahead inc hosp","quantile",0.5,393,"COVID-19"
"DE","00-04",2022-02-20,2022-02-18,"-2 day ahead inc hosp","quantile",0.75,416,"COVID-19"
"DE","00-04",2022-02-20,2022-02-18,"-2 day ahead inc hosp","quantile",0.9,439,"COVID-19"
"DE","00-04",2022-02-20,2022-02-18,"-2 day ahead inc hosp","quantile",0.975,469,"COVID-19"
"DE","00-04",2022-02-20,2022-02-17,"-3 day ahead inc hosp","mean",NA,387,"COVID-19"
"DE","00-04",2022-02-20,2022-02-17,"-3 day ahead inc hosp","quantile",0.025,345,"COVID-19"
"DE","00-04",2022-02-20,2022-02-17,"-3 day ahead inc hosp","quantile",0.1,357,"COVID-19"
"DE","00-04",2022-02-20,2022-02-17,"-3 day ahead inc hosp","quantile",0.25,369,"COVID-19"
"DE","00-04",2022-02-20,2022-02-17,"-3 day ahead inc hosp","quantile",0.5,385,"COVID-19"
"DE","00-04",2022-02-20,2022-02-17,"-3 day ahead inc hosp","quantile",0.75,402,"COVID-19"
"DE","00-04",2022-02-20,2022-02-17,"-3 day ahead inc hosp","quantile",0.9,420,"COVID-19"
"DE","00-04",2022-02-20,2022-02-17,"-3 day ahead inc hosp","quantile",0.975,442,"COVID-19"
"DE","00-04",2022-02-20,2022-02-16,"-4 day ahead inc hosp","mean",NA,404,"COVID-19"
"DE","00-04",2022-02-20,2022-02-16,"-4 day ahead inc hosp","quantile",0.025,369,"COVID-19"
"DE","00-04",2022-02-20,2022-02-16,"-4 day ahead inc hosp","quantile",0.1,379,"COVID-19"
"DE","00-04",2022-02-20,2022-02-16,"-4 day ahead inc hosp","quantile",0.25,389,"COVID-19"
"DE","00-04",2022-02-20,2022-02-16,"-4 day ahead inc hosp","quantile",0.5,402,"COVID-19"
"DE","00-04",2022-02-20,2022-02-16,"-4 day ahead inc hosp","quantile",0.75,417,"COVID-19"
"DE","00-04",2022-02-20,2022-02-16,"-4 day ahead inc hosp","quantile",0.9,431,"COVID-19"
"DE","00-04",2022-02-20,2022-02-16,"-4 day ahead inc hosp","quantile",0.975,449,"COVID-19"
"DE","00-04",2022-02-20,2022-02-15,"-5 day ahead inc hosp","mean",NA,393,"COVID-19"
"DE","00-04",2022-02-20,2022-02-15,"-5 day ahead inc hosp","quantile",0.025,364,"COVID-19"
"DE","00-04",2022-02-20,2022-02-15,"-5 day ahead inc hosp","quantile",0.1,372,"COVID-19"
"DE","00-04",2022-02-20,2022-02-15,"-5 day ahead inc hosp","quantile",0.25,381,"COVID-19"
"DE","00-04",2022-02-20,2022-02-15,"-5 day ahead inc hosp","quantile",0.5,391,"COVID-19"
"DE","00-04",2022-02-20,2022-02-15,"-5 day ahead inc hosp","quantile",0.75,403,"COVID-19"
"DE","00-04",2022-02-20,2022-02-15,"-5 day ahead inc hosp","quantile",0.9,415,"COVID-19"
"DE","00-04",2022-02-20,2022-02-15,"-5 day ahead inc hosp","quantile",0.975,430,"COVID-19"
"DE","00-04",2022-02-20,2022-02-14,"-6 day ahead inc hosp","mean",NA,374,"COVID-19"
"DE","00-04",2022-02-20,2022-02-14,"-6 day ahead inc hosp","quantile",0.025,349,"COVID-19"
"DE","00-04",2022-02-20,2022-02-14,"-6 day ahead inc hosp","quantile",0.1,356,"COVID-19"
"DE","00-04",2022-02-20,2022-02-14,"-6 day ahead inc hosp","quantile",0.25,363,"COVID-19"
"DE","00-04",2022-02-20,2022-02-14,"-6 day ahead inc hosp","quantile",0.5,372,"COVID-19"
"DE","00-04",2022-02-20,2022-02-14,"-6 day ahead inc hosp","quantile",0.75,383,"COVID-19"
"DE","00-04",2022-02-20,2022-02-14,"-6 day ahead inc hosp","quantile",0.9,394,"COVID-19"
"DE","00-04",2022-02-20,2022-02-14,"-6 day ahead inc hosp","quantile",0.975,407,"COVID-19"
"DE","00-04",2022-02-20,2022-02-13,"-7 day ahead inc hosp","mean",NA,376,"COVID-19"
"DE","00-04",2022-02-20,2022-02-13,"-7 day ahead inc hosp","quantile",0.025,351,"COVID-19"
"DE","00-04",2022-02-20,2022-02-13,"-7 day ahead inc hosp","quantile",0.1,358,"COVID-19"
"DE","00-04",2022-02-20,2022-02-13,"-7 day ahead inc hosp","quantile",0.25,365,"COVID-19"
"DE","00-04",2022-02-20,2022-02-13,"-7 day ahead inc hosp","quantile",0.5,374,"COVID-19"
"DE","00-04",2022-02-20,2022-02-13,"-7 day ahead inc hosp","quantile",0.75,385,"COVID-19"
"DE","00-04",2022-02-20,2022-02-13,"-7 day ahead inc hosp","quantile",0.9,396,"COVID-19"
"DE","00-04",2022-02-20,2022-02-13,"-7 day ahead inc hosp","quantile",0.975,410,"COVID-19"
"DE","00-04",2022-02-20,2022-02-12,"-8 day ahead inc hosp","mean",NA,372,"COVID-19"
"DE","00-04",2022-02-20,2022-02-12,"-8 day ahead inc hosp","quantile",0.025,347,"COVID-19"
"DE","00-04",2022-02-20,2022-02-12,"-8 day ahead inc hosp","quantile",0.1,354,"COVID-19"
"DE","00-04",2022-02-20,2022-02-12,"-8 day ahead inc hosp","quantile",0.25,361,"COVID-19"
"DE","00-04",2022-02-20,2022-02-12,"-8 day ahead inc hosp","quantile",0.5,370,"COVID-19"
"DE","00-04",2022-02-20,2022-02-12,"-8 day ahead inc hosp","quantile",0.75,381,"COVID-19"
"DE","00-04",2022-02-20,2022-02-12,"-8 day ahead inc hosp","quantile",0.9,392,"COVID-19"
"DE","00-04",2022-02-20,2022-02-12,"-8 day ahead inc hosp","quantile",0.975,407,"COVID-19"
"DE","00-04",2022-02-20,2022-02-11,"-9 day ahead inc hosp","mean",NA,378,"COVID-19"
"DE","00-04",2022-02-20,2022-02-11,"-9 day ahead inc hosp","quantile",0.025,355,"COVID-19"
"DE","00-04",2022-02-20,2022-02-11,"-9 day ahead inc hosp","quantile",0.1,361,"COVID-19"
"DE","00-04",2022-02-20,2022-02-11,"-9 day ahead inc hosp","quantile",0.25,367,"COVID-19"
"DE","00-04",2022-02-20,2022-02-11,"-9 day ahead inc hosp","quantile",0.5,376,"COVID-19"
"DE","00-04",2022-02-20,2022-02-11,"-9 day ahead inc hosp","quantile",0.75,386,"COVID-19"
"DE","00-04",2022-02-20,2022-02-11,"-9 day ahead inc hosp","quantile",0.9,397,"COVID-19"
"DE","00-04",2022-02-20,2022-02-11,"-9 day ahead inc hosp","quantile",0.975,411,"COVID-19"
"DE","00-04",2022-02-20,2022-02-10,"-10 day ahead inc hosp","mean",NA,389,"COVID-19"
"DE","00-04",2022-02-20,2022-02-10,"-10 day ahead inc hosp","quantile",0.025,367,"COVID-19"
"DE","00-04",2022-02-20,2022-02-10,"-10 day ahead inc hosp","quantile",0.1,372,"COVID-19"
"DE","00-04",2022-02-20,2022-02-10,"-10 day ahead inc hosp","quantile",0.25,379,"COVID-19"
"DE","00-04",2022-02-20,2022-02-10,"-10 day ahead inc hosp","quantile",0.5,387,"COVID-19"
"DE","00-04",2022-02-20,2022-02-10,"-10 day ahead inc hosp","quantile",0.75,397,"COVID-19"
"DE","00-04",2022-02-20,2022-02-10,"-10 day ahead inc hosp","quantile",0.9,408,"COVID-19"
"DE","00-04",2022-02-20,2022-02-10,"-10 day ahead inc hosp","quantile",0.975,421,"COVID-19"
"DE","00-04",2022-02-20,2022-02-09,"-11 day ahead inc hosp","mean",NA,364,"COVID-19"
"DE","00-04",2022-02-20,2022-02-09,"-11 day ahead inc hosp","quantile",0.025,345,"COVID-19"
"DE","00-04",2022-02-20,2022-02-09,"-11 day ahead inc hosp","quantile",0.1,349,"COVID-19"
"DE","00-04",2022-02-20,2022-02-09,"-11 day ahead inc hosp","quantile",0.25,355,"COVID-19"
"DE","00-04",2022-02-20,2022-02-09,"-11 day ahead inc hosp","quantile",0.5,362,"COVID-19"
"DE","00-04",2022-02-20,2022-02-09,"-11 day ahead inc hosp","quantile",0.75,371,"COVID-19"
"DE","00-04",2022-02-20,2022-02-09,"-11 day ahead inc hosp","quantile",0.9,381,"COVID-19"
"DE","00-04",2022-02-20,2022-02-09,"-11 day ahead inc hosp","quantile",0.975,393,"COVID-19"
"DE","00-04",2022-02-20,2022-02-08,"-12 day ahead inc hosp","mean",NA,363,"COVID-19"
"DE","00-04",2022-02-20,2022-02-08,"-12 day ahead inc hosp","quantile",0.025,345,"COVID-19"
"DE","00-04",2022-02-20,2022-02-08,"-12 day ahead inc hosp","quantile",0.1,350,"COVID-19"
"DE","00-04",2022-02-20,2022-02-08,"-12 day ahead inc hosp","quantile",0.25,354,"COVID-19"
"DE","00-04",2022-02-20,2022-02-08,"-12 day ahead inc hosp","quantile",0.5,361,"COVID-19"
"DE","00-04",2022-02-20,2022-02-08,"-12 day ahead inc hosp","quantile",0.75,370,"COVID-19"
"DE","00-04",2022-02-20,2022-02-08,"-12 day ahead inc hosp","quantile",0.9,379,"COVID-19"
"DE","00-04",2022-02-20,2022-02-08,"-12 day ahead inc hosp","quantile",0.975,390,"COVID-19"
"DE","00-04",2022-02-20,2022-02-07,"-13 day ahead inc hosp","mean",NA,384,"COVID-19"
"DE","00-04",2022-02-20,2022-02-07,"-13 day ahead inc hosp","quantile",0.025,367,"COVID-19"
"DE","00-04",2022-02-20,2022-02-07,"-13 day ahead inc hosp","quantile",0.1,371,"COVID-19"
"DE","00-04",2022-02-20,2022-02-07,"-13 day ahead inc hosp","quantile",0.25,376,"COVID-19"
"DE","00-04",2022-02-20,2022-02-07,"-13 day ahead inc hosp","quantile",0.5,382,"COVID-19"
"DE","00-04",2022-02-20,2022-02-07,"-13 day ahead inc hosp","quantile",0.75,390,"COVID-19"
"DE","00-04",2022-02-20,2022-02-07,"-13 day ahead inc hosp","quantile",0.9,398,"COVID-19"
"DE","00-04",2022-02-20,2022-02-07,"-13 day ahead inc hosp","quantile",0.975,409,"COVID-19"
"DE","00-04",2022-02-20,2022-02-06,"-14 day ahead inc hosp","mean",NA,380,"COVID-19"
"DE","00-04",2022-02-20,2022-02-06,"-14 day ahead inc hosp","quantile",0.025,363,"COVID-19"
"DE","00-04",2022-02-20,2022-02-06,"-14 day ahead inc hosp","quantile",0.1,367,"COVID-19"
"DE","00-04",2022-02-20,2022-02-06,"-14 day ahead inc hosp","quantile",0.25,372,"COVID-19"
"DE","00-04",2022-02-20,2022-02-06,"-14 day ahead inc hosp","quantile",0.5,378,"COVID-19"
"DE","00-04",2022-02-20,2022-02-06,"-14 day ahead inc hosp","quantile",0.75,386,"COVID-19"
"DE","00-04",2022-02-20,2022-02-06,"-14 day ahead inc hosp","quantile",0.9,394,"COVID-19"
"DE","00-04",2022-02-20,2022-02-06,"-14 day ahead inc hosp","quantile",0.975,404,"COVID-19"
"DE","00-04",2022-02-20,2022-02-05,"-15 day ahead inc hosp","mean",NA,390,"COVID-19"
"DE","00-04",2022-02-20,2022-02-05,"-15 day ahead inc hosp","quantile",0.025,374,"COVID-19"
"DE","00-04",2022-02-20,2022-02-05,"-15 day ahead inc hosp","quantile",0.1,378,"COVID-19"
"DE","00-04",2022-02-20,2022-02-05,"-15 day ahead inc hosp","quantile",0.25,383,"COVID-19"
"DE","00-04",2022-02-20,2022-02-05,"-15 day ahead inc hosp","quantile",0.5,389,"COVID-19"
"DE","00-04",2022-02-20,2022-02-05,"-15 day ahead inc hosp","quantile",0.75,396,"COVID-19"
"DE","00-04",2022-02-20,2022-02-05,"-15 day ahead inc hosp","quantile",0.9,404,"COVID-19"
"DE","00-04",2022-02-20,2022-02-05,"-15 day ahead inc hosp","quantile",0.975,415,"COVID-19"
"DE","00-04",2022-02-20,2022-02-04,"-16 day ahead inc hosp","mean",NA,384,"COVID-19"
"DE","00-04",2022-02-20,2022-02-04,"-16 day ahead inc hosp","quantile",0.025,369,"COVID-19"
"DE","00-04",2022-02-20,2022-02-04,"-16 day ahead inc hosp","quantile",0.1,373,"COVID-19"
"DE","00-04",2022-02-20,2022-02-04,"-16 day ahead inc hosp","quantile",0.25,377,"COVID-19"
"DE","00-04",2022-02-20,2022-02-04,"-16 day ahead inc hosp","quantile",0.5,382,"COVID-19"
"DE","00-04",2022-02-20,2022-02-04,"-16 day ahead inc hosp","quantile",0.75,389,"COVID-19"
"DE","00-04",2022-02-20,2022-02-04,"-16 day ahead inc hosp","quantile",0.9,397,"COVID-19"
"DE","00-04",2022-02-20,2022-02-04,"-16 day ahead inc hosp","quantile",0.975,406,"COVID-19"
"DE","00-04",2022-02-20,2022-02-03,"-17 day ahead inc hosp","mean",NA,368,"COVID-19"
"DE","00-04",2022-02-20,2022-02-03,"-17 day ahead inc hosp","quantile",0.025,354,"COVID-19"
"DE","00-04",2022-02-20,2022-02-03,"-17 day ahead inc hosp","quantile",0.1,357,"COVID-19"
"DE","00-04",2022-02-20,2022-02-03,"-17 day ahead inc hosp","quantile",0.25,361,"COVID-19"
"DE","00-04",2022-02-20,2022-02-03,"-17 day ahead inc hosp","quantile",0.5,366,"COVID-19"
"DE","00-04",2022-02-20,2022-02-03,"-17 day ahead inc hosp","quantile",0.75,373,"COVID-19"
"DE","00-04",2022-02-20,2022-02-03,"-17 day ahead inc hosp","quantile",0.9,380,"COVID-19"
"DE","00-04",2022-02-20,2022-02-03,"-17 day ahead inc hosp","quantile",0.975,389,"COVID-19"
"DE","00-04",2022-02-20,2022-02-02,"-18 day ahead inc hosp","mean",NA,370,"COVID-19"
"DE","00-04",2022-02-20,2022-02-02,"-18 day ahead inc hosp","quantile",0.025,357,"COVID-19"
"DE","00-04",2022-02-20,2022-02-02,"-18 day ahead inc hosp","quantile",0.1,360,"COVID-19"
"DE","00-04",2022-02-20,2022-02-02,"-18 day ahead inc hosp","quantile",0.25,364,"COVID-19"
"DE","00-04",2022-02-20,2022-02-02,"-18 day ahead inc hosp","quantile",0.5,369,"COVID-19"
"DE","00-04",2022-02-20,2022-02-02,"-18 day ahead inc hosp","quantile",0.75,375,"COVID-19"
"DE","00-04",2022-02-20,2022-02-02,"-18 day ahead inc hosp","quantile",0.9,381,"COVID-19"
"DE","00-04",2022-02-20,2022-02-02,"-18 day ahead inc hosp","quantile",0.975,390,"COVID-19"
"DE","00-04",2022-02-20,2022-02-01,"-19 day ahead inc hosp","mean",NA,376,"COVID-19"
"DE","00-04",2022-02-20,2022-02-01,"-19 day ahead inc hosp","quantile",0.025,363,"COVID-19"
"DE","00-04",2022-02-20,2022-02-01,"-19 day ahead inc hosp","quantile",0.1,366,"COVID-19"
"DE","00-04",2022-02-20,2022-02-01,"-19 day ahead inc hosp","quantile",0.25,370,"COVID-19"
"DE","00-04",2022-02-20,2022-02-01,"-19 day ahead inc hosp","quantile",0.5,374,"COVID-19"
"DE","00-04",2022-02-20,2022-02-01,"-19 day ahead inc hosp","quantile",0.75,380,"COVID-19"
"DE","00-04",2022-02-20,2022-02-01,"-19 day ahead inc hosp","quantile",0.9,386,"COVID-19"
"DE","00-04",2022-02-20,2022-02-01,"-19 day ahead inc hosp","quantile",0.975,394,"COVID-19"
"DE","00-04",2022-02-20,2022-01-31,"-20 day ahead inc hosp","mean",NA,357,"COVID-19"
"DE","00-04",2022-02-20,2022-01-31,"-20 day ahead inc hosp","quantile",0.025,346,"COVID-19"
"DE","00-04",2022-02-20,2022-01-31,"-20 day ahead inc hosp","quantile",0.1,349,"COVID-19"
"DE","00-04",2022-02-20,2022-01-31,"-20 day ahead inc hosp","quantile",0.25,352,"COVID-19"
"DE","00-04",2022-02-20,2022-01-31,"-20 day ahead inc hosp","quantile",0.5,356,"COVID-19"
"DE","00-04",2022-02-20,2022-01-31,"-20 day ahead inc hosp","quantile",0.75,361,"COVID-19"
"DE","00-04",2022-02-20,2022-01-31,"-20 day ahead inc hosp","quantile",0.9,366,"COVID-19"
"DE","00-04",2022-02-20,2022-01-31,"-20 day ahead inc hosp","quantile",0.975,373,"COVID-19"
"DE","00-04",2022-02-20,2022-01-30,"-21 day ahead inc hosp","mean",NA,364,"COVID-19"
"DE","00-04",2022-02-20,2022-01-30,"-21 day ahead inc hosp","quantile",0.025,353,"COVID-19"
"DE","00-04",2022-02-20,2022-01-30,"-21 day ahead inc hosp","quantile",0.1,355,"COVID-19"
"DE","00-04",2022-02-20,2022-01-30,"-21 day ahead inc hosp","quantile",0.25,358,"COVID-19"
"DE","00-04",2022-02-20,2022-01-30,"-21 day ahead inc hosp","quantile",0.5,363,"COVID-19"
"DE","00-04",2022-02-20,2022-01-30,"-21 day ahead inc hosp","quantile",0.75,368,"COVID-19"
"DE","00-04",2022-02-20,2022-01-30,"-21 day ahead inc hosp","quantile",0.9,373,"COVID-19"
"DE","00-04",2022-02-20,2022-01-30,"-21 day ahead inc hosp","quantile",0.975,380,"COVID-19"
"DE","00-04",2022-02-20,2022-01-29,"-22 day ahead inc hosp","mean",NA,349,"COVID-19"
"DE","00-04",2022-02-20,2022-01-29,"-22 day ahead inc hosp","quantile",0.025,339,"COVID-19"
"DE","00-04",2022-02-20,2022-01-29,"-22 day ahead inc hosp","quantile",0.1,341,"COVID-19"
"DE","00-04",2022-02-20,2022-01-29,"-22 day ahead inc hosp","quantile",0.25,344,"COVID-19"
"DE","00-04",2022-02-20,2022-01-29,"-22 day ahead inc hosp","quantile",0.5,348,"COVID-19"
"DE","00-04",2022-02-20,2022-01-29,"-22 day ahead inc hosp","quantile",0.75,353,"COVID-19"
"DE","00-04",2022-02-20,2022-01-29,"-22 day ahead inc hosp","quantile",0.9,359,"COVID-19"
"DE","00-04",2022-02-20,2022-01-29,"-22 day ahead inc hosp","quantile",0.975,367,"COVID-19"
"DE","00-04",2022-02-20,2022-01-28,"-23 day ahead inc hosp","mean",NA,351,"COVID-19"
"DE","00-04",2022-02-20,2022-01-28,"-23 day ahead inc hosp","quantile",0.025,341,"COVID-19"
"DE","00-04",2022-02-20,2022-01-28,"-23 day ahead inc hosp","quantile",0.1,343,"COVID-19"
"DE","00-04",2022-02-20,2022-01-28,"-23 day ahead inc hosp","quantile",0.25,346,"COVID-19"
"DE","00-04",2022-02-20,2022-01-28,"-23 day ahead inc hosp","quantile",0.5,350,"COVID-19"
"DE","00-04",2022-02-20,2022-01-28,"-23 day ahead inc hosp","quantile",0.75,355,"COVID-19"
"DE","00-04",2022-02-20,2022-01-28,"-23 day ahead inc hosp","quantile",0.9,360,"COVID-19"
"DE","00-04",2022-02-20,2022-01-28,"-23 day ahead inc hosp","quantile",0.975,368,"COVID-19"
"DE","00-04",2022-02-20,2022-01-27,"-24 day ahead inc hosp","mean",NA,348,"COVID-19"
"DE","00-04",2022-02-20,2022-01-27,"-24 day ahead inc hosp","quantile",0.025,339,"COVID-19"
"DE","00-04",2022-02-20,2022-01-27,"-24 day ahead inc hosp","quantile",0.1,341,"COVID-19"
"DE","00-04",2022-02-20,2022-01-27,"-24 day ahead inc hosp","quantile",0.25,343,"COVID-19"
"DE","00-04",2022-02-20,2022-01-27,"-24 day ahead inc hosp","quantile",0.5,346,"COVID-19"
"DE","00-04",2022-02-20,2022-01-27,"-24 day ahead inc hosp","quantile",0.75,351,"COVID-19"
"DE","00-04",2022-02-20,2022-01-27,"-24 day ahead inc hosp","quantile",0.9,357,"COVID-19"
"DE","00-04",2022-02-20,2022-01-27,"-24 day ahead inc hosp","quantile",0.975,365,"COVID-19"
"DE","00-04",2022-02-20,2022-01-26,"-25 day ahead inc hosp","mean",NA,349,"COVID-19"
"DE","00-04",2022-02-20,2022-01-26,"-25 day ahead inc hosp","quantile",0.025,341,"COVID-19"
"DE","00-04",2022-02-20,2022-01-26,"-25 day ahead inc hosp","quantile",0.1,342,"COVID-19"
"DE","00-04",2022-02-20,2022-01-26,"-25 day ahead inc hosp","quantile",0.25,344,"COVID-19"
"DE","00-04",2022-02-20,2022-01-26,"-25 day ahead inc hosp","quantile",0.5,348,"COVID-19"
"DE","00-04",2022-02-20,2022-01-26,"-25 day ahead inc hosp","quantile",0.75,352,"COVID-19"
"DE","00-04",2022-02-20,2022-01-26,"-25 day ahead inc hosp","quantile",0.9,358,"COVID-19"
"DE","00-04",2022-02-20,2022-01-26,"-25 day ahead inc hosp","quantile",0.975,365,"COVID-19"
"DE","00-04",2022-02-20,2022-01-25,"-26 day ahead inc hosp","mean",NA,320,"COVID-19"
"DE","00-04",2022-02-20,2022-01-25,"-26 day ahead inc hosp","quantile",0.025,313,"COVID-19"
"DE","00-04",2022-02-20,2022-01-25,"-26 day ahead inc hosp","quantile",0.1,315,"COVID-19"
"DE","00-04",2022-02-20,2022-01-25,"-26 day ahead inc hosp","quantile",0.25,316,"COVID-19"
"DE","00-04",2022-02-20,2022-01-25,"-26 day ahead inc hosp","quantile",0.5,319,"COVID-19"
"DE","00-04",2022-02-20,2022-01-25,"-26 day ahead inc hosp","quantile",0.75,323,"COVID-19"
"DE","00-04",2022-02-20,2022-01-25,"-26 day ahead inc hosp","quantile",0.9,328,"COVID-19"
"DE","00-04",2022-02-20,2022-01-25,"-26 day ahead inc hosp","quantile",0.975,334,"COVID-19"
"DE","00-04",2022-02-20,2022-01-24,"-27 day ahead inc hosp","mean",NA,310,"COVID-19"
"DE","00-04",2022-02-20,2022-01-24,"-27 day ahead inc hosp","quantile",0.025,303,"COVID-19"
"DE","00-04",2022-02-20,2022-01-24,"-27 day ahead inc hosp","quantile",0.1,304,"COVID-19"
"DE","00-04",2022-02-20,2022-01-24,"-27 day ahead inc hosp","quantile",0.25,306,"COVID-19"
"DE","00-04",2022-02-20,2022-01-24,"-27 day ahead inc hosp","quantile",0.5,309,"COVID-19"
"DE","00-04",2022-02-20,2022-01-24,"-27 day ahead inc hosp","quantile",0.75,312,"COVID-19"
"DE","00-04",2022-02-20,2022-01-24,"-27 day ahead inc hosp","quantile",0.9,316,"COVID-19"
"DE","00-04",2022-02-20,2022-01-24,"-27 day ahead inc hosp","quantile",0.975,322,"COVID-19"
"DE","00-04",2022-02-20,2022-01-23,"-28 day ahead inc hosp","mean",NA,298,"COVID-19"
"DE","00-04",2022-02-20,2022-01-23,"-28 day ahead inc hosp","quantile",0.025,292,"COVID-19"
"DE","00-04",2022-02-20,2022-01-23,"-28 day ahead inc hosp","quantile",0.1,293,"COVID-19"
"DE","00-04",2022-02-20,2022-01-23,"-28 day ahead inc hosp","quantile",0.25,295,"COVID-19"
"DE","00-04",2022-02-20,2022-01-23,"-28 day ahead inc hosp","quantile",0.5,297,"COVID-19"
"DE","00-04",2022-02-20,2022-01-23,"-28 day ahead inc hosp","quantile",0.75,300,"COVID-19"
"DE","00-04",2022-02-20,2022-01-23,"-28 day ahead inc hosp","quantile",0.9,304,"COVID-19"
"DE","00-04",2022-02-20,2022-01-23,"-28 day ahead inc hosp","quantile",0.975,309,"COVID-19"
"DE","05-14",2022-02-20,2022-02-20,"0 day ahead inc hosp","mean",NA,296,"COVID-19"
"DE","05-14",2022-02-20,2022-02-20,"0 day ahead inc hosp","quantile",0.025,231,"COVID-19"
"DE","05-14",2022-02-20,2022-02-20,"0 day ahead inc hosp","quantile",0.1,248,"COVID-19"
"DE","05-14",2022-02-20,2022-02-20,"0 day ahead inc hosp","quantile",0.25,266,"COVID-19"
"DE","05-14",2022-02-20,2022-02-20,"0 day ahead inc hosp","quantile",0.5,291,"COVID-19"
"DE","05-14",2022-02-20,2022-02-20,"0 day ahead inc hosp","quantile",0.75,320,"COVID-19"
"DE","05-14",2022-02-20,2022-02-20,"0 day ahead inc hosp","quantile",0.9,350,"COVID-19"
"DE","05-14",2022-02-20,2022-02-20,"0 day ahead inc hosp","quantile",0.975,389,"COVID-19"
"DE","05-14",2022-02-20,2022-02-19,"-1 day ahead inc hosp","mean",NA,308,"COVID-19"
"DE","05-14",2022-02-20,2022-02-19,"-1 day ahead inc hosp","quantile",0.025,246,"COVID-19"
"DE","05-14",2022-02-20,2022-02-19,"-1 day ahead inc hosp","quantile",0.1,262,"COVID-19"
"DE","05-14",2022-02-20,2022-02-19,"-1 day ahead inc hosp","quantile",0.25,279,"COVID-19"
"DE","05-14",2022-02-20,2022-02-19,"-1 day ahead inc hosp","quantile",0.5,303,"COVID-19"
"DE","05-14",2022-02-20,2022-02-19,"-1 day ahead inc hosp","quantile",0.75,332,"COVID-19"
"DE","05-14",2022-02-20,2022-02-19,"-1 day ahead inc hosp","quantile",0.9,362,"COVID-19"
"DE","05-14",2022-02-20,2022-02-19,"-1 day ahead inc hosp","quantile",0.975,401,"COVID-19"
"DE","05-14",2022-02-20,2022-02-18,"-2 day ahead inc hosp","mean",NA,310,"COVID-19"
"DE","05-14",2022-02-20,2022-02-18,"-2 day ahead inc hosp","quantile",0.025,256,"COVID-19"
"DE","05-14",2022-02-20,2022-02-18,"-2 day ahead inc hosp","quantile",0.1,269,"COVID-19"
"DE","05-14",2022-02-20,2022-02-18,"-2 day ahead inc hosp","quantile",0.25,284,"COVID-19"
"DE","05-14",2022-02-20,2022-02-18,"-2 day ahead inc hosp","quantile",0.5,305,"COVID-19"
"DE","05-14",2022-02-20,2022-02-18,"-2 day ahead inc hosp","quantile",0.75,331,"COVID-19"
"DE","05-14",2022-02-20,2022-02-18,"-2 day ahead inc hosp","quantile",0.9,358,"COVID-19"
"DE","05-14",2022-02-20,2022-02-18,"-2 day ahead inc hosp","quantile",0.975,394,"COVID-19"
"DE","05-14",2022-02-20,2022-02-17,"-3 day ahead inc hosp","mean",NA,331,"COVID-19"
"DE","05-14",2022-02-20,2022-02-17,"-3 day ahead inc hosp","quantile",0.025,281,"COVID-19"
"DE","05-14",2022-02-20,2022-02-17,"-3 day ahead inc hosp","quantile",0.1,293,"COVID-19"
"DE","05-14",2022-02-20,2022-02-17,"-3 day ahead inc hosp","quantile",0.25,307,"COVID-19"
"DE","05-14",2022-02-20,2022-02-17,"-3 day ahead inc hosp","quantile",0.5,326,"COVID-19"
"DE","05-14",2022-02-20,2022-02-17,"-3 day ahead inc hosp","quantile",0.75,350,"COVID-19"
"DE","05-14",2022-02-20,2022-02-17,"-3 day ahead inc hosp","quantile",0.9,375,"COVID-19"
"DE","05-14",2022-02-20,2022-02-17,"-3 day ahead inc hosp","quantile",0.975,409,"COVID-19"
"DE","05-14",2022-02-20,2022-02-16,"-4 day ahead inc hosp","mean",NA,329,"COVID-19"
"DE","05-14",2022-02-20,2022-02-16,"-4 day ahead inc hosp","quantile",0.025,285,"COVID-19"
"DE","05-14",2022-02-20,2022-02-16,"-4 day ahead inc hosp","quantile",0.1,295,"COVID-19"
"DE","05-14",2022-02-20,2022-02-16,"-4 day ahead inc hosp","quantile",0.25,308,"COVID-19"
"DE","05-14",2022-02-20,2022-02-16,"-4 day ahead inc hosp","quantile",0.5,325,"COVID-19"
"DE","05-14",2022-02-20,2022-02-16,"-4 day ahead inc hosp","quantile",0.75,346,"COVID-19"
"DE","05-14",2022-02-20,2022-02-16,"-4 day ahead inc hosp","quantile",0.9,369,"COVID-19"
"DE","05-14",2022-02-20,2022-02-16,"-4 day ahead inc hosp","quantile",0.975,399,"COVID-19"
"DE","05-14",2022-02-20,2022-02-15,"-5 day ahead inc hosp","mean",NA,338,"COVID-19"
"DE","05-14",2022-02-20,2022-02-15,"-5 day ahead inc hosp","quantile",0.025,299,"COVID-19"
"DE","05-14",2022-02-20,2022-02-15,"-5 day ahead inc hosp","quantile",0.1,308,"COVID-19"
"DE","05-14",2022-02-20,2022-02-15,"-5 day ahead inc hosp","quantile",0.25,319,"COVID-19"
"DE","05-14",2022-02-20,2022-02-15,"-5 day ahead inc hosp","quantile",0.5,334,"COVID-19"
"DE","05-14",2022-02-20,2022-02-15,"-5 day ahead inc hosp","quantile",0.75,353,"COVID-19"
"DE","05-14",2022-02-20,2022-02-15,"-5 day ahead inc hosp","quantile",0.9,374,"COVID-19"
"DE","05-14",2022-02-20,2022-02-15,"-5 day ahead inc hosp","quantile",0.975,402,"COVID-19"
"DE","05-14",2022-02-20,2022-02-14,"-6 day ahead inc hosp","mean",NA,354,"COVID-19"
"DE","05-14",2022-02-20,2022-02-14,"-6 day ahead inc hosp","quantile",0.025,317,"COVID-19"
"DE","05-14",2022-02-20,2022-02-14,"-6 day ahead inc hosp","quantile",0.1,325,"COVID-19"
"DE","05-14",2022-02-20,2022-02-14,"-6 day ahead inc hosp","quantile",0.25,335,"COVID-19"
"DE","05-14",2022-02-20,2022-02-14,"-6 day ahead inc hosp","quantile",0.5,350,"COVID-19"
"DE","05-14",2022-02-20,2022-02-14,"-6 day ahead inc hosp","quantile",0.75,368,"COVID-19"
"DE","05-14",2022-02-20,2022-02-14,"-6 day ahead inc hosp","quantile",0.9,388,"COVID-19"
"DE","05-14",2022-02-20,2022-02-14,"-6 day ahead inc hosp","quantile",0.975,415,"COVID-19"
"DE","05-14",2022-02-20,2022-02-13,"-7 day ahead inc hosp","mean",NA,358,"COVID-19"
"DE","05-14",2022-02-20,2022-02-13,"-7 day ahead inc hosp","quantile",0.025,322,"COVID-19"
"DE","05-14",2022-02-20,2022-02-13,"-7 day ahead inc hosp","quantile",0.1,329,"COVID-19"
"DE","05-14",2022-02-20,2022-02-13,"-7 day ahead inc hosp","quantile",0.25,339,"COVID-19"
"DE","05-14",2022-02-20,2022-02-13,"-7 day ahead inc hosp","quantile",0.5,354,"COVID-19"
"DE","05-14",2022-02-20,2022-02-13,"-7 day ahead inc hosp","quantile",0.75,373,"COVID-19"
"DE","05-14",2022-02-20,2022-02-13,"-7 day ahead inc hosp","quantile",0.9,394,"COVID-19"
"DE","05-14",2022-02-20,2022-02-13,"-7 day ahead inc hosp","quantile",0.975,423,"COVID-19"
"DE","05-14",2022-02-20,2022-02-12,"-8 day ahead inc hosp","mean",NA,362,"COVID-19"
"DE","05-14",2022-02-20,2022-02-12,"-8 day ahead inc hosp","quantile",0.025,327,"COVID-19"
"DE","05-14",2022-02-20,2022-02-12,"-8 day ahead inc hosp","quantile",0.1,334,"COVID-19"
"DE","05-14",2022-02-20,2022-02-12,"-8 day ahead inc hosp","quantile",0.25,343,"COVID-19"
"DE","05-14",2022-02-20,2022-02-12,"-8 day ahead inc hosp","quantile",0.5,357,"COVID-19"
"DE","05-14",2022-02-20,2022-02-12,"-8 day ahead inc hosp","quantile",0.75,376,"COVID-19"
"DE","05-14",2022-02-20,2022-02-12,"-8 day ahead inc hosp","quantile",0.9,398,"COVID-19"
"DE","05-14",2022-02-20,2022-02-12,"-8 day ahead inc hosp","quantile",0.975,427,"COVID-19"
"DE","05-14",2022-02-20,2022-02-11,"-9 day ahead inc hosp","mean",NA,381,"COVID-19"
"DE","05-14",2022-02-20,2022-02-11,"-9 day ahead inc hosp","quantile",0.025,347,"COVID-19"
"DE","05-14",2022-02-20,2022-02-11,"-9 day ahead inc hosp","quantile",0.1,353,"COVID-19"
"DE","05-14",2022-02-20,2022-02-11,"-9 day ahead inc hosp","quantile",0.25,362,"COVID-19"
"DE","05-14",2022-02-20,2022-02-11,"-9 day ahead inc hosp","quantile",0.5,375,"COVID-19"
"DE","05-14",2022-02-20,2022-02-11,"-9 day ahead inc hosp","quantile",0.75,394,"COVID-19"
"DE","05-14",2022-02-20,2022-02-11,"-9 day ahead inc hosp","quantile",0.9,415,"COVID-19"
"DE","05-14",2022-02-20,2022-02-11,"-9 day ahead inc hosp","quantile",0.975,444,"COVID-19"
"DE","05-14",2022-02-20,2022-02-10,"-10 day ahead inc hosp","mean",NA,365,"COVID-19"
"DE","05-14",2022-02-20,2022-02-10,"-10 day ahead inc hosp","quantile",0.025,335,"COVID-19"
"DE","05-14",2022-02-20,2022-02-10,"-10 day ahead inc hosp","quantile",0.1,340,"COVID-19"
"DE","05-14",2022-02-20,2022-02-10,"-10 day ahead inc hosp","quantile",0.25,348,"COVID-19"
"DE","05-14",2022-02-20,2022-02-10,"-10 day ahead inc hosp","quantile",0.5,360,"COVID-19"
"DE","05-14",2022-02-20,2022-02-10,"-10 day ahead inc hosp","quantile",0.75,376,"COVID-19"
"DE","05-14",2022-02-20,2022-02-10,"-10 day ahead inc hosp","quantile",0.9,395,"COVID-19"
"DE","05-14",2022-02-20,2022-02-10,"-10 day ahead inc hosp","quantile",0.975,422,"COVID-19"
"DE","05-14",2022-02-20,2022-02-09,"-11 day ahead inc hosp","mean",NA,394,"COVID-19"
"DE","05-14",2022-02-20,2022-02-09,"-11 day ahead inc hosp","quantile",0.025,365,"COVID-19"
"DE","05-14",2022-02-20,2022-02-09,"-11 day ahead inc hosp","quantile",0.1,370,"COVID-19"
"DE","05-14",2022-02-20,2022-02-09,"-11 day ahead inc hosp","quantile",0.25,377,"COVID-19"
"DE","05-14",2022-02-20,2022-02-09,"-11 day ahead inc hosp","quantile",0.5,389,"COVID-19"
"DE","05-14",2022-02-20,2022-02-09,"-11 day ahead inc hosp","quantile",0.75,405,"COVID-19"
"DE","05-14",2022-02-20,2022-02-09,"-11 day ahead inc hosp","quantile",0.9,424,"COVID-19"
"DE","05-14",2022-02-20,2022-02-09,"-11 day ahead inc hosp","quantile",0.975,451,"COVID-19"
"DE","05-14",2022-02-20,2022-02-08,"-12 day ahead inc hosp","mean",NA,399,"COVID-19"
"DE","05-14",2022-02-20,2022-02-08,"-12 day ahead inc hosp","quantile",0.025,374,"COVID-19"
"DE","05-14",2022-02-20,2022-02-08,"-12 day ahead inc hosp","quantile",0.1,378,"COVID-19"
"DE","05-14",2022-02-20,2022-02-08,"-12 day ahead inc hosp","quantile",0.25,384,"COVID-19"
"DE","05-14",2022-02-20,2022-02-08,"-12 day ahead inc hosp","quantile",0.5,395,"COVID-19"
"DE","05-14",2022-02-20,2022-02-08,"-12 day ahead inc hosp","quantile",0.75,409,"COVID-19"
"DE","05-14",2022-02-20,2022-02-08,"-12 day ahead inc hosp","quantile",0.9,427,"COVID-19"
"DE","05-14",2022-02-20,2022-02-08,"-12 day ahead inc hosp","quantile",0.975,451,"COVID-19"
"DE","05-14",2022-02-20,2022-02-07,"-13 day ahead inc hosp","mean",NA,401,"COVID-19"
"DE","05-14",2022-02-20,2022-02-07,"-13 day ahead inc hosp","quantile",0.025,378,"COVID-19"
"DE","05-14",2022-02-20,2022-02-07,"-13 day ahead inc hosp","quantile",0.1,382,"COVID-19"
"DE","05-14",2022-02-20,2022-02-07,"-13 day ahead inc hosp","quantile",0.25,387,"COVID-19"
"DE","05-14",2022-02-20,2022-02-07,"-13 day ahead inc hosp","quantile",0.5,397,"COVID-19"
"DE","05-14",2022-02-20,2022-02-07,"-13 day ahead inc hosp","quantile",0.75,410,"COVID-19"
"DE","05-14",2022-02-20,2022-02-07,"-13 day ahead inc hosp","quantile",0.9,426,"COVID-19"
"DE","05-14",2022-02-20,2022-02-07,"-13 day ahead inc hosp","quantile",0.975,448,"COVID-19"
"DE","05-14",2022-02-20,2022-02-06,"-14 day ahead inc hosp","mean",NA,412,"COVID-19"
"DE","05-14",2022-02-20,2022-02-06,"-14 day ahead inc hosp","quantile",0.025,390,"COVID-19"
"DE","05-14",2022-02-20,2022-02-06,"-14 day ahead inc hosp","quantile",0.1,394,"COVID-19"
"DE","05-14",2022-02-20,2022-02-06,"-14 day ahead inc hosp","quantile",0.25,399,"COVID-19"
"DE","05-14",2022-02-20,2022-02-06,"-14 day ahead inc hosp","quantile",0.5,408,"COVID-19"
"DE","05-14",2022-02-20,2022-02-06,"-14 day ahead inc hosp","quantile",0.75,421,"COVID-19"
"DE","05-14",2022-02-20,2022-02-06,"-14 day ahead inc hosp","quantile",0.9,437,"COVID-19"
"DE","05-14",2022-02-20,2022-02-06,"-14 day ahead inc hosp","quantile",0.975,459,"COVID-19"
"DE","05-14",2022-02-20,2022-02-05,"-15 day ahead inc hosp","mean",NA,415,"COVID-19"
"DE","05-14",2022-02-20,2022-02-05,"-15 day ahead inc hosp","quantile",0.025,394,"COVID-19"
"DE","05-14",2022-02-20,2022-02-05,"-15 day ahead inc hosp","quantile",0.1,397,"COVID-19"
"DE","05-14",2022-02-20,2022-02-05,"-15 day ahead inc hosp","quantile",0.25,402,"COVID-19"
"DE","05-14",2022-02-20,2022-02-05,"-15 day ahead inc hosp","quantile",0.5,411,"COVID-19"
"DE","05-14",2022-02-20,2022-02-05,"-15 day ahead inc hosp","quantile",0.75,424,"COVID-19"
"DE","05-14",2022-02-20,2022-02-05,"-15 day ahead inc hosp","quantile",0.9,439,"COVID-19"
"DE","05-14",2022-02-20,2022-02-05,"-15 day ahead inc hosp","quantile",0.975,460,"COVID-19"
"DE","05-14",2022-02-20,2022-02-04,"-16 day ahead inc hosp","mean",NA,405,"COVID-19"
"DE","05-14",2022-02-20,2022-02-04,"-16 day ahead inc hosp","quantile",0.025,385,"COVID-19"
"DE","05-14",2022-02-20,2022-02-04,"-16 day ahead inc hosp","quantile",0.1,388,"COVID-19"
"DE","05-14",2022-02-20,2022-02-04,"-16 day ahead inc hosp","quantile",0.25,393,"COVID-19"
"DE","05-14",2022-02-20,2022-02-04,"-16 day ahead inc hosp","quantile",0.5,401,"COVID-19"
"DE","05-14",2022-02-20,2022-02-04,"-16 day ahead inc hosp","quantile",0.75,412,"COVID-19"
"DE","05-14",2022-02-20,2022-02-04,"-16 day ahead inc hosp","quantile",0.9,426,"COVID-19"
"DE","05-14",2022-02-20,2022-02-04,"-16 day ahead inc hosp","quantile",0.975,446,"COVID-19"
"DE","05-14",2022-02-20,2022-02-03,"-17 day ahead inc hosp","mean",NA,404,"COVID-19"
"DE","05-14",2022-02-20,2022-02-03,"-17 day ahead inc hosp","quantile",0.025,386,"COVID-19"
"DE","05-14",2022-02-20,2022-02-03,"-17 day ahead inc hosp","quantile",0.1,389,"COVID-19"
"DE","05-14",2022-02-20,2022-02-03,"-17 day ahead inc hosp","quantile",0.25,393,"COVID-19"
"DE","05-14",2022-02-20,2022-02-03,"-17 day ahead inc hosp","quantile",0.5,400,"COVID-19"
"DE","05-14",2022-02-20,2022-02-03,"-17 day ahead inc hosp","quantile",0.75,411,"COVID-19"
"DE","05-14",2022-02-20,2022-02-03,"-17 day ahead inc hosp","quantile",0.9,424,"COVID-19"
"DE","05-14",2022-02-20,2022-02-03,"-17 day ahead inc hosp","quantile",0.975,442,"COVID-19"
"DE","05-14",2022-02-20,2022-02-02,"-18 day ahead inc hosp","mean",NA,393,"COVID-19"
"DE","05-14",2022-02-20,2022-02-02,"-18 day ahead inc hosp","quantile",0.025,379,"COVID-19"
"DE","05-14",2022-02-20,2022-02-02,"-18 day ahead inc hosp","quantile",0.1,381,"COVID-19"
"DE","05-14",2022-02-20,2022-02-02,"-18 day ahead inc hosp","quantile",0.25,384,"COVID-19"
"DE","05-14",2022-02-20,2022-02-02,"-18 day ahead inc hosp","quantile",0.5,390,"COVID-19"
"DE","05-14",2022-02-20,2022-02-02,"-18 day ahead inc hosp","quantile",0.75,399,"COVID-19"
"DE","05-14",2022-02-20,2022-02-02,"-18 day ahead inc hosp","quantile",0.9,410,"COVID-19"
"DE","05-14",2022-02-20,2022-02-02,"-18 day ahead inc hosp","quantile",0.975,425,"COVID-19"
"DE","05-14",2022-02-20,2022-02-01,"-19 day ahead inc hosp","mean",NA,380,"COVID-19"
"DE","05-14",2022-02-20,2022-02-01,"-19 day ahead inc hosp","quantile",0.025,368,"COVID-19"
"DE","05-14",2022-02-20,2022-02-01,"-19 day ahead inc hosp","quantile",0.1,370,"COVID-19"
"DE","05-14",2022-02-20,2022-02-01,"-19 day ahead inc hosp","quantile",0.25,373,"COVID-19"
"DE","05-14",2022-02-20,2022-02-01,"-19 day ahead inc hosp","quantile",0.5,378,"COVID-19"
"DE","05-14",2022-02-20,2022-02-01,"-19 day ahead inc hosp","quantile",0.75,385,"COVID-19"
"DE","05-14",2022-02-20,2022-02-01,"-19 day ahead inc hosp","quantile",0.9,394,"COVID-19"
"DE","05-14",2022-02-20,2022-02-01,"-19 day ahead inc hosp","quantile",0.975,407,"COVID-19"
"DE","05-14",2022-02-20,2022-01-31,"-20 day ahead inc hosp","mean",NA,375,"COVID-19"
"DE","05-14",2022-02-20,2022-01-31,"-20 day ahead inc hosp","quantile",0.025,365,"COVID-19"
"DE","05-14",2022-02-20,2022-01-31,"-20 day ahead inc hosp","quantile",0.1,367,"COVID-19"
"DE","05-14",2022-02-20,2022-01-31,"-20 day ahead inc hosp","quantile",0.25,369,"COVID-19"
"DE","05-14",2022-02-20,2022-01-31,"-20 day ahead inc hosp","quantile",0.5,373,"COVID-19"
"DE","05-14",2022-02-20,2022-01-31,"-20 day ahead inc hosp","quantile",0.75,379,"COVID-19"
"DE","05-14",2022-02-20,2022-01-31,"-20 day ahead inc hosp","quantile",0.9,386,"COVID-19"
"DE","05-14",2022-02-20,2022-01-31,"-20 day ahead inc hosp","quantile",0.975,396,"COVID-19"
"DE","05-14",2022-02-20,2022-01-30,"-21 day ahead inc hosp","mean",NA,359,"COVID-19"
"DE","05-14",2022-02-20,2022-01-30,"-21 day ahead inc hosp","quantile",0.025,350,"COVID-19"
"DE","05-14",2022-02-20,2022-01-30,"-21 day ahead inc hosp","quantile",0.1,351,"COVID-19"
"DE","05-14",2022-02-20,2022-01-30,"-21 day ahead inc hosp","quantile",0.25,353,"COVID-19"
"DE","05-14",2022-02-20,2022-01-30,"-21 day ahead inc hosp","quantile",0.5,357,"COVID-19"
"DE","05-14",2022-02-20,2022-01-30,"-21 day ahead inc hosp","quantile",0.75,362,"COVID-19"
"DE","05-14",2022-02-20,2022-01-30,"-21 day ahead inc hosp","quantile",0.9,368,"COVID-19"
"DE","05-14",2022-02-20,2022-01-30,"-21 day ahead inc hosp","quantile",0.975,377,"COVID-19"
"DE","05-14",2022-02-20,2022-01-29,"-22 day ahead inc hosp","mean",NA,347,"COVID-19"
"DE","05-14",2022-02-20,2022-01-29,"-22 day ahead inc hosp","quantile",0.025,340,"COVID-19"
"DE","05-14",2022-02-20,2022-01-29,"-22 day ahead inc hosp","quantile",0.1,341,"COVID-19"
"DE","05-14",2022-02-20,2022-01-29,"-22 day ahead inc hosp","quantile",0.25,343,"COVID-19"
"DE","05-14",2022-02-20,2022-01-29,"-22 day ahead inc hosp","quantile",0.5,346,"COVID-19"
"DE","05-14",2022-02-20,2022-01-29,"-22 day ahead inc hosp","quantile",0.75,350,"COVID-19"
"DE","05-14",2022-02-20,2022-01-29,"-22 day ahead inc hosp","quantile",0.9,356,"COVID-19"
"DE","05-14",2022-02-20,2022-01-29,"-22 day ahead inc hosp","quantile",0.975,363,"COVID-19"
"DE","05-14",2022-02-20,2022-01-28,"-23 day ahead inc hosp","mean",NA,352,"COVID-19"
"DE","05-14",2022-02-20,2022-01-28,"-23 day ahead inc hosp","quantile",0.025,346,"COVID-19"
"DE","05-14",2022-02-20,2022-01-28,"-23 day ahead inc hosp","quantile",0.1,346,"COVID-19"
"DE","05-14",2022-02-20,2022-01-28,"-23 day ahead inc hosp","quantile",0.25,348,"COVID-19"
"DE","05-14",2022-02-20,2022-01-28,"-23 day ahead inc hosp","quantile",0.5,350,"COVID-19"
"DE","05-14",2022-02-20,2022-01-28,"-23 day ahead inc hosp","quantile",0.75,354,"COVID-19"
"DE","05-14",2022-02-20,2022-01-28,"-23 day ahead inc hosp","quantile",0.9,358,"COVID-19"
"DE","05-14",2022-02-20,2022-01-28,"-23 day ahead inc hosp","quantile",0.975,365,"COVID-19"
"DE","05-14",2022-02-20,2022-01-27,"-24 day ahead inc hosp","mean",NA,356,"COVID-19"
"DE","05-14",2022-02-20,2022-01-27,"-24 day ahead inc hosp","quantile",0.025,352,"COVID-19"
"DE","05-14",2022-02-20,2022-01-27,"-24 day ahead inc hosp","quantile",0.1,352,"COVID-19"
"DE","05-14",2022-02-20,2022-01-27,"-24 day ahead inc hosp","quantile",0.25,353,"COVID-19"
"DE","05-14",2022-02-20,2022-01-27,"-24 day ahead inc hosp","quantile",0.5,355,"COVID-19"
"DE","05-14",2022-02-20,2022-01-27,"-24 day ahead inc hosp","quantile",0.75,358,"COVID-19"
"DE","05-14",2022-02-20,2022-01-27,"-24 day ahead inc hosp","quantile",0.9,362,"COVID-19"
"DE","05-14",2022-02-20,2022-01-27,"-24 day ahead inc hosp","quantile",0.975,368,"COVID-19"
"DE","05-14",2022-02-20,2022-01-26,"-25 day ahead inc hosp","mean",NA,342,"COVID-19"
"DE","05-14",2022-02-20,2022-01-26,"-25 day ahead inc hosp","quantile",0.025,339,"COVID-19"
"DE","05-14",2022-02-20,2022-01-26,"-25 day ahead inc hosp","quantile",0.1,339,"COVID-19"
"DE","05-14",2022-02-20,2022-01-26,"-25 day ahead inc hosp","quantile",0.25,340,"COVID-19"
"DE","05-14",2022-02-20,2022-01-26,"-25 day ahead inc hosp","quantile",0.5,341,"COVID-19"
"DE","05-14",2022-02-20,2022-01-26,"-25 day ahead inc hosp","quantile",0.75,344,"COVID-19"
"DE","05-14",2022-02-20,2022-01-26,"-25 day ahead inc hosp","quantile",0.9,347,"COVID-19"
"DE","05-14",2022-02-20,2022-01-26,"-25 day ahead inc hosp","quantile",0.975,351,"COVID-19"
"DE","05-14",2022-02-20,2022-01-25,"-26 day ahead inc hosp","mean",NA,324,"COVID-19"
"DE","05-14",2022-02-20,2022-01-25,"-26 day ahead inc hosp","quantile",0.025,322,"COVID-19"
"DE","05-14",2022-02-20,2022-01-25,"-26 day ahead inc hosp","quantile",0.1,322,"COVID-19"
"DE","05-14",2022-02-20,2022-01-25,"-26 day ahead inc hosp","quantile",0.25,322,"COVID-19"
"DE","05-14",2022-02-20,2022-01-25,"-26 day ahead inc hosp","quantile",0.5,323,"COVID-19"
"DE","05-14",2022-02-20,2022-01-25,"-26 day ahead inc hosp","quantile",0.75,325,"COVID-19"
"DE","05-14",2022-02-20,2022-01-25,"-26 day ahead inc hosp","quantile",0.9,328,"COVID-19"
"DE","05-14",2022-02-20,2022-01-25,"-26 day ahead inc hosp","quantile",0.975,331,"COVID-19"
"DE","05-14",2022-02-20,2022-01-24,"-27 day ahead inc hosp","mean",NA,299,"COVID-19"
"DE","05-14",2022-02-20,2022-01-24,"-27 day ahead inc hosp","quantile",0.025,297,"COVID-19"
"DE","05-14",2022-02-20,2022-01-24,"-27 day ahead inc hosp","quantile",0.1,297,"COVID-19"
"DE","05-14",2022-02-20,2022-01-24,"-27 day ahead inc hosp","quantile",0.25,297,"COVID-19"
"DE","05-14",2022-02-20,2022-01-24,"-27 day ahead inc hosp","quantile",0.5,298,"COVID-19"
"DE","05-14",2022-02-20,2022-01-24,"-27 day ahead inc hosp","quantile",0.75,299,"COVID-19"
"DE","05-14",2022-02-20,2022-01-24,"-27 day ahead inc hosp","quantile",0.9,301,"COVID-19"
"DE","05-14",2022-02-20,2022-01-24,"-27 day ahead inc hosp","quantile",0.975,304,"COVID-19"
"DE","05-14",2022-02-20,2022-01-23,"-28 day ahead inc hosp","mean",NA,297,"COVID-19"
"DE","05-14",2022-02-20,2022-01-23,"-28 day ahead inc hosp","quantile",0.025,295,"COVID-19"
"DE","05-14",2022-02-20,2022-01-23,"-28 day ahead inc hosp","quantile",0.1,295,"COVID-19"
"DE","05-14",2022-02-20,2022-01-23,"-28 day ahead inc hosp","quantile",0.25,295,"COVID-19"
"DE","05-14",2022-02-20,2022-01-23,"-28 day ahead inc hosp","quantile",0.5,296,"COVID-19"
"DE","05-14",2022-02-20,2022-01-23,"-28 day ahead inc hosp","quantile",0.75,297,"COVID-19"
"DE","05-14",2022-02-20,2022-01-23,"-28 day ahead inc hosp","quantile",0.9,299,"COVID-19"
"DE","05-14",2022-02-20,2022-01-23,"-28 day ahead inc hosp","quantile",0.975,302,"COVID-19"
"DE","15-34",2022-02-20,2022-02-20,"0 day ahead inc hosp","mean",NA,1203,"COVID-19"
"DE","15-34",2022-02-20,2022-02-20,"0 day ahead inc hosp","quantile",0.025,942,"COVID-19"
"DE","15-34",2022-02-20,2022-02-20,"0 day ahead inc hosp","quantile",0.1,1013,"COVID-19"
"DE","15-34",2022-02-20,2022-02-20,"0 day ahead inc hosp","quantile",0.25,1088,"COVID-19"
"DE","15-34",2022-02-20,2022-02-20,"0 day ahead inc hosp","quantile",0.5,1186,"COVID-19"
"DE","15-34",2022-02-20,2022-02-20,"0 day ahead inc hosp","quantile",0.75,1300,"COVID-19"
"DE","15-34",2022-02-20,2022-02-20,"0 day ahead inc hosp","quantile",0.9,1417,"COVID-19"
"DE","15-34",2022-02-20,2022-02-20,"0 day ahead inc hosp","quantile",0.975,1565,"COVID-19"
"DE","15-34",2022-02-20,2022-02-19,"-1 day ahead inc hosp","mean",NA,1226,"COVID-19"
"DE","15-34",2022-02-20,2022-02-19,"-1 day ahead inc hosp","quantile",0.025,967,"COVID-19"
"DE","15-34",2022-02-20,2022-02-19,"-1 day ahead inc hosp","quantile",0.1,1036,"COVID-19"
"DE","15-34",2022-02-20,2022-02-19,"-1 day ahead inc hosp","quantile",0.25,1109,"COVID-19"
"DE","15-34",2022-02-20,2022-02-19,"-1 day ahead inc hosp","quantile",0.5,1207,"COVID-19"
"DE","15-34",2022-02-20,2022-02-19,"-1 day ahead inc hosp","quantile",0.75,1322,"COVID-19"
"DE","15-34",2022-02-20,2022-02-19,"-1 day ahead inc hosp","quantile",0.9,1440,"COVID-19"
"DE","15-34",2022-02-20,2022-02-19,"-1 day ahead inc hosp","quantile",0.975,1591,"COVID-19"
"DE","15-34",2022-02-20,2022-02-18,"-2 day ahead inc hosp","mean",NA,1287,"COVID-19"
"DE","15-34",2022-02-20,2022-02-18,"-2 day ahead inc hosp","quantile",0.025,1044,"COVID-19"
"DE","15-34",2022-02-20,2022-02-18,"-2 day ahead inc hosp","quantile",0.1,1107,"COVID-19"
"DE","15-34",2022-02-20,2022-02-18,"-2 day ahead inc hosp","quantile",0.25,1176,"COVID-19"
"DE","15-34",2022-02-20,2022-02-18,"-2 day ahead inc hosp","quantile",0.5,1268,"COVID-19"
"DE","15-34",2022-02-20,2022-02-18,"-2 day ahead inc hosp","quantile",0.75,1378,"COVID-19"
"DE","15-34",2022-02-20,2022-02-18,"-2 day ahead inc hosp","quantile",0.9,1491,"COVID-19"
"DE","15-34",2022-02-20,2022-02-18,"-2 day ahead inc hosp","quantile",0.975,1637,"COVID-19"
"DE","15-34",2022-02-20,2022-02-17,"-3 day ahead inc hosp","mean",NA,1279,"COVID-19"
"DE","15-34",2022-02-20,2022-02-17,"-3 day ahead inc hosp","quantile",0.025,1073,"COVID-19"
"DE","15-34",2022-02-20,2022-02-17,"-3 day ahead inc hosp","quantile",0.1,1126,"COVID-19"
"DE","15-34",2022-02-20,2022-02-17,"-3 day ahead inc hosp","quantile",0.25,1185,"COVID-19"
"DE","15-34",2022-02-20,2022-02-17,"-3 day ahead inc hosp","quantile",0.5,1263,"COVID-19"
"DE","15-34",2022-02-20,2022-02-17,"-3 day ahead inc hosp","quantile",0.75,1356,"COVID-19"
"DE","15-34",2022-02-20,2022-02-17,"-3 day ahead inc hosp","quantile",0.9,1453,"COVID-19"
"DE","15-34",2022-02-20,2022-02-17,"-3 day ahead inc hosp","quantile",0.975,1578,"COVID-19"
"DE","15-34",2022-02-20,2022-02-16,"-4 day ahead inc hosp","mean",NA,1310,"COVID-19"
"DE","15-34",2022-02-20,2022-02-16,"-4 day ahead inc hosp","quantile",0.025,1130,"COVID-19"
"DE","15-34",2022-02-20,2022-02-16,"-4 day ahead inc hosp","quantile",0.1,1176,"COVID-19"
"DE","15-34",2022-02-20,2022-02-16,"-4 day ahead inc hosp","quantile",0.25,1227,"COVID-19"
"DE","15-34",2022-02-20,2022-02-16,"-4 day ahead inc hosp","quantile",0.5,1295,"COVID-19"
"DE","15-34",2022-02-20,2022-02-16,"-4 day ahead inc hosp","quantile",0.75,1377,"COVID-19"
"DE","15-34",2022-02-20,2022-02-16,"-4 day ahead inc hosp","quantile",0.9,1462,"COVID-19"
"DE","15-34",2022-02-20,2022-02-16,"-4 day ahead inc hosp","quantile",0.975,1572,"COVID-19"
"DE","15-34",2022-02-20,2022-02-15,"-5 day ahead inc hosp","mean",NA,1329,"COVID-19"
"DE","15-34",2022-02-20,2022-02-15,"-5 day ahead inc hosp","quantile",0.025,1177,"COVID-19"
"DE","15-34",2022-02-20,2022-02-15,"-5 day ahead inc hosp","quantile",0.1,1216,"COVID-19"
"DE","15-34",2022-02-20,2022-02-15,"-5 day ahead inc hosp","quantile",0.25,1259,"COVID-19"
"DE","15-34",2022-02-20,2022-02-15,"-5 day ahead inc hosp","quantile",0.5,1316,"COVID-19"
"DE","15-34",2022-02-20,2022-02-15,"-5 day ahead inc hosp","quantile",0.75,1385,"COVID-19"
"DE","15-34",2022-02-20,2022-02-15,"-5 day ahead inc hosp","quantile",0.9,1457,"COVID-19"
"DE","15-34",2022-02-20,2022-02-15,"-5 day ahead inc hosp","quantile",0.975,1550,"COVID-19"
"DE","15-34",2022-02-20,2022-02-14,"-6 day ahead inc hosp","mean",NA,1344,"COVID-19"
"DE","15-34",2022-02-20,2022-02-14,"-6 day ahead inc hosp","quantile",0.025,1218,"COVID-19"
"DE","15-34",2022-02-20,2022-02-14,"-6 day ahead inc hosp","quantile",0.1,1250,"COVID-19"
"DE","15-34",2022-02-20,2022-02-14,"-6 day ahead inc hosp","quantile",0.25,1286,"COVID-19"
"DE","15-34",2022-02-20,2022-02-14,"-6 day ahead inc hosp","quantile",0.5,1334,"COVID-19"
"DE","15-34",2022-02-20,2022-02-14,"-6 day ahead inc hosp","quantile",0.75,1391,"COVID-19"
"DE","15-34",2022-02-20,2022-02-14,"-6 day ahead inc hosp","quantile",0.9,1452,"COVID-19"
"DE","15-34",2022-02-20,2022-02-14,"-6 day ahead inc hosp","quantile",0.975,1529,"COVID-19"
"DE","15-34",2022-02-20,2022-02-13,"-7 day ahead inc hosp","mean",NA,1354,"COVID-19"
"DE","15-34",2022-02-20,2022-02-13,"-7 day ahead inc hosp","quantile",0.025,1232,"COVID-19"
"DE","15-34",2022-02-20,2022-02-13,"-7 day ahead inc hosp","quantile",0.1,1262,"COVID-19"
"DE","15-34",2022-02-20,2022-02-13,"-7 day ahead inc hosp","quantile",0.25,1297,"COVID-19"
"DE","15-34",2022-02-20,2022-02-13,"-7 day ahead inc hosp","quantile",0.5,1343,"COVID-19"
"DE","15-34",2022-02-20,2022-02-13,"-7 day ahead inc hosp","quantile",0.75,1400,"COVID-19"
"DE","15-34",2022-02-20,2022-02-13,"-7 day ahead inc hosp","quantile",0.9,1459,"COVID-19"
"DE","15-34",2022-02-20,2022-02-13,"-7 day ahead inc hosp","quantile",0.975,1535,"COVID-19"
"DE","15-34",2022-02-20,2022-02-12,"-8 day ahead inc hosp","mean",NA,1380,"COVID-19"
"DE","15-34",2022-02-20,2022-02-12,"-8 day ahead inc hosp","quantile",0.025,1261,"COVID-19"
"DE","15-34",2022-02-20,2022-02-12,"-8 day ahead inc hosp","quantile",0.1,1290,"COVID-19"
"DE","15-34",2022-02-20,2022-02-12,"-8 day ahead inc hosp","quantile",0.25,1324,"COVID-19"
"DE","15-34",2022-02-20,2022-02-12,"-8 day ahead inc hosp","quantile",0.5,1369,"COVID-19"
"DE","15-34",2022-02-20,2022-02-12,"-8 day ahead inc hosp","quantile",0.75,1424,"COVID-19"
"DE","15-34",2022-02-20,2022-02-12,"-8 day ahead inc hosp","quantile",0.9,1483,"COVID-19"
"DE","15-34",2022-02-20,2022-02-12,"-8 day ahead inc hosp","quantile",0.975,1559,"COVID-19"
"DE","15-34",2022-02-20,2022-02-11,"-9 day ahead inc hosp","mean",NA,1420,"COVID-19"
"DE","15-34",2022-02-20,2022-02-11,"-9 day ahead inc hosp","quantile",0.025,1309,"COVID-19"
"DE","15-34",2022-02-20,2022-02-11,"-9 day ahead inc hosp","quantile",0.1,1336,"COVID-19"
"DE","15-34",2022-02-20,2022-02-11,"-9 day ahead inc hosp","quantile",0.25,1367,"COVID-19"
"DE","15-34",2022-02-20,2022-02-11,"-9 day ahead inc hosp","quantile",0.5,1409,"COVID-19"
"DE","15-34",2022-02-20,2022-02-11,"-9 day ahead inc hosp","quantile",0.75,1461,"COVID-19"
"DE","15-34",2022-02-20,2022-02-11,"-9 day ahead inc hosp","quantile",0.9,1517,"COVID-19"
"DE","15-34",2022-02-20,2022-02-11,"-9 day ahead inc hosp","quantile",0.975,1589,"COVID-19"
"DE","15-34",2022-02-20,2022-02-10,"-10 day ahead inc hosp","mean",NA,1461,"COVID-19"
"DE","15-34",2022-02-20,2022-02-10,"-10 day ahead inc hosp","quantile",0.025,1359,"COVID-19"
"DE","15-34",2022-02-20,2022-02-10,"-10 day ahead inc hosp","quantile",0.1,1384,"COVID-19"
"DE","15-34",2022-02-20,2022-02-10,"-10 day ahead inc hosp","quantile",0.25,1412,"COVID-19"
"DE","15-34",2022-02-20,2022-02-10,"-10 day ahead inc hosp","quantile",0.5,1451,"COVID-19"
"DE","15-34",2022-02-20,2022-02-10,"-10 day ahead inc hosp","quantile",0.75,1499,"COVID-19"
"DE","15-34",2022-02-20,2022-02-10,"-10 day ahead inc hosp","quantile",0.9,1551,"COVID-19"
"DE","15-34",2022-02-20,2022-02-10,"-10 day ahead inc hosp","quantile",0.975,1618,"COVID-19"
"DE","15-34",2022-02-20,2022-02-09,"-11 day ahead inc hosp","mean",NA,1454,"COVID-19"
"DE","15-34",2022-02-20,2022-02-09,"-11 day ahead inc hosp","quantile",0.025,1365,"COVID-19"
"DE","15-34",2022-02-20,2022-02-09,"-11 day ahead inc hosp","quantile",0.1,1386,"COVID-19"
"DE","15-34",2022-02-20,2022-02-09,"-11 day ahead inc hosp","quantile",0.25,1411,"COVID-19"
"DE","15-34",2022-02-20,2022-02-09,"-11 day ahead inc hosp","quantile",0.5,1445,"COVID-19"
"DE","15-34",2022-02-20,2022-02-09,"-11 day ahead inc hosp","quantile",0.75,1488,"COVID-19"
"DE","15-34",2022-02-20,2022-02-09,"-11 day ahead inc hosp","quantile",0.9,1533,"COVID-19"
"DE","15-34",2022-02-20,2022-02-09,"-11 day ahead inc hosp","quantile",0.975,1593,"COVID-19"
"DE","15-34",2022-02-20,2022-02-08,"-12 day ahead inc hosp","mean",NA,1447,"COVID-19"
"DE","15-34",2022-02-20,2022-02-08,"-12 day ahead inc hosp","quantile",0.025,1370,"COVID-19"
"DE","15-34",2022-02-20,2022-02-08,"-12 day ahead inc hosp","quantile",0.1,1389,"COVID-19"
"DE","15-34",2022-02-20,2022-02-08,"-12 day ahead inc hosp","quantile",0.25,1410,"COVID-19"
"DE","15-34",2022-02-20,2022-02-08,"-12 day ahead inc hosp","quantile",0.5,1439,"COVID-19"
"DE","15-34",2022-02-20,2022-02-08,"-12 day ahead inc hosp","quantile",0.75,1476,"COVID-19"
"DE","15-34",2022-02-20,2022-02-08,"-12 day ahead inc hosp","quantile",0.9,1516,"COVID-19"
"DE","15-34",2022-02-20,2022-02-08,"-12 day ahead inc hosp","quantile",0.975,1567,"COVID-19"
"DE","15-34",2022-02-20,2022-02-07,"-13 day ahead inc hosp","mean",NA,1400,"COVID-19"
"DE","15-34",2022-02-20,2022-02-07,"-13 day ahead inc hosp","quantile",0.025,1334,"COVID-19"
"DE","15-34",2022-02-20,2022-02-07,"-13 day ahead inc hosp","quantile",0.1,1349,"COVID-19"
"DE","15-34",2022-02-20,2022-02-07,"-13 day ahead inc hosp","quantile",0.25,1367,"COVID-19"
"DE","15-34",2022-02-20,2022-02-07,"-13 day ahead inc hosp","quantile",0.5,1393,"COVID-19"
"DE","15-34",2022-02-20,2022-02-07,"-13 day ahead inc hosp","quantile",0.75,1425,"COVID-19"
"DE","15-34",2022-02-20,2022-02-07,"-13 day ahead inc hosp","quantile",0.9,1460,"COVID-19"
"DE","15-34",2022-02-20,2022-02-07,"-13 day ahead inc hosp","quantile",0.975,1506,"COVID-19"
"DE","15-34",2022-02-20,2022-02-06,"-14 day ahead inc hosp","mean",NA,1402,"COVID-19"
"DE","15-34",2022-02-20,2022-02-06,"-14 day ahead inc hosp","quantile",0.025,1338,"COVID-19"
"DE","15-34",2022-02-20,2022-02-06,"-14 day ahead inc hosp","quantile",0.1,1353,"COVID-19"
"DE","15-34",2022-02-20,2022-02-06,"-14 day ahead inc hosp","quantile",0.25,1370,"COVID-19"
"DE","15-34",2022-02-20,2022-02-06,"-14 day ahead inc hosp","quantile",0.5,1395,"COVID-19"
"DE","15-34",2022-02-20,2022-02-06,"-14 day ahead inc hosp","quantile",0.75,1427,"COVID-19"
"DE","15-34",2022-02-20,2022-02-06,"-14 day ahead inc hosp","quantile",0.9,1461,"COVID-19"
"DE","15-34",2022-02-20,2022-02-06,"-14 day ahead inc hosp","quantile",0.975,1505,"COVID-19"
"DE","15-34",2022-02-20,2022-02-05,"-15 day ahead inc hosp","mean",NA,1442,"COVID-19"
"DE","15-34",2022-02-20,2022-02-05,"-15 day ahead inc hosp","quantile",0.025,1378,"COVID-19"
"DE","15-34",2022-02-20,2022-02-05,"-15 day ahead inc hosp","quantile",0.1,1392,"COVID-19"
"DE","15-34",2022-02-20,2022-02-05,"-15 day ahead inc hosp","quantile",0.25,1410,"COVID-19"
"DE","15-34",2022-02-20,2022-02-05,"-15 day ahead inc hosp","quantile",0.5,1434,"COVID-19"
"DE","15-34",2022-02-20,2022-02-05,"-15 day ahead inc hosp","quantile",0.75,1466,"COVID-19"
"DE","15-34",2022-02-20,2022-02-05,"-15 day ahead inc hosp","quantile",0.9,1500,"COVID-19"
"DE","15-34",2022-02-20,2022-02-05,"-15 day ahead inc hosp","quantile",0.975,1545,"COVID-19"
"DE","15-34",2022-02-20,2022-02-04,"-16 day ahead inc hosp","mean",NA,1400,"COVID-19"
"DE","15-34",2022-02-20,2022-02-04,"-16 day ahead inc hosp","quantile",0.025,1343,"COVID-19"
"DE","15-34",2022-02-20,2022-02-04,"-16 day ahead inc hosp","quantile",0.1,1356,"COVID-19"
"DE","15-34",2022-02-20,2022-02-04,"-16 day ahead inc hosp","quantile",0.25,1372,"COVID-19"
"DE","15-34",2022-02-20,2022-02-04,"-16 day ahead inc hosp","quantile",0.5,1394,"COVID-19"
"DE","15-34",2022-02-20,2022-02-04,"-16 day ahead inc hosp","quantile",0.75,1422,"COVID-19"
"DE","15-34",2022-02-20,2022-02-04,"-16 day ahead inc hosp","quantile",0.9,1453,"COVID-19"
"DE","15-34",2022-02-20,2022-02-04,"-16 day ahead inc hosp","quantile",0.975,1495,"COVID-19"
"DE","15-34",2022-02-20,2022-02-03,"-17 day ahead inc hosp","mean",NA,1343,"COVID-19"
"DE","15-34",2022-02-20,2022-02-03,"-17 day ahead inc hosp","quantile",0.025,1294,"COVID-19"
"DE","15-34",2022-02-20,2022-02-03,"-17 day ahead inc hosp","quantile",0.1,1305,"COVID-19"
"DE","15-34",2022-02-20,2022-02-03,"-17 day ahead inc hosp","quantile",0.25,1318,"COVID-19"
"DE","15-34",2022-02-20,2022-02-03,"-17 day ahead inc hosp","quantile",0.5,1337,"COVID-19"
"DE","15-34",2022-02-20,2022-02-03,"-17 day ahead inc hosp","quantile",0.75,1362,"COVID-19"
"DE","15-34",2022-02-20,2022-02-03,"-17 day ahead inc hosp","quantile",0.9,1389,"COVID-19"
"DE","15-34",2022-02-20,2022-02-03,"-17 day ahead inc hosp","quantile",0.975,1426,"COVID-19"
"DE","15-34",2022-02-20,2022-02-02,"-18 day ahead inc hosp","mean",NA,1301,"COVID-19"
"DE","15-34",2022-02-20,2022-02-02,"-18 day ahead inc hosp","quantile",0.025,1257,"COVID-19"
"DE","15-34",2022-02-20,2022-02-02,"-18 day ahead inc hosp","quantile",0.1,1267,"COVID-19"
"DE","15-34",2022-02-20,2022-02-02,"-18 day ahead inc hosp","quantile",0.25,1279,"COVID-19"
"DE","15-34",2022-02-20,2022-02-02,"-18 day ahead inc hosp","quantile",0.5,1296,"COVID-19"
"DE","15-34",2022-02-20,2022-02-02,"-18 day ahead inc hosp","quantile",0.75,1318,"COVID-19"
"DE","15-34",2022-02-20,2022-02-02,"-18 day ahead inc hosp","quantile",0.9,1342,"COVID-19"
"DE","15-34",2022-02-20,2022-02-02,"-18 day ahead inc hosp","quantile",0.975,1375,"COVID-19"
"DE","15-34",2022-02-20,2022-02-01,"-19 day ahead inc hosp","mean",NA,1294,"COVID-19"
"DE","15-34",2022-02-20,2022-02-01,"-19 day ahead inc hosp","quantile",0.025,1254,"COVID-19"
"DE","15-34",2022-02-20,2022-02-01,"-19 day ahead inc hosp","quantile",0.1,1263,"COVID-19"
"DE","15-34",2022-02-20,2022-02-01,"-19 day ahead inc hosp","quantile",0.25,1273,"COVID-19"
"DE","15-34",2022-02-20,2022-02-01,"-19 day ahead inc hosp","quantile",0.5,1289,"COVID-19"
"DE","15-34",2022-02-20,2022-02-01,"-19 day ahead inc hosp","quantile",0.75,1309,"COVID-19"
"DE","15-34",2022-02-20,2022-02-01,"-19 day ahead inc hosp","quantile",0.9,1331,"COVID-19"
"DE","15-34",2022-02-20,2022-02-01,"-19 day ahead inc hosp","quantile",0.975,1360,"COVID-19"
"DE","15-34",2022-02-20,2022-01-31,"-20 day ahead inc hosp","mean",NA,1293,"COVID-19"
"DE","15-34",2022-02-20,2022-01-31,"-20 day ahead inc hosp","quantile",0.025,1257,"COVID-19"
"DE","15-34",2022-02-20,2022-01-31,"-20 day ahead inc hosp","quantile",0.1,1264,"COVID-19"
"DE","15-34",2022-02-20,2022-01-31,"-20 day ahead inc hosp","quantile",0.25,1274,"COVID-19"
"DE","15-34",2022-02-20,2022-01-31,"-20 day ahead inc hosp","quantile",0.5,1289,"COVID-19"
"DE","15-34",2022-02-20,2022-01-31,"-20 day ahead inc hosp","quantile",0.75,1307,"COVID-19"
"DE","15-34",2022-02-20,2022-01-31,"-20 day ahead inc hosp","quantile",0.9,1328,"COVID-19"
"DE","15-34",2022-02-20,2022-01-31,"-20 day ahead inc hosp","quantile",0.975,1357,"COVID-19"
"DE","15-34",2022-02-20,2022-01-30,"-21 day ahead inc hosp","mean",NA,1319,"COVID-19"
"DE","15-34",2022-02-20,2022-01-30,"-21 day ahead inc hosp","quantile",0.025,1283,"COVID-19"
"DE","15-34",2022-02-20,2022-01-30,"-21 day ahead inc hosp","quantile",0.1,1291,"COVID-19"
"DE","15-34",2022-02-20,2022-01-30,"-21 day ahead inc hosp","quantile",0.25,1300,"COVID-19"
"DE","15-34",2022-02-20,2022-01-30,"-21 day ahead inc hosp","quantile",0.5,1314,"COVID-19"
"DE","15-34",2022-02-20,2022-01-30,"-21 day ahead inc hosp","quantile",0.75,1333,"COVID-19"
"DE","15-34",2022-02-20,2022-01-30,"-21 day ahead inc hosp","quantile",0.9,1354,"COVID-19"
"DE","15-34",2022-02-20,2022-01-30,"-21 day ahead inc hosp","quantile",0.975,1382,"COVID-19"
"DE","15-34",2022-02-20,2022-01-29,"-22 day ahead inc hosp","mean",NA,1280,"COVID-19"
"DE","15-34",2022-02-20,2022-01-29,"-22 day ahead inc hosp","quantile",0.025,1247,"COVID-19"
"DE","15-34",2022-02-20,2022-01-29,"-22 day ahead inc hosp","quantile",0.1,1254,"COVID-19"
"DE","15-34",2022-02-20,2022-01-29,"-22 day ahead inc hosp","quantile",0.25,1262,"COVID-19"
"DE","15-34",2022-02-20,2022-01-29,"-22 day ahead inc hosp","quantile",0.5,1276,"COVID-19"
"DE","15-34",2022-02-20,2022-01-29,"-22 day ahead inc hosp","quantile",0.75,1293,"COVID-19"
"DE","15-34",2022-02-20,2022-01-29,"-22 day ahead inc hosp","quantile",0.9,1313,"COVID-19"
"DE","15-34",2022-02-20,2022-01-29,"-22 day ahead inc hosp","quantile",0.975,1340,"COVID-19"
"DE","15-34",2022-02-20,2022-01-28,"-23 day ahead inc hosp","mean",NA,1276,"COVID-19"
"DE","15-34",2022-02-20,2022-01-28,"-23 day ahead inc hosp","quantile",0.025,1245,"COVID-19"
"DE","15-34",2022-02-20,2022-01-28,"-23 day ahead inc hosp","quantile",0.1,1251,"COVID-19"
"DE","15-34",2022-02-20,2022-01-28,"-23 day ahead inc hosp","quantile",0.25,1259,"COVID-19"
"DE","15-34",2022-02-20,2022-01-28,"-23 day ahead inc hosp","quantile",0.5,1272,"COVID-19"
"DE","15-34",2022-02-20,2022-01-28,"-23 day ahead inc hosp","quantile",0.75,1288,"COVID-19"
"DE","15-34",2022-02-20,2022-01-28,"-23 day ahead inc hosp","quantile",0.9,1307,"COVID-19"
"DE","15-34",2022-02-20,2022-01-28,"-23 day ahead inc hosp","quantile",0.975,1332,"COVID-19"
"DE","15-34",2022-02-20,2022-01-27,"-24 day ahead inc hosp","mean",NA,1277,"COVID-19"
"DE","15-34",2022-02-20,2022-01-27,"-24 day ahead inc hosp","quantile",0.025,1248,"COVID-19"
"DE","15-34",2022-02-20,2022-01-27,"-24 day ahead inc hosp","quantile",0.1,1254,"COVID-19"
"DE","15-34",2022-02-20,2022-01-27,"-24 day ahead inc hosp","quantile",0.25,1261,"COVID-19"
"DE","15-34",2022-02-20,2022-01-27,"-24 day ahead inc hosp","quantile",0.5,1273,"COVID-19"
"DE","15-34",2022-02-20,2022-01-27,"-24 day ahead inc hosp","quantile",0.75,1288,"COVID-19"
"DE","15-34",2022-02-20,2022-01-27,"-24 day ahead inc hosp","quantile",0.9,1305,"COVID-19"
"DE","15-34",2022-02-20,2022-01-27,"-24 day ahead inc hosp","quantile",0.975,1329,"COVID-19"
"DE","15-34",2022-02-20,2022-01-26,"-25 day ahead inc hosp","mean",NA,1284,"COVID-19"
"DE","15-34",2022-02-20,2022-01-26,"-25 day ahead inc hosp","quantile",0.025,1258,"COVID-19"
"DE","15-34",2022-02-20,2022-01-26,"-25 day ahead inc hosp","quantile",0.1,1263,"COVID-19"
"DE","15-34",2022-02-20,2022-01-26,"-25 day ahead inc hosp","quantile",0.25,1270,"COVID-19"
"DE","15-34",2022-02-20,2022-01-26,"-25 day ahead inc hosp","quantile",0.5,1280,"COVID-19"
"DE","15-34",2022-02-20,2022-01-26,"-25 day ahead inc hosp","quantile",0.75,1295,"COVID-19"
"DE","15-34",2022-02-20,2022-01-26,"-25 day ahead inc hosp","quantile",0.9,1311,"COVID-19"
"DE","15-34",2022-02-20,2022-01-26,"-25 day ahead inc hosp","quantile",0.975,1333,"COVID-19"
"DE","15-34",2022-02-20,2022-01-25,"-26 day ahead inc hosp","mean",NA,1250,"COVID-19"
"DE","15-34",2022-02-20,2022-01-25,"-26 day ahead inc hosp","quantile",0.025,1226,"COVID-19"
"DE","15-34",2022-02-20,2022-01-25,"-26 day ahead inc hosp","quantile",0.1,1230,"COVID-19"
"DE","15-34",2022-02-20,2022-01-25,"-26 day ahead inc hosp","quantile",0.25,1237,"COVID-19"
"DE","15-34",2022-02-20,2022-01-25,"-26 day ahead inc hosp","quantile",0.5,1246,"COVID-19"
"DE","15-34",2022-02-20,2022-01-25,"-26 day ahead inc hosp","quantile",0.75,1259,"COVID-19"
"DE","15-34",2022-02-20,2022-01-25,"-26 day ahead inc hosp","quantile",0.9,1273,"COVID-19"
"DE","15-34",2022-02-20,2022-01-25,"-26 day ahead inc hosp","quantile",0.975,1294,"COVID-19"
"DE","15-34",2022-02-20,2022-01-24,"-27 day ahead inc hosp","mean",NA,1212,"COVID-19"
"DE","15-34",2022-02-20,2022-01-24,"-27 day ahead inc hosp","quantile",0.025,1190,"COVID-19"
"DE","15-34",2022-02-20,2022-01-24,"-27 day ahead inc hosp","quantile",0.1,1194,"COVID-19"
"DE","15-34",2022-02-20,2022-01-24,"-27 day ahead inc hosp","quantile",0.25,1200,"COVID-19"
"DE","15-34",2022-02-20,2022-01-24,"-27 day ahead inc hosp","quantile",0.5,1209,"COVID-19"
"DE","15-34",2022-02-20,2022-01-24,"-27 day ahead inc hosp","quantile",0.75,1220,"COVID-19"
"DE","15-34",2022-02-20,2022-01-24,"-27 day ahead inc hosp","quantile",0.9,1233,"COVID-19"
"DE","15-34",2022-02-20,2022-01-24,"-27 day ahead inc hosp","quantile",0.975,1252,"COVID-19"
"DE","15-34",2022-02-20,2022-01-23,"-28 day ahead inc hosp","mean",NA,1158,"COVID-19"
"DE","15-34",2022-02-20,2022-01-23,"-28 day ahead inc hosp","quantile",0.025,1138,"COVID-19"
"DE","15-34",2022-02-20,2022-01-23,"-28 day ahead inc hosp","quantile",0.1,1142,"COVID-19"
"DE","15-34",2022-02-20,2022-01-23,"-28 day ahead inc hosp","quantile",0.25,1147,"COVID-19"
"DE","15-34",2022-02-20,2022-01-23,"-28 day ahead inc hosp","quantile",0.5,1155,"COVID-19"
"DE","15-34",2022-02-20,2022-01-23,"-28 day ahead inc hosp","quantile",0.75,1166,"COVID-19"
"DE","15-34",2022-02-20,2022-01-23,"-28 day ahead inc hosp","quantile",0.9,1177,"COVID-19"
"DE","15-34",2022-02-20,2022-01-23,"-28 day ahead inc hosp","quantile",0.975,1194,"COVID-19"
"DE","35-59",2022-02-20,2022-02-20,"0 day ahead inc hosp","mean",NA,1917,"COVID-19"
"DE","35-59",2022-02-20,2022-02-20,"0 day ahead inc hosp","quantile",0.025,1356,"COVID-19"
"DE","35-59",2022-02-20,2022-02-20,"0 day ahead inc hosp","quantile",0.1,1499,"COVID-19"
"DE","35-59",2022-02-20,2022-02-20,"0 day ahead inc hosp","quantile",0.25,1658,"COVID-19"
"DE","35-59",2022-02-20,2022-02-20,"0 day ahead inc hosp","quantile",0.5,1871,"COVID-19"
"DE","35-59",2022-02-20,2022-02-20,"0 day ahead inc hosp","quantile",0.75,2127,"COVID-19"
"DE","35-59",2022-02-20,2022-02-20,"0 day ahead inc hosp","quantile",0.9,2395,"COVID-19"
"DE","35-59",2022-02-20,2022-02-20,"0 day ahead inc hosp","quantile",0.975,2739,"COVID-19"
"DE","35-59",2022-02-20,2022-02-19,"-1 day ahead inc hosp","mean",NA,1891,"COVID-19"
"DE","35-59",2022-02-20,2022-02-19,"-1 day ahead inc hosp","quantile",0.025,1364,"COVID-19"
"DE","35-59",2022-02-20,2022-02-19,"-1 day ahead inc hosp","quantile",0.1,1495,"COVID-19"
"DE","35-59",2022-02-20,2022-02-19,"-1 day ahead inc hosp","quantile",0.25,1643,"COVID-19"
"DE","35-59",2022-02-20,2022-02-19,"-1 day ahead inc hosp","quantile",0.5,1845,"COVID-19"
"DE","35-59",2022-02-20,2022-02-19,"-1 day ahead inc hosp","quantile",0.75,2089,"COVID-19"
"DE","35-59",2022-02-20,2022-02-19,"-1 day ahead inc hosp","quantile",0.9,2348,"COVID-19"
"DE","35-59",2022-02-20,2022-02-19,"-1 day ahead inc hosp","quantile",0.975,2683,"COVID-19"
"DE","35-59",2022-02-20,2022-02-18,"-2 day ahead inc hosp","mean",NA,2008,"COVID-19"
"DE","35-59",2022-02-20,2022-02-18,"-2 day ahead inc hosp","quantile",0.025,1518,"COVID-19"
"DE","35-59",2022-02-20,2022-02-18,"-2 day ahead inc hosp","quantile",0.1,1640,"COVID-19"
"DE","35-59",2022-02-20,2022-02-18,"-2 day ahead inc hosp","quantile",0.25,1778,"COVID-19"
"DE","35-59",2022-02-20,2022-02-18,"-2 day ahead inc hosp","quantile",0.5,1965,"COVID-19"
"DE","35-59",2022-02-20,2022-02-18,"-2 day ahead inc hosp","quantile",0.75,2192,"COVID-19"
"DE","35-59",2022-02-20,2022-02-18,"-2 day ahead inc hosp","quantile",0.9,2432,"COVID-19"
"DE","35-59",2022-02-20,2022-02-18,"-2 day ahead inc hosp","quantile",0.975,2741,"COVID-19"
"DE","35-59",2022-02-20,2022-02-17,"-3 day ahead inc hosp","mean",NA,1984,"COVID-19"
"DE","35-59",2022-02-20,2022-02-17,"-3 day ahead inc hosp","quantile",0.025,1562,"COVID-19"
"DE","35-59",2022-02-20,2022-02-17,"-3 day ahead inc hosp","quantile",0.1,1667,"COVID-19"
"DE","35-59",2022-02-20,2022-02-17,"-3 day ahead inc hosp","quantile",0.25,1786,"COVID-19"
"DE","35-59",2022-02-20,2022-02-17,"-3 day ahead inc hosp","quantile",0.5,1947,"COVID-19"
"DE","35-59",2022-02-20,2022-02-17,"-3 day ahead inc hosp","quantile",0.75,2142,"COVID-19"
"DE","35-59",2022-02-20,2022-02-17,"-3 day ahead inc hosp","quantile",0.9,2348,"COVID-19"
"DE","35-59",2022-02-20,2022-02-17,"-3 day ahead inc hosp","quantile",0.975,2614,"COVID-19"
"DE","35-59",2022-02-20,2022-02-16,"-4 day ahead inc hosp","mean",NA,1984,"COVID-19"
"DE","35-59",2022-02-20,2022-02-16,"-4 day ahead inc hosp","quantile",0.025,1633,"COVID-19"
"DE","35-59",2022-02-20,2022-02-16,"-4 day ahead inc hosp","quantile",0.1,1721,"COVID-19"
"DE","35-59",2022-02-20,2022-02-16,"-4 day ahead inc hosp","quantile",0.25,1820,"COVID-19"
"DE","35-59",2022-02-20,2022-02-16,"-4 day ahead inc hosp","quantile",0.5,1954,"COVID-19"
"DE","35-59",2022-02-20,2022-02-16,"-4 day ahead inc hosp","quantile",0.75,2115,"COVID-19"
"DE","35-59",2022-02-20,2022-02-16,"-4 day ahead inc hosp","quantile",0.9,2285,"COVID-19"
"DE","35-59",2022-02-20,2022-02-16,"-4 day ahead inc hosp","quantile",0.975,2504,"COVID-19"
"DE","35-59",2022-02-20,2022-02-15,"-5 day ahead inc hosp","mean",NA,2019,"COVID-19"
"DE","35-59",2022-02-20,2022-02-15,"-5 day ahead inc hosp","quantile",0.025,1733,"COVID-19"
"DE","35-59",2022-02-20,2022-02-15,"-5 day ahead inc hosp","quantile",0.1,1807,"COVID-19"
"DE","35-59",2022-02-20,2022-02-15,"-5 day ahead inc hosp","quantile",0.25,1888,"COVID-19"
"DE","35-59",2022-02-20,2022-02-15,"-5 day ahead inc hosp","quantile",0.5,1996,"COVID-19"
"DE","35-59",2022-02-20,2022-02-15,"-5 day ahead inc hosp","quantile",0.75,2126,"COVID-19"
"DE","35-59",2022-02-20,2022-02-15,"-5 day ahead inc hosp","quantile",0.9,2261,"COVID-19"
"DE","35-59",2022-02-20,2022-02-15,"-5 day ahead inc hosp","quantile",0.975,2435,"COVID-19"
"DE","35-59",2022-02-20,2022-02-14,"-6 day ahead inc hosp","mean",NA,2030,"COVID-19"
"DE","35-59",2022-02-20,2022-02-14,"-6 day ahead inc hosp","quantile",0.025,1792,"COVID-19"
"DE","35-59",2022-02-20,2022-02-14,"-6 day ahead inc hosp","quantile",0.1,1854,"COVID-19"
"DE","35-59",2022-02-20,2022-02-14,"-6 day ahead inc hosp","quantile",0.25,1922,"COVID-19"
"DE","35-59",2022-02-20,2022-02-14,"-6 day ahead inc hosp","quantile",0.5,2012,"COVID-19"
"DE","35-59",2022-02-20,2022-02-14,"-6 day ahead inc hosp","quantile",0.75,2119,"COVID-19"
"DE","35-59",2022-02-20,2022-02-14,"-6 day ahead inc hosp","quantile",0.9,2231,"COVID-19"
"DE","35-59",2022-02-20,2022-02-14,"-6 day ahead inc hosp","quantile",0.975,2374,"COVID-19"
"DE","35-59",2022-02-20,2022-02-13,"-7 day ahead inc hosp","mean",NA,2050,"COVID-19"
"DE","35-59",2022-02-20,2022-02-13,"-7 day ahead inc hosp","quantile",0.025,1825,"COVID-19"
"DE","35-59",2022-02-20,2022-02-13,"-7 day ahead inc hosp","quantile",0.1,1884,"COVID-19"
"DE","35-59",2022-02-20,2022-02-13,"-7 day ahead inc hosp","quantile",0.25,1948,"COVID-19"
"DE","35-59",2022-02-20,2022-02-13,"-7 day ahead inc hosp","quantile",0.5,2033,"COVID-19"
"DE","35-59",2022-02-20,2022-02-13,"-7 day ahead inc hosp","quantile",0.75,2133,"COVID-19"
"DE","35-59",2022-02-20,2022-02-13,"-7 day ahead inc hosp","quantile",0.9,2238,"COVID-19"
"DE","35-59",2022-02-20,2022-02-13,"-7 day ahead inc hosp","quantile",0.975,2372,"COVID-19"
"DE","35-59",2022-02-20,2022-02-12,"-8 day ahead inc hosp","mean",NA,2102,"COVID-19"
"DE","35-59",2022-02-20,2022-02-12,"-8 day ahead inc hosp","quantile",0.025,1889,"COVID-19"
"DE","35-59",2022-02-20,2022-02-12,"-8 day ahead inc hosp","quantile",0.1,1944,"COVID-19"
"DE","35-59",2022-02-20,2022-02-12,"-8 day ahead inc hosp","quantile",0.25,2005,"COVID-19"
"DE","35-59",2022-02-20,2022-02-12,"-8 day ahead inc hosp","quantile",0.5,2086,"COVID-19"
"DE","35-59",2022-02-20,2022-02-12,"-8 day ahead inc hosp","quantile",0.75,2181,"COVID-19"
"DE","35-59",2022-02-20,2022-02-12,"-8 day ahead inc hosp","quantile",0.9,2281,"COVID-19"
"DE","35-59",2022-02-20,2022-02-12,"-8 day ahead inc hosp","quantile",0.975,2407,"COVID-19"
"DE","35-59",2022-02-20,2022-02-11,"-9 day ahead inc hosp","mean",NA,2087,"COVID-19"
"DE","35-59",2022-02-20,2022-02-11,"-9 day ahead inc hosp","quantile",0.025,1899,"COVID-19"
"DE","35-59",2022-02-20,2022-02-11,"-9 day ahead inc hosp","quantile",0.1,1948,"COVID-19"
"DE","35-59",2022-02-20,2022-02-11,"-9 day ahead inc hosp","quantile",0.25,2001,"COVID-19"
"DE","35-59",2022-02-20,2022-02-11,"-9 day ahead inc hosp","quantile",0.5,2072,"COVID-19"
"DE","35-59",2022-02-20,2022-02-11,"-9 day ahead inc hosp","quantile",0.75,2157,"COVID-19"
"DE","35-59",2022-02-20,2022-02-11,"-9 day ahead inc hosp","quantile",0.9,2244,"COVID-19"
"DE","35-59",2022-02-20,2022-02-11,"-9 day ahead inc hosp","quantile",0.975,2356,"COVID-19"
"DE","35-59",2022-02-20,2022-02-10,"-10 day ahead inc hosp","mean",NA,2127,"COVID-19"
"DE","35-59",2022-02-20,2022-02-10,"-10 day ahead inc hosp","quantile",0.025,1957,"COVID-19"
"DE","35-59",2022-02-20,2022-02-10,"-10 day ahead inc hosp","quantile",0.1,2001,"COVID-19"
"DE","35-59",2022-02-20,2022-02-10,"-10 day ahead inc hosp","quantile",0.25,2050,"COVID-19"
"DE","35-59",2022-02-20,2022-02-10,"-10 day ahead inc hosp","quantile",0.5,2114,"COVID-19"
"DE","35-59",2022-02-20,2022-02-10,"-10 day ahead inc hosp","quantile",0.75,2190,"COVID-19"
"DE","35-59",2022-02-20,2022-02-10,"-10 day ahead inc hosp","quantile",0.9,2269,"COVID-19"
"DE","35-59",2022-02-20,2022-02-10,"-10 day ahead inc hosp","quantile",0.975,2371,"COVID-19"
"DE","35-59",2022-02-20,2022-02-09,"-11 day ahead inc hosp","mean",NA,2129,"COVID-19"
"DE","35-59",2022-02-20,2022-02-09,"-11 day ahead inc hosp","quantile",0.025,1979,"COVID-19"
"DE","35-59",2022-02-20,2022-02-09,"-11 day ahead inc hosp","quantile",0.1,2018,"COVID-19"
"DE","35-59",2022-02-20,2022-02-09,"-11 day ahead inc hosp","quantile",0.25,2060,"COVID-19"
"DE","35-59",2022-02-20,2022-02-09,"-11 day ahead inc hosp","quantile",0.5,2117,"COVID-19"
"DE","35-59",2022-02-20,2022-02-09,"-11 day ahead inc hosp","quantile",0.75,2184,"COVID-19"
"DE","35-59",2022-02-20,2022-02-09,"-11 day ahead inc hosp","quantile",0.9,2255,"COVID-19"
"DE","35-59",2022-02-20,2022-02-09,"-11 day ahead inc hosp","quantile",0.975,2346,"COVID-19"
"DE","35-59",2022-02-20,2022-02-08,"-12 day ahead inc hosp","mean",NA,2071,"COVID-19"
"DE","35-59",2022-02-20,2022-02-08,"-12 day ahead inc hosp","quantile",0.025,1944,"COVID-19"
"DE","35-59",2022-02-20,2022-02-08,"-12 day ahead inc hosp","quantile",0.1,1976,"COVID-19"
"DE","35-59",2022-02-20,2022-02-08,"-12 day ahead inc hosp","quantile",0.25,2012,"COVID-19"
"DE","35-59",2022-02-20,2022-02-08,"-12 day ahead inc hosp","quantile",0.5,2061,"COVID-19"
"DE","35-59",2022-02-20,2022-02-08,"-12 day ahead inc hosp","quantile",0.75,2119,"COVID-19"
"DE","35-59",2022-02-20,2022-02-08,"-12 day ahead inc hosp","quantile",0.9,2180,"COVID-19"
"DE","35-59",2022-02-20,2022-02-08,"-12 day ahead inc hosp","quantile",0.975,2259,"COVID-19"
"DE","35-59",2022-02-20,2022-02-07,"-13 day ahead inc hosp","mean",NA,2014,"COVID-19"
"DE","35-59",2022-02-20,2022-02-07,"-13 day ahead inc hosp","quantile",0.025,1907,"COVID-19"
"DE","35-59",2022-02-20,2022-02-07,"-13 day ahead inc hosp","quantile",0.1,1934,"COVID-19"
"DE","35-59",2022-02-20,2022-02-07,"-13 day ahead inc hosp","quantile",0.25,1964,"COVID-19"
"DE","35-59",2022-02-20,2022-02-07,"-13 day ahead inc hosp","quantile",0.5,2005,"COVID-19"
"DE","35-59",2022-02-20,2022-02-07,"-13 day ahead inc hosp","quantile",0.75,2055,"COVID-19"
"DE","35-59",2022-02-20,2022-02-07,"-13 day ahead inc hosp","quantile",0.9,2106,"COVID-19"
"DE","35-59",2022-02-20,2022-02-07,"-13 day ahead inc hosp","quantile",0.975,2173,"COVID-19"
"DE","35-59",2022-02-20,2022-02-06,"-14 day ahead inc hosp","mean",NA,2019,"COVID-19"
"DE","35-59",2022-02-20,2022-02-06,"-14 day ahead inc hosp","quantile",0.025,1915,"COVID-19"
"DE","35-59",2022-02-20,2022-02-06,"-14 day ahead inc hosp","quantile",0.1,1941,"COVID-19"
"DE","35-59",2022-02-20,2022-02-06,"-14 day ahead inc hosp","quantile",0.25,1970,"COVID-19"
"DE","35-59",2022-02-20,2022-02-06,"-14 day ahead inc hosp","quantile",0.5,2010,"COVID-19"
"DE","35-59",2022-02-20,2022-02-06,"-14 day ahead inc hosp","quantile",0.75,2058,"COVID-19"
"DE","35-59",2022-02-20,2022-02-06,"-14 day ahead inc hosp","quantile",0.9,2109,"COVID-19"
"DE","35-59",2022-02-20,2022-02-06,"-14 day ahead inc hosp","quantile",0.975,2175,"COVID-19"
"DE","35-59",2022-02-20,2022-02-05,"-15 day ahead inc hosp","mean",NA,1997,"COVID-19"
"DE","35-59",2022-02-20,2022-02-05,"-15 day ahead inc hosp","quantile",0.025,1899,"COVID-19"
"DE","35-59",2022-02-20,2022-02-05,"-15 day ahead inc hosp","quantile",0.1,1923,"COVID-19"
"DE","35-59",2022-02-20,2022-02-05,"-15 day ahead inc hosp","quantile",0.25,1950,"COVID-19"
"DE","35-59",2022-02-20,2022-02-05,"-15 day ahead inc hosp","quantile",0.5,1988,"COVID-19"
"DE","35-59",2022-02-20,2022-02-05,"-15 day ahead inc hosp","quantile",0.75,2034,"COVID-19"
"DE","35-59",2022-02-20,2022-02-05,"-15 day ahead inc hosp","quantile",0.9,2082,"COVID-19"
"DE","35-59",2022-02-20,2022-02-05,"-15 day ahead inc hosp","quantile",0.975,2145,"COVID-19"
"DE","35-59",2022-02-20,2022-02-04,"-16 day ahead inc hosp","mean",NA,1961,"COVID-19"
"DE","35-59",2022-02-20,2022-02-04,"-16 day ahead inc hosp","quantile",0.025,1873,"COVID-19"
"DE","35-59",2022-02-20,2022-02-04,"-16 day ahead inc hosp","quantile",0.1,1895,"COVID-19"
"DE","35-59",2022-02-20,2022-02-04,"-16 day ahead inc hosp","quantile",0.25,1919,"COVID-19"
"DE","35-59",2022-02-20,2022-02-04,"-16 day ahead inc hosp","quantile",0.5,1953,"COVID-19"
"DE","35-59",2022-02-20,2022-02-04,"-16 day ahead inc hosp","quantile",0.75,1995,"COVID-19"
"DE","35-59",2022-02-20,2022-02-04,"-16 day ahead inc hosp","quantile",0.9,2039,"COVID-19"
"DE","35-59",2022-02-20,2022-02-04,"-16 day ahead inc hosp","quantile",0.975,2096,"COVID-19"
"DE","35-59",2022-02-20,2022-02-03,"-17 day ahead inc hosp","mean",NA,1924,"COVID-19"
"DE","35-59",2022-02-20,2022-02-03,"-17 day ahead inc hosp","quantile",0.025,1845,"COVID-19"
"DE","35-59",2022-02-20,2022-02-03,"-17 day ahead inc hosp","quantile",0.1,1864,"COVID-19"
"DE","35-59",2022-02-20,2022-02-03,"-17 day ahead inc hosp","quantile",0.25,1886,"COVID-19"
"DE","35-59",2022-02-20,2022-02-03,"-17 day ahead inc hosp","quantile",0.5,1917,"COVID-19"
"DE","35-59",2022-02-20,2022-02-03,"-17 day ahead inc hosp","quantile",0.75,1954,"COVID-19"
"DE","35-59",2022-02-20,2022-02-03,"-17 day ahead inc hosp","quantile",0.9,1995,"COVID-19"
"DE","35-59",2022-02-20,2022-02-03,"-17 day ahead inc hosp","quantile",0.975,2047,"COVID-19"
"DE","35-59",2022-02-20,2022-02-02,"-18 day ahead inc hosp","mean",NA,1867,"COVID-19"
"DE","35-59",2022-02-20,2022-02-02,"-18 day ahead inc hosp","quantile",0.025,1798,"COVID-19"
"DE","35-59",2022-02-20,2022-02-02,"-18 day ahead inc hosp","quantile",0.1,1814,"COVID-19"
"DE","35-59",2022-02-20,2022-02-02,"-18 day ahead inc hosp","quantile",0.25,1833,"COVID-19"
"DE","35-59",2022-02-20,2022-02-02,"-18 day ahead inc hosp","quantile",0.5,1860,"COVID-19"
"DE","35-59",2022-02-20,2022-02-02,"-18 day ahead inc hosp","quantile",0.75,1893,"COVID-19"
"DE","35-59",2022-02-20,2022-02-02,"-18 day ahead inc hosp","quantile",0.9,1929,"COVID-19"
"DE","35-59",2022-02-20,2022-02-02,"-18 day ahead inc hosp","quantile",0.975,1975,"COVID-19"
"DE","35-59",2022-02-20,2022-02-01,"-19 day ahead inc hosp","mean",NA,1835,"COVID-19"
"DE","35-59",2022-02-20,2022-02-01,"-19 day ahead inc hosp","quantile",0.025,1774,"COVID-19"
"DE","35-59",2022-02-20,2022-02-01,"-19 day ahead inc hosp","quantile",0.1,1788,"COVID-19"
"DE","35-59",2022-02-20,2022-02-01,"-19 day ahead inc hosp","quantile",0.25,1805,"COVID-19"
"DE","35-59",2022-02-20,2022-02-01,"-19 day ahead inc hosp","quantile",0.5,1829,"COVID-19"
"DE","35-59",2022-02-20,2022-02-01,"-19 day ahead inc hosp","quantile",0.75,1858,"COVID-19"
"DE","35-59",2022-02-20,2022-02-01,"-19 day ahead inc hosp","quantile",0.9,1890,"COVID-19"
"DE","35-59",2022-02-20,2022-02-01,"-19 day ahead inc hosp","quantile",0.975,1932,"COVID-19"
"DE","35-59",2022-02-20,2022-01-31,"-20 day ahead inc hosp","mean",NA,1824,"COVID-19"
"DE","35-59",2022-02-20,2022-01-31,"-20 day ahead inc hosp","quantile",0.025,1769,"COVID-19"
"DE","35-59",2022-02-20,2022-01-31,"-20 day ahead inc hosp","quantile",0.1,1782,"COVID-19"
"DE","35-59",2022-02-20,2022-01-31,"-20 day ahead inc hosp","quantile",0.25,1797,"COVID-19"
"DE","35-59",2022-02-20,2022-01-31,"-20 day ahead inc hosp","quantile",0.5,1818,"COVID-19"
"DE","35-59",2022-02-20,2022-01-31,"-20 day ahead inc hosp","quantile",0.75,1845,"COVID-19"
"DE","35-59",2022-02-20,2022-01-31,"-20 day ahead inc hosp","quantile",0.9,1875,"COVID-19"
"DE","35-59",2022-02-20,2022-01-31,"-20 day ahead inc hosp","quantile",0.975,1914,"COVID-19"
"DE","35-59",2022-02-20,2022-01-30,"-21 day ahead inc hosp","mean",NA,1820,"COVID-19"
"DE","35-59",2022-02-20,2022-01-30,"-21 day ahead inc hosp","quantile",0.025,1767,"COVID-19"
"DE","35-59",2022-02-20,2022-01-30,"-21 day ahead inc hosp","quantile",0.1,1779,"COVID-19"
"DE","35-59",2022-02-20,2022-01-30,"-21 day ahead inc hosp","quantile",0.25,1793,"COVID-19"
"DE","35-59",2022-02-20,2022-01-30,"-21 day ahead inc hosp","quantile",0.5,1814,"COVID-19"
"DE","35-59",2022-02-20,2022-01-30,"-21 day ahead inc hosp","quantile",0.75,1841,"COVID-19"
"DE","35-59",2022-02-20,2022-01-30,"-21 day ahead inc hosp","quantile",0.9,1870,"COVID-19"
"DE","35-59",2022-02-20,2022-01-30,"-21 day ahead inc hosp","quantile",0.975,1909,"COVID-19"
"DE","35-59",2022-02-20,2022-01-29,"-22 day ahead inc hosp","mean",NA,1785,"COVID-19"
"DE","35-59",2022-02-20,2022-01-29,"-22 day ahead inc hosp","quantile",0.025,1735,"COVID-19"
"DE","35-59",2022-02-20,2022-01-29,"-22 day ahead inc hosp","quantile",0.1,1746,"COVID-19"
"DE","35-59",2022-02-20,2022-01-29,"-22 day ahead inc hosp","quantile",0.25,1760,"COVID-19"
"DE","35-59",2022-02-20,2022-01-29,"-22 day ahead inc hosp","quantile",0.5,1779,"COVID-19"
"DE","35-59",2022-02-20,2022-01-29,"-22 day ahead inc hosp","quantile",0.75,1805,"COVID-19"
"DE","35-59",2022-02-20,2022-01-29,"-22 day ahead inc hosp","quantile",0.9,1833,"COVID-19"
"DE","35-59",2022-02-20,2022-01-29,"-22 day ahead inc hosp","quantile",0.975,1870,"COVID-19"
"DE","35-59",2022-02-20,2022-01-28,"-23 day ahead inc hosp","mean",NA,1774,"COVID-19"
"DE","35-59",2022-02-20,2022-01-28,"-23 day ahead inc hosp","quantile",0.025,1727,"COVID-19"
"DE","35-59",2022-02-20,2022-01-28,"-23 day ahead inc hosp","quantile",0.1,1737,"COVID-19"
"DE","35-59",2022-02-20,2022-01-28,"-23 day ahead inc hosp","quantile",0.25,1750,"COVID-19"
"DE","35-59",2022-02-20,2022-01-28,"-23 day ahead inc hosp","quantile",0.5,1768,"COVID-19"
"DE","35-59",2022-02-20,2022-01-28,"-23 day ahead inc hosp","quantile",0.75,1791,"COVID-19"
"DE","35-59",2022-02-20,2022-01-28,"-23 day ahead inc hosp","quantile",0.9,1817,"COVID-19"
"DE","35-59",2022-02-20,2022-01-28,"-23 day ahead inc hosp","quantile",0.975,1852,"COVID-19"
"DE","35-59",2022-02-20,2022-01-27,"-24 day ahead inc hosp","mean",NA,1733,"COVID-19"
"DE","35-59",2022-02-20,2022-01-27,"-24 day ahead inc hosp","quantile",0.025,1692,"COVID-19"
"DE","35-59",2022-02-20,2022-01-27,"-24 day ahead inc hosp","quantile",0.1,1700,"COVID-19"
"DE","35-59",2022-02-20,2022-01-27,"-24 day ahead inc hosp","quantile",0.25,1712,"COVID-19"
"DE","35-59",2022-02-20,2022-01-27,"-24 day ahead inc hosp","quantile",0.5,1728,"COVID-19"
"DE","35-59",2022-02-20,2022-01-27,"-24 day ahead inc hosp","quantile",0.75,1749,"COVID-19"
"DE","35-59",2022-02-20,2022-01-27,"-24 day ahead inc hosp","quantile",0.9,1772,"COVID-19"
"DE","35-59",2022-02-20,2022-01-27,"-24 day ahead inc hosp","quantile",0.975,1804,"COVID-19"
"DE","35-59",2022-02-20,2022-01-26,"-25 day ahead inc hosp","mean",NA,1714,"COVID-19"
"DE","35-59",2022-02-20,2022-01-26,"-25 day ahead inc hosp","quantile",0.025,1677,"COVID-19"
"DE","35-59",2022-02-20,2022-01-26,"-25 day ahead inc hosp","quantile",0.1,1685,"COVID-19"
"DE","35-59",2022-02-20,2022-01-26,"-25 day ahead inc hosp","quantile",0.25,1695,"COVID-19"
"DE","35-59",2022-02-20,2022-01-26,"-25 day ahead inc hosp","quantile",0.5,1710,"COVID-19"
"DE","35-59",2022-02-20,2022-01-26,"-25 day ahead inc hosp","quantile",0.75,1729,"COVID-19"
"DE","35-59",2022-02-20,2022-01-26,"-25 day ahead inc hosp","quantile",0.9,1749,"COVID-19"
"DE","35-59",2022-02-20,2022-01-26,"-25 day ahead inc hosp","quantile",0.975,1777,"COVID-19"
"DE","35-59",2022-02-20,2022-01-25,"-26 day ahead inc hosp","mean",NA,1693,"COVID-19"
"DE","35-59",2022-02-20,2022-01-25,"-26 day ahead inc hosp","quantile",0.025,1660,"COVID-19"
"DE","35-59",2022-02-20,2022-01-25,"-26 day ahead inc hosp","quantile",0.1,1667,"COVID-19"
"DE","35-59",2022-02-20,2022-01-25,"-26 day ahead inc hosp","quantile",0.25,1676,"COVID-19"
"DE","35-59",2022-02-20,2022-01-25,"-26 day ahead inc hosp","quantile",0.5,1689,"COVID-19"
"DE","35-59",2022-02-20,2022-01-25,"-26 day ahead inc hosp","quantile",0.75,1706,"COVID-19"
"DE","35-59",2022-02-20,2022-01-25,"-26 day ahead inc hosp","quantile",0.9,1724,"COVID-19"
"DE","35-59",2022-02-20,2022-01-25,"-26 day ahead inc hosp","quantile",0.975,1749,"COVID-19"
"DE","35-59",2022-02-20,2022-01-24,"-27 day ahead inc hosp","mean",NA,1622,"COVID-19"
"DE","35-59",2022-02-20,2022-01-24,"-27 day ahead inc hosp","quantile",0.025,1593,"COVID-19"
"DE","35-59",2022-02-20,2022-01-24,"-27 day ahead inc hosp","quantile",0.1,1599,"COVID-19"
"DE","35-59",2022-02-20,2022-01-24,"-27 day ahead inc hosp","quantile",0.25,1607,"COVID-19"
"DE","35-59",2022-02-20,2022-01-24,"-27 day ahead inc hosp","quantile",0.5,1618,"COVID-19"
"DE","35-59",2022-02-20,2022-01-24,"-27 day ahead inc hosp","quantile",0.75,1633,"COVID-19"
"DE","35-59",2022-02-20,2022-01-24,"-27 day ahead inc hosp","quantile",0.9,1649,"COVID-19"
"DE","35-59",2022-02-20,2022-01-24,"-27 day ahead inc hosp","quantile",0.975,1671,"COVID-19"
"DE","35-59",2022-02-20,2022-01-23,"-28 day ahead inc hosp","mean",NA,1565,"COVID-19"
"DE","35-59",2022-02-20,2022-01-23,"-28 day ahead inc hosp","quantile",0.025,1538,"COVID-19"
"DE","35-59",2022-02-20,2022-01-23,"-28 day ahead inc hosp","quantile",0.1,1544,"COVID-19"
"DE","35-59",2022-02-20,2022-01-23,"-28 day ahead inc hosp","quantile",0.25,1551,"COVID-19"
"DE","35-59",2022-02-20,2022-01-23,"-28 day ahead inc hosp","quantile",0.5,1562,"COVID-19"
"DE","35-59",2022-02-20,2022-01-23,"-28 day ahead inc hosp","quantile",0.75,1576,"COVID-19"
"DE","35-59",2022-02-20,2022-01-23,"-28 day ahead inc hosp","quantile",0.9,1591,"COVID-19"
"DE","35-59",2022-02-20,2022-01-23,"-28 day ahead inc hosp","quantile",0.975,1612,"COVID-19"
"DE","60-79",2022-02-20,2022-02-20,"0 day ahead inc hosp","mean",NA,2727,"COVID-19"
"DE","60-79",2022-02-20,2022-02-20,"0 day ahead inc hosp","quantile",0.025,2097,"COVID-19"
"DE","60-79",2022-02-20,2022-02-20,"0 day ahead inc hosp","quantile",0.1,2273,"COVID-19"
"DE","60-79",2022-02-20,2022-02-20,"0 day ahead inc hosp","quantile",0.25,2457,"COVID-19"
"DE","60-79",2022-02-20,2022-02-20,"0 day ahead inc hosp","quantile",0.5,2691,"COVID-19"
"DE","60-79",2022-02-20,2022-02-20,"0 day ahead inc hosp","quantile",0.75,2957,"COVID-19"
"DE","60-79",2022-02-20,2022-02-20,"0 day ahead inc hosp","quantile",0.9,3227,"COVID-19"
"DE","60-79",2022-02-20,2022-02-20,"0 day ahead inc hosp","quantile",0.975,3563,"COVID-19"
"DE","60-79",2022-02-20,2022-02-19,"-1 day ahead inc hosp","mean",NA,2805,"COVID-19"
"DE","60-79",2022-02-20,2022-02-19,"-1 day ahead inc hosp","quantile",0.025,2169,"COVID-19"
"DE","60-79",2022-02-20,2022-02-19,"-1 day ahead inc hosp","quantile",0.1,2345,"COVID-19"
"DE","60-79",2022-02-20,2022-02-19,"-1 day ahead inc hosp","quantile",0.25,2529,"COVID-19"
"DE","60-79",2022-02-20,2022-02-19,"-1 day ahead inc hosp","quantile",0.5,2766,"COVID-19"
"DE","60-79",2022-02-20,2022-02-19,"-1 day ahead inc hosp","quantile",0.75,3038,"COVID-19"
"DE","60-79",2022-02-20,2022-02-19,"-1 day ahead inc hosp","quantile",0.9,3316,"COVID-19"
"DE","60-79",2022-02-20,2022-02-19,"-1 day ahead inc hosp","quantile",0.975,3663,"COVID-19"
"DE","60-79",2022-02-20,2022-02-18,"-2 day ahead inc hosp","mean",NA,2775,"COVID-19"
"DE","60-79",2022-02-20,2022-02-18,"-2 day ahead inc hosp","quantile",0.025,2214,"COVID-19"
"DE","60-79",2022-02-20,2022-02-18,"-2 day ahead inc hosp","quantile",0.1,2368,"COVID-19"
"DE","60-79",2022-02-20,2022-02-18,"-2 day ahead inc hosp","quantile",0.25,2531,"COVID-19"
"DE","60-79",2022-02-20,2022-02-18,"-2 day ahead inc hosp","quantile",0.5,2740,"COVID-19"
"DE","60-79",2022-02-20,2022-02-18,"-2 day ahead inc hosp","quantile",0.75,2981,"COVID-19"
"DE","60-79",2022-02-20,2022-02-18,"-2 day ahead inc hosp","quantile",0.9,3227,"COVID-19"
"DE","60-79",2022-02-20,2022-02-18,"-2 day ahead inc hosp","quantile",0.975,3536,"COVID-19"
"DE","60-79",2022-02-20,2022-02-17,"-3 day ahead inc hosp","mean",NA,2720,"COVID-19"
"DE","60-79",2022-02-20,2022-02-17,"-3 day ahead inc hosp","quantile",0.025,2250,"COVID-19"
"DE","60-79",2022-02-20,2022-02-17,"-3 day ahead inc hosp","quantile",0.1,2380,"COVID-19"
"DE","60-79",2022-02-20,2022-02-17,"-3 day ahead inc hosp","quantile",0.25,2516,"COVID-19"
"DE","60-79",2022-02-20,2022-02-17,"-3 day ahead inc hosp","quantile",0.5,2691,"COVID-19"
"DE","60-79",2022-02-20,2022-02-17,"-3 day ahead inc hosp","quantile",0.75,2893,"COVID-19"
"DE","60-79",2022-02-20,2022-02-17,"-3 day ahead inc hosp","quantile",0.9,3097,"COVID-19"
"DE","60-79",2022-02-20,2022-02-17,"-3 day ahead inc hosp","quantile",0.975,3354,"COVID-19"
"DE","60-79",2022-02-20,2022-02-16,"-4 day ahead inc hosp","mean",NA,2655,"COVID-19"
"DE","60-79",2022-02-20,2022-02-16,"-4 day ahead inc hosp","quantile",0.025,2259,"COVID-19"
"DE","60-79",2022-02-20,2022-02-16,"-4 day ahead inc hosp","quantile",0.1,2368,"COVID-19"
"DE","60-79",2022-02-20,2022-02-16,"-4 day ahead inc hosp","quantile",0.25,2483,"COVID-19"
"DE","60-79",2022-02-20,2022-02-16,"-4 day ahead inc hosp","quantile",0.5,2630,"COVID-19"
"DE","60-79",2022-02-20,2022-02-16,"-4 day ahead inc hosp","quantile",0.75,2800,"COVID-19"
"DE","60-79",2022-02-20,2022-02-16,"-4 day ahead inc hosp","quantile",0.9,2973,"COVID-19"
"DE","60-79",2022-02-20,2022-02-16,"-4 day ahead inc hosp","quantile",0.975,3190,"COVID-19"
"DE","60-79",2022-02-20,2022-02-15,"-5 day ahead inc hosp","mean",NA,2631,"COVID-19"
"DE","60-79",2022-02-20,2022-02-15,"-5 day ahead inc hosp","quantile",0.025,2306,"COVID-19"
"DE","60-79",2022-02-20,2022-02-15,"-5 day ahead inc hosp","quantile",0.1,2396,"COVID-19"
"DE","60-79",2022-02-20,2022-02-15,"-5 day ahead inc hosp","quantile",0.25,2490,"COVID-19"
"DE","60-79",2022-02-20,2022-02-15,"-5 day ahead inc hosp","quantile",0.5,2611,"COVID-19"
"DE","60-79",2022-02-20,2022-02-15,"-5 day ahead inc hosp","quantile",0.75,2751,"COVID-19"
"DE","60-79",2022-02-20,2022-02-15,"-5 day ahead inc hosp","quantile",0.9,2892,"COVID-19"
"DE","60-79",2022-02-20,2022-02-15,"-5 day ahead inc hosp","quantile",0.975,3070,"COVID-19"
"DE","60-79",2022-02-20,2022-02-14,"-6 day ahead inc hosp","mean",NA,2622,"COVID-19"
"DE","60-79",2022-02-20,2022-02-14,"-6 day ahead inc hosp","quantile",0.025,2345,"COVID-19"
"DE","60-79",2022-02-20,2022-02-14,"-6 day ahead inc hosp","quantile",0.1,2421,"COVID-19"
"DE","60-79",2022-02-20,2022-02-14,"-6 day ahead inc hosp","quantile",0.25,2501,"COVID-19"
"DE","60-79",2022-02-20,2022-02-14,"-6 day ahead inc hosp","quantile",0.5,2605,"COVID-19"
"DE","60-79",2022-02-20,2022-02-14,"-6 day ahead inc hosp","quantile",0.75,2724,"COVID-19"
"DE","60-79",2022-02-20,2022-02-14,"-6 day ahead inc hosp","quantile",0.9,2846,"COVID-19"
"DE","60-79",2022-02-20,2022-02-14,"-6 day ahead inc hosp","quantile",0.975,2999,"COVID-19"
"DE","60-79",2022-02-20,2022-02-13,"-7 day ahead inc hosp","mean",NA,2607,"COVID-19"
"DE","60-79",2022-02-20,2022-02-13,"-7 day ahead inc hosp","quantile",0.025,2338,"COVID-19"
"DE","60-79",2022-02-20,2022-02-13,"-7 day ahead inc hosp","quantile",0.1,2411,"COVID-19"
"DE","60-79",2022-02-20,2022-02-13,"-7 day ahead inc hosp","quantile",0.25,2488,"COVID-19"
"DE","60-79",2022-02-20,2022-02-13,"-7 day ahead inc hosp","quantile",0.5,2589,"COVID-19"
"DE","60-79",2022-02-20,2022-02-13,"-7 day ahead inc hosp","quantile",0.75,2707,"COVID-19"
"DE","60-79",2022-02-20,2022-02-13,"-7 day ahead inc hosp","quantile",0.9,2827,"COVID-19"
"DE","60-79",2022-02-20,2022-02-13,"-7 day ahead inc hosp","quantile",0.975,2979,"COVID-19"
"DE","60-79",2022-02-20,2022-02-12,"-8 day ahead inc hosp","mean",NA,2636,"COVID-19"
"DE","60-79",2022-02-20,2022-02-12,"-8 day ahead inc hosp","quantile",0.025,2371,"COVID-19"
"DE","60-79",2022-02-20,2022-02-12,"-8 day ahead inc hosp","quantile",0.1,2442,"COVID-19"
"DE","60-79",2022-02-20,2022-02-12,"-8 day ahead inc hosp","quantile",0.25,2517,"COVID-19"
"DE","60-79",2022-02-20,2022-02-12,"-8 day ahead inc hosp","quantile",0.5,2617,"COVID-19"
"DE","60-79",2022-02-20,2022-02-12,"-8 day ahead inc hosp","quantile",0.75,2733,"COVID-19"
"DE","60-79",2022-02-20,2022-02-12,"-8 day ahead inc hosp","quantile",0.9,2854,"COVID-19"
"DE","60-79",2022-02-20,2022-02-12,"-8 day ahead inc hosp","quantile",0.975,3008,"COVID-19"
"DE","60-79",2022-02-20,2022-02-11,"-9 day ahead inc hosp","mean",NA,2660,"COVID-19"
"DE","60-79",2022-02-20,2022-02-11,"-9 day ahead inc hosp","quantile",0.025,2416,"COVID-19"
"DE","60-79",2022-02-20,2022-02-11,"-9 day ahead inc hosp","quantile",0.1,2480,"COVID-19"
"DE","60-79",2022-02-20,2022-02-11,"-9 day ahead inc hosp","quantile",0.25,2550,"COVID-19"
"DE","60-79",2022-02-20,2022-02-11,"-9 day ahead inc hosp","quantile",0.5,2642,"COVID-19"
"DE","60-79",2022-02-20,2022-02-11,"-9 day ahead inc hosp","quantile",0.75,2751,"COVID-19"
"DE","60-79",2022-02-20,2022-02-11,"-9 day ahead inc hosp","quantile",0.9,2864,"COVID-19"
"DE","60-79",2022-02-20,2022-02-11,"-9 day ahead inc hosp","quantile",0.975,3008,"COVID-19"
"DE","60-79",2022-02-20,2022-02-10,"-10 day ahead inc hosp","mean",NA,2702,"COVID-19"
"DE","60-79",2022-02-20,2022-02-10,"-10 day ahead inc hosp","quantile",0.025,2478,"COVID-19"
"DE","60-79",2022-02-20,2022-02-10,"-10 day ahead inc hosp","quantile",0.1,2536,"COVID-19"
"DE","60-79",2022-02-20,2022-02-10,"-10 day ahead inc hosp","quantile",0.25,2600,"COVID-19"
"DE","60-79",2022-02-20,2022-02-10,"-10 day ahead inc hosp","quantile",0.5,2685,"COVID-19"
"DE","60-79",2022-02-20,2022-02-10,"-10 day ahead inc hosp","quantile",0.75,2786,"COVID-19"
"DE","60-79",2022-02-20,2022-02-10,"-10 day ahead inc hosp","quantile",0.9,2892,"COVID-19"
"DE","60-79",2022-02-20,2022-02-10,"-10 day ahead inc hosp","quantile",0.975,3027,"COVID-19"
"DE","60-79",2022-02-20,2022-02-09,"-11 day ahead inc hosp","mean",NA,2719,"COVID-19"
"DE","60-79",2022-02-20,2022-02-09,"-11 day ahead inc hosp","quantile",0.025,2517,"COVID-19"
"DE","60-79",2022-02-20,2022-02-09,"-11 day ahead inc hosp","quantile",0.1,2569,"COVID-19"
"DE","60-79",2022-02-20,2022-02-09,"-11 day ahead inc hosp","quantile",0.25,2626,"COVID-19"
"DE","60-79",2022-02-20,2022-02-09,"-11 day ahead inc hosp","quantile",0.5,2702,"COVID-19"
"DE","60-79",2022-02-20,2022-02-09,"-11 day ahead inc hosp","quantile",0.75,2794,"COVID-19"
"DE","60-79",2022-02-20,2022-02-09,"-11 day ahead inc hosp","quantile",0.9,2890,"COVID-19"
"DE","60-79",2022-02-20,2022-02-09,"-11 day ahead inc hosp","quantile",0.975,3013,"COVID-19"
"DE","60-79",2022-02-20,2022-02-08,"-12 day ahead inc hosp","mean",NA,2648,"COVID-19"
"DE","60-79",2022-02-20,2022-02-08,"-12 day ahead inc hosp","quantile",0.025,2476,"COVID-19"
"DE","60-79",2022-02-20,2022-02-08,"-12 day ahead inc hosp","quantile",0.1,2519,"COVID-19"
"DE","60-79",2022-02-20,2022-02-08,"-12 day ahead inc hosp","quantile",0.25,2567,"COVID-19"
"DE","60-79",2022-02-20,2022-02-08,"-12 day ahead inc hosp","quantile",0.5,2633,"COVID-19"
"DE","60-79",2022-02-20,2022-02-08,"-12 day ahead inc hosp","quantile",0.75,2712,"COVID-19"
"DE","60-79",2022-02-20,2022-02-08,"-12 day ahead inc hosp","quantile",0.9,2795,"COVID-19"
"DE","60-79",2022-02-20,2022-02-08,"-12 day ahead inc hosp","quantile",0.975,2903,"COVID-19"
"DE","60-79",2022-02-20,2022-02-07,"-13 day ahead inc hosp","mean",NA,2555,"COVID-19"
"DE","60-79",2022-02-20,2022-02-07,"-13 day ahead inc hosp","quantile",0.025,2408,"COVID-19"
"DE","60-79",2022-02-20,2022-02-07,"-13 day ahead inc hosp","quantile",0.1,2444,"COVID-19"
"DE","60-79",2022-02-20,2022-02-07,"-13 day ahead inc hosp","quantile",0.25,2486,"COVID-19"
"DE","60-79",2022-02-20,2022-02-07,"-13 day ahead inc hosp","quantile",0.5,2542,"COVID-19"
"DE","60-79",2022-02-20,2022-02-07,"-13 day ahead inc hosp","quantile",0.75,2610,"COVID-19"
"DE","60-79",2022-02-20,2022-02-07,"-13 day ahead inc hosp","quantile",0.9,2681,"COVID-19"
"DE","60-79",2022-02-20,2022-02-07,"-13 day ahead inc hosp","quantile",0.975,2774,"COVID-19"
"DE","60-79",2022-02-20,2022-02-06,"-14 day ahead inc hosp","mean",NA,2531,"COVID-19"
"DE","60-79",2022-02-20,2022-02-06,"-14 day ahead inc hosp","quantile",0.025,2391,"COVID-19"
"DE","60-79",2022-02-20,2022-02-06,"-14 day ahead inc hosp","quantile",0.1,2426,"COVID-19"
"DE","60-79",2022-02-20,2022-02-06,"-14 day ahead inc hosp","quantile",0.25,2465,"COVID-19"
"DE","60-79",2022-02-20,2022-02-06,"-14 day ahead inc hosp","quantile",0.5,2518,"COVID-19"
"DE","60-79",2022-02-20,2022-02-06,"-14 day ahead inc hosp","quantile",0.75,2583,"COVID-19"
"DE","60-79",2022-02-20,2022-02-06,"-14 day ahead inc hosp","quantile",0.9,2652,"COVID-19"
"DE","60-79",2022-02-20,2022-02-06,"-14 day ahead inc hosp","quantile",0.975,2741,"COVID-19"
"DE","60-79",2022-02-20,2022-02-05,"-15 day ahead inc hosp","mean",NA,2461,"COVID-19"
"DE","60-79",2022-02-20,2022-02-05,"-15 day ahead inc hosp","quantile",0.025,2332,"COVID-19"
"DE","60-79",2022-02-20,2022-02-05,"-15 day ahead inc hosp","quantile",0.1,2363,"COVID-19"
"DE","60-79",2022-02-20,2022-02-05,"-15 day ahead inc hosp","quantile",0.25,2400,"COVID-19"
"DE","60-79",2022-02-20,2022-02-05,"-15 day ahead inc hosp","quantile",0.5,2450,"COVID-19"
"DE","60-79",2022-02-20,2022-02-05,"-15 day ahead inc hosp","quantile",0.75,2510,"COVID-19"
"DE","60-79",2022-02-20,2022-02-05,"-15 day ahead inc hosp","quantile",0.9,2575,"COVID-19"
"DE","60-79",2022-02-20,2022-02-05,"-15 day ahead inc hosp","quantile",0.975,2659,"COVID-19"
"DE","60-79",2022-02-20,2022-02-04,"-16 day ahead inc hosp","mean",NA,2352,"COVID-19"
"DE","60-79",2022-02-20,2022-02-04,"-16 day ahead inc hosp","quantile",0.025,2238,"COVID-19"
"DE","60-79",2022-02-20,2022-02-04,"-16 day ahead inc hosp","quantile",0.1,2266,"COVID-19"
"DE","60-79",2022-02-20,2022-02-04,"-16 day ahead inc hosp","quantile",0.25,2298,"COVID-19"
"DE","60-79",2022-02-20,2022-02-04,"-16 day ahead inc hosp","quantile",0.5,2341,"COVID-19"
"DE","60-79",2022-02-20,2022-02-04,"-16 day ahead inc hosp","quantile",0.75,2395,"COVID-19"
"DE","60-79",2022-02-20,2022-02-04,"-16 day ahead inc hosp","quantile",0.9,2452,"COVID-19"
"DE","60-79",2022-02-20,2022-02-04,"-16 day ahead inc hosp","quantile",0.975,2526,"COVID-19"
"DE","60-79",2022-02-20,2022-02-03,"-17 day ahead inc hosp","mean",NA,2210,"COVID-19"
"DE","60-79",2022-02-20,2022-02-03,"-17 day ahead inc hosp","quantile",0.025,2112,"COVID-19"
"DE","60-79",2022-02-20,2022-02-03,"-17 day ahead inc hosp","quantile",0.1,2136,"COVID-19"
"DE","60-79",2022-02-20,2022-02-03,"-17 day ahead inc hosp","quantile",0.25,2163,"COVID-19"
"DE","60-79",2022-02-20,2022-02-03,"-17 day ahead inc hosp","quantile",0.5,2201,"COVID-19"
"DE","60-79",2022-02-20,2022-02-03,"-17 day ahead inc hosp","quantile",0.75,2247,"COVID-19"
"DE","60-79",2022-02-20,2022-02-03,"-17 day ahead inc hosp","quantile",0.9,2297,"COVID-19"
"DE","60-79",2022-02-20,2022-02-03,"-17 day ahead inc hosp","quantile",0.975,2361,"COVID-19"
"DE","60-79",2022-02-20,2022-02-02,"-18 day ahead inc hosp","mean",NA,2059,"COVID-19"
"DE","60-79",2022-02-20,2022-02-02,"-18 day ahead inc hosp","quantile",0.025,1977,"COVID-19"
"DE","60-79",2022-02-20,2022-02-02,"-18 day ahead inc hosp","quantile",0.1,1996,"COVID-19"
"DE","60-79",2022-02-20,2022-02-02,"-18 day ahead inc hosp","quantile",0.25,2019,"COVID-19"
"DE","60-79",2022-02-20,2022-02-02,"-18 day ahead inc hosp","quantile",0.5,2050,"COVID-19"
"DE","60-79",2022-02-20,2022-02-02,"-18 day ahead inc hosp","quantile",0.75,2090,"COVID-19"
"DE","60-79",2022-02-20,2022-02-02,"-18 day ahead inc hosp","quantile",0.9,2132,"COVID-19"
"DE","60-79",2022-02-20,2022-02-02,"-18 day ahead inc hosp","quantile",0.975,2188,"COVID-19"
"DE","60-79",2022-02-20,2022-02-01,"-19 day ahead inc hosp","mean",NA,1957,"COVID-19"
"DE","60-79",2022-02-20,2022-02-01,"-19 day ahead inc hosp","quantile",0.025,1891,"COVID-19"
"DE","60-79",2022-02-20,2022-02-01,"-19 day ahead inc hosp","quantile",0.1,1907,"COVID-19"
"DE","60-79",2022-02-20,2022-02-01,"-19 day ahead inc hosp","quantile",0.25,1925,"COVID-19"
"DE","60-79",2022-02-20,2022-02-01,"-19 day ahead inc hosp","quantile",0.5,1951,"COVID-19"
"DE","60-79",2022-02-20,2022-02-01,"-19 day ahead inc hosp","quantile",0.75,1983,"COVID-19"
"DE","60-79",2022-02-20,2022-02-01,"-19 day ahead inc hosp","quantile",0.9,2017,"COVID-19"
"DE","60-79",2022-02-20,2022-02-01,"-19 day ahead inc hosp","quantile",0.975,2063,"COVID-19"
"DE","60-79",2022-02-20,2022-01-31,"-20 day ahead inc hosp","mean",NA,1908,"COVID-19"
"DE","60-79",2022-02-20,2022-01-31,"-20 day ahead inc hosp","quantile",0.025,1852,"COVID-19"
"DE","60-79",2022-02-20,2022-01-31,"-20 day ahead inc hosp","quantile",0.1,1865,"COVID-19"
"DE","60-79",2022-02-20,2022-01-31,"-20 day ahead inc hosp","quantile",0.25,1880,"COVID-19"
"DE","60-79",2022-02-20,2022-01-31,"-20 day ahead inc hosp","quantile",0.5,1902,"COVID-19"
"DE","60-79",2022-02-20,2022-01-31,"-20 day ahead inc hosp","quantile",0.75,1930,"COVID-19"
"DE","60-79",2022-02-20,2022-01-31,"-20 day ahead inc hosp","quantile",0.9,1959,"COVID-19"
"DE","60-79",2022-02-20,2022-01-31,"-20 day ahead inc hosp","quantile",0.975,1998,"COVID-19"
"DE","60-79",2022-02-20,2022-01-30,"-21 day ahead inc hosp","mean",NA,1875,"COVID-19"
"DE","60-79",2022-02-20,2022-01-30,"-21 day ahead inc hosp","quantile",0.025,1821,"COVID-19"
"DE","60-79",2022-02-20,2022-01-30,"-21 day ahead inc hosp","quantile",0.1,1834,"COVID-19"
"DE","60-79",2022-02-20,2022-01-30,"-21 day ahead inc hosp","quantile",0.25,1848,"COVID-19"
"DE","60-79",2022-02-20,2022-01-30,"-21 day ahead inc hosp","quantile",0.5,1869,"COVID-19"
"DE","60-79",2022-02-20,2022-01-30,"-21 day ahead inc hosp","quantile",0.75,1895,"COVID-19"
"DE","60-79",2022-02-20,2022-01-30,"-21 day ahead inc hosp","quantile",0.9,1923,"COVID-19"
"DE","60-79",2022-02-20,2022-01-30,"-21 day ahead inc hosp","quantile",0.975,1961,"COVID-19"
"DE","60-79",2022-02-20,2022-01-29,"-22 day ahead inc hosp","mean",NA,1837,"COVID-19"
"DE","60-79",2022-02-20,2022-01-29,"-22 day ahead inc hosp","quantile",0.025,1787,"COVID-19"
"DE","60-79",2022-02-20,2022-01-29,"-22 day ahead inc hosp","quantile",0.1,1798,"COVID-19"
"DE","60-79",2022-02-20,2022-01-29,"-22 day ahead inc hosp","quantile",0.25,1812,"COVID-19"
"DE","60-79",2022-02-20,2022-01-29,"-22 day ahead inc hosp","quantile",0.5,1831,"COVID-19"
"DE","60-79",2022-02-20,2022-01-29,"-22 day ahead inc hosp","quantile",0.75,1856,"COVID-19"
"DE","60-79",2022-02-20,2022-01-29,"-22 day ahead inc hosp","quantile",0.9,1883,"COVID-19"
"DE","60-79",2022-02-20,2022-01-29,"-22 day ahead inc hosp","quantile",0.975,1919,"COVID-19"
"DE","60-79",2022-02-20,2022-01-28,"-23 day ahead inc hosp","mean",NA,1815,"COVID-19"
"DE","60-79",2022-02-20,2022-01-28,"-23 day ahead inc hosp","quantile",0.025,1768,"COVID-19"
"DE","60-79",2022-02-20,2022-01-28,"-23 day ahead inc hosp","quantile",0.1,1778,"COVID-19"
"DE","60-79",2022-02-20,2022-01-28,"-23 day ahead inc hosp","quantile",0.25,1791,"COVID-19"
"DE","60-79",2022-02-20,2022-01-28,"-23 day ahead inc hosp","quantile",0.5,1809,"COVID-19"
"DE","60-79",2022-02-20,2022-01-28,"-23 day ahead inc hosp","quantile",0.75,1832,"COVID-19"
"DE","60-79",2022-02-20,2022-01-28,"-23 day ahead inc hosp","quantile",0.9,1858,"COVID-19"
"DE","60-79",2022-02-20,2022-01-28,"-23 day ahead inc hosp","quantile",0.975,1893,"COVID-19"
"DE","60-79",2022-02-20,2022-01-27,"-24 day ahead inc hosp","mean",NA,1740,"COVID-19"
"DE","60-79",2022-02-20,2022-01-27,"-24 day ahead inc hosp","quantile",0.025,1699,"COVID-19"
"DE","60-79",2022-02-20,2022-01-27,"-24 day ahead inc hosp","quantile",0.1,1707,"COVID-19"
"DE","60-79",2022-02-20,2022-01-27,"-24 day ahead inc hosp","quantile",0.25,1718,"COVID-19"
"DE","60-79",2022-02-20,2022-01-27,"-24 day ahead inc hosp","quantile",0.5,1734,"COVID-19"
"DE","60-79",2022-02-20,2022-01-27,"-24 day ahead inc hosp","quantile",0.75,1755,"COVID-19"
"DE","60-79",2022-02-20,2022-01-27,"-24 day ahead inc hosp","quantile",0.9,1779,"COVID-19"
"DE","60-79",2022-02-20,2022-01-27,"-24 day ahead inc hosp","quantile",0.975,1810,"COVID-19"
"DE","60-79",2022-02-20,2022-01-26,"-25 day ahead inc hosp","mean",NA,1717,"COVID-19"
"DE","60-79",2022-02-20,2022-01-26,"-25 day ahead inc hosp","quantile",0.025,1680,"COVID-19"
"DE","60-79",2022-02-20,2022-01-26,"-25 day ahead inc hosp","quantile",0.1,1688,"COVID-19"
"DE","60-79",2022-02-20,2022-01-26,"-25 day ahead inc hosp","quantile",0.25,1698,"COVID-19"
"DE","60-79",2022-02-20,2022-01-26,"-25 day ahead inc hosp","quantile",0.5,1712,"COVID-19"
"DE","60-79",2022-02-20,2022-01-26,"-25 day ahead inc hosp","quantile",0.75,1731,"COVID-19"
"DE","60-79",2022-02-20,2022-01-26,"-25 day ahead inc hosp","quantile",0.9,1752,"COVID-19"
"DE","60-79",2022-02-20,2022-01-26,"-25 day ahead inc hosp","quantile",0.975,1781,"COVID-19"
"DE","60-79",2022-02-20,2022-01-25,"-26 day ahead inc hosp","mean",NA,1620,"COVID-19"
"DE","60-79",2022-02-20,2022-01-25,"-26 day ahead inc hosp","quantile",0.025,1588,"COVID-19"
"DE","60-79",2022-02-20,2022-01-25,"-26 day ahead inc hosp","quantile",0.1,1595,"COVID-19"
"DE","60-79",2022-02-20,2022-01-25,"-26 day ahead inc hosp","quantile",0.25,1603,"COVID-19"
"DE","60-79",2022-02-20,2022-01-25,"-26 day ahead inc hosp","quantile",0.5,1615,"COVID-19"
"DE","60-79",2022-02-20,2022-01-25,"-26 day ahead inc hosp","quantile",0.75,1632,"COVID-19"
"DE","60-79",2022-02-20,2022-01-25,"-26 day ahead inc hosp","quantile",0.9,1650,"COVID-19"
"DE","60-79",2022-02-20,2022-01-25,"-26 day ahead inc hosp","quantile",0.975,1675,"COVID-19"
"DE","60-79",2022-02-20,2022-01-24,"-27 day ahead inc hosp","mean",NA,1545,"COVID-19"
"DE","60-79",2022-02-20,2022-01-24,"-27 day ahead inc hosp","quantile",0.025,1518,"COVID-19"
"DE","60-79",2022-02-20,2022-01-24,"-27 day ahead inc hosp","quantile",0.1,1523,"COVID-19"
"DE","60-79",2022-02-20,2022-01-24,"-27 day ahead inc hosp","quantile",0.25,1530,"COVID-19"
"DE","60-79",2022-02-20,2022-01-24,"-27 day ahead inc hosp","quantile",0.5,1541,"COVID-19"
"DE","60-79",2022-02-20,2022-01-24,"-27 day ahead inc hosp","quantile",0.75,1555,"COVID-19"
"DE","60-79",2022-02-20,2022-01-24,"-27 day ahead inc hosp","quantile",0.9,1571,"COVID-19"
"DE","60-79",2022-02-20,2022-01-24,"-27 day ahead inc hosp","quantile",0.975,1592,"COVID-19"
"DE","60-79",2022-02-20,2022-01-23,"-28 day ahead inc hosp","mean",NA,1523,"COVID-19"
"DE","60-79",2022-02-20,2022-01-23,"-28 day ahead inc hosp","quantile",0.025,1497,"COVID-19"
"DE","60-79",2022-02-20,2022-01-23,"-28 day ahead inc hosp","quantile",0.1,1503,"COVID-19"
"DE","60-79",2022-02-20,2022-01-23,"-28 day ahead inc hosp","quantile",0.25,1509,"COVID-19"
"DE","60-79",2022-02-20,2022-01-23,"-28 day ahead inc hosp","quantile",0.5,1519,"COVID-19"
"DE","60-79",2022-02-20,2022-01-23,"-28 day ahead inc hosp","quantile",0.75,1533,"COVID-19"
"DE","60-79",2022-02-20,2022-01-23,"-28 day ahead inc hosp","quantile",0.9,1547,"COVID-19"
"DE","60-79",2022-02-20,2022-01-23,"-28 day ahead inc hosp","quantile",0.975,1568,"COVID-19"
"DE","80+",2022-02-20,2022-02-20,"0 day ahead inc hosp","mean",NA,2935,"COVID-19"
"DE","80+",2022-02-20,2022-02-20,"0 day ahead inc hosp","quantile",0.025,2319,"COVID-19"
"DE","80+",2022-02-20,2022-02-20,"0 day ahead inc hosp","quantile",0.1,2494,"COVID-19"
"DE","80+",2022-02-20,2022-02-20,"0 day ahead inc hosp","quantile",0.25,2674,"COVID-19"
"DE","80+",2022-02-20,2022-02-20,"0 day ahead inc hosp","quantile",0.5,2902,"COVID-19"
"DE","80+",2022-02-20,2022-02-20,"0 day ahead inc hosp","quantile",0.75,3159,"COVID-19"
"DE","80+",2022-02-20,2022-02-20,"0 day ahead inc hosp","quantile",0.9,3419,"COVID-19"
"DE","80+",2022-02-20,2022-02-20,"0 day ahead inc hosp","quantile",0.975,3740,"COVID-19"
"DE","80+",2022-02-20,2022-02-19,"-1 day ahead inc hosp","mean",NA,3062,"COVID-19"
"DE","80+",2022-02-20,2022-02-19,"-1 day ahead inc hosp","quantile",0.025,2430,"COVID-19"
"DE","80+",2022-02-20,2022-02-19,"-1 day ahead inc hosp","quantile",0.1,2607,"COVID-19"
"DE","80+",2022-02-20,2022-02-19,"-1 day ahead inc hosp","quantile",0.25,2791,"COVID-19"
"DE","80+",2022-02-20,2022-02-19,"-1 day ahead inc hosp","quantile",0.5,3026,"COVID-19"
"DE","80+",2022-02-20,2022-02-19,"-1 day ahead inc hosp","quantile",0.75,3294,"COVID-19"
"DE","80+",2022-02-20,2022-02-19,"-1 day ahead inc hosp","quantile",0.9,3565,"COVID-19"
"DE","80+",2022-02-20,2022-02-19,"-1 day ahead inc hosp","quantile",0.975,3903,"COVID-19"
"DE","80+",2022-02-20,2022-02-18,"-2 day ahead inc hosp","mean",NA,3096,"COVID-19"
"DE","80+",2022-02-20,2022-02-18,"-2 day ahead inc hosp","quantile",0.025,2535,"COVID-19"
"DE","80+",2022-02-20,2022-02-18,"-2 day ahead inc hosp","quantile",0.1,2692,"COVID-19"
"DE","80+",2022-02-20,2022-02-18,"-2 day ahead inc hosp","quantile",0.25,2855,"COVID-19"
"DE","80+",2022-02-20,2022-02-18,"-2 day ahead inc hosp","quantile",0.5,3064,"COVID-19"
"DE","80+",2022-02-20,2022-02-18,"-2 day ahead inc hosp","quantile",0.75,3301,"COVID-19"
"DE","80+",2022-02-20,2022-02-18,"-2 day ahead inc hosp","quantile",0.9,3542,"COVID-19"
"DE","80+",2022-02-20,2022-02-18,"-2 day ahead inc hosp","quantile",0.975,3842,"COVID-19"
"DE","80+",2022-02-20,2022-02-17,"-3 day ahead inc hosp","mean",NA,3007,"COVID-19"
"DE","80+",2022-02-20,2022-02-17,"-3 day ahead inc hosp","quantile",0.025,2546,"COVID-19"
"DE","80+",2022-02-20,2022-02-17,"-3 day ahead inc hosp","quantile",0.1,2676,"COVID-19"
"DE","80+",2022-02-20,2022-02-17,"-3 day ahead inc hosp","quantile",0.25,2810,"COVID-19"
"DE","80+",2022-02-20,2022-02-17,"-3 day ahead inc hosp","quantile",0.5,2981,"COVID-19"
"DE","80+",2022-02-20,2022-02-17,"-3 day ahead inc hosp","quantile",0.75,3176,"COVID-19"
"DE","80+",2022-02-20,2022-02-17,"-3 day ahead inc hosp","quantile",0.9,3372,"COVID-19"
"DE","80+",2022-02-20,2022-02-17,"-3 day ahead inc hosp","quantile",0.975,3616,"COVID-19"
"DE","80+",2022-02-20,2022-02-16,"-4 day ahead inc hosp","mean",NA,2975,"COVID-19"
"DE","80+",2022-02-20,2022-02-16,"-4 day ahead inc hosp","quantile",0.025,2580,"COVID-19"
"DE","80+",2022-02-20,2022-02-16,"-4 day ahead inc hosp","quantile",0.1,2691,"COVID-19"
"DE","80+",2022-02-20,2022-02-16,"-4 day ahead inc hosp","quantile",0.25,2807,"COVID-19"
"DE","80+",2022-02-20,2022-02-16,"-4 day ahead inc hosp","quantile",0.5,2953,"COVID-19"
"DE","80+",2022-02-20,2022-02-16,"-4 day ahead inc hosp","quantile",0.75,3119,"COVID-19"
"DE","80+",2022-02-20,2022-02-16,"-4 day ahead inc hosp","quantile",0.9,3288,"COVID-19"
"DE","80+",2022-02-20,2022-02-16,"-4 day ahead inc hosp","quantile",0.975,3497,"COVID-19"
"DE","80+",2022-02-20,2022-02-15,"-5 day ahead inc hosp","mean",NA,2898,"COVID-19"
"DE","80+",2022-02-20,2022-02-15,"-5 day ahead inc hosp","quantile",0.025,2579,"COVID-19"
"DE","80+",2022-02-20,2022-02-15,"-5 day ahead inc hosp","quantile",0.1,2669,"COVID-19"
"DE","80+",2022-02-20,2022-02-15,"-5 day ahead inc hosp","quantile",0.25,2762,"COVID-19"
"DE","80+",2022-02-20,2022-02-15,"-5 day ahead inc hosp","quantile",0.5,2880,"COVID-19"
"DE","80+",2022-02-20,2022-02-15,"-5 day ahead inc hosp","quantile",0.75,3014,"COVID-19"
"DE","80+",2022-02-20,2022-02-15,"-5 day ahead inc hosp","quantile",0.9,3150,"COVID-19"
"DE","80+",2022-02-20,2022-02-15,"-5 day ahead inc hosp","quantile",0.975,3317,"COVID-19"
"DE","80+",2022-02-20,2022-02-14,"-6 day ahead inc hosp","mean",NA,2850,"COVID-19"
"DE","80+",2022-02-20,2022-02-14,"-6 day ahead inc hosp","quantile",0.025,2577,"COVID-19"
"DE","80+",2022-02-20,2022-02-14,"-6 day ahead inc hosp","quantile",0.1,2654,"COVID-19"
"DE","80+",2022-02-20,2022-02-14,"-6 day ahead inc hosp","quantile",0.25,2733,"COVID-19"
"DE","80+",2022-02-20,2022-02-14,"-6 day ahead inc hosp","quantile",0.5,2834,"COVID-19"
"DE","80+",2022-02-20,2022-02-14,"-6 day ahead inc hosp","quantile",0.75,2950,"COVID-19"
"DE","80+",2022-02-20,2022-02-14,"-6 day ahead inc hosp","quantile",0.9,3066,"COVID-19"
"DE","80+",2022-02-20,2022-02-14,"-6 day ahead inc hosp","quantile",0.975,3212,"COVID-19"
"DE","80+",2022-02-20,2022-02-13,"-7 day ahead inc hosp","mean",NA,2852,"COVID-19"
"DE","80+",2022-02-20,2022-02-13,"-7 day ahead inc hosp","quantile",0.025,2586,"COVID-19"
"DE","80+",2022-02-20,2022-02-13,"-7 day ahead inc hosp","quantile",0.1,2660,"COVID-19"
"DE","80+",2022-02-20,2022-02-13,"-7 day ahead inc hosp","quantile",0.25,2737,"COVID-19"
"DE","80+",2022-02-20,2022-02-13,"-7 day ahead inc hosp","quantile",0.5,2836,"COVID-19"
"DE","80+",2022-02-20,2022-02-13,"-7 day ahead inc hosp","quantile",0.75,2949,"COVID-19"
"DE","80+",2022-02-20,2022-02-13,"-7 day ahead inc hosp","quantile",0.9,3064,"COVID-19"
"DE","80+",2022-02-20,2022-02-13,"-7 day ahead inc hosp","quantile",0.975,3208,"COVID-19"
"DE","80+",2022-02-20,2022-02-12,"-8 day ahead inc hosp","mean",NA,2861,"COVID-19"
"DE","80+",2022-02-20,2022-02-12,"-8 day ahead inc hosp","quantile",0.025,2606,"COVID-19"
"DE","80+",2022-02-20,2022-02-12,"-8 day ahead inc hosp","quantile",0.1,2676,"COVID-19"
"DE","80+",2022-02-20,2022-02-12,"-8 day ahead inc hosp","quantile",0.25,2750,"COVID-19"
"DE","80+",2022-02-20,2022-02-12,"-8 day ahead inc hosp","quantile",0.5,2845,"COVID-19"
"DE","80+",2022-02-20,2022-02-12,"-8 day ahead inc hosp","quantile",0.75,2954,"COVID-19"
"DE","80+",2022-02-20,2022-02-12,"-8 day ahead inc hosp","quantile",0.9,3066,"COVID-19"
"DE","80+",2022-02-20,2022-02-12,"-8 day ahead inc hosp","quantile",0.975,3207,"COVID-19"
"DE","80+",2022-02-20,2022-02-11,"-9 day ahead inc hosp","mean",NA,2835,"COVID-19"
"DE","80+",2022-02-20,2022-02-11,"-9 day ahead inc hosp","quantile",0.025,2605,"COVID-19"
"DE","80+",2022-02-20,2022-02-11,"-9 day ahead inc hosp","quantile",0.1,2668,"COVID-19"
"DE","80+",2022-02-20,2022-02-11,"-9 day ahead inc hosp","quantile",0.25,2735,"COVID-19"
"DE","80+",2022-02-20,2022-02-11,"-9 day ahead inc hosp","quantile",0.5,2820,"COVID-19"
"DE","80+",2022-02-20,2022-02-11,"-9 day ahead inc hosp","quantile",0.75,2920,"COVID-19"
"DE","80+",2022-02-20,2022-02-11,"-9 day ahead inc hosp","quantile",0.9,3021,"COVID-19"
"DE","80+",2022-02-20,2022-02-11,"-9 day ahead inc hosp","quantile",0.975,3149,"COVID-19"
"DE","80+",2022-02-20,2022-02-10,"-10 day ahead inc hosp","mean",NA,2865,"COVID-19"
"DE","80+",2022-02-20,2022-02-10,"-10 day ahead inc hosp","quantile",0.025,2657,"COVID-19"
"DE","80+",2022-02-20,2022-02-10,"-10 day ahead inc hosp","quantile",0.1,2713,"COVID-19"
"DE","80+",2022-02-20,2022-02-10,"-10 day ahead inc hosp","quantile",0.25,2773,"COVID-19"
"DE","80+",2022-02-20,2022-02-10,"-10 day ahead inc hosp","quantile",0.5,2851,"COVID-19"
"DE","80+",2022-02-20,2022-02-10,"-10 day ahead inc hosp","quantile",0.75,2941,"COVID-19"
"DE","80+",2022-02-20,2022-02-10,"-10 day ahead inc hosp","quantile",0.9,3034,"COVID-19"
"DE","80+",2022-02-20,2022-02-10,"-10 day ahead inc hosp","quantile",0.975,3150,"COVID-19"
"DE","80+",2022-02-20,2022-02-09,"-11 day ahead inc hosp","mean",NA,2797,"COVID-19"
"DE","80+",2022-02-20,2022-02-09,"-11 day ahead inc hosp","quantile",0.025,2614,"COVID-19"
"DE","80+",2022-02-20,2022-02-09,"-11 day ahead inc hosp","quantile",0.1,2663,"COVID-19"
"DE","80+",2022-02-20,2022-02-09,"-11 day ahead inc hosp","quantile",0.25,2716,"COVID-19"
"DE","80+",2022-02-20,2022-02-09,"-11 day ahead inc hosp","quantile",0.5,2785,"COVID-19"
"DE","80+",2022-02-20,2022-02-09,"-11 day ahead inc hosp","quantile",0.75,2865,"COVID-19"
"DE","80+",2022-02-20,2022-02-09,"-11 day ahead inc hosp","quantile",0.9,2947,"COVID-19"
"DE","80+",2022-02-20,2022-02-09,"-11 day ahead inc hosp","quantile",0.975,3051,"COVID-19"
"DE","80+",2022-02-20,2022-02-08,"-12 day ahead inc hosp","mean",NA,2697,"COVID-19"
"DE","80+",2022-02-20,2022-02-08,"-12 day ahead inc hosp","quantile",0.025,2540,"COVID-19"
"DE","80+",2022-02-20,2022-02-08,"-12 day ahead inc hosp","quantile",0.1,2582,"COVID-19"
"DE","80+",2022-02-20,2022-02-08,"-12 day ahead inc hosp","quantile",0.25,2627,"COVID-19"
"DE","80+",2022-02-20,2022-02-08,"-12 day ahead inc hosp","quantile",0.5,2686,"COVID-19"
"DE","80+",2022-02-20,2022-02-08,"-12 day ahead inc hosp","quantile",0.75,2755,"COVID-19"
"DE","80+",2022-02-20,2022-02-08,"-12 day ahead inc hosp","quantile",0.9,2826,"COVID-19"
"DE","80+",2022-02-20,2022-02-08,"-12 day ahead inc hosp","quantile",0.975,2917,"COVID-19"
"DE","80+",2022-02-20,2022-02-07,"-13 day ahead inc hosp","mean",NA,2556,"COVID-19"
"DE","80+",2022-02-20,2022-02-07,"-13 day ahead inc hosp","quantile",0.025,2422,"COVID-19"
"DE","80+",2022-02-20,2022-02-07,"-13 day ahead inc hosp","quantile",0.1,2458,"COVID-19"
"DE","80+",2022-02-20,2022-02-07,"-13 day ahead inc hosp","quantile",0.25,2496,"COVID-19"
"DE","80+",2022-02-20,2022-02-07,"-13 day ahead inc hosp","quantile",0.5,2546,"COVID-19"
"DE","80+",2022-02-20,2022-02-07,"-13 day ahead inc hosp","quantile",0.75,2606,"COVID-19"
"DE","80+",2022-02-20,2022-02-07,"-13 day ahead inc hosp","quantile",0.9,2667,"COVID-19"
"DE","80+",2022-02-20,2022-02-07,"-13 day ahead inc hosp","quantile",0.975,2745,"COVID-19"
"DE","80+",2022-02-20,2022-02-06,"-14 day ahead inc hosp","mean",NA,2490,"COVID-19"
"DE","80+",2022-02-20,2022-02-06,"-14 day ahead inc hosp","quantile",0.025,2364,"COVID-19"
"DE","80+",2022-02-20,2022-02-06,"-14 day ahead inc hosp","quantile",0.1,2397,"COVID-19"
"DE","80+",2022-02-20,2022-02-06,"-14 day ahead inc hosp","quantile",0.25,2433,"COVID-19"
"DE","80+",2022-02-20,2022-02-06,"-14 day ahead inc hosp","quantile",0.5,2480,"COVID-19"
"DE","80+",2022-02-20,2022-02-06,"-14 day ahead inc hosp","quantile",0.75,2536,"COVID-19"
"DE","80+",2022-02-20,2022-02-06,"-14 day ahead inc hosp","quantile",0.9,2595,"COVID-19"
"DE","80+",2022-02-20,2022-02-06,"-14 day ahead inc hosp","quantile",0.975,2668,"COVID-19"
"DE","80+",2022-02-20,2022-02-05,"-15 day ahead inc hosp","mean",NA,2419,"COVID-19"
"DE","80+",2022-02-20,2022-02-05,"-15 day ahead inc hosp","quantile",0.025,2301,"COVID-19"
"DE","80+",2022-02-20,2022-02-05,"-15 day ahead inc hosp","quantile",0.1,2332,"COVID-19"
"DE","80+",2022-02-20,2022-02-05,"-15 day ahead inc hosp","quantile",0.25,2365,"COVID-19"
"DE","80+",2022-02-20,2022-02-05,"-15 day ahead inc hosp","quantile",0.5,2410,"COVID-19"
"DE","80+",2022-02-20,2022-02-05,"-15 day ahead inc hosp","quantile",0.75,2462,"COVID-19"
"DE","80+",2022-02-20,2022-02-05,"-15 day ahead inc hosp","quantile",0.9,2517,"COVID-19"
"DE","80+",2022-02-20,2022-02-05,"-15 day ahead inc hosp","quantile",0.975,2588,"COVID-19"
"DE","80+",2022-02-20,2022-02-04,"-16 day ahead inc hosp","mean",NA,2323,"COVID-19"
"DE","80+",2022-02-20,2022-02-04,"-16 day ahead inc hosp","quantile",0.025,2215,"COVID-19"
"DE","80+",2022-02-20,2022-02-04,"-16 day ahead inc hosp","quantile",0.1,2242,"COVID-19"
"DE","80+",2022-02-20,2022-02-04,"-16 day ahead inc hosp","quantile",0.25,2273,"COVID-19"
"DE","80+",2022-02-20,2022-02-04,"-16 day ahead inc hosp","quantile",0.5,2314,"COVID-19"
"DE","80+",2022-02-20,2022-02-04,"-16 day ahead inc hosp","quantile",0.75,2363,"COVID-19"
"DE","80+",2022-02-20,2022-02-04,"-16 day ahead inc hosp","quantile",0.9,2415,"COVID-19"
"DE","80+",2022-02-20,2022-02-04,"-16 day ahead inc hosp","quantile",0.975,2482,"COVID-19"
"DE","80+",2022-02-20,2022-02-03,"-17 day ahead inc hosp","mean",NA,2107,"COVID-19"
"DE","80+",2022-02-20,2022-02-03,"-17 day ahead inc hosp","quantile",0.025,2019,"COVID-19"
"DE","80+",2022-02-20,2022-02-03,"-17 day ahead inc hosp","quantile",0.1,2041,"COVID-19"
"DE","80+",2022-02-20,2022-02-03,"-17 day ahead inc hosp","quantile",0.25,2066,"COVID-19"
"DE","80+",2022-02-20,2022-02-03,"-17 day ahead inc hosp","quantile",0.5,2100,"COVID-19"
"DE","80+",2022-02-20,2022-02-03,"-17 day ahead inc hosp","quantile",0.75,2141,"COVID-19"
"DE","80+",2022-02-20,2022-02-03,"-17 day ahead inc hosp","quantile",0.9,2183,"COVID-19"
"DE","80+",2022-02-20,2022-02-03,"-17 day ahead inc hosp","quantile",0.975,2238,"COVID-19"
"DE","80+",2022-02-20,2022-02-02,"-18 day ahead inc hosp","mean",NA,2005,"COVID-19"
"DE","80+",2022-02-20,2022-02-02,"-18 day ahead inc hosp","quantile",0.025,1929,"COVID-19"
"DE","80+",2022-02-20,2022-02-02,"-18 day ahead inc hosp","quantile",0.1,1948,"COVID-19"
"DE","80+",2022-02-20,2022-02-02,"-18 day ahead inc hosp","quantile",0.25,1969,"COVID-19"
"DE","80+",2022-02-20,2022-02-02,"-18 day ahead inc hosp","quantile",0.5,1998,"COVID-19"
"DE","80+",2022-02-20,2022-02-02,"-18 day ahead inc hosp","quantile",0.75,2033,"COVID-19"
"DE","80+",2022-02-20,2022-02-02,"-18 day ahead inc hosp","quantile",0.9,2070,"COVID-19"
"DE","80+",2022-02-20,2022-02-02,"-18 day ahead inc hosp","quantile",0.975,2117,"COVID-19"
"DE","80+",2022-02-20,2022-02-01,"-19 day ahead inc hosp","mean",NA,1884,"COVID-19"
"DE","80+",2022-02-20,2022-02-01,"-19 day ahead inc hosp","quantile",0.025,1821,"COVID-19"
"DE","80+",2022-02-20,2022-02-01,"-19 day ahead inc hosp","quantile",0.1,1837,"COVID-19"
"DE","80+",2022-02-20,2022-02-01,"-19 day ahead inc hosp","quantile",0.25,1855,"COVID-19"
"DE","80+",2022-02-20,2022-02-01,"-19 day ahead inc hosp","quantile",0.5,1879,"COVID-19"
"DE","80+",2022-02-20,2022-02-01,"-19 day ahead inc hosp","quantile",0.75,1908,"COVID-19"
"DE","80+",2022-02-20,2022-02-01,"-19 day ahead inc hosp","quantile",0.9,1938,"COVID-19"
"DE","80+",2022-02-20,2022-02-01,"-19 day ahead inc hosp","quantile",0.975,1978,"COVID-19"
"DE","80+",2022-02-20,2022-01-31,"-20 day ahead inc hosp","mean",NA,1858,"COVID-19"
"DE","80+",2022-02-20,2022-01-31,"-20 day ahead inc hosp","quantile",0.025,1802,"COVID-19"
"DE","80+",2022-02-20,2022-01-31,"-20 day ahead inc hosp","quantile",0.1,1816,"COVID-19"
"DE","80+",2022-02-20,2022-01-31,"-20 day ahead inc hosp","quantile",0.25,1832,"COVID-19"
"DE","80+",2022-02-20,2022-01-31,"-20 day ahead inc hosp","quantile",0.5,1853,"COVID-19"
"DE","80+",2022-02-20,2022-01-31,"-20 day ahead inc hosp","quantile",0.75,1880,"COVID-19"
"DE","80+",2022-02-20,2022-01-31,"-20 day ahead inc hosp","quantile",0.9,1907,"COVID-19"
"DE","80+",2022-02-20,2022-01-31,"-20 day ahead inc hosp","quantile",0.975,1943,"COVID-19"
"DE","80+",2022-02-20,2022-01-30,"-21 day ahead inc hosp","mean",NA,1850,"COVID-19"
"DE","80+",2022-02-20,2022-01-30,"-21 day ahead inc hosp","quantile",0.025,1794,"COVID-19"
"DE","80+",2022-02-20,2022-01-30,"-21 day ahead inc hosp","quantile",0.1,1808,"COVID-19"
"DE","80+",2022-02-20,2022-01-30,"-21 day ahead inc hosp","quantile",0.25,1823,"COVID-19"
"DE","80+",2022-02-20,2022-01-30,"-21 day ahead inc hosp","quantile",0.5,1845,"COVID-19"
"DE","80+",2022-02-20,2022-01-30,"-21 day ahead inc hosp","quantile",0.75,1870,"COVID-19"
"DE","80+",2022-02-20,2022-01-30,"-21 day ahead inc hosp","quantile",0.9,1898,"COVID-19"
"DE","80+",2022-02-20,2022-01-30,"-21 day ahead inc hosp","quantile",0.975,1933,"COVID-19"
"DE","80+",2022-02-20,2022-01-29,"-22 day ahead inc hosp","mean",NA,1812,"COVID-19"
"DE","80+",2022-02-20,2022-01-29,"-22 day ahead inc hosp","quantile",0.025,1759,"COVID-19"
"DE","80+",2022-02-20,2022-01-29,"-22 day ahead inc hosp","quantile",0.1,1772,"COVID-19"
"DE","80+",2022-02-20,2022-01-29,"-22 day ahead inc hosp","quantile",0.25,1786,"COVID-19"
"DE","80+",2022-02-20,2022-01-29,"-22 day ahead inc hosp","quantile",0.5,1807,"COVID-19"
"DE","80+",2022-02-20,2022-01-29,"-22 day ahead inc hosp","quantile",0.75,1832,"COVID-19"
"DE","80+",2022-02-20,2022-01-29,"-22 day ahead inc hosp","quantile",0.9,1859,"COVID-19"
"DE","80+",2022-02-20,2022-01-29,"-22 day ahead inc hosp","quantile",0.975,1894,"COVID-19"
"DE","80+",2022-02-20,2022-01-28,"-23 day ahead inc hosp","mean",NA,1742,"COVID-19"
"DE","80+",2022-02-20,2022-01-28,"-23 day ahead inc hosp","quantile",0.025,1694,"COVID-19"
"DE","80+",2022-02-20,2022-01-28,"-23 day ahead inc hosp","quantile",0.1,1705,"COVID-19"
"DE","80+",2022-02-20,2022-01-28,"-23 day ahead inc hosp","quantile",0.25,1718,"COVID-19"
"DE","80+",2022-02-20,2022-01-28,"-23 day ahead inc hosp","quantile",0.5,1737,"COVID-19"
"DE","80+",2022-02-20,2022-01-28,"-23 day ahead inc hosp","quantile",0.75,1760,"COVID-19"
"DE","80+",2022-02-20,2022-01-28,"-23 day ahead inc hosp","quantile",0.9,1785,"COVID-19"
"DE","80+",2022-02-20,2022-01-28,"-23 day ahead inc hosp","quantile",0.975,1819,"COVID-19"
"DE","80+",2022-02-20,2022-01-27,"-24 day ahead inc hosp","mean",NA,1676,"COVID-19"
"DE","80+",2022-02-20,2022-01-27,"-24 day ahead inc hosp","quantile",0.025,1633,"COVID-19"
"DE","80+",2022-02-20,2022-01-27,"-24 day ahead inc hosp","quantile",0.1,1642,"COVID-19"
"DE","80+",2022-02-20,2022-01-27,"-24 day ahead inc hosp","quantile",0.25,1654,"COVID-19"
"DE","80+",2022-02-20,2022-01-27,"-24 day ahead inc hosp","quantile",0.5,1671,"COVID-19"
"DE","80+",2022-02-20,2022-01-27,"-24 day ahead inc hosp","quantile",0.75,1692,"COVID-19"
"DE","80+",2022-02-20,2022-01-27,"-24 day ahead inc hosp","quantile",0.9,1715,"COVID-19"
"DE","80+",2022-02-20,2022-01-27,"-24 day ahead inc hosp","quantile",0.975,1746,"COVID-19"
"DE","80+",2022-02-20,2022-01-26,"-25 day ahead inc hosp","mean",NA,1601,"COVID-19"
"DE","80+",2022-02-20,2022-01-26,"-25 day ahead inc hosp","quantile",0.025,1564,"COVID-19"
"DE","80+",2022-02-20,2022-01-26,"-25 day ahead inc hosp","quantile",0.1,1572,"COVID-19"
"DE","80+",2022-02-20,2022-01-26,"-25 day ahead inc hosp","quantile",0.25,1582,"COVID-19"
"DE","80+",2022-02-20,2022-01-26,"-25 day ahead inc hosp","quantile",0.5,1597,"COVID-19"
"DE","80+",2022-02-20,2022-01-26,"-25 day ahead inc hosp","quantile",0.75,1616,"COVID-19"
"DE","80+",2022-02-20,2022-01-26,"-25 day ahead inc hosp","quantile",0.9,1636,"COVID-19"
"DE","80+",2022-02-20,2022-01-26,"-25 day ahead inc hosp","quantile",0.975,1664,"COVID-19"
"DE","80+",2022-02-20,2022-01-25,"-26 day ahead inc hosp","mean",NA,1511,"COVID-19"
"DE","80+",2022-02-20,2022-01-25,"-26 day ahead inc hosp","quantile",0.025,1479,"COVID-19"
"DE","80+",2022-02-20,2022-01-25,"-26 day ahead inc hosp","quantile",0.1,1486,"COVID-19"
"DE","80+",2022-02-20,2022-01-25,"-26 day ahead inc hosp","quantile",0.25,1494,"COVID-19"
"DE","80+",2022-02-20,2022-01-25,"-26 day ahead inc hosp","quantile",0.5,1507,"COVID-19"
"DE","80+",2022-02-20,2022-01-25,"-26 day ahead inc hosp","quantile",0.75,1523,"COVID-19"
"DE","80+",2022-02-20,2022-01-25,"-26 day ahead inc hosp","quantile",0.9,1541,"COVID-19"
"DE","80+",2022-02-20,2022-01-25,"-26 day ahead inc hosp","quantile",0.975,1566,"COVID-19"
"DE","80+",2022-02-20,2022-01-24,"-27 day ahead inc hosp","mean",NA,1439,"COVID-19"
"DE","80+",2022-02-20,2022-01-24,"-27 day ahead inc hosp","quantile",0.025,1412,"COVID-19"
"DE","80+",2022-02-20,2022-01-24,"-27 day ahead inc hosp","quantile",0.1,1417,"COVID-19"
"DE","80+",2022-02-20,2022-01-24,"-27 day ahead inc hosp","quantile",0.25,1424,"COVID-19"
"DE","80+",2022-02-20,2022-01-24,"-27 day ahead inc hosp","quantile",0.5,1435,"COVID-19"
"DE","80+",2022-02-20,2022-01-24,"-27 day ahead inc hosp","quantile",0.75,1449,"COVID-19"
"DE","80+",2022-02-20,2022-01-24,"-27 day ahead inc hosp","quantile",0.9,1465,"COVID-19"
"DE","80+",2022-02-20,2022-01-24,"-27 day ahead inc hosp","quantile",0.975,1486,"COVID-19"
"DE","80+",2022-02-20,2022-01-23,"-28 day ahead inc hosp","mean",NA,1380,"COVID-19"
"DE","80+",2022-02-20,2022-01-23,"-28 day ahead inc hosp","quantile",0.025,1354,"COVID-19"
"DE","80+",2022-02-20,2022-01-23,"-28 day ahead inc hosp","quantile",0.1,1359,"COVID-19"
"DE","80+",2022-02-20,2022-01-23,"-28 day ahead inc hosp","quantile",0.25,1366,"COVID-19"
"DE","80+",2022-02-20,2022-01-23,"-28 day ahead inc hosp","quantile",0.5,1376,"COVID-19"
"DE","80+",2022-02-20,2022-01-23,"-28 day ahead inc hosp","quantile",0.75,1389,"COVID-19"
"DE","80+",2022-02-20,2022-01-23,"-28 day ahead inc hosp","quantile",0.9,1404,"COVID-19"
"DE","80+",2022-02-20,2022-01-23,"-28 day ahead inc hosp","quantile",0.975,1425,"COVID-19"
"DE-BB","00+",2022-02-20,2022-02-20,"0 day ahead inc hosp","mean",NA,212,"COVID-19"
"DE-BB","00+",2022-02-20,2022-02-20,"0 day ahead inc hosp","quantile",0.025,138,"COVID-19"
"DE-BB","00+",2022-02-20,2022-02-20,"0 day ahead inc hosp","quantile",0.1,154,"COVID-19"
"DE-BB","00+",2022-02-20,2022-02-20,"0 day ahead inc hosp","quantile",0.25,174,"COVID-19"
"DE-BB","00+",2022-02-20,2022-02-20,"0 day ahead inc hosp","quantile",0.5,203,"COVID-19"
"DE-BB","00+",2022-02-20,2022-02-20,"0 day ahead inc hosp","quantile",0.75,240,"COVID-19"
"DE-BB","00+",2022-02-20,2022-02-20,"0 day ahead inc hosp","quantile",0.9,282,"COVID-19"
"DE-BB","00+",2022-02-20,2022-02-20,"0 day ahead inc hosp","quantile",0.975,337,"COVID-19"
"DE-BB","00+",2022-02-20,2022-02-19,"-1 day ahead inc hosp","mean",NA,233,"COVID-19"
"DE-BB","00+",2022-02-20,2022-02-19,"-1 day ahead inc hosp","quantile",0.025,153,"COVID-19"
"DE-BB","00+",2022-02-20,2022-02-19,"-1 day ahead inc hosp","quantile",0.1,170,"COVID-19"
"DE-BB","00+",2022-02-20,2022-02-19,"-1 day ahead inc hosp","quantile",0.25,191,"COVID-19"
"DE-BB","00+",2022-02-20,2022-02-19,"-1 day ahead inc hosp","quantile",0.5,222,"COVID-19"
"DE-BB","00+",2022-02-20,2022-02-19,"-1 day ahead inc hosp","quantile",0.75,264,"COVID-19"
"DE-BB","00+",2022-02-20,2022-02-19,"-1 day ahead inc hosp","quantile",0.9,310,"COVID-19"
"DE-BB","00+",2022-02-20,2022-02-19,"-1 day ahead inc hosp","quantile",0.975,373,"COVID-19"
"DE-BB","00+",2022-02-20,2022-02-18,"-2 day ahead inc hosp","mean",NA,215,"COVID-19"
"DE-BB","00+",2022-02-20,2022-02-18,"-2 day ahead inc hosp","quantile",0.025,153,"COVID-19"
"DE-BB","00+",2022-02-20,2022-02-18,"-2 day ahead inc hosp","quantile",0.1,165,"COVID-19"
"DE-BB","00+",2022-02-20,2022-02-18,"-2 day ahead inc hosp","quantile",0.25,181,"COVID-19"
"DE-BB","00+",2022-02-20,2022-02-18,"-2 day ahead inc hosp","quantile",0.5,206,"COVID-19"
"DE-BB","00+",2022-02-20,2022-02-18,"-2 day ahead inc hosp","quantile",0.75,240,"COVID-19"
"DE-BB","00+",2022-02-20,2022-02-18,"-2 day ahead inc hosp","quantile",0.9,277,"COVID-19"
"DE-BB","00+",2022-02-20,2022-02-18,"-2 day ahead inc hosp","quantile",0.975,328,"COVID-19"
"DE-BB","00+",2022-02-20,2022-02-17,"-3 day ahead inc hosp","mean",NA,213,"COVID-19"
"DE-BB","00+",2022-02-20,2022-02-17,"-3 day ahead inc hosp","quantile",0.025,158,"COVID-19"
"DE-BB","00+",2022-02-20,2022-02-17,"-3 day ahead inc hosp","quantile",0.1,169,"COVID-19"
"DE-BB","00+",2022-02-20,2022-02-17,"-3 day ahead inc hosp","quantile",0.25,183,"COVID-19"
"DE-BB","00+",2022-02-20,2022-02-17,"-3 day ahead inc hosp","quantile",0.5,205,"COVID-19"
"DE-BB","00+",2022-02-20,2022-02-17,"-3 day ahead inc hosp","quantile",0.75,234,"COVID-19"
"DE-BB","00+",2022-02-20,2022-02-17,"-3 day ahead inc hosp","quantile",0.9,267,"COVID-19"
"DE-BB","00+",2022-02-20,2022-02-17,"-3 day ahead inc hosp","quantile",0.975,313,"COVID-19"
"DE-BB","00+",2022-02-20,2022-02-16,"-4 day ahead inc hosp","mean",NA,222,"COVID-19"
"DE-BB","00+",2022-02-20,2022-02-16,"-4 day ahead inc hosp","quantile",0.025,170,"COVID-19"
"DE-BB","00+",2022-02-20,2022-02-16,"-4 day ahead inc hosp","quantile",0.1,180,"COVID-19"
"DE-BB","00+",2022-02-20,2022-02-16,"-4 day ahead inc hosp","quantile",0.25,193,"COVID-19"
"DE-BB","00+",2022-02-20,2022-02-16,"-4 day ahead inc hosp","quantile",0.5,214,"COVID-19"
"DE-BB","00+",2022-02-20,2022-02-16,"-4 day ahead inc hosp","quantile",0.75,242,"COVID-19"
"DE-BB","00+",2022-02-20,2022-02-16,"-4 day ahead inc hosp","quantile",0.9,273,"COVID-19"
"DE-BB","00+",2022-02-20,2022-02-16,"-4 day ahead inc hosp","quantile",0.975,317,"COVID-19"
"DE-BB","00+",2022-02-20,2022-02-15,"-5 day ahead inc hosp","mean",NA,238,"COVID-19"
"DE-BB","00+",2022-02-20,2022-02-15,"-5 day ahead inc hosp","quantile",0.025,192,"COVID-19"
"DE-BB","00+",2022-02-20,2022-02-15,"-5 day ahead inc hosp","quantile",0.1,201,"COVID-19"
"DE-BB","00+",2022-02-20,2022-02-15,"-5 day ahead inc hosp","quantile",0.25,213,"COVID-19"
"DE-BB","00+",2022-02-20,2022-02-15,"-5 day ahead inc hosp","quantile",0.5,231,"COVID-19"
"DE-BB","00+",2022-02-20,2022-02-15,"-5 day ahead inc hosp","quantile",0.75,257,"COVID-19"
"DE-BB","00+",2022-02-20,2022-02-15,"-5 day ahead inc hosp","quantile",0.9,285,"COVID-19"
"DE-BB","00+",2022-02-20,2022-02-15,"-5 day ahead inc hosp","quantile",0.975,325,"COVID-19"
"DE-BB","00+",2022-02-20,2022-02-14,"-6 day ahead inc hosp","mean",NA,243,"COVID-19"
"DE-BB","00+",2022-02-20,2022-02-14,"-6 day ahead inc hosp","quantile",0.025,203,"COVID-19"
"DE-BB","00+",2022-02-20,2022-02-14,"-6 day ahead inc hosp","quantile",0.1,210,"COVID-19"
"DE-BB","00+",2022-02-20,2022-02-14,"-6 day ahead inc hosp","quantile",0.25,221,"COVID-19"
"DE-BB","00+",2022-02-20,2022-02-14,"-6 day ahead inc hosp","quantile",0.5,237,"COVID-19"
"DE-BB","00+",2022-02-20,2022-02-14,"-6 day ahead inc hosp","quantile",0.75,259,"COVID-19"
"DE-BB","00+",2022-02-20,2022-02-14,"-6 day ahead inc hosp","quantile",0.9,284,"COVID-19"
"DE-BB","00+",2022-02-20,2022-02-14,"-6 day ahead inc hosp","quantile",0.975,319,"COVID-19"
"DE-BB","00+",2022-02-20,2022-02-13,"-7 day ahead inc hosp","mean",NA,251,"COVID-19"
"DE-BB","00+",2022-02-20,2022-02-13,"-7 day ahead inc hosp","quantile",0.025,211,"COVID-19"
"DE-BB","00+",2022-02-20,2022-02-13,"-7 day ahead inc hosp","quantile",0.1,218,"COVID-19"
"DE-BB","00+",2022-02-20,2022-02-13,"-7 day ahead inc hosp","quantile",0.25,228,"COVID-19"
"DE-BB","00+",2022-02-20,2022-02-13,"-7 day ahead inc hosp","quantile",0.5,244,"COVID-19"
"DE-BB","00+",2022-02-20,2022-02-13,"-7 day ahead inc hosp","quantile",0.75,266,"COVID-19"
"DE-BB","00+",2022-02-20,2022-02-13,"-7 day ahead inc hosp","quantile",0.9,292,"COVID-19"
"DE-BB","00+",2022-02-20,2022-02-13,"-7 day ahead inc hosp","quantile",0.975,327,"COVID-19"
"DE-BB","00+",2022-02-20,2022-02-12,"-8 day ahead inc hosp","mean",NA,234,"COVID-19"
"DE-BB","00+",2022-02-20,2022-02-12,"-8 day ahead inc hosp","quantile",0.025,199,"COVID-19"
"DE-BB","00+",2022-02-20,2022-02-12,"-8 day ahead inc hosp","quantile",0.1,205,"COVID-19"
"DE-BB","00+",2022-02-20,2022-02-12,"-8 day ahead inc hosp","quantile",0.25,214,"COVID-19"
"DE-BB","00+",2022-02-20,2022-02-12,"-8 day ahead inc hosp","quantile",0.5,228,"COVID-19"
"DE-BB","00+",2022-02-20,2022-02-12,"-8 day ahead inc hosp","quantile",0.75,248,"COVID-19"
"DE-BB","00+",2022-02-20,2022-02-12,"-8 day ahead inc hosp","quantile",0.9,272,"COVID-19"
"DE-BB","00+",2022-02-20,2022-02-12,"-8 day ahead inc hosp","quantile",0.975,305,"COVID-19"
"DE-BB","00+",2022-02-20,2022-02-11,"-9 day ahead inc hosp","mean",NA,214,"COVID-19"
"DE-BB","00+",2022-02-20,2022-02-11,"-9 day ahead inc hosp","quantile",0.025,185,"COVID-19"
"DE-BB","00+",2022-02-20,2022-02-11,"-9 day ahead inc hosp","quantile",0.1,190,"COVID-19"
"DE-BB","00+",2022-02-20,2022-02-11,"-9 day ahead inc hosp","quantile",0.25,197,"COVID-19"
"DE-BB","00+",2022-02-20,2022-02-11,"-9 day ahead inc hosp","quantile",0.5,209,"COVID-19"
"DE-BB","00+",2022-02-20,2022-02-11,"-9 day ahead inc hosp","quantile",0.75,226,"COVID-19"
"DE-BB","00+",2022-02-20,2022-02-11,"-9 day ahead inc hosp","quantile",0.9,246,"COVID-19"
"DE-BB","00+",2022-02-20,2022-02-11,"-9 day ahead inc hosp","quantile",0.975,274,"COVID-19"
"DE-BB","00+",2022-02-20,2022-02-10,"-10 day ahead inc hosp","mean",NA,223,"COVID-19"
"DE-BB","00+",2022-02-20,2022-02-10,"-10 day ahead inc hosp","quantile",0.025,196,"COVID-19"
"DE-BB","00+",2022-02-20,2022-02-10,"-10 day ahead inc hosp","quantile",0.1,201,"COVID-19"
"DE-BB","00+",2022-02-20,2022-02-10,"-10 day ahead inc hosp","quantile",0.25,207,"COVID-19"
"DE-BB","00+",2022-02-20,2022-02-10,"-10 day ahead inc hosp","quantile",0.5,218,"COVID-19"
"DE-BB","00+",2022-02-20,2022-02-10,"-10 day ahead inc hosp","quantile",0.75,234,"COVID-19"
"DE-BB","00+",2022-02-20,2022-02-10,"-10 day ahead inc hosp","quantile",0.9,253,"COVID-19"
"DE-BB","00+",2022-02-20,2022-02-10,"-10 day ahead inc hosp","quantile",0.975,279,"COVID-19"
"DE-BB","00+",2022-02-20,2022-02-09,"-11 day ahead inc hosp","mean",NA,221,"COVID-19"
"DE-BB","00+",2022-02-20,2022-02-09,"-11 day ahead inc hosp","quantile",0.025,196,"COVID-19"
"DE-BB","00+",2022-02-20,2022-02-09,"-11 day ahead inc hosp","quantile",0.1,200,"COVID-19"
"DE-BB","00+",2022-02-20,2022-02-09,"-11 day ahead inc hosp","quantile",0.25,206,"COVID-19"
"DE-BB","00+",2022-02-20,2022-02-09,"-11 day ahead inc hosp","quantile",0.5,216,"COVID-19"
"DE-BB","00+",2022-02-20,2022-02-09,"-11 day ahead inc hosp","quantile",0.75,231,"COVID-19"
"DE-BB","00+",2022-02-20,2022-02-09,"-11 day ahead inc hosp","quantile",0.9,248,"COVID-19"
"DE-BB","00+",2022-02-20,2022-02-09,"-11 day ahead inc hosp","quantile",0.975,271,"COVID-19"
"DE-BB","00+",2022-02-20,2022-02-08,"-12 day ahead inc hosp","mean",NA,220,"COVID-19"
"DE-BB","00+",2022-02-20,2022-02-08,"-12 day ahead inc hosp","quantile",0.025,200,"COVID-19"
"DE-BB","00+",2022-02-20,2022-02-08,"-12 day ahead inc hosp","quantile",0.1,203,"COVID-19"
"DE-BB","00+",2022-02-20,2022-02-08,"-12 day ahead inc hosp","quantile",0.25,208,"COVID-19"
"DE-BB","00+",2022-02-20,2022-02-08,"-12 day ahead inc hosp","quantile",0.5,216,"COVID-19"
"DE-BB","00+",2022-02-20,2022-02-08,"-12 day ahead inc hosp","quantile",0.75,228,"COVID-19"
"DE-BB","00+",2022-02-20,2022-02-08,"-12 day ahead inc hosp","quantile",0.9,242,"COVID-19"
"DE-BB","00+",2022-02-20,2022-02-08,"-12 day ahead inc hosp","quantile",0.975,262,"COVID-19"
"DE-BB","00+",2022-02-20,2022-02-07,"-13 day ahead inc hosp","mean",NA,209,"COVID-19"
"DE-BB","00+",2022-02-20,2022-02-07,"-13 day ahead inc hosp","quantile",0.025,193,"COVID-19"
"DE-BB","00+",2022-02-20,2022-02-07,"-13 day ahead inc hosp","quantile",0.1,195,"COVID-19"
"DE-BB","00+",2022-02-20,2022-02-07,"-13 day ahead inc hosp","quantile",0.25,199,"COVID-19"
"DE-BB","00+",2022-02-20,2022-02-07,"-13 day ahead inc hosp","quantile",0.5,206,"COVID-19"
"DE-BB","00+",2022-02-20,2022-02-07,"-13 day ahead inc hosp","quantile",0.75,215,"COVID-19"
"DE-BB","00+",2022-02-20,2022-02-07,"-13 day ahead inc hosp","quantile",0.9,227,"COVID-19"
"DE-BB","00+",2022-02-20,2022-02-07,"-13 day ahead inc hosp","quantile",0.975,243,"COVID-19"
"DE-BB","00+",2022-02-20,2022-02-06,"-14 day ahead inc hosp","mean",NA,197,"COVID-19"
"DE-BB","00+",2022-02-20,2022-02-06,"-14 day ahead inc hosp","quantile",0.025,183,"COVID-19"
"DE-BB","00+",2022-02-20,2022-02-06,"-14 day ahead inc hosp","quantile",0.1,185,"COVID-19"
"DE-BB","00+",2022-02-20,2022-02-06,"-14 day ahead inc hosp","quantile",0.25,188,"COVID-19"
"DE-BB","00+",2022-02-20,2022-02-06,"-14 day ahead inc hosp","quantile",0.5,194,"COVID-19"
"DE-BB","00+",2022-02-20,2022-02-06,"-14 day ahead inc hosp","quantile",0.75,202,"COVID-19"
"DE-BB","00+",2022-02-20,2022-02-06,"-14 day ahead inc hosp","quantile",0.9,212,"COVID-19"
"DE-BB","00+",2022-02-20,2022-02-06,"-14 day ahead inc hosp","quantile",0.975,227,"COVID-19"
"DE-BB","00+",2022-02-20,2022-02-05,"-15 day ahead inc hosp","mean",NA,204,"COVID-19"
"DE-BB","00+",2022-02-20,2022-02-05,"-15 day ahead inc hosp","quantile",0.025,190,"COVID-19"
"DE-BB","00+",2022-02-20,2022-02-05,"-15 day ahead inc hosp","quantile",0.1,192,"COVID-19"
"DE-BB","00+",2022-02-20,2022-02-05,"-15 day ahead inc hosp","quantile",0.25,195,"COVID-19"
"DE-BB","00+",2022-02-20,2022-02-05,"-15 day ahead inc hosp","quantile",0.5,201,"COVID-19"
"DE-BB","00+",2022-02-20,2022-02-05,"-15 day ahead inc hosp","quantile",0.75,209,"COVID-19"
"DE-BB","00+",2022-02-20,2022-02-05,"-15 day ahead inc hosp","quantile",0.9,219,"COVID-19"
"DE-BB","00+",2022-02-20,2022-02-05,"-15 day ahead inc hosp","quantile",0.975,234,"COVID-19"
"DE-BB","00+",2022-02-20,2022-02-04,"-16 day ahead inc hosp","mean",NA,207,"COVID-19"
"DE-BB","00+",2022-02-20,2022-02-04,"-16 day ahead inc hosp","quantile",0.025,193,"COVID-19"
"DE-BB","00+",2022-02-20,2022-02-04,"-16 day ahead inc hosp","quantile",0.1,195,"COVID-19"
"DE-BB","00+",2022-02-20,2022-02-04,"-16 day ahead inc hosp","quantile",0.25,198,"COVID-19"
"DE-BB","00+",2022-02-20,2022-02-04,"-16 day ahead inc hosp","quantile",0.5,204,"COVID-19"
"DE-BB","00+",2022-02-20,2022-02-04,"-16 day ahead inc hosp","quantile",0.75,212,"COVID-19"
"DE-BB","00+",2022-02-20,2022-02-04,"-16 day ahead inc hosp","quantile",0.9,222,"COVID-19"
"DE-BB","00+",2022-02-20,2022-02-04,"-16 day ahead inc hosp","quantile",0.975,236,"COVID-19"
"DE-BB","00+",2022-02-20,2022-02-03,"-17 day ahead inc hosp","mean",NA,201,"COVID-19"
"DE-BB","00+",2022-02-20,2022-02-03,"-17 day ahead inc hosp","quantile",0.025,189,"COVID-19"
"DE-BB","00+",2022-02-20,2022-02-03,"-17 day ahead inc hosp","quantile",0.1,191,"COVID-19"
"DE-BB","00+",2022-02-20,2022-02-03,"-17 day ahead inc hosp","quantile",0.25,193,"COVID-19"
"DE-BB","00+",2022-02-20,2022-02-03,"-17 day ahead inc hosp","quantile",0.5,198,"COVID-19"
"DE-BB","00+",2022-02-20,2022-02-03,"-17 day ahead inc hosp","quantile",0.75,205,"COVID-19"
"DE-BB","00+",2022-02-20,2022-02-03,"-17 day ahead inc hosp","quantile",0.9,214,"COVID-19"
"DE-BB","00+",2022-02-20,2022-02-03,"-17 day ahead inc hosp","quantile",0.975,227,"COVID-19"
"DE-BB","00+",2022-02-20,2022-02-02,"-18 day ahead inc hosp","mean",NA,200,"COVID-19"
"DE-BB","00+",2022-02-20,2022-02-02,"-18 day ahead inc hosp","quantile",0.025,189,"COVID-19"
"DE-BB","00+",2022-02-20,2022-02-02,"-18 day ahead inc hosp","quantile",0.1,190,"COVID-19"
"DE-BB","00+",2022-02-20,2022-02-02,"-18 day ahead inc hosp","quantile",0.25,193,"COVID-19"
"DE-BB","00+",2022-02-20,2022-02-02,"-18 day ahead inc hosp","quantile",0.5,197,"COVID-19"
"DE-BB","00+",2022-02-20,2022-02-02,"-18 day ahead inc hosp","quantile",0.75,204,"COVID-19"
"DE-BB","00+",2022-02-20,2022-02-02,"-18 day ahead inc hosp","quantile",0.9,212,"COVID-19"
"DE-BB","00+",2022-02-20,2022-02-02,"-18 day ahead inc hosp","quantile",0.975,224,"COVID-19"
"DE-BB","00+",2022-02-20,2022-02-01,"-19 day ahead inc hosp","mean",NA,188,"COVID-19"
"DE-BB","00+",2022-02-20,2022-02-01,"-19 day ahead inc hosp","quantile",0.025,180,"COVID-19"
"DE-BB","00+",2022-02-20,2022-02-01,"-19 day ahead inc hosp","quantile",0.1,181,"COVID-19"
"DE-BB","00+",2022-02-20,2022-02-01,"-19 day ahead inc hosp","quantile",0.25,183,"COVID-19"
"DE-BB","00+",2022-02-20,2022-02-01,"-19 day ahead inc hosp","quantile",0.5,186,"COVID-19"
"DE-BB","00+",2022-02-20,2022-02-01,"-19 day ahead inc hosp","quantile",0.75,192,"COVID-19"
"DE-BB","00+",2022-02-20,2022-02-01,"-19 day ahead inc hosp","quantile",0.9,198,"COVID-19"
"DE-BB","00+",2022-02-20,2022-02-01,"-19 day ahead inc hosp","quantile",0.975,208,"COVID-19"
"DE-BB","00+",2022-02-20,2022-01-31,"-20 day ahead inc hosp","mean",NA,184,"COVID-19"
"DE-BB","00+",2022-02-20,2022-01-31,"-20 day ahead inc hosp","quantile",0.025,177,"COVID-19"
"DE-BB","00+",2022-02-20,2022-01-31,"-20 day ahead inc hosp","quantile",0.1,178,"COVID-19"
"DE-BB","00+",2022-02-20,2022-01-31,"-20 day ahead inc hosp","quantile",0.25,179,"COVID-19"
"DE-BB","00+",2022-02-20,2022-01-31,"-20 day ahead inc hosp","quantile",0.5,182,"COVID-19"
"DE-BB","00+",2022-02-20,2022-01-31,"-20 day ahead inc hosp","quantile",0.75,187,"COVID-19"
"DE-BB","00+",2022-02-20,2022-01-31,"-20 day ahead inc hosp","quantile",0.9,192,"COVID-19"
"DE-BB","00+",2022-02-20,2022-01-31,"-20 day ahead inc hosp","quantile",0.975,200,"COVID-19"
"DE-BB","00+",2022-02-20,2022-01-30,"-21 day ahead inc hosp","mean",NA,183,"COVID-19"
"DE-BB","00+",2022-02-20,2022-01-30,"-21 day ahead inc hosp","quantile",0.025,177,"COVID-19"
"DE-BB","00+",2022-02-20,2022-01-30,"-21 day ahead inc hosp","quantile",0.1,178,"COVID-19"
"DE-BB","00+",2022-02-20,2022-01-30,"-21 day ahead inc hosp","quantile",0.25,179,"COVID-19"
"DE-BB","00+",2022-02-20,2022-01-30,"-21 day ahead inc hosp","quantile",0.5,182,"COVID-19"
"DE-BB","00+",2022-02-20,2022-01-30,"-21 day ahead inc hosp","quantile",0.75,186,"COVID-19"
"DE-BB","00+",2022-02-20,2022-01-30,"-21 day ahead inc hosp","quantile",0.9,192,"COVID-19"
"DE-BB","00+",2022-02-20,2022-01-30,"-21 day ahead inc hosp","quantile",0.975,200,"COVID-19"
"DE-BB","00+",2022-02-20,2022-01-29,"-22 day ahead inc hosp","mean",NA,185,"COVID-19"
"DE-BB","00+",2022-02-20,2022-01-29,"-22 day ahead inc hosp","quantile",0.025,179,"COVID-19"
"DE-BB","00+",2022-02-20,2022-01-29,"-22 day ahead inc hosp","quantile",0.1,179,"COVID-19"
"DE-BB","00+",2022-02-20,2022-01-29,"-22 day ahead inc hosp","quantile",0.25,181,"COVID-19"
"DE-BB","00+",2022-02-20,2022-01-29,"-22 day ahead inc hosp","quantile",0.5,183,"COVID-19"
"DE-BB","00+",2022-02-20,2022-01-29,"-22 day ahead inc hosp","quantile",0.75,187,"COVID-19"
"DE-BB","00+",2022-02-20,2022-01-29,"-22 day ahead inc hosp","quantile",0.9,193,"COVID-19"
"DE-BB","00+",2022-02-20,2022-01-29,"-22 day ahead inc hosp","quantile",0.975,200,"COVID-19"
"DE-BB","00+",2022-02-20,2022-01-28,"-23 day ahead inc hosp","mean",NA,191,"COVID-19"
"DE-BB","00+",2022-02-20,2022-01-28,"-23 day ahead inc hosp","quantile",0.025,186,"COVID-19"
"DE-BB","00+",2022-02-20,2022-01-28,"-23 day ahead inc hosp","quantile",0.1,186,"COVID-19"
"DE-BB","00+",2022-02-20,2022-01-28,"-23 day ahead inc hosp","quantile",0.25,187,"COVID-19"
"DE-BB","00+",2022-02-20,2022-01-28,"-23 day ahead inc hosp","quantile",0.5,190,"COVID-19"
"DE-BB","00+",2022-02-20,2022-01-28,"-23 day ahead inc hosp","quantile",0.75,194,"COVID-19"
"DE-BB","00+",2022-02-20,2022-01-28,"-23 day ahead inc hosp","quantile",0.9,198,"COVID-19"
"DE-BB","00+",2022-02-20,2022-01-28,"-23 day ahead inc hosp","quantile",0.975,205,"COVID-19"
"DE-BB","00+",2022-02-20,2022-01-27,"-24 day ahead inc hosp","mean",NA,186,"COVID-19"
"DE-BB","00+",2022-02-20,2022-01-27,"-24 day ahead inc hosp","quantile",0.025,182,"COVID-19"
"DE-BB","00+",2022-02-20,2022-01-27,"-24 day ahead inc hosp","quantile",0.1,182,"COVID-19"
"DE-BB","00+",2022-02-20,2022-01-27,"-24 day ahead inc hosp","quantile",0.25,183,"COVID-19"
"DE-BB","00+",2022-02-20,2022-01-27,"-24 day ahead inc hosp","quantile",0.5,185,"COVID-19"
"DE-BB","00+",2022-02-20,2022-01-27,"-24 day ahead inc hosp","quantile",0.75,188,"COVID-19"
"DE-BB","00+",2022-02-20,2022-01-27,"-24 day ahead inc hosp","quantile",0.9,192,"COVID-19"
"DE-BB","00+",2022-02-20,2022-01-27,"-24 day ahead inc hosp","quantile",0.975,198,"COVID-19"
"DE-BB","00+",2022-02-20,2022-01-26,"-25 day ahead inc hosp","mean",NA,194,"COVID-19"
"DE-BB","00+",2022-02-20,2022-01-26,"-25 day ahead inc hosp","quantile",0.025,190,"COVID-19"
"DE-BB","00+",2022-02-20,2022-01-26,"-25 day ahead inc hosp","quantile",0.1,190,"COVID-19"
"DE-BB","00+",2022-02-20,2022-01-26,"-25 day ahead inc hosp","quantile",0.25,191,"COVID-19"
"DE-BB","00+",2022-02-20,2022-01-26,"-25 day ahead inc hosp","quantile",0.5,193,"COVID-19"
"DE-BB","00+",2022-02-20,2022-01-26,"-25 day ahead inc hosp","quantile",0.75,195,"COVID-19"
"DE-BB","00+",2022-02-20,2022-01-26,"-25 day ahead inc hosp","quantile",0.9,199,"COVID-19"
"DE-BB","00+",2022-02-20,2022-01-26,"-25 day ahead inc hosp","quantile",0.975,205,"COVID-19"
"DE-BB","00+",2022-02-20,2022-01-25,"-26 day ahead inc hosp","mean",NA,173,"COVID-19"
"DE-BB","00+",2022-02-20,2022-01-25,"-26 day ahead inc hosp","quantile",0.025,170,"COVID-19"
"DE-BB","00+",2022-02-20,2022-01-25,"-26 day ahead inc hosp","quantile",0.1,170,"COVID-19"
"DE-BB","00+",2022-02-20,2022-01-25,"-26 day ahead inc hosp","quantile",0.25,170,"COVID-19"
"DE-BB","00+",2022-02-20,2022-01-25,"-26 day ahead inc hosp","quantile",0.5,172,"COVID-19"
"DE-BB","00+",2022-02-20,2022-01-25,"-26 day ahead inc hosp","quantile",0.75,174,"COVID-19"
"DE-BB","00+",2022-02-20,2022-01-25,"-26 day ahead inc hosp","quantile",0.9,177,"COVID-19"
"DE-BB","00+",2022-02-20,2022-01-25,"-26 day ahead inc hosp","quantile",0.975,181,"COVID-19"
"DE-BB","00+",2022-02-20,2022-01-24,"-27 day ahead inc hosp","mean",NA,163,"COVID-19"
"DE-BB","00+",2022-02-20,2022-01-24,"-27 day ahead inc hosp","quantile",0.025,161,"COVID-19"
"DE-BB","00+",2022-02-20,2022-01-24,"-27 day ahead inc hosp","quantile",0.1,161,"COVID-19"
"DE-BB","00+",2022-02-20,2022-01-24,"-27 day ahead inc hosp","quantile",0.25,161,"COVID-19"
"DE-BB","00+",2022-02-20,2022-01-24,"-27 day ahead inc hosp","quantile",0.5,162,"COVID-19"
"DE-BB","00+",2022-02-20,2022-01-24,"-27 day ahead inc hosp","quantile",0.75,164,"COVID-19"
"DE-BB","00+",2022-02-20,2022-01-24,"-27 day ahead inc hosp","quantile",0.9,166,"COVID-19"
"DE-BB","00+",2022-02-20,2022-01-24,"-27 day ahead inc hosp","quantile",0.975,170,"COVID-19"
"DE-BB","00+",2022-02-20,2022-01-23,"-28 day ahead inc hosp","mean",NA,165,"COVID-19"
"DE-BB","00+",2022-02-20,2022-01-23,"-28 day ahead inc hosp","quantile",0.025,163,"COVID-19"
"DE-BB","00+",2022-02-20,2022-01-23,"-28 day ahead inc hosp","quantile",0.1,163,"COVID-19"
"DE-BB","00+",2022-02-20,2022-01-23,"-28 day ahead inc hosp","quantile",0.25,163,"COVID-19"
"DE-BB","00+",2022-02-20,2022-01-23,"-28 day ahead inc hosp","quantile",0.5,164,"COVID-19"
"DE-BB","00+",2022-02-20,2022-01-23,"-28 day ahead inc hosp","quantile",0.75,166,"COVID-19"
"DE-BB","00+",2022-02-20,2022-01-23,"-28 day ahead inc hosp","quantile",0.9,168,"COVID-19"
"DE-BB","00+",2022-02-20,2022-01-23,"-28 day ahead inc hosp","quantile",0.975,172,"COVID-19"
"DE-BE","00+",2022-02-20,2022-02-20,"0 day ahead inc hosp","mean",NA,141,"COVID-19"
"DE-BE","00+",2022-02-20,2022-02-20,"0 day ahead inc hosp","quantile",0.025,110,"COVID-19"
"DE-BE","00+",2022-02-20,2022-02-20,"0 day ahead inc hosp","quantile",0.1,118,"COVID-19"
"DE-BE","00+",2022-02-20,2022-02-20,"0 day ahead inc hosp","quantile",0.25,127,"COVID-19"
"DE-BE","00+",2022-02-20,2022-02-20,"0 day ahead inc hosp","quantile",0.5,139,"COVID-19"
"DE-BE","00+",2022-02-20,2022-02-20,"0 day ahead inc hosp","quantile",0.75,152,"COVID-19"
"DE-BE","00+",2022-02-20,2022-02-20,"0 day ahead inc hosp","quantile",0.9,166,"COVID-19"
"DE-BE","00+",2022-02-20,2022-02-20,"0 day ahead inc hosp","quantile",0.975,184,"COVID-19"
"DE-BE","00+",2022-02-20,2022-02-19,"-1 day ahead inc hosp","mean",NA,143,"COVID-19"
"DE-BE","00+",2022-02-20,2022-02-19,"-1 day ahead inc hosp","quantile",0.025,110,"COVID-19"
"DE-BE","00+",2022-02-20,2022-02-19,"-1 day ahead inc hosp","quantile",0.1,119,"COVID-19"
"DE-BE","00+",2022-02-20,2022-02-19,"-1 day ahead inc hosp","quantile",0.25,128,"COVID-19"
"DE-BE","00+",2022-02-20,2022-02-19,"-1 day ahead inc hosp","quantile",0.5,141,"COVID-19"
"DE-BE","00+",2022-02-20,2022-02-19,"-1 day ahead inc hosp","quantile",0.75,156,"COVID-19"
"DE-BE","00+",2022-02-20,2022-02-19,"-1 day ahead inc hosp","quantile",0.9,172,"COVID-19"
"DE-BE","00+",2022-02-20,2022-02-19,"-1 day ahead inc hosp","quantile",0.975,192,"COVID-19"
"DE-BE","00+",2022-02-20,2022-02-18,"-2 day ahead inc hosp","mean",NA,182,"COVID-19"
"DE-BE","00+",2022-02-20,2022-02-18,"-2 day ahead inc hosp","quantile",0.025,146,"COVID-19"
"DE-BE","00+",2022-02-20,2022-02-18,"-2 day ahead inc hosp","quantile",0.1,155,"COVID-19"
"DE-BE","00+",2022-02-20,2022-02-18,"-2 day ahead inc hosp","quantile",0.25,165,"COVID-19"
"DE-BE","00+",2022-02-20,2022-02-18,"-2 day ahead inc hosp","quantile",0.5,179,"COVID-19"
"DE-BE","00+",2022-02-20,2022-02-18,"-2 day ahead inc hosp","quantile",0.75,196,"COVID-19"
"DE-BE","00+",2022-02-20,2022-02-18,"-2 day ahead inc hosp","quantile",0.9,215,"COVID-19"
"DE-BE","00+",2022-02-20,2022-02-18,"-2 day ahead inc hosp","quantile",0.975,239,"COVID-19"
"DE-BE","00+",2022-02-20,2022-02-17,"-3 day ahead inc hosp","mean",NA,199,"COVID-19"
"DE-BE","00+",2022-02-20,2022-02-17,"-3 day ahead inc hosp","quantile",0.025,162,"COVID-19"
"DE-BE","00+",2022-02-20,2022-02-17,"-3 day ahead inc hosp","quantile",0.1,171,"COVID-19"
"DE-BE","00+",2022-02-20,2022-02-17,"-3 day ahead inc hosp","quantile",0.25,181,"COVID-19"
"DE-BE","00+",2022-02-20,2022-02-17,"-3 day ahead inc hosp","quantile",0.5,196,"COVID-19"
"DE-BE","00+",2022-02-20,2022-02-17,"-3 day ahead inc hosp","quantile",0.75,213,"COVID-19"
"DE-BE","00+",2022-02-20,2022-02-17,"-3 day ahead inc hosp","quantile",0.9,232,"COVID-19"
"DE-BE","00+",2022-02-20,2022-02-17,"-3 day ahead inc hosp","quantile",0.975,257,"COVID-19"
"DE-BE","00+",2022-02-20,2022-02-16,"-4 day ahead inc hosp","mean",NA,242,"COVID-19"
"DE-BE","00+",2022-02-20,2022-02-16,"-4 day ahead inc hosp","quantile",0.025,203,"COVID-19"
"DE-BE","00+",2022-02-20,2022-02-16,"-4 day ahead inc hosp","quantile",0.1,212,"COVID-19"
"DE-BE","00+",2022-02-20,2022-02-16,"-4 day ahead inc hosp","quantile",0.25,223,"COVID-19"
"DE-BE","00+",2022-02-20,2022-02-16,"-4 day ahead inc hosp","quantile",0.5,238,"COVID-19"
"DE-BE","00+",2022-02-20,2022-02-16,"-4 day ahead inc hosp","quantile",0.75,257,"COVID-19"
"DE-BE","00+",2022-02-20,2022-02-16,"-4 day ahead inc hosp","quantile",0.9,277,"COVID-19"
"DE-BE","00+",2022-02-20,2022-02-16,"-4 day ahead inc hosp","quantile",0.975,303,"COVID-19"
"DE-BE","00+",2022-02-20,2022-02-15,"-5 day ahead inc hosp","mean",NA,263,"COVID-19"
"DE-BE","00+",2022-02-20,2022-02-15,"-5 day ahead inc hosp","quantile",0.025,227,"COVID-19"
"DE-BE","00+",2022-02-20,2022-02-15,"-5 day ahead inc hosp","quantile",0.1,235,"COVID-19"
"DE-BE","00+",2022-02-20,2022-02-15,"-5 day ahead inc hosp","quantile",0.25,245,"COVID-19"
"DE-BE","00+",2022-02-20,2022-02-15,"-5 day ahead inc hosp","quantile",0.5,259,"COVID-19"
"DE-BE","00+",2022-02-20,2022-02-15,"-5 day ahead inc hosp","quantile",0.75,277,"COVID-19"
"DE-BE","00+",2022-02-20,2022-02-15,"-5 day ahead inc hosp","quantile",0.9,296,"COVID-19"
"DE-BE","00+",2022-02-20,2022-02-15,"-5 day ahead inc hosp","quantile",0.975,321,"COVID-19"
"DE-BE","00+",2022-02-20,2022-02-14,"-6 day ahead inc hosp","mean",NA,278,"COVID-19"
"DE-BE","00+",2022-02-20,2022-02-14,"-6 day ahead inc hosp","quantile",0.025,245,"COVID-19"
"DE-BE","00+",2022-02-20,2022-02-14,"-6 day ahead inc hosp","quantile",0.1,252,"COVID-19"
"DE-BE","00+",2022-02-20,2022-02-14,"-6 day ahead inc hosp","quantile",0.25,261,"COVID-19"
"DE-BE","00+",2022-02-20,2022-02-14,"-6 day ahead inc hosp","quantile",0.5,274,"COVID-19"
"DE-BE","00+",2022-02-20,2022-02-14,"-6 day ahead inc hosp","quantile",0.75,291,"COVID-19"
"DE-BE","00+",2022-02-20,2022-02-14,"-6 day ahead inc hosp","quantile",0.9,309,"COVID-19"
"DE-BE","00+",2022-02-20,2022-02-14,"-6 day ahead inc hosp","quantile",0.975,334,"COVID-19"
"DE-BE","00+",2022-02-20,2022-02-13,"-7 day ahead inc hosp","mean",NA,275,"COVID-19"
"DE-BE","00+",2022-02-20,2022-02-13,"-7 day ahead inc hosp","quantile",0.025,242,"COVID-19"
"DE-BE","00+",2022-02-20,2022-02-13,"-7 day ahead inc hosp","quantile",0.1,249,"COVID-19"
"DE-BE","00+",2022-02-20,2022-02-13,"-7 day ahead inc hosp","quantile",0.25,258,"COVID-19"
"DE-BE","00+",2022-02-20,2022-02-13,"-7 day ahead inc hosp","quantile",0.5,271,"COVID-19"
"DE-BE","00+",2022-02-20,2022-02-13,"-7 day ahead inc hosp","quantile",0.75,288,"COVID-19"
"DE-BE","00+",2022-02-20,2022-02-13,"-7 day ahead inc hosp","quantile",0.9,306,"COVID-19"
"DE-BE","00+",2022-02-20,2022-02-13,"-7 day ahead inc hosp","quantile",0.975,332,"COVID-19"
"DE-BE","00+",2022-02-20,2022-02-12,"-8 day ahead inc hosp","mean",NA,275,"COVID-19"
"DE-BE","00+",2022-02-20,2022-02-12,"-8 day ahead inc hosp","quantile",0.025,241,"COVID-19"
"DE-BE","00+",2022-02-20,2022-02-12,"-8 day ahead inc hosp","quantile",0.1,248,"COVID-19"
"DE-BE","00+",2022-02-20,2022-02-12,"-8 day ahead inc hosp","quantile",0.25,257,"COVID-19"
"DE-BE","00+",2022-02-20,2022-02-12,"-8 day ahead inc hosp","quantile",0.5,270,"COVID-19"
"DE-BE","00+",2022-02-20,2022-02-12,"-8 day ahead inc hosp","quantile",0.75,288,"COVID-19"
"DE-BE","00+",2022-02-20,2022-02-12,"-8 day ahead inc hosp","quantile",0.9,307,"COVID-19"
"DE-BE","00+",2022-02-20,2022-02-12,"-8 day ahead inc hosp","quantile",0.975,332,"COVID-19"
"DE-BE","00+",2022-02-20,2022-02-11,"-9 day ahead inc hosp","mean",NA,249,"COVID-19"
"DE-BE","00+",2022-02-20,2022-02-11,"-9 day ahead inc hosp","quantile",0.025,221,"COVID-19"
"DE-BE","00+",2022-02-20,2022-02-11,"-9 day ahead inc hosp","quantile",0.1,227,"COVID-19"
"DE-BE","00+",2022-02-20,2022-02-11,"-9 day ahead inc hosp","quantile",0.25,234,"COVID-19"
"DE-BE","00+",2022-02-20,2022-02-11,"-9 day ahead inc hosp","quantile",0.5,245,"COVID-19"
"DE-BE","00+",2022-02-20,2022-02-11,"-9 day ahead inc hosp","quantile",0.75,260,"COVID-19"
"DE-BE","00+",2022-02-20,2022-02-11,"-9 day ahead inc hosp","quantile",0.9,277,"COVID-19"
"DE-BE","00+",2022-02-20,2022-02-11,"-9 day ahead inc hosp","quantile",0.975,299,"COVID-19"
"DE-BE","00+",2022-02-20,2022-02-10,"-10 day ahead inc hosp","mean",NA,311,"COVID-19"
"DE-BE","00+",2022-02-20,2022-02-10,"-10 day ahead inc hosp","quantile",0.025,280,"COVID-19"
"DE-BE","00+",2022-02-20,2022-02-10,"-10 day ahead inc hosp","quantile",0.1,286,"COVID-19"
"DE-BE","00+",2022-02-20,2022-02-10,"-10 day ahead inc hosp","quantile",0.25,294,"COVID-19"
"DE-BE","00+",2022-02-20,2022-02-10,"-10 day ahead inc hosp","quantile",0.5,307,"COVID-19"
"DE-BE","00+",2022-02-20,2022-02-10,"-10 day ahead inc hosp","quantile",0.75,323,"COVID-19"
"DE-BE","00+",2022-02-20,2022-02-10,"-10 day ahead inc hosp","quantile",0.9,341,"COVID-19"
"DE-BE","00+",2022-02-20,2022-02-10,"-10 day ahead inc hosp","quantile",0.975,367,"COVID-19"
"DE-BE","00+",2022-02-20,2022-02-09,"-11 day ahead inc hosp","mean",NA,282,"COVID-19"
"DE-BE","00+",2022-02-20,2022-02-09,"-11 day ahead inc hosp","quantile",0.025,256,"COVID-19"
"DE-BE","00+",2022-02-20,2022-02-09,"-11 day ahead inc hosp","quantile",0.1,261,"COVID-19"
"DE-BE","00+",2022-02-20,2022-02-09,"-11 day ahead inc hosp","quantile",0.25,268,"COVID-19"
"DE-BE","00+",2022-02-20,2022-02-09,"-11 day ahead inc hosp","quantile",0.5,278,"COVID-19"
"DE-BE","00+",2022-02-20,2022-02-09,"-11 day ahead inc hosp","quantile",0.75,292,"COVID-19"
"DE-BE","00+",2022-02-20,2022-02-09,"-11 day ahead inc hosp","quantile",0.9,308,"COVID-19"
"DE-BE","00+",2022-02-20,2022-02-09,"-11 day ahead inc hosp","quantile",0.975,329,"COVID-19"
"DE-BE","00+",2022-02-20,2022-02-08,"-12 day ahead inc hosp","mean",NA,264,"COVID-19"
"DE-BE","00+",2022-02-20,2022-02-08,"-12 day ahead inc hosp","quantile",0.025,242,"COVID-19"
"DE-BE","00+",2022-02-20,2022-02-08,"-12 day ahead inc hosp","quantile",0.1,246,"COVID-19"
"DE-BE","00+",2022-02-20,2022-02-08,"-12 day ahead inc hosp","quantile",0.25,252,"COVID-19"
"DE-BE","00+",2022-02-20,2022-02-08,"-12 day ahead inc hosp","quantile",0.5,260,"COVID-19"
"DE-BE","00+",2022-02-20,2022-02-08,"-12 day ahead inc hosp","quantile",0.75,272,"COVID-19"
"DE-BE","00+",2022-02-20,2022-02-08,"-12 day ahead inc hosp","quantile",0.9,286,"COVID-19"
"DE-BE","00+",2022-02-20,2022-02-08,"-12 day ahead inc hosp","quantile",0.975,305,"COVID-19"
"DE-BE","00+",2022-02-20,2022-02-07,"-13 day ahead inc hosp","mean",NA,231,"COVID-19"
"DE-BE","00+",2022-02-20,2022-02-07,"-13 day ahead inc hosp","quantile",0.025,214,"COVID-19"
"DE-BE","00+",2022-02-20,2022-02-07,"-13 day ahead inc hosp","quantile",0.1,217,"COVID-19"
"DE-BE","00+",2022-02-20,2022-02-07,"-13 day ahead inc hosp","quantile",0.25,221,"COVID-19"
"DE-BE","00+",2022-02-20,2022-02-07,"-13 day ahead inc hosp","quantile",0.5,228,"COVID-19"
"DE-BE","00+",2022-02-20,2022-02-07,"-13 day ahead inc hosp","quantile",0.75,238,"COVID-19"
"DE-BE","00+",2022-02-20,2022-02-07,"-13 day ahead inc hosp","quantile",0.9,249,"COVID-19"
"DE-BE","00+",2022-02-20,2022-02-07,"-13 day ahead inc hosp","quantile",0.975,264,"COVID-19"
"DE-BE","00+",2022-02-20,2022-02-06,"-14 day ahead inc hosp","mean",NA,232,"COVID-19"
"DE-BE","00+",2022-02-20,2022-02-06,"-14 day ahead inc hosp","quantile",0.025,215,"COVID-19"
"DE-BE","00+",2022-02-20,2022-02-06,"-14 day ahead inc hosp","quantile",0.1,218,"COVID-19"
"DE-BE","00+",2022-02-20,2022-02-06,"-14 day ahead inc hosp","quantile",0.25,223,"COVID-19"
"DE-BE","00+",2022-02-20,2022-02-06,"-14 day ahead inc hosp","quantile",0.5,229,"COVID-19"
"DE-BE","00+",2022-02-20,2022-02-06,"-14 day ahead inc hosp","quantile",0.75,239,"COVID-19"
"DE-BE","00+",2022-02-20,2022-02-06,"-14 day ahead inc hosp","quantile",0.9,250,"COVID-19"
"DE-BE","00+",2022-02-20,2022-02-06,"-14 day ahead inc hosp","quantile",0.975,265,"COVID-19"
"DE-BE","00+",2022-02-20,2022-02-05,"-15 day ahead inc hosp","mean",NA,232,"COVID-19"
"DE-BE","00+",2022-02-20,2022-02-05,"-15 day ahead inc hosp","quantile",0.025,215,"COVID-19"
"DE-BE","00+",2022-02-20,2022-02-05,"-15 day ahead inc hosp","quantile",0.1,218,"COVID-19"
"DE-BE","00+",2022-02-20,2022-02-05,"-15 day ahead inc hosp","quantile",0.25,222,"COVID-19"
"DE-BE","00+",2022-02-20,2022-02-05,"-15 day ahead inc hosp","quantile",0.5,229,"COVID-19"
"DE-BE","00+",2022-02-20,2022-02-05,"-15 day ahead inc hosp","quantile",0.75,239,"COVID-19"
"DE-BE","00+",2022-02-20,2022-02-05,"-15 day ahead inc hosp","quantile",0.9,249,"COVID-19"
"DE-BE","00+",2022-02-20,2022-02-05,"-15 day ahead inc hosp","quantile",0.975,264,"COVID-19"
"DE-BE","00+",2022-02-20,2022-02-04,"-16 day ahead inc hosp","mean",NA,217,"COVID-19"
"DE-BE","00+",2022-02-20,2022-02-04,"-16 day ahead inc hosp","quantile",0.025,202,"COVID-19"
"DE-BE","00+",2022-02-20,2022-02-04,"-16 day ahead inc hosp","quantile",0.1,205,"COVID-19"
"DE-BE","00+",2022-02-20,2022-02-04,"-16 day ahead inc hosp","quantile",0.25,208,"COVID-19"
"DE-BE","00+",2022-02-20,2022-02-04,"-16 day ahead inc hosp","quantile",0.5,215,"COVID-19"
"DE-BE","00+",2022-02-20,2022-02-04,"-16 day ahead inc hosp","quantile",0.75,223,"COVID-19"
"DE-BE","00+",2022-02-20,2022-02-04,"-16 day ahead inc hosp","quantile",0.9,233,"COVID-19"
"DE-BE","00+",2022-02-20,2022-02-04,"-16 day ahead inc hosp","quantile",0.975,247,"COVID-19"
"DE-BE","00+",2022-02-20,2022-02-03,"-17 day ahead inc hosp","mean",NA,171,"COVID-19"
"DE-BE","00+",2022-02-20,2022-02-03,"-17 day ahead inc hosp","quantile",0.025,160,"COVID-19"
"DE-BE","00+",2022-02-20,2022-02-03,"-17 day ahead inc hosp","quantile",0.1,162,"COVID-19"
"DE-BE","00+",2022-02-20,2022-02-03,"-17 day ahead inc hosp","quantile",0.25,164,"COVID-19"
"DE-BE","00+",2022-02-20,2022-02-03,"-17 day ahead inc hosp","quantile",0.5,169,"COVID-19"
"DE-BE","00+",2022-02-20,2022-02-03,"-17 day ahead inc hosp","quantile",0.75,175,"COVID-19"
"DE-BE","00+",2022-02-20,2022-02-03,"-17 day ahead inc hosp","quantile",0.9,182,"COVID-19"
"DE-BE","00+",2022-02-20,2022-02-03,"-17 day ahead inc hosp","quantile",0.975,192,"COVID-19"
"DE-BE","00+",2022-02-20,2022-02-02,"-18 day ahead inc hosp","mean",NA,179,"COVID-19"
"DE-BE","00+",2022-02-20,2022-02-02,"-18 day ahead inc hosp","quantile",0.025,169,"COVID-19"
"DE-BE","00+",2022-02-20,2022-02-02,"-18 day ahead inc hosp","quantile",0.1,170,"COVID-19"
"DE-BE","00+",2022-02-20,2022-02-02,"-18 day ahead inc hosp","quantile",0.25,173,"COVID-19"
"DE-BE","00+",2022-02-20,2022-02-02,"-18 day ahead inc hosp","quantile",0.5,177,"COVID-19"
"DE-BE","00+",2022-02-20,2022-02-02,"-18 day ahead inc hosp","quantile",0.75,183,"COVID-19"
"DE-BE","00+",2022-02-20,2022-02-02,"-18 day ahead inc hosp","quantile",0.9,190,"COVID-19"
"DE-BE","00+",2022-02-20,2022-02-02,"-18 day ahead inc hosp","quantile",0.975,200,"COVID-19"
"DE-BE","00+",2022-02-20,2022-02-01,"-19 day ahead inc hosp","mean",NA,189,"COVID-19"
"DE-BE","00+",2022-02-20,2022-02-01,"-19 day ahead inc hosp","quantile",0.025,179,"COVID-19"
"DE-BE","00+",2022-02-20,2022-02-01,"-19 day ahead inc hosp","quantile",0.1,181,"COVID-19"
"DE-BE","00+",2022-02-20,2022-02-01,"-19 day ahead inc hosp","quantile",0.25,183,"COVID-19"
"DE-BE","00+",2022-02-20,2022-02-01,"-19 day ahead inc hosp","quantile",0.5,187,"COVID-19"
"DE-BE","00+",2022-02-20,2022-02-01,"-19 day ahead inc hosp","quantile",0.75,193,"COVID-19"
"DE-BE","00+",2022-02-20,2022-02-01,"-19 day ahead inc hosp","quantile",0.9,200,"COVID-19"
"DE-BE","00+",2022-02-20,2022-02-01,"-19 day ahead inc hosp","quantile",0.975,209,"COVID-19"
"DE-BE","00+",2022-02-20,2022-01-31,"-20 day ahead inc hosp","mean",NA,222,"COVID-19"
"DE-BE","00+",2022-02-20,2022-01-31,"-20 day ahead inc hosp","quantile",0.025,212,"COVID-19"
"DE-BE","00+",2022-02-20,2022-01-31,"-20 day ahead inc hosp","quantile",0.1,213,"COVID-19"
"DE-BE","00+",2022-02-20,2022-01-31,"-20 day ahead inc hosp","quantile",0.25,216,"COVID-19"
"DE-BE","00+",2022-02-20,2022-01-31,"-20 day ahead inc hosp","quantile",0.5,220,"COVID-19"
"DE-BE","00+",2022-02-20,2022-01-31,"-20 day ahead inc hosp","quantile",0.75,226,"COVID-19"
"DE-BE","00+",2022-02-20,2022-01-31,"-20 day ahead inc hosp","quantile",0.9,233,"COVID-19"
"DE-BE","00+",2022-02-20,2022-01-31,"-20 day ahead inc hosp","quantile",0.975,243,"COVID-19"
"DE-BE","00+",2022-02-20,2022-01-30,"-21 day ahead inc hosp","mean",NA,221,"COVID-19"
"DE-BE","00+",2022-02-20,2022-01-30,"-21 day ahead inc hosp","quantile",0.025,210,"COVID-19"
"DE-BE","00+",2022-02-20,2022-01-30,"-21 day ahead inc hosp","quantile",0.1,212,"COVID-19"
"DE-BE","00+",2022-02-20,2022-01-30,"-21 day ahead inc hosp","quantile",0.25,214,"COVID-19"
"DE-BE","00+",2022-02-20,2022-01-30,"-21 day ahead inc hosp","quantile",0.5,219,"COVID-19"
"DE-BE","00+",2022-02-20,2022-01-30,"-21 day ahead inc hosp","quantile",0.75,225,"COVID-19"
"DE-BE","00+",2022-02-20,2022-01-30,"-21 day ahead inc hosp","quantile",0.9,232,"COVID-19"
"DE-BE","00+",2022-02-20,2022-01-30,"-21 day ahead inc hosp","quantile",0.975,241,"COVID-19"
"DE-BE","00+",2022-02-20,2022-01-29,"-22 day ahead inc hosp","mean",NA,229,"COVID-19"
"DE-BE","00+",2022-02-20,2022-01-29,"-22 day ahead inc hosp","quantile",0.025,218,"COVID-19"
"DE-BE","00+",2022-02-20,2022-01-29,"-22 day ahead inc hosp","quantile",0.1,220,"COVID-19"
"DE-BE","00+",2022-02-20,2022-01-29,"-22 day ahead inc hosp","quantile",0.25,222,"COVID-19"
"DE-BE","00+",2022-02-20,2022-01-29,"-22 day ahead inc hosp","quantile",0.5,227,"COVID-19"
"DE-BE","00+",2022-02-20,2022-01-29,"-22 day ahead inc hosp","quantile",0.75,233,"COVID-19"
"DE-BE","00+",2022-02-20,2022-01-29,"-22 day ahead inc hosp","quantile",0.9,240,"COVID-19"
"DE-BE","00+",2022-02-20,2022-01-29,"-22 day ahead inc hosp","quantile",0.975,251,"COVID-19"
"DE-BE","00+",2022-02-20,2022-01-28,"-23 day ahead inc hosp","mean",NA,245,"COVID-19"
"DE-BE","00+",2022-02-20,2022-01-28,"-23 day ahead inc hosp","quantile",0.025,234,"COVID-19"
"DE-BE","00+",2022-02-20,2022-01-28,"-23 day ahead inc hosp","quantile",0.1,236,"COVID-19"
"DE-BE","00+",2022-02-20,2022-01-28,"-23 day ahead inc hosp","quantile",0.25,238,"COVID-19"
"DE-BE","00+",2022-02-20,2022-01-28,"-23 day ahead inc hosp","quantile",0.5,243,"COVID-19"
"DE-BE","00+",2022-02-20,2022-01-28,"-23 day ahead inc hosp","quantile",0.75,249,"COVID-19"
"DE-BE","00+",2022-02-20,2022-01-28,"-23 day ahead inc hosp","quantile",0.9,257,"COVID-19"
"DE-BE","00+",2022-02-20,2022-01-28,"-23 day ahead inc hosp","quantile",0.975,268,"COVID-19"
"DE-BE","00+",2022-02-20,2022-01-27,"-24 day ahead inc hosp","mean",NA,228,"COVID-19"
"DE-BE","00+",2022-02-20,2022-01-27,"-24 day ahead inc hosp","quantile",0.025,218,"COVID-19"
"DE-BE","00+",2022-02-20,2022-01-27,"-24 day ahead inc hosp","quantile",0.1,220,"COVID-19"
"DE-BE","00+",2022-02-20,2022-01-27,"-24 day ahead inc hosp","quantile",0.25,222,"COVID-19"
"DE-BE","00+",2022-02-20,2022-01-27,"-24 day ahead inc hosp","quantile",0.5,226,"COVID-19"
"DE-BE","00+",2022-02-20,2022-01-27,"-24 day ahead inc hosp","quantile",0.75,231,"COVID-19"
"DE-BE","00+",2022-02-20,2022-01-27,"-24 day ahead inc hosp","quantile",0.9,238,"COVID-19"
"DE-BE","00+",2022-02-20,2022-01-27,"-24 day ahead inc hosp","quantile",0.975,248,"COVID-19"
"DE-BE","00+",2022-02-20,2022-01-26,"-25 day ahead inc hosp","mean",NA,228,"COVID-19"
"DE-BE","00+",2022-02-20,2022-01-26,"-25 day ahead inc hosp","quantile",0.025,219,"COVID-19"
"DE-BE","00+",2022-02-20,2022-01-26,"-25 day ahead inc hosp","quantile",0.1,220,"COVID-19"
"DE-BE","00+",2022-02-20,2022-01-26,"-25 day ahead inc hosp","quantile",0.25,222,"COVID-19"
"DE-BE","00+",2022-02-20,2022-01-26,"-25 day ahead inc hosp","quantile",0.5,226,"COVID-19"
"DE-BE","00+",2022-02-20,2022-01-26,"-25 day ahead inc hosp","quantile",0.75,231,"COVID-19"
"DE-BE","00+",2022-02-20,2022-01-26,"-25 day ahead inc hosp","quantile",0.9,238,"COVID-19"
"DE-BE","00+",2022-02-20,2022-01-26,"-25 day ahead inc hosp","quantile",0.975,247,"COVID-19"
"DE-BE","00+",2022-02-20,2022-01-25,"-26 day ahead inc hosp","mean",NA,205,"COVID-19"
"DE-BE","00+",2022-02-20,2022-01-25,"-26 day ahead inc hosp","quantile",0.025,198,"COVID-19"
"DE-BE","00+",2022-02-20,2022-01-25,"-26 day ahead inc hosp","quantile",0.1,199,"COVID-19"
"DE-BE","00+",2022-02-20,2022-01-25,"-26 day ahead inc hosp","quantile",0.25,201,"COVID-19"
"DE-BE","00+",2022-02-20,2022-01-25,"-26 day ahead inc hosp","quantile",0.5,204,"COVID-19"
"DE-BE","00+",2022-02-20,2022-01-25,"-26 day ahead inc hosp","quantile",0.75,208,"COVID-19"
"DE-BE","00+",2022-02-20,2022-01-25,"-26 day ahead inc hosp","quantile",0.9,213,"COVID-19"
"DE-BE","00+",2022-02-20,2022-01-25,"-26 day ahead inc hosp","quantile",0.975,221,"COVID-19"
"DE-BE","00+",2022-02-20,2022-01-24,"-27 day ahead inc hosp","mean",NA,198,"COVID-19"
"DE-BE","00+",2022-02-20,2022-01-24,"-27 day ahead inc hosp","quantile",0.025,192,"COVID-19"
"DE-BE","00+",2022-02-20,2022-01-24,"-27 day ahead inc hosp","quantile",0.1,193,"COVID-19"
"DE-BE","00+",2022-02-20,2022-01-24,"-27 day ahead inc hosp","quantile",0.25,194,"COVID-19"
"DE-BE","00+",2022-02-20,2022-01-24,"-27 day ahead inc hosp","quantile",0.5,197,"COVID-19"
"DE-BE","00+",2022-02-20,2022-01-24,"-27 day ahead inc hosp","quantile",0.75,201,"COVID-19"
"DE-BE","00+",2022-02-20,2022-01-24,"-27 day ahead inc hosp","quantile",0.9,205,"COVID-19"
"DE-BE","00+",2022-02-20,2022-01-24,"-27 day ahead inc hosp","quantile",0.975,211,"COVID-19"
"DE-BE","00+",2022-02-20,2022-01-23,"-28 day ahead inc hosp","mean",NA,199,"COVID-19"
"DE-BE","00+",2022-02-20,2022-01-23,"-28 day ahead inc hosp","quantile",0.025,193,"COVID-19"
"DE-BE","00+",2022-02-20,2022-01-23,"-28 day ahead inc hosp","quantile",0.1,194,"COVID-19"
"DE-BE","00+",2022-02-20,2022-01-23,"-28 day ahead inc hosp","quantile",0.25,195,"COVID-19"
"DE-BE","00+",2022-02-20,2022-01-23,"-28 day ahead inc hosp","quantile",0.5,198,"COVID-19"
"DE-BE","00+",2022-02-20,2022-01-23,"-28 day ahead inc hosp","quantile",0.75,202,"COVID-19"
"DE-BE","00+",2022-02-20,2022-01-23,"-28 day ahead inc hosp","quantile",0.9,206,"COVID-19"
"DE-BE","00+",2022-02-20,2022-01-23,"-28 day ahead inc hosp","quantile",0.975,212,"COVID-19"
"DE-BW","00+",2022-02-20,2022-02-20,"0 day ahead inc hosp","mean",NA,1443,"COVID-19"
"DE-BW","00+",2022-02-20,2022-02-20,"0 day ahead inc hosp","quantile",0.025,1092,"COVID-19"
"DE-BW","00+",2022-02-20,2022-02-20,"0 day ahead inc hosp","quantile",0.1,1184,"COVID-19"
"DE-BW","00+",2022-02-20,2022-02-20,"0 day ahead inc hosp","quantile",0.25,1284,"COVID-19"
"DE-BW","00+",2022-02-20,2022-02-20,"0 day ahead inc hosp","quantile",0.5,1416,"COVID-19"
"DE-BW","00+",2022-02-20,2022-02-20,"0 day ahead inc hosp","quantile",0.75,1573,"COVID-19"
"DE-BW","00+",2022-02-20,2022-02-20,"0 day ahead inc hosp","quantile",0.9,1736,"COVID-19"
"DE-BW","00+",2022-02-20,2022-02-20,"0 day ahead inc hosp","quantile",0.975,1944,"COVID-19"
"DE-BW","00+",2022-02-20,2022-02-19,"-1 day ahead inc hosp","mean",NA,1473,"COVID-19"
"DE-BW","00+",2022-02-20,2022-02-19,"-1 day ahead inc hosp","quantile",0.025,1122,"COVID-19"
"DE-BW","00+",2022-02-20,2022-02-19,"-1 day ahead inc hosp","quantile",0.1,1211,"COVID-19"
"DE-BW","00+",2022-02-20,2022-02-19,"-1 day ahead inc hosp","quantile",0.25,1310,"COVID-19"
"DE-BW","00+",2022-02-20,2022-02-19,"-1 day ahead inc hosp","quantile",0.5,1444,"COVID-19"
"DE-BW","00+",2022-02-20,2022-02-19,"-1 day ahead inc hosp","quantile",0.75,1604,"COVID-19"
"DE-BW","00+",2022-02-20,2022-02-19,"-1 day ahead inc hosp","quantile",0.9,1773,"COVID-19"
"DE-BW","00+",2022-02-20,2022-02-19,"-1 day ahead inc hosp","quantile",0.975,1990,"COVID-19"
"DE-BW","00+",2022-02-20,2022-02-18,"-2 day ahead inc hosp","mean",NA,1547,"COVID-19"
"DE-BW","00+",2022-02-20,2022-02-18,"-2 day ahead inc hosp","quantile",0.025,1221,"COVID-19"
"DE-BW","00+",2022-02-20,2022-02-18,"-2 day ahead inc hosp","quantile",0.1,1303,"COVID-19"
"DE-BW","00+",2022-02-20,2022-02-18,"-2 day ahead inc hosp","quantile",0.25,1394,"COVID-19"
"DE-BW","00+",2022-02-20,2022-02-18,"-2 day ahead inc hosp","quantile",0.5,1519,"COVID-19"
"DE-BW","00+",2022-02-20,2022-02-18,"-2 day ahead inc hosp","quantile",0.75,1669,"COVID-19"
"DE-BW","00+",2022-02-20,2022-02-18,"-2 day ahead inc hosp","quantile",0.9,1827,"COVID-19"
"DE-BW","00+",2022-02-20,2022-02-18,"-2 day ahead inc hosp","quantile",0.975,2032,"COVID-19"
"DE-BW","00+",2022-02-20,2022-02-17,"-3 day ahead inc hosp","mean",NA,1528,"COVID-19"
"DE-BW","00+",2022-02-20,2022-02-17,"-3 day ahead inc hosp","quantile",0.025,1254,"COVID-19"
"DE-BW","00+",2022-02-20,2022-02-17,"-3 day ahead inc hosp","quantile",0.1,1323,"COVID-19"
"DE-BW","00+",2022-02-20,2022-02-17,"-3 day ahead inc hosp","quantile",0.25,1401,"COVID-19"
"DE-BW","00+",2022-02-20,2022-02-17,"-3 day ahead inc hosp","quantile",0.5,1505,"COVID-19"
"DE-BW","00+",2022-02-20,2022-02-17,"-3 day ahead inc hosp","quantile",0.75,1631,"COVID-19"
"DE-BW","00+",2022-02-20,2022-02-17,"-3 day ahead inc hosp","quantile",0.9,1763,"COVID-19"
"DE-BW","00+",2022-02-20,2022-02-17,"-3 day ahead inc hosp","quantile",0.975,1933,"COVID-19"
"DE-BW","00+",2022-02-20,2022-02-16,"-4 day ahead inc hosp","mean",NA,1484,"COVID-19"
"DE-BW","00+",2022-02-20,2022-02-16,"-4 day ahead inc hosp","quantile",0.025,1257,"COVID-19"
"DE-BW","00+",2022-02-20,2022-02-16,"-4 day ahead inc hosp","quantile",0.1,1315,"COVID-19"
"DE-BW","00+",2022-02-20,2022-02-16,"-4 day ahead inc hosp","quantile",0.25,1379,"COVID-19"
"DE-BW","00+",2022-02-20,2022-02-16,"-4 day ahead inc hosp","quantile",0.5,1465,"COVID-19"
"DE-BW","00+",2022-02-20,2022-02-16,"-4 day ahead inc hosp","quantile",0.75,1569,"COVID-19"
"DE-BW","00+",2022-02-20,2022-02-16,"-4 day ahead inc hosp","quantile",0.9,1677,"COVID-19"
"DE-BW","00+",2022-02-20,2022-02-16,"-4 day ahead inc hosp","quantile",0.975,1816,"COVID-19"
"DE-BW","00+",2022-02-20,2022-02-15,"-5 day ahead inc hosp","mean",NA,1404,"COVID-19"
"DE-BW","00+",2022-02-20,2022-02-15,"-5 day ahead inc hosp","quantile",0.025,1234,"COVID-19"
"DE-BW","00+",2022-02-20,2022-02-15,"-5 day ahead inc hosp","quantile",0.1,1278,"COVID-19"
"DE-BW","00+",2022-02-20,2022-02-15,"-5 day ahead inc hosp","quantile",0.25,1327,"COVID-19"
"DE-BW","00+",2022-02-20,2022-02-15,"-5 day ahead inc hosp","quantile",0.5,1391,"COVID-19"
"DE-BW","00+",2022-02-20,2022-02-15,"-5 day ahead inc hosp","quantile",0.75,1467,"COVID-19"
"DE-BW","00+",2022-02-20,2022-02-15,"-5 day ahead inc hosp","quantile",0.9,1546,"COVID-19"
"DE-BW","00+",2022-02-20,2022-02-15,"-5 day ahead inc hosp","quantile",0.975,1647,"COVID-19"
"DE-BW","00+",2022-02-20,2022-02-14,"-6 day ahead inc hosp","mean",NA,1368,"COVID-19"
"DE-BW","00+",2022-02-20,2022-02-14,"-6 day ahead inc hosp","quantile",0.025,1234,"COVID-19"
"DE-BW","00+",2022-02-20,2022-02-14,"-6 day ahead inc hosp","quantile",0.1,1270,"COVID-19"
"DE-BW","00+",2022-02-20,2022-02-14,"-6 day ahead inc hosp","quantile",0.25,1308,"COVID-19"
"DE-BW","00+",2022-02-20,2022-02-14,"-6 day ahead inc hosp","quantile",0.5,1358,"COVID-19"
"DE-BW","00+",2022-02-20,2022-02-14,"-6 day ahead inc hosp","quantile",0.75,1417,"COVID-19"
"DE-BW","00+",2022-02-20,2022-02-14,"-6 day ahead inc hosp","quantile",0.9,1478,"COVID-19"
"DE-BW","00+",2022-02-20,2022-02-14,"-6 day ahead inc hosp","quantile",0.975,1556,"COVID-19"
"DE-BW","00+",2022-02-20,2022-02-13,"-7 day ahead inc hosp","mean",NA,1372,"COVID-19"
"DE-BW","00+",2022-02-20,2022-02-13,"-7 day ahead inc hosp","quantile",0.025,1251,"COVID-19"
"DE-BW","00+",2022-02-20,2022-02-13,"-7 day ahead inc hosp","quantile",0.1,1284,"COVID-19"
"DE-BW","00+",2022-02-20,2022-02-13,"-7 day ahead inc hosp","quantile",0.25,1319,"COVID-19"
"DE-BW","00+",2022-02-20,2022-02-13,"-7 day ahead inc hosp","quantile",0.5,1364,"COVID-19"
"DE-BW","00+",2022-02-20,2022-02-13,"-7 day ahead inc hosp","quantile",0.75,1417,"COVID-19"
"DE-BW","00+",2022-02-20,2022-02-13,"-7 day ahead inc hosp","quantile",0.9,1472,"COVID-19"
"DE-BW","00+",2022-02-20,2022-02-13,"-7 day ahead inc hosp","quantile",0.975,1541,"COVID-19"
"DE-BW","00+",2022-02-20,2022-02-12,"-8 day ahead inc hosp","mean",NA,1413,"COVID-19"
"DE-BW","00+",2022-02-20,2022-02-12,"-8 day ahead inc hosp","quantile",0.025,1301,"COVID-19"
"DE-BW","00+",2022-02-20,2022-02-12,"-8 day ahead inc hosp","quantile",0.1,1331,"COVID-19"
"DE-BW","00+",2022-02-20,2022-02-12,"-8 day ahead inc hosp","quantile",0.25,1363,"COVID-19"
"DE-BW","00+",2022-02-20,2022-02-12,"-8 day ahead inc hosp","quantile",0.5,1405,"COVID-19"
"DE-BW","00+",2022-02-20,2022-02-12,"-8 day ahead inc hosp","quantile",0.75,1454,"COVID-19"
"DE-BW","00+",2022-02-20,2022-02-12,"-8 day ahead inc hosp","quantile",0.9,1504,"COVID-19"
"DE-BW","00+",2022-02-20,2022-02-12,"-8 day ahead inc hosp","quantile",0.975,1567,"COVID-19"
"DE-BW","00+",2022-02-20,2022-02-11,"-9 day ahead inc hosp","mean",NA,1408,"COVID-19"
"DE-BW","00+",2022-02-20,2022-02-11,"-9 day ahead inc hosp","quantile",0.025,1313,"COVID-19"
"DE-BW","00+",2022-02-20,2022-02-11,"-9 day ahead inc hosp","quantile",0.1,1339,"COVID-19"
"DE-BW","00+",2022-02-20,2022-02-11,"-9 day ahead inc hosp","quantile",0.25,1366,"COVID-19"
"DE-BW","00+",2022-02-20,2022-02-11,"-9 day ahead inc hosp","quantile",0.5,1402,"COVID-19"
"DE-BW","00+",2022-02-20,2022-02-11,"-9 day ahead inc hosp","quantile",0.75,1443,"COVID-19"
"DE-BW","00+",2022-02-20,2022-02-11,"-9 day ahead inc hosp","quantile",0.9,1484,"COVID-19"
"DE-BW","00+",2022-02-20,2022-02-11,"-9 day ahead inc hosp","quantile",0.975,1537,"COVID-19"
"DE-BW","00+",2022-02-20,2022-02-10,"-10 day ahead inc hosp","mean",NA,1414,"COVID-19"
"DE-BW","00+",2022-02-20,2022-02-10,"-10 day ahead inc hosp","quantile",0.025,1332,"COVID-19"
"DE-BW","00+",2022-02-20,2022-02-10,"-10 day ahead inc hosp","quantile",0.1,1355,"COVID-19"
"DE-BW","00+",2022-02-20,2022-02-10,"-10 day ahead inc hosp","quantile",0.25,1378,"COVID-19"
"DE-BW","00+",2022-02-20,2022-02-10,"-10 day ahead inc hosp","quantile",0.5,1409,"COVID-19"
"DE-BW","00+",2022-02-20,2022-02-10,"-10 day ahead inc hosp","quantile",0.75,1444,"COVID-19"
"DE-BW","00+",2022-02-20,2022-02-10,"-10 day ahead inc hosp","quantile",0.9,1480,"COVID-19"
"DE-BW","00+",2022-02-20,2022-02-10,"-10 day ahead inc hosp","quantile",0.975,1525,"COVID-19"
"DE-BW","00+",2022-02-20,2022-02-09,"-11 day ahead inc hosp","mean",NA,1471,"COVID-19"
"DE-BW","00+",2022-02-20,2022-02-09,"-11 day ahead inc hosp","quantile",0.025,1398,"COVID-19"
"DE-BW","00+",2022-02-20,2022-02-09,"-11 day ahead inc hosp","quantile",0.1,1418,"COVID-19"
"DE-BW","00+",2022-02-20,2022-02-09,"-11 day ahead inc hosp","quantile",0.25,1439,"COVID-19"
"DE-BW","00+",2022-02-20,2022-02-09,"-11 day ahead inc hosp","quantile",0.5,1467,"COVID-19"
"DE-BW","00+",2022-02-20,2022-02-09,"-11 day ahead inc hosp","quantile",0.75,1498,"COVID-19"
"DE-BW","00+",2022-02-20,2022-02-09,"-11 day ahead inc hosp","quantile",0.9,1530,"COVID-19"
"DE-BW","00+",2022-02-20,2022-02-09,"-11 day ahead inc hosp","quantile",0.975,1570,"COVID-19"
"DE-BW","00+",2022-02-20,2022-02-08,"-12 day ahead inc hosp","mean",NA,1451,"COVID-19"
"DE-BW","00+",2022-02-20,2022-02-08,"-12 day ahead inc hosp","quantile",0.025,1389,"COVID-19"
"DE-BW","00+",2022-02-20,2022-02-08,"-12 day ahead inc hosp","quantile",0.1,1406,"COVID-19"
"DE-BW","00+",2022-02-20,2022-02-08,"-12 day ahead inc hosp","quantile",0.25,1424,"COVID-19"
"DE-BW","00+",2022-02-20,2022-02-08,"-12 day ahead inc hosp","quantile",0.5,1447,"COVID-19"
"DE-BW","00+",2022-02-20,2022-02-08,"-12 day ahead inc hosp","quantile",0.75,1473,"COVID-19"
"DE-BW","00+",2022-02-20,2022-02-08,"-12 day ahead inc hosp","quantile",0.9,1500,"COVID-19"
"DE-BW","00+",2022-02-20,2022-02-08,"-12 day ahead inc hosp","quantile",0.975,1533,"COVID-19"
"DE-BW","00+",2022-02-20,2022-02-07,"-13 day ahead inc hosp","mean",NA,1426,"COVID-19"
"DE-BW","00+",2022-02-20,2022-02-07,"-13 day ahead inc hosp","quantile",0.025,1373,"COVID-19"
"DE-BW","00+",2022-02-20,2022-02-07,"-13 day ahead inc hosp","quantile",0.1,1387,"COVID-19"
"DE-BW","00+",2022-02-20,2022-02-07,"-13 day ahead inc hosp","quantile",0.25,1403,"COVID-19"
"DE-BW","00+",2022-02-20,2022-02-07,"-13 day ahead inc hosp","quantile",0.5,1423,"COVID-19"
"DE-BW","00+",2022-02-20,2022-02-07,"-13 day ahead inc hosp","quantile",0.75,1446,"COVID-19"
"DE-BW","00+",2022-02-20,2022-02-07,"-13 day ahead inc hosp","quantile",0.9,1469,"COVID-19"
"DE-BW","00+",2022-02-20,2022-02-07,"-13 day ahead inc hosp","quantile",0.975,1498,"COVID-19"
"DE-BW","00+",2022-02-20,2022-02-06,"-14 day ahead inc hosp","mean",NA,1398,"COVID-19"
"DE-BW","00+",2022-02-20,2022-02-06,"-14 day ahead inc hosp","quantile",0.025,1347,"COVID-19"
"DE-BW","00+",2022-02-20,2022-02-06,"-14 day ahead inc hosp","quantile",0.1,1361,"COVID-19"
"DE-BW","00+",2022-02-20,2022-02-06,"-14 day ahead inc hosp","quantile",0.25,1376,"COVID-19"
"DE-BW","00+",2022-02-20,2022-02-06,"-14 day ahead inc hosp","quantile",0.5,1395,"COVID-19"
"DE-BW","00+",2022-02-20,2022-02-06,"-14 day ahead inc hosp","quantile",0.75,1417,"COVID-19"
"DE-BW","00+",2022-02-20,2022-02-06,"-14 day ahead inc hosp","quantile",0.9,1439,"COVID-19"
"DE-BW","00+",2022-02-20,2022-02-06,"-14 day ahead inc hosp","quantile",0.975,1467,"COVID-19"
"DE-BW","00+",2022-02-20,2022-02-05,"-15 day ahead inc hosp","mean",NA,1382,"COVID-19"
"DE-BW","00+",2022-02-20,2022-02-05,"-15 day ahead inc hosp","quantile",0.025,1333,"COVID-19"
"DE-BW","00+",2022-02-20,2022-02-05,"-15 day ahead inc hosp","quantile",0.1,1346,"COVID-19"
"DE-BW","00+",2022-02-20,2022-02-05,"-15 day ahead inc hosp","quantile",0.25,1360,"COVID-19"
"DE-BW","00+",2022-02-20,2022-02-05,"-15 day ahead inc hosp","quantile",0.5,1379,"COVID-19"
"DE-BW","00+",2022-02-20,2022-02-05,"-15 day ahead inc hosp","quantile",0.75,1400,"COVID-19"
"DE-BW","00+",2022-02-20,2022-02-05,"-15 day ahead inc hosp","quantile",0.9,1422,"COVID-19"
"DE-BW","00+",2022-02-20,2022-02-05,"-15 day ahead inc hosp","quantile",0.975,1450,"COVID-19"
"DE-BW","00+",2022-02-20,2022-02-04,"-16 day ahead inc hosp","mean",NA,1316,"COVID-19"
"DE-BW","00+",2022-02-20,2022-02-04,"-16 day ahead inc hosp","quantile",0.025,1273,"COVID-19"
"DE-BW","00+",2022-02-20,2022-02-04,"-16 day ahead inc hosp","quantile",0.1,1285,"COVID-19"
"DE-BW","00+",2022-02-20,2022-02-04,"-16 day ahead inc hosp","quantile",0.25,1297,"COVID-19"
"DE-BW","00+",2022-02-20,2022-02-04,"-16 day ahead inc hosp","quantile",0.5,1313,"COVID-19"
"DE-BW","00+",2022-02-20,2022-02-04,"-16 day ahead inc hosp","quantile",0.75,1332,"COVID-19"
"DE-BW","00+",2022-02-20,2022-02-04,"-16 day ahead inc hosp","quantile",0.9,1351,"COVID-19"
"DE-BW","00+",2022-02-20,2022-02-04,"-16 day ahead inc hosp","quantile",0.975,1376,"COVID-19"
"DE-BW","00+",2022-02-20,2022-02-03,"-17 day ahead inc hosp","mean",NA,1261,"COVID-19"
"DE-BW","00+",2022-02-20,2022-02-03,"-17 day ahead inc hosp","quantile",0.025,1224,"COVID-19"
"DE-BW","00+",2022-02-20,2022-02-03,"-17 day ahead inc hosp","quantile",0.1,1234,"COVID-19"
"DE-BW","00+",2022-02-20,2022-02-03,"-17 day ahead inc hosp","quantile",0.25,1245,"COVID-19"
"DE-BW","00+",2022-02-20,2022-02-03,"-17 day ahead inc hosp","quantile",0.5,1259,"COVID-19"
"DE-BW","00+",2022-02-20,2022-02-03,"-17 day ahead inc hosp","quantile",0.75,1275,"COVID-19"
"DE-BW","00+",2022-02-20,2022-02-03,"-17 day ahead inc hosp","quantile",0.9,1292,"COVID-19"
"DE-BW","00+",2022-02-20,2022-02-03,"-17 day ahead inc hosp","quantile",0.975,1313,"COVID-19"
"DE-BW","00+",2022-02-20,2022-02-02,"-18 day ahead inc hosp","mean",NA,1157,"COVID-19"
"DE-BW","00+",2022-02-20,2022-02-02,"-18 day ahead inc hosp","quantile",0.025,1127,"COVID-19"
"DE-BW","00+",2022-02-20,2022-02-02,"-18 day ahead inc hosp","quantile",0.1,1135,"COVID-19"
"DE-BW","00+",2022-02-20,2022-02-02,"-18 day ahead inc hosp","quantile",0.25,1144,"COVID-19"
"DE-BW","00+",2022-02-20,2022-02-02,"-18 day ahead inc hosp","quantile",0.5,1155,"COVID-19"
"DE-BW","00+",2022-02-20,2022-02-02,"-18 day ahead inc hosp","quantile",0.75,1168,"COVID-19"
"DE-BW","00+",2022-02-20,2022-02-02,"-18 day ahead inc hosp","quantile",0.9,1182,"COVID-19"
"DE-BW","00+",2022-02-20,2022-02-02,"-18 day ahead inc hosp","quantile",0.975,1199,"COVID-19"
"DE-BW","00+",2022-02-20,2022-02-01,"-19 day ahead inc hosp","mean",NA,1086,"COVID-19"
"DE-BW","00+",2022-02-20,2022-02-01,"-19 day ahead inc hosp","quantile",0.025,1061,"COVID-19"
"DE-BW","00+",2022-02-20,2022-02-01,"-19 day ahead inc hosp","quantile",0.1,1068,"COVID-19"
"DE-BW","00+",2022-02-20,2022-02-01,"-19 day ahead inc hosp","quantile",0.25,1075,"COVID-19"
"DE-BW","00+",2022-02-20,2022-02-01,"-19 day ahead inc hosp","quantile",0.5,1084,"COVID-19"
"DE-BW","00+",2022-02-20,2022-02-01,"-19 day ahead inc hosp","quantile",0.75,1095,"COVID-19"
"DE-BW","00+",2022-02-20,2022-02-01,"-19 day ahead inc hosp","quantile",0.9,1106,"COVID-19"
"DE-BW","00+",2022-02-20,2022-02-01,"-19 day ahead inc hosp","quantile",0.975,1120,"COVID-19"
"DE-BW","00+",2022-02-20,2022-01-31,"-20 day ahead inc hosp","mean",NA,1045,"COVID-19"
"DE-BW","00+",2022-02-20,2022-01-31,"-20 day ahead inc hosp","quantile",0.025,1023,"COVID-19"
"DE-BW","00+",2022-02-20,2022-01-31,"-20 day ahead inc hosp","quantile",0.1,1029,"COVID-19"
"DE-BW","00+",2022-02-20,2022-01-31,"-20 day ahead inc hosp","quantile",0.25,1035,"COVID-19"
"DE-BW","00+",2022-02-20,2022-01-31,"-20 day ahead inc hosp","quantile",0.5,1043,"COVID-19"
"DE-BW","00+",2022-02-20,2022-01-31,"-20 day ahead inc hosp","quantile",0.75,1053,"COVID-19"
"DE-BW","00+",2022-02-20,2022-01-31,"-20 day ahead inc hosp","quantile",0.9,1062,"COVID-19"
"DE-BW","00+",2022-02-20,2022-01-31,"-20 day ahead inc hosp","quantile",0.975,1074,"COVID-19"
"DE-BW","00+",2022-02-20,2022-01-30,"-21 day ahead inc hosp","mean",NA,1036,"COVID-19"
"DE-BW","00+",2022-02-20,2022-01-30,"-21 day ahead inc hosp","quantile",0.025,1015,"COVID-19"
"DE-BW","00+",2022-02-20,2022-01-30,"-21 day ahead inc hosp","quantile",0.1,1021,"COVID-19"
"DE-BW","00+",2022-02-20,2022-01-30,"-21 day ahead inc hosp","quantile",0.25,1027,"COVID-19"
"DE-BW","00+",2022-02-20,2022-01-30,"-21 day ahead inc hosp","quantile",0.5,1034,"COVID-19"
"DE-BW","00+",2022-02-20,2022-01-30,"-21 day ahead inc hosp","quantile",0.75,1043,"COVID-19"
"DE-BW","00+",2022-02-20,2022-01-30,"-21 day ahead inc hosp","quantile",0.9,1052,"COVID-19"
"DE-BW","00+",2022-02-20,2022-01-30,"-21 day ahead inc hosp","quantile",0.975,1063,"COVID-19"
"DE-BW","00+",2022-02-20,2022-01-29,"-22 day ahead inc hosp","mean",NA,998,"COVID-19"
"DE-BW","00+",2022-02-20,2022-01-29,"-22 day ahead inc hosp","quantile",0.025,979,"COVID-19"
"DE-BW","00+",2022-02-20,2022-01-29,"-22 day ahead inc hosp","quantile",0.1,984,"COVID-19"
"DE-BW","00+",2022-02-20,2022-01-29,"-22 day ahead inc hosp","quantile",0.25,990,"COVID-19"
"DE-BW","00+",2022-02-20,2022-01-29,"-22 day ahead inc hosp","quantile",0.5,996,"COVID-19"
"DE-BW","00+",2022-02-20,2022-01-29,"-22 day ahead inc hosp","quantile",0.75,1004,"COVID-19"
"DE-BW","00+",2022-02-20,2022-01-29,"-22 day ahead inc hosp","quantile",0.9,1013,"COVID-19"
"DE-BW","00+",2022-02-20,2022-01-29,"-22 day ahead inc hosp","quantile",0.975,1023,"COVID-19"
"DE-BW","00+",2022-02-20,2022-01-28,"-23 day ahead inc hosp","mean",NA,979,"COVID-19"
"DE-BW","00+",2022-02-20,2022-01-28,"-23 day ahead inc hosp","quantile",0.025,962,"COVID-19"
"DE-BW","00+",2022-02-20,2022-01-28,"-23 day ahead inc hosp","quantile",0.1,967,"COVID-19"
"DE-BW","00+",2022-02-20,2022-01-28,"-23 day ahead inc hosp","quantile",0.25,971,"COVID-19"
"DE-BW","00+",2022-02-20,2022-01-28,"-23 day ahead inc hosp","quantile",0.5,977,"COVID-19"
"DE-BW","00+",2022-02-20,2022-01-28,"-23 day ahead inc hosp","quantile",0.75,985,"COVID-19"
"DE-BW","00+",2022-02-20,2022-01-28,"-23 day ahead inc hosp","quantile",0.9,992,"COVID-19"
"DE-BW","00+",2022-02-20,2022-01-28,"-23 day ahead inc hosp","quantile",0.975,1001,"COVID-19"
"DE-BW","00+",2022-02-20,2022-01-27,"-24 day ahead inc hosp","mean",NA,948,"COVID-19"
"DE-BW","00+",2022-02-20,2022-01-27,"-24 day ahead inc hosp","quantile",0.025,933,"COVID-19"
"DE-BW","00+",2022-02-20,2022-01-27,"-24 day ahead inc hosp","quantile",0.1,937,"COVID-19"
"DE-BW","00+",2022-02-20,2022-01-27,"-24 day ahead inc hosp","quantile",0.25,941,"COVID-19"
"DE-BW","00+",2022-02-20,2022-01-27,"-24 day ahead inc hosp","quantile",0.5,947,"COVID-19"
"DE-BW","00+",2022-02-20,2022-01-27,"-24 day ahead inc hosp","quantile",0.75,953,"COVID-19"
"DE-BW","00+",2022-02-20,2022-01-27,"-24 day ahead inc hosp","quantile",0.9,960,"COVID-19"
"DE-BW","00+",2022-02-20,2022-01-27,"-24 day ahead inc hosp","quantile",0.975,969,"COVID-19"
"DE-BW","00+",2022-02-20,2022-01-26,"-25 day ahead inc hosp","mean",NA,939,"COVID-19"
"DE-BW","00+",2022-02-20,2022-01-26,"-25 day ahead inc hosp","quantile",0.025,926,"COVID-19"
"DE-BW","00+",2022-02-20,2022-01-26,"-25 day ahead inc hosp","quantile",0.1,929,"COVID-19"
"DE-BW","00+",2022-02-20,2022-01-26,"-25 day ahead inc hosp","quantile",0.25,933,"COVID-19"
"DE-BW","00+",2022-02-20,2022-01-26,"-25 day ahead inc hosp","quantile",0.5,938,"COVID-19"
"DE-BW","00+",2022-02-20,2022-01-26,"-25 day ahead inc hosp","quantile",0.75,944,"COVID-19"
"DE-BW","00+",2022-02-20,2022-01-26,"-25 day ahead inc hosp","quantile",0.9,951,"COVID-19"
"DE-BW","00+",2022-02-20,2022-01-26,"-25 day ahead inc hosp","quantile",0.975,958,"COVID-19"
"DE-BW","00+",2022-02-20,2022-01-25,"-26 day ahead inc hosp","mean",NA,929,"COVID-19"
"DE-BW","00+",2022-02-20,2022-01-25,"-26 day ahead inc hosp","quantile",0.025,917,"COVID-19"
"DE-BW","00+",2022-02-20,2022-01-25,"-26 day ahead inc hosp","quantile",0.1,920,"COVID-19"
"DE-BW","00+",2022-02-20,2022-01-25,"-26 day ahead inc hosp","quantile",0.25,924,"COVID-19"
"DE-BW","00+",2022-02-20,2022-01-25,"-26 day ahead inc hosp","quantile",0.5,928,"COVID-19"
"DE-BW","00+",2022-02-20,2022-01-25,"-26 day ahead inc hosp","quantile",0.75,934,"COVID-19"
"DE-BW","00+",2022-02-20,2022-01-25,"-26 day ahead inc hosp","quantile",0.9,939,"COVID-19"
"DE-BW","00+",2022-02-20,2022-01-25,"-26 day ahead inc hosp","quantile",0.975,947,"COVID-19"
"DE-BW","00+",2022-02-20,2022-01-24,"-27 day ahead inc hosp","mean",NA,872,"COVID-19"
"DE-BW","00+",2022-02-20,2022-01-24,"-27 day ahead inc hosp","quantile",0.025,861,"COVID-19"
"DE-BW","00+",2022-02-20,2022-01-24,"-27 day ahead inc hosp","quantile",0.1,864,"COVID-19"
"DE-BW","00+",2022-02-20,2022-01-24,"-27 day ahead inc hosp","quantile",0.25,867,"COVID-19"
"DE-BW","00+",2022-02-20,2022-01-24,"-27 day ahead inc hosp","quantile",0.5,871,"COVID-19"
"DE-BW","00+",2022-02-20,2022-01-24,"-27 day ahead inc hosp","quantile",0.75,876,"COVID-19"
"DE-BW","00+",2022-02-20,2022-01-24,"-27 day ahead inc hosp","quantile",0.9,881,"COVID-19"
"DE-BW","00+",2022-02-20,2022-01-24,"-27 day ahead inc hosp","quantile",0.975,887,"COVID-19"
"DE-BW","00+",2022-02-20,2022-01-23,"-28 day ahead inc hosp","mean",NA,848,"COVID-19"
"DE-BW","00+",2022-02-20,2022-01-23,"-28 day ahead inc hosp","quantile",0.025,838,"COVID-19"
"DE-BW","00+",2022-02-20,2022-01-23,"-28 day ahead inc hosp","quantile",0.1,841,"COVID-19"
"DE-BW","00+",2022-02-20,2022-01-23,"-28 day ahead inc hosp","quantile",0.25,844,"COVID-19"
"DE-BW","00+",2022-02-20,2022-01-23,"-28 day ahead inc hosp","quantile",0.5,848,"COVID-19"
"DE-BW","00+",2022-02-20,2022-01-23,"-28 day ahead inc hosp","quantile",0.75,852,"COVID-19"
"DE-BW","00+",2022-02-20,2022-01-23,"-28 day ahead inc hosp","quantile",0.9,857,"COVID-19"
"DE-BW","00+",2022-02-20,2022-01-23,"-28 day ahead inc hosp","quantile",0.975,863,"COVID-19"
"DE-BY","00+",2022-02-20,2022-02-20,"0 day ahead inc hosp","mean",NA,1401,"COVID-19"
"DE-BY","00+",2022-02-20,2022-02-20,"0 day ahead inc hosp","quantile",0.025,1035,"COVID-19"
"DE-BY","00+",2022-02-20,2022-02-20,"0 day ahead inc hosp","quantile",0.1,1132,"COVID-19"
"DE-BY","00+",2022-02-20,2022-02-20,"0 day ahead inc hosp","quantile",0.25,1236,"COVID-19"
"DE-BY","00+",2022-02-20,2022-02-20,"0 day ahead inc hosp","quantile",0.5,1374,"COVID-19"
"DE-BY","00+",2022-02-20,2022-02-20,"0 day ahead inc hosp","quantile",0.75,1536,"COVID-19"
"DE-BY","00+",2022-02-20,2022-02-20,"0 day ahead inc hosp","quantile",0.9,1704,"COVID-19"
"DE-BY","00+",2022-02-20,2022-02-20,"0 day ahead inc hosp","quantile",0.975,1916,"COVID-19"
"DE-BY","00+",2022-02-20,2022-02-19,"-1 day ahead inc hosp","mean",NA,1415,"COVID-19"
"DE-BY","00+",2022-02-20,2022-02-19,"-1 day ahead inc hosp","quantile",0.025,1069,"COVID-19"
"DE-BY","00+",2022-02-20,2022-02-19,"-1 day ahead inc hosp","quantile",0.1,1159,"COVID-19"
"DE-BY","00+",2022-02-20,2022-02-19,"-1 day ahead inc hosp","quantile",0.25,1257,"COVID-19"
"DE-BY","00+",2022-02-20,2022-02-19,"-1 day ahead inc hosp","quantile",0.5,1388,"COVID-19"
"DE-BY","00+",2022-02-20,2022-02-19,"-1 day ahead inc hosp","quantile",0.75,1543,"COVID-19"
"DE-BY","00+",2022-02-20,2022-02-19,"-1 day ahead inc hosp","quantile",0.9,1704,"COVID-19"
"DE-BY","00+",2022-02-20,2022-02-19,"-1 day ahead inc hosp","quantile",0.975,1911,"COVID-19"
"DE-BY","00+",2022-02-20,2022-02-18,"-2 day ahead inc hosp","mean",NA,1514,"COVID-19"
"DE-BY","00+",2022-02-20,2022-02-18,"-2 day ahead inc hosp","quantile",0.025,1181,"COVID-19"
"DE-BY","00+",2022-02-20,2022-02-18,"-2 day ahead inc hosp","quantile",0.1,1268,"COVID-19"
"DE-BY","00+",2022-02-20,2022-02-18,"-2 day ahead inc hosp","quantile",0.25,1362,"COVID-19"
"DE-BY","00+",2022-02-20,2022-02-18,"-2 day ahead inc hosp","quantile",0.5,1488,"COVID-19"
"DE-BY","00+",2022-02-20,2022-02-18,"-2 day ahead inc hosp","quantile",0.75,1638,"COVID-19"
"DE-BY","00+",2022-02-20,2022-02-18,"-2 day ahead inc hosp","quantile",0.9,1793,"COVID-19"
"DE-BY","00+",2022-02-20,2022-02-18,"-2 day ahead inc hosp","quantile",0.975,1992,"COVID-19"
"DE-BY","00+",2022-02-20,2022-02-17,"-3 day ahead inc hosp","mean",NA,1490,"COVID-19"
"DE-BY","00+",2022-02-20,2022-02-17,"-3 day ahead inc hosp","quantile",0.025,1209,"COVID-19"
"DE-BY","00+",2022-02-20,2022-02-17,"-3 day ahead inc hosp","quantile",0.1,1282,"COVID-19"
"DE-BY","00+",2022-02-20,2022-02-17,"-3 day ahead inc hosp","quantile",0.25,1362,"COVID-19"
"DE-BY","00+",2022-02-20,2022-02-17,"-3 day ahead inc hosp","quantile",0.5,1468,"COVID-19"
"DE-BY","00+",2022-02-20,2022-02-17,"-3 day ahead inc hosp","quantile",0.75,1594,"COVID-19"
"DE-BY","00+",2022-02-20,2022-02-17,"-3 day ahead inc hosp","quantile",0.9,1726,"COVID-19"
"DE-BY","00+",2022-02-20,2022-02-17,"-3 day ahead inc hosp","quantile",0.975,1895,"COVID-19"
"DE-BY","00+",2022-02-20,2022-02-16,"-4 day ahead inc hosp","mean",NA,1452,"COVID-19"
"DE-BY","00+",2022-02-20,2022-02-16,"-4 day ahead inc hosp","quantile",0.025,1223,"COVID-19"
"DE-BY","00+",2022-02-20,2022-02-16,"-4 day ahead inc hosp","quantile",0.1,1282,"COVID-19"
"DE-BY","00+",2022-02-20,2022-02-16,"-4 day ahead inc hosp","quantile",0.25,1347,"COVID-19"
"DE-BY","00+",2022-02-20,2022-02-16,"-4 day ahead inc hosp","quantile",0.5,1434,"COVID-19"
"DE-BY","00+",2022-02-20,2022-02-16,"-4 day ahead inc hosp","quantile",0.75,1537,"COVID-19"
"DE-BY","00+",2022-02-20,2022-02-16,"-4 day ahead inc hosp","quantile",0.9,1645,"COVID-19"
"DE-BY","00+",2022-02-20,2022-02-16,"-4 day ahead inc hosp","quantile",0.975,1782,"COVID-19"
"DE-BY","00+",2022-02-20,2022-02-15,"-5 day ahead inc hosp","mean",NA,1466,"COVID-19"
"DE-BY","00+",2022-02-20,2022-02-15,"-5 day ahead inc hosp","quantile",0.025,1281,"COVID-19"
"DE-BY","00+",2022-02-20,2022-02-15,"-5 day ahead inc hosp","quantile",0.1,1329,"COVID-19"
"DE-BY","00+",2022-02-20,2022-02-15,"-5 day ahead inc hosp","quantile",0.25,1382,"COVID-19"
"DE-BY","00+",2022-02-20,2022-02-15,"-5 day ahead inc hosp","quantile",0.5,1452,"COVID-19"
"DE-BY","00+",2022-02-20,2022-02-15,"-5 day ahead inc hosp","quantile",0.75,1535,"COVID-19"
"DE-BY","00+",2022-02-20,2022-02-15,"-5 day ahead inc hosp","quantile",0.9,1622,"COVID-19"
"DE-BY","00+",2022-02-20,2022-02-15,"-5 day ahead inc hosp","quantile",0.975,1732,"COVID-19"
"DE-BY","00+",2022-02-20,2022-02-14,"-6 day ahead inc hosp","mean",NA,1473,"COVID-19"
"DE-BY","00+",2022-02-20,2022-02-14,"-6 day ahead inc hosp","quantile",0.025,1318,"COVID-19"
"DE-BY","00+",2022-02-20,2022-02-14,"-6 day ahead inc hosp","quantile",0.1,1358,"COVID-19"
"DE-BY","00+",2022-02-20,2022-02-14,"-6 day ahead inc hosp","quantile",0.25,1402,"COVID-19"
"DE-BY","00+",2022-02-20,2022-02-14,"-6 day ahead inc hosp","quantile",0.5,1461,"COVID-19"
"DE-BY","00+",2022-02-20,2022-02-14,"-6 day ahead inc hosp","quantile",0.75,1530,"COVID-19"
"DE-BY","00+",2022-02-20,2022-02-14,"-6 day ahead inc hosp","quantile",0.9,1602,"COVID-19"
"DE-BY","00+",2022-02-20,2022-02-14,"-6 day ahead inc hosp","quantile",0.975,1694,"COVID-19"
"DE-BY","00+",2022-02-20,2022-02-13,"-7 day ahead inc hosp","mean",NA,1477,"COVID-19"
"DE-BY","00+",2022-02-20,2022-02-13,"-7 day ahead inc hosp","quantile",0.025,1331,"COVID-19"
"DE-BY","00+",2022-02-20,2022-02-13,"-7 day ahead inc hosp","quantile",0.1,1368,"COVID-19"
"DE-BY","00+",2022-02-20,2022-02-13,"-7 day ahead inc hosp","quantile",0.25,1410,"COVID-19"
"DE-BY","00+",2022-02-20,2022-02-13,"-7 day ahead inc hosp","quantile",0.5,1465,"COVID-19"
"DE-BY","00+",2022-02-20,2022-02-13,"-7 day ahead inc hosp","quantile",0.75,1532,"COVID-19"
"DE-BY","00+",2022-02-20,2022-02-13,"-7 day ahead inc hosp","quantile",0.9,1601,"COVID-19"
"DE-BY","00+",2022-02-20,2022-02-13,"-7 day ahead inc hosp","quantile",0.975,1691,"COVID-19"
"DE-BY","00+",2022-02-20,2022-02-12,"-8 day ahead inc hosp","mean",NA,1520,"COVID-19"
"DE-BY","00+",2022-02-20,2022-02-12,"-8 day ahead inc hosp","quantile",0.025,1376,"COVID-19"
"DE-BY","00+",2022-02-20,2022-02-12,"-8 day ahead inc hosp","quantile",0.1,1412,"COVID-19"
"DE-BY","00+",2022-02-20,2022-02-12,"-8 day ahead inc hosp","quantile",0.25,1452,"COVID-19"
"DE-BY","00+",2022-02-20,2022-02-12,"-8 day ahead inc hosp","quantile",0.5,1507,"COVID-19"
"DE-BY","00+",2022-02-20,2022-02-12,"-8 day ahead inc hosp","quantile",0.75,1574,"COVID-19"
"DE-BY","00+",2022-02-20,2022-02-12,"-8 day ahead inc hosp","quantile",0.9,1644,"COVID-19"
"DE-BY","00+",2022-02-20,2022-02-12,"-8 day ahead inc hosp","quantile",0.975,1735,"COVID-19"
"DE-BY","00+",2022-02-20,2022-02-11,"-9 day ahead inc hosp","mean",NA,1540,"COVID-19"
"DE-BY","00+",2022-02-20,2022-02-11,"-9 day ahead inc hosp","quantile",0.025,1409,"COVID-19"
"DE-BY","00+",2022-02-20,2022-02-11,"-9 day ahead inc hosp","quantile",0.1,1441,"COVID-19"
"DE-BY","00+",2022-02-20,2022-02-11,"-9 day ahead inc hosp","quantile",0.25,1477,"COVID-19"
"DE-BY","00+",2022-02-20,2022-02-11,"-9 day ahead inc hosp","quantile",0.5,1528,"COVID-19"
"DE-BY","00+",2022-02-20,2022-02-11,"-9 day ahead inc hosp","quantile",0.75,1590,"COVID-19"
"DE-BY","00+",2022-02-20,2022-02-11,"-9 day ahead inc hosp","quantile",0.9,1656,"COVID-19"
"DE-BY","00+",2022-02-20,2022-02-11,"-9 day ahead inc hosp","quantile",0.975,1742,"COVID-19"
"DE-BY","00+",2022-02-20,2022-02-10,"-10 day ahead inc hosp","mean",NA,1599,"COVID-19"
"DE-BY","00+",2022-02-20,2022-02-10,"-10 day ahead inc hosp","quantile",0.025,1479,"COVID-19"
"DE-BY","00+",2022-02-20,2022-02-10,"-10 day ahead inc hosp","quantile",0.1,1507,"COVID-19"
"DE-BY","00+",2022-02-20,2022-02-10,"-10 day ahead inc hosp","quantile",0.25,1540,"COVID-19"
"DE-BY","00+",2022-02-20,2022-02-10,"-10 day ahead inc hosp","quantile",0.5,1587,"COVID-19"
"DE-BY","00+",2022-02-20,2022-02-10,"-10 day ahead inc hosp","quantile",0.75,1644,"COVID-19"
"DE-BY","00+",2022-02-20,2022-02-10,"-10 day ahead inc hosp","quantile",0.9,1706,"COVID-19"
"DE-BY","00+",2022-02-20,2022-02-10,"-10 day ahead inc hosp","quantile",0.975,1787,"COVID-19"
"DE-BY","00+",2022-02-20,2022-02-09,"-11 day ahead inc hosp","mean",NA,1625,"COVID-19"
"DE-BY","00+",2022-02-20,2022-02-09,"-11 day ahead inc hosp","quantile",0.025,1519,"COVID-19"
"DE-BY","00+",2022-02-20,2022-02-09,"-11 day ahead inc hosp","quantile",0.1,1543,"COVID-19"
"DE-BY","00+",2022-02-20,2022-02-09,"-11 day ahead inc hosp","quantile",0.25,1572,"COVID-19"
"DE-BY","00+",2022-02-20,2022-02-09,"-11 day ahead inc hosp","quantile",0.5,1614,"COVID-19"
"DE-BY","00+",2022-02-20,2022-02-09,"-11 day ahead inc hosp","quantile",0.75,1665,"COVID-19"
"DE-BY","00+",2022-02-20,2022-02-09,"-11 day ahead inc hosp","quantile",0.9,1721,"COVID-19"
"DE-BY","00+",2022-02-20,2022-02-09,"-11 day ahead inc hosp","quantile",0.975,1795,"COVID-19"
"DE-BY","00+",2022-02-20,2022-02-08,"-12 day ahead inc hosp","mean",NA,1576,"COVID-19"
"DE-BY","00+",2022-02-20,2022-02-08,"-12 day ahead inc hosp","quantile",0.025,1488,"COVID-19"
"DE-BY","00+",2022-02-20,2022-02-08,"-12 day ahead inc hosp","quantile",0.1,1508,"COVID-19"
"DE-BY","00+",2022-02-20,2022-02-08,"-12 day ahead inc hosp","quantile",0.25,1532,"COVID-19"
"DE-BY","00+",2022-02-20,2022-02-08,"-12 day ahead inc hosp","quantile",0.5,1566,"COVID-19"
"DE-BY","00+",2022-02-20,2022-02-08,"-12 day ahead inc hosp","quantile",0.75,1610,"COVID-19"
"DE-BY","00+",2022-02-20,2022-02-08,"-12 day ahead inc hosp","quantile",0.9,1657,"COVID-19"
"DE-BY","00+",2022-02-20,2022-02-08,"-12 day ahead inc hosp","quantile",0.975,1720,"COVID-19"
"DE-BY","00+",2022-02-20,2022-02-07,"-13 day ahead inc hosp","mean",NA,1560,"COVID-19"
"DE-BY","00+",2022-02-20,2022-02-07,"-13 day ahead inc hosp","quantile",0.025,1483,"COVID-19"
"DE-BY","00+",2022-02-20,2022-02-07,"-13 day ahead inc hosp","quantile",0.1,1500,"COVID-19"
"DE-BY","00+",2022-02-20,2022-02-07,"-13 day ahead inc hosp","quantile",0.25,1521,"COVID-19"
"DE-BY","00+",2022-02-20,2022-02-07,"-13 day ahead inc hosp","quantile",0.5,1551,"COVID-19"
"DE-BY","00+",2022-02-20,2022-02-07,"-13 day ahead inc hosp","quantile",0.75,1589,"COVID-19"
"DE-BY","00+",2022-02-20,2022-02-07,"-13 day ahead inc hosp","quantile",0.9,1631,"COVID-19"
"DE-BY","00+",2022-02-20,2022-02-07,"-13 day ahead inc hosp","quantile",0.975,1687,"COVID-19"
"DE-BY","00+",2022-02-20,2022-02-06,"-14 day ahead inc hosp","mean",NA,1539,"COVID-19"
"DE-BY","00+",2022-02-20,2022-02-06,"-14 day ahead inc hosp","quantile",0.025,1467,"COVID-19"
"DE-BY","00+",2022-02-20,2022-02-06,"-14 day ahead inc hosp","quantile",0.1,1483,"COVID-19"
"DE-BY","00+",2022-02-20,2022-02-06,"-14 day ahead inc hosp","quantile",0.25,1502,"COVID-19"
"DE-BY","00+",2022-02-20,2022-02-06,"-14 day ahead inc hosp","quantile",0.5,1530,"COVID-19"
"DE-BY","00+",2022-02-20,2022-02-06,"-14 day ahead inc hosp","quantile",0.75,1567,"COVID-19"
"DE-BY","00+",2022-02-20,2022-02-06,"-14 day ahead inc hosp","quantile",0.9,1607,"COVID-19"
"DE-BY","00+",2022-02-20,2022-02-06,"-14 day ahead inc hosp","quantile",0.975,1661,"COVID-19"
"DE-BY","00+",2022-02-20,2022-02-05,"-15 day ahead inc hosp","mean",NA,1534,"COVID-19"
"DE-BY","00+",2022-02-20,2022-02-05,"-15 day ahead inc hosp","quantile",0.025,1466,"COVID-19"
"DE-BY","00+",2022-02-20,2022-02-05,"-15 day ahead inc hosp","quantile",0.1,1480,"COVID-19"
"DE-BY","00+",2022-02-20,2022-02-05,"-15 day ahead inc hosp","quantile",0.25,1498,"COVID-19"
"DE-BY","00+",2022-02-20,2022-02-05,"-15 day ahead inc hosp","quantile",0.5,1525,"COVID-19"
"DE-BY","00+",2022-02-20,2022-02-05,"-15 day ahead inc hosp","quantile",0.75,1560,"COVID-19"
"DE-BY","00+",2022-02-20,2022-02-05,"-15 day ahead inc hosp","quantile",0.9,1598,"COVID-19"
"DE-BY","00+",2022-02-20,2022-02-05,"-15 day ahead inc hosp","quantile",0.975,1651,"COVID-19"
"DE-BY","00+",2022-02-20,2022-02-04,"-16 day ahead inc hosp","mean",NA,1522,"COVID-19"
"DE-BY","00+",2022-02-20,2022-02-04,"-16 day ahead inc hosp","quantile",0.025,1461,"COVID-19"
"DE-BY","00+",2022-02-20,2022-02-04,"-16 day ahead inc hosp","quantile",0.1,1473,"COVID-19"
"DE-BY","00+",2022-02-20,2022-02-04,"-16 day ahead inc hosp","quantile",0.25,1489,"COVID-19"
"DE-BY","00+",2022-02-20,2022-02-04,"-16 day ahead inc hosp","quantile",0.5,1514,"COVID-19"
"DE-BY","00+",2022-02-20,2022-02-04,"-16 day ahead inc hosp","quantile",0.75,1546,"COVID-19"
"DE-BY","00+",2022-02-20,2022-02-04,"-16 day ahead inc hosp","quantile",0.9,1582,"COVID-19"
"DE-BY","00+",2022-02-20,2022-02-04,"-16 day ahead inc hosp","quantile",0.975,1631,"COVID-19"
"DE-BY","00+",2022-02-20,2022-02-03,"-17 day ahead inc hosp","mean",NA,1435,"COVID-19"
"DE-BY","00+",2022-02-20,2022-02-03,"-17 day ahead inc hosp","quantile",0.025,1383,"COVID-19"
"DE-BY","00+",2022-02-20,2022-02-03,"-17 day ahead inc hosp","quantile",0.1,1393,"COVID-19"
"DE-BY","00+",2022-02-20,2022-02-03,"-17 day ahead inc hosp","quantile",0.25,1407,"COVID-19"
"DE-BY","00+",2022-02-20,2022-02-03,"-17 day ahead inc hosp","quantile",0.5,1428,"COVID-19"
"DE-BY","00+",2022-02-20,2022-02-03,"-17 day ahead inc hosp","quantile",0.75,1456,"COVID-19"
"DE-BY","00+",2022-02-20,2022-02-03,"-17 day ahead inc hosp","quantile",0.9,1487,"COVID-19"
"DE-BY","00+",2022-02-20,2022-02-03,"-17 day ahead inc hosp","quantile",0.975,1530,"COVID-19"
"DE-BY","00+",2022-02-20,2022-02-02,"-18 day ahead inc hosp","mean",NA,1407,"COVID-19"
"DE-BY","00+",2022-02-20,2022-02-02,"-18 day ahead inc hosp","quantile",0.025,1361,"COVID-19"
"DE-BY","00+",2022-02-20,2022-02-02,"-18 day ahead inc hosp","quantile",0.1,1370,"COVID-19"
"DE-BY","00+",2022-02-20,2022-02-02,"-18 day ahead inc hosp","quantile",0.25,1382,"COVID-19"
"DE-BY","00+",2022-02-20,2022-02-02,"-18 day ahead inc hosp","quantile",0.5,1400,"COVID-19"
"DE-BY","00+",2022-02-20,2022-02-02,"-18 day ahead inc hosp","quantile",0.75,1424,"COVID-19"
"DE-BY","00+",2022-02-20,2022-02-02,"-18 day ahead inc hosp","quantile",0.9,1452,"COVID-19"
"DE-BY","00+",2022-02-20,2022-02-02,"-18 day ahead inc hosp","quantile",0.975,1490,"COVID-19"
"DE-BY","00+",2022-02-20,2022-02-01,"-19 day ahead inc hosp","mean",NA,1395,"COVID-19"
"DE-BY","00+",2022-02-20,2022-02-01,"-19 day ahead inc hosp","quantile",0.025,1355,"COVID-19"
"DE-BY","00+",2022-02-20,2022-02-01,"-19 day ahead inc hosp","quantile",0.1,1362,"COVID-19"
"DE-BY","00+",2022-02-20,2022-02-01,"-19 day ahead inc hosp","quantile",0.25,1373,"COVID-19"
"DE-BY","00+",2022-02-20,2022-02-01,"-19 day ahead inc hosp","quantile",0.5,1389,"COVID-19"
"DE-BY","00+",2022-02-20,2022-02-01,"-19 day ahead inc hosp","quantile",0.75,1411,"COVID-19"
"DE-BY","00+",2022-02-20,2022-02-01,"-19 day ahead inc hosp","quantile",0.9,1436,"COVID-19"
"DE-BY","00+",2022-02-20,2022-02-01,"-19 day ahead inc hosp","quantile",0.975,1469,"COVID-19"
"DE-BY","00+",2022-02-20,2022-01-31,"-20 day ahead inc hosp","mean",NA,1353,"COVID-19"
"DE-BY","00+",2022-02-20,2022-01-31,"-20 day ahead inc hosp","quantile",0.025,1317,"COVID-19"
"DE-BY","00+",2022-02-20,2022-01-31,"-20 day ahead inc hosp","quantile",0.1,1324,"COVID-19"
"DE-BY","00+",2022-02-20,2022-01-31,"-20 day ahead inc hosp","quantile",0.25,1333,"COVID-19"
"DE-BY","00+",2022-02-20,2022-01-31,"-20 day ahead inc hosp","quantile",0.5,1347,"COVID-19"
"DE-BY","00+",2022-02-20,2022-01-31,"-20 day ahead inc hosp","quantile",0.75,1366,"COVID-19"
"DE-BY","00+",2022-02-20,2022-01-31,"-20 day ahead inc hosp","quantile",0.9,1388,"COVID-19"
"DE-BY","00+",2022-02-20,2022-01-31,"-20 day ahead inc hosp","quantile",0.975,1418,"COVID-19"
"DE-BY","00+",2022-02-20,2022-01-30,"-21 day ahead inc hosp","mean",NA,1354,"COVID-19"
"DE-BY","00+",2022-02-20,2022-01-30,"-21 day ahead inc hosp","quantile",0.025,1321,"COVID-19"
"DE-BY","00+",2022-02-20,2022-01-30,"-21 day ahead inc hosp","quantile",0.1,1327,"COVID-19"
"DE-BY","00+",2022-02-20,2022-01-30,"-21 day ahead inc hosp","quantile",0.25,1336,"COVID-19"
"DE-BY","00+",2022-02-20,2022-01-30,"-21 day ahead inc hosp","quantile",0.5,1349,"COVID-19"
"DE-BY","00+",2022-02-20,2022-01-30,"-21 day ahead inc hosp","quantile",0.75,1368,"COVID-19"
"DE-BY","00+",2022-02-20,2022-01-30,"-21 day ahead inc hosp","quantile",0.9,1388,"COVID-19"
"DE-BY","00+",2022-02-20,2022-01-30,"-21 day ahead inc hosp","quantile",0.975,1417,"COVID-19"
"DE-BY","00+",2022-02-20,2022-01-29,"-22 day ahead inc hosp","mean",NA,1322,"COVID-19"
"DE-BY","00+",2022-02-20,2022-01-29,"-22 day ahead inc hosp","quantile",0.025,1291,"COVID-19"
"DE-BY","00+",2022-02-20,2022-01-29,"-22 day ahead inc hosp","quantile",0.1,1297,"COVID-19"
"DE-BY","00+",2022-02-20,2022-01-29,"-22 day ahead inc hosp","quantile",0.25,1305,"COVID-19"
"DE-BY","00+",2022-02-20,2022-01-29,"-22 day ahead inc hosp","quantile",0.5,1317,"COVID-19"
"DE-BY","00+",2022-02-20,2022-01-29,"-22 day ahead inc hosp","quantile",0.75,1334,"COVID-19"
"DE-BY","00+",2022-02-20,2022-01-29,"-22 day ahead inc hosp","quantile",0.9,1353,"COVID-19"
"DE-BY","00+",2022-02-20,2022-01-29,"-22 day ahead inc hosp","quantile",0.975,1380,"COVID-19"
"DE-BY","00+",2022-02-20,2022-01-28,"-23 day ahead inc hosp","mean",NA,1273,"COVID-19"
"DE-BY","00+",2022-02-20,2022-01-28,"-23 day ahead inc hosp","quantile",0.025,1245,"COVID-19"
"DE-BY","00+",2022-02-20,2022-01-28,"-23 day ahead inc hosp","quantile",0.1,1250,"COVID-19"
"DE-BY","00+",2022-02-20,2022-01-28,"-23 day ahead inc hosp","quantile",0.25,1257,"COVID-19"
"DE-BY","00+",2022-02-20,2022-01-28,"-23 day ahead inc hosp","quantile",0.5,1268,"COVID-19"
"DE-BY","00+",2022-02-20,2022-01-28,"-23 day ahead inc hosp","quantile",0.75,1283,"COVID-19"
"DE-BY","00+",2022-02-20,2022-01-28,"-23 day ahead inc hosp","quantile",0.9,1300,"COVID-19"
"DE-BY","00+",2022-02-20,2022-01-28,"-23 day ahead inc hosp","quantile",0.975,1324,"COVID-19"
"DE-BY","00+",2022-02-20,2022-01-27,"-24 day ahead inc hosp","mean",NA,1224,"COVID-19"
"DE-BY","00+",2022-02-20,2022-01-27,"-24 day ahead inc hosp","quantile",0.025,1200,"COVID-19"
"DE-BY","00+",2022-02-20,2022-01-27,"-24 day ahead inc hosp","quantile",0.1,1204,"COVID-19"
"DE-BY","00+",2022-02-20,2022-01-27,"-24 day ahead inc hosp","quantile",0.25,1210,"COVID-19"
"DE-BY","00+",2022-02-20,2022-01-27,"-24 day ahead inc hosp","quantile",0.5,1220,"COVID-19"
"DE-BY","00+",2022-02-20,2022-01-27,"-24 day ahead inc hosp","quantile",0.75,1233,"COVID-19"
"DE-BY","00+",2022-02-20,2022-01-27,"-24 day ahead inc hosp","quantile",0.9,1248,"COVID-19"
"DE-BY","00+",2022-02-20,2022-01-27,"-24 day ahead inc hosp","quantile",0.975,1269,"COVID-19"
"DE-BY","00+",2022-02-20,2022-01-26,"-25 day ahead inc hosp","mean",NA,1162,"COVID-19"
"DE-BY","00+",2022-02-20,2022-01-26,"-25 day ahead inc hosp","quantile",0.025,1142,"COVID-19"
"DE-BY","00+",2022-02-20,2022-01-26,"-25 day ahead inc hosp","quantile",0.1,1146,"COVID-19"
"DE-BY","00+",2022-02-20,2022-01-26,"-25 day ahead inc hosp","quantile",0.25,1151,"COVID-19"
"DE-BY","00+",2022-02-20,2022-01-26,"-25 day ahead inc hosp","quantile",0.5,1159,"COVID-19"
"DE-BY","00+",2022-02-20,2022-01-26,"-25 day ahead inc hosp","quantile",0.75,1170,"COVID-19"
"DE-BY","00+",2022-02-20,2022-01-26,"-25 day ahead inc hosp","quantile",0.9,1183,"COVID-19"
"DE-BY","00+",2022-02-20,2022-01-26,"-25 day ahead inc hosp","quantile",0.975,1200,"COVID-19"
"DE-BY","00+",2022-02-20,2022-01-25,"-26 day ahead inc hosp","mean",NA,1082,"COVID-19"
"DE-BY","00+",2022-02-20,2022-01-25,"-26 day ahead inc hosp","quantile",0.025,1065,"COVID-19"
"DE-BY","00+",2022-02-20,2022-01-25,"-26 day ahead inc hosp","quantile",0.1,1068,"COVID-19"
"DE-BY","00+",2022-02-20,2022-01-25,"-26 day ahead inc hosp","quantile",0.25,1073,"COVID-19"
"DE-BY","00+",2022-02-20,2022-01-25,"-26 day ahead inc hosp","quantile",0.5,1079,"COVID-19"
"DE-BY","00+",2022-02-20,2022-01-25,"-26 day ahead inc hosp","quantile",0.75,1088,"COVID-19"
"DE-BY","00+",2022-02-20,2022-01-25,"-26 day ahead inc hosp","quantile",0.9,1099,"COVID-19"
"DE-BY","00+",2022-02-20,2022-01-25,"-26 day ahead inc hosp","quantile",0.975,1113,"COVID-19"
"DE-BY","00+",2022-02-20,2022-01-24,"-27 day ahead inc hosp","mean",NA,1019,"COVID-19"
"DE-BY","00+",2022-02-20,2022-01-24,"-27 day ahead inc hosp","quantile",0.025,1005,"COVID-19"
"DE-BY","00+",2022-02-20,2022-01-24,"-27 day ahead inc hosp","quantile",0.1,1007,"COVID-19"
"DE-BY","00+",2022-02-20,2022-01-24,"-27 day ahead inc hosp","quantile",0.25,1011,"COVID-19"
"DE-BY","00+",2022-02-20,2022-01-24,"-27 day ahead inc hosp","quantile",0.5,1017,"COVID-19"
"DE-BY","00+",2022-02-20,2022-01-24,"-27 day ahead inc hosp","quantile",0.75,1024,"COVID-19"
"DE-BY","00+",2022-02-20,2022-01-24,"-27 day ahead inc hosp","quantile",0.9,1033,"COVID-19"
"DE-BY","00+",2022-02-20,2022-01-24,"-27 day ahead inc hosp","quantile",0.975,1045,"COVID-19"
"DE-BY","00+",2022-02-20,2022-01-23,"-28 day ahead inc hosp","mean",NA,963,"COVID-19"
"DE-BY","00+",2022-02-20,2022-01-23,"-28 day ahead inc hosp","quantile",0.025,951,"COVID-19"
"DE-BY","00+",2022-02-20,2022-01-23,"-28 day ahead inc hosp","quantile",0.1,953,"COVID-19"
"DE-BY","00+",2022-02-20,2022-01-23,"-28 day ahead inc hosp","quantile",0.25,956,"COVID-19"
"DE-BY","00+",2022-02-20,2022-01-23,"-28 day ahead inc hosp","quantile",0.5,961,"COVID-19"
"DE-BY","00+",2022-02-20,2022-01-23,"-28 day ahead inc hosp","quantile",0.75,968,"COVID-19"
"DE-BY","00+",2022-02-20,2022-01-23,"-28 day ahead inc hosp","quantile",0.9,976,"COVID-19"
"DE-BY","00+",2022-02-20,2022-01-23,"-28 day ahead inc hosp","quantile",0.975,986,"COVID-19"
"DE-HB","00+",2022-02-20,2022-02-20,"0 day ahead inc hosp","mean",NA,28,"COVID-19"
"DE-HB","00+",2022-02-20,2022-02-20,"0 day ahead inc hosp","quantile",0.025,23,"COVID-19"
"DE-HB","00+",2022-02-20,2022-02-20,"0 day ahead inc hosp","quantile",0.1,24,"COVID-19"
"DE-HB","00+",2022-02-20,2022-02-20,"0 day ahead inc hosp","quantile",0.25,25,"COVID-19"
"DE-HB","00+",2022-02-20,2022-02-20,"0 day ahead inc hosp","quantile",0.5,27,"COVID-19"
"DE-HB","00+",2022-02-20,2022-02-20,"0 day ahead inc hosp","quantile",0.75,31,"COVID-19"
"DE-HB","00+",2022-02-20,2022-02-20,"0 day ahead inc hosp","quantile",0.9,34,"COVID-19"
"DE-HB","00+",2022-02-20,2022-02-20,"0 day ahead inc hosp","quantile",0.975,39,"COVID-19"
"DE-HB","00+",2022-02-20,2022-02-19,"-1 day ahead inc hosp","mean",NA,28,"COVID-19"
"DE-HB","00+",2022-02-20,2022-02-19,"-1 day ahead inc hosp","quantile",0.025,23,"COVID-19"
"DE-HB","00+",2022-02-20,2022-02-19,"-1 day ahead inc hosp","quantile",0.1,24,"COVID-19"
"DE-HB","00+",2022-02-20,2022-02-19,"-1 day ahead inc hosp","quantile",0.25,25,"COVID-19"
"DE-HB","00+",2022-02-20,2022-02-19,"-1 day ahead inc hosp","quantile",0.5,27,"COVID-19"
"DE-HB","00+",2022-02-20,2022-02-19,"-1 day ahead inc hosp","quantile",0.75,30,"COVID-19"
"DE-HB","00+",2022-02-20,2022-02-19,"-1 day ahead inc hosp","quantile",0.9,33,"COVID-19"
"DE-HB","00+",2022-02-20,2022-02-19,"-1 day ahead inc hosp","quantile",0.975,37,"COVID-19"
"DE-HB","00+",2022-02-20,2022-02-18,"-2 day ahead inc hosp","mean",NA,32,"COVID-19"
"DE-HB","00+",2022-02-20,2022-02-18,"-2 day ahead inc hosp","quantile",0.025,27,"COVID-19"
"DE-HB","00+",2022-02-20,2022-02-18,"-2 day ahead inc hosp","quantile",0.1,28,"COVID-19"
"DE-HB","00+",2022-02-20,2022-02-18,"-2 day ahead inc hosp","quantile",0.25,29,"COVID-19"
"DE-HB","00+",2022-02-20,2022-02-18,"-2 day ahead inc hosp","quantile",0.5,31,"COVID-19"
"DE-HB","00+",2022-02-20,2022-02-18,"-2 day ahead inc hosp","quantile",0.75,34,"COVID-19"
"DE-HB","00+",2022-02-20,2022-02-18,"-2 day ahead inc hosp","quantile",0.9,37,"COVID-19"
"DE-HB","00+",2022-02-20,2022-02-18,"-2 day ahead inc hosp","quantile",0.975,41,"COVID-19"
"DE-HB","00+",2022-02-20,2022-02-17,"-3 day ahead inc hosp","mean",NA,37,"COVID-19"
"DE-HB","00+",2022-02-20,2022-02-17,"-3 day ahead inc hosp","quantile",0.025,31,"COVID-19"
"DE-HB","00+",2022-02-20,2022-02-17,"-3 day ahead inc hosp","quantile",0.1,32,"COVID-19"
"DE-HB","00+",2022-02-20,2022-02-17,"-3 day ahead inc hosp","quantile",0.25,34,"COVID-19"
"DE-HB","00+",2022-02-20,2022-02-17,"-3 day ahead inc hosp","quantile",0.5,36,"COVID-19"
"DE-HB","00+",2022-02-20,2022-02-17,"-3 day ahead inc hosp","quantile",0.75,39,"COVID-19"
"DE-HB","00+",2022-02-20,2022-02-17,"-3 day ahead inc hosp","quantile",0.9,42,"COVID-19"
"DE-HB","00+",2022-02-20,2022-02-17,"-3 day ahead inc hosp","quantile",0.975,46,"COVID-19"
"DE-HB","00+",2022-02-20,2022-02-16,"-4 day ahead inc hosp","mean",NA,37,"COVID-19"
"DE-HB","00+",2022-02-20,2022-02-16,"-4 day ahead inc hosp","quantile",0.025,32,"COVID-19"
"DE-HB","00+",2022-02-20,2022-02-16,"-4 day ahead inc hosp","quantile",0.1,33,"COVID-19"
"DE-HB","00+",2022-02-20,2022-02-16,"-4 day ahead inc hosp","quantile",0.25,34,"COVID-19"
"DE-HB","00+",2022-02-20,2022-02-16,"-4 day ahead inc hosp","quantile",0.5,36,"COVID-19"
"DE-HB","00+",2022-02-20,2022-02-16,"-4 day ahead inc hosp","quantile",0.75,39,"COVID-19"
"DE-HB","00+",2022-02-20,2022-02-16,"-4 day ahead inc hosp","quantile",0.9,41,"COVID-19"
"DE-HB","00+",2022-02-20,2022-02-16,"-4 day ahead inc hosp","quantile",0.975,45,"COVID-19"
"DE-HB","00+",2022-02-20,2022-02-15,"-5 day ahead inc hosp","mean",NA,43,"COVID-19"
"DE-HB","00+",2022-02-20,2022-02-15,"-5 day ahead inc hosp","quantile",0.025,38,"COVID-19"
"DE-HB","00+",2022-02-20,2022-02-15,"-5 day ahead inc hosp","quantile",0.1,39,"COVID-19"
"DE-HB","00+",2022-02-20,2022-02-15,"-5 day ahead inc hosp","quantile",0.25,41,"COVID-19"
"DE-HB","00+",2022-02-20,2022-02-15,"-5 day ahead inc hosp","quantile",0.5,43,"COVID-19"
"DE-HB","00+",2022-02-20,2022-02-15,"-5 day ahead inc hosp","quantile",0.75,45,"COVID-19"
"DE-HB","00+",2022-02-20,2022-02-15,"-5 day ahead inc hosp","quantile",0.9,48,"COVID-19"
"DE-HB","00+",2022-02-20,2022-02-15,"-5 day ahead inc hosp","quantile",0.975,52,"COVID-19"
"DE-HB","00+",2022-02-20,2022-02-14,"-6 day ahead inc hosp","mean",NA,47,"COVID-19"
"DE-HB","00+",2022-02-20,2022-02-14,"-6 day ahead inc hosp","quantile",0.025,43,"COVID-19"
"DE-HB","00+",2022-02-20,2022-02-14,"-6 day ahead inc hosp","quantile",0.1,44,"COVID-19"
"DE-HB","00+",2022-02-20,2022-02-14,"-6 day ahead inc hosp","quantile",0.25,45,"COVID-19"
"DE-HB","00+",2022-02-20,2022-02-14,"-6 day ahead inc hosp","quantile",0.5,47,"COVID-19"
"DE-HB","00+",2022-02-20,2022-02-14,"-6 day ahead inc hosp","quantile",0.75,49,"COVID-19"
"DE-HB","00+",2022-02-20,2022-02-14,"-6 day ahead inc hosp","quantile",0.9,51,"COVID-19"
"DE-HB","00+",2022-02-20,2022-02-14,"-6 day ahead inc hosp","quantile",0.975,54,"COVID-19"
"DE-HB","00+",2022-02-20,2022-02-13,"-7 day ahead inc hosp","mean",NA,43,"COVID-19"
"DE-HB","00+",2022-02-20,2022-02-13,"-7 day ahead inc hosp","quantile",0.025,39,"COVID-19"
"DE-HB","00+",2022-02-20,2022-02-13,"-7 day ahead inc hosp","quantile",0.1,40,"COVID-19"
"DE-HB","00+",2022-02-20,2022-02-13,"-7 day ahead inc hosp","quantile",0.25,41,"COVID-19"
"DE-HB","00+",2022-02-20,2022-02-13,"-7 day ahead inc hosp","quantile",0.5,42,"COVID-19"
"DE-HB","00+",2022-02-20,2022-02-13,"-7 day ahead inc hosp","quantile",0.75,44,"COVID-19"
"DE-HB","00+",2022-02-20,2022-02-13,"-7 day ahead inc hosp","quantile",0.9,46,"COVID-19"
"DE-HB","00+",2022-02-20,2022-02-13,"-7 day ahead inc hosp","quantile",0.975,49,"COVID-19"
"DE-HB","00+",2022-02-20,2022-02-12,"-8 day ahead inc hosp","mean",NA,46,"COVID-19"
"DE-HB","00+",2022-02-20,2022-02-12,"-8 day ahead inc hosp","quantile",0.025,42,"COVID-19"
"DE-HB","00+",2022-02-20,2022-02-12,"-8 day ahead inc hosp","quantile",0.1,43,"COVID-19"
"DE-HB","00+",2022-02-20,2022-02-12,"-8 day ahead inc hosp","quantile",0.25,44,"COVID-19"
"DE-HB","00+",2022-02-20,2022-02-12,"-8 day ahead inc hosp","quantile",0.5,45,"COVID-19"
"DE-HB","00+",2022-02-20,2022-02-12,"-8 day ahead inc hosp","quantile",0.75,47,"COVID-19"
"DE-HB","00+",2022-02-20,2022-02-12,"-8 day ahead inc hosp","quantile",0.9,49,"COVID-19"
"DE-HB","00+",2022-02-20,2022-02-12,"-8 day ahead inc hosp","quantile",0.975,52,"COVID-19"
"DE-HB","00+",2022-02-20,2022-02-11,"-9 day ahead inc hosp","mean",NA,41,"COVID-19"
"DE-HB","00+",2022-02-20,2022-02-11,"-9 day ahead inc hosp","quantile",0.025,38,"COVID-19"
"DE-HB","00+",2022-02-20,2022-02-11,"-9 day ahead inc hosp","quantile",0.1,38,"COVID-19"
"DE-HB","00+",2022-02-20,2022-02-11,"-9 day ahead inc hosp","quantile",0.25,39,"COVID-19"
"DE-HB","00+",2022-02-20,2022-02-11,"-9 day ahead inc hosp","quantile",0.5,41,"COVID-19"
"DE-HB","00+",2022-02-20,2022-02-11,"-9 day ahead inc hosp","quantile",0.75,43,"COVID-19"
"DE-HB","00+",2022-02-20,2022-02-11,"-9 day ahead inc hosp","quantile",0.9,45,"COVID-19"
"DE-HB","00+",2022-02-20,2022-02-11,"-9 day ahead inc hosp","quantile",0.975,48,"COVID-19"
"DE-HB","00+",2022-02-20,2022-02-10,"-10 day ahead inc hosp","mean",NA,44,"COVID-19"
"DE-HB","00+",2022-02-20,2022-02-10,"-10 day ahead inc hosp","quantile",0.025,41,"COVID-19"
"DE-HB","00+",2022-02-20,2022-02-10,"-10 day ahead inc hosp","quantile",0.1,41,"COVID-19"
"DE-HB","00+",2022-02-20,2022-02-10,"-10 day ahead inc hosp","quantile",0.25,42,"COVID-19"
"DE-HB","00+",2022-02-20,2022-02-10,"-10 day ahead inc hosp","quantile",0.5,44,"COVID-19"
"DE-HB","00+",2022-02-20,2022-02-10,"-10 day ahead inc hosp","quantile",0.75,45,"COVID-19"
"DE-HB","00+",2022-02-20,2022-02-10,"-10 day ahead inc hosp","quantile",0.9,48,"COVID-19"
"DE-HB","00+",2022-02-20,2022-02-10,"-10 day ahead inc hosp","quantile",0.975,51,"COVID-19"
"DE-HB","00+",2022-02-20,2022-02-09,"-11 day ahead inc hosp","mean",NA,46,"COVID-19"
"DE-HB","00+",2022-02-20,2022-02-09,"-11 day ahead inc hosp","quantile",0.025,43,"COVID-19"
"DE-HB","00+",2022-02-20,2022-02-09,"-11 day ahead inc hosp","quantile",0.1,43,"COVID-19"
"DE-HB","00+",2022-02-20,2022-02-09,"-11 day ahead inc hosp","quantile",0.25,44,"COVID-19"
"DE-HB","00+",2022-02-20,2022-02-09,"-11 day ahead inc hosp","quantile",0.5,45,"COVID-19"
"DE-HB","00+",2022-02-20,2022-02-09,"-11 day ahead inc hosp","quantile",0.75,47,"COVID-19"
"DE-HB","00+",2022-02-20,2022-02-09,"-11 day ahead inc hosp","quantile",0.9,49,"COVID-19"
"DE-HB","00+",2022-02-20,2022-02-09,"-11 day ahead inc hosp","quantile",0.975,52,"COVID-19"
"DE-HB","00+",2022-02-20,2022-02-08,"-12 day ahead inc hosp","mean",NA,41,"COVID-19"
"DE-HB","00+",2022-02-20,2022-02-08,"-12 day ahead inc hosp","quantile",0.025,39,"COVID-19"
"DE-HB","00+",2022-02-20,2022-02-08,"-12 day ahead inc hosp","quantile",0.1,39,"COVID-19"
"DE-HB","00+",2022-02-20,2022-02-08,"-12 day ahead inc hosp","quantile",0.25,40,"COVID-19"
"DE-HB","00+",2022-02-20,2022-02-08,"-12 day ahead inc hosp","quantile",0.5,41,"COVID-19"
"DE-HB","00+",2022-02-20,2022-02-08,"-12 day ahead inc hosp","quantile",0.75,42,"COVID-19"
"DE-HB","00+",2022-02-20,2022-02-08,"-12 day ahead inc hosp","quantile",0.9,44,"COVID-19"
"DE-HB","00+",2022-02-20,2022-02-08,"-12 day ahead inc hosp","quantile",0.975,47,"COVID-19"
"DE-HB","00+",2022-02-20,2022-02-07,"-13 day ahead inc hosp","mean",NA,32,"COVID-19"
"DE-HB","00+",2022-02-20,2022-02-07,"-13 day ahead inc hosp","quantile",0.025,31,"COVID-19"
"DE-HB","00+",2022-02-20,2022-02-07,"-13 day ahead inc hosp","quantile",0.1,31,"COVID-19"
"DE-HB","00+",2022-02-20,2022-02-07,"-13 day ahead inc hosp","quantile",0.25,31,"COVID-19"
"DE-HB","00+",2022-02-20,2022-02-07,"-13 day ahead inc hosp","quantile",0.5,32,"COVID-19"
"DE-HB","00+",2022-02-20,2022-02-07,"-13 day ahead inc hosp","quantile",0.75,33,"COVID-19"
"DE-HB","00+",2022-02-20,2022-02-07,"-13 day ahead inc hosp","quantile",0.9,34,"COVID-19"
"DE-HB","00+",2022-02-20,2022-02-07,"-13 day ahead inc hosp","quantile",0.975,36,"COVID-19"
"DE-HB","00+",2022-02-20,2022-02-06,"-14 day ahead inc hosp","mean",NA,33,"COVID-19"
"DE-HB","00+",2022-02-20,2022-02-06,"-14 day ahead inc hosp","quantile",0.025,32,"COVID-19"
"DE-HB","00+",2022-02-20,2022-02-06,"-14 day ahead inc hosp","quantile",0.1,32,"COVID-19"
"DE-HB","00+",2022-02-20,2022-02-06,"-14 day ahead inc hosp","quantile",0.25,32,"COVID-19"
"DE-HB","00+",2022-02-20,2022-02-06,"-14 day ahead inc hosp","quantile",0.5,33,"COVID-19"
"DE-HB","00+",2022-02-20,2022-02-06,"-14 day ahead inc hosp","quantile",0.75,34,"COVID-19"
"DE-HB","00+",2022-02-20,2022-02-06,"-14 day ahead inc hosp","quantile",0.9,35,"COVID-19"
"DE-HB","00+",2022-02-20,2022-02-06,"-14 day ahead inc hosp","quantile",0.975,38,"COVID-19"
"DE-HB","00+",2022-02-20,2022-02-05,"-15 day ahead inc hosp","mean",NA,32,"COVID-19"
"DE-HB","00+",2022-02-20,2022-02-05,"-15 day ahead inc hosp","quantile",0.025,31,"COVID-19"
"DE-HB","00+",2022-02-20,2022-02-05,"-15 day ahead inc hosp","quantile",0.1,31,"COVID-19"
"DE-HB","00+",2022-02-20,2022-02-05,"-15 day ahead inc hosp","quantile",0.25,31,"COVID-19"
"DE-HB","00+",2022-02-20,2022-02-05,"-15 day ahead inc hosp","quantile",0.5,32,"COVID-19"
"DE-HB","00+",2022-02-20,2022-02-05,"-15 day ahead inc hosp","quantile",0.75,33,"COVID-19"
"DE-HB","00+",2022-02-20,2022-02-05,"-15 day ahead inc hosp","quantile",0.9,34,"COVID-19"
"DE-HB","00+",2022-02-20,2022-02-05,"-15 day ahead inc hosp","quantile",0.975,36,"COVID-19"
"DE-HB","00+",2022-02-20,2022-02-04,"-16 day ahead inc hosp","mean",NA,38,"COVID-19"
"DE-HB","00+",2022-02-20,2022-02-04,"-16 day ahead inc hosp","quantile",0.025,37,"COVID-19"
"DE-HB","00+",2022-02-20,2022-02-04,"-16 day ahead inc hosp","quantile",0.1,37,"COVID-19"
"DE-HB","00+",2022-02-20,2022-02-04,"-16 day ahead inc hosp","quantile",0.25,37,"COVID-19"
"DE-HB","00+",2022-02-20,2022-02-04,"-16 day ahead inc hosp","quantile",0.5,38,"COVID-19"
"DE-HB","00+",2022-02-20,2022-02-04,"-16 day ahead inc hosp","quantile",0.75,39,"COVID-19"
"DE-HB","00+",2022-02-20,2022-02-04,"-16 day ahead inc hosp","quantile",0.9,40,"COVID-19"
"DE-HB","00+",2022-02-20,2022-02-04,"-16 day ahead inc hosp","quantile",0.975,42,"COVID-19"
"DE-HB","00+",2022-02-20,2022-02-03,"-17 day ahead inc hosp","mean",NA,35,"COVID-19"
"DE-HB","00+",2022-02-20,2022-02-03,"-17 day ahead inc hosp","quantile",0.025,34,"COVID-19"
"DE-HB","00+",2022-02-20,2022-02-03,"-17 day ahead inc hosp","quantile",0.1,34,"COVID-19"
"DE-HB","00+",2022-02-20,2022-02-03,"-17 day ahead inc hosp","quantile",0.25,34,"COVID-19"
"DE-HB","00+",2022-02-20,2022-02-03,"-17 day ahead inc hosp","quantile",0.5,35,"COVID-19"
"DE-HB","00+",2022-02-20,2022-02-03,"-17 day ahead inc hosp","quantile",0.75,36,"COVID-19"
"DE-HB","00+",2022-02-20,2022-02-03,"-17 day ahead inc hosp","quantile",0.9,37,"COVID-19"
"DE-HB","00+",2022-02-20,2022-02-03,"-17 day ahead inc hosp","quantile",0.975,39,"COVID-19"
"DE-HB","00+",2022-02-20,2022-02-02,"-18 day ahead inc hosp","mean",NA,37,"COVID-19"
"DE-HB","00+",2022-02-20,2022-02-02,"-18 day ahead inc hosp","quantile",0.025,36,"COVID-19"
"DE-HB","00+",2022-02-20,2022-02-02,"-18 day ahead inc hosp","quantile",0.1,36,"COVID-19"
"DE-HB","00+",2022-02-20,2022-02-02,"-18 day ahead inc hosp","quantile",0.25,36,"COVID-19"
"DE-HB","00+",2022-02-20,2022-02-02,"-18 day ahead inc hosp","quantile",0.5,36,"COVID-19"
"DE-HB","00+",2022-02-20,2022-02-02,"-18 day ahead inc hosp","quantile",0.75,37,"COVID-19"
"DE-HB","00+",2022-02-20,2022-02-02,"-18 day ahead inc hosp","quantile",0.9,38,"COVID-19"
"DE-HB","00+",2022-02-20,2022-02-02,"-18 day ahead inc hosp","quantile",0.975,40,"COVID-19"
"DE-HB","00+",2022-02-20,2022-02-01,"-19 day ahead inc hosp","mean",NA,45,"COVID-19"
"DE-HB","00+",2022-02-20,2022-02-01,"-19 day ahead inc hosp","quantile",0.025,44,"COVID-19"
"DE-HB","00+",2022-02-20,2022-02-01,"-19 day ahead inc hosp","quantile",0.1,44,"COVID-19"
"DE-HB","00+",2022-02-20,2022-02-01,"-19 day ahead inc hosp","quantile",0.25,44,"COVID-19"
"DE-HB","00+",2022-02-20,2022-02-01,"-19 day ahead inc hosp","quantile",0.5,44,"COVID-19"
"DE-HB","00+",2022-02-20,2022-02-01,"-19 day ahead inc hosp","quantile",0.75,45,"COVID-19"
"DE-HB","00+",2022-02-20,2022-02-01,"-19 day ahead inc hosp","quantile",0.9,46,"COVID-19"
"DE-HB","00+",2022-02-20,2022-02-01,"-19 day ahead inc hosp","quantile",0.975,48,"COVID-19"
"DE-HB","00+",2022-02-20,2022-01-31,"-20 day ahead inc hosp","mean",NA,53,"COVID-19"
"DE-HB","00+",2022-02-20,2022-01-31,"-20 day ahead inc hosp","quantile",0.025,52,"COVID-19"
"DE-HB","00+",2022-02-20,2022-01-31,"-20 day ahead inc hosp","quantile",0.1,52,"COVID-19"
"DE-HB","00+",2022-02-20,2022-01-31,"-20 day ahead inc hosp","quantile",0.25,52,"COVID-19"
"DE-HB","00+",2022-02-20,2022-01-31,"-20 day ahead inc hosp","quantile",0.5,52,"COVID-19"
"DE-HB","00+",2022-02-20,2022-01-31,"-20 day ahead inc hosp","quantile",0.75,53,"COVID-19"
"DE-HB","00+",2022-02-20,2022-01-31,"-20 day ahead inc hosp","quantile",0.9,54,"COVID-19"
"DE-HB","00+",2022-02-20,2022-01-31,"-20 day ahead inc hosp","quantile",0.975,56,"COVID-19"
"DE-HB","00+",2022-02-20,2022-01-30,"-21 day ahead inc hosp","mean",NA,52,"COVID-19"
"DE-HB","00+",2022-02-20,2022-01-30,"-21 day ahead inc hosp","quantile",0.025,51,"COVID-19"
"DE-HB","00+",2022-02-20,2022-01-30,"-21 day ahead inc hosp","quantile",0.1,51,"COVID-19"
"DE-HB","00+",2022-02-20,2022-01-30,"-21 day ahead inc hosp","quantile",0.25,51,"COVID-19"
"DE-HB","00+",2022-02-20,2022-01-30,"-21 day ahead inc hosp","quantile",0.5,51,"COVID-19"
"DE-HB","00+",2022-02-20,2022-01-30,"-21 day ahead inc hosp","quantile",0.75,52,"COVID-19"
"DE-HB","00+",2022-02-20,2022-01-30,"-21 day ahead inc hosp","quantile",0.9,53,"COVID-19"
"DE-HB","00+",2022-02-20,2022-01-30,"-21 day ahead inc hosp","quantile",0.975,55,"COVID-19"
"DE-HB","00+",2022-02-20,2022-01-29,"-22 day ahead inc hosp","mean",NA,50,"COVID-19"
"DE-HB","00+",2022-02-20,2022-01-29,"-22 day ahead inc hosp","quantile",0.025,49,"COVID-19"
"DE-HB","00+",2022-02-20,2022-01-29,"-22 day ahead inc hosp","quantile",0.1,49,"COVID-19"
"DE-HB","00+",2022-02-20,2022-01-29,"-22 day ahead inc hosp","quantile",0.25,49,"COVID-19"
"DE-HB","00+",2022-02-20,2022-01-29,"-22 day ahead inc hosp","quantile",0.5,49,"COVID-19"
"DE-HB","00+",2022-02-20,2022-01-29,"-22 day ahead inc hosp","quantile",0.75,50,"COVID-19"
"DE-HB","00+",2022-02-20,2022-01-29,"-22 day ahead inc hosp","quantile",0.9,51,"COVID-19"
"DE-HB","00+",2022-02-20,2022-01-29,"-22 day ahead inc hosp","quantile",0.975,53,"COVID-19"
"DE-HB","00+",2022-02-20,2022-01-28,"-23 day ahead inc hosp","mean",NA,55,"COVID-19"
"DE-HB","00+",2022-02-20,2022-01-28,"-23 day ahead inc hosp","quantile",0.025,54,"COVID-19"
"DE-HB","00+",2022-02-20,2022-01-28,"-23 day ahead inc hosp","quantile",0.1,54,"COVID-19"
"DE-HB","00+",2022-02-20,2022-01-28,"-23 day ahead inc hosp","quantile",0.25,54,"COVID-19"
"DE-HB","00+",2022-02-20,2022-01-28,"-23 day ahead inc hosp","quantile",0.5,54,"COVID-19"
"DE-HB","00+",2022-02-20,2022-01-28,"-23 day ahead inc hosp","quantile",0.75,55,"COVID-19"
"DE-HB","00+",2022-02-20,2022-01-28,"-23 day ahead inc hosp","quantile",0.9,56,"COVID-19"
"DE-HB","00+",2022-02-20,2022-01-28,"-23 day ahead inc hosp","quantile",0.975,58,"COVID-19"
"DE-HB","00+",2022-02-20,2022-01-27,"-24 day ahead inc hosp","mean",NA,67,"COVID-19"
"DE-HB","00+",2022-02-20,2022-01-27,"-24 day ahead inc hosp","quantile",0.025,66,"COVID-19"
"DE-HB","00+",2022-02-20,2022-01-27,"-24 day ahead inc hosp","quantile",0.1,66,"COVID-19"
"DE-HB","00+",2022-02-20,2022-01-27,"-24 day ahead inc hosp","quantile",0.25,66,"COVID-19"
"DE-HB","00+",2022-02-20,2022-01-27,"-24 day ahead inc hosp","quantile",0.5,66,"COVID-19"
"DE-HB","00+",2022-02-20,2022-01-27,"-24 day ahead inc hosp","quantile",0.75,67,"COVID-19"
"DE-HB","00+",2022-02-20,2022-01-27,"-24 day ahead inc hosp","quantile",0.9,68,"COVID-19"
"DE-HB","00+",2022-02-20,2022-01-27,"-24 day ahead inc hosp","quantile",0.975,70,"COVID-19"
"DE-HB","00+",2022-02-20,2022-01-26,"-25 day ahead inc hosp","mean",NA,83,"COVID-19"
"DE-HB","00+",2022-02-20,2022-01-26,"-25 day ahead inc hosp","quantile",0.025,82,"COVID-19"
"DE-HB","00+",2022-02-20,2022-01-26,"-25 day ahead inc hosp","quantile",0.1,82,"COVID-19"
"DE-HB","00+",2022-02-20,2022-01-26,"-25 day ahead inc hosp","quantile",0.25,82,"COVID-19"
"DE-HB","00+",2022-02-20,2022-01-26,"-25 day ahead inc hosp","quantile",0.5,82,"COVID-19"
"DE-HB","00+",2022-02-20,2022-01-26,"-25 day ahead inc hosp","quantile",0.75,83,"COVID-19"
"DE-HB","00+",2022-02-20,2022-01-26,"-25 day ahead inc hosp","quantile",0.9,85,"COVID-19"
"DE-HB","00+",2022-02-20,2022-01-26,"-25 day ahead inc hosp","quantile",0.975,87,"COVID-19"
"DE-HB","00+",2022-02-20,2022-01-25,"-26 day ahead inc hosp","mean",NA,96,"COVID-19"
"DE-HB","00+",2022-02-20,2022-01-25,"-26 day ahead inc hosp","quantile",0.025,95,"COVID-19"
"DE-HB","00+",2022-02-20,2022-01-25,"-26 day ahead inc hosp","quantile",0.1,95,"COVID-19"
"DE-HB","00+",2022-02-20,2022-01-25,"-26 day ahead inc hosp","quantile",0.25,95,"COVID-19"
"DE-HB","00+",2022-02-20,2022-01-25,"-26 day ahead inc hosp","quantile",0.5,96,"COVID-19"
"DE-HB","00+",2022-02-20,2022-01-25,"-26 day ahead inc hosp","quantile",0.75,97,"COVID-19"
"DE-HB","00+",2022-02-20,2022-01-25,"-26 day ahead inc hosp","quantile",0.9,98,"COVID-19"
"DE-HB","00+",2022-02-20,2022-01-25,"-26 day ahead inc hosp","quantile",0.975,100,"COVID-19"
"DE-HB","00+",2022-02-20,2022-01-24,"-27 day ahead inc hosp","mean",NA,92,"COVID-19"
"DE-HB","00+",2022-02-20,2022-01-24,"-27 day ahead inc hosp","quantile",0.025,91,"COVID-19"
"DE-HB","00+",2022-02-20,2022-01-24,"-27 day ahead inc hosp","quantile",0.1,91,"COVID-19"
"DE-HB","00+",2022-02-20,2022-01-24,"-27 day ahead inc hosp","quantile",0.25,91,"COVID-19"
"DE-HB","00+",2022-02-20,2022-01-24,"-27 day ahead inc hosp","quantile",0.5,92,"COVID-19"
"DE-HB","00+",2022-02-20,2022-01-24,"-27 day ahead inc hosp","quantile",0.75,93,"COVID-19"
"DE-HB","00+",2022-02-20,2022-01-24,"-27 day ahead inc hosp","quantile",0.9,94,"COVID-19"
"DE-HB","00+",2022-02-20,2022-01-24,"-27 day ahead inc hosp","quantile",0.975,96,"COVID-19"
"DE-HB","00+",2022-02-20,2022-01-23,"-28 day ahead inc hosp","mean",NA,95,"COVID-19"
"DE-HB","00+",2022-02-20,2022-01-23,"-28 day ahead inc hosp","quantile",0.025,94,"COVID-19"
"DE-HB","00+",2022-02-20,2022-01-23,"-28 day ahead inc hosp","quantile",0.1,94,"COVID-19"
"DE-HB","00+",2022-02-20,2022-01-23,"-28 day ahead inc hosp","quantile",0.25,94,"COVID-19"
"DE-HB","00+",2022-02-20,2022-01-23,"-28 day ahead inc hosp","quantile",0.5,95,"COVID-19"
"DE-HB","00+",2022-02-20,2022-01-23,"-28 day ahead inc hosp","quantile",0.75,96,"COVID-19"
"DE-HB","00+",2022-02-20,2022-01-23,"-28 day ahead inc hosp","quantile",0.9,97,"COVID-19"
"DE-HB","00+",2022-02-20,2022-01-23,"-28 day ahead inc hosp","quantile",0.975,99,"COVID-19"
"DE-HE","00+",2022-02-20,2022-02-20,"0 day ahead inc hosp","mean",NA,797,"COVID-19"
"DE-HE","00+",2022-02-20,2022-02-20,"0 day ahead inc hosp","quantile",0.025,587,"COVID-19"
"DE-HE","00+",2022-02-20,2022-02-20,"0 day ahead inc hosp","quantile",0.1,643,"COVID-19"
"DE-HE","00+",2022-02-20,2022-02-20,"0 day ahead inc hosp","quantile",0.25,703,"COVID-19"
"DE-HE","00+",2022-02-20,2022-02-20,"0 day ahead inc hosp","quantile",0.5,782,"COVID-19"
"DE-HE","00+",2022-02-20,2022-02-20,"0 day ahead inc hosp","quantile",0.75,875,"COVID-19"
"DE-HE","00+",2022-02-20,2022-02-20,"0 day ahead inc hosp","quantile",0.9,970,"COVID-19"
"DE-HE","00+",2022-02-20,2022-02-20,"0 day ahead inc hosp","quantile",0.975,1091,"COVID-19"
"DE-HE","00+",2022-02-20,2022-02-19,"-1 day ahead inc hosp","mean",NA,852,"COVID-19"
"DE-HE","00+",2022-02-20,2022-02-19,"-1 day ahead inc hosp","quantile",0.025,643,"COVID-19"
"DE-HE","00+",2022-02-20,2022-02-19,"-1 day ahead inc hosp","quantile",0.1,699,"COVID-19"
"DE-HE","00+",2022-02-20,2022-02-19,"-1 day ahead inc hosp","quantile",0.25,759,"COVID-19"
"DE-HE","00+",2022-02-20,2022-02-19,"-1 day ahead inc hosp","quantile",0.5,838,"COVID-19"
"DE-HE","00+",2022-02-20,2022-02-19,"-1 day ahead inc hosp","quantile",0.75,929,"COVID-19"
"DE-HE","00+",2022-02-20,2022-02-19,"-1 day ahead inc hosp","quantile",0.9,1023,"COVID-19"
"DE-HE","00+",2022-02-20,2022-02-19,"-1 day ahead inc hosp","quantile",0.975,1141,"COVID-19"
"DE-HE","00+",2022-02-20,2022-02-18,"-2 day ahead inc hosp","mean",NA,896,"COVID-19"
"DE-HE","00+",2022-02-20,2022-02-18,"-2 day ahead inc hosp","quantile",0.025,706,"COVID-19"
"DE-HE","00+",2022-02-20,2022-02-18,"-2 day ahead inc hosp","quantile",0.1,758,"COVID-19"
"DE-HE","00+",2022-02-20,2022-02-18,"-2 day ahead inc hosp","quantile",0.25,813,"COVID-19"
"DE-HE","00+",2022-02-20,2022-02-18,"-2 day ahead inc hosp","quantile",0.5,884,"COVID-19"
"DE-HE","00+",2022-02-20,2022-02-18,"-2 day ahead inc hosp","quantile",0.75,966,"COVID-19"
"DE-HE","00+",2022-02-20,2022-02-18,"-2 day ahead inc hosp","quantile",0.9,1050,"COVID-19"
"DE-HE","00+",2022-02-20,2022-02-18,"-2 day ahead inc hosp","quantile",0.975,1155,"COVID-19"
"DE-HE","00+",2022-02-20,2022-02-17,"-3 day ahead inc hosp","mean",NA,877,"COVID-19"
"DE-HE","00+",2022-02-20,2022-02-17,"-3 day ahead inc hosp","quantile",0.025,717,"COVID-19"
"DE-HE","00+",2022-02-20,2022-02-17,"-3 day ahead inc hosp","quantile",0.1,761,"COVID-19"
"DE-HE","00+",2022-02-20,2022-02-17,"-3 day ahead inc hosp","quantile",0.25,807,"COVID-19"
"DE-HE","00+",2022-02-20,2022-02-17,"-3 day ahead inc hosp","quantile",0.5,867,"COVID-19"
"DE-HE","00+",2022-02-20,2022-02-17,"-3 day ahead inc hosp","quantile",0.75,936,"COVID-19"
"DE-HE","00+",2022-02-20,2022-02-17,"-3 day ahead inc hosp","quantile",0.9,1006,"COVID-19"
"DE-HE","00+",2022-02-20,2022-02-17,"-3 day ahead inc hosp","quantile",0.975,1094,"COVID-19"
"DE-HE","00+",2022-02-20,2022-02-16,"-4 day ahead inc hosp","mean",NA,940,"COVID-19"
"DE-HE","00+",2022-02-20,2022-02-16,"-4 day ahead inc hosp","quantile",0.025,788,"COVID-19"
"DE-HE","00+",2022-02-20,2022-02-16,"-4 day ahead inc hosp","quantile",0.1,830,"COVID-19"
"DE-HE","00+",2022-02-20,2022-02-16,"-4 day ahead inc hosp","quantile",0.25,874,"COVID-19"
"DE-HE","00+",2022-02-20,2022-02-16,"-4 day ahead inc hosp","quantile",0.5,930,"COVID-19"
"DE-HE","00+",2022-02-20,2022-02-16,"-4 day ahead inc hosp","quantile",0.75,995,"COVID-19"
"DE-HE","00+",2022-02-20,2022-02-16,"-4 day ahead inc hosp","quantile",0.9,1061,"COVID-19"
"DE-HE","00+",2022-02-20,2022-02-16,"-4 day ahead inc hosp","quantile",0.975,1144,"COVID-19"
"DE-HE","00+",2022-02-20,2022-02-15,"-5 day ahead inc hosp","mean",NA,948,"COVID-19"
"DE-HE","00+",2022-02-20,2022-02-15,"-5 day ahead inc hosp","quantile",0.025,809,"COVID-19"
"DE-HE","00+",2022-02-20,2022-02-15,"-5 day ahead inc hosp","quantile",0.1,847,"COVID-19"
"DE-HE","00+",2022-02-20,2022-02-15,"-5 day ahead inc hosp","quantile",0.25,887,"COVID-19"
"DE-HE","00+",2022-02-20,2022-02-15,"-5 day ahead inc hosp","quantile",0.5,939,"COVID-19"
"DE-HE","00+",2022-02-20,2022-02-15,"-5 day ahead inc hosp","quantile",0.75,999,"COVID-19"
"DE-HE","00+",2022-02-20,2022-02-15,"-5 day ahead inc hosp","quantile",0.9,1061,"COVID-19"
"DE-HE","00+",2022-02-20,2022-02-15,"-5 day ahead inc hosp","quantile",0.975,1139,"COVID-19"
"DE-HE","00+",2022-02-20,2022-02-14,"-6 day ahead inc hosp","mean",NA,943,"COVID-19"
"DE-HE","00+",2022-02-20,2022-02-14,"-6 day ahead inc hosp","quantile",0.025,819,"COVID-19"
"DE-HE","00+",2022-02-20,2022-02-14,"-6 day ahead inc hosp","quantile",0.1,852,"COVID-19"
"DE-HE","00+",2022-02-20,2022-02-14,"-6 day ahead inc hosp","quantile",0.25,888,"COVID-19"
"DE-HE","00+",2022-02-20,2022-02-14,"-6 day ahead inc hosp","quantile",0.5,934,"COVID-19"
"DE-HE","00+",2022-02-20,2022-02-14,"-6 day ahead inc hosp","quantile",0.75,989,"COVID-19"
"DE-HE","00+",2022-02-20,2022-02-14,"-6 day ahead inc hosp","quantile",0.9,1045,"COVID-19"
"DE-HE","00+",2022-02-20,2022-02-14,"-6 day ahead inc hosp","quantile",0.975,1116,"COVID-19"
"DE-HE","00+",2022-02-20,2022-02-13,"-7 day ahead inc hosp","mean",NA,920,"COVID-19"
"DE-HE","00+",2022-02-20,2022-02-13,"-7 day ahead inc hosp","quantile",0.025,803,"COVID-19"
"DE-HE","00+",2022-02-20,2022-02-13,"-7 day ahead inc hosp","quantile",0.1,834,"COVID-19"
"DE-HE","00+",2022-02-20,2022-02-13,"-7 day ahead inc hosp","quantile",0.25,868,"COVID-19"
"DE-HE","00+",2022-02-20,2022-02-13,"-7 day ahead inc hosp","quantile",0.5,912,"COVID-19"
"DE-HE","00+",2022-02-20,2022-02-13,"-7 day ahead inc hosp","quantile",0.75,964,"COVID-19"
"DE-HE","00+",2022-02-20,2022-02-13,"-7 day ahead inc hosp","quantile",0.9,1018,"COVID-19"
"DE-HE","00+",2022-02-20,2022-02-13,"-7 day ahead inc hosp","quantile",0.975,1086,"COVID-19"
"DE-HE","00+",2022-02-20,2022-02-12,"-8 day ahead inc hosp","mean",NA,941,"COVID-19"
"DE-HE","00+",2022-02-20,2022-02-12,"-8 day ahead inc hosp","quantile",0.025,826,"COVID-19"
"DE-HE","00+",2022-02-20,2022-02-12,"-8 day ahead inc hosp","quantile",0.1,856,"COVID-19"
"DE-HE","00+",2022-02-20,2022-02-12,"-8 day ahead inc hosp","quantile",0.25,889,"COVID-19"
"DE-HE","00+",2022-02-20,2022-02-12,"-8 day ahead inc hosp","quantile",0.5,932,"COVID-19"
"DE-HE","00+",2022-02-20,2022-02-12,"-8 day ahead inc hosp","quantile",0.75,983,"COVID-19"
"DE-HE","00+",2022-02-20,2022-02-12,"-8 day ahead inc hosp","quantile",0.9,1036,"COVID-19"
"DE-HE","00+",2022-02-20,2022-02-12,"-8 day ahead inc hosp","quantile",0.975,1103,"COVID-19"
"DE-HE","00+",2022-02-20,2022-02-11,"-9 day ahead inc hosp","mean",NA,948,"COVID-19"
"DE-HE","00+",2022-02-20,2022-02-11,"-9 day ahead inc hosp","quantile",0.025,842,"COVID-19"
"DE-HE","00+",2022-02-20,2022-02-11,"-9 day ahead inc hosp","quantile",0.1,870,"COVID-19"
"DE-HE","00+",2022-02-20,2022-02-11,"-9 day ahead inc hosp","quantile",0.25,900,"COVID-19"
"DE-HE","00+",2022-02-20,2022-02-11,"-9 day ahead inc hosp","quantile",0.5,940,"COVID-19"
"DE-HE","00+",2022-02-20,2022-02-11,"-9 day ahead inc hosp","quantile",0.75,987,"COVID-19"
"DE-HE","00+",2022-02-20,2022-02-11,"-9 day ahead inc hosp","quantile",0.9,1036,"COVID-19"
"DE-HE","00+",2022-02-20,2022-02-11,"-9 day ahead inc hosp","quantile",0.975,1098,"COVID-19"
"DE-HE","00+",2022-02-20,2022-02-10,"-10 day ahead inc hosp","mean",NA,967,"COVID-19"
"DE-HE","00+",2022-02-20,2022-02-10,"-10 day ahead inc hosp","quantile",0.025,870,"COVID-19"
"DE-HE","00+",2022-02-20,2022-02-10,"-10 day ahead inc hosp","quantile",0.1,896,"COVID-19"
"DE-HE","00+",2022-02-20,2022-02-10,"-10 day ahead inc hosp","quantile",0.25,924,"COVID-19"
"DE-HE","00+",2022-02-20,2022-02-10,"-10 day ahead inc hosp","quantile",0.5,960,"COVID-19"
"DE-HE","00+",2022-02-20,2022-02-10,"-10 day ahead inc hosp","quantile",0.75,1002,"COVID-19"
"DE-HE","00+",2022-02-20,2022-02-10,"-10 day ahead inc hosp","quantile",0.9,1046,"COVID-19"
"DE-HE","00+",2022-02-20,2022-02-10,"-10 day ahead inc hosp","quantile",0.975,1101,"COVID-19"
"DE-HE","00+",2022-02-20,2022-02-09,"-11 day ahead inc hosp","mean",NA,962,"COVID-19"
"DE-HE","00+",2022-02-20,2022-02-09,"-11 day ahead inc hosp","quantile",0.025,879,"COVID-19"
"DE-HE","00+",2022-02-20,2022-02-09,"-11 day ahead inc hosp","quantile",0.1,901,"COVID-19"
"DE-HE","00+",2022-02-20,2022-02-09,"-11 day ahead inc hosp","quantile",0.25,925,"COVID-19"
"DE-HE","00+",2022-02-20,2022-02-09,"-11 day ahead inc hosp","quantile",0.5,956,"COVID-19"
"DE-HE","00+",2022-02-20,2022-02-09,"-11 day ahead inc hosp","quantile",0.75,992,"COVID-19"
"DE-HE","00+",2022-02-20,2022-02-09,"-11 day ahead inc hosp","quantile",0.9,1029,"COVID-19"
"DE-HE","00+",2022-02-20,2022-02-09,"-11 day ahead inc hosp","quantile",0.975,1076,"COVID-19"
"DE-HE","00+",2022-02-20,2022-02-08,"-12 day ahead inc hosp","mean",NA,928,"COVID-19"
"DE-HE","00+",2022-02-20,2022-02-08,"-12 day ahead inc hosp","quantile",0.025,859,"COVID-19"
"DE-HE","00+",2022-02-20,2022-02-08,"-12 day ahead inc hosp","quantile",0.1,878,"COVID-19"
"DE-HE","00+",2022-02-20,2022-02-08,"-12 day ahead inc hosp","quantile",0.25,898,"COVID-19"
"DE-HE","00+",2022-02-20,2022-02-08,"-12 day ahead inc hosp","quantile",0.5,923,"COVID-19"
"DE-HE","00+",2022-02-20,2022-02-08,"-12 day ahead inc hosp","quantile",0.75,953,"COVID-19"
"DE-HE","00+",2022-02-20,2022-02-08,"-12 day ahead inc hosp","quantile",0.9,983,"COVID-19"
"DE-HE","00+",2022-02-20,2022-02-08,"-12 day ahead inc hosp","quantile",0.975,1021,"COVID-19"
"DE-HE","00+",2022-02-20,2022-02-07,"-13 day ahead inc hosp","mean",NA,868,"COVID-19"
"DE-HE","00+",2022-02-20,2022-02-07,"-13 day ahead inc hosp","quantile",0.025,812,"COVID-19"
"DE-HE","00+",2022-02-20,2022-02-07,"-13 day ahead inc hosp","quantile",0.1,828,"COVID-19"
"DE-HE","00+",2022-02-20,2022-02-07,"-13 day ahead inc hosp","quantile",0.25,844,"COVID-19"
"DE-HE","00+",2022-02-20,2022-02-07,"-13 day ahead inc hosp","quantile",0.5,864,"COVID-19"
"DE-HE","00+",2022-02-20,2022-02-07,"-13 day ahead inc hosp","quantile",0.75,888,"COVID-19"
"DE-HE","00+",2022-02-20,2022-02-07,"-13 day ahead inc hosp","quantile",0.9,912,"COVID-19"
"DE-HE","00+",2022-02-20,2022-02-07,"-13 day ahead inc hosp","quantile",0.975,942,"COVID-19"
"DE-HE","00+",2022-02-20,2022-02-06,"-14 day ahead inc hosp","mean",NA,902,"COVID-19"
"DE-HE","00+",2022-02-20,2022-02-06,"-14 day ahead inc hosp","quantile",0.025,847,"COVID-19"
"DE-HE","00+",2022-02-20,2022-02-06,"-14 day ahead inc hosp","quantile",0.1,862,"COVID-19"
"DE-HE","00+",2022-02-20,2022-02-06,"-14 day ahead inc hosp","quantile",0.25,878,"COVID-19"
"DE-HE","00+",2022-02-20,2022-02-06,"-14 day ahead inc hosp","quantile",0.5,899,"COVID-19"
"DE-HE","00+",2022-02-20,2022-02-06,"-14 day ahead inc hosp","quantile",0.75,922,"COVID-19"
"DE-HE","00+",2022-02-20,2022-02-06,"-14 day ahead inc hosp","quantile",0.9,946,"COVID-19"
"DE-HE","00+",2022-02-20,2022-02-06,"-14 day ahead inc hosp","quantile",0.975,975,"COVID-19"
"DE-HE","00+",2022-02-20,2022-02-05,"-15 day ahead inc hosp","mean",NA,890,"COVID-19"
"DE-HE","00+",2022-02-20,2022-02-05,"-15 day ahead inc hosp","quantile",0.025,838,"COVID-19"
"DE-HE","00+",2022-02-20,2022-02-05,"-15 day ahead inc hosp","quantile",0.1,853,"COVID-19"
"DE-HE","00+",2022-02-20,2022-02-05,"-15 day ahead inc hosp","quantile",0.25,868,"COVID-19"
"DE-HE","00+",2022-02-20,2022-02-05,"-15 day ahead inc hosp","quantile",0.5,887,"COVID-19"
"DE-HE","00+",2022-02-20,2022-02-05,"-15 day ahead inc hosp","quantile",0.75,909,"COVID-19"
"DE-HE","00+",2022-02-20,2022-02-05,"-15 day ahead inc hosp","quantile",0.9,931,"COVID-19"
"DE-HE","00+",2022-02-20,2022-02-05,"-15 day ahead inc hosp","quantile",0.975,958,"COVID-19"
"DE-HE","00+",2022-02-20,2022-02-04,"-16 day ahead inc hosp","mean",NA,882,"COVID-19"
"DE-HE","00+",2022-02-20,2022-02-04,"-16 day ahead inc hosp","quantile",0.025,835,"COVID-19"
"DE-HE","00+",2022-02-20,2022-02-04,"-16 day ahead inc hosp","quantile",0.1,848,"COVID-19"
"DE-HE","00+",2022-02-20,2022-02-04,"-16 day ahead inc hosp","quantile",0.25,862,"COVID-19"
"DE-HE","00+",2022-02-20,2022-02-04,"-16 day ahead inc hosp","quantile",0.5,880,"COVID-19"
"DE-HE","00+",2022-02-20,2022-02-04,"-16 day ahead inc hosp","quantile",0.75,900,"COVID-19"
"DE-HE","00+",2022-02-20,2022-02-04,"-16 day ahead inc hosp","quantile",0.9,920,"COVID-19"
"DE-HE","00+",2022-02-20,2022-02-04,"-16 day ahead inc hosp","quantile",0.975,946,"COVID-19"
"DE-HE","00+",2022-02-20,2022-02-03,"-17 day ahead inc hosp","mean",NA,842,"COVID-19"
"DE-HE","00+",2022-02-20,2022-02-03,"-17 day ahead inc hosp","quantile",0.025,800,"COVID-19"
"DE-HE","00+",2022-02-20,2022-02-03,"-17 day ahead inc hosp","quantile",0.1,811,"COVID-19"
"DE-HE","00+",2022-02-20,2022-02-03,"-17 day ahead inc hosp","quantile",0.25,823,"COVID-19"
"DE-HE","00+",2022-02-20,2022-02-03,"-17 day ahead inc hosp","quantile",0.5,839,"COVID-19"
"DE-HE","00+",2022-02-20,2022-02-03,"-17 day ahead inc hosp","quantile",0.75,857,"COVID-19"
"DE-HE","00+",2022-02-20,2022-02-03,"-17 day ahead inc hosp","quantile",0.9,876,"COVID-19"
"DE-HE","00+",2022-02-20,2022-02-03,"-17 day ahead inc hosp","quantile",0.975,899,"COVID-19"
"DE-HE","00+",2022-02-20,2022-02-02,"-18 day ahead inc hosp","mean",NA,772,"COVID-19"
"DE-HE","00+",2022-02-20,2022-02-02,"-18 day ahead inc hosp","quantile",0.025,735,"COVID-19"
"DE-HE","00+",2022-02-20,2022-02-02,"-18 day ahead inc hosp","quantile",0.1,745,"COVID-19"
"DE-HE","00+",2022-02-20,2022-02-02,"-18 day ahead inc hosp","quantile",0.25,756,"COVID-19"
"DE-HE","00+",2022-02-20,2022-02-02,"-18 day ahead inc hosp","quantile",0.5,769,"COVID-19"
"DE-HE","00+",2022-02-20,2022-02-02,"-18 day ahead inc hosp","quantile",0.75,785,"COVID-19"
"DE-HE","00+",2022-02-20,2022-02-02,"-18 day ahead inc hosp","quantile",0.9,801,"COVID-19"
"DE-HE","00+",2022-02-20,2022-02-02,"-18 day ahead inc hosp","quantile",0.975,822,"COVID-19"
"DE-HE","00+",2022-02-20,2022-02-01,"-19 day ahead inc hosp","mean",NA,725,"COVID-19"
"DE-HE","00+",2022-02-20,2022-02-01,"-19 day ahead inc hosp","quantile",0.025,694,"COVID-19"
"DE-HE","00+",2022-02-20,2022-02-01,"-19 day ahead inc hosp","quantile",0.1,703,"COVID-19"
"DE-HE","00+",2022-02-20,2022-02-01,"-19 day ahead inc hosp","quantile",0.25,712,"COVID-19"
"DE-HE","00+",2022-02-20,2022-02-01,"-19 day ahead inc hosp","quantile",0.5,723,"COVID-19"
"DE-HE","00+",2022-02-20,2022-02-01,"-19 day ahead inc hosp","quantile",0.75,737,"COVID-19"
"DE-HE","00+",2022-02-20,2022-02-01,"-19 day ahead inc hosp","quantile",0.9,750,"COVID-19"
"DE-HE","00+",2022-02-20,2022-02-01,"-19 day ahead inc hosp","quantile",0.975,767,"COVID-19"
"DE-HE","00+",2022-02-20,2022-01-31,"-20 day ahead inc hosp","mean",NA,739,"COVID-19"
"DE-HE","00+",2022-02-20,2022-01-31,"-20 day ahead inc hosp","quantile",0.025,710,"COVID-19"
"DE-HE","00+",2022-02-20,2022-01-31,"-20 day ahead inc hosp","quantile",0.1,718,"COVID-19"
"DE-HE","00+",2022-02-20,2022-01-31,"-20 day ahead inc hosp","quantile",0.25,727,"COVID-19"
"DE-HE","00+",2022-02-20,2022-01-31,"-20 day ahead inc hosp","quantile",0.5,737,"COVID-19"
"DE-HE","00+",2022-02-20,2022-01-31,"-20 day ahead inc hosp","quantile",0.75,750,"COVID-19"
"DE-HE","00+",2022-02-20,2022-01-31,"-20 day ahead inc hosp","quantile",0.9,762,"COVID-19"
"DE-HE","00+",2022-02-20,2022-01-31,"-20 day ahead inc hosp","quantile",0.975,778,"COVID-19"
"DE-HE","00+",2022-02-20,2022-01-30,"-21 day ahead inc hosp","mean",NA,705,"COVID-19"
"DE-HE","00+",2022-02-20,2022-01-30,"-21 day ahead inc hosp","quantile",0.025,678,"COVID-19"
"DE-HE","00+",2022-02-20,2022-01-30,"-21 day ahead inc hosp","quantile",0.1,686,"COVID-19"
"DE-HE","00+",2022-02-20,2022-01-30,"-21 day ahead inc hosp","quantile",0.25,693,"COVID-19"
"DE-HE","00+",2022-02-20,2022-01-30,"-21 day ahead inc hosp","quantile",0.5,703,"COVID-19"
"DE-HE","00+",2022-02-20,2022-01-30,"-21 day ahead inc hosp","quantile",0.75,715,"COVID-19"
"DE-HE","00+",2022-02-20,2022-01-30,"-21 day ahead inc hosp","quantile",0.9,726,"COVID-19"
"DE-HE","00+",2022-02-20,2022-01-30,"-21 day ahead inc hosp","quantile",0.975,741,"COVID-19"
"DE-HE","00+",2022-02-20,2022-01-29,"-22 day ahead inc hosp","mean",NA,671,"COVID-19"
"DE-HE","00+",2022-02-20,2022-01-29,"-22 day ahead inc hosp","quantile",0.025,647,"COVID-19"
"DE-HE","00+",2022-02-20,2022-01-29,"-22 day ahead inc hosp","quantile",0.1,654,"COVID-19"
"DE-HE","00+",2022-02-20,2022-01-29,"-22 day ahead inc hosp","quantile",0.25,661,"COVID-19"
"DE-HE","00+",2022-02-20,2022-01-29,"-22 day ahead inc hosp","quantile",0.5,670,"COVID-19"
"DE-HE","00+",2022-02-20,2022-01-29,"-22 day ahead inc hosp","quantile",0.75,680,"COVID-19"
"DE-HE","00+",2022-02-20,2022-01-29,"-22 day ahead inc hosp","quantile",0.9,691,"COVID-19"
"DE-HE","00+",2022-02-20,2022-01-29,"-22 day ahead inc hosp","quantile",0.975,705,"COVID-19"
"DE-HE","00+",2022-02-20,2022-01-28,"-23 day ahead inc hosp","mean",NA,625,"COVID-19"
"DE-HE","00+",2022-02-20,2022-01-28,"-23 day ahead inc hosp","quantile",0.025,605,"COVID-19"
"DE-HE","00+",2022-02-20,2022-01-28,"-23 day ahead inc hosp","quantile",0.1,610,"COVID-19"
"DE-HE","00+",2022-02-20,2022-01-28,"-23 day ahead inc hosp","quantile",0.25,616,"COVID-19"
"DE-HE","00+",2022-02-20,2022-01-28,"-23 day ahead inc hosp","quantile",0.5,624,"COVID-19"
"DE-HE","00+",2022-02-20,2022-01-28,"-23 day ahead inc hosp","quantile",0.75,632,"COVID-19"
"DE-HE","00+",2022-02-20,2022-01-28,"-23 day ahead inc hosp","quantile",0.9,641,"COVID-19"
"DE-HE","00+",2022-02-20,2022-01-28,"-23 day ahead inc hosp","quantile",0.975,651,"COVID-19"
"DE-HE","00+",2022-02-20,2022-01-27,"-24 day ahead inc hosp","mean",NA,583,"COVID-19"
"DE-HE","00+",2022-02-20,2022-01-27,"-24 day ahead inc hosp","quantile",0.025,567,"COVID-19"
"DE-HE","00+",2022-02-20,2022-01-27,"-24 day ahead inc hosp","quantile",0.1,571,"COVID-19"
"DE-HE","00+",2022-02-20,2022-01-27,"-24 day ahead inc hosp","quantile",0.25,576,"COVID-19"
"DE-HE","00+",2022-02-20,2022-01-27,"-24 day ahead inc hosp","quantile",0.5,582,"COVID-19"
"DE-HE","00+",2022-02-20,2022-01-27,"-24 day ahead inc hosp","quantile",0.75,589,"COVID-19"
"DE-HE","00+",2022-02-20,2022-01-27,"-24 day ahead inc hosp","quantile",0.9,596,"COVID-19"
"DE-HE","00+",2022-02-20,2022-01-27,"-24 day ahead inc hosp","quantile",0.975,605,"COVID-19"
"DE-HE","00+",2022-02-20,2022-01-26,"-25 day ahead inc hosp","mean",NA,556,"COVID-19"
"DE-HE","00+",2022-02-20,2022-01-26,"-25 day ahead inc hosp","quantile",0.025,541,"COVID-19"
"DE-HE","00+",2022-02-20,2022-01-26,"-25 day ahead inc hosp","quantile",0.1,546,"COVID-19"
"DE-HE","00+",2022-02-20,2022-01-26,"-25 day ahead inc hosp","quantile",0.25,550,"COVID-19"
"DE-HE","00+",2022-02-20,2022-01-26,"-25 day ahead inc hosp","quantile",0.5,555,"COVID-19"
"DE-HE","00+",2022-02-20,2022-01-26,"-25 day ahead inc hosp","quantile",0.75,561,"COVID-19"
"DE-HE","00+",2022-02-20,2022-01-26,"-25 day ahead inc hosp","quantile",0.9,567,"COVID-19"
"DE-HE","00+",2022-02-20,2022-01-26,"-25 day ahead inc hosp","quantile",0.975,575,"COVID-19"
"DE-HE","00+",2022-02-20,2022-01-25,"-26 day ahead inc hosp","mean",NA,544,"COVID-19"
"DE-HE","00+",2022-02-20,2022-01-25,"-26 day ahead inc hosp","quantile",0.025,530,"COVID-19"
"DE-HE","00+",2022-02-20,2022-01-25,"-26 day ahead inc hosp","quantile",0.1,534,"COVID-19"
"DE-HE","00+",2022-02-20,2022-01-25,"-26 day ahead inc hosp","quantile",0.25,538,"COVID-19"
"DE-HE","00+",2022-02-20,2022-01-25,"-26 day ahead inc hosp","quantile",0.5,543,"COVID-19"
"DE-HE","00+",2022-02-20,2022-01-25,"-26 day ahead inc hosp","quantile",0.75,549,"COVID-19"
"DE-HE","00+",2022-02-20,2022-01-25,"-26 day ahead inc hosp","quantile",0.9,555,"COVID-19"
"DE-HE","00+",2022-02-20,2022-01-25,"-26 day ahead inc hosp","quantile",0.975,562,"COVID-19"
"DE-HE","00+",2022-02-20,2022-01-24,"-27 day ahead inc hosp","mean",NA,506,"COVID-19"
"DE-HE","00+",2022-02-20,2022-01-24,"-27 day ahead inc hosp","quantile",0.025,494,"COVID-19"
"DE-HE","00+",2022-02-20,2022-01-24,"-27 day ahead inc hosp","quantile",0.1,497,"COVID-19"
"DE-HE","00+",2022-02-20,2022-01-24,"-27 day ahead inc hosp","quantile",0.25,501,"COVID-19"
"DE-HE","00+",2022-02-20,2022-01-24,"-27 day ahead inc hosp","quantile",0.5,505,"COVID-19"
"DE-HE","00+",2022-02-20,2022-01-24,"-27 day ahead inc hosp","quantile",0.75,511,"COVID-19"
"DE-HE","00+",2022-02-20,2022-01-24,"-27 day ahead inc hosp","quantile",0.9,516,"COVID-19"
"DE-HE","00+",2022-02-20,2022-01-24,"-27 day ahead inc hosp","quantile",0.975,523,"COVID-19"
"DE-HE","00+",2022-02-20,2022-01-23,"-28 day ahead inc hosp","mean",NA,497,"COVID-19"
"DE-HE","00+",2022-02-20,2022-01-23,"-28 day ahead inc hosp","quantile",0.025,485,"COVID-19"
"DE-HE","00+",2022-02-20,2022-01-23,"-28 day ahead inc hosp","quantile",0.1,488,"COVID-19"
"DE-HE","00+",2022-02-20,2022-01-23,"-28 day ahead inc hosp","quantile",0.25,492,"COVID-19"
"DE-HE","00+",2022-02-20,2022-01-23,"-28 day ahead inc hosp","quantile",0.5,496,"COVID-19"
"DE-HE","00+",2022-02-20,2022-01-23,"-28 day ahead inc hosp","quantile",0.75,502,"COVID-19"
"DE-HE","00+",2022-02-20,2022-01-23,"-28 day ahead inc hosp","quantile",0.9,507,"COVID-19"
"DE-HE","00+",2022-02-20,2022-01-23,"-28 day ahead inc hosp","quantile",0.975,514,"COVID-19"
"DE-HH","00+",2022-02-20,2022-02-20,"0 day ahead inc hosp","mean",NA,134,"COVID-19"
"DE-HH","00+",2022-02-20,2022-02-20,"0 day ahead inc hosp","quantile",0.025,77,"COVID-19"
"DE-HH","00+",2022-02-20,2022-02-20,"0 day ahead inc hosp","quantile",0.1,88,"COVID-19"
"DE-HH","00+",2022-02-20,2022-02-20,"0 day ahead inc hosp","quantile",0.25,103,"COVID-19"
"DE-HH","00+",2022-02-20,2022-02-20,"0 day ahead inc hosp","quantile",0.5,126,"COVID-19"
"DE-HH","00+",2022-02-20,2022-02-20,"0 day ahead inc hosp","quantile",0.75,157,"COVID-19"
"DE-HH","00+",2022-02-20,2022-02-20,"0 day ahead inc hosp","quantile",0.9,192,"COVID-19"
"DE-HH","00+",2022-02-20,2022-02-20,"0 day ahead inc hosp","quantile",0.975,241,"COVID-19"
"DE-HH","00+",2022-02-20,2022-02-19,"-1 day ahead inc hosp","mean",NA,141,"COVID-19"
"DE-HH","00+",2022-02-20,2022-02-19,"-1 day ahead inc hosp","quantile",0.025,92,"COVID-19"
"DE-HH","00+",2022-02-20,2022-02-19,"-1 day ahead inc hosp","quantile",0.1,104,"COVID-19"
"DE-HH","00+",2022-02-20,2022-02-19,"-1 day ahead inc hosp","quantile",0.25,118,"COVID-19"
"DE-HH","00+",2022-02-20,2022-02-19,"-1 day ahead inc hosp","quantile",0.5,137,"COVID-19"
"DE-HH","00+",2022-02-20,2022-02-19,"-1 day ahead inc hosp","quantile",0.75,160,"COVID-19"
"DE-HH","00+",2022-02-20,2022-02-19,"-1 day ahead inc hosp","quantile",0.9,185,"COVID-19"
"DE-HH","00+",2022-02-20,2022-02-19,"-1 day ahead inc hosp","quantile",0.975,218,"COVID-19"
"DE-HH","00+",2022-02-20,2022-02-18,"-2 day ahead inc hosp","mean",NA,137,"COVID-19"
"DE-HH","00+",2022-02-20,2022-02-18,"-2 day ahead inc hosp","quantile",0.025,99,"COVID-19"
"DE-HH","00+",2022-02-20,2022-02-18,"-2 day ahead inc hosp","quantile",0.1,109,"COVID-19"
"DE-HH","00+",2022-02-20,2022-02-18,"-2 day ahead inc hosp","quantile",0.25,119,"COVID-19"
"DE-HH","00+",2022-02-20,2022-02-18,"-2 day ahead inc hosp","quantile",0.5,133,"COVID-19"
"DE-HH","00+",2022-02-20,2022-02-18,"-2 day ahead inc hosp","quantile",0.75,150,"COVID-19"
"DE-HH","00+",2022-02-20,2022-02-18,"-2 day ahead inc hosp","quantile",0.9,168,"COVID-19"
"DE-HH","00+",2022-02-20,2022-02-18,"-2 day ahead inc hosp","quantile",0.975,191,"COVID-19"
"DE-HH","00+",2022-02-20,2022-02-17,"-3 day ahead inc hosp","mean",NA,132,"COVID-19"
"DE-HH","00+",2022-02-20,2022-02-17,"-3 day ahead inc hosp","quantile",0.025,101,"COVID-19"
"DE-HH","00+",2022-02-20,2022-02-17,"-3 day ahead inc hosp","quantile",0.1,109,"COVID-19"
"DE-HH","00+",2022-02-20,2022-02-17,"-3 day ahead inc hosp","quantile",0.25,118,"COVID-19"
"DE-HH","00+",2022-02-20,2022-02-17,"-3 day ahead inc hosp","quantile",0.5,130,"COVID-19"
"DE-HH","00+",2022-02-20,2022-02-17,"-3 day ahead inc hosp","quantile",0.75,144,"COVID-19"
"DE-HH","00+",2022-02-20,2022-02-17,"-3 day ahead inc hosp","quantile",0.9,159,"COVID-19"
"DE-HH","00+",2022-02-20,2022-02-17,"-3 day ahead inc hosp","quantile",0.975,177,"COVID-19"
"DE-HH","00+",2022-02-20,2022-02-16,"-4 day ahead inc hosp","mean",NA,139,"COVID-19"
"DE-HH","00+",2022-02-20,2022-02-16,"-4 day ahead inc hosp","quantile",0.025,110,"COVID-19"
"DE-HH","00+",2022-02-20,2022-02-16,"-4 day ahead inc hosp","quantile",0.1,117,"COVID-19"
"DE-HH","00+",2022-02-20,2022-02-16,"-4 day ahead inc hosp","quantile",0.25,126,"COVID-19"
"DE-HH","00+",2022-02-20,2022-02-16,"-4 day ahead inc hosp","quantile",0.5,137,"COVID-19"
"DE-HH","00+",2022-02-20,2022-02-16,"-4 day ahead inc hosp","quantile",0.75,150,"COVID-19"
"DE-HH","00+",2022-02-20,2022-02-16,"-4 day ahead inc hosp","quantile",0.9,163,"COVID-19"
"DE-HH","00+",2022-02-20,2022-02-16,"-4 day ahead inc hosp","quantile",0.975,181,"COVID-19"
"DE-HH","00+",2022-02-20,2022-02-15,"-5 day ahead inc hosp","mean",NA,135,"COVID-19"
"DE-HH","00+",2022-02-20,2022-02-15,"-5 day ahead inc hosp","quantile",0.025,110,"COVID-19"
"DE-HH","00+",2022-02-20,2022-02-15,"-5 day ahead inc hosp","quantile",0.1,117,"COVID-19"
"DE-HH","00+",2022-02-20,2022-02-15,"-5 day ahead inc hosp","quantile",0.25,124,"COVID-19"
"DE-HH","00+",2022-02-20,2022-02-15,"-5 day ahead inc hosp","quantile",0.5,133,"COVID-19"
"DE-HH","00+",2022-02-20,2022-02-15,"-5 day ahead inc hosp","quantile",0.75,144,"COVID-19"
"DE-HH","00+",2022-02-20,2022-02-15,"-5 day ahead inc hosp","quantile",0.9,156,"COVID-19"
"DE-HH","00+",2022-02-20,2022-02-15,"-5 day ahead inc hosp","quantile",0.975,171,"COVID-19"
"DE-HH","00+",2022-02-20,2022-02-14,"-6 day ahead inc hosp","mean",NA,132,"COVID-19"
"DE-HH","00+",2022-02-20,2022-02-14,"-6 day ahead inc hosp","quantile",0.025,111,"COVID-19"
"DE-HH","00+",2022-02-20,2022-02-14,"-6 day ahead inc hosp","quantile",0.1,116,"COVID-19"
"DE-HH","00+",2022-02-20,2022-02-14,"-6 day ahead inc hosp","quantile",0.25,122,"COVID-19"
"DE-HH","00+",2022-02-20,2022-02-14,"-6 day ahead inc hosp","quantile",0.5,130,"COVID-19"
"DE-HH","00+",2022-02-20,2022-02-14,"-6 day ahead inc hosp","quantile",0.75,140,"COVID-19"
"DE-HH","00+",2022-02-20,2022-02-14,"-6 day ahead inc hosp","quantile",0.9,150,"COVID-19"
"DE-HH","00+",2022-02-20,2022-02-14,"-6 day ahead inc hosp","quantile",0.975,164,"COVID-19"
"DE-HH","00+",2022-02-20,2022-02-13,"-7 day ahead inc hosp","mean",NA,142,"COVID-19"
"DE-HH","00+",2022-02-20,2022-02-13,"-7 day ahead inc hosp","quantile",0.025,119,"COVID-19"
"DE-HH","00+",2022-02-20,2022-02-13,"-7 day ahead inc hosp","quantile",0.1,125,"COVID-19"
"DE-HH","00+",2022-02-20,2022-02-13,"-7 day ahead inc hosp","quantile",0.25,131,"COVID-19"
"DE-HH","00+",2022-02-20,2022-02-13,"-7 day ahead inc hosp","quantile",0.5,140,"COVID-19"
"DE-HH","00+",2022-02-20,2022-02-13,"-7 day ahead inc hosp","quantile",0.75,151,"COVID-19"
"DE-HH","00+",2022-02-20,2022-02-13,"-7 day ahead inc hosp","quantile",0.9,163,"COVID-19"
"DE-HH","00+",2022-02-20,2022-02-13,"-7 day ahead inc hosp","quantile",0.975,179,"COVID-19"
"DE-HH","00+",2022-02-20,2022-02-12,"-8 day ahead inc hosp","mean",NA,148,"COVID-19"
"DE-HH","00+",2022-02-20,2022-02-12,"-8 day ahead inc hosp","quantile",0.025,124,"COVID-19"
"DE-HH","00+",2022-02-20,2022-02-12,"-8 day ahead inc hosp","quantile",0.1,129,"COVID-19"
"DE-HH","00+",2022-02-20,2022-02-12,"-8 day ahead inc hosp","quantile",0.25,136,"COVID-19"
"DE-HH","00+",2022-02-20,2022-02-12,"-8 day ahead inc hosp","quantile",0.5,145,"COVID-19"
"DE-HH","00+",2022-02-20,2022-02-12,"-8 day ahead inc hosp","quantile",0.75,158,"COVID-19"
"DE-HH","00+",2022-02-20,2022-02-12,"-8 day ahead inc hosp","quantile",0.9,171,"COVID-19"
"DE-HH","00+",2022-02-20,2022-02-12,"-8 day ahead inc hosp","quantile",0.975,189,"COVID-19"
"DE-HH","00+",2022-02-20,2022-02-11,"-9 day ahead inc hosp","mean",NA,170,"COVID-19"
"DE-HH","00+",2022-02-20,2022-02-11,"-9 day ahead inc hosp","quantile",0.025,144,"COVID-19"
"DE-HH","00+",2022-02-20,2022-02-11,"-9 day ahead inc hosp","quantile",0.1,149,"COVID-19"
"DE-HH","00+",2022-02-20,2022-02-11,"-9 day ahead inc hosp","quantile",0.25,156,"COVID-19"
"DE-HH","00+",2022-02-20,2022-02-11,"-9 day ahead inc hosp","quantile",0.5,167,"COVID-19"
"DE-HH","00+",2022-02-20,2022-02-11,"-9 day ahead inc hosp","quantile",0.75,180,"COVID-19"
"DE-HH","00+",2022-02-20,2022-02-11,"-9 day ahead inc hosp","quantile",0.9,196,"COVID-19"
"DE-HH","00+",2022-02-20,2022-02-11,"-9 day ahead inc hosp","quantile",0.975,217,"COVID-19"
"DE-HH","00+",2022-02-20,2022-02-10,"-10 day ahead inc hosp","mean",NA,183,"COVID-19"
"DE-HH","00+",2022-02-20,2022-02-10,"-10 day ahead inc hosp","quantile",0.025,156,"COVID-19"
"DE-HH","00+",2022-02-20,2022-02-10,"-10 day ahead inc hosp","quantile",0.1,162,"COVID-19"
"DE-HH","00+",2022-02-20,2022-02-10,"-10 day ahead inc hosp","quantile",0.25,168,"COVID-19"
"DE-HH","00+",2022-02-20,2022-02-10,"-10 day ahead inc hosp","quantile",0.5,179,"COVID-19"
"DE-HH","00+",2022-02-20,2022-02-10,"-10 day ahead inc hosp","quantile",0.75,193,"COVID-19"
"DE-HH","00+",2022-02-20,2022-02-10,"-10 day ahead inc hosp","quantile",0.9,209,"COVID-19"
"DE-HH","00+",2022-02-20,2022-02-10,"-10 day ahead inc hosp","quantile",0.975,231,"COVID-19"
"DE-HH","00+",2022-02-20,2022-02-09,"-11 day ahead inc hosp","mean",NA,185,"COVID-19"
"DE-HH","00+",2022-02-20,2022-02-09,"-11 day ahead inc hosp","quantile",0.025,159,"COVID-19"
"DE-HH","00+",2022-02-20,2022-02-09,"-11 day ahead inc hosp","quantile",0.1,164,"COVID-19"
"DE-HH","00+",2022-02-20,2022-02-09,"-11 day ahead inc hosp","quantile",0.25,170,"COVID-19"
"DE-HH","00+",2022-02-20,2022-02-09,"-11 day ahead inc hosp","quantile",0.5,181,"COVID-19"
"DE-HH","00+",2022-02-20,2022-02-09,"-11 day ahead inc hosp","quantile",0.75,195,"COVID-19"
"DE-HH","00+",2022-02-20,2022-02-09,"-11 day ahead inc hosp","quantile",0.9,211,"COVID-19"
"DE-HH","00+",2022-02-20,2022-02-09,"-11 day ahead inc hosp","quantile",0.975,234,"COVID-19"
"DE-HH","00+",2022-02-20,2022-02-08,"-12 day ahead inc hosp","mean",NA,219,"COVID-19"
"DE-HH","00+",2022-02-20,2022-02-08,"-12 day ahead inc hosp","quantile",0.025,191,"COVID-19"
"DE-HH","00+",2022-02-20,2022-02-08,"-12 day ahead inc hosp","quantile",0.1,196,"COVID-19"
"DE-HH","00+",2022-02-20,2022-02-08,"-12 day ahead inc hosp","quantile",0.25,202,"COVID-19"
"DE-HH","00+",2022-02-20,2022-02-08,"-12 day ahead inc hosp","quantile",0.5,214,"COVID-19"
"DE-HH","00+",2022-02-20,2022-02-08,"-12 day ahead inc hosp","quantile",0.75,230,"COVID-19"
"DE-HH","00+",2022-02-20,2022-02-08,"-12 day ahead inc hosp","quantile",0.9,248,"COVID-19"
"DE-HH","00+",2022-02-20,2022-02-08,"-12 day ahead inc hosp","quantile",0.975,274,"COVID-19"
"DE-HH","00+",2022-02-20,2022-02-07,"-13 day ahead inc hosp","mean",NA,239,"COVID-19"
"DE-HH","00+",2022-02-20,2022-02-07,"-13 day ahead inc hosp","quantile",0.025,211,"COVID-19"
"DE-HH","00+",2022-02-20,2022-02-07,"-13 day ahead inc hosp","quantile",0.1,216,"COVID-19"
"DE-HH","00+",2022-02-20,2022-02-07,"-13 day ahead inc hosp","quantile",0.25,223,"COVID-19"
"DE-HH","00+",2022-02-20,2022-02-07,"-13 day ahead inc hosp","quantile",0.5,234,"COVID-19"
"DE-HH","00+",2022-02-20,2022-02-07,"-13 day ahead inc hosp","quantile",0.75,250,"COVID-19"
"DE-HH","00+",2022-02-20,2022-02-07,"-13 day ahead inc hosp","quantile",0.9,270,"COVID-19"
"DE-HH","00+",2022-02-20,2022-02-07,"-13 day ahead inc hosp","quantile",0.975,297,"COVID-19"
"DE-HH","00+",2022-02-20,2022-02-06,"-14 day ahead inc hosp","mean",NA,236,"COVID-19"
"DE-HH","00+",2022-02-20,2022-02-06,"-14 day ahead inc hosp","quantile",0.025,209,"COVID-19"
"DE-HH","00+",2022-02-20,2022-02-06,"-14 day ahead inc hosp","quantile",0.1,213,"COVID-19"
"DE-HH","00+",2022-02-20,2022-02-06,"-14 day ahead inc hosp","quantile",0.25,219,"COVID-19"
"DE-HH","00+",2022-02-20,2022-02-06,"-14 day ahead inc hosp","quantile",0.5,230,"COVID-19"
"DE-HH","00+",2022-02-20,2022-02-06,"-14 day ahead inc hosp","quantile",0.75,246,"COVID-19"
"DE-HH","00+",2022-02-20,2022-02-06,"-14 day ahead inc hosp","quantile",0.9,266,"COVID-19"
"DE-HH","00+",2022-02-20,2022-02-06,"-14 day ahead inc hosp","quantile",0.975,293,"COVID-19"
"DE-HH","00+",2022-02-20,2022-02-05,"-15 day ahead inc hosp","mean",NA,244,"COVID-19"
"DE-HH","00+",2022-02-20,2022-02-05,"-15 day ahead inc hosp","quantile",0.025,217,"COVID-19"
"DE-HH","00+",2022-02-20,2022-02-05,"-15 day ahead inc hosp","quantile",0.1,220,"COVID-19"
"DE-HH","00+",2022-02-20,2022-02-05,"-15 day ahead inc hosp","quantile",0.25,227,"COVID-19"
"DE-HH","00+",2022-02-20,2022-02-05,"-15 day ahead inc hosp","quantile",0.5,238,"COVID-19"
"DE-HH","00+",2022-02-20,2022-02-05,"-15 day ahead inc hosp","quantile",0.75,254,"COVID-19"
"DE-HH","00+",2022-02-20,2022-02-05,"-15 day ahead inc hosp","quantile",0.9,274,"COVID-19"
"DE-HH","00+",2022-02-20,2022-02-05,"-15 day ahead inc hosp","quantile",0.975,303,"COVID-19"
"DE-HH","00+",2022-02-20,2022-02-04,"-16 day ahead inc hosp","mean",NA,249,"COVID-19"
"DE-HH","00+",2022-02-20,2022-02-04,"-16 day ahead inc hosp","quantile",0.025,223,"COVID-19"
"DE-HH","00+",2022-02-20,2022-02-04,"-16 day ahead inc hosp","quantile",0.1,227,"COVID-19"
"DE-HH","00+",2022-02-20,2022-02-04,"-16 day ahead inc hosp","quantile",0.25,232,"COVID-19"
"DE-HH","00+",2022-02-20,2022-02-04,"-16 day ahead inc hosp","quantile",0.5,243,"COVID-19"
"DE-HH","00+",2022-02-20,2022-02-04,"-16 day ahead inc hosp","quantile",0.75,259,"COVID-19"
"DE-HH","00+",2022-02-20,2022-02-04,"-16 day ahead inc hosp","quantile",0.9,278,"COVID-19"
"DE-HH","00+",2022-02-20,2022-02-04,"-16 day ahead inc hosp","quantile",0.975,306,"COVID-19"
"DE-HH","00+",2022-02-20,2022-02-03,"-17 day ahead inc hosp","mean",NA,250,"COVID-19"
"DE-HH","00+",2022-02-20,2022-02-03,"-17 day ahead inc hosp","quantile",0.025,226,"COVID-19"
"DE-HH","00+",2022-02-20,2022-02-03,"-17 day ahead inc hosp","quantile",0.1,229,"COVID-19"
"DE-HH","00+",2022-02-20,2022-02-03,"-17 day ahead inc hosp","quantile",0.25,234,"COVID-19"
"DE-HH","00+",2022-02-20,2022-02-03,"-17 day ahead inc hosp","quantile",0.5,244,"COVID-19"
"DE-HH","00+",2022-02-20,2022-02-03,"-17 day ahead inc hosp","quantile",0.75,259,"COVID-19"
"DE-HH","00+",2022-02-20,2022-02-03,"-17 day ahead inc hosp","quantile",0.9,278,"COVID-19"
"DE-HH","00+",2022-02-20,2022-02-03,"-17 day ahead inc hosp","quantile",0.975,305,"COVID-19"
"DE-HH","00+",2022-02-20,2022-02-02,"-18 day ahead inc hosp","mean",NA,261,"COVID-19"
"DE-HH","00+",2022-02-20,2022-02-02,"-18 day ahead inc hosp","quantile",0.025,238,"COVID-19"
"DE-HH","00+",2022-02-20,2022-02-02,"-18 day ahead inc hosp","quantile",0.1,241,"COVID-19"
"DE-HH","00+",2022-02-20,2022-02-02,"-18 day ahead inc hosp","quantile",0.25,246,"COVID-19"
"DE-HH","00+",2022-02-20,2022-02-02,"-18 day ahead inc hosp","quantile",0.5,255,"COVID-19"
"DE-HH","00+",2022-02-20,2022-02-02,"-18 day ahead inc hosp","quantile",0.75,270,"COVID-19"
"DE-HH","00+",2022-02-20,2022-02-02,"-18 day ahead inc hosp","quantile",0.9,288,"COVID-19"
"DE-HH","00+",2022-02-20,2022-02-02,"-18 day ahead inc hosp","quantile",0.975,314,"COVID-19"
"DE-HH","00+",2022-02-20,2022-02-01,"-19 day ahead inc hosp","mean",NA,257,"COVID-19"
"DE-HH","00+",2022-02-20,2022-02-01,"-19 day ahead inc hosp","quantile",0.025,238,"COVID-19"
"DE-HH","00+",2022-02-20,2022-02-01,"-19 day ahead inc hosp","quantile",0.1,240,"COVID-19"
"DE-HH","00+",2022-02-20,2022-02-01,"-19 day ahead inc hosp","quantile",0.25,244,"COVID-19"
"DE-HH","00+",2022-02-20,2022-02-01,"-19 day ahead inc hosp","quantile",0.5,252,"COVID-19"
"DE-HH","00+",2022-02-20,2022-02-01,"-19 day ahead inc hosp","quantile",0.75,264,"COVID-19"
"DE-HH","00+",2022-02-20,2022-02-01,"-19 day ahead inc hosp","quantile",0.9,279,"COVID-19"
"DE-HH","00+",2022-02-20,2022-02-01,"-19 day ahead inc hosp","quantile",0.975,301,"COVID-19"
"DE-HH","00+",2022-02-20,2022-01-31,"-20 day ahead inc hosp","mean",NA,263,"COVID-19"
"DE-HH","00+",2022-02-20,2022-01-31,"-20 day ahead inc hosp","quantile",0.025,247,"COVID-19"
"DE-HH","00+",2022-02-20,2022-01-31,"-20 day ahead inc hosp","quantile",0.1,249,"COVID-19"
"DE-HH","00+",2022-02-20,2022-01-31,"-20 day ahead inc hosp","quantile",0.25,252,"COVID-19"
"DE-HH","00+",2022-02-20,2022-01-31,"-20 day ahead inc hosp","quantile",0.5,259,"COVID-19"
"DE-HH","00+",2022-02-20,2022-01-31,"-20 day ahead inc hosp","quantile",0.75,270,"COVID-19"
"DE-HH","00+",2022-02-20,2022-01-31,"-20 day ahead inc hosp","quantile",0.9,282,"COVID-19"
"DE-HH","00+",2022-02-20,2022-01-31,"-20 day ahead inc hosp","quantile",0.975,301,"COVID-19"
"DE-HH","00+",2022-02-20,2022-01-30,"-21 day ahead inc hosp","mean",NA,280,"COVID-19"
"DE-HH","00+",2022-02-20,2022-01-30,"-21 day ahead inc hosp","quantile",0.025,264,"COVID-19"
"DE-HH","00+",2022-02-20,2022-01-30,"-21 day ahead inc hosp","quantile",0.1,266,"COVID-19"
"DE-HH","00+",2022-02-20,2022-01-30,"-21 day ahead inc hosp","quantile",0.25,270,"COVID-19"
"DE-HH","00+",2022-02-20,2022-01-30,"-21 day ahead inc hosp","quantile",0.5,276,"COVID-19"
"DE-HH","00+",2022-02-20,2022-01-30,"-21 day ahead inc hosp","quantile",0.75,286,"COVID-19"
"DE-HH","00+",2022-02-20,2022-01-30,"-21 day ahead inc hosp","quantile",0.9,299,"COVID-19"
"DE-HH","00+",2022-02-20,2022-01-30,"-21 day ahead inc hosp","quantile",0.975,317,"COVID-19"
"DE-HH","00+",2022-02-20,2022-01-29,"-22 day ahead inc hosp","mean",NA,274,"COVID-19"
"DE-HH","00+",2022-02-20,2022-01-29,"-22 day ahead inc hosp","quantile",0.025,260,"COVID-19"
"DE-HH","00+",2022-02-20,2022-01-29,"-22 day ahead inc hosp","quantile",0.1,262,"COVID-19"
"DE-HH","00+",2022-02-20,2022-01-29,"-22 day ahead inc hosp","quantile",0.25,265,"COVID-19"
"DE-HH","00+",2022-02-20,2022-01-29,"-22 day ahead inc hosp","quantile",0.5,271,"COVID-19"
"DE-HH","00+",2022-02-20,2022-01-29,"-22 day ahead inc hosp","quantile",0.75,280,"COVID-19"
"DE-HH","00+",2022-02-20,2022-01-29,"-22 day ahead inc hosp","quantile",0.9,292,"COVID-19"
"DE-HH","00+",2022-02-20,2022-01-29,"-22 day ahead inc hosp","quantile",0.975,308,"COVID-19"
"DE-HH","00+",2022-02-20,2022-01-28,"-23 day ahead inc hosp","mean",NA,277,"COVID-19"
"DE-HH","00+",2022-02-20,2022-01-28,"-23 day ahead inc hosp","quantile",0.025,264,"COVID-19"
"DE-HH","00+",2022-02-20,2022-01-28,"-23 day ahead inc hosp","quantile",0.1,266,"COVID-19"
"DE-HH","00+",2022-02-20,2022-01-28,"-23 day ahead inc hosp","quantile",0.25,269,"COVID-19"
"DE-HH","00+",2022-02-20,2022-01-28,"-23 day ahead inc hosp","quantile",0.5,274,"COVID-19"
"DE-HH","00+",2022-02-20,2022-01-28,"-23 day ahead inc hosp","quantile",0.75,283,"COVID-19"
"DE-HH","00+",2022-02-20,2022-01-28,"-23 day ahead inc hosp","quantile",0.9,292,"COVID-19"
"DE-HH","00+",2022-02-20,2022-01-28,"-23 day ahead inc hosp","quantile",0.975,306,"COVID-19"
"DE-HH","00+",2022-02-20,2022-01-27,"-24 day ahead inc hosp","mean",NA,295,"COVID-19"
"DE-HH","00+",2022-02-20,2022-01-27,"-24 day ahead inc hosp","quantile",0.025,282,"COVID-19"
"DE-HH","00+",2022-02-20,2022-01-27,"-24 day ahead inc hosp","quantile",0.1,284,"COVID-19"
"DE-HH","00+",2022-02-20,2022-01-27,"-24 day ahead inc hosp","quantile",0.25,287,"COVID-19"
"DE-HH","00+",2022-02-20,2022-01-27,"-24 day ahead inc hosp","quantile",0.5,292,"COVID-19"
"DE-HH","00+",2022-02-20,2022-01-27,"-24 day ahead inc hosp","quantile",0.75,300,"COVID-19"
"DE-HH","00+",2022-02-20,2022-01-27,"-24 day ahead inc hosp","quantile",0.9,309,"COVID-19"
"DE-HH","00+",2022-02-20,2022-01-27,"-24 day ahead inc hosp","quantile",0.975,322,"COVID-19"
"DE-HH","00+",2022-02-20,2022-01-26,"-25 day ahead inc hosp","mean",NA,297,"COVID-19"
"DE-HH","00+",2022-02-20,2022-01-26,"-25 day ahead inc hosp","quantile",0.025,285,"COVID-19"
"DE-HH","00+",2022-02-20,2022-01-26,"-25 day ahead inc hosp","quantile",0.1,287,"COVID-19"
"DE-HH","00+",2022-02-20,2022-01-26,"-25 day ahead inc hosp","quantile",0.25,289,"COVID-19"
"DE-HH","00+",2022-02-20,2022-01-26,"-25 day ahead inc hosp","quantile",0.5,294,"COVID-19"
"DE-HH","00+",2022-02-20,2022-01-26,"-25 day ahead inc hosp","quantile",0.75,301,"COVID-19"
"DE-HH","00+",2022-02-20,2022-01-26,"-25 day ahead inc hosp","quantile",0.9,310,"COVID-19"
"DE-HH","00+",2022-02-20,2022-01-26,"-25 day ahead inc hosp","quantile",0.975,322,"COVID-19"
"DE-HH","00+",2022-02-20,2022-01-25,"-26 day ahead inc hosp","mean",NA,271,"COVID-19"
"DE-HH","00+",2022-02-20,2022-01-25,"-26 day ahead inc hosp","quantile",0.025,262,"COVID-19"
"DE-HH","00+",2022-02-20,2022-01-25,"-26 day ahead inc hosp","quantile",0.1,263,"COVID-19"
"DE-HH","00+",2022-02-20,2022-01-25,"-26 day ahead inc hosp","quantile",0.25,266,"COVID-19"
"DE-HH","00+",2022-02-20,2022-01-25,"-26 day ahead inc hosp","quantile",0.5,269,"COVID-19"
"DE-HH","00+",2022-02-20,2022-01-25,"-26 day ahead inc hosp","quantile",0.75,275,"COVID-19"
"DE-HH","00+",2022-02-20,2022-01-25,"-26 day ahead inc hosp","quantile",0.9,282,"COVID-19"
"DE-HH","00+",2022-02-20,2022-01-25,"-26 day ahead inc hosp","quantile",0.975,292,"COVID-19"
"DE-HH","00+",2022-02-20,2022-01-24,"-27 day ahead inc hosp","mean",NA,259,"COVID-19"
"DE-HH","00+",2022-02-20,2022-01-24,"-27 day ahead inc hosp","quantile",0.025,251,"COVID-19"
"DE-HH","00+",2022-02-20,2022-01-24,"-27 day ahead inc hosp","quantile",0.1,252,"COVID-19"
"DE-HH","00+",2022-02-20,2022-01-24,"-27 day ahead inc hosp","quantile",0.25,254,"COVID-19"
"DE-HH","00+",2022-02-20,2022-01-24,"-27 day ahead inc hosp","quantile",0.5,257,"COVID-19"
"DE-HH","00+",2022-02-20,2022-01-24,"-27 day ahead inc hosp","quantile",0.75,262,"COVID-19"
"DE-HH","00+",2022-02-20,2022-01-24,"-27 day ahead inc hosp","quantile",0.9,268,"COVID-19"
"DE-HH","00+",2022-02-20,2022-01-24,"-27 day ahead inc hosp","quantile",0.975,276,"COVID-19"
"DE-HH","00+",2022-02-20,2022-01-23,"-28 day ahead inc hosp","mean",NA,245,"COVID-19"
"DE-HH","00+",2022-02-20,2022-01-23,"-28 day ahead inc hosp","quantile",0.025,238,"COVID-19"
"DE-HH","00+",2022-02-20,2022-01-23,"-28 day ahead inc hosp","quantile",0.1,239,"COVID-19"
"DE-HH","00+",2022-02-20,2022-01-23,"-28 day ahead inc hosp","quantile",0.25,240,"COVID-19"
"DE-HH","00+",2022-02-20,2022-01-23,"-28 day ahead inc hosp","quantile",0.5,243,"COVID-19"
"DE-HH","00+",2022-02-20,2022-01-23,"-28 day ahead inc hosp","quantile",0.75,248,"COVID-19"
"DE-HH","00+",2022-02-20,2022-01-23,"-28 day ahead inc hosp","quantile",0.9,253,"COVID-19"
"DE-HH","00+",2022-02-20,2022-01-23,"-28 day ahead inc hosp","quantile",0.975,261,"COVID-19"
"DE-MV","00+",2022-02-20,2022-02-20,"0 day ahead inc hosp","mean",NA,420,"COVID-19"
"DE-MV","00+",2022-02-20,2022-02-20,"0 day ahead inc hosp","quantile",0.025,310,"COVID-19"
"DE-MV","00+",2022-02-20,2022-02-20,"0 day ahead inc hosp","quantile",0.1,339,"COVID-19"
"DE-MV","00+",2022-02-20,2022-02-20,"0 day ahead inc hosp","quantile",0.25,370,"COVID-19"
"DE-MV","00+",2022-02-20,2022-02-20,"0 day ahead inc hosp","quantile",0.5,411,"COVID-19"
"DE-MV","00+",2022-02-20,2022-02-20,"0 day ahead inc hosp","quantile",0.75,460,"COVID-19"
"DE-MV","00+",2022-02-20,2022-02-20,"0 day ahead inc hosp","quantile",0.9,511,"COVID-19"
"DE-MV","00+",2022-02-20,2022-02-20,"0 day ahead inc hosp","quantile",0.975,576,"COVID-19"
"DE-MV","00+",2022-02-20,2022-02-19,"-1 day ahead inc hosp","mean",NA,425,"COVID-19"
"DE-MV","00+",2022-02-20,2022-02-19,"-1 day ahead inc hosp","quantile",0.025,319,"COVID-19"
"DE-MV","00+",2022-02-20,2022-02-19,"-1 day ahead inc hosp","quantile",0.1,346,"COVID-19"
"DE-MV","00+",2022-02-20,2022-02-19,"-1 day ahead inc hosp","quantile",0.25,376,"COVID-19"
"DE-MV","00+",2022-02-20,2022-02-19,"-1 day ahead inc hosp","quantile",0.5,417,"COVID-19"
"DE-MV","00+",2022-02-20,2022-02-19,"-1 day ahead inc hosp","quantile",0.75,465,"COVID-19"
"DE-MV","00+",2022-02-20,2022-02-19,"-1 day ahead inc hosp","quantile",0.9,515,"COVID-19"
"DE-MV","00+",2022-02-20,2022-02-19,"-1 day ahead inc hosp","quantile",0.975,580,"COVID-19"
"DE-MV","00+",2022-02-20,2022-02-18,"-2 day ahead inc hosp","mean",NA,385,"COVID-19"
"DE-MV","00+",2022-02-20,2022-02-18,"-2 day ahead inc hosp","quantile",0.025,302,"COVID-19"
"DE-MV","00+",2022-02-20,2022-02-18,"-2 day ahead inc hosp","quantile",0.1,323,"COVID-19"
"DE-MV","00+",2022-02-20,2022-02-18,"-2 day ahead inc hosp","quantile",0.25,346,"COVID-19"
"DE-MV","00+",2022-02-20,2022-02-18,"-2 day ahead inc hosp","quantile",0.5,378,"COVID-19"
"DE-MV","00+",2022-02-20,2022-02-18,"-2 day ahead inc hosp","quantile",0.75,415,"COVID-19"
"DE-MV","00+",2022-02-20,2022-02-18,"-2 day ahead inc hosp","quantile",0.9,455,"COVID-19"
"DE-MV","00+",2022-02-20,2022-02-18,"-2 day ahead inc hosp","quantile",0.975,505,"COVID-19"
"DE-MV","00+",2022-02-20,2022-02-17,"-3 day ahead inc hosp","mean",NA,355,"COVID-19"
"DE-MV","00+",2022-02-20,2022-02-17,"-3 day ahead inc hosp","quantile",0.025,289,"COVID-19"
"DE-MV","00+",2022-02-20,2022-02-17,"-3 day ahead inc hosp","quantile",0.1,306,"COVID-19"
"DE-MV","00+",2022-02-20,2022-02-17,"-3 day ahead inc hosp","quantile",0.25,325,"COVID-19"
"DE-MV","00+",2022-02-20,2022-02-17,"-3 day ahead inc hosp","quantile",0.5,350,"COVID-19"
"DE-MV","00+",2022-02-20,2022-02-17,"-3 day ahead inc hosp","quantile",0.75,380,"COVID-19"
"DE-MV","00+",2022-02-20,2022-02-17,"-3 day ahead inc hosp","quantile",0.9,412,"COVID-19"
"DE-MV","00+",2022-02-20,2022-02-17,"-3 day ahead inc hosp","quantile",0.975,453,"COVID-19"
"DE-MV","00+",2022-02-20,2022-02-16,"-4 day ahead inc hosp","mean",NA,365,"COVID-19"
"DE-MV","00+",2022-02-20,2022-02-16,"-4 day ahead inc hosp","quantile",0.025,306,"COVID-19"
"DE-MV","00+",2022-02-20,2022-02-16,"-4 day ahead inc hosp","quantile",0.1,320,"COVID-19"
"DE-MV","00+",2022-02-20,2022-02-16,"-4 day ahead inc hosp","quantile",0.25,337,"COVID-19"
"DE-MV","00+",2022-02-20,2022-02-16,"-4 day ahead inc hosp","quantile",0.5,359,"COVID-19"
"DE-MV","00+",2022-02-20,2022-02-16,"-4 day ahead inc hosp","quantile",0.75,387,"COVID-19"
"DE-MV","00+",2022-02-20,2022-02-16,"-4 day ahead inc hosp","quantile",0.9,416,"COVID-19"
"DE-MV","00+",2022-02-20,2022-02-16,"-4 day ahead inc hosp","quantile",0.975,453,"COVID-19"
"DE-MV","00+",2022-02-20,2022-02-15,"-5 day ahead inc hosp","mean",NA,354,"COVID-19"
"DE-MV","00+",2022-02-20,2022-02-15,"-5 day ahead inc hosp","quantile",0.025,304,"COVID-19"
"DE-MV","00+",2022-02-20,2022-02-15,"-5 day ahead inc hosp","quantile",0.1,316,"COVID-19"
"DE-MV","00+",2022-02-20,2022-02-15,"-5 day ahead inc hosp","quantile",0.25,330,"COVID-19"
"DE-MV","00+",2022-02-20,2022-02-15,"-5 day ahead inc hosp","quantile",0.5,349,"COVID-19"
"DE-MV","00+",2022-02-20,2022-02-15,"-5 day ahead inc hosp","quantile",0.75,373,"COVID-19"
"DE-MV","00+",2022-02-20,2022-02-15,"-5 day ahead inc hosp","quantile",0.9,398,"COVID-19"
"DE-MV","00+",2022-02-20,2022-02-15,"-5 day ahead inc hosp","quantile",0.975,431,"COVID-19"
"DE-MV","00+",2022-02-20,2022-02-14,"-6 day ahead inc hosp","mean",NA,362,"COVID-19"
"DE-MV","00+",2022-02-20,2022-02-14,"-6 day ahead inc hosp","quantile",0.025,315,"COVID-19"
"DE-MV","00+",2022-02-20,2022-02-14,"-6 day ahead inc hosp","quantile",0.1,326,"COVID-19"
"DE-MV","00+",2022-02-20,2022-02-14,"-6 day ahead inc hosp","quantile",0.25,339,"COVID-19"
"DE-MV","00+",2022-02-20,2022-02-14,"-6 day ahead inc hosp","quantile",0.5,357,"COVID-19"
"DE-MV","00+",2022-02-20,2022-02-14,"-6 day ahead inc hosp","quantile",0.75,379,"COVID-19"
"DE-MV","00+",2022-02-20,2022-02-14,"-6 day ahead inc hosp","quantile",0.9,404,"COVID-19"
"DE-MV","00+",2022-02-20,2022-02-14,"-6 day ahead inc hosp","quantile",0.975,436,"COVID-19"
"DE-MV","00+",2022-02-20,2022-02-13,"-7 day ahead inc hosp","mean",NA,357,"COVID-19"
"DE-MV","00+",2022-02-20,2022-02-13,"-7 day ahead inc hosp","quantile",0.025,313,"COVID-19"
"DE-MV","00+",2022-02-20,2022-02-13,"-7 day ahead inc hosp","quantile",0.1,323,"COVID-19"
"DE-MV","00+",2022-02-20,2022-02-13,"-7 day ahead inc hosp","quantile",0.25,335,"COVID-19"
"DE-MV","00+",2022-02-20,2022-02-13,"-7 day ahead inc hosp","quantile",0.5,352,"COVID-19"
"DE-MV","00+",2022-02-20,2022-02-13,"-7 day ahead inc hosp","quantile",0.75,374,"COVID-19"
"DE-MV","00+",2022-02-20,2022-02-13,"-7 day ahead inc hosp","quantile",0.9,399,"COVID-19"
"DE-MV","00+",2022-02-20,2022-02-13,"-7 day ahead inc hosp","quantile",0.975,431,"COVID-19"
"DE-MV","00+",2022-02-20,2022-02-12,"-8 day ahead inc hosp","mean",NA,375,"COVID-19"
"DE-MV","00+",2022-02-20,2022-02-12,"-8 day ahead inc hosp","quantile",0.025,330,"COVID-19"
"DE-MV","00+",2022-02-20,2022-02-12,"-8 day ahead inc hosp","quantile",0.1,340,"COVID-19"
"DE-MV","00+",2022-02-20,2022-02-12,"-8 day ahead inc hosp","quantile",0.25,352,"COVID-19"
"DE-MV","00+",2022-02-20,2022-02-12,"-8 day ahead inc hosp","quantile",0.5,370,"COVID-19"
"DE-MV","00+",2022-02-20,2022-02-12,"-8 day ahead inc hosp","quantile",0.75,393,"COVID-19"
"DE-MV","00+",2022-02-20,2022-02-12,"-8 day ahead inc hosp","quantile",0.9,418,"COVID-19"
"DE-MV","00+",2022-02-20,2022-02-12,"-8 day ahead inc hosp","quantile",0.975,452,"COVID-19"
"DE-MV","00+",2022-02-20,2022-02-11,"-9 day ahead inc hosp","mean",NA,380,"COVID-19"
"DE-MV","00+",2022-02-20,2022-02-11,"-9 day ahead inc hosp","quantile",0.025,338,"COVID-19"
"DE-MV","00+",2022-02-20,2022-02-11,"-9 day ahead inc hosp","quantile",0.1,346,"COVID-19"
"DE-MV","00+",2022-02-20,2022-02-11,"-9 day ahead inc hosp","quantile",0.25,357,"COVID-19"
"DE-MV","00+",2022-02-20,2022-02-11,"-9 day ahead inc hosp","quantile",0.5,374,"COVID-19"
"DE-MV","00+",2022-02-20,2022-02-11,"-9 day ahead inc hosp","quantile",0.75,396,"COVID-19"
"DE-MV","00+",2022-02-20,2022-02-11,"-9 day ahead inc hosp","quantile",0.9,422,"COVID-19"
"DE-MV","00+",2022-02-20,2022-02-11,"-9 day ahead inc hosp","quantile",0.975,456,"COVID-19"
"DE-MV","00+",2022-02-20,2022-02-10,"-10 day ahead inc hosp","mean",NA,358,"COVID-19"
"DE-MV","00+",2022-02-20,2022-02-10,"-10 day ahead inc hosp","quantile",0.025,322,"COVID-19"
"DE-MV","00+",2022-02-20,2022-02-10,"-10 day ahead inc hosp","quantile",0.1,329,"COVID-19"
"DE-MV","00+",2022-02-20,2022-02-10,"-10 day ahead inc hosp","quantile",0.25,339,"COVID-19"
"DE-MV","00+",2022-02-20,2022-02-10,"-10 day ahead inc hosp","quantile",0.5,353,"COVID-19"
"DE-MV","00+",2022-02-20,2022-02-10,"-10 day ahead inc hosp","quantile",0.75,372,"COVID-19"
"DE-MV","00+",2022-02-20,2022-02-10,"-10 day ahead inc hosp","quantile",0.9,394,"COVID-19"
"DE-MV","00+",2022-02-20,2022-02-10,"-10 day ahead inc hosp","quantile",0.975,423,"COVID-19"
"DE-MV","00+",2022-02-20,2022-02-09,"-11 day ahead inc hosp","mean",NA,323,"COVID-19"
"DE-MV","00+",2022-02-20,2022-02-09,"-11 day ahead inc hosp","quantile",0.025,294,"COVID-19"
"DE-MV","00+",2022-02-20,2022-02-09,"-11 day ahead inc hosp","quantile",0.1,300,"COVID-19"
"DE-MV","00+",2022-02-20,2022-02-09,"-11 day ahead inc hosp","quantile",0.25,307,"COVID-19"
"DE-MV","00+",2022-02-20,2022-02-09,"-11 day ahead inc hosp","quantile",0.5,319,"COVID-19"
"DE-MV","00+",2022-02-20,2022-02-09,"-11 day ahead inc hosp","quantile",0.75,334,"COVID-19"
"DE-MV","00+",2022-02-20,2022-02-09,"-11 day ahead inc hosp","quantile",0.9,351,"COVID-19"
"DE-MV","00+",2022-02-20,2022-02-09,"-11 day ahead inc hosp","quantile",0.975,375,"COVID-19"
"DE-MV","00+",2022-02-20,2022-02-08,"-12 day ahead inc hosp","mean",NA,304,"COVID-19"
"DE-MV","00+",2022-02-20,2022-02-08,"-12 day ahead inc hosp","quantile",0.025,280,"COVID-19"
"DE-MV","00+",2022-02-20,2022-02-08,"-12 day ahead inc hosp","quantile",0.1,284,"COVID-19"
"DE-MV","00+",2022-02-20,2022-02-08,"-12 day ahead inc hosp","quantile",0.25,290,"COVID-19"
"DE-MV","00+",2022-02-20,2022-02-08,"-12 day ahead inc hosp","quantile",0.5,300,"COVID-19"
"DE-MV","00+",2022-02-20,2022-02-08,"-12 day ahead inc hosp","quantile",0.75,313,"COVID-19"
"DE-MV","00+",2022-02-20,2022-02-08,"-12 day ahead inc hosp","quantile",0.9,328,"COVID-19"
"DE-MV","00+",2022-02-20,2022-02-08,"-12 day ahead inc hosp","quantile",0.975,349,"COVID-19"
"DE-MV","00+",2022-02-20,2022-02-07,"-13 day ahead inc hosp","mean",NA,296,"COVID-19"
"DE-MV","00+",2022-02-20,2022-02-07,"-13 day ahead inc hosp","quantile",0.025,275,"COVID-19"
"DE-MV","00+",2022-02-20,2022-02-07,"-13 day ahead inc hosp","quantile",0.1,279,"COVID-19"
"DE-MV","00+",2022-02-20,2022-02-07,"-13 day ahead inc hosp","quantile",0.25,284,"COVID-19"
"DE-MV","00+",2022-02-20,2022-02-07,"-13 day ahead inc hosp","quantile",0.5,293,"COVID-19"
"DE-MV","00+",2022-02-20,2022-02-07,"-13 day ahead inc hosp","quantile",0.75,304,"COVID-19"
"DE-MV","00+",2022-02-20,2022-02-07,"-13 day ahead inc hosp","quantile",0.9,317,"COVID-19"
"DE-MV","00+",2022-02-20,2022-02-07,"-13 day ahead inc hosp","quantile",0.975,335,"COVID-19"
"DE-MV","00+",2022-02-20,2022-02-06,"-14 day ahead inc hosp","mean",NA,280,"COVID-19"
"DE-MV","00+",2022-02-20,2022-02-06,"-14 day ahead inc hosp","quantile",0.025,260,"COVID-19"
"DE-MV","00+",2022-02-20,2022-02-06,"-14 day ahead inc hosp","quantile",0.1,264,"COVID-19"
"DE-MV","00+",2022-02-20,2022-02-06,"-14 day ahead inc hosp","quantile",0.25,268,"COVID-19"
"DE-MV","00+",2022-02-20,2022-02-06,"-14 day ahead inc hosp","quantile",0.5,276,"COVID-19"
"DE-MV","00+",2022-02-20,2022-02-06,"-14 day ahead inc hosp","quantile",0.75,287,"COVID-19"
"DE-MV","00+",2022-02-20,2022-02-06,"-14 day ahead inc hosp","quantile",0.9,300,"COVID-19"
"DE-MV","00+",2022-02-20,2022-02-06,"-14 day ahead inc hosp","quantile",0.975,317,"COVID-19"
"DE-MV","00+",2022-02-20,2022-02-05,"-15 day ahead inc hosp","mean",NA,253,"COVID-19"
"DE-MV","00+",2022-02-20,2022-02-05,"-15 day ahead inc hosp","quantile",0.025,236,"COVID-19"
"DE-MV","00+",2022-02-20,2022-02-05,"-15 day ahead inc hosp","quantile",0.1,239,"COVID-19"
"DE-MV","00+",2022-02-20,2022-02-05,"-15 day ahead inc hosp","quantile",0.25,243,"COVID-19"
"DE-MV","00+",2022-02-20,2022-02-05,"-15 day ahead inc hosp","quantile",0.5,250,"COVID-19"
"DE-MV","00+",2022-02-20,2022-02-05,"-15 day ahead inc hosp","quantile",0.75,260,"COVID-19"
"DE-MV","00+",2022-02-20,2022-02-05,"-15 day ahead inc hosp","quantile",0.9,271,"COVID-19"
"DE-MV","00+",2022-02-20,2022-02-05,"-15 day ahead inc hosp","quantile",0.975,287,"COVID-19"
"DE-MV","00+",2022-02-20,2022-02-04,"-16 day ahead inc hosp","mean",NA,238,"COVID-19"
"DE-MV","00+",2022-02-20,2022-02-04,"-16 day ahead inc hosp","quantile",0.025,224,"COVID-19"
"DE-MV","00+",2022-02-20,2022-02-04,"-16 day ahead inc hosp","quantile",0.1,226,"COVID-19"
"DE-MV","00+",2022-02-20,2022-02-04,"-16 day ahead inc hosp","quantile",0.25,230,"COVID-19"
"DE-MV","00+",2022-02-20,2022-02-04,"-16 day ahead inc hosp","quantile",0.5,235,"COVID-19"
"DE-MV","00+",2022-02-20,2022-02-04,"-16 day ahead inc hosp","quantile",0.75,244,"COVID-19"
"DE-MV","00+",2022-02-20,2022-02-04,"-16 day ahead inc hosp","quantile",0.9,254,"COVID-19"
"DE-MV","00+",2022-02-20,2022-02-04,"-16 day ahead inc hosp","quantile",0.975,268,"COVID-19"
"DE-MV","00+",2022-02-20,2022-02-03,"-17 day ahead inc hosp","mean",NA,222,"COVID-19"
"DE-MV","00+",2022-02-20,2022-02-03,"-17 day ahead inc hosp","quantile",0.025,210,"COVID-19"
"DE-MV","00+",2022-02-20,2022-02-03,"-17 day ahead inc hosp","quantile",0.1,212,"COVID-19"
"DE-MV","00+",2022-02-20,2022-02-03,"-17 day ahead inc hosp","quantile",0.25,215,"COVID-19"
"DE-MV","00+",2022-02-20,2022-02-03,"-17 day ahead inc hosp","quantile",0.5,220,"COVID-19"
"DE-MV","00+",2022-02-20,2022-02-03,"-17 day ahead inc hosp","quantile",0.75,227,"COVID-19"
"DE-MV","00+",2022-02-20,2022-02-03,"-17 day ahead inc hosp","quantile",0.9,236,"COVID-19"
"DE-MV","00+",2022-02-20,2022-02-03,"-17 day ahead inc hosp","quantile",0.975,248,"COVID-19"
"DE-MV","00+",2022-02-20,2022-02-02,"-18 day ahead inc hosp","mean",NA,214,"COVID-19"
"DE-MV","00+",2022-02-20,2022-02-02,"-18 day ahead inc hosp","quantile",0.025,204,"COVID-19"
"DE-MV","00+",2022-02-20,2022-02-02,"-18 day ahead inc hosp","quantile",0.1,206,"COVID-19"
"DE-MV","00+",2022-02-20,2022-02-02,"-18 day ahead inc hosp","quantile",0.25,208,"COVID-19"
"DE-MV","00+",2022-02-20,2022-02-02,"-18 day ahead inc hosp","quantile",0.5,212,"COVID-19"
"DE-MV","00+",2022-02-20,2022-02-02,"-18 day ahead inc hosp","quantile",0.75,219,"COVID-19"
"DE-MV","00+",2022-02-20,2022-02-02,"-18 day ahead inc hosp","quantile",0.9,226,"COVID-19"
"DE-MV","00+",2022-02-20,2022-02-02,"-18 day ahead inc hosp","quantile",0.975,238,"COVID-19"
"DE-MV","00+",2022-02-20,2022-02-01,"-19 day ahead inc hosp","mean",NA,225,"COVID-19"
"DE-MV","00+",2022-02-20,2022-02-01,"-19 day ahead inc hosp","quantile",0.025,216,"COVID-19"
"DE-MV","00+",2022-02-20,2022-02-01,"-19 day ahead inc hosp","quantile",0.1,217,"COVID-19"
"DE-MV","00+",2022-02-20,2022-02-01,"-19 day ahead inc hosp","quantile",0.25,219,"COVID-19"
"DE-MV","00+",2022-02-20,2022-02-01,"-19 day ahead inc hosp","quantile",0.5,223,"COVID-19"
"DE-MV","00+",2022-02-20,2022-02-01,"-19 day ahead inc hosp","quantile",0.75,229,"COVID-19"
"DE-MV","00+",2022-02-20,2022-02-01,"-19 day ahead inc hosp","quantile",0.9,235,"COVID-19"
"DE-MV","00+",2022-02-20,2022-02-01,"-19 day ahead inc hosp","quantile",0.975,245,"COVID-19"
"DE-MV","00+",2022-02-20,2022-01-31,"-20 day ahead inc hosp","mean",NA,208,"COVID-19"
"DE-MV","00+",2022-02-20,2022-01-31,"-20 day ahead inc hosp","quantile",0.025,201,"COVID-19"
"DE-MV","00+",2022-02-20,2022-01-31,"-20 day ahead inc hosp","quantile",0.1,202,"COVID-19"
"DE-MV","00+",2022-02-20,2022-01-31,"-20 day ahead inc hosp","quantile",0.25,204,"COVID-19"
"DE-MV","00+",2022-02-20,2022-01-31,"-20 day ahead inc hosp","quantile",0.5,207,"COVID-19"
"DE-MV","00+",2022-02-20,2022-01-31,"-20 day ahead inc hosp","quantile",0.75,211,"COVID-19"
"DE-MV","00+",2022-02-20,2022-01-31,"-20 day ahead inc hosp","quantile",0.9,216,"COVID-19"
"DE-MV","00+",2022-02-20,2022-01-31,"-20 day ahead inc hosp","quantile",0.975,223,"COVID-19"
"DE-MV","00+",2022-02-20,2022-01-30,"-21 day ahead inc hosp","mean",NA,213,"COVID-19"
"DE-MV","00+",2022-02-20,2022-01-30,"-21 day ahead inc hosp","quantile",0.025,206,"COVID-19"
"DE-MV","00+",2022-02-20,2022-01-30,"-21 day ahead inc hosp","quantile",0.1,207,"COVID-19"
"DE-MV","00+",2022-02-20,2022-01-30,"-21 day ahead inc hosp","quantile",0.25,209,"COVID-19"
"DE-MV","00+",2022-02-20,2022-01-30,"-21 day ahead inc hosp","quantile",0.5,212,"COVID-19"
"DE-MV","00+",2022-02-20,2022-01-30,"-21 day ahead inc hosp","quantile",0.75,216,"COVID-19"
"DE-MV","00+",2022-02-20,2022-01-30,"-21 day ahead inc hosp","quantile",0.9,220,"COVID-19"
"DE-MV","00+",2022-02-20,2022-01-30,"-21 day ahead inc hosp","quantile",0.975,226,"COVID-19"
"DE-MV","00+",2022-02-20,2022-01-29,"-22 day ahead inc hosp","mean",NA,214,"COVID-19"
"DE-MV","00+",2022-02-20,2022-01-29,"-22 day ahead inc hosp","quantile",0.025,207,"COVID-19"
"DE-MV","00+",2022-02-20,2022-01-29,"-22 day ahead inc hosp","quantile",0.1,208,"COVID-19"
"DE-MV","00+",2022-02-20,2022-01-29,"-22 day ahead inc hosp","quantile",0.25,210,"COVID-19"
"DE-MV","00+",2022-02-20,2022-01-29,"-22 day ahead inc hosp","quantile",0.5,213,"COVID-19"
"DE-MV","00+",2022-02-20,2022-01-29,"-22 day ahead inc hosp","quantile",0.75,216,"COVID-19"
"DE-MV","00+",2022-02-20,2022-01-29,"-22 day ahead inc hosp","quantile",0.9,220,"COVID-19"
"DE-MV","00+",2022-02-20,2022-01-29,"-22 day ahead inc hosp","quantile",0.975,226,"COVID-19"
"DE-MV","00+",2022-02-20,2022-01-28,"-23 day ahead inc hosp","mean",NA,199,"COVID-19"
"DE-MV","00+",2022-02-20,2022-01-28,"-23 day ahead inc hosp","quantile",0.025,194,"COVID-19"
"DE-MV","00+",2022-02-20,2022-01-28,"-23 day ahead inc hosp","quantile",0.1,195,"COVID-19"
"DE-MV","00+",2022-02-20,2022-01-28,"-23 day ahead inc hosp","quantile",0.25,197,"COVID-19"
"DE-MV","00+",2022-02-20,2022-01-28,"-23 day ahead inc hosp","quantile",0.5,199,"COVID-19"
"DE-MV","00+",2022-02-20,2022-01-28,"-23 day ahead inc hosp","quantile",0.75,201,"COVID-19"
"DE-MV","00+",2022-02-20,2022-01-28,"-23 day ahead inc hosp","quantile",0.9,205,"COVID-19"
"DE-MV","00+",2022-02-20,2022-01-28,"-23 day ahead inc hosp","quantile",0.975,209,"COVID-19"
"DE-MV","00+",2022-02-20,2022-01-27,"-24 day ahead inc hosp","mean",NA,197,"COVID-19"
"DE-MV","00+",2022-02-20,2022-01-27,"-24 day ahead inc hosp","quantile",0.025,192,"COVID-19"
"DE-MV","00+",2022-02-20,2022-01-27,"-24 day ahead inc hosp","quantile",0.1,193,"COVID-19"
"DE-MV","00+",2022-02-20,2022-01-27,"-24 day ahead inc hosp","quantile",0.25,194,"COVID-19"
"DE-MV","00+",2022-02-20,2022-01-27,"-24 day ahead inc hosp","quantile",0.5,196,"COVID-19"
"DE-MV","00+",2022-02-20,2022-01-27,"-24 day ahead inc hosp","quantile",0.75,199,"COVID-19"
"DE-MV","00+",2022-02-20,2022-01-27,"-24 day ahead inc hosp","quantile",0.9,201,"COVID-19"
"DE-MV","00+",2022-02-20,2022-01-27,"-24 day ahead inc hosp","quantile",0.975,205,"COVID-19"
"DE-MV","00+",2022-02-20,2022-01-26,"-25 day ahead inc hosp","mean",NA,189,"COVID-19"
"DE-MV","00+",2022-02-20,2022-01-26,"-25 day ahead inc hosp","quantile",0.025,185,"COVID-19"
"DE-MV","00+",2022-02-20,2022-01-26,"-25 day ahead inc hosp","quantile",0.1,186,"COVID-19"
"DE-MV","00+",2022-02-20,2022-01-26,"-25 day ahead inc hosp","quantile",0.25,187,"COVID-19"
"DE-MV","00+",2022-02-20,2022-01-26,"-25 day ahead inc hosp","quantile",0.5,189,"COVID-19"
"DE-MV","00+",2022-02-20,2022-01-26,"-25 day ahead inc hosp","quantile",0.75,191,"COVID-19"
"DE-MV","00+",2022-02-20,2022-01-26,"-25 day ahead inc hosp","quantile",0.9,193,"COVID-19"
"DE-MV","00+",2022-02-20,2022-01-26,"-25 day ahead inc hosp","quantile",0.975,196,"COVID-19"
"DE-MV","00+",2022-02-20,2022-01-25,"-26 day ahead inc hosp","mean",NA,176,"COVID-19"
"DE-MV","00+",2022-02-20,2022-01-25,"-26 day ahead inc hosp","quantile",0.025,173,"COVID-19"
"DE-MV","00+",2022-02-20,2022-01-25,"-26 day ahead inc hosp","quantile",0.1,174,"COVID-19"
"DE-MV","00+",2022-02-20,2022-01-25,"-26 day ahead inc hosp","quantile",0.25,174,"COVID-19"
"DE-MV","00+",2022-02-20,2022-01-25,"-26 day ahead inc hosp","quantile",0.5,176,"COVID-19"
"DE-MV","00+",2022-02-20,2022-01-25,"-26 day ahead inc hosp","quantile",0.75,177,"COVID-19"
"DE-MV","00+",2022-02-20,2022-01-25,"-26 day ahead inc hosp","quantile",0.9,179,"COVID-19"
"DE-MV","00+",2022-02-20,2022-01-25,"-26 day ahead inc hosp","quantile",0.975,182,"COVID-19"
"DE-MV","00+",2022-02-20,2022-01-24,"-27 day ahead inc hosp","mean",NA,169,"COVID-19"
"DE-MV","00+",2022-02-20,2022-01-24,"-27 day ahead inc hosp","quantile",0.025,166,"COVID-19"
"DE-MV","00+",2022-02-20,2022-01-24,"-27 day ahead inc hosp","quantile",0.1,166,"COVID-19"
"DE-MV","00+",2022-02-20,2022-01-24,"-27 day ahead inc hosp","quantile",0.25,167,"COVID-19"
"DE-MV","00+",2022-02-20,2022-01-24,"-27 day ahead inc hosp","quantile",0.5,168,"COVID-19"
"DE-MV","00+",2022-02-20,2022-01-24,"-27 day ahead inc hosp","quantile",0.75,170,"COVID-19"
"DE-MV","00+",2022-02-20,2022-01-24,"-27 day ahead inc hosp","quantile",0.9,172,"COVID-19"
"DE-MV","00+",2022-02-20,2022-01-24,"-27 day ahead inc hosp","quantile",0.975,174,"COVID-19"
"DE-MV","00+",2022-02-20,2022-01-23,"-28 day ahead inc hosp","mean",NA,159,"COVID-19"
"DE-MV","00+",2022-02-20,2022-01-23,"-28 day ahead inc hosp","quantile",0.025,157,"COVID-19"
"DE-MV","00+",2022-02-20,2022-01-23,"-28 day ahead inc hosp","quantile",0.1,157,"COVID-19"
"DE-MV","00+",2022-02-20,2022-01-23,"-28 day ahead inc hosp","quantile",0.25,158,"COVID-19"
"DE-MV","00+",2022-02-20,2022-01-23,"-28 day ahead inc hosp","quantile",0.5,159,"COVID-19"
"DE-MV","00+",2022-02-20,2022-01-23,"-28 day ahead inc hosp","quantile",0.75,161,"COVID-19"
"DE-MV","00+",2022-02-20,2022-01-23,"-28 day ahead inc hosp","quantile",0.9,162,"COVID-19"
"DE-MV","00+",2022-02-20,2022-01-23,"-28 day ahead inc hosp","quantile",0.975,164,"COVID-19"
"DE-NI","00+",2022-02-20,2022-02-20,"0 day ahead inc hosp","mean",NA,530,"COVID-19"
"DE-NI","00+",2022-02-20,2022-02-20,"0 day ahead inc hosp","quantile",0.025,411,"COVID-19"
"DE-NI","00+",2022-02-20,2022-02-20,"0 day ahead inc hosp","quantile",0.1,442,"COVID-19"
"DE-NI","00+",2022-02-20,2022-02-20,"0 day ahead inc hosp","quantile",0.25,476,"COVID-19"
"DE-NI","00+",2022-02-20,2022-02-20,"0 day ahead inc hosp","quantile",0.5,521,"COVID-19"
"DE-NI","00+",2022-02-20,2022-02-20,"0 day ahead inc hosp","quantile",0.75,574,"COVID-19"
"DE-NI","00+",2022-02-20,2022-02-20,"0 day ahead inc hosp","quantile",0.9,628,"COVID-19"
"DE-NI","00+",2022-02-20,2022-02-20,"0 day ahead inc hosp","quantile",0.975,697,"COVID-19"
"DE-NI","00+",2022-02-20,2022-02-19,"-1 day ahead inc hosp","mean",NA,521,"COVID-19"
"DE-NI","00+",2022-02-20,2022-02-19,"-1 day ahead inc hosp","quantile",0.025,423,"COVID-19"
"DE-NI","00+",2022-02-20,2022-02-19,"-1 day ahead inc hosp","quantile",0.1,450,"COVID-19"
"DE-NI","00+",2022-02-20,2022-02-19,"-1 day ahead inc hosp","quantile",0.25,478,"COVID-19"
"DE-NI","00+",2022-02-20,2022-02-19,"-1 day ahead inc hosp","quantile",0.5,515,"COVID-19"
"DE-NI","00+",2022-02-20,2022-02-19,"-1 day ahead inc hosp","quantile",0.75,557,"COVID-19"
"DE-NI","00+",2022-02-20,2022-02-19,"-1 day ahead inc hosp","quantile",0.9,601,"COVID-19"
"DE-NI","00+",2022-02-20,2022-02-19,"-1 day ahead inc hosp","quantile",0.975,656,"COVID-19"
"DE-NI","00+",2022-02-20,2022-02-18,"-2 day ahead inc hosp","mean",NA,547,"COVID-19"
"DE-NI","00+",2022-02-20,2022-02-18,"-2 day ahead inc hosp","quantile",0.025,463,"COVID-19"
"DE-NI","00+",2022-02-20,2022-02-18,"-2 day ahead inc hosp","quantile",0.1,486,"COVID-19"
"DE-NI","00+",2022-02-20,2022-02-18,"-2 day ahead inc hosp","quantile",0.25,511,"COVID-19"
"DE-NI","00+",2022-02-20,2022-02-18,"-2 day ahead inc hosp","quantile",0.5,542,"COVID-19"
"DE-NI","00+",2022-02-20,2022-02-18,"-2 day ahead inc hosp","quantile",0.75,577,"COVID-19"
"DE-NI","00+",2022-02-20,2022-02-18,"-2 day ahead inc hosp","quantile",0.9,614,"COVID-19"
"DE-NI","00+",2022-02-20,2022-02-18,"-2 day ahead inc hosp","quantile",0.975,659,"COVID-19"
"DE-NI","00+",2022-02-20,2022-02-17,"-3 day ahead inc hosp","mean",NA,566,"COVID-19"
"DE-NI","00+",2022-02-20,2022-02-17,"-3 day ahead inc hosp","quantile",0.025,493,"COVID-19"
"DE-NI","00+",2022-02-20,2022-02-17,"-3 day ahead inc hosp","quantile",0.1,513,"COVID-19"
"DE-NI","00+",2022-02-20,2022-02-17,"-3 day ahead inc hosp","quantile",0.25,535,"COVID-19"
"DE-NI","00+",2022-02-20,2022-02-17,"-3 day ahead inc hosp","quantile",0.5,561,"COVID-19"
"DE-NI","00+",2022-02-20,2022-02-17,"-3 day ahead inc hosp","quantile",0.75,592,"COVID-19"
"DE-NI","00+",2022-02-20,2022-02-17,"-3 day ahead inc hosp","quantile",0.9,623,"COVID-19"
"DE-NI","00+",2022-02-20,2022-02-17,"-3 day ahead inc hosp","quantile",0.975,662,"COVID-19"
"DE-NI","00+",2022-02-20,2022-02-16,"-4 day ahead inc hosp","mean",NA,607,"COVID-19"
"DE-NI","00+",2022-02-20,2022-02-16,"-4 day ahead inc hosp","quantile",0.025,542,"COVID-19"
"DE-NI","00+",2022-02-20,2022-02-16,"-4 day ahead inc hosp","quantile",0.1,560,"COVID-19"
"DE-NI","00+",2022-02-20,2022-02-16,"-4 day ahead inc hosp","quantile",0.25,579,"COVID-19"
"DE-NI","00+",2022-02-20,2022-02-16,"-4 day ahead inc hosp","quantile",0.5,603,"COVID-19"
"DE-NI","00+",2022-02-20,2022-02-16,"-4 day ahead inc hosp","quantile",0.75,630,"COVID-19"
"DE-NI","00+",2022-02-20,2022-02-16,"-4 day ahead inc hosp","quantile",0.9,658,"COVID-19"
"DE-NI","00+",2022-02-20,2022-02-16,"-4 day ahead inc hosp","quantile",0.975,691,"COVID-19"
"DE-NI","00+",2022-02-20,2022-02-15,"-5 day ahead inc hosp","mean",NA,586,"COVID-19"
"DE-NI","00+",2022-02-20,2022-02-15,"-5 day ahead inc hosp","quantile",0.025,536,"COVID-19"
"DE-NI","00+",2022-02-20,2022-02-15,"-5 day ahead inc hosp","quantile",0.1,550,"COVID-19"
"DE-NI","00+",2022-02-20,2022-02-15,"-5 day ahead inc hosp","quantile",0.25,565,"COVID-19"
"DE-NI","00+",2022-02-20,2022-02-15,"-5 day ahead inc hosp","quantile",0.5,583,"COVID-19"
"DE-NI","00+",2022-02-20,2022-02-15,"-5 day ahead inc hosp","quantile",0.75,603,"COVID-19"
"DE-NI","00+",2022-02-20,2022-02-15,"-5 day ahead inc hosp","quantile",0.9,624,"COVID-19"
"DE-NI","00+",2022-02-20,2022-02-15,"-5 day ahead inc hosp","quantile",0.975,649,"COVID-19"
"DE-NI","00+",2022-02-20,2022-02-14,"-6 day ahead inc hosp","mean",NA,583,"COVID-19"
"DE-NI","00+",2022-02-20,2022-02-14,"-6 day ahead inc hosp","quantile",0.025,542,"COVID-19"
"DE-NI","00+",2022-02-20,2022-02-14,"-6 day ahead inc hosp","quantile",0.1,553,"COVID-19"
"DE-NI","00+",2022-02-20,2022-02-14,"-6 day ahead inc hosp","quantile",0.25,565,"COVID-19"
"DE-NI","00+",2022-02-20,2022-02-14,"-6 day ahead inc hosp","quantile",0.5,580,"COVID-19"
"DE-NI","00+",2022-02-20,2022-02-14,"-6 day ahead inc hosp","quantile",0.75,597,"COVID-19"
"DE-NI","00+",2022-02-20,2022-02-14,"-6 day ahead inc hosp","quantile",0.9,615,"COVID-19"
"DE-NI","00+",2022-02-20,2022-02-14,"-6 day ahead inc hosp","quantile",0.975,636,"COVID-19"
"DE-NI","00+",2022-02-20,2022-02-13,"-7 day ahead inc hosp","mean",NA,577,"COVID-19"
"DE-NI","00+",2022-02-20,2022-02-13,"-7 day ahead inc hosp","quantile",0.025,537,"COVID-19"
"DE-NI","00+",2022-02-20,2022-02-13,"-7 day ahead inc hosp","quantile",0.1,548,"COVID-19"
"DE-NI","00+",2022-02-20,2022-02-13,"-7 day ahead inc hosp","quantile",0.25,560,"COVID-19"
"DE-NI","00+",2022-02-20,2022-02-13,"-7 day ahead inc hosp","quantile",0.5,575,"COVID-19"
"DE-NI","00+",2022-02-20,2022-02-13,"-7 day ahead inc hosp","quantile",0.75,592,"COVID-19"
"DE-NI","00+",2022-02-20,2022-02-13,"-7 day ahead inc hosp","quantile",0.9,609,"COVID-19"
"DE-NI","00+",2022-02-20,2022-02-13,"-7 day ahead inc hosp","quantile",0.975,630,"COVID-19"
"DE-NI","00+",2022-02-20,2022-02-12,"-8 day ahead inc hosp","mean",NA,577,"COVID-19"
"DE-NI","00+",2022-02-20,2022-02-12,"-8 day ahead inc hosp","quantile",0.025,540,"COVID-19"
"DE-NI","00+",2022-02-20,2022-02-12,"-8 day ahead inc hosp","quantile",0.1,550,"COVID-19"
"DE-NI","00+",2022-02-20,2022-02-12,"-8 day ahead inc hosp","quantile",0.25,561,"COVID-19"
"DE-NI","00+",2022-02-20,2022-02-12,"-8 day ahead inc hosp","quantile",0.5,575,"COVID-19"
"DE-NI","00+",2022-02-20,2022-02-12,"-8 day ahead inc hosp","quantile",0.75,591,"COVID-19"
"DE-NI","00+",2022-02-20,2022-02-12,"-8 day ahead inc hosp","quantile",0.9,607,"COVID-19"
"DE-NI","00+",2022-02-20,2022-02-12,"-8 day ahead inc hosp","quantile",0.975,627,"COVID-19"
"DE-NI","00+",2022-02-20,2022-02-11,"-9 day ahead inc hosp","mean",NA,589,"COVID-19"
"DE-NI","00+",2022-02-20,2022-02-11,"-9 day ahead inc hosp","quantile",0.025,555,"COVID-19"
"DE-NI","00+",2022-02-20,2022-02-11,"-9 day ahead inc hosp","quantile",0.1,564,"COVID-19"
"DE-NI","00+",2022-02-20,2022-02-11,"-9 day ahead inc hosp","quantile",0.25,574,"COVID-19"
"DE-NI","00+",2022-02-20,2022-02-11,"-9 day ahead inc hosp","quantile",0.5,587,"COVID-19"
"DE-NI","00+",2022-02-20,2022-02-11,"-9 day ahead inc hosp","quantile",0.75,602,"COVID-19"
"DE-NI","00+",2022-02-20,2022-02-11,"-9 day ahead inc hosp","quantile",0.9,617,"COVID-19"
"DE-NI","00+",2022-02-20,2022-02-11,"-9 day ahead inc hosp","quantile",0.975,635,"COVID-19"
"DE-NI","00+",2022-02-20,2022-02-10,"-10 day ahead inc hosp","mean",NA,614,"COVID-19"
"DE-NI","00+",2022-02-20,2022-02-10,"-10 day ahead inc hosp","quantile",0.025,582,"COVID-19"
"DE-NI","00+",2022-02-20,2022-02-10,"-10 day ahead inc hosp","quantile",0.1,590,"COVID-19"
"DE-NI","00+",2022-02-20,2022-02-10,"-10 day ahead inc hosp","quantile",0.25,600,"COVID-19"
"DE-NI","00+",2022-02-20,2022-02-10,"-10 day ahead inc hosp","quantile",0.5,612,"COVID-19"
"DE-NI","00+",2022-02-20,2022-02-10,"-10 day ahead inc hosp","quantile",0.75,626,"COVID-19"
"DE-NI","00+",2022-02-20,2022-02-10,"-10 day ahead inc hosp","quantile",0.9,641,"COVID-19"
"DE-NI","00+",2022-02-20,2022-02-10,"-10 day ahead inc hosp","quantile",0.975,660,"COVID-19"
"DE-NI","00+",2022-02-20,2022-02-09,"-11 day ahead inc hosp","mean",NA,590,"COVID-19"
"DE-NI","00+",2022-02-20,2022-02-09,"-11 day ahead inc hosp","quantile",0.025,562,"COVID-19"
"DE-NI","00+",2022-02-20,2022-02-09,"-11 day ahead inc hosp","quantile",0.1,570,"COVID-19"
"DE-NI","00+",2022-02-20,2022-02-09,"-11 day ahead inc hosp","quantile",0.25,578,"COVID-19"
"DE-NI","00+",2022-02-20,2022-02-09,"-11 day ahead inc hosp","quantile",0.5,588,"COVID-19"
"DE-NI","00+",2022-02-20,2022-02-09,"-11 day ahead inc hosp","quantile",0.75,601,"COVID-19"
"DE-NI","00+",2022-02-20,2022-02-09,"-11 day ahead inc hosp","quantile",0.9,613,"COVID-19"
"DE-NI","00+",2022-02-20,2022-02-09,"-11 day ahead inc hosp","quantile",0.975,630,"COVID-19"
"DE-NI","00+",2022-02-20,2022-02-08,"-12 day ahead inc hosp","mean",NA,591,"COVID-19"
"DE-NI","00+",2022-02-20,2022-02-08,"-12 day ahead inc hosp","quantile",0.025,567,"COVID-19"
"DE-NI","00+",2022-02-20,2022-02-08,"-12 day ahead inc hosp","quantile",0.1,573,"COVID-19"
"DE-NI","00+",2022-02-20,2022-02-08,"-12 day ahead inc hosp","quantile",0.25,580,"COVID-19"
"DE-NI","00+",2022-02-20,2022-02-08,"-12 day ahead inc hosp","quantile",0.5,589,"COVID-19"
"DE-NI","00+",2022-02-20,2022-02-08,"-12 day ahead inc hosp","quantile",0.75,600,"COVID-19"
"DE-NI","00+",2022-02-20,2022-02-08,"-12 day ahead inc hosp","quantile",0.9,611,"COVID-19"
"DE-NI","00+",2022-02-20,2022-02-08,"-12 day ahead inc hosp","quantile",0.975,625,"COVID-19"
"DE-NI","00+",2022-02-20,2022-02-07,"-13 day ahead inc hosp","mean",NA,590,"COVID-19"
"DE-NI","00+",2022-02-20,2022-02-07,"-13 day ahead inc hosp","quantile",0.025,569,"COVID-19"
"DE-NI","00+",2022-02-20,2022-02-07,"-13 day ahead inc hosp","quantile",0.1,574,"COVID-19"
"DE-NI","00+",2022-02-20,2022-02-07,"-13 day ahead inc hosp","quantile",0.25,580,"COVID-19"
"DE-NI","00+",2022-02-20,2022-02-07,"-13 day ahead inc hosp","quantile",0.5,588,"COVID-19"
"DE-NI","00+",2022-02-20,2022-02-07,"-13 day ahead inc hosp","quantile",0.75,598,"COVID-19"
"DE-NI","00+",2022-02-20,2022-02-07,"-13 day ahead inc hosp","quantile",0.9,609,"COVID-19"
"DE-NI","00+",2022-02-20,2022-02-07,"-13 day ahead inc hosp","quantile",0.975,622,"COVID-19"
"DE-NI","00+",2022-02-20,2022-02-06,"-14 day ahead inc hosp","mean",NA,590,"COVID-19"
"DE-NI","00+",2022-02-20,2022-02-06,"-14 day ahead inc hosp","quantile",0.025,569,"COVID-19"
"DE-NI","00+",2022-02-20,2022-02-06,"-14 day ahead inc hosp","quantile",0.1,574,"COVID-19"
"DE-NI","00+",2022-02-20,2022-02-06,"-14 day ahead inc hosp","quantile",0.25,580,"COVID-19"
"DE-NI","00+",2022-02-20,2022-02-06,"-14 day ahead inc hosp","quantile",0.5,588,"COVID-19"
"DE-NI","00+",2022-02-20,2022-02-06,"-14 day ahead inc hosp","quantile",0.75,598,"COVID-19"
"DE-NI","00+",2022-02-20,2022-02-06,"-14 day ahead inc hosp","quantile",0.9,608,"COVID-19"
"DE-NI","00+",2022-02-20,2022-02-06,"-14 day ahead inc hosp","quantile",0.975,622,"COVID-19"
"DE-NI","00+",2022-02-20,2022-02-05,"-15 day ahead inc hosp","mean",NA,587,"COVID-19"
"DE-NI","00+",2022-02-20,2022-02-05,"-15 day ahead inc hosp","quantile",0.025,566,"COVID-19"
"DE-NI","00+",2022-02-20,2022-02-05,"-15 day ahead inc hosp","quantile",0.1,571,"COVID-19"
"DE-NI","00+",2022-02-20,2022-02-05,"-15 day ahead inc hosp","quantile",0.25,577,"COVID-19"
"DE-NI","00+",2022-02-20,2022-02-05,"-15 day ahead inc hosp","quantile",0.5,585,"COVID-19"
"DE-NI","00+",2022-02-20,2022-02-05,"-15 day ahead inc hosp","quantile",0.75,595,"COVID-19"
"DE-NI","00+",2022-02-20,2022-02-05,"-15 day ahead inc hosp","quantile",0.9,605,"COVID-19"
"DE-NI","00+",2022-02-20,2022-02-05,"-15 day ahead inc hosp","quantile",0.975,619,"COVID-19"
"DE-NI","00+",2022-02-20,2022-02-04,"-16 day ahead inc hosp","mean",NA,557,"COVID-19"
"DE-NI","00+",2022-02-20,2022-02-04,"-16 day ahead inc hosp","quantile",0.025,539,"COVID-19"
"DE-NI","00+",2022-02-20,2022-02-04,"-16 day ahead inc hosp","quantile",0.1,543,"COVID-19"
"DE-NI","00+",2022-02-20,2022-02-04,"-16 day ahead inc hosp","quantile",0.25,548,"COVID-19"
"DE-NI","00+",2022-02-20,2022-02-04,"-16 day ahead inc hosp","quantile",0.5,555,"COVID-19"
"DE-NI","00+",2022-02-20,2022-02-04,"-16 day ahead inc hosp","quantile",0.75,564,"COVID-19"
"DE-NI","00+",2022-02-20,2022-02-04,"-16 day ahead inc hosp","quantile",0.9,573,"COVID-19"
"DE-NI","00+",2022-02-20,2022-02-04,"-16 day ahead inc hosp","quantile",0.975,586,"COVID-19"
"DE-NI","00+",2022-02-20,2022-02-03,"-17 day ahead inc hosp","mean",NA,511,"COVID-19"
"DE-NI","00+",2022-02-20,2022-02-03,"-17 day ahead inc hosp","quantile",0.025,495,"COVID-19"
"DE-NI","00+",2022-02-20,2022-02-03,"-17 day ahead inc hosp","quantile",0.1,499,"COVID-19"
"DE-NI","00+",2022-02-20,2022-02-03,"-17 day ahead inc hosp","quantile",0.25,503,"COVID-19"
"DE-NI","00+",2022-02-20,2022-02-03,"-17 day ahead inc hosp","quantile",0.5,509,"COVID-19"
"DE-NI","00+",2022-02-20,2022-02-03,"-17 day ahead inc hosp","quantile",0.75,517,"COVID-19"
"DE-NI","00+",2022-02-20,2022-02-03,"-17 day ahead inc hosp","quantile",0.9,525,"COVID-19"
"DE-NI","00+",2022-02-20,2022-02-03,"-17 day ahead inc hosp","quantile",0.975,536,"COVID-19"
"DE-NI","00+",2022-02-20,2022-02-02,"-18 day ahead inc hosp","mean",NA,477,"COVID-19"
"DE-NI","00+",2022-02-20,2022-02-02,"-18 day ahead inc hosp","quantile",0.025,464,"COVID-19"
"DE-NI","00+",2022-02-20,2022-02-02,"-18 day ahead inc hosp","quantile",0.1,467,"COVID-19"
"DE-NI","00+",2022-02-20,2022-02-02,"-18 day ahead inc hosp","quantile",0.25,470,"COVID-19"
"DE-NI","00+",2022-02-20,2022-02-02,"-18 day ahead inc hosp","quantile",0.5,476,"COVID-19"
"DE-NI","00+",2022-02-20,2022-02-02,"-18 day ahead inc hosp","quantile",0.75,482,"COVID-19"
"DE-NI","00+",2022-02-20,2022-02-02,"-18 day ahead inc hosp","quantile",0.9,490,"COVID-19"
"DE-NI","00+",2022-02-20,2022-02-02,"-18 day ahead inc hosp","quantile",0.975,499,"COVID-19"
"DE-NI","00+",2022-02-20,2022-02-01,"-19 day ahead inc hosp","mean",NA,432,"COVID-19"
"DE-NI","00+",2022-02-20,2022-02-01,"-19 day ahead inc hosp","quantile",0.025,421,"COVID-19"
"DE-NI","00+",2022-02-20,2022-02-01,"-19 day ahead inc hosp","quantile",0.1,423,"COVID-19"
"DE-NI","00+",2022-02-20,2022-02-01,"-19 day ahead inc hosp","quantile",0.25,426,"COVID-19"
"DE-NI","00+",2022-02-20,2022-02-01,"-19 day ahead inc hosp","quantile",0.5,431,"COVID-19"
"DE-NI","00+",2022-02-20,2022-02-01,"-19 day ahead inc hosp","quantile",0.75,436,"COVID-19"
"DE-NI","00+",2022-02-20,2022-02-01,"-19 day ahead inc hosp","quantile",0.9,442,"COVID-19"
"DE-NI","00+",2022-02-20,2022-02-01,"-19 day ahead inc hosp","quantile",0.975,450,"COVID-19"
"DE-NI","00+",2022-02-20,2022-01-31,"-20 day ahead inc hosp","mean",NA,413,"COVID-19"
"DE-NI","00+",2022-02-20,2022-01-31,"-20 day ahead inc hosp","quantile",0.025,404,"COVID-19"
"DE-NI","00+",2022-02-20,2022-01-31,"-20 day ahead inc hosp","quantile",0.1,406,"COVID-19"
"DE-NI","00+",2022-02-20,2022-01-31,"-20 day ahead inc hosp","quantile",0.25,408,"COVID-19"
"DE-NI","00+",2022-02-20,2022-01-31,"-20 day ahead inc hosp","quantile",0.5,412,"COVID-19"
"DE-NI","00+",2022-02-20,2022-01-31,"-20 day ahead inc hosp","quantile",0.75,417,"COVID-19"
"DE-NI","00+",2022-02-20,2022-01-31,"-20 day ahead inc hosp","quantile",0.9,422,"COVID-19"
"DE-NI","00+",2022-02-20,2022-01-31,"-20 day ahead inc hosp","quantile",0.975,429,"COVID-19"
"DE-NI","00+",2022-02-20,2022-01-30,"-21 day ahead inc hosp","mean",NA,407,"COVID-19"
"DE-NI","00+",2022-02-20,2022-01-30,"-21 day ahead inc hosp","quantile",0.025,397,"COVID-19"
"DE-NI","00+",2022-02-20,2022-01-30,"-21 day ahead inc hosp","quantile",0.1,399,"COVID-19"
"DE-NI","00+",2022-02-20,2022-01-30,"-21 day ahead inc hosp","quantile",0.25,402,"COVID-19"
"DE-NI","00+",2022-02-20,2022-01-30,"-21 day ahead inc hosp","quantile",0.5,405,"COVID-19"
"DE-NI","00+",2022-02-20,2022-01-30,"-21 day ahead inc hosp","quantile",0.75,410,"COVID-19"
"DE-NI","00+",2022-02-20,2022-01-30,"-21 day ahead inc hosp","quantile",0.9,416,"COVID-19"
"DE-NI","00+",2022-02-20,2022-01-30,"-21 day ahead inc hosp","quantile",0.975,423,"COVID-19"
"DE-NI","00+",2022-02-20,2022-01-29,"-22 day ahead inc hosp","mean",NA,392,"COVID-19"
"DE-NI","00+",2022-02-20,2022-01-29,"-22 day ahead inc hosp","quantile",0.025,384,"COVID-19"
"DE-NI","00+",2022-02-20,2022-01-29,"-22 day ahead inc hosp","quantile",0.1,385,"COVID-19"
"DE-NI","00+",2022-02-20,2022-01-29,"-22 day ahead inc hosp","quantile",0.25,388,"COVID-19"
"DE-NI","00+",2022-02-20,2022-01-29,"-22 day ahead inc hosp","quantile",0.5,391,"COVID-19"
"DE-NI","00+",2022-02-20,2022-01-29,"-22 day ahead inc hosp","quantile",0.75,396,"COVID-19"
"DE-NI","00+",2022-02-20,2022-01-29,"-22 day ahead inc hosp","quantile",0.9,401,"COVID-19"
"DE-NI","00+",2022-02-20,2022-01-29,"-22 day ahead inc hosp","quantile",0.975,409,"COVID-19"
"DE-NI","00+",2022-02-20,2022-01-28,"-23 day ahead inc hosp","mean",NA,382,"COVID-19"
"DE-NI","00+",2022-02-20,2022-01-28,"-23 day ahead inc hosp","quantile",0.025,374,"COVID-19"
"DE-NI","00+",2022-02-20,2022-01-28,"-23 day ahead inc hosp","quantile",0.1,376,"COVID-19"
"DE-NI","00+",2022-02-20,2022-01-28,"-23 day ahead inc hosp","quantile",0.25,377,"COVID-19"
"DE-NI","00+",2022-02-20,2022-01-28,"-23 day ahead inc hosp","quantile",0.5,381,"COVID-19"
"DE-NI","00+",2022-02-20,2022-01-28,"-23 day ahead inc hosp","quantile",0.75,385,"COVID-19"
"DE-NI","00+",2022-02-20,2022-01-28,"-23 day ahead inc hosp","quantile",0.9,390,"COVID-19"
"DE-NI","00+",2022-02-20,2022-01-28,"-23 day ahead inc hosp","quantile",0.975,397,"COVID-19"
"DE-NI","00+",2022-02-20,2022-01-27,"-24 day ahead inc hosp","mean",NA,389,"COVID-19"
"DE-NI","00+",2022-02-20,2022-01-27,"-24 day ahead inc hosp","quantile",0.025,382,"COVID-19"
"DE-NI","00+",2022-02-20,2022-01-27,"-24 day ahead inc hosp","quantile",0.1,383,"COVID-19"
"DE-NI","00+",2022-02-20,2022-01-27,"-24 day ahead inc hosp","quantile",0.25,385,"COVID-19"
"DE-NI","00+",2022-02-20,2022-01-27,"-24 day ahead inc hosp","quantile",0.5,388,"COVID-19"
"DE-NI","00+",2022-02-20,2022-01-27,"-24 day ahead inc hosp","quantile",0.75,391,"COVID-19"
"DE-NI","00+",2022-02-20,2022-01-27,"-24 day ahead inc hosp","quantile",0.9,396,"COVID-19"
"DE-NI","00+",2022-02-20,2022-01-27,"-24 day ahead inc hosp","quantile",0.975,403,"COVID-19"
"DE-NI","00+",2022-02-20,2022-01-26,"-25 day ahead inc hosp","mean",NA,401,"COVID-19"
"DE-NI","00+",2022-02-20,2022-01-26,"-25 day ahead inc hosp","quantile",0.025,395,"COVID-19"
"DE-NI","00+",2022-02-20,2022-01-26,"-25 day ahead inc hosp","quantile",0.1,396,"COVID-19"
"DE-NI","00+",2022-02-20,2022-01-26,"-25 day ahead inc hosp","quantile",0.25,397,"COVID-19"
"DE-NI","00+",2022-02-20,2022-01-26,"-25 day ahead inc hosp","quantile",0.5,400,"COVID-19"
"DE-NI","00+",2022-02-20,2022-01-26,"-25 day ahead inc hosp","quantile",0.75,403,"COVID-19"
"DE-NI","00+",2022-02-20,2022-01-26,"-25 day ahead inc hosp","quantile",0.9,408,"COVID-19"
"DE-NI","00+",2022-02-20,2022-01-26,"-25 day ahead inc hosp","quantile",0.975,414,"COVID-19"
"DE-NI","00+",2022-02-20,2022-01-25,"-26 day ahead inc hosp","mean",NA,386,"COVID-19"
"DE-NI","00+",2022-02-20,2022-01-25,"-26 day ahead inc hosp","quantile",0.025,381,"COVID-19"
"DE-NI","00+",2022-02-20,2022-01-25,"-26 day ahead inc hosp","quantile",0.1,381,"COVID-19"
"DE-NI","00+",2022-02-20,2022-01-25,"-26 day ahead inc hosp","quantile",0.25,383,"COVID-19"
"DE-NI","00+",2022-02-20,2022-01-25,"-26 day ahead inc hosp","quantile",0.5,385,"COVID-19"
"DE-NI","00+",2022-02-20,2022-01-25,"-26 day ahead inc hosp","quantile",0.75,388,"COVID-19"
"DE-NI","00+",2022-02-20,2022-01-25,"-26 day ahead inc hosp","quantile",0.9,392,"COVID-19"
"DE-NI","00+",2022-02-20,2022-01-25,"-26 day ahead inc hosp","quantile",0.975,397,"COVID-19"
"DE-NI","00+",2022-02-20,2022-01-24,"-27 day ahead inc hosp","mean",NA,369,"COVID-19"
"DE-NI","00+",2022-02-20,2022-01-24,"-27 day ahead inc hosp","quantile",0.025,365,"COVID-19"
"DE-NI","00+",2022-02-20,2022-01-24,"-27 day ahead inc hosp","quantile",0.1,365,"COVID-19"
"DE-NI","00+",2022-02-20,2022-01-24,"-27 day ahead inc hosp","quantile",0.25,366,"COVID-19"
"DE-NI","00+",2022-02-20,2022-01-24,"-27 day ahead inc hosp","quantile",0.5,368,"COVID-19"
"DE-NI","00+",2022-02-20,2022-01-24,"-27 day ahead inc hosp","quantile",0.75,370,"COVID-19"
"DE-NI","00+",2022-02-20,2022-01-24,"-27 day ahead inc hosp","quantile",0.9,373,"COVID-19"
"DE-NI","00+",2022-02-20,2022-01-24,"-27 day ahead inc hosp","quantile",0.975,378,"COVID-19"
"DE-NI","00+",2022-02-20,2022-01-23,"-28 day ahead inc hosp","mean",NA,370,"COVID-19"
"DE-NI","00+",2022-02-20,2022-01-23,"-28 day ahead inc hosp","quantile",0.025,367,"COVID-19"
"DE-NI","00+",2022-02-20,2022-01-23,"-28 day ahead inc hosp","quantile",0.1,367,"COVID-19"
"DE-NI","00+",2022-02-20,2022-01-23,"-28 day ahead inc hosp","quantile",0.25,368,"COVID-19"
"DE-NI","00+",2022-02-20,2022-01-23,"-28 day ahead inc hosp","quantile",0.5,369,"COVID-19"
"DE-NI","00+",2022-02-20,2022-01-23,"-28 day ahead inc hosp","quantile",0.75,372,"COVID-19"
"DE-NI","00+",2022-02-20,2022-01-23,"-28 day ahead inc hosp","quantile",0.9,375,"COVID-19"
"DE-NI","00+",2022-02-20,2022-01-23,"-28 day ahead inc hosp","quantile",0.975,379,"COVID-19"
"DE-NW","00+",2022-02-20,2022-02-20,"0 day ahead inc hosp","mean",NA,2458,"COVID-19"
"DE-NW","00+",2022-02-20,2022-02-20,"0 day ahead inc hosp","quantile",0.025,1823,"COVID-19"
"DE-NW","00+",2022-02-20,2022-02-20,"0 day ahead inc hosp","quantile",0.1,1999,"COVID-19"
"DE-NW","00+",2022-02-20,2022-02-20,"0 day ahead inc hosp","quantile",0.25,2183,"COVID-19"
"DE-NW","00+",2022-02-20,2022-02-20,"0 day ahead inc hosp","quantile",0.5,2419,"COVID-19"
"DE-NW","00+",2022-02-20,2022-02-20,"0 day ahead inc hosp","quantile",0.75,2690,"COVID-19"
"DE-NW","00+",2022-02-20,2022-02-20,"0 day ahead inc hosp","quantile",0.9,2965,"COVID-19"
"DE-NW","00+",2022-02-20,2022-02-20,"0 day ahead inc hosp","quantile",0.975,3310,"COVID-19"
"DE-NW","00+",2022-02-20,2022-02-19,"-1 day ahead inc hosp","mean",NA,2474,"COVID-19"
"DE-NW","00+",2022-02-20,2022-02-19,"-1 day ahead inc hosp","quantile",0.025,1849,"COVID-19"
"DE-NW","00+",2022-02-20,2022-02-19,"-1 day ahead inc hosp","quantile",0.1,2018,"COVID-19"
"DE-NW","00+",2022-02-20,2022-02-19,"-1 day ahead inc hosp","quantile",0.25,2198,"COVID-19"
"DE-NW","00+",2022-02-20,2022-02-19,"-1 day ahead inc hosp","quantile",0.5,2432,"COVID-19"
"DE-NW","00+",2022-02-20,2022-02-19,"-1 day ahead inc hosp","quantile",0.75,2705,"COVID-19"
"DE-NW","00+",2022-02-20,2022-02-19,"-1 day ahead inc hosp","quantile",0.9,2984,"COVID-19"
"DE-NW","00+",2022-02-20,2022-02-19,"-1 day ahead inc hosp","quantile",0.975,3337,"COVID-19"
"DE-NW","00+",2022-02-20,2022-02-18,"-2 day ahead inc hosp","mean",NA,2479,"COVID-19"
"DE-NW","00+",2022-02-20,2022-02-18,"-2 day ahead inc hosp","quantile",0.025,1916,"COVID-19"
"DE-NW","00+",2022-02-20,2022-02-18,"-2 day ahead inc hosp","quantile",0.1,2067,"COVID-19"
"DE-NW","00+",2022-02-20,2022-02-18,"-2 day ahead inc hosp","quantile",0.25,2228,"COVID-19"
"DE-NW","00+",2022-02-20,2022-02-18,"-2 day ahead inc hosp","quantile",0.5,2440,"COVID-19"
"DE-NW","00+",2022-02-20,2022-02-18,"-2 day ahead inc hosp","quantile",0.75,2687,"COVID-19"
"DE-NW","00+",2022-02-20,2022-02-18,"-2 day ahead inc hosp","quantile",0.9,2941,"COVID-19"
"DE-NW","00+",2022-02-20,2022-02-18,"-2 day ahead inc hosp","quantile",0.975,3263,"COVID-19"
"DE-NW","00+",2022-02-20,2022-02-17,"-3 day ahead inc hosp","mean",NA,2387,"COVID-19"
"DE-NW","00+",2022-02-20,2022-02-17,"-3 day ahead inc hosp","quantile",0.025,1922,"COVID-19"
"DE-NW","00+",2022-02-20,2022-02-17,"-3 day ahead inc hosp","quantile",0.1,2046,"COVID-19"
"DE-NW","00+",2022-02-20,2022-02-17,"-3 day ahead inc hosp","quantile",0.25,2180,"COVID-19"
"DE-NW","00+",2022-02-20,2022-02-17,"-3 day ahead inc hosp","quantile",0.5,2355,"COVID-19"
"DE-NW","00+",2022-02-20,2022-02-17,"-3 day ahead inc hosp","quantile",0.75,2559,"COVID-19"
"DE-NW","00+",2022-02-20,2022-02-17,"-3 day ahead inc hosp","quantile",0.9,2771,"COVID-19"
"DE-NW","00+",2022-02-20,2022-02-17,"-3 day ahead inc hosp","quantile",0.975,3038,"COVID-19"
"DE-NW","00+",2022-02-20,2022-02-16,"-4 day ahead inc hosp","mean",NA,2353,"COVID-19"
"DE-NW","00+",2022-02-20,2022-02-16,"-4 day ahead inc hosp","quantile",0.025,1946,"COVID-19"
"DE-NW","00+",2022-02-20,2022-02-16,"-4 day ahead inc hosp","quantile",0.1,2053,"COVID-19"
"DE-NW","00+",2022-02-20,2022-02-16,"-4 day ahead inc hosp","quantile",0.25,2169,"COVID-19"
"DE-NW","00+",2022-02-20,2022-02-16,"-4 day ahead inc hosp","quantile",0.5,2323,"COVID-19"
"DE-NW","00+",2022-02-20,2022-02-16,"-4 day ahead inc hosp","quantile",0.75,2505,"COVID-19"
"DE-NW","00+",2022-02-20,2022-02-16,"-4 day ahead inc hosp","quantile",0.9,2694,"COVID-19"
"DE-NW","00+",2022-02-20,2022-02-16,"-4 day ahead inc hosp","quantile",0.975,2936,"COVID-19"
"DE-NW","00+",2022-02-20,2022-02-15,"-5 day ahead inc hosp","mean",NA,2384,"COVID-19"
"DE-NW","00+",2022-02-20,2022-02-15,"-5 day ahead inc hosp","quantile",0.025,2022,"COVID-19"
"DE-NW","00+",2022-02-20,2022-02-15,"-5 day ahead inc hosp","quantile",0.1,2115,"COVID-19"
"DE-NW","00+",2022-02-20,2022-02-15,"-5 day ahead inc hosp","quantile",0.25,2217,"COVID-19"
"DE-NW","00+",2022-02-20,2022-02-15,"-5 day ahead inc hosp","quantile",0.5,2354,"COVID-19"
"DE-NW","00+",2022-02-20,2022-02-15,"-5 day ahead inc hosp","quantile",0.75,2518,"COVID-19"
"DE-NW","00+",2022-02-20,2022-02-15,"-5 day ahead inc hosp","quantile",0.9,2691,"COVID-19"
"DE-NW","00+",2022-02-20,2022-02-15,"-5 day ahead inc hosp","quantile",0.975,2912,"COVID-19"
"DE-NW","00+",2022-02-20,2022-02-14,"-6 day ahead inc hosp","mean",NA,2337,"COVID-19"
"DE-NW","00+",2022-02-20,2022-02-14,"-6 day ahead inc hosp","quantile",0.025,2022,"COVID-19"
"DE-NW","00+",2022-02-20,2022-02-14,"-6 day ahead inc hosp","quantile",0.1,2100,"COVID-19"
"DE-NW","00+",2022-02-20,2022-02-14,"-6 day ahead inc hosp","quantile",0.25,2188,"COVID-19"
"DE-NW","00+",2022-02-20,2022-02-14,"-6 day ahead inc hosp","quantile",0.5,2308,"COVID-19"
"DE-NW","00+",2022-02-20,2022-02-14,"-6 day ahead inc hosp","quantile",0.75,2455,"COVID-19"
"DE-NW","00+",2022-02-20,2022-02-14,"-6 day ahead inc hosp","quantile",0.9,2611,"COVID-19"
"DE-NW","00+",2022-02-20,2022-02-14,"-6 day ahead inc hosp","quantile",0.975,2813,"COVID-19"
"DE-NW","00+",2022-02-20,2022-02-13,"-7 day ahead inc hosp","mean",NA,2366,"COVID-19"
"DE-NW","00+",2022-02-20,2022-02-13,"-7 day ahead inc hosp","quantile",0.025,2051,"COVID-19"
"DE-NW","00+",2022-02-20,2022-02-13,"-7 day ahead inc hosp","quantile",0.1,2126,"COVID-19"
"DE-NW","00+",2022-02-20,2022-02-13,"-7 day ahead inc hosp","quantile",0.25,2213,"COVID-19"
"DE-NW","00+",2022-02-20,2022-02-13,"-7 day ahead inc hosp","quantile",0.5,2335,"COVID-19"
"DE-NW","00+",2022-02-20,2022-02-13,"-7 day ahead inc hosp","quantile",0.75,2485,"COVID-19"
"DE-NW","00+",2022-02-20,2022-02-13,"-7 day ahead inc hosp","quantile",0.9,2647,"COVID-19"
"DE-NW","00+",2022-02-20,2022-02-13,"-7 day ahead inc hosp","quantile",0.975,2859,"COVID-19"
"DE-NW","00+",2022-02-20,2022-02-12,"-8 day ahead inc hosp","mean",NA,2379,"COVID-19"
"DE-NW","00+",2022-02-20,2022-02-12,"-8 day ahead inc hosp","quantile",0.025,2074,"COVID-19"
"DE-NW","00+",2022-02-20,2022-02-12,"-8 day ahead inc hosp","quantile",0.1,2144,"COVID-19"
"DE-NW","00+",2022-02-20,2022-02-12,"-8 day ahead inc hosp","quantile",0.25,2227,"COVID-19"
"DE-NW","00+",2022-02-20,2022-02-12,"-8 day ahead inc hosp","quantile",0.5,2346,"COVID-19"
"DE-NW","00+",2022-02-20,2022-02-12,"-8 day ahead inc hosp","quantile",0.75,2495,"COVID-19"
"DE-NW","00+",2022-02-20,2022-02-12,"-8 day ahead inc hosp","quantile",0.9,2657,"COVID-19"
"DE-NW","00+",2022-02-20,2022-02-12,"-8 day ahead inc hosp","quantile",0.975,2871,"COVID-19"
"DE-NW","00+",2022-02-20,2022-02-11,"-9 day ahead inc hosp","mean",NA,2407,"COVID-19"
"DE-NW","00+",2022-02-20,2022-02-11,"-9 day ahead inc hosp","quantile",0.025,2128,"COVID-19"
"DE-NW","00+",2022-02-20,2022-02-11,"-9 day ahead inc hosp","quantile",0.1,2190,"COVID-19"
"DE-NW","00+",2022-02-20,2022-02-11,"-9 day ahead inc hosp","quantile",0.25,2266,"COVID-19"
"DE-NW","00+",2022-02-20,2022-02-11,"-9 day ahead inc hosp","quantile",0.5,2375,"COVID-19"
"DE-NW","00+",2022-02-20,2022-02-11,"-9 day ahead inc hosp","quantile",0.75,2514,"COVID-19"
"DE-NW","00+",2022-02-20,2022-02-11,"-9 day ahead inc hosp","quantile",0.9,2665,"COVID-19"
"DE-NW","00+",2022-02-20,2022-02-11,"-9 day ahead inc hosp","quantile",0.975,2866,"COVID-19"
"DE-NW","00+",2022-02-20,2022-02-10,"-10 day ahead inc hosp","mean",NA,2405,"COVID-19"
"DE-NW","00+",2022-02-20,2022-02-10,"-10 day ahead inc hosp","quantile",0.025,2153,"COVID-19"
"DE-NW","00+",2022-02-20,2022-02-10,"-10 day ahead inc hosp","quantile",0.1,2208,"COVID-19"
"DE-NW","00+",2022-02-20,2022-02-10,"-10 day ahead inc hosp","quantile",0.25,2276,"COVID-19"
"DE-NW","00+",2022-02-20,2022-02-10,"-10 day ahead inc hosp","quantile",0.5,2375,"COVID-19"
"DE-NW","00+",2022-02-20,2022-02-10,"-10 day ahead inc hosp","quantile",0.75,2502,"COVID-19"
"DE-NW","00+",2022-02-20,2022-02-10,"-10 day ahead inc hosp","quantile",0.9,2641,"COVID-19"
"DE-NW","00+",2022-02-20,2022-02-10,"-10 day ahead inc hosp","quantile",0.975,2828,"COVID-19"
"DE-NW","00+",2022-02-20,2022-02-09,"-11 day ahead inc hosp","mean",NA,2396,"COVID-19"
"DE-NW","00+",2022-02-20,2022-02-09,"-11 day ahead inc hosp","quantile",0.025,2173,"COVID-19"
"DE-NW","00+",2022-02-20,2022-02-09,"-11 day ahead inc hosp","quantile",0.1,2221,"COVID-19"
"DE-NW","00+",2022-02-20,2022-02-09,"-11 day ahead inc hosp","quantile",0.25,2281,"COVID-19"
"DE-NW","00+",2022-02-20,2022-02-09,"-11 day ahead inc hosp","quantile",0.5,2369,"COVID-19"
"DE-NW","00+",2022-02-20,2022-02-09,"-11 day ahead inc hosp","quantile",0.75,2482,"COVID-19"
"DE-NW","00+",2022-02-20,2022-02-09,"-11 day ahead inc hosp","quantile",0.9,2607,"COVID-19"
"DE-NW","00+",2022-02-20,2022-02-09,"-11 day ahead inc hosp","quantile",0.975,2775,"COVID-19"
"DE-NW","00+",2022-02-20,2022-02-08,"-12 day ahead inc hosp","mean",NA,2310,"COVID-19"
"DE-NW","00+",2022-02-20,2022-02-08,"-12 day ahead inc hosp","quantile",0.025,2121,"COVID-19"
"DE-NW","00+",2022-02-20,2022-02-08,"-12 day ahead inc hosp","quantile",0.1,2161,"COVID-19"
"DE-NW","00+",2022-02-20,2022-02-08,"-12 day ahead inc hosp","quantile",0.25,2211,"COVID-19"
"DE-NW","00+",2022-02-20,2022-02-08,"-12 day ahead inc hosp","quantile",0.5,2286,"COVID-19"
"DE-NW","00+",2022-02-20,2022-02-08,"-12 day ahead inc hosp","quantile",0.75,2383,"COVID-19"
"DE-NW","00+",2022-02-20,2022-02-08,"-12 day ahead inc hosp","quantile",0.9,2491,"COVID-19"
"DE-NW","00+",2022-02-20,2022-02-08,"-12 day ahead inc hosp","quantile",0.975,2637,"COVID-19"
"DE-NW","00+",2022-02-20,2022-02-07,"-13 day ahead inc hosp","mean",NA,2250,"COVID-19"
"DE-NW","00+",2022-02-20,2022-02-07,"-13 day ahead inc hosp","quantile",0.025,2088,"COVID-19"
"DE-NW","00+",2022-02-20,2022-02-07,"-13 day ahead inc hosp","quantile",0.1,2122,"COVID-19"
"DE-NW","00+",2022-02-20,2022-02-07,"-13 day ahead inc hosp","quantile",0.25,2165,"COVID-19"
"DE-NW","00+",2022-02-20,2022-02-07,"-13 day ahead inc hosp","quantile",0.5,2229,"COVID-19"
"DE-NW","00+",2022-02-20,2022-02-07,"-13 day ahead inc hosp","quantile",0.75,2312,"COVID-19"
"DE-NW","00+",2022-02-20,2022-02-07,"-13 day ahead inc hosp","quantile",0.9,2406,"COVID-19"
"DE-NW","00+",2022-02-20,2022-02-07,"-13 day ahead inc hosp","quantile",0.975,2532,"COVID-19"
"DE-NW","00+",2022-02-20,2022-02-06,"-14 day ahead inc hosp","mean",NA,2242,"COVID-19"
"DE-NW","00+",2022-02-20,2022-02-06,"-14 day ahead inc hosp","quantile",0.025,2090,"COVID-19"
"DE-NW","00+",2022-02-20,2022-02-06,"-14 day ahead inc hosp","quantile",0.1,2122,"COVID-19"
"DE-NW","00+",2022-02-20,2022-02-06,"-14 day ahead inc hosp","quantile",0.25,2162,"COVID-19"
"DE-NW","00+",2022-02-20,2022-02-06,"-14 day ahead inc hosp","quantile",0.5,2222,"COVID-19"
"DE-NW","00+",2022-02-20,2022-02-06,"-14 day ahead inc hosp","quantile",0.75,2300,"COVID-19"
"DE-NW","00+",2022-02-20,2022-02-06,"-14 day ahead inc hosp","quantile",0.9,2386,"COVID-19"
"DE-NW","00+",2022-02-20,2022-02-06,"-14 day ahead inc hosp","quantile",0.975,2503,"COVID-19"
"DE-NW","00+",2022-02-20,2022-02-05,"-15 day ahead inc hosp","mean",NA,2193,"COVID-19"
"DE-NW","00+",2022-02-20,2022-02-05,"-15 day ahead inc hosp","quantile",0.025,2056,"COVID-19"
"DE-NW","00+",2022-02-20,2022-02-05,"-15 day ahead inc hosp","quantile",0.1,2085,"COVID-19"
"DE-NW","00+",2022-02-20,2022-02-05,"-15 day ahead inc hosp","quantile",0.25,2122,"COVID-19"
"DE-NW","00+",2022-02-20,2022-02-05,"-15 day ahead inc hosp","quantile",0.5,2176,"COVID-19"
"DE-NW","00+",2022-02-20,2022-02-05,"-15 day ahead inc hosp","quantile",0.75,2246,"COVID-19"
"DE-NW","00+",2022-02-20,2022-02-05,"-15 day ahead inc hosp","quantile",0.9,2323,"COVID-19"
"DE-NW","00+",2022-02-20,2022-02-05,"-15 day ahead inc hosp","quantile",0.975,2427,"COVID-19"
"DE-NW","00+",2022-02-20,2022-02-04,"-16 day ahead inc hosp","mean",NA,2104,"COVID-19"
"DE-NW","00+",2022-02-20,2022-02-04,"-16 day ahead inc hosp","quantile",0.025,1985,"COVID-19"
"DE-NW","00+",2022-02-20,2022-02-04,"-16 day ahead inc hosp","quantile",0.1,2011,"COVID-19"
"DE-NW","00+",2022-02-20,2022-02-04,"-16 day ahead inc hosp","quantile",0.25,2043,"COVID-19"
"DE-NW","00+",2022-02-20,2022-02-04,"-16 day ahead inc hosp","quantile",0.5,2089,"COVID-19"
"DE-NW","00+",2022-02-20,2022-02-04,"-16 day ahead inc hosp","quantile",0.75,2149,"COVID-19"
"DE-NW","00+",2022-02-20,2022-02-04,"-16 day ahead inc hosp","quantile",0.9,2215,"COVID-19"
"DE-NW","00+",2022-02-20,2022-02-04,"-16 day ahead inc hosp","quantile",0.975,2304,"COVID-19"
"DE-NW","00+",2022-02-20,2022-02-03,"-17 day ahead inc hosp","mean",NA,2008,"COVID-19"
"DE-NW","00+",2022-02-20,2022-02-03,"-17 day ahead inc hosp","quantile",0.025,1907,"COVID-19"
"DE-NW","00+",2022-02-20,2022-02-03,"-17 day ahead inc hosp","quantile",0.1,1929,"COVID-19"
"DE-NW","00+",2022-02-20,2022-02-03,"-17 day ahead inc hosp","quantile",0.25,1957,"COVID-19"
"DE-NW","00+",2022-02-20,2022-02-03,"-17 day ahead inc hosp","quantile",0.5,1996,"COVID-19"
"DE-NW","00+",2022-02-20,2022-02-03,"-17 day ahead inc hosp","quantile",0.75,2047,"COVID-19"
"DE-NW","00+",2022-02-20,2022-02-03,"-17 day ahead inc hosp","quantile",0.9,2103,"COVID-19"
"DE-NW","00+",2022-02-20,2022-02-03,"-17 day ahead inc hosp","quantile",0.975,2178,"COVID-19"
"DE-NW","00+",2022-02-20,2022-02-02,"-18 day ahead inc hosp","mean",NA,1922,"COVID-19"
"DE-NW","00+",2022-02-20,2022-02-02,"-18 day ahead inc hosp","quantile",0.025,1837,"COVID-19"
"DE-NW","00+",2022-02-20,2022-02-02,"-18 day ahead inc hosp","quantile",0.1,1856,"COVID-19"
"DE-NW","00+",2022-02-20,2022-02-02,"-18 day ahead inc hosp","quantile",0.25,1878,"COVID-19"
"DE-NW","00+",2022-02-20,2022-02-02,"-18 day ahead inc hosp","quantile",0.5,1912,"COVID-19"
"DE-NW","00+",2022-02-20,2022-02-02,"-18 day ahead inc hosp","quantile",0.75,1954,"COVID-19"
"DE-NW","00+",2022-02-20,2022-02-02,"-18 day ahead inc hosp","quantile",0.9,2000,"COVID-19"
"DE-NW","00+",2022-02-20,2022-02-02,"-18 day ahead inc hosp","quantile",0.975,2063,"COVID-19"
"DE-NW","00+",2022-02-20,2022-02-01,"-19 day ahead inc hosp","mean",NA,1870,"COVID-19"
"DE-NW","00+",2022-02-20,2022-02-01,"-19 day ahead inc hosp","quantile",0.025,1799,"COVID-19"
"DE-NW","00+",2022-02-20,2022-02-01,"-19 day ahead inc hosp","quantile",0.1,1814,"COVID-19"
"DE-NW","00+",2022-02-20,2022-02-01,"-19 day ahead inc hosp","quantile",0.25,1834,"COVID-19"
"DE-NW","00+",2022-02-20,2022-02-01,"-19 day ahead inc hosp","quantile",0.5,1861,"COVID-19"
"DE-NW","00+",2022-02-20,2022-02-01,"-19 day ahead inc hosp","quantile",0.75,1897,"COVID-19"
"DE-NW","00+",2022-02-20,2022-02-01,"-19 day ahead inc hosp","quantile",0.9,1936,"COVID-19"
"DE-NW","00+",2022-02-20,2022-02-01,"-19 day ahead inc hosp","quantile",0.975,1988,"COVID-19"
"DE-NW","00+",2022-02-20,2022-01-31,"-20 day ahead inc hosp","mean",NA,1825,"COVID-19"
"DE-NW","00+",2022-02-20,2022-01-31,"-20 day ahead inc hosp","quantile",0.025,1764,"COVID-19"
"DE-NW","00+",2022-02-20,2022-01-31,"-20 day ahead inc hosp","quantile",0.1,1777,"COVID-19"
"DE-NW","00+",2022-02-20,2022-01-31,"-20 day ahead inc hosp","quantile",0.25,1794,"COVID-19"
"DE-NW","00+",2022-02-20,2022-01-31,"-20 day ahead inc hosp","quantile",0.5,1818,"COVID-19"
"DE-NW","00+",2022-02-20,2022-01-31,"-20 day ahead inc hosp","quantile",0.75,1848,"COVID-19"
"DE-NW","00+",2022-02-20,2022-01-31,"-20 day ahead inc hosp","quantile",0.9,1882,"COVID-19"
"DE-NW","00+",2022-02-20,2022-01-31,"-20 day ahead inc hosp","quantile",0.975,1926,"COVID-19"
"DE-NW","00+",2022-02-20,2022-01-30,"-21 day ahead inc hosp","mean",NA,1829,"COVID-19"
"DE-NW","00+",2022-02-20,2022-01-30,"-21 day ahead inc hosp","quantile",0.025,1772,"COVID-19"
"DE-NW","00+",2022-02-20,2022-01-30,"-21 day ahead inc hosp","quantile",0.1,1784,"COVID-19"
"DE-NW","00+",2022-02-20,2022-01-30,"-21 day ahead inc hosp","quantile",0.25,1800,"COVID-19"
"DE-NW","00+",2022-02-20,2022-01-30,"-21 day ahead inc hosp","quantile",0.5,1822,"COVID-19"
"DE-NW","00+",2022-02-20,2022-01-30,"-21 day ahead inc hosp","quantile",0.75,1850,"COVID-19"
"DE-NW","00+",2022-02-20,2022-01-30,"-21 day ahead inc hosp","quantile",0.9,1882,"COVID-19"
"DE-NW","00+",2022-02-20,2022-01-30,"-21 day ahead inc hosp","quantile",0.975,1923,"COVID-19"
"DE-NW","00+",2022-02-20,2022-01-29,"-22 day ahead inc hosp","mean",NA,1776,"COVID-19"
"DE-NW","00+",2022-02-20,2022-01-29,"-22 day ahead inc hosp","quantile",0.025,1723,"COVID-19"
"DE-NW","00+",2022-02-20,2022-01-29,"-22 day ahead inc hosp","quantile",0.1,1734,"COVID-19"
"DE-NW","00+",2022-02-20,2022-01-29,"-22 day ahead inc hosp","quantile",0.25,1749,"COVID-19"
"DE-NW","00+",2022-02-20,2022-01-29,"-22 day ahead inc hosp","quantile",0.5,1769,"COVID-19"
"DE-NW","00+",2022-02-20,2022-01-29,"-22 day ahead inc hosp","quantile",0.75,1796,"COVID-19"
"DE-NW","00+",2022-02-20,2022-01-29,"-22 day ahead inc hosp","quantile",0.9,1826,"COVID-19"
"DE-NW","00+",2022-02-20,2022-01-29,"-22 day ahead inc hosp","quantile",0.975,1865,"COVID-19"
"DE-NW","00+",2022-02-20,2022-01-28,"-23 day ahead inc hosp","mean",NA,1787,"COVID-19"
"DE-NW","00+",2022-02-20,2022-01-28,"-23 day ahead inc hosp","quantile",0.025,1738,"COVID-19"
"DE-NW","00+",2022-02-20,2022-01-28,"-23 day ahead inc hosp","quantile",0.1,1748,"COVID-19"
"DE-NW","00+",2022-02-20,2022-01-28,"-23 day ahead inc hosp","quantile",0.25,1761,"COVID-19"
"DE-NW","00+",2022-02-20,2022-01-28,"-23 day ahead inc hosp","quantile",0.5,1781,"COVID-19"
"DE-NW","00+",2022-02-20,2022-01-28,"-23 day ahead inc hosp","quantile",0.75,1806,"COVID-19"
"DE-NW","00+",2022-02-20,2022-01-28,"-23 day ahead inc hosp","quantile",0.9,1835,"COVID-19"
"DE-NW","00+",2022-02-20,2022-01-28,"-23 day ahead inc hosp","quantile",0.975,1875,"COVID-19"
"DE-NW","00+",2022-02-20,2022-01-27,"-24 day ahead inc hosp","mean",NA,1708,"COVID-19"
"DE-NW","00+",2022-02-20,2022-01-27,"-24 day ahead inc hosp","quantile",0.025,1663,"COVID-19"
"DE-NW","00+",2022-02-20,2022-01-27,"-24 day ahead inc hosp","quantile",0.1,1672,"COVID-19"
"DE-NW","00+",2022-02-20,2022-01-27,"-24 day ahead inc hosp","quantile",0.25,1684,"COVID-19"
"DE-NW","00+",2022-02-20,2022-01-27,"-24 day ahead inc hosp","quantile",0.5,1701,"COVID-19"
"DE-NW","00+",2022-02-20,2022-01-27,"-24 day ahead inc hosp","quantile",0.75,1725,"COVID-19"
"DE-NW","00+",2022-02-20,2022-01-27,"-24 day ahead inc hosp","quantile",0.9,1751,"COVID-19"
"DE-NW","00+",2022-02-20,2022-01-27,"-24 day ahead inc hosp","quantile",0.975,1787,"COVID-19"
"DE-NW","00+",2022-02-20,2022-01-26,"-25 day ahead inc hosp","mean",NA,1681,"COVID-19"
"DE-NW","00+",2022-02-20,2022-01-26,"-25 day ahead inc hosp","quantile",0.025,1641,"COVID-19"
"DE-NW","00+",2022-02-20,2022-01-26,"-25 day ahead inc hosp","quantile",0.1,1649,"COVID-19"
"DE-NW","00+",2022-02-20,2022-01-26,"-25 day ahead inc hosp","quantile",0.25,1659,"COVID-19"
"DE-NW","00+",2022-02-20,2022-01-26,"-25 day ahead inc hosp","quantile",0.5,1675,"COVID-19"
"DE-NW","00+",2022-02-20,2022-01-26,"-25 day ahead inc hosp","quantile",0.75,1696,"COVID-19"
"DE-NW","00+",2022-02-20,2022-01-26,"-25 day ahead inc hosp","quantile",0.9,1720,"COVID-19"
"DE-NW","00+",2022-02-20,2022-01-26,"-25 day ahead inc hosp","quantile",0.975,1752,"COVID-19"
"DE-NW","00+",2022-02-20,2022-01-25,"-26 day ahead inc hosp","mean",NA,1611,"COVID-19"
"DE-NW","00+",2022-02-20,2022-01-25,"-26 day ahead inc hosp","quantile",0.025,1576,"COVID-19"
"DE-NW","00+",2022-02-20,2022-01-25,"-26 day ahead inc hosp","quantile",0.1,1583,"COVID-19"
"DE-NW","00+",2022-02-20,2022-01-25,"-26 day ahead inc hosp","quantile",0.25,1592,"COVID-19"
"DE-NW","00+",2022-02-20,2022-01-25,"-26 day ahead inc hosp","quantile",0.5,1606,"COVID-19"
"DE-NW","00+",2022-02-20,2022-01-25,"-26 day ahead inc hosp","quantile",0.75,1624,"COVID-19"
"DE-NW","00+",2022-02-20,2022-01-25,"-26 day ahead inc hosp","quantile",0.9,1645,"COVID-19"
"DE-NW","00+",2022-02-20,2022-01-25,"-26 day ahead inc hosp","quantile",0.975,1673,"COVID-19"
"DE-NW","00+",2022-02-20,2022-01-24,"-27 day ahead inc hosp","mean",NA,1562,"COVID-19"
"DE-NW","00+",2022-02-20,2022-01-24,"-27 day ahead inc hosp","quantile",0.025,1531,"COVID-19"
"DE-NW","00+",2022-02-20,2022-01-24,"-27 day ahead inc hosp","quantile",0.1,1537,"COVID-19"
"DE-NW","00+",2022-02-20,2022-01-24,"-27 day ahead inc hosp","quantile",0.25,1545,"COVID-19"
"DE-NW","00+",2022-02-20,2022-01-24,"-27 day ahead inc hosp","quantile",0.5,1558,"COVID-19"
"DE-NW","00+",2022-02-20,2022-01-24,"-27 day ahead inc hosp","quantile",0.75,1574,"COVID-19"
"DE-NW","00+",2022-02-20,2022-01-24,"-27 day ahead inc hosp","quantile",0.9,1593,"COVID-19"
"DE-NW","00+",2022-02-20,2022-01-24,"-27 day ahead inc hosp","quantile",0.975,1619,"COVID-19"
"DE-NW","00+",2022-02-20,2022-01-23,"-28 day ahead inc hosp","mean",NA,1483,"COVID-19"
"DE-NW","00+",2022-02-20,2022-01-23,"-28 day ahead inc hosp","quantile",0.025,1454,"COVID-19"
"DE-NW","00+",2022-02-20,2022-01-23,"-28 day ahead inc hosp","quantile",0.1,1459,"COVID-19"
"DE-NW","00+",2022-02-20,2022-01-23,"-28 day ahead inc hosp","quantile",0.25,1466,"COVID-19"
"DE-NW","00+",2022-02-20,2022-01-23,"-28 day ahead inc hosp","quantile",0.5,1478,"COVID-19"
"DE-NW","00+",2022-02-20,2022-01-23,"-28 day ahead inc hosp","quantile",0.75,1494,"COVID-19"
"DE-NW","00+",2022-02-20,2022-01-23,"-28 day ahead inc hosp","quantile",0.9,1512,"COVID-19"
"DE-NW","00+",2022-02-20,2022-01-23,"-28 day ahead inc hosp","quantile",0.975,1537,"COVID-19"
"DE-RP","00+",2022-02-20,2022-02-20,"0 day ahead inc hosp","mean",NA,523,"COVID-19"
"DE-RP","00+",2022-02-20,2022-02-20,"0 day ahead inc hosp","quantile",0.025,379,"COVID-19"
"DE-RP","00+",2022-02-20,2022-02-20,"0 day ahead inc hosp","quantile",0.1,417,"COVID-19"
"DE-RP","00+",2022-02-20,2022-02-20,"0 day ahead inc hosp","quantile",0.25,458,"COVID-19"
"DE-RP","00+",2022-02-20,2022-02-20,"0 day ahead inc hosp","quantile",0.5,512,"COVID-19"
"DE-RP","00+",2022-02-20,2022-02-20,"0 day ahead inc hosp","quantile",0.75,576,"COVID-19"
"DE-RP","00+",2022-02-20,2022-02-20,"0 day ahead inc hosp","quantile",0.9,642,"COVID-19"
"DE-RP","00+",2022-02-20,2022-02-20,"0 day ahead inc hosp","quantile",0.975,726,"COVID-19"
"DE-RP","00+",2022-02-20,2022-02-19,"-1 day ahead inc hosp","mean",NA,543,"COVID-19"
"DE-RP","00+",2022-02-20,2022-02-19,"-1 day ahead inc hosp","quantile",0.025,388,"COVID-19"
"DE-RP","00+",2022-02-20,2022-02-19,"-1 day ahead inc hosp","quantile",0.1,428,"COVID-19"
"DE-RP","00+",2022-02-20,2022-02-19,"-1 day ahead inc hosp","quantile",0.25,471,"COVID-19"
"DE-RP","00+",2022-02-20,2022-02-19,"-1 day ahead inc hosp","quantile",0.5,530,"COVID-19"
"DE-RP","00+",2022-02-20,2022-02-19,"-1 day ahead inc hosp","quantile",0.75,601,"COVID-19"
"DE-RP","00+",2022-02-20,2022-02-19,"-1 day ahead inc hosp","quantile",0.9,674,"COVID-19"
"DE-RP","00+",2022-02-20,2022-02-19,"-1 day ahead inc hosp","quantile",0.975,769,"COVID-19"
"DE-RP","00+",2022-02-20,2022-02-18,"-2 day ahead inc hosp","mean",NA,518,"COVID-19"
"DE-RP","00+",2022-02-20,2022-02-18,"-2 day ahead inc hosp","quantile",0.025,383,"COVID-19"
"DE-RP","00+",2022-02-20,2022-02-18,"-2 day ahead inc hosp","quantile",0.1,416,"COVID-19"
"DE-RP","00+",2022-02-20,2022-02-18,"-2 day ahead inc hosp","quantile",0.25,454,"COVID-19"
"DE-RP","00+",2022-02-20,2022-02-18,"-2 day ahead inc hosp","quantile",0.5,506,"COVID-19"
"DE-RP","00+",2022-02-20,2022-02-18,"-2 day ahead inc hosp","quantile",0.75,569,"COVID-19"
"DE-RP","00+",2022-02-20,2022-02-18,"-2 day ahead inc hosp","quantile",0.9,636,"COVID-19"
"DE-RP","00+",2022-02-20,2022-02-18,"-2 day ahead inc hosp","quantile",0.975,723,"COVID-19"
"DE-RP","00+",2022-02-20,2022-02-17,"-3 day ahead inc hosp","mean",NA,496,"COVID-19"
"DE-RP","00+",2022-02-20,2022-02-17,"-3 day ahead inc hosp","quantile",0.025,384,"COVID-19"
"DE-RP","00+",2022-02-20,2022-02-17,"-3 day ahead inc hosp","quantile",0.1,411,"COVID-19"
"DE-RP","00+",2022-02-20,2022-02-17,"-3 day ahead inc hosp","quantile",0.25,442,"COVID-19"
"DE-RP","00+",2022-02-20,2022-02-17,"-3 day ahead inc hosp","quantile",0.5,485,"COVID-19"
"DE-RP","00+",2022-02-20,2022-02-17,"-3 day ahead inc hosp","quantile",0.75,538,"COVID-19"
"DE-RP","00+",2022-02-20,2022-02-17,"-3 day ahead inc hosp","quantile",0.9,595,"COVID-19"
"DE-RP","00+",2022-02-20,2022-02-17,"-3 day ahead inc hosp","quantile",0.975,668,"COVID-19"
"DE-RP","00+",2022-02-20,2022-02-16,"-4 day ahead inc hosp","mean",NA,467,"COVID-19"
"DE-RP","00+",2022-02-20,2022-02-16,"-4 day ahead inc hosp","quantile",0.025,378,"COVID-19"
"DE-RP","00+",2022-02-20,2022-02-16,"-4 day ahead inc hosp","quantile",0.1,399,"COVID-19"
"DE-RP","00+",2022-02-20,2022-02-16,"-4 day ahead inc hosp","quantile",0.25,424,"COVID-19"
"DE-RP","00+",2022-02-20,2022-02-16,"-4 day ahead inc hosp","quantile",0.5,458,"COVID-19"
"DE-RP","00+",2022-02-20,2022-02-16,"-4 day ahead inc hosp","quantile",0.75,500,"COVID-19"
"DE-RP","00+",2022-02-20,2022-02-16,"-4 day ahead inc hosp","quantile",0.9,545,"COVID-19"
"DE-RP","00+",2022-02-20,2022-02-16,"-4 day ahead inc hosp","quantile",0.975,605,"COVID-19"
"DE-RP","00+",2022-02-20,2022-02-15,"-5 day ahead inc hosp","mean",NA,462,"COVID-19"
"DE-RP","00+",2022-02-20,2022-02-15,"-5 day ahead inc hosp","quantile",0.025,390,"COVID-19"
"DE-RP","00+",2022-02-20,2022-02-15,"-5 day ahead inc hosp","quantile",0.1,406,"COVID-19"
"DE-RP","00+",2022-02-20,2022-02-15,"-5 day ahead inc hosp","quantile",0.25,426,"COVID-19"
"DE-RP","00+",2022-02-20,2022-02-15,"-5 day ahead inc hosp","quantile",0.5,454,"COVID-19"
"DE-RP","00+",2022-02-20,2022-02-15,"-5 day ahead inc hosp","quantile",0.75,489,"COVID-19"
"DE-RP","00+",2022-02-20,2022-02-15,"-5 day ahead inc hosp","quantile",0.9,527,"COVID-19"
"DE-RP","00+",2022-02-20,2022-02-15,"-5 day ahead inc hosp","quantile",0.975,577,"COVID-19"
"DE-RP","00+",2022-02-20,2022-02-14,"-6 day ahead inc hosp","mean",NA,472,"COVID-19"
"DE-RP","00+",2022-02-20,2022-02-14,"-6 day ahead inc hosp","quantile",0.025,410,"COVID-19"
"DE-RP","00+",2022-02-20,2022-02-14,"-6 day ahead inc hosp","quantile",0.1,424,"COVID-19"
"DE-RP","00+",2022-02-20,2022-02-14,"-6 day ahead inc hosp","quantile",0.25,441,"COVID-19"
"DE-RP","00+",2022-02-20,2022-02-14,"-6 day ahead inc hosp","quantile",0.5,465,"COVID-19"
"DE-RP","00+",2022-02-20,2022-02-14,"-6 day ahead inc hosp","quantile",0.75,495,"COVID-19"
"DE-RP","00+",2022-02-20,2022-02-14,"-6 day ahead inc hosp","quantile",0.9,528,"COVID-19"
"DE-RP","00+",2022-02-20,2022-02-14,"-6 day ahead inc hosp","quantile",0.975,572,"COVID-19"
"DE-RP","00+",2022-02-20,2022-02-13,"-7 day ahead inc hosp","mean",NA,483,"COVID-19"
"DE-RP","00+",2022-02-20,2022-02-13,"-7 day ahead inc hosp","quantile",0.025,421,"COVID-19"
"DE-RP","00+",2022-02-20,2022-02-13,"-7 day ahead inc hosp","quantile",0.1,434,"COVID-19"
"DE-RP","00+",2022-02-20,2022-02-13,"-7 day ahead inc hosp","quantile",0.25,451,"COVID-19"
"DE-RP","00+",2022-02-20,2022-02-13,"-7 day ahead inc hosp","quantile",0.5,475,"COVID-19"
"DE-RP","00+",2022-02-20,2022-02-13,"-7 day ahead inc hosp","quantile",0.75,506,"COVID-19"
"DE-RP","00+",2022-02-20,2022-02-13,"-7 day ahead inc hosp","quantile",0.9,540,"COVID-19"
"DE-RP","00+",2022-02-20,2022-02-13,"-7 day ahead inc hosp","quantile",0.975,586,"COVID-19"
"DE-RP","00+",2022-02-20,2022-02-12,"-8 day ahead inc hosp","mean",NA,484,"COVID-19"
"DE-RP","00+",2022-02-20,2022-02-12,"-8 day ahead inc hosp","quantile",0.025,424,"COVID-19"
"DE-RP","00+",2022-02-20,2022-02-12,"-8 day ahead inc hosp","quantile",0.1,437,"COVID-19"
"DE-RP","00+",2022-02-20,2022-02-12,"-8 day ahead inc hosp","quantile",0.25,453,"COVID-19"
"DE-RP","00+",2022-02-20,2022-02-12,"-8 day ahead inc hosp","quantile",0.5,477,"COVID-19"
"DE-RP","00+",2022-02-20,2022-02-12,"-8 day ahead inc hosp","quantile",0.75,507,"COVID-19"
"DE-RP","00+",2022-02-20,2022-02-12,"-8 day ahead inc hosp","quantile",0.9,541,"COVID-19"
"DE-RP","00+",2022-02-20,2022-02-12,"-8 day ahead inc hosp","quantile",0.975,585,"COVID-19"
"DE-RP","00+",2022-02-20,2022-02-11,"-9 day ahead inc hosp","mean",NA,505,"COVID-19"
"DE-RP","00+",2022-02-20,2022-02-11,"-9 day ahead inc hosp","quantile",0.025,449,"COVID-19"
"DE-RP","00+",2022-02-20,2022-02-11,"-9 day ahead inc hosp","quantile",0.1,461,"COVID-19"
"DE-RP","00+",2022-02-20,2022-02-11,"-9 day ahead inc hosp","quantile",0.25,476,"COVID-19"
"DE-RP","00+",2022-02-20,2022-02-11,"-9 day ahead inc hosp","quantile",0.5,498,"COVID-19"
"DE-RP","00+",2022-02-20,2022-02-11,"-9 day ahead inc hosp","quantile",0.75,527,"COVID-19"
"DE-RP","00+",2022-02-20,2022-02-11,"-9 day ahead inc hosp","quantile",0.9,558,"COVID-19"
"DE-RP","00+",2022-02-20,2022-02-11,"-9 day ahead inc hosp","quantile",0.975,601,"COVID-19"
"DE-RP","00+",2022-02-20,2022-02-10,"-10 day ahead inc hosp","mean",NA,508,"COVID-19"
"DE-RP","00+",2022-02-20,2022-02-10,"-10 day ahead inc hosp","quantile",0.025,458,"COVID-19"
"DE-RP","00+",2022-02-20,2022-02-10,"-10 day ahead inc hosp","quantile",0.1,469,"COVID-19"
"DE-RP","00+",2022-02-20,2022-02-10,"-10 day ahead inc hosp","quantile",0.25,482,"COVID-19"
"DE-RP","00+",2022-02-20,2022-02-10,"-10 day ahead inc hosp","quantile",0.5,501,"COVID-19"
"DE-RP","00+",2022-02-20,2022-02-10,"-10 day ahead inc hosp","quantile",0.75,527,"COVID-19"
"DE-RP","00+",2022-02-20,2022-02-10,"-10 day ahead inc hosp","quantile",0.9,555,"COVID-19"
"DE-RP","00+",2022-02-20,2022-02-10,"-10 day ahead inc hosp","quantile",0.975,594,"COVID-19"
"DE-RP","00+",2022-02-20,2022-02-09,"-11 day ahead inc hosp","mean",NA,508,"COVID-19"
"DE-RP","00+",2022-02-20,2022-02-09,"-11 day ahead inc hosp","quantile",0.025,464,"COVID-19"
"DE-RP","00+",2022-02-20,2022-02-09,"-11 day ahead inc hosp","quantile",0.1,473,"COVID-19"
"DE-RP","00+",2022-02-20,2022-02-09,"-11 day ahead inc hosp","quantile",0.25,484,"COVID-19"
"DE-RP","00+",2022-02-20,2022-02-09,"-11 day ahead inc hosp","quantile",0.5,502,"COVID-19"
"DE-RP","00+",2022-02-20,2022-02-09,"-11 day ahead inc hosp","quantile",0.75,524,"COVID-19"
"DE-RP","00+",2022-02-20,2022-02-09,"-11 day ahead inc hosp","quantile",0.9,550,"COVID-19"
"DE-RP","00+",2022-02-20,2022-02-09,"-11 day ahead inc hosp","quantile",0.975,584,"COVID-19"
"DE-RP","00+",2022-02-20,2022-02-08,"-12 day ahead inc hosp","mean",NA,512,"COVID-19"
"DE-RP","00+",2022-02-20,2022-02-08,"-12 day ahead inc hosp","quantile",0.025,474,"COVID-19"
"DE-RP","00+",2022-02-20,2022-02-08,"-12 day ahead inc hosp","quantile",0.1,482,"COVID-19"
"DE-RP","00+",2022-02-20,2022-02-08,"-12 day ahead inc hosp","quantile",0.25,492,"COVID-19"
"DE-RP","00+",2022-02-20,2022-02-08,"-12 day ahead inc hosp","quantile",0.5,507,"COVID-19"
"DE-RP","00+",2022-02-20,2022-02-08,"-12 day ahead inc hosp","quantile",0.75,527,"COVID-19"
"DE-RP","00+",2022-02-20,2022-02-08,"-12 day ahead inc hosp","quantile",0.9,549,"COVID-19"
"DE-RP","00+",2022-02-20,2022-02-08,"-12 day ahead inc hosp","quantile",0.975,580,"COVID-19"
"DE-RP","00+",2022-02-20,2022-02-07,"-13 day ahead inc hosp","mean",NA,480,"COVID-19"
"DE-RP","00+",2022-02-20,2022-02-07,"-13 day ahead inc hosp","quantile",0.025,450,"COVID-19"
"DE-RP","00+",2022-02-20,2022-02-07,"-13 day ahead inc hosp","quantile",0.1,456,"COVID-19"
"DE-RP","00+",2022-02-20,2022-02-07,"-13 day ahead inc hosp","quantile",0.25,464,"COVID-19"
"DE-RP","00+",2022-02-20,2022-02-07,"-13 day ahead inc hosp","quantile",0.5,476,"COVID-19"
"DE-RP","00+",2022-02-20,2022-02-07,"-13 day ahead inc hosp","quantile",0.75,492,"COVID-19"
"DE-RP","00+",2022-02-20,2022-02-07,"-13 day ahead inc hosp","quantile",0.9,510,"COVID-19"
"DE-RP","00+",2022-02-20,2022-02-07,"-13 day ahead inc hosp","quantile",0.975,535,"COVID-19"
"DE-RP","00+",2022-02-20,2022-02-06,"-14 day ahead inc hosp","mean",NA,476,"COVID-19"
"DE-RP","00+",2022-02-20,2022-02-06,"-14 day ahead inc hosp","quantile",0.025,448,"COVID-19"
"DE-RP","00+",2022-02-20,2022-02-06,"-14 day ahead inc hosp","quantile",0.1,454,"COVID-19"
"DE-RP","00+",2022-02-20,2022-02-06,"-14 day ahead inc hosp","quantile",0.25,461,"COVID-19"
"DE-RP","00+",2022-02-20,2022-02-06,"-14 day ahead inc hosp","quantile",0.5,473,"COVID-19"
"DE-RP","00+",2022-02-20,2022-02-06,"-14 day ahead inc hosp","quantile",0.75,488,"COVID-19"
"DE-RP","00+",2022-02-20,2022-02-06,"-14 day ahead inc hosp","quantile",0.9,504,"COVID-19"
"DE-RP","00+",2022-02-20,2022-02-06,"-14 day ahead inc hosp","quantile",0.975,527,"COVID-19"
"DE-RP","00+",2022-02-20,2022-02-05,"-15 day ahead inc hosp","mean",NA,487,"COVID-19"
"DE-RP","00+",2022-02-20,2022-02-05,"-15 day ahead inc hosp","quantile",0.025,460,"COVID-19"
"DE-RP","00+",2022-02-20,2022-02-05,"-15 day ahead inc hosp","quantile",0.1,465,"COVID-19"
"DE-RP","00+",2022-02-20,2022-02-05,"-15 day ahead inc hosp","quantile",0.25,473,"COVID-19"
"DE-RP","00+",2022-02-20,2022-02-05,"-15 day ahead inc hosp","quantile",0.5,484,"COVID-19"
"DE-RP","00+",2022-02-20,2022-02-05,"-15 day ahead inc hosp","quantile",0.75,498,"COVID-19"
"DE-RP","00+",2022-02-20,2022-02-05,"-15 day ahead inc hosp","quantile",0.9,514,"COVID-19"
"DE-RP","00+",2022-02-20,2022-02-05,"-15 day ahead inc hosp","quantile",0.975,535,"COVID-19"
"DE-RP","00+",2022-02-20,2022-02-04,"-16 day ahead inc hosp","mean",NA,456,"COVID-19"
"DE-RP","00+",2022-02-20,2022-02-04,"-16 day ahead inc hosp","quantile",0.025,434,"COVID-19"
"DE-RP","00+",2022-02-20,2022-02-04,"-16 day ahead inc hosp","quantile",0.1,439,"COVID-19"
"DE-RP","00+",2022-02-20,2022-02-04,"-16 day ahead inc hosp","quantile",0.25,445,"COVID-19"
"DE-RP","00+",2022-02-20,2022-02-04,"-16 day ahead inc hosp","quantile",0.5,454,"COVID-19"
"DE-RP","00+",2022-02-20,2022-02-04,"-16 day ahead inc hosp","quantile",0.75,465,"COVID-19"
"DE-RP","00+",2022-02-20,2022-02-04,"-16 day ahead inc hosp","quantile",0.9,477,"COVID-19"
"DE-RP","00+",2022-02-20,2022-02-04,"-16 day ahead inc hosp","quantile",0.975,494,"COVID-19"
"DE-RP","00+",2022-02-20,2022-02-03,"-17 day ahead inc hosp","mean",NA,429,"COVID-19"
"DE-RP","00+",2022-02-20,2022-02-03,"-17 day ahead inc hosp","quantile",0.025,410,"COVID-19"
"DE-RP","00+",2022-02-20,2022-02-03,"-17 day ahead inc hosp","quantile",0.1,414,"COVID-19"
"DE-RP","00+",2022-02-20,2022-02-03,"-17 day ahead inc hosp","quantile",0.25,419,"COVID-19"
"DE-RP","00+",2022-02-20,2022-02-03,"-17 day ahead inc hosp","quantile",0.5,427,"COVID-19"
"DE-RP","00+",2022-02-20,2022-02-03,"-17 day ahead inc hosp","quantile",0.75,436,"COVID-19"
"DE-RP","00+",2022-02-20,2022-02-03,"-17 day ahead inc hosp","quantile",0.9,446,"COVID-19"
"DE-RP","00+",2022-02-20,2022-02-03,"-17 day ahead inc hosp","quantile",0.975,459,"COVID-19"
"DE-RP","00+",2022-02-20,2022-02-02,"-18 day ahead inc hosp","mean",NA,399,"COVID-19"
"DE-RP","00+",2022-02-20,2022-02-02,"-18 day ahead inc hosp","quantile",0.025,384,"COVID-19"
"DE-RP","00+",2022-02-20,2022-02-02,"-18 day ahead inc hosp","quantile",0.1,388,"COVID-19"
"DE-RP","00+",2022-02-20,2022-02-02,"-18 day ahead inc hosp","quantile",0.25,392,"COVID-19"
"DE-RP","00+",2022-02-20,2022-02-02,"-18 day ahead inc hosp","quantile",0.5,398,"COVID-19"
"DE-RP","00+",2022-02-20,2022-02-02,"-18 day ahead inc hosp","quantile",0.75,405,"COVID-19"
"DE-RP","00+",2022-02-20,2022-02-02,"-18 day ahead inc hosp","quantile",0.9,413,"COVID-19"
"DE-RP","00+",2022-02-20,2022-02-02,"-18 day ahead inc hosp","quantile",0.975,423,"COVID-19"
"DE-RP","00+",2022-02-20,2022-02-01,"-19 day ahead inc hosp","mean",NA,384,"COVID-19"
"DE-RP","00+",2022-02-20,2022-02-01,"-19 day ahead inc hosp","quantile",0.025,372,"COVID-19"
"DE-RP","00+",2022-02-20,2022-02-01,"-19 day ahead inc hosp","quantile",0.1,375,"COVID-19"
"DE-RP","00+",2022-02-20,2022-02-01,"-19 day ahead inc hosp","quantile",0.25,378,"COVID-19"
"DE-RP","00+",2022-02-20,2022-02-01,"-19 day ahead inc hosp","quantile",0.5,383,"COVID-19"
"DE-RP","00+",2022-02-20,2022-02-01,"-19 day ahead inc hosp","quantile",0.75,388,"COVID-19"
"DE-RP","00+",2022-02-20,2022-02-01,"-19 day ahead inc hosp","quantile",0.9,394,"COVID-19"
"DE-RP","00+",2022-02-20,2022-02-01,"-19 day ahead inc hosp","quantile",0.975,402,"COVID-19"
"DE-RP","00+",2022-02-20,2022-01-31,"-20 day ahead inc hosp","mean",NA,374,"COVID-19"
"DE-RP","00+",2022-02-20,2022-01-31,"-20 day ahead inc hosp","quantile",0.025,364,"COVID-19"
"DE-RP","00+",2022-02-20,2022-01-31,"-20 day ahead inc hosp","quantile",0.1,367,"COVID-19"
"DE-RP","00+",2022-02-20,2022-01-31,"-20 day ahead inc hosp","quantile",0.25,369,"COVID-19"
"DE-RP","00+",2022-02-20,2022-01-31,"-20 day ahead inc hosp","quantile",0.5,373,"COVID-19"
"DE-RP","00+",2022-02-20,2022-01-31,"-20 day ahead inc hosp","quantile",0.75,378,"COVID-19"
"DE-RP","00+",2022-02-20,2022-01-31,"-20 day ahead inc hosp","quantile",0.9,383,"COVID-19"
"DE-RP","00+",2022-02-20,2022-01-31,"-20 day ahead inc hosp","quantile",0.975,390,"COVID-19"
"DE-RP","00+",2022-02-20,2022-01-30,"-21 day ahead inc hosp","mean",NA,381,"COVID-19"
"DE-RP","00+",2022-02-20,2022-01-30,"-21 day ahead inc hosp","quantile",0.025,371,"COVID-19"
"DE-RP","00+",2022-02-20,2022-01-30,"-21 day ahead inc hosp","quantile",0.1,373,"COVID-19"
"DE-RP","00+",2022-02-20,2022-01-30,"-21 day ahead inc hosp","quantile",0.25,376,"COVID-19"
"DE-RP","00+",2022-02-20,2022-01-30,"-21 day ahead inc hosp","quantile",0.5,380,"COVID-19"
"DE-RP","00+",2022-02-20,2022-01-30,"-21 day ahead inc hosp","quantile",0.75,384,"COVID-19"
"DE-RP","00+",2022-02-20,2022-01-30,"-21 day ahead inc hosp","quantile",0.9,390,"COVID-19"
"DE-RP","00+",2022-02-20,2022-01-30,"-21 day ahead inc hosp","quantile",0.975,396,"COVID-19"
"DE-RP","00+",2022-02-20,2022-01-29,"-22 day ahead inc hosp","mean",NA,376,"COVID-19"
"DE-RP","00+",2022-02-20,2022-01-29,"-22 day ahead inc hosp","quantile",0.025,367,"COVID-19"
"DE-RP","00+",2022-02-20,2022-01-29,"-22 day ahead inc hosp","quantile",0.1,369,"COVID-19"
"DE-RP","00+",2022-02-20,2022-01-29,"-22 day ahead inc hosp","quantile",0.25,371,"COVID-19"
"DE-RP","00+",2022-02-20,2022-01-29,"-22 day ahead inc hosp","quantile",0.5,375,"COVID-19"
"DE-RP","00+",2022-02-20,2022-01-29,"-22 day ahead inc hosp","quantile",0.75,379,"COVID-19"
"DE-RP","00+",2022-02-20,2022-01-29,"-22 day ahead inc hosp","quantile",0.9,384,"COVID-19"
"DE-RP","00+",2022-02-20,2022-01-29,"-22 day ahead inc hosp","quantile",0.975,391,"COVID-19"
"DE-RP","00+",2022-02-20,2022-01-28,"-23 day ahead inc hosp","mean",NA,369,"COVID-19"
"DE-RP","00+",2022-02-20,2022-01-28,"-23 day ahead inc hosp","quantile",0.025,361,"COVID-19"
"DE-RP","00+",2022-02-20,2022-01-28,"-23 day ahead inc hosp","quantile",0.1,363,"COVID-19"
"DE-RP","00+",2022-02-20,2022-01-28,"-23 day ahead inc hosp","quantile",0.25,365,"COVID-19"
"DE-RP","00+",2022-02-20,2022-01-28,"-23 day ahead inc hosp","quantile",0.5,369,"COVID-19"
"DE-RP","00+",2022-02-20,2022-01-28,"-23 day ahead inc hosp","quantile",0.75,373,"COVID-19"
"DE-RP","00+",2022-02-20,2022-01-28,"-23 day ahead inc hosp","quantile",0.9,377,"COVID-19"
"DE-RP","00+",2022-02-20,2022-01-28,"-23 day ahead inc hosp","quantile",0.975,383,"COVID-19"
"DE-RP","00+",2022-02-20,2022-01-27,"-24 day ahead inc hosp","mean",NA,372,"COVID-19"
"DE-RP","00+",2022-02-20,2022-01-27,"-24 day ahead inc hosp","quantile",0.025,365,"COVID-19"
"DE-RP","00+",2022-02-20,2022-01-27,"-24 day ahead inc hosp","quantile",0.1,366,"COVID-19"
"DE-RP","00+",2022-02-20,2022-01-27,"-24 day ahead inc hosp","quantile",0.25,368,"COVID-19"
"DE-RP","00+",2022-02-20,2022-01-27,"-24 day ahead inc hosp","quantile",0.5,371,"COVID-19"
"DE-RP","00+",2022-02-20,2022-01-27,"-24 day ahead inc hosp","quantile",0.75,375,"COVID-19"
"DE-RP","00+",2022-02-20,2022-01-27,"-24 day ahead inc hosp","quantile",0.9,380,"COVID-19"
"DE-RP","00+",2022-02-20,2022-01-27,"-24 day ahead inc hosp","quantile",0.975,386,"COVID-19"
"DE-RP","00+",2022-02-20,2022-01-26,"-25 day ahead inc hosp","mean",NA,379,"COVID-19"
"DE-RP","00+",2022-02-20,2022-01-26,"-25 day ahead inc hosp","quantile",0.025,372,"COVID-19"
"DE-RP","00+",2022-02-20,2022-01-26,"-25 day ahead inc hosp","quantile",0.1,373,"COVID-19"
"DE-RP","00+",2022-02-20,2022-01-26,"-25 day ahead inc hosp","quantile",0.25,375,"COVID-19"
"DE-RP","00+",2022-02-20,2022-01-26,"-25 day ahead inc hosp","quantile",0.5,378,"COVID-19"
"DE-RP","00+",2022-02-20,2022-01-26,"-25 day ahead inc hosp","quantile",0.75,382,"COVID-19"
"DE-RP","00+",2022-02-20,2022-01-26,"-25 day ahead inc hosp","quantile",0.9,386,"COVID-19"
"DE-RP","00+",2022-02-20,2022-01-26,"-25 day ahead inc hosp","quantile",0.975,391,"COVID-19"
"DE-RP","00+",2022-02-20,2022-01-25,"-26 day ahead inc hosp","mean",NA,384,"COVID-19"
"DE-RP","00+",2022-02-20,2022-01-25,"-26 day ahead inc hosp","quantile",0.025,378,"COVID-19"
"DE-RP","00+",2022-02-20,2022-01-25,"-26 day ahead inc hosp","quantile",0.1,379,"COVID-19"
"DE-RP","00+",2022-02-20,2022-01-25,"-26 day ahead inc hosp","quantile",0.25,381,"COVID-19"
"DE-RP","00+",2022-02-20,2022-01-25,"-26 day ahead inc hosp","quantile",0.5,384,"COVID-19"
"DE-RP","00+",2022-02-20,2022-01-25,"-26 day ahead inc hosp","quantile",0.75,387,"COVID-19"
"DE-RP","00+",2022-02-20,2022-01-25,"-26 day ahead inc hosp","quantile",0.9,390,"COVID-19"
"DE-RP","00+",2022-02-20,2022-01-25,"-26 day ahead inc hosp","quantile",0.975,395,"COVID-19"
"DE-RP","00+",2022-02-20,2022-01-24,"-27 day ahead inc hosp","mean",NA,388,"COVID-19"
"DE-RP","00+",2022-02-20,2022-01-24,"-27 day ahead inc hosp","quantile",0.025,382,"COVID-19"
"DE-RP","00+",2022-02-20,2022-01-24,"-27 day ahead inc hosp","quantile",0.1,383,"COVID-19"
"DE-RP","00+",2022-02-20,2022-01-24,"-27 day ahead inc hosp","quantile",0.25,385,"COVID-19"
"DE-RP","00+",2022-02-20,2022-01-24,"-27 day ahead inc hosp","quantile",0.5,387,"COVID-19"
"DE-RP","00+",2022-02-20,2022-01-24,"-27 day ahead inc hosp","quantile",0.75,390,"COVID-19"
"DE-RP","00+",2022-02-20,2022-01-24,"-27 day ahead inc hosp","quantile",0.9,394,"COVID-19"
"DE-RP","00+",2022-02-20,2022-01-24,"-27 day ahead inc hosp","quantile",0.975,398,"COVID-19"
"DE-RP","00+",2022-02-20,2022-01-23,"-28 day ahead inc hosp","mean",NA,372,"COVID-19"
"DE-RP","00+",2022-02-20,2022-01-23,"-28 day ahead inc hosp","quantile",0.025,366,"COVID-19"
"DE-RP","00+",2022-02-20,2022-01-23,"-28 day ahead inc hosp","quantile",0.1,367,"COVID-19"
"DE-RP","00+",2022-02-20,2022-01-23,"-28 day ahead inc hosp","quantile",0.25,369,"COVID-19"
"DE-RP","00+",2022-02-20,2022-01-23,"-28 day ahead inc hosp","quantile",0.5,371,"COVID-19"
"DE-RP","00+",2022-02-20,2022-01-23,"-28 day ahead inc hosp","quantile",0.75,374,"COVID-19"
"DE-RP","00+",2022-02-20,2022-01-23,"-28 day ahead inc hosp","quantile",0.9,377,"COVID-19"
"DE-RP","00+",2022-02-20,2022-01-23,"-28 day ahead inc hosp","quantile",0.975,381,"COVID-19"
"DE-SH","00+",2022-02-20,2022-02-20,"0 day ahead inc hosp","mean",NA,303,"COVID-19"
"DE-SH","00+",2022-02-20,2022-02-20,"0 day ahead inc hosp","quantile",0.025,237,"COVID-19"
"DE-SH","00+",2022-02-20,2022-02-20,"0 day ahead inc hosp","quantile",0.1,255,"COVID-19"
"DE-SH","00+",2022-02-20,2022-02-20,"0 day ahead inc hosp","quantile",0.25,274,"COVID-19"
"DE-SH","00+",2022-02-20,2022-02-20,"0 day ahead inc hosp","quantile",0.5,299,"COVID-19"
"DE-SH","00+",2022-02-20,2022-02-20,"0 day ahead inc hosp","quantile",0.75,327,"COVID-19"
"DE-SH","00+",2022-02-20,2022-02-20,"0 day ahead inc hosp","quantile",0.9,356,"COVID-19"
"DE-SH","00+",2022-02-20,2022-02-20,"0 day ahead inc hosp","quantile",0.975,393,"COVID-19"
"DE-SH","00+",2022-02-20,2022-02-19,"-1 day ahead inc hosp","mean",NA,300,"COVID-19"
"DE-SH","00+",2022-02-20,2022-02-19,"-1 day ahead inc hosp","quantile",0.025,235,"COVID-19"
"DE-SH","00+",2022-02-20,2022-02-19,"-1 day ahead inc hosp","quantile",0.1,253,"COVID-19"
"DE-SH","00+",2022-02-20,2022-02-19,"-1 day ahead inc hosp","quantile",0.25,272,"COVID-19"
"DE-SH","00+",2022-02-20,2022-02-19,"-1 day ahead inc hosp","quantile",0.5,296,"COVID-19"
"DE-SH","00+",2022-02-20,2022-02-19,"-1 day ahead inc hosp","quantile",0.75,324,"COVID-19"
"DE-SH","00+",2022-02-20,2022-02-19,"-1 day ahead inc hosp","quantile",0.9,353,"COVID-19"
"DE-SH","00+",2022-02-20,2022-02-19,"-1 day ahead inc hosp","quantile",0.975,389,"COVID-19"
"DE-SH","00+",2022-02-20,2022-02-18,"-2 day ahead inc hosp","mean",NA,297,"COVID-19"
"DE-SH","00+",2022-02-20,2022-02-18,"-2 day ahead inc hosp","quantile",0.025,242,"COVID-19"
"DE-SH","00+",2022-02-20,2022-02-18,"-2 day ahead inc hosp","quantile",0.1,258,"COVID-19"
"DE-SH","00+",2022-02-20,2022-02-18,"-2 day ahead inc hosp","quantile",0.25,274,"COVID-19"
"DE-SH","00+",2022-02-20,2022-02-18,"-2 day ahead inc hosp","quantile",0.5,294,"COVID-19"
"DE-SH","00+",2022-02-20,2022-02-18,"-2 day ahead inc hosp","quantile",0.75,318,"COVID-19"
"DE-SH","00+",2022-02-20,2022-02-18,"-2 day ahead inc hosp","quantile",0.9,341,"COVID-19"
"DE-SH","00+",2022-02-20,2022-02-18,"-2 day ahead inc hosp","quantile",0.975,371,"COVID-19"
"DE-SH","00+",2022-02-20,2022-02-17,"-3 day ahead inc hosp","mean",NA,288,"COVID-19"
"DE-SH","00+",2022-02-20,2022-02-17,"-3 day ahead inc hosp","quantile",0.025,247,"COVID-19"
"DE-SH","00+",2022-02-20,2022-02-17,"-3 day ahead inc hosp","quantile",0.1,259,"COVID-19"
"DE-SH","00+",2022-02-20,2022-02-17,"-3 day ahead inc hosp","quantile",0.25,271,"COVID-19"
"DE-SH","00+",2022-02-20,2022-02-17,"-3 day ahead inc hosp","quantile",0.5,286,"COVID-19"
"DE-SH","00+",2022-02-20,2022-02-17,"-3 day ahead inc hosp","quantile",0.75,303,"COVID-19"
"DE-SH","00+",2022-02-20,2022-02-17,"-3 day ahead inc hosp","quantile",0.9,320,"COVID-19"
"DE-SH","00+",2022-02-20,2022-02-17,"-3 day ahead inc hosp","quantile",0.975,341,"COVID-19"
"DE-SH","00+",2022-02-20,2022-02-16,"-4 day ahead inc hosp","mean",NA,276,"COVID-19"
"DE-SH","00+",2022-02-20,2022-02-16,"-4 day ahead inc hosp","quantile",0.025,243,"COVID-19"
"DE-SH","00+",2022-02-20,2022-02-16,"-4 day ahead inc hosp","quantile",0.1,252,"COVID-19"
"DE-SH","00+",2022-02-20,2022-02-16,"-4 day ahead inc hosp","quantile",0.25,262,"COVID-19"
"DE-SH","00+",2022-02-20,2022-02-16,"-4 day ahead inc hosp","quantile",0.5,275,"COVID-19"
"DE-SH","00+",2022-02-20,2022-02-16,"-4 day ahead inc hosp","quantile",0.75,289,"COVID-19"
"DE-SH","00+",2022-02-20,2022-02-16,"-4 day ahead inc hosp","quantile",0.9,302,"COVID-19"
"DE-SH","00+",2022-02-20,2022-02-16,"-4 day ahead inc hosp","quantile",0.975,319,"COVID-19"
"DE-SH","00+",2022-02-20,2022-02-15,"-5 day ahead inc hosp","mean",NA,273,"COVID-19"
"DE-SH","00+",2022-02-20,2022-02-15,"-5 day ahead inc hosp","quantile",0.025,244,"COVID-19"
"DE-SH","00+",2022-02-20,2022-02-15,"-5 day ahead inc hosp","quantile",0.1,252,"COVID-19"
"DE-SH","00+",2022-02-20,2022-02-15,"-5 day ahead inc hosp","quantile",0.25,261,"COVID-19"
"DE-SH","00+",2022-02-20,2022-02-15,"-5 day ahead inc hosp","quantile",0.5,272,"COVID-19"
"DE-SH","00+",2022-02-20,2022-02-15,"-5 day ahead inc hosp","quantile",0.75,284,"COVID-19"
"DE-SH","00+",2022-02-20,2022-02-15,"-5 day ahead inc hosp","quantile",0.9,295,"COVID-19"
"DE-SH","00+",2022-02-20,2022-02-15,"-5 day ahead inc hosp","quantile",0.975,310,"COVID-19"
"DE-SH","00+",2022-02-20,2022-02-14,"-6 day ahead inc hosp","mean",NA,260,"COVID-19"
"DE-SH","00+",2022-02-20,2022-02-14,"-6 day ahead inc hosp","quantile",0.025,237,"COVID-19"
"DE-SH","00+",2022-02-20,2022-02-14,"-6 day ahead inc hosp","quantile",0.1,244,"COVID-19"
"DE-SH","00+",2022-02-20,2022-02-14,"-6 day ahead inc hosp","quantile",0.25,251,"COVID-19"
"DE-SH","00+",2022-02-20,2022-02-14,"-6 day ahead inc hosp","quantile",0.5,259,"COVID-19"
"DE-SH","00+",2022-02-20,2022-02-14,"-6 day ahead inc hosp","quantile",0.75,269,"COVID-19"
"DE-SH","00+",2022-02-20,2022-02-14,"-6 day ahead inc hosp","quantile",0.9,278,"COVID-19"
"DE-SH","00+",2022-02-20,2022-02-14,"-6 day ahead inc hosp","quantile",0.975,289,"COVID-19"
"DE-SH","00+",2022-02-20,2022-02-13,"-7 day ahead inc hosp","mean",NA,267,"COVID-19"
"DE-SH","00+",2022-02-20,2022-02-13,"-7 day ahead inc hosp","quantile",0.025,245,"COVID-19"
"DE-SH","00+",2022-02-20,2022-02-13,"-7 day ahead inc hosp","quantile",0.1,252,"COVID-19"
"DE-SH","00+",2022-02-20,2022-02-13,"-7 day ahead inc hosp","quantile",0.25,258,"COVID-19"
"DE-SH","00+",2022-02-20,2022-02-13,"-7 day ahead inc hosp","quantile",0.5,266,"COVID-19"
"DE-SH","00+",2022-02-20,2022-02-13,"-7 day ahead inc hosp","quantile",0.75,275,"COVID-19"
"DE-SH","00+",2022-02-20,2022-02-13,"-7 day ahead inc hosp","quantile",0.9,284,"COVID-19"
"DE-SH","00+",2022-02-20,2022-02-13,"-7 day ahead inc hosp","quantile",0.975,295,"COVID-19"
"DE-SH","00+",2022-02-20,2022-02-12,"-8 day ahead inc hosp","mean",NA,281,"COVID-19"
"DE-SH","00+",2022-02-20,2022-02-12,"-8 day ahead inc hosp","quantile",0.025,259,"COVID-19"
"DE-SH","00+",2022-02-20,2022-02-12,"-8 day ahead inc hosp","quantile",0.1,266,"COVID-19"
"DE-SH","00+",2022-02-20,2022-02-12,"-8 day ahead inc hosp","quantile",0.25,272,"COVID-19"
"DE-SH","00+",2022-02-20,2022-02-12,"-8 day ahead inc hosp","quantile",0.5,280,"COVID-19"
"DE-SH","00+",2022-02-20,2022-02-12,"-8 day ahead inc hosp","quantile",0.75,288,"COVID-19"
"DE-SH","00+",2022-02-20,2022-02-12,"-8 day ahead inc hosp","quantile",0.9,297,"COVID-19"
"DE-SH","00+",2022-02-20,2022-02-12,"-8 day ahead inc hosp","quantile",0.975,307,"COVID-19"
"DE-SH","00+",2022-02-20,2022-02-11,"-9 day ahead inc hosp","mean",NA,280,"COVID-19"
"DE-SH","00+",2022-02-20,2022-02-11,"-9 day ahead inc hosp","quantile",0.025,261,"COVID-19"
"DE-SH","00+",2022-02-20,2022-02-11,"-9 day ahead inc hosp","quantile",0.1,267,"COVID-19"
"DE-SH","00+",2022-02-20,2022-02-11,"-9 day ahead inc hosp","quantile",0.25,273,"COVID-19"
"DE-SH","00+",2022-02-20,2022-02-11,"-9 day ahead inc hosp","quantile",0.5,280,"COVID-19"
"DE-SH","00+",2022-02-20,2022-02-11,"-9 day ahead inc hosp","quantile",0.75,287,"COVID-19"
"DE-SH","00+",2022-02-20,2022-02-11,"-9 day ahead inc hosp","quantile",0.9,295,"COVID-19"
"DE-SH","00+",2022-02-20,2022-02-11,"-9 day ahead inc hosp","quantile",0.975,304,"COVID-19"
"DE-SH","00+",2022-02-20,2022-02-10,"-10 day ahead inc hosp","mean",NA,272,"COVID-19"
"DE-SH","00+",2022-02-20,2022-02-10,"-10 day ahead inc hosp","quantile",0.025,257,"COVID-19"
"DE-SH","00+",2022-02-20,2022-02-10,"-10 day ahead inc hosp","quantile",0.1,262,"COVID-19"
"DE-SH","00+",2022-02-20,2022-02-10,"-10 day ahead inc hosp","quantile",0.25,267,"COVID-19"
"DE-SH","00+",2022-02-20,2022-02-10,"-10 day ahead inc hosp","quantile",0.5,272,"COVID-19"
"DE-SH","00+",2022-02-20,2022-02-10,"-10 day ahead inc hosp","quantile",0.75,278,"COVID-19"
"DE-SH","00+",2022-02-20,2022-02-10,"-10 day ahead inc hosp","quantile",0.9,283,"COVID-19"
"DE-SH","00+",2022-02-20,2022-02-10,"-10 day ahead inc hosp","quantile",0.975,290,"COVID-19"
"DE-SH","00+",2022-02-20,2022-02-09,"-11 day ahead inc hosp","mean",NA,274,"COVID-19"
"DE-SH","00+",2022-02-20,2022-02-09,"-11 day ahead inc hosp","quantile",0.025,262,"COVID-19"
"DE-SH","00+",2022-02-20,2022-02-09,"-11 day ahead inc hosp","quantile",0.1,266,"COVID-19"
"DE-SH","00+",2022-02-20,2022-02-09,"-11 day ahead inc hosp","quantile",0.25,269,"COVID-19"
"DE-SH","00+",2022-02-20,2022-02-09,"-11 day ahead inc hosp","quantile",0.5,273,"COVID-19"
"DE-SH","00+",2022-02-20,2022-02-09,"-11 day ahead inc hosp","quantile",0.75,278,"COVID-19"
"DE-SH","00+",2022-02-20,2022-02-09,"-11 day ahead inc hosp","quantile",0.9,282,"COVID-19"
"DE-SH","00+",2022-02-20,2022-02-09,"-11 day ahead inc hosp","quantile",0.975,287,"COVID-19"
"DE-SH","00+",2022-02-20,2022-02-08,"-12 day ahead inc hosp","mean",NA,274,"COVID-19"
"DE-SH","00+",2022-02-20,2022-02-08,"-12 day ahead inc hosp","quantile",0.025,263,"COVID-19"
"DE-SH","00+",2022-02-20,2022-02-08,"-12 day ahead inc hosp","quantile",0.1,266,"COVID-19"
"DE-SH","00+",2022-02-20,2022-02-08,"-12 day ahead inc hosp","quantile",0.25,270,"COVID-19"
"DE-SH","00+",2022-02-20,2022-02-08,"-12 day ahead inc hosp","quantile",0.5,274,"COVID-19"
"DE-SH","00+",2022-02-20,2022-02-08,"-12 day ahead inc hosp","quantile",0.75,278,"COVID-19"
"DE-SH","00+",2022-02-20,2022-02-08,"-12 day ahead inc hosp","quantile",0.9,281,"COVID-19"
"DE-SH","00+",2022-02-20,2022-02-08,"-12 day ahead inc hosp","quantile",0.975,286,"COVID-19"
"DE-SH","00+",2022-02-20,2022-02-07,"-13 day ahead inc hosp","mean",NA,269,"COVID-19"
"DE-SH","00+",2022-02-20,2022-02-07,"-13 day ahead inc hosp","quantile",0.025,259,"COVID-19"
"DE-SH","00+",2022-02-20,2022-02-07,"-13 day ahead inc hosp","quantile",0.1,262,"COVID-19"
"DE-SH","00+",2022-02-20,2022-02-07,"-13 day ahead inc hosp","quantile",0.25,265,"COVID-19"
"DE-SH","00+",2022-02-20,2022-02-07,"-13 day ahead inc hosp","quantile",0.5,269,"COVID-19"
"DE-SH","00+",2022-02-20,2022-02-07,"-13 day ahead inc hosp","quantile",0.75,272,"COVID-19"
"DE-SH","00+",2022-02-20,2022-02-07,"-13 day ahead inc hosp","quantile",0.9,276,"COVID-19"
"DE-SH","00+",2022-02-20,2022-02-07,"-13 day ahead inc hosp","quantile",0.975,279,"COVID-19"
"DE-SH","00+",2022-02-20,2022-02-06,"-14 day ahead inc hosp","mean",NA,263,"COVID-19"
"DE-SH","00+",2022-02-20,2022-02-06,"-14 day ahead inc hosp","quantile",0.025,253,"COVID-19"
"DE-SH","00+",2022-02-20,2022-02-06,"-14 day ahead inc hosp","quantile",0.1,256,"COVID-19"
"DE-SH","00+",2022-02-20,2022-02-06,"-14 day ahead inc hosp","quantile",0.25,259,"COVID-19"
"DE-SH","00+",2022-02-20,2022-02-06,"-14 day ahead inc hosp","quantile",0.5,263,"COVID-19"
"DE-SH","00+",2022-02-20,2022-02-06,"-14 day ahead inc hosp","quantile",0.75,267,"COVID-19"
"DE-SH","00+",2022-02-20,2022-02-06,"-14 day ahead inc hosp","quantile",0.9,271,"COVID-19"
"DE-SH","00+",2022-02-20,2022-02-06,"-14 day ahead inc hosp","quantile",0.975,275,"COVID-19"
"DE-SH","00+",2022-02-20,2022-02-05,"-15 day ahead inc hosp","mean",NA,254,"COVID-19"
"DE-SH","00+",2022-02-20,2022-02-05,"-15 day ahead inc hosp","quantile",0.025,242,"COVID-19"
"DE-SH","00+",2022-02-20,2022-02-05,"-15 day ahead inc hosp","quantile",0.1,246,"COVID-19"
"DE-SH","00+",2022-02-20,2022-02-05,"-15 day ahead inc hosp","quantile",0.25,249,"COVID-19"
"DE-SH","00+",2022-02-20,2022-02-05,"-15 day ahead inc hosp","quantile",0.5,253,"COVID-19"
"DE-SH","00+",2022-02-20,2022-02-05,"-15 day ahead inc hosp","quantile",0.75,258,"COVID-19"
"DE-SH","00+",2022-02-20,2022-02-05,"-15 day ahead inc hosp","quantile",0.9,263,"COVID-19"
"DE-SH","00+",2022-02-20,2022-02-05,"-15 day ahead inc hosp","quantile",0.975,268,"COVID-19"
"DE-SH","00+",2022-02-20,2022-02-04,"-16 day ahead inc hosp","mean",NA,238,"COVID-19"
"DE-SH","00+",2022-02-20,2022-02-04,"-16 day ahead inc hosp","quantile",0.025,227,"COVID-19"
"DE-SH","00+",2022-02-20,2022-02-04,"-16 day ahead inc hosp","quantile",0.1,230,"COVID-19"
"DE-SH","00+",2022-02-20,2022-02-04,"-16 day ahead inc hosp","quantile",0.25,233,"COVID-19"
"DE-SH","00+",2022-02-20,2022-02-04,"-16 day ahead inc hosp","quantile",0.5,238,"COVID-19"
"DE-SH","00+",2022-02-20,2022-02-04,"-16 day ahead inc hosp","quantile",0.75,243,"COVID-19"
"DE-SH","00+",2022-02-20,2022-02-04,"-16 day ahead inc hosp","quantile",0.9,248,"COVID-19"
"DE-SH","00+",2022-02-20,2022-02-04,"-16 day ahead inc hosp","quantile",0.975,254,"COVID-19"
"DE-SH","00+",2022-02-20,2022-02-03,"-17 day ahead inc hosp","mean",NA,251,"COVID-19"
"DE-SH","00+",2022-02-20,2022-02-03,"-17 day ahead inc hosp","quantile",0.025,239,"COVID-19"
"DE-SH","00+",2022-02-20,2022-02-03,"-17 day ahead inc hosp","quantile",0.1,242,"COVID-19"
"DE-SH","00+",2022-02-20,2022-02-03,"-17 day ahead inc hosp","quantile",0.25,245,"COVID-19"
"DE-SH","00+",2022-02-20,2022-02-03,"-17 day ahead inc hosp","quantile",0.5,250,"COVID-19"
"DE-SH","00+",2022-02-20,2022-02-03,"-17 day ahead inc hosp","quantile",0.75,255,"COVID-19"
"DE-SH","00+",2022-02-20,2022-02-03,"-17 day ahead inc hosp","quantile",0.9,261,"COVID-19"
"DE-SH","00+",2022-02-20,2022-02-03,"-17 day ahead inc hosp","quantile",0.975,268,"COVID-19"
"DE-SH","00+",2022-02-20,2022-02-02,"-18 day ahead inc hosp","mean",NA,262,"COVID-19"
"DE-SH","00+",2022-02-20,2022-02-02,"-18 day ahead inc hosp","quantile",0.025,251,"COVID-19"
"DE-SH","00+",2022-02-20,2022-02-02,"-18 day ahead inc hosp","quantile",0.1,253,"COVID-19"
"DE-SH","00+",2022-02-20,2022-02-02,"-18 day ahead inc hosp","quantile",0.25,256,"COVID-19"
"DE-SH","00+",2022-02-20,2022-02-02,"-18 day ahead inc hosp","quantile",0.5,261,"COVID-19"
"DE-SH","00+",2022-02-20,2022-02-02,"-18 day ahead inc hosp","quantile",0.75,266,"COVID-19"
"DE-SH","00+",2022-02-20,2022-02-02,"-18 day ahead inc hosp","quantile",0.9,272,"COVID-19"
"DE-SH","00+",2022-02-20,2022-02-02,"-18 day ahead inc hosp","quantile",0.975,279,"COVID-19"
"DE-SH","00+",2022-02-20,2022-02-01,"-19 day ahead inc hosp","mean",NA,262,"COVID-19"
"DE-SH","00+",2022-02-20,2022-02-01,"-19 day ahead inc hosp","quantile",0.025,252,"COVID-19"
"DE-SH","00+",2022-02-20,2022-02-01,"-19 day ahead inc hosp","quantile",0.1,254,"COVID-19"
"DE-SH","00+",2022-02-20,2022-02-01,"-19 day ahead inc hosp","quantile",0.25,257,"COVID-19"
"DE-SH","00+",2022-02-20,2022-02-01,"-19 day ahead inc hosp","quantile",0.5,261,"COVID-19"
"DE-SH","00+",2022-02-20,2022-02-01,"-19 day ahead inc hosp","quantile",0.75,266,"COVID-19"
"DE-SH","00+",2022-02-20,2022-02-01,"-19 day ahead inc hosp","quantile",0.9,271,"COVID-19"
"DE-SH","00+",2022-02-20,2022-02-01,"-19 day ahead inc hosp","quantile",0.975,278,"COVID-19"
"DE-SH","00+",2022-02-20,2022-01-31,"-20 day ahead inc hosp","mean",NA,272,"COVID-19"
"DE-SH","00+",2022-02-20,2022-01-31,"-20 day ahead inc hosp","quantile",0.025,264,"COVID-19"
"DE-SH","00+",2022-02-20,2022-01-31,"-20 day ahead inc hosp","quantile",0.1,265,"COVID-19"
"DE-SH","00+",2022-02-20,2022-01-31,"-20 day ahead inc hosp","quantile",0.25,268,"COVID-19"
"DE-SH","00+",2022-02-20,2022-01-31,"-20 day ahead inc hosp","quantile",0.5,271,"COVID-19"
"DE-SH","00+",2022-02-20,2022-01-31,"-20 day ahead inc hosp","quantile",0.75,276,"COVID-19"
"DE-SH","00+",2022-02-20,2022-01-31,"-20 day ahead inc hosp","quantile",0.9,281,"COVID-19"
"DE-SH","00+",2022-02-20,2022-01-31,"-20 day ahead inc hosp","quantile",0.975,288,"COVID-19"
"DE-SH","00+",2022-02-20,2022-01-30,"-21 day ahead inc hosp","mean",NA,282,"COVID-19"
"DE-SH","00+",2022-02-20,2022-01-30,"-21 day ahead inc hosp","quantile",0.025,273,"COVID-19"
"DE-SH","00+",2022-02-20,2022-01-30,"-21 day ahead inc hosp","quantile",0.1,275,"COVID-19"
"DE-SH","00+",2022-02-20,2022-01-30,"-21 day ahead inc hosp","quantile",0.25,277,"COVID-19"
"DE-SH","00+",2022-02-20,2022-01-30,"-21 day ahead inc hosp","quantile",0.5,281,"COVID-19"
"DE-SH","00+",2022-02-20,2022-01-30,"-21 day ahead inc hosp","quantile",0.75,286,"COVID-19"
"DE-SH","00+",2022-02-20,2022-01-30,"-21 day ahead inc hosp","quantile",0.9,292,"COVID-19"
"DE-SH","00+",2022-02-20,2022-01-30,"-21 day ahead inc hosp","quantile",0.975,300,"COVID-19"
"DE-SH","00+",2022-02-20,2022-01-29,"-22 day ahead inc hosp","mean",NA,284,"COVID-19"
"DE-SH","00+",2022-02-20,2022-01-29,"-22 day ahead inc hosp","quantile",0.025,275,"COVID-19"
"DE-SH","00+",2022-02-20,2022-01-29,"-22 day ahead inc hosp","quantile",0.1,277,"COVID-19"
"DE-SH","00+",2022-02-20,2022-01-29,"-22 day ahead inc hosp","quantile",0.25,279,"COVID-19"
"DE-SH","00+",2022-02-20,2022-01-29,"-22 day ahead inc hosp","quantile",0.5,282,"COVID-19"
"DE-SH","00+",2022-02-20,2022-01-29,"-22 day ahead inc hosp","quantile",0.75,288,"COVID-19"
"DE-SH","00+",2022-02-20,2022-01-29,"-22 day ahead inc hosp","quantile",0.9,294,"COVID-19"
"DE-SH","00+",2022-02-20,2022-01-29,"-22 day ahead inc hosp","quantile",0.975,302,"COVID-19"
"DE-SH","00+",2022-02-20,2022-01-28,"-23 day ahead inc hosp","mean",NA,304,"COVID-19"
"DE-SH","00+",2022-02-20,2022-01-28,"-23 day ahead inc hosp","quantile",0.025,295,"COVID-19"
"DE-SH","00+",2022-02-20,2022-01-28,"-23 day ahead inc hosp","quantile",0.1,296,"COVID-19"
"DE-SH","00+",2022-02-20,2022-01-28,"-23 day ahead inc hosp","quantile",0.25,299,"COVID-19"
"DE-SH","00+",2022-02-20,2022-01-28,"-23 day ahead inc hosp","quantile",0.5,302,"COVID-19"
"DE-SH","00+",2022-02-20,2022-01-28,"-23 day ahead inc hosp","quantile",0.75,308,"COVID-19"
"DE-SH","00+",2022-02-20,2022-01-28,"-23 day ahead inc hosp","quantile",0.9,314,"COVID-19"
"DE-SH","00+",2022-02-20,2022-01-28,"-23 day ahead inc hosp","quantile",0.975,324,"COVID-19"
"DE-SH","00+",2022-02-20,2022-01-27,"-24 day ahead inc hosp","mean",NA,306,"COVID-19"
"DE-SH","00+",2022-02-20,2022-01-27,"-24 day ahead inc hosp","quantile",0.025,297,"COVID-19"
"DE-SH","00+",2022-02-20,2022-01-27,"-24 day ahead inc hosp","quantile",0.1,298,"COVID-19"
"DE-SH","00+",2022-02-20,2022-01-27,"-24 day ahead inc hosp","quantile",0.25,300,"COVID-19"
"DE-SH","00+",2022-02-20,2022-01-27,"-24 day ahead inc hosp","quantile",0.5,304,"COVID-19"
"DE-SH","00+",2022-02-20,2022-01-27,"-24 day ahead inc hosp","quantile",0.75,309,"COVID-19"
"DE-SH","00+",2022-02-20,2022-01-27,"-24 day ahead inc hosp","quantile",0.9,315,"COVID-19"
"DE-SH","00+",2022-02-20,2022-01-27,"-24 day ahead inc hosp","quantile",0.975,324,"COVID-19"
"DE-SH","00+",2022-02-20,2022-01-26,"-25 day ahead inc hosp","mean",NA,301,"COVID-19"
"DE-SH","00+",2022-02-20,2022-01-26,"-25 day ahead inc hosp","quantile",0.025,293,"COVID-19"
"DE-SH","00+",2022-02-20,2022-01-26,"-25 day ahead inc hosp","quantile",0.1,294,"COVID-19"
"DE-SH","00+",2022-02-20,2022-01-26,"-25 day ahead inc hosp","quantile",0.25,296,"COVID-19"
"DE-SH","00+",2022-02-20,2022-01-26,"-25 day ahead inc hosp","quantile",0.5,299,"COVID-19"
"DE-SH","00+",2022-02-20,2022-01-26,"-25 day ahead inc hosp","quantile",0.75,304,"COVID-19"
"DE-SH","00+",2022-02-20,2022-01-26,"-25 day ahead inc hosp","quantile",0.9,310,"COVID-19"
"DE-SH","00+",2022-02-20,2022-01-26,"-25 day ahead inc hosp","quantile",0.975,319,"COVID-19"
"DE-SH","00+",2022-02-20,2022-01-25,"-26 day ahead inc hosp","mean",NA,294,"COVID-19"
"DE-SH","00+",2022-02-20,2022-01-25,"-26 day ahead inc hosp","quantile",0.025,287,"COVID-19"
"DE-SH","00+",2022-02-20,2022-01-25,"-26 day ahead inc hosp","quantile",0.1,288,"COVID-19"
"DE-SH","00+",2022-02-20,2022-01-25,"-26 day ahead inc hosp","quantile",0.25,290,"COVID-19"
"DE-SH","00+",2022-02-20,2022-01-25,"-26 day ahead inc hosp","quantile",0.5,293,"COVID-19"
"DE-SH","00+",2022-02-20,2022-01-25,"-26 day ahead inc hosp","quantile",0.75,297,"COVID-19"
"DE-SH","00+",2022-02-20,2022-01-25,"-26 day ahead inc hosp","quantile",0.9,303,"COVID-19"
"DE-SH","00+",2022-02-20,2022-01-25,"-26 day ahead inc hosp","quantile",0.975,311,"COVID-19"
"DE-SH","00+",2022-02-20,2022-01-24,"-27 day ahead inc hosp","mean",NA,283,"COVID-19"
"DE-SH","00+",2022-02-20,2022-01-24,"-27 day ahead inc hosp","quantile",0.025,277,"COVID-19"
"DE-SH","00+",2022-02-20,2022-01-24,"-27 day ahead inc hosp","quantile",0.1,278,"COVID-19"
"DE-SH","00+",2022-02-20,2022-01-24,"-27 day ahead inc hosp","quantile",0.25,279,"COVID-19"
"DE-SH","00+",2022-02-20,2022-01-24,"-27 day ahead inc hosp","quantile",0.5,282,"COVID-19"
"DE-SH","00+",2022-02-20,2022-01-24,"-27 day ahead inc hosp","quantile",0.75,286,"COVID-19"
"DE-SH","00+",2022-02-20,2022-01-24,"-27 day ahead inc hosp","quantile",0.9,291,"COVID-19"
"DE-SH","00+",2022-02-20,2022-01-24,"-27 day ahead inc hosp","quantile",0.975,298,"COVID-19"
"DE-SH","00+",2022-02-20,2022-01-23,"-28 day ahead inc hosp","mean",NA,284,"COVID-19"
"DE-SH","00+",2022-02-20,2022-01-23,"-28 day ahead inc hosp","quantile",0.025,278,"COVID-19"
"DE-SH","00+",2022-02-20,2022-01-23,"-28 day ahead inc hosp","quantile",0.1,279,"COVID-19"
"DE-SH","00+",2022-02-20,2022-01-23,"-28 day ahead inc hosp","quantile",0.25,280,"COVID-19"
"DE-SH","00+",2022-02-20,2022-01-23,"-28 day ahead inc hosp","quantile",0.5,283,"COVID-19"
"DE-SH","00+",2022-02-20,2022-01-23,"-28 day ahead inc hosp","quantile",0.75,286,"COVID-19"
"DE-SH","00+",2022-02-20,2022-01-23,"-28 day ahead inc hosp","quantile",0.9,291,"COVID-19"
"DE-SH","00+",2022-02-20,2022-01-23,"-28 day ahead inc hosp","quantile",0.975,298,"COVID-19"
"DE-SL","00+",2022-02-20,2022-02-20,"0 day ahead inc hosp","mean",NA,70,"COVID-19"
"DE-SL","00+",2022-02-20,2022-02-20,"0 day ahead inc hosp","quantile",0.025,58,"COVID-19"
"DE-SL","00+",2022-02-20,2022-02-20,"0 day ahead inc hosp","quantile",0.1,60,"COVID-19"
"DE-SL","00+",2022-02-20,2022-02-20,"0 day ahead inc hosp","quantile",0.25,64,"COVID-19"
"DE-SL","00+",2022-02-20,2022-02-20,"0 day ahead inc hosp","quantile",0.5,69,"COVID-19"
"DE-SL","00+",2022-02-20,2022-02-20,"0 day ahead inc hosp","quantile",0.75,75,"COVID-19"
"DE-SL","00+",2022-02-20,2022-02-20,"0 day ahead inc hosp","quantile",0.9,82,"COVID-19"
"DE-SL","00+",2022-02-20,2022-02-20,"0 day ahead inc hosp","quantile",0.975,91,"COVID-19"
"DE-SL","00+",2022-02-20,2022-02-19,"-1 day ahead inc hosp","mean",NA,78,"COVID-19"
"DE-SL","00+",2022-02-20,2022-02-19,"-1 day ahead inc hosp","quantile",0.025,65,"COVID-19"
"DE-SL","00+",2022-02-20,2022-02-19,"-1 day ahead inc hosp","quantile",0.1,68,"COVID-19"
"DE-SL","00+",2022-02-20,2022-02-19,"-1 day ahead inc hosp","quantile",0.25,71,"COVID-19"
"DE-SL","00+",2022-02-20,2022-02-19,"-1 day ahead inc hosp","quantile",0.5,76,"COVID-19"
"DE-SL","00+",2022-02-20,2022-02-19,"-1 day ahead inc hosp","quantile",0.75,83,"COVID-19"
"DE-SL","00+",2022-02-20,2022-02-19,"-1 day ahead inc hosp","quantile",0.9,90,"COVID-19"
"DE-SL","00+",2022-02-20,2022-02-19,"-1 day ahead inc hosp","quantile",0.975,99,"COVID-19"
"DE-SL","00+",2022-02-20,2022-02-18,"-2 day ahead inc hosp","mean",NA,82,"COVID-19"
"DE-SL","00+",2022-02-20,2022-02-18,"-2 day ahead inc hosp","quantile",0.025,69,"COVID-19"
"DE-SL","00+",2022-02-20,2022-02-18,"-2 day ahead inc hosp","quantile",0.1,72,"COVID-19"
"DE-SL","00+",2022-02-20,2022-02-18,"-2 day ahead inc hosp","quantile",0.25,75,"COVID-19"
"DE-SL","00+",2022-02-20,2022-02-18,"-2 day ahead inc hosp","quantile",0.5,80,"COVID-19"
"DE-SL","00+",2022-02-20,2022-02-18,"-2 day ahead inc hosp","quantile",0.75,87,"COVID-19"
"DE-SL","00+",2022-02-20,2022-02-18,"-2 day ahead inc hosp","quantile",0.9,94,"COVID-19"
"DE-SL","00+",2022-02-20,2022-02-18,"-2 day ahead inc hosp","quantile",0.975,104,"COVID-19"
"DE-SL","00+",2022-02-20,2022-02-17,"-3 day ahead inc hosp","mean",NA,83,"COVID-19"
"DE-SL","00+",2022-02-20,2022-02-17,"-3 day ahead inc hosp","quantile",0.025,71,"COVID-19"
"DE-SL","00+",2022-02-20,2022-02-17,"-3 day ahead inc hosp","quantile",0.1,73,"COVID-19"
"DE-SL","00+",2022-02-20,2022-02-17,"-3 day ahead inc hosp","quantile",0.25,77,"COVID-19"
"DE-SL","00+",2022-02-20,2022-02-17,"-3 day ahead inc hosp","quantile",0.5,81,"COVID-19"
"DE-SL","00+",2022-02-20,2022-02-17,"-3 day ahead inc hosp","quantile",0.75,88,"COVID-19"
"DE-SL","00+",2022-02-20,2022-02-17,"-3 day ahead inc hosp","quantile",0.9,95,"COVID-19"
"DE-SL","00+",2022-02-20,2022-02-17,"-3 day ahead inc hosp","quantile",0.975,104,"COVID-19"
"DE-SL","00+",2022-02-20,2022-02-16,"-4 day ahead inc hosp","mean",NA,70,"COVID-19"
"DE-SL","00+",2022-02-20,2022-02-16,"-4 day ahead inc hosp","quantile",0.025,60,"COVID-19"
"DE-SL","00+",2022-02-20,2022-02-16,"-4 day ahead inc hosp","quantile",0.1,62,"COVID-19"
"DE-SL","00+",2022-02-20,2022-02-16,"-4 day ahead inc hosp","quantile",0.25,65,"COVID-19"
"DE-SL","00+",2022-02-20,2022-02-16,"-4 day ahead inc hosp","quantile",0.5,68,"COVID-19"
"DE-SL","00+",2022-02-20,2022-02-16,"-4 day ahead inc hosp","quantile",0.75,73,"COVID-19"
"DE-SL","00+",2022-02-20,2022-02-16,"-4 day ahead inc hosp","quantile",0.9,79,"COVID-19"
"DE-SL","00+",2022-02-20,2022-02-16,"-4 day ahead inc hosp","quantile",0.975,86,"COVID-19"
"DE-SL","00+",2022-02-20,2022-02-15,"-5 day ahead inc hosp","mean",NA,61,"COVID-19"
"DE-SL","00+",2022-02-20,2022-02-15,"-5 day ahead inc hosp","quantile",0.025,54,"COVID-19"
"DE-SL","00+",2022-02-20,2022-02-15,"-5 day ahead inc hosp","quantile",0.1,55,"COVID-19"
"DE-SL","00+",2022-02-20,2022-02-15,"-5 day ahead inc hosp","quantile",0.25,57,"COVID-19"
"DE-SL","00+",2022-02-20,2022-02-15,"-5 day ahead inc hosp","quantile",0.5,60,"COVID-19"
"DE-SL","00+",2022-02-20,2022-02-15,"-5 day ahead inc hosp","quantile",0.75,64,"COVID-19"
"DE-SL","00+",2022-02-20,2022-02-15,"-5 day ahead inc hosp","quantile",0.9,68,"COVID-19"
"DE-SL","00+",2022-02-20,2022-02-15,"-5 day ahead inc hosp","quantile",0.975,74,"COVID-19"
"DE-SL","00+",2022-02-20,2022-02-14,"-6 day ahead inc hosp","mean",NA,65,"COVID-19"
"DE-SL","00+",2022-02-20,2022-02-14,"-6 day ahead inc hosp","quantile",0.025,59,"COVID-19"
"DE-SL","00+",2022-02-20,2022-02-14,"-6 day ahead inc hosp","quantile",0.1,60,"COVID-19"
"DE-SL","00+",2022-02-20,2022-02-14,"-6 day ahead inc hosp","quantile",0.25,62,"COVID-19"
"DE-SL","00+",2022-02-20,2022-02-14,"-6 day ahead inc hosp","quantile",0.5,64,"COVID-19"
"DE-SL","00+",2022-02-20,2022-02-14,"-6 day ahead inc hosp","quantile",0.75,68,"COVID-19"
"DE-SL","00+",2022-02-20,2022-02-14,"-6 day ahead inc hosp","quantile",0.9,71,"COVID-19"
"DE-SL","00+",2022-02-20,2022-02-14,"-6 day ahead inc hosp","quantile",0.975,77,"COVID-19"
"DE-SL","00+",2022-02-20,2022-02-13,"-7 day ahead inc hosp","mean",NA,61,"COVID-19"
"DE-SL","00+",2022-02-20,2022-02-13,"-7 day ahead inc hosp","quantile",0.025,56,"COVID-19"
"DE-SL","00+",2022-02-20,2022-02-13,"-7 day ahead inc hosp","quantile",0.1,57,"COVID-19"
"DE-SL","00+",2022-02-20,2022-02-13,"-7 day ahead inc hosp","quantile",0.25,58,"COVID-19"
"DE-SL","00+",2022-02-20,2022-02-13,"-7 day ahead inc hosp","quantile",0.5,61,"COVID-19"
"DE-SL","00+",2022-02-20,2022-02-13,"-7 day ahead inc hosp","quantile",0.75,64,"COVID-19"
"DE-SL","00+",2022-02-20,2022-02-13,"-7 day ahead inc hosp","quantile",0.9,67,"COVID-19"
"DE-SL","00+",2022-02-20,2022-02-13,"-7 day ahead inc hosp","quantile",0.975,71,"COVID-19"
"DE-SL","00+",2022-02-20,2022-02-12,"-8 day ahead inc hosp","mean",NA,63,"COVID-19"
"DE-SL","00+",2022-02-20,2022-02-12,"-8 day ahead inc hosp","quantile",0.025,58,"COVID-19"
"DE-SL","00+",2022-02-20,2022-02-12,"-8 day ahead inc hosp","quantile",0.1,59,"COVID-19"
"DE-SL","00+",2022-02-20,2022-02-12,"-8 day ahead inc hosp","quantile",0.25,60,"COVID-19"
"DE-SL","00+",2022-02-20,2022-02-12,"-8 day ahead inc hosp","quantile",0.5,62,"COVID-19"
"DE-SL","00+",2022-02-20,2022-02-12,"-8 day ahead inc hosp","quantile",0.75,65,"COVID-19"
"DE-SL","00+",2022-02-20,2022-02-12,"-8 day ahead inc hosp","quantile",0.9,67,"COVID-19"
"DE-SL","00+",2022-02-20,2022-02-12,"-8 day ahead inc hosp","quantile",0.975,71,"COVID-19"
"DE-SL","00+",2022-02-20,2022-02-11,"-9 day ahead inc hosp","mean",NA,61,"COVID-19"
"DE-SL","00+",2022-02-20,2022-02-11,"-9 day ahead inc hosp","quantile",0.025,56,"COVID-19"
"DE-SL","00+",2022-02-20,2022-02-11,"-9 day ahead inc hosp","quantile",0.1,57,"COVID-19"
"DE-SL","00+",2022-02-20,2022-02-11,"-9 day ahead inc hosp","quantile",0.25,59,"COVID-19"
"DE-SL","00+",2022-02-20,2022-02-11,"-9 day ahead inc hosp","quantile",0.5,60,"COVID-19"
"DE-SL","00+",2022-02-20,2022-02-11,"-9 day ahead inc hosp","quantile",0.75,62,"COVID-19"
"DE-SL","00+",2022-02-20,2022-02-11,"-9 day ahead inc hosp","quantile",0.9,65,"COVID-19"
"DE-SL","00+",2022-02-20,2022-02-11,"-9 day ahead inc hosp","quantile",0.975,67,"COVID-19"
"DE-SL","00+",2022-02-20,2022-02-10,"-10 day ahead inc hosp","mean",NA,67,"COVID-19"
"DE-SL","00+",2022-02-20,2022-02-10,"-10 day ahead inc hosp","quantile",0.025,63,"COVID-19"
"DE-SL","00+",2022-02-20,2022-02-10,"-10 day ahead inc hosp","quantile",0.1,64,"COVID-19"
"DE-SL","00+",2022-02-20,2022-02-10,"-10 day ahead inc hosp","quantile",0.25,65,"COVID-19"
"DE-SL","00+",2022-02-20,2022-02-10,"-10 day ahead inc hosp","quantile",0.5,67,"COVID-19"
"DE-SL","00+",2022-02-20,2022-02-10,"-10 day ahead inc hosp","quantile",0.75,69,"COVID-19"
"DE-SL","00+",2022-02-20,2022-02-10,"-10 day ahead inc hosp","quantile",0.9,71,"COVID-19"
"DE-SL","00+",2022-02-20,2022-02-10,"-10 day ahead inc hosp","quantile",0.975,73,"COVID-19"
"DE-SL","00+",2022-02-20,2022-02-09,"-11 day ahead inc hosp","mean",NA,75,"COVID-19"
"DE-SL","00+",2022-02-20,2022-02-09,"-11 day ahead inc hosp","quantile",0.025,71,"COVID-19"
"DE-SL","00+",2022-02-20,2022-02-09,"-11 day ahead inc hosp","quantile",0.1,72,"COVID-19"
"DE-SL","00+",2022-02-20,2022-02-09,"-11 day ahead inc hosp","quantile",0.25,73,"COVID-19"
"DE-SL","00+",2022-02-20,2022-02-09,"-11 day ahead inc hosp","quantile",0.5,75,"COVID-19"
"DE-SL","00+",2022-02-20,2022-02-09,"-11 day ahead inc hosp","quantile",0.75,77,"COVID-19"
"DE-SL","00+",2022-02-20,2022-02-09,"-11 day ahead inc hosp","quantile",0.9,79,"COVID-19"
"DE-SL","00+",2022-02-20,2022-02-09,"-11 day ahead inc hosp","quantile",0.975,81,"COVID-19"
"DE-SL","00+",2022-02-20,2022-02-08,"-12 day ahead inc hosp","mean",NA,82,"COVID-19"
"DE-SL","00+",2022-02-20,2022-02-08,"-12 day ahead inc hosp","quantile",0.025,78,"COVID-19"
"DE-SL","00+",2022-02-20,2022-02-08,"-12 day ahead inc hosp","quantile",0.1,79,"COVID-19"
"DE-SL","00+",2022-02-20,2022-02-08,"-12 day ahead inc hosp","quantile",0.25,80,"COVID-19"
"DE-SL","00+",2022-02-20,2022-02-08,"-12 day ahead inc hosp","quantile",0.5,81,"COVID-19"
"DE-SL","00+",2022-02-20,2022-02-08,"-12 day ahead inc hosp","quantile",0.75,83,"COVID-19"
"DE-SL","00+",2022-02-20,2022-02-08,"-12 day ahead inc hosp","quantile",0.9,85,"COVID-19"
"DE-SL","00+",2022-02-20,2022-02-08,"-12 day ahead inc hosp","quantile",0.975,87,"COVID-19"
"DE-SL","00+",2022-02-20,2022-02-07,"-13 day ahead inc hosp","mean",NA,77,"COVID-19"
"DE-SL","00+",2022-02-20,2022-02-07,"-13 day ahead inc hosp","quantile",0.025,74,"COVID-19"
"DE-SL","00+",2022-02-20,2022-02-07,"-13 day ahead inc hosp","quantile",0.1,75,"COVID-19"
"DE-SL","00+",2022-02-20,2022-02-07,"-13 day ahead inc hosp","quantile",0.25,75,"COVID-19"
"DE-SL","00+",2022-02-20,2022-02-07,"-13 day ahead inc hosp","quantile",0.5,77,"COVID-19"
"DE-SL","00+",2022-02-20,2022-02-07,"-13 day ahead inc hosp","quantile",0.75,78,"COVID-19"
"DE-SL","00+",2022-02-20,2022-02-07,"-13 day ahead inc hosp","quantile",0.9,80,"COVID-19"
"DE-SL","00+",2022-02-20,2022-02-07,"-13 day ahead inc hosp","quantile",0.975,82,"COVID-19"
"DE-SL","00+",2022-02-20,2022-02-06,"-14 day ahead inc hosp","mean",NA,80,"COVID-19"
"DE-SL","00+",2022-02-20,2022-02-06,"-14 day ahead inc hosp","quantile",0.025,77,"COVID-19"
"DE-SL","00+",2022-02-20,2022-02-06,"-14 day ahead inc hosp","quantile",0.1,77,"COVID-19"
"DE-SL","00+",2022-02-20,2022-02-06,"-14 day ahead inc hosp","quantile",0.25,78,"COVID-19"
"DE-SL","00+",2022-02-20,2022-02-06,"-14 day ahead inc hosp","quantile",0.5,79,"COVID-19"
"DE-SL","00+",2022-02-20,2022-02-06,"-14 day ahead inc hosp","quantile",0.75,81,"COVID-19"
"DE-SL","00+",2022-02-20,2022-02-06,"-14 day ahead inc hosp","quantile",0.9,83,"COVID-19"
"DE-SL","00+",2022-02-20,2022-02-06,"-14 day ahead inc hosp","quantile",0.975,85,"COVID-19"
"DE-SL","00+",2022-02-20,2022-02-05,"-15 day ahead inc hosp","mean",NA,74,"COVID-19"
"DE-SL","00+",2022-02-20,2022-02-05,"-15 day ahead inc hosp","quantile",0.025,72,"COVID-19"
"DE-SL","00+",2022-02-20,2022-02-05,"-15 day ahead inc hosp","quantile",0.1,72,"COVID-19"
"DE-SL","00+",2022-02-20,2022-02-05,"-15 day ahead inc hosp","quantile",0.25,73,"COVID-19"
"DE-SL","00+",2022-02-20,2022-02-05,"-15 day ahead inc hosp","quantile",0.5,74,"COVID-19"
"DE-SL","00+",2022-02-20,2022-02-05,"-15 day ahead inc hosp","quantile",0.75,75,"COVID-19"
"DE-SL","00+",2022-02-20,2022-02-05,"-15 day ahead inc hosp","quantile",0.9,77,"COVID-19"
"DE-SL","00+",2022-02-20,2022-02-05,"-15 day ahead inc hosp","quantile",0.975,79,"COVID-19"
"DE-SL","00+",2022-02-20,2022-02-04,"-16 day ahead inc hosp","mean",NA,80,"COVID-19"
"DE-SL","00+",2022-02-20,2022-02-04,"-16 day ahead inc hosp","quantile",0.025,78,"COVID-19"
"DE-SL","00+",2022-02-20,2022-02-04,"-16 day ahead inc hosp","quantile",0.1,78,"COVID-19"
"DE-SL","00+",2022-02-20,2022-02-04,"-16 day ahead inc hosp","quantile",0.25,78,"COVID-19"
"DE-SL","00+",2022-02-20,2022-02-04,"-16 day ahead inc hosp","quantile",0.5,79,"COVID-19"
"DE-SL","00+",2022-02-20,2022-02-04,"-16 day ahead inc hosp","quantile",0.75,81,"COVID-19"
"DE-SL","00+",2022-02-20,2022-02-04,"-16 day ahead inc hosp","quantile",0.9,82,"COVID-19"
"DE-SL","00+",2022-02-20,2022-02-04,"-16 day ahead inc hosp","quantile",0.975,85,"COVID-19"
"DE-SL","00+",2022-02-20,2022-02-03,"-17 day ahead inc hosp","mean",NA,70,"COVID-19"
"DE-SL","00+",2022-02-20,2022-02-03,"-17 day ahead inc hosp","quantile",0.025,69,"COVID-19"
"DE-SL","00+",2022-02-20,2022-02-03,"-17 day ahead inc hosp","quantile",0.1,69,"COVID-19"
"DE-SL","00+",2022-02-20,2022-02-03,"-17 day ahead inc hosp","quantile",0.25,69,"COVID-19"
"DE-SL","00+",2022-02-20,2022-02-03,"-17 day ahead inc hosp","quantile",0.5,70,"COVID-19"
"DE-SL","00+",2022-02-20,2022-02-03,"-17 day ahead inc hosp","quantile",0.75,71,"COVID-19"
"DE-SL","00+",2022-02-20,2022-02-03,"-17 day ahead inc hosp","quantile",0.9,72,"COVID-19"
"DE-SL","00+",2022-02-20,2022-02-03,"-17 day ahead inc hosp","quantile",0.975,74,"COVID-19"
"DE-SL","00+",2022-02-20,2022-02-02,"-18 day ahead inc hosp","mean",NA,65,"COVID-19"
"DE-SL","00+",2022-02-20,2022-02-02,"-18 day ahead inc hosp","quantile",0.025,64,"COVID-19"
"DE-SL","00+",2022-02-20,2022-02-02,"-18 day ahead inc hosp","quantile",0.1,64,"COVID-19"
"DE-SL","00+",2022-02-20,2022-02-02,"-18 day ahead inc hosp","quantile",0.25,64,"COVID-19"
"DE-SL","00+",2022-02-20,2022-02-02,"-18 day ahead inc hosp","quantile",0.5,64,"COVID-19"
"DE-SL","00+",2022-02-20,2022-02-02,"-18 day ahead inc hosp","quantile",0.75,65,"COVID-19"
"DE-SL","00+",2022-02-20,2022-02-02,"-18 day ahead inc hosp","quantile",0.9,66,"COVID-19"
"DE-SL","00+",2022-02-20,2022-02-02,"-18 day ahead inc hosp","quantile",0.975,68,"COVID-19"
"DE-SL","00+",2022-02-20,2022-02-01,"-19 day ahead inc hosp","mean",NA,61,"COVID-19"
"DE-SL","00+",2022-02-20,2022-02-01,"-19 day ahead inc hosp","quantile",0.025,61,"COVID-19"
"DE-SL","00+",2022-02-20,2022-02-01,"-19 day ahead inc hosp","quantile",0.1,61,"COVID-19"
"DE-SL","00+",2022-02-20,2022-02-01,"-19 day ahead inc hosp","quantile",0.25,61,"COVID-19"
"DE-SL","00+",2022-02-20,2022-02-01,"-19 day ahead inc hosp","quantile",0.5,61,"COVID-19"
"DE-SL","00+",2022-02-20,2022-02-01,"-19 day ahead inc hosp","quantile",0.75,61,"COVID-19"
"DE-SL","00+",2022-02-20,2022-02-01,"-19 day ahead inc hosp","quantile",0.9,62,"COVID-19"
"DE-SL","00+",2022-02-20,2022-02-01,"-19 day ahead inc hosp","quantile",0.975,63,"COVID-19"
"DE-SL","00+",2022-02-20,2022-01-31,"-20 day ahead inc hosp","mean",NA,55,"COVID-19"
"DE-SL","00+",2022-02-20,2022-01-31,"-20 day ahead inc hosp","quantile",0.025,55,"COVID-19"
"DE-SL","00+",2022-02-20,2022-01-31,"-20 day ahead inc hosp","quantile",0.1,55,"COVID-19"
"DE-SL","00+",2022-02-20,2022-01-31,"-20 day ahead inc hosp","quantile",0.25,55,"COVID-19"
"DE-SL","00+",2022-02-20,2022-01-31,"-20 day ahead inc hosp","quantile",0.5,55,"COVID-19"
"DE-SL","00+",2022-02-20,2022-01-31,"-20 day ahead inc hosp","quantile",0.75,55,"COVID-19"
"DE-SL","00+",2022-02-20,2022-01-31,"-20 day ahead inc hosp","quantile",0.9,55,"COVID-19"
"DE-SL","00+",2022-02-20,2022-01-31,"-20 day ahead inc hosp","quantile",0.975,56,"COVID-19"
"DE-SL","00+",2022-02-20,2022-01-30,"-21 day ahead inc hosp","mean",NA,53,"COVID-19"
"DE-SL","00+",2022-02-20,2022-01-30,"-21 day ahead inc hosp","quantile",0.025,53,"COVID-19"
"DE-SL","00+",2022-02-20,2022-01-30,"-21 day ahead inc hosp","quantile",0.1,53,"COVID-19"
"DE-SL","00+",2022-02-20,2022-01-30,"-21 day ahead inc hosp","quantile",0.25,53,"COVID-19"
"DE-SL","00+",2022-02-20,2022-01-30,"-21 day ahead inc hosp","quantile",0.5,53,"COVID-19"
"DE-SL","00+",2022-02-20,2022-01-30,"-21 day ahead inc hosp","quantile",0.75,53,"COVID-19"
"DE-SL","00+",2022-02-20,2022-01-30,"-21 day ahead inc hosp","quantile",0.9,53,"COVID-19"
"DE-SL","00+",2022-02-20,2022-01-30,"-21 day ahead inc hosp","quantile",0.975,53,"COVID-19"
"DE-SL","00+",2022-02-20,2022-01-29,"-22 day ahead inc hosp","mean",NA,52,"COVID-19"
"DE-SL","00+",2022-02-20,2022-01-29,"-22 day ahead inc hosp","quantile",0.025,52,"COVID-19"
"DE-SL","00+",2022-02-20,2022-01-29,"-22 day ahead inc hosp","quantile",0.1,52,"COVID-19"
"DE-SL","00+",2022-02-20,2022-01-29,"-22 day ahead inc hosp","quantile",0.25,52,"COVID-19"
"DE-SL","00+",2022-02-20,2022-01-29,"-22 day ahead inc hosp","quantile",0.5,52,"COVID-19"
"DE-SL","00+",2022-02-20,2022-01-29,"-22 day ahead inc hosp","quantile",0.75,52,"COVID-19"
"DE-SL","00+",2022-02-20,2022-01-29,"-22 day ahead inc hosp","quantile",0.9,52,"COVID-19"
"DE-SL","00+",2022-02-20,2022-01-29,"-22 day ahead inc hosp","quantile",0.975,52,"COVID-19"
"DE-SL","00+",2022-02-20,2022-01-28,"-23 day ahead inc hosp","mean",NA,47,"COVID-19"
"DE-SL","00+",2022-02-20,2022-01-28,"-23 day ahead inc hosp","quantile",0.025,47,"COVID-19"
"DE-SL","00+",2022-02-20,2022-01-28,"-23 day ahead inc hosp","quantile",0.1,47,"COVID-19"
"DE-SL","00+",2022-02-20,2022-01-28,"-23 day ahead inc hosp","quantile",0.25,47,"COVID-19"
"DE-SL","00+",2022-02-20,2022-01-28,"-23 day ahead inc hosp","quantile",0.5,47,"COVID-19"
"DE-SL","00+",2022-02-20,2022-01-28,"-23 day ahead inc hosp","quantile",0.75,47,"COVID-19"
"DE-SL","00+",2022-02-20,2022-01-28,"-23 day ahead inc hosp","quantile",0.9,47,"COVID-19"
"DE-SL","00+",2022-02-20,2022-01-28,"-23 day ahead inc hosp","quantile",0.975,47,"COVID-19"
"DE-SL","00+",2022-02-20,2022-01-27,"-24 day ahead inc hosp","mean",NA,49,"COVID-19"
"DE-SL","00+",2022-02-20,2022-01-27,"-24 day ahead inc hosp","quantile",0.025,49,"COVID-19"
"DE-SL","00+",2022-02-20,2022-01-27,"-24 day ahead inc hosp","quantile",0.1,49,"COVID-19"
"DE-SL","00+",2022-02-20,2022-01-27,"-24 day ahead inc hosp","quantile",0.25,49,"COVID-19"
"DE-SL","00+",2022-02-20,2022-01-27,"-24 day ahead inc hosp","quantile",0.5,49,"COVID-19"
"DE-SL","00+",2022-02-20,2022-01-27,"-24 day ahead inc hosp","quantile",0.75,49,"COVID-19"
"DE-SL","00+",2022-02-20,2022-01-27,"-24 day ahead inc hosp","quantile",0.9,49,"COVID-19"
"DE-SL","00+",2022-02-20,2022-01-27,"-24 day ahead inc hosp","quantile",0.975,49,"COVID-19"
"DE-SL","00+",2022-02-20,2022-01-26,"-25 day ahead inc hosp","mean",NA,45,"COVID-19"
"DE-SL","00+",2022-02-20,2022-01-26,"-25 day ahead inc hosp","quantile",0.025,45,"COVID-19"
"DE-SL","00+",2022-02-20,2022-01-26,"-25 day ahead inc hosp","quantile",0.1,45,"COVID-19"
"DE-SL","00+",2022-02-20,2022-01-26,"-25 day ahead inc hosp","quantile",0.25,45,"COVID-19"
"DE-SL","00+",2022-02-20,2022-01-26,"-25 day ahead inc hosp","quantile",0.5,45,"COVID-19"
"DE-SL","00+",2022-02-20,2022-01-26,"-25 day ahead inc hosp","quantile",0.75,45,"COVID-19"
"DE-SL","00+",2022-02-20,2022-01-26,"-25 day ahead inc hosp","quantile",0.9,45,"COVID-19"
"DE-SL","00+",2022-02-20,2022-01-26,"-25 day ahead inc hosp","quantile",0.975,45,"COVID-19"
"DE-SL","00+",2022-02-20,2022-01-25,"-26 day ahead inc hosp","mean",NA,38,"COVID-19"
"DE-SL","00+",2022-02-20,2022-01-25,"-26 day ahead inc hosp","quantile",0.025,38,"COVID-19"
"DE-SL","00+",2022-02-20,2022-01-25,"-26 day ahead inc hosp","quantile",0.1,38,"COVID-19"
"DE-SL","00+",2022-02-20,2022-01-25,"-26 day ahead inc hosp","quantile",0.25,38,"COVID-19"
"DE-SL","00+",2022-02-20,2022-01-25,"-26 day ahead inc hosp","quantile",0.5,38,"COVID-19"
"DE-SL","00+",2022-02-20,2022-01-25,"-26 day ahead inc hosp","quantile",0.75,38,"COVID-19"
"DE-SL","00+",2022-02-20,2022-01-25,"-26 day ahead inc hosp","quantile",0.9,38,"COVID-19"
"DE-SL","00+",2022-02-20,2022-01-25,"-26 day ahead inc hosp","quantile",0.975,38,"COVID-19"
"DE-SL","00+",2022-02-20,2022-01-24,"-27 day ahead inc hosp","mean",NA,41,"COVID-19"
"DE-SL","00+",2022-02-20,2022-01-24,"-27 day ahead inc hosp","quantile",0.025,41,"COVID-19"
"DE-SL","00+",2022-02-20,2022-01-24,"-27 day ahead inc hosp","quantile",0.1,41,"COVID-19"
"DE-SL","00+",2022-02-20,2022-01-24,"-27 day ahead inc hosp","quantile",0.25,41,"COVID-19"
"DE-SL","00+",2022-02-20,2022-01-24,"-27 day ahead inc hosp","quantile",0.5,41,"COVID-19"
"DE-SL","00+",2022-02-20,2022-01-24,"-27 day ahead inc hosp","quantile",0.75,41,"COVID-19"
"DE-SL","00+",2022-02-20,2022-01-24,"-27 day ahead inc hosp","quantile",0.9,41,"COVID-19"
"DE-SL","00+",2022-02-20,2022-01-24,"-27 day ahead inc hosp","quantile",0.975,41,"COVID-19"
"DE-SL","00+",2022-02-20,2022-01-23,"-28 day ahead inc hosp","mean",NA,41,"COVID-19"
"DE-SL","00+",2022-02-20,2022-01-23,"-28 day ahead inc hosp","quantile",0.025,41,"COVID-19"
"DE-SL","00+",2022-02-20,2022-01-23,"-28 day ahead inc hosp","quantile",0.1,41,"COVID-19"
"DE-SL","00+",2022-02-20,2022-01-23,"-28 day ahead inc hosp","quantile",0.25,41,"COVID-19"
"DE-SL","00+",2022-02-20,2022-01-23,"-28 day ahead inc hosp","quantile",0.5,41,"COVID-19"
"DE-SL","00+",2022-02-20,2022-01-23,"-28 day ahead inc hosp","quantile",0.75,41,"COVID-19"
"DE-SL","00+",2022-02-20,2022-01-23,"-28 day ahead inc hosp","quantile",0.9,41,"COVID-19"
"DE-SL","00+",2022-02-20,2022-01-23,"-28 day ahead inc hosp","quantile",0.975,41,"COVID-19"
"DE-SN","00+",2022-02-20,2022-02-20,"0 day ahead inc hosp","mean",NA,408,"COVID-19"
"DE-SN","00+",2022-02-20,2022-02-20,"0 day ahead inc hosp","quantile",0.025,270,"COVID-19"
"DE-SN","00+",2022-02-20,2022-02-20,"0 day ahead inc hosp","quantile",0.1,294,"COVID-19"
"DE-SN","00+",2022-02-20,2022-02-20,"0 day ahead inc hosp","quantile",0.25,328,"COVID-19"
"DE-SN","00+",2022-02-20,2022-02-20,"0 day ahead inc hosp","quantile",0.5,384,"COVID-19"
"DE-SN","00+",2022-02-20,2022-02-20,"0 day ahead inc hosp","quantile",0.75,462,"COVID-19"
"DE-SN","00+",2022-02-20,2022-02-20,"0 day ahead inc hosp","quantile",0.9,553,"COVID-19"
"DE-SN","00+",2022-02-20,2022-02-20,"0 day ahead inc hosp","quantile",0.975,681,"COVID-19"
"DE-SN","00+",2022-02-20,2022-02-19,"-1 day ahead inc hosp","mean",NA,442,"COVID-19"
"DE-SN","00+",2022-02-20,2022-02-19,"-1 day ahead inc hosp","quantile",0.025,291,"COVID-19"
"DE-SN","00+",2022-02-20,2022-02-19,"-1 day ahead inc hosp","quantile",0.1,314,"COVID-19"
"DE-SN","00+",2022-02-20,2022-02-19,"-1 day ahead inc hosp","quantile",0.25,350,"COVID-19"
"DE-SN","00+",2022-02-20,2022-02-19,"-1 day ahead inc hosp","quantile",0.5,411,"COVID-19"
"DE-SN","00+",2022-02-20,2022-02-19,"-1 day ahead inc hosp","quantile",0.75,501,"COVID-19"
"DE-SN","00+",2022-02-20,2022-02-19,"-1 day ahead inc hosp","quantile",0.9,609,"COVID-19"
"DE-SN","00+",2022-02-20,2022-02-19,"-1 day ahead inc hosp","quantile",0.975,763,"COVID-19"
"DE-SN","00+",2022-02-20,2022-02-18,"-2 day ahead inc hosp","mean",NA,469,"COVID-19"
"DE-SN","00+",2022-02-20,2022-02-18,"-2 day ahead inc hosp","quantile",0.025,325,"COVID-19"
"DE-SN","00+",2022-02-20,2022-02-18,"-2 day ahead inc hosp","quantile",0.1,345,"COVID-19"
"DE-SN","00+",2022-02-20,2022-02-18,"-2 day ahead inc hosp","quantile",0.25,378,"COVID-19"
"DE-SN","00+",2022-02-20,2022-02-18,"-2 day ahead inc hosp","quantile",0.5,438,"COVID-19"
"DE-SN","00+",2022-02-20,2022-02-18,"-2 day ahead inc hosp","quantile",0.75,527,"COVID-19"
"DE-SN","00+",2022-02-20,2022-02-18,"-2 day ahead inc hosp","quantile",0.9,635,"COVID-19"
"DE-SN","00+",2022-02-20,2022-02-18,"-2 day ahead inc hosp","quantile",0.975,791,"COVID-19"
"DE-SN","00+",2022-02-20,2022-02-17,"-3 day ahead inc hosp","mean",NA,466,"COVID-19"
"DE-SN","00+",2022-02-20,2022-02-17,"-3 day ahead inc hosp","quantile",0.025,339,"COVID-19"
"DE-SN","00+",2022-02-20,2022-02-17,"-3 day ahead inc hosp","quantile",0.1,356,"COVID-19"
"DE-SN","00+",2022-02-20,2022-02-17,"-3 day ahead inc hosp","quantile",0.25,385,"COVID-19"
"DE-SN","00+",2022-02-20,2022-02-17,"-3 day ahead inc hosp","quantile",0.5,437,"COVID-19"
"DE-SN","00+",2022-02-20,2022-02-17,"-3 day ahead inc hosp","quantile",0.75,517,"COVID-19"
"DE-SN","00+",2022-02-20,2022-02-17,"-3 day ahead inc hosp","quantile",0.9,614,"COVID-19"
"DE-SN","00+",2022-02-20,2022-02-17,"-3 day ahead inc hosp","quantile",0.975,754,"COVID-19"
"DE-SN","00+",2022-02-20,2022-02-16,"-4 day ahead inc hosp","mean",NA,442,"COVID-19"
"DE-SN","00+",2022-02-20,2022-02-16,"-4 day ahead inc hosp","quantile",0.025,338,"COVID-19"
"DE-SN","00+",2022-02-20,2022-02-16,"-4 day ahead inc hosp","quantile",0.1,352,"COVID-19"
"DE-SN","00+",2022-02-20,2022-02-16,"-4 day ahead inc hosp","quantile",0.25,375,"COVID-19"
"DE-SN","00+",2022-02-20,2022-02-16,"-4 day ahead inc hosp","quantile",0.5,418,"COVID-19"
"DE-SN","00+",2022-02-20,2022-02-16,"-4 day ahead inc hosp","quantile",0.75,483,"COVID-19"
"DE-SN","00+",2022-02-20,2022-02-16,"-4 day ahead inc hosp","quantile",0.9,562,"COVID-19"
"DE-SN","00+",2022-02-20,2022-02-16,"-4 day ahead inc hosp","quantile",0.975,677,"COVID-19"
"DE-SN","00+",2022-02-20,2022-02-15,"-5 day ahead inc hosp","mean",NA,438,"COVID-19"
"DE-SN","00+",2022-02-20,2022-02-15,"-5 day ahead inc hosp","quantile",0.025,350,"COVID-19"
"DE-SN","00+",2022-02-20,2022-02-15,"-5 day ahead inc hosp","quantile",0.1,361,"COVID-19"
"DE-SN","00+",2022-02-20,2022-02-15,"-5 day ahead inc hosp","quantile",0.25,381,"COVID-19"
"DE-SN","00+",2022-02-20,2022-02-15,"-5 day ahead inc hosp","quantile",0.5,417,"COVID-19"
"DE-SN","00+",2022-02-20,2022-02-15,"-5 day ahead inc hosp","quantile",0.75,473,"COVID-19"
"DE-SN","00+",2022-02-20,2022-02-15,"-5 day ahead inc hosp","quantile",0.9,541,"COVID-19"
"DE-SN","00+",2022-02-20,2022-02-15,"-5 day ahead inc hosp","quantile",0.975,641,"COVID-19"
"DE-SN","00+",2022-02-20,2022-02-14,"-6 day ahead inc hosp","mean",NA,415,"COVID-19"
"DE-SN","00+",2022-02-20,2022-02-14,"-6 day ahead inc hosp","quantile",0.025,348,"COVID-19"
"DE-SN","00+",2022-02-20,2022-02-14,"-6 day ahead inc hosp","quantile",0.1,357,"COVID-19"
"DE-SN","00+",2022-02-20,2022-02-14,"-6 day ahead inc hosp","quantile",0.25,372,"COVID-19"
"DE-SN","00+",2022-02-20,2022-02-14,"-6 day ahead inc hosp","quantile",0.5,400,"COVID-19"
"DE-SN","00+",2022-02-20,2022-02-14,"-6 day ahead inc hosp","quantile",0.75,442,"COVID-19"
"DE-SN","00+",2022-02-20,2022-02-14,"-6 day ahead inc hosp","quantile",0.9,495,"COVID-19"
"DE-SN","00+",2022-02-20,2022-02-14,"-6 day ahead inc hosp","quantile",0.975,572,"COVID-19"
"DE-SN","00+",2022-02-20,2022-02-13,"-7 day ahead inc hosp","mean",NA,393,"COVID-19"
"DE-SN","00+",2022-02-20,2022-02-13,"-7 day ahead inc hosp","quantile",0.025,334,"COVID-19"
"DE-SN","00+",2022-02-20,2022-02-13,"-7 day ahead inc hosp","quantile",0.1,342,"COVID-19"
"DE-SN","00+",2022-02-20,2022-02-13,"-7 day ahead inc hosp","quantile",0.25,355,"COVID-19"
"DE-SN","00+",2022-02-20,2022-02-13,"-7 day ahead inc hosp","quantile",0.5,379,"COVID-19"
"DE-SN","00+",2022-02-20,2022-02-13,"-7 day ahead inc hosp","quantile",0.75,417,"COVID-19"
"DE-SN","00+",2022-02-20,2022-02-13,"-7 day ahead inc hosp","quantile",0.9,464,"COVID-19"
"DE-SN","00+",2022-02-20,2022-02-13,"-7 day ahead inc hosp","quantile",0.975,532,"COVID-19"
"DE-SN","00+",2022-02-20,2022-02-12,"-8 day ahead inc hosp","mean",NA,377,"COVID-19"
"DE-SN","00+",2022-02-20,2022-02-12,"-8 day ahead inc hosp","quantile",0.025,324,"COVID-19"
"DE-SN","00+",2022-02-20,2022-02-12,"-8 day ahead inc hosp","quantile",0.1,330,"COVID-19"
"DE-SN","00+",2022-02-20,2022-02-12,"-8 day ahead inc hosp","quantile",0.25,342,"COVID-19"
"DE-SN","00+",2022-02-20,2022-02-12,"-8 day ahead inc hosp","quantile",0.5,364,"COVID-19"
"DE-SN","00+",2022-02-20,2022-02-12,"-8 day ahead inc hosp","quantile",0.75,399,"COVID-19"
"DE-SN","00+",2022-02-20,2022-02-12,"-8 day ahead inc hosp","quantile",0.9,442,"COVID-19"
"DE-SN","00+",2022-02-20,2022-02-12,"-8 day ahead inc hosp","quantile",0.975,505,"COVID-19"
"DE-SN","00+",2022-02-20,2022-02-11,"-9 day ahead inc hosp","mean",NA,352,"COVID-19"
"DE-SN","00+",2022-02-20,2022-02-11,"-9 day ahead inc hosp","quantile",0.025,307,"COVID-19"
"DE-SN","00+",2022-02-20,2022-02-11,"-9 day ahead inc hosp","quantile",0.1,312,"COVID-19"
"DE-SN","00+",2022-02-20,2022-02-11,"-9 day ahead inc hosp","quantile",0.25,322,"COVID-19"
"DE-SN","00+",2022-02-20,2022-02-11,"-9 day ahead inc hosp","quantile",0.5,341,"COVID-19"
"DE-SN","00+",2022-02-20,2022-02-11,"-9 day ahead inc hosp","quantile",0.75,370,"COVID-19"
"DE-SN","00+",2022-02-20,2022-02-11,"-9 day ahead inc hosp","quantile",0.9,406,"COVID-19"
"DE-SN","00+",2022-02-20,2022-02-11,"-9 day ahead inc hosp","quantile",0.975,460,"COVID-19"
"DE-SN","00+",2022-02-20,2022-02-10,"-10 day ahead inc hosp","mean",NA,341,"COVID-19"
"DE-SN","00+",2022-02-20,2022-02-10,"-10 day ahead inc hosp","quantile",0.025,302,"COVID-19"
"DE-SN","00+",2022-02-20,2022-02-10,"-10 day ahead inc hosp","quantile",0.1,306,"COVID-19"
"DE-SN","00+",2022-02-20,2022-02-10,"-10 day ahead inc hosp","quantile",0.25,314,"COVID-19"
"DE-SN","00+",2022-02-20,2022-02-10,"-10 day ahead inc hosp","quantile",0.5,331,"COVID-19"
"DE-SN","00+",2022-02-20,2022-02-10,"-10 day ahead inc hosp","quantile",0.75,356,"COVID-19"
"DE-SN","00+",2022-02-20,2022-02-10,"-10 day ahead inc hosp","quantile",0.9,388,"COVID-19"
"DE-SN","00+",2022-02-20,2022-02-10,"-10 day ahead inc hosp","quantile",0.975,436,"COVID-19"
"DE-SN","00+",2022-02-20,2022-02-09,"-11 day ahead inc hosp","mean",NA,329,"COVID-19"
"DE-SN","00+",2022-02-20,2022-02-09,"-11 day ahead inc hosp","quantile",0.025,295,"COVID-19"
"DE-SN","00+",2022-02-20,2022-02-09,"-11 day ahead inc hosp","quantile",0.1,299,"COVID-19"
"DE-SN","00+",2022-02-20,2022-02-09,"-11 day ahead inc hosp","quantile",0.25,306,"COVID-19"
"DE-SN","00+",2022-02-20,2022-02-09,"-11 day ahead inc hosp","quantile",0.5,320,"COVID-19"
"DE-SN","00+",2022-02-20,2022-02-09,"-11 day ahead inc hosp","quantile",0.75,342,"COVID-19"
"DE-SN","00+",2022-02-20,2022-02-09,"-11 day ahead inc hosp","quantile",0.9,370,"COVID-19"
"DE-SN","00+",2022-02-20,2022-02-09,"-11 day ahead inc hosp","quantile",0.975,410,"COVID-19"
"DE-SN","00+",2022-02-20,2022-02-08,"-12 day ahead inc hosp","mean",NA,319,"COVID-19"
"DE-SN","00+",2022-02-20,2022-02-08,"-12 day ahead inc hosp","quantile",0.025,291,"COVID-19"
"DE-SN","00+",2022-02-20,2022-02-08,"-12 day ahead inc hosp","quantile",0.1,294,"COVID-19"
"DE-SN","00+",2022-02-20,2022-02-08,"-12 day ahead inc hosp","quantile",0.25,299,"COVID-19"
"DE-SN","00+",2022-02-20,2022-02-08,"-12 day ahead inc hosp","quantile",0.5,311,"COVID-19"
"DE-SN","00+",2022-02-20,2022-02-08,"-12 day ahead inc hosp","quantile",0.75,330,"COVID-19"
"DE-SN","00+",2022-02-20,2022-02-08,"-12 day ahead inc hosp","quantile",0.9,354,"COVID-19"
"DE-SN","00+",2022-02-20,2022-02-08,"-12 day ahead inc hosp","quantile",0.975,389,"COVID-19"
"DE-SN","00+",2022-02-20,2022-02-07,"-13 day ahead inc hosp","mean",NA,285,"COVID-19"
"DE-SN","00+",2022-02-20,2022-02-07,"-13 day ahead inc hosp","quantile",0.025,264,"COVID-19"
"DE-SN","00+",2022-02-20,2022-02-07,"-13 day ahead inc hosp","quantile",0.1,266,"COVID-19"
"DE-SN","00+",2022-02-20,2022-02-07,"-13 day ahead inc hosp","quantile",0.25,271,"COVID-19"
"DE-SN","00+",2022-02-20,2022-02-07,"-13 day ahead inc hosp","quantile",0.5,279,"COVID-19"
"DE-SN","00+",2022-02-20,2022-02-07,"-13 day ahead inc hosp","quantile",0.75,293,"COVID-19"
"DE-SN","00+",2022-02-20,2022-02-07,"-13 day ahead inc hosp","quantile",0.9,312,"COVID-19"
"DE-SN","00+",2022-02-20,2022-02-07,"-13 day ahead inc hosp","quantile",0.975,338,"COVID-19"
"DE-SN","00+",2022-02-20,2022-02-06,"-14 day ahead inc hosp","mean",NA,282,"COVID-19"
"DE-SN","00+",2022-02-20,2022-02-06,"-14 day ahead inc hosp","quantile",0.025,262,"COVID-19"
"DE-SN","00+",2022-02-20,2022-02-06,"-14 day ahead inc hosp","quantile",0.1,264,"COVID-19"
"DE-SN","00+",2022-02-20,2022-02-06,"-14 day ahead inc hosp","quantile",0.25,268,"COVID-19"
"DE-SN","00+",2022-02-20,2022-02-06,"-14 day ahead inc hosp","quantile",0.5,276,"COVID-19"
"DE-SN","00+",2022-02-20,2022-02-06,"-14 day ahead inc hosp","quantile",0.75,290,"COVID-19"
"DE-SN","00+",2022-02-20,2022-02-06,"-14 day ahead inc hosp","quantile",0.9,307,"COVID-19"
"DE-SN","00+",2022-02-20,2022-02-06,"-14 day ahead inc hosp","quantile",0.975,333,"COVID-19"
"DE-SN","00+",2022-02-20,2022-02-05,"-15 day ahead inc hosp","mean",NA,284,"COVID-19"
"DE-SN","00+",2022-02-20,2022-02-05,"-15 day ahead inc hosp","quantile",0.025,265,"COVID-19"
"DE-SN","00+",2022-02-20,2022-02-05,"-15 day ahead inc hosp","quantile",0.1,267,"COVID-19"
"DE-SN","00+",2022-02-20,2022-02-05,"-15 day ahead inc hosp","quantile",0.25,271,"COVID-19"
"DE-SN","00+",2022-02-20,2022-02-05,"-15 day ahead inc hosp","quantile",0.5,278,"COVID-19"
"DE-SN","00+",2022-02-20,2022-02-05,"-15 day ahead inc hosp","quantile",0.75,292,"COVID-19"
"DE-SN","00+",2022-02-20,2022-02-05,"-15 day ahead inc hosp","quantile",0.9,309,"COVID-19"
"DE-SN","00+",2022-02-20,2022-02-05,"-15 day ahead inc hosp","quantile",0.975,334,"COVID-19"
"DE-SN","00+",2022-02-20,2022-02-04,"-16 day ahead inc hosp","mean",NA,276,"COVID-19"
"DE-SN","00+",2022-02-20,2022-02-04,"-16 day ahead inc hosp","quantile",0.025,259,"COVID-19"
"DE-SN","00+",2022-02-20,2022-02-04,"-16 day ahead inc hosp","quantile",0.1,260,"COVID-19"
"DE-SN","00+",2022-02-20,2022-02-04,"-16 day ahead inc hosp","quantile",0.25,264,"COVID-19"
"DE-SN","00+",2022-02-20,2022-02-04,"-16 day ahead inc hosp","quantile",0.5,271,"COVID-19"
"DE-SN","00+",2022-02-20,2022-02-04,"-16 day ahead inc hosp","quantile",0.75,283,"COVID-19"
"DE-SN","00+",2022-02-20,2022-02-04,"-16 day ahead inc hosp","quantile",0.9,299,"COVID-19"
"DE-SN","00+",2022-02-20,2022-02-04,"-16 day ahead inc hosp","quantile",0.975,323,"COVID-19"
"DE-SN","00+",2022-02-20,2022-02-03,"-17 day ahead inc hosp","mean",NA,257,"COVID-19"
"DE-SN","00+",2022-02-20,2022-02-03,"-17 day ahead inc hosp","quantile",0.025,243,"COVID-19"
"DE-SN","00+",2022-02-20,2022-02-03,"-17 day ahead inc hosp","quantile",0.1,244,"COVID-19"
"DE-SN","00+",2022-02-20,2022-02-03,"-17 day ahead inc hosp","quantile",0.25,247,"COVID-19"
"DE-SN","00+",2022-02-20,2022-02-03,"-17 day ahead inc hosp","quantile",0.5,253,"COVID-19"
"DE-SN","00+",2022-02-20,2022-02-03,"-17 day ahead inc hosp","quantile",0.75,263,"COVID-19"
"DE-SN","00+",2022-02-20,2022-02-03,"-17 day ahead inc hosp","quantile",0.9,277,"COVID-19"
"DE-SN","00+",2022-02-20,2022-02-03,"-17 day ahead inc hosp","quantile",0.975,297,"COVID-19"
"DE-SN","00+",2022-02-20,2022-02-02,"-18 day ahead inc hosp","mean",NA,247,"COVID-19"
"DE-SN","00+",2022-02-20,2022-02-02,"-18 day ahead inc hosp","quantile",0.025,235,"COVID-19"
"DE-SN","00+",2022-02-20,2022-02-02,"-18 day ahead inc hosp","quantile",0.1,236,"COVID-19"
"DE-SN","00+",2022-02-20,2022-02-02,"-18 day ahead inc hosp","quantile",0.25,238,"COVID-19"
"DE-SN","00+",2022-02-20,2022-02-02,"-18 day ahead inc hosp","quantile",0.5,244,"COVID-19"
"DE-SN","00+",2022-02-20,2022-02-02,"-18 day ahead inc hosp","quantile",0.75,252,"COVID-19"
"DE-SN","00+",2022-02-20,2022-02-02,"-18 day ahead inc hosp","quantile",0.9,264,"COVID-19"
"DE-SN","00+",2022-02-20,2022-02-02,"-18 day ahead inc hosp","quantile",0.975,280,"COVID-19"
"DE-SN","00+",2022-02-20,2022-02-01,"-19 day ahead inc hosp","mean",NA,230,"COVID-19"
"DE-SN","00+",2022-02-20,2022-02-01,"-19 day ahead inc hosp","quantile",0.025,220,"COVID-19"
"DE-SN","00+",2022-02-20,2022-02-01,"-19 day ahead inc hosp","quantile",0.1,221,"COVID-19"
"DE-SN","00+",2022-02-20,2022-02-01,"-19 day ahead inc hosp","quantile",0.25,223,"COVID-19"
"DE-SN","00+",2022-02-20,2022-02-01,"-19 day ahead inc hosp","quantile",0.5,227,"COVID-19"
"DE-SN","00+",2022-02-20,2022-02-01,"-19 day ahead inc hosp","quantile",0.75,234,"COVID-19"
"DE-SN","00+",2022-02-20,2022-02-01,"-19 day ahead inc hosp","quantile",0.9,243,"COVID-19"
"DE-SN","00+",2022-02-20,2022-02-01,"-19 day ahead inc hosp","quantile",0.975,257,"COVID-19"
"DE-SN","00+",2022-02-20,2022-01-31,"-20 day ahead inc hosp","mean",NA,227,"COVID-19"
"DE-SN","00+",2022-02-20,2022-01-31,"-20 day ahead inc hosp","quantile",0.025,218,"COVID-19"
"DE-SN","00+",2022-02-20,2022-01-31,"-20 day ahead inc hosp","quantile",0.1,219,"COVID-19"
"DE-SN","00+",2022-02-20,2022-01-31,"-20 day ahead inc hosp","quantile",0.25,220,"COVID-19"
"DE-SN","00+",2022-02-20,2022-01-31,"-20 day ahead inc hosp","quantile",0.5,224,"COVID-19"
"DE-SN","00+",2022-02-20,2022-01-31,"-20 day ahead inc hosp","quantile",0.75,230,"COVID-19"
"DE-SN","00+",2022-02-20,2022-01-31,"-20 day ahead inc hosp","quantile",0.9,238,"COVID-19"
"DE-SN","00+",2022-02-20,2022-01-31,"-20 day ahead inc hosp","quantile",0.975,250,"COVID-19"
"DE-SN","00+",2022-02-20,2022-01-30,"-21 day ahead inc hosp","mean",NA,224,"COVID-19"
"DE-SN","00+",2022-02-20,2022-01-30,"-21 day ahead inc hosp","quantile",0.025,216,"COVID-19"
"DE-SN","00+",2022-02-20,2022-01-30,"-21 day ahead inc hosp","quantile",0.1,217,"COVID-19"
"DE-SN","00+",2022-02-20,2022-01-30,"-21 day ahead inc hosp","quantile",0.25,218,"COVID-19"
"DE-SN","00+",2022-02-20,2022-01-30,"-21 day ahead inc hosp","quantile",0.5,222,"COVID-19"
"DE-SN","00+",2022-02-20,2022-01-30,"-21 day ahead inc hosp","quantile",0.75,228,"COVID-19"
"DE-SN","00+",2022-02-20,2022-01-30,"-21 day ahead inc hosp","quantile",0.9,235,"COVID-19"
"DE-SN","00+",2022-02-20,2022-01-30,"-21 day ahead inc hosp","quantile",0.975,246,"COVID-19"
"DE-SN","00+",2022-02-20,2022-01-29,"-22 day ahead inc hosp","mean",NA,222,"COVID-19"
"DE-SN","00+",2022-02-20,2022-01-29,"-22 day ahead inc hosp","quantile",0.025,214,"COVID-19"
"DE-SN","00+",2022-02-20,2022-01-29,"-22 day ahead inc hosp","quantile",0.1,215,"COVID-19"
"DE-SN","00+",2022-02-20,2022-01-29,"-22 day ahead inc hosp","quantile",0.25,216,"COVID-19"
"DE-SN","00+",2022-02-20,2022-01-29,"-22 day ahead inc hosp","quantile",0.5,220,"COVID-19"
"DE-SN","00+",2022-02-20,2022-01-29,"-22 day ahead inc hosp","quantile",0.75,225,"COVID-19"
"DE-SN","00+",2022-02-20,2022-01-29,"-22 day ahead inc hosp","quantile",0.9,232,"COVID-19"
"DE-SN","00+",2022-02-20,2022-01-29,"-22 day ahead inc hosp","quantile",0.975,242,"COVID-19"
"DE-SN","00+",2022-02-20,2022-01-28,"-23 day ahead inc hosp","mean",NA,224,"COVID-19"
"DE-SN","00+",2022-02-20,2022-01-28,"-23 day ahead inc hosp","quantile",0.025,217,"COVID-19"
"DE-SN","00+",2022-02-20,2022-01-28,"-23 day ahead inc hosp","quantile",0.1,218,"COVID-19"
"DE-SN","00+",2022-02-20,2022-01-28,"-23 day ahead inc hosp","quantile",0.25,219,"COVID-19"
"DE-SN","00+",2022-02-20,2022-01-28,"-23 day ahead inc hosp","quantile",0.5,222,"COVID-19"
"DE-SN","00+",2022-02-20,2022-01-28,"-23 day ahead inc hosp","quantile",0.75,228,"COVID-19"
"DE-SN","00+",2022-02-20,2022-01-28,"-23 day ahead inc hosp","quantile",0.9,234,"COVID-19"
"DE-SN","00+",2022-02-20,2022-01-28,"-23 day ahead inc hosp","quantile",0.975,243,"COVID-19"
"DE-SN","00+",2022-02-20,2022-01-27,"-24 day ahead inc hosp","mean",NA,228,"COVID-19"
"DE-SN","00+",2022-02-20,2022-01-27,"-24 day ahead inc hosp","quantile",0.025,221,"COVID-19"
"DE-SN","00+",2022-02-20,2022-01-27,"-24 day ahead inc hosp","quantile",0.1,222,"COVID-19"
"DE-SN","00+",2022-02-20,2022-01-27,"-24 day ahead inc hosp","quantile",0.25,223,"COVID-19"
"DE-SN","00+",2022-02-20,2022-01-27,"-24 day ahead inc hosp","quantile",0.5,226,"COVID-19"
"DE-SN","00+",2022-02-20,2022-01-27,"-24 day ahead inc hosp","quantile",0.75,231,"COVID-19"
"DE-SN","00+",2022-02-20,2022-01-27,"-24 day ahead inc hosp","quantile",0.9,237,"COVID-19"
"DE-SN","00+",2022-02-20,2022-01-27,"-24 day ahead inc hosp","quantile",0.975,246,"COVID-19"
"DE-SN","00+",2022-02-20,2022-01-26,"-25 day ahead inc hosp","mean",NA,220,"COVID-19"
"DE-SN","00+",2022-02-20,2022-01-26,"-25 day ahead inc hosp","quantile",0.025,214,"COVID-19"
"DE-SN","00+",2022-02-20,2022-01-26,"-25 day ahead inc hosp","quantile",0.1,215,"COVID-19"
"DE-SN","00+",2022-02-20,2022-01-26,"-25 day ahead inc hosp","quantile",0.25,216,"COVID-19"
"DE-SN","00+",2022-02-20,2022-01-26,"-25 day ahead inc hosp","quantile",0.5,219,"COVID-19"
"DE-SN","00+",2022-02-20,2022-01-26,"-25 day ahead inc hosp","quantile",0.75,223,"COVID-19"
"DE-SN","00+",2022-02-20,2022-01-26,"-25 day ahead inc hosp","quantile",0.9,228,"COVID-19"
"DE-SN","00+",2022-02-20,2022-01-26,"-25 day ahead inc hosp","quantile",0.975,236,"COVID-19"
"DE-SN","00+",2022-02-20,2022-01-25,"-26 day ahead inc hosp","mean",NA,217,"COVID-19"
"DE-SN","00+",2022-02-20,2022-01-25,"-26 day ahead inc hosp","quantile",0.025,211,"COVID-19"
"DE-SN","00+",2022-02-20,2022-01-25,"-26 day ahead inc hosp","quantile",0.1,212,"COVID-19"
"DE-SN","00+",2022-02-20,2022-01-25,"-26 day ahead inc hosp","quantile",0.25,213,"COVID-19"
"DE-SN","00+",2022-02-20,2022-01-25,"-26 day ahead inc hosp","quantile",0.5,215,"COVID-19"
"DE-SN","00+",2022-02-20,2022-01-25,"-26 day ahead inc hosp","quantile",0.75,219,"COVID-19"
"DE-SN","00+",2022-02-20,2022-01-25,"-26 day ahead inc hosp","quantile",0.9,224,"COVID-19"
"DE-SN","00+",2022-02-20,2022-01-25,"-26 day ahead inc hosp","quantile",0.975,231,"COVID-19"
"DE-SN","00+",2022-02-20,2022-01-24,"-27 day ahead inc hosp","mean",NA,205,"COVID-19"
"DE-SN","00+",2022-02-20,2022-01-24,"-27 day ahead inc hosp","quantile",0.025,200,"COVID-19"
"DE-SN","00+",2022-02-20,2022-01-24,"-27 day ahead inc hosp","quantile",0.1,201,"COVID-19"
"DE-SN","00+",2022-02-20,2022-01-24,"-27 day ahead inc hosp","quantile",0.25,202,"COVID-19"
"DE-SN","00+",2022-02-20,2022-01-24,"-27 day ahead inc hosp","quantile",0.5,204,"COVID-19"
"DE-SN","00+",2022-02-20,2022-01-24,"-27 day ahead inc hosp","quantile",0.75,208,"COVID-19"
"DE-SN","00+",2022-02-20,2022-01-24,"-27 day ahead inc hosp","quantile",0.9,212,"COVID-19"
"DE-SN","00+",2022-02-20,2022-01-24,"-27 day ahead inc hosp","quantile",0.975,218,"COVID-19"
"DE-SN","00+",2022-02-20,2022-01-23,"-28 day ahead inc hosp","mean",NA,201,"COVID-19"
"DE-SN","00+",2022-02-20,2022-01-23,"-28 day ahead inc hosp","quantile",0.025,196,"COVID-19"
"DE-SN","00+",2022-02-20,2022-01-23,"-28 day ahead inc hosp","quantile",0.1,197,"COVID-19"
"DE-SN","00+",2022-02-20,2022-01-23,"-28 day ahead inc hosp","quantile",0.25,198,"COVID-19"
"DE-SN","00+",2022-02-20,2022-01-23,"-28 day ahead inc hosp","quantile",0.5,200,"COVID-19"
"DE-SN","00+",2022-02-20,2022-01-23,"-28 day ahead inc hosp","quantile",0.75,203,"COVID-19"
"DE-SN","00+",2022-02-20,2022-01-23,"-28 day ahead inc hosp","quantile",0.9,207,"COVID-19"
"DE-SN","00+",2022-02-20,2022-01-23,"-28 day ahead inc hosp","quantile",0.975,213,"COVID-19"
"DE-ST","00+",2022-02-20,2022-02-20,"0 day ahead inc hosp","mean",NA,308,"COVID-19"
"DE-ST","00+",2022-02-20,2022-02-20,"0 day ahead inc hosp","quantile",0.025,205,"COVID-19"
"DE-ST","00+",2022-02-20,2022-02-20,"0 day ahead inc hosp","quantile",0.1,229,"COVID-19"
"DE-ST","00+",2022-02-20,2022-02-20,"0 day ahead inc hosp","quantile",0.25,257,"COVID-19"
"DE-ST","00+",2022-02-20,2022-02-20,"0 day ahead inc hosp","quantile",0.5,297,"COVID-19"
"DE-ST","00+",2022-02-20,2022-02-20,"0 day ahead inc hosp","quantile",0.75,347,"COVID-19"
"DE-ST","00+",2022-02-20,2022-02-20,"0 day ahead inc hosp","quantile",0.9,401,"COVID-19"
"DE-ST","00+",2022-02-20,2022-02-20,"0 day ahead inc hosp","quantile",0.975,472,"COVID-19"
"DE-ST","00+",2022-02-20,2022-02-19,"-1 day ahead inc hosp","mean",NA,320,"COVID-19"
"DE-ST","00+",2022-02-20,2022-02-19,"-1 day ahead inc hosp","quantile",0.025,219,"COVID-19"
"DE-ST","00+",2022-02-20,2022-02-19,"-1 day ahead inc hosp","quantile",0.1,242,"COVID-19"
"DE-ST","00+",2022-02-20,2022-02-19,"-1 day ahead inc hosp","quantile",0.25,270,"COVID-19"
"DE-ST","00+",2022-02-20,2022-02-19,"-1 day ahead inc hosp","quantile",0.5,309,"COVID-19"
"DE-ST","00+",2022-02-20,2022-02-19,"-1 day ahead inc hosp","quantile",0.75,358,"COVID-19"
"DE-ST","00+",2022-02-20,2022-02-19,"-1 day ahead inc hosp","quantile",0.9,412,"COVID-19"
"DE-ST","00+",2022-02-20,2022-02-19,"-1 day ahead inc hosp","quantile",0.975,483,"COVID-19"
"DE-ST","00+",2022-02-20,2022-02-18,"-2 day ahead inc hosp","mean",NA,290,"COVID-19"
"DE-ST","00+",2022-02-20,2022-02-18,"-2 day ahead inc hosp","quantile",0.025,208,"COVID-19"
"DE-ST","00+",2022-02-20,2022-02-18,"-2 day ahead inc hosp","quantile",0.1,226,"COVID-19"
"DE-ST","00+",2022-02-20,2022-02-18,"-2 day ahead inc hosp","quantile",0.25,248,"COVID-19"
"DE-ST","00+",2022-02-20,2022-02-18,"-2 day ahead inc hosp","quantile",0.5,280,"COVID-19"
"DE-ST","00+",2022-02-20,2022-02-18,"-2 day ahead inc hosp","quantile",0.75,321,"COVID-19"
"DE-ST","00+",2022-02-20,2022-02-18,"-2 day ahead inc hosp","quantile",0.9,365,"COVID-19"
"DE-ST","00+",2022-02-20,2022-02-18,"-2 day ahead inc hosp","quantile",0.975,425,"COVID-19"
"DE-ST","00+",2022-02-20,2022-02-17,"-3 day ahead inc hosp","mean",NA,296,"COVID-19"
"DE-ST","00+",2022-02-20,2022-02-17,"-3 day ahead inc hosp","quantile",0.025,221,"COVID-19"
"DE-ST","00+",2022-02-20,2022-02-17,"-3 day ahead inc hosp","quantile",0.1,237,"COVID-19"
"DE-ST","00+",2022-02-20,2022-02-17,"-3 day ahead inc hosp","quantile",0.25,258,"COVID-19"
"DE-ST","00+",2022-02-20,2022-02-17,"-3 day ahead inc hosp","quantile",0.5,287,"COVID-19"
"DE-ST","00+",2022-02-20,2022-02-17,"-3 day ahead inc hosp","quantile",0.75,325,"COVID-19"
"DE-ST","00+",2022-02-20,2022-02-17,"-3 day ahead inc hosp","quantile",0.9,366,"COVID-19"
"DE-ST","00+",2022-02-20,2022-02-17,"-3 day ahead inc hosp","quantile",0.975,422,"COVID-19"
"DE-ST","00+",2022-02-20,2022-02-16,"-4 day ahead inc hosp","mean",NA,284,"COVID-19"
"DE-ST","00+",2022-02-20,2022-02-16,"-4 day ahead inc hosp","quantile",0.025,220,"COVID-19"
"DE-ST","00+",2022-02-20,2022-02-16,"-4 day ahead inc hosp","quantile",0.1,233,"COVID-19"
"DE-ST","00+",2022-02-20,2022-02-16,"-4 day ahead inc hosp","quantile",0.25,251,"COVID-19"
"DE-ST","00+",2022-02-20,2022-02-16,"-4 day ahead inc hosp","quantile",0.5,276,"COVID-19"
"DE-ST","00+",2022-02-20,2022-02-16,"-4 day ahead inc hosp","quantile",0.75,308,"COVID-19"
"DE-ST","00+",2022-02-20,2022-02-16,"-4 day ahead inc hosp","quantile",0.9,344,"COVID-19"
"DE-ST","00+",2022-02-20,2022-02-16,"-4 day ahead inc hosp","quantile",0.975,393,"COVID-19"
"DE-ST","00+",2022-02-20,2022-02-15,"-5 day ahead inc hosp","mean",NA,297,"COVID-19"
"DE-ST","00+",2022-02-20,2022-02-15,"-5 day ahead inc hosp","quantile",0.025,238,"COVID-19"
"DE-ST","00+",2022-02-20,2022-02-15,"-5 day ahead inc hosp","quantile",0.1,250,"COVID-19"
"DE-ST","00+",2022-02-20,2022-02-15,"-5 day ahead inc hosp","quantile",0.25,266,"COVID-19"
"DE-ST","00+",2022-02-20,2022-02-15,"-5 day ahead inc hosp","quantile",0.5,289,"COVID-19"
"DE-ST","00+",2022-02-20,2022-02-15,"-5 day ahead inc hosp","quantile",0.75,319,"COVID-19"
"DE-ST","00+",2022-02-20,2022-02-15,"-5 day ahead inc hosp","quantile",0.9,352,"COVID-19"
"DE-ST","00+",2022-02-20,2022-02-15,"-5 day ahead inc hosp","quantile",0.975,397,"COVID-19"
"DE-ST","00+",2022-02-20,2022-02-14,"-6 day ahead inc hosp","mean",NA,312,"COVID-19"
"DE-ST","00+",2022-02-20,2022-02-14,"-6 day ahead inc hosp","quantile",0.025,256,"COVID-19"
"DE-ST","00+",2022-02-20,2022-02-14,"-6 day ahead inc hosp","quantile",0.1,267,"COVID-19"
"DE-ST","00+",2022-02-20,2022-02-14,"-6 day ahead inc hosp","quantile",0.25,282,"COVID-19"
"DE-ST","00+",2022-02-20,2022-02-14,"-6 day ahead inc hosp","quantile",0.5,304,"COVID-19"
"DE-ST","00+",2022-02-20,2022-02-14,"-6 day ahead inc hosp","quantile",0.75,333,"COVID-19"
"DE-ST","00+",2022-02-20,2022-02-14,"-6 day ahead inc hosp","quantile",0.9,366,"COVID-19"
"DE-ST","00+",2022-02-20,2022-02-14,"-6 day ahead inc hosp","quantile",0.975,409,"COVID-19"
"DE-ST","00+",2022-02-20,2022-02-13,"-7 day ahead inc hosp","mean",NA,321,"COVID-19"
"DE-ST","00+",2022-02-20,2022-02-13,"-7 day ahead inc hosp","quantile",0.025,265,"COVID-19"
"DE-ST","00+",2022-02-20,2022-02-13,"-7 day ahead inc hosp","quantile",0.1,276,"COVID-19"
"DE-ST","00+",2022-02-20,2022-02-13,"-7 day ahead inc hosp","quantile",0.25,291,"COVID-19"
"DE-ST","00+",2022-02-20,2022-02-13,"-7 day ahead inc hosp","quantile",0.5,313,"COVID-19"
"DE-ST","00+",2022-02-20,2022-02-13,"-7 day ahead inc hosp","quantile",0.75,342,"COVID-19"
"DE-ST","00+",2022-02-20,2022-02-13,"-7 day ahead inc hosp","quantile",0.9,375,"COVID-19"
"DE-ST","00+",2022-02-20,2022-02-13,"-7 day ahead inc hosp","quantile",0.975,420,"COVID-19"
"DE-ST","00+",2022-02-20,2022-02-12,"-8 day ahead inc hosp","mean",NA,314,"COVID-19"
"DE-ST","00+",2022-02-20,2022-02-12,"-8 day ahead inc hosp","quantile",0.025,261,"COVID-19"
"DE-ST","00+",2022-02-20,2022-02-12,"-8 day ahead inc hosp","quantile",0.1,272,"COVID-19"
"DE-ST","00+",2022-02-20,2022-02-12,"-8 day ahead inc hosp","quantile",0.25,285,"COVID-19"
"DE-ST","00+",2022-02-20,2022-02-12,"-8 day ahead inc hosp","quantile",0.5,306,"COVID-19"
"DE-ST","00+",2022-02-20,2022-02-12,"-8 day ahead inc hosp","quantile",0.75,334,"COVID-19"
"DE-ST","00+",2022-02-20,2022-02-12,"-8 day ahead inc hosp","quantile",0.9,365,"COVID-19"
"DE-ST","00+",2022-02-20,2022-02-12,"-8 day ahead inc hosp","quantile",0.975,408,"COVID-19"
"DE-ST","00+",2022-02-20,2022-02-11,"-9 day ahead inc hosp","mean",NA,314,"COVID-19"
"DE-ST","00+",2022-02-20,2022-02-11,"-9 day ahead inc hosp","quantile",0.025,265,"COVID-19"
"DE-ST","00+",2022-02-20,2022-02-11,"-9 day ahead inc hosp","quantile",0.1,274,"COVID-19"
"DE-ST","00+",2022-02-20,2022-02-11,"-9 day ahead inc hosp","quantile",0.25,287,"COVID-19"
"DE-ST","00+",2022-02-20,2022-02-11,"-9 day ahead inc hosp","quantile",0.5,307,"COVID-19"
"DE-ST","00+",2022-02-20,2022-02-11,"-9 day ahead inc hosp","quantile",0.75,333,"COVID-19"
"DE-ST","00+",2022-02-20,2022-02-11,"-9 day ahead inc hosp","quantile",0.9,363,"COVID-19"
"DE-ST","00+",2022-02-20,2022-02-11,"-9 day ahead inc hosp","quantile",0.975,405,"COVID-19"
"DE-ST","00+",2022-02-20,2022-02-10,"-10 day ahead inc hosp","mean",NA,308,"COVID-19"
"DE-ST","00+",2022-02-20,2022-02-10,"-10 day ahead inc hosp","quantile",0.025,262,"COVID-19"
"DE-ST","00+",2022-02-20,2022-02-10,"-10 day ahead inc hosp","quantile",0.1,270,"COVID-19"
"DE-ST","00+",2022-02-20,2022-02-10,"-10 day ahead inc hosp","quantile",0.25,282,"COVID-19"
"DE-ST","00+",2022-02-20,2022-02-10,"-10 day ahead inc hosp","quantile",0.5,300,"COVID-19"
"DE-ST","00+",2022-02-20,2022-02-10,"-10 day ahead inc hosp","quantile",0.75,325,"COVID-19"
"DE-ST","00+",2022-02-20,2022-02-10,"-10 day ahead inc hosp","quantile",0.9,355,"COVID-19"
"DE-ST","00+",2022-02-20,2022-02-10,"-10 day ahead inc hosp","quantile",0.975,395,"COVID-19"
"DE-ST","00+",2022-02-20,2022-02-09,"-11 day ahead inc hosp","mean",NA,307,"COVID-19"
"DE-ST","00+",2022-02-20,2022-02-09,"-11 day ahead inc hosp","quantile",0.025,265,"COVID-19"
"DE-ST","00+",2022-02-20,2022-02-09,"-11 day ahead inc hosp","quantile",0.1,272,"COVID-19"
"DE-ST","00+",2022-02-20,2022-02-09,"-11 day ahead inc hosp","quantile",0.25,282,"COVID-19"
"DE-ST","00+",2022-02-20,2022-02-09,"-11 day ahead inc hosp","quantile",0.5,299,"COVID-19"
"DE-ST","00+",2022-02-20,2022-02-09,"-11 day ahead inc hosp","quantile",0.75,323,"COVID-19"
"DE-ST","00+",2022-02-20,2022-02-09,"-11 day ahead inc hosp","quantile",0.9,351,"COVID-19"
"DE-ST","00+",2022-02-20,2022-02-09,"-11 day ahead inc hosp","quantile",0.975,390,"COVID-19"
"DE-ST","00+",2022-02-20,2022-02-08,"-12 day ahead inc hosp","mean",NA,293,"COVID-19"
"DE-ST","00+",2022-02-20,2022-02-08,"-12 day ahead inc hosp","quantile",0.025,256,"COVID-19"
"DE-ST","00+",2022-02-20,2022-02-08,"-12 day ahead inc hosp","quantile",0.1,262,"COVID-19"
"DE-ST","00+",2022-02-20,2022-02-08,"-12 day ahead inc hosp","quantile",0.25,272,"COVID-19"
"DE-ST","00+",2022-02-20,2022-02-08,"-12 day ahead inc hosp","quantile",0.5,286,"COVID-19"
"DE-ST","00+",2022-02-20,2022-02-08,"-12 day ahead inc hosp","quantile",0.75,308,"COVID-19"
"DE-ST","00+",2022-02-20,2022-02-08,"-12 day ahead inc hosp","quantile",0.9,332,"COVID-19"
"DE-ST","00+",2022-02-20,2022-02-08,"-12 day ahead inc hosp","quantile",0.975,367,"COVID-19"
"DE-ST","00+",2022-02-20,2022-02-07,"-13 day ahead inc hosp","mean",NA,273,"COVID-19"
"DE-ST","00+",2022-02-20,2022-02-07,"-13 day ahead inc hosp","quantile",0.025,242,"COVID-19"
"DE-ST","00+",2022-02-20,2022-02-07,"-13 day ahead inc hosp","quantile",0.1,247,"COVID-19"
"DE-ST","00+",2022-02-20,2022-02-07,"-13 day ahead inc hosp","quantile",0.25,255,"COVID-19"
"DE-ST","00+",2022-02-20,2022-02-07,"-13 day ahead inc hosp","quantile",0.5,267,"COVID-19"
"DE-ST","00+",2022-02-20,2022-02-07,"-13 day ahead inc hosp","quantile",0.75,285,"COVID-19"
"DE-ST","00+",2022-02-20,2022-02-07,"-13 day ahead inc hosp","quantile",0.9,306,"COVID-19"
"DE-ST","00+",2022-02-20,2022-02-07,"-13 day ahead inc hosp","quantile",0.975,336,"COVID-19"
"DE-ST","00+",2022-02-20,2022-02-06,"-14 day ahead inc hosp","mean",NA,268,"COVID-19"
"DE-ST","00+",2022-02-20,2022-02-06,"-14 day ahead inc hosp","quantile",0.025,238,"COVID-19"
"DE-ST","00+",2022-02-20,2022-02-06,"-14 day ahead inc hosp","quantile",0.1,243,"COVID-19"
"DE-ST","00+",2022-02-20,2022-02-06,"-14 day ahead inc hosp","quantile",0.25,250,"COVID-19"
"DE-ST","00+",2022-02-20,2022-02-06,"-14 day ahead inc hosp","quantile",0.5,263,"COVID-19"
"DE-ST","00+",2022-02-20,2022-02-06,"-14 day ahead inc hosp","quantile",0.75,280,"COVID-19"
"DE-ST","00+",2022-02-20,2022-02-06,"-14 day ahead inc hosp","quantile",0.9,300,"COVID-19"
"DE-ST","00+",2022-02-20,2022-02-06,"-14 day ahead inc hosp","quantile",0.975,329,"COVID-19"
"DE-ST","00+",2022-02-20,2022-02-05,"-15 day ahead inc hosp","mean",NA,268,"COVID-19"
"DE-ST","00+",2022-02-20,2022-02-05,"-15 day ahead inc hosp","quantile",0.025,239,"COVID-19"
"DE-ST","00+",2022-02-20,2022-02-05,"-15 day ahead inc hosp","quantile",0.1,243,"COVID-19"
"DE-ST","00+",2022-02-20,2022-02-05,"-15 day ahead inc hosp","quantile",0.25,250,"COVID-19"
"DE-ST","00+",2022-02-20,2022-02-05,"-15 day ahead inc hosp","quantile",0.5,262,"COVID-19"
"DE-ST","00+",2022-02-20,2022-02-05,"-15 day ahead inc hosp","quantile",0.75,280,"COVID-19"
"DE-ST","00+",2022-02-20,2022-02-05,"-15 day ahead inc hosp","quantile",0.9,301,"COVID-19"
"DE-ST","00+",2022-02-20,2022-02-05,"-15 day ahead inc hosp","quantile",0.975,330,"COVID-19"
"DE-ST","00+",2022-02-20,2022-02-04,"-16 day ahead inc hosp","mean",NA,259,"COVID-19"
"DE-ST","00+",2022-02-20,2022-02-04,"-16 day ahead inc hosp","quantile",0.025,232,"COVID-19"
"DE-ST","00+",2022-02-20,2022-02-04,"-16 day ahead inc hosp","quantile",0.1,236,"COVID-19"
"DE-ST","00+",2022-02-20,2022-02-04,"-16 day ahead inc hosp","quantile",0.25,242,"COVID-19"
"DE-ST","00+",2022-02-20,2022-02-04,"-16 day ahead inc hosp","quantile",0.5,253,"COVID-19"
"DE-ST","00+",2022-02-20,2022-02-04,"-16 day ahead inc hosp","quantile",0.75,270,"COVID-19"
"DE-ST","00+",2022-02-20,2022-02-04,"-16 day ahead inc hosp","quantile",0.9,290,"COVID-19"
"DE-ST","00+",2022-02-20,2022-02-04,"-16 day ahead inc hosp","quantile",0.975,320,"COVID-19"
"DE-ST","00+",2022-02-20,2022-02-03,"-17 day ahead inc hosp","mean",NA,244,"COVID-19"
"DE-ST","00+",2022-02-20,2022-02-03,"-17 day ahead inc hosp","quantile",0.025,219,"COVID-19"
"DE-ST","00+",2022-02-20,2022-02-03,"-17 day ahead inc hosp","quantile",0.1,222,"COVID-19"
"DE-ST","00+",2022-02-20,2022-02-03,"-17 day ahead inc hosp","quantile",0.25,228,"COVID-19"
"DE-ST","00+",2022-02-20,2022-02-03,"-17 day ahead inc hosp","quantile",0.5,238,"COVID-19"
"DE-ST","00+",2022-02-20,2022-02-03,"-17 day ahead inc hosp","quantile",0.75,254,"COVID-19"
"DE-ST","00+",2022-02-20,2022-02-03,"-17 day ahead inc hosp","quantile",0.9,273,"COVID-19"
"DE-ST","00+",2022-02-20,2022-02-03,"-17 day ahead inc hosp","quantile",0.975,302,"COVID-19"
"DE-ST","00+",2022-02-20,2022-02-02,"-18 day ahead inc hosp","mean",NA,226,"COVID-19"
"DE-ST","00+",2022-02-20,2022-02-02,"-18 day ahead inc hosp","quantile",0.025,203,"COVID-19"
"DE-ST","00+",2022-02-20,2022-02-02,"-18 day ahead inc hosp","quantile",0.1,206,"COVID-19"
"DE-ST","00+",2022-02-20,2022-02-02,"-18 day ahead inc hosp","quantile",0.25,211,"COVID-19"
"DE-ST","00+",2022-02-20,2022-02-02,"-18 day ahead inc hosp","quantile",0.5,220,"COVID-19"
"DE-ST","00+",2022-02-20,2022-02-02,"-18 day ahead inc hosp","quantile",0.75,234,"COVID-19"
"DE-ST","00+",2022-02-20,2022-02-02,"-18 day ahead inc hosp","quantile",0.9,253,"COVID-19"
"DE-ST","00+",2022-02-20,2022-02-02,"-18 day ahead inc hosp","quantile",0.975,280,"COVID-19"
"DE-ST","00+",2022-02-20,2022-02-01,"-19 day ahead inc hosp","mean",NA,220,"COVID-19"
"DE-ST","00+",2022-02-20,2022-02-01,"-19 day ahead inc hosp","quantile",0.025,200,"COVID-19"
"DE-ST","00+",2022-02-20,2022-02-01,"-19 day ahead inc hosp","quantile",0.1,202,"COVID-19"
"DE-ST","00+",2022-02-20,2022-02-01,"-19 day ahead inc hosp","quantile",0.25,206,"COVID-19"
"DE-ST","00+",2022-02-20,2022-02-01,"-19 day ahead inc hosp","quantile",0.5,214,"COVID-19"
"DE-ST","00+",2022-02-20,2022-02-01,"-19 day ahead inc hosp","quantile",0.75,228,"COVID-19"
"DE-ST","00+",2022-02-20,2022-02-01,"-19 day ahead inc hosp","quantile",0.9,247,"COVID-19"
"DE-ST","00+",2022-02-20,2022-02-01,"-19 day ahead inc hosp","quantile",0.975,274,"COVID-19"
"DE-ST","00+",2022-02-20,2022-01-31,"-20 day ahead inc hosp","mean",NA,224,"COVID-19"
"DE-ST","00+",2022-02-20,2022-01-31,"-20 day ahead inc hosp","quantile",0.025,205,"COVID-19"
"DE-ST","00+",2022-02-20,2022-01-31,"-20 day ahead inc hosp","quantile",0.1,206,"COVID-19"
"DE-ST","00+",2022-02-20,2022-01-31,"-20 day ahead inc hosp","quantile",0.25,210,"COVID-19"
"DE-ST","00+",2022-02-20,2022-01-31,"-20 day ahead inc hosp","quantile",0.5,218,"COVID-19"
"DE-ST","00+",2022-02-20,2022-01-31,"-20 day ahead inc hosp","quantile",0.75,232,"COVID-19"
"DE-ST","00+",2022-02-20,2022-01-31,"-20 day ahead inc hosp","quantile",0.9,251,"COVID-19"
"DE-ST","00+",2022-02-20,2022-01-31,"-20 day ahead inc hosp","quantile",0.975,280,"COVID-19"
"DE-ST","00+",2022-02-20,2022-01-30,"-21 day ahead inc hosp","mean",NA,216,"COVID-19"
"DE-ST","00+",2022-02-20,2022-01-30,"-21 day ahead inc hosp","quantile",0.025,198,"COVID-19"
"DE-ST","00+",2022-02-20,2022-01-30,"-21 day ahead inc hosp","quantile",0.1,199,"COVID-19"
"DE-ST","00+",2022-02-20,2022-01-30,"-21 day ahead inc hosp","quantile",0.25,202,"COVID-19"
"DE-ST","00+",2022-02-20,2022-01-30,"-21 day ahead inc hosp","quantile",0.5,209,"COVID-19"
"DE-ST","00+",2022-02-20,2022-01-30,"-21 day ahead inc hosp","quantile",0.75,223,"COVID-19"
"DE-ST","00+",2022-02-20,2022-01-30,"-21 day ahead inc hosp","quantile",0.9,242,"COVID-19"
"DE-ST","00+",2022-02-20,2022-01-30,"-21 day ahead inc hosp","quantile",0.975,271,"COVID-19"
"DE-ST","00+",2022-02-20,2022-01-29,"-22 day ahead inc hosp","mean",NA,213,"COVID-19"
"DE-ST","00+",2022-02-20,2022-01-29,"-22 day ahead inc hosp","quantile",0.025,196,"COVID-19"
"DE-ST","00+",2022-02-20,2022-01-29,"-22 day ahead inc hosp","quantile",0.1,197,"COVID-19"
"DE-ST","00+",2022-02-20,2022-01-29,"-22 day ahead inc hosp","quantile",0.25,199,"COVID-19"
"DE-ST","00+",2022-02-20,2022-01-29,"-22 day ahead inc hosp","quantile",0.5,206,"COVID-19"
"DE-ST","00+",2022-02-20,2022-01-29,"-22 day ahead inc hosp","quantile",0.75,219,"COVID-19"
"DE-ST","00+",2022-02-20,2022-01-29,"-22 day ahead inc hosp","quantile",0.9,238,"COVID-19"
"DE-ST","00+",2022-02-20,2022-01-29,"-22 day ahead inc hosp","quantile",0.975,267,"COVID-19"
"DE-ST","00+",2022-02-20,2022-01-28,"-23 day ahead inc hosp","mean",NA,194,"COVID-19"
"DE-ST","00+",2022-02-20,2022-01-28,"-23 day ahead inc hosp","quantile",0.025,179,"COVID-19"
"DE-ST","00+",2022-02-20,2022-01-28,"-23 day ahead inc hosp","quantile",0.1,179,"COVID-19"
"DE-ST","00+",2022-02-20,2022-01-28,"-23 day ahead inc hosp","quantile",0.25,181,"COVID-19"
"DE-ST","00+",2022-02-20,2022-01-28,"-23 day ahead inc hosp","quantile",0.5,187,"COVID-19"
"DE-ST","00+",2022-02-20,2022-01-28,"-23 day ahead inc hosp","quantile",0.75,199,"COVID-19"
"DE-ST","00+",2022-02-20,2022-01-28,"-23 day ahead inc hosp","quantile",0.9,216,"COVID-19"
"DE-ST","00+",2022-02-20,2022-01-28,"-23 day ahead inc hosp","quantile",0.975,244,"COVID-19"
"DE-ST","00+",2022-02-20,2022-01-27,"-24 day ahead inc hosp","mean",NA,185,"COVID-19"
"DE-ST","00+",2022-02-20,2022-01-27,"-24 day ahead inc hosp","quantile",0.025,172,"COVID-19"
"DE-ST","00+",2022-02-20,2022-01-27,"-24 day ahead inc hosp","quantile",0.1,172,"COVID-19"
"DE-ST","00+",2022-02-20,2022-01-27,"-24 day ahead inc hosp","quantile",0.25,174,"COVID-19"
"DE-ST","00+",2022-02-20,2022-01-27,"-24 day ahead inc hosp","quantile",0.5,179,"COVID-19"
"DE-ST","00+",2022-02-20,2022-01-27,"-24 day ahead inc hosp","quantile",0.75,190,"COVID-19"
"DE-ST","00+",2022-02-20,2022-01-27,"-24 day ahead inc hosp","quantile",0.9,206,"COVID-19"
"DE-ST","00+",2022-02-20,2022-01-27,"-24 day ahead inc hosp","quantile",0.975,233,"COVID-19"
"DE-ST","00+",2022-02-20,2022-01-26,"-25 day ahead inc hosp","mean",NA,172,"COVID-19"
"DE-ST","00+",2022-02-20,2022-01-26,"-25 day ahead inc hosp","quantile",0.025,161,"COVID-19"
"DE-ST","00+",2022-02-20,2022-01-26,"-25 day ahead inc hosp","quantile",0.1,161,"COVID-19"
"DE-ST","00+",2022-02-20,2022-01-26,"-25 day ahead inc hosp","quantile",0.25,162,"COVID-19"
"DE-ST","00+",2022-02-20,2022-01-26,"-25 day ahead inc hosp","quantile",0.5,166,"COVID-19"
"DE-ST","00+",2022-02-20,2022-01-26,"-25 day ahead inc hosp","quantile",0.75,176,"COVID-19"
"DE-ST","00+",2022-02-20,2022-01-26,"-25 day ahead inc hosp","quantile",0.9,191,"COVID-19"
"DE-ST","00+",2022-02-20,2022-01-26,"-25 day ahead inc hosp","quantile",0.975,216,"COVID-19"
"DE-ST","00+",2022-02-20,2022-01-25,"-26 day ahead inc hosp","mean",NA,156,"COVID-19"
"DE-ST","00+",2022-02-20,2022-01-25,"-26 day ahead inc hosp","quantile",0.025,148,"COVID-19"
"DE-ST","00+",2022-02-20,2022-01-25,"-26 day ahead inc hosp","quantile",0.1,148,"COVID-19"
"DE-ST","00+",2022-02-20,2022-01-25,"-26 day ahead inc hosp","quantile",0.25,149,"COVID-19"
"DE-ST","00+",2022-02-20,2022-01-25,"-26 day ahead inc hosp","quantile",0.5,152,"COVID-19"
"DE-ST","00+",2022-02-20,2022-01-25,"-26 day ahead inc hosp","quantile",0.75,159,"COVID-19"
"DE-ST","00+",2022-02-20,2022-01-25,"-26 day ahead inc hosp","quantile",0.9,171,"COVID-19"
"DE-ST","00+",2022-02-20,2022-01-25,"-26 day ahead inc hosp","quantile",0.975,190,"COVID-19"
"DE-ST","00+",2022-02-20,2022-01-24,"-27 day ahead inc hosp","mean",NA,136,"COVID-19"
"DE-ST","00+",2022-02-20,2022-01-24,"-27 day ahead inc hosp","quantile",0.025,130,"COVID-19"
"DE-ST","00+",2022-02-20,2022-01-24,"-27 day ahead inc hosp","quantile",0.1,130,"COVID-19"
"DE-ST","00+",2022-02-20,2022-01-24,"-27 day ahead inc hosp","quantile",0.25,131,"COVID-19"
"DE-ST","00+",2022-02-20,2022-01-24,"-27 day ahead inc hosp","quantile",0.5,133,"COVID-19"
"DE-ST","00+",2022-02-20,2022-01-24,"-27 day ahead inc hosp","quantile",0.75,138,"COVID-19"
"DE-ST","00+",2022-02-20,2022-01-24,"-27 day ahead inc hosp","quantile",0.9,146,"COVID-19"
"DE-ST","00+",2022-02-20,2022-01-24,"-27 day ahead inc hosp","quantile",0.975,159,"COVID-19"
"DE-ST","00+",2022-02-20,2022-01-23,"-28 day ahead inc hosp","mean",NA,135,"COVID-19"
"DE-ST","00+",2022-02-20,2022-01-23,"-28 day ahead inc hosp","quantile",0.025,129,"COVID-19"
"DE-ST","00+",2022-02-20,2022-01-23,"-28 day ahead inc hosp","quantile",0.1,129,"COVID-19"
"DE-ST","00+",2022-02-20,2022-01-23,"-28 day ahead inc hosp","quantile",0.25,130,"COVID-19"
"DE-ST","00+",2022-02-20,2022-01-23,"-28 day ahead inc hosp","quantile",0.5,132,"COVID-19"
"DE-ST","00+",2022-02-20,2022-01-23,"-28 day ahead inc hosp","quantile",0.75,137,"COVID-19"
"DE-ST","00+",2022-02-20,2022-01-23,"-28 day ahead inc hosp","quantile",0.9,144,"COVID-19"
"DE-ST","00+",2022-02-20,2022-01-23,"-28 day ahead inc hosp","quantile",0.975,156,"COVID-19"
"DE-TH","00+",2022-02-20,2022-02-20,"0 day ahead inc hosp","mean",NA,314,"COVID-19"
"DE-TH","00+",2022-02-20,2022-02-20,"0 day ahead inc hosp","quantile",0.025,226,"COVID-19"
"DE-TH","00+",2022-02-20,2022-02-20,"0 day ahead inc hosp","quantile",0.1,246,"COVID-19"
"DE-TH","00+",2022-02-20,2022-02-20,"0 day ahead inc hosp","quantile",0.25,269,"COVID-19"
"DE-TH","00+",2022-02-20,2022-02-20,"0 day ahead inc hosp","quantile",0.5,304,"COVID-19"
"DE-TH","00+",2022-02-20,2022-02-20,"0 day ahead inc hosp","quantile",0.75,347,"COVID-19"
"DE-TH","00+",2022-02-20,2022-02-20,"0 day ahead inc hosp","quantile",0.9,394,"COVID-19"
"DE-TH","00+",2022-02-20,2022-02-20,"0 day ahead inc hosp","quantile",0.975,457,"COVID-19"
"DE-TH","00+",2022-02-20,2022-02-19,"-1 day ahead inc hosp","mean",NA,334,"COVID-19"
"DE-TH","00+",2022-02-20,2022-02-19,"-1 day ahead inc hosp","quantile",0.025,246,"COVID-19"
"DE-TH","00+",2022-02-20,2022-02-19,"-1 day ahead inc hosp","quantile",0.1,265,"COVID-19"
"DE-TH","00+",2022-02-20,2022-02-19,"-1 day ahead inc hosp","quantile",0.25,289,"COVID-19"
"DE-TH","00+",2022-02-20,2022-02-19,"-1 day ahead inc hosp","quantile",0.5,323,"COVID-19"
"DE-TH","00+",2022-02-20,2022-02-19,"-1 day ahead inc hosp","quantile",0.75,367,"COVID-19"
"DE-TH","00+",2022-02-20,2022-02-19,"-1 day ahead inc hosp","quantile",0.9,416,"COVID-19"
"DE-TH","00+",2022-02-20,2022-02-19,"-1 day ahead inc hosp","quantile",0.975,481,"COVID-19"
"DE-TH","00+",2022-02-20,2022-02-18,"-2 day ahead inc hosp","mean",NA,329,"COVID-19"
"DE-TH","00+",2022-02-20,2022-02-18,"-2 day ahead inc hosp","quantile",0.025,251,"COVID-19"
"DE-TH","00+",2022-02-20,2022-02-18,"-2 day ahead inc hosp","quantile",0.1,268,"COVID-19"
"DE-TH","00+",2022-02-20,2022-02-18,"-2 day ahead inc hosp","quantile",0.25,289,"COVID-19"
"DE-TH","00+",2022-02-20,2022-02-18,"-2 day ahead inc hosp","quantile",0.5,320,"COVID-19"
"DE-TH","00+",2022-02-20,2022-02-18,"-2 day ahead inc hosp","quantile",0.75,359,"COVID-19"
"DE-TH","00+",2022-02-20,2022-02-18,"-2 day ahead inc hosp","quantile",0.9,402,"COVID-19"
"DE-TH","00+",2022-02-20,2022-02-18,"-2 day ahead inc hosp","quantile",0.975,461,"COVID-19"
"DE-TH","00+",2022-02-20,2022-02-17,"-3 day ahead inc hosp","mean",NA,313,"COVID-19"
"DE-TH","00+",2022-02-20,2022-02-17,"-3 day ahead inc hosp","quantile",0.025,249,"COVID-19"
"DE-TH","00+",2022-02-20,2022-02-17,"-3 day ahead inc hosp","quantile",0.1,262,"COVID-19"
"DE-TH","00+",2022-02-20,2022-02-17,"-3 day ahead inc hosp","quantile",0.25,279,"COVID-19"
"DE-TH","00+",2022-02-20,2022-02-17,"-3 day ahead inc hosp","quantile",0.5,305,"COVID-19"
"DE-TH","00+",2022-02-20,2022-02-17,"-3 day ahead inc hosp","quantile",0.75,337,"COVID-19"
"DE-TH","00+",2022-02-20,2022-02-17,"-3 day ahead inc hosp","quantile",0.9,374,"COVID-19"
"DE-TH","00+",2022-02-20,2022-02-17,"-3 day ahead inc hosp","quantile",0.975,423,"COVID-19"
"DE-TH","00+",2022-02-20,2022-02-16,"-4 day ahead inc hosp","mean",NA,303,"COVID-19"
"DE-TH","00+",2022-02-20,2022-02-16,"-4 day ahead inc hosp","quantile",0.025,254,"COVID-19"
"DE-TH","00+",2022-02-20,2022-02-16,"-4 day ahead inc hosp","quantile",0.1,264,"COVID-19"
"DE-TH","00+",2022-02-20,2022-02-16,"-4 day ahead inc hosp","quantile",0.25,277,"COVID-19"
"DE-TH","00+",2022-02-20,2022-02-16,"-4 day ahead inc hosp","quantile",0.5,297,"COVID-19"
"DE-TH","00+",2022-02-20,2022-02-16,"-4 day ahead inc hosp","quantile",0.75,322,"COVID-19"
"DE-TH","00+",2022-02-20,2022-02-16,"-4 day ahead inc hosp","quantile",0.9,350,"COVID-19"
"DE-TH","00+",2022-02-20,2022-02-16,"-4 day ahead inc hosp","quantile",0.975,388,"COVID-19"
"DE-TH","00+",2022-02-20,2022-02-15,"-5 day ahead inc hosp","mean",NA,282,"COVID-19"
"DE-TH","00+",2022-02-20,2022-02-15,"-5 day ahead inc hosp","quantile",0.025,249,"COVID-19"
"DE-TH","00+",2022-02-20,2022-02-15,"-5 day ahead inc hosp","quantile",0.1,256,"COVID-19"
"DE-TH","00+",2022-02-20,2022-02-15,"-5 day ahead inc hosp","quantile",0.25,265,"COVID-19"
"DE-TH","00+",2022-02-20,2022-02-15,"-5 day ahead inc hosp","quantile",0.5,278,"COVID-19"
"DE-TH","00+",2022-02-20,2022-02-15,"-5 day ahead inc hosp","quantile",0.75,294,"COVID-19"
"DE-TH","00+",2022-02-20,2022-02-15,"-5 day ahead inc hosp","quantile",0.9,313,"COVID-19"
"DE-TH","00+",2022-02-20,2022-02-15,"-5 day ahead inc hosp","quantile",0.975,338,"COVID-19"
"DE-TH","00+",2022-02-20,2022-02-14,"-6 day ahead inc hosp","mean",NA,297,"COVID-19"
"DE-TH","00+",2022-02-20,2022-02-14,"-6 day ahead inc hosp","quantile",0.025,267,"COVID-19"
"DE-TH","00+",2022-02-20,2022-02-14,"-6 day ahead inc hosp","quantile",0.1,274,"COVID-19"
"DE-TH","00+",2022-02-20,2022-02-14,"-6 day ahead inc hosp","quantile",0.25,282,"COVID-19"
"DE-TH","00+",2022-02-20,2022-02-14,"-6 day ahead inc hosp","quantile",0.5,293,"COVID-19"
"DE-TH","00+",2022-02-20,2022-02-14,"-6 day ahead inc hosp","quantile",0.75,308,"COVID-19"
"DE-TH","00+",2022-02-20,2022-02-14,"-6 day ahead inc hosp","quantile",0.9,325,"COVID-19"
"DE-TH","00+",2022-02-20,2022-02-14,"-6 day ahead inc hosp","quantile",0.975,348,"COVID-19"
"DE-TH","00+",2022-02-20,2022-02-13,"-7 day ahead inc hosp","mean",NA,302,"COVID-19"
"DE-TH","00+",2022-02-20,2022-02-13,"-7 day ahead inc hosp","quantile",0.025,274,"COVID-19"
"DE-TH","00+",2022-02-20,2022-02-13,"-7 day ahead inc hosp","quantile",0.1,280,"COVID-19"
"DE-TH","00+",2022-02-20,2022-02-13,"-7 day ahead inc hosp","quantile",0.25,287,"COVID-19"
"DE-TH","00+",2022-02-20,2022-02-13,"-7 day ahead inc hosp","quantile",0.5,299,"COVID-19"
"DE-TH","00+",2022-02-20,2022-02-13,"-7 day ahead inc hosp","quantile",0.75,313,"COVID-19"
"DE-TH","00+",2022-02-20,2022-02-13,"-7 day ahead inc hosp","quantile",0.9,329,"COVID-19"
"DE-TH","00+",2022-02-20,2022-02-13,"-7 day ahead inc hosp","quantile",0.975,351,"COVID-19"
"DE-TH","00+",2022-02-20,2022-02-12,"-8 day ahead inc hosp","mean",NA,294,"COVID-19"
"DE-TH","00+",2022-02-20,2022-02-12,"-8 day ahead inc hosp","quantile",0.025,268,"COVID-19"
"DE-TH","00+",2022-02-20,2022-02-12,"-8 day ahead inc hosp","quantile",0.1,274,"COVID-19"
"DE-TH","00+",2022-02-20,2022-02-12,"-8 day ahead inc hosp","quantile",0.25,280,"COVID-19"
"DE-TH","00+",2022-02-20,2022-02-12,"-8 day ahead inc hosp","quantile",0.5,290,"COVID-19"
"DE-TH","00+",2022-02-20,2022-02-12,"-8 day ahead inc hosp","quantile",0.75,304,"COVID-19"
"DE-TH","00+",2022-02-20,2022-02-12,"-8 day ahead inc hosp","quantile",0.9,318,"COVID-19"
"DE-TH","00+",2022-02-20,2022-02-12,"-8 day ahead inc hosp","quantile",0.975,338,"COVID-19"
"DE-TH","00+",2022-02-20,2022-02-11,"-9 day ahead inc hosp","mean",NA,306,"COVID-19"
"DE-TH","00+",2022-02-20,2022-02-11,"-9 day ahead inc hosp","quantile",0.025,283,"COVID-19"
"DE-TH","00+",2022-02-20,2022-02-11,"-9 day ahead inc hosp","quantile",0.1,287,"COVID-19"
"DE-TH","00+",2022-02-20,2022-02-11,"-9 day ahead inc hosp","quantile",0.25,294,"COVID-19"
"DE-TH","00+",2022-02-20,2022-02-11,"-9 day ahead inc hosp","quantile",0.5,303,"COVID-19"
"DE-TH","00+",2022-02-20,2022-02-11,"-9 day ahead inc hosp","quantile",0.75,315,"COVID-19"
"DE-TH","00+",2022-02-20,2022-02-11,"-9 day ahead inc hosp","quantile",0.9,329,"COVID-19"
"DE-TH","00+",2022-02-20,2022-02-11,"-9 day ahead inc hosp","quantile",0.975,348,"COVID-19"
"DE-TH","00+",2022-02-20,2022-02-10,"-10 day ahead inc hosp","mean",NA,292,"COVID-19"
"DE-TH","00+",2022-02-20,2022-02-10,"-10 day ahead inc hosp","quantile",0.025,273,"COVID-19"
"DE-TH","00+",2022-02-20,2022-02-10,"-10 day ahead inc hosp","quantile",0.1,277,"COVID-19"
"DE-TH","00+",2022-02-20,2022-02-10,"-10 day ahead inc hosp","quantile",0.25,282,"COVID-19"
"DE-TH","00+",2022-02-20,2022-02-10,"-10 day ahead inc hosp","quantile",0.5,290,"COVID-19"
"DE-TH","00+",2022-02-20,2022-02-10,"-10 day ahead inc hosp","quantile",0.75,300,"COVID-19"
"DE-TH","00+",2022-02-20,2022-02-10,"-10 day ahead inc hosp","quantile",0.9,312,"COVID-19"
"DE-TH","00+",2022-02-20,2022-02-10,"-10 day ahead inc hosp","quantile",0.975,327,"COVID-19"
"DE-TH","00+",2022-02-20,2022-02-09,"-11 day ahead inc hosp","mean",NA,260,"COVID-19"
"DE-TH","00+",2022-02-20,2022-02-09,"-11 day ahead inc hosp","quantile",0.025,245,"COVID-19"
"DE-TH","00+",2022-02-20,2022-02-09,"-11 day ahead inc hosp","quantile",0.1,248,"COVID-19"
"DE-TH","00+",2022-02-20,2022-02-09,"-11 day ahead inc hosp","quantile",0.25,252,"COVID-19"
"DE-TH","00+",2022-02-20,2022-02-09,"-11 day ahead inc hosp","quantile",0.5,258,"COVID-19"
"DE-TH","00+",2022-02-20,2022-02-09,"-11 day ahead inc hosp","quantile",0.75,266,"COVID-19"
"DE-TH","00+",2022-02-20,2022-02-09,"-11 day ahead inc hosp","quantile",0.9,275,"COVID-19"
"DE-TH","00+",2022-02-20,2022-02-09,"-11 day ahead inc hosp","quantile",0.975,287,"COVID-19"
"DE-TH","00+",2022-02-20,2022-02-08,"-12 day ahead inc hosp","mean",NA,239,"COVID-19"
"DE-TH","00+",2022-02-20,2022-02-08,"-12 day ahead inc hosp","quantile",0.025,228,"COVID-19"
"DE-TH","00+",2022-02-20,2022-02-08,"-12 day ahead inc hosp","quantile",0.1,230,"COVID-19"
"DE-TH","00+",2022-02-20,2022-02-08,"-12 day ahead inc hosp","quantile",0.25,233,"COVID-19"
"DE-TH","00+",2022-02-20,2022-02-08,"-12 day ahead inc hosp","quantile",0.5,238,"COVID-19"
"DE-TH","00+",2022-02-20,2022-02-08,"-12 day ahead inc hosp","quantile",0.75,243,"COVID-19"
"DE-TH","00+",2022-02-20,2022-02-08,"-12 day ahead inc hosp","quantile",0.9,250,"COVID-19"
"DE-TH","00+",2022-02-20,2022-02-08,"-12 day ahead inc hosp","quantile",0.975,259,"COVID-19"
"DE-TH","00+",2022-02-20,2022-02-07,"-13 day ahead inc hosp","mean",NA,220,"COVID-19"
"DE-TH","00+",2022-02-20,2022-02-07,"-13 day ahead inc hosp","quantile",0.025,212,"COVID-19"
"DE-TH","00+",2022-02-20,2022-02-07,"-13 day ahead inc hosp","quantile",0.1,213,"COVID-19"
"DE-TH","00+",2022-02-20,2022-02-07,"-13 day ahead inc hosp","quantile",0.25,215,"COVID-19"
"DE-TH","00+",2022-02-20,2022-02-07,"-13 day ahead inc hosp","quantile",0.5,219,"COVID-19"
"DE-TH","00+",2022-02-20,2022-02-07,"-13 day ahead inc hosp","quantile",0.75,223,"COVID-19"
"DE-TH","00+",2022-02-20,2022-02-07,"-13 day ahead inc hosp","quantile",0.9,229,"COVID-19"
"DE-TH","00+",2022-02-20,2022-02-07,"-13 day ahead inc hosp","quantile",0.975,236,"COVID-19"
"DE-TH","00+",2022-02-20,2022-02-06,"-14 day ahead inc hosp","mean",NA,214,"COVID-19"
"DE-TH","00+",2022-02-20,2022-02-06,"-14 day ahead inc hosp","quantile",0.025,206,"COVID-19"
"DE-TH","00+",2022-02-20,2022-02-06,"-14 day ahead inc hosp","quantile",0.1,208,"COVID-19"
"DE-TH","00+",2022-02-20,2022-02-06,"-14 day ahead inc hosp","quantile",0.25,210,"COVID-19"
"DE-TH","00+",2022-02-20,2022-02-06,"-14 day ahead inc hosp","quantile",0.5,213,"COVID-19"
"DE-TH","00+",2022-02-20,2022-02-06,"-14 day ahead inc hosp","quantile",0.75,217,"COVID-19"
"DE-TH","00+",2022-02-20,2022-02-06,"-14 day ahead inc hosp","quantile",0.9,222,"COVID-19"
"DE-TH","00+",2022-02-20,2022-02-06,"-14 day ahead inc hosp","quantile",0.975,229,"COVID-19"
"DE-TH","00+",2022-02-20,2022-02-05,"-15 day ahead inc hosp","mean",NA,207,"COVID-19"
"DE-TH","00+",2022-02-20,2022-02-05,"-15 day ahead inc hosp","quantile",0.025,200,"COVID-19"
"DE-TH","00+",2022-02-20,2022-02-05,"-15 day ahead inc hosp","quantile",0.1,201,"COVID-19"
"DE-TH","00+",2022-02-20,2022-02-05,"-15 day ahead inc hosp","quantile",0.25,203,"COVID-19"
"DE-TH","00+",2022-02-20,2022-02-05,"-15 day ahead inc hosp","quantile",0.5,206,"COVID-19"
"DE-TH","00+",2022-02-20,2022-02-05,"-15 day ahead inc hosp","quantile",0.75,210,"COVID-19"
"DE-TH","00+",2022-02-20,2022-02-05,"-15 day ahead inc hosp","quantile",0.9,214,"COVID-19"
"DE-TH","00+",2022-02-20,2022-02-05,"-15 day ahead inc hosp","quantile",0.975,221,"COVID-19"
"DE-TH","00+",2022-02-20,2022-02-04,"-16 day ahead inc hosp","mean",NA,186,"COVID-19"
"DE-TH","00+",2022-02-20,2022-02-04,"-16 day ahead inc hosp","quantile",0.025,181,"COVID-19"
"DE-TH","00+",2022-02-20,2022-02-04,"-16 day ahead inc hosp","quantile",0.1,182,"COVID-19"
"DE-TH","00+",2022-02-20,2022-02-04,"-16 day ahead inc hosp","quantile",0.25,183,"COVID-19"
"DE-TH","00+",2022-02-20,2022-02-04,"-16 day ahead inc hosp","quantile",0.5,185,"COVID-19"
"DE-TH","00+",2022-02-20,2022-02-04,"-16 day ahead inc hosp","quantile",0.75,189,"COVID-19"
"DE-TH","00+",2022-02-20,2022-02-04,"-16 day ahead inc hosp","quantile",0.9,192,"COVID-19"
"DE-TH","00+",2022-02-20,2022-02-04,"-16 day ahead inc hosp","quantile",0.975,198,"COVID-19"
"DE-TH","00+",2022-02-20,2022-02-03,"-17 day ahead inc hosp","mean",NA,175,"COVID-19"
"DE-TH","00+",2022-02-20,2022-02-03,"-17 day ahead inc hosp","quantile",0.025,171,"COVID-19"
"DE-TH","00+",2022-02-20,2022-02-03,"-17 day ahead inc hosp","quantile",0.1,172,"COVID-19"
"DE-TH","00+",2022-02-20,2022-02-03,"-17 day ahead inc hosp","quantile",0.25,173,"COVID-19"
"DE-TH","00+",2022-02-20,2022-02-03,"-17 day ahead inc hosp","quantile",0.5,175,"COVID-19"
"DE-TH","00+",2022-02-20,2022-02-03,"-17 day ahead inc hosp","quantile",0.75,177,"COVID-19"
"DE-TH","00+",2022-02-20,2022-02-03,"-17 day ahead inc hosp","quantile",0.9,180,"COVID-19"
"DE-TH","00+",2022-02-20,2022-02-03,"-17 day ahead inc hosp","quantile",0.975,185,"COVID-19"
"DE-TH","00+",2022-02-20,2022-02-02,"-18 day ahead inc hosp","mean",NA,177,"COVID-19"
"DE-TH","00+",2022-02-20,2022-02-02,"-18 day ahead inc hosp","quantile",0.025,173,"COVID-19"
"DE-TH","00+",2022-02-20,2022-02-02,"-18 day ahead inc hosp","quantile",0.1,173,"COVID-19"
"DE-TH","00+",2022-02-20,2022-02-02,"-18 day ahead inc hosp","quantile",0.25,174,"COVID-19"
"DE-TH","00+",2022-02-20,2022-02-02,"-18 day ahead inc hosp","quantile",0.5,176,"COVID-19"
"DE-TH","00+",2022-02-20,2022-02-02,"-18 day ahead inc hosp","quantile",0.75,178,"COVID-19"
"DE-TH","00+",2022-02-20,2022-02-02,"-18 day ahead inc hosp","quantile",0.9,181,"COVID-19"
"DE-TH","00+",2022-02-20,2022-02-02,"-18 day ahead inc hosp","quantile",0.975,185,"COVID-19"
"DE-TH","00+",2022-02-20,2022-02-01,"-19 day ahead inc hosp","mean",NA,162,"COVID-19"
"DE-TH","00+",2022-02-20,2022-02-01,"-19 day ahead inc hosp","quantile",0.025,159,"COVID-19"
"DE-TH","00+",2022-02-20,2022-02-01,"-19 day ahead inc hosp","quantile",0.1,159,"COVID-19"
"DE-TH","00+",2022-02-20,2022-02-01,"-19 day ahead inc hosp","quantile",0.25,160,"COVID-19"
"DE-TH","00+",2022-02-20,2022-02-01,"-19 day ahead inc hosp","quantile",0.5,161,"COVID-19"
"DE-TH","00+",2022-02-20,2022-02-01,"-19 day ahead inc hosp","quantile",0.75,163,"COVID-19"
"DE-TH","00+",2022-02-20,2022-02-01,"-19 day ahead inc hosp","quantile",0.9,165,"COVID-19"
"DE-TH","00+",2022-02-20,2022-02-01,"-19 day ahead inc hosp","quantile",0.975,168,"COVID-19"
"DE-TH","00+",2022-02-20,2022-01-31,"-20 day ahead inc hosp","mean",NA,168,"COVID-19"
"DE-TH","00+",2022-02-20,2022-01-31,"-20 day ahead inc hosp","quantile",0.025,166,"COVID-19"
"DE-TH","00+",2022-02-20,2022-01-31,"-20 day ahead inc hosp","quantile",0.1,166,"COVID-19"
"DE-TH","00+",2022-02-20,2022-01-31,"-20 day ahead inc hosp","quantile",0.25,167,"COVID-19"
"DE-TH","00+",2022-02-20,2022-01-31,"-20 day ahead inc hosp","quantile",0.5,168,"COVID-19"
"DE-TH","00+",2022-02-20,2022-01-31,"-20 day ahead inc hosp","quantile",0.75,169,"COVID-19"
"DE-TH","00+",2022-02-20,2022-01-31,"-20 day ahead inc hosp","quantile",0.9,172,"COVID-19"
"DE-TH","00+",2022-02-20,2022-01-31,"-20 day ahead inc hosp","quantile",0.975,174,"COVID-19"
"DE-TH","00+",2022-02-20,2022-01-30,"-21 day ahead inc hosp","mean",NA,160,"COVID-19"
"DE-TH","00+",2022-02-20,2022-01-30,"-21 day ahead inc hosp","quantile",0.025,158,"COVID-19"
"DE-TH","00+",2022-02-20,2022-01-30,"-21 day ahead inc hosp","quantile",0.1,158,"COVID-19"
"DE-TH","00+",2022-02-20,2022-01-30,"-21 day ahead inc hosp","quantile",0.25,159,"COVID-19"
"DE-TH","00+",2022-02-20,2022-01-30,"-21 day ahead inc hosp","quantile",0.5,160,"COVID-19"
"DE-TH","00+",2022-02-20,2022-01-30,"-21 day ahead inc hosp","quantile",0.75,161,"COVID-19"
"DE-TH","00+",2022-02-20,2022-01-30,"-21 day ahead inc hosp","quantile",0.9,163,"COVID-19"
"DE-TH","00+",2022-02-20,2022-01-30,"-21 day ahead inc hosp","quantile",0.975,166,"COVID-19"
"DE-TH","00+",2022-02-20,2022-01-29,"-22 day ahead inc hosp","mean",NA,160,"COVID-19"
"DE-TH","00+",2022-02-20,2022-01-29,"-22 day ahead inc hosp","quantile",0.025,158,"COVID-19"
"DE-TH","00+",2022-02-20,2022-01-29,"-22 day ahead inc hosp","quantile",0.1,158,"COVID-19"
"DE-TH","00+",2022-02-20,2022-01-29,"-22 day ahead inc hosp","quantile",0.25,158,"COVID-19"
"DE-TH","00+",2022-02-20,2022-01-29,"-22 day ahead inc hosp","quantile",0.5,159,"COVID-19"
"DE-TH","00+",2022-02-20,2022-01-29,"-22 day ahead inc hosp","quantile",0.75,161,"COVID-19"
"DE-TH","00+",2022-02-20,2022-01-29,"-22 day ahead inc hosp","quantile",0.9,163,"COVID-19"
"DE-TH","00+",2022-02-20,2022-01-29,"-22 day ahead inc hosp","quantile",0.975,165,"COVID-19"
"DE-TH","00+",2022-02-20,2022-01-28,"-23 day ahead inc hosp","mean",NA,161,"COVID-19"
"DE-TH","00+",2022-02-20,2022-01-28,"-23 day ahead inc hosp","quantile",0.025,159,"COVID-19"
"DE-TH","00+",2022-02-20,2022-01-28,"-23 day ahead inc hosp","quantile",0.1,159,"COVID-19"
"DE-TH","00+",2022-02-20,2022-01-28,"-23 day ahead inc hosp","quantile",0.25,159,"COVID-19"
"DE-TH","00+",2022-02-20,2022-01-28,"-23 day ahead inc hosp","quantile",0.5,160,"COVID-19"
"DE-TH","00+",2022-02-20,2022-01-28,"-23 day ahead inc hosp","quantile",0.75,162,"COVID-19"
"DE-TH","00+",2022-02-20,2022-01-28,"-23 day ahead inc hosp","quantile",0.9,163,"COVID-19"
"DE-TH","00+",2022-02-20,2022-01-28,"-23 day ahead inc hosp","quantile",0.975,166,"COVID-19"
"DE-TH","00+",2022-02-20,2022-01-27,"-24 day ahead inc hosp","mean",NA,169,"COVID-19"
"DE-TH","00+",2022-02-20,2022-01-27,"-24 day ahead inc hosp","quantile",0.025,167,"COVID-19"
"DE-TH","00+",2022-02-20,2022-01-27,"-24 day ahead inc hosp","quantile",0.1,167,"COVID-19"
"DE-TH","00+",2022-02-20,2022-01-27,"-24 day ahead inc hosp","quantile",0.25,167,"COVID-19"
"DE-TH","00+",2022-02-20,2022-01-27,"-24 day ahead inc hosp","quantile",0.5,168,"COVID-19"
"DE-TH","00+",2022-02-20,2022-01-27,"-24 day ahead inc hosp","quantile",0.75,169,"COVID-19"
"DE-TH","00+",2022-02-20,2022-01-27,"-24 day ahead inc hosp","quantile",0.9,171,"COVID-19"
"DE-TH","00+",2022-02-20,2022-01-27,"-24 day ahead inc hosp","quantile",0.975,173,"COVID-19"
"DE-TH","00+",2022-02-20,2022-01-26,"-25 day ahead inc hosp","mean",NA,159,"COVID-19"
"DE-TH","00+",2022-02-20,2022-01-26,"-25 day ahead inc hosp","quantile",0.025,158,"COVID-19"
"DE-TH","00+",2022-02-20,2022-01-26,"-25 day ahead inc hosp","quantile",0.1,158,"COVID-19"
"DE-TH","00+",2022-02-20,2022-01-26,"-25 day ahead inc hosp","quantile",0.25,158,"COVID-19"
"DE-TH","00+",2022-02-20,2022-01-26,"-25 day ahead inc hosp","quantile",0.5,159,"COVID-19"
"DE-TH","00+",2022-02-20,2022-01-26,"-25 day ahead inc hosp","quantile",0.75,160,"COVID-19"
"DE-TH","00+",2022-02-20,2022-01-26,"-25 day ahead inc hosp","quantile",0.9,161,"COVID-19"
"DE-TH","00+",2022-02-20,2022-01-26,"-25 day ahead inc hosp","quantile",0.975,163,"COVID-19"
"DE-TH","00+",2022-02-20,2022-01-25,"-26 day ahead inc hosp","mean",NA,155,"COVID-19"
"DE-TH","00+",2022-02-20,2022-01-25,"-26 day ahead inc hosp","quantile",0.025,154,"COVID-19"
"DE-TH","00+",2022-02-20,2022-01-25,"-26 day ahead inc hosp","quantile",0.1,154,"COVID-19"
"DE-TH","00+",2022-02-20,2022-01-25,"-26 day ahead inc hosp","quantile",0.25,154,"COVID-19"
"DE-TH","00+",2022-02-20,2022-01-25,"-26 day ahead inc hosp","quantile",0.5,155,"COVID-19"
"DE-TH","00+",2022-02-20,2022-01-25,"-26 day ahead inc hosp","quantile",0.75,156,"COVID-19"
"DE-TH","00+",2022-02-20,2022-01-25,"-26 day ahead inc hosp","quantile",0.9,157,"COVID-19"
"DE-TH","00+",2022-02-20,2022-01-25,"-26 day ahead inc hosp","quantile",0.975,159,"COVID-19"
"DE-TH","00+",2022-02-20,2022-01-24,"-27 day ahead inc hosp","mean",NA,159,"COVID-19"
"DE-TH","00+",2022-02-20,2022-01-24,"-27 day ahead inc hosp","quantile",0.025,158,"COVID-19"
"DE-TH","00+",2022-02-20,2022-01-24,"-27 day ahead inc hosp","quantile",0.1,158,"COVID-19"
"DE-TH","00+",2022-02-20,2022-01-24,"-27 day ahead inc hosp","quantile",0.25,158,"COVID-19"
"DE-TH","00+",2022-02-20,2022-01-24,"-27 day ahead inc hosp","quantile",0.5,159,"COVID-19"
"DE-TH","00+",2022-02-20,2022-01-24,"-27 day ahead inc hosp","quantile",0.75,159,"COVID-19"
"DE-TH","00+",2022-02-20,2022-01-24,"-27 day ahead inc hosp","quantile",0.9,161,"COVID-19"
"DE-TH","00+",2022-02-20,2022-01-24,"-27 day ahead inc hosp","quantile",0.975,162,"COVID-19"
"DE-TH","00+",2022-02-20,2022-01-23,"-28 day ahead inc hosp","mean",NA,156,"COVID-19"
"DE-TH","00+",2022-02-20,2022-01-23,"-28 day ahead inc hosp","quantile",0.025,155,"COVID-19"
"DE-TH","00+",2022-02-20,2022-01-23,"-28 day ahead inc hosp","quantile",0.1,155,"COVID-19"
"DE-TH","00+",2022-02-20,2022-01-23,"-28 day ahead inc hosp","quantile",0.25,155,"COVID-19"
"DE-TH","00+",2022-02-20,2022-01-23,"-28 day ahead inc hosp","quantile",0.5,156,"COVID-19"
"DE-TH","00+",2022-02-20,2022-01-23,"-28 day ahead inc hosp","quantile",0.75,156,"COVID-19"
"DE-TH","00+",2022-02-20,2022-01-23,"-28 day ahead inc hosp","quantile",0.9,157,"COVID-19"
"DE-TH","00+",2022-02-20,2022-01-23,"-28 day ahead inc hosp","quantile",0.975,159,"COVID-19"
