"location","age_group","forecast_date","target_end_date","target","type","quantile","value","pathogen"
"DE","00+",2022-04-28,2022-04-28,"0 day ahead inc hosp","mean",NA,8361,"COVID-19"
"DE","00+",2022-04-28,2022-04-28,"0 day ahead inc hosp","quantile",0.025,6265,"COVID-19"
"DE","00+",2022-04-28,2022-04-28,"0 day ahead inc hosp","quantile",0.1,6835,"COVID-19"
"DE","00+",2022-04-28,2022-04-28,"0 day ahead inc hosp","quantile",0.25,7440,"COVID-19"
"DE","00+",2022-04-28,2022-04-28,"0 day ahead inc hosp","quantile",0.5,8224,"COVID-19"
"DE","00+",2022-04-28,2022-04-28,"0 day ahead inc hosp","quantile",0.75,9133,"COVID-19"
"DE","00+",2022-04-28,2022-04-28,"0 day ahead inc hosp","quantile",0.9,10065,"COVID-19"
"DE","00+",2022-04-28,2022-04-28,"0 day ahead inc hosp","quantile",0.975,11238,"COVID-19"
"DE","00+",2022-04-28,2022-04-27,"-1 day ahead inc hosp","mean",NA,8601,"COVID-19"
"DE","00+",2022-04-28,2022-04-27,"-1 day ahead inc hosp","quantile",0.025,6833,"COVID-19"
"DE","00+",2022-04-28,2022-04-27,"-1 day ahead inc hosp","quantile",0.1,7311,"COVID-19"
"DE","00+",2022-04-28,2022-04-27,"-1 day ahead inc hosp","quantile",0.25,7820,"COVID-19"
"DE","00+",2022-04-28,2022-04-27,"-1 day ahead inc hosp","quantile",0.5,8483,"COVID-19"
"DE","00+",2022-04-28,2022-04-27,"-1 day ahead inc hosp","quantile",0.75,9253,"COVID-19"
"DE","00+",2022-04-28,2022-04-27,"-1 day ahead inc hosp","quantile",0.9,10045,"COVID-19"
"DE","00+",2022-04-28,2022-04-27,"-1 day ahead inc hosp","quantile",0.975,11043,"COVID-19"
"DE","00+",2022-04-28,2022-04-26,"-2 day ahead inc hosp","mean",NA,9221,"COVID-19"
"DE","00+",2022-04-28,2022-04-26,"-2 day ahead inc hosp","quantile",0.025,7681,"COVID-19"
"DE","00+",2022-04-28,2022-04-26,"-2 day ahead inc hosp","quantile",0.1,8099,"COVID-19"
"DE","00+",2022-04-28,2022-04-26,"-2 day ahead inc hosp","quantile",0.25,8544,"COVID-19"
"DE","00+",2022-04-28,2022-04-26,"-2 day ahead inc hosp","quantile",0.5,9120,"COVID-19"
"DE","00+",2022-04-28,2022-04-26,"-2 day ahead inc hosp","quantile",0.75,9789,"COVID-19"
"DE","00+",2022-04-28,2022-04-26,"-2 day ahead inc hosp","quantile",0.9,10474,"COVID-19"
"DE","00+",2022-04-28,2022-04-26,"-2 day ahead inc hosp","quantile",0.975,11337,"COVID-19"
"DE","00+",2022-04-28,2022-04-25,"-3 day ahead inc hosp","mean",NA,7834,"COVID-19"
"DE","00+",2022-04-28,2022-04-25,"-3 day ahead inc hosp","quantile",0.025,6762,"COVID-19"
"DE","00+",2022-04-28,2022-04-25,"-3 day ahead inc hosp","quantile",0.1,7056,"COVID-19"
"DE","00+",2022-04-28,2022-04-25,"-3 day ahead inc hosp","quantile",0.25,7367,"COVID-19"
"DE","00+",2022-04-28,2022-04-25,"-3 day ahead inc hosp","quantile",0.5,7767,"COVID-19"
"DE","00+",2022-04-28,2022-04-25,"-3 day ahead inc hosp","quantile",0.75,8228,"COVID-19"
"DE","00+",2022-04-28,2022-04-25,"-3 day ahead inc hosp","quantile",0.9,8698,"COVID-19"
"DE","00+",2022-04-28,2022-04-25,"-3 day ahead inc hosp","quantile",0.975,9287,"COVID-19"
"DE","00+",2022-04-28,2022-04-24,"-4 day ahead inc hosp","mean",NA,7754,"COVID-19"
"DE","00+",2022-04-28,2022-04-24,"-4 day ahead inc hosp","quantile",0.025,6762,"COVID-19"
"DE","00+",2022-04-28,2022-04-24,"-4 day ahead inc hosp","quantile",0.1,7037,"COVID-19"
"DE","00+",2022-04-28,2022-04-24,"-4 day ahead inc hosp","quantile",0.25,7325,"COVID-19"
"DE","00+",2022-04-28,2022-04-24,"-4 day ahead inc hosp","quantile",0.5,7694,"COVID-19"
"DE","00+",2022-04-28,2022-04-24,"-4 day ahead inc hosp","quantile",0.75,8118,"COVID-19"
"DE","00+",2022-04-28,2022-04-24,"-4 day ahead inc hosp","quantile",0.9,8549,"COVID-19"
"DE","00+",2022-04-28,2022-04-24,"-4 day ahead inc hosp","quantile",0.975,9088,"COVID-19"
"DE","00+",2022-04-28,2022-04-23,"-5 day ahead inc hosp","mean",NA,7735,"COVID-19"
"DE","00+",2022-04-28,2022-04-23,"-5 day ahead inc hosp","quantile",0.025,6794,"COVID-19"
"DE","00+",2022-04-28,2022-04-23,"-5 day ahead inc hosp","quantile",0.1,7055,"COVID-19"
"DE","00+",2022-04-28,2022-04-23,"-5 day ahead inc hosp","quantile",0.25,7328,"COVID-19"
"DE","00+",2022-04-28,2022-04-23,"-5 day ahead inc hosp","quantile",0.5,7678,"COVID-19"
"DE","00+",2022-04-28,2022-04-23,"-5 day ahead inc hosp","quantile",0.75,8080,"COVID-19"
"DE","00+",2022-04-28,2022-04-23,"-5 day ahead inc hosp","quantile",0.9,8489,"COVID-19"
"DE","00+",2022-04-28,2022-04-23,"-5 day ahead inc hosp","quantile",0.975,9000,"COVID-19"
"DE","00+",2022-04-28,2022-04-22,"-6 day ahead inc hosp","mean",NA,7002,"COVID-19"
"DE","00+",2022-04-28,2022-04-22,"-6 day ahead inc hosp","quantile",0.025,6203,"COVID-19"
"DE","00+",2022-04-28,2022-04-22,"-6 day ahead inc hosp","quantile",0.1,6423,"COVID-19"
"DE","00+",2022-04-28,2022-04-22,"-6 day ahead inc hosp","quantile",0.25,6655,"COVID-19"
"DE","00+",2022-04-28,2022-04-22,"-6 day ahead inc hosp","quantile",0.5,6952,"COVID-19"
"DE","00+",2022-04-28,2022-04-22,"-6 day ahead inc hosp","quantile",0.75,7295,"COVID-19"
"DE","00+",2022-04-28,2022-04-22,"-6 day ahead inc hosp","quantile",0.9,7644,"COVID-19"
"DE","00+",2022-04-28,2022-04-22,"-6 day ahead inc hosp","quantile",0.975,8081,"COVID-19"
"DE","00+",2022-04-28,2022-04-21,"-7 day ahead inc hosp","mean",NA,6965,"COVID-19"
"DE","00+",2022-04-28,2022-04-21,"-7 day ahead inc hosp","quantile",0.025,6254,"COVID-19"
"DE","00+",2022-04-28,2022-04-21,"-7 day ahead inc hosp","quantile",0.1,6449,"COVID-19"
"DE","00+",2022-04-28,2022-04-21,"-7 day ahead inc hosp","quantile",0.25,6654,"COVID-19"
"DE","00+",2022-04-28,2022-04-21,"-7 day ahead inc hosp","quantile",0.5,6920,"COVID-19"
"DE","00+",2022-04-28,2022-04-21,"-7 day ahead inc hosp","quantile",0.75,7226,"COVID-19"
"DE","00+",2022-04-28,2022-04-21,"-7 day ahead inc hosp","quantile",0.9,7539,"COVID-19"
"DE","00+",2022-04-28,2022-04-21,"-7 day ahead inc hosp","quantile",0.975,7931,"COVID-19"
"DE","00+",2022-04-28,2022-04-20,"-8 day ahead inc hosp","mean",NA,6707,"COVID-19"
"DE","00+",2022-04-28,2022-04-20,"-8 day ahead inc hosp","quantile",0.025,6098,"COVID-19"
"DE","00+",2022-04-28,2022-04-20,"-8 day ahead inc hosp","quantile",0.1,6263,"COVID-19"
"DE","00+",2022-04-28,2022-04-20,"-8 day ahead inc hosp","quantile",0.25,6439,"COVID-19"
"DE","00+",2022-04-28,2022-04-20,"-8 day ahead inc hosp","quantile",0.5,6667,"COVID-19"
"DE","00+",2022-04-28,2022-04-20,"-8 day ahead inc hosp","quantile",0.75,6931,"COVID-19"
"DE","00+",2022-04-28,2022-04-20,"-8 day ahead inc hosp","quantile",0.9,7203,"COVID-19"
"DE","00+",2022-04-28,2022-04-20,"-8 day ahead inc hosp","quantile",0.975,7545,"COVID-19"
"DE","00+",2022-04-28,2022-04-19,"-9 day ahead inc hosp","mean",NA,6293,"COVID-19"
"DE","00+",2022-04-28,2022-04-19,"-9 day ahead inc hosp","quantile",0.025,5809,"COVID-19"
"DE","00+",2022-04-28,2022-04-19,"-9 day ahead inc hosp","quantile",0.1,5939,"COVID-19"
"DE","00+",2022-04-28,2022-04-19,"-9 day ahead inc hosp","quantile",0.25,6078,"COVID-19"
"DE","00+",2022-04-28,2022-04-19,"-9 day ahead inc hosp","quantile",0.5,6259,"COVID-19"
"DE","00+",2022-04-28,2022-04-19,"-9 day ahead inc hosp","quantile",0.75,6472,"COVID-19"
"DE","00+",2022-04-28,2022-04-19,"-9 day ahead inc hosp","quantile",0.9,6690,"COVID-19"
"DE","00+",2022-04-28,2022-04-19,"-9 day ahead inc hosp","quantile",0.975,6967,"COVID-19"
"DE","00+",2022-04-28,2022-04-18,"-10 day ahead inc hosp","mean",NA,7521,"COVID-19"
"DE","00+",2022-04-28,2022-04-18,"-10 day ahead inc hosp","quantile",0.025,6980,"COVID-19"
"DE","00+",2022-04-28,2022-04-18,"-10 day ahead inc hosp","quantile",0.1,7124,"COVID-19"
"DE","00+",2022-04-28,2022-04-18,"-10 day ahead inc hosp","quantile",0.25,7279,"COVID-19"
"DE","00+",2022-04-28,2022-04-18,"-10 day ahead inc hosp","quantile",0.5,7482,"COVID-19"
"DE","00+",2022-04-28,2022-04-18,"-10 day ahead inc hosp","quantile",0.75,7721,"COVID-19"
"DE","00+",2022-04-28,2022-04-18,"-10 day ahead inc hosp","quantile",0.9,7969,"COVID-19"
"DE","00+",2022-04-28,2022-04-18,"-10 day ahead inc hosp","quantile",0.975,8283,"COVID-19"
"DE","00+",2022-04-28,2022-04-17,"-11 day ahead inc hosp","mean",NA,7660,"COVID-19"
"DE","00+",2022-04-28,2022-04-17,"-11 day ahead inc hosp","quantile",0.025,7117,"COVID-19"
"DE","00+",2022-04-28,2022-04-17,"-11 day ahead inc hosp","quantile",0.1,7259,"COVID-19"
"DE","00+",2022-04-28,2022-04-17,"-11 day ahead inc hosp","quantile",0.25,7414,"COVID-19"
"DE","00+",2022-04-28,2022-04-17,"-11 day ahead inc hosp","quantile",0.5,7619,"COVID-19"
"DE","00+",2022-04-28,2022-04-17,"-11 day ahead inc hosp","quantile",0.75,7861,"COVID-19"
"DE","00+",2022-04-28,2022-04-17,"-11 day ahead inc hosp","quantile",0.9,8112,"COVID-19"
"DE","00+",2022-04-28,2022-04-17,"-11 day ahead inc hosp","quantile",0.975,8432,"COVID-19"
"DE","00+",2022-04-28,2022-04-16,"-12 day ahead inc hosp","mean",NA,7812,"COVID-19"
"DE","00+",2022-04-28,2022-04-16,"-12 day ahead inc hosp","quantile",0.025,7268,"COVID-19"
"DE","00+",2022-04-28,2022-04-16,"-12 day ahead inc hosp","quantile",0.1,7409,"COVID-19"
"DE","00+",2022-04-28,2022-04-16,"-12 day ahead inc hosp","quantile",0.25,7564,"COVID-19"
"DE","00+",2022-04-28,2022-04-16,"-12 day ahead inc hosp","quantile",0.5,7770,"COVID-19"
"DE","00+",2022-04-28,2022-04-16,"-12 day ahead inc hosp","quantile",0.75,8015,"COVID-19"
"DE","00+",2022-04-28,2022-04-16,"-12 day ahead inc hosp","quantile",0.9,8270,"COVID-19"
"DE","00+",2022-04-28,2022-04-16,"-12 day ahead inc hosp","quantile",0.975,8596,"COVID-19"
"DE","00+",2022-04-28,2022-04-15,"-13 day ahead inc hosp","mean",NA,8667,"COVID-19"
"DE","00+",2022-04-28,2022-04-15,"-13 day ahead inc hosp","quantile",0.025,8085,"COVID-19"
"DE","00+",2022-04-28,2022-04-15,"-13 day ahead inc hosp","quantile",0.1,8235,"COVID-19"
"DE","00+",2022-04-28,2022-04-15,"-13 day ahead inc hosp","quantile",0.25,8400,"COVID-19"
"DE","00+",2022-04-28,2022-04-15,"-13 day ahead inc hosp","quantile",0.5,8621,"COVID-19"
"DE","00+",2022-04-28,2022-04-15,"-13 day ahead inc hosp","quantile",0.75,8884,"COVID-19"
"DE","00+",2022-04-28,2022-04-15,"-13 day ahead inc hosp","quantile",0.9,9160,"COVID-19"
"DE","00+",2022-04-28,2022-04-15,"-13 day ahead inc hosp","quantile",0.975,9514,"COVID-19"
"DE","00+",2022-04-28,2022-04-14,"-14 day ahead inc hosp","mean",NA,8754,"COVID-19"
"DE","00+",2022-04-28,2022-04-14,"-14 day ahead inc hosp","quantile",0.025,8201,"COVID-19"
"DE","00+",2022-04-28,2022-04-14,"-14 day ahead inc hosp","quantile",0.1,8341,"COVID-19"
"DE","00+",2022-04-28,2022-04-14,"-14 day ahead inc hosp","quantile",0.25,8497,"COVID-19"
"DE","00+",2022-04-28,2022-04-14,"-14 day ahead inc hosp","quantile",0.5,8708,"COVID-19"
"DE","00+",2022-04-28,2022-04-14,"-14 day ahead inc hosp","quantile",0.75,8961,"COVID-19"
"DE","00+",2022-04-28,2022-04-14,"-14 day ahead inc hosp","quantile",0.9,9227,"COVID-19"
"DE","00+",2022-04-28,2022-04-14,"-14 day ahead inc hosp","quantile",0.975,9570,"COVID-19"
"DE","00+",2022-04-28,2022-04-13,"-15 day ahead inc hosp","mean",NA,9061,"COVID-19"
"DE","00+",2022-04-28,2022-04-13,"-15 day ahead inc hosp","quantile",0.025,8525,"COVID-19"
"DE","00+",2022-04-28,2022-04-13,"-15 day ahead inc hosp","quantile",0.1,8659,"COVID-19"
"DE","00+",2022-04-28,2022-04-13,"-15 day ahead inc hosp","quantile",0.25,8809,"COVID-19"
"DE","00+",2022-04-28,2022-04-13,"-15 day ahead inc hosp","quantile",0.5,9014,"COVID-19"
"DE","00+",2022-04-28,2022-04-13,"-15 day ahead inc hosp","quantile",0.75,9261,"COVID-19"
"DE","00+",2022-04-28,2022-04-13,"-15 day ahead inc hosp","quantile",0.9,9522,"COVID-19"
"DE","00+",2022-04-28,2022-04-13,"-15 day ahead inc hosp","quantile",0.975,9860,"COVID-19"
"DE","00+",2022-04-28,2022-04-12,"-16 day ahead inc hosp","mean",NA,9197,"COVID-19"
"DE","00+",2022-04-28,2022-04-12,"-16 day ahead inc hosp","quantile",0.025,8692,"COVID-19"
"DE","00+",2022-04-28,2022-04-12,"-16 day ahead inc hosp","quantile",0.1,8816,"COVID-19"
"DE","00+",2022-04-28,2022-04-12,"-16 day ahead inc hosp","quantile",0.25,8957,"COVID-19"
"DE","00+",2022-04-28,2022-04-12,"-16 day ahead inc hosp","quantile",0.5,9150,"COVID-19"
"DE","00+",2022-04-28,2022-04-12,"-16 day ahead inc hosp","quantile",0.75,9386,"COVID-19"
"DE","00+",2022-04-28,2022-04-12,"-16 day ahead inc hosp","quantile",0.9,9637,"COVID-19"
"DE","00+",2022-04-28,2022-04-12,"-16 day ahead inc hosp","quantile",0.975,9963,"COVID-19"
"DE","00+",2022-04-28,2022-04-11,"-17 day ahead inc hosp","mean",NA,9199,"COVID-19"
"DE","00+",2022-04-28,2022-04-11,"-17 day ahead inc hosp","quantile",0.025,8733,"COVID-19"
"DE","00+",2022-04-28,2022-04-11,"-17 day ahead inc hosp","quantile",0.1,8845,"COVID-19"
"DE","00+",2022-04-28,2022-04-11,"-17 day ahead inc hosp","quantile",0.25,8975,"COVID-19"
"DE","00+",2022-04-28,2022-04-11,"-17 day ahead inc hosp","quantile",0.5,9154,"COVID-19"
"DE","00+",2022-04-28,2022-04-11,"-17 day ahead inc hosp","quantile",0.75,9375,"COVID-19"
"DE","00+",2022-04-28,2022-04-11,"-17 day ahead inc hosp","quantile",0.9,9611,"COVID-19"
"DE","00+",2022-04-28,2022-04-11,"-17 day ahead inc hosp","quantile",0.975,9919,"COVID-19"
"DE","00+",2022-04-28,2022-04-10,"-18 day ahead inc hosp","mean",NA,9175,"COVID-19"
"DE","00+",2022-04-28,2022-04-10,"-18 day ahead inc hosp","quantile",0.025,8713,"COVID-19"
"DE","00+",2022-04-28,2022-04-10,"-18 day ahead inc hosp","quantile",0.1,8823,"COVID-19"
"DE","00+",2022-04-28,2022-04-10,"-18 day ahead inc hosp","quantile",0.25,8950,"COVID-19"
"DE","00+",2022-04-28,2022-04-10,"-18 day ahead inc hosp","quantile",0.5,9129,"COVID-19"
"DE","00+",2022-04-28,2022-04-10,"-18 day ahead inc hosp","quantile",0.75,9350,"COVID-19"
"DE","00+",2022-04-28,2022-04-10,"-18 day ahead inc hosp","quantile",0.9,9587,"COVID-19"
"DE","00+",2022-04-28,2022-04-10,"-18 day ahead inc hosp","quantile",0.975,9899,"COVID-19"
"DE","00+",2022-04-28,2022-04-09,"-19 day ahead inc hosp","mean",NA,9242,"COVID-19"
"DE","00+",2022-04-28,2022-04-09,"-19 day ahead inc hosp","quantile",0.025,8783,"COVID-19"
"DE","00+",2022-04-28,2022-04-09,"-19 day ahead inc hosp","quantile",0.1,8890,"COVID-19"
"DE","00+",2022-04-28,2022-04-09,"-19 day ahead inc hosp","quantile",0.25,9016,"COVID-19"
"DE","00+",2022-04-28,2022-04-09,"-19 day ahead inc hosp","quantile",0.5,9194,"COVID-19"
"DE","00+",2022-04-28,2022-04-09,"-19 day ahead inc hosp","quantile",0.75,9416,"COVID-19"
"DE","00+",2022-04-28,2022-04-09,"-19 day ahead inc hosp","quantile",0.9,9657,"COVID-19"
"DE","00+",2022-04-28,2022-04-09,"-19 day ahead inc hosp","quantile",0.975,9974,"COVID-19"
"DE","00+",2022-04-28,2022-04-08,"-20 day ahead inc hosp","mean",NA,9264,"COVID-19"
"DE","00+",2022-04-28,2022-04-08,"-20 day ahead inc hosp","quantile",0.025,8831,"COVID-19"
"DE","00+",2022-04-28,2022-04-08,"-20 day ahead inc hosp","quantile",0.1,8930,"COVID-19"
"DE","00+",2022-04-28,2022-04-08,"-20 day ahead inc hosp","quantile",0.25,9048,"COVID-19"
"DE","00+",2022-04-28,2022-04-08,"-20 day ahead inc hosp","quantile",0.5,9217,"COVID-19"
"DE","00+",2022-04-28,2022-04-08,"-20 day ahead inc hosp","quantile",0.75,9428,"COVID-19"
"DE","00+",2022-04-28,2022-04-08,"-20 day ahead inc hosp","quantile",0.9,9659,"COVID-19"
"DE","00+",2022-04-28,2022-04-08,"-20 day ahead inc hosp","quantile",0.975,9964,"COVID-19"
"DE","00+",2022-04-28,2022-04-07,"-21 day ahead inc hosp","mean",NA,9535,"COVID-19"
"DE","00+",2022-04-28,2022-04-07,"-21 day ahead inc hosp","quantile",0.025,9122,"COVID-19"
"DE","00+",2022-04-28,2022-04-07,"-21 day ahead inc hosp","quantile",0.1,9215,"COVID-19"
"DE","00+",2022-04-28,2022-04-07,"-21 day ahead inc hosp","quantile",0.25,9327,"COVID-19"
"DE","00+",2022-04-28,2022-04-07,"-21 day ahead inc hosp","quantile",0.5,9488,"COVID-19"
"DE","00+",2022-04-28,2022-04-07,"-21 day ahead inc hosp","quantile",0.75,9692,"COVID-19"
"DE","00+",2022-04-28,2022-04-07,"-21 day ahead inc hosp","quantile",0.9,9914,"COVID-19"
"DE","00+",2022-04-28,2022-04-07,"-21 day ahead inc hosp","quantile",0.975,10210,"COVID-19"
"DE","00+",2022-04-28,2022-04-06,"-22 day ahead inc hosp","mean",NA,9677,"COVID-19"
"DE","00+",2022-04-28,2022-04-06,"-22 day ahead inc hosp","quantile",0.025,9293,"COVID-19"
"DE","00+",2022-04-28,2022-04-06,"-22 day ahead inc hosp","quantile",0.1,9378,"COVID-19"
"DE","00+",2022-04-28,2022-04-06,"-22 day ahead inc hosp","quantile",0.25,9482,"COVID-19"
"DE","00+",2022-04-28,2022-04-06,"-22 day ahead inc hosp","quantile",0.5,9632,"COVID-19"
"DE","00+",2022-04-28,2022-04-06,"-22 day ahead inc hosp","quantile",0.75,9823,"COVID-19"
"DE","00+",2022-04-28,2022-04-06,"-22 day ahead inc hosp","quantile",0.9,10033,"COVID-19"
"DE","00+",2022-04-28,2022-04-06,"-22 day ahead inc hosp","quantile",0.975,10312,"COVID-19"
"DE","00+",2022-04-28,2022-04-05,"-23 day ahead inc hosp","mean",NA,10007,"COVID-19"
"DE","00+",2022-04-28,2022-04-05,"-23 day ahead inc hosp","quantile",0.025,9651,"COVID-19"
"DE","00+",2022-04-28,2022-04-05,"-23 day ahead inc hosp","quantile",0.1,9729,"COVID-19"
"DE","00+",2022-04-28,2022-04-05,"-23 day ahead inc hosp","quantile",0.25,9825,"COVID-19"
"DE","00+",2022-04-28,2022-04-05,"-23 day ahead inc hosp","quantile",0.5,9965,"COVID-19"
"DE","00+",2022-04-28,2022-04-05,"-23 day ahead inc hosp","quantile",0.75,10143,"COVID-19"
"DE","00+",2022-04-28,2022-04-05,"-23 day ahead inc hosp","quantile",0.9,10339,"COVID-19"
"DE","00+",2022-04-28,2022-04-05,"-23 day ahead inc hosp","quantile",0.975,10601,"COVID-19"
"DE","00+",2022-04-28,2022-04-04,"-24 day ahead inc hosp","mean",NA,10255,"COVID-19"
"DE","00+",2022-04-28,2022-04-04,"-24 day ahead inc hosp","quantile",0.025,9927,"COVID-19"
"DE","00+",2022-04-28,2022-04-04,"-24 day ahead inc hosp","quantile",0.1,9998,"COVID-19"
"DE","00+",2022-04-28,2022-04-04,"-24 day ahead inc hosp","quantile",0.25,10086,"COVID-19"
"DE","00+",2022-04-28,2022-04-04,"-24 day ahead inc hosp","quantile",0.5,10215,"COVID-19"
"DE","00+",2022-04-28,2022-04-04,"-24 day ahead inc hosp","quantile",0.75,10380,"COVID-19"
"DE","00+",2022-04-28,2022-04-04,"-24 day ahead inc hosp","quantile",0.9,10562,"COVID-19"
"DE","00+",2022-04-28,2022-04-04,"-24 day ahead inc hosp","quantile",0.975,10806,"COVID-19"
"DE","00+",2022-04-28,2022-04-03,"-25 day ahead inc hosp","mean",NA,10431,"COVID-19"
"DE","00+",2022-04-28,2022-04-03,"-25 day ahead inc hosp","quantile",0.025,10106,"COVID-19"
"DE","00+",2022-04-28,2022-04-03,"-25 day ahead inc hosp","quantile",0.1,10176,"COVID-19"
"DE","00+",2022-04-28,2022-04-03,"-25 day ahead inc hosp","quantile",0.25,10263,"COVID-19"
"DE","00+",2022-04-28,2022-04-03,"-25 day ahead inc hosp","quantile",0.5,10391,"COVID-19"
"DE","00+",2022-04-28,2022-04-03,"-25 day ahead inc hosp","quantile",0.75,10556,"COVID-19"
"DE","00+",2022-04-28,2022-04-03,"-25 day ahead inc hosp","quantile",0.9,10738,"COVID-19"
"DE","00+",2022-04-28,2022-04-03,"-25 day ahead inc hosp","quantile",0.975,10983,"COVID-19"
"DE","00+",2022-04-28,2022-04-02,"-26 day ahead inc hosp","mean",NA,10646,"COVID-19"
"DE","00+",2022-04-28,2022-04-02,"-26 day ahead inc hosp","quantile",0.025,10325,"COVID-19"
"DE","00+",2022-04-28,2022-04-02,"-26 day ahead inc hosp","quantile",0.1,10393,"COVID-19"
"DE","00+",2022-04-28,2022-04-02,"-26 day ahead inc hosp","quantile",0.25,10478,"COVID-19"
"DE","00+",2022-04-28,2022-04-02,"-26 day ahead inc hosp","quantile",0.5,10605,"COVID-19"
"DE","00+",2022-04-28,2022-04-02,"-26 day ahead inc hosp","quantile",0.75,10769,"COVID-19"
"DE","00+",2022-04-28,2022-04-02,"-26 day ahead inc hosp","quantile",0.9,10952,"COVID-19"
"DE","00+",2022-04-28,2022-04-02,"-26 day ahead inc hosp","quantile",0.975,11197,"COVID-19"
"DE","00+",2022-04-28,2022-04-01,"-27 day ahead inc hosp","mean",NA,11013,"COVID-19"
"DE","00+",2022-04-28,2022-04-01,"-27 day ahead inc hosp","quantile",0.025,10704,"COVID-19"
"DE","00+",2022-04-28,2022-04-01,"-27 day ahead inc hosp","quantile",0.1,10768,"COVID-19"
"DE","00+",2022-04-28,2022-04-01,"-27 day ahead inc hosp","quantile",0.25,10850,"COVID-19"
"DE","00+",2022-04-28,2022-04-01,"-27 day ahead inc hosp","quantile",0.5,10973,"COVID-19"
"DE","00+",2022-04-28,2022-04-01,"-27 day ahead inc hosp","quantile",0.75,11132,"COVID-19"
"DE","00+",2022-04-28,2022-04-01,"-27 day ahead inc hosp","quantile",0.9,11310,"COVID-19"
"DE","00+",2022-04-28,2022-04-01,"-27 day ahead inc hosp","quantile",0.975,11550,"COVID-19"
"DE","00+",2022-04-28,2022-03-31,"-28 day ahead inc hosp","mean",NA,11148,"COVID-19"
"DE","00+",2022-04-28,2022-03-31,"-28 day ahead inc hosp","quantile",0.025,10862,"COVID-19"
"DE","00+",2022-04-28,2022-03-31,"-28 day ahead inc hosp","quantile",0.1,10921,"COVID-19"
"DE","00+",2022-04-28,2022-03-31,"-28 day ahead inc hosp","quantile",0.25,10996,"COVID-19"
"DE","00+",2022-04-28,2022-03-31,"-28 day ahead inc hosp","quantile",0.5,11110,"COVID-19"
"DE","00+",2022-04-28,2022-03-31,"-28 day ahead inc hosp","quantile",0.75,11259,"COVID-19"
"DE","00+",2022-04-28,2022-03-31,"-28 day ahead inc hosp","quantile",0.9,11426,"COVID-19"
"DE","00+",2022-04-28,2022-03-31,"-28 day ahead inc hosp","quantile",0.975,11652,"COVID-19"
"DE","00-04",2022-04-28,2022-04-28,"0 day ahead inc hosp","mean",NA,252,"COVID-19"
"DE","00-04",2022-04-28,2022-04-28,"0 day ahead inc hosp","quantile",0.025,193,"COVID-19"
"DE","00-04",2022-04-28,2022-04-28,"0 day ahead inc hosp","quantile",0.1,208,"COVID-19"
"DE","00-04",2022-04-28,2022-04-28,"0 day ahead inc hosp","quantile",0.25,225,"COVID-19"
"DE","00-04",2022-04-28,2022-04-28,"0 day ahead inc hosp","quantile",0.5,248,"COVID-19"
"DE","00-04",2022-04-28,2022-04-28,"0 day ahead inc hosp","quantile",0.75,274,"COVID-19"
"DE","00-04",2022-04-28,2022-04-28,"0 day ahead inc hosp","quantile",0.9,302,"COVID-19"
"DE","00-04",2022-04-28,2022-04-28,"0 day ahead inc hosp","quantile",0.975,338,"COVID-19"
"DE","00-04",2022-04-28,2022-04-27,"-1 day ahead inc hosp","mean",NA,253,"COVID-19"
"DE","00-04",2022-04-28,2022-04-27,"-1 day ahead inc hosp","quantile",0.025,205,"COVID-19"
"DE","00-04",2022-04-28,2022-04-27,"-1 day ahead inc hosp","quantile",0.1,217,"COVID-19"
"DE","00-04",2022-04-28,2022-04-27,"-1 day ahead inc hosp","quantile",0.25,231,"COVID-19"
"DE","00-04",2022-04-28,2022-04-27,"-1 day ahead inc hosp","quantile",0.5,249,"COVID-19"
"DE","00-04",2022-04-28,2022-04-27,"-1 day ahead inc hosp","quantile",0.75,271,"COVID-19"
"DE","00-04",2022-04-28,2022-04-27,"-1 day ahead inc hosp","quantile",0.9,295,"COVID-19"
"DE","00-04",2022-04-28,2022-04-27,"-1 day ahead inc hosp","quantile",0.975,326,"COVID-19"
"DE","00-04",2022-04-28,2022-04-26,"-2 day ahead inc hosp","mean",NA,289,"COVID-19"
"DE","00-04",2022-04-28,2022-04-26,"-2 day ahead inc hosp","quantile",0.025,246,"COVID-19"
"DE","00-04",2022-04-28,2022-04-26,"-2 day ahead inc hosp","quantile",0.1,256,"COVID-19"
"DE","00-04",2022-04-28,2022-04-26,"-2 day ahead inc hosp","quantile",0.25,268,"COVID-19"
"DE","00-04",2022-04-28,2022-04-26,"-2 day ahead inc hosp","quantile",0.5,285,"COVID-19"
"DE","00-04",2022-04-28,2022-04-26,"-2 day ahead inc hosp","quantile",0.75,306,"COVID-19"
"DE","00-04",2022-04-28,2022-04-26,"-2 day ahead inc hosp","quantile",0.9,328,"COVID-19"
"DE","00-04",2022-04-28,2022-04-26,"-2 day ahead inc hosp","quantile",0.975,357,"COVID-19"
"DE","00-04",2022-04-28,2022-04-25,"-3 day ahead inc hosp","mean",NA,247,"COVID-19"
"DE","00-04",2022-04-28,2022-04-25,"-3 day ahead inc hosp","quantile",0.025,217,"COVID-19"
"DE","00-04",2022-04-28,2022-04-25,"-3 day ahead inc hosp","quantile",0.1,224,"COVID-19"
"DE","00-04",2022-04-28,2022-04-25,"-3 day ahead inc hosp","quantile",0.25,232,"COVID-19"
"DE","00-04",2022-04-28,2022-04-25,"-3 day ahead inc hosp","quantile",0.5,244,"COVID-19"
"DE","00-04",2022-04-28,2022-04-25,"-3 day ahead inc hosp","quantile",0.75,259,"COVID-19"
"DE","00-04",2022-04-28,2022-04-25,"-3 day ahead inc hosp","quantile",0.9,275,"COVID-19"
"DE","00-04",2022-04-28,2022-04-25,"-3 day ahead inc hosp","quantile",0.975,296,"COVID-19"
"DE","00-04",2022-04-28,2022-04-24,"-4 day ahead inc hosp","mean",NA,246,"COVID-19"
"DE","00-04",2022-04-28,2022-04-24,"-4 day ahead inc hosp","quantile",0.025,217,"COVID-19"
"DE","00-04",2022-04-28,2022-04-24,"-4 day ahead inc hosp","quantile",0.1,224,"COVID-19"
"DE","00-04",2022-04-28,2022-04-24,"-4 day ahead inc hosp","quantile",0.25,232,"COVID-19"
"DE","00-04",2022-04-28,2022-04-24,"-4 day ahead inc hosp","quantile",0.5,243,"COVID-19"
"DE","00-04",2022-04-28,2022-04-24,"-4 day ahead inc hosp","quantile",0.75,257,"COVID-19"
"DE","00-04",2022-04-28,2022-04-24,"-4 day ahead inc hosp","quantile",0.9,273,"COVID-19"
"DE","00-04",2022-04-28,2022-04-24,"-4 day ahead inc hosp","quantile",0.975,293,"COVID-19"
"DE","00-04",2022-04-28,2022-04-23,"-5 day ahead inc hosp","mean",NA,239,"COVID-19"
"DE","00-04",2022-04-28,2022-04-23,"-5 day ahead inc hosp","quantile",0.025,213,"COVID-19"
"DE","00-04",2022-04-28,2022-04-23,"-5 day ahead inc hosp","quantile",0.1,219,"COVID-19"
"DE","00-04",2022-04-28,2022-04-23,"-5 day ahead inc hosp","quantile",0.25,226,"COVID-19"
"DE","00-04",2022-04-28,2022-04-23,"-5 day ahead inc hosp","quantile",0.5,236,"COVID-19"
"DE","00-04",2022-04-28,2022-04-23,"-5 day ahead inc hosp","quantile",0.75,249,"COVID-19"
"DE","00-04",2022-04-28,2022-04-23,"-5 day ahead inc hosp","quantile",0.9,264,"COVID-19"
"DE","00-04",2022-04-28,2022-04-23,"-5 day ahead inc hosp","quantile",0.975,283,"COVID-19"
"DE","00-04",2022-04-28,2022-04-22,"-6 day ahead inc hosp","mean",NA,217,"COVID-19"
"DE","00-04",2022-04-28,2022-04-22,"-6 day ahead inc hosp","quantile",0.025,195,"COVID-19"
"DE","00-04",2022-04-28,2022-04-22,"-6 day ahead inc hosp","quantile",0.1,200,"COVID-19"
"DE","00-04",2022-04-28,2022-04-22,"-6 day ahead inc hosp","quantile",0.25,206,"COVID-19"
"DE","00-04",2022-04-28,2022-04-22,"-6 day ahead inc hosp","quantile",0.5,215,"COVID-19"
"DE","00-04",2022-04-28,2022-04-22,"-6 day ahead inc hosp","quantile",0.75,226,"COVID-19"
"DE","00-04",2022-04-28,2022-04-22,"-6 day ahead inc hosp","quantile",0.9,238,"COVID-19"
"DE","00-04",2022-04-28,2022-04-22,"-6 day ahead inc hosp","quantile",0.975,254,"COVID-19"
"DE","00-04",2022-04-28,2022-04-21,"-7 day ahead inc hosp","mean",NA,219,"COVID-19"
"DE","00-04",2022-04-28,2022-04-21,"-7 day ahead inc hosp","quantile",0.025,199,"COVID-19"
"DE","00-04",2022-04-28,2022-04-21,"-7 day ahead inc hosp","quantile",0.1,203,"COVID-19"
"DE","00-04",2022-04-28,2022-04-21,"-7 day ahead inc hosp","quantile",0.25,209,"COVID-19"
"DE","00-04",2022-04-28,2022-04-21,"-7 day ahead inc hosp","quantile",0.5,217,"COVID-19"
"DE","00-04",2022-04-28,2022-04-21,"-7 day ahead inc hosp","quantile",0.75,227,"COVID-19"
"DE","00-04",2022-04-28,2022-04-21,"-7 day ahead inc hosp","quantile",0.9,238,"COVID-19"
"DE","00-04",2022-04-28,2022-04-21,"-7 day ahead inc hosp","quantile",0.975,253,"COVID-19"
"DE","00-04",2022-04-28,2022-04-20,"-8 day ahead inc hosp","mean",NA,226,"COVID-19"
"DE","00-04",2022-04-28,2022-04-20,"-8 day ahead inc hosp","quantile",0.025,207,"COVID-19"
"DE","00-04",2022-04-28,2022-04-20,"-8 day ahead inc hosp","quantile",0.1,211,"COVID-19"
"DE","00-04",2022-04-28,2022-04-20,"-8 day ahead inc hosp","quantile",0.25,216,"COVID-19"
"DE","00-04",2022-04-28,2022-04-20,"-8 day ahead inc hosp","quantile",0.5,223,"COVID-19"
"DE","00-04",2022-04-28,2022-04-20,"-8 day ahead inc hosp","quantile",0.75,233,"COVID-19"
"DE","00-04",2022-04-28,2022-04-20,"-8 day ahead inc hosp","quantile",0.9,243,"COVID-19"
"DE","00-04",2022-04-28,2022-04-20,"-8 day ahead inc hosp","quantile",0.975,257,"COVID-19"
"DE","00-04",2022-04-28,2022-04-19,"-9 day ahead inc hosp","mean",NA,203,"COVID-19"
"DE","00-04",2022-04-28,2022-04-19,"-9 day ahead inc hosp","quantile",0.025,189,"COVID-19"
"DE","00-04",2022-04-28,2022-04-19,"-9 day ahead inc hosp","quantile",0.1,192,"COVID-19"
"DE","00-04",2022-04-28,2022-04-19,"-9 day ahead inc hosp","quantile",0.25,195,"COVID-19"
"DE","00-04",2022-04-28,2022-04-19,"-9 day ahead inc hosp","quantile",0.5,201,"COVID-19"
"DE","00-04",2022-04-28,2022-04-19,"-9 day ahead inc hosp","quantile",0.75,208,"COVID-19"
"DE","00-04",2022-04-28,2022-04-19,"-9 day ahead inc hosp","quantile",0.9,216,"COVID-19"
"DE","00-04",2022-04-28,2022-04-19,"-9 day ahead inc hosp","quantile",0.975,227,"COVID-19"
"DE","00-04",2022-04-28,2022-04-18,"-10 day ahead inc hosp","mean",NA,268,"COVID-19"
"DE","00-04",2022-04-28,2022-04-18,"-10 day ahead inc hosp","quantile",0.025,251,"COVID-19"
"DE","00-04",2022-04-28,2022-04-18,"-10 day ahead inc hosp","quantile",0.1,255,"COVID-19"
"DE","00-04",2022-04-28,2022-04-18,"-10 day ahead inc hosp","quantile",0.25,259,"COVID-19"
"DE","00-04",2022-04-28,2022-04-18,"-10 day ahead inc hosp","quantile",0.5,266,"COVID-19"
"DE","00-04",2022-04-28,2022-04-18,"-10 day ahead inc hosp","quantile",0.75,275,"COVID-19"
"DE","00-04",2022-04-28,2022-04-18,"-10 day ahead inc hosp","quantile",0.9,284,"COVID-19"
"DE","00-04",2022-04-28,2022-04-18,"-10 day ahead inc hosp","quantile",0.975,297,"COVID-19"
"DE","00-04",2022-04-28,2022-04-17,"-11 day ahead inc hosp","mean",NA,275,"COVID-19"
"DE","00-04",2022-04-28,2022-04-17,"-11 day ahead inc hosp","quantile",0.025,258,"COVID-19"
"DE","00-04",2022-04-28,2022-04-17,"-11 day ahead inc hosp","quantile",0.1,262,"COVID-19"
"DE","00-04",2022-04-28,2022-04-17,"-11 day ahead inc hosp","quantile",0.25,266,"COVID-19"
"DE","00-04",2022-04-28,2022-04-17,"-11 day ahead inc hosp","quantile",0.5,273,"COVID-19"
"DE","00-04",2022-04-28,2022-04-17,"-11 day ahead inc hosp","quantile",0.75,281,"COVID-19"
"DE","00-04",2022-04-28,2022-04-17,"-11 day ahead inc hosp","quantile",0.9,291,"COVID-19"
"DE","00-04",2022-04-28,2022-04-17,"-11 day ahead inc hosp","quantile",0.975,304,"COVID-19"
"DE","00-04",2022-04-28,2022-04-16,"-12 day ahead inc hosp","mean",NA,277,"COVID-19"
"DE","00-04",2022-04-28,2022-04-16,"-12 day ahead inc hosp","quantile",0.025,261,"COVID-19"
"DE","00-04",2022-04-28,2022-04-16,"-12 day ahead inc hosp","quantile",0.1,264,"COVID-19"
"DE","00-04",2022-04-28,2022-04-16,"-12 day ahead inc hosp","quantile",0.25,268,"COVID-19"
"DE","00-04",2022-04-28,2022-04-16,"-12 day ahead inc hosp","quantile",0.5,275,"COVID-19"
"DE","00-04",2022-04-28,2022-04-16,"-12 day ahead inc hosp","quantile",0.75,283,"COVID-19"
"DE","00-04",2022-04-28,2022-04-16,"-12 day ahead inc hosp","quantile",0.9,293,"COVID-19"
"DE","00-04",2022-04-28,2022-04-16,"-12 day ahead inc hosp","quantile",0.975,306,"COVID-19"
"DE","00-04",2022-04-28,2022-04-15,"-13 day ahead inc hosp","mean",NA,309,"COVID-19"
"DE","00-04",2022-04-28,2022-04-15,"-13 day ahead inc hosp","quantile",0.025,292,"COVID-19"
"DE","00-04",2022-04-28,2022-04-15,"-13 day ahead inc hosp","quantile",0.1,295,"COVID-19"
"DE","00-04",2022-04-28,2022-04-15,"-13 day ahead inc hosp","quantile",0.25,299,"COVID-19"
"DE","00-04",2022-04-28,2022-04-15,"-13 day ahead inc hosp","quantile",0.5,306,"COVID-19"
"DE","00-04",2022-04-28,2022-04-15,"-13 day ahead inc hosp","quantile",0.75,316,"COVID-19"
"DE","00-04",2022-04-28,2022-04-15,"-13 day ahead inc hosp","quantile",0.9,327,"COVID-19"
"DE","00-04",2022-04-28,2022-04-15,"-13 day ahead inc hosp","quantile",0.975,341,"COVID-19"
"DE","00-04",2022-04-28,2022-04-14,"-14 day ahead inc hosp","mean",NA,322,"COVID-19"
"DE","00-04",2022-04-28,2022-04-14,"-14 day ahead inc hosp","quantile",0.025,305,"COVID-19"
"DE","00-04",2022-04-28,2022-04-14,"-14 day ahead inc hosp","quantile",0.1,308,"COVID-19"
"DE","00-04",2022-04-28,2022-04-14,"-14 day ahead inc hosp","quantile",0.25,313,"COVID-19"
"DE","00-04",2022-04-28,2022-04-14,"-14 day ahead inc hosp","quantile",0.5,319,"COVID-19"
"DE","00-04",2022-04-28,2022-04-14,"-14 day ahead inc hosp","quantile",0.75,329,"COVID-19"
"DE","00-04",2022-04-28,2022-04-14,"-14 day ahead inc hosp","quantile",0.9,340,"COVID-19"
"DE","00-04",2022-04-28,2022-04-14,"-14 day ahead inc hosp","quantile",0.975,354,"COVID-19"
"DE","00-04",2022-04-28,2022-04-13,"-15 day ahead inc hosp","mean",NA,314,"COVID-19"
"DE","00-04",2022-04-28,2022-04-13,"-15 day ahead inc hosp","quantile",0.025,299,"COVID-19"
"DE","00-04",2022-04-28,2022-04-13,"-15 day ahead inc hosp","quantile",0.1,301,"COVID-19"
"DE","00-04",2022-04-28,2022-04-13,"-15 day ahead inc hosp","quantile",0.25,305,"COVID-19"
"DE","00-04",2022-04-28,2022-04-13,"-15 day ahead inc hosp","quantile",0.5,312,"COVID-19"
"DE","00-04",2022-04-28,2022-04-13,"-15 day ahead inc hosp","quantile",0.75,320,"COVID-19"
"DE","00-04",2022-04-28,2022-04-13,"-15 day ahead inc hosp","quantile",0.9,330,"COVID-19"
"DE","00-04",2022-04-28,2022-04-13,"-15 day ahead inc hosp","quantile",0.975,344,"COVID-19"
"DE","00-04",2022-04-28,2022-04-12,"-16 day ahead inc hosp","mean",NA,331,"COVID-19"
"DE","00-04",2022-04-28,2022-04-12,"-16 day ahead inc hosp","quantile",0.025,316,"COVID-19"
"DE","00-04",2022-04-28,2022-04-12,"-16 day ahead inc hosp","quantile",0.1,319,"COVID-19"
"DE","00-04",2022-04-28,2022-04-12,"-16 day ahead inc hosp","quantile",0.25,323,"COVID-19"
"DE","00-04",2022-04-28,2022-04-12,"-16 day ahead inc hosp","quantile",0.5,329,"COVID-19"
"DE","00-04",2022-04-28,2022-04-12,"-16 day ahead inc hosp","quantile",0.75,337,"COVID-19"
"DE","00-04",2022-04-28,2022-04-12,"-16 day ahead inc hosp","quantile",0.9,347,"COVID-19"
"DE","00-04",2022-04-28,2022-04-12,"-16 day ahead inc hosp","quantile",0.975,361,"COVID-19"
"DE","00-04",2022-04-28,2022-04-11,"-17 day ahead inc hosp","mean",NA,309,"COVID-19"
"DE","00-04",2022-04-28,2022-04-11,"-17 day ahead inc hosp","quantile",0.025,297,"COVID-19"
"DE","00-04",2022-04-28,2022-04-11,"-17 day ahead inc hosp","quantile",0.1,299,"COVID-19"
"DE","00-04",2022-04-28,2022-04-11,"-17 day ahead inc hosp","quantile",0.25,302,"COVID-19"
"DE","00-04",2022-04-28,2022-04-11,"-17 day ahead inc hosp","quantile",0.5,307,"COVID-19"
"DE","00-04",2022-04-28,2022-04-11,"-17 day ahead inc hosp","quantile",0.75,314,"COVID-19"
"DE","00-04",2022-04-28,2022-04-11,"-17 day ahead inc hosp","quantile",0.9,322,"COVID-19"
"DE","00-04",2022-04-28,2022-04-11,"-17 day ahead inc hosp","quantile",0.975,334,"COVID-19"
"DE","00-04",2022-04-28,2022-04-10,"-18 day ahead inc hosp","mean",NA,307,"COVID-19"
"DE","00-04",2022-04-28,2022-04-10,"-18 day ahead inc hosp","quantile",0.025,296,"COVID-19"
"DE","00-04",2022-04-28,2022-04-10,"-18 day ahead inc hosp","quantile",0.1,297,"COVID-19"
"DE","00-04",2022-04-28,2022-04-10,"-18 day ahead inc hosp","quantile",0.25,300,"COVID-19"
"DE","00-04",2022-04-28,2022-04-10,"-18 day ahead inc hosp","quantile",0.5,305,"COVID-19"
"DE","00-04",2022-04-28,2022-04-10,"-18 day ahead inc hosp","quantile",0.75,312,"COVID-19"
"DE","00-04",2022-04-28,2022-04-10,"-18 day ahead inc hosp","quantile",0.9,320,"COVID-19"
"DE","00-04",2022-04-28,2022-04-10,"-18 day ahead inc hosp","quantile",0.975,332,"COVID-19"
"DE","00-04",2022-04-28,2022-04-09,"-19 day ahead inc hosp","mean",NA,314,"COVID-19"
"DE","00-04",2022-04-28,2022-04-09,"-19 day ahead inc hosp","quantile",0.025,303,"COVID-19"
"DE","00-04",2022-04-28,2022-04-09,"-19 day ahead inc hosp","quantile",0.1,304,"COVID-19"
"DE","00-04",2022-04-28,2022-04-09,"-19 day ahead inc hosp","quantile",0.25,307,"COVID-19"
"DE","00-04",2022-04-28,2022-04-09,"-19 day ahead inc hosp","quantile",0.5,312,"COVID-19"
"DE","00-04",2022-04-28,2022-04-09,"-19 day ahead inc hosp","quantile",0.75,318,"COVID-19"
"DE","00-04",2022-04-28,2022-04-09,"-19 day ahead inc hosp","quantile",0.9,326,"COVID-19"
"DE","00-04",2022-04-28,2022-04-09,"-19 day ahead inc hosp","quantile",0.975,338,"COVID-19"
"DE","00-04",2022-04-28,2022-04-08,"-20 day ahead inc hosp","mean",NA,317,"COVID-19"
"DE","00-04",2022-04-28,2022-04-08,"-20 day ahead inc hosp","quantile",0.025,306,"COVID-19"
"DE","00-04",2022-04-28,2022-04-08,"-20 day ahead inc hosp","quantile",0.1,308,"COVID-19"
"DE","00-04",2022-04-28,2022-04-08,"-20 day ahead inc hosp","quantile",0.25,310,"COVID-19"
"DE","00-04",2022-04-28,2022-04-08,"-20 day ahead inc hosp","quantile",0.5,315,"COVID-19"
"DE","00-04",2022-04-28,2022-04-08,"-20 day ahead inc hosp","quantile",0.75,321,"COVID-19"
"DE","00-04",2022-04-28,2022-04-08,"-20 day ahead inc hosp","quantile",0.9,328,"COVID-19"
"DE","00-04",2022-04-28,2022-04-08,"-20 day ahead inc hosp","quantile",0.975,339,"COVID-19"
"DE","00-04",2022-04-28,2022-04-07,"-21 day ahead inc hosp","mean",NA,332,"COVID-19"
"DE","00-04",2022-04-28,2022-04-07,"-21 day ahead inc hosp","quantile",0.025,322,"COVID-19"
"DE","00-04",2022-04-28,2022-04-07,"-21 day ahead inc hosp","quantile",0.1,324,"COVID-19"
"DE","00-04",2022-04-28,2022-04-07,"-21 day ahead inc hosp","quantile",0.25,326,"COVID-19"
"DE","00-04",2022-04-28,2022-04-07,"-21 day ahead inc hosp","quantile",0.5,330,"COVID-19"
"DE","00-04",2022-04-28,2022-04-07,"-21 day ahead inc hosp","quantile",0.75,336,"COVID-19"
"DE","00-04",2022-04-28,2022-04-07,"-21 day ahead inc hosp","quantile",0.9,343,"COVID-19"
"DE","00-04",2022-04-28,2022-04-07,"-21 day ahead inc hosp","quantile",0.975,352,"COVID-19"
"DE","00-04",2022-04-28,2022-04-06,"-22 day ahead inc hosp","mean",NA,346,"COVID-19"
"DE","00-04",2022-04-28,2022-04-06,"-22 day ahead inc hosp","quantile",0.025,337,"COVID-19"
"DE","00-04",2022-04-28,2022-04-06,"-22 day ahead inc hosp","quantile",0.1,338,"COVID-19"
"DE","00-04",2022-04-28,2022-04-06,"-22 day ahead inc hosp","quantile",0.25,341,"COVID-19"
"DE","00-04",2022-04-28,2022-04-06,"-22 day ahead inc hosp","quantile",0.5,344,"COVID-19"
"DE","00-04",2022-04-28,2022-04-06,"-22 day ahead inc hosp","quantile",0.75,350,"COVID-19"
"DE","00-04",2022-04-28,2022-04-06,"-22 day ahead inc hosp","quantile",0.9,356,"COVID-19"
"DE","00-04",2022-04-28,2022-04-06,"-22 day ahead inc hosp","quantile",0.975,366,"COVID-19"
"DE","00-04",2022-04-28,2022-04-05,"-23 day ahead inc hosp","mean",NA,361,"COVID-19"
"DE","00-04",2022-04-28,2022-04-05,"-23 day ahead inc hosp","quantile",0.025,353,"COVID-19"
"DE","00-04",2022-04-28,2022-04-05,"-23 day ahead inc hosp","quantile",0.1,354,"COVID-19"
"DE","00-04",2022-04-28,2022-04-05,"-23 day ahead inc hosp","quantile",0.25,356,"COVID-19"
"DE","00-04",2022-04-28,2022-04-05,"-23 day ahead inc hosp","quantile",0.5,359,"COVID-19"
"DE","00-04",2022-04-28,2022-04-05,"-23 day ahead inc hosp","quantile",0.75,365,"COVID-19"
"DE","00-04",2022-04-28,2022-04-05,"-23 day ahead inc hosp","quantile",0.9,371,"COVID-19"
"DE","00-04",2022-04-28,2022-04-05,"-23 day ahead inc hosp","quantile",0.975,380,"COVID-19"
"DE","00-04",2022-04-28,2022-04-04,"-24 day ahead inc hosp","mean",NA,391,"COVID-19"
"DE","00-04",2022-04-28,2022-04-04,"-24 day ahead inc hosp","quantile",0.025,383,"COVID-19"
"DE","00-04",2022-04-28,2022-04-04,"-24 day ahead inc hosp","quantile",0.1,384,"COVID-19"
"DE","00-04",2022-04-28,2022-04-04,"-24 day ahead inc hosp","quantile",0.25,386,"COVID-19"
"DE","00-04",2022-04-28,2022-04-04,"-24 day ahead inc hosp","quantile",0.5,389,"COVID-19"
"DE","00-04",2022-04-28,2022-04-04,"-24 day ahead inc hosp","quantile",0.75,394,"COVID-19"
"DE","00-04",2022-04-28,2022-04-04,"-24 day ahead inc hosp","quantile",0.9,400,"COVID-19"
"DE","00-04",2022-04-28,2022-04-04,"-24 day ahead inc hosp","quantile",0.975,408,"COVID-19"
"DE","00-04",2022-04-28,2022-04-03,"-25 day ahead inc hosp","mean",NA,389,"COVID-19"
"DE","00-04",2022-04-28,2022-04-03,"-25 day ahead inc hosp","quantile",0.025,381,"COVID-19"
"DE","00-04",2022-04-28,2022-04-03,"-25 day ahead inc hosp","quantile",0.1,382,"COVID-19"
"DE","00-04",2022-04-28,2022-04-03,"-25 day ahead inc hosp","quantile",0.25,384,"COVID-19"
"DE","00-04",2022-04-28,2022-04-03,"-25 day ahead inc hosp","quantile",0.5,387,"COVID-19"
"DE","00-04",2022-04-28,2022-04-03,"-25 day ahead inc hosp","quantile",0.75,392,"COVID-19"
"DE","00-04",2022-04-28,2022-04-03,"-25 day ahead inc hosp","quantile",0.9,397,"COVID-19"
"DE","00-04",2022-04-28,2022-04-03,"-25 day ahead inc hosp","quantile",0.975,405,"COVID-19"
"DE","00-04",2022-04-28,2022-04-02,"-26 day ahead inc hosp","mean",NA,381,"COVID-19"
"DE","00-04",2022-04-28,2022-04-02,"-26 day ahead inc hosp","quantile",0.025,374,"COVID-19"
"DE","00-04",2022-04-28,2022-04-02,"-26 day ahead inc hosp","quantile",0.1,375,"COVID-19"
"DE","00-04",2022-04-28,2022-04-02,"-26 day ahead inc hosp","quantile",0.25,377,"COVID-19"
"DE","00-04",2022-04-28,2022-04-02,"-26 day ahead inc hosp","quantile",0.5,380,"COVID-19"
"DE","00-04",2022-04-28,2022-04-02,"-26 day ahead inc hosp","quantile",0.75,384,"COVID-19"
"DE","00-04",2022-04-28,2022-04-02,"-26 day ahead inc hosp","quantile",0.9,389,"COVID-19"
"DE","00-04",2022-04-28,2022-04-02,"-26 day ahead inc hosp","quantile",0.975,397,"COVID-19"
"DE","00-04",2022-04-28,2022-04-01,"-27 day ahead inc hosp","mean",NA,392,"COVID-19"
"DE","00-04",2022-04-28,2022-04-01,"-27 day ahead inc hosp","quantile",0.025,385,"COVID-19"
"DE","00-04",2022-04-28,2022-04-01,"-27 day ahead inc hosp","quantile",0.1,386,"COVID-19"
"DE","00-04",2022-04-28,2022-04-01,"-27 day ahead inc hosp","quantile",0.25,387,"COVID-19"
"DE","00-04",2022-04-28,2022-04-01,"-27 day ahead inc hosp","quantile",0.5,390,"COVID-19"
"DE","00-04",2022-04-28,2022-04-01,"-27 day ahead inc hosp","quantile",0.75,394,"COVID-19"
"DE","00-04",2022-04-28,2022-04-01,"-27 day ahead inc hosp","quantile",0.9,400,"COVID-19"
"DE","00-04",2022-04-28,2022-04-01,"-27 day ahead inc hosp","quantile",0.975,407,"COVID-19"
"DE","00-04",2022-04-28,2022-03-31,"-28 day ahead inc hosp","mean",NA,390,"COVID-19"
"DE","00-04",2022-04-28,2022-03-31,"-28 day ahead inc hosp","quantile",0.025,384,"COVID-19"
"DE","00-04",2022-04-28,2022-03-31,"-28 day ahead inc hosp","quantile",0.1,385,"COVID-19"
"DE","00-04",2022-04-28,2022-03-31,"-28 day ahead inc hosp","quantile",0.25,386,"COVID-19"
"DE","00-04",2022-04-28,2022-03-31,"-28 day ahead inc hosp","quantile",0.5,389,"COVID-19"
"DE","00-04",2022-04-28,2022-03-31,"-28 day ahead inc hosp","quantile",0.75,393,"COVID-19"
"DE","00-04",2022-04-28,2022-03-31,"-28 day ahead inc hosp","quantile",0.9,397,"COVID-19"
"DE","00-04",2022-04-28,2022-03-31,"-28 day ahead inc hosp","quantile",0.975,404,"COVID-19"
"DE","05-14",2022-04-28,2022-04-28,"0 day ahead inc hosp","mean",NA,115,"COVID-19"
"DE","05-14",2022-04-28,2022-04-28,"0 day ahead inc hosp","quantile",0.025,87,"COVID-19"
"DE","05-14",2022-04-28,2022-04-28,"0 day ahead inc hosp","quantile",0.1,94,"COVID-19"
"DE","05-14",2022-04-28,2022-04-28,"0 day ahead inc hosp","quantile",0.25,102,"COVID-19"
"DE","05-14",2022-04-28,2022-04-28,"0 day ahead inc hosp","quantile",0.5,112,"COVID-19"
"DE","05-14",2022-04-28,2022-04-28,"0 day ahead inc hosp","quantile",0.75,125,"COVID-19"
"DE","05-14",2022-04-28,2022-04-28,"0 day ahead inc hosp","quantile",0.9,139,"COVID-19"
"DE","05-14",2022-04-28,2022-04-28,"0 day ahead inc hosp","quantile",0.975,157,"COVID-19"
"DE","05-14",2022-04-28,2022-04-27,"-1 day ahead inc hosp","mean",NA,129,"COVID-19"
"DE","05-14",2022-04-28,2022-04-27,"-1 day ahead inc hosp","quantile",0.025,104,"COVID-19"
"DE","05-14",2022-04-28,2022-04-27,"-1 day ahead inc hosp","quantile",0.1,110,"COVID-19"
"DE","05-14",2022-04-28,2022-04-27,"-1 day ahead inc hosp","quantile",0.25,117,"COVID-19"
"DE","05-14",2022-04-28,2022-04-27,"-1 day ahead inc hosp","quantile",0.5,127,"COVID-19"
"DE","05-14",2022-04-28,2022-04-27,"-1 day ahead inc hosp","quantile",0.75,139,"COVID-19"
"DE","05-14",2022-04-28,2022-04-27,"-1 day ahead inc hosp","quantile",0.9,152,"COVID-19"
"DE","05-14",2022-04-28,2022-04-27,"-1 day ahead inc hosp","quantile",0.975,170,"COVID-19"
"DE","05-14",2022-04-28,2022-04-26,"-2 day ahead inc hosp","mean",NA,128,"COVID-19"
"DE","05-14",2022-04-28,2022-04-26,"-2 day ahead inc hosp","quantile",0.025,107,"COVID-19"
"DE","05-14",2022-04-28,2022-04-26,"-2 day ahead inc hosp","quantile",0.1,112,"COVID-19"
"DE","05-14",2022-04-28,2022-04-26,"-2 day ahead inc hosp","quantile",0.25,117,"COVID-19"
"DE","05-14",2022-04-28,2022-04-26,"-2 day ahead inc hosp","quantile",0.5,125,"COVID-19"
"DE","05-14",2022-04-28,2022-04-26,"-2 day ahead inc hosp","quantile",0.75,136,"COVID-19"
"DE","05-14",2022-04-28,2022-04-26,"-2 day ahead inc hosp","quantile",0.9,147,"COVID-19"
"DE","05-14",2022-04-28,2022-04-26,"-2 day ahead inc hosp","quantile",0.975,162,"COVID-19"
"DE","05-14",2022-04-28,2022-04-25,"-3 day ahead inc hosp","mean",NA,113,"COVID-19"
"DE","05-14",2022-04-28,2022-04-25,"-3 day ahead inc hosp","quantile",0.025,97,"COVID-19"
"DE","05-14",2022-04-28,2022-04-25,"-3 day ahead inc hosp","quantile",0.1,100,"COVID-19"
"DE","05-14",2022-04-28,2022-04-25,"-3 day ahead inc hosp","quantile",0.25,105,"COVID-19"
"DE","05-14",2022-04-28,2022-04-25,"-3 day ahead inc hosp","quantile",0.5,111,"COVID-19"
"DE","05-14",2022-04-28,2022-04-25,"-3 day ahead inc hosp","quantile",0.75,119,"COVID-19"
"DE","05-14",2022-04-28,2022-04-25,"-3 day ahead inc hosp","quantile",0.9,128,"COVID-19"
"DE","05-14",2022-04-28,2022-04-25,"-3 day ahead inc hosp","quantile",0.975,141,"COVID-19"
"DE","05-14",2022-04-28,2022-04-24,"-4 day ahead inc hosp","mean",NA,111,"COVID-19"
"DE","05-14",2022-04-28,2022-04-24,"-4 day ahead inc hosp","quantile",0.025,96,"COVID-19"
"DE","05-14",2022-04-28,2022-04-24,"-4 day ahead inc hosp","quantile",0.1,99,"COVID-19"
"DE","05-14",2022-04-28,2022-04-24,"-4 day ahead inc hosp","quantile",0.25,103,"COVID-19"
"DE","05-14",2022-04-28,2022-04-24,"-4 day ahead inc hosp","quantile",0.5,109,"COVID-19"
"DE","05-14",2022-04-28,2022-04-24,"-4 day ahead inc hosp","quantile",0.75,117,"COVID-19"
"DE","05-14",2022-04-28,2022-04-24,"-4 day ahead inc hosp","quantile",0.9,126,"COVID-19"
"DE","05-14",2022-04-28,2022-04-24,"-4 day ahead inc hosp","quantile",0.975,138,"COVID-19"
"DE","05-14",2022-04-28,2022-04-23,"-5 day ahead inc hosp","mean",NA,111,"COVID-19"
"DE","05-14",2022-04-28,2022-04-23,"-5 day ahead inc hosp","quantile",0.025,96,"COVID-19"
"DE","05-14",2022-04-28,2022-04-23,"-5 day ahead inc hosp","quantile",0.1,99,"COVID-19"
"DE","05-14",2022-04-28,2022-04-23,"-5 day ahead inc hosp","quantile",0.25,103,"COVID-19"
"DE","05-14",2022-04-28,2022-04-23,"-5 day ahead inc hosp","quantile",0.5,109,"COVID-19"
"DE","05-14",2022-04-28,2022-04-23,"-5 day ahead inc hosp","quantile",0.75,117,"COVID-19"
"DE","05-14",2022-04-28,2022-04-23,"-5 day ahead inc hosp","quantile",0.9,126,"COVID-19"
"DE","05-14",2022-04-28,2022-04-23,"-5 day ahead inc hosp","quantile",0.975,138,"COVID-19"
"DE","05-14",2022-04-28,2022-04-22,"-6 day ahead inc hosp","mean",NA,100,"COVID-19"
"DE","05-14",2022-04-28,2022-04-22,"-6 day ahead inc hosp","quantile",0.025,87,"COVID-19"
"DE","05-14",2022-04-28,2022-04-22,"-6 day ahead inc hosp","quantile",0.1,89,"COVID-19"
"DE","05-14",2022-04-28,2022-04-22,"-6 day ahead inc hosp","quantile",0.25,92,"COVID-19"
"DE","05-14",2022-04-28,2022-04-22,"-6 day ahead inc hosp","quantile",0.5,97,"COVID-19"
"DE","05-14",2022-04-28,2022-04-22,"-6 day ahead inc hosp","quantile",0.75,104,"COVID-19"
"DE","05-14",2022-04-28,2022-04-22,"-6 day ahead inc hosp","quantile",0.9,112,"COVID-19"
"DE","05-14",2022-04-28,2022-04-22,"-6 day ahead inc hosp","quantile",0.975,124,"COVID-19"
"DE","05-14",2022-04-28,2022-04-21,"-7 day ahead inc hosp","mean",NA,105,"COVID-19"
"DE","05-14",2022-04-28,2022-04-21,"-7 day ahead inc hosp","quantile",0.025,93,"COVID-19"
"DE","05-14",2022-04-28,2022-04-21,"-7 day ahead inc hosp","quantile",0.1,95,"COVID-19"
"DE","05-14",2022-04-28,2022-04-21,"-7 day ahead inc hosp","quantile",0.25,98,"COVID-19"
"DE","05-14",2022-04-28,2022-04-21,"-7 day ahead inc hosp","quantile",0.5,103,"COVID-19"
"DE","05-14",2022-04-28,2022-04-21,"-7 day ahead inc hosp","quantile",0.75,109,"COVID-19"
"DE","05-14",2022-04-28,2022-04-21,"-7 day ahead inc hosp","quantile",0.9,117,"COVID-19"
"DE","05-14",2022-04-28,2022-04-21,"-7 day ahead inc hosp","quantile",0.975,128,"COVID-19"
"DE","05-14",2022-04-28,2022-04-20,"-8 day ahead inc hosp","mean",NA,96,"COVID-19"
"DE","05-14",2022-04-28,2022-04-20,"-8 day ahead inc hosp","quantile",0.025,87,"COVID-19"
"DE","05-14",2022-04-28,2022-04-20,"-8 day ahead inc hosp","quantile",0.1,88,"COVID-19"
"DE","05-14",2022-04-28,2022-04-20,"-8 day ahead inc hosp","quantile",0.25,91,"COVID-19"
"DE","05-14",2022-04-28,2022-04-20,"-8 day ahead inc hosp","quantile",0.5,94,"COVID-19"
"DE","05-14",2022-04-28,2022-04-20,"-8 day ahead inc hosp","quantile",0.75,100,"COVID-19"
"DE","05-14",2022-04-28,2022-04-20,"-8 day ahead inc hosp","quantile",0.9,106,"COVID-19"
"DE","05-14",2022-04-28,2022-04-20,"-8 day ahead inc hosp","quantile",0.975,115,"COVID-19"
"DE","05-14",2022-04-28,2022-04-19,"-9 day ahead inc hosp","mean",NA,103,"COVID-19"
"DE","05-14",2022-04-28,2022-04-19,"-9 day ahead inc hosp","quantile",0.025,94,"COVID-19"
"DE","05-14",2022-04-28,2022-04-19,"-9 day ahead inc hosp","quantile",0.1,96,"COVID-19"
"DE","05-14",2022-04-28,2022-04-19,"-9 day ahead inc hosp","quantile",0.25,98,"COVID-19"
"DE","05-14",2022-04-28,2022-04-19,"-9 day ahead inc hosp","quantile",0.5,102,"COVID-19"
"DE","05-14",2022-04-28,2022-04-19,"-9 day ahead inc hosp","quantile",0.75,107,"COVID-19"
"DE","05-14",2022-04-28,2022-04-19,"-9 day ahead inc hosp","quantile",0.9,113,"COVID-19"
"DE","05-14",2022-04-28,2022-04-19,"-9 day ahead inc hosp","quantile",0.975,121,"COVID-19"
"DE","05-14",2022-04-28,2022-04-18,"-10 day ahead inc hosp","mean",NA,120,"COVID-19"
"DE","05-14",2022-04-28,2022-04-18,"-10 day ahead inc hosp","quantile",0.025,110,"COVID-19"
"DE","05-14",2022-04-28,2022-04-18,"-10 day ahead inc hosp","quantile",0.1,112,"COVID-19"
"DE","05-14",2022-04-28,2022-04-18,"-10 day ahead inc hosp","quantile",0.25,114,"COVID-19"
"DE","05-14",2022-04-28,2022-04-18,"-10 day ahead inc hosp","quantile",0.5,118,"COVID-19"
"DE","05-14",2022-04-28,2022-04-18,"-10 day ahead inc hosp","quantile",0.75,124,"COVID-19"
"DE","05-14",2022-04-28,2022-04-18,"-10 day ahead inc hosp","quantile",0.9,130,"COVID-19"
"DE","05-14",2022-04-28,2022-04-18,"-10 day ahead inc hosp","quantile",0.975,140,"COVID-19"
"DE","05-14",2022-04-28,2022-04-17,"-11 day ahead inc hosp","mean",NA,126,"COVID-19"
"DE","05-14",2022-04-28,2022-04-17,"-11 day ahead inc hosp","quantile",0.025,116,"COVID-19"
"DE","05-14",2022-04-28,2022-04-17,"-11 day ahead inc hosp","quantile",0.1,118,"COVID-19"
"DE","05-14",2022-04-28,2022-04-17,"-11 day ahead inc hosp","quantile",0.25,120,"COVID-19"
"DE","05-14",2022-04-28,2022-04-17,"-11 day ahead inc hosp","quantile",0.5,125,"COVID-19"
"DE","05-14",2022-04-28,2022-04-17,"-11 day ahead inc hosp","quantile",0.75,130,"COVID-19"
"DE","05-14",2022-04-28,2022-04-17,"-11 day ahead inc hosp","quantile",0.9,137,"COVID-19"
"DE","05-14",2022-04-28,2022-04-17,"-11 day ahead inc hosp","quantile",0.975,147,"COVID-19"
"DE","05-14",2022-04-28,2022-04-16,"-12 day ahead inc hosp","mean",NA,136,"COVID-19"
"DE","05-14",2022-04-28,2022-04-16,"-12 day ahead inc hosp","quantile",0.025,125,"COVID-19"
"DE","05-14",2022-04-28,2022-04-16,"-12 day ahead inc hosp","quantile",0.1,127,"COVID-19"
"DE","05-14",2022-04-28,2022-04-16,"-12 day ahead inc hosp","quantile",0.25,130,"COVID-19"
"DE","05-14",2022-04-28,2022-04-16,"-12 day ahead inc hosp","quantile",0.5,134,"COVID-19"
"DE","05-14",2022-04-28,2022-04-16,"-12 day ahead inc hosp","quantile",0.75,140,"COVID-19"
"DE","05-14",2022-04-28,2022-04-16,"-12 day ahead inc hosp","quantile",0.9,147,"COVID-19"
"DE","05-14",2022-04-28,2022-04-16,"-12 day ahead inc hosp","quantile",0.975,157,"COVID-19"
"DE","05-14",2022-04-28,2022-04-15,"-13 day ahead inc hosp","mean",NA,165,"COVID-19"
"DE","05-14",2022-04-28,2022-04-15,"-13 day ahead inc hosp","quantile",0.025,154,"COVID-19"
"DE","05-14",2022-04-28,2022-04-15,"-13 day ahead inc hosp","quantile",0.1,156,"COVID-19"
"DE","05-14",2022-04-28,2022-04-15,"-13 day ahead inc hosp","quantile",0.25,158,"COVID-19"
"DE","05-14",2022-04-28,2022-04-15,"-13 day ahead inc hosp","quantile",0.5,163,"COVID-19"
"DE","05-14",2022-04-28,2022-04-15,"-13 day ahead inc hosp","quantile",0.75,170,"COVID-19"
"DE","05-14",2022-04-28,2022-04-15,"-13 day ahead inc hosp","quantile",0.9,178,"COVID-19"
"DE","05-14",2022-04-28,2022-04-15,"-13 day ahead inc hosp","quantile",0.975,189,"COVID-19"
"DE","05-14",2022-04-28,2022-04-14,"-14 day ahead inc hosp","mean",NA,166,"COVID-19"
"DE","05-14",2022-04-28,2022-04-14,"-14 day ahead inc hosp","quantile",0.025,155,"COVID-19"
"DE","05-14",2022-04-28,2022-04-14,"-14 day ahead inc hosp","quantile",0.1,156,"COVID-19"
"DE","05-14",2022-04-28,2022-04-14,"-14 day ahead inc hosp","quantile",0.25,159,"COVID-19"
"DE","05-14",2022-04-28,2022-04-14,"-14 day ahead inc hosp","quantile",0.5,164,"COVID-19"
"DE","05-14",2022-04-28,2022-04-14,"-14 day ahead inc hosp","quantile",0.75,170,"COVID-19"
"DE","05-14",2022-04-28,2022-04-14,"-14 day ahead inc hosp","quantile",0.9,178,"COVID-19"
"DE","05-14",2022-04-28,2022-04-14,"-14 day ahead inc hosp","quantile",0.975,188,"COVID-19"
"DE","05-14",2022-04-28,2022-04-13,"-15 day ahead inc hosp","mean",NA,172,"COVID-19"
"DE","05-14",2022-04-28,2022-04-13,"-15 day ahead inc hosp","quantile",0.025,162,"COVID-19"
"DE","05-14",2022-04-28,2022-04-13,"-15 day ahead inc hosp","quantile",0.1,163,"COVID-19"
"DE","05-14",2022-04-28,2022-04-13,"-15 day ahead inc hosp","quantile",0.25,166,"COVID-19"
"DE","05-14",2022-04-28,2022-04-13,"-15 day ahead inc hosp","quantile",0.5,170,"COVID-19"
"DE","05-14",2022-04-28,2022-04-13,"-15 day ahead inc hosp","quantile",0.75,177,"COVID-19"
"DE","05-14",2022-04-28,2022-04-13,"-15 day ahead inc hosp","quantile",0.9,184,"COVID-19"
"DE","05-14",2022-04-28,2022-04-13,"-15 day ahead inc hosp","quantile",0.975,195,"COVID-19"
"DE","05-14",2022-04-28,2022-04-12,"-16 day ahead inc hosp","mean",NA,182,"COVID-19"
"DE","05-14",2022-04-28,2022-04-12,"-16 day ahead inc hosp","quantile",0.025,171,"COVID-19"
"DE","05-14",2022-04-28,2022-04-12,"-16 day ahead inc hosp","quantile",0.1,173,"COVID-19"
"DE","05-14",2022-04-28,2022-04-12,"-16 day ahead inc hosp","quantile",0.25,176,"COVID-19"
"DE","05-14",2022-04-28,2022-04-12,"-16 day ahead inc hosp","quantile",0.5,180,"COVID-19"
"DE","05-14",2022-04-28,2022-04-12,"-16 day ahead inc hosp","quantile",0.75,186,"COVID-19"
"DE","05-14",2022-04-28,2022-04-12,"-16 day ahead inc hosp","quantile",0.9,194,"COVID-19"
"DE","05-14",2022-04-28,2022-04-12,"-16 day ahead inc hosp","quantile",0.975,204,"COVID-19"
"DE","05-14",2022-04-28,2022-04-11,"-17 day ahead inc hosp","mean",NA,195,"COVID-19"
"DE","05-14",2022-04-28,2022-04-11,"-17 day ahead inc hosp","quantile",0.025,185,"COVID-19"
"DE","05-14",2022-04-28,2022-04-11,"-17 day ahead inc hosp","quantile",0.1,186,"COVID-19"
"DE","05-14",2022-04-28,2022-04-11,"-17 day ahead inc hosp","quantile",0.25,189,"COVID-19"
"DE","05-14",2022-04-28,2022-04-11,"-17 day ahead inc hosp","quantile",0.5,193,"COVID-19"
"DE","05-14",2022-04-28,2022-04-11,"-17 day ahead inc hosp","quantile",0.75,199,"COVID-19"
"DE","05-14",2022-04-28,2022-04-11,"-17 day ahead inc hosp","quantile",0.9,207,"COVID-19"
"DE","05-14",2022-04-28,2022-04-11,"-17 day ahead inc hosp","quantile",0.975,217,"COVID-19"
"DE","05-14",2022-04-28,2022-04-10,"-18 day ahead inc hosp","mean",NA,196,"COVID-19"
"DE","05-14",2022-04-28,2022-04-10,"-18 day ahead inc hosp","quantile",0.025,185,"COVID-19"
"DE","05-14",2022-04-28,2022-04-10,"-18 day ahead inc hosp","quantile",0.1,187,"COVID-19"
"DE","05-14",2022-04-28,2022-04-10,"-18 day ahead inc hosp","quantile",0.25,190,"COVID-19"
"DE","05-14",2022-04-28,2022-04-10,"-18 day ahead inc hosp","quantile",0.5,194,"COVID-19"
"DE","05-14",2022-04-28,2022-04-10,"-18 day ahead inc hosp","quantile",0.75,200,"COVID-19"
"DE","05-14",2022-04-28,2022-04-10,"-18 day ahead inc hosp","quantile",0.9,207,"COVID-19"
"DE","05-14",2022-04-28,2022-04-10,"-18 day ahead inc hosp","quantile",0.975,218,"COVID-19"
"DE","05-14",2022-04-28,2022-04-09,"-19 day ahead inc hosp","mean",NA,188,"COVID-19"
"DE","05-14",2022-04-28,2022-04-09,"-19 day ahead inc hosp","quantile",0.025,178,"COVID-19"
"DE","05-14",2022-04-28,2022-04-09,"-19 day ahead inc hosp","quantile",0.1,180,"COVID-19"
"DE","05-14",2022-04-28,2022-04-09,"-19 day ahead inc hosp","quantile",0.25,182,"COVID-19"
"DE","05-14",2022-04-28,2022-04-09,"-19 day ahead inc hosp","quantile",0.5,186,"COVID-19"
"DE","05-14",2022-04-28,2022-04-09,"-19 day ahead inc hosp","quantile",0.75,192,"COVID-19"
"DE","05-14",2022-04-28,2022-04-09,"-19 day ahead inc hosp","quantile",0.9,199,"COVID-19"
"DE","05-14",2022-04-28,2022-04-09,"-19 day ahead inc hosp","quantile",0.975,209,"COVID-19"
"DE","05-14",2022-04-28,2022-04-08,"-20 day ahead inc hosp","mean",NA,176,"COVID-19"
"DE","05-14",2022-04-28,2022-04-08,"-20 day ahead inc hosp","quantile",0.025,167,"COVID-19"
"DE","05-14",2022-04-28,2022-04-08,"-20 day ahead inc hosp","quantile",0.1,169,"COVID-19"
"DE","05-14",2022-04-28,2022-04-08,"-20 day ahead inc hosp","quantile",0.25,171,"COVID-19"
"DE","05-14",2022-04-28,2022-04-08,"-20 day ahead inc hosp","quantile",0.5,174,"COVID-19"
"DE","05-14",2022-04-28,2022-04-08,"-20 day ahead inc hosp","quantile",0.75,179,"COVID-19"
"DE","05-14",2022-04-28,2022-04-08,"-20 day ahead inc hosp","quantile",0.9,185,"COVID-19"
"DE","05-14",2022-04-28,2022-04-08,"-20 day ahead inc hosp","quantile",0.975,194,"COVID-19"
"DE","05-14",2022-04-28,2022-04-07,"-21 day ahead inc hosp","mean",NA,191,"COVID-19"
"DE","05-14",2022-04-28,2022-04-07,"-21 day ahead inc hosp","quantile",0.025,182,"COVID-19"
"DE","05-14",2022-04-28,2022-04-07,"-21 day ahead inc hosp","quantile",0.1,184,"COVID-19"
"DE","05-14",2022-04-28,2022-04-07,"-21 day ahead inc hosp","quantile",0.25,186,"COVID-19"
"DE","05-14",2022-04-28,2022-04-07,"-21 day ahead inc hosp","quantile",0.5,189,"COVID-19"
"DE","05-14",2022-04-28,2022-04-07,"-21 day ahead inc hosp","quantile",0.75,194,"COVID-19"
"DE","05-14",2022-04-28,2022-04-07,"-21 day ahead inc hosp","quantile",0.9,200,"COVID-19"
"DE","05-14",2022-04-28,2022-04-07,"-21 day ahead inc hosp","quantile",0.975,209,"COVID-19"
"DE","05-14",2022-04-28,2022-04-06,"-22 day ahead inc hosp","mean",NA,201,"COVID-19"
"DE","05-14",2022-04-28,2022-04-06,"-22 day ahead inc hosp","quantile",0.025,192,"COVID-19"
"DE","05-14",2022-04-28,2022-04-06,"-22 day ahead inc hosp","quantile",0.1,194,"COVID-19"
"DE","05-14",2022-04-28,2022-04-06,"-22 day ahead inc hosp","quantile",0.25,196,"COVID-19"
"DE","05-14",2022-04-28,2022-04-06,"-22 day ahead inc hosp","quantile",0.5,199,"COVID-19"
"DE","05-14",2022-04-28,2022-04-06,"-22 day ahead inc hosp","quantile",0.75,204,"COVID-19"
"DE","05-14",2022-04-28,2022-04-06,"-22 day ahead inc hosp","quantile",0.9,210,"COVID-19"
"DE","05-14",2022-04-28,2022-04-06,"-22 day ahead inc hosp","quantile",0.975,218,"COVID-19"
"DE","05-14",2022-04-28,2022-04-05,"-23 day ahead inc hosp","mean",NA,204,"COVID-19"
"DE","05-14",2022-04-28,2022-04-05,"-23 day ahead inc hosp","quantile",0.025,196,"COVID-19"
"DE","05-14",2022-04-28,2022-04-05,"-23 day ahead inc hosp","quantile",0.1,197,"COVID-19"
"DE","05-14",2022-04-28,2022-04-05,"-23 day ahead inc hosp","quantile",0.25,199,"COVID-19"
"DE","05-14",2022-04-28,2022-04-05,"-23 day ahead inc hosp","quantile",0.5,202,"COVID-19"
"DE","05-14",2022-04-28,2022-04-05,"-23 day ahead inc hosp","quantile",0.75,207,"COVID-19"
"DE","05-14",2022-04-28,2022-04-05,"-23 day ahead inc hosp","quantile",0.9,212,"COVID-19"
"DE","05-14",2022-04-28,2022-04-05,"-23 day ahead inc hosp","quantile",0.975,220,"COVID-19"
"DE","05-14",2022-04-28,2022-04-04,"-24 day ahead inc hosp","mean",NA,204,"COVID-19"
"DE","05-14",2022-04-28,2022-04-04,"-24 day ahead inc hosp","quantile",0.025,197,"COVID-19"
"DE","05-14",2022-04-28,2022-04-04,"-24 day ahead inc hosp","quantile",0.1,198,"COVID-19"
"DE","05-14",2022-04-28,2022-04-04,"-24 day ahead inc hosp","quantile",0.25,200,"COVID-19"
"DE","05-14",2022-04-28,2022-04-04,"-24 day ahead inc hosp","quantile",0.5,203,"COVID-19"
"DE","05-14",2022-04-28,2022-04-04,"-24 day ahead inc hosp","quantile",0.75,207,"COVID-19"
"DE","05-14",2022-04-28,2022-04-04,"-24 day ahead inc hosp","quantile",0.9,212,"COVID-19"
"DE","05-14",2022-04-28,2022-04-04,"-24 day ahead inc hosp","quantile",0.975,219,"COVID-19"
"DE","05-14",2022-04-28,2022-04-03,"-25 day ahead inc hosp","mean",NA,206,"COVID-19"
"DE","05-14",2022-04-28,2022-04-03,"-25 day ahead inc hosp","quantile",0.025,199,"COVID-19"
"DE","05-14",2022-04-28,2022-04-03,"-25 day ahead inc hosp","quantile",0.1,200,"COVID-19"
"DE","05-14",2022-04-28,2022-04-03,"-25 day ahead inc hosp","quantile",0.25,202,"COVID-19"
"DE","05-14",2022-04-28,2022-04-03,"-25 day ahead inc hosp","quantile",0.5,205,"COVID-19"
"DE","05-14",2022-04-28,2022-04-03,"-25 day ahead inc hosp","quantile",0.75,209,"COVID-19"
"DE","05-14",2022-04-28,2022-04-03,"-25 day ahead inc hosp","quantile",0.9,213,"COVID-19"
"DE","05-14",2022-04-28,2022-04-03,"-25 day ahead inc hosp","quantile",0.975,220,"COVID-19"
"DE","05-14",2022-04-28,2022-04-02,"-26 day ahead inc hosp","mean",NA,215,"COVID-19"
"DE","05-14",2022-04-28,2022-04-02,"-26 day ahead inc hosp","quantile",0.025,208,"COVID-19"
"DE","05-14",2022-04-28,2022-04-02,"-26 day ahead inc hosp","quantile",0.1,209,"COVID-19"
"DE","05-14",2022-04-28,2022-04-02,"-26 day ahead inc hosp","quantile",0.25,211,"COVID-19"
"DE","05-14",2022-04-28,2022-04-02,"-26 day ahead inc hosp","quantile",0.5,214,"COVID-19"
"DE","05-14",2022-04-28,2022-04-02,"-26 day ahead inc hosp","quantile",0.75,218,"COVID-19"
"DE","05-14",2022-04-28,2022-04-02,"-26 day ahead inc hosp","quantile",0.9,223,"COVID-19"
"DE","05-14",2022-04-28,2022-04-02,"-26 day ahead inc hosp","quantile",0.975,229,"COVID-19"
"DE","05-14",2022-04-28,2022-04-01,"-27 day ahead inc hosp","mean",NA,221,"COVID-19"
"DE","05-14",2022-04-28,2022-04-01,"-27 day ahead inc hosp","quantile",0.025,214,"COVID-19"
"DE","05-14",2022-04-28,2022-04-01,"-27 day ahead inc hosp","quantile",0.1,215,"COVID-19"
"DE","05-14",2022-04-28,2022-04-01,"-27 day ahead inc hosp","quantile",0.25,217,"COVID-19"
"DE","05-14",2022-04-28,2022-04-01,"-27 day ahead inc hosp","quantile",0.5,220,"COVID-19"
"DE","05-14",2022-04-28,2022-04-01,"-27 day ahead inc hosp","quantile",0.75,223,"COVID-19"
"DE","05-14",2022-04-28,2022-04-01,"-27 day ahead inc hosp","quantile",0.9,228,"COVID-19"
"DE","05-14",2022-04-28,2022-04-01,"-27 day ahead inc hosp","quantile",0.975,234,"COVID-19"
"DE","05-14",2022-04-28,2022-03-31,"-28 day ahead inc hosp","mean",NA,225,"COVID-19"
"DE","05-14",2022-04-28,2022-03-31,"-28 day ahead inc hosp","quantile",0.025,219,"COVID-19"
"DE","05-14",2022-04-28,2022-03-31,"-28 day ahead inc hosp","quantile",0.1,220,"COVID-19"
"DE","05-14",2022-04-28,2022-03-31,"-28 day ahead inc hosp","quantile",0.25,222,"COVID-19"
"DE","05-14",2022-04-28,2022-03-31,"-28 day ahead inc hosp","quantile",0.5,224,"COVID-19"
"DE","05-14",2022-04-28,2022-03-31,"-28 day ahead inc hosp","quantile",0.75,228,"COVID-19"
"DE","05-14",2022-04-28,2022-03-31,"-28 day ahead inc hosp","quantile",0.9,232,"COVID-19"
"DE","05-14",2022-04-28,2022-03-31,"-28 day ahead inc hosp","quantile",0.975,238,"COVID-19"
"DE","15-34",2022-04-28,2022-04-28,"0 day ahead inc hosp","mean",NA,819,"COVID-19"
"DE","15-34",2022-04-28,2022-04-28,"0 day ahead inc hosp","quantile",0.025,635,"COVID-19"
"DE","15-34",2022-04-28,2022-04-28,"0 day ahead inc hosp","quantile",0.1,685,"COVID-19"
"DE","15-34",2022-04-28,2022-04-28,"0 day ahead inc hosp","quantile",0.25,738,"COVID-19"
"DE","15-34",2022-04-28,2022-04-28,"0 day ahead inc hosp","quantile",0.5,807,"COVID-19"
"DE","15-34",2022-04-28,2022-04-28,"0 day ahead inc hosp","quantile",0.75,887,"COVID-19"
"DE","15-34",2022-04-28,2022-04-28,"0 day ahead inc hosp","quantile",0.9,969,"COVID-19"
"DE","15-34",2022-04-28,2022-04-28,"0 day ahead inc hosp","quantile",0.975,1073,"COVID-19"
"DE","15-34",2022-04-28,2022-04-27,"-1 day ahead inc hosp","mean",NA,825,"COVID-19"
"DE","15-34",2022-04-28,2022-04-27,"-1 day ahead inc hosp","quantile",0.025,668,"COVID-19"
"DE","15-34",2022-04-28,2022-04-27,"-1 day ahead inc hosp","quantile",0.1,709,"COVID-19"
"DE","15-34",2022-04-28,2022-04-27,"-1 day ahead inc hosp","quantile",0.25,754,"COVID-19"
"DE","15-34",2022-04-28,2022-04-27,"-1 day ahead inc hosp","quantile",0.5,814,"COVID-19"
"DE","15-34",2022-04-28,2022-04-27,"-1 day ahead inc hosp","quantile",0.75,883,"COVID-19"
"DE","15-34",2022-04-28,2022-04-27,"-1 day ahead inc hosp","quantile",0.9,955,"COVID-19"
"DE","15-34",2022-04-28,2022-04-27,"-1 day ahead inc hosp","quantile",0.975,1046,"COVID-19"
"DE","15-34",2022-04-28,2022-04-26,"-2 day ahead inc hosp","mean",NA,890,"COVID-19"
"DE","15-34",2022-04-28,2022-04-26,"-2 day ahead inc hosp","quantile",0.025,750,"COVID-19"
"DE","15-34",2022-04-28,2022-04-26,"-2 day ahead inc hosp","quantile",0.1,787,"COVID-19"
"DE","15-34",2022-04-28,2022-04-26,"-2 day ahead inc hosp","quantile",0.25,827,"COVID-19"
"DE","15-34",2022-04-28,2022-04-26,"-2 day ahead inc hosp","quantile",0.5,880,"COVID-19"
"DE","15-34",2022-04-28,2022-04-26,"-2 day ahead inc hosp","quantile",0.75,942,"COVID-19"
"DE","15-34",2022-04-28,2022-04-26,"-2 day ahead inc hosp","quantile",0.9,1006,"COVID-19"
"DE","15-34",2022-04-28,2022-04-26,"-2 day ahead inc hosp","quantile",0.975,1088,"COVID-19"
"DE","15-34",2022-04-28,2022-04-25,"-3 day ahead inc hosp","mean",NA,743,"COVID-19"
"DE","15-34",2022-04-28,2022-04-25,"-3 day ahead inc hosp","quantile",0.025,647,"COVID-19"
"DE","15-34",2022-04-28,2022-04-25,"-3 day ahead inc hosp","quantile",0.1,672,"COVID-19"
"DE","15-34",2022-04-28,2022-04-25,"-3 day ahead inc hosp","quantile",0.25,699,"COVID-19"
"DE","15-34",2022-04-28,2022-04-25,"-3 day ahead inc hosp","quantile",0.5,736,"COVID-19"
"DE","15-34",2022-04-28,2022-04-25,"-3 day ahead inc hosp","quantile",0.75,778,"COVID-19"
"DE","15-34",2022-04-28,2022-04-25,"-3 day ahead inc hosp","quantile",0.9,822,"COVID-19"
"DE","15-34",2022-04-28,2022-04-25,"-3 day ahead inc hosp","quantile",0.975,878,"COVID-19"
"DE","15-34",2022-04-28,2022-04-24,"-4 day ahead inc hosp","mean",NA,738,"COVID-19"
"DE","15-34",2022-04-28,2022-04-24,"-4 day ahead inc hosp","quantile",0.025,647,"COVID-19"
"DE","15-34",2022-04-28,2022-04-24,"-4 day ahead inc hosp","quantile",0.1,671,"COVID-19"
"DE","15-34",2022-04-28,2022-04-24,"-4 day ahead inc hosp","quantile",0.25,697,"COVID-19"
"DE","15-34",2022-04-28,2022-04-24,"-4 day ahead inc hosp","quantile",0.5,731,"COVID-19"
"DE","15-34",2022-04-28,2022-04-24,"-4 day ahead inc hosp","quantile",0.75,772,"COVID-19"
"DE","15-34",2022-04-28,2022-04-24,"-4 day ahead inc hosp","quantile",0.9,814,"COVID-19"
"DE","15-34",2022-04-28,2022-04-24,"-4 day ahead inc hosp","quantile",0.975,867,"COVID-19"
"DE","15-34",2022-04-28,2022-04-23,"-5 day ahead inc hosp","mean",NA,750,"COVID-19"
"DE","15-34",2022-04-28,2022-04-23,"-5 day ahead inc hosp","quantile",0.025,661,"COVID-19"
"DE","15-34",2022-04-28,2022-04-23,"-5 day ahead inc hosp","quantile",0.1,684,"COVID-19"
"DE","15-34",2022-04-28,2022-04-23,"-5 day ahead inc hosp","quantile",0.25,709,"COVID-19"
"DE","15-34",2022-04-28,2022-04-23,"-5 day ahead inc hosp","quantile",0.5,743,"COVID-19"
"DE","15-34",2022-04-28,2022-04-23,"-5 day ahead inc hosp","quantile",0.75,783,"COVID-19"
"DE","15-34",2022-04-28,2022-04-23,"-5 day ahead inc hosp","quantile",0.9,825,"COVID-19"
"DE","15-34",2022-04-28,2022-04-23,"-5 day ahead inc hosp","quantile",0.975,878,"COVID-19"
"DE","15-34",2022-04-28,2022-04-22,"-6 day ahead inc hosp","mean",NA,677,"COVID-19"
"DE","15-34",2022-04-28,2022-04-22,"-6 day ahead inc hosp","quantile",0.025,602,"COVID-19"
"DE","15-34",2022-04-28,2022-04-22,"-6 day ahead inc hosp","quantile",0.1,621,"COVID-19"
"DE","15-34",2022-04-28,2022-04-22,"-6 day ahead inc hosp","quantile",0.25,642,"COVID-19"
"DE","15-34",2022-04-28,2022-04-22,"-6 day ahead inc hosp","quantile",0.5,671,"COVID-19"
"DE","15-34",2022-04-28,2022-04-22,"-6 day ahead inc hosp","quantile",0.75,705,"COVID-19"
"DE","15-34",2022-04-28,2022-04-22,"-6 day ahead inc hosp","quantile",0.9,740,"COVID-19"
"DE","15-34",2022-04-28,2022-04-22,"-6 day ahead inc hosp","quantile",0.975,786,"COVID-19"
"DE","15-34",2022-04-28,2022-04-21,"-7 day ahead inc hosp","mean",NA,653,"COVID-19"
"DE","15-34",2022-04-28,2022-04-21,"-7 day ahead inc hosp","quantile",0.025,589,"COVID-19"
"DE","15-34",2022-04-28,2022-04-21,"-7 day ahead inc hosp","quantile",0.1,605,"COVID-19"
"DE","15-34",2022-04-28,2022-04-21,"-7 day ahead inc hosp","quantile",0.25,624,"COVID-19"
"DE","15-34",2022-04-28,2022-04-21,"-7 day ahead inc hosp","quantile",0.5,648,"COVID-19"
"DE","15-34",2022-04-28,2022-04-21,"-7 day ahead inc hosp","quantile",0.75,677,"COVID-19"
"DE","15-34",2022-04-28,2022-04-21,"-7 day ahead inc hosp","quantile",0.9,708,"COVID-19"
"DE","15-34",2022-04-28,2022-04-21,"-7 day ahead inc hosp","quantile",0.975,748,"COVID-19"
"DE","15-34",2022-04-28,2022-04-20,"-8 day ahead inc hosp","mean",NA,653,"COVID-19"
"DE","15-34",2022-04-28,2022-04-20,"-8 day ahead inc hosp","quantile",0.025,595,"COVID-19"
"DE","15-34",2022-04-28,2022-04-20,"-8 day ahead inc hosp","quantile",0.1,610,"COVID-19"
"DE","15-34",2022-04-28,2022-04-20,"-8 day ahead inc hosp","quantile",0.25,626,"COVID-19"
"DE","15-34",2022-04-28,2022-04-20,"-8 day ahead inc hosp","quantile",0.5,648,"COVID-19"
"DE","15-34",2022-04-28,2022-04-20,"-8 day ahead inc hosp","quantile",0.75,675,"COVID-19"
"DE","15-34",2022-04-28,2022-04-20,"-8 day ahead inc hosp","quantile",0.9,703,"COVID-19"
"DE","15-34",2022-04-28,2022-04-20,"-8 day ahead inc hosp","quantile",0.975,740,"COVID-19"
"DE","15-34",2022-04-28,2022-04-19,"-9 day ahead inc hosp","mean",NA,593,"COVID-19"
"DE","15-34",2022-04-28,2022-04-19,"-9 day ahead inc hosp","quantile",0.025,548,"COVID-19"
"DE","15-34",2022-04-28,2022-04-19,"-9 day ahead inc hosp","quantile",0.1,559,"COVID-19"
"DE","15-34",2022-04-28,2022-04-19,"-9 day ahead inc hosp","quantile",0.25,572,"COVID-19"
"DE","15-34",2022-04-28,2022-04-19,"-9 day ahead inc hosp","quantile",0.5,589,"COVID-19"
"DE","15-34",2022-04-28,2022-04-19,"-9 day ahead inc hosp","quantile",0.75,611,"COVID-19"
"DE","15-34",2022-04-28,2022-04-19,"-9 day ahead inc hosp","quantile",0.9,633,"COVID-19"
"DE","15-34",2022-04-28,2022-04-19,"-9 day ahead inc hosp","quantile",0.975,663,"COVID-19"
"DE","15-34",2022-04-28,2022-04-18,"-10 day ahead inc hosp","mean",NA,725,"COVID-19"
"DE","15-34",2022-04-28,2022-04-18,"-10 day ahead inc hosp","quantile",0.025,674,"COVID-19"
"DE","15-34",2022-04-28,2022-04-18,"-10 day ahead inc hosp","quantile",0.1,686,"COVID-19"
"DE","15-34",2022-04-28,2022-04-18,"-10 day ahead inc hosp","quantile",0.25,700,"COVID-19"
"DE","15-34",2022-04-28,2022-04-18,"-10 day ahead inc hosp","quantile",0.5,720,"COVID-19"
"DE","15-34",2022-04-28,2022-04-18,"-10 day ahead inc hosp","quantile",0.75,745,"COVID-19"
"DE","15-34",2022-04-28,2022-04-18,"-10 day ahead inc hosp","quantile",0.9,771,"COVID-19"
"DE","15-34",2022-04-28,2022-04-18,"-10 day ahead inc hosp","quantile",0.975,806,"COVID-19"
"DE","15-34",2022-04-28,2022-04-17,"-11 day ahead inc hosp","mean",NA,740,"COVID-19"
"DE","15-34",2022-04-28,2022-04-17,"-11 day ahead inc hosp","quantile",0.025,688,"COVID-19"
"DE","15-34",2022-04-28,2022-04-17,"-11 day ahead inc hosp","quantile",0.1,700,"COVID-19"
"DE","15-34",2022-04-28,2022-04-17,"-11 day ahead inc hosp","quantile",0.25,714,"COVID-19"
"DE","15-34",2022-04-28,2022-04-17,"-11 day ahead inc hosp","quantile",0.5,734,"COVID-19"
"DE","15-34",2022-04-28,2022-04-17,"-11 day ahead inc hosp","quantile",0.75,759,"COVID-19"
"DE","15-34",2022-04-28,2022-04-17,"-11 day ahead inc hosp","quantile",0.9,786,"COVID-19"
"DE","15-34",2022-04-28,2022-04-17,"-11 day ahead inc hosp","quantile",0.975,822,"COVID-19"
"DE","15-34",2022-04-28,2022-04-16,"-12 day ahead inc hosp","mean",NA,740,"COVID-19"
"DE","15-34",2022-04-28,2022-04-16,"-12 day ahead inc hosp","quantile",0.025,689,"COVID-19"
"DE","15-34",2022-04-28,2022-04-16,"-12 day ahead inc hosp","quantile",0.1,701,"COVID-19"
"DE","15-34",2022-04-28,2022-04-16,"-12 day ahead inc hosp","quantile",0.25,714,"COVID-19"
"DE","15-34",2022-04-28,2022-04-16,"-12 day ahead inc hosp","quantile",0.5,734,"COVID-19"
"DE","15-34",2022-04-28,2022-04-16,"-12 day ahead inc hosp","quantile",0.75,759,"COVID-19"
"DE","15-34",2022-04-28,2022-04-16,"-12 day ahead inc hosp","quantile",0.9,786,"COVID-19"
"DE","15-34",2022-04-28,2022-04-16,"-12 day ahead inc hosp","quantile",0.975,822,"COVID-19"
"DE","15-34",2022-04-28,2022-04-15,"-13 day ahead inc hosp","mean",NA,835,"COVID-19"
"DE","15-34",2022-04-28,2022-04-15,"-13 day ahead inc hosp","quantile",0.025,781,"COVID-19"
"DE","15-34",2022-04-28,2022-04-15,"-13 day ahead inc hosp","quantile",0.1,793,"COVID-19"
"DE","15-34",2022-04-28,2022-04-15,"-13 day ahead inc hosp","quantile",0.25,808,"COVID-19"
"DE","15-34",2022-04-28,2022-04-15,"-13 day ahead inc hosp","quantile",0.5,829,"COVID-19"
"DE","15-34",2022-04-28,2022-04-15,"-13 day ahead inc hosp","quantile",0.75,856,"COVID-19"
"DE","15-34",2022-04-28,2022-04-15,"-13 day ahead inc hosp","quantile",0.9,885,"COVID-19"
"DE","15-34",2022-04-28,2022-04-15,"-13 day ahead inc hosp","quantile",0.975,925,"COVID-19"
"DE","15-34",2022-04-28,2022-04-14,"-14 day ahead inc hosp","mean",NA,837,"COVID-19"
"DE","15-34",2022-04-28,2022-04-14,"-14 day ahead inc hosp","quantile",0.025,786,"COVID-19"
"DE","15-34",2022-04-28,2022-04-14,"-14 day ahead inc hosp","quantile",0.1,797,"COVID-19"
"DE","15-34",2022-04-28,2022-04-14,"-14 day ahead inc hosp","quantile",0.25,811,"COVID-19"
"DE","15-34",2022-04-28,2022-04-14,"-14 day ahead inc hosp","quantile",0.5,831,"COVID-19"
"DE","15-34",2022-04-28,2022-04-14,"-14 day ahead inc hosp","quantile",0.75,856,"COVID-19"
"DE","15-34",2022-04-28,2022-04-14,"-14 day ahead inc hosp","quantile",0.9,885,"COVID-19"
"DE","15-34",2022-04-28,2022-04-14,"-14 day ahead inc hosp","quantile",0.975,922,"COVID-19"
"DE","15-34",2022-04-28,2022-04-13,"-15 day ahead inc hosp","mean",NA,842,"COVID-19"
"DE","15-34",2022-04-28,2022-04-13,"-15 day ahead inc hosp","quantile",0.025,794,"COVID-19"
"DE","15-34",2022-04-28,2022-04-13,"-15 day ahead inc hosp","quantile",0.1,804,"COVID-19"
"DE","15-34",2022-04-28,2022-04-13,"-15 day ahead inc hosp","quantile",0.25,817,"COVID-19"
"DE","15-34",2022-04-28,2022-04-13,"-15 day ahead inc hosp","quantile",0.5,836,"COVID-19"
"DE","15-34",2022-04-28,2022-04-13,"-15 day ahead inc hosp","quantile",0.75,860,"COVID-19"
"DE","15-34",2022-04-28,2022-04-13,"-15 day ahead inc hosp","quantile",0.9,887,"COVID-19"
"DE","15-34",2022-04-28,2022-04-13,"-15 day ahead inc hosp","quantile",0.975,923,"COVID-19"
"DE","15-34",2022-04-28,2022-04-12,"-16 day ahead inc hosp","mean",NA,862,"COVID-19"
"DE","15-34",2022-04-28,2022-04-12,"-16 day ahead inc hosp","quantile",0.025,817,"COVID-19"
"DE","15-34",2022-04-28,2022-04-12,"-16 day ahead inc hosp","quantile",0.1,826,"COVID-19"
"DE","15-34",2022-04-28,2022-04-12,"-16 day ahead inc hosp","quantile",0.25,838,"COVID-19"
"DE","15-34",2022-04-28,2022-04-12,"-16 day ahead inc hosp","quantile",0.5,856,"COVID-19"
"DE","15-34",2022-04-28,2022-04-12,"-16 day ahead inc hosp","quantile",0.75,879,"COVID-19"
"DE","15-34",2022-04-28,2022-04-12,"-16 day ahead inc hosp","quantile",0.9,905,"COVID-19"
"DE","15-34",2022-04-28,2022-04-12,"-16 day ahead inc hosp","quantile",0.975,940,"COVID-19"
"DE","15-34",2022-04-28,2022-04-11,"-17 day ahead inc hosp","mean",NA,852,"COVID-19"
"DE","15-34",2022-04-28,2022-04-11,"-17 day ahead inc hosp","quantile",0.025,811,"COVID-19"
"DE","15-34",2022-04-28,2022-04-11,"-17 day ahead inc hosp","quantile",0.1,820,"COVID-19"
"DE","15-34",2022-04-28,2022-04-11,"-17 day ahead inc hosp","quantile",0.25,830,"COVID-19"
"DE","15-34",2022-04-28,2022-04-11,"-17 day ahead inc hosp","quantile",0.5,846,"COVID-19"
"DE","15-34",2022-04-28,2022-04-11,"-17 day ahead inc hosp","quantile",0.75,867,"COVID-19"
"DE","15-34",2022-04-28,2022-04-11,"-17 day ahead inc hosp","quantile",0.9,891,"COVID-19"
"DE","15-34",2022-04-28,2022-04-11,"-17 day ahead inc hosp","quantile",0.975,923,"COVID-19"
"DE","15-34",2022-04-28,2022-04-10,"-18 day ahead inc hosp","mean",NA,841,"COVID-19"
"DE","15-34",2022-04-28,2022-04-10,"-18 day ahead inc hosp","quantile",0.025,802,"COVID-19"
"DE","15-34",2022-04-28,2022-04-10,"-18 day ahead inc hosp","quantile",0.1,810,"COVID-19"
"DE","15-34",2022-04-28,2022-04-10,"-18 day ahead inc hosp","quantile",0.25,820,"COVID-19"
"DE","15-34",2022-04-28,2022-04-10,"-18 day ahead inc hosp","quantile",0.5,836,"COVID-19"
"DE","15-34",2022-04-28,2022-04-10,"-18 day ahead inc hosp","quantile",0.75,856,"COVID-19"
"DE","15-34",2022-04-28,2022-04-10,"-18 day ahead inc hosp","quantile",0.9,880,"COVID-19"
"DE","15-34",2022-04-28,2022-04-10,"-18 day ahead inc hosp","quantile",0.975,911,"COVID-19"
"DE","15-34",2022-04-28,2022-04-09,"-19 day ahead inc hosp","mean",NA,858,"COVID-19"
"DE","15-34",2022-04-28,2022-04-09,"-19 day ahead inc hosp","quantile",0.025,820,"COVID-19"
"DE","15-34",2022-04-28,2022-04-09,"-19 day ahead inc hosp","quantile",0.1,827,"COVID-19"
"DE","15-34",2022-04-28,2022-04-09,"-19 day ahead inc hosp","quantile",0.25,837,"COVID-19"
"DE","15-34",2022-04-28,2022-04-09,"-19 day ahead inc hosp","quantile",0.5,853,"COVID-19"
"DE","15-34",2022-04-28,2022-04-09,"-19 day ahead inc hosp","quantile",0.75,873,"COVID-19"
"DE","15-34",2022-04-28,2022-04-09,"-19 day ahead inc hosp","quantile",0.9,896,"COVID-19"
"DE","15-34",2022-04-28,2022-04-09,"-19 day ahead inc hosp","quantile",0.975,928,"COVID-19"
"DE","15-34",2022-04-28,2022-04-08,"-20 day ahead inc hosp","mean",NA,835,"COVID-19"
"DE","15-34",2022-04-28,2022-04-08,"-20 day ahead inc hosp","quantile",0.025,800,"COVID-19"
"DE","15-34",2022-04-28,2022-04-08,"-20 day ahead inc hosp","quantile",0.1,807,"COVID-19"
"DE","15-34",2022-04-28,2022-04-08,"-20 day ahead inc hosp","quantile",0.25,816,"COVID-19"
"DE","15-34",2022-04-28,2022-04-08,"-20 day ahead inc hosp","quantile",0.5,830,"COVID-19"
"DE","15-34",2022-04-28,2022-04-08,"-20 day ahead inc hosp","quantile",0.75,849,"COVID-19"
"DE","15-34",2022-04-28,2022-04-08,"-20 day ahead inc hosp","quantile",0.9,870,"COVID-19"
"DE","15-34",2022-04-28,2022-04-08,"-20 day ahead inc hosp","quantile",0.975,899,"COVID-19"
"DE","15-34",2022-04-28,2022-04-07,"-21 day ahead inc hosp","mean",NA,892,"COVID-19"
"DE","15-34",2022-04-28,2022-04-07,"-21 day ahead inc hosp","quantile",0.025,858,"COVID-19"
"DE","15-34",2022-04-28,2022-04-07,"-21 day ahead inc hosp","quantile",0.1,864,"COVID-19"
"DE","15-34",2022-04-28,2022-04-07,"-21 day ahead inc hosp","quantile",0.25,873,"COVID-19"
"DE","15-34",2022-04-28,2022-04-07,"-21 day ahead inc hosp","quantile",0.5,886,"COVID-19"
"DE","15-34",2022-04-28,2022-04-07,"-21 day ahead inc hosp","quantile",0.75,905,"COVID-19"
"DE","15-34",2022-04-28,2022-04-07,"-21 day ahead inc hosp","quantile",0.9,926,"COVID-19"
"DE","15-34",2022-04-28,2022-04-07,"-21 day ahead inc hosp","quantile",0.975,954,"COVID-19"
"DE","15-34",2022-04-28,2022-04-06,"-22 day ahead inc hosp","mean",NA,936,"COVID-19"
"DE","15-34",2022-04-28,2022-04-06,"-22 day ahead inc hosp","quantile",0.025,904,"COVID-19"
"DE","15-34",2022-04-28,2022-04-06,"-22 day ahead inc hosp","quantile",0.1,910,"COVID-19"
"DE","15-34",2022-04-28,2022-04-06,"-22 day ahead inc hosp","quantile",0.25,918,"COVID-19"
"DE","15-34",2022-04-28,2022-04-06,"-22 day ahead inc hosp","quantile",0.5,931,"COVID-19"
"DE","15-34",2022-04-28,2022-04-06,"-22 day ahead inc hosp","quantile",0.75,949,"COVID-19"
"DE","15-34",2022-04-28,2022-04-06,"-22 day ahead inc hosp","quantile",0.9,969,"COVID-19"
"DE","15-34",2022-04-28,2022-04-06,"-22 day ahead inc hosp","quantile",0.975,997,"COVID-19"
"DE","15-34",2022-04-28,2022-04-05,"-23 day ahead inc hosp","mean",NA,964,"COVID-19"
"DE","15-34",2022-04-28,2022-04-05,"-23 day ahead inc hosp","quantile",0.025,935,"COVID-19"
"DE","15-34",2022-04-28,2022-04-05,"-23 day ahead inc hosp","quantile",0.1,940,"COVID-19"
"DE","15-34",2022-04-28,2022-04-05,"-23 day ahead inc hosp","quantile",0.25,948,"COVID-19"
"DE","15-34",2022-04-28,2022-04-05,"-23 day ahead inc hosp","quantile",0.5,960,"COVID-19"
"DE","15-34",2022-04-28,2022-04-05,"-23 day ahead inc hosp","quantile",0.75,976,"COVID-19"
"DE","15-34",2022-04-28,2022-04-05,"-23 day ahead inc hosp","quantile",0.9,995,"COVID-19"
"DE","15-34",2022-04-28,2022-04-05,"-23 day ahead inc hosp","quantile",0.975,1021,"COVID-19"
"DE","15-34",2022-04-28,2022-04-04,"-24 day ahead inc hosp","mean",NA,976,"COVID-19"
"DE","15-34",2022-04-28,2022-04-04,"-24 day ahead inc hosp","quantile",0.025,949,"COVID-19"
"DE","15-34",2022-04-28,2022-04-04,"-24 day ahead inc hosp","quantile",0.1,954,"COVID-19"
"DE","15-34",2022-04-28,2022-04-04,"-24 day ahead inc hosp","quantile",0.25,961,"COVID-19"
"DE","15-34",2022-04-28,2022-04-04,"-24 day ahead inc hosp","quantile",0.5,972,"COVID-19"
"DE","15-34",2022-04-28,2022-04-04,"-24 day ahead inc hosp","quantile",0.75,987,"COVID-19"
"DE","15-34",2022-04-28,2022-04-04,"-24 day ahead inc hosp","quantile",0.9,1004,"COVID-19"
"DE","15-34",2022-04-28,2022-04-04,"-24 day ahead inc hosp","quantile",0.975,1027,"COVID-19"
"DE","15-34",2022-04-28,2022-04-03,"-25 day ahead inc hosp","mean",NA,1006,"COVID-19"
"DE","15-34",2022-04-28,2022-04-03,"-25 day ahead inc hosp","quantile",0.025,979,"COVID-19"
"DE","15-34",2022-04-28,2022-04-03,"-25 day ahead inc hosp","quantile",0.1,984,"COVID-19"
"DE","15-34",2022-04-28,2022-04-03,"-25 day ahead inc hosp","quantile",0.25,991,"COVID-19"
"DE","15-34",2022-04-28,2022-04-03,"-25 day ahead inc hosp","quantile",0.5,1002,"COVID-19"
"DE","15-34",2022-04-28,2022-04-03,"-25 day ahead inc hosp","quantile",0.75,1016,"COVID-19"
"DE","15-34",2022-04-28,2022-04-03,"-25 day ahead inc hosp","quantile",0.9,1034,"COVID-19"
"DE","15-34",2022-04-28,2022-04-03,"-25 day ahead inc hosp","quantile",0.975,1057,"COVID-19"
"DE","15-34",2022-04-28,2022-04-02,"-26 day ahead inc hosp","mean",NA,1025,"COVID-19"
"DE","15-34",2022-04-28,2022-04-02,"-26 day ahead inc hosp","quantile",0.025,999,"COVID-19"
"DE","15-34",2022-04-28,2022-04-02,"-26 day ahead inc hosp","quantile",0.1,1004,"COVID-19"
"DE","15-34",2022-04-28,2022-04-02,"-26 day ahead inc hosp","quantile",0.25,1010,"COVID-19"
"DE","15-34",2022-04-28,2022-04-02,"-26 day ahead inc hosp","quantile",0.5,1021,"COVID-19"
"DE","15-34",2022-04-28,2022-04-02,"-26 day ahead inc hosp","quantile",0.75,1036,"COVID-19"
"DE","15-34",2022-04-28,2022-04-02,"-26 day ahead inc hosp","quantile",0.9,1052,"COVID-19"
"DE","15-34",2022-04-28,2022-04-02,"-26 day ahead inc hosp","quantile",0.975,1076,"COVID-19"
"DE","15-34",2022-04-28,2022-04-01,"-27 day ahead inc hosp","mean",NA,1068,"COVID-19"
"DE","15-34",2022-04-28,2022-04-01,"-27 day ahead inc hosp","quantile",0.025,1043,"COVID-19"
"DE","15-34",2022-04-28,2022-04-01,"-27 day ahead inc hosp","quantile",0.1,1047,"COVID-19"
"DE","15-34",2022-04-28,2022-04-01,"-27 day ahead inc hosp","quantile",0.25,1054,"COVID-19"
"DE","15-34",2022-04-28,2022-04-01,"-27 day ahead inc hosp","quantile",0.5,1064,"COVID-19"
"DE","15-34",2022-04-28,2022-04-01,"-27 day ahead inc hosp","quantile",0.75,1078,"COVID-19"
"DE","15-34",2022-04-28,2022-04-01,"-27 day ahead inc hosp","quantile",0.9,1095,"COVID-19"
"DE","15-34",2022-04-28,2022-04-01,"-27 day ahead inc hosp","quantile",0.975,1117,"COVID-19"
"DE","15-34",2022-04-28,2022-03-31,"-28 day ahead inc hosp","mean",NA,1079,"COVID-19"
"DE","15-34",2022-04-28,2022-03-31,"-28 day ahead inc hosp","quantile",0.025,1055,"COVID-19"
"DE","15-34",2022-04-28,2022-03-31,"-28 day ahead inc hosp","quantile",0.1,1060,"COVID-19"
"DE","15-34",2022-04-28,2022-03-31,"-28 day ahead inc hosp","quantile",0.25,1066,"COVID-19"
"DE","15-34",2022-04-28,2022-03-31,"-28 day ahead inc hosp","quantile",0.5,1075,"COVID-19"
"DE","15-34",2022-04-28,2022-03-31,"-28 day ahead inc hosp","quantile",0.75,1088,"COVID-19"
"DE","15-34",2022-04-28,2022-03-31,"-28 day ahead inc hosp","quantile",0.9,1103,"COVID-19"
"DE","15-34",2022-04-28,2022-03-31,"-28 day ahead inc hosp","quantile",0.975,1124,"COVID-19"
"DE","35-59",2022-04-28,2022-04-28,"0 day ahead inc hosp","mean",NA,1353,"COVID-19"
"DE","35-59",2022-04-28,2022-04-28,"0 day ahead inc hosp","quantile",0.025,1017,"COVID-19"
"DE","35-59",2022-04-28,2022-04-28,"0 day ahead inc hosp","quantile",0.1,1107,"COVID-19"
"DE","35-59",2022-04-28,2022-04-28,"0 day ahead inc hosp","quantile",0.25,1204,"COVID-19"
"DE","35-59",2022-04-28,2022-04-28,"0 day ahead inc hosp","quantile",0.5,1329,"COVID-19"
"DE","35-59",2022-04-28,2022-04-28,"0 day ahead inc hosp","quantile",0.75,1476,"COVID-19"
"DE","35-59",2022-04-28,2022-04-28,"0 day ahead inc hosp","quantile",0.9,1628,"COVID-19"
"DE","35-59",2022-04-28,2022-04-28,"0 day ahead inc hosp","quantile",0.975,1819,"COVID-19"
"DE","35-59",2022-04-28,2022-04-27,"-1 day ahead inc hosp","mean",NA,1457,"COVID-19"
"DE","35-59",2022-04-28,2022-04-27,"-1 day ahead inc hosp","quantile",0.025,1157,"COVID-19"
"DE","35-59",2022-04-28,2022-04-27,"-1 day ahead inc hosp","quantile",0.1,1237,"COVID-19"
"DE","35-59",2022-04-28,2022-04-27,"-1 day ahead inc hosp","quantile",0.25,1323,"COVID-19"
"DE","35-59",2022-04-28,2022-04-27,"-1 day ahead inc hosp","quantile",0.5,1436,"COVID-19"
"DE","35-59",2022-04-28,2022-04-27,"-1 day ahead inc hosp","quantile",0.75,1569,"COVID-19"
"DE","35-59",2022-04-28,2022-04-27,"-1 day ahead inc hosp","quantile",0.9,1705,"COVID-19"
"DE","35-59",2022-04-28,2022-04-27,"-1 day ahead inc hosp","quantile",0.975,1878,"COVID-19"
"DE","35-59",2022-04-28,2022-04-26,"-2 day ahead inc hosp","mean",NA,1560,"COVID-19"
"DE","35-59",2022-04-28,2022-04-26,"-2 day ahead inc hosp","quantile",0.025,1292,"COVID-19"
"DE","35-59",2022-04-28,2022-04-26,"-2 day ahead inc hosp","quantile",0.1,1363,"COVID-19"
"DE","35-59",2022-04-28,2022-04-26,"-2 day ahead inc hosp","quantile",0.25,1440,"COVID-19"
"DE","35-59",2022-04-28,2022-04-26,"-2 day ahead inc hosp","quantile",0.5,1541,"COVID-19"
"DE","35-59",2022-04-28,2022-04-26,"-2 day ahead inc hosp","quantile",0.75,1659,"COVID-19"
"DE","35-59",2022-04-28,2022-04-26,"-2 day ahead inc hosp","quantile",0.9,1781,"COVID-19"
"DE","35-59",2022-04-28,2022-04-26,"-2 day ahead inc hosp","quantile",0.975,1935,"COVID-19"
"DE","35-59",2022-04-28,2022-04-25,"-3 day ahead inc hosp","mean",NA,1343,"COVID-19"
"DE","35-59",2022-04-28,2022-04-25,"-3 day ahead inc hosp","quantile",0.025,1147,"COVID-19"
"DE","35-59",2022-04-28,2022-04-25,"-3 day ahead inc hosp","quantile",0.1,1200,"COVID-19"
"DE","35-59",2022-04-28,2022-04-25,"-3 day ahead inc hosp","quantile",0.25,1256,"COVID-19"
"DE","35-59",2022-04-28,2022-04-25,"-3 day ahead inc hosp","quantile",0.5,1329,"COVID-19"
"DE","35-59",2022-04-28,2022-04-25,"-3 day ahead inc hosp","quantile",0.75,1415,"COVID-19"
"DE","35-59",2022-04-28,2022-04-25,"-3 day ahead inc hosp","quantile",0.9,1504,"COVID-19"
"DE","35-59",2022-04-28,2022-04-25,"-3 day ahead inc hosp","quantile",0.975,1616,"COVID-19"
"DE","35-59",2022-04-28,2022-04-24,"-4 day ahead inc hosp","mean",NA,1317,"COVID-19"
"DE","35-59",2022-04-28,2022-04-24,"-4 day ahead inc hosp","quantile",0.025,1135,"COVID-19"
"DE","35-59",2022-04-28,2022-04-24,"-4 day ahead inc hosp","quantile",0.1,1184,"COVID-19"
"DE","35-59",2022-04-28,2022-04-24,"-4 day ahead inc hosp","quantile",0.25,1236,"COVID-19"
"DE","35-59",2022-04-28,2022-04-24,"-4 day ahead inc hosp","quantile",0.5,1304,"COVID-19"
"DE","35-59",2022-04-28,2022-04-24,"-4 day ahead inc hosp","quantile",0.75,1384,"COVID-19"
"DE","35-59",2022-04-28,2022-04-24,"-4 day ahead inc hosp","quantile",0.9,1466,"COVID-19"
"DE","35-59",2022-04-28,2022-04-24,"-4 day ahead inc hosp","quantile",0.975,1570,"COVID-19"
"DE","35-59",2022-04-28,2022-04-23,"-5 day ahead inc hosp","mean",NA,1307,"COVID-19"
"DE","35-59",2022-04-28,2022-04-23,"-5 day ahead inc hosp","quantile",0.025,1134,"COVID-19"
"DE","35-59",2022-04-28,2022-04-23,"-5 day ahead inc hosp","quantile",0.1,1181,"COVID-19"
"DE","35-59",2022-04-28,2022-04-23,"-5 day ahead inc hosp","quantile",0.25,1230,"COVID-19"
"DE","35-59",2022-04-28,2022-04-23,"-5 day ahead inc hosp","quantile",0.5,1295,"COVID-19"
"DE","35-59",2022-04-28,2022-04-23,"-5 day ahead inc hosp","quantile",0.75,1371,"COVID-19"
"DE","35-59",2022-04-28,2022-04-23,"-5 day ahead inc hosp","quantile",0.9,1449,"COVID-19"
"DE","35-59",2022-04-28,2022-04-23,"-5 day ahead inc hosp","quantile",0.975,1548,"COVID-19"
"DE","35-59",2022-04-28,2022-04-22,"-6 day ahead inc hosp","mean",NA,1145,"COVID-19"
"DE","35-59",2022-04-28,2022-04-22,"-6 day ahead inc hosp","quantile",0.025,1005,"COVID-19"
"DE","35-59",2022-04-28,2022-04-22,"-6 day ahead inc hosp","quantile",0.1,1042,"COVID-19"
"DE","35-59",2022-04-28,2022-04-22,"-6 day ahead inc hosp","quantile",0.25,1082,"COVID-19"
"DE","35-59",2022-04-28,2022-04-22,"-6 day ahead inc hosp","quantile",0.5,1135,"COVID-19"
"DE","35-59",2022-04-28,2022-04-22,"-6 day ahead inc hosp","quantile",0.75,1196,"COVID-19"
"DE","35-59",2022-04-28,2022-04-22,"-6 day ahead inc hosp","quantile",0.9,1260,"COVID-19"
"DE","35-59",2022-04-28,2022-04-22,"-6 day ahead inc hosp","quantile",0.975,1340,"COVID-19"
"DE","35-59",2022-04-28,2022-04-21,"-7 day ahead inc hosp","mean",NA,1147,"COVID-19"
"DE","35-59",2022-04-28,2022-04-21,"-7 day ahead inc hosp","quantile",0.025,1023,"COVID-19"
"DE","35-59",2022-04-28,2022-04-21,"-7 day ahead inc hosp","quantile",0.1,1056,"COVID-19"
"DE","35-59",2022-04-28,2022-04-21,"-7 day ahead inc hosp","quantile",0.25,1091,"COVID-19"
"DE","35-59",2022-04-28,2022-04-21,"-7 day ahead inc hosp","quantile",0.5,1138,"COVID-19"
"DE","35-59",2022-04-28,2022-04-21,"-7 day ahead inc hosp","quantile",0.75,1193,"COVID-19"
"DE","35-59",2022-04-28,2022-04-21,"-7 day ahead inc hosp","quantile",0.9,1250,"COVID-19"
"DE","35-59",2022-04-28,2022-04-21,"-7 day ahead inc hosp","quantile",0.975,1321,"COVID-19"
"DE","35-59",2022-04-28,2022-04-20,"-8 day ahead inc hosp","mean",NA,1085,"COVID-19"
"DE","35-59",2022-04-28,2022-04-20,"-8 day ahead inc hosp","quantile",0.025,982,"COVID-19"
"DE","35-59",2022-04-28,2022-04-20,"-8 day ahead inc hosp","quantile",0.1,1009,"COVID-19"
"DE","35-59",2022-04-28,2022-04-20,"-8 day ahead inc hosp","quantile",0.25,1038,"COVID-19"
"DE","35-59",2022-04-28,2022-04-20,"-8 day ahead inc hosp","quantile",0.5,1077,"COVID-19"
"DE","35-59",2022-04-28,2022-04-20,"-8 day ahead inc hosp","quantile",0.75,1123,"COVID-19"
"DE","35-59",2022-04-28,2022-04-20,"-8 day ahead inc hosp","quantile",0.9,1170,"COVID-19"
"DE","35-59",2022-04-28,2022-04-20,"-8 day ahead inc hosp","quantile",0.975,1230,"COVID-19"
"DE","35-59",2022-04-28,2022-04-19,"-9 day ahead inc hosp","mean",NA,1036,"COVID-19"
"DE","35-59",2022-04-28,2022-04-19,"-9 day ahead inc hosp","quantile",0.025,954,"COVID-19"
"DE","35-59",2022-04-28,2022-04-19,"-9 day ahead inc hosp","quantile",0.1,975,"COVID-19"
"DE","35-59",2022-04-28,2022-04-19,"-9 day ahead inc hosp","quantile",0.25,999,"COVID-19"
"DE","35-59",2022-04-28,2022-04-19,"-9 day ahead inc hosp","quantile",0.5,1030,"COVID-19"
"DE","35-59",2022-04-28,2022-04-19,"-9 day ahead inc hosp","quantile",0.75,1067,"COVID-19"
"DE","35-59",2022-04-28,2022-04-19,"-9 day ahead inc hosp","quantile",0.9,1105,"COVID-19"
"DE","35-59",2022-04-28,2022-04-19,"-9 day ahead inc hosp","quantile",0.975,1154,"COVID-19"
"DE","35-59",2022-04-28,2022-04-18,"-10 day ahead inc hosp","mean",NA,1233,"COVID-19"
"DE","35-59",2022-04-28,2022-04-18,"-10 day ahead inc hosp","quantile",0.025,1142,"COVID-19"
"DE","35-59",2022-04-28,2022-04-18,"-10 day ahead inc hosp","quantile",0.1,1166,"COVID-19"
"DE","35-59",2022-04-28,2022-04-18,"-10 day ahead inc hosp","quantile",0.25,1192,"COVID-19"
"DE","35-59",2022-04-28,2022-04-18,"-10 day ahead inc hosp","quantile",0.5,1226,"COVID-19"
"DE","35-59",2022-04-28,2022-04-18,"-10 day ahead inc hosp","quantile",0.75,1267,"COVID-19"
"DE","35-59",2022-04-28,2022-04-18,"-10 day ahead inc hosp","quantile",0.9,1310,"COVID-19"
"DE","35-59",2022-04-28,2022-04-18,"-10 day ahead inc hosp","quantile",0.975,1364,"COVID-19"
"DE","35-59",2022-04-28,2022-04-17,"-11 day ahead inc hosp","mean",NA,1258,"COVID-19"
"DE","35-59",2022-04-28,2022-04-17,"-11 day ahead inc hosp","quantile",0.025,1166,"COVID-19"
"DE","35-59",2022-04-28,2022-04-17,"-11 day ahead inc hosp","quantile",0.1,1190,"COVID-19"
"DE","35-59",2022-04-28,2022-04-17,"-11 day ahead inc hosp","quantile",0.25,1216,"COVID-19"
"DE","35-59",2022-04-28,2022-04-17,"-11 day ahead inc hosp","quantile",0.5,1250,"COVID-19"
"DE","35-59",2022-04-28,2022-04-17,"-11 day ahead inc hosp","quantile",0.75,1292,"COVID-19"
"DE","35-59",2022-04-28,2022-04-17,"-11 day ahead inc hosp","quantile",0.9,1334,"COVID-19"
"DE","35-59",2022-04-28,2022-04-17,"-11 day ahead inc hosp","quantile",0.975,1389,"COVID-19"
"DE","35-59",2022-04-28,2022-04-16,"-12 day ahead inc hosp","mean",NA,1290,"COVID-19"
"DE","35-59",2022-04-28,2022-04-16,"-12 day ahead inc hosp","quantile",0.025,1198,"COVID-19"
"DE","35-59",2022-04-28,2022-04-16,"-12 day ahead inc hosp","quantile",0.1,1222,"COVID-19"
"DE","35-59",2022-04-28,2022-04-16,"-12 day ahead inc hosp","quantile",0.25,1248,"COVID-19"
"DE","35-59",2022-04-28,2022-04-16,"-12 day ahead inc hosp","quantile",0.5,1282,"COVID-19"
"DE","35-59",2022-04-28,2022-04-16,"-12 day ahead inc hosp","quantile",0.75,1324,"COVID-19"
"DE","35-59",2022-04-28,2022-04-16,"-12 day ahead inc hosp","quantile",0.9,1367,"COVID-19"
"DE","35-59",2022-04-28,2022-04-16,"-12 day ahead inc hosp","quantile",0.975,1423,"COVID-19"
"DE","35-59",2022-04-28,2022-04-15,"-13 day ahead inc hosp","mean",NA,1437,"COVID-19"
"DE","35-59",2022-04-28,2022-04-15,"-13 day ahead inc hosp","quantile",0.025,1339,"COVID-19"
"DE","35-59",2022-04-28,2022-04-15,"-13 day ahead inc hosp","quantile",0.1,1364,"COVID-19"
"DE","35-59",2022-04-28,2022-04-15,"-13 day ahead inc hosp","quantile",0.25,1391,"COVID-19"
"DE","35-59",2022-04-28,2022-04-15,"-13 day ahead inc hosp","quantile",0.5,1429,"COVID-19"
"DE","35-59",2022-04-28,2022-04-15,"-13 day ahead inc hosp","quantile",0.75,1474,"COVID-19"
"DE","35-59",2022-04-28,2022-04-15,"-13 day ahead inc hosp","quantile",0.9,1522,"COVID-19"
"DE","35-59",2022-04-28,2022-04-15,"-13 day ahead inc hosp","quantile",0.975,1583,"COVID-19"
"DE","35-59",2022-04-28,2022-04-14,"-14 day ahead inc hosp","mean",NA,1450,"COVID-19"
"DE","35-59",2022-04-28,2022-04-14,"-14 day ahead inc hosp","quantile",0.025,1356,"COVID-19"
"DE","35-59",2022-04-28,2022-04-14,"-14 day ahead inc hosp","quantile",0.1,1380,"COVID-19"
"DE","35-59",2022-04-28,2022-04-14,"-14 day ahead inc hosp","quantile",0.25,1406,"COVID-19"
"DE","35-59",2022-04-28,2022-04-14,"-14 day ahead inc hosp","quantile",0.5,1442,"COVID-19"
"DE","35-59",2022-04-28,2022-04-14,"-14 day ahead inc hosp","quantile",0.75,1485,"COVID-19"
"DE","35-59",2022-04-28,2022-04-14,"-14 day ahead inc hosp","quantile",0.9,1531,"COVID-19"
"DE","35-59",2022-04-28,2022-04-14,"-14 day ahead inc hosp","quantile",0.975,1590,"COVID-19"
"DE","35-59",2022-04-28,2022-04-13,"-15 day ahead inc hosp","mean",NA,1511,"COVID-19"
"DE","35-59",2022-04-28,2022-04-13,"-15 day ahead inc hosp","quantile",0.025,1420,"COVID-19"
"DE","35-59",2022-04-28,2022-04-13,"-15 day ahead inc hosp","quantile",0.1,1443,"COVID-19"
"DE","35-59",2022-04-28,2022-04-13,"-15 day ahead inc hosp","quantile",0.25,1468,"COVID-19"
"DE","35-59",2022-04-28,2022-04-13,"-15 day ahead inc hosp","quantile",0.5,1503,"COVID-19"
"DE","35-59",2022-04-28,2022-04-13,"-15 day ahead inc hosp","quantile",0.75,1545,"COVID-19"
"DE","35-59",2022-04-28,2022-04-13,"-15 day ahead inc hosp","quantile",0.9,1590,"COVID-19"
"DE","35-59",2022-04-28,2022-04-13,"-15 day ahead inc hosp","quantile",0.975,1648,"COVID-19"
"DE","35-59",2022-04-28,2022-04-12,"-16 day ahead inc hosp","mean",NA,1553,"COVID-19"
"DE","35-59",2022-04-28,2022-04-12,"-16 day ahead inc hosp","quantile",0.025,1467,"COVID-19"
"DE","35-59",2022-04-28,2022-04-12,"-16 day ahead inc hosp","quantile",0.1,1488,"COVID-19"
"DE","35-59",2022-04-28,2022-04-12,"-16 day ahead inc hosp","quantile",0.25,1512,"COVID-19"
"DE","35-59",2022-04-28,2022-04-12,"-16 day ahead inc hosp","quantile",0.5,1545,"COVID-19"
"DE","35-59",2022-04-28,2022-04-12,"-16 day ahead inc hosp","quantile",0.75,1586,"COVID-19"
"DE","35-59",2022-04-28,2022-04-12,"-16 day ahead inc hosp","quantile",0.9,1629,"COVID-19"
"DE","35-59",2022-04-28,2022-04-12,"-16 day ahead inc hosp","quantile",0.975,1686,"COVID-19"
"DE","35-59",2022-04-28,2022-04-11,"-17 day ahead inc hosp","mean",NA,1563,"COVID-19"
"DE","35-59",2022-04-28,2022-04-11,"-17 day ahead inc hosp","quantile",0.025,1482,"COVID-19"
"DE","35-59",2022-04-28,2022-04-11,"-17 day ahead inc hosp","quantile",0.1,1501,"COVID-19"
"DE","35-59",2022-04-28,2022-04-11,"-17 day ahead inc hosp","quantile",0.25,1524,"COVID-19"
"DE","35-59",2022-04-28,2022-04-11,"-17 day ahead inc hosp","quantile",0.5,1555,"COVID-19"
"DE","35-59",2022-04-28,2022-04-11,"-17 day ahead inc hosp","quantile",0.75,1594,"COVID-19"
"DE","35-59",2022-04-28,2022-04-11,"-17 day ahead inc hosp","quantile",0.9,1635,"COVID-19"
"DE","35-59",2022-04-28,2022-04-11,"-17 day ahead inc hosp","quantile",0.975,1689,"COVID-19"
"DE","35-59",2022-04-28,2022-04-10,"-18 day ahead inc hosp","mean",NA,1554,"COVID-19"
"DE","35-59",2022-04-28,2022-04-10,"-18 day ahead inc hosp","quantile",0.025,1474,"COVID-19"
"DE","35-59",2022-04-28,2022-04-10,"-18 day ahead inc hosp","quantile",0.1,1493,"COVID-19"
"DE","35-59",2022-04-28,2022-04-10,"-18 day ahead inc hosp","quantile",0.25,1515,"COVID-19"
"DE","35-59",2022-04-28,2022-04-10,"-18 day ahead inc hosp","quantile",0.5,1546,"COVID-19"
"DE","35-59",2022-04-28,2022-04-10,"-18 day ahead inc hosp","quantile",0.75,1585,"COVID-19"
"DE","35-59",2022-04-28,2022-04-10,"-18 day ahead inc hosp","quantile",0.9,1627,"COVID-19"
"DE","35-59",2022-04-28,2022-04-10,"-18 day ahead inc hosp","quantile",0.975,1682,"COVID-19"
"DE","35-59",2022-04-28,2022-04-09,"-19 day ahead inc hosp","mean",NA,1574,"COVID-19"
"DE","35-59",2022-04-28,2022-04-09,"-19 day ahead inc hosp","quantile",0.025,1494,"COVID-19"
"DE","35-59",2022-04-28,2022-04-09,"-19 day ahead inc hosp","quantile",0.1,1512,"COVID-19"
"DE","35-59",2022-04-28,2022-04-09,"-19 day ahead inc hosp","quantile",0.25,1534,"COVID-19"
"DE","35-59",2022-04-28,2022-04-09,"-19 day ahead inc hosp","quantile",0.5,1565,"COVID-19"
"DE","35-59",2022-04-28,2022-04-09,"-19 day ahead inc hosp","quantile",0.75,1604,"COVID-19"
"DE","35-59",2022-04-28,2022-04-09,"-19 day ahead inc hosp","quantile",0.9,1647,"COVID-19"
"DE","35-59",2022-04-28,2022-04-09,"-19 day ahead inc hosp","quantile",0.975,1703,"COVID-19"
"DE","35-59",2022-04-28,2022-04-08,"-20 day ahead inc hosp","mean",NA,1601,"COVID-19"
"DE","35-59",2022-04-28,2022-04-08,"-20 day ahead inc hosp","quantile",0.025,1525,"COVID-19"
"DE","35-59",2022-04-28,2022-04-08,"-20 day ahead inc hosp","quantile",0.1,1542,"COVID-19"
"DE","35-59",2022-04-28,2022-04-08,"-20 day ahead inc hosp","quantile",0.25,1563,"COVID-19"
"DE","35-59",2022-04-28,2022-04-08,"-20 day ahead inc hosp","quantile",0.5,1592,"COVID-19"
"DE","35-59",2022-04-28,2022-04-08,"-20 day ahead inc hosp","quantile",0.75,1630,"COVID-19"
"DE","35-59",2022-04-28,2022-04-08,"-20 day ahead inc hosp","quantile",0.9,1672,"COVID-19"
"DE","35-59",2022-04-28,2022-04-08,"-20 day ahead inc hosp","quantile",0.975,1727,"COVID-19"
"DE","35-59",2022-04-28,2022-04-07,"-21 day ahead inc hosp","mean",NA,1646,"COVID-19"
"DE","35-59",2022-04-28,2022-04-07,"-21 day ahead inc hosp","quantile",0.025,1574,"COVID-19"
"DE","35-59",2022-04-28,2022-04-07,"-21 day ahead inc hosp","quantile",0.1,1590,"COVID-19"
"DE","35-59",2022-04-28,2022-04-07,"-21 day ahead inc hosp","quantile",0.25,1609,"COVID-19"
"DE","35-59",2022-04-28,2022-04-07,"-21 day ahead inc hosp","quantile",0.5,1638,"COVID-19"
"DE","35-59",2022-04-28,2022-04-07,"-21 day ahead inc hosp","quantile",0.75,1674,"COVID-19"
"DE","35-59",2022-04-28,2022-04-07,"-21 day ahead inc hosp","quantile",0.9,1714,"COVID-19"
"DE","35-59",2022-04-28,2022-04-07,"-21 day ahead inc hosp","quantile",0.975,1767,"COVID-19"
"DE","35-59",2022-04-28,2022-04-06,"-22 day ahead inc hosp","mean",NA,1658,"COVID-19"
"DE","35-59",2022-04-28,2022-04-06,"-22 day ahead inc hosp","quantile",0.025,1591,"COVID-19"
"DE","35-59",2022-04-28,2022-04-06,"-22 day ahead inc hosp","quantile",0.1,1606,"COVID-19"
"DE","35-59",2022-04-28,2022-04-06,"-22 day ahead inc hosp","quantile",0.25,1624,"COVID-19"
"DE","35-59",2022-04-28,2022-04-06,"-22 day ahead inc hosp","quantile",0.5,1650,"COVID-19"
"DE","35-59",2022-04-28,2022-04-06,"-22 day ahead inc hosp","quantile",0.75,1684,"COVID-19"
"DE","35-59",2022-04-28,2022-04-06,"-22 day ahead inc hosp","quantile",0.9,1721,"COVID-19"
"DE","35-59",2022-04-28,2022-04-06,"-22 day ahead inc hosp","quantile",0.975,1771,"COVID-19"
"DE","35-59",2022-04-28,2022-04-05,"-23 day ahead inc hosp","mean",NA,1692,"COVID-19"
"DE","35-59",2022-04-28,2022-04-05,"-23 day ahead inc hosp","quantile",0.025,1631,"COVID-19"
"DE","35-59",2022-04-28,2022-04-05,"-23 day ahead inc hosp","quantile",0.1,1644,"COVID-19"
"DE","35-59",2022-04-28,2022-04-05,"-23 day ahead inc hosp","quantile",0.25,1660,"COVID-19"
"DE","35-59",2022-04-28,2022-04-05,"-23 day ahead inc hosp","quantile",0.5,1684,"COVID-19"
"DE","35-59",2022-04-28,2022-04-05,"-23 day ahead inc hosp","quantile",0.75,1715,"COVID-19"
"DE","35-59",2022-04-28,2022-04-05,"-23 day ahead inc hosp","quantile",0.9,1749,"COVID-19"
"DE","35-59",2022-04-28,2022-04-05,"-23 day ahead inc hosp","quantile",0.975,1796,"COVID-19"
"DE","35-59",2022-04-28,2022-04-04,"-24 day ahead inc hosp","mean",NA,1734,"COVID-19"
"DE","35-59",2022-04-28,2022-04-04,"-24 day ahead inc hosp","quantile",0.025,1679,"COVID-19"
"DE","35-59",2022-04-28,2022-04-04,"-24 day ahead inc hosp","quantile",0.1,1690,"COVID-19"
"DE","35-59",2022-04-28,2022-04-04,"-24 day ahead inc hosp","quantile",0.25,1705,"COVID-19"
"DE","35-59",2022-04-28,2022-04-04,"-24 day ahead inc hosp","quantile",0.5,1727,"COVID-19"
"DE","35-59",2022-04-28,2022-04-04,"-24 day ahead inc hosp","quantile",0.75,1755,"COVID-19"
"DE","35-59",2022-04-28,2022-04-04,"-24 day ahead inc hosp","quantile",0.9,1787,"COVID-19"
"DE","35-59",2022-04-28,2022-04-04,"-24 day ahead inc hosp","quantile",0.975,1830,"COVID-19"
"DE","35-59",2022-04-28,2022-04-03,"-25 day ahead inc hosp","mean",NA,1765,"COVID-19"
"DE","35-59",2022-04-28,2022-04-03,"-25 day ahead inc hosp","quantile",0.025,1710,"COVID-19"
"DE","35-59",2022-04-28,2022-04-03,"-25 day ahead inc hosp","quantile",0.1,1721,"COVID-19"
"DE","35-59",2022-04-28,2022-04-03,"-25 day ahead inc hosp","quantile",0.25,1736,"COVID-19"
"DE","35-59",2022-04-28,2022-04-03,"-25 day ahead inc hosp","quantile",0.5,1757,"COVID-19"
"DE","35-59",2022-04-28,2022-04-03,"-25 day ahead inc hosp","quantile",0.75,1786,"COVID-19"
"DE","35-59",2022-04-28,2022-04-03,"-25 day ahead inc hosp","quantile",0.9,1818,"COVID-19"
"DE","35-59",2022-04-28,2022-04-03,"-25 day ahead inc hosp","quantile",0.975,1862,"COVID-19"
"DE","35-59",2022-04-28,2022-04-02,"-26 day ahead inc hosp","mean",NA,1770,"COVID-19"
"DE","35-59",2022-04-28,2022-04-02,"-26 day ahead inc hosp","quantile",0.025,1717,"COVID-19"
"DE","35-59",2022-04-28,2022-04-02,"-26 day ahead inc hosp","quantile",0.1,1728,"COVID-19"
"DE","35-59",2022-04-28,2022-04-02,"-26 day ahead inc hosp","quantile",0.25,1741,"COVID-19"
"DE","35-59",2022-04-28,2022-04-02,"-26 day ahead inc hosp","quantile",0.5,1763,"COVID-19"
"DE","35-59",2022-04-28,2022-04-02,"-26 day ahead inc hosp","quantile",0.75,1791,"COVID-19"
"DE","35-59",2022-04-28,2022-04-02,"-26 day ahead inc hosp","quantile",0.9,1822,"COVID-19"
"DE","35-59",2022-04-28,2022-04-02,"-26 day ahead inc hosp","quantile",0.975,1865,"COVID-19"
"DE","35-59",2022-04-28,2022-04-01,"-27 day ahead inc hosp","mean",NA,1807,"COVID-19"
"DE","35-59",2022-04-28,2022-04-01,"-27 day ahead inc hosp","quantile",0.025,1757,"COVID-19"
"DE","35-59",2022-04-28,2022-04-01,"-27 day ahead inc hosp","quantile",0.1,1767,"COVID-19"
"DE","35-59",2022-04-28,2022-04-01,"-27 day ahead inc hosp","quantile",0.25,1780,"COVID-19"
"DE","35-59",2022-04-28,2022-04-01,"-27 day ahead inc hosp","quantile",0.5,1800,"COVID-19"
"DE","35-59",2022-04-28,2022-04-01,"-27 day ahead inc hosp","quantile",0.75,1827,"COVID-19"
"DE","35-59",2022-04-28,2022-04-01,"-27 day ahead inc hosp","quantile",0.9,1857,"COVID-19"
"DE","35-59",2022-04-28,2022-04-01,"-27 day ahead inc hosp","quantile",0.975,1898,"COVID-19"
"DE","35-59",2022-04-28,2022-03-31,"-28 day ahead inc hosp","mean",NA,1852,"COVID-19"
"DE","35-59",2022-04-28,2022-03-31,"-28 day ahead inc hosp","quantile",0.025,1806,"COVID-19"
"DE","35-59",2022-04-28,2022-03-31,"-28 day ahead inc hosp","quantile",0.1,1815,"COVID-19"
"DE","35-59",2022-04-28,2022-03-31,"-28 day ahead inc hosp","quantile",0.25,1827,"COVID-19"
"DE","35-59",2022-04-28,2022-03-31,"-28 day ahead inc hosp","quantile",0.5,1845,"COVID-19"
"DE","35-59",2022-04-28,2022-03-31,"-28 day ahead inc hosp","quantile",0.75,1870,"COVID-19"
"DE","35-59",2022-04-28,2022-03-31,"-28 day ahead inc hosp","quantile",0.9,1899,"COVID-19"
"DE","35-59",2022-04-28,2022-03-31,"-28 day ahead inc hosp","quantile",0.975,1938,"COVID-19"
"DE","60-79",2022-04-28,2022-04-28,"0 day ahead inc hosp","mean",NA,2729,"COVID-19"
"DE","60-79",2022-04-28,2022-04-28,"0 day ahead inc hosp","quantile",0.025,2003,"COVID-19"
"DE","60-79",2022-04-28,2022-04-28,"0 day ahead inc hosp","quantile",0.1,2200,"COVID-19"
"DE","60-79",2022-04-28,2022-04-28,"0 day ahead inc hosp","quantile",0.25,2409,"COVID-19"
"DE","60-79",2022-04-28,2022-04-28,"0 day ahead inc hosp","quantile",0.5,2681,"COVID-19"
"DE","60-79",2022-04-28,2022-04-28,"0 day ahead inc hosp","quantile",0.75,2997,"COVID-19"
"DE","60-79",2022-04-28,2022-04-28,"0 day ahead inc hosp","quantile",0.9,3320,"COVID-19"
"DE","60-79",2022-04-28,2022-04-28,"0 day ahead inc hosp","quantile",0.975,3729,"COVID-19"
"DE","60-79",2022-04-28,2022-04-27,"-1 day ahead inc hosp","mean",NA,2759,"COVID-19"
"DE","60-79",2022-04-28,2022-04-27,"-1 day ahead inc hosp","quantile",0.025,2161,"COVID-19"
"DE","60-79",2022-04-28,2022-04-27,"-1 day ahead inc hosp","quantile",0.1,2323,"COVID-19"
"DE","60-79",2022-04-28,2022-04-27,"-1 day ahead inc hosp","quantile",0.25,2495,"COVID-19"
"DE","60-79",2022-04-28,2022-04-27,"-1 day ahead inc hosp","quantile",0.5,2719,"COVID-19"
"DE","60-79",2022-04-28,2022-04-27,"-1 day ahead inc hosp","quantile",0.75,2980,"COVID-19"
"DE","60-79",2022-04-28,2022-04-27,"-1 day ahead inc hosp","quantile",0.9,3248,"COVID-19"
"DE","60-79",2022-04-28,2022-04-27,"-1 day ahead inc hosp","quantile",0.975,3587,"COVID-19"
"DE","60-79",2022-04-28,2022-04-26,"-2 day ahead inc hosp","mean",NA,2975,"COVID-19"
"DE","60-79",2022-04-28,2022-04-26,"-2 day ahead inc hosp","quantile",0.025,2454,"COVID-19"
"DE","60-79",2022-04-28,2022-04-26,"-2 day ahead inc hosp","quantile",0.1,2595,"COVID-19"
"DE","60-79",2022-04-28,2022-04-26,"-2 day ahead inc hosp","quantile",0.25,2746,"COVID-19"
"DE","60-79",2022-04-28,2022-04-26,"-2 day ahead inc hosp","quantile",0.5,2941,"COVID-19"
"DE","60-79",2022-04-28,2022-04-26,"-2 day ahead inc hosp","quantile",0.75,3167,"COVID-19"
"DE","60-79",2022-04-28,2022-04-26,"-2 day ahead inc hosp","quantile",0.9,3400,"COVID-19"
"DE","60-79",2022-04-28,2022-04-26,"-2 day ahead inc hosp","quantile",0.975,3692,"COVID-19"
"DE","60-79",2022-04-28,2022-04-25,"-3 day ahead inc hosp","mean",NA,2495,"COVID-19"
"DE","60-79",2022-04-28,2022-04-25,"-3 day ahead inc hosp","quantile",0.025,2136,"COVID-19"
"DE","60-79",2022-04-28,2022-04-25,"-3 day ahead inc hosp","quantile",0.1,2235,"COVID-19"
"DE","60-79",2022-04-28,2022-04-25,"-3 day ahead inc hosp","quantile",0.25,2339,"COVID-19"
"DE","60-79",2022-04-28,2022-04-25,"-3 day ahead inc hosp","quantile",0.5,2473,"COVID-19"
"DE","60-79",2022-04-28,2022-04-25,"-3 day ahead inc hosp","quantile",0.75,2627,"COVID-19"
"DE","60-79",2022-04-28,2022-04-25,"-3 day ahead inc hosp","quantile",0.9,2784,"COVID-19"
"DE","60-79",2022-04-28,2022-04-25,"-3 day ahead inc hosp","quantile",0.975,2981,"COVID-19"
"DE","60-79",2022-04-28,2022-04-24,"-4 day ahead inc hosp","mean",NA,2481,"COVID-19"
"DE","60-79",2022-04-28,2022-04-24,"-4 day ahead inc hosp","quantile",0.025,2150,"COVID-19"
"DE","60-79",2022-04-28,2022-04-24,"-4 day ahead inc hosp","quantile",0.1,2242,"COVID-19"
"DE","60-79",2022-04-28,2022-04-24,"-4 day ahead inc hosp","quantile",0.25,2339,"COVID-19"
"DE","60-79",2022-04-28,2022-04-24,"-4 day ahead inc hosp","quantile",0.5,2461,"COVID-19"
"DE","60-79",2022-04-28,2022-04-24,"-4 day ahead inc hosp","quantile",0.75,2602,"COVID-19"
"DE","60-79",2022-04-28,2022-04-24,"-4 day ahead inc hosp","quantile",0.9,2745,"COVID-19"
"DE","60-79",2022-04-28,2022-04-24,"-4 day ahead inc hosp","quantile",0.975,2924,"COVID-19"
"DE","60-79",2022-04-28,2022-04-23,"-5 day ahead inc hosp","mean",NA,2454,"COVID-19"
"DE","60-79",2022-04-28,2022-04-23,"-5 day ahead inc hosp","quantile",0.025,2144,"COVID-19"
"DE","60-79",2022-04-28,2022-04-23,"-5 day ahead inc hosp","quantile",0.1,2230,"COVID-19"
"DE","60-79",2022-04-28,2022-04-23,"-5 day ahead inc hosp","quantile",0.25,2321,"COVID-19"
"DE","60-79",2022-04-28,2022-04-23,"-5 day ahead inc hosp","quantile",0.5,2436,"COVID-19"
"DE","60-79",2022-04-28,2022-04-23,"-5 day ahead inc hosp","quantile",0.75,2568,"COVID-19"
"DE","60-79",2022-04-28,2022-04-23,"-5 day ahead inc hosp","quantile",0.9,2701,"COVID-19"
"DE","60-79",2022-04-28,2022-04-23,"-5 day ahead inc hosp","quantile",0.975,2868,"COVID-19"
"DE","60-79",2022-04-28,2022-04-22,"-6 day ahead inc hosp","mean",NA,2244,"COVID-19"
"DE","60-79",2022-04-28,2022-04-22,"-6 day ahead inc hosp","quantile",0.025,1978,"COVID-19"
"DE","60-79",2022-04-28,2022-04-22,"-6 day ahead inc hosp","quantile",0.1,2052,"COVID-19"
"DE","60-79",2022-04-28,2022-04-22,"-6 day ahead inc hosp","quantile",0.25,2129,"COVID-19"
"DE","60-79",2022-04-28,2022-04-22,"-6 day ahead inc hosp","quantile",0.5,2228,"COVID-19"
"DE","60-79",2022-04-28,2022-04-22,"-6 day ahead inc hosp","quantile",0.75,2342,"COVID-19"
"DE","60-79",2022-04-28,2022-04-22,"-6 day ahead inc hosp","quantile",0.9,2457,"COVID-19"
"DE","60-79",2022-04-28,2022-04-22,"-6 day ahead inc hosp","quantile",0.975,2600,"COVID-19"
"DE","60-79",2022-04-28,2022-04-21,"-7 day ahead inc hosp","mean",NA,2217,"COVID-19"
"DE","60-79",2022-04-28,2022-04-21,"-7 day ahead inc hosp","quantile",0.025,1982,"COVID-19"
"DE","60-79",2022-04-28,2022-04-21,"-7 day ahead inc hosp","quantile",0.1,2047,"COVID-19"
"DE","60-79",2022-04-28,2022-04-21,"-7 day ahead inc hosp","quantile",0.25,2115,"COVID-19"
"DE","60-79",2022-04-28,2022-04-21,"-7 day ahead inc hosp","quantile",0.5,2203,"COVID-19"
"DE","60-79",2022-04-28,2022-04-21,"-7 day ahead inc hosp","quantile",0.75,2303,"COVID-19"
"DE","60-79",2022-04-28,2022-04-21,"-7 day ahead inc hosp","quantile",0.9,2405,"COVID-19"
"DE","60-79",2022-04-28,2022-04-21,"-7 day ahead inc hosp","quantile",0.975,2533,"COVID-19"
"DE","60-79",2022-04-28,2022-04-20,"-8 day ahead inc hosp","mean",NA,2108,"COVID-19"
"DE","60-79",2022-04-28,2022-04-20,"-8 day ahead inc hosp","quantile",0.025,1909,"COVID-19"
"DE","60-79",2022-04-28,2022-04-20,"-8 day ahead inc hosp","quantile",0.1,1964,"COVID-19"
"DE","60-79",2022-04-28,2022-04-20,"-8 day ahead inc hosp","quantile",0.25,2021,"COVID-19"
"DE","60-79",2022-04-28,2022-04-20,"-8 day ahead inc hosp","quantile",0.5,2095,"COVID-19"
"DE","60-79",2022-04-28,2022-04-20,"-8 day ahead inc hosp","quantile",0.75,2181,"COVID-19"
"DE","60-79",2022-04-28,2022-04-20,"-8 day ahead inc hosp","quantile",0.9,2268,"COVID-19"
"DE","60-79",2022-04-28,2022-04-20,"-8 day ahead inc hosp","quantile",0.975,2378,"COVID-19"
"DE","60-79",2022-04-28,2022-04-19,"-9 day ahead inc hosp","mean",NA,1998,"COVID-19"
"DE","60-79",2022-04-28,2022-04-19,"-9 day ahead inc hosp","quantile",0.025,1841,"COVID-19"
"DE","60-79",2022-04-28,2022-04-19,"-9 day ahead inc hosp","quantile",0.1,1884,"COVID-19"
"DE","60-79",2022-04-28,2022-04-19,"-9 day ahead inc hosp","quantile",0.25,1929,"COVID-19"
"DE","60-79",2022-04-28,2022-04-19,"-9 day ahead inc hosp","quantile",0.5,1988,"COVID-19"
"DE","60-79",2022-04-28,2022-04-19,"-9 day ahead inc hosp","quantile",0.75,2056,"COVID-19"
"DE","60-79",2022-04-28,2022-04-19,"-9 day ahead inc hosp","quantile",0.9,2126,"COVID-19"
"DE","60-79",2022-04-28,2022-04-19,"-9 day ahead inc hosp","quantile",0.975,2213,"COVID-19"
"DE","60-79",2022-04-28,2022-04-18,"-10 day ahead inc hosp","mean",NA,2402,"COVID-19"
"DE","60-79",2022-04-28,2022-04-18,"-10 day ahead inc hosp","quantile",0.025,2224,"COVID-19"
"DE","60-79",2022-04-28,2022-04-18,"-10 day ahead inc hosp","quantile",0.1,2272,"COVID-19"
"DE","60-79",2022-04-28,2022-04-18,"-10 day ahead inc hosp","quantile",0.25,2324,"COVID-19"
"DE","60-79",2022-04-28,2022-04-18,"-10 day ahead inc hosp","quantile",0.5,2390,"COVID-19"
"DE","60-79",2022-04-28,2022-04-18,"-10 day ahead inc hosp","quantile",0.75,2468,"COVID-19"
"DE","60-79",2022-04-28,2022-04-18,"-10 day ahead inc hosp","quantile",0.9,2548,"COVID-19"
"DE","60-79",2022-04-28,2022-04-18,"-10 day ahead inc hosp","quantile",0.975,2649,"COVID-19"
"DE","60-79",2022-04-28,2022-04-17,"-11 day ahead inc hosp","mean",NA,2432,"COVID-19"
"DE","60-79",2022-04-28,2022-04-17,"-11 day ahead inc hosp","quantile",0.025,2255,"COVID-19"
"DE","60-79",2022-04-28,2022-04-17,"-11 day ahead inc hosp","quantile",0.1,2302,"COVID-19"
"DE","60-79",2022-04-28,2022-04-17,"-11 day ahead inc hosp","quantile",0.25,2353,"COVID-19"
"DE","60-79",2022-04-28,2022-04-17,"-11 day ahead inc hosp","quantile",0.5,2419,"COVID-19"
"DE","60-79",2022-04-28,2022-04-17,"-11 day ahead inc hosp","quantile",0.75,2498,"COVID-19"
"DE","60-79",2022-04-28,2022-04-17,"-11 day ahead inc hosp","quantile",0.9,2578,"COVID-19"
"DE","60-79",2022-04-28,2022-04-17,"-11 day ahead inc hosp","quantile",0.975,2680,"COVID-19"
"DE","60-79",2022-04-28,2022-04-16,"-12 day ahead inc hosp","mean",NA,2509,"COVID-19"
"DE","60-79",2022-04-28,2022-04-16,"-12 day ahead inc hosp","quantile",0.025,2328,"COVID-19"
"DE","60-79",2022-04-28,2022-04-16,"-12 day ahead inc hosp","quantile",0.1,2376,"COVID-19"
"DE","60-79",2022-04-28,2022-04-16,"-12 day ahead inc hosp","quantile",0.25,2427,"COVID-19"
"DE","60-79",2022-04-28,2022-04-16,"-12 day ahead inc hosp","quantile",0.5,2496,"COVID-19"
"DE","60-79",2022-04-28,2022-04-16,"-12 day ahead inc hosp","quantile",0.75,2576,"COVID-19"
"DE","60-79",2022-04-28,2022-04-16,"-12 day ahead inc hosp","quantile",0.9,2659,"COVID-19"
"DE","60-79",2022-04-28,2022-04-16,"-12 day ahead inc hosp","quantile",0.975,2766,"COVID-19"
"DE","60-79",2022-04-28,2022-04-15,"-13 day ahead inc hosp","mean",NA,2759,"COVID-19"
"DE","60-79",2022-04-28,2022-04-15,"-13 day ahead inc hosp","quantile",0.025,2566,"COVID-19"
"DE","60-79",2022-04-28,2022-04-15,"-13 day ahead inc hosp","quantile",0.1,2616,"COVID-19"
"DE","60-79",2022-04-28,2022-04-15,"-13 day ahead inc hosp","quantile",0.25,2671,"COVID-19"
"DE","60-79",2022-04-28,2022-04-15,"-13 day ahead inc hosp","quantile",0.5,2744,"COVID-19"
"DE","60-79",2022-04-28,2022-04-15,"-13 day ahead inc hosp","quantile",0.75,2830,"COVID-19"
"DE","60-79",2022-04-28,2022-04-15,"-13 day ahead inc hosp","quantile",0.9,2920,"COVID-19"
"DE","60-79",2022-04-28,2022-04-15,"-13 day ahead inc hosp","quantile",0.975,3035,"COVID-19"
"DE","60-79",2022-04-28,2022-04-14,"-14 day ahead inc hosp","mean",NA,2800,"COVID-19"
"DE","60-79",2022-04-28,2022-04-14,"-14 day ahead inc hosp","quantile",0.025,2617,"COVID-19"
"DE","60-79",2022-04-28,2022-04-14,"-14 day ahead inc hosp","quantile",0.1,2664,"COVID-19"
"DE","60-79",2022-04-28,2022-04-14,"-14 day ahead inc hosp","quantile",0.25,2716,"COVID-19"
"DE","60-79",2022-04-28,2022-04-14,"-14 day ahead inc hosp","quantile",0.5,2786,"COVID-19"
"DE","60-79",2022-04-28,2022-04-14,"-14 day ahead inc hosp","quantile",0.75,2869,"COVID-19"
"DE","60-79",2022-04-28,2022-04-14,"-14 day ahead inc hosp","quantile",0.9,2956,"COVID-19"
"DE","60-79",2022-04-28,2022-04-14,"-14 day ahead inc hosp","quantile",0.975,3067,"COVID-19"
"DE","60-79",2022-04-28,2022-04-13,"-15 day ahead inc hosp","mean",NA,2938,"COVID-19"
"DE","60-79",2022-04-28,2022-04-13,"-15 day ahead inc hosp","quantile",0.025,2758,"COVID-19"
"DE","60-79",2022-04-28,2022-04-13,"-15 day ahead inc hosp","quantile",0.1,2804,"COVID-19"
"DE","60-79",2022-04-28,2022-04-13,"-15 day ahead inc hosp","quantile",0.25,2854,"COVID-19"
"DE","60-79",2022-04-28,2022-04-13,"-15 day ahead inc hosp","quantile",0.5,2923,"COVID-19"
"DE","60-79",2022-04-28,2022-04-13,"-15 day ahead inc hosp","quantile",0.75,3006,"COVID-19"
"DE","60-79",2022-04-28,2022-04-13,"-15 day ahead inc hosp","quantile",0.9,3093,"COVID-19"
"DE","60-79",2022-04-28,2022-04-13,"-15 day ahead inc hosp","quantile",0.975,3205,"COVID-19"
"DE","60-79",2022-04-28,2022-04-12,"-16 day ahead inc hosp","mean",NA,2921,"COVID-19"
"DE","60-79",2022-04-28,2022-04-12,"-16 day ahead inc hosp","quantile",0.025,2756,"COVID-19"
"DE","60-79",2022-04-28,2022-04-12,"-16 day ahead inc hosp","quantile",0.1,2797,"COVID-19"
"DE","60-79",2022-04-28,2022-04-12,"-16 day ahead inc hosp","quantile",0.25,2843,"COVID-19"
"DE","60-79",2022-04-28,2022-04-12,"-16 day ahead inc hosp","quantile",0.5,2907,"COVID-19"
"DE","60-79",2022-04-28,2022-04-12,"-16 day ahead inc hosp","quantile",0.75,2983,"COVID-19"
"DE","60-79",2022-04-28,2022-04-12,"-16 day ahead inc hosp","quantile",0.9,3064,"COVID-19"
"DE","60-79",2022-04-28,2022-04-12,"-16 day ahead inc hosp","quantile",0.975,3169,"COVID-19"
"DE","60-79",2022-04-28,2022-04-11,"-17 day ahead inc hosp","mean",NA,2919,"COVID-19"
"DE","60-79",2022-04-28,2022-04-11,"-17 day ahead inc hosp","quantile",0.025,2767,"COVID-19"
"DE","60-79",2022-04-28,2022-04-11,"-17 day ahead inc hosp","quantile",0.1,2804,"COVID-19"
"DE","60-79",2022-04-28,2022-04-11,"-17 day ahead inc hosp","quantile",0.25,2847,"COVID-19"
"DE","60-79",2022-04-28,2022-04-11,"-17 day ahead inc hosp","quantile",0.5,2905,"COVID-19"
"DE","60-79",2022-04-28,2022-04-11,"-17 day ahead inc hosp","quantile",0.75,2977,"COVID-19"
"DE","60-79",2022-04-28,2022-04-11,"-17 day ahead inc hosp","quantile",0.9,3053,"COVID-19"
"DE","60-79",2022-04-28,2022-04-11,"-17 day ahead inc hosp","quantile",0.975,3152,"COVID-19"
"DE","60-79",2022-04-28,2022-04-10,"-18 day ahead inc hosp","mean",NA,2923,"COVID-19"
"DE","60-79",2022-04-28,2022-04-10,"-18 day ahead inc hosp","quantile",0.025,2771,"COVID-19"
"DE","60-79",2022-04-28,2022-04-10,"-18 day ahead inc hosp","quantile",0.1,2807,"COVID-19"
"DE","60-79",2022-04-28,2022-04-10,"-18 day ahead inc hosp","quantile",0.25,2850,"COVID-19"
"DE","60-79",2022-04-28,2022-04-10,"-18 day ahead inc hosp","quantile",0.5,2908,"COVID-19"
"DE","60-79",2022-04-28,2022-04-10,"-18 day ahead inc hosp","quantile",0.75,2980,"COVID-19"
"DE","60-79",2022-04-28,2022-04-10,"-18 day ahead inc hosp","quantile",0.9,3057,"COVID-19"
"DE","60-79",2022-04-28,2022-04-10,"-18 day ahead inc hosp","quantile",0.975,3158,"COVID-19"
"DE","60-79",2022-04-28,2022-04-09,"-19 day ahead inc hosp","mean",NA,2931,"COVID-19"
"DE","60-79",2022-04-28,2022-04-09,"-19 day ahead inc hosp","quantile",0.025,2780,"COVID-19"
"DE","60-79",2022-04-28,2022-04-09,"-19 day ahead inc hosp","quantile",0.1,2816,"COVID-19"
"DE","60-79",2022-04-28,2022-04-09,"-19 day ahead inc hosp","quantile",0.25,2858,"COVID-19"
"DE","60-79",2022-04-28,2022-04-09,"-19 day ahead inc hosp","quantile",0.5,2916,"COVID-19"
"DE","60-79",2022-04-28,2022-04-09,"-19 day ahead inc hosp","quantile",0.75,2989,"COVID-19"
"DE","60-79",2022-04-28,2022-04-09,"-19 day ahead inc hosp","quantile",0.9,3067,"COVID-19"
"DE","60-79",2022-04-28,2022-04-09,"-19 day ahead inc hosp","quantile",0.975,3169,"COVID-19"
"DE","60-79",2022-04-28,2022-04-08,"-20 day ahead inc hosp","mean",NA,2966,"COVID-19"
"DE","60-79",2022-04-28,2022-04-08,"-20 day ahead inc hosp","quantile",0.025,2821,"COVID-19"
"DE","60-79",2022-04-28,2022-04-08,"-20 day ahead inc hosp","quantile",0.1,2854,"COVID-19"
"DE","60-79",2022-04-28,2022-04-08,"-20 day ahead inc hosp","quantile",0.25,2894,"COVID-19"
"DE","60-79",2022-04-28,2022-04-08,"-20 day ahead inc hosp","quantile",0.5,2951,"COVID-19"
"DE","60-79",2022-04-28,2022-04-08,"-20 day ahead inc hosp","quantile",0.75,3021,"COVID-19"
"DE","60-79",2022-04-28,2022-04-08,"-20 day ahead inc hosp","quantile",0.9,3098,"COVID-19"
"DE","60-79",2022-04-28,2022-04-08,"-20 day ahead inc hosp","quantile",0.975,3199,"COVID-19"
"DE","60-79",2022-04-28,2022-04-07,"-21 day ahead inc hosp","mean",NA,3023,"COVID-19"
"DE","60-79",2022-04-28,2022-04-07,"-21 day ahead inc hosp","quantile",0.025,2885,"COVID-19"
"DE","60-79",2022-04-28,2022-04-07,"-21 day ahead inc hosp","quantile",0.1,2916,"COVID-19"
"DE","60-79",2022-04-28,2022-04-07,"-21 day ahead inc hosp","quantile",0.25,2954,"COVID-19"
"DE","60-79",2022-04-28,2022-04-07,"-21 day ahead inc hosp","quantile",0.5,3008,"COVID-19"
"DE","60-79",2022-04-28,2022-04-07,"-21 day ahead inc hosp","quantile",0.75,3076,"COVID-19"
"DE","60-79",2022-04-28,2022-04-07,"-21 day ahead inc hosp","quantile",0.9,3150,"COVID-19"
"DE","60-79",2022-04-28,2022-04-07,"-21 day ahead inc hosp","quantile",0.975,3249,"COVID-19"
"DE","60-79",2022-04-28,2022-04-06,"-22 day ahead inc hosp","mean",NA,3018,"COVID-19"
"DE","60-79",2022-04-28,2022-04-06,"-22 day ahead inc hosp","quantile",0.025,2891,"COVID-19"
"DE","60-79",2022-04-28,2022-04-06,"-22 day ahead inc hosp","quantile",0.1,2919,"COVID-19"
"DE","60-79",2022-04-28,2022-04-06,"-22 day ahead inc hosp","quantile",0.25,2954,"COVID-19"
"DE","60-79",2022-04-28,2022-04-06,"-22 day ahead inc hosp","quantile",0.5,3003,"COVID-19"
"DE","60-79",2022-04-28,2022-04-06,"-22 day ahead inc hosp","quantile",0.75,3066,"COVID-19"
"DE","60-79",2022-04-28,2022-04-06,"-22 day ahead inc hosp","quantile",0.9,3135,"COVID-19"
"DE","60-79",2022-04-28,2022-04-06,"-22 day ahead inc hosp","quantile",0.975,3227,"COVID-19"
"DE","60-79",2022-04-28,2022-04-05,"-23 day ahead inc hosp","mean",NA,3141,"COVID-19"
"DE","60-79",2022-04-28,2022-04-05,"-23 day ahead inc hosp","quantile",0.025,3022,"COVID-19"
"DE","60-79",2022-04-28,2022-04-05,"-23 day ahead inc hosp","quantile",0.1,3048,"COVID-19"
"DE","60-79",2022-04-28,2022-04-05,"-23 day ahead inc hosp","quantile",0.25,3081,"COVID-19"
"DE","60-79",2022-04-28,2022-04-05,"-23 day ahead inc hosp","quantile",0.5,3128,"COVID-19"
"DE","60-79",2022-04-28,2022-04-05,"-23 day ahead inc hosp","quantile",0.75,3187,"COVID-19"
"DE","60-79",2022-04-28,2022-04-05,"-23 day ahead inc hosp","quantile",0.9,3253,"COVID-19"
"DE","60-79",2022-04-28,2022-04-05,"-23 day ahead inc hosp","quantile",0.975,3340,"COVID-19"
"DE","60-79",2022-04-28,2022-04-04,"-24 day ahead inc hosp","mean",NA,3215,"COVID-19"
"DE","60-79",2022-04-28,2022-04-04,"-24 day ahead inc hosp","quantile",0.025,3104,"COVID-19"
"DE","60-79",2022-04-28,2022-04-04,"-24 day ahead inc hosp","quantile",0.1,3129,"COVID-19"
"DE","60-79",2022-04-28,2022-04-04,"-24 day ahead inc hosp","quantile",0.25,3159,"COVID-19"
"DE","60-79",2022-04-28,2022-04-04,"-24 day ahead inc hosp","quantile",0.5,3202,"COVID-19"
"DE","60-79",2022-04-28,2022-04-04,"-24 day ahead inc hosp","quantile",0.75,3258,"COVID-19"
"DE","60-79",2022-04-28,2022-04-04,"-24 day ahead inc hosp","quantile",0.9,3319,"COVID-19"
"DE","60-79",2022-04-28,2022-04-04,"-24 day ahead inc hosp","quantile",0.975,3402,"COVID-19"
"DE","60-79",2022-04-28,2022-04-03,"-25 day ahead inc hosp","mean",NA,3258,"COVID-19"
"DE","60-79",2022-04-28,2022-04-03,"-25 day ahead inc hosp","quantile",0.025,3148,"COVID-19"
"DE","60-79",2022-04-28,2022-04-03,"-25 day ahead inc hosp","quantile",0.1,3172,"COVID-19"
"DE","60-79",2022-04-28,2022-04-03,"-25 day ahead inc hosp","quantile",0.25,3201,"COVID-19"
"DE","60-79",2022-04-28,2022-04-03,"-25 day ahead inc hosp","quantile",0.5,3244,"COVID-19"
"DE","60-79",2022-04-28,2022-04-03,"-25 day ahead inc hosp","quantile",0.75,3300,"COVID-19"
"DE","60-79",2022-04-28,2022-04-03,"-25 day ahead inc hosp","quantile",0.9,3362,"COVID-19"
"DE","60-79",2022-04-28,2022-04-03,"-25 day ahead inc hosp","quantile",0.975,3445,"COVID-19"
"DE","60-79",2022-04-28,2022-04-02,"-26 day ahead inc hosp","mean",NA,3352,"COVID-19"
"DE","60-79",2022-04-28,2022-04-02,"-26 day ahead inc hosp","quantile",0.025,3243,"COVID-19"
"DE","60-79",2022-04-28,2022-04-02,"-26 day ahead inc hosp","quantile",0.1,3266,"COVID-19"
"DE","60-79",2022-04-28,2022-04-02,"-26 day ahead inc hosp","quantile",0.25,3295,"COVID-19"
"DE","60-79",2022-04-28,2022-04-02,"-26 day ahead inc hosp","quantile",0.5,3338,"COVID-19"
"DE","60-79",2022-04-28,2022-04-02,"-26 day ahead inc hosp","quantile",0.75,3394,"COVID-19"
"DE","60-79",2022-04-28,2022-04-02,"-26 day ahead inc hosp","quantile",0.9,3456,"COVID-19"
"DE","60-79",2022-04-28,2022-04-02,"-26 day ahead inc hosp","quantile",0.975,3540,"COVID-19"
"DE","60-79",2022-04-28,2022-04-01,"-27 day ahead inc hosp","mean",NA,3453,"COVID-19"
"DE","60-79",2022-04-28,2022-04-01,"-27 day ahead inc hosp","quantile",0.025,3349,"COVID-19"
"DE","60-79",2022-04-28,2022-04-01,"-27 day ahead inc hosp","quantile",0.1,3371,"COVID-19"
"DE","60-79",2022-04-28,2022-04-01,"-27 day ahead inc hosp","quantile",0.25,3398,"COVID-19"
"DE","60-79",2022-04-28,2022-04-01,"-27 day ahead inc hosp","quantile",0.5,3440,"COVID-19"
"DE","60-79",2022-04-28,2022-04-01,"-27 day ahead inc hosp","quantile",0.75,3493,"COVID-19"
"DE","60-79",2022-04-28,2022-04-01,"-27 day ahead inc hosp","quantile",0.9,3553,"COVID-19"
"DE","60-79",2022-04-28,2022-04-01,"-27 day ahead inc hosp","quantile",0.975,3635,"COVID-19"
"DE","60-79",2022-04-28,2022-03-31,"-28 day ahead inc hosp","mean",NA,3486,"COVID-19"
"DE","60-79",2022-04-28,2022-03-31,"-28 day ahead inc hosp","quantile",0.025,3389,"COVID-19"
"DE","60-79",2022-04-28,2022-03-31,"-28 day ahead inc hosp","quantile",0.1,3409,"COVID-19"
"DE","60-79",2022-04-28,2022-03-31,"-28 day ahead inc hosp","quantile",0.25,3434,"COVID-19"
"DE","60-79",2022-04-28,2022-03-31,"-28 day ahead inc hosp","quantile",0.5,3473,"COVID-19"
"DE","60-79",2022-04-28,2022-03-31,"-28 day ahead inc hosp","quantile",0.75,3523,"COVID-19"
"DE","60-79",2022-04-28,2022-03-31,"-28 day ahead inc hosp","quantile",0.9,3579,"COVID-19"
"DE","60-79",2022-04-28,2022-03-31,"-28 day ahead inc hosp","quantile",0.975,3655,"COVID-19"
"DE","80+",2022-04-28,2022-04-28,"0 day ahead inc hosp","mean",NA,3156,"COVID-19"
"DE","80+",2022-04-28,2022-04-28,"0 day ahead inc hosp","quantile",0.025,2288,"COVID-19"
"DE","80+",2022-04-28,2022-04-28,"0 day ahead inc hosp","quantile",0.1,2521,"COVID-19"
"DE","80+",2022-04-28,2022-04-28,"0 day ahead inc hosp","quantile",0.25,2771,"COVID-19"
"DE","80+",2022-04-28,2022-04-28,"0 day ahead inc hosp","quantile",0.5,3096,"COVID-19"
"DE","80+",2022-04-28,2022-04-28,"0 day ahead inc hosp","quantile",0.75,3476,"COVID-19"
"DE","80+",2022-04-28,2022-04-28,"0 day ahead inc hosp","quantile",0.9,3867,"COVID-19"
"DE","80+",2022-04-28,2022-04-28,"0 day ahead inc hosp","quantile",0.975,4361,"COVID-19"
"DE","80+",2022-04-28,2022-04-27,"-1 day ahead inc hosp","mean",NA,3212,"COVID-19"
"DE","80+",2022-04-28,2022-04-27,"-1 day ahead inc hosp","quantile",0.025,2505,"COVID-19"
"DE","80+",2022-04-28,2022-04-27,"-1 day ahead inc hosp","quantile",0.1,2696,"COVID-19"
"DE","80+",2022-04-28,2022-04-27,"-1 day ahead inc hosp","quantile",0.25,2899,"COVID-19"
"DE","80+",2022-04-28,2022-04-27,"-1 day ahead inc hosp","quantile",0.5,3164,"COVID-19"
"DE","80+",2022-04-28,2022-04-27,"-1 day ahead inc hosp","quantile",0.75,3473,"COVID-19"
"DE","80+",2022-04-28,2022-04-27,"-1 day ahead inc hosp","quantile",0.9,3791,"COVID-19"
"DE","80+",2022-04-28,2022-04-27,"-1 day ahead inc hosp","quantile",0.975,4191,"COVID-19"
"DE","80+",2022-04-28,2022-04-26,"-2 day ahead inc hosp","mean",NA,3408,"COVID-19"
"DE","80+",2022-04-28,2022-04-26,"-2 day ahead inc hosp","quantile",0.025,2806,"COVID-19"
"DE","80+",2022-04-28,2022-04-26,"-2 day ahead inc hosp","quantile",0.1,2970,"COVID-19"
"DE","80+",2022-04-28,2022-04-26,"-2 day ahead inc hosp","quantile",0.25,3144,"COVID-19"
"DE","80+",2022-04-28,2022-04-26,"-2 day ahead inc hosp","quantile",0.5,3369,"COVID-19"
"DE","80+",2022-04-28,2022-04-26,"-2 day ahead inc hosp","quantile",0.75,3629,"COVID-19"
"DE","80+",2022-04-28,2022-04-26,"-2 day ahead inc hosp","quantile",0.9,3895,"COVID-19"
"DE","80+",2022-04-28,2022-04-26,"-2 day ahead inc hosp","quantile",0.975,4228,"COVID-19"
"DE","80+",2022-04-28,2022-04-25,"-3 day ahead inc hosp","mean",NA,2912,"COVID-19"
"DE","80+",2022-04-28,2022-04-25,"-3 day ahead inc hosp","quantile",0.025,2497,"COVID-19"
"DE","80+",2022-04-28,2022-04-25,"-3 day ahead inc hosp","quantile",0.1,2613,"COVID-19"
"DE","80+",2022-04-28,2022-04-25,"-3 day ahead inc hosp","quantile",0.25,2733,"COVID-19"
"DE","80+",2022-04-28,2022-04-25,"-3 day ahead inc hosp","quantile",0.5,2888,"COVID-19"
"DE","80+",2022-04-28,2022-04-25,"-3 day ahead inc hosp","quantile",0.75,3065,"COVID-19"
"DE","80+",2022-04-28,2022-04-25,"-3 day ahead inc hosp","quantile",0.9,3244,"COVID-19"
"DE","80+",2022-04-28,2022-04-25,"-3 day ahead inc hosp","quantile",0.975,3468,"COVID-19"
"DE","80+",2022-04-28,2022-04-24,"-4 day ahead inc hosp","mean",NA,2879,"COVID-19"
"DE","80+",2022-04-28,2022-04-24,"-4 day ahead inc hosp","quantile",0.025,2497,"COVID-19"
"DE","80+",2022-04-28,2022-04-24,"-4 day ahead inc hosp","quantile",0.1,2604,"COVID-19"
"DE","80+",2022-04-28,2022-04-24,"-4 day ahead inc hosp","quantile",0.25,2715,"COVID-19"
"DE","80+",2022-04-28,2022-04-24,"-4 day ahead inc hosp","quantile",0.5,2857,"COVID-19"
"DE","80+",2022-04-28,2022-04-24,"-4 day ahead inc hosp","quantile",0.75,3019,"COVID-19"
"DE","80+",2022-04-28,2022-04-24,"-4 day ahead inc hosp","quantile",0.9,3182,"COVID-19"
"DE","80+",2022-04-28,2022-04-24,"-4 day ahead inc hosp","quantile",0.975,3385,"COVID-19"
"DE","80+",2022-04-28,2022-04-23,"-5 day ahead inc hosp","mean",NA,2892,"COVID-19"
"DE","80+",2022-04-28,2022-04-23,"-5 day ahead inc hosp","quantile",0.025,2526,"COVID-19"
"DE","80+",2022-04-28,2022-04-23,"-5 day ahead inc hosp","quantile",0.1,2629,"COVID-19"
"DE","80+",2022-04-28,2022-04-23,"-5 day ahead inc hosp","quantile",0.25,2736,"COVID-19"
"DE","80+",2022-04-28,2022-04-23,"-5 day ahead inc hosp","quantile",0.5,2871,"COVID-19"
"DE","80+",2022-04-28,2022-04-23,"-5 day ahead inc hosp","quantile",0.75,3026,"COVID-19"
"DE","80+",2022-04-28,2022-04-23,"-5 day ahead inc hosp","quantile",0.9,3182,"COVID-19"
"DE","80+",2022-04-28,2022-04-23,"-5 day ahead inc hosp","quantile",0.975,3376,"COVID-19"
"DE","80+",2022-04-28,2022-04-22,"-6 day ahead inc hosp","mean",NA,2637,"COVID-19"
"DE","80+",2022-04-28,2022-04-22,"-6 day ahead inc hosp","quantile",0.025,2322,"COVID-19"
"DE","80+",2022-04-28,2022-04-22,"-6 day ahead inc hosp","quantile",0.1,2410,"COVID-19"
"DE","80+",2022-04-28,2022-04-22,"-6 day ahead inc hosp","quantile",0.25,2502,"COVID-19"
"DE","80+",2022-04-28,2022-04-22,"-6 day ahead inc hosp","quantile",0.5,2619,"COVID-19"
"DE","80+",2022-04-28,2022-04-22,"-6 day ahead inc hosp","quantile",0.75,2753,"COVID-19"
"DE","80+",2022-04-28,2022-04-22,"-6 day ahead inc hosp","quantile",0.9,2888,"COVID-19"
"DE","80+",2022-04-28,2022-04-22,"-6 day ahead inc hosp","quantile",0.975,3057,"COVID-19"
"DE","80+",2022-04-28,2022-04-21,"-7 day ahead inc hosp","mean",NA,2635,"COVID-19"
"DE","80+",2022-04-28,2022-04-21,"-7 day ahead inc hosp","quantile",0.025,2351,"COVID-19"
"DE","80+",2022-04-28,2022-04-21,"-7 day ahead inc hosp","quantile",0.1,2430,"COVID-19"
"DE","80+",2022-04-28,2022-04-21,"-7 day ahead inc hosp","quantile",0.25,2512,"COVID-19"
"DE","80+",2022-04-28,2022-04-21,"-7 day ahead inc hosp","quantile",0.5,2618,"COVID-19"
"DE","80+",2022-04-28,2022-04-21,"-7 day ahead inc hosp","quantile",0.75,2738,"COVID-19"
"DE","80+",2022-04-28,2022-04-21,"-7 day ahead inc hosp","quantile",0.9,2861,"COVID-19"
"DE","80+",2022-04-28,2022-04-21,"-7 day ahead inc hosp","quantile",0.975,3014,"COVID-19"
"DE","80+",2022-04-28,2022-04-20,"-8 day ahead inc hosp","mean",NA,2544,"COVID-19"
"DE","80+",2022-04-28,2022-04-20,"-8 day ahead inc hosp","quantile",0.025,2299,"COVID-19"
"DE","80+",2022-04-28,2022-04-20,"-8 day ahead inc hosp","quantile",0.1,2367,"COVID-19"
"DE","80+",2022-04-28,2022-04-20,"-8 day ahead inc hosp","quantile",0.25,2438,"COVID-19"
"DE","80+",2022-04-28,2022-04-20,"-8 day ahead inc hosp","quantile",0.5,2529,"COVID-19"
"DE","80+",2022-04-28,2022-04-20,"-8 day ahead inc hosp","quantile",0.75,2635,"COVID-19"
"DE","80+",2022-04-28,2022-04-20,"-8 day ahead inc hosp","quantile",0.9,2742,"COVID-19"
"DE","80+",2022-04-28,2022-04-20,"-8 day ahead inc hosp","quantile",0.975,2877,"COVID-19"
"DE","80+",2022-04-28,2022-04-19,"-9 day ahead inc hosp","mean",NA,2361,"COVID-19"
"DE","80+",2022-04-28,2022-04-19,"-9 day ahead inc hosp","quantile",0.025,2166,"COVID-19"
"DE","80+",2022-04-28,2022-04-19,"-9 day ahead inc hosp","quantile",0.1,2219,"COVID-19"
"DE","80+",2022-04-28,2022-04-19,"-9 day ahead inc hosp","quantile",0.25,2275,"COVID-19"
"DE","80+",2022-04-28,2022-04-19,"-9 day ahead inc hosp","quantile",0.5,2348,"COVID-19"
"DE","80+",2022-04-28,2022-04-19,"-9 day ahead inc hosp","quantile",0.75,2433,"COVID-19"
"DE","80+",2022-04-28,2022-04-19,"-9 day ahead inc hosp","quantile",0.9,2520,"COVID-19"
"DE","80+",2022-04-28,2022-04-19,"-9 day ahead inc hosp","quantile",0.975,2629,"COVID-19"
"DE","80+",2022-04-28,2022-04-18,"-10 day ahead inc hosp","mean",NA,2774,"COVID-19"
"DE","80+",2022-04-28,2022-04-18,"-10 day ahead inc hosp","quantile",0.025,2562,"COVID-19"
"DE","80+",2022-04-28,2022-04-18,"-10 day ahead inc hosp","quantile",0.1,2619,"COVID-19"
"DE","80+",2022-04-28,2022-04-18,"-10 day ahead inc hosp","quantile",0.25,2680,"COVID-19"
"DE","80+",2022-04-28,2022-04-18,"-10 day ahead inc hosp","quantile",0.5,2759,"COVID-19"
"DE","80+",2022-04-28,2022-04-18,"-10 day ahead inc hosp","quantile",0.75,2852,"COVID-19"
"DE","80+",2022-04-28,2022-04-18,"-10 day ahead inc hosp","quantile",0.9,2947,"COVID-19"
"DE","80+",2022-04-28,2022-04-18,"-10 day ahead inc hosp","quantile",0.975,3067,"COVID-19"
"DE","80+",2022-04-28,2022-04-17,"-11 day ahead inc hosp","mean",NA,2829,"COVID-19"
"DE","80+",2022-04-28,2022-04-17,"-11 day ahead inc hosp","quantile",0.025,2617,"COVID-19"
"DE","80+",2022-04-28,2022-04-17,"-11 day ahead inc hosp","quantile",0.1,2674,"COVID-19"
"DE","80+",2022-04-28,2022-04-17,"-11 day ahead inc hosp","quantile",0.25,2735,"COVID-19"
"DE","80+",2022-04-28,2022-04-17,"-11 day ahead inc hosp","quantile",0.5,2815,"COVID-19"
"DE","80+",2022-04-28,2022-04-17,"-11 day ahead inc hosp","quantile",0.75,2908,"COVID-19"
"DE","80+",2022-04-28,2022-04-17,"-11 day ahead inc hosp","quantile",0.9,3004,"COVID-19"
"DE","80+",2022-04-28,2022-04-17,"-11 day ahead inc hosp","quantile",0.975,3125,"COVID-19"
"DE","80+",2022-04-28,2022-04-16,"-12 day ahead inc hosp","mean",NA,2862,"COVID-19"
"DE","80+",2022-04-28,2022-04-16,"-12 day ahead inc hosp","quantile",0.025,2653,"COVID-19"
"DE","80+",2022-04-28,2022-04-16,"-12 day ahead inc hosp","quantile",0.1,2709,"COVID-19"
"DE","80+",2022-04-28,2022-04-16,"-12 day ahead inc hosp","quantile",0.25,2768,"COVID-19"
"DE","80+",2022-04-28,2022-04-16,"-12 day ahead inc hosp","quantile",0.5,2847,"COVID-19"
"DE","80+",2022-04-28,2022-04-16,"-12 day ahead inc hosp","quantile",0.75,2939,"COVID-19"
"DE","80+",2022-04-28,2022-04-16,"-12 day ahead inc hosp","quantile",0.9,3034,"COVID-19"
"DE","80+",2022-04-28,2022-04-16,"-12 day ahead inc hosp","quantile",0.975,3155,"COVID-19"
"DE","80+",2022-04-28,2022-04-15,"-13 day ahead inc hosp","mean",NA,3160,"COVID-19"
"DE","80+",2022-04-28,2022-04-15,"-13 day ahead inc hosp","quantile",0.025,2940,"COVID-19"
"DE","80+",2022-04-28,2022-04-15,"-13 day ahead inc hosp","quantile",0.1,2998,"COVID-19"
"DE","80+",2022-04-28,2022-04-15,"-13 day ahead inc hosp","quantile",0.25,3061,"COVID-19"
"DE","80+",2022-04-28,2022-04-15,"-13 day ahead inc hosp","quantile",0.5,3144,"COVID-19"
"DE","80+",2022-04-28,2022-04-15,"-13 day ahead inc hosp","quantile",0.75,3242,"COVID-19"
"DE","80+",2022-04-28,2022-04-15,"-13 day ahead inc hosp","quantile",0.9,3343,"COVID-19"
"DE","80+",2022-04-28,2022-04-15,"-13 day ahead inc hosp","quantile",0.975,3472,"COVID-19"
"DE","80+",2022-04-28,2022-04-14,"-14 day ahead inc hosp","mean",NA,3179,"COVID-19"
"DE","80+",2022-04-28,2022-04-14,"-14 day ahead inc hosp","quantile",0.025,2971,"COVID-19"
"DE","80+",2022-04-28,2022-04-14,"-14 day ahead inc hosp","quantile",0.1,3026,"COVID-19"
"DE","80+",2022-04-28,2022-04-14,"-14 day ahead inc hosp","quantile",0.25,3085,"COVID-19"
"DE","80+",2022-04-28,2022-04-14,"-14 day ahead inc hosp","quantile",0.5,3163,"COVID-19"
"DE","80+",2022-04-28,2022-04-14,"-14 day ahead inc hosp","quantile",0.75,3256,"COVID-19"
"DE","80+",2022-04-28,2022-04-14,"-14 day ahead inc hosp","quantile",0.9,3352,"COVID-19"
"DE","80+",2022-04-28,2022-04-14,"-14 day ahead inc hosp","quantile",0.975,3476,"COVID-19"
"DE","80+",2022-04-28,2022-04-13,"-15 day ahead inc hosp","mean",NA,3284,"COVID-19"
"DE","80+",2022-04-28,2022-04-13,"-15 day ahead inc hosp","quantile",0.025,3085,"COVID-19"
"DE","80+",2022-04-28,2022-04-13,"-15 day ahead inc hosp","quantile",0.1,3136,"COVID-19"
"DE","80+",2022-04-28,2022-04-13,"-15 day ahead inc hosp","quantile",0.25,3193,"COVID-19"
"DE","80+",2022-04-28,2022-04-13,"-15 day ahead inc hosp","quantile",0.5,3268,"COVID-19"
"DE","80+",2022-04-28,2022-04-13,"-15 day ahead inc hosp","quantile",0.75,3358,"COVID-19"
"DE","80+",2022-04-28,2022-04-13,"-15 day ahead inc hosp","quantile",0.9,3451,"COVID-19"
"DE","80+",2022-04-28,2022-04-13,"-15 day ahead inc hosp","quantile",0.975,3571,"COVID-19"
"DE","80+",2022-04-28,2022-04-12,"-16 day ahead inc hosp","mean",NA,3344,"COVID-19"
"DE","80+",2022-04-28,2022-04-12,"-16 day ahead inc hosp","quantile",0.025,3155,"COVID-19"
"DE","80+",2022-04-28,2022-04-12,"-16 day ahead inc hosp","quantile",0.1,3203,"COVID-19"
"DE","80+",2022-04-28,2022-04-12,"-16 day ahead inc hosp","quantile",0.25,3257,"COVID-19"
"DE","80+",2022-04-28,2022-04-12,"-16 day ahead inc hosp","quantile",0.5,3329,"COVID-19"
"DE","80+",2022-04-28,2022-04-12,"-16 day ahead inc hosp","quantile",0.75,3415,"COVID-19"
"DE","80+",2022-04-28,2022-04-12,"-16 day ahead inc hosp","quantile",0.9,3505,"COVID-19"
"DE","80+",2022-04-28,2022-04-12,"-16 day ahead inc hosp","quantile",0.975,3621,"COVID-19"
"DE","80+",2022-04-28,2022-04-11,"-17 day ahead inc hosp","mean",NA,3358,"COVID-19"
"DE","80+",2022-04-28,2022-04-11,"-17 day ahead inc hosp","quantile",0.025,3183,"COVID-19"
"DE","80+",2022-04-28,2022-04-11,"-17 day ahead inc hosp","quantile",0.1,3227,"COVID-19"
"DE","80+",2022-04-28,2022-04-11,"-17 day ahead inc hosp","quantile",0.25,3276,"COVID-19"
"DE","80+",2022-04-28,2022-04-11,"-17 day ahead inc hosp","quantile",0.5,3343,"COVID-19"
"DE","80+",2022-04-28,2022-04-11,"-17 day ahead inc hosp","quantile",0.75,3423,"COVID-19"
"DE","80+",2022-04-28,2022-04-11,"-17 day ahead inc hosp","quantile",0.9,3508,"COVID-19"
"DE","80+",2022-04-28,2022-04-11,"-17 day ahead inc hosp","quantile",0.975,3617,"COVID-19"
"DE","80+",2022-04-28,2022-04-10,"-18 day ahead inc hosp","mean",NA,3352,"COVID-19"
"DE","80+",2022-04-28,2022-04-10,"-18 day ahead inc hosp","quantile",0.025,3178,"COVID-19"
"DE","80+",2022-04-28,2022-04-10,"-18 day ahead inc hosp","quantile",0.1,3222,"COVID-19"
"DE","80+",2022-04-28,2022-04-10,"-18 day ahead inc hosp","quantile",0.25,3270,"COVID-19"
"DE","80+",2022-04-28,2022-04-10,"-18 day ahead inc hosp","quantile",0.5,3336,"COVID-19"
"DE","80+",2022-04-28,2022-04-10,"-18 day ahead inc hosp","quantile",0.75,3416,"COVID-19"
"DE","80+",2022-04-28,2022-04-10,"-18 day ahead inc hosp","quantile",0.9,3501,"COVID-19"
"DE","80+",2022-04-28,2022-04-10,"-18 day ahead inc hosp","quantile",0.975,3611,"COVID-19"
"DE","80+",2022-04-28,2022-04-09,"-19 day ahead inc hosp","mean",NA,3374,"COVID-19"
"DE","80+",2022-04-28,2022-04-09,"-19 day ahead inc hosp","quantile",0.025,3202,"COVID-19"
"DE","80+",2022-04-28,2022-04-09,"-19 day ahead inc hosp","quantile",0.1,3244,"COVID-19"
"DE","80+",2022-04-28,2022-04-09,"-19 day ahead inc hosp","quantile",0.25,3292,"COVID-19"
"DE","80+",2022-04-28,2022-04-09,"-19 day ahead inc hosp","quantile",0.5,3358,"COVID-19"
"DE","80+",2022-04-28,2022-04-09,"-19 day ahead inc hosp","quantile",0.75,3439,"COVID-19"
"DE","80+",2022-04-28,2022-04-09,"-19 day ahead inc hosp","quantile",0.9,3524,"COVID-19"
"DE","80+",2022-04-28,2022-04-09,"-19 day ahead inc hosp","quantile",0.975,3636,"COVID-19"
"DE","80+",2022-04-28,2022-04-08,"-20 day ahead inc hosp","mean",NA,3366,"COVID-19"
"DE","80+",2022-04-28,2022-04-08,"-20 day ahead inc hosp","quantile",0.025,3204,"COVID-19"
"DE","80+",2022-04-28,2022-04-08,"-20 day ahead inc hosp","quantile",0.1,3243,"COVID-19"
"DE","80+",2022-04-28,2022-04-08,"-20 day ahead inc hosp","quantile",0.25,3289,"COVID-19"
"DE","80+",2022-04-28,2022-04-08,"-20 day ahead inc hosp","quantile",0.5,3351,"COVID-19"
"DE","80+",2022-04-28,2022-04-08,"-20 day ahead inc hosp","quantile",0.75,3427,"COVID-19"
"DE","80+",2022-04-28,2022-04-08,"-20 day ahead inc hosp","quantile",0.9,3508,"COVID-19"
"DE","80+",2022-04-28,2022-04-08,"-20 day ahead inc hosp","quantile",0.975,3614,"COVID-19"
"DE","80+",2022-04-28,2022-04-07,"-21 day ahead inc hosp","mean",NA,3446,"COVID-19"
"DE","80+",2022-04-28,2022-04-07,"-21 day ahead inc hosp","quantile",0.025,3292,"COVID-19"
"DE","80+",2022-04-28,2022-04-07,"-21 day ahead inc hosp","quantile",0.1,3329,"COVID-19"
"DE","80+",2022-04-28,2022-04-07,"-21 day ahead inc hosp","quantile",0.25,3372,"COVID-19"
"DE","80+",2022-04-28,2022-04-07,"-21 day ahead inc hosp","quantile",0.5,3432,"COVID-19"
"DE","80+",2022-04-28,2022-04-07,"-21 day ahead inc hosp","quantile",0.75,3504,"COVID-19"
"DE","80+",2022-04-28,2022-04-07,"-21 day ahead inc hosp","quantile",0.9,3582,"COVID-19"
"DE","80+",2022-04-28,2022-04-07,"-21 day ahead inc hosp","quantile",0.975,3683,"COVID-19"
"DE","80+",2022-04-28,2022-04-06,"-22 day ahead inc hosp","mean",NA,3512,"COVID-19"
"DE","80+",2022-04-28,2022-04-06,"-22 day ahead inc hosp","quantile",0.025,3369,"COVID-19"
"DE","80+",2022-04-28,2022-04-06,"-22 day ahead inc hosp","quantile",0.1,3403,"COVID-19"
"DE","80+",2022-04-28,2022-04-06,"-22 day ahead inc hosp","quantile",0.25,3443,"COVID-19"
"DE","80+",2022-04-28,2022-04-06,"-22 day ahead inc hosp","quantile",0.5,3498,"COVID-19"
"DE","80+",2022-04-28,2022-04-06,"-22 day ahead inc hosp","quantile",0.75,3566,"COVID-19"
"DE","80+",2022-04-28,2022-04-06,"-22 day ahead inc hosp","quantile",0.9,3639,"COVID-19"
"DE","80+",2022-04-28,2022-04-06,"-22 day ahead inc hosp","quantile",0.975,3735,"COVID-19"
"DE","80+",2022-04-28,2022-04-05,"-23 day ahead inc hosp","mean",NA,3639,"COVID-19"
"DE","80+",2022-04-28,2022-04-05,"-23 day ahead inc hosp","quantile",0.025,3504,"COVID-19"
"DE","80+",2022-04-28,2022-04-05,"-23 day ahead inc hosp","quantile",0.1,3536,"COVID-19"
"DE","80+",2022-04-28,2022-04-05,"-23 day ahead inc hosp","quantile",0.25,3573,"COVID-19"
"DE","80+",2022-04-28,2022-04-05,"-23 day ahead inc hosp","quantile",0.5,3625,"COVID-19"
"DE","80+",2022-04-28,2022-04-05,"-23 day ahead inc hosp","quantile",0.75,3690,"COVID-19"
"DE","80+",2022-04-28,2022-04-05,"-23 day ahead inc hosp","quantile",0.9,3759,"COVID-19"
"DE","80+",2022-04-28,2022-04-05,"-23 day ahead inc hosp","quantile",0.975,3850,"COVID-19"
"DE","80+",2022-04-28,2022-04-04,"-24 day ahead inc hosp","mean",NA,3727,"COVID-19"
"DE","80+",2022-04-28,2022-04-04,"-24 day ahead inc hosp","quantile",0.025,3603,"COVID-19"
"DE","80+",2022-04-28,2022-04-04,"-24 day ahead inc hosp","quantile",0.1,3632,"COVID-19"
"DE","80+",2022-04-28,2022-04-04,"-24 day ahead inc hosp","quantile",0.25,3666,"COVID-19"
"DE","80+",2022-04-28,2022-04-04,"-24 day ahead inc hosp","quantile",0.5,3715,"COVID-19"
"DE","80+",2022-04-28,2022-04-04,"-24 day ahead inc hosp","quantile",0.75,3775,"COVID-19"
"DE","80+",2022-04-28,2022-04-04,"-24 day ahead inc hosp","quantile",0.9,3839,"COVID-19"
"DE","80+",2022-04-28,2022-04-04,"-24 day ahead inc hosp","quantile",0.975,3925,"COVID-19"
"DE","80+",2022-04-28,2022-04-03,"-25 day ahead inc hosp","mean",NA,3801,"COVID-19"
"DE","80+",2022-04-28,2022-04-03,"-25 day ahead inc hosp","quantile",0.025,3676,"COVID-19"
"DE","80+",2022-04-28,2022-04-03,"-25 day ahead inc hosp","quantile",0.1,3705,"COVID-19"
"DE","80+",2022-04-28,2022-04-03,"-25 day ahead inc hosp","quantile",0.25,3739,"COVID-19"
"DE","80+",2022-04-28,2022-04-03,"-25 day ahead inc hosp","quantile",0.5,3788,"COVID-19"
"DE","80+",2022-04-28,2022-04-03,"-25 day ahead inc hosp","quantile",0.75,3848,"COVID-19"
"DE","80+",2022-04-28,2022-04-03,"-25 day ahead inc hosp","quantile",0.9,3914,"COVID-19"
"DE","80+",2022-04-28,2022-04-03,"-25 day ahead inc hosp","quantile",0.975,4001,"COVID-19"
"DE","80+",2022-04-28,2022-04-02,"-26 day ahead inc hosp","mean",NA,3896,"COVID-19"
"DE","80+",2022-04-28,2022-04-02,"-26 day ahead inc hosp","quantile",0.025,3771,"COVID-19"
"DE","80+",2022-04-28,2022-04-02,"-26 day ahead inc hosp","quantile",0.1,3800,"COVID-19"
"DE","80+",2022-04-28,2022-04-02,"-26 day ahead inc hosp","quantile",0.25,3834,"COVID-19"
"DE","80+",2022-04-28,2022-04-02,"-26 day ahead inc hosp","quantile",0.5,3882,"COVID-19"
"DE","80+",2022-04-28,2022-04-02,"-26 day ahead inc hosp","quantile",0.75,3943,"COVID-19"
"DE","80+",2022-04-28,2022-04-02,"-26 day ahead inc hosp","quantile",0.9,4010,"COVID-19"
"DE","80+",2022-04-28,2022-04-02,"-26 day ahead inc hosp","quantile",0.975,4099,"COVID-19"
"DE","80+",2022-04-28,2022-04-01,"-27 day ahead inc hosp","mean",NA,4068,"COVID-19"
"DE","80+",2022-04-28,2022-04-01,"-27 day ahead inc hosp","quantile",0.025,3945,"COVID-19"
"DE","80+",2022-04-28,2022-04-01,"-27 day ahead inc hosp","quantile",0.1,3972,"COVID-19"
"DE","80+",2022-04-28,2022-04-01,"-27 day ahead inc hosp","quantile",0.25,4005,"COVID-19"
"DE","80+",2022-04-28,2022-04-01,"-27 day ahead inc hosp","quantile",0.5,4053,"COVID-19"
"DE","80+",2022-04-28,2022-04-01,"-27 day ahead inc hosp","quantile",0.75,4115,"COVID-19"
"DE","80+",2022-04-28,2022-04-01,"-27 day ahead inc hosp","quantile",0.9,4182,"COVID-19"
"DE","80+",2022-04-28,2022-04-01,"-27 day ahead inc hosp","quantile",0.975,4272,"COVID-19"
"DE","80+",2022-04-28,2022-03-31,"-28 day ahead inc hosp","mean",NA,4113,"COVID-19"
"DE","80+",2022-04-28,2022-03-31,"-28 day ahead inc hosp","quantile",0.025,3998,"COVID-19"
"DE","80+",2022-04-28,2022-03-31,"-28 day ahead inc hosp","quantile",0.1,4023,"COVID-19"
"DE","80+",2022-04-28,2022-03-31,"-28 day ahead inc hosp","quantile",0.25,4054,"COVID-19"
"DE","80+",2022-04-28,2022-03-31,"-28 day ahead inc hosp","quantile",0.5,4100,"COVID-19"
"DE","80+",2022-04-28,2022-03-31,"-28 day ahead inc hosp","quantile",0.75,4158,"COVID-19"
"DE","80+",2022-04-28,2022-03-31,"-28 day ahead inc hosp","quantile",0.9,4222,"COVID-19"
"DE","80+",2022-04-28,2022-03-31,"-28 day ahead inc hosp","quantile",0.975,4307,"COVID-19"
"DE-BB","00+",2022-04-28,2022-04-28,"0 day ahead inc hosp","mean",NA,195,"COVID-19"
"DE-BB","00+",2022-04-28,2022-04-28,"0 day ahead inc hosp","quantile",0.025,129,"COVID-19"
"DE-BB","00+",2022-04-28,2022-04-28,"0 day ahead inc hosp","quantile",0.1,142,"COVID-19"
"DE-BB","00+",2022-04-28,2022-04-28,"0 day ahead inc hosp","quantile",0.25,160,"COVID-19"
"DE-BB","00+",2022-04-28,2022-04-28,"0 day ahead inc hosp","quantile",0.5,186,"COVID-19"
"DE-BB","00+",2022-04-28,2022-04-28,"0 day ahead inc hosp","quantile",0.75,221,"COVID-19"
"DE-BB","00+",2022-04-28,2022-04-28,"0 day ahead inc hosp","quantile",0.9,260,"COVID-19"
"DE-BB","00+",2022-04-28,2022-04-28,"0 day ahead inc hosp","quantile",0.975,313,"COVID-19"
"DE-BB","00+",2022-04-28,2022-04-27,"-1 day ahead inc hosp","mean",NA,208,"COVID-19"
"DE-BB","00+",2022-04-28,2022-04-27,"-1 day ahead inc hosp","quantile",0.025,148,"COVID-19"
"DE-BB","00+",2022-04-28,2022-04-27,"-1 day ahead inc hosp","quantile",0.1,160,"COVID-19"
"DE-BB","00+",2022-04-28,2022-04-27,"-1 day ahead inc hosp","quantile",0.25,176,"COVID-19"
"DE-BB","00+",2022-04-28,2022-04-27,"-1 day ahead inc hosp","quantile",0.5,200,"COVID-19"
"DE-BB","00+",2022-04-28,2022-04-27,"-1 day ahead inc hosp","quantile",0.75,231,"COVID-19"
"DE-BB","00+",2022-04-28,2022-04-27,"-1 day ahead inc hosp","quantile",0.9,267,"COVID-19"
"DE-BB","00+",2022-04-28,2022-04-27,"-1 day ahead inc hosp","quantile",0.975,315,"COVID-19"
"DE-BB","00+",2022-04-28,2022-04-26,"-2 day ahead inc hosp","mean",NA,253,"COVID-19"
"DE-BB","00+",2022-04-28,2022-04-26,"-2 day ahead inc hosp","quantile",0.025,192,"COVID-19"
"DE-BB","00+",2022-04-28,2022-04-26,"-2 day ahead inc hosp","quantile",0.1,204,"COVID-19"
"DE-BB","00+",2022-04-28,2022-04-26,"-2 day ahead inc hosp","quantile",0.25,220,"COVID-19"
"DE-BB","00+",2022-04-28,2022-04-26,"-2 day ahead inc hosp","quantile",0.5,244,"COVID-19"
"DE-BB","00+",2022-04-28,2022-04-26,"-2 day ahead inc hosp","quantile",0.75,278,"COVID-19"
"DE-BB","00+",2022-04-28,2022-04-26,"-2 day ahead inc hosp","quantile",0.9,315,"COVID-19"
"DE-BB","00+",2022-04-28,2022-04-26,"-2 day ahead inc hosp","quantile",0.975,367,"COVID-19"
"DE-BB","00+",2022-04-28,2022-04-25,"-3 day ahead inc hosp","mean",NA,204,"COVID-19"
"DE-BB","00+",2022-04-28,2022-04-25,"-3 day ahead inc hosp","quantile",0.025,160,"COVID-19"
"DE-BB","00+",2022-04-28,2022-04-25,"-3 day ahead inc hosp","quantile",0.1,168,"COVID-19"
"DE-BB","00+",2022-04-28,2022-04-25,"-3 day ahead inc hosp","quantile",0.25,179,"COVID-19"
"DE-BB","00+",2022-04-28,2022-04-25,"-3 day ahead inc hosp","quantile",0.5,197,"COVID-19"
"DE-BB","00+",2022-04-28,2022-04-25,"-3 day ahead inc hosp","quantile",0.75,221,"COVID-19"
"DE-BB","00+",2022-04-28,2022-04-25,"-3 day ahead inc hosp","quantile",0.9,248,"COVID-19"
"DE-BB","00+",2022-04-28,2022-04-25,"-3 day ahead inc hosp","quantile",0.975,286,"COVID-19"
"DE-BB","00+",2022-04-28,2022-04-24,"-4 day ahead inc hosp","mean",NA,193,"COVID-19"
"DE-BB","00+",2022-04-28,2022-04-24,"-4 day ahead inc hosp","quantile",0.025,153,"COVID-19"
"DE-BB","00+",2022-04-28,2022-04-24,"-4 day ahead inc hosp","quantile",0.1,160,"COVID-19"
"DE-BB","00+",2022-04-28,2022-04-24,"-4 day ahead inc hosp","quantile",0.25,171,"COVID-19"
"DE-BB","00+",2022-04-28,2022-04-24,"-4 day ahead inc hosp","quantile",0.5,187,"COVID-19"
"DE-BB","00+",2022-04-28,2022-04-24,"-4 day ahead inc hosp","quantile",0.75,209,"COVID-19"
"DE-BB","00+",2022-04-28,2022-04-24,"-4 day ahead inc hosp","quantile",0.9,235,"COVID-19"
"DE-BB","00+",2022-04-28,2022-04-24,"-4 day ahead inc hosp","quantile",0.975,271,"COVID-19"
"DE-BB","00+",2022-04-28,2022-04-23,"-5 day ahead inc hosp","mean",NA,193,"COVID-19"
"DE-BB","00+",2022-04-28,2022-04-23,"-5 day ahead inc hosp","quantile",0.025,152,"COVID-19"
"DE-BB","00+",2022-04-28,2022-04-23,"-5 day ahead inc hosp","quantile",0.1,159,"COVID-19"
"DE-BB","00+",2022-04-28,2022-04-23,"-5 day ahead inc hosp","quantile",0.25,170,"COVID-19"
"DE-BB","00+",2022-04-28,2022-04-23,"-5 day ahead inc hosp","quantile",0.5,186,"COVID-19"
"DE-BB","00+",2022-04-28,2022-04-23,"-5 day ahead inc hosp","quantile",0.75,209,"COVID-19"
"DE-BB","00+",2022-04-28,2022-04-23,"-5 day ahead inc hosp","quantile",0.9,235,"COVID-19"
"DE-BB","00+",2022-04-28,2022-04-23,"-5 day ahead inc hosp","quantile",0.975,271,"COVID-19"
"DE-BB","00+",2022-04-28,2022-04-22,"-6 day ahead inc hosp","mean",NA,165,"COVID-19"
"DE-BB","00+",2022-04-28,2022-04-22,"-6 day ahead inc hosp","quantile",0.025,132,"COVID-19"
"DE-BB","00+",2022-04-28,2022-04-22,"-6 day ahead inc hosp","quantile",0.1,137,"COVID-19"
"DE-BB","00+",2022-04-28,2022-04-22,"-6 day ahead inc hosp","quantile",0.25,146,"COVID-19"
"DE-BB","00+",2022-04-28,2022-04-22,"-6 day ahead inc hosp","quantile",0.5,159,"COVID-19"
"DE-BB","00+",2022-04-28,2022-04-22,"-6 day ahead inc hosp","quantile",0.75,178,"COVID-19"
"DE-BB","00+",2022-04-28,2022-04-22,"-6 day ahead inc hosp","quantile",0.9,199,"COVID-19"
"DE-BB","00+",2022-04-28,2022-04-22,"-6 day ahead inc hosp","quantile",0.975,229,"COVID-19"
"DE-BB","00+",2022-04-28,2022-04-21,"-7 day ahead inc hosp","mean",NA,160,"COVID-19"
"DE-BB","00+",2022-04-28,2022-04-21,"-7 day ahead inc hosp","quantile",0.025,131,"COVID-19"
"DE-BB","00+",2022-04-28,2022-04-21,"-7 day ahead inc hosp","quantile",0.1,136,"COVID-19"
"DE-BB","00+",2022-04-28,2022-04-21,"-7 day ahead inc hosp","quantile",0.25,143,"COVID-19"
"DE-BB","00+",2022-04-28,2022-04-21,"-7 day ahead inc hosp","quantile",0.5,155,"COVID-19"
"DE-BB","00+",2022-04-28,2022-04-21,"-7 day ahead inc hosp","quantile",0.75,171,"COVID-19"
"DE-BB","00+",2022-04-28,2022-04-21,"-7 day ahead inc hosp","quantile",0.9,190,"COVID-19"
"DE-BB","00+",2022-04-28,2022-04-21,"-7 day ahead inc hosp","quantile",0.975,217,"COVID-19"
"DE-BB","00+",2022-04-28,2022-04-20,"-8 day ahead inc hosp","mean",NA,146,"COVID-19"
"DE-BB","00+",2022-04-28,2022-04-20,"-8 day ahead inc hosp","quantile",0.025,122,"COVID-19"
"DE-BB","00+",2022-04-28,2022-04-20,"-8 day ahead inc hosp","quantile",0.1,126,"COVID-19"
"DE-BB","00+",2022-04-28,2022-04-20,"-8 day ahead inc hosp","quantile",0.25,132,"COVID-19"
"DE-BB","00+",2022-04-28,2022-04-20,"-8 day ahead inc hosp","quantile",0.5,141,"COVID-19"
"DE-BB","00+",2022-04-28,2022-04-20,"-8 day ahead inc hosp","quantile",0.75,155,"COVID-19"
"DE-BB","00+",2022-04-28,2022-04-20,"-8 day ahead inc hosp","quantile",0.9,171,"COVID-19"
"DE-BB","00+",2022-04-28,2022-04-20,"-8 day ahead inc hosp","quantile",0.975,193,"COVID-19"
"DE-BB","00+",2022-04-28,2022-04-19,"-9 day ahead inc hosp","mean",NA,115,"COVID-19"
"DE-BB","00+",2022-04-28,2022-04-19,"-9 day ahead inc hosp","quantile",0.025,100,"COVID-19"
"DE-BB","00+",2022-04-28,2022-04-19,"-9 day ahead inc hosp","quantile",0.1,103,"COVID-19"
"DE-BB","00+",2022-04-28,2022-04-19,"-9 day ahead inc hosp","quantile",0.25,106,"COVID-19"
"DE-BB","00+",2022-04-28,2022-04-19,"-9 day ahead inc hosp","quantile",0.5,112,"COVID-19"
"DE-BB","00+",2022-04-28,2022-04-19,"-9 day ahead inc hosp","quantile",0.75,121,"COVID-19"
"DE-BB","00+",2022-04-28,2022-04-19,"-9 day ahead inc hosp","quantile",0.9,131,"COVID-19"
"DE-BB","00+",2022-04-28,2022-04-19,"-9 day ahead inc hosp","quantile",0.975,145,"COVID-19"
"DE-BB","00+",2022-04-28,2022-04-18,"-10 day ahead inc hosp","mean",NA,163,"COVID-19"
"DE-BB","00+",2022-04-28,2022-04-18,"-10 day ahead inc hosp","quantile",0.025,144,"COVID-19"
"DE-BB","00+",2022-04-28,2022-04-18,"-10 day ahead inc hosp","quantile",0.1,147,"COVID-19"
"DE-BB","00+",2022-04-28,2022-04-18,"-10 day ahead inc hosp","quantile",0.25,152,"COVID-19"
"DE-BB","00+",2022-04-28,2022-04-18,"-10 day ahead inc hosp","quantile",0.5,160,"COVID-19"
"DE-BB","00+",2022-04-28,2022-04-18,"-10 day ahead inc hosp","quantile",0.75,171,"COVID-19"
"DE-BB","00+",2022-04-28,2022-04-18,"-10 day ahead inc hosp","quantile",0.9,184,"COVID-19"
"DE-BB","00+",2022-04-28,2022-04-18,"-10 day ahead inc hosp","quantile",0.975,203,"COVID-19"
"DE-BB","00+",2022-04-28,2022-04-17,"-11 day ahead inc hosp","mean",NA,166,"COVID-19"
"DE-BB","00+",2022-04-28,2022-04-17,"-11 day ahead inc hosp","quantile",0.025,147,"COVID-19"
"DE-BB","00+",2022-04-28,2022-04-17,"-11 day ahead inc hosp","quantile",0.1,150,"COVID-19"
"DE-BB","00+",2022-04-28,2022-04-17,"-11 day ahead inc hosp","quantile",0.25,155,"COVID-19"
"DE-BB","00+",2022-04-28,2022-04-17,"-11 day ahead inc hosp","quantile",0.5,163,"COVID-19"
"DE-BB","00+",2022-04-28,2022-04-17,"-11 day ahead inc hosp","quantile",0.75,174,"COVID-19"
"DE-BB","00+",2022-04-28,2022-04-17,"-11 day ahead inc hosp","quantile",0.9,188,"COVID-19"
"DE-BB","00+",2022-04-28,2022-04-17,"-11 day ahead inc hosp","quantile",0.975,207,"COVID-19"
"DE-BB","00+",2022-04-28,2022-04-16,"-12 day ahead inc hosp","mean",NA,171,"COVID-19"
"DE-BB","00+",2022-04-28,2022-04-16,"-12 day ahead inc hosp","quantile",0.025,150,"COVID-19"
"DE-BB","00+",2022-04-28,2022-04-16,"-12 day ahead inc hosp","quantile",0.1,154,"COVID-19"
"DE-BB","00+",2022-04-28,2022-04-16,"-12 day ahead inc hosp","quantile",0.25,158,"COVID-19"
"DE-BB","00+",2022-04-28,2022-04-16,"-12 day ahead inc hosp","quantile",0.5,167,"COVID-19"
"DE-BB","00+",2022-04-28,2022-04-16,"-12 day ahead inc hosp","quantile",0.75,179,"COVID-19"
"DE-BB","00+",2022-04-28,2022-04-16,"-12 day ahead inc hosp","quantile",0.9,193,"COVID-19"
"DE-BB","00+",2022-04-28,2022-04-16,"-12 day ahead inc hosp","quantile",0.975,213,"COVID-19"
"DE-BB","00+",2022-04-28,2022-04-15,"-13 day ahead inc hosp","mean",NA,197,"COVID-19"
"DE-BB","00+",2022-04-28,2022-04-15,"-13 day ahead inc hosp","quantile",0.025,174,"COVID-19"
"DE-BB","00+",2022-04-28,2022-04-15,"-13 day ahead inc hosp","quantile",0.1,178,"COVID-19"
"DE-BB","00+",2022-04-28,2022-04-15,"-13 day ahead inc hosp","quantile",0.25,183,"COVID-19"
"DE-BB","00+",2022-04-28,2022-04-15,"-13 day ahead inc hosp","quantile",0.5,192,"COVID-19"
"DE-BB","00+",2022-04-28,2022-04-15,"-13 day ahead inc hosp","quantile",0.75,206,"COVID-19"
"DE-BB","00+",2022-04-28,2022-04-15,"-13 day ahead inc hosp","quantile",0.9,222,"COVID-19"
"DE-BB","00+",2022-04-28,2022-04-15,"-13 day ahead inc hosp","quantile",0.975,245,"COVID-19"
"DE-BB","00+",2022-04-28,2022-04-14,"-14 day ahead inc hosp","mean",NA,199,"COVID-19"
"DE-BB","00+",2022-04-28,2022-04-14,"-14 day ahead inc hosp","quantile",0.025,178,"COVID-19"
"DE-BB","00+",2022-04-28,2022-04-14,"-14 day ahead inc hosp","quantile",0.1,181,"COVID-19"
"DE-BB","00+",2022-04-28,2022-04-14,"-14 day ahead inc hosp","quantile",0.25,186,"COVID-19"
"DE-BB","00+",2022-04-28,2022-04-14,"-14 day ahead inc hosp","quantile",0.5,195,"COVID-19"
"DE-BB","00+",2022-04-28,2022-04-14,"-14 day ahead inc hosp","quantile",0.75,208,"COVID-19"
"DE-BB","00+",2022-04-28,2022-04-14,"-14 day ahead inc hosp","quantile",0.9,223,"COVID-19"
"DE-BB","00+",2022-04-28,2022-04-14,"-14 day ahead inc hosp","quantile",0.975,245,"COVID-19"
"DE-BB","00+",2022-04-28,2022-04-13,"-15 day ahead inc hosp","mean",NA,198,"COVID-19"
"DE-BB","00+",2022-04-28,2022-04-13,"-15 day ahead inc hosp","quantile",0.025,178,"COVID-19"
"DE-BB","00+",2022-04-28,2022-04-13,"-15 day ahead inc hosp","quantile",0.1,181,"COVID-19"
"DE-BB","00+",2022-04-28,2022-04-13,"-15 day ahead inc hosp","quantile",0.25,185,"COVID-19"
"DE-BB","00+",2022-04-28,2022-04-13,"-15 day ahead inc hosp","quantile",0.5,193,"COVID-19"
"DE-BB","00+",2022-04-28,2022-04-13,"-15 day ahead inc hosp","quantile",0.75,205,"COVID-19"
"DE-BB","00+",2022-04-28,2022-04-13,"-15 day ahead inc hosp","quantile",0.9,220,"COVID-19"
"DE-BB","00+",2022-04-28,2022-04-13,"-15 day ahead inc hosp","quantile",0.975,242,"COVID-19"
"DE-BB","00+",2022-04-28,2022-04-12,"-16 day ahead inc hosp","mean",NA,194,"COVID-19"
"DE-BB","00+",2022-04-28,2022-04-12,"-16 day ahead inc hosp","quantile",0.025,177,"COVID-19"
"DE-BB","00+",2022-04-28,2022-04-12,"-16 day ahead inc hosp","quantile",0.1,179,"COVID-19"
"DE-BB","00+",2022-04-28,2022-04-12,"-16 day ahead inc hosp","quantile",0.25,183,"COVID-19"
"DE-BB","00+",2022-04-28,2022-04-12,"-16 day ahead inc hosp","quantile",0.5,190,"COVID-19"
"DE-BB","00+",2022-04-28,2022-04-12,"-16 day ahead inc hosp","quantile",0.75,201,"COVID-19"
"DE-BB","00+",2022-04-28,2022-04-12,"-16 day ahead inc hosp","quantile",0.9,215,"COVID-19"
"DE-BB","00+",2022-04-28,2022-04-12,"-16 day ahead inc hosp","quantile",0.975,234,"COVID-19"
"DE-BB","00+",2022-04-28,2022-04-11,"-17 day ahead inc hosp","mean",NA,202,"COVID-19"
"DE-BB","00+",2022-04-28,2022-04-11,"-17 day ahead inc hosp","quantile",0.025,186,"COVID-19"
"DE-BB","00+",2022-04-28,2022-04-11,"-17 day ahead inc hosp","quantile",0.1,188,"COVID-19"
"DE-BB","00+",2022-04-28,2022-04-11,"-17 day ahead inc hosp","quantile",0.25,191,"COVID-19"
"DE-BB","00+",2022-04-28,2022-04-11,"-17 day ahead inc hosp","quantile",0.5,198,"COVID-19"
"DE-BB","00+",2022-04-28,2022-04-11,"-17 day ahead inc hosp","quantile",0.75,208,"COVID-19"
"DE-BB","00+",2022-04-28,2022-04-11,"-17 day ahead inc hosp","quantile",0.9,221,"COVID-19"
"DE-BB","00+",2022-04-28,2022-04-11,"-17 day ahead inc hosp","quantile",0.975,239,"COVID-19"
"DE-BB","00+",2022-04-28,2022-04-10,"-18 day ahead inc hosp","mean",NA,205,"COVID-19"
"DE-BB","00+",2022-04-28,2022-04-10,"-18 day ahead inc hosp","quantile",0.025,188,"COVID-19"
"DE-BB","00+",2022-04-28,2022-04-10,"-18 day ahead inc hosp","quantile",0.1,191,"COVID-19"
"DE-BB","00+",2022-04-28,2022-04-10,"-18 day ahead inc hosp","quantile",0.25,194,"COVID-19"
"DE-BB","00+",2022-04-28,2022-04-10,"-18 day ahead inc hosp","quantile",0.5,201,"COVID-19"
"DE-BB","00+",2022-04-28,2022-04-10,"-18 day ahead inc hosp","quantile",0.75,211,"COVID-19"
"DE-BB","00+",2022-04-28,2022-04-10,"-18 day ahead inc hosp","quantile",0.9,224,"COVID-19"
"DE-BB","00+",2022-04-28,2022-04-10,"-18 day ahead inc hosp","quantile",0.975,242,"COVID-19"
"DE-BB","00+",2022-04-28,2022-04-09,"-19 day ahead inc hosp","mean",NA,204,"COVID-19"
"DE-BB","00+",2022-04-28,2022-04-09,"-19 day ahead inc hosp","quantile",0.025,188,"COVID-19"
"DE-BB","00+",2022-04-28,2022-04-09,"-19 day ahead inc hosp","quantile",0.1,190,"COVID-19"
"DE-BB","00+",2022-04-28,2022-04-09,"-19 day ahead inc hosp","quantile",0.25,194,"COVID-19"
"DE-BB","00+",2022-04-28,2022-04-09,"-19 day ahead inc hosp","quantile",0.5,201,"COVID-19"
"DE-BB","00+",2022-04-28,2022-04-09,"-19 day ahead inc hosp","quantile",0.75,211,"COVID-19"
"DE-BB","00+",2022-04-28,2022-04-09,"-19 day ahead inc hosp","quantile",0.9,223,"COVID-19"
"DE-BB","00+",2022-04-28,2022-04-09,"-19 day ahead inc hosp","quantile",0.975,242,"COVID-19"
"DE-BB","00+",2022-04-28,2022-04-08,"-20 day ahead inc hosp","mean",NA,205,"COVID-19"
"DE-BB","00+",2022-04-28,2022-04-08,"-20 day ahead inc hosp","quantile",0.025,189,"COVID-19"
"DE-BB","00+",2022-04-28,2022-04-08,"-20 day ahead inc hosp","quantile",0.1,191,"COVID-19"
"DE-BB","00+",2022-04-28,2022-04-08,"-20 day ahead inc hosp","quantile",0.25,195,"COVID-19"
"DE-BB","00+",2022-04-28,2022-04-08,"-20 day ahead inc hosp","quantile",0.5,201,"COVID-19"
"DE-BB","00+",2022-04-28,2022-04-08,"-20 day ahead inc hosp","quantile",0.75,211,"COVID-19"
"DE-BB","00+",2022-04-28,2022-04-08,"-20 day ahead inc hosp","quantile",0.9,223,"COVID-19"
"DE-BB","00+",2022-04-28,2022-04-08,"-20 day ahead inc hosp","quantile",0.975,240,"COVID-19"
"DE-BB","00+",2022-04-28,2022-04-07,"-21 day ahead inc hosp","mean",NA,218,"COVID-19"
"DE-BB","00+",2022-04-28,2022-04-07,"-21 day ahead inc hosp","quantile",0.025,203,"COVID-19"
"DE-BB","00+",2022-04-28,2022-04-07,"-21 day ahead inc hosp","quantile",0.1,205,"COVID-19"
"DE-BB","00+",2022-04-28,2022-04-07,"-21 day ahead inc hosp","quantile",0.25,209,"COVID-19"
"DE-BB","00+",2022-04-28,2022-04-07,"-21 day ahead inc hosp","quantile",0.5,215,"COVID-19"
"DE-BB","00+",2022-04-28,2022-04-07,"-21 day ahead inc hosp","quantile",0.75,224,"COVID-19"
"DE-BB","00+",2022-04-28,2022-04-07,"-21 day ahead inc hosp","quantile",0.9,236,"COVID-19"
"DE-BB","00+",2022-04-28,2022-04-07,"-21 day ahead inc hosp","quantile",0.975,254,"COVID-19"
"DE-BB","00+",2022-04-28,2022-04-06,"-22 day ahead inc hosp","mean",NA,225,"COVID-19"
"DE-BB","00+",2022-04-28,2022-04-06,"-22 day ahead inc hosp","quantile",0.025,210,"COVID-19"
"DE-BB","00+",2022-04-28,2022-04-06,"-22 day ahead inc hosp","quantile",0.1,212,"COVID-19"
"DE-BB","00+",2022-04-28,2022-04-06,"-22 day ahead inc hosp","quantile",0.25,215,"COVID-19"
"DE-BB","00+",2022-04-28,2022-04-06,"-22 day ahead inc hosp","quantile",0.5,222,"COVID-19"
"DE-BB","00+",2022-04-28,2022-04-06,"-22 day ahead inc hosp","quantile",0.75,231,"COVID-19"
"DE-BB","00+",2022-04-28,2022-04-06,"-22 day ahead inc hosp","quantile",0.9,243,"COVID-19"
"DE-BB","00+",2022-04-28,2022-04-06,"-22 day ahead inc hosp","quantile",0.975,260,"COVID-19"
"DE-BB","00+",2022-04-28,2022-04-05,"-23 day ahead inc hosp","mean",NA,256,"COVID-19"
"DE-BB","00+",2022-04-28,2022-04-05,"-23 day ahead inc hosp","quantile",0.025,241,"COVID-19"
"DE-BB","00+",2022-04-28,2022-04-05,"-23 day ahead inc hosp","quantile",0.1,243,"COVID-19"
"DE-BB","00+",2022-04-28,2022-04-05,"-23 day ahead inc hosp","quantile",0.25,246,"COVID-19"
"DE-BB","00+",2022-04-28,2022-04-05,"-23 day ahead inc hosp","quantile",0.5,253,"COVID-19"
"DE-BB","00+",2022-04-28,2022-04-05,"-23 day ahead inc hosp","quantile",0.75,262,"COVID-19"
"DE-BB","00+",2022-04-28,2022-04-05,"-23 day ahead inc hosp","quantile",0.9,274,"COVID-19"
"DE-BB","00+",2022-04-28,2022-04-05,"-23 day ahead inc hosp","quantile",0.975,291,"COVID-19"
"DE-BB","00+",2022-04-28,2022-04-04,"-24 day ahead inc hosp","mean",NA,266,"COVID-19"
"DE-BB","00+",2022-04-28,2022-04-04,"-24 day ahead inc hosp","quantile",0.025,252,"COVID-19"
"DE-BB","00+",2022-04-28,2022-04-04,"-24 day ahead inc hosp","quantile",0.1,254,"COVID-19"
"DE-BB","00+",2022-04-28,2022-04-04,"-24 day ahead inc hosp","quantile",0.25,257,"COVID-19"
"DE-BB","00+",2022-04-28,2022-04-04,"-24 day ahead inc hosp","quantile",0.5,262,"COVID-19"
"DE-BB","00+",2022-04-28,2022-04-04,"-24 day ahead inc hosp","quantile",0.75,271,"COVID-19"
"DE-BB","00+",2022-04-28,2022-04-04,"-24 day ahead inc hosp","quantile",0.9,282,"COVID-19"
"DE-BB","00+",2022-04-28,2022-04-04,"-24 day ahead inc hosp","quantile",0.975,297,"COVID-19"
"DE-BB","00+",2022-04-28,2022-04-03,"-25 day ahead inc hosp","mean",NA,259,"COVID-19"
"DE-BB","00+",2022-04-28,2022-04-03,"-25 day ahead inc hosp","quantile",0.025,246,"COVID-19"
"DE-BB","00+",2022-04-28,2022-04-03,"-25 day ahead inc hosp","quantile",0.1,248,"COVID-19"
"DE-BB","00+",2022-04-28,2022-04-03,"-25 day ahead inc hosp","quantile",0.25,251,"COVID-19"
"DE-BB","00+",2022-04-28,2022-04-03,"-25 day ahead inc hosp","quantile",0.5,256,"COVID-19"
"DE-BB","00+",2022-04-28,2022-04-03,"-25 day ahead inc hosp","quantile",0.75,264,"COVID-19"
"DE-BB","00+",2022-04-28,2022-04-03,"-25 day ahead inc hosp","quantile",0.9,275,"COVID-19"
"DE-BB","00+",2022-04-28,2022-04-03,"-25 day ahead inc hosp","quantile",0.975,290,"COVID-19"
"DE-BB","00+",2022-04-28,2022-04-02,"-26 day ahead inc hosp","mean",NA,255,"COVID-19"
"DE-BB","00+",2022-04-28,2022-04-02,"-26 day ahead inc hosp","quantile",0.025,242,"COVID-19"
"DE-BB","00+",2022-04-28,2022-04-02,"-26 day ahead inc hosp","quantile",0.1,244,"COVID-19"
"DE-BB","00+",2022-04-28,2022-04-02,"-26 day ahead inc hosp","quantile",0.25,246,"COVID-19"
"DE-BB","00+",2022-04-28,2022-04-02,"-26 day ahead inc hosp","quantile",0.5,252,"COVID-19"
"DE-BB","00+",2022-04-28,2022-04-02,"-26 day ahead inc hosp","quantile",0.75,260,"COVID-19"
"DE-BB","00+",2022-04-28,2022-04-02,"-26 day ahead inc hosp","quantile",0.9,270,"COVID-19"
"DE-BB","00+",2022-04-28,2022-04-02,"-26 day ahead inc hosp","quantile",0.975,285,"COVID-19"
"DE-BB","00+",2022-04-28,2022-04-01,"-27 day ahead inc hosp","mean",NA,278,"COVID-19"
"DE-BB","00+",2022-04-28,2022-04-01,"-27 day ahead inc hosp","quantile",0.025,265,"COVID-19"
"DE-BB","00+",2022-04-28,2022-04-01,"-27 day ahead inc hosp","quantile",0.1,267,"COVID-19"
"DE-BB","00+",2022-04-28,2022-04-01,"-27 day ahead inc hosp","quantile",0.25,269,"COVID-19"
"DE-BB","00+",2022-04-28,2022-04-01,"-27 day ahead inc hosp","quantile",0.5,275,"COVID-19"
"DE-BB","00+",2022-04-28,2022-04-01,"-27 day ahead inc hosp","quantile",0.75,283,"COVID-19"
"DE-BB","00+",2022-04-28,2022-04-01,"-27 day ahead inc hosp","quantile",0.9,293,"COVID-19"
"DE-BB","00+",2022-04-28,2022-04-01,"-27 day ahead inc hosp","quantile",0.975,309,"COVID-19"
"DE-BB","00+",2022-04-28,2022-03-31,"-28 day ahead inc hosp","mean",NA,285,"COVID-19"
"DE-BB","00+",2022-04-28,2022-03-31,"-28 day ahead inc hosp","quantile",0.025,273,"COVID-19"
"DE-BB","00+",2022-04-28,2022-03-31,"-28 day ahead inc hosp","quantile",0.1,274,"COVID-19"
"DE-BB","00+",2022-04-28,2022-03-31,"-28 day ahead inc hosp","quantile",0.25,277,"COVID-19"
"DE-BB","00+",2022-04-28,2022-03-31,"-28 day ahead inc hosp","quantile",0.5,282,"COVID-19"
"DE-BB","00+",2022-04-28,2022-03-31,"-28 day ahead inc hosp","quantile",0.75,290,"COVID-19"
"DE-BB","00+",2022-04-28,2022-03-31,"-28 day ahead inc hosp","quantile",0.9,300,"COVID-19"
"DE-BB","00+",2022-04-28,2022-03-31,"-28 day ahead inc hosp","quantile",0.975,314,"COVID-19"
"DE-BE","00+",2022-04-28,2022-04-28,"0 day ahead inc hosp","mean",NA,108,"COVID-19"
"DE-BE","00+",2022-04-28,2022-04-28,"0 day ahead inc hosp","quantile",0.025,82,"COVID-19"
"DE-BE","00+",2022-04-28,2022-04-28,"0 day ahead inc hosp","quantile",0.1,90,"COVID-19"
"DE-BE","00+",2022-04-28,2022-04-28,"0 day ahead inc hosp","quantile",0.25,97,"COVID-19"
"DE-BE","00+",2022-04-28,2022-04-28,"0 day ahead inc hosp","quantile",0.5,106,"COVID-19"
"DE-BE","00+",2022-04-28,2022-04-28,"0 day ahead inc hosp","quantile",0.75,117,"COVID-19"
"DE-BE","00+",2022-04-28,2022-04-28,"0 day ahead inc hosp","quantile",0.9,128,"COVID-19"
"DE-BE","00+",2022-04-28,2022-04-28,"0 day ahead inc hosp","quantile",0.975,142,"COVID-19"
"DE-BE","00+",2022-04-28,2022-04-27,"-1 day ahead inc hosp","mean",NA,115,"COVID-19"
"DE-BE","00+",2022-04-28,2022-04-27,"-1 day ahead inc hosp","quantile",0.025,88,"COVID-19"
"DE-BE","00+",2022-04-28,2022-04-27,"-1 day ahead inc hosp","quantile",0.1,95,"COVID-19"
"DE-BE","00+",2022-04-28,2022-04-27,"-1 day ahead inc hosp","quantile",0.25,103,"COVID-19"
"DE-BE","00+",2022-04-28,2022-04-27,"-1 day ahead inc hosp","quantile",0.5,113,"COVID-19"
"DE-BE","00+",2022-04-28,2022-04-27,"-1 day ahead inc hosp","quantile",0.75,124,"COVID-19"
"DE-BE","00+",2022-04-28,2022-04-27,"-1 day ahead inc hosp","quantile",0.9,137,"COVID-19"
"DE-BE","00+",2022-04-28,2022-04-27,"-1 day ahead inc hosp","quantile",0.975,152,"COVID-19"
"DE-BE","00+",2022-04-28,2022-04-26,"-2 day ahead inc hosp","mean",NA,142,"COVID-19"
"DE-BE","00+",2022-04-28,2022-04-26,"-2 day ahead inc hosp","quantile",0.025,113,"COVID-19"
"DE-BE","00+",2022-04-28,2022-04-26,"-2 day ahead inc hosp","quantile",0.1,120,"COVID-19"
"DE-BE","00+",2022-04-28,2022-04-26,"-2 day ahead inc hosp","quantile",0.25,129,"COVID-19"
"DE-BE","00+",2022-04-28,2022-04-26,"-2 day ahead inc hosp","quantile",0.5,140,"COVID-19"
"DE-BE","00+",2022-04-28,2022-04-26,"-2 day ahead inc hosp","quantile",0.75,153,"COVID-19"
"DE-BE","00+",2022-04-28,2022-04-26,"-2 day ahead inc hosp","quantile",0.9,167,"COVID-19"
"DE-BE","00+",2022-04-28,2022-04-26,"-2 day ahead inc hosp","quantile",0.975,185,"COVID-19"
"DE-BE","00+",2022-04-28,2022-04-25,"-3 day ahead inc hosp","mean",NA,116,"COVID-19"
"DE-BE","00+",2022-04-28,2022-04-25,"-3 day ahead inc hosp","quantile",0.025,95,"COVID-19"
"DE-BE","00+",2022-04-28,2022-04-25,"-3 day ahead inc hosp","quantile",0.1,100,"COVID-19"
"DE-BE","00+",2022-04-28,2022-04-25,"-3 day ahead inc hosp","quantile",0.25,106,"COVID-19"
"DE-BE","00+",2022-04-28,2022-04-25,"-3 day ahead inc hosp","quantile",0.5,114,"COVID-19"
"DE-BE","00+",2022-04-28,2022-04-25,"-3 day ahead inc hosp","quantile",0.75,124,"COVID-19"
"DE-BE","00+",2022-04-28,2022-04-25,"-3 day ahead inc hosp","quantile",0.9,134,"COVID-19"
"DE-BE","00+",2022-04-28,2022-04-25,"-3 day ahead inc hosp","quantile",0.975,147,"COVID-19"
"DE-BE","00+",2022-04-28,2022-04-24,"-4 day ahead inc hosp","mean",NA,117,"COVID-19"
"DE-BE","00+",2022-04-28,2022-04-24,"-4 day ahead inc hosp","quantile",0.025,96,"COVID-19"
"DE-BE","00+",2022-04-28,2022-04-24,"-4 day ahead inc hosp","quantile",0.1,102,"COVID-19"
"DE-BE","00+",2022-04-28,2022-04-24,"-4 day ahead inc hosp","quantile",0.25,107,"COVID-19"
"DE-BE","00+",2022-04-28,2022-04-24,"-4 day ahead inc hosp","quantile",0.5,115,"COVID-19"
"DE-BE","00+",2022-04-28,2022-04-24,"-4 day ahead inc hosp","quantile",0.75,124,"COVID-19"
"DE-BE","00+",2022-04-28,2022-04-24,"-4 day ahead inc hosp","quantile",0.9,134,"COVID-19"
"DE-BE","00+",2022-04-28,2022-04-24,"-4 day ahead inc hosp","quantile",0.975,147,"COVID-19"
"DE-BE","00+",2022-04-28,2022-04-23,"-5 day ahead inc hosp","mean",NA,116,"COVID-19"
"DE-BE","00+",2022-04-28,2022-04-23,"-5 day ahead inc hosp","quantile",0.025,96,"COVID-19"
"DE-BE","00+",2022-04-28,2022-04-23,"-5 day ahead inc hosp","quantile",0.1,101,"COVID-19"
"DE-BE","00+",2022-04-28,2022-04-23,"-5 day ahead inc hosp","quantile",0.25,107,"COVID-19"
"DE-BE","00+",2022-04-28,2022-04-23,"-5 day ahead inc hosp","quantile",0.5,114,"COVID-19"
"DE-BE","00+",2022-04-28,2022-04-23,"-5 day ahead inc hosp","quantile",0.75,123,"COVID-19"
"DE-BE","00+",2022-04-28,2022-04-23,"-5 day ahead inc hosp","quantile",0.9,133,"COVID-19"
"DE-BE","00+",2022-04-28,2022-04-23,"-5 day ahead inc hosp","quantile",0.975,145,"COVID-19"
"DE-BE","00+",2022-04-28,2022-04-22,"-6 day ahead inc hosp","mean",NA,106,"COVID-19"
"DE-BE","00+",2022-04-28,2022-04-22,"-6 day ahead inc hosp","quantile",0.025,89,"COVID-19"
"DE-BE","00+",2022-04-28,2022-04-22,"-6 day ahead inc hosp","quantile",0.1,93,"COVID-19"
"DE-BE","00+",2022-04-28,2022-04-22,"-6 day ahead inc hosp","quantile",0.25,98,"COVID-19"
"DE-BE","00+",2022-04-28,2022-04-22,"-6 day ahead inc hosp","quantile",0.5,104,"COVID-19"
"DE-BE","00+",2022-04-28,2022-04-22,"-6 day ahead inc hosp","quantile",0.75,112,"COVID-19"
"DE-BE","00+",2022-04-28,2022-04-22,"-6 day ahead inc hosp","quantile",0.9,120,"COVID-19"
"DE-BE","00+",2022-04-28,2022-04-22,"-6 day ahead inc hosp","quantile",0.975,131,"COVID-19"
"DE-BE","00+",2022-04-28,2022-04-21,"-7 day ahead inc hosp","mean",NA,113,"COVID-19"
"DE-BE","00+",2022-04-28,2022-04-21,"-7 day ahead inc hosp","quantile",0.025,96,"COVID-19"
"DE-BE","00+",2022-04-28,2022-04-21,"-7 day ahead inc hosp","quantile",0.1,100,"COVID-19"
"DE-BE","00+",2022-04-28,2022-04-21,"-7 day ahead inc hosp","quantile",0.25,105,"COVID-19"
"DE-BE","00+",2022-04-28,2022-04-21,"-7 day ahead inc hosp","quantile",0.5,111,"COVID-19"
"DE-BE","00+",2022-04-28,2022-04-21,"-7 day ahead inc hosp","quantile",0.75,119,"COVID-19"
"DE-BE","00+",2022-04-28,2022-04-21,"-7 day ahead inc hosp","quantile",0.9,127,"COVID-19"
"DE-BE","00+",2022-04-28,2022-04-21,"-7 day ahead inc hosp","quantile",0.975,137,"COVID-19"
"DE-BE","00+",2022-04-28,2022-04-20,"-8 day ahead inc hosp","mean",NA,108,"COVID-19"
"DE-BE","00+",2022-04-28,2022-04-20,"-8 day ahead inc hosp","quantile",0.025,93,"COVID-19"
"DE-BE","00+",2022-04-28,2022-04-20,"-8 day ahead inc hosp","quantile",0.1,97,"COVID-19"
"DE-BE","00+",2022-04-28,2022-04-20,"-8 day ahead inc hosp","quantile",0.25,101,"COVID-19"
"DE-BE","00+",2022-04-28,2022-04-20,"-8 day ahead inc hosp","quantile",0.5,107,"COVID-19"
"DE-BE","00+",2022-04-28,2022-04-20,"-8 day ahead inc hosp","quantile",0.75,114,"COVID-19"
"DE-BE","00+",2022-04-28,2022-04-20,"-8 day ahead inc hosp","quantile",0.9,121,"COVID-19"
"DE-BE","00+",2022-04-28,2022-04-20,"-8 day ahead inc hosp","quantile",0.975,130,"COVID-19"
"DE-BE","00+",2022-04-28,2022-04-19,"-9 day ahead inc hosp","mean",NA,104,"COVID-19"
"DE-BE","00+",2022-04-28,2022-04-19,"-9 day ahead inc hosp","quantile",0.025,91,"COVID-19"
"DE-BE","00+",2022-04-28,2022-04-19,"-9 day ahead inc hosp","quantile",0.1,94,"COVID-19"
"DE-BE","00+",2022-04-28,2022-04-19,"-9 day ahead inc hosp","quantile",0.25,98,"COVID-19"
"DE-BE","00+",2022-04-28,2022-04-19,"-9 day ahead inc hosp","quantile",0.5,103,"COVID-19"
"DE-BE","00+",2022-04-28,2022-04-19,"-9 day ahead inc hosp","quantile",0.75,108,"COVID-19"
"DE-BE","00+",2022-04-28,2022-04-19,"-9 day ahead inc hosp","quantile",0.9,114,"COVID-19"
"DE-BE","00+",2022-04-28,2022-04-19,"-9 day ahead inc hosp","quantile",0.975,122,"COVID-19"
"DE-BE","00+",2022-04-28,2022-04-18,"-10 day ahead inc hosp","mean",NA,127,"COVID-19"
"DE-BE","00+",2022-04-28,2022-04-18,"-10 day ahead inc hosp","quantile",0.025,113,"COVID-19"
"DE-BE","00+",2022-04-28,2022-04-18,"-10 day ahead inc hosp","quantile",0.1,117,"COVID-19"
"DE-BE","00+",2022-04-28,2022-04-18,"-10 day ahead inc hosp","quantile",0.25,121,"COVID-19"
"DE-BE","00+",2022-04-28,2022-04-18,"-10 day ahead inc hosp","quantile",0.5,126,"COVID-19"
"DE-BE","00+",2022-04-28,2022-04-18,"-10 day ahead inc hosp","quantile",0.75,132,"COVID-19"
"DE-BE","00+",2022-04-28,2022-04-18,"-10 day ahead inc hosp","quantile",0.9,139,"COVID-19"
"DE-BE","00+",2022-04-28,2022-04-18,"-10 day ahead inc hosp","quantile",0.975,148,"COVID-19"
"DE-BE","00+",2022-04-28,2022-04-17,"-11 day ahead inc hosp","mean",NA,128,"COVID-19"
"DE-BE","00+",2022-04-28,2022-04-17,"-11 day ahead inc hosp","quantile",0.025,114,"COVID-19"
"DE-BE","00+",2022-04-28,2022-04-17,"-11 day ahead inc hosp","quantile",0.1,117,"COVID-19"
"DE-BE","00+",2022-04-28,2022-04-17,"-11 day ahead inc hosp","quantile",0.25,121,"COVID-19"
"DE-BE","00+",2022-04-28,2022-04-17,"-11 day ahead inc hosp","quantile",0.5,126,"COVID-19"
"DE-BE","00+",2022-04-28,2022-04-17,"-11 day ahead inc hosp","quantile",0.75,133,"COVID-19"
"DE-BE","00+",2022-04-28,2022-04-17,"-11 day ahead inc hosp","quantile",0.9,140,"COVID-19"
"DE-BE","00+",2022-04-28,2022-04-17,"-11 day ahead inc hosp","quantile",0.975,149,"COVID-19"
"DE-BE","00+",2022-04-28,2022-04-16,"-12 day ahead inc hosp","mean",NA,124,"COVID-19"
"DE-BE","00+",2022-04-28,2022-04-16,"-12 day ahead inc hosp","quantile",0.025,110,"COVID-19"
"DE-BE","00+",2022-04-28,2022-04-16,"-12 day ahead inc hosp","quantile",0.1,114,"COVID-19"
"DE-BE","00+",2022-04-28,2022-04-16,"-12 day ahead inc hosp","quantile",0.25,117,"COVID-19"
"DE-BE","00+",2022-04-28,2022-04-16,"-12 day ahead inc hosp","quantile",0.5,123,"COVID-19"
"DE-BE","00+",2022-04-28,2022-04-16,"-12 day ahead inc hosp","quantile",0.75,129,"COVID-19"
"DE-BE","00+",2022-04-28,2022-04-16,"-12 day ahead inc hosp","quantile",0.9,136,"COVID-19"
"DE-BE","00+",2022-04-28,2022-04-16,"-12 day ahead inc hosp","quantile",0.975,145,"COVID-19"
"DE-BE","00+",2022-04-28,2022-04-15,"-13 day ahead inc hosp","mean",NA,154,"COVID-19"
"DE-BE","00+",2022-04-28,2022-04-15,"-13 day ahead inc hosp","quantile",0.025,138,"COVID-19"
"DE-BE","00+",2022-04-28,2022-04-15,"-13 day ahead inc hosp","quantile",0.1,142,"COVID-19"
"DE-BE","00+",2022-04-28,2022-04-15,"-13 day ahead inc hosp","quantile",0.25,146,"COVID-19"
"DE-BE","00+",2022-04-28,2022-04-15,"-13 day ahead inc hosp","quantile",0.5,152,"COVID-19"
"DE-BE","00+",2022-04-28,2022-04-15,"-13 day ahead inc hosp","quantile",0.75,160,"COVID-19"
"DE-BE","00+",2022-04-28,2022-04-15,"-13 day ahead inc hosp","quantile",0.9,168,"COVID-19"
"DE-BE","00+",2022-04-28,2022-04-15,"-13 day ahead inc hosp","quantile",0.975,179,"COVID-19"
"DE-BE","00+",2022-04-28,2022-04-14,"-14 day ahead inc hosp","mean",NA,161,"COVID-19"
"DE-BE","00+",2022-04-28,2022-04-14,"-14 day ahead inc hosp","quantile",0.025,145,"COVID-19"
"DE-BE","00+",2022-04-28,2022-04-14,"-14 day ahead inc hosp","quantile",0.1,149,"COVID-19"
"DE-BE","00+",2022-04-28,2022-04-14,"-14 day ahead inc hosp","quantile",0.25,153,"COVID-19"
"DE-BE","00+",2022-04-28,2022-04-14,"-14 day ahead inc hosp","quantile",0.5,159,"COVID-19"
"DE-BE","00+",2022-04-28,2022-04-14,"-14 day ahead inc hosp","quantile",0.75,167,"COVID-19"
"DE-BE","00+",2022-04-28,2022-04-14,"-14 day ahead inc hosp","quantile",0.9,175,"COVID-19"
"DE-BE","00+",2022-04-28,2022-04-14,"-14 day ahead inc hosp","quantile",0.975,186,"COVID-19"
"DE-BE","00+",2022-04-28,2022-04-13,"-15 day ahead inc hosp","mean",NA,171,"COVID-19"
"DE-BE","00+",2022-04-28,2022-04-13,"-15 day ahead inc hosp","quantile",0.025,155,"COVID-19"
"DE-BE","00+",2022-04-28,2022-04-13,"-15 day ahead inc hosp","quantile",0.1,159,"COVID-19"
"DE-BE","00+",2022-04-28,2022-04-13,"-15 day ahead inc hosp","quantile",0.25,163,"COVID-19"
"DE-BE","00+",2022-04-28,2022-04-13,"-15 day ahead inc hosp","quantile",0.5,169,"COVID-19"
"DE-BE","00+",2022-04-28,2022-04-13,"-15 day ahead inc hosp","quantile",0.75,177,"COVID-19"
"DE-BE","00+",2022-04-28,2022-04-13,"-15 day ahead inc hosp","quantile",0.9,186,"COVID-19"
"DE-BE","00+",2022-04-28,2022-04-13,"-15 day ahead inc hosp","quantile",0.975,197,"COVID-19"
"DE-BE","00+",2022-04-28,2022-04-12,"-16 day ahead inc hosp","mean",NA,167,"COVID-19"
"DE-BE","00+",2022-04-28,2022-04-12,"-16 day ahead inc hosp","quantile",0.025,152,"COVID-19"
"DE-BE","00+",2022-04-28,2022-04-12,"-16 day ahead inc hosp","quantile",0.1,156,"COVID-19"
"DE-BE","00+",2022-04-28,2022-04-12,"-16 day ahead inc hosp","quantile",0.25,160,"COVID-19"
"DE-BE","00+",2022-04-28,2022-04-12,"-16 day ahead inc hosp","quantile",0.5,165,"COVID-19"
"DE-BE","00+",2022-04-28,2022-04-12,"-16 day ahead inc hosp","quantile",0.75,173,"COVID-19"
"DE-BE","00+",2022-04-28,2022-04-12,"-16 day ahead inc hosp","quantile",0.9,181,"COVID-19"
"DE-BE","00+",2022-04-28,2022-04-12,"-16 day ahead inc hosp","quantile",0.975,191,"COVID-19"
"DE-BE","00+",2022-04-28,2022-04-11,"-17 day ahead inc hosp","mean",NA,169,"COVID-19"
"DE-BE","00+",2022-04-28,2022-04-11,"-17 day ahead inc hosp","quantile",0.025,155,"COVID-19"
"DE-BE","00+",2022-04-28,2022-04-11,"-17 day ahead inc hosp","quantile",0.1,158,"COVID-19"
"DE-BE","00+",2022-04-28,2022-04-11,"-17 day ahead inc hosp","quantile",0.25,162,"COVID-19"
"DE-BE","00+",2022-04-28,2022-04-11,"-17 day ahead inc hosp","quantile",0.5,167,"COVID-19"
"DE-BE","00+",2022-04-28,2022-04-11,"-17 day ahead inc hosp","quantile",0.75,174,"COVID-19"
"DE-BE","00+",2022-04-28,2022-04-11,"-17 day ahead inc hosp","quantile",0.9,182,"COVID-19"
"DE-BE","00+",2022-04-28,2022-04-11,"-17 day ahead inc hosp","quantile",0.975,192,"COVID-19"
"DE-BE","00+",2022-04-28,2022-04-10,"-18 day ahead inc hosp","mean",NA,164,"COVID-19"
"DE-BE","00+",2022-04-28,2022-04-10,"-18 day ahead inc hosp","quantile",0.025,151,"COVID-19"
"DE-BE","00+",2022-04-28,2022-04-10,"-18 day ahead inc hosp","quantile",0.1,153,"COVID-19"
"DE-BE","00+",2022-04-28,2022-04-10,"-18 day ahead inc hosp","quantile",0.25,157,"COVID-19"
"DE-BE","00+",2022-04-28,2022-04-10,"-18 day ahead inc hosp","quantile",0.5,162,"COVID-19"
"DE-BE","00+",2022-04-28,2022-04-10,"-18 day ahead inc hosp","quantile",0.75,169,"COVID-19"
"DE-BE","00+",2022-04-28,2022-04-10,"-18 day ahead inc hosp","quantile",0.9,177,"COVID-19"
"DE-BE","00+",2022-04-28,2022-04-10,"-18 day ahead inc hosp","quantile",0.975,187,"COVID-19"
"DE-BE","00+",2022-04-28,2022-04-09,"-19 day ahead inc hosp","mean",NA,168,"COVID-19"
"DE-BE","00+",2022-04-28,2022-04-09,"-19 day ahead inc hosp","quantile",0.025,155,"COVID-19"
"DE-BE","00+",2022-04-28,2022-04-09,"-19 day ahead inc hosp","quantile",0.1,157,"COVID-19"
"DE-BE","00+",2022-04-28,2022-04-09,"-19 day ahead inc hosp","quantile",0.25,161,"COVID-19"
"DE-BE","00+",2022-04-28,2022-04-09,"-19 day ahead inc hosp","quantile",0.5,167,"COVID-19"
"DE-BE","00+",2022-04-28,2022-04-09,"-19 day ahead inc hosp","quantile",0.75,174,"COVID-19"
"DE-BE","00+",2022-04-28,2022-04-09,"-19 day ahead inc hosp","quantile",0.9,182,"COVID-19"
"DE-BE","00+",2022-04-28,2022-04-09,"-19 day ahead inc hosp","quantile",0.975,193,"COVID-19"
"DE-BE","00+",2022-04-28,2022-04-08,"-20 day ahead inc hosp","mean",NA,151,"COVID-19"
"DE-BE","00+",2022-04-28,2022-04-08,"-20 day ahead inc hosp","quantile",0.025,139,"COVID-19"
"DE-BE","00+",2022-04-28,2022-04-08,"-20 day ahead inc hosp","quantile",0.1,141,"COVID-19"
"DE-BE","00+",2022-04-28,2022-04-08,"-20 day ahead inc hosp","quantile",0.25,144,"COVID-19"
"DE-BE","00+",2022-04-28,2022-04-08,"-20 day ahead inc hosp","quantile",0.5,149,"COVID-19"
"DE-BE","00+",2022-04-28,2022-04-08,"-20 day ahead inc hosp","quantile",0.75,155,"COVID-19"
"DE-BE","00+",2022-04-28,2022-04-08,"-20 day ahead inc hosp","quantile",0.9,162,"COVID-19"
"DE-BE","00+",2022-04-28,2022-04-08,"-20 day ahead inc hosp","quantile",0.975,171,"COVID-19"
"DE-BE","00+",2022-04-28,2022-04-07,"-21 day ahead inc hosp","mean",NA,150,"COVID-19"
"DE-BE","00+",2022-04-28,2022-04-07,"-21 day ahead inc hosp","quantile",0.025,140,"COVID-19"
"DE-BE","00+",2022-04-28,2022-04-07,"-21 day ahead inc hosp","quantile",0.1,142,"COVID-19"
"DE-BE","00+",2022-04-28,2022-04-07,"-21 day ahead inc hosp","quantile",0.25,144,"COVID-19"
"DE-BE","00+",2022-04-28,2022-04-07,"-21 day ahead inc hosp","quantile",0.5,149,"COVID-19"
"DE-BE","00+",2022-04-28,2022-04-07,"-21 day ahead inc hosp","quantile",0.75,154,"COVID-19"
"DE-BE","00+",2022-04-28,2022-04-07,"-21 day ahead inc hosp","quantile",0.9,161,"COVID-19"
"DE-BE","00+",2022-04-28,2022-04-07,"-21 day ahead inc hosp","quantile",0.975,169,"COVID-19"
"DE-BE","00+",2022-04-28,2022-04-06,"-22 day ahead inc hosp","mean",NA,148,"COVID-19"
"DE-BE","00+",2022-04-28,2022-04-06,"-22 day ahead inc hosp","quantile",0.025,138,"COVID-19"
"DE-BE","00+",2022-04-28,2022-04-06,"-22 day ahead inc hosp","quantile",0.1,140,"COVID-19"
"DE-BE","00+",2022-04-28,2022-04-06,"-22 day ahead inc hosp","quantile",0.25,143,"COVID-19"
"DE-BE","00+",2022-04-28,2022-04-06,"-22 day ahead inc hosp","quantile",0.5,147,"COVID-19"
"DE-BE","00+",2022-04-28,2022-04-06,"-22 day ahead inc hosp","quantile",0.75,152,"COVID-19"
"DE-BE","00+",2022-04-28,2022-04-06,"-22 day ahead inc hosp","quantile",0.9,158,"COVID-19"
"DE-BE","00+",2022-04-28,2022-04-06,"-22 day ahead inc hosp","quantile",0.975,166,"COVID-19"
"DE-BE","00+",2022-04-28,2022-04-05,"-23 day ahead inc hosp","mean",NA,145,"COVID-19"
"DE-BE","00+",2022-04-28,2022-04-05,"-23 day ahead inc hosp","quantile",0.025,136,"COVID-19"
"DE-BE","00+",2022-04-28,2022-04-05,"-23 day ahead inc hosp","quantile",0.1,138,"COVID-19"
"DE-BE","00+",2022-04-28,2022-04-05,"-23 day ahead inc hosp","quantile",0.25,140,"COVID-19"
"DE-BE","00+",2022-04-28,2022-04-05,"-23 day ahead inc hosp","quantile",0.5,144,"COVID-19"
"DE-BE","00+",2022-04-28,2022-04-05,"-23 day ahead inc hosp","quantile",0.75,148,"COVID-19"
"DE-BE","00+",2022-04-28,2022-04-05,"-23 day ahead inc hosp","quantile",0.9,154,"COVID-19"
"DE-BE","00+",2022-04-28,2022-04-05,"-23 day ahead inc hosp","quantile",0.975,161,"COVID-19"
"DE-BE","00+",2022-04-28,2022-04-04,"-24 day ahead inc hosp","mean",NA,161,"COVID-19"
"DE-BE","00+",2022-04-28,2022-04-04,"-24 day ahead inc hosp","quantile",0.025,152,"COVID-19"
"DE-BE","00+",2022-04-28,2022-04-04,"-24 day ahead inc hosp","quantile",0.1,154,"COVID-19"
"DE-BE","00+",2022-04-28,2022-04-04,"-24 day ahead inc hosp","quantile",0.25,156,"COVID-19"
"DE-BE","00+",2022-04-28,2022-04-04,"-24 day ahead inc hosp","quantile",0.5,160,"COVID-19"
"DE-BE","00+",2022-04-28,2022-04-04,"-24 day ahead inc hosp","quantile",0.75,164,"COVID-19"
"DE-BE","00+",2022-04-28,2022-04-04,"-24 day ahead inc hosp","quantile",0.9,169,"COVID-19"
"DE-BE","00+",2022-04-28,2022-04-04,"-24 day ahead inc hosp","quantile",0.975,176,"COVID-19"
"DE-BE","00+",2022-04-28,2022-04-03,"-25 day ahead inc hosp","mean",NA,164,"COVID-19"
"DE-BE","00+",2022-04-28,2022-04-03,"-25 day ahead inc hosp","quantile",0.025,155,"COVID-19"
"DE-BE","00+",2022-04-28,2022-04-03,"-25 day ahead inc hosp","quantile",0.1,157,"COVID-19"
"DE-BE","00+",2022-04-28,2022-04-03,"-25 day ahead inc hosp","quantile",0.25,159,"COVID-19"
"DE-BE","00+",2022-04-28,2022-04-03,"-25 day ahead inc hosp","quantile",0.5,163,"COVID-19"
"DE-BE","00+",2022-04-28,2022-04-03,"-25 day ahead inc hosp","quantile",0.75,167,"COVID-19"
"DE-BE","00+",2022-04-28,2022-04-03,"-25 day ahead inc hosp","quantile",0.9,172,"COVID-19"
"DE-BE","00+",2022-04-28,2022-04-03,"-25 day ahead inc hosp","quantile",0.975,180,"COVID-19"
"DE-BE","00+",2022-04-28,2022-04-02,"-26 day ahead inc hosp","mean",NA,165,"COVID-19"
"DE-BE","00+",2022-04-28,2022-04-02,"-26 day ahead inc hosp","quantile",0.025,156,"COVID-19"
"DE-BE","00+",2022-04-28,2022-04-02,"-26 day ahead inc hosp","quantile",0.1,158,"COVID-19"
"DE-BE","00+",2022-04-28,2022-04-02,"-26 day ahead inc hosp","quantile",0.25,160,"COVID-19"
"DE-BE","00+",2022-04-28,2022-04-02,"-26 day ahead inc hosp","quantile",0.5,163,"COVID-19"
"DE-BE","00+",2022-04-28,2022-04-02,"-26 day ahead inc hosp","quantile",0.75,168,"COVID-19"
"DE-BE","00+",2022-04-28,2022-04-02,"-26 day ahead inc hosp","quantile",0.9,174,"COVID-19"
"DE-BE","00+",2022-04-28,2022-04-02,"-26 day ahead inc hosp","quantile",0.975,181,"COVID-19"
"DE-BE","00+",2022-04-28,2022-04-01,"-27 day ahead inc hosp","mean",NA,166,"COVID-19"
"DE-BE","00+",2022-04-28,2022-04-01,"-27 day ahead inc hosp","quantile",0.025,158,"COVID-19"
"DE-BE","00+",2022-04-28,2022-04-01,"-27 day ahead inc hosp","quantile",0.1,159,"COVID-19"
"DE-BE","00+",2022-04-28,2022-04-01,"-27 day ahead inc hosp","quantile",0.25,162,"COVID-19"
"DE-BE","00+",2022-04-28,2022-04-01,"-27 day ahead inc hosp","quantile",0.5,165,"COVID-19"
"DE-BE","00+",2022-04-28,2022-04-01,"-27 day ahead inc hosp","quantile",0.75,170,"COVID-19"
"DE-BE","00+",2022-04-28,2022-04-01,"-27 day ahead inc hosp","quantile",0.9,175,"COVID-19"
"DE-BE","00+",2022-04-28,2022-04-01,"-27 day ahead inc hosp","quantile",0.975,182,"COVID-19"
"DE-BE","00+",2022-04-28,2022-03-31,"-28 day ahead inc hosp","mean",NA,169,"COVID-19"
"DE-BE","00+",2022-04-28,2022-03-31,"-28 day ahead inc hosp","quantile",0.025,161,"COVID-19"
"DE-BE","00+",2022-04-28,2022-03-31,"-28 day ahead inc hosp","quantile",0.1,162,"COVID-19"
"DE-BE","00+",2022-04-28,2022-03-31,"-28 day ahead inc hosp","quantile",0.25,164,"COVID-19"
"DE-BE","00+",2022-04-28,2022-03-31,"-28 day ahead inc hosp","quantile",0.5,167,"COVID-19"
"DE-BE","00+",2022-04-28,2022-03-31,"-28 day ahead inc hosp","quantile",0.75,172,"COVID-19"
"DE-BE","00+",2022-04-28,2022-03-31,"-28 day ahead inc hosp","quantile",0.9,177,"COVID-19"
"DE-BE","00+",2022-04-28,2022-03-31,"-28 day ahead inc hosp","quantile",0.975,184,"COVID-19"
"DE-BW","00+",2022-04-28,2022-04-28,"0 day ahead inc hosp","mean",NA,971,"COVID-19"
"DE-BW","00+",2022-04-28,2022-04-28,"0 day ahead inc hosp","quantile",0.025,641,"COVID-19"
"DE-BW","00+",2022-04-28,2022-04-28,"0 day ahead inc hosp","quantile",0.1,718,"COVID-19"
"DE-BW","00+",2022-04-28,2022-04-28,"0 day ahead inc hosp","quantile",0.25,808,"COVID-19"
"DE-BW","00+",2022-04-28,2022-04-28,"0 day ahead inc hosp","quantile",0.5,936,"COVID-19"
"DE-BW","00+",2022-04-28,2022-04-28,"0 day ahead inc hosp","quantile",0.75,1096,"COVID-19"
"DE-BW","00+",2022-04-28,2022-04-28,"0 day ahead inc hosp","quantile",0.9,1269,"COVID-19"
"DE-BW","00+",2022-04-28,2022-04-28,"0 day ahead inc hosp","quantile",0.975,1496,"COVID-19"
"DE-BW","00+",2022-04-28,2022-04-27,"-1 day ahead inc hosp","mean",NA,977,"COVID-19"
"DE-BW","00+",2022-04-28,2022-04-27,"-1 day ahead inc hosp","quantile",0.025,741,"COVID-19"
"DE-BW","00+",2022-04-28,2022-04-27,"-1 day ahead inc hosp","quantile",0.1,800,"COVID-19"
"DE-BW","00+",2022-04-28,2022-04-27,"-1 day ahead inc hosp","quantile",0.25,867,"COVID-19"
"DE-BW","00+",2022-04-28,2022-04-27,"-1 day ahead inc hosp","quantile",0.5,957,"COVID-19"
"DE-BW","00+",2022-04-28,2022-04-27,"-1 day ahead inc hosp","quantile",0.75,1066,"COVID-19"
"DE-BW","00+",2022-04-28,2022-04-27,"-1 day ahead inc hosp","quantile",0.9,1180,"COVID-19"
"DE-BW","00+",2022-04-28,2022-04-27,"-1 day ahead inc hosp","quantile",0.975,1328,"COVID-19"
"DE-BW","00+",2022-04-28,2022-04-26,"-2 day ahead inc hosp","mean",NA,1044,"COVID-19"
"DE-BW","00+",2022-04-28,2022-04-26,"-2 day ahead inc hosp","quantile",0.025,870,"COVID-19"
"DE-BW","00+",2022-04-28,2022-04-26,"-2 day ahead inc hosp","quantile",0.1,917,"COVID-19"
"DE-BW","00+",2022-04-28,2022-04-26,"-2 day ahead inc hosp","quantile",0.25,967,"COVID-19"
"DE-BW","00+",2022-04-28,2022-04-26,"-2 day ahead inc hosp","quantile",0.5,1032,"COVID-19"
"DE-BW","00+",2022-04-28,2022-04-26,"-2 day ahead inc hosp","quantile",0.75,1109,"COVID-19"
"DE-BW","00+",2022-04-28,2022-04-26,"-2 day ahead inc hosp","quantile",0.9,1188,"COVID-19"
"DE-BW","00+",2022-04-28,2022-04-26,"-2 day ahead inc hosp","quantile",0.975,1288,"COVID-19"
"DE-BW","00+",2022-04-28,2022-04-25,"-3 day ahead inc hosp","mean",NA,861,"COVID-19"
"DE-BW","00+",2022-04-28,2022-04-25,"-3 day ahead inc hosp","quantile",0.025,760,"COVID-19"
"DE-BW","00+",2022-04-28,2022-04-25,"-3 day ahead inc hosp","quantile",0.1,789,"COVID-19"
"DE-BW","00+",2022-04-28,2022-04-25,"-3 day ahead inc hosp","quantile",0.25,818,"COVID-19"
"DE-BW","00+",2022-04-28,2022-04-25,"-3 day ahead inc hosp","quantile",0.5,856,"COVID-19"
"DE-BW","00+",2022-04-28,2022-04-25,"-3 day ahead inc hosp","quantile",0.75,898,"COVID-19"
"DE-BW","00+",2022-04-28,2022-04-25,"-3 day ahead inc hosp","quantile",0.9,941,"COVID-19"
"DE-BW","00+",2022-04-28,2022-04-25,"-3 day ahead inc hosp","quantile",0.975,993,"COVID-19"
"DE-BW","00+",2022-04-28,2022-04-24,"-4 day ahead inc hosp","mean",NA,864,"COVID-19"
"DE-BW","00+",2022-04-28,2022-04-24,"-4 day ahead inc hosp","quantile",0.025,782,"COVID-19"
"DE-BW","00+",2022-04-28,2022-04-24,"-4 day ahead inc hosp","quantile",0.1,806,"COVID-19"
"DE-BW","00+",2022-04-28,2022-04-24,"-4 day ahead inc hosp","quantile",0.25,831,"COVID-19"
"DE-BW","00+",2022-04-28,2022-04-24,"-4 day ahead inc hosp","quantile",0.5,860,"COVID-19"
"DE-BW","00+",2022-04-28,2022-04-24,"-4 day ahead inc hosp","quantile",0.75,894,"COVID-19"
"DE-BW","00+",2022-04-28,2022-04-24,"-4 day ahead inc hosp","quantile",0.9,926,"COVID-19"
"DE-BW","00+",2022-04-28,2022-04-24,"-4 day ahead inc hosp","quantile",0.975,966,"COVID-19"
"DE-BW","00+",2022-04-28,2022-04-23,"-5 day ahead inc hosp","mean",NA,876,"COVID-19"
"DE-BW","00+",2022-04-28,2022-04-23,"-5 day ahead inc hosp","quantile",0.025,806,"COVID-19"
"DE-BW","00+",2022-04-28,2022-04-23,"-5 day ahead inc hosp","quantile",0.1,828,"COVID-19"
"DE-BW","00+",2022-04-28,2022-04-23,"-5 day ahead inc hosp","quantile",0.25,849,"COVID-19"
"DE-BW","00+",2022-04-28,2022-04-23,"-5 day ahead inc hosp","quantile",0.5,874,"COVID-19"
"DE-BW","00+",2022-04-28,2022-04-23,"-5 day ahead inc hosp","quantile",0.75,901,"COVID-19"
"DE-BW","00+",2022-04-28,2022-04-23,"-5 day ahead inc hosp","quantile",0.9,928,"COVID-19"
"DE-BW","00+",2022-04-28,2022-04-23,"-5 day ahead inc hosp","quantile",0.975,960,"COVID-19"
"DE-BW","00+",2022-04-28,2022-04-22,"-6 day ahead inc hosp","mean",NA,789,"COVID-19"
"DE-BW","00+",2022-04-28,2022-04-22,"-6 day ahead inc hosp","quantile",0.025,731,"COVID-19"
"DE-BW","00+",2022-04-28,2022-04-22,"-6 day ahead inc hosp","quantile",0.1,748,"COVID-19"
"DE-BW","00+",2022-04-28,2022-04-22,"-6 day ahead inc hosp","quantile",0.25,766,"COVID-19"
"DE-BW","00+",2022-04-28,2022-04-22,"-6 day ahead inc hosp","quantile",0.5,787,"COVID-19"
"DE-BW","00+",2022-04-28,2022-04-22,"-6 day ahead inc hosp","quantile",0.75,810,"COVID-19"
"DE-BW","00+",2022-04-28,2022-04-22,"-6 day ahead inc hosp","quantile",0.9,832,"COVID-19"
"DE-BW","00+",2022-04-28,2022-04-22,"-6 day ahead inc hosp","quantile",0.975,859,"COVID-19"
"DE-BW","00+",2022-04-28,2022-04-21,"-7 day ahead inc hosp","mean",NA,798,"COVID-19"
"DE-BW","00+",2022-04-28,2022-04-21,"-7 day ahead inc hosp","quantile",0.025,746,"COVID-19"
"DE-BW","00+",2022-04-28,2022-04-21,"-7 day ahead inc hosp","quantile",0.1,762,"COVID-19"
"DE-BW","00+",2022-04-28,2022-04-21,"-7 day ahead inc hosp","quantile",0.25,778,"COVID-19"
"DE-BW","00+",2022-04-28,2022-04-21,"-7 day ahead inc hosp","quantile",0.5,796,"COVID-19"
"DE-BW","00+",2022-04-28,2022-04-21,"-7 day ahead inc hosp","quantile",0.75,817,"COVID-19"
"DE-BW","00+",2022-04-28,2022-04-21,"-7 day ahead inc hosp","quantile",0.9,837,"COVID-19"
"DE-BW","00+",2022-04-28,2022-04-21,"-7 day ahead inc hosp","quantile",0.975,861,"COVID-19"
"DE-BW","00+",2022-04-28,2022-04-20,"-8 day ahead inc hosp","mean",NA,757,"COVID-19"
"DE-BW","00+",2022-04-28,2022-04-20,"-8 day ahead inc hosp","quantile",0.025,712,"COVID-19"
"DE-BW","00+",2022-04-28,2022-04-20,"-8 day ahead inc hosp","quantile",0.1,726,"COVID-19"
"DE-BW","00+",2022-04-28,2022-04-20,"-8 day ahead inc hosp","quantile",0.25,739,"COVID-19"
"DE-BW","00+",2022-04-28,2022-04-20,"-8 day ahead inc hosp","quantile",0.5,755,"COVID-19"
"DE-BW","00+",2022-04-28,2022-04-20,"-8 day ahead inc hosp","quantile",0.75,773,"COVID-19"
"DE-BW","00+",2022-04-28,2022-04-20,"-8 day ahead inc hosp","quantile",0.9,791,"COVID-19"
"DE-BW","00+",2022-04-28,2022-04-20,"-8 day ahead inc hosp","quantile",0.975,812,"COVID-19"
"DE-BW","00+",2022-04-28,2022-04-19,"-9 day ahead inc hosp","mean",NA,665,"COVID-19"
"DE-BW","00+",2022-04-28,2022-04-19,"-9 day ahead inc hosp","quantile",0.025,633,"COVID-19"
"DE-BW","00+",2022-04-28,2022-04-19,"-9 day ahead inc hosp","quantile",0.1,642,"COVID-19"
"DE-BW","00+",2022-04-28,2022-04-19,"-9 day ahead inc hosp","quantile",0.25,652,"COVID-19"
"DE-BW","00+",2022-04-28,2022-04-19,"-9 day ahead inc hosp","quantile",0.5,664,"COVID-19"
"DE-BW","00+",2022-04-28,2022-04-19,"-9 day ahead inc hosp","quantile",0.75,677,"COVID-19"
"DE-BW","00+",2022-04-28,2022-04-19,"-9 day ahead inc hosp","quantile",0.9,690,"COVID-19"
"DE-BW","00+",2022-04-28,2022-04-19,"-9 day ahead inc hosp","quantile",0.975,705,"COVID-19"
"DE-BW","00+",2022-04-28,2022-04-18,"-10 day ahead inc hosp","mean",NA,855,"COVID-19"
"DE-BW","00+",2022-04-28,2022-04-18,"-10 day ahead inc hosp","quantile",0.025,817,"COVID-19"
"DE-BW","00+",2022-04-28,2022-04-18,"-10 day ahead inc hosp","quantile",0.1,829,"COVID-19"
"DE-BW","00+",2022-04-28,2022-04-18,"-10 day ahead inc hosp","quantile",0.25,840,"COVID-19"
"DE-BW","00+",2022-04-28,2022-04-18,"-10 day ahead inc hosp","quantile",0.5,854,"COVID-19"
"DE-BW","00+",2022-04-28,2022-04-18,"-10 day ahead inc hosp","quantile",0.75,869,"COVID-19"
"DE-BW","00+",2022-04-28,2022-04-18,"-10 day ahead inc hosp","quantile",0.9,884,"COVID-19"
"DE-BW","00+",2022-04-28,2022-04-18,"-10 day ahead inc hosp","quantile",0.975,902,"COVID-19"
"DE-BW","00+",2022-04-28,2022-04-17,"-11 day ahead inc hosp","mean",NA,853,"COVID-19"
"DE-BW","00+",2022-04-28,2022-04-17,"-11 day ahead inc hosp","quantile",0.025,815,"COVID-19"
"DE-BW","00+",2022-04-28,2022-04-17,"-11 day ahead inc hosp","quantile",0.1,826,"COVID-19"
"DE-BW","00+",2022-04-28,2022-04-17,"-11 day ahead inc hosp","quantile",0.25,837,"COVID-19"
"DE-BW","00+",2022-04-28,2022-04-17,"-11 day ahead inc hosp","quantile",0.5,851,"COVID-19"
"DE-BW","00+",2022-04-28,2022-04-17,"-11 day ahead inc hosp","quantile",0.75,866,"COVID-19"
"DE-BW","00+",2022-04-28,2022-04-17,"-11 day ahead inc hosp","quantile",0.9,881,"COVID-19"
"DE-BW","00+",2022-04-28,2022-04-17,"-11 day ahead inc hosp","quantile",0.975,899,"COVID-19"
"DE-BW","00+",2022-04-28,2022-04-16,"-12 day ahead inc hosp","mean",NA,868,"COVID-19"
"DE-BW","00+",2022-04-28,2022-04-16,"-12 day ahead inc hosp","quantile",0.025,831,"COVID-19"
"DE-BW","00+",2022-04-28,2022-04-16,"-12 day ahead inc hosp","quantile",0.1,842,"COVID-19"
"DE-BW","00+",2022-04-28,2022-04-16,"-12 day ahead inc hosp","quantile",0.25,853,"COVID-19"
"DE-BW","00+",2022-04-28,2022-04-16,"-12 day ahead inc hosp","quantile",0.5,866,"COVID-19"
"DE-BW","00+",2022-04-28,2022-04-16,"-12 day ahead inc hosp","quantile",0.75,881,"COVID-19"
"DE-BW","00+",2022-04-28,2022-04-16,"-12 day ahead inc hosp","quantile",0.9,895,"COVID-19"
"DE-BW","00+",2022-04-28,2022-04-16,"-12 day ahead inc hosp","quantile",0.975,913,"COVID-19"
"DE-BW","00+",2022-04-28,2022-04-15,"-13 day ahead inc hosp","mean",NA,976,"COVID-19"
"DE-BW","00+",2022-04-28,2022-04-15,"-13 day ahead inc hosp","quantile",0.025,938,"COVID-19"
"DE-BW","00+",2022-04-28,2022-04-15,"-13 day ahead inc hosp","quantile",0.1,949,"COVID-19"
"DE-BW","00+",2022-04-28,2022-04-15,"-13 day ahead inc hosp","quantile",0.25,960,"COVID-19"
"DE-BW","00+",2022-04-28,2022-04-15,"-13 day ahead inc hosp","quantile",0.5,974,"COVID-19"
"DE-BW","00+",2022-04-28,2022-04-15,"-13 day ahead inc hosp","quantile",0.75,990,"COVID-19"
"DE-BW","00+",2022-04-28,2022-04-15,"-13 day ahead inc hosp","quantile",0.9,1005,"COVID-19"
"DE-BW","00+",2022-04-28,2022-04-15,"-13 day ahead inc hosp","quantile",0.975,1024,"COVID-19"
"DE-BW","00+",2022-04-28,2022-04-14,"-14 day ahead inc hosp","mean",NA,952,"COVID-19"
"DE-BW","00+",2022-04-28,2022-04-14,"-14 day ahead inc hosp","quantile",0.025,917,"COVID-19"
"DE-BW","00+",2022-04-28,2022-04-14,"-14 day ahead inc hosp","quantile",0.1,927,"COVID-19"
"DE-BW","00+",2022-04-28,2022-04-14,"-14 day ahead inc hosp","quantile",0.25,937,"COVID-19"
"DE-BW","00+",2022-04-28,2022-04-14,"-14 day ahead inc hosp","quantile",0.5,950,"COVID-19"
"DE-BW","00+",2022-04-28,2022-04-14,"-14 day ahead inc hosp","quantile",0.75,965,"COVID-19"
"DE-BW","00+",2022-04-28,2022-04-14,"-14 day ahead inc hosp","quantile",0.9,979,"COVID-19"
"DE-BW","00+",2022-04-28,2022-04-14,"-14 day ahead inc hosp","quantile",0.975,997,"COVID-19"
"DE-BW","00+",2022-04-28,2022-04-13,"-15 day ahead inc hosp","mean",NA,1024,"COVID-19"
"DE-BW","00+",2022-04-28,2022-04-13,"-15 day ahead inc hosp","quantile",0.025,989,"COVID-19"
"DE-BW","00+",2022-04-28,2022-04-13,"-15 day ahead inc hosp","quantile",0.1,999,"COVID-19"
"DE-BW","00+",2022-04-28,2022-04-13,"-15 day ahead inc hosp","quantile",0.25,1009,"COVID-19"
"DE-BW","00+",2022-04-28,2022-04-13,"-15 day ahead inc hosp","quantile",0.5,1022,"COVID-19"
"DE-BW","00+",2022-04-28,2022-04-13,"-15 day ahead inc hosp","quantile",0.75,1037,"COVID-19"
"DE-BW","00+",2022-04-28,2022-04-13,"-15 day ahead inc hosp","quantile",0.9,1051,"COVID-19"
"DE-BW","00+",2022-04-28,2022-04-13,"-15 day ahead inc hosp","quantile",0.975,1069,"COVID-19"
"DE-BW","00+",2022-04-28,2022-04-12,"-16 day ahead inc hosp","mean",NA,1065,"COVID-19"
"DE-BW","00+",2022-04-28,2022-04-12,"-16 day ahead inc hosp","quantile",0.025,1032,"COVID-19"
"DE-BW","00+",2022-04-28,2022-04-12,"-16 day ahead inc hosp","quantile",0.1,1042,"COVID-19"
"DE-BW","00+",2022-04-28,2022-04-12,"-16 day ahead inc hosp","quantile",0.25,1051,"COVID-19"
"DE-BW","00+",2022-04-28,2022-04-12,"-16 day ahead inc hosp","quantile",0.5,1064,"COVID-19"
"DE-BW","00+",2022-04-28,2022-04-12,"-16 day ahead inc hosp","quantile",0.75,1078,"COVID-19"
"DE-BW","00+",2022-04-28,2022-04-12,"-16 day ahead inc hosp","quantile",0.9,1091,"COVID-19"
"DE-BW","00+",2022-04-28,2022-04-12,"-16 day ahead inc hosp","quantile",0.975,1109,"COVID-19"
"DE-BW","00+",2022-04-28,2022-04-11,"-17 day ahead inc hosp","mean",NA,1081,"COVID-19"
"DE-BW","00+",2022-04-28,2022-04-11,"-17 day ahead inc hosp","quantile",0.025,1051,"COVID-19"
"DE-BW","00+",2022-04-28,2022-04-11,"-17 day ahead inc hosp","quantile",0.1,1060,"COVID-19"
"DE-BW","00+",2022-04-28,2022-04-11,"-17 day ahead inc hosp","quantile",0.25,1068,"COVID-19"
"DE-BW","00+",2022-04-28,2022-04-11,"-17 day ahead inc hosp","quantile",0.5,1079,"COVID-19"
"DE-BW","00+",2022-04-28,2022-04-11,"-17 day ahead inc hosp","quantile",0.75,1092,"COVID-19"
"DE-BW","00+",2022-04-28,2022-04-11,"-17 day ahead inc hosp","quantile",0.9,1105,"COVID-19"
"DE-BW","00+",2022-04-28,2022-04-11,"-17 day ahead inc hosp","quantile",0.975,1121,"COVID-19"
"DE-BW","00+",2022-04-28,2022-04-10,"-18 day ahead inc hosp","mean",NA,1079,"COVID-19"
"DE-BW","00+",2022-04-28,2022-04-10,"-18 day ahead inc hosp","quantile",0.025,1050,"COVID-19"
"DE-BW","00+",2022-04-28,2022-04-10,"-18 day ahead inc hosp","quantile",0.1,1058,"COVID-19"
"DE-BW","00+",2022-04-28,2022-04-10,"-18 day ahead inc hosp","quantile",0.25,1066,"COVID-19"
"DE-BW","00+",2022-04-28,2022-04-10,"-18 day ahead inc hosp","quantile",0.5,1078,"COVID-19"
"DE-BW","00+",2022-04-28,2022-04-10,"-18 day ahead inc hosp","quantile",0.75,1090,"COVID-19"
"DE-BW","00+",2022-04-28,2022-04-10,"-18 day ahead inc hosp","quantile",0.9,1103,"COVID-19"
"DE-BW","00+",2022-04-28,2022-04-10,"-18 day ahead inc hosp","quantile",0.975,1120,"COVID-19"
"DE-BW","00+",2022-04-28,2022-04-09,"-19 day ahead inc hosp","mean",NA,1077,"COVID-19"
"DE-BW","00+",2022-04-28,2022-04-09,"-19 day ahead inc hosp","quantile",0.025,1048,"COVID-19"
"DE-BW","00+",2022-04-28,2022-04-09,"-19 day ahead inc hosp","quantile",0.1,1056,"COVID-19"
"DE-BW","00+",2022-04-28,2022-04-09,"-19 day ahead inc hosp","quantile",0.25,1064,"COVID-19"
"DE-BW","00+",2022-04-28,2022-04-09,"-19 day ahead inc hosp","quantile",0.5,1075,"COVID-19"
"DE-BW","00+",2022-04-28,2022-04-09,"-19 day ahead inc hosp","quantile",0.75,1088,"COVID-19"
"DE-BW","00+",2022-04-28,2022-04-09,"-19 day ahead inc hosp","quantile",0.9,1101,"COVID-19"
"DE-BW","00+",2022-04-28,2022-04-09,"-19 day ahead inc hosp","quantile",0.975,1117,"COVID-19"
"DE-BW","00+",2022-04-28,2022-04-08,"-20 day ahead inc hosp","mean",NA,1109,"COVID-19"
"DE-BW","00+",2022-04-28,2022-04-08,"-20 day ahead inc hosp","quantile",0.025,1081,"COVID-19"
"DE-BW","00+",2022-04-28,2022-04-08,"-20 day ahead inc hosp","quantile",0.1,1088,"COVID-19"
"DE-BW","00+",2022-04-28,2022-04-08,"-20 day ahead inc hosp","quantile",0.25,1096,"COVID-19"
"DE-BW","00+",2022-04-28,2022-04-08,"-20 day ahead inc hosp","quantile",0.5,1107,"COVID-19"
"DE-BW","00+",2022-04-28,2022-04-08,"-20 day ahead inc hosp","quantile",0.75,1119,"COVID-19"
"DE-BW","00+",2022-04-28,2022-04-08,"-20 day ahead inc hosp","quantile",0.9,1131,"COVID-19"
"DE-BW","00+",2022-04-28,2022-04-08,"-20 day ahead inc hosp","quantile",0.975,1147,"COVID-19"
"DE-BW","00+",2022-04-28,2022-04-07,"-21 day ahead inc hosp","mean",NA,1196,"COVID-19"
"DE-BW","00+",2022-04-28,2022-04-07,"-21 day ahead inc hosp","quantile",0.025,1169,"COVID-19"
"DE-BW","00+",2022-04-28,2022-04-07,"-21 day ahead inc hosp","quantile",0.1,1176,"COVID-19"
"DE-BW","00+",2022-04-28,2022-04-07,"-21 day ahead inc hosp","quantile",0.25,1184,"COVID-19"
"DE-BW","00+",2022-04-28,2022-04-07,"-21 day ahead inc hosp","quantile",0.5,1194,"COVID-19"
"DE-BW","00+",2022-04-28,2022-04-07,"-21 day ahead inc hosp","quantile",0.75,1206,"COVID-19"
"DE-BW","00+",2022-04-28,2022-04-07,"-21 day ahead inc hosp","quantile",0.9,1219,"COVID-19"
"DE-BW","00+",2022-04-28,2022-04-07,"-21 day ahead inc hosp","quantile",0.975,1235,"COVID-19"
"DE-BW","00+",2022-04-28,2022-04-06,"-22 day ahead inc hosp","mean",NA,1209,"COVID-19"
"DE-BW","00+",2022-04-28,2022-04-06,"-22 day ahead inc hosp","quantile",0.025,1185,"COVID-19"
"DE-BW","00+",2022-04-28,2022-04-06,"-22 day ahead inc hosp","quantile",0.1,1191,"COVID-19"
"DE-BW","00+",2022-04-28,2022-04-06,"-22 day ahead inc hosp","quantile",0.25,1198,"COVID-19"
"DE-BW","00+",2022-04-28,2022-04-06,"-22 day ahead inc hosp","quantile",0.5,1207,"COVID-19"
"DE-BW","00+",2022-04-28,2022-04-06,"-22 day ahead inc hosp","quantile",0.75,1218,"COVID-19"
"DE-BW","00+",2022-04-28,2022-04-06,"-22 day ahead inc hosp","quantile",0.9,1230,"COVID-19"
"DE-BW","00+",2022-04-28,2022-04-06,"-22 day ahead inc hosp","quantile",0.975,1245,"COVID-19"
"DE-BW","00+",2022-04-28,2022-04-05,"-23 day ahead inc hosp","mean",NA,1286,"COVID-19"
"DE-BW","00+",2022-04-28,2022-04-05,"-23 day ahead inc hosp","quantile",0.025,1262,"COVID-19"
"DE-BW","00+",2022-04-28,2022-04-05,"-23 day ahead inc hosp","quantile",0.1,1268,"COVID-19"
"DE-BW","00+",2022-04-28,2022-04-05,"-23 day ahead inc hosp","quantile",0.25,1275,"COVID-19"
"DE-BW","00+",2022-04-28,2022-04-05,"-23 day ahead inc hosp","quantile",0.5,1284,"COVID-19"
"DE-BW","00+",2022-04-28,2022-04-05,"-23 day ahead inc hosp","quantile",0.75,1294,"COVID-19"
"DE-BW","00+",2022-04-28,2022-04-05,"-23 day ahead inc hosp","quantile",0.9,1306,"COVID-19"
"DE-BW","00+",2022-04-28,2022-04-05,"-23 day ahead inc hosp","quantile",0.975,1320,"COVID-19"
"DE-BW","00+",2022-04-28,2022-04-04,"-24 day ahead inc hosp","mean",NA,1309,"COVID-19"
"DE-BW","00+",2022-04-28,2022-04-04,"-24 day ahead inc hosp","quantile",0.025,1288,"COVID-19"
"DE-BW","00+",2022-04-28,2022-04-04,"-24 day ahead inc hosp","quantile",0.1,1293,"COVID-19"
"DE-BW","00+",2022-04-28,2022-04-04,"-24 day ahead inc hosp","quantile",0.25,1299,"COVID-19"
"DE-BW","00+",2022-04-28,2022-04-04,"-24 day ahead inc hosp","quantile",0.5,1307,"COVID-19"
"DE-BW","00+",2022-04-28,2022-04-04,"-24 day ahead inc hosp","quantile",0.75,1317,"COVID-19"
"DE-BW","00+",2022-04-28,2022-04-04,"-24 day ahead inc hosp","quantile",0.9,1327,"COVID-19"
"DE-BW","00+",2022-04-28,2022-04-04,"-24 day ahead inc hosp","quantile",0.975,1340,"COVID-19"
"DE-BW","00+",2022-04-28,2022-04-03,"-25 day ahead inc hosp","mean",NA,1335,"COVID-19"
"DE-BW","00+",2022-04-28,2022-04-03,"-25 day ahead inc hosp","quantile",0.025,1314,"COVID-19"
"DE-BW","00+",2022-04-28,2022-04-03,"-25 day ahead inc hosp","quantile",0.1,1319,"COVID-19"
"DE-BW","00+",2022-04-28,2022-04-03,"-25 day ahead inc hosp","quantile",0.25,1325,"COVID-19"
"DE-BW","00+",2022-04-28,2022-04-03,"-25 day ahead inc hosp","quantile",0.5,1333,"COVID-19"
"DE-BW","00+",2022-04-28,2022-04-03,"-25 day ahead inc hosp","quantile",0.75,1342,"COVID-19"
"DE-BW","00+",2022-04-28,2022-04-03,"-25 day ahead inc hosp","quantile",0.9,1353,"COVID-19"
"DE-BW","00+",2022-04-28,2022-04-03,"-25 day ahead inc hosp","quantile",0.975,1366,"COVID-19"
"DE-BW","00+",2022-04-28,2022-04-02,"-26 day ahead inc hosp","mean",NA,1371,"COVID-19"
"DE-BW","00+",2022-04-28,2022-04-02,"-26 day ahead inc hosp","quantile",0.025,1350,"COVID-19"
"DE-BW","00+",2022-04-28,2022-04-02,"-26 day ahead inc hosp","quantile",0.1,1355,"COVID-19"
"DE-BW","00+",2022-04-28,2022-04-02,"-26 day ahead inc hosp","quantile",0.25,1361,"COVID-19"
"DE-BW","00+",2022-04-28,2022-04-02,"-26 day ahead inc hosp","quantile",0.5,1369,"COVID-19"
"DE-BW","00+",2022-04-28,2022-04-02,"-26 day ahead inc hosp","quantile",0.75,1379,"COVID-19"
"DE-BW","00+",2022-04-28,2022-04-02,"-26 day ahead inc hosp","quantile",0.9,1389,"COVID-19"
"DE-BW","00+",2022-04-28,2022-04-02,"-26 day ahead inc hosp","quantile",0.975,1403,"COVID-19"
"DE-BW","00+",2022-04-28,2022-04-01,"-27 day ahead inc hosp","mean",NA,1386,"COVID-19"
"DE-BW","00+",2022-04-28,2022-04-01,"-27 day ahead inc hosp","quantile",0.025,1367,"COVID-19"
"DE-BW","00+",2022-04-28,2022-04-01,"-27 day ahead inc hosp","quantile",0.1,1371,"COVID-19"
"DE-BW","00+",2022-04-28,2022-04-01,"-27 day ahead inc hosp","quantile",0.25,1377,"COVID-19"
"DE-BW","00+",2022-04-28,2022-04-01,"-27 day ahead inc hosp","quantile",0.5,1384,"COVID-19"
"DE-BW","00+",2022-04-28,2022-04-01,"-27 day ahead inc hosp","quantile",0.75,1394,"COVID-19"
"DE-BW","00+",2022-04-28,2022-04-01,"-27 day ahead inc hosp","quantile",0.9,1404,"COVID-19"
"DE-BW","00+",2022-04-28,2022-04-01,"-27 day ahead inc hosp","quantile",0.975,1417,"COVID-19"
"DE-BW","00+",2022-04-28,2022-03-31,"-28 day ahead inc hosp","mean",NA,1378,"COVID-19"
"DE-BW","00+",2022-04-28,2022-03-31,"-28 day ahead inc hosp","quantile",0.025,1361,"COVID-19"
"DE-BW","00+",2022-04-28,2022-03-31,"-28 day ahead inc hosp","quantile",0.1,1365,"COVID-19"
"DE-BW","00+",2022-04-28,2022-03-31,"-28 day ahead inc hosp","quantile",0.25,1370,"COVID-19"
"DE-BW","00+",2022-04-28,2022-03-31,"-28 day ahead inc hosp","quantile",0.5,1376,"COVID-19"
"DE-BW","00+",2022-04-28,2022-03-31,"-28 day ahead inc hosp","quantile",0.75,1385,"COVID-19"
"DE-BW","00+",2022-04-28,2022-03-31,"-28 day ahead inc hosp","quantile",0.9,1394,"COVID-19"
"DE-BW","00+",2022-04-28,2022-03-31,"-28 day ahead inc hosp","quantile",0.975,1406,"COVID-19"
"DE-BY","00+",2022-04-28,2022-04-28,"0 day ahead inc hosp","mean",NA,1786,"COVID-19"
"DE-BY","00+",2022-04-28,2022-04-28,"0 day ahead inc hosp","quantile",0.025,1295,"COVID-19"
"DE-BY","00+",2022-04-28,2022-04-28,"0 day ahead inc hosp","quantile",0.1,1431,"COVID-19"
"DE-BY","00+",2022-04-28,2022-04-28,"0 day ahead inc hosp","quantile",0.25,1574,"COVID-19"
"DE-BY","00+",2022-04-28,2022-04-28,"0 day ahead inc hosp","quantile",0.5,1756,"COVID-19"
"DE-BY","00+",2022-04-28,2022-04-28,"0 day ahead inc hosp","quantile",0.75,1966,"COVID-19"
"DE-BY","00+",2022-04-28,2022-04-28,"0 day ahead inc hosp","quantile",0.9,2178,"COVID-19"
"DE-BY","00+",2022-04-28,2022-04-28,"0 day ahead inc hosp","quantile",0.975,2444,"COVID-19"
"DE-BY","00+",2022-04-28,2022-04-27,"-1 day ahead inc hosp","mean",NA,1782,"COVID-19"
"DE-BY","00+",2022-04-28,2022-04-27,"-1 day ahead inc hosp","quantile",0.025,1363,"COVID-19"
"DE-BY","00+",2022-04-28,2022-04-27,"-1 day ahead inc hosp","quantile",0.1,1480,"COVID-19"
"DE-BY","00+",2022-04-28,2022-04-27,"-1 day ahead inc hosp","quantile",0.25,1602,"COVID-19"
"DE-BY","00+",2022-04-28,2022-04-27,"-1 day ahead inc hosp","quantile",0.5,1757,"COVID-19"
"DE-BY","00+",2022-04-28,2022-04-27,"-1 day ahead inc hosp","quantile",0.75,1936,"COVID-19"
"DE-BY","00+",2022-04-28,2022-04-27,"-1 day ahead inc hosp","quantile",0.9,2117,"COVID-19"
"DE-BY","00+",2022-04-28,2022-04-27,"-1 day ahead inc hosp","quantile",0.975,2343,"COVID-19"
"DE-BY","00+",2022-04-28,2022-04-26,"-2 day ahead inc hosp","mean",NA,1703,"COVID-19"
"DE-BY","00+",2022-04-28,2022-04-26,"-2 day ahead inc hosp","quantile",0.025,1378,"COVID-19"
"DE-BY","00+",2022-04-28,2022-04-26,"-2 day ahead inc hosp","quantile",0.1,1469,"COVID-19"
"DE-BY","00+",2022-04-28,2022-04-26,"-2 day ahead inc hosp","quantile",0.25,1564,"COVID-19"
"DE-BY","00+",2022-04-28,2022-04-26,"-2 day ahead inc hosp","quantile",0.5,1684,"COVID-19"
"DE-BY","00+",2022-04-28,2022-04-26,"-2 day ahead inc hosp","quantile",0.75,1822,"COVID-19"
"DE-BY","00+",2022-04-28,2022-04-26,"-2 day ahead inc hosp","quantile",0.9,1961,"COVID-19"
"DE-BY","00+",2022-04-28,2022-04-26,"-2 day ahead inc hosp","quantile",0.975,2134,"COVID-19"
"DE-BY","00+",2022-04-28,2022-04-25,"-3 day ahead inc hosp","mean",NA,1497,"COVID-19"
"DE-BY","00+",2022-04-28,2022-04-25,"-3 day ahead inc hosp","quantile",0.025,1255,"COVID-19"
"DE-BY","00+",2022-04-28,2022-04-25,"-3 day ahead inc hosp","quantile",0.1,1323,"COVID-19"
"DE-BY","00+",2022-04-28,2022-04-25,"-3 day ahead inc hosp","quantile",0.25,1394,"COVID-19"
"DE-BY","00+",2022-04-28,2022-04-25,"-3 day ahead inc hosp","quantile",0.5,1484,"COVID-19"
"DE-BY","00+",2022-04-28,2022-04-25,"-3 day ahead inc hosp","quantile",0.75,1585,"COVID-19"
"DE-BY","00+",2022-04-28,2022-04-25,"-3 day ahead inc hosp","quantile",0.9,1688,"COVID-19"
"DE-BY","00+",2022-04-28,2022-04-25,"-3 day ahead inc hosp","quantile",0.975,1814,"COVID-19"
"DE-BY","00+",2022-04-28,2022-04-24,"-4 day ahead inc hosp","mean",NA,1472,"COVID-19"
"DE-BY","00+",2022-04-28,2022-04-24,"-4 day ahead inc hosp","quantile",0.025,1252,"COVID-19"
"DE-BY","00+",2022-04-28,2022-04-24,"-4 day ahead inc hosp","quantile",0.1,1315,"COVID-19"
"DE-BY","00+",2022-04-28,2022-04-24,"-4 day ahead inc hosp","quantile",0.25,1379,"COVID-19"
"DE-BY","00+",2022-04-28,2022-04-24,"-4 day ahead inc hosp","quantile",0.5,1460,"COVID-19"
"DE-BY","00+",2022-04-28,2022-04-24,"-4 day ahead inc hosp","quantile",0.75,1552,"COVID-19"
"DE-BY","00+",2022-04-28,2022-04-24,"-4 day ahead inc hosp","quantile",0.9,1645,"COVID-19"
"DE-BY","00+",2022-04-28,2022-04-24,"-4 day ahead inc hosp","quantile",0.975,1759,"COVID-19"
"DE-BY","00+",2022-04-28,2022-04-23,"-5 day ahead inc hosp","mean",NA,1431,"COVID-19"
"DE-BY","00+",2022-04-28,2022-04-23,"-5 day ahead inc hosp","quantile",0.025,1230,"COVID-19"
"DE-BY","00+",2022-04-28,2022-04-23,"-5 day ahead inc hosp","quantile",0.1,1287,"COVID-19"
"DE-BY","00+",2022-04-28,2022-04-23,"-5 day ahead inc hosp","quantile",0.25,1346,"COVID-19"
"DE-BY","00+",2022-04-28,2022-04-23,"-5 day ahead inc hosp","quantile",0.5,1420,"COVID-19"
"DE-BY","00+",2022-04-28,2022-04-23,"-5 day ahead inc hosp","quantile",0.75,1504,"COVID-19"
"DE-BY","00+",2022-04-28,2022-04-23,"-5 day ahead inc hosp","quantile",0.9,1588,"COVID-19"
"DE-BY","00+",2022-04-28,2022-04-23,"-5 day ahead inc hosp","quantile",0.975,1692,"COVID-19"
"DE-BY","00+",2022-04-28,2022-04-22,"-6 day ahead inc hosp","mean",NA,1315,"COVID-19"
"DE-BY","00+",2022-04-28,2022-04-22,"-6 day ahead inc hosp","quantile",0.025,1142,"COVID-19"
"DE-BY","00+",2022-04-28,2022-04-22,"-6 day ahead inc hosp","quantile",0.1,1191,"COVID-19"
"DE-BY","00+",2022-04-28,2022-04-22,"-6 day ahead inc hosp","quantile",0.25,1241,"COVID-19"
"DE-BY","00+",2022-04-28,2022-04-22,"-6 day ahead inc hosp","quantile",0.5,1305,"COVID-19"
"DE-BY","00+",2022-04-28,2022-04-22,"-6 day ahead inc hosp","quantile",0.75,1378,"COVID-19"
"DE-BY","00+",2022-04-28,2022-04-22,"-6 day ahead inc hosp","quantile",0.9,1450,"COVID-19"
"DE-BY","00+",2022-04-28,2022-04-22,"-6 day ahead inc hosp","quantile",0.975,1540,"COVID-19"
"DE-BY","00+",2022-04-28,2022-04-21,"-7 day ahead inc hosp","mean",NA,1294,"COVID-19"
"DE-BY","00+",2022-04-28,2022-04-21,"-7 day ahead inc hosp","quantile",0.025,1140,"COVID-19"
"DE-BY","00+",2022-04-28,2022-04-21,"-7 day ahead inc hosp","quantile",0.1,1183,"COVID-19"
"DE-BY","00+",2022-04-28,2022-04-21,"-7 day ahead inc hosp","quantile",0.25,1229,"COVID-19"
"DE-BY","00+",2022-04-28,2022-04-21,"-7 day ahead inc hosp","quantile",0.5,1286,"COVID-19"
"DE-BY","00+",2022-04-28,2022-04-21,"-7 day ahead inc hosp","quantile",0.75,1350,"COVID-19"
"DE-BY","00+",2022-04-28,2022-04-21,"-7 day ahead inc hosp","quantile",0.9,1415,"COVID-19"
"DE-BY","00+",2022-04-28,2022-04-21,"-7 day ahead inc hosp","quantile",0.975,1496,"COVID-19"
"DE-BY","00+",2022-04-28,2022-04-20,"-8 day ahead inc hosp","mean",NA,1257,"COVID-19"
"DE-BY","00+",2022-04-28,2022-04-20,"-8 day ahead inc hosp","quantile",0.025,1120,"COVID-19"
"DE-BY","00+",2022-04-28,2022-04-20,"-8 day ahead inc hosp","quantile",0.1,1159,"COVID-19"
"DE-BY","00+",2022-04-28,2022-04-20,"-8 day ahead inc hosp","quantile",0.25,1199,"COVID-19"
"DE-BY","00+",2022-04-28,2022-04-20,"-8 day ahead inc hosp","quantile",0.5,1250,"COVID-19"
"DE-BY","00+",2022-04-28,2022-04-20,"-8 day ahead inc hosp","quantile",0.75,1308,"COVID-19"
"DE-BY","00+",2022-04-28,2022-04-20,"-8 day ahead inc hosp","quantile",0.9,1366,"COVID-19"
"DE-BY","00+",2022-04-28,2022-04-20,"-8 day ahead inc hosp","quantile",0.975,1439,"COVID-19"
"DE-BY","00+",2022-04-28,2022-04-19,"-9 day ahead inc hosp","mean",NA,1249,"COVID-19"
"DE-BY","00+",2022-04-28,2022-04-19,"-9 day ahead inc hosp","quantile",0.025,1129,"COVID-19"
"DE-BY","00+",2022-04-28,2022-04-19,"-9 day ahead inc hosp","quantile",0.1,1162,"COVID-19"
"DE-BY","00+",2022-04-28,2022-04-19,"-9 day ahead inc hosp","quantile",0.25,1197,"COVID-19"
"DE-BY","00+",2022-04-28,2022-04-19,"-9 day ahead inc hosp","quantile",0.5,1242,"COVID-19"
"DE-BY","00+",2022-04-28,2022-04-19,"-9 day ahead inc hosp","quantile",0.75,1293,"COVID-19"
"DE-BY","00+",2022-04-28,2022-04-19,"-9 day ahead inc hosp","quantile",0.9,1344,"COVID-19"
"DE-BY","00+",2022-04-28,2022-04-19,"-9 day ahead inc hosp","quantile",0.975,1408,"COVID-19"
"DE-BY","00+",2022-04-28,2022-04-18,"-10 day ahead inc hosp","mean",NA,1365,"COVID-19"
"DE-BY","00+",2022-04-28,2022-04-18,"-10 day ahead inc hosp","quantile",0.025,1242,"COVID-19"
"DE-BY","00+",2022-04-28,2022-04-18,"-10 day ahead inc hosp","quantile",0.1,1277,"COVID-19"
"DE-BY","00+",2022-04-28,2022-04-18,"-10 day ahead inc hosp","quantile",0.25,1312,"COVID-19"
"DE-BY","00+",2022-04-28,2022-04-18,"-10 day ahead inc hosp","quantile",0.5,1358,"COVID-19"
"DE-BY","00+",2022-04-28,2022-04-18,"-10 day ahead inc hosp","quantile",0.75,1410,"COVID-19"
"DE-BY","00+",2022-04-28,2022-04-18,"-10 day ahead inc hosp","quantile",0.9,1463,"COVID-19"
"DE-BY","00+",2022-04-28,2022-04-18,"-10 day ahead inc hosp","quantile",0.975,1529,"COVID-19"
"DE-BY","00+",2022-04-28,2022-04-17,"-11 day ahead inc hosp","mean",NA,1370,"COVID-19"
"DE-BY","00+",2022-04-28,2022-04-17,"-11 day ahead inc hosp","quantile",0.025,1254,"COVID-19"
"DE-BY","00+",2022-04-28,2022-04-17,"-11 day ahead inc hosp","quantile",0.1,1286,"COVID-19"
"DE-BY","00+",2022-04-28,2022-04-17,"-11 day ahead inc hosp","quantile",0.25,1320,"COVID-19"
"DE-BY","00+",2022-04-28,2022-04-17,"-11 day ahead inc hosp","quantile",0.5,1363,"COVID-19"
"DE-BY","00+",2022-04-28,2022-04-17,"-11 day ahead inc hosp","quantile",0.75,1413,"COVID-19"
"DE-BY","00+",2022-04-28,2022-04-17,"-11 day ahead inc hosp","quantile",0.9,1462,"COVID-19"
"DE-BY","00+",2022-04-28,2022-04-17,"-11 day ahead inc hosp","quantile",0.975,1524,"COVID-19"
"DE-BY","00+",2022-04-28,2022-04-16,"-12 day ahead inc hosp","mean",NA,1416,"COVID-19"
"DE-BY","00+",2022-04-28,2022-04-16,"-12 day ahead inc hosp","quantile",0.025,1302,"COVID-19"
"DE-BY","00+",2022-04-28,2022-04-16,"-12 day ahead inc hosp","quantile",0.1,1335,"COVID-19"
"DE-BY","00+",2022-04-28,2022-04-16,"-12 day ahead inc hosp","quantile",0.25,1368,"COVID-19"
"DE-BY","00+",2022-04-28,2022-04-16,"-12 day ahead inc hosp","quantile",0.5,1410,"COVID-19"
"DE-BY","00+",2022-04-28,2022-04-16,"-12 day ahead inc hosp","quantile",0.75,1458,"COVID-19"
"DE-BY","00+",2022-04-28,2022-04-16,"-12 day ahead inc hosp","quantile",0.9,1506,"COVID-19"
"DE-BY","00+",2022-04-28,2022-04-16,"-12 day ahead inc hosp","quantile",0.975,1566,"COVID-19"
"DE-BY","00+",2022-04-28,2022-04-15,"-13 day ahead inc hosp","mean",NA,1566,"COVID-19"
"DE-BY","00+",2022-04-28,2022-04-15,"-13 day ahead inc hosp","quantile",0.025,1450,"COVID-19"
"DE-BY","00+",2022-04-28,2022-04-15,"-13 day ahead inc hosp","quantile",0.1,1483,"COVID-19"
"DE-BY","00+",2022-04-28,2022-04-15,"-13 day ahead inc hosp","quantile",0.25,1517,"COVID-19"
"DE-BY","00+",2022-04-28,2022-04-15,"-13 day ahead inc hosp","quantile",0.5,1560,"COVID-19"
"DE-BY","00+",2022-04-28,2022-04-15,"-13 day ahead inc hosp","quantile",0.75,1609,"COVID-19"
"DE-BY","00+",2022-04-28,2022-04-15,"-13 day ahead inc hosp","quantile",0.9,1658,"COVID-19"
"DE-BY","00+",2022-04-28,2022-04-15,"-13 day ahead inc hosp","quantile",0.975,1719,"COVID-19"
"DE-BY","00+",2022-04-28,2022-04-14,"-14 day ahead inc hosp","mean",NA,1564,"COVID-19"
"DE-BY","00+",2022-04-28,2022-04-14,"-14 day ahead inc hosp","quantile",0.025,1455,"COVID-19"
"DE-BY","00+",2022-04-28,2022-04-14,"-14 day ahead inc hosp","quantile",0.1,1486,"COVID-19"
"DE-BY","00+",2022-04-28,2022-04-14,"-14 day ahead inc hosp","quantile",0.25,1518,"COVID-19"
"DE-BY","00+",2022-04-28,2022-04-14,"-14 day ahead inc hosp","quantile",0.5,1558,"COVID-19"
"DE-BY","00+",2022-04-28,2022-04-14,"-14 day ahead inc hosp","quantile",0.75,1604,"COVID-19"
"DE-BY","00+",2022-04-28,2022-04-14,"-14 day ahead inc hosp","quantile",0.9,1650,"COVID-19"
"DE-BY","00+",2022-04-28,2022-04-14,"-14 day ahead inc hosp","quantile",0.975,1707,"COVID-19"
"DE-BY","00+",2022-04-28,2022-04-13,"-15 day ahead inc hosp","mean",NA,1618,"COVID-19"
"DE-BY","00+",2022-04-28,2022-04-13,"-15 day ahead inc hosp","quantile",0.025,1511,"COVID-19"
"DE-BY","00+",2022-04-28,2022-04-13,"-15 day ahead inc hosp","quantile",0.1,1541,"COVID-19"
"DE-BY","00+",2022-04-28,2022-04-13,"-15 day ahead inc hosp","quantile",0.25,1573,"COVID-19"
"DE-BY","00+",2022-04-28,2022-04-13,"-15 day ahead inc hosp","quantile",0.5,1612,"COVID-19"
"DE-BY","00+",2022-04-28,2022-04-13,"-15 day ahead inc hosp","quantile",0.75,1658,"COVID-19"
"DE-BY","00+",2022-04-28,2022-04-13,"-15 day ahead inc hosp","quantile",0.9,1703,"COVID-19"
"DE-BY","00+",2022-04-28,2022-04-13,"-15 day ahead inc hosp","quantile",0.975,1760,"COVID-19"
"DE-BY","00+",2022-04-28,2022-04-12,"-16 day ahead inc hosp","mean",NA,1598,"COVID-19"
"DE-BY","00+",2022-04-28,2022-04-12,"-16 day ahead inc hosp","quantile",0.025,1496,"COVID-19"
"DE-BY","00+",2022-04-28,2022-04-12,"-16 day ahead inc hosp","quantile",0.1,1524,"COVID-19"
"DE-BY","00+",2022-04-28,2022-04-12,"-16 day ahead inc hosp","quantile",0.25,1554,"COVID-19"
"DE-BY","00+",2022-04-28,2022-04-12,"-16 day ahead inc hosp","quantile",0.5,1592,"COVID-19"
"DE-BY","00+",2022-04-28,2022-04-12,"-16 day ahead inc hosp","quantile",0.75,1636,"COVID-19"
"DE-BY","00+",2022-04-28,2022-04-12,"-16 day ahead inc hosp","quantile",0.9,1680,"COVID-19"
"DE-BY","00+",2022-04-28,2022-04-12,"-16 day ahead inc hosp","quantile",0.975,1736,"COVID-19"
"DE-BY","00+",2022-04-28,2022-04-11,"-17 day ahead inc hosp","mean",NA,1634,"COVID-19"
"DE-BY","00+",2022-04-28,2022-04-11,"-17 day ahead inc hosp","quantile",0.025,1529,"COVID-19"
"DE-BY","00+",2022-04-28,2022-04-11,"-17 day ahead inc hosp","quantile",0.1,1557,"COVID-19"
"DE-BY","00+",2022-04-28,2022-04-11,"-17 day ahead inc hosp","quantile",0.25,1587,"COVID-19"
"DE-BY","00+",2022-04-28,2022-04-11,"-17 day ahead inc hosp","quantile",0.5,1627,"COVID-19"
"DE-BY","00+",2022-04-28,2022-04-11,"-17 day ahead inc hosp","quantile",0.75,1673,"COVID-19"
"DE-BY","00+",2022-04-28,2022-04-11,"-17 day ahead inc hosp","quantile",0.9,1720,"COVID-19"
"DE-BY","00+",2022-04-28,2022-04-11,"-17 day ahead inc hosp","quantile",0.975,1779,"COVID-19"
"DE-BY","00+",2022-04-28,2022-04-10,"-18 day ahead inc hosp","mean",NA,1641,"COVID-19"
"DE-BY","00+",2022-04-28,2022-04-10,"-18 day ahead inc hosp","quantile",0.025,1531,"COVID-19"
"DE-BY","00+",2022-04-28,2022-04-10,"-18 day ahead inc hosp","quantile",0.1,1560,"COVID-19"
"DE-BY","00+",2022-04-28,2022-04-10,"-18 day ahead inc hosp","quantile",0.25,1591,"COVID-19"
"DE-BY","00+",2022-04-28,2022-04-10,"-18 day ahead inc hosp","quantile",0.5,1633,"COVID-19"
"DE-BY","00+",2022-04-28,2022-04-10,"-18 day ahead inc hosp","quantile",0.75,1682,"COVID-19"
"DE-BY","00+",2022-04-28,2022-04-10,"-18 day ahead inc hosp","quantile",0.9,1733,"COVID-19"
"DE-BY","00+",2022-04-28,2022-04-10,"-18 day ahead inc hosp","quantile",0.975,1799,"COVID-19"
"DE-BY","00+",2022-04-28,2022-04-09,"-19 day ahead inc hosp","mean",NA,1667,"COVID-19"
"DE-BY","00+",2022-04-28,2022-04-09,"-19 day ahead inc hosp","quantile",0.025,1553,"COVID-19"
"DE-BY","00+",2022-04-28,2022-04-09,"-19 day ahead inc hosp","quantile",0.1,1581,"COVID-19"
"DE-BY","00+",2022-04-28,2022-04-09,"-19 day ahead inc hosp","quantile",0.25,1613,"COVID-19"
"DE-BY","00+",2022-04-28,2022-04-09,"-19 day ahead inc hosp","quantile",0.5,1657,"COVID-19"
"DE-BY","00+",2022-04-28,2022-04-09,"-19 day ahead inc hosp","quantile",0.75,1709,"COVID-19"
"DE-BY","00+",2022-04-28,2022-04-09,"-19 day ahead inc hosp","quantile",0.9,1765,"COVID-19"
"DE-BY","00+",2022-04-28,2022-04-09,"-19 day ahead inc hosp","quantile",0.975,1837,"COVID-19"
"DE-BY","00+",2022-04-28,2022-04-08,"-20 day ahead inc hosp","mean",NA,1657,"COVID-19"
"DE-BY","00+",2022-04-28,2022-04-08,"-20 day ahead inc hosp","quantile",0.025,1545,"COVID-19"
"DE-BY","00+",2022-04-28,2022-04-08,"-20 day ahead inc hosp","quantile",0.1,1572,"COVID-19"
"DE-BY","00+",2022-04-28,2022-04-08,"-20 day ahead inc hosp","quantile",0.25,1603,"COVID-19"
"DE-BY","00+",2022-04-28,2022-04-08,"-20 day ahead inc hosp","quantile",0.5,1646,"COVID-19"
"DE-BY","00+",2022-04-28,2022-04-08,"-20 day ahead inc hosp","quantile",0.75,1699,"COVID-19"
"DE-BY","00+",2022-04-28,2022-04-08,"-20 day ahead inc hosp","quantile",0.9,1756,"COVID-19"
"DE-BY","00+",2022-04-28,2022-04-08,"-20 day ahead inc hosp","quantile",0.975,1830,"COVID-19"
"DE-BY","00+",2022-04-28,2022-04-07,"-21 day ahead inc hosp","mean",NA,1734,"COVID-19"
"DE-BY","00+",2022-04-28,2022-04-07,"-21 day ahead inc hosp","quantile",0.025,1622,"COVID-19"
"DE-BY","00+",2022-04-28,2022-04-07,"-21 day ahead inc hosp","quantile",0.1,1647,"COVID-19"
"DE-BY","00+",2022-04-28,2022-04-07,"-21 day ahead inc hosp","quantile",0.25,1678,"COVID-19"
"DE-BY","00+",2022-04-28,2022-04-07,"-21 day ahead inc hosp","quantile",0.5,1721,"COVID-19"
"DE-BY","00+",2022-04-28,2022-04-07,"-21 day ahead inc hosp","quantile",0.75,1776,"COVID-19"
"DE-BY","00+",2022-04-28,2022-04-07,"-21 day ahead inc hosp","quantile",0.9,1836,"COVID-19"
"DE-BY","00+",2022-04-28,2022-04-07,"-21 day ahead inc hosp","quantile",0.975,1915,"COVID-19"
"DE-BY","00+",2022-04-28,2022-04-06,"-22 day ahead inc hosp","mean",NA,1795,"COVID-19"
"DE-BY","00+",2022-04-28,2022-04-06,"-22 day ahead inc hosp","quantile",0.025,1686,"COVID-19"
"DE-BY","00+",2022-04-28,2022-04-06,"-22 day ahead inc hosp","quantile",0.1,1710,"COVID-19"
"DE-BY","00+",2022-04-28,2022-04-06,"-22 day ahead inc hosp","quantile",0.25,1739,"COVID-19"
"DE-BY","00+",2022-04-28,2022-04-06,"-22 day ahead inc hosp","quantile",0.5,1782,"COVID-19"
"DE-BY","00+",2022-04-28,2022-04-06,"-22 day ahead inc hosp","quantile",0.75,1837,"COVID-19"
"DE-BY","00+",2022-04-28,2022-04-06,"-22 day ahead inc hosp","quantile",0.9,1897,"COVID-19"
"DE-BY","00+",2022-04-28,2022-04-06,"-22 day ahead inc hosp","quantile",0.975,1979,"COVID-19"
"DE-BY","00+",2022-04-28,2022-04-05,"-23 day ahead inc hosp","mean",NA,1859,"COVID-19"
"DE-BY","00+",2022-04-28,2022-04-05,"-23 day ahead inc hosp","quantile",0.025,1756,"COVID-19"
"DE-BY","00+",2022-04-28,2022-04-05,"-23 day ahead inc hosp","quantile",0.1,1778,"COVID-19"
"DE-BY","00+",2022-04-28,2022-04-05,"-23 day ahead inc hosp","quantile",0.25,1805,"COVID-19"
"DE-BY","00+",2022-04-28,2022-04-05,"-23 day ahead inc hosp","quantile",0.5,1846,"COVID-19"
"DE-BY","00+",2022-04-28,2022-04-05,"-23 day ahead inc hosp","quantile",0.75,1899,"COVID-19"
"DE-BY","00+",2022-04-28,2022-04-05,"-23 day ahead inc hosp","quantile",0.9,1959,"COVID-19"
"DE-BY","00+",2022-04-28,2022-04-05,"-23 day ahead inc hosp","quantile",0.975,2039,"COVID-19"
"DE-BY","00+",2022-04-28,2022-04-04,"-24 day ahead inc hosp","mean",NA,1915,"COVID-19"
"DE-BY","00+",2022-04-28,2022-04-04,"-24 day ahead inc hosp","quantile",0.025,1817,"COVID-19"
"DE-BY","00+",2022-04-28,2022-04-04,"-24 day ahead inc hosp","quantile",0.1,1837,"COVID-19"
"DE-BY","00+",2022-04-28,2022-04-04,"-24 day ahead inc hosp","quantile",0.25,1863,"COVID-19"
"DE-BY","00+",2022-04-28,2022-04-04,"-24 day ahead inc hosp","quantile",0.5,1901,"COVID-19"
"DE-BY","00+",2022-04-28,2022-04-04,"-24 day ahead inc hosp","quantile",0.75,1952,"COVID-19"
"DE-BY","00+",2022-04-28,2022-04-04,"-24 day ahead inc hosp","quantile",0.9,2009,"COVID-19"
"DE-BY","00+",2022-04-28,2022-04-04,"-24 day ahead inc hosp","quantile",0.975,2087,"COVID-19"
"DE-BY","00+",2022-04-28,2022-04-03,"-25 day ahead inc hosp","mean",NA,1962,"COVID-19"
"DE-BY","00+",2022-04-28,2022-04-03,"-25 day ahead inc hosp","quantile",0.025,1866,"COVID-19"
"DE-BY","00+",2022-04-28,2022-04-03,"-25 day ahead inc hosp","quantile",0.1,1885,"COVID-19"
"DE-BY","00+",2022-04-28,2022-04-03,"-25 day ahead inc hosp","quantile",0.25,1910,"COVID-19"
"DE-BY","00+",2022-04-28,2022-04-03,"-25 day ahead inc hosp","quantile",0.5,1948,"COVID-19"
"DE-BY","00+",2022-04-28,2022-04-03,"-25 day ahead inc hosp","quantile",0.75,2000,"COVID-19"
"DE-BY","00+",2022-04-28,2022-04-03,"-25 day ahead inc hosp","quantile",0.9,2058,"COVID-19"
"DE-BY","00+",2022-04-28,2022-04-03,"-25 day ahead inc hosp","quantile",0.975,2138,"COVID-19"
"DE-BY","00+",2022-04-28,2022-04-02,"-26 day ahead inc hosp","mean",NA,1975,"COVID-19"
"DE-BY","00+",2022-04-28,2022-04-02,"-26 day ahead inc hosp","quantile",0.025,1881,"COVID-19"
"DE-BY","00+",2022-04-28,2022-04-02,"-26 day ahead inc hosp","quantile",0.1,1899,"COVID-19"
"DE-BY","00+",2022-04-28,2022-04-02,"-26 day ahead inc hosp","quantile",0.25,1923,"COVID-19"
"DE-BY","00+",2022-04-28,2022-04-02,"-26 day ahead inc hosp","quantile",0.5,1960,"COVID-19"
"DE-BY","00+",2022-04-28,2022-04-02,"-26 day ahead inc hosp","quantile",0.75,2011,"COVID-19"
"DE-BY","00+",2022-04-28,2022-04-02,"-26 day ahead inc hosp","quantile",0.9,2068,"COVID-19"
"DE-BY","00+",2022-04-28,2022-04-02,"-26 day ahead inc hosp","quantile",0.975,2147,"COVID-19"
"DE-BY","00+",2022-04-28,2022-04-01,"-27 day ahead inc hosp","mean",NA,2003,"COVID-19"
"DE-BY","00+",2022-04-28,2022-04-01,"-27 day ahead inc hosp","quantile",0.025,1915,"COVID-19"
"DE-BY","00+",2022-04-28,2022-04-01,"-27 day ahead inc hosp","quantile",0.1,1932,"COVID-19"
"DE-BY","00+",2022-04-28,2022-04-01,"-27 day ahead inc hosp","quantile",0.25,1954,"COVID-19"
"DE-BY","00+",2022-04-28,2022-04-01,"-27 day ahead inc hosp","quantile",0.5,1989,"COVID-19"
"DE-BY","00+",2022-04-28,2022-04-01,"-27 day ahead inc hosp","quantile",0.75,2037,"COVID-19"
"DE-BY","00+",2022-04-28,2022-04-01,"-27 day ahead inc hosp","quantile",0.9,2091,"COVID-19"
"DE-BY","00+",2022-04-28,2022-04-01,"-27 day ahead inc hosp","quantile",0.975,2166,"COVID-19"
"DE-BY","00+",2022-04-28,2022-03-31,"-28 day ahead inc hosp","mean",NA,2010,"COVID-19"
"DE-BY","00+",2022-04-28,2022-03-31,"-28 day ahead inc hosp","quantile",0.025,1932,"COVID-19"
"DE-BY","00+",2022-04-28,2022-03-31,"-28 day ahead inc hosp","quantile",0.1,1946,"COVID-19"
"DE-BY","00+",2022-04-28,2022-03-31,"-28 day ahead inc hosp","quantile",0.25,1966,"COVID-19"
"DE-BY","00+",2022-04-28,2022-03-31,"-28 day ahead inc hosp","quantile",0.5,1998,"COVID-19"
"DE-BY","00+",2022-04-28,2022-03-31,"-28 day ahead inc hosp","quantile",0.75,2041,"COVID-19"
"DE-BY","00+",2022-04-28,2022-03-31,"-28 day ahead inc hosp","quantile",0.9,2091,"COVID-19"
"DE-BY","00+",2022-04-28,2022-03-31,"-28 day ahead inc hosp","quantile",0.975,2159,"COVID-19"
"DE-HB","00+",2022-04-28,2022-04-28,"0 day ahead inc hosp","mean",NA,10,"COVID-19"
"DE-HB","00+",2022-04-28,2022-04-28,"0 day ahead inc hosp","quantile",0.025,8,"COVID-19"
"DE-HB","00+",2022-04-28,2022-04-28,"0 day ahead inc hosp","quantile",0.1,8,"COVID-19"
"DE-HB","00+",2022-04-28,2022-04-28,"0 day ahead inc hosp","quantile",0.25,9,"COVID-19"
"DE-HB","00+",2022-04-28,2022-04-28,"0 day ahead inc hosp","quantile",0.5,10,"COVID-19"
"DE-HB","00+",2022-04-28,2022-04-28,"0 day ahead inc hosp","quantile",0.75,12,"COVID-19"
"DE-HB","00+",2022-04-28,2022-04-28,"0 day ahead inc hosp","quantile",0.9,13,"COVID-19"
"DE-HB","00+",2022-04-28,2022-04-28,"0 day ahead inc hosp","quantile",0.975,15,"COVID-19"
"DE-HB","00+",2022-04-28,2022-04-27,"-1 day ahead inc hosp","mean",NA,13,"COVID-19"
"DE-HB","00+",2022-04-28,2022-04-27,"-1 day ahead inc hosp","quantile",0.025,10,"COVID-19"
"DE-HB","00+",2022-04-28,2022-04-27,"-1 day ahead inc hosp","quantile",0.1,11,"COVID-19"
"DE-HB","00+",2022-04-28,2022-04-27,"-1 day ahead inc hosp","quantile",0.25,11,"COVID-19"
"DE-HB","00+",2022-04-28,2022-04-27,"-1 day ahead inc hosp","quantile",0.5,13,"COVID-19"
"DE-HB","00+",2022-04-28,2022-04-27,"-1 day ahead inc hosp","quantile",0.75,14,"COVID-19"
"DE-HB","00+",2022-04-28,2022-04-27,"-1 day ahead inc hosp","quantile",0.9,16,"COVID-19"
"DE-HB","00+",2022-04-28,2022-04-27,"-1 day ahead inc hosp","quantile",0.975,18,"COVID-19"
"DE-HB","00+",2022-04-28,2022-04-26,"-2 day ahead inc hosp","mean",NA,17,"COVID-19"
"DE-HB","00+",2022-04-28,2022-04-26,"-2 day ahead inc hosp","quantile",0.025,14,"COVID-19"
"DE-HB","00+",2022-04-28,2022-04-26,"-2 day ahead inc hosp","quantile",0.1,15,"COVID-19"
"DE-HB","00+",2022-04-28,2022-04-26,"-2 day ahead inc hosp","quantile",0.25,16,"COVID-19"
"DE-HB","00+",2022-04-28,2022-04-26,"-2 day ahead inc hosp","quantile",0.5,17,"COVID-19"
"DE-HB","00+",2022-04-28,2022-04-26,"-2 day ahead inc hosp","quantile",0.75,19,"COVID-19"
"DE-HB","00+",2022-04-28,2022-04-26,"-2 day ahead inc hosp","quantile",0.9,20,"COVID-19"
"DE-HB","00+",2022-04-28,2022-04-26,"-2 day ahead inc hosp","quantile",0.975,22,"COVID-19"
"DE-HB","00+",2022-04-28,2022-04-25,"-3 day ahead inc hosp","mean",NA,16,"COVID-19"
"DE-HB","00+",2022-04-28,2022-04-25,"-3 day ahead inc hosp","quantile",0.025,13,"COVID-19"
"DE-HB","00+",2022-04-28,2022-04-25,"-3 day ahead inc hosp","quantile",0.1,14,"COVID-19"
"DE-HB","00+",2022-04-28,2022-04-25,"-3 day ahead inc hosp","quantile",0.25,15,"COVID-19"
"DE-HB","00+",2022-04-28,2022-04-25,"-3 day ahead inc hosp","quantile",0.5,16,"COVID-19"
"DE-HB","00+",2022-04-28,2022-04-25,"-3 day ahead inc hosp","quantile",0.75,17,"COVID-19"
"DE-HB","00+",2022-04-28,2022-04-25,"-3 day ahead inc hosp","quantile",0.9,18,"COVID-19"
"DE-HB","00+",2022-04-28,2022-04-25,"-3 day ahead inc hosp","quantile",0.975,20,"COVID-19"
"DE-HB","00+",2022-04-28,2022-04-24,"-4 day ahead inc hosp","mean",NA,13,"COVID-19"
"DE-HB","00+",2022-04-28,2022-04-24,"-4 day ahead inc hosp","quantile",0.025,11,"COVID-19"
"DE-HB","00+",2022-04-28,2022-04-24,"-4 day ahead inc hosp","quantile",0.1,11,"COVID-19"
"DE-HB","00+",2022-04-28,2022-04-24,"-4 day ahead inc hosp","quantile",0.25,12,"COVID-19"
"DE-HB","00+",2022-04-28,2022-04-24,"-4 day ahead inc hosp","quantile",0.5,13,"COVID-19"
"DE-HB","00+",2022-04-28,2022-04-24,"-4 day ahead inc hosp","quantile",0.75,14,"COVID-19"
"DE-HB","00+",2022-04-28,2022-04-24,"-4 day ahead inc hosp","quantile",0.9,15,"COVID-19"
"DE-HB","00+",2022-04-28,2022-04-24,"-4 day ahead inc hosp","quantile",0.975,17,"COVID-19"
"DE-HB","00+",2022-04-28,2022-04-23,"-5 day ahead inc hosp","mean",NA,18,"COVID-19"
"DE-HB","00+",2022-04-28,2022-04-23,"-5 day ahead inc hosp","quantile",0.025,15,"COVID-19"
"DE-HB","00+",2022-04-28,2022-04-23,"-5 day ahead inc hosp","quantile",0.1,16,"COVID-19"
"DE-HB","00+",2022-04-28,2022-04-23,"-5 day ahead inc hosp","quantile",0.25,16,"COVID-19"
"DE-HB","00+",2022-04-28,2022-04-23,"-5 day ahead inc hosp","quantile",0.5,17,"COVID-19"
"DE-HB","00+",2022-04-28,2022-04-23,"-5 day ahead inc hosp","quantile",0.75,19,"COVID-19"
"DE-HB","00+",2022-04-28,2022-04-23,"-5 day ahead inc hosp","quantile",0.9,20,"COVID-19"
"DE-HB","00+",2022-04-28,2022-04-23,"-5 day ahead inc hosp","quantile",0.975,21,"COVID-19"
"DE-HB","00+",2022-04-28,2022-04-22,"-6 day ahead inc hosp","mean",NA,15,"COVID-19"
"DE-HB","00+",2022-04-28,2022-04-22,"-6 day ahead inc hosp","quantile",0.025,13,"COVID-19"
"DE-HB","00+",2022-04-28,2022-04-22,"-6 day ahead inc hosp","quantile",0.1,13,"COVID-19"
"DE-HB","00+",2022-04-28,2022-04-22,"-6 day ahead inc hosp","quantile",0.25,14,"COVID-19"
"DE-HB","00+",2022-04-28,2022-04-22,"-6 day ahead inc hosp","quantile",0.5,15,"COVID-19"
"DE-HB","00+",2022-04-28,2022-04-22,"-6 day ahead inc hosp","quantile",0.75,16,"COVID-19"
"DE-HB","00+",2022-04-28,2022-04-22,"-6 day ahead inc hosp","quantile",0.9,17,"COVID-19"
"DE-HB","00+",2022-04-28,2022-04-22,"-6 day ahead inc hosp","quantile",0.975,18,"COVID-19"
"DE-HB","00+",2022-04-28,2022-04-21,"-7 day ahead inc hosp","mean",NA,16,"COVID-19"
"DE-HB","00+",2022-04-28,2022-04-21,"-7 day ahead inc hosp","quantile",0.025,14,"COVID-19"
"DE-HB","00+",2022-04-28,2022-04-21,"-7 day ahead inc hosp","quantile",0.1,14,"COVID-19"
"DE-HB","00+",2022-04-28,2022-04-21,"-7 day ahead inc hosp","quantile",0.25,15,"COVID-19"
"DE-HB","00+",2022-04-28,2022-04-21,"-7 day ahead inc hosp","quantile",0.5,16,"COVID-19"
"DE-HB","00+",2022-04-28,2022-04-21,"-7 day ahead inc hosp","quantile",0.75,17,"COVID-19"
"DE-HB","00+",2022-04-28,2022-04-21,"-7 day ahead inc hosp","quantile",0.9,18,"COVID-19"
"DE-HB","00+",2022-04-28,2022-04-21,"-7 day ahead inc hosp","quantile",0.975,19,"COVID-19"
"DE-HB","00+",2022-04-28,2022-04-20,"-8 day ahead inc hosp","mean",NA,19,"COVID-19"
"DE-HB","00+",2022-04-28,2022-04-20,"-8 day ahead inc hosp","quantile",0.025,17,"COVID-19"
"DE-HB","00+",2022-04-28,2022-04-20,"-8 day ahead inc hosp","quantile",0.1,17,"COVID-19"
"DE-HB","00+",2022-04-28,2022-04-20,"-8 day ahead inc hosp","quantile",0.25,18,"COVID-19"
"DE-HB","00+",2022-04-28,2022-04-20,"-8 day ahead inc hosp","quantile",0.5,19,"COVID-19"
"DE-HB","00+",2022-04-28,2022-04-20,"-8 day ahead inc hosp","quantile",0.75,20,"COVID-19"
"DE-HB","00+",2022-04-28,2022-04-20,"-8 day ahead inc hosp","quantile",0.9,21,"COVID-19"
"DE-HB","00+",2022-04-28,2022-04-20,"-8 day ahead inc hosp","quantile",0.975,22,"COVID-19"
"DE-HB","00+",2022-04-28,2022-04-19,"-9 day ahead inc hosp","mean",NA,20,"COVID-19"
"DE-HB","00+",2022-04-28,2022-04-19,"-9 day ahead inc hosp","quantile",0.025,18,"COVID-19"
"DE-HB","00+",2022-04-28,2022-04-19,"-9 day ahead inc hosp","quantile",0.1,18,"COVID-19"
"DE-HB","00+",2022-04-28,2022-04-19,"-9 day ahead inc hosp","quantile",0.25,19,"COVID-19"
"DE-HB","00+",2022-04-28,2022-04-19,"-9 day ahead inc hosp","quantile",0.5,19,"COVID-19"
"DE-HB","00+",2022-04-28,2022-04-19,"-9 day ahead inc hosp","quantile",0.75,20,"COVID-19"
"DE-HB","00+",2022-04-28,2022-04-19,"-9 day ahead inc hosp","quantile",0.9,21,"COVID-19"
"DE-HB","00+",2022-04-28,2022-04-19,"-9 day ahead inc hosp","quantile",0.975,23,"COVID-19"
"DE-HB","00+",2022-04-28,2022-04-18,"-10 day ahead inc hosp","mean",NA,26,"COVID-19"
"DE-HB","00+",2022-04-28,2022-04-18,"-10 day ahead inc hosp","quantile",0.025,24,"COVID-19"
"DE-HB","00+",2022-04-28,2022-04-18,"-10 day ahead inc hosp","quantile",0.1,24,"COVID-19"
"DE-HB","00+",2022-04-28,2022-04-18,"-10 day ahead inc hosp","quantile",0.25,25,"COVID-19"
"DE-HB","00+",2022-04-28,2022-04-18,"-10 day ahead inc hosp","quantile",0.5,26,"COVID-19"
"DE-HB","00+",2022-04-28,2022-04-18,"-10 day ahead inc hosp","quantile",0.75,27,"COVID-19"
"DE-HB","00+",2022-04-28,2022-04-18,"-10 day ahead inc hosp","quantile",0.9,28,"COVID-19"
"DE-HB","00+",2022-04-28,2022-04-18,"-10 day ahead inc hosp","quantile",0.975,29,"COVID-19"
"DE-HB","00+",2022-04-28,2022-04-17,"-11 day ahead inc hosp","mean",NA,27,"COVID-19"
"DE-HB","00+",2022-04-28,2022-04-17,"-11 day ahead inc hosp","quantile",0.025,25,"COVID-19"
"DE-HB","00+",2022-04-28,2022-04-17,"-11 day ahead inc hosp","quantile",0.1,25,"COVID-19"
"DE-HB","00+",2022-04-28,2022-04-17,"-11 day ahead inc hosp","quantile",0.25,26,"COVID-19"
"DE-HB","00+",2022-04-28,2022-04-17,"-11 day ahead inc hosp","quantile",0.5,27,"COVID-19"
"DE-HB","00+",2022-04-28,2022-04-17,"-11 day ahead inc hosp","quantile",0.75,28,"COVID-19"
"DE-HB","00+",2022-04-28,2022-04-17,"-11 day ahead inc hosp","quantile",0.9,29,"COVID-19"
"DE-HB","00+",2022-04-28,2022-04-17,"-11 day ahead inc hosp","quantile",0.975,30,"COVID-19"
"DE-HB","00+",2022-04-28,2022-04-16,"-12 day ahead inc hosp","mean",NA,24,"COVID-19"
"DE-HB","00+",2022-04-28,2022-04-16,"-12 day ahead inc hosp","quantile",0.025,22,"COVID-19"
"DE-HB","00+",2022-04-28,2022-04-16,"-12 day ahead inc hosp","quantile",0.1,22,"COVID-19"
"DE-HB","00+",2022-04-28,2022-04-16,"-12 day ahead inc hosp","quantile",0.25,23,"COVID-19"
"DE-HB","00+",2022-04-28,2022-04-16,"-12 day ahead inc hosp","quantile",0.5,24,"COVID-19"
"DE-HB","00+",2022-04-28,2022-04-16,"-12 day ahead inc hosp","quantile",0.75,24,"COVID-19"
"DE-HB","00+",2022-04-28,2022-04-16,"-12 day ahead inc hosp","quantile",0.9,25,"COVID-19"
"DE-HB","00+",2022-04-28,2022-04-16,"-12 day ahead inc hosp","quantile",0.975,27,"COVID-19"
"DE-HB","00+",2022-04-28,2022-04-15,"-13 day ahead inc hosp","mean",NA,25,"COVID-19"
"DE-HB","00+",2022-04-28,2022-04-15,"-13 day ahead inc hosp","quantile",0.025,23,"COVID-19"
"DE-HB","00+",2022-04-28,2022-04-15,"-13 day ahead inc hosp","quantile",0.1,23,"COVID-19"
"DE-HB","00+",2022-04-28,2022-04-15,"-13 day ahead inc hosp","quantile",0.25,24,"COVID-19"
"DE-HB","00+",2022-04-28,2022-04-15,"-13 day ahead inc hosp","quantile",0.5,25,"COVID-19"
"DE-HB","00+",2022-04-28,2022-04-15,"-13 day ahead inc hosp","quantile",0.75,26,"COVID-19"
"DE-HB","00+",2022-04-28,2022-04-15,"-13 day ahead inc hosp","quantile",0.9,27,"COVID-19"
"DE-HB","00+",2022-04-28,2022-04-15,"-13 day ahead inc hosp","quantile",0.975,28,"COVID-19"
"DE-HB","00+",2022-04-28,2022-04-14,"-14 day ahead inc hosp","mean",NA,25,"COVID-19"
"DE-HB","00+",2022-04-28,2022-04-14,"-14 day ahead inc hosp","quantile",0.025,23,"COVID-19"
"DE-HB","00+",2022-04-28,2022-04-14,"-14 day ahead inc hosp","quantile",0.1,23,"COVID-19"
"DE-HB","00+",2022-04-28,2022-04-14,"-14 day ahead inc hosp","quantile",0.25,24,"COVID-19"
"DE-HB","00+",2022-04-28,2022-04-14,"-14 day ahead inc hosp","quantile",0.5,25,"COVID-19"
"DE-HB","00+",2022-04-28,2022-04-14,"-14 day ahead inc hosp","quantile",0.75,25,"COVID-19"
"DE-HB","00+",2022-04-28,2022-04-14,"-14 day ahead inc hosp","quantile",0.9,26,"COVID-19"
"DE-HB","00+",2022-04-28,2022-04-14,"-14 day ahead inc hosp","quantile",0.975,28,"COVID-19"
"DE-HB","00+",2022-04-28,2022-04-13,"-15 day ahead inc hosp","mean",NA,24,"COVID-19"
"DE-HB","00+",2022-04-28,2022-04-13,"-15 day ahead inc hosp","quantile",0.025,22,"COVID-19"
"DE-HB","00+",2022-04-28,2022-04-13,"-15 day ahead inc hosp","quantile",0.1,22,"COVID-19"
"DE-HB","00+",2022-04-28,2022-04-13,"-15 day ahead inc hosp","quantile",0.25,22,"COVID-19"
"DE-HB","00+",2022-04-28,2022-04-13,"-15 day ahead inc hosp","quantile",0.5,23,"COVID-19"
"DE-HB","00+",2022-04-28,2022-04-13,"-15 day ahead inc hosp","quantile",0.75,24,"COVID-19"
"DE-HB","00+",2022-04-28,2022-04-13,"-15 day ahead inc hosp","quantile",0.9,25,"COVID-19"
"DE-HB","00+",2022-04-28,2022-04-13,"-15 day ahead inc hosp","quantile",0.975,27,"COVID-19"
"DE-HB","00+",2022-04-28,2022-04-12,"-16 day ahead inc hosp","mean",NA,19,"COVID-19"
"DE-HB","00+",2022-04-28,2022-04-12,"-16 day ahead inc hosp","quantile",0.025,18,"COVID-19"
"DE-HB","00+",2022-04-28,2022-04-12,"-16 day ahead inc hosp","quantile",0.1,18,"COVID-19"
"DE-HB","00+",2022-04-28,2022-04-12,"-16 day ahead inc hosp","quantile",0.25,18,"COVID-19"
"DE-HB","00+",2022-04-28,2022-04-12,"-16 day ahead inc hosp","quantile",0.5,19,"COVID-19"
"DE-HB","00+",2022-04-28,2022-04-12,"-16 day ahead inc hosp","quantile",0.75,20,"COVID-19"
"DE-HB","00+",2022-04-28,2022-04-12,"-16 day ahead inc hosp","quantile",0.9,21,"COVID-19"
"DE-HB","00+",2022-04-28,2022-04-12,"-16 day ahead inc hosp","quantile",0.975,22,"COVID-19"
"DE-HB","00+",2022-04-28,2022-04-11,"-17 day ahead inc hosp","mean",NA,27,"COVID-19"
"DE-HB","00+",2022-04-28,2022-04-11,"-17 day ahead inc hosp","quantile",0.025,26,"COVID-19"
"DE-HB","00+",2022-04-28,2022-04-11,"-17 day ahead inc hosp","quantile",0.1,26,"COVID-19"
"DE-HB","00+",2022-04-28,2022-04-11,"-17 day ahead inc hosp","quantile",0.25,26,"COVID-19"
"DE-HB","00+",2022-04-28,2022-04-11,"-17 day ahead inc hosp","quantile",0.5,27,"COVID-19"
"DE-HB","00+",2022-04-28,2022-04-11,"-17 day ahead inc hosp","quantile",0.75,28,"COVID-19"
"DE-HB","00+",2022-04-28,2022-04-11,"-17 day ahead inc hosp","quantile",0.9,29,"COVID-19"
"DE-HB","00+",2022-04-28,2022-04-11,"-17 day ahead inc hosp","quantile",0.975,30,"COVID-19"
"DE-HB","00+",2022-04-28,2022-04-10,"-18 day ahead inc hosp","mean",NA,26,"COVID-19"
"DE-HB","00+",2022-04-28,2022-04-10,"-18 day ahead inc hosp","quantile",0.025,25,"COVID-19"
"DE-HB","00+",2022-04-28,2022-04-10,"-18 day ahead inc hosp","quantile",0.1,25,"COVID-19"
"DE-HB","00+",2022-04-28,2022-04-10,"-18 day ahead inc hosp","quantile",0.25,25,"COVID-19"
"DE-HB","00+",2022-04-28,2022-04-10,"-18 day ahead inc hosp","quantile",0.5,26,"COVID-19"
"DE-HB","00+",2022-04-28,2022-04-10,"-18 day ahead inc hosp","quantile",0.75,27,"COVID-19"
"DE-HB","00+",2022-04-28,2022-04-10,"-18 day ahead inc hosp","quantile",0.9,28,"COVID-19"
"DE-HB","00+",2022-04-28,2022-04-10,"-18 day ahead inc hosp","quantile",0.975,29,"COVID-19"
"DE-HB","00+",2022-04-28,2022-04-09,"-19 day ahead inc hosp","mean",NA,26,"COVID-19"
"DE-HB","00+",2022-04-28,2022-04-09,"-19 day ahead inc hosp","quantile",0.025,25,"COVID-19"
"DE-HB","00+",2022-04-28,2022-04-09,"-19 day ahead inc hosp","quantile",0.1,25,"COVID-19"
"DE-HB","00+",2022-04-28,2022-04-09,"-19 day ahead inc hosp","quantile",0.25,25,"COVID-19"
"DE-HB","00+",2022-04-28,2022-04-09,"-19 day ahead inc hosp","quantile",0.5,26,"COVID-19"
"DE-HB","00+",2022-04-28,2022-04-09,"-19 day ahead inc hosp","quantile",0.75,27,"COVID-19"
"DE-HB","00+",2022-04-28,2022-04-09,"-19 day ahead inc hosp","quantile",0.9,28,"COVID-19"
"DE-HB","00+",2022-04-28,2022-04-09,"-19 day ahead inc hosp","quantile",0.975,29,"COVID-19"
"DE-HB","00+",2022-04-28,2022-04-08,"-20 day ahead inc hosp","mean",NA,28,"COVID-19"
"DE-HB","00+",2022-04-28,2022-04-08,"-20 day ahead inc hosp","quantile",0.025,27,"COVID-19"
"DE-HB","00+",2022-04-28,2022-04-08,"-20 day ahead inc hosp","quantile",0.1,27,"COVID-19"
"DE-HB","00+",2022-04-28,2022-04-08,"-20 day ahead inc hosp","quantile",0.25,27,"COVID-19"
"DE-HB","00+",2022-04-28,2022-04-08,"-20 day ahead inc hosp","quantile",0.5,28,"COVID-19"
"DE-HB","00+",2022-04-28,2022-04-08,"-20 day ahead inc hosp","quantile",0.75,29,"COVID-19"
"DE-HB","00+",2022-04-28,2022-04-08,"-20 day ahead inc hosp","quantile",0.9,29,"COVID-19"
"DE-HB","00+",2022-04-28,2022-04-08,"-20 day ahead inc hosp","quantile",0.975,31,"COVID-19"
"DE-HB","00+",2022-04-28,2022-04-07,"-21 day ahead inc hosp","mean",NA,30,"COVID-19"
"DE-HB","00+",2022-04-28,2022-04-07,"-21 day ahead inc hosp","quantile",0.025,29,"COVID-19"
"DE-HB","00+",2022-04-28,2022-04-07,"-21 day ahead inc hosp","quantile",0.1,29,"COVID-19"
"DE-HB","00+",2022-04-28,2022-04-07,"-21 day ahead inc hosp","quantile",0.25,29,"COVID-19"
"DE-HB","00+",2022-04-28,2022-04-07,"-21 day ahead inc hosp","quantile",0.5,30,"COVID-19"
"DE-HB","00+",2022-04-28,2022-04-07,"-21 day ahead inc hosp","quantile",0.75,30,"COVID-19"
"DE-HB","00+",2022-04-28,2022-04-07,"-21 day ahead inc hosp","quantile",0.9,31,"COVID-19"
"DE-HB","00+",2022-04-28,2022-04-07,"-21 day ahead inc hosp","quantile",0.975,32,"COVID-19"
"DE-HB","00+",2022-04-28,2022-04-06,"-22 day ahead inc hosp","mean",NA,32,"COVID-19"
"DE-HB","00+",2022-04-28,2022-04-06,"-22 day ahead inc hosp","quantile",0.025,31,"COVID-19"
"DE-HB","00+",2022-04-28,2022-04-06,"-22 day ahead inc hosp","quantile",0.1,31,"COVID-19"
"DE-HB","00+",2022-04-28,2022-04-06,"-22 day ahead inc hosp","quantile",0.25,31,"COVID-19"
"DE-HB","00+",2022-04-28,2022-04-06,"-22 day ahead inc hosp","quantile",0.5,32,"COVID-19"
"DE-HB","00+",2022-04-28,2022-04-06,"-22 day ahead inc hosp","quantile",0.75,32,"COVID-19"
"DE-HB","00+",2022-04-28,2022-04-06,"-22 day ahead inc hosp","quantile",0.9,33,"COVID-19"
"DE-HB","00+",2022-04-28,2022-04-06,"-22 day ahead inc hosp","quantile",0.975,34,"COVID-19"
"DE-HB","00+",2022-04-28,2022-04-05,"-23 day ahead inc hosp","mean",NA,38,"COVID-19"
"DE-HB","00+",2022-04-28,2022-04-05,"-23 day ahead inc hosp","quantile",0.025,37,"COVID-19"
"DE-HB","00+",2022-04-28,2022-04-05,"-23 day ahead inc hosp","quantile",0.1,37,"COVID-19"
"DE-HB","00+",2022-04-28,2022-04-05,"-23 day ahead inc hosp","quantile",0.25,37,"COVID-19"
"DE-HB","00+",2022-04-28,2022-04-05,"-23 day ahead inc hosp","quantile",0.5,38,"COVID-19"
"DE-HB","00+",2022-04-28,2022-04-05,"-23 day ahead inc hosp","quantile",0.75,38,"COVID-19"
"DE-HB","00+",2022-04-28,2022-04-05,"-23 day ahead inc hosp","quantile",0.9,39,"COVID-19"
"DE-HB","00+",2022-04-28,2022-04-05,"-23 day ahead inc hosp","quantile",0.975,40,"COVID-19"
"DE-HB","00+",2022-04-28,2022-04-04,"-24 day ahead inc hosp","mean",NA,27,"COVID-19"
"DE-HB","00+",2022-04-28,2022-04-04,"-24 day ahead inc hosp","quantile",0.025,26,"COVID-19"
"DE-HB","00+",2022-04-28,2022-04-04,"-24 day ahead inc hosp","quantile",0.1,26,"COVID-19"
"DE-HB","00+",2022-04-28,2022-04-04,"-24 day ahead inc hosp","quantile",0.25,26,"COVID-19"
"DE-HB","00+",2022-04-28,2022-04-04,"-24 day ahead inc hosp","quantile",0.5,26,"COVID-19"
"DE-HB","00+",2022-04-28,2022-04-04,"-24 day ahead inc hosp","quantile",0.75,27,"COVID-19"
"DE-HB","00+",2022-04-28,2022-04-04,"-24 day ahead inc hosp","quantile",0.9,27,"COVID-19"
"DE-HB","00+",2022-04-28,2022-04-04,"-24 day ahead inc hosp","quantile",0.975,28,"COVID-19"
"DE-HB","00+",2022-04-28,2022-04-03,"-25 day ahead inc hosp","mean",NA,28,"COVID-19"
"DE-HB","00+",2022-04-28,2022-04-03,"-25 day ahead inc hosp","quantile",0.025,27,"COVID-19"
"DE-HB","00+",2022-04-28,2022-04-03,"-25 day ahead inc hosp","quantile",0.1,27,"COVID-19"
"DE-HB","00+",2022-04-28,2022-04-03,"-25 day ahead inc hosp","quantile",0.25,27,"COVID-19"
"DE-HB","00+",2022-04-28,2022-04-03,"-25 day ahead inc hosp","quantile",0.5,27,"COVID-19"
"DE-HB","00+",2022-04-28,2022-04-03,"-25 day ahead inc hosp","quantile",0.75,28,"COVID-19"
"DE-HB","00+",2022-04-28,2022-04-03,"-25 day ahead inc hosp","quantile",0.9,28,"COVID-19"
"DE-HB","00+",2022-04-28,2022-04-03,"-25 day ahead inc hosp","quantile",0.975,29,"COVID-19"
"DE-HB","00+",2022-04-28,2022-04-02,"-26 day ahead inc hosp","mean",NA,30,"COVID-19"
"DE-HB","00+",2022-04-28,2022-04-02,"-26 day ahead inc hosp","quantile",0.025,29,"COVID-19"
"DE-HB","00+",2022-04-28,2022-04-02,"-26 day ahead inc hosp","quantile",0.1,29,"COVID-19"
"DE-HB","00+",2022-04-28,2022-04-02,"-26 day ahead inc hosp","quantile",0.25,29,"COVID-19"
"DE-HB","00+",2022-04-28,2022-04-02,"-26 day ahead inc hosp","quantile",0.5,29,"COVID-19"
"DE-HB","00+",2022-04-28,2022-04-02,"-26 day ahead inc hosp","quantile",0.75,30,"COVID-19"
"DE-HB","00+",2022-04-28,2022-04-02,"-26 day ahead inc hosp","quantile",0.9,31,"COVID-19"
"DE-HB","00+",2022-04-28,2022-04-02,"-26 day ahead inc hosp","quantile",0.975,31,"COVID-19"
"DE-HB","00+",2022-04-28,2022-04-01,"-27 day ahead inc hosp","mean",NA,29,"COVID-19"
"DE-HB","00+",2022-04-28,2022-04-01,"-27 day ahead inc hosp","quantile",0.025,28,"COVID-19"
"DE-HB","00+",2022-04-28,2022-04-01,"-27 day ahead inc hosp","quantile",0.1,28,"COVID-19"
"DE-HB","00+",2022-04-28,2022-04-01,"-27 day ahead inc hosp","quantile",0.25,28,"COVID-19"
"DE-HB","00+",2022-04-28,2022-04-01,"-27 day ahead inc hosp","quantile",0.5,28,"COVID-19"
"DE-HB","00+",2022-04-28,2022-04-01,"-27 day ahead inc hosp","quantile",0.75,29,"COVID-19"
"DE-HB","00+",2022-04-28,2022-04-01,"-27 day ahead inc hosp","quantile",0.9,29,"COVID-19"
"DE-HB","00+",2022-04-28,2022-04-01,"-27 day ahead inc hosp","quantile",0.975,30,"COVID-19"
"DE-HB","00+",2022-04-28,2022-03-31,"-28 day ahead inc hosp","mean",NA,30,"COVID-19"
"DE-HB","00+",2022-04-28,2022-03-31,"-28 day ahead inc hosp","quantile",0.025,30,"COVID-19"
"DE-HB","00+",2022-04-28,2022-03-31,"-28 day ahead inc hosp","quantile",0.1,30,"COVID-19"
"DE-HB","00+",2022-04-28,2022-03-31,"-28 day ahead inc hosp","quantile",0.25,30,"COVID-19"
"DE-HB","00+",2022-04-28,2022-03-31,"-28 day ahead inc hosp","quantile",0.5,30,"COVID-19"
"DE-HB","00+",2022-04-28,2022-03-31,"-28 day ahead inc hosp","quantile",0.75,31,"COVID-19"
"DE-HB","00+",2022-04-28,2022-03-31,"-28 day ahead inc hosp","quantile",0.9,31,"COVID-19"
"DE-HB","00+",2022-04-28,2022-03-31,"-28 day ahead inc hosp","quantile",0.975,32,"COVID-19"
"DE-HE","00+",2022-04-28,2022-04-28,"0 day ahead inc hosp","mean",NA,557,"COVID-19"
"DE-HE","00+",2022-04-28,2022-04-28,"0 day ahead inc hosp","quantile",0.025,386,"COVID-19"
"DE-HE","00+",2022-04-28,2022-04-28,"0 day ahead inc hosp","quantile",0.1,427,"COVID-19"
"DE-HE","00+",2022-04-28,2022-04-28,"0 day ahead inc hosp","quantile",0.25,474,"COVID-19"
"DE-HE","00+",2022-04-28,2022-04-28,"0 day ahead inc hosp","quantile",0.5,540,"COVID-19"
"DE-HE","00+",2022-04-28,2022-04-28,"0 day ahead inc hosp","quantile",0.75,622,"COVID-19"
"DE-HE","00+",2022-04-28,2022-04-28,"0 day ahead inc hosp","quantile",0.9,710,"COVID-19"
"DE-HE","00+",2022-04-28,2022-04-28,"0 day ahead inc hosp","quantile",0.975,826,"COVID-19"
"DE-HE","00+",2022-04-28,2022-04-27,"-1 day ahead inc hosp","mean",NA,574,"COVID-19"
"DE-HE","00+",2022-04-28,2022-04-27,"-1 day ahead inc hosp","quantile",0.025,432,"COVID-19"
"DE-HE","00+",2022-04-28,2022-04-27,"-1 day ahead inc hosp","quantile",0.1,464,"COVID-19"
"DE-HE","00+",2022-04-28,2022-04-27,"-1 day ahead inc hosp","quantile",0.25,503,"COVID-19"
"DE-HE","00+",2022-04-28,2022-04-27,"-1 day ahead inc hosp","quantile",0.5,559,"COVID-19"
"DE-HE","00+",2022-04-28,2022-04-27,"-1 day ahead inc hosp","quantile",0.75,629,"COVID-19"
"DE-HE","00+",2022-04-28,2022-04-27,"-1 day ahead inc hosp","quantile",0.9,705,"COVID-19"
"DE-HE","00+",2022-04-28,2022-04-27,"-1 day ahead inc hosp","quantile",0.975,806,"COVID-19"
"DE-HE","00+",2022-04-28,2022-04-26,"-2 day ahead inc hosp","mean",NA,624,"COVID-19"
"DE-HE","00+",2022-04-28,2022-04-26,"-2 day ahead inc hosp","quantile",0.025,497,"COVID-19"
"DE-HE","00+",2022-04-28,2022-04-26,"-2 day ahead inc hosp","quantile",0.1,525,"COVID-19"
"DE-HE","00+",2022-04-28,2022-04-26,"-2 day ahead inc hosp","quantile",0.25,560,"COVID-19"
"DE-HE","00+",2022-04-28,2022-04-26,"-2 day ahead inc hosp","quantile",0.5,610,"COVID-19"
"DE-HE","00+",2022-04-28,2022-04-26,"-2 day ahead inc hosp","quantile",0.75,672,"COVID-19"
"DE-HE","00+",2022-04-28,2022-04-26,"-2 day ahead inc hosp","quantile",0.9,741,"COVID-19"
"DE-HE","00+",2022-04-28,2022-04-26,"-2 day ahead inc hosp","quantile",0.975,831,"COVID-19"
"DE-HE","00+",2022-04-28,2022-04-25,"-3 day ahead inc hosp","mean",NA,517,"COVID-19"
"DE-HE","00+",2022-04-28,2022-04-25,"-3 day ahead inc hosp","quantile",0.025,432,"COVID-19"
"DE-HE","00+",2022-04-28,2022-04-25,"-3 day ahead inc hosp","quantile",0.1,452,"COVID-19"
"DE-HE","00+",2022-04-28,2022-04-25,"-3 day ahead inc hosp","quantile",0.25,474,"COVID-19"
"DE-HE","00+",2022-04-28,2022-04-25,"-3 day ahead inc hosp","quantile",0.5,507,"COVID-19"
"DE-HE","00+",2022-04-28,2022-04-25,"-3 day ahead inc hosp","quantile",0.75,549,"COVID-19"
"DE-HE","00+",2022-04-28,2022-04-25,"-3 day ahead inc hosp","quantile",0.9,594,"COVID-19"
"DE-HE","00+",2022-04-28,2022-04-25,"-3 day ahead inc hosp","quantile",0.975,653,"COVID-19"
"DE-HE","00+",2022-04-28,2022-04-24,"-4 day ahead inc hosp","mean",NA,523,"COVID-19"
"DE-HE","00+",2022-04-28,2022-04-24,"-4 day ahead inc hosp","quantile",0.025,442,"COVID-19"
"DE-HE","00+",2022-04-28,2022-04-24,"-4 day ahead inc hosp","quantile",0.1,460,"COVID-19"
"DE-HE","00+",2022-04-28,2022-04-24,"-4 day ahead inc hosp","quantile",0.25,482,"COVID-19"
"DE-HE","00+",2022-04-28,2022-04-24,"-4 day ahead inc hosp","quantile",0.5,514,"COVID-19"
"DE-HE","00+",2022-04-28,2022-04-24,"-4 day ahead inc hosp","quantile",0.75,555,"COVID-19"
"DE-HE","00+",2022-04-28,2022-04-24,"-4 day ahead inc hosp","quantile",0.9,598,"COVID-19"
"DE-HE","00+",2022-04-28,2022-04-24,"-4 day ahead inc hosp","quantile",0.975,657,"COVID-19"
"DE-HE","00+",2022-04-28,2022-04-23,"-5 day ahead inc hosp","mean",NA,539,"COVID-19"
"DE-HE","00+",2022-04-28,2022-04-23,"-5 day ahead inc hosp","quantile",0.025,460,"COVID-19"
"DE-HE","00+",2022-04-28,2022-04-23,"-5 day ahead inc hosp","quantile",0.1,478,"COVID-19"
"DE-HE","00+",2022-04-28,2022-04-23,"-5 day ahead inc hosp","quantile",0.25,499,"COVID-19"
"DE-HE","00+",2022-04-28,2022-04-23,"-5 day ahead inc hosp","quantile",0.5,530,"COVID-19"
"DE-HE","00+",2022-04-28,2022-04-23,"-5 day ahead inc hosp","quantile",0.75,570,"COVID-19"
"DE-HE","00+",2022-04-28,2022-04-23,"-5 day ahead inc hosp","quantile",0.9,612,"COVID-19"
"DE-HE","00+",2022-04-28,2022-04-23,"-5 day ahead inc hosp","quantile",0.975,669,"COVID-19"
"DE-HE","00+",2022-04-28,2022-04-22,"-6 day ahead inc hosp","mean",NA,498,"COVID-19"
"DE-HE","00+",2022-04-28,2022-04-22,"-6 day ahead inc hosp","quantile",0.025,429,"COVID-19"
"DE-HE","00+",2022-04-28,2022-04-22,"-6 day ahead inc hosp","quantile",0.1,444,"COVID-19"
"DE-HE","00+",2022-04-28,2022-04-22,"-6 day ahead inc hosp","quantile",0.25,463,"COVID-19"
"DE-HE","00+",2022-04-28,2022-04-22,"-6 day ahead inc hosp","quantile",0.5,490,"COVID-19"
"DE-HE","00+",2022-04-28,2022-04-22,"-6 day ahead inc hosp","quantile",0.75,524,"COVID-19"
"DE-HE","00+",2022-04-28,2022-04-22,"-6 day ahead inc hosp","quantile",0.9,561,"COVID-19"
"DE-HE","00+",2022-04-28,2022-04-22,"-6 day ahead inc hosp","quantile",0.975,611,"COVID-19"
"DE-HE","00+",2022-04-28,2022-04-21,"-7 day ahead inc hosp","mean",NA,525,"COVID-19"
"DE-HE","00+",2022-04-28,2022-04-21,"-7 day ahead inc hosp","quantile",0.025,460,"COVID-19"
"DE-HE","00+",2022-04-28,2022-04-21,"-7 day ahead inc hosp","quantile",0.1,474,"COVID-19"
"DE-HE","00+",2022-04-28,2022-04-21,"-7 day ahead inc hosp","quantile",0.25,491,"COVID-19"
"DE-HE","00+",2022-04-28,2022-04-21,"-7 day ahead inc hosp","quantile",0.5,517,"COVID-19"
"DE-HE","00+",2022-04-28,2022-04-21,"-7 day ahead inc hosp","quantile",0.75,550,"COVID-19"
"DE-HE","00+",2022-04-28,2022-04-21,"-7 day ahead inc hosp","quantile",0.9,586,"COVID-19"
"DE-HE","00+",2022-04-28,2022-04-21,"-7 day ahead inc hosp","quantile",0.975,635,"COVID-19"
"DE-HE","00+",2022-04-28,2022-04-20,"-8 day ahead inc hosp","mean",NA,481,"COVID-19"
"DE-HE","00+",2022-04-28,2022-04-20,"-8 day ahead inc hosp","quantile",0.025,427,"COVID-19"
"DE-HE","00+",2022-04-28,2022-04-20,"-8 day ahead inc hosp","quantile",0.1,438,"COVID-19"
"DE-HE","00+",2022-04-28,2022-04-20,"-8 day ahead inc hosp","quantile",0.25,453,"COVID-19"
"DE-HE","00+",2022-04-28,2022-04-20,"-8 day ahead inc hosp","quantile",0.5,474,"COVID-19"
"DE-HE","00+",2022-04-28,2022-04-20,"-8 day ahead inc hosp","quantile",0.75,501,"COVID-19"
"DE-HE","00+",2022-04-28,2022-04-20,"-8 day ahead inc hosp","quantile",0.9,531,"COVID-19"
"DE-HE","00+",2022-04-28,2022-04-20,"-8 day ahead inc hosp","quantile",0.975,572,"COVID-19"
"DE-HE","00+",2022-04-28,2022-04-19,"-9 day ahead inc hosp","mean",NA,442,"COVID-19"
"DE-HE","00+",2022-04-28,2022-04-19,"-9 day ahead inc hosp","quantile",0.025,400,"COVID-19"
"DE-HE","00+",2022-04-28,2022-04-19,"-9 day ahead inc hosp","quantile",0.1,408,"COVID-19"
"DE-HE","00+",2022-04-28,2022-04-19,"-9 day ahead inc hosp","quantile",0.25,419,"COVID-19"
"DE-HE","00+",2022-04-28,2022-04-19,"-9 day ahead inc hosp","quantile",0.5,436,"COVID-19"
"DE-HE","00+",2022-04-28,2022-04-19,"-9 day ahead inc hosp","quantile",0.75,458,"COVID-19"
"DE-HE","00+",2022-04-28,2022-04-19,"-9 day ahead inc hosp","quantile",0.9,483,"COVID-19"
"DE-HE","00+",2022-04-28,2022-04-19,"-9 day ahead inc hosp","quantile",0.975,516,"COVID-19"
"DE-HE","00+",2022-04-28,2022-04-18,"-10 day ahead inc hosp","mean",NA,503,"COVID-19"
"DE-HE","00+",2022-04-28,2022-04-18,"-10 day ahead inc hosp","quantile",0.025,459,"COVID-19"
"DE-HE","00+",2022-04-28,2022-04-18,"-10 day ahead inc hosp","quantile",0.1,468,"COVID-19"
"DE-HE","00+",2022-04-28,2022-04-18,"-10 day ahead inc hosp","quantile",0.25,479,"COVID-19"
"DE-HE","00+",2022-04-28,2022-04-18,"-10 day ahead inc hosp","quantile",0.5,497,"COVID-19"
"DE-HE","00+",2022-04-28,2022-04-18,"-10 day ahead inc hosp","quantile",0.75,520,"COVID-19"
"DE-HE","00+",2022-04-28,2022-04-18,"-10 day ahead inc hosp","quantile",0.9,547,"COVID-19"
"DE-HE","00+",2022-04-28,2022-04-18,"-10 day ahead inc hosp","quantile",0.975,583,"COVID-19"
"DE-HE","00+",2022-04-28,2022-04-17,"-11 day ahead inc hosp","mean",NA,511,"COVID-19"
"DE-HE","00+",2022-04-28,2022-04-17,"-11 day ahead inc hosp","quantile",0.025,467,"COVID-19"
"DE-HE","00+",2022-04-28,2022-04-17,"-11 day ahead inc hosp","quantile",0.1,475,"COVID-19"
"DE-HE","00+",2022-04-28,2022-04-17,"-11 day ahead inc hosp","quantile",0.25,487,"COVID-19"
"DE-HE","00+",2022-04-28,2022-04-17,"-11 day ahead inc hosp","quantile",0.5,504,"COVID-19"
"DE-HE","00+",2022-04-28,2022-04-17,"-11 day ahead inc hosp","quantile",0.75,528,"COVID-19"
"DE-HE","00+",2022-04-28,2022-04-17,"-11 day ahead inc hosp","quantile",0.9,555,"COVID-19"
"DE-HE","00+",2022-04-28,2022-04-17,"-11 day ahead inc hosp","quantile",0.975,592,"COVID-19"
"DE-HE","00+",2022-04-28,2022-04-16,"-12 day ahead inc hosp","mean",NA,516,"COVID-19"
"DE-HE","00+",2022-04-28,2022-04-16,"-12 day ahead inc hosp","quantile",0.025,474,"COVID-19"
"DE-HE","00+",2022-04-28,2022-04-16,"-12 day ahead inc hosp","quantile",0.1,482,"COVID-19"
"DE-HE","00+",2022-04-28,2022-04-16,"-12 day ahead inc hosp","quantile",0.25,492,"COVID-19"
"DE-HE","00+",2022-04-28,2022-04-16,"-12 day ahead inc hosp","quantile",0.5,509,"COVID-19"
"DE-HE","00+",2022-04-28,2022-04-16,"-12 day ahead inc hosp","quantile",0.75,532,"COVID-19"
"DE-HE","00+",2022-04-28,2022-04-16,"-12 day ahead inc hosp","quantile",0.9,559,"COVID-19"
"DE-HE","00+",2022-04-28,2022-04-16,"-12 day ahead inc hosp","quantile",0.975,595,"COVID-19"
"DE-HE","00+",2022-04-28,2022-04-15,"-13 day ahead inc hosp","mean",NA,561,"COVID-19"
"DE-HE","00+",2022-04-28,2022-04-15,"-13 day ahead inc hosp","quantile",0.025,517,"COVID-19"
"DE-HE","00+",2022-04-28,2022-04-15,"-13 day ahead inc hosp","quantile",0.1,525,"COVID-19"
"DE-HE","00+",2022-04-28,2022-04-15,"-13 day ahead inc hosp","quantile",0.25,536,"COVID-19"
"DE-HE","00+",2022-04-28,2022-04-15,"-13 day ahead inc hosp","quantile",0.5,553,"COVID-19"
"DE-HE","00+",2022-04-28,2022-04-15,"-13 day ahead inc hosp","quantile",0.75,578,"COVID-19"
"DE-HE","00+",2022-04-28,2022-04-15,"-13 day ahead inc hosp","quantile",0.9,606,"COVID-19"
"DE-HE","00+",2022-04-28,2022-04-15,"-13 day ahead inc hosp","quantile",0.975,646,"COVID-19"
"DE-HE","00+",2022-04-28,2022-04-14,"-14 day ahead inc hosp","mean",NA,569,"COVID-19"
"DE-HE","00+",2022-04-28,2022-04-14,"-14 day ahead inc hosp","quantile",0.025,529,"COVID-19"
"DE-HE","00+",2022-04-28,2022-04-14,"-14 day ahead inc hosp","quantile",0.1,536,"COVID-19"
"DE-HE","00+",2022-04-28,2022-04-14,"-14 day ahead inc hosp","quantile",0.25,546,"COVID-19"
"DE-HE","00+",2022-04-28,2022-04-14,"-14 day ahead inc hosp","quantile",0.5,562,"COVID-19"
"DE-HE","00+",2022-04-28,2022-04-14,"-14 day ahead inc hosp","quantile",0.75,585,"COVID-19"
"DE-HE","00+",2022-04-28,2022-04-14,"-14 day ahead inc hosp","quantile",0.9,613,"COVID-19"
"DE-HE","00+",2022-04-28,2022-04-14,"-14 day ahead inc hosp","quantile",0.975,651,"COVID-19"
"DE-HE","00+",2022-04-28,2022-04-13,"-15 day ahead inc hosp","mean",NA,605,"COVID-19"
"DE-HE","00+",2022-04-28,2022-04-13,"-15 day ahead inc hosp","quantile",0.025,565,"COVID-19"
"DE-HE","00+",2022-04-28,2022-04-13,"-15 day ahead inc hosp","quantile",0.1,572,"COVID-19"
"DE-HE","00+",2022-04-28,2022-04-13,"-15 day ahead inc hosp","quantile",0.25,581,"COVID-19"
"DE-HE","00+",2022-04-28,2022-04-13,"-15 day ahead inc hosp","quantile",0.5,598,"COVID-19"
"DE-HE","00+",2022-04-28,2022-04-13,"-15 day ahead inc hosp","quantile",0.75,621,"COVID-19"
"DE-HE","00+",2022-04-28,2022-04-13,"-15 day ahead inc hosp","quantile",0.9,648,"COVID-19"
"DE-HE","00+",2022-04-28,2022-04-13,"-15 day ahead inc hosp","quantile",0.975,686,"COVID-19"
"DE-HE","00+",2022-04-28,2022-04-12,"-16 day ahead inc hosp","mean",NA,616,"COVID-19"
"DE-HE","00+",2022-04-28,2022-04-12,"-16 day ahead inc hosp","quantile",0.025,579,"COVID-19"
"DE-HE","00+",2022-04-28,2022-04-12,"-16 day ahead inc hosp","quantile",0.1,584,"COVID-19"
"DE-HE","00+",2022-04-28,2022-04-12,"-16 day ahead inc hosp","quantile",0.25,593,"COVID-19"
"DE-HE","00+",2022-04-28,2022-04-12,"-16 day ahead inc hosp","quantile",0.5,608,"COVID-19"
"DE-HE","00+",2022-04-28,2022-04-12,"-16 day ahead inc hosp","quantile",0.75,630,"COVID-19"
"DE-HE","00+",2022-04-28,2022-04-12,"-16 day ahead inc hosp","quantile",0.9,657,"COVID-19"
"DE-HE","00+",2022-04-28,2022-04-12,"-16 day ahead inc hosp","quantile",0.975,694,"COVID-19"
"DE-HE","00+",2022-04-28,2022-04-11,"-17 day ahead inc hosp","mean",NA,594,"COVID-19"
"DE-HE","00+",2022-04-28,2022-04-11,"-17 day ahead inc hosp","quantile",0.025,561,"COVID-19"
"DE-HE","00+",2022-04-28,2022-04-11,"-17 day ahead inc hosp","quantile",0.1,566,"COVID-19"
"DE-HE","00+",2022-04-28,2022-04-11,"-17 day ahead inc hosp","quantile",0.25,573,"COVID-19"
"DE-HE","00+",2022-04-28,2022-04-11,"-17 day ahead inc hosp","quantile",0.5,587,"COVID-19"
"DE-HE","00+",2022-04-28,2022-04-11,"-17 day ahead inc hosp","quantile",0.75,607,"COVID-19"
"DE-HE","00+",2022-04-28,2022-04-11,"-17 day ahead inc hosp","quantile",0.9,630,"COVID-19"
"DE-HE","00+",2022-04-28,2022-04-11,"-17 day ahead inc hosp","quantile",0.975,664,"COVID-19"
"DE-HE","00+",2022-04-28,2022-04-10,"-18 day ahead inc hosp","mean",NA,586,"COVID-19"
"DE-HE","00+",2022-04-28,2022-04-10,"-18 day ahead inc hosp","quantile",0.025,554,"COVID-19"
"DE-HE","00+",2022-04-28,2022-04-10,"-18 day ahead inc hosp","quantile",0.1,559,"COVID-19"
"DE-HE","00+",2022-04-28,2022-04-10,"-18 day ahead inc hosp","quantile",0.25,566,"COVID-19"
"DE-HE","00+",2022-04-28,2022-04-10,"-18 day ahead inc hosp","quantile",0.5,579,"COVID-19"
"DE-HE","00+",2022-04-28,2022-04-10,"-18 day ahead inc hosp","quantile",0.75,599,"COVID-19"
"DE-HE","00+",2022-04-28,2022-04-10,"-18 day ahead inc hosp","quantile",0.9,622,"COVID-19"
"DE-HE","00+",2022-04-28,2022-04-10,"-18 day ahead inc hosp","quantile",0.975,656,"COVID-19"
"DE-HE","00+",2022-04-28,2022-04-09,"-19 day ahead inc hosp","mean",NA,587,"COVID-19"
"DE-HE","00+",2022-04-28,2022-04-09,"-19 day ahead inc hosp","quantile",0.025,557,"COVID-19"
"DE-HE","00+",2022-04-28,2022-04-09,"-19 day ahead inc hosp","quantile",0.1,561,"COVID-19"
"DE-HE","00+",2022-04-28,2022-04-09,"-19 day ahead inc hosp","quantile",0.25,568,"COVID-19"
"DE-HE","00+",2022-04-28,2022-04-09,"-19 day ahead inc hosp","quantile",0.5,581,"COVID-19"
"DE-HE","00+",2022-04-28,2022-04-09,"-19 day ahead inc hosp","quantile",0.75,600,"COVID-19"
"DE-HE","00+",2022-04-28,2022-04-09,"-19 day ahead inc hosp","quantile",0.9,623,"COVID-19"
"DE-HE","00+",2022-04-28,2022-04-09,"-19 day ahead inc hosp","quantile",0.975,657,"COVID-19"
"DE-HE","00+",2022-04-28,2022-04-08,"-20 day ahead inc hosp","mean",NA,606,"COVID-19"
"DE-HE","00+",2022-04-28,2022-04-08,"-20 day ahead inc hosp","quantile",0.025,577,"COVID-19"
"DE-HE","00+",2022-04-28,2022-04-08,"-20 day ahead inc hosp","quantile",0.1,581,"COVID-19"
"DE-HE","00+",2022-04-28,2022-04-08,"-20 day ahead inc hosp","quantile",0.25,587,"COVID-19"
"DE-HE","00+",2022-04-28,2022-04-08,"-20 day ahead inc hosp","quantile",0.5,599,"COVID-19"
"DE-HE","00+",2022-04-28,2022-04-08,"-20 day ahead inc hosp","quantile",0.75,618,"COVID-19"
"DE-HE","00+",2022-04-28,2022-04-08,"-20 day ahead inc hosp","quantile",0.9,640,"COVID-19"
"DE-HE","00+",2022-04-28,2022-04-08,"-20 day ahead inc hosp","quantile",0.975,671,"COVID-19"
"DE-HE","00+",2022-04-28,2022-04-07,"-21 day ahead inc hosp","mean",NA,629,"COVID-19"
"DE-HE","00+",2022-04-28,2022-04-07,"-21 day ahead inc hosp","quantile",0.025,602,"COVID-19"
"DE-HE","00+",2022-04-28,2022-04-07,"-21 day ahead inc hosp","quantile",0.1,605,"COVID-19"
"DE-HE","00+",2022-04-28,2022-04-07,"-21 day ahead inc hosp","quantile",0.25,612,"COVID-19"
"DE-HE","00+",2022-04-28,2022-04-07,"-21 day ahead inc hosp","quantile",0.5,623,"COVID-19"
"DE-HE","00+",2022-04-28,2022-04-07,"-21 day ahead inc hosp","quantile",0.75,640,"COVID-19"
"DE-HE","00+",2022-04-28,2022-04-07,"-21 day ahead inc hosp","quantile",0.9,661,"COVID-19"
"DE-HE","00+",2022-04-28,2022-04-07,"-21 day ahead inc hosp","quantile",0.975,691,"COVID-19"
"DE-HE","00+",2022-04-28,2022-04-06,"-22 day ahead inc hosp","mean",NA,642,"COVID-19"
"DE-HE","00+",2022-04-28,2022-04-06,"-22 day ahead inc hosp","quantile",0.025,616,"COVID-19"
"DE-HE","00+",2022-04-28,2022-04-06,"-22 day ahead inc hosp","quantile",0.1,620,"COVID-19"
"DE-HE","00+",2022-04-28,2022-04-06,"-22 day ahead inc hosp","quantile",0.25,625,"COVID-19"
"DE-HE","00+",2022-04-28,2022-04-06,"-22 day ahead inc hosp","quantile",0.5,636,"COVID-19"
"DE-HE","00+",2022-04-28,2022-04-06,"-22 day ahead inc hosp","quantile",0.75,652,"COVID-19"
"DE-HE","00+",2022-04-28,2022-04-06,"-22 day ahead inc hosp","quantile",0.9,671,"COVID-19"
"DE-HE","00+",2022-04-28,2022-04-06,"-22 day ahead inc hosp","quantile",0.975,698,"COVID-19"
"DE-HE","00+",2022-04-28,2022-04-05,"-23 day ahead inc hosp","mean",NA,660,"COVID-19"
"DE-HE","00+",2022-04-28,2022-04-05,"-23 day ahead inc hosp","quantile",0.025,637,"COVID-19"
"DE-HE","00+",2022-04-28,2022-04-05,"-23 day ahead inc hosp","quantile",0.1,640,"COVID-19"
"DE-HE","00+",2022-04-28,2022-04-05,"-23 day ahead inc hosp","quantile",0.25,645,"COVID-19"
"DE-HE","00+",2022-04-28,2022-04-05,"-23 day ahead inc hosp","quantile",0.5,655,"COVID-19"
"DE-HE","00+",2022-04-28,2022-04-05,"-23 day ahead inc hosp","quantile",0.75,669,"COVID-19"
"DE-HE","00+",2022-04-28,2022-04-05,"-23 day ahead inc hosp","quantile",0.9,687,"COVID-19"
"DE-HE","00+",2022-04-28,2022-04-05,"-23 day ahead inc hosp","quantile",0.975,713,"COVID-19"
"DE-HE","00+",2022-04-28,2022-04-04,"-24 day ahead inc hosp","mean",NA,724,"COVID-19"
"DE-HE","00+",2022-04-28,2022-04-04,"-24 day ahead inc hosp","quantile",0.025,701,"COVID-19"
"DE-HE","00+",2022-04-28,2022-04-04,"-24 day ahead inc hosp","quantile",0.1,704,"COVID-19"
"DE-HE","00+",2022-04-28,2022-04-04,"-24 day ahead inc hosp","quantile",0.25,709,"COVID-19"
"DE-HE","00+",2022-04-28,2022-04-04,"-24 day ahead inc hosp","quantile",0.5,718,"COVID-19"
"DE-HE","00+",2022-04-28,2022-04-04,"-24 day ahead inc hosp","quantile",0.75,733,"COVID-19"
"DE-HE","00+",2022-04-28,2022-04-04,"-24 day ahead inc hosp","quantile",0.9,750,"COVID-19"
"DE-HE","00+",2022-04-28,2022-04-04,"-24 day ahead inc hosp","quantile",0.975,775,"COVID-19"
"DE-HE","00+",2022-04-28,2022-04-03,"-25 day ahead inc hosp","mean",NA,736,"COVID-19"
"DE-HE","00+",2022-04-28,2022-04-03,"-25 day ahead inc hosp","quantile",0.025,714,"COVID-19"
"DE-HE","00+",2022-04-28,2022-04-03,"-25 day ahead inc hosp","quantile",0.1,717,"COVID-19"
"DE-HE","00+",2022-04-28,2022-04-03,"-25 day ahead inc hosp","quantile",0.25,722,"COVID-19"
"DE-HE","00+",2022-04-28,2022-04-03,"-25 day ahead inc hosp","quantile",0.5,731,"COVID-19"
"DE-HE","00+",2022-04-28,2022-04-03,"-25 day ahead inc hosp","quantile",0.75,745,"COVID-19"
"DE-HE","00+",2022-04-28,2022-04-03,"-25 day ahead inc hosp","quantile",0.9,762,"COVID-19"
"DE-HE","00+",2022-04-28,2022-04-03,"-25 day ahead inc hosp","quantile",0.975,787,"COVID-19"
"DE-HE","00+",2022-04-28,2022-04-02,"-26 day ahead inc hosp","mean",NA,764,"COVID-19"
"DE-HE","00+",2022-04-28,2022-04-02,"-26 day ahead inc hosp","quantile",0.025,743,"COVID-19"
"DE-HE","00+",2022-04-28,2022-04-02,"-26 day ahead inc hosp","quantile",0.1,746,"COVID-19"
"DE-HE","00+",2022-04-28,2022-04-02,"-26 day ahead inc hosp","quantile",0.25,750,"COVID-19"
"DE-HE","00+",2022-04-28,2022-04-02,"-26 day ahead inc hosp","quantile",0.5,759,"COVID-19"
"DE-HE","00+",2022-04-28,2022-04-02,"-26 day ahead inc hosp","quantile",0.75,773,"COVID-19"
"DE-HE","00+",2022-04-28,2022-04-02,"-26 day ahead inc hosp","quantile",0.9,790,"COVID-19"
"DE-HE","00+",2022-04-28,2022-04-02,"-26 day ahead inc hosp","quantile",0.975,815,"COVID-19"
"DE-HE","00+",2022-04-28,2022-04-01,"-27 day ahead inc hosp","mean",NA,786,"COVID-19"
"DE-HE","00+",2022-04-28,2022-04-01,"-27 day ahead inc hosp","quantile",0.025,766,"COVID-19"
"DE-HE","00+",2022-04-28,2022-04-01,"-27 day ahead inc hosp","quantile",0.1,768,"COVID-19"
"DE-HE","00+",2022-04-28,2022-04-01,"-27 day ahead inc hosp","quantile",0.25,772,"COVID-19"
"DE-HE","00+",2022-04-28,2022-04-01,"-27 day ahead inc hosp","quantile",0.5,781,"COVID-19"
"DE-HE","00+",2022-04-28,2022-04-01,"-27 day ahead inc hosp","quantile",0.75,794,"COVID-19"
"DE-HE","00+",2022-04-28,2022-04-01,"-27 day ahead inc hosp","quantile",0.9,810,"COVID-19"
"DE-HE","00+",2022-04-28,2022-04-01,"-27 day ahead inc hosp","quantile",0.975,834,"COVID-19"
"DE-HE","00+",2022-04-28,2022-03-31,"-28 day ahead inc hosp","mean",NA,788,"COVID-19"
"DE-HE","00+",2022-04-28,2022-03-31,"-28 day ahead inc hosp","quantile",0.025,769,"COVID-19"
"DE-HE","00+",2022-04-28,2022-03-31,"-28 day ahead inc hosp","quantile",0.1,771,"COVID-19"
"DE-HE","00+",2022-04-28,2022-03-31,"-28 day ahead inc hosp","quantile",0.25,775,"COVID-19"
"DE-HE","00+",2022-04-28,2022-03-31,"-28 day ahead inc hosp","quantile",0.5,783,"COVID-19"
"DE-HE","00+",2022-04-28,2022-03-31,"-28 day ahead inc hosp","quantile",0.75,795,"COVID-19"
"DE-HE","00+",2022-04-28,2022-03-31,"-28 day ahead inc hosp","quantile",0.9,810,"COVID-19"
"DE-HE","00+",2022-04-28,2022-03-31,"-28 day ahead inc hosp","quantile",0.975,832,"COVID-19"
"DE-HH","00+",2022-04-28,2022-04-28,"0 day ahead inc hosp","mean",NA,145,"COVID-19"
"DE-HH","00+",2022-04-28,2022-04-28,"0 day ahead inc hosp","quantile",0.025,92,"COVID-19"
"DE-HH","00+",2022-04-28,2022-04-28,"0 day ahead inc hosp","quantile",0.1,101,"COVID-19"
"DE-HH","00+",2022-04-28,2022-04-28,"0 day ahead inc hosp","quantile",0.25,114,"COVID-19"
"DE-HH","00+",2022-04-28,2022-04-28,"0 day ahead inc hosp","quantile",0.5,135,"COVID-19"
"DE-HH","00+",2022-04-28,2022-04-28,"0 day ahead inc hosp","quantile",0.75,166,"COVID-19"
"DE-HH","00+",2022-04-28,2022-04-28,"0 day ahead inc hosp","quantile",0.9,201,"COVID-19"
"DE-HH","00+",2022-04-28,2022-04-28,"0 day ahead inc hosp","quantile",0.975,251,"COVID-19"
"DE-HH","00+",2022-04-28,2022-04-27,"-1 day ahead inc hosp","mean",NA,178,"COVID-19"
"DE-HH","00+",2022-04-28,2022-04-27,"-1 day ahead inc hosp","quantile",0.025,118,"COVID-19"
"DE-HH","00+",2022-04-28,2022-04-27,"-1 day ahead inc hosp","quantile",0.1,128,"COVID-19"
"DE-HH","00+",2022-04-28,2022-04-27,"-1 day ahead inc hosp","quantile",0.25,143,"COVID-19"
"DE-HH","00+",2022-04-28,2022-04-27,"-1 day ahead inc hosp","quantile",0.5,168,"COVID-19"
"DE-HH","00+",2022-04-28,2022-04-27,"-1 day ahead inc hosp","quantile",0.75,202,"COVID-19"
"DE-HH","00+",2022-04-28,2022-04-27,"-1 day ahead inc hosp","quantile",0.9,242,"COVID-19"
"DE-HH","00+",2022-04-28,2022-04-27,"-1 day ahead inc hosp","quantile",0.975,298,"COVID-19"
"DE-HH","00+",2022-04-28,2022-04-26,"-2 day ahead inc hosp","mean",NA,189,"COVID-19"
"DE-HH","00+",2022-04-28,2022-04-26,"-2 day ahead inc hosp","quantile",0.025,138,"COVID-19"
"DE-HH","00+",2022-04-28,2022-04-26,"-2 day ahead inc hosp","quantile",0.1,147,"COVID-19"
"DE-HH","00+",2022-04-28,2022-04-26,"-2 day ahead inc hosp","quantile",0.25,159,"COVID-19"
"DE-HH","00+",2022-04-28,2022-04-26,"-2 day ahead inc hosp","quantile",0.5,180,"COVID-19"
"DE-HH","00+",2022-04-28,2022-04-26,"-2 day ahead inc hosp","quantile",0.75,208,"COVID-19"
"DE-HH","00+",2022-04-28,2022-04-26,"-2 day ahead inc hosp","quantile",0.9,242,"COVID-19"
"DE-HH","00+",2022-04-28,2022-04-26,"-2 day ahead inc hosp","quantile",0.975,290,"COVID-19"
"DE-HH","00+",2022-04-28,2022-04-25,"-3 day ahead inc hosp","mean",NA,165,"COVID-19"
"DE-HH","00+",2022-04-28,2022-04-25,"-3 day ahead inc hosp","quantile",0.025,125,"COVID-19"
"DE-HH","00+",2022-04-28,2022-04-25,"-3 day ahead inc hosp","quantile",0.1,131,"COVID-19"
"DE-HH","00+",2022-04-28,2022-04-25,"-3 day ahead inc hosp","quantile",0.25,141,"COVID-19"
"DE-HH","00+",2022-04-28,2022-04-25,"-3 day ahead inc hosp","quantile",0.5,157,"COVID-19"
"DE-HH","00+",2022-04-28,2022-04-25,"-3 day ahead inc hosp","quantile",0.75,180,"COVID-19"
"DE-HH","00+",2022-04-28,2022-04-25,"-3 day ahead inc hosp","quantile",0.9,208,"COVID-19"
"DE-HH","00+",2022-04-28,2022-04-25,"-3 day ahead inc hosp","quantile",0.975,246,"COVID-19"
"DE-HH","00+",2022-04-28,2022-04-24,"-4 day ahead inc hosp","mean",NA,153,"COVID-19"
"DE-HH","00+",2022-04-28,2022-04-24,"-4 day ahead inc hosp","quantile",0.025,117,"COVID-19"
"DE-HH","00+",2022-04-28,2022-04-24,"-4 day ahead inc hosp","quantile",0.1,123,"COVID-19"
"DE-HH","00+",2022-04-28,2022-04-24,"-4 day ahead inc hosp","quantile",0.25,131,"COVID-19"
"DE-HH","00+",2022-04-28,2022-04-24,"-4 day ahead inc hosp","quantile",0.5,146,"COVID-19"
"DE-HH","00+",2022-04-28,2022-04-24,"-4 day ahead inc hosp","quantile",0.75,167,"COVID-19"
"DE-HH","00+",2022-04-28,2022-04-24,"-4 day ahead inc hosp","quantile",0.9,191,"COVID-19"
"DE-HH","00+",2022-04-28,2022-04-24,"-4 day ahead inc hosp","quantile",0.975,226,"COVID-19"
"DE-HH","00+",2022-04-28,2022-04-23,"-5 day ahead inc hosp","mean",NA,150,"COVID-19"
"DE-HH","00+",2022-04-28,2022-04-23,"-5 day ahead inc hosp","quantile",0.025,116,"COVID-19"
"DE-HH","00+",2022-04-28,2022-04-23,"-5 day ahead inc hosp","quantile",0.1,121,"COVID-19"
"DE-HH","00+",2022-04-28,2022-04-23,"-5 day ahead inc hosp","quantile",0.25,130,"COVID-19"
"DE-HH","00+",2022-04-28,2022-04-23,"-5 day ahead inc hosp","quantile",0.5,144,"COVID-19"
"DE-HH","00+",2022-04-28,2022-04-23,"-5 day ahead inc hosp","quantile",0.75,164,"COVID-19"
"DE-HH","00+",2022-04-28,2022-04-23,"-5 day ahead inc hosp","quantile",0.9,187,"COVID-19"
"DE-HH","00+",2022-04-28,2022-04-23,"-5 day ahead inc hosp","quantile",0.975,220,"COVID-19"
"DE-HH","00+",2022-04-28,2022-04-22,"-6 day ahead inc hosp","mean",NA,132,"COVID-19"
"DE-HH","00+",2022-04-28,2022-04-22,"-6 day ahead inc hosp","quantile",0.025,103,"COVID-19"
"DE-HH","00+",2022-04-28,2022-04-22,"-6 day ahead inc hosp","quantile",0.1,107,"COVID-19"
"DE-HH","00+",2022-04-28,2022-04-22,"-6 day ahead inc hosp","quantile",0.25,114,"COVID-19"
"DE-HH","00+",2022-04-28,2022-04-22,"-6 day ahead inc hosp","quantile",0.5,127,"COVID-19"
"DE-HH","00+",2022-04-28,2022-04-22,"-6 day ahead inc hosp","quantile",0.75,144,"COVID-19"
"DE-HH","00+",2022-04-28,2022-04-22,"-6 day ahead inc hosp","quantile",0.9,164,"COVID-19"
"DE-HH","00+",2022-04-28,2022-04-22,"-6 day ahead inc hosp","quantile",0.975,193,"COVID-19"
"DE-HH","00+",2022-04-28,2022-04-21,"-7 day ahead inc hosp","mean",NA,101,"COVID-19"
"DE-HH","00+",2022-04-28,2022-04-21,"-7 day ahead inc hosp","quantile",0.025,80,"COVID-19"
"DE-HH","00+",2022-04-28,2022-04-21,"-7 day ahead inc hosp","quantile",0.1,83,"COVID-19"
"DE-HH","00+",2022-04-28,2022-04-21,"-7 day ahead inc hosp","quantile",0.25,88,"COVID-19"
"DE-HH","00+",2022-04-28,2022-04-21,"-7 day ahead inc hosp","quantile",0.5,97,"COVID-19"
"DE-HH","00+",2022-04-28,2022-04-21,"-7 day ahead inc hosp","quantile",0.75,109,"COVID-19"
"DE-HH","00+",2022-04-28,2022-04-21,"-7 day ahead inc hosp","quantile",0.9,124,"COVID-19"
"DE-HH","00+",2022-04-28,2022-04-21,"-7 day ahead inc hosp","quantile",0.975,145,"COVID-19"
"DE-HH","00+",2022-04-28,2022-04-20,"-8 day ahead inc hosp","mean",NA,86,"COVID-19"
"DE-HH","00+",2022-04-28,2022-04-20,"-8 day ahead inc hosp","quantile",0.025,70,"COVID-19"
"DE-HH","00+",2022-04-28,2022-04-20,"-8 day ahead inc hosp","quantile",0.1,72,"COVID-19"
"DE-HH","00+",2022-04-28,2022-04-20,"-8 day ahead inc hosp","quantile",0.25,76,"COVID-19"
"DE-HH","00+",2022-04-28,2022-04-20,"-8 day ahead inc hosp","quantile",0.5,83,"COVID-19"
"DE-HH","00+",2022-04-28,2022-04-20,"-8 day ahead inc hosp","quantile",0.75,92,"COVID-19"
"DE-HH","00+",2022-04-28,2022-04-20,"-8 day ahead inc hosp","quantile",0.9,104,"COVID-19"
"DE-HH","00+",2022-04-28,2022-04-20,"-8 day ahead inc hosp","quantile",0.975,121,"COVID-19"
"DE-HH","00+",2022-04-28,2022-04-19,"-9 day ahead inc hosp","mean",NA,73,"COVID-19"
"DE-HH","00+",2022-04-28,2022-04-19,"-9 day ahead inc hosp","quantile",0.025,62,"COVID-19"
"DE-HH","00+",2022-04-28,2022-04-19,"-9 day ahead inc hosp","quantile",0.1,64,"COVID-19"
"DE-HH","00+",2022-04-28,2022-04-19,"-9 day ahead inc hosp","quantile",0.25,66,"COVID-19"
"DE-HH","00+",2022-04-28,2022-04-19,"-9 day ahead inc hosp","quantile",0.5,71,"COVID-19"
"DE-HH","00+",2022-04-28,2022-04-19,"-9 day ahead inc hosp","quantile",0.75,78,"COVID-19"
"DE-HH","00+",2022-04-28,2022-04-19,"-9 day ahead inc hosp","quantile",0.9,86,"COVID-19"
"DE-HH","00+",2022-04-28,2022-04-19,"-9 day ahead inc hosp","quantile",0.975,98,"COVID-19"
"DE-HH","00+",2022-04-28,2022-04-18,"-10 day ahead inc hosp","mean",NA,101,"COVID-19"
"DE-HH","00+",2022-04-28,2022-04-18,"-10 day ahead inc hosp","quantile",0.025,86,"COVID-19"
"DE-HH","00+",2022-04-28,2022-04-18,"-10 day ahead inc hosp","quantile",0.1,88,"COVID-19"
"DE-HH","00+",2022-04-28,2022-04-18,"-10 day ahead inc hosp","quantile",0.25,91,"COVID-19"
"DE-HH","00+",2022-04-28,2022-04-18,"-10 day ahead inc hosp","quantile",0.5,97,"COVID-19"
"DE-HH","00+",2022-04-28,2022-04-18,"-10 day ahead inc hosp","quantile",0.75,106,"COVID-19"
"DE-HH","00+",2022-04-28,2022-04-18,"-10 day ahead inc hosp","quantile",0.9,117,"COVID-19"
"DE-HH","00+",2022-04-28,2022-04-18,"-10 day ahead inc hosp","quantile",0.975,133,"COVID-19"
"DE-HH","00+",2022-04-28,2022-04-17,"-11 day ahead inc hosp","mean",NA,105,"COVID-19"
"DE-HH","00+",2022-04-28,2022-04-17,"-11 day ahead inc hosp","quantile",0.025,90,"COVID-19"
"DE-HH","00+",2022-04-28,2022-04-17,"-11 day ahead inc hosp","quantile",0.1,92,"COVID-19"
"DE-HH","00+",2022-04-28,2022-04-17,"-11 day ahead inc hosp","quantile",0.25,95,"COVID-19"
"DE-HH","00+",2022-04-28,2022-04-17,"-11 day ahead inc hosp","quantile",0.5,101,"COVID-19"
"DE-HH","00+",2022-04-28,2022-04-17,"-11 day ahead inc hosp","quantile",0.75,111,"COVID-19"
"DE-HH","00+",2022-04-28,2022-04-17,"-11 day ahead inc hosp","quantile",0.9,123,"COVID-19"
"DE-HH","00+",2022-04-28,2022-04-17,"-11 day ahead inc hosp","quantile",0.975,140,"COVID-19"
"DE-HH","00+",2022-04-28,2022-04-16,"-12 day ahead inc hosp","mean",NA,102,"COVID-19"
"DE-HH","00+",2022-04-28,2022-04-16,"-12 day ahead inc hosp","quantile",0.025,88,"COVID-19"
"DE-HH","00+",2022-04-28,2022-04-16,"-12 day ahead inc hosp","quantile",0.1,90,"COVID-19"
"DE-HH","00+",2022-04-28,2022-04-16,"-12 day ahead inc hosp","quantile",0.25,93,"COVID-19"
"DE-HH","00+",2022-04-28,2022-04-16,"-12 day ahead inc hosp","quantile",0.5,99,"COVID-19"
"DE-HH","00+",2022-04-28,2022-04-16,"-12 day ahead inc hosp","quantile",0.75,108,"COVID-19"
"DE-HH","00+",2022-04-28,2022-04-16,"-12 day ahead inc hosp","quantile",0.9,120,"COVID-19"
"DE-HH","00+",2022-04-28,2022-04-16,"-12 day ahead inc hosp","quantile",0.975,137,"COVID-19"
"DE-HH","00+",2022-04-28,2022-04-15,"-13 day ahead inc hosp","mean",NA,124,"COVID-19"
"DE-HH","00+",2022-04-28,2022-04-15,"-13 day ahead inc hosp","quantile",0.025,108,"COVID-19"
"DE-HH","00+",2022-04-28,2022-04-15,"-13 day ahead inc hosp","quantile",0.1,110,"COVID-19"
"DE-HH","00+",2022-04-28,2022-04-15,"-13 day ahead inc hosp","quantile",0.25,113,"COVID-19"
"DE-HH","00+",2022-04-28,2022-04-15,"-13 day ahead inc hosp","quantile",0.5,120,"COVID-19"
"DE-HH","00+",2022-04-28,2022-04-15,"-13 day ahead inc hosp","quantile",0.75,131,"COVID-19"
"DE-HH","00+",2022-04-28,2022-04-15,"-13 day ahead inc hosp","quantile",0.9,145,"COVID-19"
"DE-HH","00+",2022-04-28,2022-04-15,"-13 day ahead inc hosp","quantile",0.975,165,"COVID-19"
"DE-HH","00+",2022-04-28,2022-04-14,"-14 day ahead inc hosp","mean",NA,138,"COVID-19"
"DE-HH","00+",2022-04-28,2022-04-14,"-14 day ahead inc hosp","quantile",0.025,121,"COVID-19"
"DE-HH","00+",2022-04-28,2022-04-14,"-14 day ahead inc hosp","quantile",0.1,123,"COVID-19"
"DE-HH","00+",2022-04-28,2022-04-14,"-14 day ahead inc hosp","quantile",0.25,126,"COVID-19"
"DE-HH","00+",2022-04-28,2022-04-14,"-14 day ahead inc hosp","quantile",0.5,134,"COVID-19"
"DE-HH","00+",2022-04-28,2022-04-14,"-14 day ahead inc hosp","quantile",0.75,145,"COVID-19"
"DE-HH","00+",2022-04-28,2022-04-14,"-14 day ahead inc hosp","quantile",0.9,160,"COVID-19"
"DE-HH","00+",2022-04-28,2022-04-14,"-14 day ahead inc hosp","quantile",0.975,182,"COVID-19"
"DE-HH","00+",2022-04-28,2022-04-13,"-15 day ahead inc hosp","mean",NA,146,"COVID-19"
"DE-HH","00+",2022-04-28,2022-04-13,"-15 day ahead inc hosp","quantile",0.025,129,"COVID-19"
"DE-HH","00+",2022-04-28,2022-04-13,"-15 day ahead inc hosp","quantile",0.1,131,"COVID-19"
"DE-HH","00+",2022-04-28,2022-04-13,"-15 day ahead inc hosp","quantile",0.25,134,"COVID-19"
"DE-HH","00+",2022-04-28,2022-04-13,"-15 day ahead inc hosp","quantile",0.5,141,"COVID-19"
"DE-HH","00+",2022-04-28,2022-04-13,"-15 day ahead inc hosp","quantile",0.75,153,"COVID-19"
"DE-HH","00+",2022-04-28,2022-04-13,"-15 day ahead inc hosp","quantile",0.9,168,"COVID-19"
"DE-HH","00+",2022-04-28,2022-04-13,"-15 day ahead inc hosp","quantile",0.975,190,"COVID-19"
"DE-HH","00+",2022-04-28,2022-04-12,"-16 day ahead inc hosp","mean",NA,138,"COVID-19"
"DE-HH","00+",2022-04-28,2022-04-12,"-16 day ahead inc hosp","quantile",0.025,124,"COVID-19"
"DE-HH","00+",2022-04-28,2022-04-12,"-16 day ahead inc hosp","quantile",0.1,125,"COVID-19"
"DE-HH","00+",2022-04-28,2022-04-12,"-16 day ahead inc hosp","quantile",0.25,128,"COVID-19"
"DE-HH","00+",2022-04-28,2022-04-12,"-16 day ahead inc hosp","quantile",0.5,134,"COVID-19"
"DE-HH","00+",2022-04-28,2022-04-12,"-16 day ahead inc hosp","quantile",0.75,144,"COVID-19"
"DE-HH","00+",2022-04-28,2022-04-12,"-16 day ahead inc hosp","quantile",0.9,157,"COVID-19"
"DE-HH","00+",2022-04-28,2022-04-12,"-16 day ahead inc hosp","quantile",0.975,176,"COVID-19"
"DE-HH","00+",2022-04-28,2022-04-11,"-17 day ahead inc hosp","mean",NA,140,"COVID-19"
"DE-HH","00+",2022-04-28,2022-04-11,"-17 day ahead inc hosp","quantile",0.025,127,"COVID-19"
"DE-HH","00+",2022-04-28,2022-04-11,"-17 day ahead inc hosp","quantile",0.1,128,"COVID-19"
"DE-HH","00+",2022-04-28,2022-04-11,"-17 day ahead inc hosp","quantile",0.25,131,"COVID-19"
"DE-HH","00+",2022-04-28,2022-04-11,"-17 day ahead inc hosp","quantile",0.5,136,"COVID-19"
"DE-HH","00+",2022-04-28,2022-04-11,"-17 day ahead inc hosp","quantile",0.75,145,"COVID-19"
"DE-HH","00+",2022-04-28,2022-04-11,"-17 day ahead inc hosp","quantile",0.9,157,"COVID-19"
"DE-HH","00+",2022-04-28,2022-04-11,"-17 day ahead inc hosp","quantile",0.975,174,"COVID-19"
"DE-HH","00+",2022-04-28,2022-04-10,"-18 day ahead inc hosp","mean",NA,137,"COVID-19"
"DE-HH","00+",2022-04-28,2022-04-10,"-18 day ahead inc hosp","quantile",0.025,125,"COVID-19"
"DE-HH","00+",2022-04-28,2022-04-10,"-18 day ahead inc hosp","quantile",0.1,126,"COVID-19"
"DE-HH","00+",2022-04-28,2022-04-10,"-18 day ahead inc hosp","quantile",0.25,128,"COVID-19"
"DE-HH","00+",2022-04-28,2022-04-10,"-18 day ahead inc hosp","quantile",0.5,134,"COVID-19"
"DE-HH","00+",2022-04-28,2022-04-10,"-18 day ahead inc hosp","quantile",0.75,142,"COVID-19"
"DE-HH","00+",2022-04-28,2022-04-10,"-18 day ahead inc hosp","quantile",0.9,154,"COVID-19"
"DE-HH","00+",2022-04-28,2022-04-10,"-18 day ahead inc hosp","quantile",0.975,171,"COVID-19"
"DE-HH","00+",2022-04-28,2022-04-09,"-19 day ahead inc hosp","mean",NA,145,"COVID-19"
"DE-HH","00+",2022-04-28,2022-04-09,"-19 day ahead inc hosp","quantile",0.025,132,"COVID-19"
"DE-HH","00+",2022-04-28,2022-04-09,"-19 day ahead inc hosp","quantile",0.1,133,"COVID-19"
"DE-HH","00+",2022-04-28,2022-04-09,"-19 day ahead inc hosp","quantile",0.25,135,"COVID-19"
"DE-HH","00+",2022-04-28,2022-04-09,"-19 day ahead inc hosp","quantile",0.5,141,"COVID-19"
"DE-HH","00+",2022-04-28,2022-04-09,"-19 day ahead inc hosp","quantile",0.75,150,"COVID-19"
"DE-HH","00+",2022-04-28,2022-04-09,"-19 day ahead inc hosp","quantile",0.9,162,"COVID-19"
"DE-HH","00+",2022-04-28,2022-04-09,"-19 day ahead inc hosp","quantile",0.975,180,"COVID-19"
"DE-HH","00+",2022-04-28,2022-04-08,"-20 day ahead inc hosp","mean",NA,132,"COVID-19"
"DE-HH","00+",2022-04-28,2022-04-08,"-20 day ahead inc hosp","quantile",0.025,121,"COVID-19"
"DE-HH","00+",2022-04-28,2022-04-08,"-20 day ahead inc hosp","quantile",0.1,122,"COVID-19"
"DE-HH","00+",2022-04-28,2022-04-08,"-20 day ahead inc hosp","quantile",0.25,124,"COVID-19"
"DE-HH","00+",2022-04-28,2022-04-08,"-20 day ahead inc hosp","quantile",0.5,128,"COVID-19"
"DE-HH","00+",2022-04-28,2022-04-08,"-20 day ahead inc hosp","quantile",0.75,136,"COVID-19"
"DE-HH","00+",2022-04-28,2022-04-08,"-20 day ahead inc hosp","quantile",0.9,146,"COVID-19"
"DE-HH","00+",2022-04-28,2022-04-08,"-20 day ahead inc hosp","quantile",0.975,161,"COVID-19"
"DE-HH","00+",2022-04-28,2022-04-07,"-21 day ahead inc hosp","mean",NA,129,"COVID-19"
"DE-HH","00+",2022-04-28,2022-04-07,"-21 day ahead inc hosp","quantile",0.025,119,"COVID-19"
"DE-HH","00+",2022-04-28,2022-04-07,"-21 day ahead inc hosp","quantile",0.1,120,"COVID-19"
"DE-HH","00+",2022-04-28,2022-04-07,"-21 day ahead inc hosp","quantile",0.25,122,"COVID-19"
"DE-HH","00+",2022-04-28,2022-04-07,"-21 day ahead inc hosp","quantile",0.5,126,"COVID-19"
"DE-HH","00+",2022-04-28,2022-04-07,"-21 day ahead inc hosp","quantile",0.75,133,"COVID-19"
"DE-HH","00+",2022-04-28,2022-04-07,"-21 day ahead inc hosp","quantile",0.9,142,"COVID-19"
"DE-HH","00+",2022-04-28,2022-04-07,"-21 day ahead inc hosp","quantile",0.975,155,"COVID-19"
"DE-HH","00+",2022-04-28,2022-04-06,"-22 day ahead inc hosp","mean",NA,119,"COVID-19"
"DE-HH","00+",2022-04-28,2022-04-06,"-22 day ahead inc hosp","quantile",0.025,111,"COVID-19"
"DE-HH","00+",2022-04-28,2022-04-06,"-22 day ahead inc hosp","quantile",0.1,112,"COVID-19"
"DE-HH","00+",2022-04-28,2022-04-06,"-22 day ahead inc hosp","quantile",0.25,113,"COVID-19"
"DE-HH","00+",2022-04-28,2022-04-06,"-22 day ahead inc hosp","quantile",0.5,117,"COVID-19"
"DE-HH","00+",2022-04-28,2022-04-06,"-22 day ahead inc hosp","quantile",0.75,123,"COVID-19"
"DE-HH","00+",2022-04-28,2022-04-06,"-22 day ahead inc hosp","quantile",0.9,130,"COVID-19"
"DE-HH","00+",2022-04-28,2022-04-06,"-22 day ahead inc hosp","quantile",0.975,141,"COVID-19"
"DE-HH","00+",2022-04-28,2022-04-05,"-23 day ahead inc hosp","mean",NA,124,"COVID-19"
"DE-HH","00+",2022-04-28,2022-04-05,"-23 day ahead inc hosp","quantile",0.025,116,"COVID-19"
"DE-HH","00+",2022-04-28,2022-04-05,"-23 day ahead inc hosp","quantile",0.1,117,"COVID-19"
"DE-HH","00+",2022-04-28,2022-04-05,"-23 day ahead inc hosp","quantile",0.25,118,"COVID-19"
"DE-HH","00+",2022-04-28,2022-04-05,"-23 day ahead inc hosp","quantile",0.5,122,"COVID-19"
"DE-HH","00+",2022-04-28,2022-04-05,"-23 day ahead inc hosp","quantile",0.75,127,"COVID-19"
"DE-HH","00+",2022-04-28,2022-04-05,"-23 day ahead inc hosp","quantile",0.9,135,"COVID-19"
"DE-HH","00+",2022-04-28,2022-04-05,"-23 day ahead inc hosp","quantile",0.975,146,"COVID-19"
"DE-HH","00+",2022-04-28,2022-04-04,"-24 day ahead inc hosp","mean",NA,124,"COVID-19"
"DE-HH","00+",2022-04-28,2022-04-04,"-24 day ahead inc hosp","quantile",0.025,116,"COVID-19"
"DE-HH","00+",2022-04-28,2022-04-04,"-24 day ahead inc hosp","quantile",0.1,117,"COVID-19"
"DE-HH","00+",2022-04-28,2022-04-04,"-24 day ahead inc hosp","quantile",0.25,118,"COVID-19"
"DE-HH","00+",2022-04-28,2022-04-04,"-24 day ahead inc hosp","quantile",0.5,121,"COVID-19"
"DE-HH","00+",2022-04-28,2022-04-04,"-24 day ahead inc hosp","quantile",0.75,127,"COVID-19"
"DE-HH","00+",2022-04-28,2022-04-04,"-24 day ahead inc hosp","quantile",0.9,133,"COVID-19"
"DE-HH","00+",2022-04-28,2022-04-04,"-24 day ahead inc hosp","quantile",0.975,144,"COVID-19"
"DE-HH","00+",2022-04-28,2022-04-03,"-25 day ahead inc hosp","mean",NA,132,"COVID-19"
"DE-HH","00+",2022-04-28,2022-04-03,"-25 day ahead inc hosp","quantile",0.025,124,"COVID-19"
"DE-HH","00+",2022-04-28,2022-04-03,"-25 day ahead inc hosp","quantile",0.1,125,"COVID-19"
"DE-HH","00+",2022-04-28,2022-04-03,"-25 day ahead inc hosp","quantile",0.25,126,"COVID-19"
"DE-HH","00+",2022-04-28,2022-04-03,"-25 day ahead inc hosp","quantile",0.5,130,"COVID-19"
"DE-HH","00+",2022-04-28,2022-04-03,"-25 day ahead inc hosp","quantile",0.75,135,"COVID-19"
"DE-HH","00+",2022-04-28,2022-04-03,"-25 day ahead inc hosp","quantile",0.9,142,"COVID-19"
"DE-HH","00+",2022-04-28,2022-04-03,"-25 day ahead inc hosp","quantile",0.975,153,"COVID-19"
"DE-HH","00+",2022-04-28,2022-04-02,"-26 day ahead inc hosp","mean",NA,132,"COVID-19"
"DE-HH","00+",2022-04-28,2022-04-02,"-26 day ahead inc hosp","quantile",0.025,124,"COVID-19"
"DE-HH","00+",2022-04-28,2022-04-02,"-26 day ahead inc hosp","quantile",0.1,125,"COVID-19"
"DE-HH","00+",2022-04-28,2022-04-02,"-26 day ahead inc hosp","quantile",0.25,126,"COVID-19"
"DE-HH","00+",2022-04-28,2022-04-02,"-26 day ahead inc hosp","quantile",0.5,130,"COVID-19"
"DE-HH","00+",2022-04-28,2022-04-02,"-26 day ahead inc hosp","quantile",0.75,135,"COVID-19"
"DE-HH","00+",2022-04-28,2022-04-02,"-26 day ahead inc hosp","quantile",0.9,142,"COVID-19"
"DE-HH","00+",2022-04-28,2022-04-02,"-26 day ahead inc hosp","quantile",0.975,152,"COVID-19"
"DE-HH","00+",2022-04-28,2022-04-01,"-27 day ahead inc hosp","mean",NA,147,"COVID-19"
"DE-HH","00+",2022-04-28,2022-04-01,"-27 day ahead inc hosp","quantile",0.025,138,"COVID-19"
"DE-HH","00+",2022-04-28,2022-04-01,"-27 day ahead inc hosp","quantile",0.1,139,"COVID-19"
"DE-HH","00+",2022-04-28,2022-04-01,"-27 day ahead inc hosp","quantile",0.25,141,"COVID-19"
"DE-HH","00+",2022-04-28,2022-04-01,"-27 day ahead inc hosp","quantile",0.5,144,"COVID-19"
"DE-HH","00+",2022-04-28,2022-04-01,"-27 day ahead inc hosp","quantile",0.75,150,"COVID-19"
"DE-HH","00+",2022-04-28,2022-04-01,"-27 day ahead inc hosp","quantile",0.9,157,"COVID-19"
"DE-HH","00+",2022-04-28,2022-04-01,"-27 day ahead inc hosp","quantile",0.975,168,"COVID-19"
"DE-HH","00+",2022-04-28,2022-03-31,"-28 day ahead inc hosp","mean",NA,147,"COVID-19"
"DE-HH","00+",2022-04-28,2022-03-31,"-28 day ahead inc hosp","quantile",0.025,139,"COVID-19"
"DE-HH","00+",2022-04-28,2022-03-31,"-28 day ahead inc hosp","quantile",0.1,140,"COVID-19"
"DE-HH","00+",2022-04-28,2022-03-31,"-28 day ahead inc hosp","quantile",0.25,142,"COVID-19"
"DE-HH","00+",2022-04-28,2022-03-31,"-28 day ahead inc hosp","quantile",0.5,145,"COVID-19"
"DE-HH","00+",2022-04-28,2022-03-31,"-28 day ahead inc hosp","quantile",0.75,151,"COVID-19"
"DE-HH","00+",2022-04-28,2022-03-31,"-28 day ahead inc hosp","quantile",0.9,158,"COVID-19"
"DE-HH","00+",2022-04-28,2022-03-31,"-28 day ahead inc hosp","quantile",0.975,168,"COVID-19"
"DE-MV","00+",2022-04-28,2022-04-28,"0 day ahead inc hosp","mean",NA,315,"COVID-19"
"DE-MV","00+",2022-04-28,2022-04-28,"0 day ahead inc hosp","quantile",0.025,227,"COVID-19"
"DE-MV","00+",2022-04-28,2022-04-28,"0 day ahead inc hosp","quantile",0.1,250,"COVID-19"
"DE-MV","00+",2022-04-28,2022-04-28,"0 day ahead inc hosp","quantile",0.25,275,"COVID-19"
"DE-MV","00+",2022-04-28,2022-04-28,"0 day ahead inc hosp","quantile",0.5,308,"COVID-19"
"DE-MV","00+",2022-04-28,2022-04-28,"0 day ahead inc hosp","quantile",0.75,348,"COVID-19"
"DE-MV","00+",2022-04-28,2022-04-28,"0 day ahead inc hosp","quantile",0.9,390,"COVID-19"
"DE-MV","00+",2022-04-28,2022-04-28,"0 day ahead inc hosp","quantile",0.975,444,"COVID-19"
"DE-MV","00+",2022-04-28,2022-04-27,"-1 day ahead inc hosp","mean",NA,250,"COVID-19"
"DE-MV","00+",2022-04-28,2022-04-27,"-1 day ahead inc hosp","quantile",0.025,206,"COVID-19"
"DE-MV","00+",2022-04-28,2022-04-27,"-1 day ahead inc hosp","quantile",0.1,217,"COVID-19"
"DE-MV","00+",2022-04-28,2022-04-27,"-1 day ahead inc hosp","quantile",0.25,230,"COVID-19"
"DE-MV","00+",2022-04-28,2022-04-27,"-1 day ahead inc hosp","quantile",0.5,247,"COVID-19"
"DE-MV","00+",2022-04-28,2022-04-27,"-1 day ahead inc hosp","quantile",0.75,267,"COVID-19"
"DE-MV","00+",2022-04-28,2022-04-27,"-1 day ahead inc hosp","quantile",0.9,288,"COVID-19"
"DE-MV","00+",2022-04-28,2022-04-27,"-1 day ahead inc hosp","quantile",0.975,315,"COVID-19"
"DE-MV","00+",2022-04-28,2022-04-26,"-2 day ahead inc hosp","mean",NA,244,"COVID-19"
"DE-MV","00+",2022-04-28,2022-04-26,"-2 day ahead inc hosp","quantile",0.025,209,"COVID-19"
"DE-MV","00+",2022-04-28,2022-04-26,"-2 day ahead inc hosp","quantile",0.1,218,"COVID-19"
"DE-MV","00+",2022-04-28,2022-04-26,"-2 day ahead inc hosp","quantile",0.25,228,"COVID-19"
"DE-MV","00+",2022-04-28,2022-04-26,"-2 day ahead inc hosp","quantile",0.5,241,"COVID-19"
"DE-MV","00+",2022-04-28,2022-04-26,"-2 day ahead inc hosp","quantile",0.75,257,"COVID-19"
"DE-MV","00+",2022-04-28,2022-04-26,"-2 day ahead inc hosp","quantile",0.9,273,"COVID-19"
"DE-MV","00+",2022-04-28,2022-04-26,"-2 day ahead inc hosp","quantile",0.975,293,"COVID-19"
"DE-MV","00+",2022-04-28,2022-04-25,"-3 day ahead inc hosp","mean",NA,238,"COVID-19"
"DE-MV","00+",2022-04-28,2022-04-25,"-3 day ahead inc hosp","quantile",0.025,209,"COVID-19"
"DE-MV","00+",2022-04-28,2022-04-25,"-3 day ahead inc hosp","quantile",0.1,217,"COVID-19"
"DE-MV","00+",2022-04-28,2022-04-25,"-3 day ahead inc hosp","quantile",0.25,225,"COVID-19"
"DE-MV","00+",2022-04-28,2022-04-25,"-3 day ahead inc hosp","quantile",0.5,236,"COVID-19"
"DE-MV","00+",2022-04-28,2022-04-25,"-3 day ahead inc hosp","quantile",0.75,249,"COVID-19"
"DE-MV","00+",2022-04-28,2022-04-25,"-3 day ahead inc hosp","quantile",0.9,262,"COVID-19"
"DE-MV","00+",2022-04-28,2022-04-25,"-3 day ahead inc hosp","quantile",0.975,279,"COVID-19"
"DE-MV","00+",2022-04-28,2022-04-24,"-4 day ahead inc hosp","mean",NA,227,"COVID-19"
"DE-MV","00+",2022-04-28,2022-04-24,"-4 day ahead inc hosp","quantile",0.025,202,"COVID-19"
"DE-MV","00+",2022-04-28,2022-04-24,"-4 day ahead inc hosp","quantile",0.1,208,"COVID-19"
"DE-MV","00+",2022-04-28,2022-04-24,"-4 day ahead inc hosp","quantile",0.25,216,"COVID-19"
"DE-MV","00+",2022-04-28,2022-04-24,"-4 day ahead inc hosp","quantile",0.5,225,"COVID-19"
"DE-MV","00+",2022-04-28,2022-04-24,"-4 day ahead inc hosp","quantile",0.75,236,"COVID-19"
"DE-MV","00+",2022-04-28,2022-04-24,"-4 day ahead inc hosp","quantile",0.9,247,"COVID-19"
"DE-MV","00+",2022-04-28,2022-04-24,"-4 day ahead inc hosp","quantile",0.975,261,"COVID-19"
"DE-MV","00+",2022-04-28,2022-04-23,"-5 day ahead inc hosp","mean",NA,219,"COVID-19"
"DE-MV","00+",2022-04-28,2022-04-23,"-5 day ahead inc hosp","quantile",0.025,196,"COVID-19"
"DE-MV","00+",2022-04-28,2022-04-23,"-5 day ahead inc hosp","quantile",0.1,203,"COVID-19"
"DE-MV","00+",2022-04-28,2022-04-23,"-5 day ahead inc hosp","quantile",0.25,209,"COVID-19"
"DE-MV","00+",2022-04-28,2022-04-23,"-5 day ahead inc hosp","quantile",0.5,218,"COVID-19"
"DE-MV","00+",2022-04-28,2022-04-23,"-5 day ahead inc hosp","quantile",0.75,228,"COVID-19"
"DE-MV","00+",2022-04-28,2022-04-23,"-5 day ahead inc hosp","quantile",0.9,238,"COVID-19"
"DE-MV","00+",2022-04-28,2022-04-23,"-5 day ahead inc hosp","quantile",0.975,251,"COVID-19"
"DE-MV","00+",2022-04-28,2022-04-22,"-6 day ahead inc hosp","mean",NA,218,"COVID-19"
"DE-MV","00+",2022-04-28,2022-04-22,"-6 day ahead inc hosp","quantile",0.025,196,"COVID-19"
"DE-MV","00+",2022-04-28,2022-04-22,"-6 day ahead inc hosp","quantile",0.1,202,"COVID-19"
"DE-MV","00+",2022-04-28,2022-04-22,"-6 day ahead inc hosp","quantile",0.25,208,"COVID-19"
"DE-MV","00+",2022-04-28,2022-04-22,"-6 day ahead inc hosp","quantile",0.5,216,"COVID-19"
"DE-MV","00+",2022-04-28,2022-04-22,"-6 day ahead inc hosp","quantile",0.75,226,"COVID-19"
"DE-MV","00+",2022-04-28,2022-04-22,"-6 day ahead inc hosp","quantile",0.9,235,"COVID-19"
"DE-MV","00+",2022-04-28,2022-04-22,"-6 day ahead inc hosp","quantile",0.975,248,"COVID-19"
"DE-MV","00+",2022-04-28,2022-04-21,"-7 day ahead inc hosp","mean",NA,219,"COVID-19"
"DE-MV","00+",2022-04-28,2022-04-21,"-7 day ahead inc hosp","quantile",0.025,199,"COVID-19"
"DE-MV","00+",2022-04-28,2022-04-21,"-7 day ahead inc hosp","quantile",0.1,204,"COVID-19"
"DE-MV","00+",2022-04-28,2022-04-21,"-7 day ahead inc hosp","quantile",0.25,210,"COVID-19"
"DE-MV","00+",2022-04-28,2022-04-21,"-7 day ahead inc hosp","quantile",0.5,217,"COVID-19"
"DE-MV","00+",2022-04-28,2022-04-21,"-7 day ahead inc hosp","quantile",0.75,226,"COVID-19"
"DE-MV","00+",2022-04-28,2022-04-21,"-7 day ahead inc hosp","quantile",0.9,235,"COVID-19"
"DE-MV","00+",2022-04-28,2022-04-21,"-7 day ahead inc hosp","quantile",0.975,247,"COVID-19"
"DE-MV","00+",2022-04-28,2022-04-20,"-8 day ahead inc hosp","mean",NA,207,"COVID-19"
"DE-MV","00+",2022-04-28,2022-04-20,"-8 day ahead inc hosp","quantile",0.025,190,"COVID-19"
"DE-MV","00+",2022-04-28,2022-04-20,"-8 day ahead inc hosp","quantile",0.1,194,"COVID-19"
"DE-MV","00+",2022-04-28,2022-04-20,"-8 day ahead inc hosp","quantile",0.25,199,"COVID-19"
"DE-MV","00+",2022-04-28,2022-04-20,"-8 day ahead inc hosp","quantile",0.5,205,"COVID-19"
"DE-MV","00+",2022-04-28,2022-04-20,"-8 day ahead inc hosp","quantile",0.75,213,"COVID-19"
"DE-MV","00+",2022-04-28,2022-04-20,"-8 day ahead inc hosp","quantile",0.9,221,"COVID-19"
"DE-MV","00+",2022-04-28,2022-04-20,"-8 day ahead inc hosp","quantile",0.975,232,"COVID-19"
"DE-MV","00+",2022-04-28,2022-04-19,"-9 day ahead inc hosp","mean",NA,238,"COVID-19"
"DE-MV","00+",2022-04-28,2022-04-19,"-9 day ahead inc hosp","quantile",0.025,220,"COVID-19"
"DE-MV","00+",2022-04-28,2022-04-19,"-9 day ahead inc hosp","quantile",0.1,224,"COVID-19"
"DE-MV","00+",2022-04-28,2022-04-19,"-9 day ahead inc hosp","quantile",0.25,229,"COVID-19"
"DE-MV","00+",2022-04-28,2022-04-19,"-9 day ahead inc hosp","quantile",0.5,236,"COVID-19"
"DE-MV","00+",2022-04-28,2022-04-19,"-9 day ahead inc hosp","quantile",0.75,244,"COVID-19"
"DE-MV","00+",2022-04-28,2022-04-19,"-9 day ahead inc hosp","quantile",0.9,253,"COVID-19"
"DE-MV","00+",2022-04-28,2022-04-19,"-9 day ahead inc hosp","quantile",0.975,264,"COVID-19"
"DE-MV","00+",2022-04-28,2022-04-18,"-10 day ahead inc hosp","mean",NA,272,"COVID-19"
"DE-MV","00+",2022-04-28,2022-04-18,"-10 day ahead inc hosp","quantile",0.025,253,"COVID-19"
"DE-MV","00+",2022-04-28,2022-04-18,"-10 day ahead inc hosp","quantile",0.1,258,"COVID-19"
"DE-MV","00+",2022-04-28,2022-04-18,"-10 day ahead inc hosp","quantile",0.25,263,"COVID-19"
"DE-MV","00+",2022-04-28,2022-04-18,"-10 day ahead inc hosp","quantile",0.5,270,"COVID-19"
"DE-MV","00+",2022-04-28,2022-04-18,"-10 day ahead inc hosp","quantile",0.75,279,"COVID-19"
"DE-MV","00+",2022-04-28,2022-04-18,"-10 day ahead inc hosp","quantile",0.9,288,"COVID-19"
"DE-MV","00+",2022-04-28,2022-04-18,"-10 day ahead inc hosp","quantile",0.975,300,"COVID-19"
"DE-MV","00+",2022-04-28,2022-04-17,"-11 day ahead inc hosp","mean",NA,277,"COVID-19"
"DE-MV","00+",2022-04-28,2022-04-17,"-11 day ahead inc hosp","quantile",0.025,258,"COVID-19"
"DE-MV","00+",2022-04-28,2022-04-17,"-11 day ahead inc hosp","quantile",0.1,263,"COVID-19"
"DE-MV","00+",2022-04-28,2022-04-17,"-11 day ahead inc hosp","quantile",0.25,268,"COVID-19"
"DE-MV","00+",2022-04-28,2022-04-17,"-11 day ahead inc hosp","quantile",0.5,275,"COVID-19"
"DE-MV","00+",2022-04-28,2022-04-17,"-11 day ahead inc hosp","quantile",0.75,284,"COVID-19"
"DE-MV","00+",2022-04-28,2022-04-17,"-11 day ahead inc hosp","quantile",0.9,293,"COVID-19"
"DE-MV","00+",2022-04-28,2022-04-17,"-11 day ahead inc hosp","quantile",0.975,306,"COVID-19"
"DE-MV","00+",2022-04-28,2022-04-16,"-12 day ahead inc hosp","mean",NA,296,"COVID-19"
"DE-MV","00+",2022-04-28,2022-04-16,"-12 day ahead inc hosp","quantile",0.025,276,"COVID-19"
"DE-MV","00+",2022-04-28,2022-04-16,"-12 day ahead inc hosp","quantile",0.1,281,"COVID-19"
"DE-MV","00+",2022-04-28,2022-04-16,"-12 day ahead inc hosp","quantile",0.25,286,"COVID-19"
"DE-MV","00+",2022-04-28,2022-04-16,"-12 day ahead inc hosp","quantile",0.5,294,"COVID-19"
"DE-MV","00+",2022-04-28,2022-04-16,"-12 day ahead inc hosp","quantile",0.75,303,"COVID-19"
"DE-MV","00+",2022-04-28,2022-04-16,"-12 day ahead inc hosp","quantile",0.9,313,"COVID-19"
"DE-MV","00+",2022-04-28,2022-04-16,"-12 day ahead inc hosp","quantile",0.975,327,"COVID-19"
"DE-MV","00+",2022-04-28,2022-04-15,"-13 day ahead inc hosp","mean",NA,317,"COVID-19"
"DE-MV","00+",2022-04-28,2022-04-15,"-13 day ahead inc hosp","quantile",0.025,297,"COVID-19"
"DE-MV","00+",2022-04-28,2022-04-15,"-13 day ahead inc hosp","quantile",0.1,302,"COVID-19"
"DE-MV","00+",2022-04-28,2022-04-15,"-13 day ahead inc hosp","quantile",0.25,307,"COVID-19"
"DE-MV","00+",2022-04-28,2022-04-15,"-13 day ahead inc hosp","quantile",0.5,315,"COVID-19"
"DE-MV","00+",2022-04-28,2022-04-15,"-13 day ahead inc hosp","quantile",0.75,324,"COVID-19"
"DE-MV","00+",2022-04-28,2022-04-15,"-13 day ahead inc hosp","quantile",0.9,335,"COVID-19"
"DE-MV","00+",2022-04-28,2022-04-15,"-13 day ahead inc hosp","quantile",0.975,349,"COVID-19"
"DE-MV","00+",2022-04-28,2022-04-14,"-14 day ahead inc hosp","mean",NA,325,"COVID-19"
"DE-MV","00+",2022-04-28,2022-04-14,"-14 day ahead inc hosp","quantile",0.025,305,"COVID-19"
"DE-MV","00+",2022-04-28,2022-04-14,"-14 day ahead inc hosp","quantile",0.1,310,"COVID-19"
"DE-MV","00+",2022-04-28,2022-04-14,"-14 day ahead inc hosp","quantile",0.25,315,"COVID-19"
"DE-MV","00+",2022-04-28,2022-04-14,"-14 day ahead inc hosp","quantile",0.5,322,"COVID-19"
"DE-MV","00+",2022-04-28,2022-04-14,"-14 day ahead inc hosp","quantile",0.75,332,"COVID-19"
"DE-MV","00+",2022-04-28,2022-04-14,"-14 day ahead inc hosp","quantile",0.9,342,"COVID-19"
"DE-MV","00+",2022-04-28,2022-04-14,"-14 day ahead inc hosp","quantile",0.975,356,"COVID-19"
"DE-MV","00+",2022-04-28,2022-04-13,"-15 day ahead inc hosp","mean",NA,338,"COVID-19"
"DE-MV","00+",2022-04-28,2022-04-13,"-15 day ahead inc hosp","quantile",0.025,319,"COVID-19"
"DE-MV","00+",2022-04-28,2022-04-13,"-15 day ahead inc hosp","quantile",0.1,323,"COVID-19"
"DE-MV","00+",2022-04-28,2022-04-13,"-15 day ahead inc hosp","quantile",0.25,328,"COVID-19"
"DE-MV","00+",2022-04-28,2022-04-13,"-15 day ahead inc hosp","quantile",0.5,335,"COVID-19"
"DE-MV","00+",2022-04-28,2022-04-13,"-15 day ahead inc hosp","quantile",0.75,345,"COVID-19"
"DE-MV","00+",2022-04-28,2022-04-13,"-15 day ahead inc hosp","quantile",0.9,356,"COVID-19"
"DE-MV","00+",2022-04-28,2022-04-13,"-15 day ahead inc hosp","quantile",0.975,370,"COVID-19"
"DE-MV","00+",2022-04-28,2022-04-12,"-16 day ahead inc hosp","mean",NA,347,"COVID-19"
"DE-MV","00+",2022-04-28,2022-04-12,"-16 day ahead inc hosp","quantile",0.025,329,"COVID-19"
"DE-MV","00+",2022-04-28,2022-04-12,"-16 day ahead inc hosp","quantile",0.1,333,"COVID-19"
"DE-MV","00+",2022-04-28,2022-04-12,"-16 day ahead inc hosp","quantile",0.25,338,"COVID-19"
"DE-MV","00+",2022-04-28,2022-04-12,"-16 day ahead inc hosp","quantile",0.5,345,"COVID-19"
"DE-MV","00+",2022-04-28,2022-04-12,"-16 day ahead inc hosp","quantile",0.75,354,"COVID-19"
"DE-MV","00+",2022-04-28,2022-04-12,"-16 day ahead inc hosp","quantile",0.9,365,"COVID-19"
"DE-MV","00+",2022-04-28,2022-04-12,"-16 day ahead inc hosp","quantile",0.975,379,"COVID-19"
"DE-MV","00+",2022-04-28,2022-04-11,"-17 day ahead inc hosp","mean",NA,356,"COVID-19"
"DE-MV","00+",2022-04-28,2022-04-11,"-17 day ahead inc hosp","quantile",0.025,338,"COVID-19"
"DE-MV","00+",2022-04-28,2022-04-11,"-17 day ahead inc hosp","quantile",0.1,342,"COVID-19"
"DE-MV","00+",2022-04-28,2022-04-11,"-17 day ahead inc hosp","quantile",0.25,347,"COVID-19"
"DE-MV","00+",2022-04-28,2022-04-11,"-17 day ahead inc hosp","quantile",0.5,354,"COVID-19"
"DE-MV","00+",2022-04-28,2022-04-11,"-17 day ahead inc hosp","quantile",0.75,363,"COVID-19"
"DE-MV","00+",2022-04-28,2022-04-11,"-17 day ahead inc hosp","quantile",0.9,374,"COVID-19"
"DE-MV","00+",2022-04-28,2022-04-11,"-17 day ahead inc hosp","quantile",0.975,388,"COVID-19"
"DE-MV","00+",2022-04-28,2022-04-10,"-18 day ahead inc hosp","mean",NA,357,"COVID-19"
"DE-MV","00+",2022-04-28,2022-04-10,"-18 day ahead inc hosp","quantile",0.025,339,"COVID-19"
"DE-MV","00+",2022-04-28,2022-04-10,"-18 day ahead inc hosp","quantile",0.1,343,"COVID-19"
"DE-MV","00+",2022-04-28,2022-04-10,"-18 day ahead inc hosp","quantile",0.25,347,"COVID-19"
"DE-MV","00+",2022-04-28,2022-04-10,"-18 day ahead inc hosp","quantile",0.5,354,"COVID-19"
"DE-MV","00+",2022-04-28,2022-04-10,"-18 day ahead inc hosp","quantile",0.75,364,"COVID-19"
"DE-MV","00+",2022-04-28,2022-04-10,"-18 day ahead inc hosp","quantile",0.9,374,"COVID-19"
"DE-MV","00+",2022-04-28,2022-04-10,"-18 day ahead inc hosp","quantile",0.975,388,"COVID-19"
"DE-MV","00+",2022-04-28,2022-04-09,"-19 day ahead inc hosp","mean",NA,356,"COVID-19"
"DE-MV","00+",2022-04-28,2022-04-09,"-19 day ahead inc hosp","quantile",0.025,339,"COVID-19"
"DE-MV","00+",2022-04-28,2022-04-09,"-19 day ahead inc hosp","quantile",0.1,342,"COVID-19"
"DE-MV","00+",2022-04-28,2022-04-09,"-19 day ahead inc hosp","quantile",0.25,347,"COVID-19"
"DE-MV","00+",2022-04-28,2022-04-09,"-19 day ahead inc hosp","quantile",0.5,354,"COVID-19"
"DE-MV","00+",2022-04-28,2022-04-09,"-19 day ahead inc hosp","quantile",0.75,363,"COVID-19"
"DE-MV","00+",2022-04-28,2022-04-09,"-19 day ahead inc hosp","quantile",0.9,373,"COVID-19"
"DE-MV","00+",2022-04-28,2022-04-09,"-19 day ahead inc hosp","quantile",0.975,387,"COVID-19"
"DE-MV","00+",2022-04-28,2022-04-08,"-20 day ahead inc hosp","mean",NA,339,"COVID-19"
"DE-MV","00+",2022-04-28,2022-04-08,"-20 day ahead inc hosp","quantile",0.025,323,"COVID-19"
"DE-MV","00+",2022-04-28,2022-04-08,"-20 day ahead inc hosp","quantile",0.1,327,"COVID-19"
"DE-MV","00+",2022-04-28,2022-04-08,"-20 day ahead inc hosp","quantile",0.25,331,"COVID-19"
"DE-MV","00+",2022-04-28,2022-04-08,"-20 day ahead inc hosp","quantile",0.5,337,"COVID-19"
"DE-MV","00+",2022-04-28,2022-04-08,"-20 day ahead inc hosp","quantile",0.75,345,"COVID-19"
"DE-MV","00+",2022-04-28,2022-04-08,"-20 day ahead inc hosp","quantile",0.9,355,"COVID-19"
"DE-MV","00+",2022-04-28,2022-04-08,"-20 day ahead inc hosp","quantile",0.975,368,"COVID-19"
"DE-MV","00+",2022-04-28,2022-04-07,"-21 day ahead inc hosp","mean",NA,337,"COVID-19"
"DE-MV","00+",2022-04-28,2022-04-07,"-21 day ahead inc hosp","quantile",0.025,322,"COVID-19"
"DE-MV","00+",2022-04-28,2022-04-07,"-21 day ahead inc hosp","quantile",0.1,325,"COVID-19"
"DE-MV","00+",2022-04-28,2022-04-07,"-21 day ahead inc hosp","quantile",0.25,329,"COVID-19"
"DE-MV","00+",2022-04-28,2022-04-07,"-21 day ahead inc hosp","quantile",0.5,335,"COVID-19"
"DE-MV","00+",2022-04-28,2022-04-07,"-21 day ahead inc hosp","quantile",0.75,343,"COVID-19"
"DE-MV","00+",2022-04-28,2022-04-07,"-21 day ahead inc hosp","quantile",0.9,352,"COVID-19"
"DE-MV","00+",2022-04-28,2022-04-07,"-21 day ahead inc hosp","quantile",0.975,365,"COVID-19"
"DE-MV","00+",2022-04-28,2022-04-06,"-22 day ahead inc hosp","mean",NA,347,"COVID-19"
"DE-MV","00+",2022-04-28,2022-04-06,"-22 day ahead inc hosp","quantile",0.025,333,"COVID-19"
"DE-MV","00+",2022-04-28,2022-04-06,"-22 day ahead inc hosp","quantile",0.1,336,"COVID-19"
"DE-MV","00+",2022-04-28,2022-04-06,"-22 day ahead inc hosp","quantile",0.25,340,"COVID-19"
"DE-MV","00+",2022-04-28,2022-04-06,"-22 day ahead inc hosp","quantile",0.5,345,"COVID-19"
"DE-MV","00+",2022-04-28,2022-04-06,"-22 day ahead inc hosp","quantile",0.75,353,"COVID-19"
"DE-MV","00+",2022-04-28,2022-04-06,"-22 day ahead inc hosp","quantile",0.9,362,"COVID-19"
"DE-MV","00+",2022-04-28,2022-04-06,"-22 day ahead inc hosp","quantile",0.975,374,"COVID-19"
"DE-MV","00+",2022-04-28,2022-04-05,"-23 day ahead inc hosp","mean",NA,339,"COVID-19"
"DE-MV","00+",2022-04-28,2022-04-05,"-23 day ahead inc hosp","quantile",0.025,326,"COVID-19"
"DE-MV","00+",2022-04-28,2022-04-05,"-23 day ahead inc hosp","quantile",0.1,328,"COVID-19"
"DE-MV","00+",2022-04-28,2022-04-05,"-23 day ahead inc hosp","quantile",0.25,332,"COVID-19"
"DE-MV","00+",2022-04-28,2022-04-05,"-23 day ahead inc hosp","quantile",0.5,337,"COVID-19"
"DE-MV","00+",2022-04-28,2022-04-05,"-23 day ahead inc hosp","quantile",0.75,344,"COVID-19"
"DE-MV","00+",2022-04-28,2022-04-05,"-23 day ahead inc hosp","quantile",0.9,351,"COVID-19"
"DE-MV","00+",2022-04-28,2022-04-05,"-23 day ahead inc hosp","quantile",0.975,362,"COVID-19"
"DE-MV","00+",2022-04-28,2022-04-04,"-24 day ahead inc hosp","mean",NA,338,"COVID-19"
"DE-MV","00+",2022-04-28,2022-04-04,"-24 day ahead inc hosp","quantile",0.025,327,"COVID-19"
"DE-MV","00+",2022-04-28,2022-04-04,"-24 day ahead inc hosp","quantile",0.1,329,"COVID-19"
"DE-MV","00+",2022-04-28,2022-04-04,"-24 day ahead inc hosp","quantile",0.25,332,"COVID-19"
"DE-MV","00+",2022-04-28,2022-04-04,"-24 day ahead inc hosp","quantile",0.5,337,"COVID-19"
"DE-MV","00+",2022-04-28,2022-04-04,"-24 day ahead inc hosp","quantile",0.75,343,"COVID-19"
"DE-MV","00+",2022-04-28,2022-04-04,"-24 day ahead inc hosp","quantile",0.9,350,"COVID-19"
"DE-MV","00+",2022-04-28,2022-04-04,"-24 day ahead inc hosp","quantile",0.975,359,"COVID-19"
"DE-MV","00+",2022-04-28,2022-04-03,"-25 day ahead inc hosp","mean",NA,337,"COVID-19"
"DE-MV","00+",2022-04-28,2022-04-03,"-25 day ahead inc hosp","quantile",0.025,325,"COVID-19"
"DE-MV","00+",2022-04-28,2022-04-03,"-25 day ahead inc hosp","quantile",0.1,328,"COVID-19"
"DE-MV","00+",2022-04-28,2022-04-03,"-25 day ahead inc hosp","quantile",0.25,331,"COVID-19"
"DE-MV","00+",2022-04-28,2022-04-03,"-25 day ahead inc hosp","quantile",0.5,335,"COVID-19"
"DE-MV","00+",2022-04-28,2022-04-03,"-25 day ahead inc hosp","quantile",0.75,341,"COVID-19"
"DE-MV","00+",2022-04-28,2022-04-03,"-25 day ahead inc hosp","quantile",0.9,348,"COVID-19"
"DE-MV","00+",2022-04-28,2022-04-03,"-25 day ahead inc hosp","quantile",0.975,358,"COVID-19"
"DE-MV","00+",2022-04-28,2022-04-02,"-26 day ahead inc hosp","mean",NA,357,"COVID-19"
"DE-MV","00+",2022-04-28,2022-04-02,"-26 day ahead inc hosp","quantile",0.025,346,"COVID-19"
"DE-MV","00+",2022-04-28,2022-04-02,"-26 day ahead inc hosp","quantile",0.1,348,"COVID-19"
"DE-MV","00+",2022-04-28,2022-04-02,"-26 day ahead inc hosp","quantile",0.25,351,"COVID-19"
"DE-MV","00+",2022-04-28,2022-04-02,"-26 day ahead inc hosp","quantile",0.5,355,"COVID-19"
"DE-MV","00+",2022-04-28,2022-04-02,"-26 day ahead inc hosp","quantile",0.75,362,"COVID-19"
"DE-MV","00+",2022-04-28,2022-04-02,"-26 day ahead inc hosp","quantile",0.9,369,"COVID-19"
"DE-MV","00+",2022-04-28,2022-04-02,"-26 day ahead inc hosp","quantile",0.975,378,"COVID-19"
"DE-MV","00+",2022-04-28,2022-04-01,"-27 day ahead inc hosp","mean",NA,413,"COVID-19"
"DE-MV","00+",2022-04-28,2022-04-01,"-27 day ahead inc hosp","quantile",0.025,401,"COVID-19"
"DE-MV","00+",2022-04-28,2022-04-01,"-27 day ahead inc hosp","quantile",0.1,403,"COVID-19"
"DE-MV","00+",2022-04-28,2022-04-01,"-27 day ahead inc hosp","quantile",0.25,407,"COVID-19"
"DE-MV","00+",2022-04-28,2022-04-01,"-27 day ahead inc hosp","quantile",0.5,412,"COVID-19"
"DE-MV","00+",2022-04-28,2022-04-01,"-27 day ahead inc hosp","quantile",0.75,418,"COVID-19"
"DE-MV","00+",2022-04-28,2022-04-01,"-27 day ahead inc hosp","quantile",0.9,426,"COVID-19"
"DE-MV","00+",2022-04-28,2022-04-01,"-27 day ahead inc hosp","quantile",0.975,436,"COVID-19"
"DE-MV","00+",2022-04-28,2022-03-31,"-28 day ahead inc hosp","mean",NA,451,"COVID-19"
"DE-MV","00+",2022-04-28,2022-03-31,"-28 day ahead inc hosp","quantile",0.025,438,"COVID-19"
"DE-MV","00+",2022-04-28,2022-03-31,"-28 day ahead inc hosp","quantile",0.1,441,"COVID-19"
"DE-MV","00+",2022-04-28,2022-03-31,"-28 day ahead inc hosp","quantile",0.25,444,"COVID-19"
"DE-MV","00+",2022-04-28,2022-03-31,"-28 day ahead inc hosp","quantile",0.5,449,"COVID-19"
"DE-MV","00+",2022-04-28,2022-03-31,"-28 day ahead inc hosp","quantile",0.75,456,"COVID-19"
"DE-MV","00+",2022-04-28,2022-03-31,"-28 day ahead inc hosp","quantile",0.9,464,"COVID-19"
"DE-MV","00+",2022-04-28,2022-03-31,"-28 day ahead inc hosp","quantile",0.975,475,"COVID-19"
"DE-NI","00+",2022-04-28,2022-04-28,"0 day ahead inc hosp","mean",NA,520,"COVID-19"
"DE-NI","00+",2022-04-28,2022-04-28,"0 day ahead inc hosp","quantile",0.025,390,"COVID-19"
"DE-NI","00+",2022-04-28,2022-04-28,"0 day ahead inc hosp","quantile",0.1,423,"COVID-19"
"DE-NI","00+",2022-04-28,2022-04-28,"0 day ahead inc hosp","quantile",0.25,460,"COVID-19"
"DE-NI","00+",2022-04-28,2022-04-28,"0 day ahead inc hosp","quantile",0.5,509,"COVID-19"
"DE-NI","00+",2022-04-28,2022-04-28,"0 day ahead inc hosp","quantile",0.75,569,"COVID-19"
"DE-NI","00+",2022-04-28,2022-04-28,"0 day ahead inc hosp","quantile",0.9,632,"COVID-19"
"DE-NI","00+",2022-04-28,2022-04-28,"0 day ahead inc hosp","quantile",0.975,713,"COVID-19"
"DE-NI","00+",2022-04-28,2022-04-27,"-1 day ahead inc hosp","mean",NA,557,"COVID-19"
"DE-NI","00+",2022-04-28,2022-04-27,"-1 day ahead inc hosp","quantile",0.025,436,"COVID-19"
"DE-NI","00+",2022-04-28,2022-04-27,"-1 day ahead inc hosp","quantile",0.1,467,"COVID-19"
"DE-NI","00+",2022-04-28,2022-04-27,"-1 day ahead inc hosp","quantile",0.25,501,"COVID-19"
"DE-NI","00+",2022-04-28,2022-04-27,"-1 day ahead inc hosp","quantile",0.5,547,"COVID-19"
"DE-NI","00+",2022-04-28,2022-04-27,"-1 day ahead inc hosp","quantile",0.75,602,"COVID-19"
"DE-NI","00+",2022-04-28,2022-04-27,"-1 day ahead inc hosp","quantile",0.9,660,"COVID-19"
"DE-NI","00+",2022-04-28,2022-04-27,"-1 day ahead inc hosp","quantile",0.975,734,"COVID-19"
"DE-NI","00+",2022-04-28,2022-04-26,"-2 day ahead inc hosp","mean",NA,661,"COVID-19"
"DE-NI","00+",2022-04-28,2022-04-26,"-2 day ahead inc hosp","quantile",0.025,542,"COVID-19"
"DE-NI","00+",2022-04-28,2022-04-26,"-2 day ahead inc hosp","quantile",0.1,572,"COVID-19"
"DE-NI","00+",2022-04-28,2022-04-26,"-2 day ahead inc hosp","quantile",0.25,605,"COVID-19"
"DE-NI","00+",2022-04-28,2022-04-26,"-2 day ahead inc hosp","quantile",0.5,651,"COVID-19"
"DE-NI","00+",2022-04-28,2022-04-26,"-2 day ahead inc hosp","quantile",0.75,705,"COVID-19"
"DE-NI","00+",2022-04-28,2022-04-26,"-2 day ahead inc hosp","quantile",0.9,762,"COVID-19"
"DE-NI","00+",2022-04-28,2022-04-26,"-2 day ahead inc hosp","quantile",0.975,836,"COVID-19"
"DE-NI","00+",2022-04-28,2022-04-25,"-3 day ahead inc hosp","mean",NA,544,"COVID-19"
"DE-NI","00+",2022-04-28,2022-04-25,"-3 day ahead inc hosp","quantile",0.025,463,"COVID-19"
"DE-NI","00+",2022-04-28,2022-04-25,"-3 day ahead inc hosp","quantile",0.1,483,"COVID-19"
"DE-NI","00+",2022-04-28,2022-04-25,"-3 day ahead inc hosp","quantile",0.25,506,"COVID-19"
"DE-NI","00+",2022-04-28,2022-04-25,"-3 day ahead inc hosp","quantile",0.5,538,"COVID-19"
"DE-NI","00+",2022-04-28,2022-04-25,"-3 day ahead inc hosp","quantile",0.75,575,"COVID-19"
"DE-NI","00+",2022-04-28,2022-04-25,"-3 day ahead inc hosp","quantile",0.9,614,"COVID-19"
"DE-NI","00+",2022-04-28,2022-04-25,"-3 day ahead inc hosp","quantile",0.975,665,"COVID-19"
"DE-NI","00+",2022-04-28,2022-04-24,"-4 day ahead inc hosp","mean",NA,535,"COVID-19"
"DE-NI","00+",2022-04-28,2022-04-24,"-4 day ahead inc hosp","quantile",0.025,457,"COVID-19"
"DE-NI","00+",2022-04-28,2022-04-24,"-4 day ahead inc hosp","quantile",0.1,477,"COVID-19"
"DE-NI","00+",2022-04-28,2022-04-24,"-4 day ahead inc hosp","quantile",0.25,498,"COVID-19"
"DE-NI","00+",2022-04-28,2022-04-24,"-4 day ahead inc hosp","quantile",0.5,528,"COVID-19"
"DE-NI","00+",2022-04-28,2022-04-24,"-4 day ahead inc hosp","quantile",0.75,564,"COVID-19"
"DE-NI","00+",2022-04-28,2022-04-24,"-4 day ahead inc hosp","quantile",0.9,601,"COVID-19"
"DE-NI","00+",2022-04-28,2022-04-24,"-4 day ahead inc hosp","quantile",0.975,650,"COVID-19"
"DE-NI","00+",2022-04-28,2022-04-23,"-5 day ahead inc hosp","mean",NA,529,"COVID-19"
"DE-NI","00+",2022-04-28,2022-04-23,"-5 day ahead inc hosp","quantile",0.025,452,"COVID-19"
"DE-NI","00+",2022-04-28,2022-04-23,"-5 day ahead inc hosp","quantile",0.1,471,"COVID-19"
"DE-NI","00+",2022-04-28,2022-04-23,"-5 day ahead inc hosp","quantile",0.25,492,"COVID-19"
"DE-NI","00+",2022-04-28,2022-04-23,"-5 day ahead inc hosp","quantile",0.5,522,"COVID-19"
"DE-NI","00+",2022-04-28,2022-04-23,"-5 day ahead inc hosp","quantile",0.75,558,"COVID-19"
"DE-NI","00+",2022-04-28,2022-04-23,"-5 day ahead inc hosp","quantile",0.9,596,"COVID-19"
"DE-NI","00+",2022-04-28,2022-04-23,"-5 day ahead inc hosp","quantile",0.975,646,"COVID-19"
"DE-NI","00+",2022-04-28,2022-04-22,"-6 day ahead inc hosp","mean",NA,430,"COVID-19"
"DE-NI","00+",2022-04-28,2022-04-22,"-6 day ahead inc hosp","quantile",0.025,370,"COVID-19"
"DE-NI","00+",2022-04-28,2022-04-22,"-6 day ahead inc hosp","quantile",0.1,384,"COVID-19"
"DE-NI","00+",2022-04-28,2022-04-22,"-6 day ahead inc hosp","quantile",0.25,401,"COVID-19"
"DE-NI","00+",2022-04-28,2022-04-22,"-6 day ahead inc hosp","quantile",0.5,424,"COVID-19"
"DE-NI","00+",2022-04-28,2022-04-22,"-6 day ahead inc hosp","quantile",0.75,452,"COVID-19"
"DE-NI","00+",2022-04-28,2022-04-22,"-6 day ahead inc hosp","quantile",0.9,482,"COVID-19"
"DE-NI","00+",2022-04-28,2022-04-22,"-6 day ahead inc hosp","quantile",0.975,522,"COVID-19"
"DE-NI","00+",2022-04-28,2022-04-21,"-7 day ahead inc hosp","mean",NA,425,"COVID-19"
"DE-NI","00+",2022-04-28,2022-04-21,"-7 day ahead inc hosp","quantile",0.025,373,"COVID-19"
"DE-NI","00+",2022-04-28,2022-04-21,"-7 day ahead inc hosp","quantile",0.1,385,"COVID-19"
"DE-NI","00+",2022-04-28,2022-04-21,"-7 day ahead inc hosp","quantile",0.25,399,"COVID-19"
"DE-NI","00+",2022-04-28,2022-04-21,"-7 day ahead inc hosp","quantile",0.5,420,"COVID-19"
"DE-NI","00+",2022-04-28,2022-04-21,"-7 day ahead inc hosp","quantile",0.75,445,"COVID-19"
"DE-NI","00+",2022-04-28,2022-04-21,"-7 day ahead inc hosp","quantile",0.9,473,"COVID-19"
"DE-NI","00+",2022-04-28,2022-04-21,"-7 day ahead inc hosp","quantile",0.975,510,"COVID-19"
"DE-NI","00+",2022-04-28,2022-04-20,"-8 day ahead inc hosp","mean",NA,413,"COVID-19"
"DE-NI","00+",2022-04-28,2022-04-20,"-8 day ahead inc hosp","quantile",0.025,367,"COVID-19"
"DE-NI","00+",2022-04-28,2022-04-20,"-8 day ahead inc hosp","quantile",0.1,377,"COVID-19"
"DE-NI","00+",2022-04-28,2022-04-20,"-8 day ahead inc hosp","quantile",0.25,390,"COVID-19"
"DE-NI","00+",2022-04-28,2022-04-20,"-8 day ahead inc hosp","quantile",0.5,408,"COVID-19"
"DE-NI","00+",2022-04-28,2022-04-20,"-8 day ahead inc hosp","quantile",0.75,430,"COVID-19"
"DE-NI","00+",2022-04-28,2022-04-20,"-8 day ahead inc hosp","quantile",0.9,455,"COVID-19"
"DE-NI","00+",2022-04-28,2022-04-20,"-8 day ahead inc hosp","quantile",0.975,488,"COVID-19"
"DE-NI","00+",2022-04-28,2022-04-19,"-9 day ahead inc hosp","mean",NA,354,"COVID-19"
"DE-NI","00+",2022-04-28,2022-04-19,"-9 day ahead inc hosp","quantile",0.025,325,"COVID-19"
"DE-NI","00+",2022-04-28,2022-04-19,"-9 day ahead inc hosp","quantile",0.1,332,"COVID-19"
"DE-NI","00+",2022-04-28,2022-04-19,"-9 day ahead inc hosp","quantile",0.25,339,"COVID-19"
"DE-NI","00+",2022-04-28,2022-04-19,"-9 day ahead inc hosp","quantile",0.5,351,"COVID-19"
"DE-NI","00+",2022-04-28,2022-04-19,"-9 day ahead inc hosp","quantile",0.75,365,"COVID-19"
"DE-NI","00+",2022-04-28,2022-04-19,"-9 day ahead inc hosp","quantile",0.9,381,"COVID-19"
"DE-NI","00+",2022-04-28,2022-04-19,"-9 day ahead inc hosp","quantile",0.975,402,"COVID-19"
"DE-NI","00+",2022-04-28,2022-04-18,"-10 day ahead inc hosp","mean",NA,471,"COVID-19"
"DE-NI","00+",2022-04-28,2022-04-18,"-10 day ahead inc hosp","quantile",0.025,437,"COVID-19"
"DE-NI","00+",2022-04-28,2022-04-18,"-10 day ahead inc hosp","quantile",0.1,445,"COVID-19"
"DE-NI","00+",2022-04-28,2022-04-18,"-10 day ahead inc hosp","quantile",0.25,454,"COVID-19"
"DE-NI","00+",2022-04-28,2022-04-18,"-10 day ahead inc hosp","quantile",0.5,467,"COVID-19"
"DE-NI","00+",2022-04-28,2022-04-18,"-10 day ahead inc hosp","quantile",0.75,484,"COVID-19"
"DE-NI","00+",2022-04-28,2022-04-18,"-10 day ahead inc hosp","quantile",0.9,503,"COVID-19"
"DE-NI","00+",2022-04-28,2022-04-18,"-10 day ahead inc hosp","quantile",0.975,529,"COVID-19"
"DE-NI","00+",2022-04-28,2022-04-17,"-11 day ahead inc hosp","mean",NA,480,"COVID-19"
"DE-NI","00+",2022-04-28,2022-04-17,"-11 day ahead inc hosp","quantile",0.025,446,"COVID-19"
"DE-NI","00+",2022-04-28,2022-04-17,"-11 day ahead inc hosp","quantile",0.1,453,"COVID-19"
"DE-NI","00+",2022-04-28,2022-04-17,"-11 day ahead inc hosp","quantile",0.25,462,"COVID-19"
"DE-NI","00+",2022-04-28,2022-04-17,"-11 day ahead inc hosp","quantile",0.5,476,"COVID-19"
"DE-NI","00+",2022-04-28,2022-04-17,"-11 day ahead inc hosp","quantile",0.75,493,"COVID-19"
"DE-NI","00+",2022-04-28,2022-04-17,"-11 day ahead inc hosp","quantile",0.9,513,"COVID-19"
"DE-NI","00+",2022-04-28,2022-04-17,"-11 day ahead inc hosp","quantile",0.975,539,"COVID-19"
"DE-NI","00+",2022-04-28,2022-04-16,"-12 day ahead inc hosp","mean",NA,485,"COVID-19"
"DE-NI","00+",2022-04-28,2022-04-16,"-12 day ahead inc hosp","quantile",0.025,452,"COVID-19"
"DE-NI","00+",2022-04-28,2022-04-16,"-12 day ahead inc hosp","quantile",0.1,458,"COVID-19"
"DE-NI","00+",2022-04-28,2022-04-16,"-12 day ahead inc hosp","quantile",0.25,467,"COVID-19"
"DE-NI","00+",2022-04-28,2022-04-16,"-12 day ahead inc hosp","quantile",0.5,481,"COVID-19"
"DE-NI","00+",2022-04-28,2022-04-16,"-12 day ahead inc hosp","quantile",0.75,498,"COVID-19"
"DE-NI","00+",2022-04-28,2022-04-16,"-12 day ahead inc hosp","quantile",0.9,518,"COVID-19"
"DE-NI","00+",2022-04-28,2022-04-16,"-12 day ahead inc hosp","quantile",0.975,545,"COVID-19"
"DE-NI","00+",2022-04-28,2022-04-15,"-13 day ahead inc hosp","mean",NA,543,"COVID-19"
"DE-NI","00+",2022-04-28,2022-04-15,"-13 day ahead inc hosp","quantile",0.025,506,"COVID-19"
"DE-NI","00+",2022-04-28,2022-04-15,"-13 day ahead inc hosp","quantile",0.1,514,"COVID-19"
"DE-NI","00+",2022-04-28,2022-04-15,"-13 day ahead inc hosp","quantile",0.25,523,"COVID-19"
"DE-NI","00+",2022-04-28,2022-04-15,"-13 day ahead inc hosp","quantile",0.5,538,"COVID-19"
"DE-NI","00+",2022-04-28,2022-04-15,"-13 day ahead inc hosp","quantile",0.75,557,"COVID-19"
"DE-NI","00+",2022-04-28,2022-04-15,"-13 day ahead inc hosp","quantile",0.9,579,"COVID-19"
"DE-NI","00+",2022-04-28,2022-04-15,"-13 day ahead inc hosp","quantile",0.975,609,"COVID-19"
"DE-NI","00+",2022-04-28,2022-04-14,"-14 day ahead inc hosp","mean",NA,558,"COVID-19"
"DE-NI","00+",2022-04-28,2022-04-14,"-14 day ahead inc hosp","quantile",0.025,523,"COVID-19"
"DE-NI","00+",2022-04-28,2022-04-14,"-14 day ahead inc hosp","quantile",0.1,530,"COVID-19"
"DE-NI","00+",2022-04-28,2022-04-14,"-14 day ahead inc hosp","quantile",0.25,539,"COVID-19"
"DE-NI","00+",2022-04-28,2022-04-14,"-14 day ahead inc hosp","quantile",0.5,553,"COVID-19"
"DE-NI","00+",2022-04-28,2022-04-14,"-14 day ahead inc hosp","quantile",0.75,571,"COVID-19"
"DE-NI","00+",2022-04-28,2022-04-14,"-14 day ahead inc hosp","quantile",0.9,592,"COVID-19"
"DE-NI","00+",2022-04-28,2022-04-14,"-14 day ahead inc hosp","quantile",0.975,621,"COVID-19"
"DE-NI","00+",2022-04-28,2022-04-13,"-15 day ahead inc hosp","mean",NA,576,"COVID-19"
"DE-NI","00+",2022-04-28,2022-04-13,"-15 day ahead inc hosp","quantile",0.025,543,"COVID-19"
"DE-NI","00+",2022-04-28,2022-04-13,"-15 day ahead inc hosp","quantile",0.1,549,"COVID-19"
"DE-NI","00+",2022-04-28,2022-04-13,"-15 day ahead inc hosp","quantile",0.25,558,"COVID-19"
"DE-NI","00+",2022-04-28,2022-04-13,"-15 day ahead inc hosp","quantile",0.5,571,"COVID-19"
"DE-NI","00+",2022-04-28,2022-04-13,"-15 day ahead inc hosp","quantile",0.75,589,"COVID-19"
"DE-NI","00+",2022-04-28,2022-04-13,"-15 day ahead inc hosp","quantile",0.9,610,"COVID-19"
"DE-NI","00+",2022-04-28,2022-04-13,"-15 day ahead inc hosp","quantile",0.975,638,"COVID-19"
"DE-NI","00+",2022-04-28,2022-04-12,"-16 day ahead inc hosp","mean",NA,605,"COVID-19"
"DE-NI","00+",2022-04-28,2022-04-12,"-16 day ahead inc hosp","quantile",0.025,574,"COVID-19"
"DE-NI","00+",2022-04-28,2022-04-12,"-16 day ahead inc hosp","quantile",0.1,580,"COVID-19"
"DE-NI","00+",2022-04-28,2022-04-12,"-16 day ahead inc hosp","quantile",0.25,587,"COVID-19"
"DE-NI","00+",2022-04-28,2022-04-12,"-16 day ahead inc hosp","quantile",0.5,600,"COVID-19"
"DE-NI","00+",2022-04-28,2022-04-12,"-16 day ahead inc hosp","quantile",0.75,616,"COVID-19"
"DE-NI","00+",2022-04-28,2022-04-12,"-16 day ahead inc hosp","quantile",0.9,636,"COVID-19"
"DE-NI","00+",2022-04-28,2022-04-12,"-16 day ahead inc hosp","quantile",0.975,663,"COVID-19"
"DE-NI","00+",2022-04-28,2022-04-11,"-17 day ahead inc hosp","mean",NA,590,"COVID-19"
"DE-NI","00+",2022-04-28,2022-04-11,"-17 day ahead inc hosp","quantile",0.025,564,"COVID-19"
"DE-NI","00+",2022-04-28,2022-04-11,"-17 day ahead inc hosp","quantile",0.1,568,"COVID-19"
"DE-NI","00+",2022-04-28,2022-04-11,"-17 day ahead inc hosp","quantile",0.25,575,"COVID-19"
"DE-NI","00+",2022-04-28,2022-04-11,"-17 day ahead inc hosp","quantile",0.5,585,"COVID-19"
"DE-NI","00+",2022-04-28,2022-04-11,"-17 day ahead inc hosp","quantile",0.75,600,"COVID-19"
"DE-NI","00+",2022-04-28,2022-04-11,"-17 day ahead inc hosp","quantile",0.9,617,"COVID-19"
"DE-NI","00+",2022-04-28,2022-04-11,"-17 day ahead inc hosp","quantile",0.975,641,"COVID-19"
"DE-NI","00+",2022-04-28,2022-04-10,"-18 day ahead inc hosp","mean",NA,586,"COVID-19"
"DE-NI","00+",2022-04-28,2022-04-10,"-18 day ahead inc hosp","quantile",0.025,561,"COVID-19"
"DE-NI","00+",2022-04-28,2022-04-10,"-18 day ahead inc hosp","quantile",0.1,565,"COVID-19"
"DE-NI","00+",2022-04-28,2022-04-10,"-18 day ahead inc hosp","quantile",0.25,571,"COVID-19"
"DE-NI","00+",2022-04-28,2022-04-10,"-18 day ahead inc hosp","quantile",0.5,581,"COVID-19"
"DE-NI","00+",2022-04-28,2022-04-10,"-18 day ahead inc hosp","quantile",0.75,596,"COVID-19"
"DE-NI","00+",2022-04-28,2022-04-10,"-18 day ahead inc hosp","quantile",0.9,612,"COVID-19"
"DE-NI","00+",2022-04-28,2022-04-10,"-18 day ahead inc hosp","quantile",0.975,636,"COVID-19"
"DE-NI","00+",2022-04-28,2022-04-09,"-19 day ahead inc hosp","mean",NA,586,"COVID-19"
"DE-NI","00+",2022-04-28,2022-04-09,"-19 day ahead inc hosp","quantile",0.025,561,"COVID-19"
"DE-NI","00+",2022-04-28,2022-04-09,"-19 day ahead inc hosp","quantile",0.1,565,"COVID-19"
"DE-NI","00+",2022-04-28,2022-04-09,"-19 day ahead inc hosp","quantile",0.25,571,"COVID-19"
"DE-NI","00+",2022-04-28,2022-04-09,"-19 day ahead inc hosp","quantile",0.5,581,"COVID-19"
"DE-NI","00+",2022-04-28,2022-04-09,"-19 day ahead inc hosp","quantile",0.75,596,"COVID-19"
"DE-NI","00+",2022-04-28,2022-04-09,"-19 day ahead inc hosp","quantile",0.9,613,"COVID-19"
"DE-NI","00+",2022-04-28,2022-04-09,"-19 day ahead inc hosp","quantile",0.975,636,"COVID-19"
"DE-NI","00+",2022-04-28,2022-04-08,"-20 day ahead inc hosp","mean",NA,615,"COVID-19"
"DE-NI","00+",2022-04-28,2022-04-08,"-20 day ahead inc hosp","quantile",0.025,591,"COVID-19"
"DE-NI","00+",2022-04-28,2022-04-08,"-20 day ahead inc hosp","quantile",0.1,595,"COVID-19"
"DE-NI","00+",2022-04-28,2022-04-08,"-20 day ahead inc hosp","quantile",0.25,601,"COVID-19"
"DE-NI","00+",2022-04-28,2022-04-08,"-20 day ahead inc hosp","quantile",0.5,610,"COVID-19"
"DE-NI","00+",2022-04-28,2022-04-08,"-20 day ahead inc hosp","quantile",0.75,624,"COVID-19"
"DE-NI","00+",2022-04-28,2022-04-08,"-20 day ahead inc hosp","quantile",0.9,641,"COVID-19"
"DE-NI","00+",2022-04-28,2022-04-08,"-20 day ahead inc hosp","quantile",0.975,664,"COVID-19"
"DE-NI","00+",2022-04-28,2022-04-07,"-21 day ahead inc hosp","mean",NA,640,"COVID-19"
"DE-NI","00+",2022-04-28,2022-04-07,"-21 day ahead inc hosp","quantile",0.025,618,"COVID-19"
"DE-NI","00+",2022-04-28,2022-04-07,"-21 day ahead inc hosp","quantile",0.1,621,"COVID-19"
"DE-NI","00+",2022-04-28,2022-04-07,"-21 day ahead inc hosp","quantile",0.25,627,"COVID-19"
"DE-NI","00+",2022-04-28,2022-04-07,"-21 day ahead inc hosp","quantile",0.5,636,"COVID-19"
"DE-NI","00+",2022-04-28,2022-04-07,"-21 day ahead inc hosp","quantile",0.75,649,"COVID-19"
"DE-NI","00+",2022-04-28,2022-04-07,"-21 day ahead inc hosp","quantile",0.9,665,"COVID-19"
"DE-NI","00+",2022-04-28,2022-04-07,"-21 day ahead inc hosp","quantile",0.975,687,"COVID-19"
"DE-NI","00+",2022-04-28,2022-04-06,"-22 day ahead inc hosp","mean",NA,652,"COVID-19"
"DE-NI","00+",2022-04-28,2022-04-06,"-22 day ahead inc hosp","quantile",0.025,631,"COVID-19"
"DE-NI","00+",2022-04-28,2022-04-06,"-22 day ahead inc hosp","quantile",0.1,635,"COVID-19"
"DE-NI","00+",2022-04-28,2022-04-06,"-22 day ahead inc hosp","quantile",0.25,640,"COVID-19"
"DE-NI","00+",2022-04-28,2022-04-06,"-22 day ahead inc hosp","quantile",0.5,648,"COVID-19"
"DE-NI","00+",2022-04-28,2022-04-06,"-22 day ahead inc hosp","quantile",0.75,661,"COVID-19"
"DE-NI","00+",2022-04-28,2022-04-06,"-22 day ahead inc hosp","quantile",0.9,676,"COVID-19"
"DE-NI","00+",2022-04-28,2022-04-06,"-22 day ahead inc hosp","quantile",0.975,697,"COVID-19"
"DE-NI","00+",2022-04-28,2022-04-05,"-23 day ahead inc hosp","mean",NA,648,"COVID-19"
"DE-NI","00+",2022-04-28,2022-04-05,"-23 day ahead inc hosp","quantile",0.025,630,"COVID-19"
"DE-NI","00+",2022-04-28,2022-04-05,"-23 day ahead inc hosp","quantile",0.1,633,"COVID-19"
"DE-NI","00+",2022-04-28,2022-04-05,"-23 day ahead inc hosp","quantile",0.25,637,"COVID-19"
"DE-NI","00+",2022-04-28,2022-04-05,"-23 day ahead inc hosp","quantile",0.5,645,"COVID-19"
"DE-NI","00+",2022-04-28,2022-04-05,"-23 day ahead inc hosp","quantile",0.75,655,"COVID-19"
"DE-NI","00+",2022-04-28,2022-04-05,"-23 day ahead inc hosp","quantile",0.9,669,"COVID-19"
"DE-NI","00+",2022-04-28,2022-04-05,"-23 day ahead inc hosp","quantile",0.975,687,"COVID-19"
"DE-NI","00+",2022-04-28,2022-04-04,"-24 day ahead inc hosp","mean",NA,663,"COVID-19"
"DE-NI","00+",2022-04-28,2022-04-04,"-24 day ahead inc hosp","quantile",0.025,647,"COVID-19"
"DE-NI","00+",2022-04-28,2022-04-04,"-24 day ahead inc hosp","quantile",0.1,649,"COVID-19"
"DE-NI","00+",2022-04-28,2022-04-04,"-24 day ahead inc hosp","quantile",0.25,653,"COVID-19"
"DE-NI","00+",2022-04-28,2022-04-04,"-24 day ahead inc hosp","quantile",0.5,660,"COVID-19"
"DE-NI","00+",2022-04-28,2022-04-04,"-24 day ahead inc hosp","quantile",0.75,669,"COVID-19"
"DE-NI","00+",2022-04-28,2022-04-04,"-24 day ahead inc hosp","quantile",0.9,681,"COVID-19"
"DE-NI","00+",2022-04-28,2022-04-04,"-24 day ahead inc hosp","quantile",0.975,697,"COVID-19"
"DE-NI","00+",2022-04-28,2022-04-03,"-25 day ahead inc hosp","mean",NA,682,"COVID-19"
"DE-NI","00+",2022-04-28,2022-04-03,"-25 day ahead inc hosp","quantile",0.025,666,"COVID-19"
"DE-NI","00+",2022-04-28,2022-04-03,"-25 day ahead inc hosp","quantile",0.1,668,"COVID-19"
"DE-NI","00+",2022-04-28,2022-04-03,"-25 day ahead inc hosp","quantile",0.25,672,"COVID-19"
"DE-NI","00+",2022-04-28,2022-04-03,"-25 day ahead inc hosp","quantile",0.5,679,"COVID-19"
"DE-NI","00+",2022-04-28,2022-04-03,"-25 day ahead inc hosp","quantile",0.75,688,"COVID-19"
"DE-NI","00+",2022-04-28,2022-04-03,"-25 day ahead inc hosp","quantile",0.9,700,"COVID-19"
"DE-NI","00+",2022-04-28,2022-04-03,"-25 day ahead inc hosp","quantile",0.975,717,"COVID-19"
"DE-NI","00+",2022-04-28,2022-04-02,"-26 day ahead inc hosp","mean",NA,713,"COVID-19"
"DE-NI","00+",2022-04-28,2022-04-02,"-26 day ahead inc hosp","quantile",0.025,697,"COVID-19"
"DE-NI","00+",2022-04-28,2022-04-02,"-26 day ahead inc hosp","quantile",0.1,699,"COVID-19"
"DE-NI","00+",2022-04-28,2022-04-02,"-26 day ahead inc hosp","quantile",0.25,703,"COVID-19"
"DE-NI","00+",2022-04-28,2022-04-02,"-26 day ahead inc hosp","quantile",0.5,710,"COVID-19"
"DE-NI","00+",2022-04-28,2022-04-02,"-26 day ahead inc hosp","quantile",0.75,719,"COVID-19"
"DE-NI","00+",2022-04-28,2022-04-02,"-26 day ahead inc hosp","quantile",0.9,731,"COVID-19"
"DE-NI","00+",2022-04-28,2022-04-02,"-26 day ahead inc hosp","quantile",0.975,748,"COVID-19"
"DE-NI","00+",2022-04-28,2022-04-01,"-27 day ahead inc hosp","mean",NA,755,"COVID-19"
"DE-NI","00+",2022-04-28,2022-04-01,"-27 day ahead inc hosp","quantile",0.025,740,"COVID-19"
"DE-NI","00+",2022-04-28,2022-04-01,"-27 day ahead inc hosp","quantile",0.1,742,"COVID-19"
"DE-NI","00+",2022-04-28,2022-04-01,"-27 day ahead inc hosp","quantile",0.25,746,"COVID-19"
"DE-NI","00+",2022-04-28,2022-04-01,"-27 day ahead inc hosp","quantile",0.5,752,"COVID-19"
"DE-NI","00+",2022-04-28,2022-04-01,"-27 day ahead inc hosp","quantile",0.75,761,"COVID-19"
"DE-NI","00+",2022-04-28,2022-04-01,"-27 day ahead inc hosp","quantile",0.9,773,"COVID-19"
"DE-NI","00+",2022-04-28,2022-04-01,"-27 day ahead inc hosp","quantile",0.975,789,"COVID-19"
"DE-NI","00+",2022-04-28,2022-03-31,"-28 day ahead inc hosp","mean",NA,765,"COVID-19"
"DE-NI","00+",2022-04-28,2022-03-31,"-28 day ahead inc hosp","quantile",0.025,751,"COVID-19"
"DE-NI","00+",2022-04-28,2022-03-31,"-28 day ahead inc hosp","quantile",0.1,753,"COVID-19"
"DE-NI","00+",2022-04-28,2022-03-31,"-28 day ahead inc hosp","quantile",0.25,756,"COVID-19"
"DE-NI","00+",2022-04-28,2022-03-31,"-28 day ahead inc hosp","quantile",0.5,762,"COVID-19"
"DE-NI","00+",2022-04-28,2022-03-31,"-28 day ahead inc hosp","quantile",0.75,770,"COVID-19"
"DE-NI","00+",2022-04-28,2022-03-31,"-28 day ahead inc hosp","quantile",0.9,781,"COVID-19"
"DE-NI","00+",2022-04-28,2022-03-31,"-28 day ahead inc hosp","quantile",0.975,795,"COVID-19"
"DE-NW","00+",2022-04-28,2022-04-28,"0 day ahead inc hosp","mean",NA,1857,"COVID-19"
"DE-NW","00+",2022-04-28,2022-04-28,"0 day ahead inc hosp","quantile",0.025,1362,"COVID-19"
"DE-NW","00+",2022-04-28,2022-04-28,"0 day ahead inc hosp","quantile",0.1,1493,"COVID-19"
"DE-NW","00+",2022-04-28,2022-04-28,"0 day ahead inc hosp","quantile",0.25,1635,"COVID-19"
"DE-NW","00+",2022-04-28,2022-04-28,"0 day ahead inc hosp","quantile",0.5,1822,"COVID-19"
"DE-NW","00+",2022-04-28,2022-04-28,"0 day ahead inc hosp","quantile",0.75,2041,"COVID-19"
"DE-NW","00+",2022-04-28,2022-04-28,"0 day ahead inc hosp","quantile",0.9,2267,"COVID-19"
"DE-NW","00+",2022-04-28,2022-04-28,"0 day ahead inc hosp","quantile",0.975,2555,"COVID-19"
"DE-NW","00+",2022-04-28,2022-04-27,"-1 day ahead inc hosp","mean",NA,1949,"COVID-19"
"DE-NW","00+",2022-04-28,2022-04-27,"-1 day ahead inc hosp","quantile",0.025,1512,"COVID-19"
"DE-NW","00+",2022-04-28,2022-04-27,"-1 day ahead inc hosp","quantile",0.1,1625,"COVID-19"
"DE-NW","00+",2022-04-28,2022-04-27,"-1 day ahead inc hosp","quantile",0.25,1749,"COVID-19"
"DE-NW","00+",2022-04-28,2022-04-27,"-1 day ahead inc hosp","quantile",0.5,1914,"COVID-19"
"DE-NW","00+",2022-04-28,2022-04-27,"-1 day ahead inc hosp","quantile",0.75,2112,"COVID-19"
"DE-NW","00+",2022-04-28,2022-04-27,"-1 day ahead inc hosp","quantile",0.9,2318,"COVID-19"
"DE-NW","00+",2022-04-28,2022-04-27,"-1 day ahead inc hosp","quantile",0.975,2583,"COVID-19"
"DE-NW","00+",2022-04-28,2022-04-26,"-2 day ahead inc hosp","mean",NA,2083,"COVID-19"
"DE-NW","00+",2022-04-28,2022-04-26,"-2 day ahead inc hosp","quantile",0.025,1685,"COVID-19"
"DE-NW","00+",2022-04-28,2022-04-26,"-2 day ahead inc hosp","quantile",0.1,1788,"COVID-19"
"DE-NW","00+",2022-04-28,2022-04-26,"-2 day ahead inc hosp","quantile",0.25,1901,"COVID-19"
"DE-NW","00+",2022-04-28,2022-04-26,"-2 day ahead inc hosp","quantile",0.5,2052,"COVID-19"
"DE-NW","00+",2022-04-28,2022-04-26,"-2 day ahead inc hosp","quantile",0.75,2232,"COVID-19"
"DE-NW","00+",2022-04-28,2022-04-26,"-2 day ahead inc hosp","quantile",0.9,2420,"COVID-19"
"DE-NW","00+",2022-04-28,2022-04-26,"-2 day ahead inc hosp","quantile",0.975,2661,"COVID-19"
"DE-NW","00+",2022-04-28,2022-04-25,"-3 day ahead inc hosp","mean",NA,1833,"COVID-19"
"DE-NW","00+",2022-04-28,2022-04-25,"-3 day ahead inc hosp","quantile",0.025,1540,"COVID-19"
"DE-NW","00+",2022-04-28,2022-04-25,"-3 day ahead inc hosp","quantile",0.1,1616,"COVID-19"
"DE-NW","00+",2022-04-28,2022-04-25,"-3 day ahead inc hosp","quantile",0.25,1699,"COVID-19"
"DE-NW","00+",2022-04-28,2022-04-25,"-3 day ahead inc hosp","quantile",0.5,1810,"COVID-19"
"DE-NW","00+",2022-04-28,2022-04-25,"-3 day ahead inc hosp","quantile",0.75,1942,"COVID-19"
"DE-NW","00+",2022-04-28,2022-04-25,"-3 day ahead inc hosp","quantile",0.9,2080,"COVID-19"
"DE-NW","00+",2022-04-28,2022-04-25,"-3 day ahead inc hosp","quantile",0.975,2255,"COVID-19"
"DE-NW","00+",2022-04-28,2022-04-24,"-4 day ahead inc hosp","mean",NA,1825,"COVID-19"
"DE-NW","00+",2022-04-28,2022-04-24,"-4 day ahead inc hosp","quantile",0.025,1548,"COVID-19"
"DE-NW","00+",2022-04-28,2022-04-24,"-4 day ahead inc hosp","quantile",0.1,1620,"COVID-19"
"DE-NW","00+",2022-04-28,2022-04-24,"-4 day ahead inc hosp","quantile",0.25,1699,"COVID-19"
"DE-NW","00+",2022-04-28,2022-04-24,"-4 day ahead inc hosp","quantile",0.5,1803,"COVID-19"
"DE-NW","00+",2022-04-28,2022-04-24,"-4 day ahead inc hosp","quantile",0.75,1928,"COVID-19"
"DE-NW","00+",2022-04-28,2022-04-24,"-4 day ahead inc hosp","quantile",0.9,2058,"COVID-19"
"DE-NW","00+",2022-04-28,2022-04-24,"-4 day ahead inc hosp","quantile",0.975,2224,"COVID-19"
"DE-NW","00+",2022-04-28,2022-04-23,"-5 day ahead inc hosp","mean",NA,1843,"COVID-19"
"DE-NW","00+",2022-04-28,2022-04-23,"-5 day ahead inc hosp","quantile",0.025,1578,"COVID-19"
"DE-NW","00+",2022-04-28,2022-04-23,"-5 day ahead inc hosp","quantile",0.1,1646,"COVID-19"
"DE-NW","00+",2022-04-28,2022-04-23,"-5 day ahead inc hosp","quantile",0.25,1721,"COVID-19"
"DE-NW","00+",2022-04-28,2022-04-23,"-5 day ahead inc hosp","quantile",0.5,1822,"COVID-19"
"DE-NW","00+",2022-04-28,2022-04-23,"-5 day ahead inc hosp","quantile",0.75,1942,"COVID-19"
"DE-NW","00+",2022-04-28,2022-04-23,"-5 day ahead inc hosp","quantile",0.9,2067,"COVID-19"
"DE-NW","00+",2022-04-28,2022-04-23,"-5 day ahead inc hosp","quantile",0.975,2227,"COVID-19"
"DE-NW","00+",2022-04-28,2022-04-22,"-6 day ahead inc hosp","mean",NA,1723,"COVID-19"
"DE-NW","00+",2022-04-28,2022-04-22,"-6 day ahead inc hosp","quantile",0.025,1493,"COVID-19"
"DE-NW","00+",2022-04-28,2022-04-22,"-6 day ahead inc hosp","quantile",0.1,1552,"COVID-19"
"DE-NW","00+",2022-04-28,2022-04-22,"-6 day ahead inc hosp","quantile",0.25,1617,"COVID-19"
"DE-NW","00+",2022-04-28,2022-04-22,"-6 day ahead inc hosp","quantile",0.5,1705,"COVID-19"
"DE-NW","00+",2022-04-28,2022-04-22,"-6 day ahead inc hosp","quantile",0.75,1809,"COVID-19"
"DE-NW","00+",2022-04-28,2022-04-22,"-6 day ahead inc hosp","quantile",0.9,1919,"COVID-19"
"DE-NW","00+",2022-04-28,2022-04-22,"-6 day ahead inc hosp","quantile",0.975,2059,"COVID-19"
"DE-NW","00+",2022-04-28,2022-04-21,"-7 day ahead inc hosp","mean",NA,1715,"COVID-19"
"DE-NW","00+",2022-04-28,2022-04-21,"-7 day ahead inc hosp","quantile",0.025,1514,"COVID-19"
"DE-NW","00+",2022-04-28,2022-04-21,"-7 day ahead inc hosp","quantile",0.1,1565,"COVID-19"
"DE-NW","00+",2022-04-28,2022-04-21,"-7 day ahead inc hosp","quantile",0.25,1622,"COVID-19"
"DE-NW","00+",2022-04-28,2022-04-21,"-7 day ahead inc hosp","quantile",0.5,1698,"COVID-19"
"DE-NW","00+",2022-04-28,2022-04-21,"-7 day ahead inc hosp","quantile",0.75,1790,"COVID-19"
"DE-NW","00+",2022-04-28,2022-04-21,"-7 day ahead inc hosp","quantile",0.9,1887,"COVID-19"
"DE-NW","00+",2022-04-28,2022-04-21,"-7 day ahead inc hosp","quantile",0.975,2011,"COVID-19"
"DE-NW","00+",2022-04-28,2022-04-20,"-8 day ahead inc hosp","mean",NA,1702,"COVID-19"
"DE-NW","00+",2022-04-28,2022-04-20,"-8 day ahead inc hosp","quantile",0.025,1529,"COVID-19"
"DE-NW","00+",2022-04-28,2022-04-20,"-8 day ahead inc hosp","quantile",0.1,1572,"COVID-19"
"DE-NW","00+",2022-04-28,2022-04-20,"-8 day ahead inc hosp","quantile",0.25,1621,"COVID-19"
"DE-NW","00+",2022-04-28,2022-04-20,"-8 day ahead inc hosp","quantile",0.5,1687,"COVID-19"
"DE-NW","00+",2022-04-28,2022-04-20,"-8 day ahead inc hosp","quantile",0.75,1766,"COVID-19"
"DE-NW","00+",2022-04-28,2022-04-20,"-8 day ahead inc hosp","quantile",0.9,1851,"COVID-19"
"DE-NW","00+",2022-04-28,2022-04-20,"-8 day ahead inc hosp","quantile",0.975,1959,"COVID-19"
"DE-NW","00+",2022-04-28,2022-04-19,"-9 day ahead inc hosp","mean",NA,1693,"COVID-19"
"DE-NW","00+",2022-04-28,2022-04-19,"-9 day ahead inc hosp","quantile",0.025,1544,"COVID-19"
"DE-NW","00+",2022-04-28,2022-04-19,"-9 day ahead inc hosp","quantile",0.1,1581,"COVID-19"
"DE-NW","00+",2022-04-28,2022-04-19,"-9 day ahead inc hosp","quantile",0.25,1622,"COVID-19"
"DE-NW","00+",2022-04-28,2022-04-19,"-9 day ahead inc hosp","quantile",0.5,1679,"COVID-19"
"DE-NW","00+",2022-04-28,2022-04-19,"-9 day ahead inc hosp","quantile",0.75,1748,"COVID-19"
"DE-NW","00+",2022-04-28,2022-04-19,"-9 day ahead inc hosp","quantile",0.9,1822,"COVID-19"
"DE-NW","00+",2022-04-28,2022-04-19,"-9 day ahead inc hosp","quantile",0.975,1918,"COVID-19"
"DE-NW","00+",2022-04-28,2022-04-18,"-10 day ahead inc hosp","mean",NA,1940,"COVID-19"
"DE-NW","00+",2022-04-28,2022-04-18,"-10 day ahead inc hosp","quantile",0.025,1784,"COVID-19"
"DE-NW","00+",2022-04-28,2022-04-18,"-10 day ahead inc hosp","quantile",0.1,1822,"COVID-19"
"DE-NW","00+",2022-04-28,2022-04-18,"-10 day ahead inc hosp","quantile",0.25,1865,"COVID-19"
"DE-NW","00+",2022-04-28,2022-04-18,"-10 day ahead inc hosp","quantile",0.5,1925,"COVID-19"
"DE-NW","00+",2022-04-28,2022-04-18,"-10 day ahead inc hosp","quantile",0.75,1999,"COVID-19"
"DE-NW","00+",2022-04-28,2022-04-18,"-10 day ahead inc hosp","quantile",0.9,2077,"COVID-19"
"DE-NW","00+",2022-04-28,2022-04-18,"-10 day ahead inc hosp","quantile",0.975,2180,"COVID-19"
"DE-NW","00+",2022-04-28,2022-04-17,"-11 day ahead inc hosp","mean",NA,2000,"COVID-19"
"DE-NW","00+",2022-04-28,2022-04-17,"-11 day ahead inc hosp","quantile",0.025,1844,"COVID-19"
"DE-NW","00+",2022-04-28,2022-04-17,"-11 day ahead inc hosp","quantile",0.1,1881,"COVID-19"
"DE-NW","00+",2022-04-28,2022-04-17,"-11 day ahead inc hosp","quantile",0.25,1925,"COVID-19"
"DE-NW","00+",2022-04-28,2022-04-17,"-11 day ahead inc hosp","quantile",0.5,1985,"COVID-19"
"DE-NW","00+",2022-04-28,2022-04-17,"-11 day ahead inc hosp","quantile",0.75,2059,"COVID-19"
"DE-NW","00+",2022-04-28,2022-04-17,"-11 day ahead inc hosp","quantile",0.9,2139,"COVID-19"
"DE-NW","00+",2022-04-28,2022-04-17,"-11 day ahead inc hosp","quantile",0.975,2243,"COVID-19"
"DE-NW","00+",2022-04-28,2022-04-16,"-12 day ahead inc hosp","mean",NA,2013,"COVID-19"
"DE-NW","00+",2022-04-28,2022-04-16,"-12 day ahead inc hosp","quantile",0.025,1861,"COVID-19"
"DE-NW","00+",2022-04-28,2022-04-16,"-12 day ahead inc hosp","quantile",0.1,1897,"COVID-19"
"DE-NW","00+",2022-04-28,2022-04-16,"-12 day ahead inc hosp","quantile",0.25,1939,"COVID-19"
"DE-NW","00+",2022-04-28,2022-04-16,"-12 day ahead inc hosp","quantile",0.5,1998,"COVID-19"
"DE-NW","00+",2022-04-28,2022-04-16,"-12 day ahead inc hosp","quantile",0.75,2071,"COVID-19"
"DE-NW","00+",2022-04-28,2022-04-16,"-12 day ahead inc hosp","quantile",0.9,2150,"COVID-19"
"DE-NW","00+",2022-04-28,2022-04-16,"-12 day ahead inc hosp","quantile",0.975,2253,"COVID-19"
"DE-NW","00+",2022-04-28,2022-04-15,"-13 day ahead inc hosp","mean",NA,2189,"COVID-19"
"DE-NW","00+",2022-04-28,2022-04-15,"-13 day ahead inc hosp","quantile",0.025,2032,"COVID-19"
"DE-NW","00+",2022-04-28,2022-04-15,"-13 day ahead inc hosp","quantile",0.1,2068,"COVID-19"
"DE-NW","00+",2022-04-28,2022-04-15,"-13 day ahead inc hosp","quantile",0.25,2111,"COVID-19"
"DE-NW","00+",2022-04-28,2022-04-15,"-13 day ahead inc hosp","quantile",0.5,2173,"COVID-19"
"DE-NW","00+",2022-04-28,2022-04-15,"-13 day ahead inc hosp","quantile",0.75,2249,"COVID-19"
"DE-NW","00+",2022-04-28,2022-04-15,"-13 day ahead inc hosp","quantile",0.9,2332,"COVID-19"
"DE-NW","00+",2022-04-28,2022-04-15,"-13 day ahead inc hosp","quantile",0.975,2441,"COVID-19"
"DE-NW","00+",2022-04-28,2022-04-14,"-14 day ahead inc hosp","mean",NA,2214,"COVID-19"
"DE-NW","00+",2022-04-28,2022-04-14,"-14 day ahead inc hosp","quantile",0.025,2066,"COVID-19"
"DE-NW","00+",2022-04-28,2022-04-14,"-14 day ahead inc hosp","quantile",0.1,2100,"COVID-19"
"DE-NW","00+",2022-04-28,2022-04-14,"-14 day ahead inc hosp","quantile",0.25,2140,"COVID-19"
"DE-NW","00+",2022-04-28,2022-04-14,"-14 day ahead inc hosp","quantile",0.5,2198,"COVID-19"
"DE-NW","00+",2022-04-28,2022-04-14,"-14 day ahead inc hosp","quantile",0.75,2270,"COVID-19"
"DE-NW","00+",2022-04-28,2022-04-14,"-14 day ahead inc hosp","quantile",0.9,2348,"COVID-19"
"DE-NW","00+",2022-04-28,2022-04-14,"-14 day ahead inc hosp","quantile",0.975,2452,"COVID-19"
"DE-NW","00+",2022-04-28,2022-04-13,"-15 day ahead inc hosp","mean",NA,2260,"COVID-19"
"DE-NW","00+",2022-04-28,2022-04-13,"-15 day ahead inc hosp","quantile",0.025,2122,"COVID-19"
"DE-NW","00+",2022-04-28,2022-04-13,"-15 day ahead inc hosp","quantile",0.1,2153,"COVID-19"
"DE-NW","00+",2022-04-28,2022-04-13,"-15 day ahead inc hosp","quantile",0.25,2191,"COVID-19"
"DE-NW","00+",2022-04-28,2022-04-13,"-15 day ahead inc hosp","quantile",0.5,2245,"COVID-19"
"DE-NW","00+",2022-04-28,2022-04-13,"-15 day ahead inc hosp","quantile",0.75,2313,"COVID-19"
"DE-NW","00+",2022-04-28,2022-04-13,"-15 day ahead inc hosp","quantile",0.9,2386,"COVID-19"
"DE-NW","00+",2022-04-28,2022-04-13,"-15 day ahead inc hosp","quantile",0.975,2484,"COVID-19"
"DE-NW","00+",2022-04-28,2022-04-12,"-16 day ahead inc hosp","mean",NA,2318,"COVID-19"
"DE-NW","00+",2022-04-28,2022-04-12,"-16 day ahead inc hosp","quantile",0.025,2187,"COVID-19"
"DE-NW","00+",2022-04-28,2022-04-12,"-16 day ahead inc hosp","quantile",0.1,2216,"COVID-19"
"DE-NW","00+",2022-04-28,2022-04-12,"-16 day ahead inc hosp","quantile",0.25,2252,"COVID-19"
"DE-NW","00+",2022-04-28,2022-04-12,"-16 day ahead inc hosp","quantile",0.5,2303,"COVID-19"
"DE-NW","00+",2022-04-28,2022-04-12,"-16 day ahead inc hosp","quantile",0.75,2368,"COVID-19"
"DE-NW","00+",2022-04-28,2022-04-12,"-16 day ahead inc hosp","quantile",0.9,2439,"COVID-19"
"DE-NW","00+",2022-04-28,2022-04-12,"-16 day ahead inc hosp","quantile",0.975,2534,"COVID-19"
"DE-NW","00+",2022-04-28,2022-04-11,"-17 day ahead inc hosp","mean",NA,2259,"COVID-19"
"DE-NW","00+",2022-04-28,2022-04-11,"-17 day ahead inc hosp","quantile",0.025,2141,"COVID-19"
"DE-NW","00+",2022-04-28,2022-04-11,"-17 day ahead inc hosp","quantile",0.1,2167,"COVID-19"
"DE-NW","00+",2022-04-28,2022-04-11,"-17 day ahead inc hosp","quantile",0.25,2199,"COVID-19"
"DE-NW","00+",2022-04-28,2022-04-11,"-17 day ahead inc hosp","quantile",0.5,2246,"COVID-19"
"DE-NW","00+",2022-04-28,2022-04-11,"-17 day ahead inc hosp","quantile",0.75,2304,"COVID-19"
"DE-NW","00+",2022-04-28,2022-04-11,"-17 day ahead inc hosp","quantile",0.9,2369,"COVID-19"
"DE-NW","00+",2022-04-28,2022-04-11,"-17 day ahead inc hosp","quantile",0.975,2455,"COVID-19"
"DE-NW","00+",2022-04-28,2022-04-10,"-18 day ahead inc hosp","mean",NA,2239,"COVID-19"
"DE-NW","00+",2022-04-28,2022-04-10,"-18 day ahead inc hosp","quantile",0.025,2124,"COVID-19"
"DE-NW","00+",2022-04-28,2022-04-10,"-18 day ahead inc hosp","quantile",0.1,2149,"COVID-19"
"DE-NW","00+",2022-04-28,2022-04-10,"-18 day ahead inc hosp","quantile",0.25,2180,"COVID-19"
"DE-NW","00+",2022-04-28,2022-04-10,"-18 day ahead inc hosp","quantile",0.5,2225,"COVID-19"
"DE-NW","00+",2022-04-28,2022-04-10,"-18 day ahead inc hosp","quantile",0.75,2282,"COVID-19"
"DE-NW","00+",2022-04-28,2022-04-10,"-18 day ahead inc hosp","quantile",0.9,2346,"COVID-19"
"DE-NW","00+",2022-04-28,2022-04-10,"-18 day ahead inc hosp","quantile",0.975,2430,"COVID-19"
"DE-NW","00+",2022-04-28,2022-04-09,"-19 day ahead inc hosp","mean",NA,2259,"COVID-19"
"DE-NW","00+",2022-04-28,2022-04-09,"-19 day ahead inc hosp","quantile",0.025,2147,"COVID-19"
"DE-NW","00+",2022-04-28,2022-04-09,"-19 day ahead inc hosp","quantile",0.1,2171,"COVID-19"
"DE-NW","00+",2022-04-28,2022-04-09,"-19 day ahead inc hosp","quantile",0.25,2202,"COVID-19"
"DE-NW","00+",2022-04-28,2022-04-09,"-19 day ahead inc hosp","quantile",0.5,2246,"COVID-19"
"DE-NW","00+",2022-04-28,2022-04-09,"-19 day ahead inc hosp","quantile",0.75,2302,"COVID-19"
"DE-NW","00+",2022-04-28,2022-04-09,"-19 day ahead inc hosp","quantile",0.9,2365,"COVID-19"
"DE-NW","00+",2022-04-28,2022-04-09,"-19 day ahead inc hosp","quantile",0.975,2448,"COVID-19"
"DE-NW","00+",2022-04-28,2022-04-08,"-20 day ahead inc hosp","mean",NA,2199,"COVID-19"
"DE-NW","00+",2022-04-28,2022-04-08,"-20 day ahead inc hosp","quantile",0.025,2096,"COVID-19"
"DE-NW","00+",2022-04-28,2022-04-08,"-20 day ahead inc hosp","quantile",0.1,2119,"COVID-19"
"DE-NW","00+",2022-04-28,2022-04-08,"-20 day ahead inc hosp","quantile",0.25,2146,"COVID-19"
"DE-NW","00+",2022-04-28,2022-04-08,"-20 day ahead inc hosp","quantile",0.5,2187,"COVID-19"
"DE-NW","00+",2022-04-28,2022-04-08,"-20 day ahead inc hosp","quantile",0.75,2238,"COVID-19"
"DE-NW","00+",2022-04-28,2022-04-08,"-20 day ahead inc hosp","quantile",0.9,2295,"COVID-19"
"DE-NW","00+",2022-04-28,2022-04-08,"-20 day ahead inc hosp","quantile",0.975,2372,"COVID-19"
"DE-NW","00+",2022-04-28,2022-04-07,"-21 day ahead inc hosp","mean",NA,2206,"COVID-19"
"DE-NW","00+",2022-04-28,2022-04-07,"-21 day ahead inc hosp","quantile",0.025,2111,"COVID-19"
"DE-NW","00+",2022-04-28,2022-04-07,"-21 day ahead inc hosp","quantile",0.1,2131,"COVID-19"
"DE-NW","00+",2022-04-28,2022-04-07,"-21 day ahead inc hosp","quantile",0.25,2157,"COVID-19"
"DE-NW","00+",2022-04-28,2022-04-07,"-21 day ahead inc hosp","quantile",0.5,2195,"COVID-19"
"DE-NW","00+",2022-04-28,2022-04-07,"-21 day ahead inc hosp","quantile",0.75,2243,"COVID-19"
"DE-NW","00+",2022-04-28,2022-04-07,"-21 day ahead inc hosp","quantile",0.9,2296,"COVID-19"
"DE-NW","00+",2022-04-28,2022-04-07,"-21 day ahead inc hosp","quantile",0.975,2368,"COVID-19"
"DE-NW","00+",2022-04-28,2022-04-06,"-22 day ahead inc hosp","mean",NA,2193,"COVID-19"
"DE-NW","00+",2022-04-28,2022-04-06,"-22 day ahead inc hosp","quantile",0.025,2107,"COVID-19"
"DE-NW","00+",2022-04-28,2022-04-06,"-22 day ahead inc hosp","quantile",0.1,2125,"COVID-19"
"DE-NW","00+",2022-04-28,2022-04-06,"-22 day ahead inc hosp","quantile",0.25,2148,"COVID-19"
"DE-NW","00+",2022-04-28,2022-04-06,"-22 day ahead inc hosp","quantile",0.5,2182,"COVID-19"
"DE-NW","00+",2022-04-28,2022-04-06,"-22 day ahead inc hosp","quantile",0.75,2226,"COVID-19"
"DE-NW","00+",2022-04-28,2022-04-06,"-22 day ahead inc hosp","quantile",0.9,2275,"COVID-19"
"DE-NW","00+",2022-04-28,2022-04-06,"-22 day ahead inc hosp","quantile",0.975,2341,"COVID-19"
"DE-NW","00+",2022-04-28,2022-04-05,"-23 day ahead inc hosp","mean",NA,2222,"COVID-19"
"DE-NW","00+",2022-04-28,2022-04-05,"-23 day ahead inc hosp","quantile",0.025,2144,"COVID-19"
"DE-NW","00+",2022-04-28,2022-04-05,"-23 day ahead inc hosp","quantile",0.1,2161,"COVID-19"
"DE-NW","00+",2022-04-28,2022-04-05,"-23 day ahead inc hosp","quantile",0.25,2182,"COVID-19"
"DE-NW","00+",2022-04-28,2022-04-05,"-23 day ahead inc hosp","quantile",0.5,2213,"COVID-19"
"DE-NW","00+",2022-04-28,2022-04-05,"-23 day ahead inc hosp","quantile",0.75,2252,"COVID-19"
"DE-NW","00+",2022-04-28,2022-04-05,"-23 day ahead inc hosp","quantile",0.9,2297,"COVID-19"
"DE-NW","00+",2022-04-28,2022-04-05,"-23 day ahead inc hosp","quantile",0.975,2357,"COVID-19"
"DE-NW","00+",2022-04-28,2022-04-04,"-24 day ahead inc hosp","mean",NA,2242,"COVID-19"
"DE-NW","00+",2022-04-28,2022-04-04,"-24 day ahead inc hosp","quantile",0.025,2171,"COVID-19"
"DE-NW","00+",2022-04-28,2022-04-04,"-24 day ahead inc hosp","quantile",0.1,2186,"COVID-19"
"DE-NW","00+",2022-04-28,2022-04-04,"-24 day ahead inc hosp","quantile",0.25,2205,"COVID-19"
"DE-NW","00+",2022-04-28,2022-04-04,"-24 day ahead inc hosp","quantile",0.5,2233,"COVID-19"
"DE-NW","00+",2022-04-28,2022-04-04,"-24 day ahead inc hosp","quantile",0.75,2269,"COVID-19"
"DE-NW","00+",2022-04-28,2022-04-04,"-24 day ahead inc hosp","quantile",0.9,2310,"COVID-19"
"DE-NW","00+",2022-04-28,2022-04-04,"-24 day ahead inc hosp","quantile",0.975,2365,"COVID-19"
"DE-NW","00+",2022-04-28,2022-04-03,"-25 day ahead inc hosp","mean",NA,2258,"COVID-19"
"DE-NW","00+",2022-04-28,2022-04-03,"-25 day ahead inc hosp","quantile",0.025,2189,"COVID-19"
"DE-NW","00+",2022-04-28,2022-04-03,"-25 day ahead inc hosp","quantile",0.1,2203,"COVID-19"
"DE-NW","00+",2022-04-28,2022-04-03,"-25 day ahead inc hosp","quantile",0.25,2222,"COVID-19"
"DE-NW","00+",2022-04-28,2022-04-03,"-25 day ahead inc hosp","quantile",0.5,2249,"COVID-19"
"DE-NW","00+",2022-04-28,2022-04-03,"-25 day ahead inc hosp","quantile",0.75,2284,"COVID-19"
"DE-NW","00+",2022-04-28,2022-04-03,"-25 day ahead inc hosp","quantile",0.9,2324,"COVID-19"
"DE-NW","00+",2022-04-28,2022-04-03,"-25 day ahead inc hosp","quantile",0.975,2376,"COVID-19"
"DE-NW","00+",2022-04-28,2022-04-02,"-26 day ahead inc hosp","mean",NA,2303,"COVID-19"
"DE-NW","00+",2022-04-28,2022-04-02,"-26 day ahead inc hosp","quantile",0.025,2236,"COVID-19"
"DE-NW","00+",2022-04-28,2022-04-02,"-26 day ahead inc hosp","quantile",0.1,2250,"COVID-19"
"DE-NW","00+",2022-04-28,2022-04-02,"-26 day ahead inc hosp","quantile",0.25,2268,"COVID-19"
"DE-NW","00+",2022-04-28,2022-04-02,"-26 day ahead inc hosp","quantile",0.5,2294,"COVID-19"
"DE-NW","00+",2022-04-28,2022-04-02,"-26 day ahead inc hosp","quantile",0.75,2328,"COVID-19"
"DE-NW","00+",2022-04-28,2022-04-02,"-26 day ahead inc hosp","quantile",0.9,2366,"COVID-19"
"DE-NW","00+",2022-04-28,2022-04-02,"-26 day ahead inc hosp","quantile",0.975,2417,"COVID-19"
"DE-NW","00+",2022-04-28,2022-04-01,"-27 day ahead inc hosp","mean",NA,2423,"COVID-19"
"DE-NW","00+",2022-04-28,2022-04-01,"-27 day ahead inc hosp","quantile",0.025,2358,"COVID-19"
"DE-NW","00+",2022-04-28,2022-04-01,"-27 day ahead inc hosp","quantile",0.1,2372,"COVID-19"
"DE-NW","00+",2022-04-28,2022-04-01,"-27 day ahead inc hosp","quantile",0.25,2389,"COVID-19"
"DE-NW","00+",2022-04-28,2022-04-01,"-27 day ahead inc hosp","quantile",0.5,2414,"COVID-19"
"DE-NW","00+",2022-04-28,2022-04-01,"-27 day ahead inc hosp","quantile",0.75,2447,"COVID-19"
"DE-NW","00+",2022-04-28,2022-04-01,"-27 day ahead inc hosp","quantile",0.9,2484,"COVID-19"
"DE-NW","00+",2022-04-28,2022-04-01,"-27 day ahead inc hosp","quantile",0.975,2533,"COVID-19"
"DE-NW","00+",2022-04-28,2022-03-31,"-28 day ahead inc hosp","mean",NA,2435,"COVID-19"
"DE-NW","00+",2022-04-28,2022-03-31,"-28 day ahead inc hosp","quantile",0.025,2377,"COVID-19"
"DE-NW","00+",2022-04-28,2022-03-31,"-28 day ahead inc hosp","quantile",0.1,2389,"COVID-19"
"DE-NW","00+",2022-04-28,2022-03-31,"-28 day ahead inc hosp","quantile",0.25,2404,"COVID-19"
"DE-NW","00+",2022-04-28,2022-03-31,"-28 day ahead inc hosp","quantile",0.5,2427,"COVID-19"
"DE-NW","00+",2022-04-28,2022-03-31,"-28 day ahead inc hosp","quantile",0.75,2457,"COVID-19"
"DE-NW","00+",2022-04-28,2022-03-31,"-28 day ahead inc hosp","quantile",0.9,2490,"COVID-19"
"DE-NW","00+",2022-04-28,2022-03-31,"-28 day ahead inc hosp","quantile",0.975,2535,"COVID-19"
"DE-RP","00+",2022-04-28,2022-04-28,"0 day ahead inc hosp","mean",NA,572,"COVID-19"
"DE-RP","00+",2022-04-28,2022-04-28,"0 day ahead inc hosp","quantile",0.025,418,"COVID-19"
"DE-RP","00+",2022-04-28,2022-04-28,"0 day ahead inc hosp","quantile",0.1,458,"COVID-19"
"DE-RP","00+",2022-04-28,2022-04-28,"0 day ahead inc hosp","quantile",0.25,502,"COVID-19"
"DE-RP","00+",2022-04-28,2022-04-28,"0 day ahead inc hosp","quantile",0.5,560,"COVID-19"
"DE-RP","00+",2022-04-28,2022-04-28,"0 day ahead inc hosp","quantile",0.75,629,"COVID-19"
"DE-RP","00+",2022-04-28,2022-04-28,"0 day ahead inc hosp","quantile",0.9,701,"COVID-19"
"DE-RP","00+",2022-04-28,2022-04-28,"0 day ahead inc hosp","quantile",0.975,792,"COVID-19"
"DE-RP","00+",2022-04-28,2022-04-27,"-1 day ahead inc hosp","mean",NA,630,"COVID-19"
"DE-RP","00+",2022-04-28,2022-04-27,"-1 day ahead inc hosp","quantile",0.025,483,"COVID-19"
"DE-RP","00+",2022-04-28,2022-04-27,"-1 day ahead inc hosp","quantile",0.1,522,"COVID-19"
"DE-RP","00+",2022-04-28,2022-04-27,"-1 day ahead inc hosp","quantile",0.25,564,"COVID-19"
"DE-RP","00+",2022-04-28,2022-04-27,"-1 day ahead inc hosp","quantile",0.5,619,"COVID-19"
"DE-RP","00+",2022-04-28,2022-04-27,"-1 day ahead inc hosp","quantile",0.75,685,"COVID-19"
"DE-RP","00+",2022-04-28,2022-04-27,"-1 day ahead inc hosp","quantile",0.9,753,"COVID-19"
"DE-RP","00+",2022-04-28,2022-04-27,"-1 day ahead inc hosp","quantile",0.975,841,"COVID-19"
"DE-RP","00+",2022-04-28,2022-04-26,"-2 day ahead inc hosp","mean",NA,667,"COVID-19"
"DE-RP","00+",2022-04-28,2022-04-26,"-2 day ahead inc hosp","quantile",0.025,536,"COVID-19"
"DE-RP","00+",2022-04-28,2022-04-26,"-2 day ahead inc hosp","quantile",0.1,570,"COVID-19"
"DE-RP","00+",2022-04-28,2022-04-26,"-2 day ahead inc hosp","quantile",0.25,608,"COVID-19"
"DE-RP","00+",2022-04-28,2022-04-26,"-2 day ahead inc hosp","quantile",0.5,657,"COVID-19"
"DE-RP","00+",2022-04-28,2022-04-26,"-2 day ahead inc hosp","quantile",0.75,716,"COVID-19"
"DE-RP","00+",2022-04-28,2022-04-26,"-2 day ahead inc hosp","quantile",0.9,776,"COVID-19"
"DE-RP","00+",2022-04-28,2022-04-26,"-2 day ahead inc hosp","quantile",0.975,854,"COVID-19"
"DE-RP","00+",2022-04-28,2022-04-25,"-3 day ahead inc hosp","mean",NA,494,"COVID-19"
"DE-RP","00+",2022-04-28,2022-04-25,"-3 day ahead inc hosp","quantile",0.025,413,"COVID-19"
"DE-RP","00+",2022-04-28,2022-04-25,"-3 day ahead inc hosp","quantile",0.1,435,"COVID-19"
"DE-RP","00+",2022-04-28,2022-04-25,"-3 day ahead inc hosp","quantile",0.25,458,"COVID-19"
"DE-RP","00+",2022-04-28,2022-04-25,"-3 day ahead inc hosp","quantile",0.5,488,"COVID-19"
"DE-RP","00+",2022-04-28,2022-04-25,"-3 day ahead inc hosp","quantile",0.75,523,"COVID-19"
"DE-RP","00+",2022-04-28,2022-04-25,"-3 day ahead inc hosp","quantile",0.9,560,"COVID-19"
"DE-RP","00+",2022-04-28,2022-04-25,"-3 day ahead inc hosp","quantile",0.975,606,"COVID-19"
"DE-RP","00+",2022-04-28,2022-04-24,"-4 day ahead inc hosp","mean",NA,491,"COVID-19"
"DE-RP","00+",2022-04-28,2022-04-24,"-4 day ahead inc hosp","quantile",0.025,414,"COVID-19"
"DE-RP","00+",2022-04-28,2022-04-24,"-4 day ahead inc hosp","quantile",0.1,435,"COVID-19"
"DE-RP","00+",2022-04-28,2022-04-24,"-4 day ahead inc hosp","quantile",0.25,457,"COVID-19"
"DE-RP","00+",2022-04-28,2022-04-24,"-4 day ahead inc hosp","quantile",0.5,486,"COVID-19"
"DE-RP","00+",2022-04-28,2022-04-24,"-4 day ahead inc hosp","quantile",0.75,519,"COVID-19"
"DE-RP","00+",2022-04-28,2022-04-24,"-4 day ahead inc hosp","quantile",0.9,553,"COVID-19"
"DE-RP","00+",2022-04-28,2022-04-24,"-4 day ahead inc hosp","quantile",0.975,596,"COVID-19"
"DE-RP","00+",2022-04-28,2022-04-23,"-5 day ahead inc hosp","mean",NA,482,"COVID-19"
"DE-RP","00+",2022-04-28,2022-04-23,"-5 day ahead inc hosp","quantile",0.025,412,"COVID-19"
"DE-RP","00+",2022-04-28,2022-04-23,"-5 day ahead inc hosp","quantile",0.1,431,"COVID-19"
"DE-RP","00+",2022-04-28,2022-04-23,"-5 day ahead inc hosp","quantile",0.25,452,"COVID-19"
"DE-RP","00+",2022-04-28,2022-04-23,"-5 day ahead inc hosp","quantile",0.5,478,"COVID-19"
"DE-RP","00+",2022-04-28,2022-04-23,"-5 day ahead inc hosp","quantile",0.75,508,"COVID-19"
"DE-RP","00+",2022-04-28,2022-04-23,"-5 day ahead inc hosp","quantile",0.9,539,"COVID-19"
"DE-RP","00+",2022-04-28,2022-04-23,"-5 day ahead inc hosp","quantile",0.975,578,"COVID-19"
"DE-RP","00+",2022-04-28,2022-04-22,"-6 day ahead inc hosp","mean",NA,408,"COVID-19"
"DE-RP","00+",2022-04-28,2022-04-22,"-6 day ahead inc hosp","quantile",0.025,353,"COVID-19"
"DE-RP","00+",2022-04-28,2022-04-22,"-6 day ahead inc hosp","quantile",0.1,368,"COVID-19"
"DE-RP","00+",2022-04-28,2022-04-22,"-6 day ahead inc hosp","quantile",0.25,384,"COVID-19"
"DE-RP","00+",2022-04-28,2022-04-22,"-6 day ahead inc hosp","quantile",0.5,405,"COVID-19"
"DE-RP","00+",2022-04-28,2022-04-22,"-6 day ahead inc hosp","quantile",0.75,428,"COVID-19"
"DE-RP","00+",2022-04-28,2022-04-22,"-6 day ahead inc hosp","quantile",0.9,452,"COVID-19"
"DE-RP","00+",2022-04-28,2022-04-22,"-6 day ahead inc hosp","quantile",0.975,482,"COVID-19"
"DE-RP","00+",2022-04-28,2022-04-21,"-7 day ahead inc hosp","mean",NA,392,"COVID-19"
"DE-RP","00+",2022-04-28,2022-04-21,"-7 day ahead inc hosp","quantile",0.025,349,"COVID-19"
"DE-RP","00+",2022-04-28,2022-04-21,"-7 day ahead inc hosp","quantile",0.1,361,"COVID-19"
"DE-RP","00+",2022-04-28,2022-04-21,"-7 day ahead inc hosp","quantile",0.25,374,"COVID-19"
"DE-RP","00+",2022-04-28,2022-04-21,"-7 day ahead inc hosp","quantile",0.5,390,"COVID-19"
"DE-RP","00+",2022-04-28,2022-04-21,"-7 day ahead inc hosp","quantile",0.75,408,"COVID-19"
"DE-RP","00+",2022-04-28,2022-04-21,"-7 day ahead inc hosp","quantile",0.9,427,"COVID-19"
"DE-RP","00+",2022-04-28,2022-04-21,"-7 day ahead inc hosp","quantile",0.975,450,"COVID-19"
"DE-RP","00+",2022-04-28,2022-04-20,"-8 day ahead inc hosp","mean",NA,366,"COVID-19"
"DE-RP","00+",2022-04-28,2022-04-20,"-8 day ahead inc hosp","quantile",0.025,332,"COVID-19"
"DE-RP","00+",2022-04-28,2022-04-20,"-8 day ahead inc hosp","quantile",0.1,342,"COVID-19"
"DE-RP","00+",2022-04-28,2022-04-20,"-8 day ahead inc hosp","quantile",0.25,352,"COVID-19"
"DE-RP","00+",2022-04-28,2022-04-20,"-8 day ahead inc hosp","quantile",0.5,365,"COVID-19"
"DE-RP","00+",2022-04-28,2022-04-20,"-8 day ahead inc hosp","quantile",0.75,379,"COVID-19"
"DE-RP","00+",2022-04-28,2022-04-20,"-8 day ahead inc hosp","quantile",0.9,393,"COVID-19"
"DE-RP","00+",2022-04-28,2022-04-20,"-8 day ahead inc hosp","quantile",0.975,411,"COVID-19"
"DE-RP","00+",2022-04-28,2022-04-19,"-9 day ahead inc hosp","mean",NA,296,"COVID-19"
"DE-RP","00+",2022-04-28,2022-04-19,"-9 day ahead inc hosp","quantile",0.025,274,"COVID-19"
"DE-RP","00+",2022-04-28,2022-04-19,"-9 day ahead inc hosp","quantile",0.1,281,"COVID-19"
"DE-RP","00+",2022-04-28,2022-04-19,"-9 day ahead inc hosp","quantile",0.25,287,"COVID-19"
"DE-RP","00+",2022-04-28,2022-04-19,"-9 day ahead inc hosp","quantile",0.5,295,"COVID-19"
"DE-RP","00+",2022-04-28,2022-04-19,"-9 day ahead inc hosp","quantile",0.75,304,"COVID-19"
"DE-RP","00+",2022-04-28,2022-04-19,"-9 day ahead inc hosp","quantile",0.9,314,"COVID-19"
"DE-RP","00+",2022-04-28,2022-04-19,"-9 day ahead inc hosp","quantile",0.975,325,"COVID-19"
"DE-RP","00+",2022-04-28,2022-04-18,"-10 day ahead inc hosp","mean",NA,408,"COVID-19"
"DE-RP","00+",2022-04-28,2022-04-18,"-10 day ahead inc hosp","quantile",0.025,380,"COVID-19"
"DE-RP","00+",2022-04-28,2022-04-18,"-10 day ahead inc hosp","quantile",0.1,388,"COVID-19"
"DE-RP","00+",2022-04-28,2022-04-18,"-10 day ahead inc hosp","quantile",0.25,396,"COVID-19"
"DE-RP","00+",2022-04-28,2022-04-18,"-10 day ahead inc hosp","quantile",0.5,406,"COVID-19"
"DE-RP","00+",2022-04-28,2022-04-18,"-10 day ahead inc hosp","quantile",0.75,418,"COVID-19"
"DE-RP","00+",2022-04-28,2022-04-18,"-10 day ahead inc hosp","quantile",0.9,429,"COVID-19"
"DE-RP","00+",2022-04-28,2022-04-18,"-10 day ahead inc hosp","quantile",0.975,443,"COVID-19"
"DE-RP","00+",2022-04-28,2022-04-17,"-11 day ahead inc hosp","mean",NA,414,"COVID-19"
"DE-RP","00+",2022-04-28,2022-04-17,"-11 day ahead inc hosp","quantile",0.025,386,"COVID-19"
"DE-RP","00+",2022-04-28,2022-04-17,"-11 day ahead inc hosp","quantile",0.1,394,"COVID-19"
"DE-RP","00+",2022-04-28,2022-04-17,"-11 day ahead inc hosp","quantile",0.25,402,"COVID-19"
"DE-RP","00+",2022-04-28,2022-04-17,"-11 day ahead inc hosp","quantile",0.5,412,"COVID-19"
"DE-RP","00+",2022-04-28,2022-04-17,"-11 day ahead inc hosp","quantile",0.75,424,"COVID-19"
"DE-RP","00+",2022-04-28,2022-04-17,"-11 day ahead inc hosp","quantile",0.9,435,"COVID-19"
"DE-RP","00+",2022-04-28,2022-04-17,"-11 day ahead inc hosp","quantile",0.975,450,"COVID-19"
"DE-RP","00+",2022-04-28,2022-04-16,"-12 day ahead inc hosp","mean",NA,418,"COVID-19"
"DE-RP","00+",2022-04-28,2022-04-16,"-12 day ahead inc hosp","quantile",0.025,389,"COVID-19"
"DE-RP","00+",2022-04-28,2022-04-16,"-12 day ahead inc hosp","quantile",0.1,397,"COVID-19"
"DE-RP","00+",2022-04-28,2022-04-16,"-12 day ahead inc hosp","quantile",0.25,406,"COVID-19"
"DE-RP","00+",2022-04-28,2022-04-16,"-12 day ahead inc hosp","quantile",0.5,417,"COVID-19"
"DE-RP","00+",2022-04-28,2022-04-16,"-12 day ahead inc hosp","quantile",0.75,429,"COVID-19"
"DE-RP","00+",2022-04-28,2022-04-16,"-12 day ahead inc hosp","quantile",0.9,441,"COVID-19"
"DE-RP","00+",2022-04-28,2022-04-16,"-12 day ahead inc hosp","quantile",0.975,457,"COVID-19"
"DE-RP","00+",2022-04-28,2022-04-15,"-13 day ahead inc hosp","mean",NA,477,"COVID-19"
"DE-RP","00+",2022-04-28,2022-04-15,"-13 day ahead inc hosp","quantile",0.025,444,"COVID-19"
"DE-RP","00+",2022-04-28,2022-04-15,"-13 day ahead inc hosp","quantile",0.1,453,"COVID-19"
"DE-RP","00+",2022-04-28,2022-04-15,"-13 day ahead inc hosp","quantile",0.25,463,"COVID-19"
"DE-RP","00+",2022-04-28,2022-04-15,"-13 day ahead inc hosp","quantile",0.5,475,"COVID-19"
"DE-RP","00+",2022-04-28,2022-04-15,"-13 day ahead inc hosp","quantile",0.75,489,"COVID-19"
"DE-RP","00+",2022-04-28,2022-04-15,"-13 day ahead inc hosp","quantile",0.9,504,"COVID-19"
"DE-RP","00+",2022-04-28,2022-04-15,"-13 day ahead inc hosp","quantile",0.975,522,"COVID-19"
"DE-RP","00+",2022-04-28,2022-04-14,"-14 day ahead inc hosp","mean",NA,461,"COVID-19"
"DE-RP","00+",2022-04-28,2022-04-14,"-14 day ahead inc hosp","quantile",0.025,430,"COVID-19"
"DE-RP","00+",2022-04-28,2022-04-14,"-14 day ahead inc hosp","quantile",0.1,439,"COVID-19"
"DE-RP","00+",2022-04-28,2022-04-14,"-14 day ahead inc hosp","quantile",0.25,447,"COVID-19"
"DE-RP","00+",2022-04-28,2022-04-14,"-14 day ahead inc hosp","quantile",0.5,459,"COVID-19"
"DE-RP","00+",2022-04-28,2022-04-14,"-14 day ahead inc hosp","quantile",0.75,473,"COVID-19"
"DE-RP","00+",2022-04-28,2022-04-14,"-14 day ahead inc hosp","quantile",0.9,487,"COVID-19"
"DE-RP","00+",2022-04-28,2022-04-14,"-14 day ahead inc hosp","quantile",0.975,504,"COVID-19"
"DE-RP","00+",2022-04-28,2022-04-13,"-15 day ahead inc hosp","mean",NA,479,"COVID-19"
"DE-RP","00+",2022-04-28,2022-04-13,"-15 day ahead inc hosp","quantile",0.025,448,"COVID-19"
"DE-RP","00+",2022-04-28,2022-04-13,"-15 day ahead inc hosp","quantile",0.1,456,"COVID-19"
"DE-RP","00+",2022-04-28,2022-04-13,"-15 day ahead inc hosp","quantile",0.25,465,"COVID-19"
"DE-RP","00+",2022-04-28,2022-04-13,"-15 day ahead inc hosp","quantile",0.5,476,"COVID-19"
"DE-RP","00+",2022-04-28,2022-04-13,"-15 day ahead inc hosp","quantile",0.75,490,"COVID-19"
"DE-RP","00+",2022-04-28,2022-04-13,"-15 day ahead inc hosp","quantile",0.9,505,"COVID-19"
"DE-RP","00+",2022-04-28,2022-04-13,"-15 day ahead inc hosp","quantile",0.975,523,"COVID-19"
"DE-RP","00+",2022-04-28,2022-04-12,"-16 day ahead inc hosp","mean",NA,504,"COVID-19"
"DE-RP","00+",2022-04-28,2022-04-12,"-16 day ahead inc hosp","quantile",0.025,473,"COVID-19"
"DE-RP","00+",2022-04-28,2022-04-12,"-16 day ahead inc hosp","quantile",0.1,481,"COVID-19"
"DE-RP","00+",2022-04-28,2022-04-12,"-16 day ahead inc hosp","quantile",0.25,490,"COVID-19"
"DE-RP","00+",2022-04-28,2022-04-12,"-16 day ahead inc hosp","quantile",0.5,502,"COVID-19"
"DE-RP","00+",2022-04-28,2022-04-12,"-16 day ahead inc hosp","quantile",0.75,516,"COVID-19"
"DE-RP","00+",2022-04-28,2022-04-12,"-16 day ahead inc hosp","quantile",0.9,531,"COVID-19"
"DE-RP","00+",2022-04-28,2022-04-12,"-16 day ahead inc hosp","quantile",0.975,551,"COVID-19"
"DE-RP","00+",2022-04-28,2022-04-11,"-17 day ahead inc hosp","mean",NA,535,"COVID-19"
"DE-RP","00+",2022-04-28,2022-04-11,"-17 day ahead inc hosp","quantile",0.025,505,"COVID-19"
"DE-RP","00+",2022-04-28,2022-04-11,"-17 day ahead inc hosp","quantile",0.1,512,"COVID-19"
"DE-RP","00+",2022-04-28,2022-04-11,"-17 day ahead inc hosp","quantile",0.25,521,"COVID-19"
"DE-RP","00+",2022-04-28,2022-04-11,"-17 day ahead inc hosp","quantile",0.5,532,"COVID-19"
"DE-RP","00+",2022-04-28,2022-04-11,"-17 day ahead inc hosp","quantile",0.75,546,"COVID-19"
"DE-RP","00+",2022-04-28,2022-04-11,"-17 day ahead inc hosp","quantile",0.9,561,"COVID-19"
"DE-RP","00+",2022-04-28,2022-04-11,"-17 day ahead inc hosp","quantile",0.975,581,"COVID-19"
"DE-RP","00+",2022-04-28,2022-04-10,"-18 day ahead inc hosp","mean",NA,531,"COVID-19"
"DE-RP","00+",2022-04-28,2022-04-10,"-18 day ahead inc hosp","quantile",0.025,502,"COVID-19"
"DE-RP","00+",2022-04-28,2022-04-10,"-18 day ahead inc hosp","quantile",0.1,509,"COVID-19"
"DE-RP","00+",2022-04-28,2022-04-10,"-18 day ahead inc hosp","quantile",0.25,517,"COVID-19"
"DE-RP","00+",2022-04-28,2022-04-10,"-18 day ahead inc hosp","quantile",0.5,528,"COVID-19"
"DE-RP","00+",2022-04-28,2022-04-10,"-18 day ahead inc hosp","quantile",0.75,542,"COVID-19"
"DE-RP","00+",2022-04-28,2022-04-10,"-18 day ahead inc hosp","quantile",0.9,557,"COVID-19"
"DE-RP","00+",2022-04-28,2022-04-10,"-18 day ahead inc hosp","quantile",0.975,577,"COVID-19"
"DE-RP","00+",2022-04-28,2022-04-09,"-19 day ahead inc hosp","mean",NA,537,"COVID-19"
"DE-RP","00+",2022-04-28,2022-04-09,"-19 day ahead inc hosp","quantile",0.025,508,"COVID-19"
"DE-RP","00+",2022-04-28,2022-04-09,"-19 day ahead inc hosp","quantile",0.1,515,"COVID-19"
"DE-RP","00+",2022-04-28,2022-04-09,"-19 day ahead inc hosp","quantile",0.25,523,"COVID-19"
"DE-RP","00+",2022-04-28,2022-04-09,"-19 day ahead inc hosp","quantile",0.5,534,"COVID-19"
"DE-RP","00+",2022-04-28,2022-04-09,"-19 day ahead inc hosp","quantile",0.75,548,"COVID-19"
"DE-RP","00+",2022-04-28,2022-04-09,"-19 day ahead inc hosp","quantile",0.9,562,"COVID-19"
"DE-RP","00+",2022-04-28,2022-04-09,"-19 day ahead inc hosp","quantile",0.975,581,"COVID-19"
"DE-RP","00+",2022-04-28,2022-04-08,"-20 day ahead inc hosp","mean",NA,546,"COVID-19"
"DE-RP","00+",2022-04-28,2022-04-08,"-20 day ahead inc hosp","quantile",0.025,518,"COVID-19"
"DE-RP","00+",2022-04-28,2022-04-08,"-20 day ahead inc hosp","quantile",0.1,525,"COVID-19"
"DE-RP","00+",2022-04-28,2022-04-08,"-20 day ahead inc hosp","quantile",0.25,532,"COVID-19"
"DE-RP","00+",2022-04-28,2022-04-08,"-20 day ahead inc hosp","quantile",0.5,543,"COVID-19"
"DE-RP","00+",2022-04-28,2022-04-08,"-20 day ahead inc hosp","quantile",0.75,556,"COVID-19"
"DE-RP","00+",2022-04-28,2022-04-08,"-20 day ahead inc hosp","quantile",0.9,570,"COVID-19"
"DE-RP","00+",2022-04-28,2022-04-08,"-20 day ahead inc hosp","quantile",0.975,588,"COVID-19"
"DE-RP","00+",2022-04-28,2022-04-07,"-21 day ahead inc hosp","mean",NA,566,"COVID-19"
"DE-RP","00+",2022-04-28,2022-04-07,"-21 day ahead inc hosp","quantile",0.025,540,"COVID-19"
"DE-RP","00+",2022-04-28,2022-04-07,"-21 day ahead inc hosp","quantile",0.1,546,"COVID-19"
"DE-RP","00+",2022-04-28,2022-04-07,"-21 day ahead inc hosp","quantile",0.25,554,"COVID-19"
"DE-RP","00+",2022-04-28,2022-04-07,"-21 day ahead inc hosp","quantile",0.5,564,"COVID-19"
"DE-RP","00+",2022-04-28,2022-04-07,"-21 day ahead inc hosp","quantile",0.75,576,"COVID-19"
"DE-RP","00+",2022-04-28,2022-04-07,"-21 day ahead inc hosp","quantile",0.9,590,"COVID-19"
"DE-RP","00+",2022-04-28,2022-04-07,"-21 day ahead inc hosp","quantile",0.975,607,"COVID-19"
"DE-RP","00+",2022-04-28,2022-04-06,"-22 day ahead inc hosp","mean",NA,572,"COVID-19"
"DE-RP","00+",2022-04-28,2022-04-06,"-22 day ahead inc hosp","quantile",0.025,547,"COVID-19"
"DE-RP","00+",2022-04-28,2022-04-06,"-22 day ahead inc hosp","quantile",0.1,553,"COVID-19"
"DE-RP","00+",2022-04-28,2022-04-06,"-22 day ahead inc hosp","quantile",0.25,560,"COVID-19"
"DE-RP","00+",2022-04-28,2022-04-06,"-22 day ahead inc hosp","quantile",0.5,569,"COVID-19"
"DE-RP","00+",2022-04-28,2022-04-06,"-22 day ahead inc hosp","quantile",0.75,581,"COVID-19"
"DE-RP","00+",2022-04-28,2022-04-06,"-22 day ahead inc hosp","quantile",0.9,593,"COVID-19"
"DE-RP","00+",2022-04-28,2022-04-06,"-22 day ahead inc hosp","quantile",0.975,609,"COVID-19"
"DE-RP","00+",2022-04-28,2022-04-05,"-23 day ahead inc hosp","mean",NA,613,"COVID-19"
"DE-RP","00+",2022-04-28,2022-04-05,"-23 day ahead inc hosp","quantile",0.025,589,"COVID-19"
"DE-RP","00+",2022-04-28,2022-04-05,"-23 day ahead inc hosp","quantile",0.1,595,"COVID-19"
"DE-RP","00+",2022-04-28,2022-04-05,"-23 day ahead inc hosp","quantile",0.25,602,"COVID-19"
"DE-RP","00+",2022-04-28,2022-04-05,"-23 day ahead inc hosp","quantile",0.5,611,"COVID-19"
"DE-RP","00+",2022-04-28,2022-04-05,"-23 day ahead inc hosp","quantile",0.75,622,"COVID-19"
"DE-RP","00+",2022-04-28,2022-04-05,"-23 day ahead inc hosp","quantile",0.9,634,"COVID-19"
"DE-RP","00+",2022-04-28,2022-04-05,"-23 day ahead inc hosp","quantile",0.975,650,"COVID-19"
"DE-RP","00+",2022-04-28,2022-04-04,"-24 day ahead inc hosp","mean",NA,603,"COVID-19"
"DE-RP","00+",2022-04-28,2022-04-04,"-24 day ahead inc hosp","quantile",0.025,581,"COVID-19"
"DE-RP","00+",2022-04-28,2022-04-04,"-24 day ahead inc hosp","quantile",0.1,587,"COVID-19"
"DE-RP","00+",2022-04-28,2022-04-04,"-24 day ahead inc hosp","quantile",0.25,593,"COVID-19"
"DE-RP","00+",2022-04-28,2022-04-04,"-24 day ahead inc hosp","quantile",0.5,601,"COVID-19"
"DE-RP","00+",2022-04-28,2022-04-04,"-24 day ahead inc hosp","quantile",0.75,611,"COVID-19"
"DE-RP","00+",2022-04-28,2022-04-04,"-24 day ahead inc hosp","quantile",0.9,622,"COVID-19"
"DE-RP","00+",2022-04-28,2022-04-04,"-24 day ahead inc hosp","quantile",0.975,636,"COVID-19"
"DE-RP","00+",2022-04-28,2022-04-03,"-25 day ahead inc hosp","mean",NA,608,"COVID-19"
"DE-RP","00+",2022-04-28,2022-04-03,"-25 day ahead inc hosp","quantile",0.025,586,"COVID-19"
"DE-RP","00+",2022-04-28,2022-04-03,"-25 day ahead inc hosp","quantile",0.1,591,"COVID-19"
"DE-RP","00+",2022-04-28,2022-04-03,"-25 day ahead inc hosp","quantile",0.25,597,"COVID-19"
"DE-RP","00+",2022-04-28,2022-04-03,"-25 day ahead inc hosp","quantile",0.5,606,"COVID-19"
"DE-RP","00+",2022-04-28,2022-04-03,"-25 day ahead inc hosp","quantile",0.75,616,"COVID-19"
"DE-RP","00+",2022-04-28,2022-04-03,"-25 day ahead inc hosp","quantile",0.9,628,"COVID-19"
"DE-RP","00+",2022-04-28,2022-04-03,"-25 day ahead inc hosp","quantile",0.975,643,"COVID-19"
"DE-RP","00+",2022-04-28,2022-04-02,"-26 day ahead inc hosp","mean",NA,606,"COVID-19"
"DE-RP","00+",2022-04-28,2022-04-02,"-26 day ahead inc hosp","quantile",0.025,584,"COVID-19"
"DE-RP","00+",2022-04-28,2022-04-02,"-26 day ahead inc hosp","quantile",0.1,589,"COVID-19"
"DE-RP","00+",2022-04-28,2022-04-02,"-26 day ahead inc hosp","quantile",0.25,595,"COVID-19"
"DE-RP","00+",2022-04-28,2022-04-02,"-26 day ahead inc hosp","quantile",0.5,604,"COVID-19"
"DE-RP","00+",2022-04-28,2022-04-02,"-26 day ahead inc hosp","quantile",0.75,615,"COVID-19"
"DE-RP","00+",2022-04-28,2022-04-02,"-26 day ahead inc hosp","quantile",0.9,627,"COVID-19"
"DE-RP","00+",2022-04-28,2022-04-02,"-26 day ahead inc hosp","quantile",0.975,642,"COVID-19"
"DE-RP","00+",2022-04-28,2022-04-01,"-27 day ahead inc hosp","mean",NA,607,"COVID-19"
"DE-RP","00+",2022-04-28,2022-04-01,"-27 day ahead inc hosp","quantile",0.025,586,"COVID-19"
"DE-RP","00+",2022-04-28,2022-04-01,"-27 day ahead inc hosp","quantile",0.1,591,"COVID-19"
"DE-RP","00+",2022-04-28,2022-04-01,"-27 day ahead inc hosp","quantile",0.25,596,"COVID-19"
"DE-RP","00+",2022-04-28,2022-04-01,"-27 day ahead inc hosp","quantile",0.5,605,"COVID-19"
"DE-RP","00+",2022-04-28,2022-04-01,"-27 day ahead inc hosp","quantile",0.75,616,"COVID-19"
"DE-RP","00+",2022-04-28,2022-04-01,"-27 day ahead inc hosp","quantile",0.9,627,"COVID-19"
"DE-RP","00+",2022-04-28,2022-04-01,"-27 day ahead inc hosp","quantile",0.975,643,"COVID-19"
"DE-RP","00+",2022-04-28,2022-03-31,"-28 day ahead inc hosp","mean",NA,640,"COVID-19"
"DE-RP","00+",2022-04-28,2022-03-31,"-28 day ahead inc hosp","quantile",0.025,619,"COVID-19"
"DE-RP","00+",2022-04-28,2022-03-31,"-28 day ahead inc hosp","quantile",0.1,623,"COVID-19"
"DE-RP","00+",2022-04-28,2022-03-31,"-28 day ahead inc hosp","quantile",0.25,629,"COVID-19"
"DE-RP","00+",2022-04-28,2022-03-31,"-28 day ahead inc hosp","quantile",0.5,637,"COVID-19"
"DE-RP","00+",2022-04-28,2022-03-31,"-28 day ahead inc hosp","quantile",0.75,648,"COVID-19"
"DE-RP","00+",2022-04-28,2022-03-31,"-28 day ahead inc hosp","quantile",0.9,659,"COVID-19"
"DE-RP","00+",2022-04-28,2022-03-31,"-28 day ahead inc hosp","quantile",0.975,675,"COVID-19"
"DE-SH","00+",2022-04-28,2022-04-28,"0 day ahead inc hosp","mean",NA,326,"COVID-19"
"DE-SH","00+",2022-04-28,2022-04-28,"0 day ahead inc hosp","quantile",0.025,241,"COVID-19"
"DE-SH","00+",2022-04-28,2022-04-28,"0 day ahead inc hosp","quantile",0.1,263,"COVID-19"
"DE-SH","00+",2022-04-28,2022-04-28,"0 day ahead inc hosp","quantile",0.25,288,"COVID-19"
"DE-SH","00+",2022-04-28,2022-04-28,"0 day ahead inc hosp","quantile",0.5,320,"COVID-19"
"DE-SH","00+",2022-04-28,2022-04-28,"0 day ahead inc hosp","quantile",0.75,357,"COVID-19"
"DE-SH","00+",2022-04-28,2022-04-28,"0 day ahead inc hosp","quantile",0.9,396,"COVID-19"
"DE-SH","00+",2022-04-28,2022-04-28,"0 day ahead inc hosp","quantile",0.975,446,"COVID-19"
"DE-SH","00+",2022-04-28,2022-04-27,"-1 day ahead inc hosp","mean",NA,364,"COVID-19"
"DE-SH","00+",2022-04-28,2022-04-27,"-1 day ahead inc hosp","quantile",0.025,290,"COVID-19"
"DE-SH","00+",2022-04-28,2022-04-27,"-1 day ahead inc hosp","quantile",0.1,309,"COVID-19"
"DE-SH","00+",2022-04-28,2022-04-27,"-1 day ahead inc hosp","quantile",0.25,330,"COVID-19"
"DE-SH","00+",2022-04-28,2022-04-27,"-1 day ahead inc hosp","quantile",0.5,358,"COVID-19"
"DE-SH","00+",2022-04-28,2022-04-27,"-1 day ahead inc hosp","quantile",0.75,391,"COVID-19"
"DE-SH","00+",2022-04-28,2022-04-27,"-1 day ahead inc hosp","quantile",0.9,426,"COVID-19"
"DE-SH","00+",2022-04-28,2022-04-27,"-1 day ahead inc hosp","quantile",0.975,470,"COVID-19"
"DE-SH","00+",2022-04-28,2022-04-26,"-2 day ahead inc hosp","mean",NA,381,"COVID-19"
"DE-SH","00+",2022-04-28,2022-04-26,"-2 day ahead inc hosp","quantile",0.025,314,"COVID-19"
"DE-SH","00+",2022-04-28,2022-04-26,"-2 day ahead inc hosp","quantile",0.1,331,"COVID-19"
"DE-SH","00+",2022-04-28,2022-04-26,"-2 day ahead inc hosp","quantile",0.25,350,"COVID-19"
"DE-SH","00+",2022-04-28,2022-04-26,"-2 day ahead inc hosp","quantile",0.5,376,"COVID-19"
"DE-SH","00+",2022-04-28,2022-04-26,"-2 day ahead inc hosp","quantile",0.75,406,"COVID-19"
"DE-SH","00+",2022-04-28,2022-04-26,"-2 day ahead inc hosp","quantile",0.9,437,"COVID-19"
"DE-SH","00+",2022-04-28,2022-04-26,"-2 day ahead inc hosp","quantile",0.975,478,"COVID-19"
"DE-SH","00+",2022-04-28,2022-04-25,"-3 day ahead inc hosp","mean",NA,308,"COVID-19"
"DE-SH","00+",2022-04-28,2022-04-25,"-3 day ahead inc hosp","quantile",0.025,261,"COVID-19"
"DE-SH","00+",2022-04-28,2022-04-25,"-3 day ahead inc hosp","quantile",0.1,273,"COVID-19"
"DE-SH","00+",2022-04-28,2022-04-25,"-3 day ahead inc hosp","quantile",0.25,287,"COVID-19"
"DE-SH","00+",2022-04-28,2022-04-25,"-3 day ahead inc hosp","quantile",0.5,304,"COVID-19"
"DE-SH","00+",2022-04-28,2022-04-25,"-3 day ahead inc hosp","quantile",0.75,325,"COVID-19"
"DE-SH","00+",2022-04-28,2022-04-25,"-3 day ahead inc hosp","quantile",0.9,346,"COVID-19"
"DE-SH","00+",2022-04-28,2022-04-25,"-3 day ahead inc hosp","quantile",0.975,374,"COVID-19"
"DE-SH","00+",2022-04-28,2022-04-24,"-4 day ahead inc hosp","mean",NA,313,"COVID-19"
"DE-SH","00+",2022-04-28,2022-04-24,"-4 day ahead inc hosp","quantile",0.025,266,"COVID-19"
"DE-SH","00+",2022-04-28,2022-04-24,"-4 day ahead inc hosp","quantile",0.1,279,"COVID-19"
"DE-SH","00+",2022-04-28,2022-04-24,"-4 day ahead inc hosp","quantile",0.25,292,"COVID-19"
"DE-SH","00+",2022-04-28,2022-04-24,"-4 day ahead inc hosp","quantile",0.5,310,"COVID-19"
"DE-SH","00+",2022-04-28,2022-04-24,"-4 day ahead inc hosp","quantile",0.75,331,"COVID-19"
"DE-SH","00+",2022-04-28,2022-04-24,"-4 day ahead inc hosp","quantile",0.9,352,"COVID-19"
"DE-SH","00+",2022-04-28,2022-04-24,"-4 day ahead inc hosp","quantile",0.975,380,"COVID-19"
"DE-SH","00+",2022-04-28,2022-04-23,"-5 day ahead inc hosp","mean",NA,305,"COVID-19"
"DE-SH","00+",2022-04-28,2022-04-23,"-5 day ahead inc hosp","quantile",0.025,259,"COVID-19"
"DE-SH","00+",2022-04-28,2022-04-23,"-5 day ahead inc hosp","quantile",0.1,271,"COVID-19"
"DE-SH","00+",2022-04-28,2022-04-23,"-5 day ahead inc hosp","quantile",0.25,284,"COVID-19"
"DE-SH","00+",2022-04-28,2022-04-23,"-5 day ahead inc hosp","quantile",0.5,301,"COVID-19"
"DE-SH","00+",2022-04-28,2022-04-23,"-5 day ahead inc hosp","quantile",0.75,323,"COVID-19"
"DE-SH","00+",2022-04-28,2022-04-23,"-5 day ahead inc hosp","quantile",0.9,345,"COVID-19"
"DE-SH","00+",2022-04-28,2022-04-23,"-5 day ahead inc hosp","quantile",0.975,374,"COVID-19"
"DE-SH","00+",2022-04-28,2022-04-22,"-6 day ahead inc hosp","mean",NA,267,"COVID-19"
"DE-SH","00+",2022-04-28,2022-04-22,"-6 day ahead inc hosp","quantile",0.025,226,"COVID-19"
"DE-SH","00+",2022-04-28,2022-04-22,"-6 day ahead inc hosp","quantile",0.1,236,"COVID-19"
"DE-SH","00+",2022-04-28,2022-04-22,"-6 day ahead inc hosp","quantile",0.25,247,"COVID-19"
"DE-SH","00+",2022-04-28,2022-04-22,"-6 day ahead inc hosp","quantile",0.5,263,"COVID-19"
"DE-SH","00+",2022-04-28,2022-04-22,"-6 day ahead inc hosp","quantile",0.75,282,"COVID-19"
"DE-SH","00+",2022-04-28,2022-04-22,"-6 day ahead inc hosp","quantile",0.9,302,"COVID-19"
"DE-SH","00+",2022-04-28,2022-04-22,"-6 day ahead inc hosp","quantile",0.975,328,"COVID-19"
"DE-SH","00+",2022-04-28,2022-04-21,"-7 day ahead inc hosp","mean",NA,262,"COVID-19"
"DE-SH","00+",2022-04-28,2022-04-21,"-7 day ahead inc hosp","quantile",0.025,225,"COVID-19"
"DE-SH","00+",2022-04-28,2022-04-21,"-7 day ahead inc hosp","quantile",0.1,233,"COVID-19"
"DE-SH","00+",2022-04-28,2022-04-21,"-7 day ahead inc hosp","quantile",0.25,244,"COVID-19"
"DE-SH","00+",2022-04-28,2022-04-21,"-7 day ahead inc hosp","quantile",0.5,259,"COVID-19"
"DE-SH","00+",2022-04-28,2022-04-21,"-7 day ahead inc hosp","quantile",0.75,277,"COVID-19"
"DE-SH","00+",2022-04-28,2022-04-21,"-7 day ahead inc hosp","quantile",0.9,297,"COVID-19"
"DE-SH","00+",2022-04-28,2022-04-21,"-7 day ahead inc hosp","quantile",0.975,322,"COVID-19"
"DE-SH","00+",2022-04-28,2022-04-20,"-8 day ahead inc hosp","mean",NA,213,"COVID-19"
"DE-SH","00+",2022-04-28,2022-04-20,"-8 day ahead inc hosp","quantile",0.025,187,"COVID-19"
"DE-SH","00+",2022-04-28,2022-04-20,"-8 day ahead inc hosp","quantile",0.1,193,"COVID-19"
"DE-SH","00+",2022-04-28,2022-04-20,"-8 day ahead inc hosp","quantile",0.25,200,"COVID-19"
"DE-SH","00+",2022-04-28,2022-04-20,"-8 day ahead inc hosp","quantile",0.5,210,"COVID-19"
"DE-SH","00+",2022-04-28,2022-04-20,"-8 day ahead inc hosp","quantile",0.75,223,"COVID-19"
"DE-SH","00+",2022-04-28,2022-04-20,"-8 day ahead inc hosp","quantile",0.9,238,"COVID-19"
"DE-SH","00+",2022-04-28,2022-04-20,"-8 day ahead inc hosp","quantile",0.975,256,"COVID-19"
"DE-SH","00+",2022-04-28,2022-04-19,"-9 day ahead inc hosp","mean",NA,194,"COVID-19"
"DE-SH","00+",2022-04-28,2022-04-19,"-9 day ahead inc hosp","quantile",0.025,173,"COVID-19"
"DE-SH","00+",2022-04-28,2022-04-19,"-9 day ahead inc hosp","quantile",0.1,178,"COVID-19"
"DE-SH","00+",2022-04-28,2022-04-19,"-9 day ahead inc hosp","quantile",0.25,184,"COVID-19"
"DE-SH","00+",2022-04-28,2022-04-19,"-9 day ahead inc hosp","quantile",0.5,192,"COVID-19"
"DE-SH","00+",2022-04-28,2022-04-19,"-9 day ahead inc hosp","quantile",0.75,202,"COVID-19"
"DE-SH","00+",2022-04-28,2022-04-19,"-9 day ahead inc hosp","quantile",0.9,214,"COVID-19"
"DE-SH","00+",2022-04-28,2022-04-19,"-9 day ahead inc hosp","quantile",0.975,229,"COVID-19"
"DE-SH","00+",2022-04-28,2022-04-18,"-10 day ahead inc hosp","mean",NA,238,"COVID-19"
"DE-SH","00+",2022-04-28,2022-04-18,"-10 day ahead inc hosp","quantile",0.025,214,"COVID-19"
"DE-SH","00+",2022-04-28,2022-04-18,"-10 day ahead inc hosp","quantile",0.1,219,"COVID-19"
"DE-SH","00+",2022-04-28,2022-04-18,"-10 day ahead inc hosp","quantile",0.25,226,"COVID-19"
"DE-SH","00+",2022-04-28,2022-04-18,"-10 day ahead inc hosp","quantile",0.5,235,"COVID-19"
"DE-SH","00+",2022-04-28,2022-04-18,"-10 day ahead inc hosp","quantile",0.75,248,"COVID-19"
"DE-SH","00+",2022-04-28,2022-04-18,"-10 day ahead inc hosp","quantile",0.9,262,"COVID-19"
"DE-SH","00+",2022-04-28,2022-04-18,"-10 day ahead inc hosp","quantile",0.975,281,"COVID-19"
"DE-SH","00+",2022-04-28,2022-04-17,"-11 day ahead inc hosp","mean",NA,239,"COVID-19"
"DE-SH","00+",2022-04-28,2022-04-17,"-11 day ahead inc hosp","quantile",0.025,214,"COVID-19"
"DE-SH","00+",2022-04-28,2022-04-17,"-11 day ahead inc hosp","quantile",0.1,219,"COVID-19"
"DE-SH","00+",2022-04-28,2022-04-17,"-11 day ahead inc hosp","quantile",0.25,226,"COVID-19"
"DE-SH","00+",2022-04-28,2022-04-17,"-11 day ahead inc hosp","quantile",0.5,236,"COVID-19"
"DE-SH","00+",2022-04-28,2022-04-17,"-11 day ahead inc hosp","quantile",0.75,249,"COVID-19"
"DE-SH","00+",2022-04-28,2022-04-17,"-11 day ahead inc hosp","quantile",0.9,263,"COVID-19"
"DE-SH","00+",2022-04-28,2022-04-17,"-11 day ahead inc hosp","quantile",0.975,283,"COVID-19"
"DE-SH","00+",2022-04-28,2022-04-16,"-12 day ahead inc hosp","mean",NA,251,"COVID-19"
"DE-SH","00+",2022-04-28,2022-04-16,"-12 day ahead inc hosp","quantile",0.025,225,"COVID-19"
"DE-SH","00+",2022-04-28,2022-04-16,"-12 day ahead inc hosp","quantile",0.1,230,"COVID-19"
"DE-SH","00+",2022-04-28,2022-04-16,"-12 day ahead inc hosp","quantile",0.25,237,"COVID-19"
"DE-SH","00+",2022-04-28,2022-04-16,"-12 day ahead inc hosp","quantile",0.5,247,"COVID-19"
"DE-SH","00+",2022-04-28,2022-04-16,"-12 day ahead inc hosp","quantile",0.75,261,"COVID-19"
"DE-SH","00+",2022-04-28,2022-04-16,"-12 day ahead inc hosp","quantile",0.9,276,"COVID-19"
"DE-SH","00+",2022-04-28,2022-04-16,"-12 day ahead inc hosp","quantile",0.975,297,"COVID-19"
"DE-SH","00+",2022-04-28,2022-04-15,"-13 day ahead inc hosp","mean",NA,290,"COVID-19"
"DE-SH","00+",2022-04-28,2022-04-15,"-13 day ahead inc hosp","quantile",0.025,261,"COVID-19"
"DE-SH","00+",2022-04-28,2022-04-15,"-13 day ahead inc hosp","quantile",0.1,267,"COVID-19"
"DE-SH","00+",2022-04-28,2022-04-15,"-13 day ahead inc hosp","quantile",0.25,274,"COVID-19"
"DE-SH","00+",2022-04-28,2022-04-15,"-13 day ahead inc hosp","quantile",0.5,285,"COVID-19"
"DE-SH","00+",2022-04-28,2022-04-15,"-13 day ahead inc hosp","quantile",0.75,301,"COVID-19"
"DE-SH","00+",2022-04-28,2022-04-15,"-13 day ahead inc hosp","quantile",0.9,318,"COVID-19"
"DE-SH","00+",2022-04-28,2022-04-15,"-13 day ahead inc hosp","quantile",0.975,341,"COVID-19"
"DE-SH","00+",2022-04-28,2022-04-14,"-14 day ahead inc hosp","mean",NA,296,"COVID-19"
"DE-SH","00+",2022-04-28,2022-04-14,"-14 day ahead inc hosp","quantile",0.025,270,"COVID-19"
"DE-SH","00+",2022-04-28,2022-04-14,"-14 day ahead inc hosp","quantile",0.1,275,"COVID-19"
"DE-SH","00+",2022-04-28,2022-04-14,"-14 day ahead inc hosp","quantile",0.25,282,"COVID-19"
"DE-SH","00+",2022-04-28,2022-04-14,"-14 day ahead inc hosp","quantile",0.5,292,"COVID-19"
"DE-SH","00+",2022-04-28,2022-04-14,"-14 day ahead inc hosp","quantile",0.75,307,"COVID-19"
"DE-SH","00+",2022-04-28,2022-04-14,"-14 day ahead inc hosp","quantile",0.9,323,"COVID-19"
"DE-SH","00+",2022-04-28,2022-04-14,"-14 day ahead inc hosp","quantile",0.975,345,"COVID-19"
"DE-SH","00+",2022-04-28,2022-04-13,"-15 day ahead inc hosp","mean",NA,306,"COVID-19"
"DE-SH","00+",2022-04-28,2022-04-13,"-15 day ahead inc hosp","quantile",0.025,281,"COVID-19"
"DE-SH","00+",2022-04-28,2022-04-13,"-15 day ahead inc hosp","quantile",0.1,286,"COVID-19"
"DE-SH","00+",2022-04-28,2022-04-13,"-15 day ahead inc hosp","quantile",0.25,292,"COVID-19"
"DE-SH","00+",2022-04-28,2022-04-13,"-15 day ahead inc hosp","quantile",0.5,302,"COVID-19"
"DE-SH","00+",2022-04-28,2022-04-13,"-15 day ahead inc hosp","quantile",0.75,315,"COVID-19"
"DE-SH","00+",2022-04-28,2022-04-13,"-15 day ahead inc hosp","quantile",0.9,330,"COVID-19"
"DE-SH","00+",2022-04-28,2022-04-13,"-15 day ahead inc hosp","quantile",0.975,351,"COVID-19"
"DE-SH","00+",2022-04-28,2022-04-12,"-16 day ahead inc hosp","mean",NA,337,"COVID-19"
"DE-SH","00+",2022-04-28,2022-04-12,"-16 day ahead inc hosp","quantile",0.025,313,"COVID-19"
"DE-SH","00+",2022-04-28,2022-04-12,"-16 day ahead inc hosp","quantile",0.1,317,"COVID-19"
"DE-SH","00+",2022-04-28,2022-04-12,"-16 day ahead inc hosp","quantile",0.25,323,"COVID-19"
"DE-SH","00+",2022-04-28,2022-04-12,"-16 day ahead inc hosp","quantile",0.5,333,"COVID-19"
"DE-SH","00+",2022-04-28,2022-04-12,"-16 day ahead inc hosp","quantile",0.75,346,"COVID-19"
"DE-SH","00+",2022-04-28,2022-04-12,"-16 day ahead inc hosp","quantile",0.9,361,"COVID-19"
"DE-SH","00+",2022-04-28,2022-04-12,"-16 day ahead inc hosp","quantile",0.975,381,"COVID-19"
"DE-SH","00+",2022-04-28,2022-04-11,"-17 day ahead inc hosp","mean",NA,345,"COVID-19"
"DE-SH","00+",2022-04-28,2022-04-11,"-17 day ahead inc hosp","quantile",0.025,323,"COVID-19"
"DE-SH","00+",2022-04-28,2022-04-11,"-17 day ahead inc hosp","quantile",0.1,327,"COVID-19"
"DE-SH","00+",2022-04-28,2022-04-11,"-17 day ahead inc hosp","quantile",0.25,333,"COVID-19"
"DE-SH","00+",2022-04-28,2022-04-11,"-17 day ahead inc hosp","quantile",0.5,342,"COVID-19"
"DE-SH","00+",2022-04-28,2022-04-11,"-17 day ahead inc hosp","quantile",0.75,354,"COVID-19"
"DE-SH","00+",2022-04-28,2022-04-11,"-17 day ahead inc hosp","quantile",0.9,368,"COVID-19"
"DE-SH","00+",2022-04-28,2022-04-11,"-17 day ahead inc hosp","quantile",0.975,386,"COVID-19"
"DE-SH","00+",2022-04-28,2022-04-10,"-18 day ahead inc hosp","mean",NA,351,"COVID-19"
"DE-SH","00+",2022-04-28,2022-04-10,"-18 day ahead inc hosp","quantile",0.025,329,"COVID-19"
"DE-SH","00+",2022-04-28,2022-04-10,"-18 day ahead inc hosp","quantile",0.1,334,"COVID-19"
"DE-SH","00+",2022-04-28,2022-04-10,"-18 day ahead inc hosp","quantile",0.25,339,"COVID-19"
"DE-SH","00+",2022-04-28,2022-04-10,"-18 day ahead inc hosp","quantile",0.5,348,"COVID-19"
"DE-SH","00+",2022-04-28,2022-04-10,"-18 day ahead inc hosp","quantile",0.75,360,"COVID-19"
"DE-SH","00+",2022-04-28,2022-04-10,"-18 day ahead inc hosp","quantile",0.9,373,"COVID-19"
"DE-SH","00+",2022-04-28,2022-04-10,"-18 day ahead inc hosp","quantile",0.975,391,"COVID-19"
"DE-SH","00+",2022-04-28,2022-04-09,"-19 day ahead inc hosp","mean",NA,341,"COVID-19"
"DE-SH","00+",2022-04-28,2022-04-09,"-19 day ahead inc hosp","quantile",0.025,320,"COVID-19"
"DE-SH","00+",2022-04-28,2022-04-09,"-19 day ahead inc hosp","quantile",0.1,324,"COVID-19"
"DE-SH","00+",2022-04-28,2022-04-09,"-19 day ahead inc hosp","quantile",0.25,330,"COVID-19"
"DE-SH","00+",2022-04-28,2022-04-09,"-19 day ahead inc hosp","quantile",0.5,338,"COVID-19"
"DE-SH","00+",2022-04-28,2022-04-09,"-19 day ahead inc hosp","quantile",0.75,349,"COVID-19"
"DE-SH","00+",2022-04-28,2022-04-09,"-19 day ahead inc hosp","quantile",0.9,361,"COVID-19"
"DE-SH","00+",2022-04-28,2022-04-09,"-19 day ahead inc hosp","quantile",0.975,379,"COVID-19"
"DE-SH","00+",2022-04-28,2022-04-08,"-20 day ahead inc hosp","mean",NA,344,"COVID-19"
"DE-SH","00+",2022-04-28,2022-04-08,"-20 day ahead inc hosp","quantile",0.025,325,"COVID-19"
"DE-SH","00+",2022-04-28,2022-04-08,"-20 day ahead inc hosp","quantile",0.1,329,"COVID-19"
"DE-SH","00+",2022-04-28,2022-04-08,"-20 day ahead inc hosp","quantile",0.25,334,"COVID-19"
"DE-SH","00+",2022-04-28,2022-04-08,"-20 day ahead inc hosp","quantile",0.5,341,"COVID-19"
"DE-SH","00+",2022-04-28,2022-04-08,"-20 day ahead inc hosp","quantile",0.75,351,"COVID-19"
"DE-SH","00+",2022-04-28,2022-04-08,"-20 day ahead inc hosp","quantile",0.9,363,"COVID-19"
"DE-SH","00+",2022-04-28,2022-04-08,"-20 day ahead inc hosp","quantile",0.975,379,"COVID-19"
"DE-SH","00+",2022-04-28,2022-04-07,"-21 day ahead inc hosp","mean",NA,338,"COVID-19"
"DE-SH","00+",2022-04-28,2022-04-07,"-21 day ahead inc hosp","quantile",0.025,321,"COVID-19"
"DE-SH","00+",2022-04-28,2022-04-07,"-21 day ahead inc hosp","quantile",0.1,324,"COVID-19"
"DE-SH","00+",2022-04-28,2022-04-07,"-21 day ahead inc hosp","quantile",0.25,328,"COVID-19"
"DE-SH","00+",2022-04-28,2022-04-07,"-21 day ahead inc hosp","quantile",0.5,335,"COVID-19"
"DE-SH","00+",2022-04-28,2022-04-07,"-21 day ahead inc hosp","quantile",0.75,345,"COVID-19"
"DE-SH","00+",2022-04-28,2022-04-07,"-21 day ahead inc hosp","quantile",0.9,355,"COVID-19"
"DE-SH","00+",2022-04-28,2022-04-07,"-21 day ahead inc hosp","quantile",0.975,370,"COVID-19"
"DE-SH","00+",2022-04-28,2022-04-06,"-22 day ahead inc hosp","mean",NA,323,"COVID-19"
"DE-SH","00+",2022-04-28,2022-04-06,"-22 day ahead inc hosp","quantile",0.025,308,"COVID-19"
"DE-SH","00+",2022-04-28,2022-04-06,"-22 day ahead inc hosp","quantile",0.1,311,"COVID-19"
"DE-SH","00+",2022-04-28,2022-04-06,"-22 day ahead inc hosp","quantile",0.25,315,"COVID-19"
"DE-SH","00+",2022-04-28,2022-04-06,"-22 day ahead inc hosp","quantile",0.5,321,"COVID-19"
"DE-SH","00+",2022-04-28,2022-04-06,"-22 day ahead inc hosp","quantile",0.75,329,"COVID-19"
"DE-SH","00+",2022-04-28,2022-04-06,"-22 day ahead inc hosp","quantile",0.9,339,"COVID-19"
"DE-SH","00+",2022-04-28,2022-04-06,"-22 day ahead inc hosp","quantile",0.975,352,"COVID-19"
"DE-SH","00+",2022-04-28,2022-04-05,"-23 day ahead inc hosp","mean",NA,316,"COVID-19"
"DE-SH","00+",2022-04-28,2022-04-05,"-23 day ahead inc hosp","quantile",0.025,302,"COVID-19"
"DE-SH","00+",2022-04-28,2022-04-05,"-23 day ahead inc hosp","quantile",0.1,305,"COVID-19"
"DE-SH","00+",2022-04-28,2022-04-05,"-23 day ahead inc hosp","quantile",0.25,308,"COVID-19"
"DE-SH","00+",2022-04-28,2022-04-05,"-23 day ahead inc hosp","quantile",0.5,313,"COVID-19"
"DE-SH","00+",2022-04-28,2022-04-05,"-23 day ahead inc hosp","quantile",0.75,321,"COVID-19"
"DE-SH","00+",2022-04-28,2022-04-05,"-23 day ahead inc hosp","quantile",0.9,329,"COVID-19"
"DE-SH","00+",2022-04-28,2022-04-05,"-23 day ahead inc hosp","quantile",0.975,342,"COVID-19"
"DE-SH","00+",2022-04-28,2022-04-04,"-24 day ahead inc hosp","mean",NA,341,"COVID-19"
"DE-SH","00+",2022-04-28,2022-04-04,"-24 day ahead inc hosp","quantile",0.025,328,"COVID-19"
"DE-SH","00+",2022-04-28,2022-04-04,"-24 day ahead inc hosp","quantile",0.1,330,"COVID-19"
"DE-SH","00+",2022-04-28,2022-04-04,"-24 day ahead inc hosp","quantile",0.25,333,"COVID-19"
"DE-SH","00+",2022-04-28,2022-04-04,"-24 day ahead inc hosp","quantile",0.5,338,"COVID-19"
"DE-SH","00+",2022-04-28,2022-04-04,"-24 day ahead inc hosp","quantile",0.75,346,"COVID-19"
"DE-SH","00+",2022-04-28,2022-04-04,"-24 day ahead inc hosp","quantile",0.9,355,"COVID-19"
"DE-SH","00+",2022-04-28,2022-04-04,"-24 day ahead inc hosp","quantile",0.975,367,"COVID-19"
"DE-SH","00+",2022-04-28,2022-04-03,"-25 day ahead inc hosp","mean",NA,344,"COVID-19"
"DE-SH","00+",2022-04-28,2022-04-03,"-25 day ahead inc hosp","quantile",0.025,331,"COVID-19"
"DE-SH","00+",2022-04-28,2022-04-03,"-25 day ahead inc hosp","quantile",0.1,333,"COVID-19"
"DE-SH","00+",2022-04-28,2022-04-03,"-25 day ahead inc hosp","quantile",0.25,336,"COVID-19"
"DE-SH","00+",2022-04-28,2022-04-03,"-25 day ahead inc hosp","quantile",0.5,341,"COVID-19"
"DE-SH","00+",2022-04-28,2022-04-03,"-25 day ahead inc hosp","quantile",0.75,349,"COVID-19"
"DE-SH","00+",2022-04-28,2022-04-03,"-25 day ahead inc hosp","quantile",0.9,358,"COVID-19"
"DE-SH","00+",2022-04-28,2022-04-03,"-25 day ahead inc hosp","quantile",0.975,371,"COVID-19"
"DE-SH","00+",2022-04-28,2022-04-02,"-26 day ahead inc hosp","mean",NA,358,"COVID-19"
"DE-SH","00+",2022-04-28,2022-04-02,"-26 day ahead inc hosp","quantile",0.025,344,"COVID-19"
"DE-SH","00+",2022-04-28,2022-04-02,"-26 day ahead inc hosp","quantile",0.1,346,"COVID-19"
"DE-SH","00+",2022-04-28,2022-04-02,"-26 day ahead inc hosp","quantile",0.25,349,"COVID-19"
"DE-SH","00+",2022-04-28,2022-04-02,"-26 day ahead inc hosp","quantile",0.5,355,"COVID-19"
"DE-SH","00+",2022-04-28,2022-04-02,"-26 day ahead inc hosp","quantile",0.75,363,"COVID-19"
"DE-SH","00+",2022-04-28,2022-04-02,"-26 day ahead inc hosp","quantile",0.9,373,"COVID-19"
"DE-SH","00+",2022-04-28,2022-04-02,"-26 day ahead inc hosp","quantile",0.975,388,"COVID-19"
"DE-SH","00+",2022-04-28,2022-04-01,"-27 day ahead inc hosp","mean",NA,364,"COVID-19"
"DE-SH","00+",2022-04-28,2022-04-01,"-27 day ahead inc hosp","quantile",0.025,351,"COVID-19"
"DE-SH","00+",2022-04-28,2022-04-01,"-27 day ahead inc hosp","quantile",0.1,353,"COVID-19"
"DE-SH","00+",2022-04-28,2022-04-01,"-27 day ahead inc hosp","quantile",0.25,356,"COVID-19"
"DE-SH","00+",2022-04-28,2022-04-01,"-27 day ahead inc hosp","quantile",0.5,361,"COVID-19"
"DE-SH","00+",2022-04-28,2022-04-01,"-27 day ahead inc hosp","quantile",0.75,369,"COVID-19"
"DE-SH","00+",2022-04-28,2022-04-01,"-27 day ahead inc hosp","quantile",0.9,379,"COVID-19"
"DE-SH","00+",2022-04-28,2022-04-01,"-27 day ahead inc hosp","quantile",0.975,394,"COVID-19"
"DE-SH","00+",2022-04-28,2022-03-31,"-28 day ahead inc hosp","mean",NA,364,"COVID-19"
"DE-SH","00+",2022-04-28,2022-03-31,"-28 day ahead inc hosp","quantile",0.025,352,"COVID-19"
"DE-SH","00+",2022-04-28,2022-03-31,"-28 day ahead inc hosp","quantile",0.1,354,"COVID-19"
"DE-SH","00+",2022-04-28,2022-03-31,"-28 day ahead inc hosp","quantile",0.25,356,"COVID-19"
"DE-SH","00+",2022-04-28,2022-03-31,"-28 day ahead inc hosp","quantile",0.5,361,"COVID-19"
"DE-SH","00+",2022-04-28,2022-03-31,"-28 day ahead inc hosp","quantile",0.75,369,"COVID-19"
"DE-SH","00+",2022-04-28,2022-03-31,"-28 day ahead inc hosp","quantile",0.9,379,"COVID-19"
"DE-SH","00+",2022-04-28,2022-03-31,"-28 day ahead inc hosp","quantile",0.975,393,"COVID-19"
"DE-SL","00+",2022-04-28,2022-04-28,"0 day ahead inc hosp","mean",NA,70,"COVID-19"
"DE-SL","00+",2022-04-28,2022-04-28,"0 day ahead inc hosp","quantile",0.025,54,"COVID-19"
"DE-SL","00+",2022-04-28,2022-04-28,"0 day ahead inc hosp","quantile",0.1,58,"COVID-19"
"DE-SL","00+",2022-04-28,2022-04-28,"0 day ahead inc hosp","quantile",0.25,62,"COVID-19"
"DE-SL","00+",2022-04-28,2022-04-28,"0 day ahead inc hosp","quantile",0.5,68,"COVID-19"
"DE-SL","00+",2022-04-28,2022-04-28,"0 day ahead inc hosp","quantile",0.75,75,"COVID-19"
"DE-SL","00+",2022-04-28,2022-04-28,"0 day ahead inc hosp","quantile",0.9,84,"COVID-19"
"DE-SL","00+",2022-04-28,2022-04-28,"0 day ahead inc hosp","quantile",0.975,95,"COVID-19"
"DE-SL","00+",2022-04-28,2022-04-27,"-1 day ahead inc hosp","mean",NA,83,"COVID-19"
"DE-SL","00+",2022-04-28,2022-04-27,"-1 day ahead inc hosp","quantile",0.025,66,"COVID-19"
"DE-SL","00+",2022-04-28,2022-04-27,"-1 day ahead inc hosp","quantile",0.1,70,"COVID-19"
"DE-SL","00+",2022-04-28,2022-04-27,"-1 day ahead inc hosp","quantile",0.25,74,"COVID-19"
"DE-SL","00+",2022-04-28,2022-04-27,"-1 day ahead inc hosp","quantile",0.5,81,"COVID-19"
"DE-SL","00+",2022-04-28,2022-04-27,"-1 day ahead inc hosp","quantile",0.75,90,"COVID-19"
"DE-SL","00+",2022-04-28,2022-04-27,"-1 day ahead inc hosp","quantile",0.9,99,"COVID-19"
"DE-SL","00+",2022-04-28,2022-04-27,"-1 day ahead inc hosp","quantile",0.975,112,"COVID-19"
"DE-SL","00+",2022-04-28,2022-04-26,"-2 day ahead inc hosp","mean",NA,81,"COVID-19"
"DE-SL","00+",2022-04-28,2022-04-26,"-2 day ahead inc hosp","quantile",0.025,68,"COVID-19"
"DE-SL","00+",2022-04-28,2022-04-26,"-2 day ahead inc hosp","quantile",0.1,71,"COVID-19"
"DE-SL","00+",2022-04-28,2022-04-26,"-2 day ahead inc hosp","quantile",0.25,74,"COVID-19"
"DE-SL","00+",2022-04-28,2022-04-26,"-2 day ahead inc hosp","quantile",0.5,79,"COVID-19"
"DE-SL","00+",2022-04-28,2022-04-26,"-2 day ahead inc hosp","quantile",0.75,86,"COVID-19"
"DE-SL","00+",2022-04-28,2022-04-26,"-2 day ahead inc hosp","quantile",0.9,93,"COVID-19"
"DE-SL","00+",2022-04-28,2022-04-26,"-2 day ahead inc hosp","quantile",0.975,102,"COVID-19"
"DE-SL","00+",2022-04-28,2022-04-25,"-3 day ahead inc hosp","mean",NA,67,"COVID-19"
"DE-SL","00+",2022-04-28,2022-04-25,"-3 day ahead inc hosp","quantile",0.025,58,"COVID-19"
"DE-SL","00+",2022-04-28,2022-04-25,"-3 day ahead inc hosp","quantile",0.1,60,"COVID-19"
"DE-SL","00+",2022-04-28,2022-04-25,"-3 day ahead inc hosp","quantile",0.25,62,"COVID-19"
"DE-SL","00+",2022-04-28,2022-04-25,"-3 day ahead inc hosp","quantile",0.5,66,"COVID-19"
"DE-SL","00+",2022-04-28,2022-04-25,"-3 day ahead inc hosp","quantile",0.75,71,"COVID-19"
"DE-SL","00+",2022-04-28,2022-04-25,"-3 day ahead inc hosp","quantile",0.9,76,"COVID-19"
"DE-SL","00+",2022-04-28,2022-04-25,"-3 day ahead inc hosp","quantile",0.975,83,"COVID-19"
"DE-SL","00+",2022-04-28,2022-04-24,"-4 day ahead inc hosp","mean",NA,67,"COVID-19"
"DE-SL","00+",2022-04-28,2022-04-24,"-4 day ahead inc hosp","quantile",0.025,58,"COVID-19"
"DE-SL","00+",2022-04-28,2022-04-24,"-4 day ahead inc hosp","quantile",0.1,60,"COVID-19"
"DE-SL","00+",2022-04-28,2022-04-24,"-4 day ahead inc hosp","quantile",0.25,62,"COVID-19"
"DE-SL","00+",2022-04-28,2022-04-24,"-4 day ahead inc hosp","quantile",0.5,66,"COVID-19"
"DE-SL","00+",2022-04-28,2022-04-24,"-4 day ahead inc hosp","quantile",0.75,71,"COVID-19"
"DE-SL","00+",2022-04-28,2022-04-24,"-4 day ahead inc hosp","quantile",0.9,76,"COVID-19"
"DE-SL","00+",2022-04-28,2022-04-24,"-4 day ahead inc hosp","quantile",0.975,83,"COVID-19"
"DE-SL","00+",2022-04-28,2022-04-23,"-5 day ahead inc hosp","mean",NA,68,"COVID-19"
"DE-SL","00+",2022-04-28,2022-04-23,"-5 day ahead inc hosp","quantile",0.025,59,"COVID-19"
"DE-SL","00+",2022-04-28,2022-04-23,"-5 day ahead inc hosp","quantile",0.1,61,"COVID-19"
"DE-SL","00+",2022-04-28,2022-04-23,"-5 day ahead inc hosp","quantile",0.25,64,"COVID-19"
"DE-SL","00+",2022-04-28,2022-04-23,"-5 day ahead inc hosp","quantile",0.5,67,"COVID-19"
"DE-SL","00+",2022-04-28,2022-04-23,"-5 day ahead inc hosp","quantile",0.75,71,"COVID-19"
"DE-SL","00+",2022-04-28,2022-04-23,"-5 day ahead inc hosp","quantile",0.9,76,"COVID-19"
"DE-SL","00+",2022-04-28,2022-04-23,"-5 day ahead inc hosp","quantile",0.975,83,"COVID-19"
"DE-SL","00+",2022-04-28,2022-04-22,"-6 day ahead inc hosp","mean",NA,59,"COVID-19"
"DE-SL","00+",2022-04-28,2022-04-22,"-6 day ahead inc hosp","quantile",0.025,52,"COVID-19"
"DE-SL","00+",2022-04-28,2022-04-22,"-6 day ahead inc hosp","quantile",0.1,54,"COVID-19"
"DE-SL","00+",2022-04-28,2022-04-22,"-6 day ahead inc hosp","quantile",0.25,56,"COVID-19"
"DE-SL","00+",2022-04-28,2022-04-22,"-6 day ahead inc hosp","quantile",0.5,58,"COVID-19"
"DE-SL","00+",2022-04-28,2022-04-22,"-6 day ahead inc hosp","quantile",0.75,62,"COVID-19"
"DE-SL","00+",2022-04-28,2022-04-22,"-6 day ahead inc hosp","quantile",0.9,66,"COVID-19"
"DE-SL","00+",2022-04-28,2022-04-22,"-6 day ahead inc hosp","quantile",0.975,72,"COVID-19"
"DE-SL","00+",2022-04-28,2022-04-21,"-7 day ahead inc hosp","mean",NA,64,"COVID-19"
"DE-SL","00+",2022-04-28,2022-04-21,"-7 day ahead inc hosp","quantile",0.025,57,"COVID-19"
"DE-SL","00+",2022-04-28,2022-04-21,"-7 day ahead inc hosp","quantile",0.1,58,"COVID-19"
"DE-SL","00+",2022-04-28,2022-04-21,"-7 day ahead inc hosp","quantile",0.25,60,"COVID-19"
"DE-SL","00+",2022-04-28,2022-04-21,"-7 day ahead inc hosp","quantile",0.5,63,"COVID-19"
"DE-SL","00+",2022-04-28,2022-04-21,"-7 day ahead inc hosp","quantile",0.75,67,"COVID-19"
"DE-SL","00+",2022-04-28,2022-04-21,"-7 day ahead inc hosp","quantile",0.9,71,"COVID-19"
"DE-SL","00+",2022-04-28,2022-04-21,"-7 day ahead inc hosp","quantile",0.975,76,"COVID-19"
"DE-SL","00+",2022-04-28,2022-04-20,"-8 day ahead inc hosp","mean",NA,70,"COVID-19"
"DE-SL","00+",2022-04-28,2022-04-20,"-8 day ahead inc hosp","quantile",0.025,64,"COVID-19"
"DE-SL","00+",2022-04-28,2022-04-20,"-8 day ahead inc hosp","quantile",0.1,65,"COVID-19"
"DE-SL","00+",2022-04-28,2022-04-20,"-8 day ahead inc hosp","quantile",0.25,67,"COVID-19"
"DE-SL","00+",2022-04-28,2022-04-20,"-8 day ahead inc hosp","quantile",0.5,70,"COVID-19"
"DE-SL","00+",2022-04-28,2022-04-20,"-8 day ahead inc hosp","quantile",0.75,73,"COVID-19"
"DE-SL","00+",2022-04-28,2022-04-20,"-8 day ahead inc hosp","quantile",0.9,77,"COVID-19"
"DE-SL","00+",2022-04-28,2022-04-20,"-8 day ahead inc hosp","quantile",0.975,82,"COVID-19"
"DE-SL","00+",2022-04-28,2022-04-19,"-9 day ahead inc hosp","mean",NA,70,"COVID-19"
"DE-SL","00+",2022-04-28,2022-04-19,"-9 day ahead inc hosp","quantile",0.025,64,"COVID-19"
"DE-SL","00+",2022-04-28,2022-04-19,"-9 day ahead inc hosp","quantile",0.1,65,"COVID-19"
"DE-SL","00+",2022-04-28,2022-04-19,"-9 day ahead inc hosp","quantile",0.25,67,"COVID-19"
"DE-SL","00+",2022-04-28,2022-04-19,"-9 day ahead inc hosp","quantile",0.5,69,"COVID-19"
"DE-SL","00+",2022-04-28,2022-04-19,"-9 day ahead inc hosp","quantile",0.75,72,"COVID-19"
"DE-SL","00+",2022-04-28,2022-04-19,"-9 day ahead inc hosp","quantile",0.9,75,"COVID-19"
"DE-SL","00+",2022-04-28,2022-04-19,"-9 day ahead inc hosp","quantile",0.975,80,"COVID-19"
"DE-SL","00+",2022-04-28,2022-04-18,"-10 day ahead inc hosp","mean",NA,93,"COVID-19"
"DE-SL","00+",2022-04-28,2022-04-18,"-10 day ahead inc hosp","quantile",0.025,86,"COVID-19"
"DE-SL","00+",2022-04-28,2022-04-18,"-10 day ahead inc hosp","quantile",0.1,88,"COVID-19"
"DE-SL","00+",2022-04-28,2022-04-18,"-10 day ahead inc hosp","quantile",0.25,90,"COVID-19"
"DE-SL","00+",2022-04-28,2022-04-18,"-10 day ahead inc hosp","quantile",0.5,92,"COVID-19"
"DE-SL","00+",2022-04-28,2022-04-18,"-10 day ahead inc hosp","quantile",0.75,96,"COVID-19"
"DE-SL","00+",2022-04-28,2022-04-18,"-10 day ahead inc hosp","quantile",0.9,100,"COVID-19"
"DE-SL","00+",2022-04-28,2022-04-18,"-10 day ahead inc hosp","quantile",0.975,106,"COVID-19"
"DE-SL","00+",2022-04-28,2022-04-17,"-11 day ahead inc hosp","mean",NA,93,"COVID-19"
"DE-SL","00+",2022-04-28,2022-04-17,"-11 day ahead inc hosp","quantile",0.025,86,"COVID-19"
"DE-SL","00+",2022-04-28,2022-04-17,"-11 day ahead inc hosp","quantile",0.1,88,"COVID-19"
"DE-SL","00+",2022-04-28,2022-04-17,"-11 day ahead inc hosp","quantile",0.25,89,"COVID-19"
"DE-SL","00+",2022-04-28,2022-04-17,"-11 day ahead inc hosp","quantile",0.5,92,"COVID-19"
"DE-SL","00+",2022-04-28,2022-04-17,"-11 day ahead inc hosp","quantile",0.75,96,"COVID-19"
"DE-SL","00+",2022-04-28,2022-04-17,"-11 day ahead inc hosp","quantile",0.9,101,"COVID-19"
"DE-SL","00+",2022-04-28,2022-04-17,"-11 day ahead inc hosp","quantile",0.975,107,"COVID-19"
"DE-SL","00+",2022-04-28,2022-04-16,"-12 day ahead inc hosp","mean",NA,95,"COVID-19"
"DE-SL","00+",2022-04-28,2022-04-16,"-12 day ahead inc hosp","quantile",0.025,88,"COVID-19"
"DE-SL","00+",2022-04-28,2022-04-16,"-12 day ahead inc hosp","quantile",0.1,89,"COVID-19"
"DE-SL","00+",2022-04-28,2022-04-16,"-12 day ahead inc hosp","quantile",0.25,91,"COVID-19"
"DE-SL","00+",2022-04-28,2022-04-16,"-12 day ahead inc hosp","quantile",0.5,94,"COVID-19"
"DE-SL","00+",2022-04-28,2022-04-16,"-12 day ahead inc hosp","quantile",0.75,98,"COVID-19"
"DE-SL","00+",2022-04-28,2022-04-16,"-12 day ahead inc hosp","quantile",0.9,102,"COVID-19"
"DE-SL","00+",2022-04-28,2022-04-16,"-12 day ahead inc hosp","quantile",0.975,108,"COVID-19"
"DE-SL","00+",2022-04-28,2022-04-15,"-13 day ahead inc hosp","mean",NA,124,"COVID-19"
"DE-SL","00+",2022-04-28,2022-04-15,"-13 day ahead inc hosp","quantile",0.025,116,"COVID-19"
"DE-SL","00+",2022-04-28,2022-04-15,"-13 day ahead inc hosp","quantile",0.1,118,"COVID-19"
"DE-SL","00+",2022-04-28,2022-04-15,"-13 day ahead inc hosp","quantile",0.25,120,"COVID-19"
"DE-SL","00+",2022-04-28,2022-04-15,"-13 day ahead inc hosp","quantile",0.5,123,"COVID-19"
"DE-SL","00+",2022-04-28,2022-04-15,"-13 day ahead inc hosp","quantile",0.75,128,"COVID-19"
"DE-SL","00+",2022-04-28,2022-04-15,"-13 day ahead inc hosp","quantile",0.9,133,"COVID-19"
"DE-SL","00+",2022-04-28,2022-04-15,"-13 day ahead inc hosp","quantile",0.975,142,"COVID-19"
"DE-SL","00+",2022-04-28,2022-04-14,"-14 day ahead inc hosp","mean",NA,126,"COVID-19"
"DE-SL","00+",2022-04-28,2022-04-14,"-14 day ahead inc hosp","quantile",0.025,118,"COVID-19"
"DE-SL","00+",2022-04-28,2022-04-14,"-14 day ahead inc hosp","quantile",0.1,119,"COVID-19"
"DE-SL","00+",2022-04-28,2022-04-14,"-14 day ahead inc hosp","quantile",0.25,121,"COVID-19"
"DE-SL","00+",2022-04-28,2022-04-14,"-14 day ahead inc hosp","quantile",0.5,124,"COVID-19"
"DE-SL","00+",2022-04-28,2022-04-14,"-14 day ahead inc hosp","quantile",0.75,129,"COVID-19"
"DE-SL","00+",2022-04-28,2022-04-14,"-14 day ahead inc hosp","quantile",0.9,135,"COVID-19"
"DE-SL","00+",2022-04-28,2022-04-14,"-14 day ahead inc hosp","quantile",0.975,143,"COVID-19"
"DE-SL","00+",2022-04-28,2022-04-13,"-15 day ahead inc hosp","mean",NA,131,"COVID-19"
"DE-SL","00+",2022-04-28,2022-04-13,"-15 day ahead inc hosp","quantile",0.025,124,"COVID-19"
"DE-SL","00+",2022-04-28,2022-04-13,"-15 day ahead inc hosp","quantile",0.1,125,"COVID-19"
"DE-SL","00+",2022-04-28,2022-04-13,"-15 day ahead inc hosp","quantile",0.25,127,"COVID-19"
"DE-SL","00+",2022-04-28,2022-04-13,"-15 day ahead inc hosp","quantile",0.5,130,"COVID-19"
"DE-SL","00+",2022-04-28,2022-04-13,"-15 day ahead inc hosp","quantile",0.75,134,"COVID-19"
"DE-SL","00+",2022-04-28,2022-04-13,"-15 day ahead inc hosp","quantile",0.9,140,"COVID-19"
"DE-SL","00+",2022-04-28,2022-04-13,"-15 day ahead inc hosp","quantile",0.975,148,"COVID-19"
"DE-SL","00+",2022-04-28,2022-04-12,"-16 day ahead inc hosp","mean",NA,122,"COVID-19"
"DE-SL","00+",2022-04-28,2022-04-12,"-16 day ahead inc hosp","quantile",0.025,116,"COVID-19"
"DE-SL","00+",2022-04-28,2022-04-12,"-16 day ahead inc hosp","quantile",0.1,117,"COVID-19"
"DE-SL","00+",2022-04-28,2022-04-12,"-16 day ahead inc hosp","quantile",0.25,118,"COVID-19"
"DE-SL","00+",2022-04-28,2022-04-12,"-16 day ahead inc hosp","quantile",0.5,121,"COVID-19"
"DE-SL","00+",2022-04-28,2022-04-12,"-16 day ahead inc hosp","quantile",0.75,125,"COVID-19"
"DE-SL","00+",2022-04-28,2022-04-12,"-16 day ahead inc hosp","quantile",0.9,130,"COVID-19"
"DE-SL","00+",2022-04-28,2022-04-12,"-16 day ahead inc hosp","quantile",0.975,137,"COVID-19"
"DE-SL","00+",2022-04-28,2022-04-11,"-17 day ahead inc hosp","mean",NA,111,"COVID-19"
"DE-SL","00+",2022-04-28,2022-04-11,"-17 day ahead inc hosp","quantile",0.025,106,"COVID-19"
"DE-SL","00+",2022-04-28,2022-04-11,"-17 day ahead inc hosp","quantile",0.1,107,"COVID-19"
"DE-SL","00+",2022-04-28,2022-04-11,"-17 day ahead inc hosp","quantile",0.25,108,"COVID-19"
"DE-SL","00+",2022-04-28,2022-04-11,"-17 day ahead inc hosp","quantile",0.5,110,"COVID-19"
"DE-SL","00+",2022-04-28,2022-04-11,"-17 day ahead inc hosp","quantile",0.75,113,"COVID-19"
"DE-SL","00+",2022-04-28,2022-04-11,"-17 day ahead inc hosp","quantile",0.9,118,"COVID-19"
"DE-SL","00+",2022-04-28,2022-04-11,"-17 day ahead inc hosp","quantile",0.975,123,"COVID-19"
"DE-SL","00+",2022-04-28,2022-04-10,"-18 day ahead inc hosp","mean",NA,114,"COVID-19"
"DE-SL","00+",2022-04-28,2022-04-10,"-18 day ahead inc hosp","quantile",0.025,109,"COVID-19"
"DE-SL","00+",2022-04-28,2022-04-10,"-18 day ahead inc hosp","quantile",0.1,110,"COVID-19"
"DE-SL","00+",2022-04-28,2022-04-10,"-18 day ahead inc hosp","quantile",0.25,111,"COVID-19"
"DE-SL","00+",2022-04-28,2022-04-10,"-18 day ahead inc hosp","quantile",0.5,113,"COVID-19"
"DE-SL","00+",2022-04-28,2022-04-10,"-18 day ahead inc hosp","quantile",0.75,117,"COVID-19"
"DE-SL","00+",2022-04-28,2022-04-10,"-18 day ahead inc hosp","quantile",0.9,121,"COVID-19"
"DE-SL","00+",2022-04-28,2022-04-10,"-18 day ahead inc hosp","quantile",0.975,126,"COVID-19"
"DE-SL","00+",2022-04-28,2022-04-09,"-19 day ahead inc hosp","mean",NA,111,"COVID-19"
"DE-SL","00+",2022-04-28,2022-04-09,"-19 day ahead inc hosp","quantile",0.025,106,"COVID-19"
"DE-SL","00+",2022-04-28,2022-04-09,"-19 day ahead inc hosp","quantile",0.1,107,"COVID-19"
"DE-SL","00+",2022-04-28,2022-04-09,"-19 day ahead inc hosp","quantile",0.25,108,"COVID-19"
"DE-SL","00+",2022-04-28,2022-04-09,"-19 day ahead inc hosp","quantile",0.5,110,"COVID-19"
"DE-SL","00+",2022-04-28,2022-04-09,"-19 day ahead inc hosp","quantile",0.75,113,"COVID-19"
"DE-SL","00+",2022-04-28,2022-04-09,"-19 day ahead inc hosp","quantile",0.9,117,"COVID-19"
"DE-SL","00+",2022-04-28,2022-04-09,"-19 day ahead inc hosp","quantile",0.975,122,"COVID-19"
"DE-SL","00+",2022-04-28,2022-04-08,"-20 day ahead inc hosp","mean",NA,94,"COVID-19"
"DE-SL","00+",2022-04-28,2022-04-08,"-20 day ahead inc hosp","quantile",0.025,90,"COVID-19"
"DE-SL","00+",2022-04-28,2022-04-08,"-20 day ahead inc hosp","quantile",0.1,90,"COVID-19"
"DE-SL","00+",2022-04-28,2022-04-08,"-20 day ahead inc hosp","quantile",0.25,91,"COVID-19"
"DE-SL","00+",2022-04-28,2022-04-08,"-20 day ahead inc hosp","quantile",0.5,93,"COVID-19"
"DE-SL","00+",2022-04-28,2022-04-08,"-20 day ahead inc hosp","quantile",0.75,95,"COVID-19"
"DE-SL","00+",2022-04-28,2022-04-08,"-20 day ahead inc hosp","quantile",0.9,98,"COVID-19"
"DE-SL","00+",2022-04-28,2022-04-08,"-20 day ahead inc hosp","quantile",0.975,103,"COVID-19"
"DE-SL","00+",2022-04-28,2022-04-07,"-21 day ahead inc hosp","mean",NA,97,"COVID-19"
"DE-SL","00+",2022-04-28,2022-04-07,"-21 day ahead inc hosp","quantile",0.025,93,"COVID-19"
"DE-SL","00+",2022-04-28,2022-04-07,"-21 day ahead inc hosp","quantile",0.1,93,"COVID-19"
"DE-SL","00+",2022-04-28,2022-04-07,"-21 day ahead inc hosp","quantile",0.25,94,"COVID-19"
"DE-SL","00+",2022-04-28,2022-04-07,"-21 day ahead inc hosp","quantile",0.5,96,"COVID-19"
"DE-SL","00+",2022-04-28,2022-04-07,"-21 day ahead inc hosp","quantile",0.75,98,"COVID-19"
"DE-SL","00+",2022-04-28,2022-04-07,"-21 day ahead inc hosp","quantile",0.9,101,"COVID-19"
"DE-SL","00+",2022-04-28,2022-04-07,"-21 day ahead inc hosp","quantile",0.975,105,"COVID-19"
"DE-SL","00+",2022-04-28,2022-04-06,"-22 day ahead inc hosp","mean",NA,89,"COVID-19"
"DE-SL","00+",2022-04-28,2022-04-06,"-22 day ahead inc hosp","quantile",0.025,86,"COVID-19"
"DE-SL","00+",2022-04-28,2022-04-06,"-22 day ahead inc hosp","quantile",0.1,86,"COVID-19"
"DE-SL","00+",2022-04-28,2022-04-06,"-22 day ahead inc hosp","quantile",0.25,87,"COVID-19"
"DE-SL","00+",2022-04-28,2022-04-06,"-22 day ahead inc hosp","quantile",0.5,88,"COVID-19"
"DE-SL","00+",2022-04-28,2022-04-06,"-22 day ahead inc hosp","quantile",0.75,90,"COVID-19"
"DE-SL","00+",2022-04-28,2022-04-06,"-22 day ahead inc hosp","quantile",0.9,93,"COVID-19"
"DE-SL","00+",2022-04-28,2022-04-06,"-22 day ahead inc hosp","quantile",0.975,97,"COVID-19"
"DE-SL","00+",2022-04-28,2022-04-05,"-23 day ahead inc hosp","mean",NA,101,"COVID-19"
"DE-SL","00+",2022-04-28,2022-04-05,"-23 day ahead inc hosp","quantile",0.025,98,"COVID-19"
"DE-SL","00+",2022-04-28,2022-04-05,"-23 day ahead inc hosp","quantile",0.1,98,"COVID-19"
"DE-SL","00+",2022-04-28,2022-04-05,"-23 day ahead inc hosp","quantile",0.25,99,"COVID-19"
"DE-SL","00+",2022-04-28,2022-04-05,"-23 day ahead inc hosp","quantile",0.5,100,"COVID-19"
"DE-SL","00+",2022-04-28,2022-04-05,"-23 day ahead inc hosp","quantile",0.75,102,"COVID-19"
"DE-SL","00+",2022-04-28,2022-04-05,"-23 day ahead inc hosp","quantile",0.9,105,"COVID-19"
"DE-SL","00+",2022-04-28,2022-04-05,"-23 day ahead inc hosp","quantile",0.975,109,"COVID-19"
"DE-SL","00+",2022-04-28,2022-04-04,"-24 day ahead inc hosp","mean",NA,99,"COVID-19"
"DE-SL","00+",2022-04-28,2022-04-04,"-24 day ahead inc hosp","quantile",0.025,96,"COVID-19"
"DE-SL","00+",2022-04-28,2022-04-04,"-24 day ahead inc hosp","quantile",0.1,96,"COVID-19"
"DE-SL","00+",2022-04-28,2022-04-04,"-24 day ahead inc hosp","quantile",0.25,97,"COVID-19"
"DE-SL","00+",2022-04-28,2022-04-04,"-24 day ahead inc hosp","quantile",0.5,98,"COVID-19"
"DE-SL","00+",2022-04-28,2022-04-04,"-24 day ahead inc hosp","quantile",0.75,100,"COVID-19"
"DE-SL","00+",2022-04-28,2022-04-04,"-24 day ahead inc hosp","quantile",0.9,102,"COVID-19"
"DE-SL","00+",2022-04-28,2022-04-04,"-24 day ahead inc hosp","quantile",0.975,106,"COVID-19"
"DE-SL","00+",2022-04-28,2022-04-03,"-25 day ahead inc hosp","mean",NA,103,"COVID-19"
"DE-SL","00+",2022-04-28,2022-04-03,"-25 day ahead inc hosp","quantile",0.025,100,"COVID-19"
"DE-SL","00+",2022-04-28,2022-04-03,"-25 day ahead inc hosp","quantile",0.1,100,"COVID-19"
"DE-SL","00+",2022-04-28,2022-04-03,"-25 day ahead inc hosp","quantile",0.25,101,"COVID-19"
"DE-SL","00+",2022-04-28,2022-04-03,"-25 day ahead inc hosp","quantile",0.5,102,"COVID-19"
"DE-SL","00+",2022-04-28,2022-04-03,"-25 day ahead inc hosp","quantile",0.75,104,"COVID-19"
"DE-SL","00+",2022-04-28,2022-04-03,"-25 day ahead inc hosp","quantile",0.9,107,"COVID-19"
"DE-SL","00+",2022-04-28,2022-04-03,"-25 day ahead inc hosp","quantile",0.975,110,"COVID-19"
"DE-SL","00+",2022-04-28,2022-04-02,"-26 day ahead inc hosp","mean",NA,111,"COVID-19"
"DE-SL","00+",2022-04-28,2022-04-02,"-26 day ahead inc hosp","quantile",0.025,108,"COVID-19"
"DE-SL","00+",2022-04-28,2022-04-02,"-26 day ahead inc hosp","quantile",0.1,108,"COVID-19"
"DE-SL","00+",2022-04-28,2022-04-02,"-26 day ahead inc hosp","quantile",0.25,109,"COVID-19"
"DE-SL","00+",2022-04-28,2022-04-02,"-26 day ahead inc hosp","quantile",0.5,110,"COVID-19"
"DE-SL","00+",2022-04-28,2022-04-02,"-26 day ahead inc hosp","quantile",0.75,112,"COVID-19"
"DE-SL","00+",2022-04-28,2022-04-02,"-26 day ahead inc hosp","quantile",0.9,115,"COVID-19"
"DE-SL","00+",2022-04-28,2022-04-02,"-26 day ahead inc hosp","quantile",0.975,119,"COVID-19"
"DE-SL","00+",2022-04-28,2022-04-01,"-27 day ahead inc hosp","mean",NA,121,"COVID-19"
"DE-SL","00+",2022-04-28,2022-04-01,"-27 day ahead inc hosp","quantile",0.025,118,"COVID-19"
"DE-SL","00+",2022-04-28,2022-04-01,"-27 day ahead inc hosp","quantile",0.1,118,"COVID-19"
"DE-SL","00+",2022-04-28,2022-04-01,"-27 day ahead inc hosp","quantile",0.25,119,"COVID-19"
"DE-SL","00+",2022-04-28,2022-04-01,"-27 day ahead inc hosp","quantile",0.5,120,"COVID-19"
"DE-SL","00+",2022-04-28,2022-04-01,"-27 day ahead inc hosp","quantile",0.75,122,"COVID-19"
"DE-SL","00+",2022-04-28,2022-04-01,"-27 day ahead inc hosp","quantile",0.9,125,"COVID-19"
"DE-SL","00+",2022-04-28,2022-04-01,"-27 day ahead inc hosp","quantile",0.975,129,"COVID-19"
"DE-SL","00+",2022-04-28,2022-03-31,"-28 day ahead inc hosp","mean",NA,127,"COVID-19"
"DE-SL","00+",2022-04-28,2022-03-31,"-28 day ahead inc hosp","quantile",0.025,124,"COVID-19"
"DE-SL","00+",2022-04-28,2022-03-31,"-28 day ahead inc hosp","quantile",0.1,124,"COVID-19"
"DE-SL","00+",2022-04-28,2022-03-31,"-28 day ahead inc hosp","quantile",0.25,125,"COVID-19"
"DE-SL","00+",2022-04-28,2022-03-31,"-28 day ahead inc hosp","quantile",0.5,126,"COVID-19"
"DE-SL","00+",2022-04-28,2022-03-31,"-28 day ahead inc hosp","quantile",0.75,128,"COVID-19"
"DE-SL","00+",2022-04-28,2022-03-31,"-28 day ahead inc hosp","quantile",0.9,131,"COVID-19"
"DE-SL","00+",2022-04-28,2022-03-31,"-28 day ahead inc hosp","quantile",0.975,135,"COVID-19"
"DE-SN","00+",2022-04-28,2022-04-28,"0 day ahead inc hosp","mean",NA,410,"COVID-19"
"DE-SN","00+",2022-04-28,2022-04-28,"0 day ahead inc hosp","quantile",0.025,248,"COVID-19"
"DE-SN","00+",2022-04-28,2022-04-28,"0 day ahead inc hosp","quantile",0.1,283,"COVID-19"
"DE-SN","00+",2022-04-28,2022-04-28,"0 day ahead inc hosp","quantile",0.25,326,"COVID-19"
"DE-SN","00+",2022-04-28,2022-04-28,"0 day ahead inc hosp","quantile",0.5,390,"COVID-19"
"DE-SN","00+",2022-04-28,2022-04-28,"0 day ahead inc hosp","quantile",0.75,472,"COVID-19"
"DE-SN","00+",2022-04-28,2022-04-28,"0 day ahead inc hosp","quantile",0.9,564,"COVID-19"
"DE-SN","00+",2022-04-28,2022-04-28,"0 day ahead inc hosp","quantile",0.975,686,"COVID-19"
"DE-SN","00+",2022-04-28,2022-04-27,"-1 day ahead inc hosp","mean",NA,369,"COVID-19"
"DE-SN","00+",2022-04-28,2022-04-27,"-1 day ahead inc hosp","quantile",0.025,273,"COVID-19"
"DE-SN","00+",2022-04-28,2022-04-27,"-1 day ahead inc hosp","quantile",0.1,295,"COVID-19"
"DE-SN","00+",2022-04-28,2022-04-27,"-1 day ahead inc hosp","quantile",0.25,321,"COVID-19"
"DE-SN","00+",2022-04-28,2022-04-27,"-1 day ahead inc hosp","quantile",0.5,359,"COVID-19"
"DE-SN","00+",2022-04-28,2022-04-27,"-1 day ahead inc hosp","quantile",0.75,406,"COVID-19"
"DE-SN","00+",2022-04-28,2022-04-27,"-1 day ahead inc hosp","quantile",0.9,457,"COVID-19"
"DE-SN","00+",2022-04-28,2022-04-27,"-1 day ahead inc hosp","quantile",0.975,524,"COVID-19"
"DE-SN","00+",2022-04-28,2022-04-26,"-2 day ahead inc hosp","mean",NA,418,"COVID-19"
"DE-SN","00+",2022-04-28,2022-04-26,"-2 day ahead inc hosp","quantile",0.025,338,"COVID-19"
"DE-SN","00+",2022-04-28,2022-04-26,"-2 day ahead inc hosp","quantile",0.1,358,"COVID-19"
"DE-SN","00+",2022-04-28,2022-04-26,"-2 day ahead inc hosp","quantile",0.25,380,"COVID-19"
"DE-SN","00+",2022-04-28,2022-04-26,"-2 day ahead inc hosp","quantile",0.5,411,"COVID-19"
"DE-SN","00+",2022-04-28,2022-04-26,"-2 day ahead inc hosp","quantile",0.75,448,"COVID-19"
"DE-SN","00+",2022-04-28,2022-04-26,"-2 day ahead inc hosp","quantile",0.9,489,"COVID-19"
"DE-SN","00+",2022-04-28,2022-04-26,"-2 day ahead inc hosp","quantile",0.975,542,"COVID-19"
"DE-SN","00+",2022-04-28,2022-04-25,"-3 day ahead inc hosp","mean",NA,346,"COVID-19"
"DE-SN","00+",2022-04-28,2022-04-25,"-3 day ahead inc hosp","quantile",0.025,299,"COVID-19"
"DE-SN","00+",2022-04-28,2022-04-25,"-3 day ahead inc hosp","quantile",0.1,311,"COVID-19"
"DE-SN","00+",2022-04-28,2022-04-25,"-3 day ahead inc hosp","quantile",0.25,324,"COVID-19"
"DE-SN","00+",2022-04-28,2022-04-25,"-3 day ahead inc hosp","quantile",0.5,342,"COVID-19"
"DE-SN","00+",2022-04-28,2022-04-25,"-3 day ahead inc hosp","quantile",0.75,363,"COVID-19"
"DE-SN","00+",2022-04-28,2022-04-25,"-3 day ahead inc hosp","quantile",0.9,385,"COVID-19"
"DE-SN","00+",2022-04-28,2022-04-25,"-3 day ahead inc hosp","quantile",0.975,413,"COVID-19"
"DE-SN","00+",2022-04-28,2022-04-24,"-4 day ahead inc hosp","mean",NA,332,"COVID-19"
"DE-SN","00+",2022-04-28,2022-04-24,"-4 day ahead inc hosp","quantile",0.025,293,"COVID-19"
"DE-SN","00+",2022-04-28,2022-04-24,"-4 day ahead inc hosp","quantile",0.1,304,"COVID-19"
"DE-SN","00+",2022-04-28,2022-04-24,"-4 day ahead inc hosp","quantile",0.25,315,"COVID-19"
"DE-SN","00+",2022-04-28,2022-04-24,"-4 day ahead inc hosp","quantile",0.5,330,"COVID-19"
"DE-SN","00+",2022-04-28,2022-04-24,"-4 day ahead inc hosp","quantile",0.75,347,"COVID-19"
"DE-SN","00+",2022-04-28,2022-04-24,"-4 day ahead inc hosp","quantile",0.9,364,"COVID-19"
"DE-SN","00+",2022-04-28,2022-04-24,"-4 day ahead inc hosp","quantile",0.975,387,"COVID-19"
"DE-SN","00+",2022-04-28,2022-04-23,"-5 day ahead inc hosp","mean",NA,320,"COVID-19"
"DE-SN","00+",2022-04-28,2022-04-23,"-5 day ahead inc hosp","quantile",0.025,285,"COVID-19"
"DE-SN","00+",2022-04-28,2022-04-23,"-5 day ahead inc hosp","quantile",0.1,295,"COVID-19"
"DE-SN","00+",2022-04-28,2022-04-23,"-5 day ahead inc hosp","quantile",0.25,305,"COVID-19"
"DE-SN","00+",2022-04-28,2022-04-23,"-5 day ahead inc hosp","quantile",0.5,318,"COVID-19"
"DE-SN","00+",2022-04-28,2022-04-23,"-5 day ahead inc hosp","quantile",0.75,333,"COVID-19"
"DE-SN","00+",2022-04-28,2022-04-23,"-5 day ahead inc hosp","quantile",0.9,349,"COVID-19"
"DE-SN","00+",2022-04-28,2022-04-23,"-5 day ahead inc hosp","quantile",0.975,368,"COVID-19"
"DE-SN","00+",2022-04-28,2022-04-22,"-6 day ahead inc hosp","mean",NA,280,"COVID-19"
"DE-SN","00+",2022-04-28,2022-04-22,"-6 day ahead inc hosp","quantile",0.025,252,"COVID-19"
"DE-SN","00+",2022-04-28,2022-04-22,"-6 day ahead inc hosp","quantile",0.1,259,"COVID-19"
"DE-SN","00+",2022-04-28,2022-04-22,"-6 day ahead inc hosp","quantile",0.25,267,"COVID-19"
"DE-SN","00+",2022-04-28,2022-04-22,"-6 day ahead inc hosp","quantile",0.5,278,"COVID-19"
"DE-SN","00+",2022-04-28,2022-04-22,"-6 day ahead inc hosp","quantile",0.75,291,"COVID-19"
"DE-SN","00+",2022-04-28,2022-04-22,"-6 day ahead inc hosp","quantile",0.9,303,"COVID-19"
"DE-SN","00+",2022-04-28,2022-04-22,"-6 day ahead inc hosp","quantile",0.975,320,"COVID-19"
"DE-SN","00+",2022-04-28,2022-04-21,"-7 day ahead inc hosp","mean",NA,274,"COVID-19"
"DE-SN","00+",2022-04-28,2022-04-21,"-7 day ahead inc hosp","quantile",0.025,248,"COVID-19"
"DE-SN","00+",2022-04-28,2022-04-21,"-7 day ahead inc hosp","quantile",0.1,255,"COVID-19"
"DE-SN","00+",2022-04-28,2022-04-21,"-7 day ahead inc hosp","quantile",0.25,263,"COVID-19"
"DE-SN","00+",2022-04-28,2022-04-21,"-7 day ahead inc hosp","quantile",0.5,272,"COVID-19"
"DE-SN","00+",2022-04-28,2022-04-21,"-7 day ahead inc hosp","quantile",0.75,284,"COVID-19"
"DE-SN","00+",2022-04-28,2022-04-21,"-7 day ahead inc hosp","quantile",0.9,296,"COVID-19"
"DE-SN","00+",2022-04-28,2022-04-21,"-7 day ahead inc hosp","quantile",0.975,311,"COVID-19"
"DE-SN","00+",2022-04-28,2022-04-20,"-8 day ahead inc hosp","mean",NA,273,"COVID-19"
"DE-SN","00+",2022-04-28,2022-04-20,"-8 day ahead inc hosp","quantile",0.025,249,"COVID-19"
"DE-SN","00+",2022-04-28,2022-04-20,"-8 day ahead inc hosp","quantile",0.1,255,"COVID-19"
"DE-SN","00+",2022-04-28,2022-04-20,"-8 day ahead inc hosp","quantile",0.25,262,"COVID-19"
"DE-SN","00+",2022-04-28,2022-04-20,"-8 day ahead inc hosp","quantile",0.5,271,"COVID-19"
"DE-SN","00+",2022-04-28,2022-04-20,"-8 day ahead inc hosp","quantile",0.75,281,"COVID-19"
"DE-SN","00+",2022-04-28,2022-04-20,"-8 day ahead inc hosp","quantile",0.9,292,"COVID-19"
"DE-SN","00+",2022-04-28,2022-04-20,"-8 day ahead inc hosp","quantile",0.975,305,"COVID-19"
"DE-SN","00+",2022-04-28,2022-04-19,"-9 day ahead inc hosp","mean",NA,250,"COVID-19"
"DE-SN","00+",2022-04-28,2022-04-19,"-9 day ahead inc hosp","quantile",0.025,232,"COVID-19"
"DE-SN","00+",2022-04-28,2022-04-19,"-9 day ahead inc hosp","quantile",0.1,237,"COVID-19"
"DE-SN","00+",2022-04-28,2022-04-19,"-9 day ahead inc hosp","quantile",0.25,242,"COVID-19"
"DE-SN","00+",2022-04-28,2022-04-19,"-9 day ahead inc hosp","quantile",0.5,249,"COVID-19"
"DE-SN","00+",2022-04-28,2022-04-19,"-9 day ahead inc hosp","quantile",0.75,257,"COVID-19"
"DE-SN","00+",2022-04-28,2022-04-19,"-9 day ahead inc hosp","quantile",0.9,266,"COVID-19"
"DE-SN","00+",2022-04-28,2022-04-19,"-9 day ahead inc hosp","quantile",0.975,277,"COVID-19"
"DE-SN","00+",2022-04-28,2022-04-18,"-10 day ahead inc hosp","mean",NA,288,"COVID-19"
"DE-SN","00+",2022-04-28,2022-04-18,"-10 day ahead inc hosp","quantile",0.025,269,"COVID-19"
"DE-SN","00+",2022-04-28,2022-04-18,"-10 day ahead inc hosp","quantile",0.1,274,"COVID-19"
"DE-SN","00+",2022-04-28,2022-04-18,"-10 day ahead inc hosp","quantile",0.25,280,"COVID-19"
"DE-SN","00+",2022-04-28,2022-04-18,"-10 day ahead inc hosp","quantile",0.5,287,"COVID-19"
"DE-SN","00+",2022-04-28,2022-04-18,"-10 day ahead inc hosp","quantile",0.75,296,"COVID-19"
"DE-SN","00+",2022-04-28,2022-04-18,"-10 day ahead inc hosp","quantile",0.9,305,"COVID-19"
"DE-SN","00+",2022-04-28,2022-04-18,"-10 day ahead inc hosp","quantile",0.975,317,"COVID-19"
"DE-SN","00+",2022-04-28,2022-04-17,"-11 day ahead inc hosp","mean",NA,306,"COVID-19"
"DE-SN","00+",2022-04-28,2022-04-17,"-11 day ahead inc hosp","quantile",0.025,286,"COVID-19"
"DE-SN","00+",2022-04-28,2022-04-17,"-11 day ahead inc hosp","quantile",0.1,291,"COVID-19"
"DE-SN","00+",2022-04-28,2022-04-17,"-11 day ahead inc hosp","quantile",0.25,297,"COVID-19"
"DE-SN","00+",2022-04-28,2022-04-17,"-11 day ahead inc hosp","quantile",0.5,304,"COVID-19"
"DE-SN","00+",2022-04-28,2022-04-17,"-11 day ahead inc hosp","quantile",0.75,314,"COVID-19"
"DE-SN","00+",2022-04-28,2022-04-17,"-11 day ahead inc hosp","quantile",0.9,324,"COVID-19"
"DE-SN","00+",2022-04-28,2022-04-17,"-11 day ahead inc hosp","quantile",0.975,336,"COVID-19"
"DE-SN","00+",2022-04-28,2022-04-16,"-12 day ahead inc hosp","mean",NA,325,"COVID-19"
"DE-SN","00+",2022-04-28,2022-04-16,"-12 day ahead inc hosp","quantile",0.025,303,"COVID-19"
"DE-SN","00+",2022-04-28,2022-04-16,"-12 day ahead inc hosp","quantile",0.1,309,"COVID-19"
"DE-SN","00+",2022-04-28,2022-04-16,"-12 day ahead inc hosp","quantile",0.25,314,"COVID-19"
"DE-SN","00+",2022-04-28,2022-04-16,"-12 day ahead inc hosp","quantile",0.5,323,"COVID-19"
"DE-SN","00+",2022-04-28,2022-04-16,"-12 day ahead inc hosp","quantile",0.75,332,"COVID-19"
"DE-SN","00+",2022-04-28,2022-04-16,"-12 day ahead inc hosp","quantile",0.9,343,"COVID-19"
"DE-SN","00+",2022-04-28,2022-04-16,"-12 day ahead inc hosp","quantile",0.975,357,"COVID-19"
"DE-SN","00+",2022-04-28,2022-04-15,"-13 day ahead inc hosp","mean",NA,358,"COVID-19"
"DE-SN","00+",2022-04-28,2022-04-15,"-13 day ahead inc hosp","quantile",0.025,336,"COVID-19"
"DE-SN","00+",2022-04-28,2022-04-15,"-13 day ahead inc hosp","quantile",0.1,341,"COVID-19"
"DE-SN","00+",2022-04-28,2022-04-15,"-13 day ahead inc hosp","quantile",0.25,347,"COVID-19"
"DE-SN","00+",2022-04-28,2022-04-15,"-13 day ahead inc hosp","quantile",0.5,356,"COVID-19"
"DE-SN","00+",2022-04-28,2022-04-15,"-13 day ahead inc hosp","quantile",0.75,367,"COVID-19"
"DE-SN","00+",2022-04-28,2022-04-15,"-13 day ahead inc hosp","quantile",0.9,378,"COVID-19"
"DE-SN","00+",2022-04-28,2022-04-15,"-13 day ahead inc hosp","quantile",0.975,393,"COVID-19"
"DE-SN","00+",2022-04-28,2022-04-14,"-14 day ahead inc hosp","mean",NA,383,"COVID-19"
"DE-SN","00+",2022-04-28,2022-04-14,"-14 day ahead inc hosp","quantile",0.025,360,"COVID-19"
"DE-SN","00+",2022-04-28,2022-04-14,"-14 day ahead inc hosp","quantile",0.1,365,"COVID-19"
"DE-SN","00+",2022-04-28,2022-04-14,"-14 day ahead inc hosp","quantile",0.25,372,"COVID-19"
"DE-SN","00+",2022-04-28,2022-04-14,"-14 day ahead inc hosp","quantile",0.5,381,"COVID-19"
"DE-SN","00+",2022-04-28,2022-04-14,"-14 day ahead inc hosp","quantile",0.75,392,"COVID-19"
"DE-SN","00+",2022-04-28,2022-04-14,"-14 day ahead inc hosp","quantile",0.9,404,"COVID-19"
"DE-SN","00+",2022-04-28,2022-04-14,"-14 day ahead inc hosp","quantile",0.975,420,"COVID-19"
"DE-SN","00+",2022-04-28,2022-04-13,"-15 day ahead inc hosp","mean",NA,387,"COVID-19"
"DE-SN","00+",2022-04-28,2022-04-13,"-15 day ahead inc hosp","quantile",0.025,365,"COVID-19"
"DE-SN","00+",2022-04-28,2022-04-13,"-15 day ahead inc hosp","quantile",0.1,370,"COVID-19"
"DE-SN","00+",2022-04-28,2022-04-13,"-15 day ahead inc hosp","quantile",0.25,376,"COVID-19"
"DE-SN","00+",2022-04-28,2022-04-13,"-15 day ahead inc hosp","quantile",0.5,384,"COVID-19"
"DE-SN","00+",2022-04-28,2022-04-13,"-15 day ahead inc hosp","quantile",0.75,395,"COVID-19"
"DE-SN","00+",2022-04-28,2022-04-13,"-15 day ahead inc hosp","quantile",0.9,407,"COVID-19"
"DE-SN","00+",2022-04-28,2022-04-13,"-15 day ahead inc hosp","quantile",0.975,422,"COVID-19"
"DE-SN","00+",2022-04-28,2022-04-12,"-16 day ahead inc hosp","mean",NA,379,"COVID-19"
"DE-SN","00+",2022-04-28,2022-04-12,"-16 day ahead inc hosp","quantile",0.025,360,"COVID-19"
"DE-SN","00+",2022-04-28,2022-04-12,"-16 day ahead inc hosp","quantile",0.1,364,"COVID-19"
"DE-SN","00+",2022-04-28,2022-04-12,"-16 day ahead inc hosp","quantile",0.25,369,"COVID-19"
"DE-SN","00+",2022-04-28,2022-04-12,"-16 day ahead inc hosp","quantile",0.5,377,"COVID-19"
"DE-SN","00+",2022-04-28,2022-04-12,"-16 day ahead inc hosp","quantile",0.75,387,"COVID-19"
"DE-SN","00+",2022-04-28,2022-04-12,"-16 day ahead inc hosp","quantile",0.9,398,"COVID-19"
"DE-SN","00+",2022-04-28,2022-04-12,"-16 day ahead inc hosp","quantile",0.975,412,"COVID-19"
"DE-SN","00+",2022-04-28,2022-04-11,"-17 day ahead inc hosp","mean",NA,391,"COVID-19"
"DE-SN","00+",2022-04-28,2022-04-11,"-17 day ahead inc hosp","quantile",0.025,372,"COVID-19"
"DE-SN","00+",2022-04-28,2022-04-11,"-17 day ahead inc hosp","quantile",0.1,376,"COVID-19"
"DE-SN","00+",2022-04-28,2022-04-11,"-17 day ahead inc hosp","quantile",0.25,382,"COVID-19"
"DE-SN","00+",2022-04-28,2022-04-11,"-17 day ahead inc hosp","quantile",0.5,389,"COVID-19"
"DE-SN","00+",2022-04-28,2022-04-11,"-17 day ahead inc hosp","quantile",0.75,399,"COVID-19"
"DE-SN","00+",2022-04-28,2022-04-11,"-17 day ahead inc hosp","quantile",0.9,409,"COVID-19"
"DE-SN","00+",2022-04-28,2022-04-11,"-17 day ahead inc hosp","quantile",0.975,423,"COVID-19"
"DE-SN","00+",2022-04-28,2022-04-10,"-18 day ahead inc hosp","mean",NA,383,"COVID-19"
"DE-SN","00+",2022-04-28,2022-04-10,"-18 day ahead inc hosp","quantile",0.025,365,"COVID-19"
"DE-SN","00+",2022-04-28,2022-04-10,"-18 day ahead inc hosp","quantile",0.1,369,"COVID-19"
"DE-SN","00+",2022-04-28,2022-04-10,"-18 day ahead inc hosp","quantile",0.25,374,"COVID-19"
"DE-SN","00+",2022-04-28,2022-04-10,"-18 day ahead inc hosp","quantile",0.5,381,"COVID-19"
"DE-SN","00+",2022-04-28,2022-04-10,"-18 day ahead inc hosp","quantile",0.75,390,"COVID-19"
"DE-SN","00+",2022-04-28,2022-04-10,"-18 day ahead inc hosp","quantile",0.9,400,"COVID-19"
"DE-SN","00+",2022-04-28,2022-04-10,"-18 day ahead inc hosp","quantile",0.975,414,"COVID-19"
"DE-SN","00+",2022-04-28,2022-04-09,"-19 day ahead inc hosp","mean",NA,389,"COVID-19"
"DE-SN","00+",2022-04-28,2022-04-09,"-19 day ahead inc hosp","quantile",0.025,371,"COVID-19"
"DE-SN","00+",2022-04-28,2022-04-09,"-19 day ahead inc hosp","quantile",0.1,375,"COVID-19"
"DE-SN","00+",2022-04-28,2022-04-09,"-19 day ahead inc hosp","quantile",0.25,379,"COVID-19"
"DE-SN","00+",2022-04-28,2022-04-09,"-19 day ahead inc hosp","quantile",0.5,387,"COVID-19"
"DE-SN","00+",2022-04-28,2022-04-09,"-19 day ahead inc hosp","quantile",0.75,396,"COVID-19"
"DE-SN","00+",2022-04-28,2022-04-09,"-19 day ahead inc hosp","quantile",0.9,405,"COVID-19"
"DE-SN","00+",2022-04-28,2022-04-09,"-19 day ahead inc hosp","quantile",0.975,419,"COVID-19"
"DE-SN","00+",2022-04-28,2022-04-08,"-20 day ahead inc hosp","mean",NA,405,"COVID-19"
"DE-SN","00+",2022-04-28,2022-04-08,"-20 day ahead inc hosp","quantile",0.025,388,"COVID-19"
"DE-SN","00+",2022-04-28,2022-04-08,"-20 day ahead inc hosp","quantile",0.1,391,"COVID-19"
"DE-SN","00+",2022-04-28,2022-04-08,"-20 day ahead inc hosp","quantile",0.25,396,"COVID-19"
"DE-SN","00+",2022-04-28,2022-04-08,"-20 day ahead inc hosp","quantile",0.5,403,"COVID-19"
"DE-SN","00+",2022-04-28,2022-04-08,"-20 day ahead inc hosp","quantile",0.75,412,"COVID-19"
"DE-SN","00+",2022-04-28,2022-04-08,"-20 day ahead inc hosp","quantile",0.9,422,"COVID-19"
"DE-SN","00+",2022-04-28,2022-04-08,"-20 day ahead inc hosp","quantile",0.975,435,"COVID-19"
"DE-SN","00+",2022-04-28,2022-04-07,"-21 day ahead inc hosp","mean",NA,415,"COVID-19"
"DE-SN","00+",2022-04-28,2022-04-07,"-21 day ahead inc hosp","quantile",0.025,398,"COVID-19"
"DE-SN","00+",2022-04-28,2022-04-07,"-21 day ahead inc hosp","quantile",0.1,402,"COVID-19"
"DE-SN","00+",2022-04-28,2022-04-07,"-21 day ahead inc hosp","quantile",0.25,407,"COVID-19"
"DE-SN","00+",2022-04-28,2022-04-07,"-21 day ahead inc hosp","quantile",0.5,413,"COVID-19"
"DE-SN","00+",2022-04-28,2022-04-07,"-21 day ahead inc hosp","quantile",0.75,422,"COVID-19"
"DE-SN","00+",2022-04-28,2022-04-07,"-21 day ahead inc hosp","quantile",0.9,431,"COVID-19"
"DE-SN","00+",2022-04-28,2022-04-07,"-21 day ahead inc hosp","quantile",0.975,444,"COVID-19"
"DE-SN","00+",2022-04-28,2022-04-06,"-22 day ahead inc hosp","mean",NA,441,"COVID-19"
"DE-SN","00+",2022-04-28,2022-04-06,"-22 day ahead inc hosp","quantile",0.025,424,"COVID-19"
"DE-SN","00+",2022-04-28,2022-04-06,"-22 day ahead inc hosp","quantile",0.1,428,"COVID-19"
"DE-SN","00+",2022-04-28,2022-04-06,"-22 day ahead inc hosp","quantile",0.25,432,"COVID-19"
"DE-SN","00+",2022-04-28,2022-04-06,"-22 day ahead inc hosp","quantile",0.5,439,"COVID-19"
"DE-SN","00+",2022-04-28,2022-04-06,"-22 day ahead inc hosp","quantile",0.75,447,"COVID-19"
"DE-SN","00+",2022-04-28,2022-04-06,"-22 day ahead inc hosp","quantile",0.9,457,"COVID-19"
"DE-SN","00+",2022-04-28,2022-04-06,"-22 day ahead inc hosp","quantile",0.975,470,"COVID-19"
"DE-SN","00+",2022-04-28,2022-04-05,"-23 day ahead inc hosp","mean",NA,455,"COVID-19"
"DE-SN","00+",2022-04-28,2022-04-05,"-23 day ahead inc hosp","quantile",0.025,439,"COVID-19"
"DE-SN","00+",2022-04-28,2022-04-05,"-23 day ahead inc hosp","quantile",0.1,442,"COVID-19"
"DE-SN","00+",2022-04-28,2022-04-05,"-23 day ahead inc hosp","quantile",0.25,446,"COVID-19"
"DE-SN","00+",2022-04-28,2022-04-05,"-23 day ahead inc hosp","quantile",0.5,453,"COVID-19"
"DE-SN","00+",2022-04-28,2022-04-05,"-23 day ahead inc hosp","quantile",0.75,461,"COVID-19"
"DE-SN","00+",2022-04-28,2022-04-05,"-23 day ahead inc hosp","quantile",0.9,470,"COVID-19"
"DE-SN","00+",2022-04-28,2022-04-05,"-23 day ahead inc hosp","quantile",0.975,482,"COVID-19"
"DE-SN","00+",2022-04-28,2022-04-04,"-24 day ahead inc hosp","mean",NA,491,"COVID-19"
"DE-SN","00+",2022-04-28,2022-04-04,"-24 day ahead inc hosp","quantile",0.025,475,"COVID-19"
"DE-SN","00+",2022-04-28,2022-04-04,"-24 day ahead inc hosp","quantile",0.1,478,"COVID-19"
"DE-SN","00+",2022-04-28,2022-04-04,"-24 day ahead inc hosp","quantile",0.25,483,"COVID-19"
"DE-SN","00+",2022-04-28,2022-04-04,"-24 day ahead inc hosp","quantile",0.5,489,"COVID-19"
"DE-SN","00+",2022-04-28,2022-04-04,"-24 day ahead inc hosp","quantile",0.75,497,"COVID-19"
"DE-SN","00+",2022-04-28,2022-04-04,"-24 day ahead inc hosp","quantile",0.9,507,"COVID-19"
"DE-SN","00+",2022-04-28,2022-04-04,"-24 day ahead inc hosp","quantile",0.975,519,"COVID-19"
"DE-SN","00+",2022-04-28,2022-04-03,"-25 day ahead inc hosp","mean",NA,506,"COVID-19"
"DE-SN","00+",2022-04-28,2022-04-03,"-25 day ahead inc hosp","quantile",0.025,490,"COVID-19"
"DE-SN","00+",2022-04-28,2022-04-03,"-25 day ahead inc hosp","quantile",0.1,493,"COVID-19"
"DE-SN","00+",2022-04-28,2022-04-03,"-25 day ahead inc hosp","quantile",0.25,497,"COVID-19"
"DE-SN","00+",2022-04-28,2022-04-03,"-25 day ahead inc hosp","quantile",0.5,504,"COVID-19"
"DE-SN","00+",2022-04-28,2022-04-03,"-25 day ahead inc hosp","quantile",0.75,513,"COVID-19"
"DE-SN","00+",2022-04-28,2022-04-03,"-25 day ahead inc hosp","quantile",0.9,523,"COVID-19"
"DE-SN","00+",2022-04-28,2022-04-03,"-25 day ahead inc hosp","quantile",0.975,536,"COVID-19"
"DE-SN","00+",2022-04-28,2022-04-02,"-26 day ahead inc hosp","mean",NA,520,"COVID-19"
"DE-SN","00+",2022-04-28,2022-04-02,"-26 day ahead inc hosp","quantile",0.025,503,"COVID-19"
"DE-SN","00+",2022-04-28,2022-04-02,"-26 day ahead inc hosp","quantile",0.1,506,"COVID-19"
"DE-SN","00+",2022-04-28,2022-04-02,"-26 day ahead inc hosp","quantile",0.25,510,"COVID-19"
"DE-SN","00+",2022-04-28,2022-04-02,"-26 day ahead inc hosp","quantile",0.5,517,"COVID-19"
"DE-SN","00+",2022-04-28,2022-04-02,"-26 day ahead inc hosp","quantile",0.75,526,"COVID-19"
"DE-SN","00+",2022-04-28,2022-04-02,"-26 day ahead inc hosp","quantile",0.9,537,"COVID-19"
"DE-SN","00+",2022-04-28,2022-04-02,"-26 day ahead inc hosp","quantile",0.975,552,"COVID-19"
"DE-SN","00+",2022-04-28,2022-04-01,"-27 day ahead inc hosp","mean",NA,538,"COVID-19"
"DE-SN","00+",2022-04-28,2022-04-01,"-27 day ahead inc hosp","quantile",0.025,521,"COVID-19"
"DE-SN","00+",2022-04-28,2022-04-01,"-27 day ahead inc hosp","quantile",0.1,524,"COVID-19"
"DE-SN","00+",2022-04-28,2022-04-01,"-27 day ahead inc hosp","quantile",0.25,528,"COVID-19"
"DE-SN","00+",2022-04-28,2022-04-01,"-27 day ahead inc hosp","quantile",0.5,535,"COVID-19"
"DE-SN","00+",2022-04-28,2022-04-01,"-27 day ahead inc hosp","quantile",0.75,545,"COVID-19"
"DE-SN","00+",2022-04-28,2022-04-01,"-27 day ahead inc hosp","quantile",0.9,556,"COVID-19"
"DE-SN","00+",2022-04-28,2022-04-01,"-27 day ahead inc hosp","quantile",0.975,572,"COVID-19"
"DE-SN","00+",2022-04-28,2022-03-31,"-28 day ahead inc hosp","mean",NA,546,"COVID-19"
"DE-SN","00+",2022-04-28,2022-03-31,"-28 day ahead inc hosp","quantile",0.025,530,"COVID-19"
"DE-SN","00+",2022-04-28,2022-03-31,"-28 day ahead inc hosp","quantile",0.1,533,"COVID-19"
"DE-SN","00+",2022-04-28,2022-03-31,"-28 day ahead inc hosp","quantile",0.25,536,"COVID-19"
"DE-SN","00+",2022-04-28,2022-03-31,"-28 day ahead inc hosp","quantile",0.5,543,"COVID-19"
"DE-SN","00+",2022-04-28,2022-03-31,"-28 day ahead inc hosp","quantile",0.75,553,"COVID-19"
"DE-SN","00+",2022-04-28,2022-03-31,"-28 day ahead inc hosp","quantile",0.9,564,"COVID-19"
"DE-SN","00+",2022-04-28,2022-03-31,"-28 day ahead inc hosp","quantile",0.975,580,"COVID-19"
"DE-ST","00+",2022-04-28,2022-04-28,"0 day ahead inc hosp","mean",NA,347,"COVID-19"
"DE-ST","00+",2022-04-28,2022-04-28,"0 day ahead inc hosp","quantile",0.025,227,"COVID-19"
"DE-ST","00+",2022-04-28,2022-04-28,"0 day ahead inc hosp","quantile",0.1,258,"COVID-19"
"DE-ST","00+",2022-04-28,2022-04-28,"0 day ahead inc hosp","quantile",0.25,291,"COVID-19"
"DE-ST","00+",2022-04-28,2022-04-28,"0 day ahead inc hosp","quantile",0.5,337,"COVID-19"
"DE-ST","00+",2022-04-28,2022-04-28,"0 day ahead inc hosp","quantile",0.75,391,"COVID-19"
"DE-ST","00+",2022-04-28,2022-04-28,"0 day ahead inc hosp","quantile",0.9,449,"COVID-19"
"DE-ST","00+",2022-04-28,2022-04-28,"0 day ahead inc hosp","quantile",0.975,523,"COVID-19"
"DE-ST","00+",2022-04-28,2022-04-27,"-1 day ahead inc hosp","mean",NA,309,"COVID-19"
"DE-ST","00+",2022-04-28,2022-04-27,"-1 day ahead inc hosp","quantile",0.025,236,"COVID-19"
"DE-ST","00+",2022-04-28,2022-04-27,"-1 day ahead inc hosp","quantile",0.1,256,"COVID-19"
"DE-ST","00+",2022-04-28,2022-04-27,"-1 day ahead inc hosp","quantile",0.25,277,"COVID-19"
"DE-ST","00+",2022-04-28,2022-04-27,"-1 day ahead inc hosp","quantile",0.5,304,"COVID-19"
"DE-ST","00+",2022-04-28,2022-04-27,"-1 day ahead inc hosp","quantile",0.75,336,"COVID-19"
"DE-ST","00+",2022-04-28,2022-04-27,"-1 day ahead inc hosp","quantile",0.9,369,"COVID-19"
"DE-ST","00+",2022-04-28,2022-04-27,"-1 day ahead inc hosp","quantile",0.975,410,"COVID-19"
"DE-ST","00+",2022-04-28,2022-04-26,"-2 day ahead inc hosp","mean",NA,370,"COVID-19"
"DE-ST","00+",2022-04-28,2022-04-26,"-2 day ahead inc hosp","quantile",0.025,298,"COVID-19"
"DE-ST","00+",2022-04-28,2022-04-26,"-2 day ahead inc hosp","quantile",0.1,318,"COVID-19"
"DE-ST","00+",2022-04-28,2022-04-26,"-2 day ahead inc hosp","quantile",0.25,338,"COVID-19"
"DE-ST","00+",2022-04-28,2022-04-26,"-2 day ahead inc hosp","quantile",0.5,365,"COVID-19"
"DE-ST","00+",2022-04-28,2022-04-26,"-2 day ahead inc hosp","quantile",0.75,396,"COVID-19"
"DE-ST","00+",2022-04-28,2022-04-26,"-2 day ahead inc hosp","quantile",0.9,428,"COVID-19"
"DE-ST","00+",2022-04-28,2022-04-26,"-2 day ahead inc hosp","quantile",0.975,469,"COVID-19"
"DE-ST","00+",2022-04-28,2022-04-25,"-3 day ahead inc hosp","mean",NA,329,"COVID-19"
"DE-ST","00+",2022-04-28,2022-04-25,"-3 day ahead inc hosp","quantile",0.025,276,"COVID-19"
"DE-ST","00+",2022-04-28,2022-04-25,"-3 day ahead inc hosp","quantile",0.1,291,"COVID-19"
"DE-ST","00+",2022-04-28,2022-04-25,"-3 day ahead inc hosp","quantile",0.25,306,"COVID-19"
"DE-ST","00+",2022-04-28,2022-04-25,"-3 day ahead inc hosp","quantile",0.5,326,"COVID-19"
"DE-ST","00+",2022-04-28,2022-04-25,"-3 day ahead inc hosp","quantile",0.75,349,"COVID-19"
"DE-ST","00+",2022-04-28,2022-04-25,"-3 day ahead inc hosp","quantile",0.9,372,"COVID-19"
"DE-ST","00+",2022-04-28,2022-04-25,"-3 day ahead inc hosp","quantile",0.975,401,"COVID-19"
"DE-ST","00+",2022-04-28,2022-04-24,"-4 day ahead inc hosp","mean",NA,318,"COVID-19"
"DE-ST","00+",2022-04-28,2022-04-24,"-4 day ahead inc hosp","quantile",0.025,270,"COVID-19"
"DE-ST","00+",2022-04-28,2022-04-24,"-4 day ahead inc hosp","quantile",0.1,283,"COVID-19"
"DE-ST","00+",2022-04-28,2022-04-24,"-4 day ahead inc hosp","quantile",0.25,297,"COVID-19"
"DE-ST","00+",2022-04-28,2022-04-24,"-4 day ahead inc hosp","quantile",0.5,315,"COVID-19"
"DE-ST","00+",2022-04-28,2022-04-24,"-4 day ahead inc hosp","quantile",0.75,336,"COVID-19"
"DE-ST","00+",2022-04-28,2022-04-24,"-4 day ahead inc hosp","quantile",0.9,357,"COVID-19"
"DE-ST","00+",2022-04-28,2022-04-24,"-4 day ahead inc hosp","quantile",0.975,383,"COVID-19"
"DE-ST","00+",2022-04-28,2022-04-23,"-5 day ahead inc hosp","mean",NA,324,"COVID-19"
"DE-ST","00+",2022-04-28,2022-04-23,"-5 day ahead inc hosp","quantile",0.025,275,"COVID-19"
"DE-ST","00+",2022-04-28,2022-04-23,"-5 day ahead inc hosp","quantile",0.1,289,"COVID-19"
"DE-ST","00+",2022-04-28,2022-04-23,"-5 day ahead inc hosp","quantile",0.25,303,"COVID-19"
"DE-ST","00+",2022-04-28,2022-04-23,"-5 day ahead inc hosp","quantile",0.5,321,"COVID-19"
"DE-ST","00+",2022-04-28,2022-04-23,"-5 day ahead inc hosp","quantile",0.75,342,"COVID-19"
"DE-ST","00+",2022-04-28,2022-04-23,"-5 day ahead inc hosp","quantile",0.9,364,"COVID-19"
"DE-ST","00+",2022-04-28,2022-04-23,"-5 day ahead inc hosp","quantile",0.975,390,"COVID-19"
"DE-ST","00+",2022-04-28,2022-04-22,"-6 day ahead inc hosp","mean",NA,291,"COVID-19"
"DE-ST","00+",2022-04-28,2022-04-22,"-6 day ahead inc hosp","quantile",0.025,248,"COVID-19"
"DE-ST","00+",2022-04-28,2022-04-22,"-6 day ahead inc hosp","quantile",0.1,260,"COVID-19"
"DE-ST","00+",2022-04-28,2022-04-22,"-6 day ahead inc hosp","quantile",0.25,273,"COVID-19"
"DE-ST","00+",2022-04-28,2022-04-22,"-6 day ahead inc hosp","quantile",0.5,289,"COVID-19"
"DE-ST","00+",2022-04-28,2022-04-22,"-6 day ahead inc hosp","quantile",0.75,307,"COVID-19"
"DE-ST","00+",2022-04-28,2022-04-22,"-6 day ahead inc hosp","quantile",0.9,326,"COVID-19"
"DE-ST","00+",2022-04-28,2022-04-22,"-6 day ahead inc hosp","quantile",0.975,350,"COVID-19"
"DE-ST","00+",2022-04-28,2022-04-21,"-7 day ahead inc hosp","mean",NA,293,"COVID-19"
"DE-ST","00+",2022-04-28,2022-04-21,"-7 day ahead inc hosp","quantile",0.025,251,"COVID-19"
"DE-ST","00+",2022-04-28,2022-04-21,"-7 day ahead inc hosp","quantile",0.1,262,"COVID-19"
"DE-ST","00+",2022-04-28,2022-04-21,"-7 day ahead inc hosp","quantile",0.25,274,"COVID-19"
"DE-ST","00+",2022-04-28,2022-04-21,"-7 day ahead inc hosp","quantile",0.5,290,"COVID-19"
"DE-ST","00+",2022-04-28,2022-04-21,"-7 day ahead inc hosp","quantile",0.75,309,"COVID-19"
"DE-ST","00+",2022-04-28,2022-04-21,"-7 day ahead inc hosp","quantile",0.9,328,"COVID-19"
"DE-ST","00+",2022-04-28,2022-04-21,"-7 day ahead inc hosp","quantile",0.975,353,"COVID-19"
"DE-ST","00+",2022-04-28,2022-04-20,"-8 day ahead inc hosp","mean",NA,299,"COVID-19"
"DE-ST","00+",2022-04-28,2022-04-20,"-8 day ahead inc hosp","quantile",0.025,257,"COVID-19"
"DE-ST","00+",2022-04-28,2022-04-20,"-8 day ahead inc hosp","quantile",0.1,268,"COVID-19"
"DE-ST","00+",2022-04-28,2022-04-20,"-8 day ahead inc hosp","quantile",0.25,280,"COVID-19"
"DE-ST","00+",2022-04-28,2022-04-20,"-8 day ahead inc hosp","quantile",0.5,295,"COVID-19"
"DE-ST","00+",2022-04-28,2022-04-20,"-8 day ahead inc hosp","quantile",0.75,314,"COVID-19"
"DE-ST","00+",2022-04-28,2022-04-20,"-8 day ahead inc hosp","quantile",0.9,334,"COVID-19"
"DE-ST","00+",2022-04-28,2022-04-20,"-8 day ahead inc hosp","quantile",0.975,360,"COVID-19"
"DE-ST","00+",2022-04-28,2022-04-19,"-9 day ahead inc hosp","mean",NA,250,"COVID-19"
"DE-ST","00+",2022-04-28,2022-04-19,"-9 day ahead inc hosp","quantile",0.025,218,"COVID-19"
"DE-ST","00+",2022-04-28,2022-04-19,"-9 day ahead inc hosp","quantile",0.1,226,"COVID-19"
"DE-ST","00+",2022-04-28,2022-04-19,"-9 day ahead inc hosp","quantile",0.25,235,"COVID-19"
"DE-ST","00+",2022-04-28,2022-04-19,"-9 day ahead inc hosp","quantile",0.5,247,"COVID-19"
"DE-ST","00+",2022-04-28,2022-04-19,"-9 day ahead inc hosp","quantile",0.75,261,"COVID-19"
"DE-ST","00+",2022-04-28,2022-04-19,"-9 day ahead inc hosp","quantile",0.9,277,"COVID-19"
"DE-ST","00+",2022-04-28,2022-04-19,"-9 day ahead inc hosp","quantile",0.975,297,"COVID-19"
"DE-ST","00+",2022-04-28,2022-04-18,"-10 day ahead inc hosp","mean",NA,297,"COVID-19"
"DE-ST","00+",2022-04-28,2022-04-18,"-10 day ahead inc hosp","quantile",0.025,261,"COVID-19"
"DE-ST","00+",2022-04-28,2022-04-18,"-10 day ahead inc hosp","quantile",0.1,270,"COVID-19"
"DE-ST","00+",2022-04-28,2022-04-18,"-10 day ahead inc hosp","quantile",0.25,280,"COVID-19"
"DE-ST","00+",2022-04-28,2022-04-18,"-10 day ahead inc hosp","quantile",0.5,293,"COVID-19"
"DE-ST","00+",2022-04-28,2022-04-18,"-10 day ahead inc hosp","quantile",0.75,310,"COVID-19"
"DE-ST","00+",2022-04-28,2022-04-18,"-10 day ahead inc hosp","quantile",0.9,329,"COVID-19"
"DE-ST","00+",2022-04-28,2022-04-18,"-10 day ahead inc hosp","quantile",0.975,353,"COVID-19"
"DE-ST","00+",2022-04-28,2022-04-17,"-11 day ahead inc hosp","mean",NA,305,"COVID-19"
"DE-ST","00+",2022-04-28,2022-04-17,"-11 day ahead inc hosp","quantile",0.025,267,"COVID-19"
"DE-ST","00+",2022-04-28,2022-04-17,"-11 day ahead inc hosp","quantile",0.1,275,"COVID-19"
"DE-ST","00+",2022-04-28,2022-04-17,"-11 day ahead inc hosp","quantile",0.25,286,"COVID-19"
"DE-ST","00+",2022-04-28,2022-04-17,"-11 day ahead inc hosp","quantile",0.5,301,"COVID-19"
"DE-ST","00+",2022-04-28,2022-04-17,"-11 day ahead inc hosp","quantile",0.75,319,"COVID-19"
"DE-ST","00+",2022-04-28,2022-04-17,"-11 day ahead inc hosp","quantile",0.9,339,"COVID-19"
"DE-ST","00+",2022-04-28,2022-04-17,"-11 day ahead inc hosp","quantile",0.975,366,"COVID-19"
"DE-ST","00+",2022-04-28,2022-04-16,"-12 day ahead inc hosp","mean",NA,309,"COVID-19"
"DE-ST","00+",2022-04-28,2022-04-16,"-12 day ahead inc hosp","quantile",0.025,270,"COVID-19"
"DE-ST","00+",2022-04-28,2022-04-16,"-12 day ahead inc hosp","quantile",0.1,279,"COVID-19"
"DE-ST","00+",2022-04-28,2022-04-16,"-12 day ahead inc hosp","quantile",0.25,289,"COVID-19"
"DE-ST","00+",2022-04-28,2022-04-16,"-12 day ahead inc hosp","quantile",0.5,305,"COVID-19"
"DE-ST","00+",2022-04-28,2022-04-16,"-12 day ahead inc hosp","quantile",0.75,325,"COVID-19"
"DE-ST","00+",2022-04-28,2022-04-16,"-12 day ahead inc hosp","quantile",0.9,347,"COVID-19"
"DE-ST","00+",2022-04-28,2022-04-16,"-12 day ahead inc hosp","quantile",0.975,376,"COVID-19"
"DE-ST","00+",2022-04-28,2022-04-15,"-13 day ahead inc hosp","mean",NA,319,"COVID-19"
"DE-ST","00+",2022-04-28,2022-04-15,"-13 day ahead inc hosp","quantile",0.025,279,"COVID-19"
"DE-ST","00+",2022-04-28,2022-04-15,"-13 day ahead inc hosp","quantile",0.1,287,"COVID-19"
"DE-ST","00+",2022-04-28,2022-04-15,"-13 day ahead inc hosp","quantile",0.25,298,"COVID-19"
"DE-ST","00+",2022-04-28,2022-04-15,"-13 day ahead inc hosp","quantile",0.5,314,"COVID-19"
"DE-ST","00+",2022-04-28,2022-04-15,"-13 day ahead inc hosp","quantile",0.75,335,"COVID-19"
"DE-ST","00+",2022-04-28,2022-04-15,"-13 day ahead inc hosp","quantile",0.9,359,"COVID-19"
"DE-ST","00+",2022-04-28,2022-04-15,"-13 day ahead inc hosp","quantile",0.975,391,"COVID-19"
"DE-ST","00+",2022-04-28,2022-04-14,"-14 day ahead inc hosp","mean",NA,321,"COVID-19"
"DE-ST","00+",2022-04-28,2022-04-14,"-14 day ahead inc hosp","quantile",0.025,283,"COVID-19"
"DE-ST","00+",2022-04-28,2022-04-14,"-14 day ahead inc hosp","quantile",0.1,290,"COVID-19"
"DE-ST","00+",2022-04-28,2022-04-14,"-14 day ahead inc hosp","quantile",0.25,300,"COVID-19"
"DE-ST","00+",2022-04-28,2022-04-14,"-14 day ahead inc hosp","quantile",0.5,316,"COVID-19"
"DE-ST","00+",2022-04-28,2022-04-14,"-14 day ahead inc hosp","quantile",0.75,336,"COVID-19"
"DE-ST","00+",2022-04-28,2022-04-14,"-14 day ahead inc hosp","quantile",0.9,360,"COVID-19"
"DE-ST","00+",2022-04-28,2022-04-14,"-14 day ahead inc hosp","quantile",0.975,391,"COVID-19"
"DE-ST","00+",2022-04-28,2022-04-13,"-15 day ahead inc hosp","mean",NA,327,"COVID-19"
"DE-ST","00+",2022-04-28,2022-04-13,"-15 day ahead inc hosp","quantile",0.025,290,"COVID-19"
"DE-ST","00+",2022-04-28,2022-04-13,"-15 day ahead inc hosp","quantile",0.1,297,"COVID-19"
"DE-ST","00+",2022-04-28,2022-04-13,"-15 day ahead inc hosp","quantile",0.25,307,"COVID-19"
"DE-ST","00+",2022-04-28,2022-04-13,"-15 day ahead inc hosp","quantile",0.5,321,"COVID-19"
"DE-ST","00+",2022-04-28,2022-04-13,"-15 day ahead inc hosp","quantile",0.75,341,"COVID-19"
"DE-ST","00+",2022-04-28,2022-04-13,"-15 day ahead inc hosp","quantile",0.9,364,"COVID-19"
"DE-ST","00+",2022-04-28,2022-04-13,"-15 day ahead inc hosp","quantile",0.975,395,"COVID-19"
"DE-ST","00+",2022-04-28,2022-04-12,"-16 day ahead inc hosp","mean",NA,332,"COVID-19"
"DE-ST","00+",2022-04-28,2022-04-12,"-16 day ahead inc hosp","quantile",0.025,298,"COVID-19"
"DE-ST","00+",2022-04-28,2022-04-12,"-16 day ahead inc hosp","quantile",0.1,304,"COVID-19"
"DE-ST","00+",2022-04-28,2022-04-12,"-16 day ahead inc hosp","quantile",0.25,313,"COVID-19"
"DE-ST","00+",2022-04-28,2022-04-12,"-16 day ahead inc hosp","quantile",0.5,326,"COVID-19"
"DE-ST","00+",2022-04-28,2022-04-12,"-16 day ahead inc hosp","quantile",0.75,345,"COVID-19"
"DE-ST","00+",2022-04-28,2022-04-12,"-16 day ahead inc hosp","quantile",0.9,367,"COVID-19"
"DE-ST","00+",2022-04-28,2022-04-12,"-16 day ahead inc hosp","quantile",0.975,397,"COVID-19"
"DE-ST","00+",2022-04-28,2022-04-11,"-17 day ahead inc hosp","mean",NA,335,"COVID-19"
"DE-ST","00+",2022-04-28,2022-04-11,"-17 day ahead inc hosp","quantile",0.025,305,"COVID-19"
"DE-ST","00+",2022-04-28,2022-04-11,"-17 day ahead inc hosp","quantile",0.1,310,"COVID-19"
"DE-ST","00+",2022-04-28,2022-04-11,"-17 day ahead inc hosp","quantile",0.25,318,"COVID-19"
"DE-ST","00+",2022-04-28,2022-04-11,"-17 day ahead inc hosp","quantile",0.5,330,"COVID-19"
"DE-ST","00+",2022-04-28,2022-04-11,"-17 day ahead inc hosp","quantile",0.75,347,"COVID-19"
"DE-ST","00+",2022-04-28,2022-04-11,"-17 day ahead inc hosp","quantile",0.9,367,"COVID-19"
"DE-ST","00+",2022-04-28,2022-04-11,"-17 day ahead inc hosp","quantile",0.975,394,"COVID-19"
"DE-ST","00+",2022-04-28,2022-04-10,"-18 day ahead inc hosp","mean",NA,347,"COVID-19"
"DE-ST","00+",2022-04-28,2022-04-10,"-18 day ahead inc hosp","quantile",0.025,317,"COVID-19"
"DE-ST","00+",2022-04-28,2022-04-10,"-18 day ahead inc hosp","quantile",0.1,322,"COVID-19"
"DE-ST","00+",2022-04-28,2022-04-10,"-18 day ahead inc hosp","quantile",0.25,329,"COVID-19"
"DE-ST","00+",2022-04-28,2022-04-10,"-18 day ahead inc hosp","quantile",0.5,342,"COVID-19"
"DE-ST","00+",2022-04-28,2022-04-10,"-18 day ahead inc hosp","quantile",0.75,359,"COVID-19"
"DE-ST","00+",2022-04-28,2022-04-10,"-18 day ahead inc hosp","quantile",0.9,380,"COVID-19"
"DE-ST","00+",2022-04-28,2022-04-10,"-18 day ahead inc hosp","quantile",0.975,408,"COVID-19"
"DE-ST","00+",2022-04-28,2022-04-09,"-19 day ahead inc hosp","mean",NA,357,"COVID-19"
"DE-ST","00+",2022-04-28,2022-04-09,"-19 day ahead inc hosp","quantile",0.025,326,"COVID-19"
"DE-ST","00+",2022-04-28,2022-04-09,"-19 day ahead inc hosp","quantile",0.1,331,"COVID-19"
"DE-ST","00+",2022-04-28,2022-04-09,"-19 day ahead inc hosp","quantile",0.25,339,"COVID-19"
"DE-ST","00+",2022-04-28,2022-04-09,"-19 day ahead inc hosp","quantile",0.5,351,"COVID-19"
"DE-ST","00+",2022-04-28,2022-04-09,"-19 day ahead inc hosp","quantile",0.75,369,"COVID-19"
"DE-ST","00+",2022-04-28,2022-04-09,"-19 day ahead inc hosp","quantile",0.9,390,"COVID-19"
"DE-ST","00+",2022-04-28,2022-04-09,"-19 day ahead inc hosp","quantile",0.975,419,"COVID-19"
"DE-ST","00+",2022-04-28,2022-04-08,"-20 day ahead inc hosp","mean",NA,370,"COVID-19"
"DE-ST","00+",2022-04-28,2022-04-08,"-20 day ahead inc hosp","quantile",0.025,340,"COVID-19"
"DE-ST","00+",2022-04-28,2022-04-08,"-20 day ahead inc hosp","quantile",0.1,345,"COVID-19"
"DE-ST","00+",2022-04-28,2022-04-08,"-20 day ahead inc hosp","quantile",0.25,352,"COVID-19"
"DE-ST","00+",2022-04-28,2022-04-08,"-20 day ahead inc hosp","quantile",0.5,364,"COVID-19"
"DE-ST","00+",2022-04-28,2022-04-08,"-20 day ahead inc hosp","quantile",0.75,382,"COVID-19"
"DE-ST","00+",2022-04-28,2022-04-08,"-20 day ahead inc hosp","quantile",0.9,403,"COVID-19"
"DE-ST","00+",2022-04-28,2022-04-08,"-20 day ahead inc hosp","quantile",0.975,432,"COVID-19"
"DE-ST","00+",2022-04-28,2022-04-07,"-21 day ahead inc hosp","mean",NA,372,"COVID-19"
"DE-ST","00+",2022-04-28,2022-04-07,"-21 day ahead inc hosp","quantile",0.025,345,"COVID-19"
"DE-ST","00+",2022-04-28,2022-04-07,"-21 day ahead inc hosp","quantile",0.1,349,"COVID-19"
"DE-ST","00+",2022-04-28,2022-04-07,"-21 day ahead inc hosp","quantile",0.25,356,"COVID-19"
"DE-ST","00+",2022-04-28,2022-04-07,"-21 day ahead inc hosp","quantile",0.5,367,"COVID-19"
"DE-ST","00+",2022-04-28,2022-04-07,"-21 day ahead inc hosp","quantile",0.75,383,"COVID-19"
"DE-ST","00+",2022-04-28,2022-04-07,"-21 day ahead inc hosp","quantile",0.9,402,"COVID-19"
"DE-ST","00+",2022-04-28,2022-04-07,"-21 day ahead inc hosp","quantile",0.975,429,"COVID-19"
"DE-ST","00+",2022-04-28,2022-04-06,"-22 day ahead inc hosp","mean",NA,371,"COVID-19"
"DE-ST","00+",2022-04-28,2022-04-06,"-22 day ahead inc hosp","quantile",0.025,345,"COVID-19"
"DE-ST","00+",2022-04-28,2022-04-06,"-22 day ahead inc hosp","quantile",0.1,350,"COVID-19"
"DE-ST","00+",2022-04-28,2022-04-06,"-22 day ahead inc hosp","quantile",0.25,356,"COVID-19"
"DE-ST","00+",2022-04-28,2022-04-06,"-22 day ahead inc hosp","quantile",0.5,366,"COVID-19"
"DE-ST","00+",2022-04-28,2022-04-06,"-22 day ahead inc hosp","quantile",0.75,381,"COVID-19"
"DE-ST","00+",2022-04-28,2022-04-06,"-22 day ahead inc hosp","quantile",0.9,398,"COVID-19"
"DE-ST","00+",2022-04-28,2022-04-06,"-22 day ahead inc hosp","quantile",0.975,422,"COVID-19"
"DE-ST","00+",2022-04-28,2022-04-05,"-23 day ahead inc hosp","mean",NA,378,"COVID-19"
"DE-ST","00+",2022-04-28,2022-04-05,"-23 day ahead inc hosp","quantile",0.025,354,"COVID-19"
"DE-ST","00+",2022-04-28,2022-04-05,"-23 day ahead inc hosp","quantile",0.1,358,"COVID-19"
"DE-ST","00+",2022-04-28,2022-04-05,"-23 day ahead inc hosp","quantile",0.25,364,"COVID-19"
"DE-ST","00+",2022-04-28,2022-04-05,"-23 day ahead inc hosp","quantile",0.5,374,"COVID-19"
"DE-ST","00+",2022-04-28,2022-04-05,"-23 day ahead inc hosp","quantile",0.75,387,"COVID-19"
"DE-ST","00+",2022-04-28,2022-04-05,"-23 day ahead inc hosp","quantile",0.9,402,"COVID-19"
"DE-ST","00+",2022-04-28,2022-04-05,"-23 day ahead inc hosp","quantile",0.975,424,"COVID-19"
"DE-ST","00+",2022-04-28,2022-04-04,"-24 day ahead inc hosp","mean",NA,369,"COVID-19"
"DE-ST","00+",2022-04-28,2022-04-04,"-24 day ahead inc hosp","quantile",0.025,349,"COVID-19"
"DE-ST","00+",2022-04-28,2022-04-04,"-24 day ahead inc hosp","quantile",0.1,353,"COVID-19"
"DE-ST","00+",2022-04-28,2022-04-04,"-24 day ahead inc hosp","quantile",0.25,358,"COVID-19"
"DE-ST","00+",2022-04-28,2022-04-04,"-24 day ahead inc hosp","quantile",0.5,366,"COVID-19"
"DE-ST","00+",2022-04-28,2022-04-04,"-24 day ahead inc hosp","quantile",0.75,377,"COVID-19"
"DE-ST","00+",2022-04-28,2022-04-04,"-24 day ahead inc hosp","quantile",0.9,391,"COVID-19"
"DE-ST","00+",2022-04-28,2022-04-04,"-24 day ahead inc hosp","quantile",0.975,409,"COVID-19"
"DE-ST","00+",2022-04-28,2022-04-03,"-25 day ahead inc hosp","mean",NA,383,"COVID-19"
"DE-ST","00+",2022-04-28,2022-04-03,"-25 day ahead inc hosp","quantile",0.025,363,"COVID-19"
"DE-ST","00+",2022-04-28,2022-04-03,"-25 day ahead inc hosp","quantile",0.1,367,"COVID-19"
"DE-ST","00+",2022-04-28,2022-04-03,"-25 day ahead inc hosp","quantile",0.25,372,"COVID-19"
"DE-ST","00+",2022-04-28,2022-04-03,"-25 day ahead inc hosp","quantile",0.5,380,"COVID-19"
"DE-ST","00+",2022-04-28,2022-04-03,"-25 day ahead inc hosp","quantile",0.75,391,"COVID-19"
"DE-ST","00+",2022-04-28,2022-04-03,"-25 day ahead inc hosp","quantile",0.9,404,"COVID-19"
"DE-ST","00+",2022-04-28,2022-04-03,"-25 day ahead inc hosp","quantile",0.975,422,"COVID-19"
"DE-ST","00+",2022-04-28,2022-04-02,"-26 day ahead inc hosp","mean",NA,392,"COVID-19"
"DE-ST","00+",2022-04-28,2022-04-02,"-26 day ahead inc hosp","quantile",0.025,372,"COVID-19"
"DE-ST","00+",2022-04-28,2022-04-02,"-26 day ahead inc hosp","quantile",0.1,376,"COVID-19"
"DE-ST","00+",2022-04-28,2022-04-02,"-26 day ahead inc hosp","quantile",0.25,381,"COVID-19"
"DE-ST","00+",2022-04-28,2022-04-02,"-26 day ahead inc hosp","quantile",0.5,388,"COVID-19"
"DE-ST","00+",2022-04-28,2022-04-02,"-26 day ahead inc hosp","quantile",0.75,399,"COVID-19"
"DE-ST","00+",2022-04-28,2022-04-02,"-26 day ahead inc hosp","quantile",0.9,412,"COVID-19"
"DE-ST","00+",2022-04-28,2022-04-02,"-26 day ahead inc hosp","quantile",0.975,429,"COVID-19"
"DE-ST","00+",2022-04-28,2022-04-01,"-27 day ahead inc hosp","mean",NA,416,"COVID-19"
"DE-ST","00+",2022-04-28,2022-04-01,"-27 day ahead inc hosp","quantile",0.025,397,"COVID-19"
"DE-ST","00+",2022-04-28,2022-04-01,"-27 day ahead inc hosp","quantile",0.1,401,"COVID-19"
"DE-ST","00+",2022-04-28,2022-04-01,"-27 day ahead inc hosp","quantile",0.25,406,"COVID-19"
"DE-ST","00+",2022-04-28,2022-04-01,"-27 day ahead inc hosp","quantile",0.5,413,"COVID-19"
"DE-ST","00+",2022-04-28,2022-04-01,"-27 day ahead inc hosp","quantile",0.75,423,"COVID-19"
"DE-ST","00+",2022-04-28,2022-04-01,"-27 day ahead inc hosp","quantile",0.9,435,"COVID-19"
"DE-ST","00+",2022-04-28,2022-04-01,"-27 day ahead inc hosp","quantile",0.975,452,"COVID-19"
"DE-ST","00+",2022-04-28,2022-03-31,"-28 day ahead inc hosp","mean",NA,435,"COVID-19"
"DE-ST","00+",2022-04-28,2022-03-31,"-28 day ahead inc hosp","quantile",0.025,417,"COVID-19"
"DE-ST","00+",2022-04-28,2022-03-31,"-28 day ahead inc hosp","quantile",0.1,421,"COVID-19"
"DE-ST","00+",2022-04-28,2022-03-31,"-28 day ahead inc hosp","quantile",0.25,425,"COVID-19"
"DE-ST","00+",2022-04-28,2022-03-31,"-28 day ahead inc hosp","quantile",0.5,432,"COVID-19"
"DE-ST","00+",2022-04-28,2022-03-31,"-28 day ahead inc hosp","quantile",0.75,442,"COVID-19"
"DE-ST","00+",2022-04-28,2022-03-31,"-28 day ahead inc hosp","quantile",0.9,453,"COVID-19"
"DE-ST","00+",2022-04-28,2022-03-31,"-28 day ahead inc hosp","quantile",0.975,468,"COVID-19"
"DE-TH","00+",2022-04-28,2022-04-28,"0 day ahead inc hosp","mean",NA,249,"COVID-19"
"DE-TH","00+",2022-04-28,2022-04-28,"0 day ahead inc hosp","quantile",0.025,183,"COVID-19"
"DE-TH","00+",2022-04-28,2022-04-28,"0 day ahead inc hosp","quantile",0.1,199,"COVID-19"
"DE-TH","00+",2022-04-28,2022-04-28,"0 day ahead inc hosp","quantile",0.25,217,"COVID-19"
"DE-TH","00+",2022-04-28,2022-04-28,"0 day ahead inc hosp","quantile",0.5,243,"COVID-19"
"DE-TH","00+",2022-04-28,2022-04-28,"0 day ahead inc hosp","quantile",0.75,274,"COVID-19"
"DE-TH","00+",2022-04-28,2022-04-28,"0 day ahead inc hosp","quantile",0.9,308,"COVID-19"
"DE-TH","00+",2022-04-28,2022-04-28,"0 day ahead inc hosp","quantile",0.975,352,"COVID-19"
"DE-TH","00+",2022-04-28,2022-04-27,"-1 day ahead inc hosp","mean",NA,295,"COVID-19"
"DE-TH","00+",2022-04-28,2022-04-27,"-1 day ahead inc hosp","quantile",0.025,237,"COVID-19"
"DE-TH","00+",2022-04-28,2022-04-27,"-1 day ahead inc hosp","quantile",0.1,252,"COVID-19"
"DE-TH","00+",2022-04-28,2022-04-27,"-1 day ahead inc hosp","quantile",0.25,268,"COVID-19"
"DE-TH","00+",2022-04-28,2022-04-27,"-1 day ahead inc hosp","quantile",0.5,290,"COVID-19"
"DE-TH","00+",2022-04-28,2022-04-27,"-1 day ahead inc hosp","quantile",0.75,317,"COVID-19"
"DE-TH","00+",2022-04-28,2022-04-27,"-1 day ahead inc hosp","quantile",0.9,344,"COVID-19"
"DE-TH","00+",2022-04-28,2022-04-27,"-1 day ahead inc hosp","quantile",0.975,380,"COVID-19"
"DE-TH","00+",2022-04-28,2022-04-26,"-2 day ahead inc hosp","mean",NA,366,"COVID-19"
"DE-TH","00+",2022-04-28,2022-04-26,"-2 day ahead inc hosp","quantile",0.025,313,"COVID-19"
"DE-TH","00+",2022-04-28,2022-04-26,"-2 day ahead inc hosp","quantile",0.1,327,"COVID-19"
"DE-TH","00+",2022-04-28,2022-04-26,"-2 day ahead inc hosp","quantile",0.25,343,"COVID-19"
"DE-TH","00+",2022-04-28,2022-04-26,"-2 day ahead inc hosp","quantile",0.5,362,"COVID-19"
"DE-TH","00+",2022-04-28,2022-04-26,"-2 day ahead inc hosp","quantile",0.75,385,"COVID-19"
"DE-TH","00+",2022-04-28,2022-04-26,"-2 day ahead inc hosp","quantile",0.9,409,"COVID-19"
"DE-TH","00+",2022-04-28,2022-04-26,"-2 day ahead inc hosp","quantile",0.975,439,"COVID-19"
"DE-TH","00+",2022-04-28,2022-04-25,"-3 day ahead inc hosp","mean",NA,321,"COVID-19"
"DE-TH","00+",2022-04-28,2022-04-25,"-3 day ahead inc hosp","quantile",0.025,287,"COVID-19"
"DE-TH","00+",2022-04-28,2022-04-25,"-3 day ahead inc hosp","quantile",0.1,296,"COVID-19"
"DE-TH","00+",2022-04-28,2022-04-25,"-3 day ahead inc hosp","quantile",0.25,306,"COVID-19"
"DE-TH","00+",2022-04-28,2022-04-25,"-3 day ahead inc hosp","quantile",0.5,319,"COVID-19"
"DE-TH","00+",2022-04-28,2022-04-25,"-3 day ahead inc hosp","quantile",0.75,333,"COVID-19"
"DE-TH","00+",2022-04-28,2022-04-25,"-3 day ahead inc hosp","quantile",0.9,347,"COVID-19"
"DE-TH","00+",2022-04-28,2022-04-25,"-3 day ahead inc hosp","quantile",0.975,365,"COVID-19"
"DE-TH","00+",2022-04-28,2022-04-24,"-4 day ahead inc hosp","mean",NA,328,"COVID-19"
"DE-TH","00+",2022-04-28,2022-04-24,"-4 day ahead inc hosp","quantile",0.025,298,"COVID-19"
"DE-TH","00+",2022-04-28,2022-04-24,"-4 day ahead inc hosp","quantile",0.1,307,"COVID-19"
"DE-TH","00+",2022-04-28,2022-04-24,"-4 day ahead inc hosp","quantile",0.25,316,"COVID-19"
"DE-TH","00+",2022-04-28,2022-04-24,"-4 day ahead inc hosp","quantile",0.5,327,"COVID-19"
"DE-TH","00+",2022-04-28,2022-04-24,"-4 day ahead inc hosp","quantile",0.75,339,"COVID-19"
"DE-TH","00+",2022-04-28,2022-04-24,"-4 day ahead inc hosp","quantile",0.9,352,"COVID-19"
"DE-TH","00+",2022-04-28,2022-04-24,"-4 day ahead inc hosp","quantile",0.975,367,"COVID-19"
"DE-TH","00+",2022-04-28,2022-04-23,"-5 day ahead inc hosp","mean",NA,332,"COVID-19"
"DE-TH","00+",2022-04-28,2022-04-23,"-5 day ahead inc hosp","quantile",0.025,302,"COVID-19"
"DE-TH","00+",2022-04-28,2022-04-23,"-5 day ahead inc hosp","quantile",0.1,311,"COVID-19"
"DE-TH","00+",2022-04-28,2022-04-23,"-5 day ahead inc hosp","quantile",0.25,320,"COVID-19"
"DE-TH","00+",2022-04-28,2022-04-23,"-5 day ahead inc hosp","quantile",0.5,330,"COVID-19"
"DE-TH","00+",2022-04-28,2022-04-23,"-5 day ahead inc hosp","quantile",0.75,342,"COVID-19"
"DE-TH","00+",2022-04-28,2022-04-23,"-5 day ahead inc hosp","quantile",0.9,354,"COVID-19"
"DE-TH","00+",2022-04-28,2022-04-23,"-5 day ahead inc hosp","quantile",0.975,368,"COVID-19"
"DE-TH","00+",2022-04-28,2022-04-22,"-6 day ahead inc hosp","mean",NA,316,"COVID-19"
"DE-TH","00+",2022-04-28,2022-04-22,"-6 day ahead inc hosp","quantile",0.025,289,"COVID-19"
"DE-TH","00+",2022-04-28,2022-04-22,"-6 day ahead inc hosp","quantile",0.1,297,"COVID-19"
"DE-TH","00+",2022-04-28,2022-04-22,"-6 day ahead inc hosp","quantile",0.25,305,"COVID-19"
"DE-TH","00+",2022-04-28,2022-04-22,"-6 day ahead inc hosp","quantile",0.5,315,"COVID-19"
"DE-TH","00+",2022-04-28,2022-04-22,"-6 day ahead inc hosp","quantile",0.75,325,"COVID-19"
"DE-TH","00+",2022-04-28,2022-04-22,"-6 day ahead inc hosp","quantile",0.9,336,"COVID-19"
"DE-TH","00+",2022-04-28,2022-04-22,"-6 day ahead inc hosp","quantile",0.975,349,"COVID-19"
"DE-TH","00+",2022-04-28,2022-04-21,"-7 day ahead inc hosp","mean",NA,318,"COVID-19"
"DE-TH","00+",2022-04-28,2022-04-21,"-7 day ahead inc hosp","quantile",0.025,294,"COVID-19"
"DE-TH","00+",2022-04-28,2022-04-21,"-7 day ahead inc hosp","quantile",0.1,301,"COVID-19"
"DE-TH","00+",2022-04-28,2022-04-21,"-7 day ahead inc hosp","quantile",0.25,308,"COVID-19"
"DE-TH","00+",2022-04-28,2022-04-21,"-7 day ahead inc hosp","quantile",0.5,317,"COVID-19"
"DE-TH","00+",2022-04-28,2022-04-21,"-7 day ahead inc hosp","quantile",0.75,327,"COVID-19"
"DE-TH","00+",2022-04-28,2022-04-21,"-7 day ahead inc hosp","quantile",0.9,336,"COVID-19"
"DE-TH","00+",2022-04-28,2022-04-21,"-7 day ahead inc hosp","quantile",0.975,348,"COVID-19"
"DE-TH","00+",2022-04-28,2022-04-20,"-8 day ahead inc hosp","mean",NA,312,"COVID-19"
"DE-TH","00+",2022-04-28,2022-04-20,"-8 day ahead inc hosp","quantile",0.025,291,"COVID-19"
"DE-TH","00+",2022-04-28,2022-04-20,"-8 day ahead inc hosp","quantile",0.1,297,"COVID-19"
"DE-TH","00+",2022-04-28,2022-04-20,"-8 day ahead inc hosp","quantile",0.25,304,"COVID-19"
"DE-TH","00+",2022-04-28,2022-04-20,"-8 day ahead inc hosp","quantile",0.5,311,"COVID-19"
"DE-TH","00+",2022-04-28,2022-04-20,"-8 day ahead inc hosp","quantile",0.75,320,"COVID-19"
"DE-TH","00+",2022-04-28,2022-04-20,"-8 day ahead inc hosp","quantile",0.9,328,"COVID-19"
"DE-TH","00+",2022-04-28,2022-04-20,"-8 day ahead inc hosp","quantile",0.975,339,"COVID-19"
"DE-TH","00+",2022-04-28,2022-04-19,"-9 day ahead inc hosp","mean",NA,285,"COVID-19"
"DE-TH","00+",2022-04-28,2022-04-19,"-9 day ahead inc hosp","quantile",0.025,269,"COVID-19"
"DE-TH","00+",2022-04-28,2022-04-19,"-9 day ahead inc hosp","quantile",0.1,274,"COVID-19"
"DE-TH","00+",2022-04-28,2022-04-19,"-9 day ahead inc hosp","quantile",0.25,278,"COVID-19"
"DE-TH","00+",2022-04-28,2022-04-19,"-9 day ahead inc hosp","quantile",0.5,284,"COVID-19"
"DE-TH","00+",2022-04-28,2022-04-19,"-9 day ahead inc hosp","quantile",0.75,290,"COVID-19"
"DE-TH","00+",2022-04-28,2022-04-19,"-9 day ahead inc hosp","quantile",0.9,296,"COVID-19"
"DE-TH","00+",2022-04-28,2022-04-19,"-9 day ahead inc hosp","quantile",0.975,304,"COVID-19"
"DE-TH","00+",2022-04-28,2022-04-18,"-10 day ahead inc hosp","mean",NA,369,"COVID-19"
"DE-TH","00+",2022-04-28,2022-04-18,"-10 day ahead inc hosp","quantile",0.025,352,"COVID-19"
"DE-TH","00+",2022-04-28,2022-04-18,"-10 day ahead inc hosp","quantile",0.1,357,"COVID-19"
"DE-TH","00+",2022-04-28,2022-04-18,"-10 day ahead inc hosp","quantile",0.25,362,"COVID-19"
"DE-TH","00+",2022-04-28,2022-04-18,"-10 day ahead inc hosp","quantile",0.5,368,"COVID-19"
"DE-TH","00+",2022-04-28,2022-04-18,"-10 day ahead inc hosp","quantile",0.75,375,"COVID-19"
"DE-TH","00+",2022-04-28,2022-04-18,"-10 day ahead inc hosp","quantile",0.9,382,"COVID-19"
"DE-TH","00+",2022-04-28,2022-04-18,"-10 day ahead inc hosp","quantile",0.975,391,"COVID-19"
"DE-TH","00+",2022-04-28,2022-04-17,"-11 day ahead inc hosp","mean",NA,380,"COVID-19"
"DE-TH","00+",2022-04-28,2022-04-17,"-11 day ahead inc hosp","quantile",0.025,363,"COVID-19"
"DE-TH","00+",2022-04-28,2022-04-17,"-11 day ahead inc hosp","quantile",0.1,368,"COVID-19"
"DE-TH","00+",2022-04-28,2022-04-17,"-11 day ahead inc hosp","quantile",0.25,373,"COVID-19"
"DE-TH","00+",2022-04-28,2022-04-17,"-11 day ahead inc hosp","quantile",0.5,379,"COVID-19"
"DE-TH","00+",2022-04-28,2022-04-17,"-11 day ahead inc hosp","quantile",0.75,386,"COVID-19"
"DE-TH","00+",2022-04-28,2022-04-17,"-11 day ahead inc hosp","quantile",0.9,393,"COVID-19"
"DE-TH","00+",2022-04-28,2022-04-17,"-11 day ahead inc hosp","quantile",0.975,402,"COVID-19"
"DE-TH","00+",2022-04-28,2022-04-16,"-12 day ahead inc hosp","mean",NA,394,"COVID-19"
"DE-TH","00+",2022-04-28,2022-04-16,"-12 day ahead inc hosp","quantile",0.025,376,"COVID-19"
"DE-TH","00+",2022-04-28,2022-04-16,"-12 day ahead inc hosp","quantile",0.1,381,"COVID-19"
"DE-TH","00+",2022-04-28,2022-04-16,"-12 day ahead inc hosp","quantile",0.25,387,"COVID-19"
"DE-TH","00+",2022-04-28,2022-04-16,"-12 day ahead inc hosp","quantile",0.5,394,"COVID-19"
"DE-TH","00+",2022-04-28,2022-04-16,"-12 day ahead inc hosp","quantile",0.75,401,"COVID-19"
"DE-TH","00+",2022-04-28,2022-04-16,"-12 day ahead inc hosp","quantile",0.9,408,"COVID-19"
"DE-TH","00+",2022-04-28,2022-04-16,"-12 day ahead inc hosp","quantile",0.975,418,"COVID-19"
"DE-TH","00+",2022-04-28,2022-04-15,"-13 day ahead inc hosp","mean",NA,439,"COVID-19"
"DE-TH","00+",2022-04-28,2022-04-15,"-13 day ahead inc hosp","quantile",0.025,419,"COVID-19"
"DE-TH","00+",2022-04-28,2022-04-15,"-13 day ahead inc hosp","quantile",0.1,425,"COVID-19"
"DE-TH","00+",2022-04-28,2022-04-15,"-13 day ahead inc hosp","quantile",0.25,431,"COVID-19"
"DE-TH","00+",2022-04-28,2022-04-15,"-13 day ahead inc hosp","quantile",0.5,438,"COVID-19"
"DE-TH","00+",2022-04-28,2022-04-15,"-13 day ahead inc hosp","quantile",0.75,446,"COVID-19"
"DE-TH","00+",2022-04-28,2022-04-15,"-13 day ahead inc hosp","quantile",0.9,455,"COVID-19"
"DE-TH","00+",2022-04-28,2022-04-15,"-13 day ahead inc hosp","quantile",0.975,465,"COVID-19"
"DE-TH","00+",2022-04-28,2022-04-14,"-14 day ahead inc hosp","mean",NA,451,"COVID-19"
"DE-TH","00+",2022-04-28,2022-04-14,"-14 day ahead inc hosp","quantile",0.025,432,"COVID-19"
"DE-TH","00+",2022-04-28,2022-04-14,"-14 day ahead inc hosp","quantile",0.1,437,"COVID-19"
"DE-TH","00+",2022-04-28,2022-04-14,"-14 day ahead inc hosp","quantile",0.25,443,"COVID-19"
"DE-TH","00+",2022-04-28,2022-04-14,"-14 day ahead inc hosp","quantile",0.5,450,"COVID-19"
"DE-TH","00+",2022-04-28,2022-04-14,"-14 day ahead inc hosp","quantile",0.75,458,"COVID-19"
"DE-TH","00+",2022-04-28,2022-04-14,"-14 day ahead inc hosp","quantile",0.9,466,"COVID-19"
"DE-TH","00+",2022-04-28,2022-04-14,"-14 day ahead inc hosp","quantile",0.975,476,"COVID-19"
"DE-TH","00+",2022-04-28,2022-04-13,"-15 day ahead inc hosp","mean",NA,461,"COVID-19"
"DE-TH","00+",2022-04-28,2022-04-13,"-15 day ahead inc hosp","quantile",0.025,443,"COVID-19"
"DE-TH","00+",2022-04-28,2022-04-13,"-15 day ahead inc hosp","quantile",0.1,448,"COVID-19"
"DE-TH","00+",2022-04-28,2022-04-13,"-15 day ahead inc hosp","quantile",0.25,453,"COVID-19"
"DE-TH","00+",2022-04-28,2022-04-13,"-15 day ahead inc hosp","quantile",0.5,460,"COVID-19"
"DE-TH","00+",2022-04-28,2022-04-13,"-15 day ahead inc hosp","quantile",0.75,467,"COVID-19"
"DE-TH","00+",2022-04-28,2022-04-13,"-15 day ahead inc hosp","quantile",0.9,475,"COVID-19"
"DE-TH","00+",2022-04-28,2022-04-13,"-15 day ahead inc hosp","quantile",0.975,485,"COVID-19"
"DE-TH","00+",2022-04-28,2022-04-12,"-16 day ahead inc hosp","mean",NA,441,"COVID-19"
"DE-TH","00+",2022-04-28,2022-04-12,"-16 day ahead inc hosp","quantile",0.025,424,"COVID-19"
"DE-TH","00+",2022-04-28,2022-04-12,"-16 day ahead inc hosp","quantile",0.1,429,"COVID-19"
"DE-TH","00+",2022-04-28,2022-04-12,"-16 day ahead inc hosp","quantile",0.25,433,"COVID-19"
"DE-TH","00+",2022-04-28,2022-04-12,"-16 day ahead inc hosp","quantile",0.5,440,"COVID-19"
"DE-TH","00+",2022-04-28,2022-04-12,"-16 day ahead inc hosp","quantile",0.75,447,"COVID-19"
"DE-TH","00+",2022-04-28,2022-04-12,"-16 day ahead inc hosp","quantile",0.9,454,"COVID-19"
"DE-TH","00+",2022-04-28,2022-04-12,"-16 day ahead inc hosp","quantile",0.975,463,"COVID-19"
"DE-TH","00+",2022-04-28,2022-04-11,"-17 day ahead inc hosp","mean",NA,418,"COVID-19"
"DE-TH","00+",2022-04-28,2022-04-11,"-17 day ahead inc hosp","quantile",0.025,404,"COVID-19"
"DE-TH","00+",2022-04-28,2022-04-11,"-17 day ahead inc hosp","quantile",0.1,408,"COVID-19"
"DE-TH","00+",2022-04-28,2022-04-11,"-17 day ahead inc hosp","quantile",0.25,412,"COVID-19"
"DE-TH","00+",2022-04-28,2022-04-11,"-17 day ahead inc hosp","quantile",0.5,417,"COVID-19"
"DE-TH","00+",2022-04-28,2022-04-11,"-17 day ahead inc hosp","quantile",0.75,424,"COVID-19"
"DE-TH","00+",2022-04-28,2022-04-11,"-17 day ahead inc hosp","quantile",0.9,430,"COVID-19"
"DE-TH","00+",2022-04-28,2022-04-11,"-17 day ahead inc hosp","quantile",0.975,438,"COVID-19"
"DE-TH","00+",2022-04-28,2022-04-10,"-18 day ahead inc hosp","mean",NA,416,"COVID-19"
"DE-TH","00+",2022-04-28,2022-04-10,"-18 day ahead inc hosp","quantile",0.025,402,"COVID-19"
"DE-TH","00+",2022-04-28,2022-04-10,"-18 day ahead inc hosp","quantile",0.1,406,"COVID-19"
"DE-TH","00+",2022-04-28,2022-04-10,"-18 day ahead inc hosp","quantile",0.25,410,"COVID-19"
"DE-TH","00+",2022-04-28,2022-04-10,"-18 day ahead inc hosp","quantile",0.5,415,"COVID-19"
"DE-TH","00+",2022-04-28,2022-04-10,"-18 day ahead inc hosp","quantile",0.75,422,"COVID-19"
"DE-TH","00+",2022-04-28,2022-04-10,"-18 day ahead inc hosp","quantile",0.9,429,"COVID-19"
"DE-TH","00+",2022-04-28,2022-04-10,"-18 day ahead inc hosp","quantile",0.975,437,"COVID-19"
"DE-TH","00+",2022-04-28,2022-04-09,"-19 day ahead inc hosp","mean",NA,418,"COVID-19"
"DE-TH","00+",2022-04-28,2022-04-09,"-19 day ahead inc hosp","quantile",0.025,403,"COVID-19"
"DE-TH","00+",2022-04-28,2022-04-09,"-19 day ahead inc hosp","quantile",0.1,407,"COVID-19"
"DE-TH","00+",2022-04-28,2022-04-09,"-19 day ahead inc hosp","quantile",0.25,411,"COVID-19"
"DE-TH","00+",2022-04-28,2022-04-09,"-19 day ahead inc hosp","quantile",0.5,416,"COVID-19"
"DE-TH","00+",2022-04-28,2022-04-09,"-19 day ahead inc hosp","quantile",0.75,423,"COVID-19"
"DE-TH","00+",2022-04-28,2022-04-09,"-19 day ahead inc hosp","quantile",0.9,430,"COVID-19"
"DE-TH","00+",2022-04-28,2022-04-09,"-19 day ahead inc hosp","quantile",0.975,440,"COVID-19"
"DE-TH","00+",2022-04-28,2022-04-08,"-20 day ahead inc hosp","mean",NA,451,"COVID-19"
"DE-TH","00+",2022-04-28,2022-04-08,"-20 day ahead inc hosp","quantile",0.025,436,"COVID-19"
"DE-TH","00+",2022-04-28,2022-04-08,"-20 day ahead inc hosp","quantile",0.1,439,"COVID-19"
"DE-TH","00+",2022-04-28,2022-04-08,"-20 day ahead inc hosp","quantile",0.25,443,"COVID-19"
"DE-TH","00+",2022-04-28,2022-04-08,"-20 day ahead inc hosp","quantile",0.5,449,"COVID-19"
"DE-TH","00+",2022-04-28,2022-04-08,"-20 day ahead inc hosp","quantile",0.75,457,"COVID-19"
"DE-TH","00+",2022-04-28,2022-04-08,"-20 day ahead inc hosp","quantile",0.9,464,"COVID-19"
"DE-TH","00+",2022-04-28,2022-04-08,"-20 day ahead inc hosp","quantile",0.975,475,"COVID-19"
"DE-TH","00+",2022-04-28,2022-04-07,"-21 day ahead inc hosp","mean",NA,463,"COVID-19"
"DE-TH","00+",2022-04-28,2022-04-07,"-21 day ahead inc hosp","quantile",0.025,448,"COVID-19"
"DE-TH","00+",2022-04-28,2022-04-07,"-21 day ahead inc hosp","quantile",0.1,452,"COVID-19"
"DE-TH","00+",2022-04-28,2022-04-07,"-21 day ahead inc hosp","quantile",0.25,456,"COVID-19"
"DE-TH","00+",2022-04-28,2022-04-07,"-21 day ahead inc hosp","quantile",0.5,462,"COVID-19"
"DE-TH","00+",2022-04-28,2022-04-07,"-21 day ahead inc hosp","quantile",0.75,469,"COVID-19"
"DE-TH","00+",2022-04-28,2022-04-07,"-21 day ahead inc hosp","quantile",0.9,477,"COVID-19"
"DE-TH","00+",2022-04-28,2022-04-07,"-21 day ahead inc hosp","quantile",0.975,488,"COVID-19"
"DE-TH","00+",2022-04-28,2022-04-06,"-22 day ahead inc hosp","mean",NA,507,"COVID-19"
"DE-TH","00+",2022-04-28,2022-04-06,"-22 day ahead inc hosp","quantile",0.025,492,"COVID-19"
"DE-TH","00+",2022-04-28,2022-04-06,"-22 day ahead inc hosp","quantile",0.1,495,"COVID-19"
"DE-TH","00+",2022-04-28,2022-04-06,"-22 day ahead inc hosp","quantile",0.25,499,"COVID-19"
"DE-TH","00+",2022-04-28,2022-04-06,"-22 day ahead inc hosp","quantile",0.5,505,"COVID-19"
"DE-TH","00+",2022-04-28,2022-04-06,"-22 day ahead inc hosp","quantile",0.75,512,"COVID-19"
"DE-TH","00+",2022-04-28,2022-04-06,"-22 day ahead inc hosp","quantile",0.9,521,"COVID-19"
"DE-TH","00+",2022-04-28,2022-04-06,"-22 day ahead inc hosp","quantile",0.975,532,"COVID-19"
"DE-TH","00+",2022-04-28,2022-04-05,"-23 day ahead inc hosp","mean",NA,555,"COVID-19"
"DE-TH","00+",2022-04-28,2022-04-05,"-23 day ahead inc hosp","quantile",0.025,540,"COVID-19"
"DE-TH","00+",2022-04-28,2022-04-05,"-23 day ahead inc hosp","quantile",0.1,543,"COVID-19"
"DE-TH","00+",2022-04-28,2022-04-05,"-23 day ahead inc hosp","quantile",0.25,547,"COVID-19"
"DE-TH","00+",2022-04-28,2022-04-05,"-23 day ahead inc hosp","quantile",0.5,553,"COVID-19"
"DE-TH","00+",2022-04-28,2022-04-05,"-23 day ahead inc hosp","quantile",0.75,560,"COVID-19"
"DE-TH","00+",2022-04-28,2022-04-05,"-23 day ahead inc hosp","quantile",0.9,569,"COVID-19"
"DE-TH","00+",2022-04-28,2022-04-05,"-23 day ahead inc hosp","quantile",0.975,581,"COVID-19"
"DE-TH","00+",2022-04-28,2022-04-04,"-24 day ahead inc hosp","mean",NA,576,"COVID-19"
"DE-TH","00+",2022-04-28,2022-04-04,"-24 day ahead inc hosp","quantile",0.025,562,"COVID-19"
"DE-TH","00+",2022-04-28,2022-04-04,"-24 day ahead inc hosp","quantile",0.1,565,"COVID-19"
"DE-TH","00+",2022-04-28,2022-04-04,"-24 day ahead inc hosp","quantile",0.25,569,"COVID-19"
"DE-TH","00+",2022-04-28,2022-04-04,"-24 day ahead inc hosp","quantile",0.5,574,"COVID-19"
"DE-TH","00+",2022-04-28,2022-04-04,"-24 day ahead inc hosp","quantile",0.75,582,"COVID-19"
"DE-TH","00+",2022-04-28,2022-04-04,"-24 day ahead inc hosp","quantile",0.9,590,"COVID-19"
"DE-TH","00+",2022-04-28,2022-04-04,"-24 day ahead inc hosp","quantile",0.975,601,"COVID-19"
"DE-TH","00+",2022-04-28,2022-04-03,"-25 day ahead inc hosp","mean",NA,587,"COVID-19"
"DE-TH","00+",2022-04-28,2022-04-03,"-25 day ahead inc hosp","quantile",0.025,573,"COVID-19"
"DE-TH","00+",2022-04-28,2022-04-03,"-25 day ahead inc hosp","quantile",0.1,576,"COVID-19"
"DE-TH","00+",2022-04-28,2022-04-03,"-25 day ahead inc hosp","quantile",0.25,580,"COVID-19"
"DE-TH","00+",2022-04-28,2022-04-03,"-25 day ahead inc hosp","quantile",0.5,585,"COVID-19"
"DE-TH","00+",2022-04-28,2022-04-03,"-25 day ahead inc hosp","quantile",0.75,592,"COVID-19"
"DE-TH","00+",2022-04-28,2022-04-03,"-25 day ahead inc hosp","quantile",0.9,601,"COVID-19"
"DE-TH","00+",2022-04-28,2022-04-03,"-25 day ahead inc hosp","quantile",0.975,612,"COVID-19"
"DE-TH","00+",2022-04-28,2022-04-02,"-26 day ahead inc hosp","mean",NA,589,"COVID-19"
"DE-TH","00+",2022-04-28,2022-04-02,"-26 day ahead inc hosp","quantile",0.025,575,"COVID-19"
"DE-TH","00+",2022-04-28,2022-04-02,"-26 day ahead inc hosp","quantile",0.1,578,"COVID-19"
"DE-TH","00+",2022-04-28,2022-04-02,"-26 day ahead inc hosp","quantile",0.25,581,"COVID-19"
"DE-TH","00+",2022-04-28,2022-04-02,"-26 day ahead inc hosp","quantile",0.5,587,"COVID-19"
"DE-TH","00+",2022-04-28,2022-04-02,"-26 day ahead inc hosp","quantile",0.75,594,"COVID-19"
"DE-TH","00+",2022-04-28,2022-04-02,"-26 day ahead inc hosp","quantile",0.9,602,"COVID-19"
"DE-TH","00+",2022-04-28,2022-04-02,"-26 day ahead inc hosp","quantile",0.975,614,"COVID-19"
"DE-TH","00+",2022-04-28,2022-04-01,"-27 day ahead inc hosp","mean",NA,573,"COVID-19"
"DE-TH","00+",2022-04-28,2022-04-01,"-27 day ahead inc hosp","quantile",0.025,560,"COVID-19"
"DE-TH","00+",2022-04-28,2022-04-01,"-27 day ahead inc hosp","quantile",0.1,563,"COVID-19"
"DE-TH","00+",2022-04-28,2022-04-01,"-27 day ahead inc hosp","quantile",0.25,566,"COVID-19"
"DE-TH","00+",2022-04-28,2022-04-01,"-27 day ahead inc hosp","quantile",0.5,571,"COVID-19"
"DE-TH","00+",2022-04-28,2022-04-01,"-27 day ahead inc hosp","quantile",0.75,578,"COVID-19"
"DE-TH","00+",2022-04-28,2022-04-01,"-27 day ahead inc hosp","quantile",0.9,586,"COVID-19"
"DE-TH","00+",2022-04-28,2022-04-01,"-27 day ahead inc hosp","quantile",0.975,597,"COVID-19"
"DE-TH","00+",2022-04-28,2022-03-31,"-28 day ahead inc hosp","mean",NA,568,"COVID-19"
"DE-TH","00+",2022-04-28,2022-03-31,"-28 day ahead inc hosp","quantile",0.025,556,"COVID-19"
"DE-TH","00+",2022-04-28,2022-03-31,"-28 day ahead inc hosp","quantile",0.1,558,"COVID-19"
"DE-TH","00+",2022-04-28,2022-03-31,"-28 day ahead inc hosp","quantile",0.25,561,"COVID-19"
"DE-TH","00+",2022-04-28,2022-03-31,"-28 day ahead inc hosp","quantile",0.5,566,"COVID-19"
"DE-TH","00+",2022-04-28,2022-03-31,"-28 day ahead inc hosp","quantile",0.75,573,"COVID-19"
"DE-TH","00+",2022-04-28,2022-03-31,"-28 day ahead inc hosp","quantile",0.9,580,"COVID-19"
"DE-TH","00+",2022-04-28,2022-03-31,"-28 day ahead inc hosp","quantile",0.975,591,"COVID-19"
